# Blender 5.0.1
# www.blender.org
mtllib Carro Chasis.mtl
g Cube_Mesh
v 2.137320 1.007678 -5.483002
v 2.156236 -0.376142 -5.026291
v 2.031609 0.617002 6.283127
v 2.044173 -0.595164 5.580590
v 2.286258 1.161000 -3.323154
v 2.347981 1.091411 -2.556083
v 2.427106 0.748537 -0.733668
v 2.427106 0.748537 -0.379913
v 2.348728 0.847549 2.550862
v 2.274288 0.847549 3.886121
v 2.204104 -0.847549 2.550817
v 2.248324 -0.847549 0.832815
v 2.248324 -0.847549 -0.883738
v 2.237273 -0.858698 -1.807215
v 1.819328 -0.595164 5.580590
v 2.070286 1.007677 -5.484243
v 2.210503 1.120042 -2.444116
v 2.252369 0.903808 -0.820118
v 2.253607 0.904206 0.839820
v 2.142412 0.847549 3.886121
v 1.931426 -0.376142 -5.029767
v 1.942401 0.615159 6.283127
v 2.047824 -0.847549 -0.858170
v 2.047824 -0.847549 0.832640
v 2.003773 -0.847549 2.550813
v 2.257586 0.689443 -5.522747
v 2.157401 0.341852 6.283413
v 2.432580 0.705858 -3.475834
v 2.527047 0.650866 -1.999414
v 2.472026 0.618329 -0.735873
v 2.472026 0.618329 -0.381268
v 2.494529 0.424920 2.550862
v 2.420090 0.424920 3.886121
v 2.037459 1.218751 -3.196129
v 1.814253 1.727936 -1.608060
v 1.658162 2.069643 -0.852274
v 1.607634 2.035447 0.943540
v 2.212920 0.904206 2.414284
v 2.243543 0.283994 -5.552822
v 2.147713 -0.108918 6.165452
v 2.501589 -0.106241 -1.909364
v 2.494056 -0.211315 -0.879702
v 2.494056 -0.211315 0.835155
v 2.449836 -0.211315 2.550862
v 1.938969 -0.109993 6.165294
v 2.055548 0.283992 -5.551831
v 2.449902 0.336362 -2.556257
v 2.429316 0.440512 -3.039685
v 2.395691 0.321925 -3.628081
v 2.369728 0.092065 -3.849324
v 2.183858 -0.573387 -4.032120
v 1.673486 -0.851326 -2.058670
v 2.206327 -0.857348 -2.059503
v 2.452719 0.018539 -2.223891
v 2.425114 0.291933 3.806215
v 2.450165 0.177419 3.265363
v 2.386099 0.146688 4.389160
v 2.430473 -0.211315 2.963396
v 2.332814 -0.148234 4.649034
v 1.571350 -0.811895 4.251437
v 1.596706 -0.711612 4.726007
v 1.987314 -0.847549 2.886423
v 2.187609 -0.847549 2.886423
v 2.163845 -0.681784 4.726007
v 1.938930 -0.681783 4.726007
v 1.673553 -0.835850 -3.328789
v 1.598153 1.867118 -2.004696
v 2.260936 0.847549 -0.867436
v 1.665806 2.005143 -0.854720
v 1.667694 2.029343 0.754327
v 2.113624 0.907238 2.486567
v 1.658162 2.093254 0.850270
v 1.644604 1.922574 -1.827708
v 2.212095 -0.714112 -1.721943
v 2.247690 -0.627435 -1.733759
v 2.333625 -0.591134 -1.743265
v 2.419559 -0.626464 -1.745792
v 2.455153 -0.712716 -1.740750
v 2.419559 -0.799380 -1.730233
v 2.333625 -0.835696 -1.719473
v 2.247690 -0.800380 -1.715646
v 2.137980 -0.705211 1.950472
v 2.173575 -0.619260 1.951278
v 2.259509 -0.583658 1.953111
v 2.345443 -0.619260 1.954898
v 2.381039 -0.705211 1.955593
v 2.345443 -0.791162 1.954789
v 2.259509 -0.826764 1.952955
v 2.173575 -0.791162 1.951167
v 2.129255 -0.705211 2.393260
v 2.164850 -0.619260 2.394019
v 2.250784 -0.583658 2.395794
v 2.336719 -0.619260 2.397543
v 2.372314 -0.705211 2.398244
v 2.336719 -0.791162 2.397486
v 2.250784 -0.826764 2.395712
v 2.164850 -0.791162 2.393961
v 2.129221 -0.705211 2.481493
v 2.164197 -0.619260 2.488215
v 2.248638 -0.583658 2.504392
v 2.333078 -0.619260 2.520543
v 2.368054 -0.705211 2.527215
v 2.333078 -0.791162 2.520501
v 2.248638 -0.826764 2.504329
v 2.164197 -0.791162 2.488168
v 2.098294 -0.718132 2.554166
v 2.127075 -0.632181 2.575250
v 2.196560 -0.596579 2.626080
v 2.266044 -0.632181 2.676855
v 2.294825 -0.718132 2.697865
v 2.266044 -0.804083 2.676833
v 2.196560 -0.839685 2.626041
v 2.127075 -0.804083 2.575216
v 2.036336 -0.737514 2.594848
v 2.048320 -0.651563 2.628532
v 2.077253 -0.615961 2.709748
v 2.106186 -0.651563 2.790850
v 2.118170 -0.737514 2.824411
v 2.106186 -0.823466 2.790841
v 2.077253 -0.859068 2.709725
v 2.048320 -0.823466 2.628508
v 1.911476 -0.737514 2.651132
v 1.910578 -0.651563 2.686857
v 1.908412 -0.615961 2.772992
v 1.906245 -0.651563 2.859002
v 1.905348 -0.737514 2.894596
v 1.906245 -0.823466 2.858999
v 1.908412 -0.859068 2.772978
v 1.910578 -0.823466 2.686838
v 2.324160 -0.800380 -1.912004
v 2.384621 -0.835696 -1.850818
v 2.450225 -0.799380 -1.794280
v 2.481895 -0.712716 -1.774925
v 2.461768 -0.626464 -1.804713
v 2.402272 -0.591134 -1.866771
v 2.337597 -0.627435 -1.924150
v 2.304964 -0.714112 -1.942633
v 2.073431 0.670129 6.283127
v 1.941650 0.667407 6.283127
v 2.219256 0.351162 6.283127
v 2.208253 -0.160819 6.151727
v 1.939129 -0.162205 6.151727
v 1.942401 0.615159 6.171267
v 1.941464 0.342046 6.171267
v 2.157401 0.341852 6.171554
v 1.938969 -0.109993 6.053434
v 2.031609 0.617002 6.171267
v 2.147713 -0.108918 6.053593
v 1.655180 0.253384 6.266325
v 1.511403 0.253384 5.812424
v 1.667985 0.196476 6.266325
v 1.532785 0.145891 5.812424
v 1.702002 0.151467 6.266325
v 1.593675 0.054763 5.812424
v 1.746428 0.125225 6.266325
v 1.684803 -0.006127 5.812424
v 1.791990 0.117213 6.266325
v 1.792296 -0.027509 5.812424
v 1.837553 0.125225 6.266325
v 1.899789 -0.006127 5.812424
v 1.881978 0.151467 6.266325
v 1.990917 0.054763 5.812424
v 1.915995 0.196476 6.266325
v 2.051807 0.145891 5.812424
v 1.928800 0.253384 6.266325
v 2.073189 0.253384 5.812424
v 1.915995 0.310292 6.266325
v 2.051807 0.360877 5.812424
v 1.881978 0.355301 6.266325
v 1.990917 0.452005 5.812424
v 1.837553 0.381543 6.266325
v 1.899789 0.512895 5.812424
v 1.791990 0.389555 6.266325
v 1.792296 0.534277 5.812424
v 1.746428 0.381543 6.266325
v 1.684803 0.512895 5.812424
v 1.702002 0.355301 6.266325
v 1.593675 0.452005 5.812424
v 1.667984 0.310292 6.266325
v 1.532785 0.360877 5.812424
v 1.511403 0.254387 6.247672
v 1.532785 0.148333 6.230139
v 1.593675 0.058425 6.215277
v 1.684803 -0.001650 6.205345
v 1.792296 -0.022745 6.201858
v 1.899789 -0.001650 6.205345
v 1.990917 0.058425 6.215277
v 2.051807 0.148333 6.230139
v 2.073189 0.254386 6.247672
v 2.051807 0.360440 6.265204
v 1.990917 0.450348 6.280067
v 1.899789 0.510423 6.289999
v 1.792296 0.531518 6.293486
v 1.684803 0.510422 6.289999
v 1.593675 0.450348 6.280067
v 1.532785 0.360440 6.265204
v 1.554778 0.153833 6.243498
v 1.534909 0.252383 6.259789
v 1.611077 0.070704 6.229755
v 1.694584 0.015654 6.220655
v 1.792296 -0.003522 6.217485
v 1.890008 0.015654 6.220655
v 1.973515 0.070704 6.229755
v 2.029814 0.153833 6.243498
v 2.049683 0.252383 6.259789
v 2.029815 0.350933 6.276082
v 1.973515 0.434062 6.289824
v 1.890008 0.489113 6.298924
v 1.792296 0.508289 6.302095
v 1.694584 0.489113 6.298924
v 1.611077 0.434062 6.289824
v 1.554778 0.350933 6.276082
v 1.089144 0.253384 6.266325
v 0.943660 0.253384 5.812424
v 1.101839 0.196957 6.266325
v 0.965042 0.145891 5.812424
v 1.135552 0.152353 6.266325
v 1.025932 0.054763 5.812424
v 1.179529 0.126375 6.266325
v 1.117060 -0.006127 5.812424
v 1.224573 0.118454 6.266325
v 1.224553 -0.027509 5.812424
v 1.269616 0.126375 6.266325
v 1.332046 -0.006127 5.812424
v 1.313593 0.152353 6.266325
v 1.423175 0.054763 5.812424
v 1.347305 0.196957 6.266325
v 1.484064 0.145891 5.812424
v 1.360002 0.253384 6.266325
v 1.505446 0.253384 5.812424
v 1.347306 0.309811 6.266325
v 1.484065 0.360877 5.812424
v 1.313593 0.354415 6.266325
v 1.423175 0.452005 5.812424
v 1.269616 0.380393 6.266325
v 1.332046 0.512895 5.812424
v 1.224573 0.388314 6.266325
v 1.224553 0.534277 5.812424
v 1.179529 0.380393 6.266325
v 1.117060 0.512895 5.812424
v 1.135552 0.354415 6.266325
v 1.025932 0.452005 5.812424
v 1.101839 0.309811 6.266325
v 0.965042 0.360877 5.812424
v 0.943660 0.254387 6.247672
v 0.965042 0.148333 6.230139
v 1.025932 0.058425 6.215277
v 1.117060 -0.001650 6.205345
v 1.224553 -0.022745 6.201858
v 1.332046 -0.001650 6.205345
v 1.423175 0.058425 6.215277
v 1.484064 0.148333 6.230139
v 1.505446 0.254386 6.247672
v 1.484065 0.360440 6.265204
v 1.423175 0.450348 6.280067
v 1.332046 0.510423 6.289999
v 1.224553 0.531518 6.293486
v 1.117060 0.510422 6.289999
v 1.025932 0.450348 6.280067
v 0.965042 0.360440 6.265204
v 0.987035 0.153833 6.243498
v 0.967166 0.252383 6.259789
v 1.043334 0.070704 6.229755
v 1.126841 0.015654 6.220655
v 1.224553 -0.003522 6.217485
v 1.322265 0.015654 6.220655
v 1.405773 0.070704 6.229755
v 1.462071 0.153833 6.243498
v 1.481940 0.252383 6.259789
v 1.462072 0.350933 6.276082
v 1.405773 0.434062 6.289824
v 1.322265 0.489113 6.298924
v 1.224553 0.508289 6.302095
v 1.126841 0.489113 6.298924
v 1.043334 0.434062 6.289824
v 0.987035 0.350933 6.276082
v 1.588332 0.253384 6.208385
v 1.604340 0.173567 6.198089
v 1.649434 0.106635 6.189456
v 1.715613 0.062779 6.183798
v 1.792296 0.047651 6.181846
v 1.868979 0.062779 6.183798
v 1.935158 0.106635 6.189456
v 1.980252 0.173567 6.198089
v 1.996260 0.253384 6.208385
v 1.980252 0.333200 6.218681
v 1.935158 0.400133 6.227315
v 1.868979 0.443989 6.232972
v 1.792296 0.459117 6.234924
v 1.715613 0.443989 6.232972
v 1.649434 0.400133 6.227315
v 1.604340 0.333200 6.218681
v 1.021810 0.253384 6.208385
v 1.037722 0.174045 6.198151
v 1.082546 0.107513 6.189568
v 1.148329 0.063919 6.183945
v 1.224553 0.048882 6.182005
v 1.300778 0.063919 6.183945
v 1.366561 0.107513 6.189568
v 1.411384 0.174045 6.198151
v 1.427297 0.253384 6.208385
v 1.411384 0.332723 6.218619
v 1.366561 0.399255 6.227202
v 1.300778 0.442848 6.232825
v 1.224553 0.457886 6.234765
v 1.148329 0.442848 6.232825
v 1.082546 0.399255 6.227202
v 1.037722 0.332723 6.218619
v 2.070273 1.082849 -5.473258
v 2.202059 1.082849 -5.469950
v 2.346705 0.700104 -5.518603
v 2.329690 0.208806 -5.555521
v 2.055551 0.208806 -5.556015
v 1.978138 0.938251 -5.363729
v 1.976669 0.654995 -5.411539
v 2.165437 0.661442 -5.402160
v 1.963399 0.308769 -5.431304
v 2.045171 0.938252 -5.362472
v 2.151394 0.308770 -5.432247
v 1.424207 -0.376142 -5.109030
v 1.126008 0.667407 6.325742
v 1.052750 -0.595164 5.617295
v 1.525953 1.082849 -5.521798
v 1.587601 1.161417 -3.490528
v 1.205162 1.939322 -1.972009
v 1.215097 2.091753 -0.864021
v 1.296884 2.106910 0.953025
v 1.124498 -0.161597 6.193236
v 1.515165 0.208806 -5.604944
v 1.257365 2.048110 1.042225
v 1.519247 0.907219 2.657420
v 1.501908 1.218584 -3.334153
v 1.171122 1.882844 -2.147433
v 1.126458 0.615159 6.325742
v 1.124403 -0.109404 6.206940
v 1.125897 0.342046 6.212943
v 1.126458 0.615159 6.212942
v 1.124403 -0.109404 6.094139
v 1.525963 1.007676 -5.531018
v 1.515163 0.283992 -5.599088
v 1.457361 0.655036 -5.458265
v 1.458437 0.938251 -5.410187
v 1.447637 0.308769 -5.478233
v 0.608550 -0.376142 -5.192600
v 1.020963 0.667407 6.331231
v 1.019583 -0.161519 6.198582
v 1.021373 0.615159 6.331231
v 1.019495 -0.109328 6.212303
v 1.020861 0.342046 6.218310
v 1.021373 0.615159 6.218309
v 1.019495 -0.109328 6.099381
v 0.954023 -0.595164 5.622023
v 0.650635 1.082849 -5.597749
v 0.676135 1.160585 -3.597198
v 0.498496 1.966254 -2.052119
v 0.502605 2.127310 -0.882959
v 0.626465 2.132253 1.079271
v 0.646173 0.208806 -5.681528
v 0.607375 2.071608 1.160924
v 1.156662 0.913861 2.738511
v 0.640689 1.217438 -3.415997
v 0.484416 1.908132 -2.224972
v 0.650640 1.007676 -5.604187
v 0.646172 0.283992 -5.672969
v 0.622263 0.655102 -5.531134
v 0.622708 0.938251 -5.482626
v 0.618241 0.308769 -5.551407
v 2.167587 0.747199 5.400581
v 2.029876 0.745659 5.400581
v 2.304655 0.383202 5.400581
v 1.875766 -0.638473 5.153298
v 2.258186 -0.154526 5.400380
v 2.100646 -0.638474 5.153298
v 1.853085 0.344791 -5.284106
v 1.853085 0.871819 -5.205105
v 1.915155 0.382760 -5.537403
v 1.915155 0.909788 -5.458403
v 1.974598 0.340426 -5.254983
v 1.974598 0.867454 -5.175983
v 2.036668 0.378395 -5.508282
v 2.036668 0.905423 -5.429281
v 1.850328 0.606619 -5.233355
v 1.929785 0.655223 -5.557605
v 2.051298 0.650858 -5.528483
v 1.971841 0.602253 -5.204233
v 1.669428 0.344791 -5.302439
v 1.669428 0.871819 -5.223438
v 1.731498 0.382760 -5.555737
v 1.731498 0.909788 -5.476737
v 1.790941 0.340426 -5.273317
v 1.790941 0.867454 -5.194316
v 1.853011 0.378395 -5.526616
v 1.853011 0.905423 -5.447615
v 1.666671 0.606619 -5.251688
v 1.746128 0.655223 -5.575939
v 1.867641 0.650858 -5.546817
v 1.788184 0.602253 -5.222567
v 1.488995 0.344791 -5.305894
v 1.488995 0.871819 -5.226893
v 1.551066 0.382760 -5.559192
v 1.551066 0.909788 -5.480191
v 1.610508 0.340426 -5.276772
v 1.610508 0.867454 -5.197771
v 1.672578 0.378395 -5.530070
v 1.672578 0.905423 -5.451069
v 1.486239 0.606619 -5.255143
v 1.565695 0.655223 -5.579393
v 1.687208 0.650858 -5.550272
v 1.607751 0.602253 -5.226021
v 2.297815 -0.237570 -5.151128
v 2.389695 0.257090 -5.157345
v 2.204278 -0.237570 -5.526938
v 2.268690 0.287725 -5.682640
v 2.268690 0.087799 -5.682640
v 2.389695 0.087799 -5.157345
v 2.287740 -0.237570 -5.413478
v 2.379620 0.257090 -5.521381
v 2.379620 0.087799 -5.521381
v 0.614546 -0.237570 -5.612154
v 0.614546 0.287725 -5.767856
v 0.647657 -0.237570 -5.199851
v 0.647657 0.257090 -5.199851
v 0.647657 0.087799 -5.199851
v 0.614546 0.087799 -5.767856
v 0.640068 0.257090 -5.563888
v 0.640068 -0.237570 -5.455984
v 1.494627 0.287725 -5.736861
v 1.577860 -0.237570 -5.199531
v 1.494627 0.087799 -5.736861
v 1.558782 0.257090 -5.563888
v 1.494627 -0.237570 -5.581159
v 1.577860 0.257090 -5.199851
v 1.577860 0.087799 -5.199851
v 1.558782 -0.237570 -5.455984
v 2.075034 0.287725 -5.699281
v 2.191322 -0.237570 -5.197895
v 2.075034 0.087799 -5.699281
v 2.164668 0.257090 -5.563888
v 2.075034 -0.237570 -5.543579
v 2.191322 0.257090 -5.199851
v 2.191322 0.087799 -5.199851
v 2.164668 -0.237570 -5.455984
v 0.961809 -0.846508 -3.707965
v 1.315790 -0.854853 -3.488497
v 1.194898 -0.816459 4.266801
v 1.066508 -0.815558 4.271988
v 1.265965 -0.854838 -1.901257
v 1.114944 -0.851918 -1.957268
v 1.107838 -0.847549 -0.874463
v 1.258851 -0.847549 -0.876092
v 1.107838 -0.847549 0.838418
v 1.258852 -0.847549 0.837438
v 1.081782 -0.847549 2.550836
v 1.232789 -0.847549 2.550832
v 1.001094 -0.662860 5.207344
v 1.108996 -0.663137 5.202476
v 2.200200 0.291935 3.806215
v 2.225250 0.177420 3.265363
v 2.161184 0.146689 4.389160
v 2.205559 -0.211314 2.963396
v 2.107900 -0.148233 4.649034
v 1.835394 0.232397 3.806215
v 1.807323 0.121377 3.265363
v 1.799790 0.091583 4.389160
v 1.712032 -0.255497 2.963396
v 1.727495 -0.194340 4.649034
v 1.564384 -0.839448 2.886423
v 2.235338 0.336364 -2.559248
v 2.214752 0.440515 -3.042675
v 2.181128 0.321928 -3.631072
v 2.155164 0.092067 -3.852315
v 1.969295 -0.573385 -4.035112
v 1.991764 -0.857346 -2.062494
v 2.238156 0.018542 -2.226882
v 1.798574 0.270255 -2.564744
v 1.810086 0.373478 -3.048171
v 1.796978 0.255948 -3.636568
v 1.771571 0.028135 -3.857810
v 1.698015 -0.631389 -4.040607
v 1.763443 -0.044736 -2.232378
v 2.220465 -0.645381 5.899078
v 2.220465 -0.178026 6.218491
v 2.294715 -0.593342 5.669197
v 2.294715 -0.084462 5.762761
v 2.294715 -0.338902 5.715979
v 2.220465 -0.432466 6.171709
v 2.270632 -0.619362 5.810713
v 2.270632 -0.131244 6.017200
v 2.270632 -0.385684 5.970418
v 0.996969 -0.593342 5.706591
v 0.996969 -0.084462 5.800155
v 0.947728 -0.645380 5.989623
v 0.947728 -0.178026 6.309036
v 0.947728 -0.432466 6.262254
v 0.996969 -0.338902 5.753373
v 0.986301 -0.131244 6.054595
v 0.986301 -0.619362 5.848107
v 1.952958 -0.084462 5.761989
v 1.860484 -0.645380 5.951456
v 1.952958 -0.338902 5.715207
v 1.932924 -0.131244 6.016428
v 1.952958 -0.593342 5.668425
v 1.860484 -0.178026 6.270870
v 1.860484 -0.432466 6.224088
v 1.932924 -0.619362 5.809941
v 2.499881 1.002720 1.959814
v 2.347162 0.718976 2.097422
v 2.496293 1.029138 1.983239
v 2.336887 0.794616 2.202234
v 2.462331 1.021356 1.942683
v 2.239646 0.772336 2.048374
v 2.458742 1.047774 1.979289
v 2.229372 0.847976 2.153185
v 2.415615 0.978435 2.001970
v 2.415615 1.068046 2.001970
v 2.329008 0.911510 1.840191
v 2.329008 1.134972 1.840191
v 2.564123 0.978435 1.972971
v 2.564123 1.068046 1.972971
v 2.712313 0.911510 1.765343
v 2.712313 1.134972 1.765343
v 2.331783 0.912374 1.903164
v 2.331783 1.134107 1.903164
v 2.699249 0.912374 1.831410
v 2.699249 1.134107 1.831410
v 2.313004 1.148543 1.834204
v 2.313004 0.897938 1.834204
v 2.728317 0.897938 1.753107
v 2.728317 1.148543 1.753107
v 1.662093 1.999849 -0.849937
v 2.242790 0.909527 -0.815681
v 1.663962 2.023807 0.743019
v 2.244015 0.909921 0.827657
v 2.201343 1.123598 -2.423440
v 1.809055 1.725414 -1.595744
v 2.203736 0.909921 2.386376
v 1.257736 2.042386 1.028038
v 1.604502 2.029850 0.930340
v 1.516999 0.912904 2.627082
v 2.105433 0.912922 2.457937
v 1.499833 1.221155 -3.304576
v 2.030030 1.221320 -3.167933
v 1.172356 1.878772 -2.129723
v 1.595116 1.863204 -1.988414
v 0.614246 2.065649 1.145550
v 1.158040 0.919480 2.707361
v 0.647227 1.220020 -3.385602
v 0.492516 1.903808 -2.206487
v 2.216044 1.091322 -2.555380
v 2.260936 0.847549 0.842689
v 2.216791 0.847549 2.550862
v 2.154399 1.160987 -3.322829
v 1.549728 0.854181 2.732494
v 1.881755 -0.653609 -2.090929
v 1.918542 -0.653609 -0.789205
v 1.918542 -0.653609 0.529626
v 1.882367 -0.653609 1.846951
v 1.831239 -0.653609 -2.682778
v 1.366767 -0.653609 -2.812106
v 1.335732 -0.653609 1.987024
v 0.619852 -0.653609 -2.894368
v 1.013627 -0.653609 1.991664
v 2.189633 0.733297 1.505800
v 1.519247 0.733278 1.505800
v 1.156662 0.739920 1.505800
v 2.111872 0.375643 1.542811
v 1.519675 0.375626 1.542811
v 1.157090 0.382268 1.542811
v 2.113624 -0.361806 2.620710
v 1.519247 -0.361824 2.620710
v 1.156662 -0.355182 2.620710
v 1.518819 0.648806 1.542811
v 2.145612 0.648824 1.542811
v 1.156075 0.655451 1.542811
v 0.270063 -0.595003 0.603476
v 0.270063 -0.143160 0.603476
v 1.575658 -0.595003 0.603476
v 1.575658 -0.143160 0.603476
v 1.575658 -0.143160 -0.588947
v 0.270063 -0.595003 -0.784982
v 0.270063 -0.143160 -0.588947
v 1.575658 -0.595003 -0.784982
v 0.270063 0.775347 -1.192376
v 0.270063 0.827017 -0.890800
v 1.575658 0.775347 -1.192376
v 1.575658 0.827017 -0.890800
v 0.270063 1.077788 -1.230393
v 0.756578 1.650301 -1.302357
v 0.438438 1.482615 -1.281279
v 0.756578 1.701971 -1.000781
v 0.270063 1.129458 -0.928817
v 0.438438 1.534285 -0.979703
v 1.089143 1.650301 -1.302357
v 1.575658 1.077788 -1.230393
v 1.407283 1.482615 -1.281279
v 1.575658 1.129458 -0.928817
v 1.089143 1.701971 -1.000781
v 1.407283 1.534286 -0.979703
v 1.575658 -0.223671 -2.413981
v 1.575658 0.533868 -3.107244
v 1.575658 0.565031 -2.805667
v 1.089143 1.061568 -3.217224
v 1.575658 0.716276 -3.145260
v 1.407283 0.960434 -3.196146
v 1.575658 0.747439 -2.843684
v 1.089143 1.092731 -2.915648
v 1.407283 0.991597 -2.894570
v 1.575658 -0.675513 -1.324810
v 1.575658 -0.223671 -1.324810
v 1.575658 -0.675513 -2.713268
v 2.448205 -0.800380 -1.999217
v 2.470246 -0.835696 -1.916069
v 2.499061 -0.799380 -1.834398
v 2.516917 -0.712716 -1.801859
v 2.514262 -0.626464 -1.837712
v 2.493492 -0.591134 -1.921136
v 2.465902 -0.627435 -2.003074
v 2.446777 -0.714112 -2.035336
v 2.456409 -0.779180 -1.979565
v 2.473077 -0.805887 -1.916686
v 2.494867 -0.778424 -1.854924
v 2.508370 -0.712887 -1.830317
v 2.506363 -0.647660 -1.857430
v 2.490656 -0.620942 -1.920518
v 2.469792 -0.648394 -1.982482
v 2.455328 -0.713942 -2.006880
v 2.373847 -0.739741 -1.869261
v 2.380519 -0.750432 -1.844090
v 2.389242 -0.739438 -1.819367
v 2.394648 -0.713203 -1.809516
v 2.393844 -0.687093 -1.820370
v 2.387557 -0.676398 -1.845624
v 2.379205 -0.687387 -1.870429
v 2.373415 -0.713626 -1.880195
v 2.403656 0.212051 4.126822
v 2.215605 0.792359 4.719042
v 2.080519 0.791512 4.719042
v 2.356603 0.401976 4.719042
v 2.178742 0.212052 4.126822
v 1.815812 0.154953 4.126822
v 2.151753 -0.206480 5.202883
v 2.173171 -0.070892 5.202883
v 2.187024 -0.212052 4.915251
v 2.208442 -0.076463 4.915251
v 2.313203 -0.208604 5.188372
v 2.327718 -0.114759 5.188372
v 2.340910 -0.210695 4.963586
v 2.355425 -0.116850 4.963586
v 2.342998 -0.097718 4.932163
v 2.321579 -0.233307 4.932163
v 2.286309 -0.227735 5.219794
v 2.307727 -0.092147 5.219794
v 2.338597 -0.108779 4.944416
v 2.323142 -0.219385 4.944416
v 2.290709 -0.216675 5.207541
v 2.306165 -0.106069 5.207541
v 2.194429 -0.049687 -4.407741
v 2.232034 0.081776 -4.395644
v 2.190257 -0.021947 -4.696220
v 2.227862 0.109516 -4.684123
v 2.351048 -0.066862 -4.445907
v 2.376771 0.024160 -4.437489
v 2.348205 -0.042966 -4.671122
v 2.373927 0.048056 -4.662703
v 2.359865 0.072262 -4.689613
v 2.322261 -0.059201 -4.701712
v 2.326433 -0.086941 -4.413233
v 2.364037 0.044522 -4.401135
v 2.355815 0.060243 -4.678169
v 2.327122 -0.047209 -4.688334
v 2.330483 -0.074922 -4.424677
v 2.359176 0.032530 -4.414513
v 1.519247 0.342018 1.505800
v 2.147592 0.342036 1.505800
v 1.156662 0.348660 1.505800
v 2.189633 0.682433 1.505800
v 1.519247 0.682414 1.505800
v 1.156662 0.689057 1.505800
v -2.137320 1.007678 -5.483002
v -2.156236 -0.376142 -5.026291
v -2.031609 0.617002 6.283127
v -2.044173 -0.595164 5.580590
v -2.286258 1.161000 -3.323154
v -2.347981 1.091411 -2.556083
v -2.427106 0.748537 -0.733668
v -2.427106 0.748537 -0.379913
v -2.348728 0.847549 2.550862
v -2.274288 0.847549 3.886121
v -2.204104 -0.847549 2.550817
v -2.248324 -0.847549 0.832815
v -2.248324 -0.847549 -0.883738
v -2.237273 -0.858698 -1.807215
v 0.000000 -0.376142 -5.212718
v 0.000000 0.667407 6.389372
v 0.000000 -0.595164 5.672102
v 0.000000 1.082849 -5.620761
v 0.000000 -0.844607 -3.820316
v 0.000000 -0.847549 -1.997085
v 0.000000 -0.847549 -0.862510
v 0.000000 -0.847549 0.845613
v 0.000000 -0.847549 2.550862
v 0.000000 -0.808069 4.315073
v 0.000000 1.985253 -2.060481
v 0.000000 2.152392 -0.897051
v 0.000000 2.155933 1.132305
v -1.819328 -0.595164 5.580590
v -2.070286 1.007677 -5.484243
v -2.210503 1.120042 -2.444116
v -2.252369 0.903808 -0.820118
v -2.253607 0.904206 0.839820
v -2.142412 0.847549 3.886121
v -1.931426 -0.376142 -5.029767
v -1.942401 0.615159 6.283127
v -2.047824 -0.847549 -0.858170
v -2.047824 -0.847549 0.832640
v -2.003773 -0.847549 2.550813
v -2.257586 0.689443 -5.522747
v -2.157401 0.341852 6.283413
v -2.432580 0.705858 -3.475834
v -2.527047 0.650866 -1.999414
v -2.472026 0.618329 -0.735873
v -2.472026 0.618329 -0.381268
v -2.494529 0.424920 2.550862
v -2.420090 0.424920 3.886121
v 0.000000 0.938251 -5.503441
v 0.000000 0.615159 6.275167
v -2.037459 1.218751 -3.196129
v -1.814253 1.727936 -1.608060
v -1.658162 2.069643 -0.852274
v -1.607634 2.035447 0.943540
v -2.212920 0.904206 2.414284
v -2.243543 0.283994 -5.552822
v -2.147713 -0.108918 6.165452
v -2.501589 -0.106241 -1.909364
v -2.494056 -0.211315 -0.879702
v -2.494056 -0.211315 0.835155
v -2.449836 -0.211315 2.550862
v 0.000000 0.208806 -5.705029
v 0.000000 -0.160689 6.255217
v -1.938969 -0.109993 6.165294
v -2.055548 0.283992 -5.551831
v -2.449902 0.336362 -2.556257
v -2.429316 0.440512 -3.039685
v -2.395691 0.321925 -3.628081
v -2.369728 0.092065 -3.849324
v -2.183858 -0.573387 -4.032120
v -1.673486 -0.851326 -2.058670
v -2.206327 -0.857348 -2.059503
v -2.452719 0.018539 -2.223891
v -2.425114 0.291933 3.806215
v -2.450165 0.177419 3.265363
v -2.386099 0.146688 4.389160
v -2.430473 -0.211315 2.963396
v -2.332814 -0.148234 4.649034
v -1.571350 -0.811895 4.251437
v -1.596706 -0.711612 4.726007
v -1.987314 -0.847549 2.886423
v -2.187609 -0.847549 2.886423
v -2.163845 -0.681784 4.726007
v -1.938930 -0.681783 4.726007
v -1.673553 -0.835850 -3.328789
v -1.598153 1.867118 -2.004696
v -2.260936 0.847549 -0.867436
v -1.665806 2.005143 -0.854720
v -1.667694 2.029343 0.754327
v -2.113624 0.907238 2.486567
v 0.000000 2.093565 1.206905
v -1.658162 2.093254 0.850270
v 0.000000 1.216629 -3.420656
v 0.000000 1.925971 -2.231472
v -1.644604 1.922574 -1.827708
v -2.212095 -0.714112 -1.721943
v -2.247690 -0.627435 -1.733759
v -2.333625 -0.591134 -1.743265
v -2.419559 -0.626464 -1.745792
v -2.455153 -0.712716 -1.740750
v -2.419559 -0.799380 -1.730233
v -2.333625 -0.835696 -1.719473
v -2.247690 -0.800380 -1.715646
v -2.137980 -0.705211 1.950472
v -2.173575 -0.619260 1.951278
v -2.259509 -0.583658 1.953111
v -2.345443 -0.619260 1.954898
v -2.381039 -0.705211 1.955593
v -2.345443 -0.791162 1.954789
v -2.259509 -0.826764 1.952955
v -2.173575 -0.791162 1.951167
v -2.129255 -0.705211 2.393260
v -2.164850 -0.619260 2.394019
v -2.250784 -0.583658 2.395794
v -2.336719 -0.619260 2.397543
v -2.372314 -0.705211 2.398244
v -2.336719 -0.791162 2.397486
v -2.250784 -0.826764 2.395712
v -2.164850 -0.791162 2.393961
v -2.129221 -0.705211 2.481493
v -2.164197 -0.619260 2.488215
v -2.248638 -0.583658 2.504392
v -2.333078 -0.619260 2.520543
v -2.368054 -0.705211 2.527215
v -2.333078 -0.791162 2.520501
v -2.248638 -0.826764 2.504329
v -2.164197 -0.791162 2.488168
v -2.098294 -0.718132 2.554166
v -2.127075 -0.632181 2.575250
v -2.196560 -0.596579 2.626080
v -2.266044 -0.632181 2.676855
v -2.294825 -0.718132 2.697865
v -2.266044 -0.804083 2.676833
v -2.196560 -0.839685 2.626041
v -2.127075 -0.804083 2.575216
v -2.036336 -0.737514 2.594848
v -2.048320 -0.651563 2.628532
v -2.077253 -0.615961 2.709748
v -2.106186 -0.651563 2.790850
v -2.118170 -0.737514 2.824411
v -2.106186 -0.823466 2.790841
v -2.077253 -0.859068 2.709725
v -2.048320 -0.823466 2.628508
v -1.911476 -0.737514 2.651132
v -1.910578 -0.651563 2.686857
v -1.908412 -0.615961 2.772992
v -1.906245 -0.651563 2.859002
v -1.905348 -0.737514 2.894596
v -1.906245 -0.823466 2.858999
v -1.908412 -0.859068 2.772978
v -1.910578 -0.823466 2.686838
v -2.324160 -0.800380 -1.912004
v -2.384621 -0.835696 -1.850818
v -2.450225 -0.799380 -1.794280
v -2.481895 -0.712716 -1.774925
v -2.461768 -0.626464 -1.804713
v -2.402272 -0.591134 -1.866771
v -2.337597 -0.627435 -1.924150
v -2.304964 -0.714112 -1.942633
v -2.073431 0.670129 6.283127
v -1.941650 0.667407 6.283127
v -2.219256 0.351162 6.283127
v 0.000000 0.615159 6.389372
v -2.208253 -0.160819 6.151727
v -1.939129 -0.162205 6.151727
v 0.000000 -0.108524 6.269123
v 0.000000 0.342046 6.275170
v -1.942401 0.615159 6.171267
v -1.941464 0.342046 6.171267
v -2.157401 0.341852 6.171554
v 0.000000 -0.108524 6.154917
v -1.938969 -0.109993 6.053434
v -2.031609 0.617002 6.171267
v -2.147713 -0.108918 6.053593
v -1.655180 0.253384 6.266325
v -1.511403 0.253384 5.812424
v -1.667985 0.196476 6.266325
v -1.532785 0.145891 5.812424
v -1.702002 0.151467 6.266325
v -1.593675 0.054763 5.812424
v -1.746428 0.125225 6.266325
v -1.684803 -0.006127 5.812424
v -1.791990 0.117213 6.266325
v -1.792296 -0.027509 5.812424
v -1.837553 0.125225 6.266325
v -1.899789 -0.006127 5.812424
v -1.881978 0.151467 6.266325
v -1.990917 0.054763 5.812424
v -1.915995 0.196476 6.266325
v -2.051807 0.145891 5.812424
v -1.928800 0.253384 6.266325
v -2.073189 0.253384 5.812424
v -1.915995 0.310292 6.266325
v -2.051807 0.360877 5.812424
v -1.881978 0.355301 6.266325
v -1.990917 0.452005 5.812424
v -1.837553 0.381543 6.266325
v -1.899789 0.512895 5.812424
v -1.791990 0.389555 6.266325
v -1.792296 0.534277 5.812424
v -1.746428 0.381543 6.266325
v -1.684803 0.512895 5.812424
v -1.702002 0.355301 6.266325
v -1.593675 0.452005 5.812424
v -1.667984 0.310292 6.266325
v -1.532785 0.360877 5.812424
v -1.511403 0.254387 6.247672
v -1.532785 0.148333 6.230139
v -1.593675 0.058425 6.215277
v -1.684803 -0.001650 6.205345
v -1.792296 -0.022745 6.201858
v -1.899789 -0.001650 6.205345
v -1.990917 0.058425 6.215277
v -2.051807 0.148333 6.230139
v -2.073189 0.254386 6.247672
v -2.051807 0.360440 6.265204
v -1.990917 0.450348 6.280067
v -1.899789 0.510423 6.289999
v -1.792296 0.531518 6.293486
v -1.684803 0.510422 6.289999
v -1.593675 0.450348 6.280067
v -1.532785 0.360440 6.265204
v -1.554778 0.153833 6.243498
v -1.534909 0.252383 6.259789
v -1.611077 0.070704 6.229755
v -1.694584 0.015654 6.220655
v -1.792296 -0.003522 6.217485
v -1.890008 0.015654 6.220655
v -1.973515 0.070704 6.229755
v -2.029814 0.153833 6.243498
v -2.049683 0.252383 6.259789
v -2.029815 0.350933 6.276082
v -1.973515 0.434062 6.289824
v -1.890008 0.489113 6.298924
v -1.792296 0.508289 6.302095
v -1.694584 0.489113 6.298924
v -1.611077 0.434062 6.289824
v -1.554778 0.350933 6.276082
v -1.089144 0.253384 6.266325
v -0.943660 0.253384 5.812424
v -1.101839 0.196957 6.266325
v -0.965042 0.145891 5.812424
v -1.135552 0.152353 6.266325
v -1.025932 0.054763 5.812424
v -1.179529 0.126375 6.266325
v -1.117060 -0.006127 5.812424
v -1.224573 0.118454 6.266325
v -1.224553 -0.027509 5.812424
v -1.269616 0.126375 6.266325
v -1.332046 -0.006127 5.812424
v -1.313593 0.152353 6.266325
v -1.423175 0.054763 5.812424
v -1.347305 0.196957 6.266325
v -1.484064 0.145891 5.812424
v -1.360002 0.253384 6.266325
v -1.505446 0.253384 5.812424
v -1.347306 0.309811 6.266325
v -1.484065 0.360877 5.812424
v -1.313593 0.354415 6.266325
v -1.423175 0.452005 5.812424
v -1.269616 0.380393 6.266325
v -1.332046 0.512895 5.812424
v -1.224573 0.388314 6.266325
v -1.224553 0.534277 5.812424
v -1.179529 0.380393 6.266325
v -1.117060 0.512895 5.812424
v -1.135552 0.354415 6.266325
v -1.025932 0.452005 5.812424
v -1.101839 0.309811 6.266325
v -0.965042 0.360877 5.812424
v -0.943660 0.254387 6.247672
v -0.965042 0.148333 6.230139
v -1.025932 0.058425 6.215277
v -1.117060 -0.001650 6.205345
v -1.224553 -0.022745 6.201858
v -1.332046 -0.001650 6.205345
v -1.423175 0.058425 6.215277
v -1.484064 0.148333 6.230139
v -1.505446 0.254386 6.247672
v -1.484065 0.360440 6.265204
v -1.423175 0.450348 6.280067
v -1.332046 0.510423 6.289999
v -1.224553 0.531518 6.293486
v -1.117060 0.510422 6.289999
v -1.025932 0.450348 6.280067
v -0.965042 0.360440 6.265204
v -0.987035 0.153833 6.243498
v -0.967166 0.252383 6.259789
v -1.043334 0.070704 6.229755
v -1.126841 0.015654 6.220655
v -1.224553 -0.003522 6.217485
v -1.322265 0.015654 6.220655
v -1.405773 0.070704 6.229755
v -1.462071 0.153833 6.243498
v -1.481940 0.252383 6.259789
v -1.462072 0.350933 6.276082
v -1.405773 0.434062 6.289824
v -1.322265 0.489113 6.298924
v -1.224553 0.508289 6.302095
v -1.126841 0.489113 6.298924
v -1.043334 0.434062 6.289824
v -0.987035 0.350933 6.276082
v -1.588332 0.253384 6.208385
v -1.604340 0.173567 6.198089
v -1.649434 0.106635 6.189456
v -1.715613 0.062779 6.183798
v -1.792296 0.047651 6.181846
v -1.868979 0.062779 6.183798
v -1.935158 0.106635 6.189456
v -1.980252 0.173567 6.198089
v -1.996260 0.253384 6.208385
v -1.980252 0.333200 6.218681
v -1.935158 0.400133 6.227315
v -1.868979 0.443989 6.232972
v -1.792296 0.459117 6.234924
v -1.715613 0.443989 6.232972
v -1.649434 0.400133 6.227315
v -1.604340 0.333200 6.218681
v -1.021810 0.253384 6.208385
v -1.037722 0.174045 6.198151
v -1.082546 0.107513 6.189568
v -1.148329 0.063919 6.183945
v -1.224553 0.048882 6.182005
v -1.300778 0.063919 6.183945
v -1.366561 0.107513 6.189568
v -1.411384 0.174045 6.198151
v -1.427297 0.253384 6.208385
v -1.411384 0.332723 6.218619
v -1.366561 0.399255 6.227202
v -1.300778 0.442848 6.232825
v -1.224553 0.457886 6.234765
v -1.148329 0.442848 6.232825
v -1.082546 0.399255 6.227202
v -1.037722 0.332723 6.218619
v -2.070273 1.082849 -5.473258
v -2.202059 1.082849 -5.469950
v -2.346705 0.700104 -5.518603
v 0.000000 1.007676 -5.625238
v -2.329690 0.208806 -5.555521
v -2.055551 0.208806 -5.556015
v 0.000000 0.283993 -5.694582
v 0.000000 0.655148 -5.552255
v -1.978138 0.938251 -5.363729
v -1.976669 0.654995 -5.411539
v -2.165437 0.661442 -5.402160
v 0.000000 0.308769 -5.572784
v -1.963399 0.308769 -5.431304
v -2.045171 0.938252 -5.362472
v -2.151394 0.308770 -5.432247
v -1.424207 -0.376142 -5.109030
v -1.126008 0.667407 6.325742
v -1.052750 -0.595164 5.617295
v -1.525953 1.082849 -5.521798
v -1.587601 1.161417 -3.490528
v -1.205162 1.939322 -1.972009
v -1.215097 2.091753 -0.864021
v -1.296884 2.106910 0.953025
v -1.124498 -0.161597 6.193236
v -1.515165 0.208806 -5.604944
v -1.257365 2.048110 1.042225
v -1.519247 0.907219 2.657420
v -1.501908 1.218584 -3.334153
v -1.171122 1.882844 -2.147433
v -1.126458 0.615159 6.325742
v -1.124403 -0.109404 6.206940
v -1.125897 0.342046 6.212943
v -1.126458 0.615159 6.212942
v -1.124403 -0.109404 6.094139
v -1.525963 1.007676 -5.531018
v -1.515163 0.283992 -5.599088
v -1.457361 0.655036 -5.458265
v -1.458437 0.938251 -5.410187
v -1.447637 0.308769 -5.478233
v -0.608550 -0.376142 -5.192600
v -1.020963 0.667407 6.331231
v -1.019583 -0.161519 6.198582
v -1.021373 0.615159 6.331231
v -1.019495 -0.109328 6.212303
v -1.020861 0.342046 6.218310
v -1.021373 0.615159 6.218309
v -1.019495 -0.109328 6.099381
v -0.954023 -0.595164 5.622023
v -0.650635 1.082849 -5.597749
v -0.676135 1.160585 -3.597198
v -0.498496 1.966254 -2.052119
v -0.502605 2.127310 -0.882959
v -0.626465 2.132253 1.079271
v -0.646173 0.208806 -5.681528
v -0.607375 2.071608 1.160924
v -1.156662 0.913861 2.738511
v -0.640689 1.217438 -3.415997
v -0.484416 1.908132 -2.224972
v -0.650640 1.007676 -5.604187
v -0.646172 0.283992 -5.672969
v -0.622263 0.655102 -5.531134
v -0.622708 0.938251 -5.482626
v -0.618241 0.308769 -5.551407
v -2.167587 0.747199 5.400581
v -2.029876 0.745659 5.400581
v -2.304655 0.383202 5.400581
v -1.875766 -0.638473 5.153298
v -2.258186 -0.154526 5.400380
v -2.100646 -0.638474 5.153298
v -1.853085 0.344791 -5.284106
v -1.853085 0.871819 -5.205105
v -1.915155 0.382760 -5.537403
v -1.915155 0.909788 -5.458403
v -1.974598 0.340426 -5.254983
v -1.974598 0.867454 -5.175983
v -2.036668 0.378395 -5.508282
v -2.036668 0.905423 -5.429281
v -1.850328 0.606619 -5.233355
v -1.929785 0.655223 -5.557605
v -2.051298 0.650858 -5.528483
v -1.971841 0.602253 -5.204233
v -1.669428 0.344791 -5.302439
v -1.669428 0.871819 -5.223438
v -1.731498 0.382760 -5.555737
v -1.731498 0.909788 -5.476737
v -1.790941 0.340426 -5.273317
v -1.790941 0.867454 -5.194316
v -1.853011 0.378395 -5.526616
v -1.853011 0.905423 -5.447615
v -1.666671 0.606619 -5.251688
v -1.746128 0.655223 -5.575939
v -1.867641 0.650858 -5.546817
v -1.788184 0.602253 -5.222567
v -1.488995 0.344791 -5.305894
v -1.488995 0.871819 -5.226893
v -1.551066 0.382760 -5.559192
v -1.551066 0.909788 -5.480191
v -1.610508 0.340426 -5.276772
v -1.610508 0.867454 -5.197771
v -1.672578 0.378395 -5.530070
v -1.672578 0.905423 -5.451069
v -1.486239 0.606619 -5.255143
v -1.565695 0.655223 -5.579393
v -1.687208 0.650858 -5.550272
v -1.607751 0.602253 -5.226021
v 0.000000 -0.237570 -5.199851
v 0.000000 0.257090 -5.199851
v 0.000000 -0.237570 -5.612154
v 0.000000 0.287725 -5.767856
v -2.297815 -0.237570 -5.151128
v -2.389695 0.257090 -5.157345
v -2.204278 -0.237570 -5.526938
v -2.268690 0.287725 -5.682640
v 0.000000 0.087799 -5.199851
v 0.000000 0.087799 -5.767856
v -2.268690 0.087799 -5.682640
v -2.389695 0.087799 -5.157345
v 0.000000 -0.237570 -5.455984
v 0.000000 0.257090 -5.563888
v -2.287740 -0.237570 -5.413478
v -2.379620 0.257090 -5.521381
v -2.379620 0.087799 -5.521381
v -0.614546 -0.237570 -5.612154
v -0.614546 0.287725 -5.767856
v -0.647657 -0.237570 -5.199851
v -0.647657 0.257090 -5.199851
v -0.647657 0.087799 -5.199851
v -0.614546 0.087799 -5.767856
v -0.640068 0.257090 -5.563888
v -0.640068 -0.237570 -5.455984
v -1.494627 0.287725 -5.736861
v -1.577860 -0.237570 -5.199531
v -1.494627 0.087799 -5.736861
v -1.558782 0.257090 -5.563888
v -1.494627 -0.237570 -5.581159
v -1.577860 0.257090 -5.199851
v -1.577860 0.087799 -5.199851
v -1.558782 -0.237570 -5.455984
v -2.075034 0.287725 -5.699281
v -2.191322 -0.237570 -5.197895
v -2.075034 0.087799 -5.699281
v -2.164668 0.257090 -5.563888
v -2.075034 -0.237570 -5.543579
v -2.191322 0.257090 -5.199851
v -2.191322 0.087799 -5.199851
v -2.164668 -0.237570 -5.455984
v -0.961809 -0.846508 -3.707965
v -1.315790 -0.854853 -3.488497
v -1.194898 -0.816459 4.266801
v -1.066508 -0.815558 4.271988
v -1.265965 -0.854838 -1.901257
v -1.114944 -0.851918 -1.957268
v -1.107838 -0.847549 -0.874463
v -1.258851 -0.847549 -0.876092
v -1.107838 -0.847549 0.838418
v -1.258852 -0.847549 0.837438
v -1.081782 -0.847549 2.550836
v -1.232789 -0.847549 2.550832
v 0.000000 -0.660560 5.255274
v -1.001094 -0.662860 5.207344
v -1.108996 -0.663137 5.202476
v -2.200200 0.291935 3.806215
v -2.225250 0.177420 3.265363
v -2.161184 0.146689 4.389160
v -2.205559 -0.211314 2.963396
v -2.107900 -0.148233 4.649034
v -1.835394 0.232397 3.806215
v -1.807323 0.121377 3.265363
v -1.799790 0.091583 4.389160
v -1.712032 -0.255497 2.963396
v -1.727495 -0.194340 4.649034
v -1.564384 -0.839448 2.886423
v -2.235338 0.336364 -2.559248
v -2.214752 0.440515 -3.042675
v -2.181128 0.321928 -3.631072
v -2.155164 0.092067 -3.852315
v -1.969295 -0.573385 -4.035112
v -1.991764 -0.857346 -2.062494
v -2.238156 0.018542 -2.226882
v -1.798574 0.270255 -2.564744
v -1.810086 0.373478 -3.048171
v -1.796978 0.255948 -3.636568
v -1.771571 0.028135 -3.857810
v -1.698015 -0.631389 -4.040607
v -1.763443 -0.044736 -2.232378
v 0.000000 -0.645380 6.038593
v 0.000000 -0.178026 6.358007
v 0.000000 -0.593342 5.755562
v 0.000000 -0.084462 5.849126
v -2.220465 -0.645381 5.899078
v -2.220465 -0.178026 6.218491
v -2.294715 -0.593342 5.669197
v -2.294715 -0.084462 5.762761
v 0.000000 -0.432466 6.311225
v 0.000000 -0.338902 5.802344
v -2.294715 -0.338902 5.715979
v -2.220465 -0.432466 6.171709
v 0.000000 -0.619362 5.897079
v 0.000000 -0.131244 6.103565
v -2.270632 -0.619362 5.810713
v -2.270632 -0.131244 6.017200
v -2.270632 -0.385684 5.970418
v -0.996969 -0.593342 5.706591
v -0.996969 -0.084462 5.800155
v -0.947728 -0.645380 5.989623
v -0.947728 -0.178026 6.309036
v -0.947728 -0.432466 6.262254
v -0.996969 -0.338902 5.753373
v -0.986301 -0.131244 6.054595
v -0.986301 -0.619362 5.848107
v -1.952958 -0.084462 5.761989
v -1.860484 -0.645380 5.951456
v -1.952958 -0.338902 5.715207
v -1.932924 -0.131244 6.016428
v -1.952958 -0.593342 5.668425
v -1.860484 -0.178026 6.270870
v -1.860484 -0.432466 6.224088
v -1.932924 -0.619362 5.809941
v -2.499881 1.002720 1.959814
v -2.347162 0.718976 2.097422
v -2.496293 1.029138 1.983239
v -2.336887 0.794616 2.202234
v -2.462331 1.021356 1.942683
v -2.239646 0.772336 2.048374
v -2.458742 1.047774 1.979289
v -2.229372 0.847976 2.153185
v -2.415615 0.978435 2.001970
v -2.415615 1.068046 2.001970
v -2.329008 0.911510 1.840191
v -2.329008 1.134972 1.840191
v -2.564123 0.978435 1.972971
v -2.564123 1.068046 1.972971
v -2.712313 0.911510 1.765343
v -2.712313 1.134972 1.765343
v -2.331783 0.912374 1.903164
v -2.331783 1.134107 1.903164
v -2.699249 0.912374 1.831410
v -2.699249 1.134107 1.831410
v -2.313004 1.148543 1.834204
v -2.313004 0.897938 1.834204
v -2.728317 0.897938 1.753107
v -2.728317 1.148543 1.753107
v 0.000000 2.087386 1.191071
v 0.000000 0.919480 2.767217
v 0.000000 1.219220 -3.390214
v 0.000000 1.921468 -2.212922
v -1.662093 1.999849 -0.849937
v -2.242790 0.909527 -0.815681
v -1.663962 2.023807 0.743019
v -2.244015 0.909921 0.827657
v -2.201343 1.123598 -2.423440
v -1.809055 1.725414 -1.595744
v -2.203736 0.909921 2.386376
v -1.257736 2.042386 1.028038
v -1.604502 2.029850 0.930340
v -1.516999 0.912904 2.627082
v -2.105433 0.912922 2.457937
v -1.499833 1.221155 -3.304576
v -2.030030 1.221320 -3.167933
v -1.172356 1.878772 -2.129723
v -1.595116 1.863204 -1.988414
v -0.614246 2.065649 1.145550
v -1.158040 0.919480 2.707361
v -0.647227 1.220020 -3.385602
v -0.492516 1.903808 -2.206487
v 0.000000 1.159999 -3.610986
v -2.216044 1.091322 -2.555380
v -2.260936 0.847549 0.842689
v 0.000000 0.913861 2.798971
v -2.216791 0.847549 2.550862
v -2.154399 1.160987 -3.322829
v -1.549728 0.854181 2.732494
v 0.000000 -0.653609 -2.905002
v -1.881755 -0.653609 -2.090929
v -1.918542 -0.653609 -0.789205
v -1.918542 -0.653609 0.529626
v 0.000000 -0.653609 2.038291
v -1.882367 -0.653609 1.846951
v -1.831239 -0.653609 -2.682778
v -1.366767 -0.653609 -2.812106
v -1.335732 -0.653609 1.987024
v -0.619852 -0.653609 -2.894368
v -1.013627 -0.653609 1.991664
v -2.189633 0.733297 1.505800
v -1.519247 0.733278 1.505800
v 0.000000 0.739920 1.505800
v -1.156662 0.739920 1.505800
v -2.111872 0.375643 1.542811
v -1.519675 0.375626 1.542811
v -1.157090 0.382268 1.542811
v 0.000000 0.348660 1.505800
v -2.113624 -0.361806 2.620710
v -1.519247 -0.361824 2.620710
v 0.000000 -0.355182 2.620710
v -1.156662 -0.355182 2.620710
v -1.518819 0.648806 1.542811
v -2.145612 0.648824 1.542811
v 0.000000 0.696882 1.505800
v -1.156075 0.655451 1.542811
v -0.270063 -0.595003 0.603476
v -0.270063 -0.143160 0.603476
v -1.575658 -0.595003 0.603476
v -1.575658 -0.143160 0.603476
v -1.575658 -0.143160 -0.588947
v -0.270063 -0.595003 -0.784982
v -0.270063 -0.143160 -0.588947
v -1.575658 -0.595003 -0.784982
v -0.270063 0.775347 -1.192376
v -0.270063 0.827017 -0.890800
v -1.575658 0.775347 -1.192376
v -1.575658 0.827017 -0.890800
v -0.270063 1.077788 -1.230393
v -0.756578 1.650301 -1.302357
v -0.438438 1.482615 -1.281279
v -0.756578 1.701971 -1.000781
v -0.270063 1.129458 -0.928817
v -0.438438 1.534285 -0.979703
v -1.089143 1.650301 -1.302357
v -1.575658 1.077788 -1.230393
v -1.407283 1.482615 -1.281279
v -1.575658 1.129458 -0.928817
v -1.089143 1.701971 -1.000781
v -1.407283 1.534286 -0.979703
v 0.000000 -0.675513 -2.713268
v 0.000000 -0.223671 -2.413981
v -1.575658 -0.223671 -2.413981
v 0.000000 0.533868 -3.107244
v 0.000000 0.565031 -2.805667
v -1.575658 0.533868 -3.107244
v -1.575658 0.565031 -2.805667
v 0.000000 1.061568 -3.217224
v 0.000000 1.092731 -2.915648
v -1.089143 1.061568 -3.217224
v -1.575658 0.716276 -3.145260
v -1.407283 0.960434 -3.196146
v -1.575658 0.747439 -2.843684
v -1.089143 1.092731 -2.915648
v -1.407283 0.991597 -2.894570
v 0.000000 -0.675513 -1.324810
v 0.000000 -0.223671 -1.324810
v -1.575658 -0.675513 -1.324810
v -1.575658 -0.223671 -1.324810
v -1.575658 -0.675513 -2.713268
v -2.448205 -0.800380 -1.999217
v -2.470246 -0.835696 -1.916069
v -2.499061 -0.799380 -1.834398
v -2.516917 -0.712716 -1.801859
v -2.514262 -0.626464 -1.837712
v -2.493492 -0.591134 -1.921136
v -2.465902 -0.627435 -2.003074
v -2.446777 -0.714112 -2.035336
v -2.456409 -0.779180 -1.979565
v -2.473077 -0.805887 -1.916686
v -2.494867 -0.778424 -1.854924
v -2.508370 -0.712887 -1.830317
v -2.506363 -0.647660 -1.857430
v -2.490656 -0.620942 -1.920518
v -2.469792 -0.648394 -1.982482
v -2.455328 -0.713942 -2.006880
v -2.373847 -0.739741 -1.869261
v -2.380519 -0.750432 -1.844090
v -2.389242 -0.739438 -1.819367
v -2.394648 -0.713203 -1.809516
v -2.393844 -0.687093 -1.820370
v -2.387557 -0.676398 -1.845624
v -2.379205 -0.687387 -1.870429
v -2.373415 -0.713626 -1.880195
v -2.403656 0.212051 4.126822
v -2.215605 0.792359 4.719042
v -2.080519 0.791512 4.719042
v -2.356603 0.401976 4.719042
v -2.178742 0.212052 4.126822
v -1.815812 0.154953 4.126822
v -2.151753 -0.206480 5.202883
v -2.173171 -0.070892 5.202883
v -2.187024 -0.212052 4.915251
v -2.208442 -0.076463 4.915251
v -2.313203 -0.208604 5.188372
v -2.327718 -0.114759 5.188372
v -2.340910 -0.210695 4.963586
v -2.355425 -0.116850 4.963586
v -2.342998 -0.097718 4.932163
v -2.321579 -0.233307 4.932163
v -2.286309 -0.227735 5.219794
v -2.307727 -0.092147 5.219794
v -2.338597 -0.108779 4.944416
v -2.323142 -0.219385 4.944416
v -2.290709 -0.216675 5.207541
v -2.306165 -0.106069 5.207541
v -2.194429 -0.049687 -4.407741
v -2.232034 0.081776 -4.395644
v -2.190257 -0.021947 -4.696220
v -2.227862 0.109516 -4.684123
v -2.351048 -0.066862 -4.445907
v -2.376771 0.024160 -4.437489
v -2.348205 -0.042966 -4.671122
v -2.373927 0.048056 -4.662703
v -2.359865 0.072262 -4.689613
v -2.322261 -0.059201 -4.701712
v -2.326433 -0.086941 -4.413233
v -2.364037 0.044522 -4.401135
v -2.355815 0.060243 -4.678169
v -2.327122 -0.047209 -4.688334
v -2.330483 -0.074922 -4.424677
v -2.359176 0.032530 -4.414513
v -1.519247 0.342018 1.505800
v -2.147592 0.342036 1.505800
v -1.156662 0.348660 1.505800
v 0.000000 0.663004 1.542811
v 0.000000 0.382268 1.542811
v -2.189633 0.682433 1.505800
v -1.519247 0.682414 1.505800
v -1.156662 0.689057 1.505800
v -0.020901 0.149950 2.583848
v 0.293656 0.793289 2.700313
v 0.642341 0.401686 1.492969
v 0.710665 0.751448 1.493963
v 1.851781 0.149950 2.583848
v 1.537225 0.793289 2.700313
v 1.188539 0.401686 1.492969
v 1.120215 0.751448 1.493963
v 0.293656 1.014815 1.494411
v -0.020901 0.350279 1.492521
v 1.851781 0.350279 1.492521
v 1.537225 1.014815 1.494411
v 0.710665 0.788025 1.225630
v 0.642341 0.444924 1.157688
v 1.188539 0.444924 1.157689
v 1.120215 0.788025 1.225630
v 0.915440 0.059863 1.024315
v 0.915440 0.102839 1.087832
v 0.915440 0.068026 1.064717
v 0.703662 0.144123 1.096210
v 0.682710 0.105231 1.033523
v 0.688846 0.112198 1.073682
v 0.524125 0.261689 1.120071
v 0.485410 0.234428 1.059744
v 0.496749 0.237988 1.099212
v 0.404162 0.437638 1.155782
v 0.353579 0.427786 1.098988
v 0.368394 0.426247 1.137421
v 0.362037 0.645185 1.197905
v 0.307286 0.655866 1.145278
v 0.323322 0.648314 1.182491
v 0.404162 0.852732 1.240028
v 0.353579 0.883947 1.191569
v 0.368394 0.870380 1.227561
v 0.524125 1.028682 1.275738
v 0.485410 1.077304 1.230813
v 0.496749 1.058639 1.265769
v 0.703662 1.146247 1.299599
v 0.682709 1.206501 1.257034
v 0.688846 1.184429 1.291300
v 0.915440 1.187531 1.307978
v 0.915440 1.251869 1.266242
v 0.915440 1.228601 1.300265
v 1.127218 1.146247 1.299599
v 1.148171 1.206501 1.257034
v 1.142034 1.184429 1.291300
v 1.306755 1.028682 1.275738
v 1.345470 1.077304 1.230813
v 1.334131 1.058639 1.265769
v 1.426718 0.852732 1.240028
v 1.477302 0.883947 1.191569
v 1.462486 0.870380 1.227561
v 1.468843 0.645185 1.197905
v 1.523595 0.655866 1.145278
v 1.507558 0.648314 1.182491
v 1.426718 0.437638 1.155782
v 1.477302 0.427785 1.098988
v 1.462486 0.426247 1.137421
v 1.306755 0.261689 1.120071
v 1.345470 0.234428 1.059744
v 1.334131 0.237988 1.099212
v 1.127218 0.144123 1.096210
v 1.148170 0.105231 1.033523
v 1.142034 0.112198 1.073682
v 0.915440 0.108830 1.089047
v 0.915440 0.173168 1.047311
v 0.915440 0.149900 1.081334
v 0.726954 0.209911 1.054769
v 0.706001 0.149658 1.097334
v 0.720817 0.187839 1.089034
v 0.567162 0.314547 1.076005
v 0.528447 0.265925 1.120931
v 0.555823 0.295882 1.110962
v 0.460393 0.471146 1.107788
v 0.409810 0.439931 1.156247
v 0.445578 0.457579 1.143780
v 0.422901 0.655866 1.145278
v 0.368150 0.645185 1.197905
v 0.406865 0.648314 1.182491
v 0.460393 0.840587 1.182769
v 0.409810 0.850440 1.239563
v 0.445578 0.839048 1.221202
v 0.567162 0.997185 1.214552
v 0.528447 1.024446 1.274879
v 0.555823 1.000745 1.254020
v 0.726954 1.101821 1.235788
v 0.706001 1.140713 1.298476
v 0.720817 1.108788 1.275948
v 0.915440 1.138564 1.243246
v 0.915440 1.181540 1.306762
v 0.915440 1.146727 1.283648
v 1.103927 1.101821 1.235788
v 1.124879 1.140713 1.298476
v 1.110063 1.108788 1.275948
v 1.263718 0.997185 1.214552
v 1.302433 1.024446 1.274879
v 1.275057 1.000746 1.254020
v 1.370487 0.840587 1.182769
v 1.421071 0.850440 1.239563
v 1.385303 0.839048 1.221202
v 1.407979 0.655866 1.145278
v 1.462731 0.645185 1.197905
v 1.424016 0.648314 1.182491
v 1.370487 0.471145 1.107788
v 1.421071 0.439931 1.156247
v 1.385303 0.457579 1.143780
v 1.263718 0.314547 1.076005
v 1.302433 0.265925 1.120931
v 1.275057 0.295882 1.110962
v 1.103926 0.209911 1.054769
v 1.124879 0.149657 1.097334
v 1.110063 0.187839 1.089034
v 1.127218 0.169064 0.973323
v 1.148170 0.108810 1.015889
v 1.142034 0.130882 0.981623
v 1.306755 0.286630 0.997184
v 1.345470 0.238007 1.042110
v 1.334131 0.256672 1.007153
v 1.426718 0.462579 1.032895
v 1.477302 0.431364 1.081354
v 1.462486 0.444931 1.045362
v 1.468843 0.670126 1.075018
v 1.523595 0.659445 1.127644
v 1.507558 0.666998 1.090432
v 1.426718 0.877673 1.117141
v 1.477302 0.887526 1.173935
v 1.462486 0.889064 1.135502
v 1.306755 1.053623 1.152851
v 1.345470 1.080883 1.213178
v 1.334131 1.077323 1.173710
v 1.127218 1.171188 1.176712
v 1.148171 1.210080 1.239400
v 1.142034 1.203113 1.199241
v 0.915440 1.212472 1.185091
v 0.915440 1.255448 1.248608
v 0.915440 1.247285 1.208205
v 0.703662 1.171188 1.176712
v 0.682709 1.210080 1.239400
v 0.688846 1.203113 1.199241
v 0.524125 1.053622 1.152851
v 0.485410 1.080883 1.213178
v 0.496749 1.077323 1.173710
v 0.404162 0.877673 1.117141
v 0.353579 0.887526 1.173935
v 0.368394 0.889064 1.135502
v 0.362037 0.670126 1.075018
v 0.307286 0.659445 1.127644
v 0.323322 0.666998 1.090432
v 0.404162 0.462579 1.032895
v 0.353579 0.431364 1.081354
v 0.368394 0.444931 1.045362
v 0.524125 0.286630 0.997184
v 0.485410 0.238007 1.042110
v 0.496749 0.256673 1.007153
v 0.915440 0.063442 1.006681
v 0.915440 0.127780 0.964945
v 0.915440 0.086710 0.972658
v 0.703662 0.169064 0.973324
v 0.682710 0.108810 1.015889
v 0.688846 0.130882 0.981623
v 0.726954 0.213490 1.037134
v 0.706001 0.174598 0.974447
v 0.720817 0.206523 0.996975
v 0.915440 0.133771 0.966161
v 0.915440 0.176747 1.029677
v 0.915440 0.168584 0.989275
v 0.567162 0.318126 1.058371
v 0.528447 0.290866 0.998044
v 0.555823 0.314566 1.018903
v 0.460393 0.474725 1.090154
v 0.409810 0.464872 1.033360
v 0.445578 0.476263 1.051721
v 0.422901 0.659445 1.127644
v 0.368150 0.670126 1.075018
v 0.406865 0.666998 1.090432
v 0.460393 0.844166 1.165135
v 0.409810 0.875380 1.116676
v 0.445578 0.857732 1.129143
v 0.567162 1.000764 1.196918
v 0.528447 1.049387 1.151992
v 0.555823 1.019429 1.161961
v 0.726954 1.105400 1.218154
v 0.706001 1.165654 1.175589
v 0.720817 1.127472 1.183889
v 0.915440 1.142143 1.225611
v 0.915440 1.206481 1.183875
v 0.915440 1.165411 1.191589
v 1.103927 1.105400 1.218154
v 1.124879 1.165654 1.175589
v 1.110064 1.127472 1.183889
v 1.263718 1.000764 1.196918
v 1.302433 1.049387 1.151992
v 1.275057 1.019430 1.161960
v 1.370487 0.844166 1.165135
v 1.421071 0.875380 1.116676
v 1.385303 0.857732 1.129143
v 1.407979 0.659445 1.127644
v 1.462731 0.670126 1.075018
v 1.424016 0.666998 1.090432
v 1.370487 0.474724 1.090154
v 1.421071 0.464872 1.033360
v 1.385303 0.476263 1.051721
v 1.263718 0.318126 1.058371
v 1.302433 0.290865 0.998044
v 1.275057 0.314566 1.018903
v 1.103926 0.213490 1.037134
v 1.124879 0.174598 0.974447
v 1.110063 0.206523 0.996975
v 0.589301 0.769650 1.134479
v 1.045011 0.385338 1.119370
v 1.241578 0.803296 1.206390
v 0.539615 0.569814 1.157779
v 0.915439 0.769650 1.134479
v 0.915439 0.385338 1.119370
v 0.915439 0.803296 1.206390
v 0.915439 0.631523 1.170627
v 0.915439 0.644475 1.108417
v 0.829359 0.424383 1.062594
v 0.785868 0.385338 1.119370
v 0.589301 0.803296 1.206390
v 0.915439 0.398290 1.057161
v 1.045011 0.398290 1.057161
v 1.241578 0.816248 1.144180
v 0.562363 0.624399 1.104237
v 1.291264 0.582766 1.095569
v 1.291264 0.569814 1.157779
v 0.355129 0.631523 1.170627
v 0.355129 0.803296 1.206390
v 0.402726 0.769650 1.134479
v 0.402726 0.677796 1.115355
v 1.428153 0.677796 1.115355
v 1.428153 0.769650 1.134479
v 1.475749 0.803296 1.206390
v 1.475749 0.631523 1.170627
v 0.915439 0.169034 1.009430
v 0.962281 0.215632 1.019132
v 1.001918 0.156082 1.071640
v 0.868598 0.215632 1.019132
v 0.915439 0.156082 1.071640
v 0.828961 0.156082 1.071640
v 0.958051 0.721370 1.109000
v 0.974002 0.753135 1.145358
v 1.018313 0.662373 1.096717
v 1.056822 0.672054 1.128477
v 1.018313 0.578939 1.079346
v 1.056822 0.557387 1.104603
v 0.958051 0.519942 1.067063
v 0.974002 0.476306 1.087722
v 0.872828 0.519942 1.067063
v 0.856877 0.476306 1.087722
v 0.812566 0.578939 1.079346
v 0.774057 0.557387 1.104603
v 0.812566 0.662373 1.096717
v 0.774057 0.672054 1.128477
v 0.872828 0.721370 1.109000
v 0.856877 0.753135 1.145358
v 0.974002 0.759071 1.116849
v 1.056822 0.677989 1.099968
v 1.056822 0.563323 1.076095
v 0.974002 0.482241 1.059213
v 0.856877 0.482241 1.059213
v 0.774057 0.563323 1.076095
v 0.774057 0.677989 1.099968
v 0.856877 0.759071 1.116849
v 0.966027 0.741634 1.106135
v 1.037568 0.671595 1.091553
v 1.037568 0.572545 1.070931
v 0.966027 0.502505 1.056349
v 0.864852 0.502505 1.056349
v 0.793311 0.572545 1.070931
v 0.793311 0.671595 1.091553
v 0.864852 0.741634 1.106135
v 0.589301 0.816248 1.144180
v 0.915439 0.816248 1.144180
v 0.355129 0.644475 1.108417
v 0.355129 0.816248 1.144180
v 0.539615 0.582766 1.095569
v 1.475749 0.816248 1.144180
v 1.475749 0.644475 1.108417
v 1.241578 0.769650 1.134479
v 1.268516 0.624399 1.104237
v 1.001918 0.169034 1.009430
v 1.001521 0.424383 1.062594
v 0.828961 0.169034 1.009430
v 0.785868 0.398290 1.057161
v 0.000000 2.153219 -0.423194
v 1.658162 2.075156 -0.454728
v 2.252409 0.903821 -0.766053
v 1.665868 2.005932 -0.802313
v 1.234194 2.095293 -0.439738
v 0.531527 2.128464 -0.424776
v 2.242830 0.909540 -0.762158
v 1.662154 2.000629 -0.798055
v -1.658162 2.075156 -0.454728
v -2.252409 0.903821 -0.766053
v -1.665868 2.005932 -0.802313
v -1.234194 2.095293 -0.439738
v -0.531527 2.128464 -0.424776
v -2.242830 0.909540 -0.762158
v -1.662154 2.000629 -0.798055
v -1.673282 2.004127 -0.851904
v -1.673343 2.004907 -0.800021
v -2.254019 0.913818 -0.764124
v -2.253980 0.913805 -0.817648
v 2.253980 0.913805 -0.817648
v 1.673282 2.004127 -0.851904
v 1.673343 2.004907 -0.800021
v 2.254019 0.913818 -0.764124
v 2.392948 0.847549 -0.867122
v 2.392948 0.847549 0.842880
v 2.538749 0.424920 -0.872415
v 2.538749 0.424920 0.839627
v -2.392948 0.847549 -0.867122
v -2.392948 0.847549 0.842880
v -2.538749 0.424920 -0.872415
v -2.538749 0.424920 0.839627
v 2.502174 0.625801 -0.735873
v 2.457254 0.756008 -0.733668
v 2.457254 0.756008 -0.379913
v 2.502174 0.625801 -0.381268
v -2.502174 0.625801 -0.735873
v -2.502174 0.625801 -0.381268
v -2.457254 0.756008 -0.379913
v -2.457254 0.756008 -0.733668
vn 0.9282 0.3579 0.1018
vn 0.9112 0.3971 0.1096
vn 0.9047 0.4136 0.1026
vn 0.0011 0.9797 -0.2002
vn -0.2172 0.9104 -0.3521
vn -0.5869 0.5777 -0.5673
vn 0.9458 0.3211 -0.0482
vn 0.9395 0.3411 -0.0303
vn 0.9242 0.3818 0.0133
vn 0.9403 0.3390 0.0299
vn 0.9485 0.3164 0.0180
vn 0.9453 0.3260 0.0123
vn 0.9447 0.3258 0.0378
vn 0.9453 0.3260 0.0121
vn 0.9446 0.3258 0.0391
vn 0.9424 0.3272 0.0687
vn 0.0308 0.9834 0.1787
vn -0.0000 0.9847 0.1743
vn -0.0000 0.9847 0.1742
vn -0.0000 1.0000 -0.0040
vn 0.0382 0.9993 -0.0041
vn 0.0465 0.9989 -0.0067
vn 0.0481 0.9892 -0.1386
vn -0.0000 0.9983 -0.0581
vn 0.0510 0.9969 -0.0598
vn 0.0097 -0.9744 -0.2247
vn -0.0147 -0.9754 -0.2199
vn -0.0281 -0.9756 -0.2179
vn -0.4529 -0.5869 -0.6711
vn -0.7842 -0.0450 -0.6189
vn -0.3034 -0.7059 -0.6400
vn -0.0022 1.0000 -0.0000
vn -0.6332 0.7740 -0.0000
vn -0.0023 1.0000 -0.0000
vn 0.0765 -0.6600 -0.7474
vn 0.0593 -0.6661 -0.7435
vn 0.0935 -0.6496 -0.7545
vn -0.0112 0.9970 0.0763
vn -0.0197 0.9961 0.0862
vn -0.0099 0.9973 0.0729
vn 0.0102 -0.9999 -0.0000
vn -0.4919 -0.8707 0.0001
vn -0.4936 -0.8697 -0.0000
vn -0.0001 0.9994 0.0345
vn -0.0001 0.9939 0.1107
vn -0.0001 0.9929 0.1189
vn -0.0002 0.9981 0.0619
vn -0.0001 0.9984 0.0570
vn -0.0000 1.0000 -0.0000
vn 0.0004 0.9997 0.0243
vn -0.6555 0.7552 -0.0000
vn -0.9794 -0.2021 -0.0000
vn 0.9980 -0.0505 0.0381
vn 0.9747 -0.2195 0.0426
vn 0.9754 -0.2177 0.0354
vn 0.9975 -0.0701 0.0129
vn 0.9759 -0.2178 0.0124
vn 0.9981 -0.0615 -0.0044
vn 0.9697 -0.2443 -0.0049
vn 0.9729 -0.2078 -0.1009
vn 0.0418 -0.8768 -0.4790
vn 0.0338 -0.8765 -0.4802
vn 0.0413 -0.8755 -0.4814
vn 0.0007 1.0000 -0.0000
vn 0.8184 0.5745 -0.0136
vn 0.8262 0.5589 -0.0711
vn 0.9265 0.3753 -0.0272
vn -0.6057 -0.7406 -0.2910
vn 0.0190 -0.9741 -0.2253
vn 0.5056 0.8627 0.0067
vn 0.7727 0.6220 -0.1270
vn 0.6134 0.7887 -0.0403
vn 0.0036 -0.9318 0.3630
vn -0.0000 -0.9316 0.3635
vn 0.0244 -0.9285 0.3706
vn -0.0000 -0.8015 0.5980
vn 0.0131 -0.9599 0.2799
vn 0.0312 -0.8004 0.5986
vn -0.0000 0.9800 -0.1992
vn 0.0099 0.9802 -0.1980
vn 0.0140 0.9805 -0.1960
vn 0.0309 -0.6733 -0.7387
vn 0.0095 -0.6703 -0.7420
vn 0.9369 -0.3450 -0.0564
vn 0.9328 -0.3603 -0.0034
vn 0.9328 -0.3603 0.0120
vn 0.9318 -0.3602 0.0451
vn -0.0003 -0.9793 0.2024
vn 0.0150 -0.7980 0.6025
vn 0.0176 -0.9713 0.2372
vn 0.9301 -0.3359 -0.1487
vn 0.9960 -0.0407 0.0801
vn 0.9680 -0.2374 0.0811
vn 0.9692 -0.2288 0.0908
vn 0.9109 -0.3982 0.1082
vn 0.9294 -0.3442 0.1335
vn 0.9809 -0.1022 -0.1652
vn 0.9939 -0.0924 -0.0607
vn 0.7774 0.6228 -0.0876
vn 0.9929 0.1064 0.0526
vn 0.9857 0.1481 0.0810
vn 0.8659 0.4948 -0.0740
vn 0.9895 0.1443 -0.0028
vn 0.9887 0.1498 -0.0001
vn 0.9915 0.1293 0.0124
vn 0.9924 0.1228 -0.0023
vn 0.9925 0.1219 -0.0028
vn 0.8815 0.4492 0.1455
vn 0.9885 0.1264 -0.0827
vn 0.9370 0.3195 0.1415
vn 0.9916 0.1289 0.0120
vn 0.1500 0.8015 0.5789
vn 0.1774 0.7842 0.5947
vn 0.1604 0.7893 0.5927
vn 0.1255 0.8196 0.5591
vn 0.1517 0.8021 0.5776
vn -0.0065 0.9159 -0.4014
vn 0.0737 0.9453 -0.3177
vn 0.0427 0.9488 -0.3128
vn 0.0549 0.9448 -0.3229
vn -0.0000 0.9453 -0.3262
vn 0.0576 0.9450 -0.3220
vn 0.1961 0.9138 -0.3556
vn 0.0612 0.9189 -0.3896
vn 0.9323 -0.3601 0.0350
vn 0.0002 0.0001 1.0000
vn 0.0262 0.0004 0.9997
vn 0.0260 0.0004 0.9997
vn 0.0221 -0.1286 0.9914
vn -0.0000 -0.0000 1.0000
vn 0.0522 0.0005 0.9986
vn 0.0522 0.0004 0.9986
vn 0.0047 -0.2515 0.9678
vn 0.0235 -0.1285 0.9914
vn 0.0513 -0.2539 0.9659
vn -0.0000 -0.2575 0.9663
vn 0.0513 -0.2538 0.9659
vn 0.0248 -0.2516 0.9675
vn 0.0032 -0.2513 0.9679
vn -0.0000 -1.0000 -0.0000
vn -0.9782 -0.2077 -0.0000
vn 0.8554 0.5000 -0.1351
vn 0.4829 -0.8625 -0.1512
vn -0.8832 -0.0540 -0.4659
vn 0.0293 0.1437 -0.9892
vn 0.0547 0.1459 -0.9878
vn 0.0310 0.1451 -0.9889
vn 0.0341 0.1044 -0.9939
vn 0.0337 0.1040 -0.9940
vn 0.0592 0.0844 -0.9947
vn -0.0000 0.0614 -0.9981
vn 0.0593 0.0862 -0.9945
vn 0.0172 0.0571 -0.9982
vn 0.0173 0.0563 -0.9983
vn 0.0420 0.0544 -0.9976
vn 0.0408 0.0555 -0.9976
vn 0.0871 0.0764 -0.9933
vn 0.0872 0.0783 -0.9931
vn -0.7803 -0.0800 -0.6202
vn 0.0167 -0.8720 -0.4892
vn 0.0603 0.1119 -0.9919
vn 0.0602 0.1138 -0.9917
vn 0.0532 0.1434 -0.9882
vn 0.0855 0.1223 -0.9888
vn 0.0105 -0.9999 -0.0000
vn 0.0249 -0.2514 0.9676
vn 0.0491 -0.2535 0.9661
vn 0.0545 0.0004 0.9985
vn 0.2418 0.9099 -0.3370
vn 0.1172 0.9384 -0.3251
vn 0.0201 0.9537 -0.3000
vn 0.0115 0.9559 -0.2935
vn 0.1525 0.8344 0.5297
vn 0.1502 0.2191 0.9641
vn 0.8148 0.2447 0.5256
vn 0.1151 0.7851 0.6085
vn 0.1068 0.7853 0.6098
vn 0.0169 0.9815 -0.1908
vn 0.0147 0.9815 -0.1910
vn 0.0296 -0.8001 0.5991
vn 0.0008 1.0000 -0.0000
vn 0.0317 -0.8714 -0.4895
vn 0.0267 -0.8705 -0.4915
vn 0.0510 -0.6446 -0.7628
vn 0.0517 -0.6428 -0.7643
vn 0.0157 0.9962 -0.0855
vn 0.0050 0.9963 -0.0857
vn 0.0129 0.9962 -0.0857
vn 0.0759 0.9873 -0.1395
vn 0.0520 0.9965 -0.0649
vn 0.0495 0.9963 -0.0698
vn 0.0468 0.9988 -0.0115
vn 0.0370 0.9993 -0.0106
vn 0.0469 0.9988 -0.0139
vn -0.5122 0.8330 -0.2090
vn -0.4821 0.8519 -0.2045
vn -0.0000 -0.6430 -0.7658
vn -0.0000 -0.6439 -0.7651
vn -0.0000 -0.8689 -0.4949
vn -0.0000 -0.8688 -0.4952
vn -0.0000 0.7700 0.6381
vn -0.0000 0.7672 0.6414
vn -0.0000 0.9577 -0.2876
vn -0.0000 0.9585 -0.2852
vn -0.0000 0.1358 -0.9907
vn -0.0000 0.1376 -0.9905
vn 0.0853 0.1203 -0.9891
vn 0.0491 -0.2536 0.9661
vn 0.0982 0.9414 -0.3226
vn 0.1409 0.8347 0.5323
vn 0.0120 -0.3632 0.9316
vn 0.0167 0.9811 -0.1928
vn 0.1419 -0.9156 0.3761
vn 0.8964 -0.4356 -0.0826
vn 0.9115 -0.3973 -0.1064
vn 0.0665 0.9884 -0.1369
vn 0.0375 0.9993 -0.0084
vn 0.0546 0.9822 0.1800
vn 0.0363 0.9832 0.1790
vn -0.0066 0.9978 0.0662
vn -0.0056 0.9978 0.0662
vn 0.9364 0.3409 0.0834
vn 0.9331 0.3447 0.1028
vn 0.9931 -0.1032 -0.0556
vn 0.9941 -0.0960 -0.0513
vn 0.9971 -0.0658 -0.0373
vn 0.9983 -0.0024 0.0589
vn 0.9972 -0.0606 0.0429
vn 0.9971 0.0155 0.0745
vn 0.9971 0.0128 0.0756
vn 0.9762 -0.1864 0.1110
vn 0.9465 -0.2755 0.1679
vn -0.6081 -0.6687 0.4279
vn 0.0548 -0.9255 0.3748
vn -0.7250 -0.5553 0.4075
vn -0.5366 -0.7923 -0.2905
vn 0.9198 -0.1708 0.3533
vn 0.7863 0.5645 0.2512
vn 0.6253 0.7668 0.1451
vn 0.0011 0.9964 -0.0849
vn -0.0000 0.9964 -0.0848
vn -0.3992 0.8708 0.2871
vn 0.0554 0.9821 0.1799
vn 0.5248 0.8504 0.0369
vn 0.5287 0.8474 0.0492
vn -0.0000 -0.9719 -0.2354
vn -0.0000 -0.9718 -0.2359
vn -0.5976 0.7364 0.3172
vn -0.3993 0.8707 0.2871
vn 0.5124 0.8587 -0.0006
vn 0.8486 -0.5230 0.0798
vn 0.9191 -0.1782 0.3514
vn 0.0523 -0.9256 0.3748
vn 0.8219 -0.5695 0.0076
vn 0.8340 0.5433 -0.0967
vn 0.9943 -0.1053 -0.0149
vn 0.9738 -0.2227 0.0457
vn 0.5788 0.8035 -0.1393
vn 0.9970 -0.0000 0.0773
vn 0.9783 -0.1997 -0.0548
vn 0.9978 -0.0569 -0.0338
vn 0.9514 -0.3036 -0.0518
vn 0.9656 -0.2488 -0.0762
vn 0.0009 0.9993 -0.0363
vn 0.0036 1.0000 -0.0047
vn 0.9348 0.3526 -0.0414
vn 0.9453 0.3227 -0.0473
vn 0.0034 0.9993 -0.0375
vn 0.0075 0.9993 -0.0378
vn 0.0022 0.9993 -0.0387
vn -0.0000 0.9992 -0.0387
vn 0.0018 0.9992 -0.0388
vn 0.0034 0.9992 -0.0388
vn 0.9946 -0.0506 0.0901
vn 0.9382 0.3354 0.0856
vn 0.0003 0.9994 0.0351
vn -0.9282 0.3579 0.1018
vn -0.9112 0.3971 0.1096
vn -0.9331 0.3447 0.1028
vn 0.2172 0.9104 -0.3521
vn -0.0011 0.9797 -0.2002
vn 0.5868 0.5777 -0.5673
vn -0.9458 0.3212 -0.0481
vn -0.9395 0.3411 -0.0303
vn -0.9453 0.3227 -0.0473
vn -0.9242 0.3818 0.0133
vn -0.9403 0.3390 0.0299
vn -0.9447 0.3258 0.0378
vn -0.9453 0.3260 0.0123
vn -0.9453 0.3260 0.0121
vn -0.9424 0.3272 0.0687
vn -0.9446 0.3258 0.0391
vn -0.0308 0.9834 0.1787
vn -0.0382 0.9993 -0.0041
vn -0.0465 0.9989 -0.0067
vn -0.0481 0.9892 -0.1386
vn -0.0000 0.9898 -0.1422
vn 0.0147 -0.9754 -0.2199
vn -0.0097 -0.9744 -0.2247
vn 0.0281 -0.9756 -0.2179
vn 0.4529 -0.5869 -0.6711
vn 0.7842 -0.0450 -0.6189
vn 0.7803 -0.0800 -0.6202
vn 0.0022 1.0000 -0.0000
vn 0.6332 0.7740 -0.0000
vn 0.6555 0.7552 -0.0000
vn -0.0766 -0.6601 -0.7472
vn -0.0593 -0.6661 -0.7435
vn -0.0309 -0.6733 -0.7387
vn 0.0197 0.9961 0.0862
vn 0.0111 0.9970 0.0767
vn 0.0099 0.9973 0.0729
vn 0.4919 -0.8707 -0.0000
vn -0.0102 -0.9999 -0.0000
vn 0.4936 -0.8697 0.0001
vn 0.0001 0.9994 0.0345
vn 0.0001 0.9939 0.1107
vn -0.0036 1.0000 -0.0047
vn 0.0001 0.9929 0.1189
vn 0.0002 0.9981 0.0619
vn 0.0001 0.9984 0.0570
vn -0.0003 0.9997 0.0243
vn 0.9794 -0.2021 -0.0000
vn 0.9782 -0.2077 -0.0000
vn -0.9747 -0.2195 0.0426
vn -0.9980 -0.0505 0.0381
vn -0.9754 -0.2177 0.0354
vn -0.9975 -0.0701 0.0129
vn -0.9759 -0.2178 0.0124
vn -0.9981 -0.0615 -0.0044
vn -0.9697 -0.2443 -0.0049
vn -0.9771 -0.1795 -0.1145
vn -0.9939 -0.0924 -0.0607
vn -0.0418 -0.8769 -0.4788
vn -0.0338 -0.8765 -0.4802
vn -0.0168 -0.8720 -0.4892
vn -0.0007 1.0000 -0.0000
vn -0.8184 0.5745 -0.0136
vn -0.9265 0.3753 -0.0272
vn -0.8262 0.5589 -0.0711
vn -0.0190 -0.9741 -0.2253
vn 0.6057 -0.7406 -0.2910
vn -0.7727 0.6220 -0.1270
vn -0.5056 0.8627 0.0067
vn -0.6134 0.7887 -0.0403
vn -0.0036 -0.9318 0.3630
vn -0.0000 -0.9316 0.3636
vn 0.0540 -0.9512 0.3038
vn -0.0312 -0.8004 0.5986
vn -0.0099 0.9802 -0.1980
vn -0.0139 0.9805 -0.1960
vn -0.0095 -0.6703 -0.7420
vn -0.9369 -0.3450 -0.0564
vn -0.9328 -0.3603 0.0120
vn -0.9328 -0.3603 -0.0034
vn -0.9318 -0.3602 0.0451
vn -0.9323 -0.3601 0.0350
vn 0.0003 -0.9793 0.2024
vn -0.0150 -0.7980 0.6025
vn -0.0041 -0.7965 0.6046
vn -0.9301 -0.3359 -0.1487
vn -0.9810 -0.1022 -0.1652
vn -0.9680 -0.2374 0.0811
vn -0.9960 -0.0407 0.0801
vn -0.9692 -0.2288 0.0908
vn -0.9109 -0.3982 0.1082
vn -0.9294 -0.3442 0.1335
vn -0.9911 -0.0895 -0.0981
vn -0.9929 0.1064 0.0526
vn -0.7774 0.6228 -0.0876
vn -0.9857 0.1481 0.0810
vn -0.8659 0.4948 -0.0740
vn -0.9895 0.1442 -0.0030
vn -0.9872 0.1596 -0.0026
vn -0.9915 0.1291 0.0124
vn -0.9885 0.1512 -0.0008
vn -0.9924 0.1228 -0.0023
vn -0.7831 0.5647 0.2605
vn -0.9885 0.1264 -0.0827
vn -0.9590 0.2815 -0.0331
vn -0.9915 0.1291 0.0128
vn -0.9486 0.3161 0.0154
vn -0.1776 0.7841 0.5947
vn -0.1500 0.8015 0.5789
vn -0.1603 0.7893 0.5927
vn -0.1517 0.8021 0.5776
vn -0.1255 0.8196 0.5591
vn -0.0737 0.9453 -0.3177
vn -0.1198 0.9193 -0.3749
vn -0.0427 0.9488 -0.3128
vn -0.0549 0.9448 -0.3229
vn -0.0000 0.9448 -0.3276
vn 0.1005 0.9048 -0.4138
vn -0.1961 0.9138 -0.3556
vn -0.2418 0.9099 -0.3370
vn -0.0262 0.0004 0.9997
vn -0.0002 0.0001 1.0000
vn -0.0260 0.0004 0.9997
vn -0.0221 -0.1286 0.9914
vn -0.0235 -0.1285 0.9914
vn -0.0522 0.0005 0.9986
vn -0.0047 -0.2515 0.9678
vn -0.0513 -0.2539 0.9659
vn -0.0000 -0.2576 0.9663
vn -0.0248 -0.2516 0.9675
vn -0.0249 -0.2514 0.9676
vn -0.9552 0.2535 -0.1524
vn 0.2647 0.9562 -0.1249
vn 0.6571 -0.5760 -0.4862
vn -0.0293 0.1437 -0.9892
vn -0.0547 0.1459 -0.9878
vn -0.0532 0.1434 -0.9882
vn -0.0341 0.1044 -0.9939
vn -0.0337 0.1040 -0.9940
vn -0.0592 0.0844 -0.9947
vn -0.0000 0.0595 -0.9982
vn -0.0172 0.0571 -0.9982
vn -0.0420 0.0544 -0.9976
vn -0.0408 0.0555 -0.9976
vn -0.0871 0.0764 -0.9933
vn 0.3034 -0.7059 -0.6400
vn -0.0603 0.1119 -0.9919
vn -0.0872 0.0783 -0.9931
vn -0.0855 0.1223 -0.9888
vn -0.0853 0.1203 -0.9891
vn -0.0491 -0.2535 0.9661
vn -0.0491 -0.2536 0.9661
vn -0.0545 0.0004 0.9985
vn -0.0522 0.0004 0.9986
vn -0.1172 0.9384 -0.3251
vn -0.0981 0.9414 -0.3226
vn -0.0201 0.9537 -0.3000
vn -0.0115 0.9559 -0.2935
vn -0.1525 0.8344 0.5297
vn -0.1558 0.2155 0.9640
vn -0.1409 0.8347 0.5323
vn -0.1152 0.7852 0.6085
vn -0.1069 0.7853 0.6098
vn -0.0147 0.9815 -0.1910
vn -0.0169 0.9815 -0.1908
vn -0.1264 -0.9490 0.2887
vn -0.0296 -0.8001 0.5991
vn -0.0008 1.0000 -0.0000
vn -0.0317 -0.8714 -0.4895
vn -0.0413 -0.8756 -0.4813
vn -0.0510 -0.6446 -0.7628
vn -0.0935 -0.6496 -0.7545
vn -0.0157 0.9962 -0.0855
vn -0.0051 0.9963 -0.0857
vn -0.0011 0.9964 -0.0849
vn -0.0759 0.9873 -0.1395
vn -0.0520 0.9965 -0.0649
vn -0.0664 0.9884 -0.1368
vn -0.0370 0.9993 -0.0106
vn -0.0468 0.9988 -0.0115
vn -0.0469 0.9988 -0.0139
vn 0.5118 0.8329 -0.2107
vn -0.0128 0.9962 -0.0857
vn -0.0517 -0.6428 -0.7643
vn -0.0267 -0.8705 -0.4915
vn -0.0602 0.1138 -0.9917
vn -0.0593 0.0862 -0.9945
vn -0.0513 -0.2538 0.9659
vn -0.0576 0.9450 -0.3220
vn -0.0120 -0.3632 0.9316
vn -0.0167 0.9811 -0.1928
vn -0.0322 -0.9609 0.2752
vn -0.8964 -0.4355 -0.0826
vn -0.0402 0.9967 -0.0706
vn -0.0375 0.9993 -0.0084
vn -0.0363 0.9832 0.1790
vn -0.0546 0.9822 0.1800
vn 0.0066 0.9978 0.0662
vn 0.0056 0.9978 0.0662
vn -0.9364 0.3409 0.0834
vn -0.9382 0.3354 0.0856
vn -0.9931 -0.1032 -0.0556
vn -0.9971 -0.0658 -0.0373
vn -0.9941 -0.0960 -0.0513
vn -0.9978 -0.0569 -0.0338
vn -0.9972 -0.0606 0.0429
vn -0.9983 -0.0024 0.0589
vn -0.9971 0.0155 0.0745
vn -0.9985 0.0091 0.0543
vn -0.9762 -0.1864 0.1110
vn -0.9465 -0.2755 0.1679
vn -0.9946 -0.0506 0.0901
vn 0.6081 -0.6687 0.4278
vn -0.0548 -0.9255 0.3748
vn -0.0523 -0.9256 0.3748
vn 0.4821 0.8519 -0.2046
vn -0.7863 0.5645 0.2513
vn -0.9198 -0.1707 0.3533
vn -0.6253 0.7668 0.1451
vn -0.0555 0.9821 0.1799
vn 0.3977 0.8715 0.2871
vn -0.5248 0.8504 0.0369
vn 0.5832 0.7486 0.3154
vn -0.5124 0.8587 -0.0006
vn -0.5287 0.8474 0.0492
vn -0.9191 -0.1782 0.3514
vn -0.8486 -0.5230 0.0798
vn -0.0243 -0.9285 0.3706
vn -0.8219 -0.5695 0.0076
vn -0.9115 -0.3973 -0.1064
vn -0.9943 -0.1053 -0.0149
vn -0.8340 0.5433 -0.0967
vn -0.9738 -0.2227 0.0457
vn -0.5788 0.8035 -0.1393
vn -0.9970 -0.0000 0.0773
vn -0.9783 -0.1997 -0.0548
vn -0.9908 -0.1312 -0.0322
vn -0.9514 -0.3036 -0.0518
vn -0.9656 -0.2488 -0.0762
vn -0.0009 0.9993 -0.0363
vn -0.9348 0.3526 -0.0414
vn -0.9330 0.3577 -0.0402
vn -0.0075 0.9993 -0.0378
vn -0.0034 0.9993 -0.0375
vn -0.0022 0.9993 -0.0387
vn -0.0018 0.9992 -0.0388
vn -0.0034 0.9992 -0.0388
vn -0.9971 0.0128 0.0756
vn -0.9432 0.3250 0.0686
vn 0.0003 0.9994 0.0354
vn -0.8612 -0.4932 0.1227
vn -0.5065 0.8622 0.0057
vn -0.0495 0.9963 -0.0698
vn -0.9925 0.1219 -0.0028
vn 0.8612 -0.4932 0.1227
vn 0.5065 0.8622 0.0057
vn 0.9590 0.2815 -0.0331
vn 0.9453 0.3261 -0.0000
vn -0.9453 0.3261 -0.0000
vn -0.9485 0.3164 0.0180
vn -0.0000 1.0000 -0.0011
vn -0.7131 0.6943 -0.0968
vn -0.6887 0.7249 -0.0145
vn 0.6888 0.7248 0.0135
vn -0.0882 0.9961 -0.0094
vn 0.9818 -0.0082 0.1900
vn 0.5581 0.7948 0.2385
vn 0.9998 0.0019 0.0199
vn 0.6315 -0.7693 0.0967
vn 0.6905 -0.7232 0.0152
vn -0.0829 -0.9958 -0.0399
vn -0.0005 -1.0000 0.0012
vn -0.6940 -0.7148 -0.0860
vn -0.9998 0.0018 -0.0200
vn -0.7066 -0.7067 -0.0366
vn -0.6947 -0.7193 -0.0086
vn -0.9999 -0.0000 -0.0101
vn 0.9997 -0.0000 0.0253
vn -0.6945 0.7194 -0.0086
vn 0.6922 -0.7215 0.0165
vn -0.0006 1.0000 0.0007
vn -0.0006 -1.0000 0.0007
vn 0.7071 0.7060 0.0391
vn 0.0525 0.9966 0.0636
vn 0.6817 0.7243 0.1035
vn -0.6419 -0.7556 -0.1305
vn 0.9923 0.0081 0.1238
vn -0.9901 0.0480 -0.1319
vn -0.5871 0.8079 -0.0521
vn 0.7015 -0.7064 0.0947
vn 0.0257 -0.9988 0.0427
vn 0.8300 0.1041 0.5480
vn -0.1948 0.9776 0.0801
vn 0.3675 -0.7463 0.5550
vn 0.0787 -0.9969 -0.0000
vn 0.4868 0.7835 0.3862
vn -0.4103 -0.7729 -0.4841
vn -0.7981 -0.0052 -0.6025
vn -0.5497 0.7533 -0.3610
vn -0.4757 -0.0352 -0.8789
vn 0.1622 0.6843 0.7109
vn -0.3523 0.7805 -0.5164
vn 0.4410 -0.0367 0.8968
vn 0.3338 -0.8262 0.4539
vn -0.1186 0.9929 0.0071
vn 0.0622 -0.9980 0.0095
vn -0.3829 -0.7470 -0.5434
vn -0.2259 -0.7978 -0.5590
vn -0.0000 0.9998 0.0174
vn 0.1962 0.7903 0.5804
vn 0.3132 -0.0000 0.9497
vn -0.3972 0.0001 -0.9177
vn -0.2259 0.7978 -0.5590
vn 0.1962 -0.7904 0.5804
vn -0.0000 -0.9998 0.0174
vn 0.0687 0.9975 -0.0154
vn 0.4766 -0.7888 0.3881
vn 0.7108 -0.0237 0.7030
vn 0.0716 -0.9972 -0.0194
vn -0.4881 0.8012 -0.3460
vn 0.4026 0.7015 0.5881
vn -0.9822 -0.0928 -0.1631
vn -0.7156 -0.6427 -0.2737
vn -0.7703 0.1493 -0.6199
vn -0.4486 -0.4975 -0.7424
vn -0.9078 -0.3979 0.1322
vn -0.9911 -0.0166 0.1317
vn -0.2011 -0.6316 -0.7487
vn -0.6887 -0.7140 0.1263
vn -0.3702 -0.9211 0.1208
vn 0.3216 -0.5760 -0.7515
vn -0.0000 -0.9931 0.1171
vn 0.7576 -0.2885 -0.5855
vn 0.3702 -0.9211 0.1208
vn 0.6887 -0.7140 0.1263
vn 0.7405 0.3112 -0.5957
vn 0.9078 -0.3980 0.1322
vn 0.5703 0.5539 -0.6066
vn 0.9911 -0.0166 0.1317
vn 0.2964 0.7392 -0.6048
vn 0.9195 0.3699 0.1328
vn 0.7035 0.6993 0.1273
vn -0.3331 0.7293 -0.5976
vn 0.3793 0.9174 0.1209
vn -0.5910 0.5487 -0.5913
vn -0.0000 0.9915 0.1299
vn -0.3792 0.9174 0.1209
vn -0.6647 0.1990 -0.7201
vn -0.7034 0.6993 0.1273
vn -0.6868 -0.0576 -0.7245
vn -0.9195 0.3700 0.1328
vn -0.6078 -0.3080 -0.7319
vn -0.4631 -0.1512 0.8733
vn -0.4299 -0.3259 0.8420
vn -0.3356 -0.4800 0.8105
vn -0.1856 -0.5902 0.7856
vn -0.0000 -0.6308 0.7760
vn 0.1856 -0.5902 0.7856
vn 0.3355 -0.4801 0.8105
vn 0.4299 -0.3258 0.8420
vn 0.4631 -0.1512 0.8733
vn 0.4342 0.0257 0.9004
vn 0.3421 0.1862 0.9210
vn 0.1907 0.3034 0.9336
vn -0.0000 0.3475 0.9377
vn -0.1907 0.3034 0.9336
vn -0.3421 0.1862 0.9210
vn -0.4342 0.0257 0.9004
vn 0.6419 -0.3633 0.6753
vn 0.6945 -0.1117 0.7107
vn 0.6864 -0.1061 0.7195
vn 0.4999 -0.5898 0.6343
vn 0.6416 -0.3834 0.6643
vn 0.2742 -0.7482 0.6041
vn 0.4871 -0.6103 0.6247
vn -0.0000 -0.8054 0.5928
vn 0.2602 -0.7571 0.5992
vn -0.2602 -0.7571 0.5992
vn -0.0000 -0.8069 0.5907
vn -0.2742 -0.7482 0.6041
vn -0.4871 -0.6103 0.6247
vn -0.4999 -0.5898 0.6343
vn -0.6416 -0.3834 0.6643
vn -0.6419 -0.3633 0.6753
vn -0.6945 -0.1117 0.7107
vn -0.6864 -0.1061 0.7195
vn -0.6366 0.1578 0.7549
vn -0.6323 0.1476 0.7606
vn -0.4808 0.3809 0.7898
vn -0.4863 0.3661 0.7934
vn -0.2565 0.5249 0.8116
vn -0.2647 0.5173 0.8139
vn -0.0000 0.5737 0.8190
vn 0.2647 0.5173 0.8139
vn -0.0000 0.5715 0.8206
vn 0.4863 0.3661 0.7934
vn 0.2565 0.5249 0.8116
vn 0.6323 0.1476 0.7606
vn 0.4808 0.3809 0.7898
vn 0.6366 0.1578 0.7549
vn -0.3356 -0.4801 0.8105
vn 0.3356 -0.4801 0.8105
vn 0.4299 -0.3259 0.8420
vn 0.6346 -0.3611 0.6833
vn 0.6864 -0.1130 0.7184
vn 0.6781 -0.1071 0.7272
vn 0.4945 -0.5853 0.6426
vn 0.6343 -0.3816 0.6723
vn 0.2714 -0.7423 0.6126
vn 0.4817 -0.6061 0.6330
vn -0.0000 -0.7990 0.6014
vn 0.2573 -0.7514 0.6077
vn -0.2573 -0.7514 0.6077
vn -0.0000 -0.8005 0.5993
vn -0.2714 -0.7423 0.6126
vn -0.4817 -0.6061 0.6330
vn -0.4945 -0.5853 0.6426
vn -0.6343 -0.3815 0.6724
vn -0.6346 -0.3611 0.6833
vn -0.6864 -0.1130 0.7184
vn -0.6781 -0.1071 0.7272
vn -0.6287 0.1532 0.7624
vn -0.6242 0.1432 0.7680
vn -0.4746 0.3731 0.7972
vn -0.4798 0.3585 0.8008
vn -0.2529 0.5149 0.8191
vn -0.2610 0.5073 0.8213
vn -0.0000 0.5629 0.8265
vn 0.2610 0.5073 0.8213
vn -0.0000 0.5606 0.8281
vn 0.4798 0.3585 0.8008
vn 0.2529 0.5149 0.8191
vn 0.6242 0.1432 0.7680
vn 0.4746 0.3731 0.7972
vn 0.6287 0.1532 0.7624
vn -0.0000 0.0001 1.0000
vn 0.0751 -0.0000 -0.9972
vn 0.6055 -0.0000 -0.7959
vn 0.9853 -0.0000 -0.1708
vn 0.9996 -0.0000 -0.0277
vn 0.9881 -0.0001 -0.1538
vn -0.0084 0.9980 0.0628
vn 0.9328 -0.3156 -0.1740
vn 0.9605 -0.2766 -0.0309
vn 0.9615 -0.2722 -0.0369
vn 0.0720 -0.4354 -0.8974
vn 0.5070 -0.4400 -0.7412
vn 0.0871 -0.4300 -0.8986
vn 0.9401 -0.3122 -0.1372
vn -0.0020 0.9891 0.1474
vn -0.0134 0.9971 0.0745
vn -0.0040 0.9860 0.1669
vn -0.0027 0.9975 0.0701
vn -0.0000 -0.4317 -0.9020
vn 0.0160 -0.4316 -0.9019
vn -0.0001 0.0004 1.0000
vn -0.0000 -0.0000 -1.0000
vn 0.0176 -0.0000 -0.9998
vn -0.0006 0.0018 1.0000
vn -0.1309 0.0341 0.9908
vn -0.2097 0.0064 0.9778
vn -0.1064 -0.0000 0.9943
vn -0.0278 0.9958 0.0873
vn -0.0028 0.9764 0.2160
vn 0.0449 -0.4312 -0.9011
vn 0.0452 -0.4312 -0.9011
vn 0.0499 -0.0000 -0.9988
vn -0.0330 0.9744 0.2225
vn -0.0064 0.9998 0.0202
vn -0.2095 -0.0000 0.9778
vn -0.3402 0.0294 0.9399
vn 0.0288 -0.7878 0.6152
vn -0.0000 -0.7881 0.6155
vn 0.0287 -0.7878 0.6153
vn -0.0186 0.1808 -0.9833
vn 0.0022 0.1808 -0.9835
vn -0.0185 0.1808 -0.9833
vn 0.9819 -0.0343 0.1865
vn 0.9185 -0.0715 0.3890
vn 0.8054 -0.1072 0.5830
vn 0.0459 -0.1806 0.9825
vn -0.0000 -0.1808 0.9835
vn -0.0109 -0.9811 -0.1934
vn -0.0053 -0.9644 -0.2644
vn -0.0123 -0.9837 -0.1793
vn -0.0000 0.9835 0.1809
vn 0.0087 0.9833 0.1818
vn 0.0082 0.9833 0.1816
vn 0.9899 -0.0878 0.1116
vn 0.6520 -0.5513 0.5206
vn 0.9449 -0.1810 0.2726
vn 0.9928 -0.0483 0.1094
vn 0.9863 -0.0299 0.1624
vn 0.0081 0.9834 0.1812
vn -0.0024 -0.9834 -0.1812
vn 0.0039 -0.9776 -0.2106
vn 0.9957 -0.0168 0.0912
vn -0.0000 -0.9835 -0.1809
vn -0.0082 -0.9832 -0.1822
vn 0.0093 0.9820 0.1888
vn 0.0028 0.9835 0.1811
vn -0.0000 0.1808 -0.9835
vn -0.0437 0.1807 -0.9826
vn 0.0138 0.9833 0.1814
vn -0.0085 -0.9831 -0.1830
vn -0.0000 -0.9835 -0.1808
vn 0.0916 -0.1801 0.9794
vn 0.0920 -0.1801 0.9793
vn -0.0438 0.1807 -0.9826
vn 0.0575 -0.7868 0.6145
vn 0.0576 -0.7868 0.6145
vn 0.8146 -0.4418 0.3757
vn 0.0105 0.9773 0.2114
vn -0.0026 0.9803 0.1977
vn -0.0004 0.9835 0.1808
vn -0.0081 -0.9834 -0.1814
vn 0.8892 -0.2502 0.3831
vn 0.8904 -0.3173 0.3263
vn 0.8902 -0.3236 0.3208
vn 0.1668 0.6052 0.7784
vn 0.0065 0.6591 0.7520
vn 0.2094 0.5876 0.7816
vn -0.7560 0.4934 -0.4302
vn 0.1458 -0.4941 -0.8571
vn 0.4968 0.6749 -0.5456
vn 0.4894 0.6840 -0.5410
vn 0.4264 0.7528 -0.5015
vn -0.5533 -0.7002 0.4511
vn -0.9649 -0.0000 0.2627
vn -0.9649 -0.0000 0.2628
vn -0.1917 -0.0000 -0.9815
vn 0.7234 -0.0000 0.6905
vn 0.1916 -0.0000 0.9815
vn 0.0967 -0.8634 0.4952
vn 0.0967 0.8634 0.4952
vn 0.0380 0.9801 0.1948
vn 0.0380 -0.9801 0.1948
vn 0.9375 -0.0000 0.3480
vn -0.7625 -0.0000 0.6470
vn 0.0854 0.3162 -0.9449
vn 0.0850 -0.3165 -0.9448
vn 0.0851 -0.3165 -0.9448
vn -0.4131 0.2909 -0.8630
vn 0.0848 0.3167 -0.9447
vn -0.4135 -0.2905 -0.8629
vn -0.4146 -0.2891 -0.8629
vn -0.4142 0.2896 -0.8629
vn -0.5391 0.0418 -0.8412
vn 0.3445 0.7554 0.5574
vn 0.0697 0.9911 0.1133
vn 0.4231 -0.7358 0.5288
vn 0.5962 -0.0022 0.8029
vn 0.0824 -0.9917 0.0989
vn -0.2782 0.8397 -0.4663
vn -0.3263 -0.8176 -0.4744
vn 0.9555 -0.0967 -0.2789
vn 0.9544 -0.0913 -0.2843
vn 0.9517 -0.0953 -0.2918
vn 0.9541 -0.0894 -0.2860
vn 0.9513 -0.0964 -0.2929
vn 0.9523 -0.1020 -0.2875
vn 0.9551 -0.0977 -0.2798
vn 0.9533 -0.1022 -0.2841
vn 0.9553 -0.0957 -0.2798
vn 0.9534 -0.0909 -0.2876
vn 0.9527 -0.1039 -0.2857
vn 0.9514 -0.0975 -0.2920
vn -0.9802 0.1548 -0.1232
vn 0.1217 -0.0192 -0.9924
vn -0.1217 0.0192 0.9924
vn -0.1560 -0.9878 -0.0000
vn 0.1560 0.9878 -0.0000
vn 0.9862 -0.1550 0.0585
vn 0.9692 -0.1376 0.2043
vn 0.9650 -0.1348 0.2249
vn 0.9615 -0.2459 0.1226
vn 0.9685 -0.2173 0.1217
vn 0.9688 -0.2158 0.1216
vn 0.9615 -0.2460 0.1226
vn 0.9862 -0.1550 0.0586
vn 0.9650 -0.1349 0.2248
vn -0.9616 0.2714 0.0400
vn -0.0144 0.0957 -0.9953
vn 0.0144 -0.0957 0.9953
vn -0.2739 -0.9577 -0.0881
vn 0.2739 0.9577 0.0881
vn 0.9589 -0.2639 -0.1044
vn 0.9637 -0.2636 0.0432
vn 0.9626 -0.2631 0.0643
vn 0.9320 -0.3592 -0.0480
vn 0.9423 -0.3315 -0.0468
vn 0.9428 -0.3300 -0.0467
vn 0.9321 -0.3591 -0.0480
vn 0.9428 -0.3301 -0.0467
vn 0.9636 -0.2636 0.0432
vn 0.7810 0.6062 -0.1501
vn 0.6887 0.7249 -0.0145
vn 0.0897 0.9946 -0.0524
vn -0.6888 0.7248 0.0129
vn -0.9817 -0.0095 0.1901
vn -0.9998 0.0019 0.0199
vn -0.6319 -0.7691 0.0961
vn -0.6905 -0.7232 0.0146
vn 0.0829 -0.9958 -0.0399
vn 0.0005 -1.0000 0.0012
vn 0.6939 -0.7149 -0.0861
vn 0.6904 -0.7233 -0.0129
vn 0.9998 0.0018 -0.0199
vn 0.6947 -0.7193 -0.0086
vn -0.9997 -0.0000 0.0253
vn -0.6920 0.7217 0.0165
vn 0.9999 -0.0000 -0.0101
vn -0.7042 -0.7090 0.0384
vn 0.7084 0.7057 0.0108
vn 0.0006 -1.0000 0.0007
vn 0.0006 1.0000 0.0007
vn -0.0525 0.9966 0.0636
vn 0.6076 -0.7720 -0.1866
vn -0.7559 0.6397 0.1394
vn 0.9910 -0.0120 -0.1336
vn -0.6830 -0.7164 0.1425
vn 0.6937 0.7200 0.0209
vn -0.0840 -0.9953 0.0479
vn -0.8544 -0.0419 0.5179
vn -0.9512 0.0095 0.3084
vn 0.1057 0.9940 -0.0266
vn -0.3838 -0.7088 0.5919
vn 0.3713 -0.7529 -0.5434
vn -0.6535 0.6485 0.3904
vn 0.7776 -0.0356 -0.6277
vn 0.5482 0.7735 -0.3180
vn 0.4741 -0.0263 -0.8801
vn -0.2509 0.7863 0.5646
vn 0.4381 0.7588 -0.4819
vn -0.4454 -0.0386 0.8945
vn 0.0648 0.9974 -0.0313
vn -0.0839 -0.9928 -0.0858
vn -0.1540 -0.7092 0.6880
vn 0.3133 -0.7956 -0.5186
vn 0.2259 -0.7978 -0.5590
vn -0.0922 -0.9957 -0.0085
vn -0.1962 0.7903 0.5804
vn 0.3972 0.0001 -0.9177
vn -0.1962 -0.7904 0.5804
vn 0.2259 0.7978 -0.5590
vn -0.0316 0.9984 0.0476
vn -0.7050 0.6908 0.1605
vn -0.4767 -0.7888 0.3880
vn 0.0432 -0.9869 -0.1553
vn 0.6365 0.7036 -0.3160
vn -0.3700 0.7595 0.5350
vn 0.5876 -0.7674 -0.2566
vn 0.9756 -0.0972 -0.1969
vn 0.8411 0.0614 -0.5374
vn 0.9381 -0.3092 0.1562
vn 0.7487 -0.6466 0.1465
vn 0.4496 -0.8827 0.1368
vn 0.8048 -0.0021 -0.5936
vn 0.0882 -0.9877 0.1292
vn -0.2366 -0.1456 -0.9606
vn 0.5785 -0.5590 -0.5941
vn -0.4496 -0.8827 0.1368
vn -0.2900 -0.0635 -0.9549
vn -0.7487 -0.6466 0.1465
vn -0.2851 0.0532 -0.9570
vn -0.9381 -0.3092 0.1562
vn -0.9838 0.0831 0.1587
vn -0.1665 0.2250 -0.9600
vn -0.8712 0.4639 0.1605
vn -0.0746 0.2720 -0.9594
vn -0.6177 0.7713 0.1531
vn 0.0510 0.2602 -0.9642
vn -0.2680 0.9529 0.1417
vn 0.2680 0.9529 0.1417
vn 0.4358 0.7314 0.5244
vn 0.6177 0.7713 0.1531
vn 0.8712 0.4640 0.1605
vn -0.0051 0.7942 -0.6076
vn -0.3355 -0.4801 0.8105
vn -0.1907 0.3035 0.9336
vn -0.6419 -0.3632 0.6753
vn -0.6864 -0.1062 0.7195
vn 0.2603 -0.7571 0.5992
vn -0.9838 0.0831 0.1588
vn -0.4342 0.0258 0.9004
vn -0.6343 -0.3816 0.6723
vn 0.2574 -0.7513 0.6077
vn -0.4798 0.3586 0.8008
vn -0.6055 -0.0000 -0.7959
vn -0.0751 -0.0000 -0.9972
vn -0.9996 -0.0000 -0.0277
vn -0.9853 -0.0000 -0.1708
vn -0.9881 -0.0000 -0.1538
vn -0.0116 0.9976 0.0686
vn -0.9328 -0.3156 -0.1740
vn -0.9605 -0.2766 -0.0309
vn -0.9401 -0.3122 -0.1372
vn -0.5070 -0.4400 -0.7412
vn -0.0720 -0.4354 -0.8974
vn -0.0871 -0.4300 -0.8986
vn -0.5638 -0.4453 -0.6956
vn 0.0020 0.9891 0.1474
vn -0.0000 0.9889 0.1485
vn -0.5658 -0.0000 -0.8246
vn 0.0040 0.9860 0.1669
vn -0.0160 -0.4316 -0.9019
vn 0.0103 0.9974 0.0714
vn 0.0001 0.0004 1.0000
vn -0.0176 -0.0000 -0.9998
vn 0.0006 0.0018 1.0000
vn 0.1309 0.0341 0.9908
vn 0.2097 0.0064 0.9778
vn 0.1064 -0.0000 0.9943
vn -0.0221 0.9942 0.1054
vn 0.0028 0.9764 0.2160
vn -0.0449 -0.4312 -0.9011
vn -0.0158 -0.4316 -0.9019
vn -0.0499 -0.0000 -0.9988
vn 0.0330 0.9744 0.2225
vn 0.0064 0.9998 0.0202
vn 0.2095 -0.0000 0.9778
vn 0.3402 0.0294 0.9399
vn 0.2089 0.0776 0.9749
vn -0.0452 -0.4312 -0.9011
vn -0.0288 -0.7878 0.6152
vn -0.0287 -0.7878 0.6153
vn -0.0022 0.1808 -0.9835
vn 0.0186 0.1808 -0.9833
vn 0.0185 0.1808 -0.9833
vn -0.9819 -0.0343 0.1865
vn -0.9185 -0.0715 0.3890
vn -0.9927 -0.0218 0.1184
vn -0.0459 -0.1806 0.9825
vn 0.0135 -0.9818 -0.1893
vn 0.0053 -0.9644 -0.2644
vn -0.0039 -0.9776 -0.2106
vn -0.0087 0.9833 0.1818
vn -0.0082 0.9833 0.1816
vn -0.6520 -0.5513 0.5206
vn -0.9899 -0.0878 0.1116
vn -0.9449 -0.1810 0.2726
vn -0.9928 -0.0483 0.1094
vn -0.9863 -0.0299 0.1624
vn -0.0081 0.9834 0.1812
vn 0.0024 -0.9834 -0.1812
vn -0.0004 -0.9835 -0.1808
vn -0.9957 -0.0168 0.0912
vn 0.0080 -0.9832 -0.1825
vn 0.0081 -0.9834 -0.1814
vn -0.0089 0.9819 0.1891
vn -0.0027 0.9835 0.1811
vn 0.0437 0.1807 -0.9826
vn -0.0138 0.9833 0.1814
vn 0.0087 -0.9831 -0.1827
vn -0.0916 -0.1801 0.9794
vn -0.0920 -0.1801 0.9793
vn 0.0438 0.1807 -0.9826
vn -0.0575 -0.7868 0.6145
vn -0.0576 -0.7868 0.6145
vn -0.8146 -0.4418 0.3758
vn -0.8054 -0.1072 0.5830
vn -0.0105 0.9773 0.2114
vn 0.0026 0.9803 0.1977
vn 0.0004 0.9835 0.1808
vn 0.0123 -0.9837 -0.1793
vn -0.8892 -0.2502 0.3831
vn -0.8904 -0.3173 0.3263
vn -0.8877 -0.2320 0.3977
vn -0.0065 0.6591 0.7520
vn -0.1668 0.6052 0.7784
vn -0.2094 0.5876 0.7816
vn 0.7560 0.4934 -0.4302
vn -0.1458 -0.4941 -0.8571
vn -0.4968 0.6749 -0.5456
vn -0.4894 0.6840 -0.5410
vn -0.5588 0.5914 -0.5814
vn 0.5533 -0.7002 0.4511
vn 0.9649 -0.0000 0.2627
vn 0.1917 -0.0000 -0.9815
vn -0.7234 -0.0000 0.6905
vn -0.1916 -0.0000 0.9815
vn -0.0967 -0.8634 0.4952
vn -0.0967 0.8634 0.4952
vn -0.0380 0.9801 0.1948
vn -0.0380 -0.9801 0.1948
vn -0.9375 -0.0000 0.3480
vn 0.7625 -0.0000 0.6470
vn -0.0850 -0.3165 -0.9448
vn -0.0854 0.3161 -0.9449
vn -0.0851 -0.3165 -0.9448
vn -0.0848 0.3167 -0.9447
vn 0.4131 0.2909 -0.8630
vn 0.4135 -0.2905 -0.8629
vn 0.4146 -0.2891 -0.8629
vn 0.5391 0.0418 -0.8412
vn -0.3445 0.7554 0.5574
vn -0.7172 -0.0158 0.6967
vn -0.4231 -0.7358 0.5288
vn -0.0824 -0.9917 0.0989
vn 0.2782 0.8397 -0.4663
vn -0.5962 -0.0022 0.8029
vn 0.3263 -0.8176 -0.4744
vn -0.9555 -0.0967 -0.2789
vn -0.9544 -0.0913 -0.2843
vn -0.9553 -0.0957 -0.2798
vn -0.9541 -0.0894 -0.2860
vn -0.9517 -0.0953 -0.2918
vn -0.9513 -0.0964 -0.2929
vn -0.9523 -0.1020 -0.2875
vn -0.9514 -0.0975 -0.2920
vn -0.9551 -0.0977 -0.2798
vn -0.9527 -0.1039 -0.2857
vn 0.9802 0.1548 -0.1232
vn -0.1217 -0.0192 -0.9924
vn 0.1217 0.0192 0.9924
vn 0.1560 -0.9878 -0.0000
vn -0.1560 0.9878 -0.0000
vn -0.9692 -0.1376 0.2043
vn -0.9862 -0.1550 0.0585
vn -0.9650 -0.1348 0.2249
vn -0.9685 -0.2174 0.1217
vn -0.9615 -0.2459 0.1226
vn -0.9688 -0.2158 0.1216
vn -0.9685 -0.2173 0.1217
vn -0.9615 -0.2460 0.1226
vn -0.9862 -0.1550 0.0586
vn -0.9650 -0.1348 0.2248
vn 0.9616 0.2714 0.0400
vn 0.0144 0.0957 -0.9953
vn -0.0144 -0.0957 0.9953
vn 0.2739 -0.9577 -0.0881
vn -0.2739 0.9577 0.0881
vn -0.9636 -0.2637 0.0432
vn -0.9589 -0.2639 -0.1044
vn -0.9626 -0.2631 0.0643
vn -0.9423 -0.3315 -0.0468
vn -0.9320 -0.3592 -0.0480
vn -0.9428 -0.3300 -0.0467
vn -0.9321 -0.3591 -0.0480
vn -0.9428 -0.3301 -0.0467
vn -0.1960 0.1191 -0.9733
vn 0.1259 0.3225 -0.9382
vn -0.1572 0.0471 -0.9864
vn -0.9905 -0.0995 0.0946
vn -0.8927 0.4483 -0.0449
vn -0.9916 0.0922 -0.0904
vn 0.9927 -0.0845 0.0866
vn 0.9453 -0.2871 -0.1550
vn 0.9916 0.0922 -0.0904
vn -0.8761 0.4353 0.2073
vn -0.6721 0.7402 -0.0179
vn 0.7178 -0.6960 0.0200
vn 0.8703 -0.4654 0.1609
vn -0.6280 0.7249 0.2831
vn -0.3604 0.9328 -0.0038
vn 0.4088 -0.8703 -0.2747
vn 0.6236 -0.7257 -0.2906
vn -0.0978 0.9199 0.3799
vn -0.2834 0.8923 0.3513
vn -0.0622 0.9205 0.3857
vn 0.3865 0.9223 -0.0079
vn 0.3621 0.8749 0.3215
vn 0.2860 0.8943 0.3442
vn -0.0047 1.0000 0.0054
vn -0.0047 -1.0000 -0.0050
vn 0.3704 -0.9285 0.0261
vn 0.0001 -0.0354 0.9994
vn -0.0900 -0.4028 0.9109
vn -0.0000 -0.4223 0.9065
vn 0.6721 0.7402 -0.0179
vn 0.3815 0.9244 0.0062
vn -0.6702 -0.7419 0.0202
vn -0.9453 -0.2871 -0.1548
vn -0.7430 -0.6307 -0.2239
vn 0.8761 0.4353 0.2073
vn 0.7500 0.5492 0.3685
vn -0.9361 -0.3448 0.0691
vn -0.9307 -0.3591 0.0690
vn -0.6752 -0.6835 -0.2774
vn -0.8959 -0.3902 -0.2125
vn 0.1620 0.3347 -0.9283
vn -0.0609 0.0452 -0.9971
vn 0.0900 0.4028 -0.9109
vn 0.0668 0.3589 -0.9310
vn -0.0865 -0.0023 -0.9963
vn -0.0000 0.0356 -0.9994
vn -0.0000 0.4223 -0.9064
vn -0.0001 -0.0205 -0.9998
vn -0.0000 0.3711 -0.9286
vn 0.0609 0.0452 -0.9971
vn -0.0900 0.4028 -0.9109
vn 0.0809 -0.0047 -0.9967
vn -0.1259 0.3224 -0.9382
vn 0.1572 0.0471 -0.9864
vn 0.1169 0.0754 -0.9903
vn -0.1619 0.3503 -0.9226
vn 0.2030 0.1169 -0.9722
vn -0.1660 0.2640 -0.9501
vn 0.1593 0.1272 -0.9790
vn -0.2060 0.2778 -0.9383
vn 0.2195 0.1968 -0.9556
vn -0.1778 0.1940 -0.9647
vn -0.2193 0.1971 -0.9555
vn 0.1778 0.1940 -0.9647
vn -0.1593 0.1271 -0.9790
vn 0.2059 0.2778 -0.9383
vn 0.1589 0.2481 -0.9556
vn -0.1233 0.0778 -0.9893
vn 0.9370 0.3413 -0.0742
vn 0.2185 -0.1900 0.9572
vn -0.1594 -0.1271 0.9790
vn 0.2059 -0.2778 0.9383
vn -0.9907 0.0224 0.1344
vn -0.9898 -0.0296 -0.1392
vn -0.1169 -0.0755 0.9903
vn 0.1619 -0.3503 0.9225
vn -0.0608 -0.0451 0.9971
vn 0.0900 -0.4028 0.9108
vn -0.9318 0.3551 -0.0749
vn -0.8959 0.3902 0.2125
vn 0.0634 -0.0397 0.9972
vn -0.1618 -0.3503 0.9226
vn -0.7175 0.6958 -0.0313
vn -0.6745 0.6852 0.2750
vn -0.4088 -0.8703 -0.2748
vn -0.3604 -0.9328 0.0038
vn 0.1233 -0.0778 0.9893
vn -0.2059 -0.2778 0.9383
vn -0.3678 0.8730 0.3203
vn -0.3866 0.9222 -0.0078
vn 0.0041 1.0000 -0.0045
vn 0.1607 -0.1374 0.9774
vn -0.2195 -0.1970 0.9555
vn -0.0530 0.3491 -0.9356
vn 0.6352 0.6778 0.3704
vn 0.9318 0.3552 -0.0750
vn 0.8954 0.3925 0.2102
vn 0.1686 -0.2054 0.9641
vn -0.2028 -0.1170 0.9722
vn 0.7131 0.6947 -0.0946
vn 0.9886 0.0339 0.1466
vn 0.9898 -0.0296 -0.1392
vn 0.1486 -0.2687 0.9517
vn -0.1573 -0.0471 0.9864
vn 0.8959 -0.3902 -0.2125
vn 0.9316 -0.3556 0.0754
vn 0.1076 -0.3180 0.9420
vn -0.0864 0.0023 0.9963
vn 0.6752 -0.6835 -0.2774
vn 0.7185 -0.6949 0.0301
vn 0.0530 -0.3493 0.9355
vn -0.0000 0.0205 0.9998
vn 0.3874 -0.9219 0.0092
vn 0.3620 -0.8752 -0.3208
vn -0.0105 -0.3595 0.9331
vn 0.0864 0.0023 0.9963
vn -0.0000 -0.9417 -0.3366
vn -0.0000 -1.0000 0.0006
vn -0.0751 -0.3443 0.9358
vn 0.1572 -0.0471 0.9864
vn -0.3854 -0.9227 0.0068
vn -0.3620 -0.8752 -0.3208
vn -0.1660 -0.2640 0.9501
vn 0.2028 -0.1170 0.9722
vn -0.7134 -0.6943 0.0951
vn -0.1683 -0.2054 0.9641
vn -0.0000 -0.9433 0.3321
vn -0.3067 -0.8861 0.3476
vn -0.5719 -0.7204 0.3925
vn -0.7537 -0.4649 0.4646
vn -0.8242 -0.1587 0.5435
vn -0.7695 0.1534 0.6200
vn -0.5930 0.4222 0.6856
vn -0.3234 0.6060 0.7268
vn -0.0000 0.6716 0.7410
vn 0.3234 0.6060 0.7268
vn 0.5930 0.4222 0.6856
vn 0.7695 0.1534 0.6200
vn 0.8242 -0.1587 0.5436
vn 0.7539 -0.4650 0.4642
vn 0.5714 -0.7197 0.3945
vn 0.3068 -0.8863 0.3468
vn 0.2725 0.5402 0.7962
vn 0.0155 0.5849 0.8110
vn 0.5143 0.4004 0.7584
vn 0.6907 0.1788 0.7007
vn 0.7757 -0.0965 0.6237
vn 0.7407 -0.3939 0.5442
vn 0.5795 -0.6612 0.4765
vn 0.3196 -0.8483 0.4222
vn -0.0000 -0.9180 0.3965
vn -0.3196 -0.8483 0.4222
vn -0.5802 -0.6614 0.4753
vn -0.1073 -0.3177 0.9421
vn -0.7383 -0.3942 0.5473
vn -0.7776 -0.0954 0.6215
vn -0.6912 0.1793 0.7001
vn -0.5139 0.3997 0.7590
vn -0.2725 0.5402 0.7962
vn -0.0000 -0.6710 -0.7415
vn 0.0974 -0.9199 -0.3798
vn 0.1703 -0.5867 -0.7917
vn 0.7680 -0.1531 -0.6219
vn 0.4415 -0.4801 -0.7580
vn 0.7621 -0.0226 -0.6471
vn 0.5714 0.7197 -0.3945
vn 0.7699 0.2532 -0.5858
vn 0.3067 0.8858 -0.3483
vn -0.0000 0.9437 -0.3308
vn -0.3396 0.8729 -0.3503
vn -0.7544 0.4654 -0.4629
vn -0.3519 0.7632 -0.5419
vn -0.8242 0.1587 -0.5435
vn -0.7685 -0.1532 -0.6213
vn -0.5933 -0.4224 -0.6853
vn -0.3234 -0.6060 -0.7268
vn -0.0000 0.9151 -0.4033
vn -0.3541 0.8321 -0.4268
vn -0.5795 0.6612 -0.4765
vn -0.5887 0.5471 -0.5950
vn -0.6919 -0.1801 -0.6992
vn -0.7059 0.2741 -0.6531
vn -0.5144 -0.4006 -0.7582
vn -0.2563 -0.5434 -0.7994
vn -0.0000 -0.5853 -0.8108
vn 0.2881 -0.5343 -0.7947
vn 0.5136 -0.3990 -0.7596
vn 0.5658 -0.2158 -0.7958
vn 0.7776 0.1229 -0.6166
vn 0.7374 0.3943 -0.5485
vn 0.6080 0.4761 -0.6354
vn 0.4499 0.6760 -0.5836
vn -0.0000 0.2038 -0.9790
vn 0.4987 0.6998 0.5115
vn 0.3046 0.9519 -0.0335
vn 0.4699 0.8222 0.3212
vn 0.9757 -0.1481 -0.1615
vn 0.9168 0.0425 -0.3970
vn 0.6925 -0.5960 0.4064
vn 0.2886 -0.7043 0.6487
vn 0.1560 -0.8654 0.4761
vn -0.0872 -0.7626 -0.6410
vn -0.9757 -0.1481 -0.1614
vn -0.6067 -0.3461 -0.7157
vn -0.6425 -0.4099 0.6474
vn -0.8496 0.1185 0.5139
vn -0.3047 0.9518 -0.0341
vn -0.4797 0.6658 -0.5716
vn 0.0464 0.2986 -0.9532
vn -0.0465 0.2988 -0.9532
vn -0.0774 0.3913 -0.9170
vn 0.1867 0.2753 -0.9431
vn 0.0764 0.0136 -0.9970
vn -0.1755 0.1222 -0.9769
vn -0.0715 0.0151 -0.9973
vn 0.0691 0.1887 -0.9796
vn 0.0368 0.1411 -0.9893
vn -0.0351 0.1422 -0.9892
vn -0.0665 0.1879 -0.9799
vn -0.0788 0.2310 -0.9698
vn 0.0735 0.2263 -0.9713
vn 0.1846 0.1339 -0.9736
vn 0.0624 0.3810 -0.9225
vn -0.1864 0.2759 -0.9429
vn 0.2130 0.7386 0.6396
vn 0.3759 0.9145 -0.1494
vn 0.3394 0.9350 0.1032
vn 0.3343 0.9336 0.1288
vn -0.3741 -0.9180 0.1317
vn -0.3741 -0.9181 0.1311
vn -0.3376 -0.9346 -0.1121
vn -0.8828 0.4698 -0.0010
vn -0.8827 0.4699 -0.0079
vn -0.8827 0.4699 -0.0081
vn 0.3752 0.9161 -0.1417
vn 0.8828 0.4698 -0.0010
vn 0.8827 0.4699 -0.0079
vn 0.8828 0.4698 -0.0008
vn -0.3752 0.9161 -0.1417
vn 0.3377 -0.9346 -0.1121
vn -0.3759 0.9145 -0.1494
vn -0.3393 0.9350 0.1032
vn -0.3343 0.9336 0.1288
vn 0.3741 -0.9180 0.1317
vn 0.3741 -0.9181 0.1311
vn -0.2387 0.9631 -0.1245
vn 0.2387 -0.9631 -0.1245
vn -0.2386 0.9629 -0.1257
vn -0.2391 0.9648 0.1096
vn -0.2381 0.9607 0.1427
vn 0.2391 -0.9647 0.1101
vn 0.2387 -0.9629 -0.1258
vn -0.2387 -0.9629 0.1257
vn -0.2391 -0.9648 -0.1096
vn -0.2387 -0.9631 0.1245
vn 0.2387 0.9631 0.1244
vn 0.2386 0.9629 0.1257
vn 0.2391 0.9647 -0.1102
vn 0.2381 0.9608 -0.1422
vn 0.0856 0.8115 0.5781
vn -0.0000 0.8097 0.5869
vn 0.0970 0.8178 0.5672
vn -0.0000 0.8638 -0.5038
vn 0.0546 0.8633 -0.5017
vn 0.0331 0.8708 -0.4906
vn 0.8726 0.4878 0.0250
vn 0.8731 0.4869 0.0238
vn 0.8638 0.5018 0.0445
vn 0.8847 0.4662 -0.0049
vn 0.8853 0.4651 -0.0011
vn 0.8865 0.4626 0.0108
vn 0.8860 0.4631 0.0229
vn 0.0968 0.8851 -0.4552
vn 0.1645 0.8818 -0.4421
vn 0.1137 0.8897 -0.4422
vn 0.1530 0.8208 0.5503
vn 0.1615 0.8187 0.5510
vn 0.1820 0.8212 0.5408
vn 0.1169 0.8749 -0.4700
vn 0.1514 0.8189 0.5537
vn -0.0856 0.8115 0.5781
vn -0.0000 0.8035 0.5954
vn -0.0546 0.8633 -0.5017
vn -0.0331 0.8708 -0.4906
vn -0.8731 0.4869 0.0238
vn -0.8726 0.4878 0.0250
vn -0.8638 0.5018 0.0445
vn -0.8847 0.4662 -0.0049
vn -0.8853 0.4651 -0.0011
vn -0.8829 0.4696 -0.0081
vn -0.8865 0.4626 0.0108
vn -0.8860 0.4631 0.0229
vn -0.1645 0.8818 -0.4421
vn -0.0968 0.8851 -0.4552
vn -0.1137 0.8897 -0.4422
vn -0.1615 0.8187 0.5510
vn -0.1530 0.8208 0.5503
vn -0.1820 0.8212 0.5408
vn -0.1169 0.8749 -0.4700
vn -0.0970 0.8178 0.5672
vn -0.9540 -0.2909 0.0724
vn -0.3277 0.9428 0.0610
vn -0.9719 0.0349 -0.2329
vn 0.2294 0.3648 -0.9024
vn 0.6675 0.6949 0.2677
vn 0.8669 -0.0739 0.4930
vn 0.9719 -0.0349 0.2329
vn 0.6888 0.6440 0.3329
vn -0.5468 -0.7979 -0.2536
vn 0.2625 -0.9640 0.0427
vn -0.6840 -0.7293 0.0158
vn 0.8531 -0.5044 0.1334
vn 0.2294 -0.0842 -0.9697
vn -0.9541 -0.2897 0.0756
vn 0.8691 -0.0733 0.4891
vn 0.2585 -0.9655 0.0326
vn -0.6853 -0.7278 0.0246
vn 0.8895 0.3652 0.2745
vn 0.3277 0.9428 0.0610
vn 0.8749 0.4819 0.0488
vn -0.2294 0.3648 -0.9024
vn -0.7941 -0.3531 0.4946
vn -0.6675 0.6949 0.2677
vn -0.9719 -0.0349 0.2329
vn -0.6768 0.0144 0.7360
vn 0.5468 -0.7979 -0.2536
vn -0.2625 -0.9640 0.0427
vn -0.8531 -0.5044 0.1335
vn 0.4383 -0.8153 0.3785
vn -0.2294 -0.0842 -0.9697
vn -0.8531 -0.5044 0.1334
vn 0.4394 -0.1849 0.8791
vn 0.0872 0.2433 0.9660
vn -0.3103 0.0866 0.9467
vn 0.4400 -0.1849 0.8788
vn 0.0877 0.2447 0.9656
vn -0.3089 0.0868 0.9471
vn -0.3399 -0.1420 0.9297
vn -0.6644 -0.0869 0.7423
vn -0.6199 -0.3591 0.6977
vn -0.4751 -0.5739 0.6670
vn -0.2160 -0.3033 0.9281
vn -0.2559 -0.7218 0.6431
vn -0.0871 -0.3554 0.9306
vn 0.0002 -0.7720 0.6356
vn 0.0351 -0.3635 0.9309
vn 0.0582 -0.3908 0.9186
vn 0.2559 -0.7207 0.6443
vn 0.2044 -0.3354 0.9196
vn 0.4739 -0.5723 0.6692
vn 0.6173 -0.3581 0.7005
vn 0.6611 -0.0873 0.7452
vn 0.3375 0.0065 0.9413
vn 0.5703 0.1584 0.8060
vn 0.2671 0.1284 0.9551
vn 0.3941 0.3225 0.8606
vn 0.1644 0.1929 0.9673
vn 0.1938 0.4018 0.8950
vn 0.0002 0.4227 0.9063
vn -0.0054 0.2177 0.9760
vn -0.0689 0.2197 0.9731
vn -0.1939 0.4032 0.8943
vn -0.1651 0.1983 0.9661
vn -0.3955 0.3247 0.8592
vn -0.5732 0.1601 0.8036
vn -0.3408 0.0099 0.9401
vn -0.3392 -0.1420 0.9299
vn -0.6617 -0.0872 0.7447
vn -0.6176 -0.3583 0.7002
vn -0.4739 -0.5725 0.6692
vn -0.2157 -0.3027 0.9283
vn -0.2556 -0.7205 0.6446
vn -0.0872 -0.3551 0.9307
vn -0.0000 -0.7714 0.6363
vn 0.0350 -0.3633 0.9310
vn 0.0582 -0.3909 0.9186
vn 0.2556 -0.7206 0.6445
vn 0.2043 -0.3356 0.9196
vn 0.4739 -0.5725 0.6690
vn 0.6178 -0.3584 0.7000
vn 0.6619 -0.0872 0.7445
vn 0.3380 0.0067 0.9411
vn 0.5715 0.1589 0.8051
vn 0.2677 0.1289 0.9548
vn 0.3954 0.3239 0.8595
vn 0.1650 0.1937 0.9671
vn 0.1945 0.4038 0.8939
vn -0.0000 0.4243 0.9055
vn -0.0054 0.2185 0.9758
vn -0.0689 0.2203 0.9730
vn -0.1944 0.4037 0.8940
vn -0.1650 0.1984 0.9661
vn -0.3953 0.3237 0.8596
vn -0.5713 0.1588 0.8052
vn -0.3399 0.0097 0.9404
vn -0.3261 0.1023 0.9398
vn -0.1328 -0.5306 0.8371
vn 0.4182 -0.1388 0.8977
vn -0.3272 0.1027 0.9394
vn -0.1330 -0.5304 0.8372
vn 0.4161 -0.1392 0.8986
vn 0.6644 -0.0869 0.7423
vn 0.3390 0.0070 0.9408
vn 0.4751 -0.5739 0.6670
vn 0.2199 -0.3984 0.8905
vn 0.2559 -0.7218 0.6431
vn 0.0489 -0.4628 0.8851
vn -0.0002 -0.7720 0.6356
vn -0.1138 -0.4449 0.8883
vn -0.3805 -0.3115 0.8707
vn -0.2559 -0.7207 0.6443
vn -0.4298 -0.1579 0.8890
vn -0.4739 -0.5723 0.6692
vn -0.6611 -0.0873 0.7452
vn -0.3731 0.0284 0.9274
vn -0.5703 0.1584 0.8060
vn -0.3941 0.3225 0.8606
vn -0.1762 0.2152 0.9605
vn -0.1938 0.4019 0.8949
vn -0.0703 0.2353 0.9694
vn -0.0002 0.4227 0.9063
vn 0.0160 0.2298 0.9731
vn 0.1048 0.2259 0.9685
vn 0.2108 0.1834 0.9602
vn 0.1939 0.4032 0.8943
vn 0.3222 0.0947 0.9419
vn 0.3955 0.3247 0.8592
vn 0.5732 0.1601 0.8036
vn 0.6617 -0.0872 0.7447
vn 0.3379 0.0067 0.9412
vn 0.4739 -0.5725 0.6691
vn 0.2197 -0.3970 0.8911
vn 0.2556 -0.7205 0.6446
vn 0.0492 -0.4621 0.8855
vn -0.1136 -0.4447 0.8884
vn -0.3807 -0.3113 0.8708
vn -0.2556 -0.7206 0.6445
vn -0.4303 -0.1577 0.8888
vn -0.4739 -0.5725 0.6690
vn -0.6619 -0.0872 0.7445
vn -0.3737 0.0287 0.9271
vn -0.5715 0.1589 0.8051
vn -0.3954 0.3239 0.8595
vn -0.1768 0.2162 0.9602
vn -0.1945 0.4038 0.8939
vn -0.0705 0.2365 0.9691
vn 0.0161 0.2308 0.9729
vn 0.1048 0.2263 0.9684
vn 0.2101 0.1833 0.9604
vn 0.1944 0.4036 0.8940
vn 0.3203 0.0946 0.9426
vn 0.3953 0.3237 0.8596
vn 0.5713 0.1588 0.8052
vn -0.0005 0.0002 1.0000
vn 0.0246 -0.1295 0.9913
vn -0.0015 -0.1459 0.9893
vn 0.0535 -0.1306 0.9900
vn -0.0000 -0.2571 0.9664
vn 0.0503 -0.2545 0.9658
vn -0.0000 -0.2525 0.9676
vn 0.0244 -0.2523 0.9673
vn 0.0027 -0.1295 0.9916
vn 0.0879 0.1111 -0.9899
vn 0.0437 0.0556 -0.9975
vn 0.0887 0.0552 -0.9945
vn 0.0618 0.1138 -0.9916
vn 0.0266 0.1644 -0.9860
vn 0.0455 0.1188 -0.9919
vn 0.0112 0.0654 -0.9978
vn 0.0867 0.1662 -0.9823
vn 0.0591 0.1683 -0.9840
vn 0.0602 0.1134 -0.9917
vn 0.0607 0.0578 -0.9965
vn 0.0510 -0.0001 0.9987
vn 0.0506 -0.1304 0.9902
vn 0.0485 -0.2540 0.9660
vn 0.0003 0.1149 -0.9934
vn -0.0000 0.0592 -0.9982
vn -0.0000 0.1696 -0.9855
vn 0.0533 -0.0001 0.9986
vn 0.9338 -0.3000 0.1952
vn 0.9761 -0.2157 -0.0259
vn 0.9743 -0.2250 0.0131
vn 0.9747 -0.2230 -0.0137
vn -0.0000 -0.4346 0.9006
vn 0.0289 -0.4332 0.9008
vn 0.9742 -0.2253 0.0130
vn 0.9751 -0.2054 -0.0837
vn 0.9216 -0.2683 -0.2805
vn 0.9162 -0.2678 -0.2981
vn 0.1072 -0.4467 0.8882
vn 0.1738 -0.3644 -0.9149
vn 0.0643 -0.3613 -0.9302
vn 0.1920 -0.3625 -0.9120
vn 0.9755 -0.2109 -0.0619
vn -0.0000 -0.3620 -0.9322
vn 0.0589 -0.3626 -0.9301
vn -0.0000 -0.3628 -0.9319
vn -0.0080 0.9904 -0.1378
vn -0.0000 0.9906 -0.1367
vn -0.0000 0.9911 -0.1333
vn -0.0238 0.9891 -0.1456
vn 0.0061 0.9896 -0.1436
vn -0.0292 0.9871 -0.1574
vn 0.0021 0.9875 -0.1575
vn -0.0078 -0.8456 -0.5338
vn -0.0000 -0.8456 -0.5338
vn -0.0077 -0.8456 -0.5338
vn -1.0000 -0.0000 -0.0000
vn -0.0000 -0.3980 0.9174
vn 1.0000 -0.0000 -0.0000
vn -0.0000 0.1247 0.9922
vn -0.0000 0.2132 0.9770
vn -0.0000 -0.1247 -0.9922
vn -0.0000 -0.2069 -0.9784
vn -0.0000 -0.2850 -0.9585
vn -0.0000 0.2971 0.9549
vn 0.9959 0.0888 -0.0152
vn -0.9959 0.0888 -0.0152
vn -0.2751 0.9476 -0.1624
vn -0.6456 0.7527 -0.1289
vn -0.2106 0.9635 -0.1651
vn -0.8321 0.5466 -0.0937
vn -0.9556 0.2904 -0.0498
vn 0.9556 0.2904 -0.0498
vn 0.8321 0.5466 -0.0937
vn 0.6456 0.7527 -0.1289
vn 0.2752 0.9476 -0.1624
vn 0.2107 0.9635 -0.1651
vn -0.0000 0.2040 0.9790
vn -0.0000 0.3323 0.9432
vn -0.0000 -0.2040 -0.9790
vn -0.0006 -0.2576 -0.9663
vn -0.0000 -0.5522 0.8337
vn -0.0000 -0.2579 -0.9662
vn -0.0000 -0.3097 -0.9508
vn 0.0027 0.3316 0.9434
vn -0.0000 0.4448 0.8956
vn 0.9185 0.3932 -0.0406
vn 0.9817 0.1893 -0.0196
vn 0.5326 0.8419 -0.0870
vn 0.6578 0.7492 -0.0774
vn 0.1453 0.9841 -0.1017
vn -0.0000 0.9947 -0.1028
vn 0.1652 0.9810 -0.1014
vn -0.3688 0.4828 -0.7943
vn 0.0068 0.7403 -0.6723
vn -0.3847 -0.4079 -0.8280
vn -0.3693 0.4823 -0.7944
vn -0.0068 -0.7403 -0.6723
vn -0.3843 -0.4084 -0.8280
vn -0.0000 0.7403 -0.6723
vn -0.0093 -0.7402 -0.6723
vn -0.0000 -0.7377 -0.6751
vn -0.0240 -0.1294 0.9913
vn 0.0005 0.0002 1.0000
vn 0.0015 -0.1459 0.9893
vn -0.0526 -0.1308 0.9900
vn -0.0503 -0.2545 0.9658
vn -0.0533 -0.0001 0.9986
vn -0.0437 0.0556 -0.9975
vn -0.0877 0.1111 -0.9899
vn -0.0887 0.0552 -0.9945
vn -0.0618 0.1138 -0.9916
vn -0.0266 0.1644 -0.9860
vn -0.0529 0.1659 -0.9847
vn -0.0112 0.0654 -0.9978
vn -0.0867 0.1662 -0.9823
vn -0.0591 0.1683 -0.9840
vn -0.0602 0.1134 -0.9917
vn -0.0607 0.0578 -0.9965
vn -0.0510 -0.0001 0.9987
vn -0.0253 -0.0001 0.9997
vn -0.0485 -0.2540 0.9660
vn -0.0244 -0.2523 0.9673
vn -0.0513 -0.1303 0.9901
vn -0.9338 -0.3000 0.1952
vn -0.1071 -0.4467 0.8882
vn -0.9761 -0.2157 -0.0259
vn -0.9743 -0.2250 0.0131
vn -0.9742 -0.2253 0.0130
vn -0.0289 -0.4332 0.9008
vn -0.0000 -0.4366 0.8997
vn -0.9101 -0.0162 0.4141
vn -0.9216 -0.2683 -0.2805
vn -0.9751 -0.2054 -0.0837
vn -0.9162 -0.2678 -0.2981
vn -0.0643 -0.3613 -0.9302
vn -0.1738 -0.3644 -0.9149
vn -0.1921 -0.3625 -0.9120
vn -0.9755 -0.2109 -0.0619
vn -0.0589 -0.3626 -0.9301
vn 0.0080 0.9904 -0.1378
vn -0.0061 0.9896 -0.1436
vn 0.0238 0.9891 -0.1456
vn -0.0021 0.9875 -0.1575
vn 0.0292 0.9871 -0.1574
vn -0.0000 0.9846 -0.1746
vn 0.0078 -0.8456 -0.5338
vn 0.0077 -0.8456 -0.5338
vn 0.2751 0.9476 -0.1624
vn 0.2106 0.9635 -0.1651
vn -0.2752 0.9476 -0.1624
vn -0.9185 0.3932 -0.0406
vn -0.9817 0.1893 -0.0196
vn -0.5326 0.8419 -0.0870
vn -0.1453 0.9841 -0.1017
vn -0.6578 0.7492 -0.0774
vn -0.1652 0.9810 -0.1014
vn -0.0068 0.7403 -0.6723
vn 0.3688 0.4828 -0.7943
vn 0.3694 0.4823 -0.7944
vn 0.3847 -0.4079 -0.8280
vn 0.0068 -0.7403 -0.6723
vn 0.0093 -0.7402 -0.6723
vn -0.0000 -0.7376 -0.6752
vn -0.6835 0.7180 0.1319
vn -0.9945 -0.1026 -0.0188
vn -0.6047 -0.7834 -0.1438
vn 0.9813 0.1909 0.0253
vn 0.9260 -0.3620 -0.1070
vn 0.4688 0.8819 -0.0497
vn 0.9954 -0.0941 -0.0172
vn 0.6840 0.7174 0.1323
vn 0.6091 -0.7801 -0.1432
vn -0.0000 -0.1781 0.9840
vn -0.3950 0.9035 0.1660
vn 0.3950 0.9036 0.1660
vn 0.0002 0.0064 -1.0000
vn 0.0004 0.0024 -1.0000
vn 0.0003 0.0021 -1.0000
vn -0.0002 0.0064 -1.0000
vn 0.0004 0.0030 -1.0000
vn -0.0003 0.0021 -1.0000
vn -0.0004 0.0024 -1.0000
vn -0.0004 0.0030 -1.0000
vn -0.4628 0.8861 -0.0239
vn -0.9218 -0.3666 -0.1263
vn -0.0000 -0.9918 -0.1279
vn -0.0000 0.9908 0.1351
vn -0.9813 0.1909 0.0253
vn -0.9812 0.1916 0.0247
vn -0.0000 -0.2038 0.9790
vn -0.4970 -0.8649 0.0708
vn -0.0000 0.9790 0.2038
vn -0.9140 -0.3760 0.1521
vn 0.4336 -0.8822 -0.1837
vn 0.9140 -0.3761 0.1521
vn 0.7538 -0.6433 -0.1339
vn -0.4336 -0.8822 -0.1837
vn -0.7538 -0.6433 -0.1339
vn -0.2704 -0.7248 0.6337
vn -0.5045 -0.8587 0.0895
vn -0.4986 0.8487 0.1767
vn -0.9597 -0.2750 -0.0574
vn 0.5022 0.8466 0.1763
vn 0.6287 -0.7774 0.0200
vn 0.9597 -0.2750 -0.0573
vn 0.9191 0.3581 0.1642
vn 0.8516 -0.5133 -0.1069
vn -0.0000 -0.9989 0.0475
vn -0.0000 -0.9790 -0.2038
vn 0.1655 -0.6537 0.7385
vn -0.4489 -0.8935 0.0119
vn -0.8511 -0.5140 -0.1070
vn 0.0030 -0.9809 -0.1946
vn 0.1018 -0.9752 -0.1965
vn 0.0340 -0.9758 -0.2160
vn -0.0001 -1.0000 0.0037
vn -0.0024 -1.0000 0.0018
vn -0.0104 -0.9999 0.0007
vn -0.0013 -0.9998 0.0173
vn 0.0026 -0.9999 0.0102
vn -0.0002 -1.0000 0.0038
vn 0.1585 -0.9572 -0.2420
vn 0.0709 -0.9585 -0.2762
vn -0.0000 -1.0000 0.0010
vn -0.0001 -1.0000 0.0092
vn -0.0000 -1.0000 0.0100
vn -0.0031 -0.9970 0.0771
vn -0.0000 -0.9970 0.0776
vn -0.0000 -0.9878 0.1559
vn 0.0043 -0.9870 0.1609
vn -0.0080 -0.9999 0.0084
vn -0.0006 -1.0000 0.0045
vn 0.0263 -0.9935 0.1109
vn 0.0303 -0.9944 0.1011
vn -0.0000 -0.9949 0.1008
vn -0.0005 -1.0000 0.0027
vn -0.0082 -1.0000 -0.0010
vn -0.0123 -0.9999 0.0007
vn -0.0000 -1.0000 -0.0012
vn 0.0182 -0.9875 0.1565
vn 0.0106 -0.9966 0.0814
vn 0.0523 -0.9950 -0.0847
vn 0.0316 -0.9956 -0.0880
vn 0.0209 -0.9492 -0.3139
vn -0.0000 -0.9956 -0.0941
vn -0.0000 -0.9478 -0.3189
vn 0.0568 -0.9876 0.1463
vn 0.0133 -0.9949 0.1002
vn 0.0861 -0.9924 -0.0883
vn -0.0000 -0.9289 -0.3703
vn 0.0786 -0.9687 -0.2353
vn -0.0000 -0.9703 -0.2418
vn -0.0000 -0.4387 0.8986
vn 0.0652 -0.9313 0.3583
vn 0.0236 -0.4217 0.9064
vn -0.0000 -0.1428 -0.9898
vn 0.0354 -0.4743 -0.8797
vn -0.0000 -0.4894 -0.8721
vn -0.0796 -0.8704 -0.4859
vn -0.0000 -0.9998 0.0201
vn -0.0000 -0.9284 0.3715
vn -0.0000 -0.1201 0.9928
vn 0.0018 -0.1246 0.9922
vn 0.1203 -0.9055 0.4068
vn 0.0312 -0.3717 0.9278
vn -0.0025 -0.1301 0.9915
vn 0.1495 -0.9629 -0.2248
vn 0.0090 -0.1470 -0.9891
vn 0.0496 -0.4116 -0.9100
vn 0.1330 -0.8944 -0.4270
vn 0.1535 -0.9881 -0.0036
vn 0.9695 -0.2451 -0.0000
vn -0.0117 -0.5460 0.8377
vn 0.0850 -0.9413 0.3266
vn 0.0364 -0.5407 0.8404
vn 0.0137 -0.1882 -0.9820
vn 0.0500 -0.5377 -0.8417
vn 0.0117 -0.5448 -0.8385
vn -0.0045 -0.9462 0.3235
vn 0.0767 -0.9970 -0.0046
vn -0.0135 -0.2614 0.9651
vn 0.0171 -0.2676 0.9634
vn 0.0003 -0.9997 -0.0248
vn 0.0755 -0.9368 -0.3416
vn 0.0050 -0.9329 -0.3600
vn 0.0057 -0.1978 -0.9802
vn 0.0705 -0.4891 -0.8693
vn 0.1614 -0.9869 -0.0044
vn 0.1510 -0.9182 0.3663
vn 0.0707 -0.4933 0.8670
vn 0.1424 -0.9157 -0.3758
vn 0.0384 -0.2709 0.9618
vn 0.9937 -0.1117 0.0006
vn 0.9938 -0.1108 -0.0000
vn 0.9938 -0.1115 -0.0006
vn -0.0016 -1.0000 0.0023
vn -0.1798 -0.0252 -0.9834
vn 0.7522 0.3205 -0.5757
vn 0.7988 -0.0796 -0.5963
vn 0.3930 0.9004 -0.1867
vn 0.9757 0.2174 0.0278
vn 0.6934 0.7175 -0.0662
vn 0.3615 -0.9149 -0.1798
vn 0.9337 -0.3571 0.0275
vn 0.6016 -0.7682 0.2191
vn 0.7007 -0.4533 -0.5509
vn 0.0868 -0.8025 -0.5903
vn 0.0668 0.7650 -0.6405
vn 0.6517 0.7230 0.2293
vn 0.9951 -0.0916 0.0381
vn 0.8365 -0.0872 0.5411
vn 0.5128 -0.7713 -0.3770
vn 0.0825 -0.9963 -0.0238
vn -0.1018 -0.9752 -0.1965
vn -0.0030 -0.9809 -0.1946
vn -0.0340 -0.9758 -0.2160
vn 0.0006 -1.0000 0.0047
vn -0.0008 -1.0000 0.0065
vn 0.0021 -1.0000 0.0023
vn 0.0013 -0.9998 0.0173
vn -0.0026 -0.9999 0.0102
vn -0.0000 -1.0000 0.0036
vn -0.1585 -0.9572 -0.2420
vn -0.0709 -0.9585 -0.2762
vn 0.0005 -1.0000 0.0027
vn 0.0001 -1.0000 0.0092
vn 0.0031 -0.9970 0.0771
vn -0.0043 -0.9870 0.1609
vn 0.0492 -0.9988 0.0019
vn 0.0080 -0.9999 0.0071
vn -0.0257 -0.9937 0.1093
vn -0.0303 -0.9944 0.1011
vn 0.0084 -1.0000 0.0002
vn 0.0120 -0.9999 -0.0002
vn -0.0182 -0.9875 0.1565
vn -0.0106 -0.9966 0.0814
vn -0.0568 -0.9950 -0.0822
vn -0.0319 -0.9956 -0.0880
vn -0.0209 -0.9492 -0.3139
vn -0.0568 -0.9876 0.1463
vn -0.0861 -0.9924 -0.0883
vn -0.0782 -0.9685 -0.2366
vn -0.0653 -0.9313 0.3583
vn -0.0533 -0.4688 -0.8817
vn 0.0617 -0.8946 -0.4426
vn 0.0120 -0.3948 0.9187
vn -0.1203 -0.9055 0.4068
vn -0.0018 -0.1246 0.9922
vn -0.0312 -0.3717 0.9278
vn -0.1495 -0.9629 -0.2248
vn -0.0496 -0.4116 -0.9100
vn -0.0090 -0.1470 -0.9891
vn -0.1330 -0.8944 -0.4270
vn -0.1535 -0.9881 -0.0036
vn -0.0898 -0.9959 -0.0105
vn -0.9695 -0.2451 -0.0000
vn 0.0117 -0.5460 0.8377
vn -0.0851 -0.9413 0.3266
vn 0.0045 -0.9462 0.3235
vn -0.0634 -0.5349 -0.8426
vn -0.0137 -0.1882 -0.9820
vn -0.0117 -0.5448 -0.8385
vn -0.0767 -0.9970 -0.0046
vn -0.0003 -0.9997 -0.0248
vn 0.0135 -0.2614 0.9651
vn 0.0083 -0.5141 0.8577
vn -0.0754 -0.9368 -0.3416
vn -0.0050 -0.9329 -0.3600
vn -0.0705 -0.4891 -0.8693
vn -0.0057 -0.1978 -0.9802
vn -0.1614 -0.9869 -0.0044
vn -0.1510 -0.9182 0.3663
vn -0.1424 -0.9157 -0.3758
vn -0.0171 -0.2676 0.9634
vn -0.0707 -0.4933 0.8670
vn -0.9937 -0.1119 -0.0001
vn -0.9937 -0.1118 0.0010
vn -0.9937 -0.1118 0.0003
vn 0.0018 -1.0000 0.0026
vn 0.1798 -0.0252 -0.9834
vn -0.7457 0.3240 -0.5822
vn -0.0668 0.7650 -0.6405
vn -0.3930 0.9004 -0.1867
vn -0.9769 0.2123 0.0239
vn -0.6517 0.7230 0.2293
vn -0.8553 -0.5178 -0.0185
vn -0.3615 -0.9149 -0.1798
vn -0.6016 -0.7682 0.2191
vn -0.5378 -0.2634 -0.8009
vn -0.0868 -0.8025 -0.5903
vn -0.5499 0.7221 -0.4197
vn -0.9951 -0.0913 0.0381
vn -0.8364 -0.0872 0.5411
vn -0.5484 -0.8229 -0.1487
vn 0.9808 -0.1517 0.1223
vn 0.7490 -0.1060 -0.6541
vn 0.7285 -0.1106 -0.6761
vn 0.7230 -0.1118 -0.6818
vn 0.3797 -0.9234 0.0563
vn 0.3879 -0.9200 0.0565
vn 0.3888 -0.9196 0.0565
vn 0.4040 0.9139 0.0404
vn 0.3955 0.9176 0.0401
vn 0.4044 0.9137 0.0404
vn 0.6611 -0.0938 0.7444
vn 0.6441 -0.0976 0.7587
vn 0.6649 -0.0929 0.7411
vn 0.9625 -0.2682 -0.0406
vn 0.6369 -0.0992 -0.7646
vn 0.6133 -0.0987 -0.7837
vn 0.6070 -0.0986 -0.7886
vn 0.2683 -0.9577 -0.1041
vn 0.2768 -0.9552 -0.1048
vn 0.2778 -0.9549 -0.1048
vn 0.5142 0.8536 0.0832
vn 0.5063 0.8582 0.0846
vn 0.5145 0.8534 0.0831
vn 0.7377 -0.2575 0.6241
vn 0.7224 -0.2613 0.6403
vn 0.7411 -0.2566 0.6205
vn -0.9808 -0.1517 0.1223
vn -0.7285 -0.1106 -0.6761
vn -0.7490 -0.1060 -0.6541
vn -0.7230 -0.1118 -0.6818
vn -0.3879 -0.9200 0.0565
vn -0.3797 -0.9234 0.0563
vn -0.3888 -0.9196 0.0565
vn -0.4040 0.9139 0.0404
vn -0.3955 0.9176 0.0401
vn -0.3946 0.9180 0.0401
vn -0.6611 -0.0938 0.7444
vn -0.6441 -0.0976 0.7587
vn -0.6388 -0.0988 0.7630
vn -0.9625 -0.2682 -0.0406
vn -0.6133 -0.0987 -0.7837
vn -0.6369 -0.0992 -0.7646
vn -0.6070 -0.0986 -0.7886
vn -0.2768 -0.9552 -0.1048
vn -0.2683 -0.9577 -0.1041
vn -0.2778 -0.9549 -0.1048
vn -0.5142 0.8536 0.0832
vn -0.5063 0.8582 0.0846
vn -0.5054 0.8587 0.0847
vn -0.7377 -0.2575 0.6241
vn -0.7224 -0.2613 0.6403
vn -0.7176 -0.2624 0.6451
vn 0.9432 0.3250 0.0686
vn -0.0000 1.0000 -0.0017
vn -0.0184 0.9961 0.0866
vn -0.0000 -0.9610 0.2765
vn -0.0000 0.9799 -0.1993
vn 0.0013 -0.6711 -0.7413
vn 0.0041 -0.7965 0.6046
vn 0.9945 -0.0456 0.0946
vn 0.9911 -0.0895 -0.0981
vn 0.9872 0.1596 -0.0026
vn 0.1258 0.8196 0.5590
vn -0.2194 -0.2737 -0.9365
vn 0.9985 0.0091 0.0543
vn -0.5974 0.7362 0.3179
vn 0.9960 -0.0864 -0.0242
vn 0.9908 -0.1312 -0.0322
vn 0.9330 0.3577 -0.0402
vn -0.0000 0.9993 -0.0384
vn -0.9047 0.4136 0.1026
vn 0.0023 1.0000 -0.0000
vn 0.0184 0.9961 0.0866
vn -0.0105 -0.9999 -0.0000
vn 0.5366 -0.7923 -0.2905
vn -0.0013 -0.6711 -0.7413
vn -0.9945 -0.0456 0.0946
vn -0.8497 0.4495 0.2757
vn -0.9803 0.1961 0.0221
vn -0.1258 0.8196 0.5590
vn -0.1226 0.9176 -0.3782
vn 0.1098 0.9022 -0.4172
vn -0.0032 -0.2513 0.9679
vn -0.0310 0.1451 -0.9889
vn -0.0173 0.0563 -0.9983
vn 0.7250 -0.5553 0.4075
vn -0.5125 0.8587 -0.0006
vn -0.9960 -0.0864 -0.0242
vn 0.5658 -0.0000 -0.8246
vn 0.5638 -0.4453 -0.6956
vn 0.0158 -0.4316 -0.9019
vn -0.2089 0.0776 0.9749
vn 0.9927 -0.0218 0.1184
vn -0.0000 0.9835 0.1808
vn 0.0004 -0.9835 -0.1808
vn 0.8877 -0.2320 0.3977
vn -0.0115 0.6640 0.7477
vn 0.5588 0.5914 -0.5814
vn 0.1917 -0.0000 0.9815
vn 0.9865 -0.1558 0.0512
vn 0.9613 -0.2466 0.1227
vn 0.9865 -0.1558 0.0513
vn 0.9581 -0.2638 -0.1117
vn 0.9318 -0.3598 -0.0481
vn -0.3132 -0.0000 0.9497
vn -0.9615 -0.2722 -0.0369
vn -0.8902 -0.3236 0.3208
vn 0.0115 0.6640 0.7477
vn -0.4264 0.7528 -0.5015
vn -0.1917 -0.0000 0.9815
vn 0.4142 0.2895 -0.8629
vn -0.0697 0.9911 0.1133
vn -0.9534 -0.0909 -0.2876
vn -0.9533 -0.1022 -0.2841
vn -0.9865 -0.1558 0.0512
vn -0.9613 -0.2466 0.1227
vn -0.9865 -0.1558 0.0513
vn -0.9581 -0.2638 -0.1117
vn -0.9318 -0.3598 -0.0481
vn -0.9318 -0.3597 -0.0481
vn -0.3309 -0.9324 -0.1453
vn -0.8828 0.4698 -0.0008
vn 0.8827 0.4699 -0.0081
vn 0.3308 -0.9324 -0.1453
vn 0.2381 -0.9608 0.1423
vn -0.2381 -0.9607 -0.1429
vn -0.0000 0.8588 -0.5123
vn 0.8826 0.4701 0.0009
vn 0.8828 0.4696 -0.0081
vn -0.8826 0.4701 0.0009
vn -0.1514 0.8189 0.5537
vn -0.8749 0.4819 0.0488
vn 0.9719 0.0349 -0.2329
vn 0.6199 -0.3591 0.6977
vn -0.6173 -0.3581 0.7005
vn 0.6176 -0.3582 0.7002
vn -0.6178 -0.3584 0.7000
vn 0.0253 -0.0001 0.9997
vn 0.0529 0.1659 -0.9847
vn -0.0455 0.1188 -0.9919
vn -0.9747 -0.2230 -0.0137
vn -0.2107 0.9635 -0.1651
vn 0.3843 -0.4084 -0.8280
vn 0.9812 0.1916 0.0247
vn -0.9157 0.3614 0.1756
vn -0.0002 -0.9991 0.0417
vn 0.0027 -0.9809 -0.1947
vn -0.1555 -0.9877 0.0138
vn -0.0119 -0.9988 -0.0477
vn 0.0131 -0.1504 -0.9885
vn 0.5378 0.8067 0.2448
vn -0.0157 -0.2088 -0.9778
vn 0.9938 -0.1111 -0.0013
vn 0.9937 -0.1121 0.0002
vn 0.9938 -0.1114 0.0021
vn -0.0027 -0.9809 -0.1947
vn 0.0104 -0.9999 0.0007
vn -0.0133 -0.9949 0.1002
vn 0.0119 -0.9988 -0.0477
vn 0.0025 -0.1301 0.9915
vn -0.0131 -0.1504 -0.9885
vn 0.0157 -0.2088 -0.9778
vn -0.0384 -0.2709 0.9618
vn -0.9938 -0.1111 -0.0013
vn -0.9938 -0.1115 -0.0009
vn -0.9938 -0.1108 -0.0000
vn -0.9938 -0.1114 0.0021
vn -0.7990 -0.0781 -0.5963
vn 0.7527 -0.1052 -0.6499
vn 0.3793 -0.9235 0.0563
vn 0.3946 0.9180 0.0401
vn 0.6388 -0.0988 0.7630
vn 0.6412 -0.0992 -0.7610
vn 0.2679 -0.9578 -0.1041
vn 0.5054 0.8587 0.0847
vn 0.7176 -0.2624 0.6451
vn -0.7527 -0.1052 -0.6499
vn -0.3793 -0.9235 0.0563
vn -0.4044 0.9137 0.0404
vn -0.6649 -0.0929 0.7411
vn -0.6412 -0.0992 -0.7609
vn -0.2679 -0.9578 -0.1041
vn -0.5145 0.8534 0.0831
vn -0.7411 -0.2566 0.6205
vt 0.595573 0.127814
vt 0.617541 0.076797
vt 0.617541 0.131958
vt 0.135362 0.041421
vt 0.131274 0.027787
vt 0.135327 0.014582
vt 0.379508 0.078090
vt 0.401093 0.012095
vt 0.414677 0.087846
vt 0.442299 0.052958
vt 0.442488 0.125532
vt 0.483568 0.052367
vt 0.525401 0.123865
vt 0.483806 0.124939
vt 0.525084 0.051294
vt 0.558124 0.122591
vt 0.338455 0.489924
vt 0.332175 0.654920
vt 0.331191 0.654896
vt 0.471917 0.665898
vt 0.509440 0.753128
vt 0.472908 0.740560
vt 0.431694 0.733329
vt 0.460486 0.666178
vt 0.461779 0.736731
vt 0.634728 0.140918
vt 0.631156 0.237782
vt 0.630403 0.238933
vt 0.012741 0.030004
vt 0.071518 0.025906
vt 0.024658 0.043178
vt 0.722927 0.933584
vt 0.720490 0.963193
vt 0.720231 0.933629
vt 0.148148 0.118526
vt 0.247860 0.059109
vt 0.247866 0.131494
vt 0.760803 0.430908
vt 0.739972 0.432187
vt 0.755533 0.412099
vt 0.725914 0.671942
vt 0.723330 0.659187
vt 0.726032 0.659210
vt 0.667773 0.666450
vt 0.649894 0.677858
vt 0.650172 0.659187
vt 0.309365 0.813240
vt 0.328186 0.853959
vt 0.309357 0.856326
vt 0.890508 0.338150
vt 0.855909 0.367437
vt 0.850877 0.349435
vt 0.812977 0.366737
vt 0.818001 0.384730
vt 0.784865 0.385700
vt 0.540603 0.953059
vt 0.542535 0.877199
vt 0.543304 0.953129
vt 0.537730 0.229879
vt 0.527644 0.230233
vt 0.485942 0.231309
vt 0.444555 0.231902
vt 0.419334 0.214693
vt 0.012800 0.117267
vt 0.024669 0.052748
vt 0.024713 0.126926
vt 0.720269 0.818355
vt 0.722989 0.818309
vt 0.095297 0.796904
vt 0.157011 0.672163
vt 0.111020 0.812195
vt 0.637520 0.080000
vt 0.635437 0.140747
vt 0.322132 0.464260
vt 0.326409 0.501805
vt 0.325189 0.502312
vt 0.532772 0.575996
vt 0.531632 0.662741
vt 0.531822 0.574962
vt 0.109221 0.651785
vt 0.036157 0.515169
vt 0.109093 0.506224
vt 0.135580 0.334829
vt 0.131423 0.246624
vt 0.135486 0.242587
vt 0.148103 0.041395
vt 0.247823 0.027015
vt 0.425865 0.338150
vt 0.448045 0.336079
vt 0.489472 0.335485
vt 0.539440 0.334112
vt 0.036151 0.359545
vt 0.108983 0.374947
vt 0.036161 0.391637
vt 0.573508 0.665318
vt 0.543303 0.794947
vt 0.569117 0.665228
vt 0.616008 0.217871
vt 0.597522 0.217619
vt 0.604648 0.289227
vt 0.594091 0.297265
vt 0.411688 0.193312
vt 0.155206 0.706904
vt 0.184290 0.651975
vt 0.182322 0.662716
vt 0.114534 0.807847
vt 0.143793 0.859958
vt 0.147886 0.850980
vt 0.184451 0.867028
vt 0.183590 0.662803
vt 0.193899 0.652706
vt 0.223848 0.863690
vt 0.225442 0.655105
vt 0.225442 0.873672
vt 0.186065 0.857567
vt 0.533101 0.432967
vt 0.543261 0.477818
vt 0.532962 0.483065
vt 0.343553 0.353270
vt 0.543303 0.426140
vt 0.746109 0.016749
vt 0.755539 0.080860
vt 0.746023 0.093159
vt 0.617541 0.308161
vt 0.620737 0.236993
vt 0.628308 0.073440
vt 0.755755 0.000000
vt 0.531230 0.334408
vt 0.240957 0.361929
vt 0.249506 0.374776
vt 0.240648 0.374662
vt 0.195876 0.335112
vt 0.249962 0.355967
vt 0.240641 0.491149
vt 0.249500 0.491219
vt 0.117994 0.345191
vt 0.194300 0.343939
vt 0.117927 0.506251
vt 0.109206 0.336535
vt 0.725915 0.803442
vt 0.723273 0.949247
vt 0.723187 0.803419
vt 0.540603 0.830379
vt 0.539834 0.877129
vt 0.336863 0.948698
vt 0.348067 0.882778
vt 0.404392 0.892250
vt 0.101361 0.948509
vt 0.112564 0.882589
vt 0.168889 0.892060
vt 0.000020 0.039603
vt 0.000000 0.020790
vt 0.064805 0.000000
vt 0.066624 0.012718
vt 0.012879 0.242206
vt 0.000236 0.335112
vt 0.000143 0.242233
vt 0.148054 0.002258
vt 0.135409 0.118552
vt 0.012752 0.039573
vt 0.148223 0.242560
vt 0.000066 0.117295
vt 0.723190 0.788415
vt 0.723211 0.671919
vt 0.117821 0.374985
vt 0.109080 0.491246
vt 0.240640 0.506151
vt 0.249499 0.506216
vt 0.625342 0.136130
vt 0.755625 0.210947
vt 0.746187 0.216081
vt 0.330800 0.433425
vt 0.334018 0.338150
vt 0.543248 0.573680
vt 0.131310 0.054626
vt 0.720274 0.803509
vt 0.722996 0.803463
vt 0.024786 0.246213
vt 0.247923 0.247911
vt 0.726032 0.871759
vt 0.727074 0.750849
vt 0.726779 0.871530
vt 0.439437 0.894391
vt 0.463588 0.836748
vt 0.464712 0.898943
vt 0.473903 0.839261
vt 0.506025 0.898391
vt 0.474359 0.898815
vt 0.727942 0.947571
vt 0.728670 0.946584
vt 0.148315 0.334801
vt 0.248012 0.334783
vt 0.012974 0.335086
vt 0.024876 0.335106
vt 0.720434 0.659233
vt 0.723187 0.659187
vt 0.543303 0.663219
vt 0.532662 0.662796
vt 0.755755 0.307470
vt 0.746362 0.307546
vt 0.240627 0.651968
vt 0.249485 0.651975
vt 0.725915 0.788438
vt 0.117915 0.491275
vt 0.339671 0.438125
vt 0.131352 0.128242
vt 0.036158 0.501075
vt 0.329959 0.541323
vt 0.330800 0.336520
vt 0.330800 0.540669
vt 0.435064 0.832673
vt 0.507765 0.847509
vt 0.339447 0.489752
vt 0.773892 0.418657
vt 0.768733 0.400219
vt 0.578720 0.125464
vt 0.595377 0.065186
vt 0.390867 0.122469
vt 0.377254 0.142222
vt 0.543698 0.164702
vt 0.564693 0.158080
vt 0.578871 0.217636
vt 0.583488 0.305376
vt 0.532010 0.482961
vt 0.532147 0.433364
vt 0.745704 0.017820
vt 0.638202 0.080438
vt 0.540758 0.779670
vt 0.542405 0.664352
vt 0.726330 0.749858
vt 0.728670 0.659252
vt 0.340652 0.438470
vt 0.146600 0.850758
vt 0.115206 0.807257
vt 0.146952 0.849739
vt 0.628188 0.308096
vt 0.627405 0.308091
vt 0.344494 0.354464
vt 0.325090 0.425932
vt 0.326409 0.424911
vt 0.326311 0.426189
vt 0.543303 0.830379
vt 0.539885 0.779638
vt 0.220857 0.666214
vt 0.183571 0.663663
vt 0.372790 0.180621
vt 0.330800 0.078826
vt 0.347243 0.257334
vt 0.371655 0.290419
vt 0.720231 0.680377
vt 0.667503 0.685109
vt 0.331771 0.012950
vt 0.382780 0.000000
vt 0.720049 0.699025
vt 0.670416 0.765323
vt 0.720231 0.899923
vt 0.670183 0.990019
vt 0.671187 0.894329
vt 0.720138 0.776054
vt 0.571342 0.168775
vt 0.578469 0.058361
vt 0.789887 0.403685
vt 0.430477 0.663219
vt 0.723187 0.963147
vt 0.328186 0.810890
vt 0.895542 0.356151
vt 0.552223 0.815545
vt 0.402715 0.140018
vt 0.221252 0.665380
vt 0.118052 0.651800
vt 0.726032 0.949270
vt 0.330800 0.913776
vt 0.362705 0.967086
vt 0.410455 0.927171
vt 0.095297 0.913587
vt 0.127203 0.966897
vt 0.174953 0.926982
vt 0.329959 0.335112
vt 0.556568 0.145008
vt 0.727907 0.659187
vt 0.325189 0.424642
vt 0.331524 0.161167
vt 0.557807 0.050020
vt 0.182316 0.663577
vt 0.323383 0.464133
vt 0.466140 0.069620
vt 0.459885 0.092069
vt 0.459827 0.069710
vt 0.466214 0.091978
vt 0.287216 0.632711
vt 0.304518 0.545632
vt 0.300146 0.634511
vt 0.276000 0.630391
vt 0.291615 0.543569
vt 0.539347 0.754896
vt 0.523723 0.665407
vt 0.538702 0.665704
vt 0.524420 0.754495
vt 0.509440 0.665735
vt 0.329071 0.630469
vt 0.316905 0.543012
vt 0.329095 0.541432
vt 0.316844 0.631753
vt 0.304595 0.544684
vt 0.523903 0.857145
vt 0.538802 0.768533
vt 0.538598 0.856768
vt 0.538763 0.867419
vt 0.524068 0.867796
vt 0.524350 0.765161
vt 0.509440 0.857275
vt 0.509605 0.867925
vt 0.510192 0.765220
vt 0.510262 0.754554
vt 0.299619 0.645178
vt 0.286689 0.643376
vt 0.316868 0.642444
vt 0.275474 0.641056
vt 0.304542 0.643984
vt 0.304518 0.633292
vt 0.286561 0.645993
vt 0.275499 0.644049
vt 0.304719 0.646238
vt 0.539270 0.768533
vt 0.524348 0.768280
vt 0.524106 0.869911
vt 0.509643 0.870186
vt 0.510185 0.768193
vt 0.299338 0.647418
vt 0.329095 0.641159
vt 0.316873 0.645067
vt 0.195060 0.884428
vt 0.182286 0.880293
vt 0.196170 0.873672
vt 0.293703 0.650046
vt 0.319822 0.648961
vt 0.309804 0.648800
vt 0.211237 0.876958
vt 0.217242 0.895948
vt 0.210036 0.886825
vt 0.178587 0.990964
vt 0.183791 0.973952
vt 0.185624 0.979450
vt 0.198677 0.971054
vt 0.200569 0.975664
vt 0.212834 0.976327
vt 0.214667 0.981825
vt 0.196097 0.961954
vt 0.209340 0.909946
vt 0.210441 0.964832
vt 0.181085 0.890161
vt 0.194632 0.909940
vt 0.180389 0.913282
vt 0.216026 0.969405
vt 0.217968 0.986683
vt 0.176299 0.900665
vt 0.174953 0.918015
vt 0.215895 0.913298
vt 0.176895 0.983324
vt 0.181398 0.962456
vt 0.174953 0.966045
vt 0.182975 0.942834
vt 0.218661 0.937279
vt 0.212621 0.938340
vt 0.198127 0.940161
vt 0.197524 0.944165
vt 0.212018 0.945209
vt 0.183670 0.941675
vt 0.217968 0.945356
vt 0.177718 0.941996
vt 0.280410 0.541149
vt 0.524051 0.768777
vt 0.509459 0.768607
vt 0.739641 0.759268
vt 0.729635 0.777037
vt 0.729127 0.759106
vt 0.739725 0.777442
vt 0.730235 0.792379
vt 0.728950 0.932032
vt 0.738251 0.918917
vt 0.738696 0.932036
vt 0.728743 0.918911
vt 0.738094 0.903533
vt 0.728743 0.888218
vt 0.738251 0.888224
vt 0.728951 0.875317
vt 0.738696 0.875322
vt 0.320688 0.922228
vt 0.310214 0.908399
vt 0.320285 0.907789
vt 0.309644 0.890582
vt 0.320143 0.890205
vt 0.309357 0.872296
vt 0.320285 0.872153
vt 0.309396 0.856326
vt 0.320688 0.856381
vt 0.985339 0.707159
vt 0.995902 0.718561
vt 0.984416 0.718718
vt 0.995658 0.733296
vt 0.984092 0.733461
vt 0.984416 0.749142
vt 0.995902 0.748985
vt 0.985339 0.763376
vt 0.739966 0.726088
vt 0.728788 0.741316
vt 0.728670 0.726375
vt 0.739725 0.741235
vt 0.619632 0.926848
vt 0.622896 0.944030
vt 0.619632 0.943664
vt 0.616837 0.960411
vt 0.614031 0.958810
vt 0.605642 0.972583
vt 0.603772 0.969964
vt 0.591015 0.978692
vt 0.590476 0.975517
vt 0.576085 0.974714
vt 0.575184 0.977809
vt 0.562681 0.967620
vt 0.560557 0.970067
vt 0.552331 0.955211
vt 0.549362 0.956646
vt 0.546701 0.939361
vt 0.543304 0.939589
vt 0.543303 0.921492
vt 0.546701 0.922544
vt 0.549362 0.905111
vt 0.552303 0.907398
vt 0.560557 0.892939
vt 0.562561 0.896244
vt 0.575184 0.886830
vt 0.575857 0.890691
vt 0.590248 0.891494
vt 0.591016 0.887713
vt 0.603652 0.898588
vt 0.605642 0.895455
vt 0.614002 0.910997
vt 0.616837 0.908876
vt 0.622896 0.925933
vt 0.607444 0.915093
vt 0.611994 0.927935
vt 0.599142 0.905093
vt 0.588512 0.899432
vt 0.577215 0.898788
vt 0.566783 0.903160
vt 0.558661 0.912039
vt 0.554186 0.924230
vt 0.554201 0.937851
vt 0.558751 0.950693
vt 0.567053 0.960692
vt 0.577683 0.966353
vt 0.599412 0.962625
vt 0.588980 0.966997
vt 0.607534 0.953747
vt 0.612009 0.941555
vt 0.739641 0.692367
vt 0.729635 0.710136
vt 0.729127 0.692204
vt 0.739725 0.710540
vt 0.730235 0.725478
vt 0.320969 0.913041
vt 0.330269 0.899927
vt 0.330714 0.913045
vt 0.320761 0.899921
vt 0.330113 0.884542
vt 0.320761 0.869227
vt 0.330269 0.869233
vt 0.320969 0.856326
vt 0.330714 0.856331
vt 0.421787 0.939763
vt 0.411313 0.925934
vt 0.421383 0.925324
vt 0.410742 0.908116
vt 0.421242 0.907740
vt 0.410455 0.889831
vt 0.421383 0.889688
vt 0.410495 0.873861
vt 0.421787 0.873916
vt 0.310604 0.923173
vt 0.321167 0.934574
vt 0.309681 0.934731
vt 0.320923 0.949310
vt 0.309357 0.949474
vt 0.309681 0.965155
vt 0.321167 0.964998
vt 0.310604 0.979389
vt 0.739966 0.659187
vt 0.728788 0.674414
vt 0.728670 0.659473
vt 0.739725 0.674334
vt 0.987414 0.924251
vt 0.990678 0.941434
vt 0.987414 0.941068
vt 0.984619 0.957815
vt 0.981813 0.956214
vt 0.973424 0.969987
vt 0.971554 0.967368
vt 0.958798 0.976096
vt 0.958258 0.972921
vt 0.943867 0.972118
vt 0.942966 0.975212
vt 0.930464 0.965024
vt 0.928339 0.967471
vt 0.920113 0.952615
vt 0.917144 0.954050
vt 0.914483 0.936764
vt 0.911086 0.936992
vt 0.911086 0.918896
vt 0.914483 0.919948
vt 0.917144 0.902514
vt 0.920085 0.904802
vt 0.928339 0.890343
vt 0.930343 0.893648
vt 0.942966 0.884233
vt 0.943639 0.888094
vt 0.958030 0.888897
vt 0.958798 0.885117
vt 0.971434 0.895992
vt 0.973424 0.892858
vt 0.981785 0.908401
vt 0.984619 0.906279
vt 0.990678 0.923337
vt 0.975081 0.912603
vt 0.979604 0.925368
vt 0.966828 0.902663
vt 0.956262 0.897036
vt 0.945033 0.896396
vt 0.934663 0.900741
vt 0.926590 0.909567
vt 0.922142 0.921686
vt 0.922156 0.935224
vt 0.926679 0.947989
vt 0.934931 0.957929
vt 0.945498 0.963556
vt 0.967096 0.959851
vt 0.956727 0.964196
vt 0.975170 0.951025
vt 0.979618 0.938907
vt 0.254178 0.744451
vt 0.309357 0.652078
vt 0.309343 0.744518
vt 0.984883 0.634365
vt 0.950991 0.662050
vt 0.950991 0.634409
vt 0.728941 0.792990
vt 0.737385 0.821648
vt 0.728670 0.821426
vt 0.225475 0.744416
vt 0.254192 0.652010
vt 0.978114 0.001462
vt 0.983372 0.015208
vt 0.977150 0.019037
vt 0.985537 0.428781
vt 0.994588 0.338150
vt 0.994310 0.429804
vt 0.731395 0.875127
vt 0.737656 0.875317
vt 0.895658 0.652872
vt 0.895664 0.634427
vt 0.950826 0.677831
vt 0.895542 0.664748
vt 0.994588 0.425984
vt 1.000000 0.338150
vt 0.999988 0.429508
vt 0.975416 0.013388
vt 0.975080 0.031842
vt 0.979525 0.677795
vt 0.974171 0.240361
vt 0.978259 0.328085
vt 0.974486 0.328099
vt 0.994604 0.551580
vt 0.999972 0.560637
vt 0.950872 0.338194
vt 0.895602 0.425946
vt 0.895545 0.338211
vt 0.985143 0.558794
vt 0.993911 0.561442
vt 0.977931 0.236703
vt 0.984447 0.328062
vt 0.225455 0.877185
vt 0.254158 0.877220
vt 0.984764 0.338150
vt 0.950929 0.425928
vt 0.309323 0.877287
vt 0.254145 0.964780
vt 0.309312 0.964846
vt 0.225442 0.964745
vt 0.984883 0.644536
vt 0.993648 0.648257
vt 0.994631 0.634399
vt 0.999961 0.647115
vt 0.974469 0.114710
vt 0.950977 0.551561
vt 0.895651 0.551578
vt 0.977461 0.105539
vt 0.984115 0.235596
vt 0.984821 0.425885
vt 0.994645 0.662030
vt 1.000000 0.677770
vt 0.985815 0.674950
vt 0.994588 0.676324
vt 0.225481 0.993033
vt 0.254183 0.993068
vt 0.309357 0.980017
vt 0.983647 0.102792
vt 0.984869 0.551517
vt 0.938344 0.135362
vt 0.974171 0.000256
vt 0.974167 0.135557
vt 0.000007 0.700823
vt 0.043108 0.652004
vt 0.043090 0.700794
vt 0.930180 0.324355
vt 0.895221 0.317016
vt 0.938313 0.317077
vt 0.895252 0.135301
vt 0.938349 0.000061
vt 0.090736 0.703673
vt 0.095259 0.662652
vt 0.095297 0.714063
vt 0.887068 0.000151
vt 0.887065 0.140957
vt 0.974136 0.317272
vt 0.969637 0.324484
vt 0.086191 0.651975
vt 0.086173 0.700765
vt 0.328638 0.381891
vt 0.324949 0.335112
vt 0.328638 0.339140
vt 0.878878 0.000302
vt 0.878876 0.142631
vt 0.090754 0.655461
vt 0.328638 0.424642
vt 0.322132 0.374437
vt 0.086168 0.979607
vt 0.090729 0.838830
vt 0.090732 0.979654
vt 0.887071 0.276093
vt 0.878883 0.279104
vt 0.043083 0.837288
vt 0.086165 0.837259
vt 0.895257 0.265603
vt 0.095292 0.844384
vt 0.095297 0.979702
vt 0.938349 0.265664
vt 0.043085 0.979636
vt 0.000000 0.837317
vt 0.974171 0.265859
vt 0.887088 0.324294
vt 0.878900 0.327883
vt 0.497452 0.947365
vt 0.490798 0.989145
vt 0.497452 1.000000
vt 0.488900 0.942923
vt 0.495126 0.943559
vt 0.641183 0.940117
vt 0.622895 0.899539
vt 0.638846 0.943905
vt 0.647407 0.886830
vt 0.629586 0.888691
vt 0.645072 0.943271
vt 0.472966 0.987283
vt 0.432998 0.901593
vt 0.472966 0.898943
vt 0.470592 0.901582
vt 0.858848 0.954967
vt 0.896730 0.900250
vt 0.896730 0.954998
vt 0.432998 0.954086
vt 0.459508 0.934704
vt 0.470592 0.954075
vt 0.444315 0.934709
vt 0.459508 0.913489
vt 0.430477 0.898956
vt 0.430477 0.958284
vt 0.472966 0.958272
vt 0.444315 0.913494
vt 0.856538 0.957248
vt 0.899021 0.957283
vt 0.858848 0.900219
vt 0.856538 0.897928
vt 0.899021 0.897963
vt 0.338453 0.490008
vt 0.331440 0.649240
vt 0.339670 0.438186
vt 0.338457 0.489863
vt 0.343311 0.358559
vt 0.343319 0.358388
vt 0.625000 0.000000
vt 0.375000 0.250000
vt 0.375000 0.000000
vt 0.625000 0.250000
vt 0.375000 0.500000
vt 0.625000 0.750000
vt 0.375000 1.000000
vt 0.375000 0.750000
vt 0.125000 0.500000
vt 0.125000 0.750000
vt 0.875000 0.500000
vt 0.625000 0.500000
vt 0.378971 0.510650
vt 0.621029 0.510650
vt 0.378971 0.739350
vt 0.621029 0.739350
vt 0.875000 0.750000
vt 0.539277 0.765561
vt 0.328928 0.644150
vt 0.218661 0.888226
vt 0.728670 0.903526
vt 0.310981 0.923036
vt 0.996595 0.707023
vt 0.320688 0.884535
vt 0.412080 0.940571
vt 0.321860 0.923036
vt 0.985811 0.338201
vt 0.994599 0.338270
vt 0.984883 0.662007
vt 0.000002 0.979664
vt 0.647407 0.939467
vt 0.479619 0.998138
vt 0.339673 0.438063
vt 0.000000 0.000000
vt 0.500000 0.375000
vt 0.599587 0.496397
vt 0.521305 0.495094
vt 0.389598 0.447815
vt 0.375000 0.375000
vt 0.389598 0.302185
vt 0.600613 0.250000
vt 0.521305 0.254906
vt 0.531408 0.250000
vt 0.520508 0.267164
vt 0.531408 0.500000
vt 0.520508 0.482836
vt 0.311829 0.500000
vt 0.250000 0.500000
vt 0.188171 0.500000
vt 0.169457 0.500000
vt 0.812500 1.000000
vt 0.937500 0.500000
vt 0.937500 1.000000
vt 0.687500 0.500000
vt 0.812500 0.500000
vt 0.562500 1.000000
vt 0.687500 1.000000
vt 0.437500 1.000000
vt 0.562500 0.500000
vt 0.312500 0.500000
vt 0.437500 0.500000
vt 0.187500 1.000000
vt 0.312500 1.000000
vt 0.062500 0.500000
vt 0.187500 0.500000
vt 0.658156 0.471731
vt 0.829336 0.441534
vt 0.670664 0.441534
vt 0.028269 0.158156
vt 0.341844 0.028269
vt 0.471731 0.341844
vt 0.816828 0.088663
vt 0.588663 0.183172
vt 0.683172 0.411337
vt 0.911337 0.316828
vt 0.816828 0.411337
vt 0.941534 0.170664
vt 0.971731 0.341844
vt 0.971731 0.158156
vt 0.829336 0.058466
vt 0.841844 0.028269
vt 0.658156 0.028269
vt 0.670664 0.058466
vt 0.528269 0.158156
vt 0.558466 0.170664
vt 0.528269 0.341844
vt 0.558466 0.329336
vt 0.941534 0.329336
vt 0.588663 0.316828
vt 0.683172 0.088663
vt 0.911337 0.183172
vt 0.062500 1.000000
vt 0.148225 0.849959
vt 0.745956 0.307557
vt 0.745781 0.215159
vt 0.155472 0.707323
vt 0.186022 0.856479
vt 0.223427 0.862542
vt 0.745620 0.093466
vt 0.826857 0.939658
vt 0.817900 0.990993
vt 0.815391 0.948278
vt 0.797921 0.947650
vt 0.511968 0.870823
vt 0.520993 0.922144
vt 0.509440 0.913552
vt 0.520993 0.877534
vt 0.538452 0.921507
vt 0.817104 0.902388
vt 0.808590 0.895026
vt 0.826061 0.895654
vt 0.529426 0.870186
vt 0.537650 0.965520
vt 0.520191 0.966157
vt 0.511166 0.959445
vt 0.799634 0.901760
vt 0.797920 0.939658
vt 0.788964 0.990993
vt 0.786455 0.948278
vt 0.768984 0.947650
vt 0.742500 0.895663
vt 0.751526 0.946984
vt 0.739972 0.938392
vt 0.751526 0.902374
vt 0.768984 0.946347
vt 0.788168 0.902388
vt 0.779654 0.895026
vt 0.797125 0.895654
vt 0.759959 0.895026
vt 0.768183 0.990360
vt 0.750724 0.990997
vt 0.741699 0.984285
vt 0.770698 0.901760
vt 0.856538 0.942560
vt 0.847581 0.993895
vt 0.845072 0.951180
vt 0.827602 0.950552
vt 0.957608 0.707659
vt 0.966633 0.758980
vt 0.955080 0.750389
vt 0.966633 0.714371
vt 0.984092 0.758343
vt 0.846785 0.905290
vt 0.838271 0.897928
vt 0.855742 0.898556
vt 0.975066 0.707023
vt 0.965831 0.802993
vt 0.983290 0.802356
vt 0.956806 0.796282
vt 0.829315 0.904662
vt 0.826857 0.984259
vt 0.797920 0.984259
vt 0.856538 0.987161
vt 0.567251 0.945391
vt 0.573054 0.912785
vt 0.599122 0.920482
vt 0.935153 0.942692
vt 0.940897 0.910374
vt 0.966692 0.918004
vt 0.602388 0.939363
vt 0.598860 0.947656
vt 0.593319 0.953089
vt 0.587094 0.955525
vt 0.580409 0.955304
vt 0.573362 0.952030
vt 0.563804 0.936262
vt 0.563985 0.926511
vt 0.567513 0.918218
vt 0.579279 0.910348
vt 0.585964 0.910569
vt 0.593011 0.913843
vt 0.602569 0.929611
vt 0.969930 0.936725
vt 0.966434 0.944944
vt 0.960948 0.950322
vt 0.954794 0.952731
vt 0.948185 0.952512
vt 0.941209 0.949271
vt 0.931735 0.933640
vt 0.931915 0.923971
vt 0.935411 0.915752
vt 0.947051 0.907965
vt 0.953660 0.908184
vt 0.960636 0.911425
vt 0.970110 0.927056
vt 0.878876 0.017938
vt 0.832277 0.030821
vt 0.832199 0.000000
vt 0.832418 0.162248
vt 0.756300 0.307944
vt 0.756011 0.162396
vt 0.755895 0.001336
vt 0.755755 0.031130
vt 0.878876 0.307976
vt 0.832571 0.307992
vt 0.072672 0.126972
vt 0.072636 0.052850
vt 0.072733 0.246168
vt 0.878707 0.147157
vt 0.832402 0.147253
vt 0.755982 0.147419
vt 0.072815 0.334998
vt 0.131512 0.334879
vt 0.878723 0.162159
vt 0.764922 0.500000
vt 0.875000 0.562751
vt 0.625000 0.595900
vt 0.264922 0.500000
vt 0.375000 0.562751
vt 0.125000 0.595900
vt 0.375000 0.595900
vt 0.875000 0.595900
vt 0.625000 0.154100
vt 0.375000 0.187249
vt 0.375000 0.154100
vt 0.375000 0.360078
vt 0.692209 0.339460
vt 0.625000 0.360078
vt 0.302414 0.339460
vt 0.625000 0.187249
vt 0.625000 0.562751
vt 0.364253 0.506126
vt 0.630370 0.506126
vt 0.375000 0.389922
vt 0.625000 0.389922
vt 0.878582 0.030671
vt 0.565791 0.466283
vt 0.434209 0.470840
vt 0.625000 1.000000
vt 0.434209 0.279160
vt 0.565791 0.283717
vt 0.500000 0.875000
vt 0.500000 1.000000
vt 0.750000 0.750000
vt 0.750000 0.500000
vt 0.375000 0.875000
vt 0.500000 0.500000
vt 0.500000 0.250000
vt 0.500000 0.750000
vt 0.500000 0.000000
vt 0.250000 0.750000
vt 0.625000 0.375000
vt 0.591091 0.375000
vt 0.593911 0.250000
vt 0.593911 0.500000
vt 0.282371 0.053982
vt 0.614820 0.366789
vt 0.655670 0.338150
vt 0.655669 0.366775
vt 0.697176 0.344449
vt 0.697179 0.373050
vt 0.705284 0.346802
vt 0.705288 0.375398
vt 0.705323 0.435794
vt 0.697193 0.483124
vt 0.655799 0.479417
vt 0.614401 0.479431
vt 0.292248 0.092690
vt 0.614752 0.659157
vt 0.655825 0.500977
vt 0.656018 0.659143
vt 0.697196 0.504683
vt 0.697216 0.659130
vt 0.738887 0.506908
vt 0.739972 0.659187
vt 0.025484 0.651103
vt 0.025098 0.508186
vt 0.585761 0.344152
vt 0.614199 0.338164
vt 0.320178 0.693244
vt 0.330799 0.669342
vt 0.330597 0.701442
vt 0.309764 0.684086
vt 0.320379 0.661139
vt 0.614443 0.500991
vt 0.589609 0.478410
vt 0.588269 0.499977
vt 0.587341 0.659167
vt 0.025051 0.492782
vt 0.738756 0.488576
vt 0.320596 0.802676
vt 0.551262 0.471310
vt 0.545994 0.521865
vt 0.329211 0.197839
vt 0.543303 0.659187
vt 0.328941 0.335112
vt 0.000153 0.498252
vt 0.000000 0.479923
vt 0.001427 0.650503
vt 0.017293 0.422870
vt 0.000773 0.426183
vt 0.330800 0.147376
vt 0.327687 0.096362
vt 0.555179 0.420265
vt 0.738394 0.434838
vt 0.309357 0.732890
vt 0.830570 0.872207
vt 0.862026 0.877064
vt 0.830397 0.883782
vt 0.330800 0.744978
vt 0.373483 0.687368
vt 0.362439 0.751614
vt 0.832392 0.728870
vt 0.859231 0.815077
vt 0.827602 0.821795
vt 0.862199 0.865489
vt 0.349617 0.663219
vt 0.341843 0.680732
vt 0.342521 0.856807
vt 0.370697 0.862717
vt 0.430299 0.708925
vt 0.430308 0.773449
vt 0.430477 0.873861
vt 0.911032 0.856829
vt 0.864021 0.722152
vt 0.911086 0.796129
vt 0.911061 0.845628
vt 0.430477 0.690420
vt 0.922221 0.711740
vt 0.936289 0.884233
vt 0.921771 0.861037
vt 0.742694 0.765336
vt 0.773367 0.729463
vt 0.773417 0.768090
vt 0.582942 0.812674
vt 0.742644 0.726709
vt 0.770695 0.709777
vt 0.758933 0.879069
vt 0.789655 0.881823
vt 0.562134 0.886830
vt 0.588356 0.866251
vt 0.592853 0.883959
vt 0.557636 0.869122
vt 0.604227 0.662447
vt 0.649894 0.795718
vt 0.827602 0.726208
vt 0.827352 0.745453
vt 0.827354 0.783730
vt 0.649829 0.849329
vt 0.827602 0.895026
vt 0.649716 0.867311
vt 0.283308 0.391921
vt 0.304629 0.335112
vt 0.322132 0.405591
vt 0.585692 0.374785
vt 0.910997 0.870518
vt 0.861814 0.891211
vt 0.830185 0.897928
vt 0.591851 0.339729
vt 0.309965 0.651975
vt 0.381256 0.669855
vt 0.914589 0.813826
vt 0.948990 0.865824
vt 0.955080 0.707023
vt 0.739972 0.707023
vt 0.291592 0.536422
vt 0.386342 0.527312
vt 0.613658 0.722688
vt 0.386342 0.722689
vt 0.613658 0.527312
vt 0.509440 0.664977
vt 0.745037 0.450209
vt 0.036149 0.651369
vt 0.543304 0.830449
vt 0.410455 0.908824
vt 0.404392 0.944499
vt 0.393188 0.958170
vt 0.378550 0.966101
vt 0.348067 0.960975
vt 0.330800 0.932124
vt 0.336863 0.896448
vt 0.362705 0.874846
vt 0.378550 0.873861
vt 0.393188 0.879972
vt 0.174953 0.908634
vt 0.168889 0.944310
vt 0.157686 0.957980
vt 0.143047 0.965912
vt 0.112564 0.960786
vt 0.095297 0.931935
vt 0.101361 0.896259
vt 0.127203 0.874657
vt 0.143047 0.873672
vt 0.157685 0.879783
vt 0.542405 0.829840
vt 0.719493 0.991993
vt 0.538802 0.869680
vt 0.304518 0.650287
vt 0.176895 0.941996
vt 0.739966 0.792990
vt 0.996595 0.763239
vt 0.321860 0.979252
vt 0.737656 0.793212
vt 0.225489 0.651975
vt 0.984447 0.000000
vt 0.000025 0.652033
vt 0.895257 0.000000
vt 0.322132 0.417188
vt 0.841844 0.471731
vt 0.341844 0.471731
vt 0.158156 0.471731
vt 0.028269 0.341844
vt 0.158156 0.028269
vt 0.471731 0.158156
vt 0.800429 0.990365
vt 0.538452 0.876898
vt 0.771493 0.990365
vt 0.768984 0.901738
vt 0.830110 0.993267
vt 0.984092 0.713734
vt 0.735078 0.500000
vt 0.125000 0.562751
vt 0.235078 0.500000
vt 0.625000 0.875000
vt 0.282336 0.023351
vt 0.330799 0.810890
vt 0.585811 0.420236
vt 0.911086 0.707023
vt 0.911086 0.728367
vt 0.955080 0.803518
vt 0.928305 0.871476
vt 0.649894 0.659187
vt 0.322132 0.540209
vt 0.275474 0.501690
vt 0.289828 0.354152
vt 0.315752 0.352772
s 1
g off
g Cube_Material.010
usemtl Material.010
f 370/1/1 138/2/2 140/3/3
s 2
f 46/4/4 319/5/5 39/6/6
s 1
f 28/7/7 6/8/8 29/9/9
f 29/9/9 1732/10/10 1734/11/11
f 1733/12/12 32/13/13 1735/14/14
f 9/15/15 33/16/16 32/13/13
s 3
f 360/17/17 1254/18/18 1279/19/19
s 4
f 1709/20/20 357/21/21 1714/22/22
f 355/23/23 704/24/24 356/25/25
s 5
f 333/26/26 548/27/27 362/28/28
s 2
f 1/29/29 316/30/30 318/31/31
s 6
f 45/32/32 148/33/33 146/34/34
s 7
f 329/35/35 21/36/36 320/37/37
s 8
f 369/38/38 138/39/39 368/40/40
s 6
f 22/41/41 147/42/42 3/43/43
s 8
f 5/44/44 549/45/45 6/46/46
f 6/47/46 68/48/47 1732/49/48
f 1732/50/48 550/51/49 1733/52/49
f 550/51/49 9/53/49 1733/52/49
f 551/54/49 10/55/50 9/53/49
s 6
f 40/56/51 145/57/52 148/58/33
s 9
f 32/13/53 58/59/54 44/60/55
f 1735/14/56 44/60/55 43/61/57
f 1734/11/58 43/61/57 42/62/59
f 41/63/60 1734/11/58 42/62/59
s 2
f 339/64/61 314/65/62 342/66/63
s 6
f 45/32/32 338/67/64 335/68/64
s 10
f 552/69/65 73/70/66 549/71/67
s 5
f 67/72/68 543/73/69 333/26/26
s 11
f 19/74/70 536/75/71 38/76/72
s 3
f 359/77/73 1253/78/74 545/79/75
s 12
f 739/80/76 352/81/77 346/82/78
s 2
f 1017/83/79 367/84/80 364/85/81
s 7
f 313/86/82 2/87/83 21/36/36
s 9
f 14/88/84 42/62/59 13/89/85
f 42/62/59 12/90/86 13/89/85
f 63/91/87 44/60/55 58/59/54
s 12
f 4/92/88 142/93/89 15/94/90
s 9
f 53/95/91 41/96/60 14/97/84
f 370/1/92 141/98/93 372/99/94
f 372/99/94 4/100/95 373/101/96
f 54/102/97 29/9/98 41/63/60
s 10
f 35/103/99 36/104/100 69/105/101
f 17/106/102 68/107/103 549/71/67
f 1711/108/104 550/109/105 68/107/103
f 1712/110/106 36/104/100 1710/111/107
f 38/112/108 72/113/109 551/114/110
f 38/112/108 550/109/105 19/115/111
s 13
f 37/116/112 327/117/113 330/118/114
f 71/119/115 72/120/116 37/116/112
s 14
f 34/121/117 324/122/118 332/123/119
f 362/28/120 703/124/121 355/125/122
f 34/121/117 73/126/123 552/127/124
s 9
f 12/90/86 44/60/55 11/128/125
s 15
f 3/129/126 139/130/127 22/131/128
f 3/129/126 140/132/129 138/133/130
f 334/134/131 139/130/127 321/135/132
f 40/136/133 140/132/129 27/137/134
f 348/138/135 739/80/136 346/82/137
f 40/136/133 142/93/138 141/139/139
s 6
f 347/140/140 726/141/140 350/142/140
f 3/143/43 145/57/52 27/144/141
s 16
f 170/145/142 162/146/143 154/147/144
s 17
f 234/148/142 226/149/143 218/150/144
s 18
f 1/29/145 309/151/146 310/152/147
f 1/29/145 311/153/148 26/154/149
f 363/155/150 696/156/151 353/157/152
f 39/6/153 311/153/148 312/158/154
f 39/6/153 313/86/155 46/4/156
f 340/159/157 313/86/155 329/35/158
s 2
f 26/154/159 319/5/5 316/30/30
f 16/160/160 318/31/31 314/65/62
s 18
f 364/85/161 329/35/158 358/161/162
f 16/160/163 323/162/164 309/151/146
s 6
f 22/41/41 337/163/140 143/164/165
s 15
f 45/165/166 328/166/167 142/93/138
f 347/167/168 321/135/132 345/168/168
s 14
f 67/72/169 325/169/170 73/126/123
f 332/123/119 354/170/171 361/171/172
s 19
f 71/119/173 553/172/174 551/173/175
s 13
f 330/118/114 357/174/176 359/77/177
s 2
f 340/159/178 317/175/179 46/4/4
s 12
f 328/166/180 15/94/90 142/93/89
s 6
f 335/68/64 351/176/181 348/177/181
s 2
f 363/155/182 342/66/63 366/178/183
s 7
f 358/161/184 320/37/37 344/179/185
s 5
f 332/180/186 547/181/187 541/182/188
s 4
f 73/183/189 326/184/190 36/185/191
f 1713/186/192 72/187/193 1710/188/194
s 5
f 34/189/195 541/182/188 542/190/196
s 7
f 738/191/197 344/179/185 693/192/198
s 2
f 1014/193/199 366/178/183 725/194/200
s 6
f 348/177/181 847/195/49 842/196/49
s 13
f 359/77/177 705/197/201 767/198/202
s 14
f 361/171/172 1276/199/203 769/200/204
s 15
f 839/201/130 345/168/168 694/202/130
s 18
f 1017/83/205 358/161/162 738/191/206
f 339/64/207 353/157/152 323/162/164
s 6
f 334/203/140 350/142/140 337/163/140
s 15
f 335/204/208 346/82/137 328/166/167
s 14
f 333/26/209 355/125/122 325/169/170
s 19
f 331/205/210 360/17/211 553/172/174
s 2
f 364/85/81 343/206/212 340/159/178
s 12
f 346/82/78 322/207/213 328/166/180
s 11
f 70/208/214 536/209/71 532/210/215
s 4
f 325/211/216 356/25/25 326/184/190
f 1714/22/22 327/212/217 1713/186/192
s 3
f 331/205/218 546/213/219 360/17/17
s 8
f 637/214/220 368/40/40 636/215/221
s 1
f 638/216/222 368/217/223 370/1/1
s 9
f 29/9/98 48/218/224 28/7/225
f 49/219/226 28/7/225 48/218/224
f 33/16/227 56/220/228 32/13/53
f 635/221/229 33/16/227 638/216/230
f 59/222/231 373/101/96 64/223/232
f 59/222/231 370/1/92 372/99/94
s 10
f 17/106/102 73/70/66 35/103/99
s 3
f 37/116/233 537/224/234 538/225/235
s 5
f 67/72/68 542/226/196 544/227/236
s 11
f 35/228/237 534/229/238 17/197/239
s 5
f 361/230/240 1255/231/241 547/181/187
s 3
f 71/119/242 539/232/243 331/205/218
s 11
f 18/233/244 534/234/238 531/235/245
s 5
f 362/28/28 1256/236/246 770/237/247
s 3
f 37/116/233 540/238/248 71/119/249
s 11
f 1711/239/250 531/240/245 1715/241/250
f 69/242/251 535/243/252 35/228/237
s 3
f 330/118/253 545/79/75 537/224/234
s 11
f 1712/110/254 532/244/215 1716/245/254
s 20
f 551/119/255 674/119/256 676/119/257
f 71/119/258 676/119/257 563/119/259
s 9
f 50/246/260 311/247/261 49/219/226
f 2/248/262 50/246/260 51/249/263
s 8
f 310/250/264 552/251/265 5/44/44
s 1
f 28/7/7 310/252/266 5/253/267
s 8
f 309/254/268 324/255/269 552/251/265
f 353/256/270 1276/257/271 354/258/272
f 323/259/273 354/258/272 324/255/269
s 9
f 57/260/274 638/216/230 370/1/92
s 1
f 33/16/16 636/261/275 638/216/222
s 8
f 20/262/276 636/215/221 10/55/50
s 21
f 1076/1/277 836/2/278 1074/217/279
s 2
f 1025/5/280 741/4/281 732/6/282
s 21
f 719/7/283 684/8/284 683/253/285
f 720/9/286 1736/10/287 684/8/284
f 723/13/288 1737/12/289 1739/14/290
f 724/16/291 687/15/292 723/13/288
s 3
f 1254/18/18 1066/17/293 1279/19/19
s 4
f 1063/21/294 1709/20/20 1721/22/295
f 1061/23/296 704/24/24 703/263/297
s 5
f 1275/27/298 1039/26/299 1068/28/300
s 2
f 679/29/301 1021/30/302 717/154/303
s 6
f 740/32/304 850/33/305 733/264/306
s 7
f 1035/35/307 712/36/308 1016/86/309
s 8
f 836/39/310 1075/38/311 1074/40/312
s 6
f 849/42/313 713/41/314 681/43/315
s 8
f 683/44/316 1277/45/317 1281/251/318
f 684/47/319 763/48/320 1277/265/317
f 1736/50/321 1278/51/49 763/266/320
f 687/53/49 1278/51/49 1737/52/49
f 688/55/322 1280/54/49 687/53/49
s 6
f 733/56/306 846/57/323 718/144/324
s 22
f 753/59/325 723/13/326 737/60/327
f 737/60/327 1739/14/328 736/61/329
f 736/61/329 1738/11/330 735/62/331
f 734/63/332 1738/11/330 720/9/333
s 2
f 1045/64/334 1019/65/335 707/160/336
s 6
f 1044/67/337 740/32/304 1041/68/337
s 23
f 1281/69/338 1277/71/339 771/70/340
s 5
f 1270/73/341 762/72/342 1039/26/299
s 24
f 1263/75/343 710/74/344 731/76/345
s 3
f 1065/77/346 1253/78/74 767/198/347
s 12
f 1058/81/348 739/80/76 1052/82/349
s 2
f 1073/84/350 1017/83/79 1070/85/351
s 7
f 680/87/352 1016/86/309 712/36/308
s 22
f 692/88/353 735/62/331 734/63/332
f 690/90/354 735/62/331 691/89/355
f 758/91/356 737/60/327 689/128/357
s 12
f 682/92/358 841/93/359 840/139/360
s 22
f 748/95/361 734/96/332 749/267/362
f 840/98/363 1076/1/364 1078/99/365
f 682/100/366 1078/99/365 1079/101/367
f 749/102/362 720/9/333 742/268/368
s 23
f 729/104/369 728/103/370 764/105/371
f 708/106/372 763/107/373 709/233/374
f 763/107/373 710/115/375 1718/108/376
f 1719/110/377 729/104/369 764/105/371
f 731/112/378 768/113/379 765/269/380
f 1278/109/381 731/112/382 710/115/375
s 13
f 1033/117/383 730/116/384 1036/118/385
f 768/120/386 766/119/387 730/116/384
s 14
f 1030/122/388 727/121/389 1038/123/390
f 1068/28/391 703/124/121 770/237/392
f 727/121/393 771/126/394 762/72/395
s 22
f 690/90/354 737/60/327 736/61/329
s 15
f 837/130/396 681/129/397 713/131/398
f 681/129/397 838/132/399 718/137/400
f 1040/134/401 837/130/396 713/131/398
f 838/132/399 733/136/402 718/137/400
f 1054/138/403 739/80/136 842/270/404
f 733/136/402 841/93/405 740/165/406
s 6
f 1053/140/140 726/141/140 839/271/140
f 846/57/323 681/143/315 718/144/324
s 25
f 868/272/407 876/273/408 852/274/409
s 26
f 932/275/407 940/276/408 916/277/409
s 18
f 679/29/410 1011/151/411 707/160/412
f 1013/153/413 679/29/410 717/154/414
f 1069/155/415 696/156/151 1014/193/416
f 732/6/417 1013/153/413 717/154/414
f 1016/86/418 732/6/417 741/4/419
f 1046/159/420 1016/86/418 741/4/419
s 2
f 717/154/303 1025/5/280 732/6/282
f 707/160/336 1024/31/421 679/29/301
s 18
f 1070/85/422 1035/35/423 1046/159/420
f 707/160/412 1029/162/424 1045/64/425
s 6
f 713/41/314 1043/163/140 1040/203/140
s 15
f 740/165/406 1034/166/426 1041/204/427
f 1053/167/428 1027/135/429 1040/134/401
s 14
f 762/72/395 1031/169/430 1039/26/431
f 1060/170/432 1038/123/390 1067/171/433
s 19
f 766/119/434 1282/172/435 1037/205/436
s 13
f 1063/174/437 1036/118/385 1065/77/438
s 2
f 1023/175/439 1046/159/440 741/4/281
s 12
f 706/94/441 1034/166/442 841/93/359
s 6
f 1057/176/443 1041/68/337 1054/177/443
s 2
f 1069/155/444 1048/66/445 1045/64/334
s 7
f 1064/161/446 1026/37/447 1035/35/307
s 5
f 1038/180/448 1274/181/449 1067/230/450
s 4
f 771/183/451 1032/184/452 1031/211/453
f 768/187/454 1720/186/455 1717/188/456
s 5
f 727/189/457 1268/182/458 1038/180/448
s 7
f 738/191/197 1050/179/459 1064/161/446
s 2
f 1014/193/199 1072/178/460 1069/155/444
s 6
f 847/195/49 1054/177/443 842/196/49
s 13
f 705/197/201 1065/77/438 767/198/202
s 14
f 1276/199/203 1067/171/433 769/200/204
s 15
f 839/201/130 1051/168/428 1053/167/428
s 18
f 1017/83/205 1064/161/461 1070/85/422
f 1045/64/425 1059/157/462 1069/155/415
s 6
f 1040/203/140 1056/142/140 1053/140/140
s 15
f 1041/204/427 1052/82/463 1054/138/403
s 14
f 1039/26/431 1061/125/464 1068/28/391
s 19
f 1037/205/436 1282/172/435 1066/17/465
s 2
f 1049/206/466 1070/85/351 1046/159/440
s 12
f 1028/207/467 1052/82/349 1034/166/442
s 24
f 765/208/468 1263/209/343 731/278/345
s 4
f 1031/211/453 1062/25/469 1061/23/296
f 1033/212/470 1721/22/295 1720/186/455
s 3
f 1273/213/471 1037/205/472 1066/17/293
s 8
f 1074/40/312 1380/214/473 1379/215/474
s 21
f 1381/216/475 1074/217/279 1379/261/476
s 22
f 720/9/333 743/218/477 742/268/368
f 744/219/478 719/7/479 1013/247/480
f 751/220/481 724/16/482 723/13/326
f 1378/221/483 724/16/482 750/279/484
f 1079/101/367 754/222/485 759/223/486
f 754/222/485 1076/1/364 752/260/487
s 23
f 771/70/340 708/106/372 728/103/370
s 3
f 730/116/488 1264/224/489 1036/118/490
s 5
f 762/72/342 1269/226/491 727/121/457
s 24
f 1261/229/492 728/228/493 708/197/494
s 5
f 1067/230/450 1255/231/241 769/280/241
s 3
f 1266/232/495 766/119/496 1037/205/472
s 24
f 709/233/497 1261/234/492 708/106/494
s 5
f 1256/236/246 1068/28/300 770/237/247
s 3
f 1267/238/498 730/116/488 766/119/496
s 24
f 1718/239/499 1258/240/500 709/281/497
f 1262/243/501 764/242/502 728/228/493
s 3
f 1036/118/490 1272/79/503 1065/77/346
s 24
f 1719/110/504 1259/244/505 765/269/468
s 27
f 1417/119/506 1280/119/507 1421/119/508
f 1421/119/508 766/119/509 1294/119/510
s 22
f 745/246/511 1013/247/480 1015/282/512
f 745/246/511 680/248/513 746/249/514
s 8
f 1281/251/318 1012/250/515 683/44/316
s 21
f 719/7/283 1012/252/516 1013/247/517
s 8
f 1030/255/518 1011/254/519 1281/251/318
f 1276/257/271 1059/256/520 1060/258/521
f 1060/258/521 1029/259/522 1030/255/518
s 22
f 752/260/487 1381/216/523 1378/221/483
s 21
f 724/16/291 1379/261/476 688/283/524
s 8
f 1379/215/474 711/262/525 688/55/322
s 24
f 1257/284/526 1719/110/504 764/105/502
f 1260/285/527 1718/239/499 710/74/344
s 4
f 1032/184/452 1721/22/295 1062/25/469
f 729/185/528 1720/186/455 1032/184/452
s 23
f 765/269/380 1717/111/529 1719/110/377
s 4
f 1062/25/469 1709/20/20 704/24/24
s 11
f 1712/110/254 530/284/530 69/105/251
f 1711/239/250 533/285/531 19/74/70
s 4
f 326/184/190 1714/22/22 1713/186/192
f 36/185/191 1713/186/192 1710/188/194
s 10
f 70/269/532 1710/111/107 72/113/109
s 4
f 356/25/25 1709/20/20 1714/22/22
s 1
f 8/286/533 1732/10/10 1733/12/12
f 30/287/533 1732/10/10 7/288/533
f 31/289/533 1733/12/12 1735/14/14
f 31/289/533 1734/11/11 30/287/533
s 21
f 686/286/534 1736/10/287 685/288/534
f 721/287/534 1736/10/287 1738/11/535
f 722/289/534 1737/12/289 686/286/534
f 722/289/534 1738/11/535 1739/14/290
s 1
f 370/1/1 368/217/223 138/2/2
s 2
f 46/4/4 317/175/179 319/5/5
s 1
f 28/7/7 5/253/267 6/8/8
f 29/9/9 6/8/8 1732/10/10
f 1733/12/12 9/15/15 32/13/13
f 9/15/15 10/283/2015 33/16/16
s 3
f 360/17/17 546/213/219 1254/18/18
s 4
f 1709/20/20 705/1050/2016 357/21/21
f 355/23/23 703/263/297 704/24/24
s 5
f 333/26/26 543/73/69 548/27/27
s 2
f 1/29/29 26/154/159 316/30/30
s 6
f 45/32/32 40/264/51 148/33/33
s 7
f 329/35/35 313/86/82 21/36/36
s 8
f 369/38/38 139/1051/2017 138/39/39
s 6
f 22/41/41 143/164/165 147/42/42
s 8
f 5/44/44 552/251/265 549/45/45
f 6/47/46 549/265/45 68/48/47
f 1732/50/48 68/266/47 550/51/49
f 550/51/49 551/54/49 9/53/49
f 551/54/49 20/262/276 10/55/50
s 6
f 40/56/51 27/144/141 145/57/52
s 9
f 32/13/53 56/220/228 58/59/54
f 1735/14/56 32/13/53 44/60/55
f 1734/11/58 1735/14/56 43/61/57
f 41/63/60 29/9/98 1734/11/58
s 2
f 339/64/61 16/160/160 314/65/62
s 6
f 45/32/32 146/34/34 338/67/64
s 5
f 67/72/68 544/227/236 543/73/69
s 11
f 19/74/70 533/285/531 536/75/71
s 3
f 359/77/73 767/198/347 1253/78/74
s 12
f 739/80/76 695/1052/2018 352/81/77
s 2
f 1017/83/79 1022/892/2019 367/84/80
s 7
f 313/86/82 312/158/2020 2/87/83
s 9
f 14/88/84 41/63/60 42/62/59
f 42/62/59 43/61/57 12/90/86
f 63/91/87 11/128/125 44/60/55
s 12
f 4/92/88 141/139/2021 142/93/89
s 9
f 53/95/91 54/267/97 41/96/60
f 370/1/92 140/3/2022 141/98/93
f 372/99/94 141/98/93 4/100/95
f 54/102/97 47/268/2023 29/9/98
s 10
f 35/103/99 73/70/66 36/104/100
f 17/106/102 18/233/2024 68/107/103
f 68/107/103 18/233/2024 1711/108/104
f 1711/108/104 19/115/111 550/109/105
f 1712/110/106 69/105/101 36/104/100
f 38/112/108 70/269/532 72/113/109
f 38/112/108 551/114/110 550/109/105
s 13
f 37/116/112 72/120/116 327/117/113
f 71/119/115 551/173/2025 72/120/116
s 14
f 34/121/117 552/127/124 324/122/118
f 362/28/120 770/237/392 703/124/121
f 34/121/117 67/72/169 73/126/123
s 9
f 12/90/86 43/61/57 44/60/55
s 15
f 3/129/126 138/133/130 139/130/127
f 3/129/126 27/137/134 140/132/129
f 334/134/131 22/131/128 139/130/127
f 40/136/133 141/139/139 140/132/129
f 348/138/135 842/270/404 739/80/136
f 40/136/133 45/165/166 142/93/138
s 6
f 347/140/140 839/271/140 726/141/140
f 3/143/43 147/1053/42 145/57/52
s 16
f 154/147/144 152/1054/603 150/274/600
f 150/274/600 180/1055/627 178/1056/625
f 178/1056/625 176/1057/623 174/273/620
f 174/273/620 172/1058/618 170/145/142
f 170/145/142 168/1059/615 166/272/613
f 166/272/613 164/1060/611 162/146/143
f 162/146/143 160/1061/608 158/1062/2026
f 158/1062/2026 156/1063/606 154/147/144
f 154/147/144 150/274/600 178/1056/625
f 178/1056/625 174/273/620 170/145/142
f 170/145/142 166/272/613 162/146/143
f 162/146/143 158/1062/2026 154/147/144
f 154/147/144 178/1056/625 170/145/142
s 17
f 218/150/144 216/1064/603 214/277/600
f 214/277/600 244/1065/627 242/1066/625
f 242/1066/625 240/1067/623 238/276/620
f 238/276/620 236/1068/618 234/148/142
f 234/148/142 232/1069/615 230/275/613
f 230/275/613 228/1070/611 226/149/143
f 226/149/143 224/1071/608 222/1072/2026
f 222/1072/2026 220/1073/606 218/150/144
f 218/150/144 214/277/600 242/1066/625
f 242/1066/625 238/276/620 234/148/142
f 234/148/142 230/275/613 226/149/143
f 226/149/143 222/1072/2026 218/150/144
f 218/150/144 242/1066/625 234/148/142
s 18
f 1/29/145 16/160/163 309/151/146
f 1/29/145 310/152/147 311/153/148
f 363/155/150 1014/193/416 696/156/151
f 39/6/153 26/154/149 311/153/148
f 39/6/153 312/158/154 313/86/155
f 340/159/157 46/4/156 313/86/155
s 2
f 26/154/159 39/6/6 319/5/5
f 16/160/160 1/29/29 318/31/31
s 18
f 364/85/161 340/159/157 329/35/158
f 16/160/163 339/64/207 323/162/164
s 6
f 22/41/41 334/203/140 337/163/140
s 15
f 45/165/166 335/204/208 328/166/167
f 347/167/168 334/134/131 321/135/132
s 14
f 67/72/169 333/26/209 325/169/170
f 332/123/119 324/122/118 354/170/171
s 19
f 71/119/173 331/205/210 553/172/174
s 13
f 330/118/114 327/117/113 357/174/176
s 2
f 340/159/178 343/206/212 317/175/179
s 12
f 328/166/180 322/207/213 15/94/90
s 6
f 335/68/64 338/67/64 351/176/181
s 2
f 363/155/182 339/64/61 342/66/63
s 7
f 358/161/184 329/35/35 320/37/37
s 5
f 332/180/186 361/230/240 547/181/187
s 4
f 73/183/189 325/211/216 326/184/190
f 1713/186/192 327/212/217 72/187/193
s 5
f 34/189/195 332/180/186 541/182/188
s 7
f 738/191/197 358/161/184 344/179/185
s 2
f 1014/193/199 363/155/182 366/178/183
s 6
f 348/177/181 351/176/181 847/195/49
s 13
f 359/77/177 357/174/176 705/197/201
s 14
f 361/171/172 354/170/171 1276/199/203
s 15
f 839/201/130 347/167/168 345/168/168
s 18
f 1017/83/205 364/85/161 358/161/162
f 339/64/207 363/155/150 353/157/152
s 6
f 334/203/140 347/140/140 350/142/140
s 15
f 335/204/208 348/138/135 346/82/137
s 14
f 333/26/209 362/28/120 355/125/122
s 2
f 364/85/81 367/84/80 343/206/212
s 12
f 346/82/78 352/81/77 322/207/213
s 11
f 70/208/214 38/278/72 536/209/71
s 4
f 325/211/216 355/23/23 356/25/25
f 1714/22/22 357/21/21 327/212/217
s 3
f 331/205/218 539/232/243 546/213/219
s 8
f 637/214/220 369/38/38 368/40/40
s 1
f 638/216/222 636/261/275 368/217/223
s 9
f 29/9/98 47/268/2023 48/218/224
f 49/219/226 311/247/261 28/7/225
f 33/16/227 55/279/2027 56/220/228
f 635/221/229 55/279/2027 33/16/227
f 59/222/231 372/99/94 373/101/96
f 59/222/231 57/260/274 370/1/92
s 10
f 17/106/102 549/71/67 73/70/66
s 3
f 37/116/233 330/118/253 537/224/234
s 5
f 67/72/68 34/121/195 542/226/196
s 11
f 35/228/237 535/243/252 534/229/238
s 5
f 361/230/240 769/280/241 1255/231/241
s 3
f 71/119/242 540/238/2028 539/232/243
s 11
f 18/233/244 17/106/239 534/234/238
s 5
f 362/28/28 548/27/27 1256/236/246
s 3
f 37/116/233 538/225/235 540/238/248
s 11
f 1711/239/250 18/281/244 531/240/245
f 69/242/251 530/1074/530 535/243/252
s 3
f 330/118/253 359/77/73 545/79/75
s 11
f 1712/110/254 70/269/214 532/244/215
s 20
f 551/119/255 569/119/2029 674/119/256
f 71/119/258 551/119/255 676/119/257
s 9
f 50/246/260 312/282/2030 311/247/261
f 2/248/262 312/282/2030 50/246/260
s 8
f 310/250/264 309/254/268 552/251/265
s 1
f 28/7/7 311/247/2031 310/252/266
s 8
f 309/254/268 323/259/273 324/255/269
f 353/256/270 696/1075/2032 1276/257/271
f 323/259/273 353/256/270 354/258/272
s 9
f 57/260/274 635/221/229 638/216/230
s 1
f 33/16/16 10/283/2015 636/261/275
s 8
f 20/262/276 637/214/220 636/215/221
s 21
f 1076/1/277 838/3/2033 836/2/278
s 2
f 1025/5/280 1023/175/439 741/4/281
s 21
f 719/7/283 720/9/286 684/8/284
f 720/9/286 1738/11/535 1736/10/287
f 723/13/288 687/15/292 1737/12/289
f 724/16/291 688/283/524 687/15/292
s 3
f 1254/18/18 1273/213/471 1066/17/293
s 4
f 1063/21/294 705/1050/2016 1709/20/20
f 1061/23/296 1062/25/469 704/24/24
s 5
f 1275/27/298 1270/73/341 1039/26/299
s 2
f 679/29/301 1024/31/421 1021/30/302
s 6
f 740/32/304 848/34/2034 850/33/305
s 7
f 1035/35/307 1026/37/447 712/36/308
s 8
f 836/39/310 837/1051/2035 1075/38/311
s 6
f 849/42/313 844/164/2036 713/41/314
s 8
f 683/44/316 684/46/319 1277/45/317
f 684/47/319 1736/49/321 763/48/320
f 1736/50/321 1737/52/49 1278/51/49
f 687/53/49 1280/54/49 1278/51/49
f 688/55/322 711/262/525 1280/54/49
s 6
f 733/56/306 850/58/305 846/57/323
s 22
f 753/59/325 751/220/481 723/13/326
f 737/60/327 723/13/326 1739/14/328
f 736/61/329 1739/14/328 1738/11/330
f 734/63/332 735/62/331 1738/11/330
s 2
f 1045/64/334 1048/66/445 1019/65/335
s 6
f 1044/67/337 848/34/2034 740/32/304
s 5
f 1270/73/341 1271/227/2037 762/72/342
s 24
f 1263/75/343 1260/285/527 710/74/344
s 3
f 1065/77/346 1272/79/503 1253/78/74
s 12
f 1058/81/348 695/1052/2018 739/80/76
s 2
f 1073/84/350 1022/892/2019 1017/83/79
s 7
f 680/87/352 1015/158/2038 1016/86/309
s 22
f 692/88/353 691/89/355 735/62/331
f 690/90/354 736/61/329 735/62/331
f 758/91/356 753/59/325 737/60/327
s 12
f 682/92/358 706/94/441 841/93/359
s 22
f 748/95/361 692/97/353 734/96/332
f 840/98/363 838/3/2039 1076/1/364
f 682/100/366 840/98/363 1078/99/365
f 749/102/362 734/63/332 720/9/333
s 23
f 729/104/369 771/70/340 728/103/370
f 708/106/372 1277/71/339 763/107/373
f 1718/108/376 709/233/374 763/107/373
f 763/107/373 1278/109/381 710/115/375
f 1719/110/377 1717/111/529 729/104/369
f 731/112/378 1280/114/2040 768/113/379
f 1278/109/381 1280/114/2041 731/112/382
s 13
f 1033/117/383 768/120/386 730/116/384
f 768/120/386 1280/173/2042 766/119/387
s 14
f 1030/122/388 1281/127/2043 727/121/389
f 1068/28/391 1061/125/464 703/124/121
f 727/121/393 1281/127/2044 771/126/394
s 22
f 690/90/354 689/128/357 737/60/327
s 15
f 837/130/396 836/133/130 681/129/397
f 681/129/397 836/133/130 838/132/399
f 1040/134/401 1027/135/429 837/130/396
f 838/132/399 840/139/2045 733/136/402
f 1054/138/403 1052/82/463 739/80/136
f 733/136/402 840/139/2045 841/93/405
s 6
f 1053/140/140 1056/142/140 726/141/140
f 846/57/323 849/1053/313 681/143/315
s 25
f 852/274/409 854/1054/611 856/147/933
f 856/147/933 858/1063/608 860/1062/936
f 860/1062/936 862/1061/935 864/146/938
f 864/146/938 866/1060/940 868/272/407
f 868/272/407 870/1059/943 872/145/945
f 872/145/945 874/1058/947 876/273/408
f 876/273/408 878/1057/618 880/1056/953
f 880/1056/953 882/1055/615 852/274/409
f 852/274/409 856/147/933 860/1062/936
f 860/1062/936 864/146/938 868/272/407
f 868/272/407 872/145/945 876/273/408
f 876/273/408 880/1056/953 852/274/409
f 852/274/409 860/1062/936 868/272/407
s 26
f 916/277/409 918/1064/611 920/150/933
f 920/150/933 922/1073/608 924/1072/936
f 924/1072/936 926/1071/935 928/149/938
f 928/149/938 930/1070/940 932/275/407
f 932/275/407 934/1069/943 936/148/945
f 936/148/945 938/1068/947 940/276/408
f 940/276/408 942/1067/618 944/1066/953
f 944/1066/953 946/1065/615 916/277/409
f 916/277/409 920/150/933 924/1072/936
f 924/1072/936 928/149/938 932/275/407
f 932/275/407 936/148/945 940/276/408
f 940/276/408 944/1066/953 916/277/409
f 916/277/409 924/1072/936 932/275/407
s 18
f 679/29/410 1012/152/2046 1011/151/411
f 1013/153/413 1012/152/2046 679/29/410
f 1069/155/415 1059/157/462 696/156/151
f 732/6/417 1015/158/2047 1013/153/413
f 1016/86/418 1015/158/2047 732/6/417
f 1046/159/420 1035/35/423 1016/86/418
s 2
f 717/154/303 1021/30/302 1025/5/280
f 707/160/336 1019/65/335 1024/31/421
s 18
f 1070/85/422 1064/161/461 1035/35/423
f 707/160/412 1011/151/411 1029/162/424
s 6
f 713/41/314 844/164/2036 1043/163/140
s 15
f 740/165/406 841/93/405 1034/166/426
f 1053/167/428 1051/168/428 1027/135/429
s 14
f 762/72/395 771/126/394 1031/169/430
f 1060/170/432 1030/122/388 1038/123/390
s 19
f 766/119/434 1280/173/1699 1282/172/435
s 13
f 1063/174/437 1033/117/383 1036/118/385
s 2
f 1023/175/439 1049/206/466 1046/159/440
s 12
f 706/94/441 1028/207/467 1034/166/442
s 6
f 1057/176/443 1044/67/337 1041/68/337
s 2
f 1069/155/444 1072/178/460 1048/66/445
s 7
f 1064/161/446 1050/179/459 1026/37/447
s 5
f 1038/180/448 1268/182/458 1274/181/449
s 4
f 771/183/451 729/185/528 1032/184/452
f 768/187/454 1033/212/470 1720/186/455
s 5
f 727/189/457 1269/190/491 1268/182/458
s 7
f 738/191/197 693/192/198 1050/179/459
s 2
f 1014/193/199 725/194/200 1072/178/460
s 6
f 847/195/49 1057/176/443 1054/177/443
s 13
f 705/197/201 1063/174/437 1065/77/438
s 14
f 1276/199/203 1060/170/432 1067/171/433
s 15
f 839/201/130 694/202/130 1051/168/428
s 18
f 1017/83/205 738/191/206 1064/161/461
f 1045/64/425 1029/162/424 1059/157/462
s 6
f 1040/203/140 1043/163/140 1056/142/140
s 15
f 1041/204/427 1034/166/426 1052/82/463
s 14
f 1039/26/431 1031/169/430 1061/125/464
s 2
f 1049/206/466 1073/84/350 1070/85/351
s 12
f 1028/207/467 1058/81/348 1052/82/349
s 24
f 765/208/468 1259/210/505 1263/209/343
s 4
f 1031/211/453 1032/184/452 1062/25/469
f 1033/212/470 1063/21/294 1721/22/295
s 3
f 1273/213/471 1266/232/495 1037/205/472
s 8
f 1074/40/312 1075/38/311 1380/214/473
s 21
f 1381/216/475 1076/1/277 1074/217/279
s 22
f 720/9/333 719/7/479 743/218/477
f 744/219/478 743/218/477 719/7/479
f 751/220/481 750/279/484 724/16/482
f 1378/221/483 1381/216/523 724/16/482
f 1079/101/367 1078/99/365 754/222/485
f 754/222/485 1078/99/365 1076/1/364
s 23
f 771/70/340 1277/71/339 708/106/372
s 3
f 730/116/488 1265/225/2048 1264/224/489
s 5
f 762/72/342 1271/227/2037 1269/226/491
s 24
f 1261/229/492 1262/243/501 728/228/493
s 5
f 1067/230/450 1274/181/449 1255/231/241
s 3
f 1266/232/495 1267/238/498 766/119/496
s 24
f 709/233/497 1258/235/500 1261/234/492
s 5
f 1256/236/246 1275/27/298 1068/28/300
s 3
f 1267/238/498 1265/225/2048 730/116/488
s 24
f 1718/239/499 1722/241/2049 1258/240/500
f 1262/243/501 1257/1074/526 764/242/502
s 3
f 1036/118/490 1264/224/489 1272/79/503
s 24
f 1719/110/504 1723/245/504 1259/244/505
s 27
f 1417/119/506 1302/119/2050 1280/119/507
f 1421/119/508 1280/119/507 766/119/509
s 22
f 745/246/511 744/219/478 1013/247/480
f 745/246/511 1015/282/512 680/248/513
s 8
f 1281/251/318 1011/254/519 1012/250/515
s 21
f 719/7/283 683/253/285 1012/252/516
s 8
f 1030/255/518 1029/259/522 1011/254/519
f 1276/257/271 696/1075/2032 1059/256/520
f 1060/258/521 1059/256/520 1029/259/522
s 22
f 752/260/487 1076/1/364 1381/216/523
s 21
f 724/16/291 1381/216/475 1379/261/476
s 8
f 1379/215/474 1380/214/473 711/262/525
s 24
f 1257/284/526 1723/245/504 1719/110/504
f 1260/285/527 1722/241/2049 1718/239/499
s 4
f 1032/184/452 1720/186/455 1721/22/295
f 729/185/528 1717/188/456 1720/186/455
s 23
f 765/269/380 768/113/379 1717/111/529
s 4
f 1062/25/469 1721/22/295 1709/20/20
s 11
f 1712/110/254 1716/245/254 530/284/530
f 1711/239/250 1715/241/250 533/285/531
s 4
f 326/184/190 356/25/25 1714/22/22
f 36/185/191 326/184/190 1713/186/192
s 10
f 70/269/532 1712/110/106 1710/111/107
s 4
f 356/25/25 704/24/24 1709/20/20
s 1
f 8/286/533 7/288/533 1732/10/10
f 30/287/533 1734/11/11 1732/10/10
f 31/289/533 8/286/533 1733/12/12
f 31/289/533 1735/14/14 1734/11/11
s 21
f 686/286/534 1737/12/289 1736/10/287
f 721/287/534 685/288/534 1736/10/287
f 722/289/534 1739/14/290 1737/12/289
f 722/289/534 721/287/534 1738/11/535
s 28
g Cube_Material.011
usemtl Material.011
f 84/290/536 75/291/537 83/292/538
f 85/293/539 76/294/540 84/290/536
f 85/295/539 78/296/541 77/297/542
f 86/298/543 79/299/544 78/296/541
f 87/300/545 80/301/546 79/302/544
f 88/303/547 81/304/548 80/301/546
f 82/305/549 81/306/548 89/307/550
f 82/305/549 97/308/551 90/309/552
f 85/295/539 94/310/553 86/298/543
f 83/311/538 90/309/552 91/312/554
f 86/298/543 95/313/555 87/314/545
f 84/290/536 91/315/554 92/316/556
f 87/300/545 96/317/557 88/303/547
f 85/293/539 92/316/556 93/318/558
f 88/303/547 97/319/551 89/320/550
f 93/318/558 100/321/559 101/322/560
f 96/317/557 105/323/561 97/319/551
f 94/310/553 101/324/560 102/325/562
f 97/308/551 98/326/563 90/309/552
f 91/312/554 98/326/563 99/327/564
f 94/310/553 103/328/565 95/313/555
f 92/316/556 99/329/564 100/321/559
f 95/330/555 104/331/566 96/317/557
f 110/332/567 103/333/565 102/334/562
f 99/329/564 108/335/568 100/321/559
f 104/331/566 111/336/569 112/337/570
f 101/338/560 108/339/568 109/340/571
f 104/341/566 113/342/572 105/343/561
f 102/334/562 109/340/571 110/332/567
f 105/343/561 106/344/573 98/345/563
f 98/345/563 107/346/574 99/347/564
f 113/342/572 114/348/575 106/344/573
f 117/349/576 110/332/567 109/340/571
f 106/344/573 115/350/577 107/346/574
f 111/351/569 118/352/578 119/353/579
f 107/346/574 116/354/580 108/355/568
f 112/356/570 119/353/579 120/357/581
f 109/340/571 116/358/580 117/349/576
f 112/359/570 121/360/582 113/342/572
f 120/361/581 129/362/583 121/360/582
f 124/363/584 117/349/576 116/358/580
f 118/352/578 125/364/585 126/365/586
f 121/360/582 122/366/587 114/348/575
f 115/350/577 122/366/587 123/367/588
f 118/352/578 127/368/589 119/353/579
f 116/354/580 123/367/588 124/369/584
f 119/353/579 128/370/590 120/357/581
f 77/371/542 135/294/591 76/294/540
f 78/296/541 132/299/592 133/296/593
f 81/304/548 131/301/594 80/301/546
f 76/294/540 136/291/595 75/291/537
f 78/296/541 134/297/596 77/297/542
f 79/302/544 131/301/594 132/302/592
f 74/372/597 130/306/598 81/306/548
f 75/373/537 137/372/599 74/372/597
s 16
f 150/374/600 182/375/601 181/376/602
f 152/377/603 183/378/604 182/375/601
f 154/379/144 184/380/605 183/381/604
f 156/382/606 185/383/607 184/380/605
f 185/383/607 160/384/608 186/385/609
f 186/385/609 162/386/143 187/387/610
f 187/388/610 164/389/611 188/390/612
f 188/390/612 166/391/613 189/392/614
f 189/392/614 168/393/615 190/394/616
f 190/394/616 170/395/142 191/396/617
f 191/397/617 172/398/618 192/399/619
f 192/399/619 174/400/620 193/401/621
f 174/400/620 194/402/622 193/401/621
f 176/403/623 195/404/624 194/402/622
f 178/405/625 196/406/626 195/407/624
f 180/408/627 181/376/602 196/406/626
f 198/409/628 182/410/601 197/411/629
f 197/411/629 183/412/604 199/413/630
f 199/413/630 184/414/605 200/415/631
f 200/415/631 185/416/607 201/417/632
f 202/418/633 185/416/607 186/419/609
f 203/420/634 186/419/609 187/421/610
f 204/422/635 187/421/610 188/423/612
f 205/424/636 188/423/612 189/425/614
f 205/424/636 190/426/616 206/427/637
f 206/427/637 191/428/617 207/429/638
f 207/429/638 192/430/619 208/431/639
f 208/431/639 193/432/621 209/433/640
f 210/434/641 193/432/621 194/435/622
f 211/436/642 194/435/622 195/437/624
f 212/438/643 195/437/624 196/439/626
f 198/409/628 196/439/626 181/440/602
s 29
f 292/441/644 198/409/645 277/442/646
f 291/443/647 212/438/648 292/441/644
f 290/444/649 211/436/650 291/443/647
f 289/445/651 210/434/652 290/444/649
f 289/445/651 208/431/653 209/433/654
f 288/446/655 207/429/656 208/431/653
f 287/447/657 206/427/658 207/429/656
f 286/448/659 205/424/660 206/427/658
f 285/449/661 204/422/662 205/424/660
f 284/450/663 203/420/664 204/422/662
f 283/451/665 202/418/666 203/420/664
f 282/452/667 201/417/668 202/418/666
f 280/453/669 201/417/668 281/454/670
f 279/455/671 200/415/672 280/453/669
f 278/456/673 199/413/674 279/455/671
f 277/442/646 197/411/675 278/456/673
s 17
f 214/457/600 246/458/601 245/459/602
f 216/460/603 247/461/604 246/458/601
f 218/462/144 248/463/605 247/464/604
f 220/465/606 249/466/607 248/463/605
f 249/466/607 224/467/608 250/468/609
f 250/468/609 226/469/143 251/470/610
f 251/471/610 228/472/611 252/473/612
f 252/473/612 230/474/613 253/475/614
f 253/475/614 232/476/615 254/477/616
f 254/477/616 234/478/142 255/479/617
f 255/480/617 236/481/618 256/482/619
f 256/482/619 238/483/620 257/484/621
f 238/483/620 258/485/622 257/484/621
f 240/486/623 259/487/624 258/485/622
f 242/488/625 260/489/626 259/490/624
f 244/491/627 245/459/602 260/489/626
f 262/492/628 246/493/601 261/494/629
f 261/494/629 247/495/604 263/496/676
f 263/496/676 248/497/605 264/498/631
f 264/498/631 249/499/607 265/500/632
f 266/501/633 249/499/607 250/502/609
f 267/503/677 250/502/609 251/504/610
f 268/505/678 251/504/610 252/506/612
f 269/507/636 252/506/612 253/508/614
f 269/507/636 254/509/616 270/510/637
f 270/510/637 255/511/617 271/512/638
f 271/512/638 256/513/619 272/514/639
f 272/514/639 257/515/621 273/516/640
f 274/517/641 257/515/621 258/518/622
f 275/519/642 258/518/622 259/520/624
f 276/521/643 259/520/624 260/522/626
f 262/492/628 260/522/626 245/523/602
s 30
f 308/524/679 262/492/680 293/525/681
f 307/526/682 276/521/683 308/524/679
f 306/527/684 275/519/685 307/526/682
f 305/528/686 274/517/687 306/527/684
f 305/528/686 272/514/688 273/516/689
f 304/529/690 271/512/691 272/514/688
f 303/530/692 270/510/693 271/512/691
f 302/531/694 269/507/695 270/510/693
f 301/532/696 268/505/697 269/507/695
f 300/533/698 267/503/699 268/505/697
f 299/534/700 266/501/701 267/503/699
f 298/535/702 265/500/703 266/501/701
f 296/536/704 265/500/703 297/537/705
f 295/538/706 264/498/707 296/536/704
f 294/539/708 263/496/709 295/538/706
f 293/525/681 261/494/710 294/539/708
s 28
f 83/311/538 74/372/597 82/305/549
s 31
f 423/540/130 1116/541/130 421/542/711
s 32
f 435/543/712 414/544/713 437/545/712
f 417/546/714 415/547/715 418/548/716
s 31
f 422/549/130 1124/550/130 423/540/130
s 33
f 416/551/140 436/552/140 442/553/140
s 34
f 425/554/717 1117/555/49 422/556/49
s 35
f 416/557/718 415/547/719 410/558/720
f 437/545/721 412/559/722 439/560/723
f 412/559/722 418/561/724 416/562/718
s 34
f 420/563/725 1129/564/726 425/565/717
s 33
f 412/566/140 442/553/140 439/567/140
s 32
f 414/544/713 417/568/714 418/561/716
s 33
f 419/569/140 1128/570/140 1118/571/140
s 34
f 427/572/727 425/565/717 430/573/728
s 35
f 1125/574/729 419/575/730 1118/576/729
s 34
f 430/577/728 422/556/49 432/578/49
s 33
f 426/579/140 1116/580/140 1128/570/140
s 31
f 432/581/130 423/540/130 433/582/731
s 32
f 1119/583/732 424/584/733 1125/574/732
s 31
f 433/582/731 421/542/711 428/585/734
f 441/586/735 428/585/734 436/587/736
f 440/588/737 433/582/731 441/586/737
s 34
f 438/589/738 432/578/49 440/590/49
f 435/591/739 430/573/728 438/592/738
s 33
f 431/593/140 426/579/140 419/569/140
s 35
f 419/575/730 429/594/740 431/595/741
s 33
f 434/596/140 421/597/140 426/579/140
s 32
f 420/598/733 429/594/742 424/584/733
s 34
f 413/599/743 438/592/738 417/600/744
f 417/601/744 440/590/49 411/602/49
s 31
f 411/603/745 441/586/737 415/604/745
f 410/605/746 441/586/735 436/587/736
s 33
f 439/567/140 434/596/140 431/593/140
s 35
f 431/595/741 437/545/721 439/560/723
s 33
f 442/553/140 428/606/140 434/596/140
s 32
f 427/607/742 437/545/712 429/594/742
s 36
f 494/608/747 1196/609/748 492/610/749
s 37
f 498/611/750 485/612/751 500/613/752
s 38
f 489/614/753 482/615/754 486/616/755
f 493/617/756 1204/618/757 494/608/756
s 39
f 505/619/758 481/620/759 499/621/760
s 40
f 1209/622/761 493/617/762 496/623/763
s 36
f 489/614/764 481/624/765 487/625/766
s 37
f 500/613/752 483/626/751 502/627/752
s 36
f 485/628/767 487/629/766 483/630/768
s 40
f 1199/631/761 496/623/763 491/632/769
s 39
f 502/627/770 487/633/771 505/619/758
s 38
f 484/634/772 489/635/753 485/628/772
s 39
f 1198/636/773 497/637/774 1208/638/773
s 40
f 491/632/769 501/639/775 498/640/776
s 37
f 1198/636/777 495/641/778 490/642/778
s 40
f 496/623/763 503/643/779 501/639/775
s 39
f 1208/638/773 492/644/780 1196/645/781
s 38
f 503/643/782 494/608/756 504/646/783
s 37
f 1205/647/777 491/648/784 495/641/778
s 36
f 504/646/785 492/610/749 499/649/786
f 486/616/787 499/649/786 481/624/765
s 38
f 482/615/754 504/646/783 486/616/755
s 40
f 501/639/775 482/615/788 488/650/789
f 498/640/776 488/650/789 484/651/790
s 39
f 490/642/791 505/619/758 497/637/774
s 37
f 490/642/778 500/613/752 502/627/752
s 39
f 497/637/774 499/621/760 492/644/780
s 37
f 495/641/778 498/611/750 500/613/752
s 41
f 506/652/792 509/653/793 507/654/794
s 42
f 512/655/795 509/653/796 508/656/797
s 43
f 510/657/798 513/658/798 512/659/798
s 44
f 510/657/799 507/660/799 511/661/799
s 45
f 508/662/800 510/657/801 512/659/802
s 46
f 513/663/803 507/654/803 509/653/803
s 47
f 523/664/804 527/665/804 522/666/805
s 48
f 517/667/806 520/668/806 516/669/806
s 49
f 525/670/807 518/671/807 524/672/807
s 50
f 519/673/808 514/674/808 518/671/808
s 51
f 522/666/809 518/671/809 514/674/809
s 52
f 523/664/810 519/673/810 525/670/810
s 53
f 526/675/811 525/670/811 529/676/811
s 54
f 527/665/812 524/672/812 522/666/812
s 55
f 528/677/813 525/670/813 524/672/813
s 56
f 515/678/814 522/666/814 514/674/814
s 57
f 516/669/815 526/679/816 517/667/817
f 520/668/818 527/680/819 516/669/815
f 521/681/820 526/679/816 529/682/821
f 520/668/818 529/682/821 528/683/822
s 58
f 574/684/732 1420/685/732 1419/685/732
f 572/686/732 568/687/732 574/684/732
f 566/688/732 572/686/732 573/689/732
s 28
f 136/373/595 618/372/823 137/372/599
f 135/294/591 615/371/824 616/294/825
f 133/296/593 613/299/826 614/296/827
f 130/304/598 612/301/828 131/301/594
f 135/294/591 617/291/829 136/291/595
f 134/297/596 614/296/827 615/297/824
f 131/301/594 613/302/826 132/302/592
f 137/372/599 611/306/830 130/306/598
s 59
f 616/294/831 623/371/832 624/294/831
f 613/299/833 622/296/834 614/296/834
f 612/301/835 619/304/836 620/301/835
f 617/291/837 624/294/831 625/291/838
f 614/296/834 623/297/832 615/297/839
f 613/302/833 620/301/835 621/302/840
f 618/372/841 619/306/836 611/306/842
f 617/373/837 626/372/841 618/372/841
s 60
f 642/690/843 643/691/843 641/692/843
s 61
f 644/693/844 650/694/844 643/691/844
s 62
f 652/695/845 641/696/845 651/697/845
s 63
f 643/698/846 651/697/846 641/699/846
s 64
f 644/700/847 652/695/847 649/701/847
s 65
f 654/702/848 649/701/849 653/703/850
s 66
f 655/704/851 650/694/852 654/702/853
s 67
f 653/703/854 652/695/852 656/705/853
s 68
f 656/705/855 651/697/849 655/704/856
s 69
f 658/690/857 659/691/857 657/692/857
s 70
f 659/691/858 665/701/858 666/694/858
s 71
f 668/695/859 657/696/859 667/697/859
s 72
f 659/698/860 667/697/860 657/699/860
s 73
f 665/701/861 658/706/861 668/695/861
s 74
f 670/702/862 665/701/863 669/703/864
s 75
f 671/704/865 666/694/866 670/702/867
s 76
f 669/703/868 668/695/866 672/705/869
s 77
f 672/705/862 667/697/870 671/704/864
s 78
f 773/291/871 782/290/536 781/292/872
f 774/294/873 783/293/874 782/290/536
f 783/295/874 776/296/875 784/298/876
f 784/298/876 777/299/877 785/314/878
f 785/300/878 778/301/879 786/303/880
f 786/303/880 779/304/881 787/320/882
f 779/306/881 780/305/883 787/307/882
f 780/305/883 795/308/884 787/307/882
f 783/295/874 792/310/885 791/707/886
f 781/311/872 788/309/887 780/305/883
f 793/313/888 784/298/876 785/314/878
f 782/290/536 789/315/889 781/292/872
f 794/317/890 785/300/878 786/303/880
f 783/293/874 790/316/891 782/290/536
f 795/319/884 786/303/880 787/320/882
f 791/318/886 798/321/892 790/316/891
f 803/323/893 794/317/890 795/319/884
f 792/310/885 799/324/894 791/707/886
f 796/326/895 795/308/884 788/309/887
f 789/312/889 796/326/895 788/309/887
f 801/328/896 792/310/885 793/313/888
f 790/316/891 797/329/897 789/315/889
f 802/331/898 793/330/888 794/317/890
f 801/333/896 808/332/899 800/334/900
f 806/335/901 797/329/897 798/321/892
f 802/331/898 809/336/902 801/708/896
f 799/338/894 806/339/901 798/709/892
f 811/342/903 802/341/898 803/343/893
f 800/334/900 807/340/904 799/338/894
f 804/344/905 803/343/893 796/345/895
f 805/346/906 796/345/895 797/347/897
f 812/348/907 811/342/903 804/344/905
f 808/332/899 815/349/908 807/340/904
f 813/350/909 804/344/905 805/346/906
f 809/351/902 816/352/910 808/332/899
f 814/354/911 805/346/906 806/355/901
f 810/356/912 817/353/913 809/351/902
f 807/340/904 814/358/911 806/339/901
f 819/360/914 810/359/912 811/342/903
f 827/362/915 818/361/916 819/360/914
f 815/349/908 822/363/584 814/358/911
f 816/352/910 823/364/917 815/349/908
f 820/366/918 819/360/914 812/348/907
f 813/350/909 820/366/918 812/348/907
f 825/368/919 816/352/910 817/353/913
f 814/354/911 821/367/920 813/350/909
f 826/370/590 817/353/913 818/357/916
f 833/294/921 775/371/922 774/294/873
f 776/296/875 830/299/923 777/299/877
f 829/301/924 779/304/881 778/301/879
f 834/291/925 774/294/873 773/291/871
f 832/297/926 776/296/875 775/297/922
f 777/302/877 829/301/924 778/301/879
f 828/306/927 772/372/928 779/306/881
f 835/372/929 773/373/871 772/372/928
s 25
f 884/375/930 852/374/409 883/376/614
f 885/378/931 854/377/611 884/375/930
f 886/380/932 856/379/933 885/381/931
f 887/383/934 858/382/608 886/380/932
f 887/383/934 862/384/935 860/710/936
f 888/385/937 864/386/938 862/384/935
f 889/388/939 866/389/940 864/711/938
f 890/390/941 868/391/407 866/389/940
f 891/392/942 870/393/943 868/391/407
f 892/394/944 872/395/945 870/393/943
f 893/397/946 874/398/947 872/712/945
f 894/399/948 876/400/408 874/398/947
f 896/402/949 876/400/408 895/401/950
f 897/404/951 878/403/618 896/402/949
f 898/406/952 880/405/953 897/407/951
f 883/376/614 882/408/615 898/406/952
f 884/410/930 900/409/636 899/411/678
f 885/412/931 899/411/678 901/413/634
f 886/414/932 901/413/634 902/415/633
f 887/416/934 902/415/633 903/417/632
f 904/418/631 887/416/934 903/417/632
f 905/420/954 888/419/937 904/418/631
f 906/422/629 889/421/939 905/420/954
f 907/424/628 890/423/941 906/422/629
f 892/426/944 907/424/628 908/427/643
f 893/428/946 908/427/643 909/429/642
f 894/430/948 909/429/642 910/431/955
f 895/432/950 910/431/955 911/433/640
f 912/434/639 895/432/950 911/433/640
f 913/436/638 896/435/949 912/434/639
f 914/438/637 897/437/951 913/436/638
f 900/409/636 898/439/952 914/438/637
s 79
f 900/409/660 994/441/956 979/442/957
f 914/438/658 993/443/657 994/441/956
f 913/436/656 992/444/655 993/443/657
f 912/434/653 991/445/651 992/444/655
f 991/445/651 910/431/958 990/446/649
f 990/446/649 909/429/650 989/447/647
f 989/447/647 908/427/648 988/448/644
f 988/448/644 907/424/645 987/449/646
f 987/449/646 906/422/675 986/450/673
f 986/450/673 905/420/674 985/451/671
f 985/451/671 904/418/672 984/452/669
f 984/452/669 903/417/668 983/454/670
f 903/417/668 982/453/667 983/454/670
f 902/415/666 981/455/665 982/453/667
f 901/413/664 980/456/663 981/455/665
f 899/411/662 979/442/957 980/456/663
s 26
f 948/458/930 916/457/409 947/459/614
f 949/461/931 918/460/611 948/458/930
f 950/463/932 920/462/933 949/464/931
f 951/466/934 922/465/608 950/463/932
f 951/466/934 926/467/935 924/713/936
f 952/468/937 928/469/938 926/467/935
f 953/471/939 930/472/940 928/714/938
f 954/473/941 932/474/407 930/472/940
f 955/475/959 934/476/943 932/474/407
f 956/477/944 936/478/945 934/476/943
f 957/480/946 938/481/947 936/715/945
f 958/482/948 940/483/408 938/481/947
f 960/485/949 940/483/408 959/484/950
f 961/487/951 942/486/618 960/485/949
f 962/489/952 944/488/953 961/490/951
f 947/459/614 946/491/615 962/489/952
f 948/493/930 964/492/636 963/494/678
f 949/495/931 963/494/678 965/496/677
f 950/497/932 965/496/677 966/498/633
f 951/499/934 966/498/633 967/500/632
f 968/501/631 951/499/934 967/500/632
f 969/503/630 952/502/937 968/501/631
f 970/505/629 953/504/939 969/503/630
f 971/507/628 954/506/941 970/505/629
f 956/509/944 971/507/628 972/510/960
f 957/511/946 972/510/960 973/512/642
f 958/513/948 973/512/642 974/514/641
f 959/515/950 974/514/641 975/516/640
f 976/517/639 959/515/950 975/516/640
f 977/519/638 960/518/949 976/517/639
f 978/521/637 961/520/951 977/519/638
f 964/492/636 962/522/952 978/521/637
s 80
f 964/492/695 1010/524/694 995/525/696
f 978/521/961 1009/526/692 1010/524/694
f 977/519/691 1008/527/690 1009/526/692
f 976/517/688 1007/528/686 1008/527/690
f 1007/528/686 974/514/962 1006/529/684
f 1006/529/684 973/512/685 1005/530/682
f 1005/530/682 972/510/683 1004/531/679
f 1004/531/679 971/507/680 1003/532/681
f 1003/532/681 970/505/710 1002/533/708
f 1002/533/708 969/503/709 1001/534/706
f 1001/534/706 968/501/707 1000/535/704
f 1000/535/704 967/500/703 999/537/705
f 967/500/703 998/536/702 999/537/705
f 966/498/701 997/538/963 998/536/702
f 965/496/699 996/539/698 997/538/963
f 963/494/697 995/525/696 996/539/698
s 78
f 772/372/928 781/311/872 780/305/883
s 31
f 1116/541/130 1137/540/130 1135/542/711
s 32
f 1126/544/964 1149/543/965 1151/545/965
f 1127/547/966 1131/546/967 1132/548/968
s 31
f 1124/550/130 1136/549/130 1137/540/130
s 33
f 1150/552/140 1130/551/140 1156/553/140
s 34
f 1139/554/969 1117/555/49 1129/716/726
s 35
f 1130/557/970 1127/547/971 1132/548/972
f 1122/559/973 1151/545/974 1153/560/975
f 1122/559/973 1132/561/972 1126/544/976
s 34
f 1134/563/977 1129/564/726 1119/717/978
s 33
f 1156/553/140 1122/566/140 1153/567/140
s 32
f 1126/544/964 1131/568/967 1123/718/979
s 33
f 1128/570/140 1133/569/140 1118/571/140
s 34
f 1141/572/980 1139/565/969 1134/563/977
s 35
f 1133/575/981 1125/574/729 1118/576/729
s 34
f 1144/577/982 1136/556/49 1139/554/969
s 33
f 1116/580/140 1140/579/140 1128/570/140
s 31
f 1137/540/130 1146/581/130 1147/582/983
s 32
f 1138/584/984 1119/583/732 1125/574/732
s 31
f 1135/542/711 1147/582/983 1142/585/985
f 1142/585/985 1155/586/986 1150/587/987
f 1147/582/983 1154/588/988 1155/586/988
s 34
f 1152/589/989 1146/578/49 1144/577/982
f 1149/591/990 1144/573/982 1141/572/980
s 33
f 1140/579/140 1145/593/140 1133/569/140
s 35
f 1133/575/981 1143/594/991 1138/584/992
s 33
f 1135/597/140 1148/596/140 1140/579/140
s 32
f 1143/594/993 1134/598/984 1138/584/984
s 34
f 1123/599/994 1152/592/989 1149/591/990
f 1131/601/995 1154/590/49 1152/589/989
s 31
f 1155/586/988 1121/603/996 1127/604/996
f 1120/605/997 1155/586/986 1127/604/998
s 33
f 1148/596/140 1153/567/140 1145/593/140
s 35
f 1145/595/999 1151/545/974 1143/594/991
s 33
f 1142/606/140 1156/553/140 1148/596/140
s 32
f 1151/545/965 1141/607/993 1143/594/993
s 36
f 1196/609/748 1217/608/1000 1215/610/1001
s 37
f 1206/612/1002 1221/611/1003 1223/613/1004
s 38
f 1212/614/1005 1201/615/1006 1211/650/1007
f 1204/618/757 1216/617/1008 1217/608/1008
s 39
f 1228/619/1009 1200/620/1010 1210/633/1011
s 40
f 1216/617/1012 1209/622/761 1219/623/1013
s 36
f 1200/624/1014 1212/614/1015 1210/625/1016
s 37
f 1202/626/1002 1223/613/1004 1225/627/1004
s 36
f 1210/629/1016 1206/628/1017 1202/630/1018
s 40
f 1219/623/1013 1199/631/761 1214/632/1019
s 39
f 1225/627/1020 1210/633/1011 1202/626/1021
s 38
f 1212/635/1005 1203/634/1022 1206/628/1022
s 39
f 1198/636/773 1220/637/1023 1213/642/1024
s 40
f 1224/639/1025 1214/632/1019 1221/640/1026
s 37
f 1198/636/777 1218/641/1027 1205/647/777
s 40
f 1226/643/1028 1219/623/1013 1224/639/1025
s 39
f 1208/638/773 1215/644/1029 1220/637/1023
s 38
f 1217/608/1008 1226/643/1030 1227/646/1031
s 37
f 1205/647/777 1214/648/1032 1199/719/777
s 36
f 1215/610/1001 1227/646/1033 1222/649/1034
f 1222/649/1034 1207/616/1035 1200/624/1014
s 38
f 1227/646/1031 1201/615/1006 1207/616/1036
s 40
f 1201/615/1037 1224/639/1025 1211/650/1038
f 1211/650/1038 1221/640/1026 1203/651/1039
s 39
f 1213/642/1024 1228/619/1009 1225/627/1020
s 37
f 1213/642/1027 1223/613/1004 1218/641/1027
s 39
f 1220/637/1023 1222/621/1040 1228/619/1009
s 37
f 1218/641/1027 1221/611/1003 1214/648/1032
s 81
f 1229/652/1041 1232/653/1042 1231/656/1043
s 82
f 1232/653/1044 1235/655/1045 1231/656/1046
s 83
f 1236/658/1047 1233/657/1047 1235/659/1047
s 84
f 1233/657/1048 1230/660/1048 1229/720/1048
s 85
f 1231/662/1049 1233/657/1050 1229/720/1051
s 86
f 1236/663/1052 1230/654/1052 1234/721/1052
s 87
f 1250/665/1053 1246/664/1053 1245/666/1053
s 88
f 1243/668/1054 1240/667/1054 1239/669/1054
s 89
f 1241/671/1055 1248/670/1055 1247/672/1055
s 90
f 1237/674/1056 1242/673/1056 1241/671/1056
s 91
f 1245/666/1057 1241/671/1057 1247/672/1057
s 92
f 1242/673/1058 1246/664/1058 1248/670/1058
s 93
f 1248/670/1059 1249/675/1059 1252/676/1059
s 94
f 1250/665/1060 1247/672/1060 1251/677/1060
s 95
f 1247/672/1061 1252/676/1061 1251/677/1061
s 96
f 1245/666/1062 1238/678/1062 1237/674/1062
s 97
f 1249/679/1063 1239/669/1064 1240/667/1065
f 1250/680/1066 1243/668/1067 1239/669/1064
f 1244/681/1068 1249/679/1063 1240/667/1065
f 1243/668/1067 1252/682/1069 1244/681/1068
s 58
f 1309/684/732 1420/685/732 1300/687/732
f 1306/686/732 1300/687/732 1299/722/732
f 1306/686/732 1298/688/732 1307/689/732
s 78
f 1361/372/1070 834/373/925 835/372/929
f 833/294/921 1358/371/1071 832/371/926
f 831/296/1072 1356/299/1073 830/299/923
f 1355/301/1074 828/304/927 829/301/924
f 1360/291/1075 833/294/921 834/291/925
f 832/297/926 1357/296/1076 831/296/1072
f 1356/302/1073 829/301/924 830/302/923
f 1354/306/1077 835/372/929 828/306/927
s 98
f 1359/294/1078 1366/371/1079 1358/371/1080
f 1365/296/1081 1356/299/1082 1357/296/1081
f 1355/301/1083 1362/304/1084 1354/304/1085
f 1360/291/1086 1367/294/1078 1359/294/1078
f 1366/297/1079 1357/296/1081 1358/297/1080
f 1356/302/1082 1363/301/1083 1355/301/1083
f 1362/306/1084 1361/372/1087 1354/306/1085
f 1369/372/1087 1360/373/1086 1361/372/1087
s 99
f 1386/691/1088 1385/690/1088 1384/692/1088
s 100
f 1393/694/1089 1387/693/1089 1386/691/1089
s 101
f 1384/696/1090 1395/695/1090 1394/697/1090
s 102
f 1386/698/1091 1394/697/1091 1393/694/1091
s 103
f 1395/695/1092 1387/700/1092 1392/701/1092
s 104
f 1392/701/1093 1397/702/1094 1396/703/1095
s 105
f 1393/694/1096 1398/704/1097 1397/702/1098
s 106
f 1395/695/1099 1396/703/1100 1399/705/1098
s 107
f 1394/697/1093 1399/705/1101 1398/704/1102
s 108
f 1402/691/1103 1401/690/1103 1400/692/1103
s 109
f 1402/691/1104 1408/701/1104 1403/693/1104
s 110
f 1400/696/1105 1411/695/1105 1410/697/1105
s 111
f 1402/698/1106 1410/697/1106 1409/694/1106
s 112
f 1408/701/1107 1401/706/1107 1403/700/1107
s 113
f 1408/701/1108 1413/702/1109 1412/703/1110
s 114
f 1409/694/1111 1414/704/1112 1413/702/1113
s 115
f 1411/695/1111 1412/703/1114 1415/705/1115
s 116
f 1410/697/1108 1415/705/1109 1414/704/1110
s 117
f 1572/723/1116 1591/723/1117 1575/723/1118
f 1453/723/1119 1567/723/1120 1570/723/1121
f 1477/723/1122 1543/723/1123 1546/723/1124
f 1456/723/1125 1564/723/1126 1567/723/1120
f 1483/723/1127 1543/723/1123 1480/723/1128
f 1459/723/1129 1561/723/1130 1564/723/1126
f 1483/723/1127 1537/723/1131 1540/723/1132
f 1465/723/1133 1561/723/1130 1462/723/1134
f 1489/723/1135 1584/723/1136 1491/723/1137
f 1468/723/1138 1558/723/1139 1465/723/1133
f 1440/723/1140 1537/723/1131 1486/723/1141
f 1488/723/1142 1443/723/1143 1441/723/1144
f 1468/723/1138 1552/723/1145 1555/723/1146
f 1447/723/1147 1573/723/1148 1576/723/1149
f 1474/723/1150 1552/723/1145 1471/723/1151
f 1450/723/1152 1570/723/1121 1573/723/1148
f 1521/723/1153 1614/723/1154 1617/723/1155
f 1551/723/1156 1612/723/1157 1554/723/1158
f 1575/723/1118 1585/723/1159 1581/723/1160
f 1554/723/1158 1609/723/1161 1557/723/1162
f 1579/723/1163 1585/723/1159 1587/723/1164
f 1557/723/1162 1606/723/1165 1560/723/1166
f 1536/723/1167 1627/723/1168 1539/723/1169
f 1560/723/1166 1603/723/1170 1563/723/1171
f 1542/723/1172 1627/723/1168 1624/723/1173
f 1563/723/1171 1600/723/1174 1566/723/1175
f 1545/723/1176 1624/723/1173 1621/723/1177
f 1569/723/1178 1600/723/1174 1597/723/1179
f 1545/723/1176 1618/723/1180 1548/723/1181
f 1569/723/1178 1594/723/1182 1572/723/1116
f 1548/723/1181 1615/723/1183 1551/723/1156
f 1477/723/1122 1549/723/1184 1474/723/1150
f 1476/723/1185 1528/723/1186 1479/723/1187
f 1524/723/1188 1617/723/1155 1620/723/1189
f 1479/723/1187 1531/723/1190 1482/723/1191
f 1534/723/1192 1441/723/1144 1485/723/1193
f 1524/723/1188 1623/723/1194 1527/723/1195
f 1482/723/1191 1534/723/1192 1485/723/1193
f 1492/723/1196 1446/723/1197 1443/723/1143
f 1527/723/1195 1626/723/1198 1530/723/1199
f 1447/723/1147 1582/723/1200 1444/723/1201
f 1495/723/1202 1449/723/1203 1446/723/1197
f 1533/723/1204 1626/723/1198 1629/723/1205
f 1533/723/1204 1588/723/1206 1489/723/1135
f 1498/723/1207 1452/723/1208 1449/723/1203
f 1536/723/1167 1587/723/1164 1630/723/1209
f 1494/723/1210 1593/723/1211 1497/723/1212
f 1501/723/1213 1455/723/1214 1452/723/1208
f 1491/723/1137 1590/723/1215 1494/723/1210
f 1500/723/1216 1593/723/1211 1596/723/1217
f 1504/723/1218 1458/723/1219 1455/723/1214
f 1500/723/1216 1599/723/1220 1503/723/1221
f 1507/723/1222 1461/723/1223 1458/723/1219
f 1503/723/1221 1602/723/1224 1506/723/1225
f 1510/723/1226 1464/723/1227 1461/723/1223
f 1509/723/1228 1602/723/1224 1605/723/1229
f 1513/723/1230 1467/723/1231 1464/723/1227
f 1509/723/1228 1608/723/1232 1512/723/1233
f 1516/723/1234 1470/723/1235 1467/723/1231
f 1515/723/1236 1608/723/1232 1611/723/1237
f 1470/723/1235 1522/723/1238 1473/723/1239
f 1515/723/1236 1614/723/1154 1518/723/1240
f 1473/723/1239 1525/723/1241 1476/723/1185
f 1444/723/1201 1442/723/1242 1445/723/1243
f 1442/723/1242 1443/723/1143 1445/723/1243
f 1447/723/1147 1445/723/1243 1448/723/1244
f 1445/723/1243 1446/723/1197 1448/723/1244
f 1447/723/1147 1451/723/1245 1450/723/1152
f 1451/723/1245 1446/723/1197 1449/723/1203
f 1453/723/1119 1451/723/1245 1454/723/1246
f 1451/723/1245 1452/723/1208 1454/723/1246
f 1456/723/1125 1454/723/1246 1457/723/1247
f 1454/723/1246 1455/723/1214 1457/723/1247
f 1456/723/1125 1460/723/1248 1459/723/1129
f 1460/723/1248 1455/723/1214 1458/723/1219
f 1462/723/1134 1460/723/1248 1463/723/1249
f 1463/723/1249 1458/723/1219 1461/723/1223
f 1465/723/1133 1463/723/1249 1466/723/1250
f 1466/723/1250 1461/723/1223 1464/723/1227
f 1465/723/1133 1469/723/1251 1468/723/1138
f 1466/723/1250 1467/723/1231 1469/723/1251
f 1468/723/1138 1472/723/1252 1471/723/1151
f 1469/723/1251 1470/723/1235 1472/723/1252
f 1474/723/1150 1472/723/1252 1475/723/1253
f 1472/723/1252 1473/723/1239 1475/723/1253
f 1474/723/1150 1478/723/1254 1477/723/1122
f 1478/723/1254 1473/723/1239 1476/723/1185
f 1477/723/1122 1481/723/1255 1480/723/1128
f 1481/723/1255 1476/723/1185 1479/723/1187
f 1480/723/1128 1484/723/1256 1483/723/1127
f 1481/723/1255 1482/723/1191 1484/723/1256
f 1483/723/1127 1487/723/1257 1486/723/1141
f 1484/723/1256 1485/723/1193 1487/723/1257
f 1486/723/1141 1442/723/1242 1440/723/1140
f 1442/723/1242 1485/723/1193 1441/723/1144
f 1488/723/1142 1493/723/1258 1492/723/1196
f 1490/723/1259 1491/723/1137 1493/723/1258
f 1492/723/1196 1496/723/1260 1495/723/1202
f 1496/723/1260 1491/723/1137 1494/723/1210
f 1495/723/1202 1499/723/1261 1498/723/1207
f 1499/723/1261 1494/723/1210 1497/723/1212
f 1501/723/1213 1499/723/1261 1502/723/1262
f 1499/723/1261 1500/723/1216 1502/723/1262
f 1501/723/1213 1505/723/1263 1504/723/1218
f 1502/723/1262 1503/723/1221 1505/723/1263
f 1504/723/1218 1508/723/1264 1507/723/1222
f 1508/723/1264 1503/723/1221 1506/723/1225
f 1510/723/1226 1508/723/1264 1511/723/1265
f 1508/723/1264 1509/723/1228 1511/723/1265
f 1513/723/1230 1511/723/1265 1514/723/1266
f 1511/723/1265 1512/723/1233 1514/723/1266
f 1513/723/1230 1517/723/1267 1516/723/1234
f 1517/723/1267 1512/723/1233 1515/723/1236
f 1516/723/1234 1520/723/1268 1519/723/1269
f 1520/723/1268 1515/723/1236 1518/723/1240
f 1522/723/1238 1520/723/1268 1523/723/1270
f 1523/723/1270 1518/723/1240 1521/723/1153
f 1525/723/1241 1523/723/1270 1526/723/1271
f 1523/723/1270 1524/723/1188 1526/723/1271
f 1525/723/1241 1529/723/1272 1528/723/1186
f 1529/723/1272 1524/723/1188 1527/723/1195
f 1531/723/1190 1529/723/1272 1532/723/1273
f 1532/723/1273 1527/723/1195 1530/723/1199
f 1534/723/1192 1532/723/1273 1535/723/1274
f 1532/723/1273 1533/723/1204 1535/723/1274
f 1488/723/1142 1535/723/1274 1490/723/1259
f 1490/723/1259 1533/723/1204 1489/723/1135
f 1536/723/1167 1580/723/1275 1579/723/1163
f 1580/723/1275 1537/723/1131 1578/723/1276
f 1539/723/1169 1538/723/1277 1536/723/1167
f 1538/723/1277 1540/723/1132 1537/723/1131
f 1539/723/1169 1544/723/1278 1541/723/1279
f 1544/723/1278 1540/723/1132 1541/723/1279
f 1545/723/1176 1544/723/1278 1542/723/1172
f 1544/723/1278 1546/723/1124 1543/723/1123
f 1548/723/1181 1547/723/1280 1545/723/1176
f 1547/723/1280 1549/723/1184 1546/723/1124
f 1548/723/1181 1553/723/1281 1550/723/1282
f 1553/723/1281 1549/723/1184 1550/723/1282
f 1551/723/1156 1556/723/1283 1553/723/1281
f 1556/723/1283 1552/723/1145 1553/723/1281
f 1554/723/1158 1559/723/1284 1556/723/1283
f 1556/723/1283 1558/723/1139 1555/723/1146
f 1560/723/1166 1559/723/1284 1557/723/1162
f 1562/723/1285 1558/723/1139 1559/723/1284
f 1563/723/1171 1562/723/1285 1560/723/1166
f 1562/723/1285 1564/723/1126 1561/723/1130
f 1563/723/1171 1568/723/1286 1565/723/1287
f 1565/723/1287 1567/723/1120 1564/723/1126
f 1566/723/1175 1571/723/1288 1568/723/1286
f 1571/723/1288 1567/723/1120 1568/723/1286
f 1569/723/1178 1574/723/1289 1571/723/1288
f 1574/723/1289 1570/723/1121 1571/723/1288
f 1572/723/1116 1577/723/1290 1574/723/1289
f 1577/723/1290 1573/723/1148 1574/723/1289
f 1575/723/1118 1583/723/1291 1577/723/1290
f 1583/723/1291 1576/723/1149 1577/723/1290
f 1581/723/1160 1580/723/1275 1583/723/1291
f 1580/723/1275 1582/723/1200 1583/723/1291
f 1629/723/1205 1589/723/1292 1588/723/1206
f 1631/723/1293 1587/723/1164 1589/723/1292
f 1629/723/1205 1628/723/1294 1631/723/1293
f 1628/723/1294 1630/723/1209 1631/723/1293
f 1623/723/1194 1628/723/1294 1626/723/1198
f 1628/723/1294 1624/723/1173 1627/723/1168
f 1620/723/1189 1625/723/1295 1623/723/1194
f 1625/723/1295 1621/723/1177 1624/723/1173
f 1620/723/1189 1619/723/1296 1622/723/1297
f 1622/723/1297 1618/723/1180 1621/723/1177
f 1617/723/1155 1616/723/1298 1619/723/1296
f 1619/723/1296 1615/723/1183 1618/723/1180
f 1611/723/1237 1616/723/1298 1614/723/1154
f 1613/723/1299 1615/723/1183 1616/723/1298
f 1611/723/1237 1610/723/1300 1613/723/1299
f 1610/723/1300 1612/723/1157 1613/723/1299
f 1605/723/1229 1610/723/1300 1608/723/1232
f 1607/723/1301 1609/723/1161 1610/723/1300
f 1605/723/1229 1604/723/1302 1607/723/1301
f 1604/723/1302 1606/723/1165 1607/723/1301
f 1599/723/1220 1604/723/1302 1602/723/1224
f 1604/723/1302 1600/723/1174 1603/723/1170
f 1596/723/1217 1601/723/1303 1599/723/1220
f 1598/723/1304 1600/723/1174 1601/723/1303
f 1596/723/1217 1595/723/1305 1598/723/1304
f 1595/723/1305 1597/723/1179 1598/723/1304
f 1590/723/1215 1595/723/1305 1593/723/1211
f 1595/723/1305 1591/723/1117 1594/723/1182
f 1584/723/1136 1592/723/1306 1590/723/1215
f 1592/723/1306 1585/723/1159 1591/723/1117
f 1584/723/1136 1589/723/1292 1586/723/1307
f 1586/723/1307 1587/723/1164 1585/723/1159
f 1444/723/1201 1578/723/1276 1440/723/1140
s 118
f 1640/724/1308 1703/725/1308 1704/726/1308
f 1640/724/1308 1706/727/1308 1644/728/1308
f 1641/729/1308 1640/724/1308 1644/728/1308
f 1632/730/1308 1640/724/1308 1647/731/1308
f 1653/732/1308 1632/730/1308 1647/733/1308
f 1703/725/1308 1654/734/1308 1704/735/1308
f 1659/736/1308 1644/737/1308 1706/727/1308
f 1644/737/1308 1661/738/1308 1641/739/1308
s 119
f 1667/740/1309 1680/741/1310 1665/742/1311
f 1667/740/1309 1682/743/1312 1681/744/1313
f 1671/745/1314 1682/743/1312 1669/746/1315
f 1673/747/1316 1683/748/1317 1671/745/1314
f 1673/747/1316 1685/749/1318 1684/750/1319
f 1677/751/1320 1685/749/1318 1675/752/1321
f 1677/751/1320 1687/753/1322 1686/754/1323
f 1687/755/1322 1688/756/1324 1695/757/1325
f 1675/758/1321 1671/759/1314 1667/760/1309
f 1670/761/1326 1674/762/1327 1678/763/1328
f 1688/756/1324 1666/764/1329 1664/765/1330
f 1690/766/1331 1681/767/1313 1682/768/1312
f 1691/769/1332 1682/768/1312 1683/770/1317
f 1691/769/1332 1684/771/1319 1692/772/1333
f 1692/772/1333 1685/773/1318 1693/774/1334
f 1693/774/1334 1686/775/1323 1694/776/1335
f 1695/757/1325 1686/775/1323 1687/755/1322
f 1688/756/1324 1681/767/1313 1689/777/1336
f 1678/763/1328 1688/756/1324 1664/765/1330
f 1676/778/1337 1695/757/1325 1678/763/1328
f 1693/774/1334 1676/778/1337 1674/762/1327
f 1692/772/1333 1674/762/1327 1672/779/1338
f 1691/769/1332 1672/779/1338 1670/761/1326
f 1668/780/1339 1691/769/1332 1670/761/1326
f 1666/764/1329 1690/766/1331 1668/780/1339
f 1679/781/1340 1680/741/1310 1687/753/1322
s 120
f 1257/284/1341 1725/245/1342 1723/245/1343
f 1725/245/1342 1722/782/1344 1723/245/1343
f 1726/782/1345 1258/235/1346 1722/782/1344
s 121
f 1727/235/1347 1725/245/1348 1724/284/1349
s 120
f 1258/235/1346 1724/284/1350 1257/284/1341
s 122
f 1728/240/1351 1730/245/1352 1731/241/1353
s 123
f 1729/284/1354 531/240/1355 530/284/1356
f 1730/245/1357 530/284/1356 1716/245/1358
f 1715/241/1359 1730/245/1357 1716/245/1358
f 531/240/1355 1731/241/1360 1715/241/1359
s 124
f 1741/288/533 1743/289/533 1740/287/533
s 125
f 1741/288/1361 30/287/1362 7/288/1363
f 1742/286/1364 7/288/1363 8/286/1365
f 31/289/1366 1742/286/1364 8/286/1365
f 1740/287/1367 31/289/1366 30/287/1362
s 126
f 1745/289/534 1747/288/534 1744/287/534
s 127
f 1745/289/1368 721/287/1369 722/289/1370
f 1746/286/1371 722/289/1370 686/286/1372
f 1747/288/1373 686/286/1372 685/288/1374
f 721/287/1369 1747/288/1373 685/288/1374
s 28
f 84/290/536 76/294/540 75/291/537
f 85/293/539 77/371/542 76/294/540
f 85/295/539 86/298/543 78/296/541
f 86/298/543 87/314/545 79/299/544
f 87/300/545 88/303/547 80/301/546
f 88/303/547 89/320/550 81/304/548
f 82/305/549 74/372/597 81/306/548
f 82/305/549 89/307/550 97/308/551
f 85/295/539 93/707/558 94/310/553
f 83/311/538 82/305/549 90/309/552
f 86/298/543 94/310/553 95/313/555
f 84/290/536 83/292/538 91/315/554
f 87/300/545 95/330/555 96/317/557
f 85/293/539 84/290/536 92/316/556
f 88/303/547 96/317/557 97/319/551
f 93/318/558 92/316/556 100/321/559
f 96/317/557 104/331/566 105/323/561
f 94/310/553 93/707/558 101/324/560
f 97/308/551 105/1076/561 98/326/563
f 91/312/554 90/309/552 98/326/563
f 94/310/553 102/325/562 103/328/565
f 92/316/556 91/315/554 99/329/564
f 95/330/555 103/708/565 104/331/566
f 110/332/567 111/351/569 103/333/565
f 99/329/564 107/1077/574 108/335/568
f 104/331/566 103/708/565 111/336/569
f 101/338/560 100/709/559 108/339/568
f 104/341/566 112/359/570 113/342/572
f 102/334/562 101/338/560 109/340/571
f 105/343/561 113/342/572 106/344/573
f 98/345/563 106/344/573 107/346/574
f 113/342/572 121/360/582 114/348/575
f 117/349/576 118/352/578 110/332/567
f 106/344/573 114/348/575 115/350/577
f 111/351/569 110/332/567 118/352/578
f 107/346/574 115/350/577 116/354/580
f 112/356/570 111/351/569 119/353/579
f 109/340/571 108/339/568 116/358/580
f 112/359/570 120/361/581 121/360/582
f 120/361/581 128/1078/590 129/362/583
f 124/363/584 125/364/585 117/349/576
f 118/352/578 117/349/576 125/364/585
f 121/360/582 129/362/583 122/366/587
f 115/350/577 114/348/575 122/366/587
f 118/352/578 126/365/586 127/368/589
f 116/354/580 115/350/577 123/367/588
f 119/353/579 127/368/589 128/370/590
f 77/371/542 134/371/596 135/294/591
f 78/296/541 79/299/544 132/299/592
f 81/304/548 130/304/598 131/301/594
f 76/294/540 135/294/591 136/291/595
f 78/296/541 133/296/593 134/297/596
f 79/302/544 80/301/546 131/301/594
f 74/372/597 137/372/599 130/306/598
f 75/373/537 136/373/595 137/372/599
s 16
f 150/374/600 152/377/603 182/375/601
f 152/377/603 154/1079/144 183/378/604
f 154/379/144 156/382/606 184/380/605
f 156/382/606 158/710/2026 185/383/607
f 185/383/607 158/710/2026 160/384/608
f 186/385/609 160/384/608 162/386/143
f 187/388/610 162/711/143 164/389/611
f 188/390/612 164/389/611 166/391/613
f 189/392/614 166/391/613 168/393/615
f 190/394/616 168/393/615 170/395/142
f 191/397/617 170/712/142 172/398/618
f 192/399/619 172/398/618 174/400/620
f 174/400/620 176/403/623 194/402/622
f 176/403/623 178/1080/625 195/404/624
f 178/405/625 180/408/627 196/406/626
f 180/408/627 150/374/600 181/376/602
f 198/409/628 181/440/602 182/410/601
f 197/411/629 182/410/601 183/412/604
f 199/413/630 183/412/604 184/414/605
f 200/415/631 184/414/605 185/416/607
f 202/418/633 201/417/632 185/416/607
f 203/420/634 202/418/633 186/419/609
f 204/422/635 203/420/634 187/421/610
f 205/424/636 204/422/635 188/423/612
f 205/424/636 189/425/614 190/426/616
f 206/427/637 190/426/616 191/428/617
f 207/429/638 191/428/617 192/430/619
f 208/431/639 192/430/619 193/432/621
f 210/434/641 209/433/640 193/432/621
f 211/436/642 210/434/641 194/435/622
f 212/438/643 211/436/642 195/437/624
f 198/409/628 212/438/643 196/439/626
s 29
f 292/441/644 212/438/648 198/409/645
f 291/443/647 211/436/650 212/438/648
f 290/444/649 210/434/652 211/436/650
f 289/445/651 209/433/654 210/434/652
f 289/445/651 288/446/655 208/431/653
f 288/446/655 287/447/657 207/429/656
f 287/447/657 286/448/659 206/427/658
f 286/448/659 285/449/661 205/424/660
f 285/449/661 284/450/663 204/422/662
f 284/450/663 283/451/665 203/420/664
f 283/451/665 282/452/667 202/418/666
f 282/452/667 281/454/670 201/417/668
f 280/453/669 200/415/672 201/417/668
f 279/455/671 199/413/674 200/415/672
f 278/456/673 197/411/675 199/413/674
f 277/442/646 198/409/645 197/411/675
s 17
f 214/457/600 216/460/603 246/458/601
f 216/460/603 218/405/144 247/461/604
f 218/462/144 220/465/606 248/463/605
f 220/465/606 222/713/2026 249/466/607
f 249/466/607 222/713/2026 224/467/608
f 250/468/609 224/467/608 226/469/143
f 251/471/610 226/714/143 228/472/611
f 252/473/612 228/472/611 230/474/613
f 253/475/614 230/474/613 232/476/615
f 254/477/616 232/476/615 234/478/142
f 255/480/617 234/715/142 236/481/618
f 256/482/619 236/481/618 238/483/620
f 238/483/620 240/486/623 258/485/622
f 240/486/623 242/1081/625 259/487/624
f 242/488/625 244/491/627 260/489/626
f 244/491/627 214/457/600 245/459/602
f 262/492/628 245/523/602 246/493/601
f 261/494/629 246/493/601 247/495/604
f 263/496/676 247/495/604 248/497/605
f 264/498/631 248/497/605 249/499/607
f 266/501/633 265/500/632 249/499/607
f 267/503/677 266/501/633 250/502/609
f 268/505/678 267/503/677 251/504/610
f 269/507/636 268/505/678 252/506/612
f 269/507/636 253/508/614 254/509/616
f 270/510/637 254/509/616 255/511/617
f 271/512/638 255/511/617 256/513/619
f 272/514/639 256/513/619 257/515/621
f 274/517/641 273/516/640 257/515/621
f 275/519/642 274/517/641 258/518/622
f 276/521/643 275/519/642 259/520/624
f 262/492/628 276/521/643 260/522/626
s 30
f 308/524/679 276/521/683 262/492/680
f 307/526/682 275/519/685 276/521/683
f 306/527/684 274/517/687 275/519/685
f 305/528/686 273/516/689 274/517/687
f 305/528/686 304/529/690 272/514/688
f 304/529/690 303/530/692 271/512/691
f 303/530/692 302/531/694 270/510/693
f 302/531/694 301/532/696 269/507/695
f 301/532/696 300/533/698 268/505/697
f 300/533/698 299/534/700 267/503/699
f 299/534/700 298/535/702 266/501/701
f 298/535/702 297/537/705 265/500/703
f 296/536/704 264/498/707 265/500/703
f 295/538/706 263/496/709 264/498/707
f 294/539/708 261/494/710 263/496/709
f 293/525/681 262/492/680 261/494/710
s 28
f 83/311/538 75/373/537 74/372/597
s 31
f 423/540/130 1124/550/130 1116/541/130
s 32
f 435/543/712 413/718/2051 414/544/713
f 417/546/714 411/1082/715 415/547/715
s 31
f 422/549/130 1117/1083/130 1124/550/130
s 33
f 416/551/140 410/1084/140 436/552/140
s 34
f 425/554/717 1129/716/726 1117/555/49
s 35
f 416/557/718 418/548/724 415/547/719
f 437/545/721 414/544/2052 412/559/722
f 412/559/722 414/544/2052 418/561/724
s 34
f 420/563/725 1119/717/978 1129/564/726
s 33
f 412/566/140 416/551/140 442/553/140
s 32
f 414/544/713 413/718/2051 417/568/714
s 33
f 419/569/140 426/579/140 1128/570/140
s 34
f 427/572/727 420/563/725 425/565/717
s 35
f 1125/574/729 424/584/2053 419/575/730
s 34
f 430/577/728 425/554/717 422/556/49
s 33
f 426/579/140 421/597/140 1116/580/140
s 31
f 432/581/130 422/549/130 423/540/130
s 32
f 1119/583/732 420/598/733 424/584/733
s 31
f 433/582/731 423/540/130 421/542/711
f 441/586/735 433/582/731 428/585/734
f 440/588/737 432/581/130 433/582/731
s 34
f 438/589/738 430/577/728 432/578/49
f 435/591/739 427/572/727 430/573/728
s 33
f 431/593/140 434/596/140 426/579/140
s 35
f 419/575/730 424/584/2053 429/594/740
s 33
f 434/596/140 428/606/140 421/597/140
s 32
f 420/598/733 427/607/742 429/594/742
s 34
f 413/599/743 435/591/739 438/592/738
f 417/601/744 438/589/738 440/590/49
s 31
f 411/603/745 440/588/737 441/586/737
f 410/605/746 415/604/2054 441/586/735
s 33
f 439/567/140 442/553/140 434/596/140
s 35
f 431/595/741 429/594/740 437/545/721
s 33
f 442/553/140 436/552/140 428/606/140
s 32
f 427/607/742 435/543/712 437/545/712
s 36
f 494/608/747 1204/618/748 1196/609/748
s 37
f 498/611/750 484/1085/751 485/612/751
s 38
f 489/614/753 488/650/2055 482/615/754
f 493/617/756 1197/1086/757 1204/618/757
s 39
f 505/619/758 487/633/771 481/620/759
s 40
f 1209/622/761 1197/1086/2056 493/617/762
s 36
f 489/614/764 486/616/787 481/624/765
s 37
f 500/613/752 485/612/751 483/626/751
s 36
f 485/628/767 489/635/764 487/629/766
s 40
f 1199/631/761 1209/622/761 496/623/763
s 39
f 502/627/770 483/626/2057 487/633/771
s 38
f 484/634/772 488/1087/2055 489/635/753
s 39
f 1198/636/773 490/642/791 497/637/774
s 40
f 491/632/769 496/623/763 501/639/775
s 37
f 1198/636/777 1205/647/777 495/641/778
s 40
f 496/623/763 493/617/762 503/643/779
s 39
f 1208/638/773 497/637/774 492/644/780
s 38
f 503/643/782 493/617/756 494/608/756
s 37
f 1205/647/777 1199/719/777 491/648/784
s 36
f 504/646/785 494/608/747 492/610/749
f 486/616/787 504/646/785 499/649/786
s 38
f 482/615/754 503/643/782 504/646/783
s 40
f 501/639/775 503/643/779 482/615/788
f 498/640/776 501/639/775 488/650/789
s 39
f 490/642/791 502/627/770 505/619/758
s 37
f 490/642/778 495/641/778 500/613/752
s 39
f 497/637/774 505/619/758 499/621/760
s 37
f 495/641/778 491/648/784 498/611/750
s 41
f 506/652/792 508/656/2058 509/653/793
s 42
f 512/655/795 513/663/2059 509/653/796
s 43
f 510/657/798 511/661/798 513/658/798
s 44
f 510/657/799 506/720/799 507/660/799
s 45
f 508/662/800 506/720/2060 510/657/801
s 46
f 513/663/803 511/721/803 507/654/803
s 47
f 523/664/804 526/675/804 527/665/804
s 48
f 517/667/806 521/681/806 520/668/806
s 49
f 525/670/807 519/673/807 518/671/807
s 50
f 519/673/808 515/678/2061 514/674/808
s 51
f 522/666/809 524/672/809 518/671/809
s 52
f 523/664/810 515/678/810 519/673/810
s 53
f 526/675/811 523/664/811 525/670/811
s 54
f 527/665/812 528/677/812 524/672/812
s 55
f 528/677/813 529/676/813 525/670/813
s 56
f 515/678/814 523/664/814 522/666/814
s 57
f 516/669/815 527/680/819 526/679/816
f 520/668/818 528/683/822 527/680/819
f 521/681/820 517/667/817 526/679/816
f 520/668/818 521/681/820 529/682/821
s 58
f 574/684/732 568/687/732 1420/685/732
f 572/686/732 567/722/732 568/687/732
f 566/688/732 567/722/732 572/686/732
s 28
f 136/373/595 617/373/829 618/372/823
f 135/294/591 134/371/596 615/371/824
f 133/296/593 132/299/592 613/299/826
f 130/304/598 611/304/830 612/301/828
f 135/294/591 616/294/825 617/291/829
f 134/297/596 133/296/593 614/296/827
f 131/301/594 612/301/828 613/302/826
f 137/372/599 618/372/823 611/306/830
s 59
f 616/294/831 615/371/839 623/371/832
f 613/299/833 621/299/840 622/296/834
f 612/301/835 611/304/842 619/304/836
f 617/291/837 616/294/831 624/294/831
f 614/296/834 622/296/834 623/297/832
f 613/302/833 612/301/835 620/301/835
f 618/372/841 626/372/841 619/306/836
f 617/373/837 625/373/838 626/372/841
s 60
f 642/690/843 644/693/843 643/691/843
s 61
f 644/693/844 649/701/844 650/694/844
s 62
f 652/695/845 642/918/845 641/696/845
s 63
f 643/698/846 650/694/846 651/697/846
s 64
f 644/700/847 642/706/847 652/695/847
s 65
f 654/702/848 650/694/2062 649/701/849
s 66
f 655/704/851 651/697/2063 650/694/852
s 67
f 653/703/854 649/701/2063 652/695/852
s 68
f 656/705/855 652/695/2064 651/697/849
s 69
f 658/690/857 660/693/857 659/691/857
s 70
f 659/691/858 660/693/858 665/701/858
s 71
f 668/695/859 658/918/859 657/696/859
s 72
f 659/698/860 666/694/860 667/697/860
s 73
f 665/701/861 660/700/861 658/706/861
s 74
f 670/702/862 666/694/2065 665/701/863
s 75
f 671/704/865 667/697/2066 666/694/866
s 76
f 669/703/868 665/701/2066 668/695/866
s 77
f 672/705/862 668/695/2065 667/697/870
s 78
f 773/291/871 774/294/873 782/290/536
f 774/294/873 775/371/922 783/293/874
f 783/295/874 775/297/922 776/296/875
f 784/298/876 776/296/875 777/299/877
f 785/300/878 777/302/877 778/301/879
f 786/303/880 778/301/879 779/304/881
f 779/306/881 772/372/928 780/305/883
f 780/305/883 788/309/887 795/308/884
f 783/295/874 784/298/876 792/310/885
f 781/311/872 789/312/889 788/309/887
f 793/313/888 792/310/885 784/298/876
f 782/290/536 790/316/891 789/315/889
f 794/317/890 793/330/888 785/300/878
f 783/293/874 791/318/886 790/316/891
f 795/319/884 794/317/890 786/303/880
f 791/318/886 799/322/894 798/321/892
f 803/323/893 802/331/898 794/317/890
f 792/310/885 800/325/900 799/324/894
f 796/326/895 803/1076/893 795/308/884
f 789/312/889 797/327/897 796/326/895
f 801/328/896 800/325/900 792/310/885
f 790/316/891 798/321/892 797/329/897
f 802/331/898 801/708/896 793/330/888
f 801/333/896 809/351/902 808/332/899
f 806/335/901 805/1077/906 797/329/897
f 802/331/898 810/337/912 809/336/902
f 799/338/894 807/340/904 806/339/901
f 811/342/903 810/359/912 802/341/898
f 800/334/900 808/332/899 807/340/904
f 804/344/905 811/342/903 803/343/893
f 805/346/906 804/344/905 796/345/895
f 812/348/907 819/360/914 811/342/903
f 808/332/899 816/352/910 815/349/908
f 813/350/909 812/348/907 804/344/905
f 809/351/902 817/353/913 816/352/910
f 814/354/911 813/350/909 805/346/906
f 810/356/912 818/357/916 817/353/913
f 807/340/904 815/349/908 814/358/911
f 819/360/914 818/361/916 810/359/912
f 827/362/915 826/1078/590 818/361/916
f 815/349/908 823/364/917 822/363/584
f 816/352/910 824/365/2067 823/364/917
f 820/366/918 827/362/915 819/360/914
f 813/350/909 821/367/920 820/366/918
f 825/368/919 824/365/2067 816/352/910
f 814/354/911 822/369/584 821/367/920
f 826/370/590 825/368/919 817/353/913
f 833/294/921 832/371/926 775/371/922
f 776/296/875 831/296/1072 830/299/923
f 829/301/924 828/304/927 779/304/881
f 834/291/925 833/294/921 774/294/873
f 832/297/926 831/296/1072 776/296/875
f 777/302/877 830/302/923 829/301/924
f 828/306/927 835/372/929 772/372/928
f 835/372/929 834/373/925 773/373/871
s 25
f 884/375/930 854/377/611 852/374/409
f 885/378/931 856/1079/933 854/377/611
f 886/380/932 858/382/608 856/379/933
f 887/383/934 860/710/936 858/382/608
f 887/383/934 888/385/937 862/384/935
f 888/385/937 889/387/939 864/386/938
f 889/388/939 890/390/941 866/389/940
f 890/390/941 891/392/942 868/391/407
f 891/392/942 892/394/944 870/393/943
f 892/394/944 893/396/946 872/395/945
f 893/397/946 894/399/948 874/398/947
f 894/399/948 895/401/950 876/400/408
f 896/402/949 878/403/618 876/400/408
f 897/404/951 880/1080/953 878/403/618
f 898/406/952 882/408/615 880/405/953
f 883/376/614 852/374/409 882/408/615
f 884/410/930 883/440/614 900/409/636
f 885/412/931 884/410/930 899/411/678
f 886/414/932 885/412/931 901/413/634
f 887/416/934 886/414/932 902/415/633
f 904/418/631 888/419/937 887/416/934
f 905/420/954 889/421/939 888/419/937
f 906/422/629 890/423/941 889/421/939
f 907/424/628 891/425/942 890/423/941
f 892/426/944 891/425/942 907/424/628
f 893/428/946 892/426/944 908/427/643
f 894/430/948 893/428/946 909/429/642
f 895/432/950 894/430/948 910/431/955
f 912/434/639 896/435/949 895/432/950
f 913/436/638 897/437/951 896/435/949
f 914/438/637 898/439/952 897/437/951
f 900/409/636 883/440/614 898/439/952
s 79
f 900/409/660 914/438/658 994/441/956
f 914/438/658 913/436/656 993/443/657
f 913/436/656 912/434/653 992/444/655
f 912/434/653 911/433/654 991/445/651
f 991/445/651 911/433/654 910/431/958
f 990/446/649 910/431/958 909/429/650
f 989/447/647 909/429/650 908/427/648
f 988/448/644 908/427/648 907/424/645
f 987/449/646 907/424/645 906/422/675
f 986/450/673 906/422/675 905/420/674
f 985/451/671 905/420/674 904/418/672
f 984/452/669 904/418/672 903/417/668
f 903/417/668 902/415/666 982/453/667
f 902/415/666 901/413/664 981/455/665
f 901/413/664 899/411/662 980/456/663
f 899/411/662 900/409/660 979/442/957
s 26
f 948/458/930 918/460/611 916/457/409
f 949/461/931 920/405/933 918/460/611
f 950/463/932 922/465/608 920/462/933
f 951/466/934 924/713/936 922/465/608
f 951/466/934 952/468/937 926/467/935
f 952/468/937 953/470/939 928/469/938
f 953/471/939 954/473/941 930/472/940
f 954/473/941 955/475/959 932/474/407
f 955/475/959 956/477/944 934/476/943
f 956/477/944 957/479/946 936/478/945
f 957/480/946 958/482/948 938/481/947
f 958/482/948 959/484/950 940/483/408
f 960/485/949 942/486/618 940/483/408
f 961/487/951 944/1081/953 942/486/618
f 962/489/952 946/491/615 944/488/953
f 947/459/614 916/457/409 946/491/615
f 948/493/930 947/523/614 964/492/636
f 949/495/931 948/493/930 963/494/678
f 950/497/932 949/495/931 965/496/677
f 951/499/934 950/497/932 966/498/633
f 968/501/631 952/502/937 951/499/934
f 969/503/630 953/504/939 952/502/937
f 970/505/629 954/506/941 953/504/939
f 971/507/628 955/508/959 954/506/941
f 956/509/944 955/508/959 971/507/628
f 957/511/946 956/509/944 972/510/960
f 958/513/948 957/511/946 973/512/642
f 959/515/950 958/513/948 974/514/641
f 976/517/639 960/518/949 959/515/950
f 977/519/638 961/520/951 960/518/949
f 978/521/637 962/522/952 961/520/951
f 964/492/636 947/523/614 962/522/952
s 80
f 964/492/695 978/521/961 1010/524/694
f 978/521/961 977/519/691 1009/526/692
f 977/519/691 976/517/688 1008/527/690
f 976/517/688 975/516/689 1007/528/686
f 1007/528/686 975/516/689 974/514/962
f 1006/529/684 974/514/962 973/512/685
f 1005/530/682 973/512/685 972/510/683
f 1004/531/679 972/510/683 971/507/680
f 1003/532/681 971/507/680 970/505/710
f 1002/533/708 970/505/710 969/503/709
f 1001/534/706 969/503/709 968/501/707
f 1000/535/704 968/501/707 967/500/703
f 967/500/703 966/498/701 998/536/702
f 966/498/701 965/496/699 997/538/963
f 965/496/699 963/494/697 996/539/698
f 963/494/697 964/492/695 995/525/696
s 78
f 772/372/928 773/373/871 781/311/872
s 31
f 1116/541/130 1124/550/130 1137/540/130
s 32
f 1126/544/964 1123/718/979 1149/543/965
f 1127/547/966 1121/1082/966 1131/546/967
s 31
f 1124/550/130 1117/1083/130 1136/549/130
s 33
f 1150/552/140 1120/1084/140 1130/551/140
s 34
f 1139/554/969 1136/556/49 1117/555/49
s 35
f 1130/557/970 1120/558/2068 1127/547/971
f 1122/559/973 1126/544/976 1151/545/974
f 1122/559/973 1130/562/970 1132/561/972
s 34
f 1134/563/977 1139/565/969 1129/564/726
s 33
f 1156/553/140 1130/551/140 1122/566/140
s 32
f 1126/544/964 1132/561/968 1131/568/967
s 33
f 1128/570/140 1140/579/140 1133/569/140
s 34
f 1141/572/980 1144/573/982 1139/565/969
s 35
f 1133/575/981 1138/584/992 1125/574/729
s 34
f 1144/577/982 1146/578/49 1136/556/49
s 33
f 1116/580/140 1135/597/140 1140/579/140
s 31
f 1137/540/130 1136/549/130 1146/581/130
s 32
f 1138/584/984 1134/598/984 1119/583/732
s 31
f 1135/542/711 1137/540/130 1147/582/983
f 1142/585/985 1147/582/983 1155/586/986
f 1147/582/983 1146/581/130 1154/588/988
s 34
f 1152/589/989 1154/590/49 1146/578/49
f 1149/591/990 1152/592/989 1144/573/982
s 33
f 1140/579/140 1148/596/140 1145/593/140
s 35
f 1133/575/981 1145/595/999 1143/594/991
s 33
f 1135/597/140 1142/606/140 1148/596/140
s 32
f 1143/594/993 1141/607/993 1134/598/984
s 34
f 1123/599/994 1131/600/995 1152/592/989
f 1131/601/995 1121/602/49 1154/590/49
s 31
f 1155/586/988 1154/588/988 1121/603/996
f 1120/605/997 1150/587/987 1155/586/986
s 33
f 1148/596/140 1156/553/140 1153/567/140
s 35
f 1145/595/999 1153/560/975 1151/545/974
s 33
f 1142/606/140 1150/552/140 1156/553/140
s 32
f 1151/545/965 1149/543/965 1141/607/993
s 36
f 1196/609/748 1204/618/748 1217/608/1000
s 37
f 1206/612/1002 1203/1085/1002 1221/611/1003
s 38
f 1212/614/1005 1207/616/1036 1201/615/1006
f 1204/618/757 1197/1086/757 1216/617/1008
s 39
f 1228/619/1009 1222/621/1040 1200/620/1010
s 40
f 1216/617/1012 1197/1086/2056 1209/622/761
s 36
f 1200/624/1014 1207/616/1035 1212/614/1015
s 37
f 1202/626/1002 1206/612/1002 1223/613/1004
s 36
f 1210/629/1016 1212/635/1015 1206/628/1017
s 40
f 1219/623/1013 1209/622/761 1199/631/761
s 39
f 1225/627/1020 1228/619/1009 1210/633/1011
s 38
f 1212/635/1005 1211/1087/1007 1203/634/1022
s 39
f 1198/636/773 1208/638/773 1220/637/1023
s 40
f 1224/639/1025 1219/623/1013 1214/632/1019
s 37
f 1198/636/777 1213/642/1027 1218/641/1027
s 40
f 1226/643/1028 1216/617/1012 1219/623/1013
s 39
f 1208/638/773 1196/645/781 1215/644/1029
s 38
f 1217/608/1008 1216/617/1008 1226/643/1030
s 37
f 1205/647/777 1218/641/1027 1214/648/1032
s 36
f 1215/610/1001 1217/608/1000 1227/646/1033
f 1222/649/1034 1227/646/1033 1207/616/1035
s 38
f 1227/646/1031 1226/643/1030 1201/615/1006
s 40
f 1201/615/1037 1226/643/1028 1224/639/1025
f 1211/650/1038 1224/639/1025 1221/640/1026
s 39
f 1213/642/1024 1220/637/1023 1228/619/1009
s 37
f 1213/642/1027 1225/627/1004 1223/613/1004
s 39
f 1220/637/1023 1215/644/1029 1222/621/1040
s 37
f 1218/641/1027 1223/613/1004 1221/611/1003
s 81
f 1229/652/1041 1230/654/2069 1232/653/1042
s 82
f 1232/653/1044 1236/663/2070 1235/655/1045
s 83
f 1236/658/1047 1234/661/1047 1233/657/1047
s 84
f 1233/657/1048 1234/661/1048 1230/660/1048
s 85
f 1231/662/1049 1235/659/2071 1233/657/1050
s 86
f 1236/663/1052 1232/653/1052 1230/654/1052
s 87
f 1250/665/1053 1249/675/1053 1246/664/1053
s 88
f 1243/668/1054 1244/681/1054 1240/667/1054
s 89
f 1241/671/1055 1242/673/1055 1248/670/1055
s 90
f 1237/674/1056 1238/678/2072 1242/673/1056
s 91
f 1245/666/1057 1237/674/1057 1241/671/1057
s 92
f 1242/673/1058 1238/678/1058 1246/664/1058
s 93
f 1248/670/1059 1246/664/1059 1249/675/1059
s 94
f 1250/665/1060 1245/666/1060 1247/672/1060
s 95
f 1247/672/1061 1248/670/1061 1252/676/1061
s 96
f 1245/666/1062 1246/664/1062 1238/678/1062
s 97
f 1249/679/1063 1250/680/1066 1239/669/1064
f 1250/680/1066 1251/683/2073 1243/668/1067
f 1244/681/1068 1252/682/1069 1249/679/1063
f 1243/668/1067 1251/683/2073 1252/682/1069
s 58
f 1309/684/732 1419/685/732 1420/685/732
f 1306/686/732 1309/684/732 1300/687/732
f 1306/686/732 1299/722/732 1298/688/732
s 78
f 1361/372/1070 1360/373/1075 834/373/925
f 833/294/921 1359/294/2074 1358/371/1071
f 831/296/1072 1357/296/1076 1356/299/1073
f 1355/301/1074 1354/304/1077 828/304/927
f 1360/291/1075 1359/294/2074 833/294/921
f 832/297/926 1358/297/1071 1357/296/1076
f 1356/302/1073 1355/301/1074 829/301/924
f 1354/306/1077 1361/372/1070 835/372/929
s 98
f 1359/294/1078 1367/294/1078 1366/371/1079
f 1365/296/1081 1364/299/2075 1356/299/1082
f 1355/301/1083 1363/301/1083 1362/304/1084
f 1360/291/1086 1368/291/2076 1367/294/1078
f 1366/297/1079 1365/296/1081 1357/296/1081
f 1356/302/1082 1364/302/2075 1363/301/1083
f 1362/306/1084 1369/372/1087 1361/372/1087
f 1369/372/1087 1368/373/2076 1360/373/1086
s 99
f 1386/691/1088 1387/693/1088 1385/690/1088
s 100
f 1393/694/1089 1392/701/1089 1387/693/1089
s 101
f 1384/696/1090 1385/918/1090 1395/695/1090
s 102
f 1386/698/1091 1384/699/1091 1394/697/1091
s 103
f 1395/695/1092 1385/706/1092 1387/700/1092
s 104
f 1392/701/1093 1393/694/2077 1397/702/1094
s 105
f 1393/694/1096 1394/697/2078 1398/704/1097
s 106
f 1395/695/1099 1392/701/2078 1396/703/1100
s 107
f 1394/697/1093 1395/695/2079 1399/705/1101
s 108
f 1402/691/1103 1403/693/1103 1401/690/1103
s 109
f 1402/691/1104 1409/694/1104 1408/701/1104
s 110
f 1400/696/1105 1401/918/1105 1411/695/1105
s 111
f 1402/698/1106 1400/699/1106 1410/697/1106
s 112
f 1408/701/1107 1411/695/1107 1401/706/1107
s 113
f 1408/701/1108 1409/694/2080 1413/702/1109
s 114
f 1409/694/1111 1410/697/2081 1414/704/1112
s 115
f 1411/695/1111 1408/701/2082 1412/703/1114
s 116
f 1410/697/1108 1411/695/2080 1415/705/1109
s 117
f 1572/723/1116 1594/723/1182 1591/723/1117
f 1453/723/1119 1456/723/1125 1567/723/1120
f 1477/723/1122 1480/723/1128 1543/723/1123
f 1456/723/1125 1459/723/1129 1564/723/1126
f 1483/723/1127 1540/723/1132 1543/723/1123
f 1459/723/1129 1462/723/1134 1561/723/1130
f 1483/723/1127 1486/723/1141 1537/723/1131
f 1465/723/1133 1558/723/1139 1561/723/1130
f 1489/723/1135 1588/723/1206 1584/723/1136
f 1468/723/1138 1555/723/1146 1558/723/1139
f 1440/723/1140 1578/723/1276 1537/723/1131
f 1488/723/1142 1492/723/1196 1443/723/1143
f 1468/723/1138 1471/723/1151 1552/723/1145
f 1447/723/1147 1450/723/1152 1573/723/1148
f 1474/723/1150 1549/723/1184 1552/723/1145
f 1450/723/1152 1453/723/1119 1570/723/1121
f 1521/723/1153 1518/723/1240 1614/723/1154
f 1551/723/1156 1615/723/1183 1612/723/1157
f 1575/723/1118 1591/723/1117 1585/723/1159
f 1554/723/1158 1612/723/1157 1609/723/1161
f 1579/723/1163 1581/723/1160 1585/723/1159
f 1557/723/1162 1609/723/1161 1606/723/1165
f 1536/723/1167 1630/723/1209 1627/723/1168
f 1560/723/1166 1606/723/1165 1603/723/1170
f 1542/723/1172 1539/723/1169 1627/723/1168
f 1563/723/1171 1603/723/1170 1600/723/1174
f 1545/723/1176 1542/723/1172 1624/723/1173
f 1569/723/1178 1566/723/1175 1600/723/1174
f 1545/723/1176 1621/723/1177 1618/723/1180
f 1569/723/1178 1597/723/1179 1594/723/1182
f 1548/723/1181 1618/723/1180 1615/723/1183
f 1477/723/1122 1546/723/1124 1549/723/1184
f 1476/723/1185 1525/723/1241 1528/723/1186
f 1524/723/1188 1521/723/1153 1617/723/1155
f 1479/723/1187 1528/723/1186 1531/723/1190
f 1534/723/1192 1488/723/1142 1441/723/1144
f 1524/723/1188 1620/723/1189 1623/723/1194
f 1482/723/1191 1531/723/1190 1534/723/1192
f 1492/723/1196 1495/723/1202 1446/723/1197
f 1527/723/1195 1623/723/1194 1626/723/1198
f 1447/723/1147 1576/723/1149 1582/723/1200
f 1495/723/1202 1498/723/1207 1449/723/1203
f 1533/723/1204 1530/723/1199 1626/723/1198
f 1533/723/1204 1629/723/1205 1588/723/1206
f 1498/723/1207 1501/723/1213 1452/723/1208
f 1536/723/1167 1579/723/1163 1587/723/1164
f 1494/723/1210 1590/723/1215 1593/723/1211
f 1501/723/1213 1504/723/1218 1455/723/1214
f 1491/723/1137 1584/723/1136 1590/723/1215
f 1500/723/1216 1497/723/1212 1593/723/1211
f 1504/723/1218 1507/723/1222 1458/723/1219
f 1500/723/1216 1596/723/1217 1599/723/1220
f 1507/723/1222 1510/723/1226 1461/723/1223
f 1503/723/1221 1599/723/1220 1602/723/1224
f 1510/723/1226 1513/723/1230 1464/723/1227
f 1509/723/1228 1506/723/1225 1602/723/1224
f 1513/723/1230 1516/723/1234 1467/723/1231
f 1509/723/1228 1605/723/1229 1608/723/1232
f 1516/723/1234 1519/723/1269 1470/723/1235
f 1515/723/1236 1512/723/1233 1608/723/1232
f 1470/723/1235 1519/723/1269 1522/723/1238
f 1515/723/1236 1611/723/1237 1614/723/1154
f 1473/723/1239 1522/723/1238 1525/723/1241
f 1444/723/1201 1440/723/1140 1442/723/1242
f 1442/723/1242 1441/723/1144 1443/723/1143
f 1447/723/1147 1444/723/1201 1445/723/1243
f 1445/723/1243 1443/723/1143 1446/723/1197
f 1447/723/1147 1448/723/1244 1451/723/1245
f 1451/723/1245 1448/723/1244 1446/723/1197
f 1453/723/1119 1450/723/1152 1451/723/1245
f 1451/723/1245 1449/723/1203 1452/723/1208
f 1456/723/1125 1453/723/1119 1454/723/1246
f 1454/723/1246 1452/723/1208 1455/723/1214
f 1456/723/1125 1457/723/1247 1460/723/1248
f 1460/723/1248 1457/723/1247 1455/723/1214
f 1462/723/1134 1459/723/1129 1460/723/1248
f 1463/723/1249 1460/723/1248 1458/723/1219
f 1465/723/1133 1462/723/1134 1463/723/1249
f 1466/723/1250 1463/723/1249 1461/723/1223
f 1465/723/1133 1466/723/1250 1469/723/1251
f 1466/723/1250 1464/723/1227 1467/723/1231
f 1468/723/1138 1469/723/1251 1472/723/1252
f 1469/723/1251 1467/723/1231 1470/723/1235
f 1474/723/1150 1471/723/1151 1472/723/1252
f 1472/723/1252 1470/723/1235 1473/723/1239
f 1474/723/1150 1475/723/1253 1478/723/1254
f 1478/723/1254 1475/723/1253 1473/723/1239
f 1477/723/1122 1478/723/1254 1481/723/1255
f 1481/723/1255 1478/723/1254 1476/723/1185
f 1480/723/1128 1481/723/1255 1484/723/1256
f 1481/723/1255 1479/723/1187 1482/723/1191
f 1483/723/1127 1484/723/1256 1487/723/1257
f 1484/723/1256 1482/723/1191 1485/723/1193
f 1486/723/1141 1487/723/1257 1442/723/1242
f 1442/723/1242 1487/723/1257 1485/723/1193
f 1488/723/1142 1490/723/1259 1493/723/1258
f 1490/723/1259 1489/723/1135 1491/723/1137
f 1492/723/1196 1493/723/1258 1496/723/1260
f 1496/723/1260 1493/723/1258 1491/723/1137
f 1495/723/1202 1496/723/1260 1499/723/1261
f 1499/723/1261 1496/723/1260 1494/723/1210
f 1501/723/1213 1498/723/1207 1499/723/1261
f 1499/723/1261 1497/723/1212 1500/723/1216
f 1501/723/1213 1502/723/1262 1505/723/1263
f 1502/723/1262 1500/723/1216 1503/723/1221
f 1504/723/1218 1505/723/1263 1508/723/1264
f 1508/723/1264 1505/723/1263 1503/723/1221
f 1510/723/1226 1507/723/1222 1508/723/1264
f 1508/723/1264 1506/723/1225 1509/723/1228
f 1513/723/1230 1510/723/1226 1511/723/1265
f 1511/723/1265 1509/723/1228 1512/723/1233
f 1513/723/1230 1514/723/1266 1517/723/1267
f 1517/723/1267 1514/723/1266 1512/723/1233
f 1516/723/1234 1517/723/1267 1520/723/1268
f 1520/723/1268 1517/723/1267 1515/723/1236
f 1522/723/1238 1519/723/1269 1520/723/1268
f 1523/723/1270 1520/723/1268 1518/723/1240
f 1525/723/1241 1522/723/1238 1523/723/1270
f 1523/723/1270 1521/723/1153 1524/723/1188
f 1525/723/1241 1526/723/1271 1529/723/1272
f 1529/723/1272 1526/723/1271 1524/723/1188
f 1531/723/1190 1528/723/1186 1529/723/1272
f 1532/723/1273 1529/723/1272 1527/723/1195
f 1534/723/1192 1531/723/1190 1532/723/1273
f 1532/723/1273 1530/723/1199 1533/723/1204
f 1488/723/1142 1534/723/1192 1535/723/1274
f 1490/723/1259 1535/723/1274 1533/723/1204
f 1536/723/1167 1538/723/1277 1580/723/1275
f 1580/723/1275 1538/723/1277 1537/723/1131
f 1539/723/1169 1541/723/1279 1538/723/1277
f 1538/723/1277 1541/723/1279 1540/723/1132
f 1539/723/1169 1542/723/1172 1544/723/1278
f 1544/723/1278 1543/723/1123 1540/723/1132
f 1545/723/1176 1547/723/1280 1544/723/1278
f 1544/723/1278 1547/723/1280 1546/723/1124
f 1548/723/1181 1550/723/1282 1547/723/1280
f 1547/723/1280 1550/723/1282 1549/723/1184
f 1548/723/1181 1551/723/1156 1553/723/1281
f 1553/723/1281 1552/723/1145 1549/723/1184
f 1551/723/1156 1554/723/1158 1556/723/1283
f 1556/723/1283 1555/723/1146 1552/723/1145
f 1554/723/1158 1557/723/1162 1559/723/1284
f 1556/723/1283 1559/723/1284 1558/723/1139
f 1560/723/1166 1562/723/1285 1559/723/1284
f 1562/723/1285 1561/723/1130 1558/723/1139
f 1563/723/1171 1565/723/1287 1562/723/1285
f 1562/723/1285 1565/723/1287 1564/723/1126
f 1563/723/1171 1566/723/1175 1568/723/1286
f 1565/723/1287 1568/723/1286 1567/723/1120
f 1566/723/1175 1569/723/1178 1571/723/1288
f 1571/723/1288 1570/723/1121 1567/723/1120
f 1569/723/1178 1572/723/1116 1574/723/1289
f 1574/723/1289 1573/723/1148 1570/723/1121
f 1572/723/1116 1575/723/1118 1577/723/1290
f 1577/723/1290 1576/723/1149 1573/723/1148
f 1575/723/1118 1581/723/1160 1583/723/1291
f 1583/723/1291 1582/723/1200 1576/723/1149
f 1581/723/1160 1579/723/1163 1580/723/1275
f 1580/723/1275 1578/723/1276 1582/723/1200
f 1629/723/1205 1631/723/1293 1589/723/1292
f 1631/723/1293 1630/723/1209 1587/723/1164
f 1629/723/1205 1626/723/1198 1628/723/1294
f 1628/723/1294 1627/723/1168 1630/723/1209
f 1623/723/1194 1625/723/1295 1628/723/1294
f 1628/723/1294 1625/723/1295 1624/723/1173
f 1620/723/1189 1622/723/1297 1625/723/1295
f 1625/723/1295 1622/723/1297 1621/723/1177
f 1620/723/1189 1617/723/1155 1619/723/1296
f 1622/723/1297 1619/723/1296 1618/723/1180
f 1617/723/1155 1614/723/1154 1616/723/1298
f 1619/723/1296 1616/723/1298 1615/723/1183
f 1611/723/1237 1613/723/1299 1616/723/1298
f 1613/723/1299 1612/723/1157 1615/723/1183
f 1611/723/1237 1608/723/1232 1610/723/1300
f 1610/723/1300 1609/723/1161 1612/723/1157
f 1605/723/1229 1607/723/1301 1610/723/1300
f 1607/723/1301 1606/723/1165 1609/723/1161
f 1605/723/1229 1602/723/1224 1604/723/1302
f 1604/723/1302 1603/723/1170 1606/723/1165
f 1599/723/1220 1601/723/1303 1604/723/1302
f 1604/723/1302 1601/723/1303 1600/723/1174
f 1596/723/1217 1598/723/1304 1601/723/1303
f 1598/723/1304 1597/723/1179 1600/723/1174
f 1596/723/1217 1593/723/1211 1595/723/1305
f 1595/723/1305 1594/723/1182 1597/723/1179
f 1590/723/1215 1592/723/1306 1595/723/1305
f 1595/723/1305 1592/723/1306 1591/723/1117
f 1584/723/1136 1586/723/1307 1592/723/1306
f 1592/723/1306 1586/723/1307 1585/723/1159
f 1584/723/1136 1588/723/1206 1589/723/1292
f 1586/723/1307 1589/723/1292 1587/723/1164
f 1444/723/1201 1582/723/1200 1578/723/1276
s 118
f 1640/724/1308 1636/932/1308 1703/725/1308
f 1640/724/1308 1704/735/1308 1706/727/1308
f 1641/729/1308 1647/733/1308 1640/724/1308
f 1632/730/1308 1636/932/1308 1640/724/1308
f 1653/732/1308 1652/933/1308 1632/730/1308
f 1703/725/1308 1655/934/1308 1654/734/1308
f 1659/736/1308 1658/737/1308 1644/737/1308
f 1644/737/1308 1658/737/1308 1661/738/1308
s 119
f 1667/740/1309 1681/744/1313 1680/741/1310
f 1667/740/1309 1669/746/1315 1682/743/1312
f 1671/745/1314 1683/748/1317 1682/743/1312
f 1673/747/1316 1684/750/1319 1683/748/1317
f 1673/747/1316 1675/752/1321 1685/749/1318
f 1677/751/1320 1686/754/1323 1685/749/1318
f 1677/751/1320 1679/781/1340 1687/753/1322
f 1687/755/1322 1680/1088/1310 1688/756/1324
f 1667/760/1309 1665/1089/1311 1679/1090/1340
f 1679/1090/1340 1677/1091/1320 1675/758/1321
f 1675/758/1321 1673/1092/1316 1671/759/1314
f 1671/759/1314 1669/1093/1315 1667/760/1309
f 1667/760/1309 1679/1090/1340 1675/758/1321
f 1678/763/1328 1664/765/1330 1666/764/1329
f 1666/764/1329 1668/780/1339 1670/761/1326
f 1670/761/1326 1672/779/1338 1674/762/1327
f 1674/762/1327 1676/778/1337 1678/763/1328
f 1678/763/1328 1666/764/1329 1670/761/1326
f 1688/756/1324 1689/777/1336 1666/764/1329
f 1690/766/1331 1689/777/1336 1681/767/1313
f 1691/769/1332 1690/766/1331 1682/768/1312
f 1691/769/1332 1683/770/1317 1684/771/1319
f 1692/772/1333 1684/771/1319 1685/773/1318
f 1693/774/1334 1685/773/1318 1686/775/1323
f 1695/757/1325 1694/776/1335 1686/775/1323
f 1688/756/1324 1680/1088/1310 1681/767/1313
f 1678/763/1328 1695/757/1325 1688/756/1324
f 1676/778/1337 1694/776/1335 1695/757/1325
f 1693/774/1334 1694/776/1335 1676/778/1337
f 1692/772/1333 1693/774/1334 1674/762/1327
f 1691/769/1332 1692/772/1333 1672/779/1338
f 1668/780/1339 1690/766/1331 1691/769/1332
f 1666/764/1329 1689/777/1336 1690/766/1331
f 1679/781/1340 1665/742/1311 1680/741/1310
s 120
f 1257/284/1341 1724/284/1350 1725/245/1342
f 1725/245/1342 1726/782/1345 1722/782/1344
f 1726/782/1345 1727/235/2083 1258/235/1346
s 121
f 1727/235/1347 1726/782/2084 1725/245/1348
s 120
f 1258/235/1346 1727/235/2083 1724/284/1350
s 122
f 1728/240/1351 1729/284/2085 1730/245/1352
s 123
f 1729/284/1354 1728/240/2086 531/240/1355
f 1730/245/1357 1729/284/1354 530/284/1356
f 1715/241/1359 1731/241/1360 1730/245/1357
f 531/240/1355 1728/240/2086 1731/241/1360
s 124
f 1741/288/533 1742/286/533 1743/289/533
s 125
f 1741/288/1361 1740/287/1367 30/287/1362
f 1742/286/1364 1741/288/1361 7/288/1363
f 31/289/1366 1743/289/2087 1742/286/1364
f 1740/287/1367 1743/289/2087 31/289/1366
s 126
f 1745/289/534 1746/286/534 1747/288/534
s 127
f 1745/289/1368 1744/287/2088 721/287/1369
f 1746/286/1371 1745/289/1368 722/289/1370
f 1747/288/1373 1746/286/1371 686/286/1372
f 721/287/1369 1744/287/2088 1747/288/1373
s 128
g Cube_Material.012
usemtl Material.012
f 545/79/1375 1254/18/1376 546/213/1377
s 129
f 1255/783/1378 548/27/1379 547/784/1380
s 130
f 535/785/1381 531/235/1382 534/234/1383
s 131
f 1715/782/1384 532/244/1385 533/786/1386
f 533/786/1386 532/244/1385 536/787/1387
s 129
f 541/788/1388 544/227/1389 542/226/1390
s 128
f 537/224/1391 540/238/1392 538/225/1393
s 129
f 547/784/1380 543/73/1394 541/788/1388
s 128
f 537/224/1391 546/213/1377 539/232/1395
f 1272/79/1396 1254/18/1376 1253/78/1397
s 129
f 1275/27/1398 1255/783/1378 1274/784/1399
s 132
f 1258/235/1400 1262/785/1401 1261/234/1402
s 133
f 1722/782/1403 1259/244/1404 1723/245/1405
f 1260/786/1406 1263/787/1407 1259/244/1404
s 129
f 1271/227/1408 1268/788/1409 1269/226/1410
s 128
f 1267/238/1411 1264/224/1412 1265/225/1413
s 129
f 1270/73/1414 1274/784/1399 1268/788/1409
s 128
f 1264/224/1412 1273/213/1415 1272/79/1396
f 545/79/1375 1253/78/1397 1254/18/1376
s 129
f 1255/783/1378 1256/236/2089 548/27/1379
s 130
f 535/785/1381 530/284/2090 531/235/1382
s 131
f 1715/782/1384 1716/245/2091 532/244/1385
s 129
f 541/788/1388 543/73/1394 544/227/1389
s 128
f 537/224/1391 539/232/1395 540/238/1392
s 129
f 547/784/1380 548/27/1379 543/73/1394
s 128
f 537/224/1391 545/79/1375 546/213/1377
f 1272/79/1396 1273/213/1415 1254/18/1376
s 129
f 1275/27/1398 1256/236/2089 1255/783/1378
s 132
f 1258/235/1400 1257/284/2092 1262/785/1401
s 133
f 1722/782/1403 1260/786/1406 1259/244/1404
s 129
f 1271/227/1408 1270/73/1414 1268/788/1409
s 128
f 1267/238/1411 1266/232/2093 1264/224/1412
s 129
f 1270/73/1414 1275/27/1398 1274/784/1399
s 128
f 1264/224/1412 1266/232/2093 1273/213/1415
s 134
g Cube_Material.013
usemtl Material.013
f 382/789/1416 377/790/1417 383/791/1418
s 135
f 377/790/1419 384/792/1419 383/791/1419
s 134
f 381/793/1420 385/794/1421 384/795/1422
f 379/796/1423 382/797/1416 385/794/1421
f 376/798/1424 378/799/1425 374/800/1426
f 377/801/1417 379/796/1423 381/793/1420
f 385/794/1421 374/802/1426 378/803/1425
f 380/804/1427 385/794/1421 378/803/1425
s 136
f 383/791/1428 380/805/1428 376/798/1428
s 134
f 382/789/1416 376/798/1424 374/800/1426
s 137
f 394/806/1416 389/807/1417 395/808/1418
s 138
f 389/807/1419 396/809/1419 395/808/1419
s 137
f 393/810/1420 397/811/1421 396/812/1422
f 391/813/1423 394/814/1416 397/811/1421
f 388/815/1424 390/816/1425 386/817/1426
f 389/818/1417 391/813/1423 393/810/1420
f 397/811/1421 386/819/1426 390/820/1425
f 392/821/1427 397/811/1421 390/820/1425
s 139
f 395/808/1428 392/822/1428 388/815/1428
s 137
f 394/806/1416 388/815/1424 386/817/1426
s 140
f 406/823/1429 401/824/1417 407/825/1418
s 141
f 401/824/1419 408/826/1419 407/825/1419
s 140
f 405/827/1420 409/828/1430 408/829/1422
f 403/830/1423 406/831/1429 409/828/1430
f 400/832/1424 402/833/1431 398/834/1432
f 401/835/1417 403/830/1423 405/827/1420
f 402/836/1431 406/831/1429 398/837/1432
f 404/838/1427 409/828/1430 402/836/1431
s 142
f 407/825/1428 404/839/1428 400/832/1428
s 140
f 406/823/1429 400/832/1424 398/834/1432
s 143
f 1088/789/1433 1083/790/1434 1081/840/1435
s 144
f 1090/792/1436 1083/790/1436 1089/791/1436
s 143
f 1091/794/1437 1087/793/1438 1090/795/1439
f 1088/797/1433 1085/796/1440 1091/794/1437
f 1082/798/1441 1084/799/1442 1086/805/1443
f 1085/796/1440 1083/801/1434 1087/793/1438
f 1080/802/1444 1091/794/1437 1084/803/1442
f 1086/804/1443 1091/794/1437 1090/795/1439
s 145
f 1086/805/1445 1089/791/1445 1082/798/1445
s 143
f 1082/798/1441 1088/789/1433 1080/800/1444
s 146
f 1100/806/1433 1095/807/1434 1093/841/1435
s 147
f 1102/809/1436 1095/807/1436 1101/808/1436
s 146
f 1103/811/1437 1099/810/1438 1102/812/1439
f 1100/814/1433 1097/813/1440 1103/811/1437
f 1094/815/1441 1096/816/1442 1098/822/1446
f 1097/813/1440 1095/818/1434 1099/810/1438
f 1092/819/1444 1103/811/1437 1096/820/1442
f 1098/821/1446 1103/811/1437 1102/812/1439
s 148
f 1098/822/1445 1101/808/1445 1094/815/1445
s 146
f 1094/815/1441 1100/806/1433 1092/817/1444
s 149
f 1112/823/1433 1107/824/1434 1105/842/1435
s 150
f 1114/826/1436 1107/824/1436 1113/825/1436
s 149
f 1115/828/1437 1111/827/1438 1114/829/1439
f 1112/831/1433 1109/830/1440 1115/828/1437
f 1106/832/1441 1108/833/1442 1110/839/1446
f 1109/830/1440 1107/835/1434 1111/827/1438
f 1104/837/1444 1115/828/1437 1108/836/1442
f 1110/838/1446 1115/828/1437 1114/829/1439
s 151
f 1110/839/1445 1113/825/1445 1106/832/1445
s 149
f 1106/832/1441 1112/823/1433 1104/834/1444
s 134
f 382/789/1416 375/840/2094 377/790/1417
s 135
f 377/790/1419 381/1094/1419 384/792/1419
s 134
f 381/793/1420 379/796/1423 385/794/1421
f 379/796/1423 375/1095/2094 382/797/1416
f 376/798/1424 380/805/1427 378/799/1425
f 377/801/1417 375/1095/2094 379/796/1423
f 385/794/1421 382/797/1416 374/802/1426
f 380/804/1427 384/795/1422 385/794/1421
s 136
f 383/791/1428 384/792/1428 380/805/1428
s 134
f 382/789/1416 383/791/1418 376/798/1424
s 137
f 394/806/1416 387/841/2094 389/807/1417
s 138
f 389/807/1419 393/1096/1419 396/809/1419
s 137
f 393/810/1420 391/813/1423 397/811/1421
f 391/813/1423 387/1097/2094 394/814/1416
f 388/815/1424 392/822/1427 390/816/1425
f 389/818/1417 387/1097/2094 391/813/1423
f 397/811/1421 394/814/1416 386/819/1426
f 392/821/1427 396/812/1422 397/811/1421
s 139
f 395/808/1428 396/809/1428 392/822/1428
s 137
f 394/806/1416 395/808/1418 388/815/1424
s 140
f 406/823/1429 399/842/2094 401/824/1417
s 141
f 401/824/1419 405/1098/1419 408/826/1419
s 140
f 405/827/1420 403/830/1423 409/828/1430
f 403/830/1423 399/1099/2094 406/831/1429
f 400/832/1424 404/839/1427 402/833/1431
f 401/835/1417 399/1099/2094 403/830/1423
f 402/836/1431 409/828/1430 406/831/1429
f 404/838/1427 408/829/1422 409/828/1430
s 142
f 407/825/1428 408/826/1428 404/839/1428
s 140
f 406/823/1429 407/825/1418 400/832/1424
s 143
f 1088/789/1433 1089/791/2095 1083/790/1434
s 144
f 1090/792/1436 1087/1094/1436 1083/790/1436
s 143
f 1091/794/1437 1085/796/1440 1087/793/1438
f 1088/797/1433 1081/1095/1435 1085/796/1440
f 1082/798/1441 1080/800/1444 1084/799/1442
f 1085/796/1440 1081/1095/1435 1083/801/1434
f 1080/802/1444 1088/797/1433 1091/794/1437
f 1086/804/1443 1084/803/1442 1091/794/1437
s 145
f 1086/805/1445 1090/792/1445 1089/791/1445
s 143
f 1082/798/1441 1089/791/2095 1088/789/1433
s 146
f 1100/806/1433 1101/808/2095 1095/807/1434
s 147
f 1102/809/1436 1099/1096/1436 1095/807/1436
s 146
f 1103/811/1437 1097/813/1440 1099/810/1438
f 1100/814/1433 1093/1097/1435 1097/813/1440
f 1094/815/1441 1092/817/1444 1096/816/1442
f 1097/813/1440 1093/1097/1435 1095/818/1434
f 1092/819/1444 1100/814/1433 1103/811/1437
f 1098/821/1446 1096/820/1442 1103/811/1437
s 148
f 1098/822/1445 1102/809/1445 1101/808/1445
s 146
f 1094/815/1441 1101/808/2095 1100/806/1433
s 149
f 1112/823/1433 1113/825/2095 1107/824/1434
s 150
f 1114/826/1436 1111/1098/1436 1107/824/1436
s 149
f 1115/828/1437 1109/830/1440 1111/827/1438
f 1112/831/1433 1105/1099/1435 1109/830/1440
f 1106/832/1441 1104/834/1444 1108/833/1442
f 1109/830/1440 1105/1099/1435 1107/835/1434
f 1104/837/1444 1112/831/1433 1115/828/1437
f 1110/838/1446 1108/836/1442 1115/828/1437
s 151
f 1110/839/1445 1114/826/1445 1113/825/1445
s 149
f 1106/832/1441 1113/825/2095 1112/823/1433
s 152
g Cube_Material.014
usemtl Material.014
f 163/843/1447 171/844/1448 179/845/1449
s 153
f 227/846/1450 235/847/1451 243/848/1452
s 152
f 151/849/1453 277/442/1454 278/456/1455
f 151/849/1453 279/455/1456 153/850/1457
f 153/850/1457 280/453/1458 155/851/1459
f 155/851/1459 281/454/1460 157/852/1461
f 159/853/1462 281/454/1460 282/452/1463
f 161/854/1464 282/452/1463 283/451/1465
f 163/843/1447 283/451/1465 284/450/1466
f 163/843/1447 285/449/1467 165/855/1468
f 165/855/1468 286/448/1469 167/856/1470
f 167/856/1470 287/447/1471 169/857/1472
f 169/857/1472 288/446/1473 171/844/1448
f 171/844/1448 289/445/1474 173/858/1475
f 175/859/1476 289/445/1474 290/444/1477
f 177/860/1478 290/444/1477 291/443/1479
f 179/845/1449 291/443/1479 292/441/1480
f 149/861/1481 292/441/1480 277/442/1454
s 153
f 215/862/1482 293/525/1483 294/539/1484
f 215/862/1482 295/538/1485 217/863/1486
f 217/863/1486 296/536/1487 219/864/1488
f 219/864/1488 297/537/1489 221/865/1490
f 223/866/1491 297/537/1489 298/535/1492
f 225/867/1493 298/535/1492 299/534/1494
f 227/846/1450 299/534/1494 300/533/1495
f 227/846/1450 301/532/1496 229/868/1497
f 229/868/1497 302/531/1498 231/869/1499
f 231/869/1499 303/530/1500 233/870/1501
f 233/870/1501 304/529/1502 235/847/1451
f 235/847/1451 305/528/1503 237/871/1504
f 239/872/1505 305/528/1503 306/527/1506
f 241/873/1507 306/527/1506 307/526/1508
f 243/848/1452 307/526/1508 308/524/1509
f 213/874/1510 308/524/1509 293/525/1483
s 154
f 869/856/1511 861/853/1512 853/849/1513
s 155
f 933/869/1514 925/866/1515 917/862/1516
s 154
f 853/849/1513 979/442/1517 851/861/1518
f 981/455/1519 853/849/1513 855/850/1520
f 982/453/1521 855/850/1520 857/851/1522
f 983/454/1523 857/851/1522 859/852/1524
f 861/853/1512 983/454/1523 859/852/1524
f 863/854/1525 984/452/1526 861/853/1512
f 865/843/1527 985/451/1528 863/854/1525
f 987/449/1529 865/843/1527 867/855/1530
f 988/448/1531 867/855/1530 869/856/1511
f 989/447/1532 869/856/1511 871/857/1533
f 990/446/1534 871/857/1533 873/844/1535
f 991/445/1536 873/844/1535 875/858/1537
f 877/859/1538 991/445/1536 875/858/1537
f 879/860/1539 992/444/1540 877/859/1538
f 881/845/1541 993/443/1542 879/860/1539
f 851/861/1518 994/441/1543 881/845/1541
s 155
f 917/862/1516 995/525/1544 915/874/1545
f 997/538/1546 917/862/1516 919/863/1547
f 998/536/1548 919/863/1547 921/864/1549
f 999/537/1489 921/864/1549 923/865/1550
f 925/866/1515 999/537/1489 923/865/1550
f 927/867/1551 1000/535/1552 925/866/1515
f 929/846/1553 1001/534/1554 927/867/1551
f 1003/532/1555 929/846/1553 931/868/1556
f 1004/531/1557 931/868/1556 933/869/1514
f 1005/530/1558 933/869/1514 935/870/1559
f 1006/529/1560 935/870/1559 937/847/1561
f 1007/528/1503 937/847/1561 939/871/1562
f 941/872/1563 1007/528/1503 939/871/1562
f 943/873/1564 1008/527/1565 941/872/1563
f 945/848/1566 1009/526/1567 943/873/1564
f 915/874/1545 1010/524/1568 945/848/1566
s 152
f 179/845/1449 149/861/1481 151/849/1453
f 151/849/1453 153/850/1457 155/851/1459
f 155/851/1459 157/852/1461 159/853/1462
f 159/853/1462 161/854/1464 163/843/1447
f 163/843/1447 165/855/1468 167/856/1470
f 167/856/1470 169/857/1472 171/844/1448
f 171/844/1448 173/858/1475 175/859/1476
f 175/859/1476 177/860/1478 179/845/1449
f 179/845/1449 151/849/1453 155/851/1459
f 155/851/1459 159/853/1462 163/843/1447
f 163/843/1447 167/856/1470 171/844/1448
f 171/844/1448 175/859/1476 179/845/1449
f 179/845/1449 155/851/1459 163/843/1447
s 153
f 243/848/1452 213/874/1510 215/862/1482
f 215/862/1482 217/863/1486 219/864/1488
f 219/864/1488 221/865/1490 223/866/1491
f 223/866/1491 225/867/1493 227/846/1450
f 227/846/1450 229/868/1497 231/869/1499
f 231/869/1499 233/870/1501 235/847/1451
f 235/847/1451 237/871/1504 239/872/1505
f 239/872/1505 241/873/1507 243/848/1452
f 243/848/1452 215/862/1482 219/864/1488
f 219/864/1488 223/866/1491 227/846/1450
f 227/846/1450 231/869/1499 235/847/1451
f 235/847/1451 239/872/1505 243/848/1452
f 243/848/1452 219/864/1488 227/846/1450
s 152
f 151/849/1453 149/861/1481 277/442/1454
f 151/849/1453 278/456/1455 279/455/1456
f 153/850/1457 279/455/1456 280/453/1458
f 155/851/1459 280/453/1458 281/454/1460
f 159/853/1462 157/852/1461 281/454/1460
f 161/854/1464 159/853/1462 282/452/1463
f 163/843/1447 161/854/1464 283/451/1465
f 163/843/1447 284/450/1466 285/449/1467
f 165/855/1468 285/449/1467 286/448/1469
f 167/856/1470 286/448/1469 287/447/1471
f 169/857/1472 287/447/1471 288/446/1473
f 171/844/1448 288/446/1473 289/445/1474
f 175/859/1476 173/858/1475 289/445/1474
f 177/860/1478 175/859/1476 290/444/1477
f 179/845/1449 177/860/1478 291/443/1479
f 149/861/1481 179/845/1449 292/441/1480
s 153
f 215/862/1482 213/874/1510 293/525/1483
f 215/862/1482 294/539/1484 295/538/1485
f 217/863/1486 295/538/1485 296/536/1487
f 219/864/1488 296/536/1487 297/537/1489
f 223/866/1491 221/865/1490 297/537/1489
f 225/867/1493 223/866/1491 298/535/1492
f 227/846/1450 225/867/1493 299/534/1494
f 227/846/1450 300/533/1495 301/532/1496
f 229/868/1497 301/532/1496 302/531/1498
f 231/869/1499 302/531/1498 303/530/1500
f 233/870/1501 303/530/1500 304/529/1502
f 235/847/1451 304/529/1502 305/528/1503
f 239/872/1505 237/871/1504 305/528/1503
f 241/873/1507 239/872/1505 306/527/1506
f 243/848/1452 241/873/1507 307/526/1508
f 213/874/1510 243/848/1452 308/524/1509
s 154
f 853/849/1513 851/861/1518 881/845/1541
f 881/845/1541 879/860/1539 877/859/1538
f 877/859/1538 875/858/1537 873/844/1535
f 873/844/1535 871/857/1533 869/856/1511
f 869/856/1511 867/855/1530 865/843/1527
f 865/843/1527 863/854/1525 861/853/1512
f 861/853/1512 859/852/1524 857/851/1522
f 857/851/1522 855/850/1520 853/849/1513
f 853/849/1513 881/845/1541 877/859/1538
f 877/859/1538 873/844/1535 869/856/1511
f 869/856/1511 865/843/1527 861/853/1512
f 861/853/1512 857/851/1522 853/849/1513
f 853/849/1513 877/859/1538 869/856/1511
s 155
f 917/862/1516 915/874/1545 945/848/1566
f 945/848/1566 943/873/1564 941/872/1563
f 941/872/1563 939/871/1562 937/847/1561
f 937/847/1561 935/870/1559 933/869/1514
f 933/869/1514 931/868/1556 929/846/1553
f 929/846/1553 927/867/1551 925/866/1515
f 925/866/1515 923/865/1550 921/864/1549
f 921/864/1549 919/863/1547 917/862/1516
f 917/862/1516 945/848/1566 941/872/1563
f 941/872/1563 937/847/1561 933/869/1514
f 933/869/1514 929/846/1553 925/866/1515
f 925/866/1515 921/864/1549 917/862/1516
f 917/862/1516 941/872/1563 933/869/1514
s 154
f 853/849/1513 980/456/2096 979/442/1517
f 981/455/1519 980/456/2096 853/849/1513
f 982/453/1521 981/455/1519 855/850/1520
f 983/454/1523 982/453/1521 857/851/1522
f 861/853/1512 984/452/1526 983/454/1523
f 863/854/1525 985/451/1528 984/452/1526
f 865/843/1527 986/450/2097 985/451/1528
f 987/449/1529 986/450/2097 865/843/1527
f 988/448/1531 987/449/1529 867/855/1530
f 989/447/1532 988/448/1531 869/856/1511
f 990/446/1534 989/447/1532 871/857/1533
f 991/445/1536 990/446/1534 873/844/1535
f 877/859/1538 992/444/1540 991/445/1536
f 879/860/1539 993/443/1542 992/444/1540
f 881/845/1541 994/441/1543 993/443/1542
f 851/861/1518 979/442/1517 994/441/1543
s 155
f 917/862/1516 996/539/2098 995/525/1544
f 997/538/1546 996/539/2098 917/862/1516
f 998/536/1548 997/538/1546 919/863/1547
f 999/537/1489 998/536/1548 921/864/1549
f 925/866/1515 1000/535/1552 999/537/1489
f 927/867/1551 1001/534/1554 1000/535/1552
f 929/846/1553 1002/533/2099 1001/534/1554
f 1003/532/1555 1002/533/2099 929/846/1553
f 1004/531/1557 1003/532/1555 931/868/1556
f 1005/530/1558 1004/531/1557 933/869/1514
f 1006/529/1560 1005/530/1558 935/870/1559
f 1007/528/1503 1006/529/1560 937/847/1561
f 941/872/1563 1008/527/1565 1007/528/1503
f 943/873/1564 1009/526/1567 1008/527/1565
f 945/848/1566 1010/524/1568 1009/526/1567
f 915/874/1545 995/525/1544 1010/524/1568
s 156
g Cube_Material.015
usemtl Material.015
f 147/875/1569 144/876/1570 145/877/1571
f 349/878/1572 847/879/1573 351/880/1574
f 148/881/1575 144/876/1570 146/882/1576
f 349/878/1572 726/883/130 843/884/1577
s 157
f 341/885/1578 317/175/1579 343/206/1580
f 315/886/1581 318/31/1582 316/30/1583
f 315/886/1581 319/5/1584 317/175/1579
f 342/66/1585 315/886/1581 341/885/1578
f 366/178/1586 341/885/1578 365/887/1587
f 365/887/1587 343/206/1580 367/84/1588
s 156
f 144/876/1570 337/888/1589 336/889/1590
f 144/876/1570 338/890/1591 146/882/1576
s 157
f 1018/891/1592 367/84/1588 1022/892/1593
f 725/194/1594 365/887/1587 1018/891/1592
s 156
f 336/889/1590 350/893/1595 349/878/1572
f 336/889/1590 351/880/1574 338/890/1591
s 19
f 553/172/174 557/173/1596 551/173/175
f 68/266/1597 556/51/1598 555/266/1599
f 1279/19/1600 562/17/1601 360/17/211
f 550/51/1602 557/54/1596 556/51/1598
f 549/45/1603 558/251/1604 552/251/1605
f 360/17/211 560/172/1606 553/172/174
f 559/122/1607 354/170/1608 324/122/1609
f 558/127/1604 324/122/1609 552/127/1605
f 68/48/1597 554/265/1610 549/265/1603
f 1276/257/1611 561/258/1612 1283/257/1613
s 158
f 360/17/1614 1296/19/1615 1279/19/1616
f 331/205/1617 565/17/1618 360/17/1614
f 71/119/1619 564/205/1620 331/205/1617
s 159
f 571/17/1621 1301/19/1622 675/17/1623
f 673/205/1621 571/17/1621 675/17/1623
f 569/119/1622 673/205/1621 674/119/1622
s 160
f 676/119/732 564/205/732 563/119/732
f 564/205/732 678/17/732 565/17/732
f 565/17/732 1308/19/732 1296/19/732
s 161
f 562/17/140 561/258/140 558/127/140
s 162
f 575/692/1624 581/693/1624 580/691/1624
s 163
f 582/694/1625 581/693/1625 580/691/1625
s 164
f 579/701/1626 577/697/1626 582/694/1626
s 165
f 578/695/130 575/696/130 577/697/130
s 166
f 582/694/140 575/699/140 580/698/140
s 167
f 581/700/49 578/695/49 579/701/49
s 168
f 590/894/1627 591/895/1627 586/896/1628
s 169
f 593/897/1629 594/898/1629 583/899/1630
s 170
f 585/900/1626 579/695/1626 582/697/1626
s 169
f 585/900/1630 580/699/1631 583/899/1630
s 168
f 584/901/1628 579/695/1632 586/896/1628
s 170
f 594/898/1633 586/896/1626 585/900/1626
f 584/902/1624 587/903/1634 583/904/1624
f 581/690/1624 583/904/1624 580/692/1624
f 588/905/1635 592/906/1636 590/907/1637
f 589/908/1638 591/909/1639 592/906/1636
f 596/910/1640 595/911/1641 598/912/1642
f 598/912/1642 593/913/1643 597/914/1644
f 590/907/1637 593/913/1643 588/905/1635
s 171
f 607/912/1645 1342/894/1645 601/896/1646
s 172
f 602/897/1647 603/898/1647 1337/899/1648
s 173
f 600/900/1626 599/695/1626 610/697/1626
s 174
f 599/695/1649 1334/696/1649 610/697/1649
s 172
f 600/900/1650 1334/699/1651 1337/899/1648
s 171
f 1338/901/1652 599/695/1653 601/896/1646
s 173
f 605/910/1654 600/900/1626 603/898/1655
f 603/898/1655 607/912/1656 605/910/1654
f 604/911/1657 606/914/1658 607/912/1656
f 1342/907/1659 602/913/1660 1341/905/1659
s 175
f 599/701/1626 608/697/1626 610/694/1626
s 176
f 609/695/130 1349/696/130 608/697/130
s 177
f 610/694/140 1349/699/140 1334/698/140
s 178
f 1335/700/49 609/695/49 599/701/49
s 179
f 566/688/1661 673/205/1662 567/722/1662
f 567/722/1662 675/17/1662 568/687/1662
f 573/689/1663 674/119/1664 566/688/1661
f 573/689/1663 677/205/1665 676/119/1666
f 1420/685/1667 675/17/1662 1301/19/1667
f 574/684/1668 1308/19/1669 678/17/1668
f 574/684/1668 677/205/1665 572/686/1665
s 156
f 845/876/1670 849/875/1671 846/877/1672
f 847/879/1573 1055/878/1673 1057/880/1674
f 850/881/1575 845/876/1670 846/877/1672
f 1055/878/1673 726/883/130 1056/893/1675
s 157
f 1023/175/1676 1047/885/1677 1049/206/1678
f 1020/886/1679 1024/31/1680 1019/65/1681
f 1025/5/1682 1020/886/1679 1023/175/1676
f 1020/886/1679 1048/66/1683 1047/885/1677
f 1047/885/1677 1072/178/1684 1071/887/1685
f 1049/206/1678 1071/887/1685 1073/84/1686
s 156
f 845/876/1670 1043/888/1687 844/915/1688
f 1044/890/1689 845/876/1670 848/882/1690
s 157
f 1073/84/1686 1018/891/1592 1022/892/1593
f 1071/887/1685 725/194/1594 1018/891/1592
s 156
f 1042/889/1691 1056/893/1675 1043/888/1687
f 1057/880/1674 1042/889/1691 1044/890/1689
s 19
f 1282/172/435 1288/173/1692 1291/172/1693
f 763/266/1694 1286/51/1695 1278/51/1696
f 1279/19/1600 1293/17/1697 1287/19/1698
f 1278/51/1696 1288/54/1692 1280/54/1699
f 1289/251/1700 1277/45/1701 1281/251/1702
f 1066/17/465 1291/172/1693 1293/17/1697
f 1060/170/1703 1290/122/1704 1030/122/1705
f 1030/122/1705 1289/127/1700 1281/127/1702
f 1284/265/1706 763/48/1694 1277/265/1701
f 1276/257/1611 1292/258/1707 1060/258/1703
s 158
f 1066/17/1708 1296/19/1615 1297/17/1709
f 1037/205/1710 1297/17/1709 1295/205/1711
f 766/119/1712 1295/205/1711 1294/119/1713
s 159
f 1301/19/1622 1305/17/1714 1418/17/1715
f 1416/205/1714 1305/17/1714 1303/205/1715
f 1416/205/1714 1302/119/1622 1417/119/1622
s 160
f 1295/205/732 1421/119/732 1294/119/732
f 1295/205/732 1423/17/732 1422/205/732
f 1297/17/732 1308/19/732 1423/17/732
s 161
f 1284/45/140 1283/257/140 1288/54/140
s 180
f 1310/692/1626 1316/693/1626 1311/690/1626
s 181
f 1316/693/1625 1317/694/1625 1315/691/1625
s 182
f 1312/697/1624 1314/701/1624 1317/694/1624
s 183
f 1310/696/130 1313/695/130 1312/697/130
s 184
f 1310/699/140 1317/694/140 1315/698/140
s 185
f 1313/695/49 1316/700/49 1314/701/49
s 186
f 1326/895/1627 1325/894/1627 1333/912/1627
s 187
f 1329/898/1629 1328/897/1629 1324/908/1629
s 188
f 1320/900/1624 1314/695/1624 1321/896/1624
s 187
f 1315/699/1631 1320/900/1630 1318/899/1630
s 186
f 1314/695/1632 1319/901/1628 1321/896/1628
s 188
f 1329/898/1634 1321/896/1624 1331/910/1639
f 1322/903/1633 1319/902/1626 1318/904/1626
f 1318/904/1626 1316/690/1626 1315/692/1626
f 1327/906/1642 1323/905/1716 1325/907/1717
f 1326/909/1640 1324/908/1641 1327/906/1642
f 1331/910/1639 1330/911/1638 1329/898/1634
f 1333/912/1636 1328/913/1718 1330/911/1638
f 1328/913/1718 1325/907/1717 1323/905/1716
s 171
f 1340/896/1646 1342/894/1645 1348/912/1645
s 172
f 1337/899/1648 1344/898/1647 1343/897/1647
s 173
f 1339/900/1624 1336/695/1624 1340/896/1624
s 174
f 1334/696/1649 1336/695/1649 1353/697/1649
s 172
f 1334/699/1651 1339/900/1650 1337/899/1648
s 171
f 1336/695/1653 1338/901/1652 1340/896/1646
s 173
f 1339/900/1624 1346/910/1719 1344/898/1720
f 1348/912/1721 1344/898/1720 1346/910/1719
f 1347/914/1722 1345/911/1723 1348/912/1721
f 1343/913/1724 1342/907/1659 1341/905/1659
s 189
f 1351/697/1624 1336/701/1624 1353/694/1624
s 176
f 1349/696/130 1352/695/130 1351/697/130
s 177
f 1349/699/140 1353/694/140 1334/698/140
s 178
f 1352/695/49 1335/700/49 1336/701/49
s 179
f 1416/205/1725 1298/688/1726 1299/722/1725
f 1418/17/1725 1299/722/1725 1300/687/1725
f 1417/119/1727 1307/689/1728 1298/688/1726
f 1307/689/1728 1422/205/1729 1306/686/1729
f 1420/685/1667 1418/17/1725 1300/687/1725
f 1309/684/1730 1308/19/1669 1419/685/1731
f 1422/205/1729 1309/684/1730 1306/686/1729
s 190
f 1425/690/1732 1433/691/1733 1424/692/1734
s 191
f 1431/916/1735 1438/917/1736 1439/916/1737
s 190
f 1434/694/1738 1429/695/1739 1428/697/1740
s 192
f 1428/697/1741 1425/918/1741 1424/696/1741
s 190
f 1434/694/1738 1424/699/1734 1433/698/1733
f 1432/700/1742 1429/695/1739 1435/701/1743
s 193
f 1426/919/1744 1432/693/1745 1427/920/1746
f 1430/917/1747 1433/691/1748 1426/919/1744
f 1431/916/1749 1432/693/1745 1435/701/1750
f 1430/917/1747 1435/701/1750 1434/694/1751
s 191
f 1436/920/1752 1438/917/1736 1437/919/1753
f 1426/919/1754 1438/917/1736 1430/917/1754
f 1431/916/1755 1436/920/1752 1427/920/1755
f 1427/920/1756 1437/919/1753 1426/919/1757
s 194
f 1639/921/1758 1643/918/1758 1635/922/1759
f 1696/700/1760 1638/923/1760 1697/924/1760
f 1639/921/1758 1642/696/1761 1637/925/1758
f 1648/926/1762 1633/697/1763 1645/694/1764
f 1642/692/1761 1700/927/1765 1708/691/1766
f 1633/697/1763 1639/921/1758 1637/925/1758
f 1697/924/1760 1634/695/1760 1646/701/1760
f 1634/695/1758 1639/921/1758 1649/928/1767
f 1650/929/1768 1699/693/1769 1698/927/1770
f 1643/690/1758 1650/929/1768 1635/929/1759
f 1699/693/1769 1643/690/1760 1696/693/1760
f 1635/929/1759 1698/927/1770 1700/927/1765
f 1701/701/1771 1657/928/1772 1702/926/1773
f 1656/695/1774 1646/701/1760 1634/695/1760
f 1657/928/1772 1634/695/1758 1649/928/1767
f 1702/926/1773 1649/928/1767 1648/926/1762
f 1705/694/1775 1662/930/1776 1658/737/1777
f 1633/697/1763 1705/694/1775 1645/694/1764
f 1637/930/1758 1660/697/1778 1633/697/1763
s 195
f 1658/737/1624 1637/930/1624 1644/737/1624
s 194
f 1658/737/1777 1663/699/1779 1707/698/1780
f 1663/699/1779 1637/930/1758 1642/699/1761
f 1707/698/1780 1642/699/1761 1708/698/1766
s 118
f 1632/730/1308 1697/931/1308 1636/932/1308
f 1652/933/1308 1698/927/1308 1699/693/1308
f 1653/732/1308 1700/927/1308 1698/927/1308
f 1655/934/1308 1702/926/1308 1654/734/1308
f 1655/934/1308 1646/701/1308 1701/701/1308
f 1654/734/1308 1648/926/1308 1704/735/1308
f 1658/737/1308 1659/736/1308 1705/694/1308
f 1659/736/1308 1645/694/1308 1705/694/1308
f 1661/738/1308 1708/698/1308 1641/739/1308
f 1647/733/1308 1708/691/1308 1700/927/1308
f 1636/932/1308 1646/701/1308 1703/725/1308
f 1704/735/1308 1645/694/1308 1706/727/1308
f 1652/933/1308 1696/693/1308 1632/730/1308
f 1661/698/1308 1658/737/1308 1707/737/1308
s 156
f 147/875/1569 143/915/2100 144/876/1570
f 349/878/1572 843/884/1577 847/879/1573
f 148/881/1575 145/877/1571 144/876/1570
f 349/878/1572 350/893/1595 726/883/130
s 157
f 341/885/1578 315/886/1581 317/175/1579
f 315/886/1581 314/65/2101 318/31/1582
f 315/886/1581 316/30/1583 319/5/1584
f 342/66/1585 314/65/2101 315/886/1581
f 366/178/1586 342/66/1585 341/885/1578
f 365/887/1587 341/885/1578 343/206/1580
s 156
f 144/876/1570 143/915/2100 337/888/1589
f 144/876/1570 336/889/1590 338/890/1591
s 157
f 1018/891/1592 365/887/1587 367/84/1588
f 725/194/1594 366/178/1586 365/887/1587
s 156
f 336/889/1590 337/888/1589 350/893/1595
f 336/889/1590 349/878/1572 351/880/1574
s 19
f 553/172/174 560/172/1606 557/173/1596
f 68/266/1597 550/51/1602 556/51/1598
f 1279/19/1600 1287/19/1698 562/17/1601
f 550/51/1602 551/54/175 557/54/1596
f 549/45/1603 554/45/1610 558/251/1604
f 360/17/211 562/17/1601 560/172/1606
f 559/122/1607 561/170/1612 354/170/1608
f 558/127/1604 559/122/1607 324/122/1609
f 68/48/1597 555/48/1599 554/265/1610
f 1276/257/1611 354/258/1608 561/258/1612
s 158
f 360/17/1614 565/17/1618 1296/19/1615
f 331/205/1617 564/205/1620 565/17/1618
f 71/119/1619 563/119/1713 564/205/1620
s 159
f 571/17/1621 1304/19/1622 1301/19/1622
f 673/205/1621 570/205/1623 571/17/1621
f 569/119/1622 570/205/1623 673/205/1621
s 160
f 676/119/732 677/205/732 564/205/732
f 564/205/732 677/205/732 678/17/732
f 565/17/732 678/17/732 1308/19/732
s 161
f 554/45/140 555/266/140 556/51/140
f 556/51/140 557/54/140 560/172/140
f 562/17/140 1287/19/140 1283/257/140
f 556/51/140 560/172/140 562/17/140
f 558/127/140 554/45/140 556/51/140
f 561/258/140 559/122/140 558/127/140
f 562/17/140 1283/257/140 561/258/140
f 558/127/140 556/51/140 562/17/140
s 162
f 575/692/1624 576/690/1624 581/693/1624
s 163
f 582/694/1625 579/701/1625 581/693/1625
s 164
f 579/701/1626 578/695/1626 577/697/1626
s 165
f 578/695/130 576/918/130 575/696/130
s 166
f 582/694/140 577/697/140 575/699/140
s 167
f 581/700/49 576/706/49 578/695/49
s 168
f 586/896/1628 596/910/1627 598/912/1627
f 598/912/1627 597/1100/1627 590/894/1627
f 590/894/1627 592/906/1627 591/895/1627
f 591/895/1627 584/901/1628 586/896/1628
f 586/896/1628 598/912/1627 590/894/1627
s 169
f 583/899/1630 587/1101/1629 589/908/1629
f 589/908/1629 588/1102/1629 593/897/1629
f 593/897/1629 595/911/1629 594/898/1629
f 594/898/1629 585/900/1630 583/899/1630
f 583/899/1630 589/908/1629 593/897/1629
s 170
f 585/900/1626 586/896/1626 579/695/1626
s 169
f 585/900/1630 582/697/1631 580/699/1631
s 168
f 584/901/1628 581/706/1632 579/695/1632
s 170
f 594/898/1633 596/910/1640 586/896/1626
f 584/902/1624 591/909/1639 587/903/1634
f 581/690/1624 584/902/1624 583/904/1624
f 588/905/1635 589/908/1638 592/906/1636
f 589/908/1638 587/903/1634 591/909/1639
f 596/910/1640 594/898/1633 595/911/1641
f 598/912/1642 595/911/1641 593/913/1643
f 590/907/1637 597/914/1644 593/913/1643
s 171
f 601/896/1646 605/910/1645 607/912/1645
f 607/912/1645 606/1100/1645 1342/894/1645
f 1342/894/1645 1338/901/1652 601/896/1646
s 172
f 1337/899/1648 1341/1102/1647 602/897/1647
f 602/897/1647 604/911/1647 603/898/1647
f 603/898/1647 600/900/1650 1337/899/1648
s 173
f 600/900/1626 601/896/1626 599/695/1626
s 174
f 599/695/1649 1335/918/1649 1334/696/1649
s 172
f 600/900/1650 610/697/1651 1334/699/1651
s 171
f 1338/901/1652 1335/706/1653 599/695/1653
s 173
f 605/910/1654 601/896/1626 600/900/1626
f 603/898/1655 604/911/1657 607/912/1656
f 604/911/1657 602/913/1660 606/914/1658
f 1342/907/1659 606/914/1658 602/913/1660
s 175
f 599/701/1626 609/695/1626 608/697/1626
s 176
f 609/695/130 1350/918/130 1349/696/130
s 177
f 610/694/140 608/697/140 1349/699/140
s 178
f 1335/700/49 1350/706/49 609/695/49
s 179
f 566/688/1661 674/119/1664 673/205/1662
f 567/722/1662 673/205/1662 675/17/1662
f 573/689/1663 676/119/1666 674/119/1664
f 573/689/1663 572/686/1665 677/205/1665
f 1420/685/1667 568/687/1662 675/17/1662
f 574/684/1668 1419/685/1731 1308/19/1669
f 574/684/1668 678/17/1668 677/205/1665
s 156
f 845/876/1670 844/915/1688 849/875/1671
f 847/879/1573 843/884/1577 1055/878/1673
f 850/881/1575 848/882/1690 845/876/1670
f 1055/878/1673 843/884/1577 726/883/130
s 157
f 1023/175/1676 1020/886/1679 1047/885/1677
f 1020/886/1679 1021/30/2102 1024/31/1680
f 1025/5/1682 1021/30/2102 1020/886/1679
f 1020/886/1679 1019/65/1681 1048/66/1683
f 1047/885/1677 1048/66/1683 1072/178/1684
f 1049/206/1678 1047/885/1677 1071/887/1685
s 156
f 845/876/1670 1042/889/1691 1043/888/1687
f 1044/890/1689 1042/889/1691 845/876/1670
s 157
f 1073/84/1686 1071/887/1685 1018/891/1592
f 1071/887/1685 1072/178/1684 725/194/1594
s 156
f 1042/889/1691 1055/878/1673 1056/893/1675
f 1057/880/1674 1055/878/1673 1042/889/1691
s 19
f 1282/172/435 1280/173/1699 1288/173/1692
f 763/266/1694 1285/266/2103 1286/51/1695
f 1279/19/1600 1066/17/465 1293/17/1697
f 1278/51/1696 1286/51/1695 1288/54/1692
f 1289/251/1700 1284/45/1706 1277/45/1701
f 1066/17/465 1282/172/435 1291/172/1693
f 1060/170/1703 1292/170/1707 1290/122/1704
f 1030/122/1705 1290/122/1704 1289/127/1700
f 1284/265/1706 1285/48/2103 763/48/1694
f 1276/257/1611 1283/257/1613 1292/258/1707
s 158
f 1066/17/1708 1279/19/1616 1296/19/1615
f 1037/205/1710 1066/17/1708 1297/17/1709
f 766/119/1712 1037/205/1710 1295/205/1711
s 159
f 1301/19/1622 1304/19/1622 1305/17/1714
f 1416/205/1714 1418/17/1715 1305/17/1714
f 1416/205/1714 1303/205/1715 1302/119/1622
s 160
f 1295/205/732 1422/205/732 1421/119/732
f 1295/205/732 1297/17/732 1423/17/732
f 1297/17/732 1296/19/732 1308/19/732
s 161
f 1286/51/140 1285/266/140 1284/45/140
f 1284/45/140 1289/127/140 1290/122/140
f 1290/122/140 1292/258/140 1283/257/140
f 1283/257/140 1287/19/140 1293/17/140
f 1293/17/140 1291/172/140 1288/54/140
f 1288/54/140 1286/51/140 1284/45/140
f 1284/45/140 1290/122/140 1283/257/140
f 1283/257/140 1293/17/140 1288/54/140
s 180
f 1310/692/1626 1315/691/1626 1316/693/1626
s 181
f 1316/693/1625 1314/701/1625 1317/694/1625
s 182
f 1312/697/1624 1313/695/1624 1314/701/1624
s 183
f 1310/696/130 1311/918/130 1313/695/130
s 184
f 1310/699/140 1312/697/140 1317/694/140
s 185
f 1313/695/49 1311/706/49 1316/700/49
s 186
f 1333/912/1627 1331/910/1627 1321/896/1628
f 1321/896/1628 1319/901/1628 1326/895/1627
f 1326/895/1627 1327/906/1627 1325/894/1627
f 1325/894/1627 1332/1100/1627 1333/912/1627
f 1333/912/1627 1321/896/1628 1326/895/1627
s 187
f 1324/908/1629 1322/1101/1629 1318/899/1630
f 1318/899/1630 1320/900/1630 1329/898/1629
f 1329/898/1629 1330/911/1629 1328/897/1629
f 1328/897/1629 1323/1102/1629 1324/908/1629
f 1324/908/1629 1318/899/1630 1329/898/1629
s 188
f 1320/900/1624 1317/697/1624 1314/695/1624
s 187
f 1315/699/1631 1317/697/1631 1320/900/1630
s 186
f 1314/695/1632 1316/706/1632 1319/901/1628
s 188
f 1329/898/1634 1320/900/1624 1321/896/1624
f 1322/903/1633 1326/909/1640 1319/902/1626
f 1318/904/1626 1319/902/1626 1316/690/1626
f 1327/906/1642 1324/908/1641 1323/905/1716
f 1326/909/1640 1322/903/1633 1324/908/1641
f 1331/910/1639 1333/912/1636 1330/911/1638
f 1333/912/1636 1332/914/2104 1328/913/1718
f 1328/913/1718 1332/914/2104 1325/907/1717
s 171
f 1348/912/1645 1346/910/1645 1340/896/1646
f 1340/896/1646 1338/901/1652 1342/894/1645
f 1342/894/1645 1347/1100/1645 1348/912/1645
s 172
f 1343/897/1647 1341/1102/1647 1337/899/1648
f 1337/899/1648 1339/900/1650 1344/898/1647
f 1344/898/1647 1345/911/1647 1343/897/1647
s 173
f 1339/900/1624 1353/697/1624 1336/695/1624
s 174
f 1334/696/1649 1335/918/1649 1336/695/1649
s 172
f 1334/699/1651 1353/697/1651 1339/900/1650
s 171
f 1336/695/1653 1335/706/1653 1338/901/1652
s 173
f 1339/900/1624 1340/896/1624 1346/910/1719
f 1348/912/1721 1345/911/1723 1344/898/1720
f 1347/914/1722 1343/913/1724 1345/911/1723
f 1343/913/1724 1347/914/1722 1342/907/1659
s 189
f 1351/697/1624 1352/695/1624 1336/701/1624
s 176
f 1349/696/130 1350/918/130 1352/695/130
s 177
f 1349/699/140 1351/697/140 1353/694/140
s 178
f 1352/695/49 1350/706/49 1335/700/49
s 179
f 1416/205/1725 1417/119/1727 1298/688/1726
f 1418/17/1725 1416/205/1725 1299/722/1725
f 1417/119/1727 1421/119/2105 1307/689/1728
f 1307/689/1728 1421/119/2105 1422/205/1729
f 1420/685/1667 1301/19/1667 1418/17/1725
f 1309/684/1730 1423/17/1730 1308/19/1669
f 1422/205/1729 1423/17/1730 1309/684/1730
s 190
f 1425/690/1732 1432/693/1742 1433/691/1733
s 191
f 1431/916/1735 1430/917/2106 1438/917/1736
s 190
f 1434/694/1738 1435/701/1743 1429/695/1739
s 192
f 1428/697/1741 1429/695/1741 1425/918/1741
s 190
f 1434/694/1738 1428/697/1740 1424/699/1734
f 1432/700/1742 1425/706/1732 1429/695/1739
s 193
f 1426/919/1744 1433/691/1748 1432/693/1745
f 1430/917/1747 1434/694/1751 1433/691/1748
f 1431/916/1749 1427/920/1746 1432/693/1745
f 1430/917/1747 1431/916/1749 1435/701/1750
s 191
f 1436/920/1752 1439/916/1737 1438/917/1736
f 1426/919/1754 1437/919/1753 1438/917/1736
f 1431/916/1755 1439/916/1737 1436/920/1752
f 1427/920/1756 1436/920/1752 1437/919/1753
s 194
f 1639/921/1758 1638/1103/1758 1643/918/1758
f 1696/700/1760 1643/706/1760 1638/923/1760
f 1639/921/1758 1635/922/1759 1642/696/1761
f 1648/926/1762 1649/928/1767 1633/697/1763
f 1642/692/1761 1635/929/1759 1700/927/1765
f 1633/697/1763 1649/928/1767 1639/921/1758
f 1697/924/1760 1638/923/1760 1634/695/1760
f 1634/695/1758 1638/1103/1758 1639/921/1758
f 1650/929/1768 1651/690/2107 1699/693/1769
f 1643/690/1758 1651/690/2107 1650/929/1768
f 1699/693/1769 1651/690/2107 1643/690/1760
f 1635/929/1759 1650/929/1768 1698/927/1770
f 1701/701/1771 1656/695/1774 1657/928/1772
f 1656/695/1774 1701/701/1771 1646/701/1760
f 1657/928/1772 1656/695/1774 1634/695/1758
f 1702/926/1773 1657/928/1772 1649/928/1767
f 1705/694/1775 1660/697/1778 1662/930/1776
f 1633/697/1763 1660/697/1778 1705/694/1775
f 1637/930/1758 1662/930/1776 1660/697/1778
s 195
f 1658/737/1624 1662/930/1624 1637/930/1624
s 194
f 1658/737/1777 1662/930/2108 1663/699/1779
f 1663/699/1779 1662/930/2108 1637/930/1758
f 1707/698/1780 1663/699/1779 1642/699/1761
s 118
f 1632/730/1308 1696/693/1308 1697/931/1308
f 1652/933/1308 1653/732/1308 1698/927/1308
f 1653/732/1308 1647/733/1308 1700/927/1308
f 1655/934/1308 1701/701/1308 1702/926/1308
f 1655/934/1308 1703/725/1308 1646/701/1308
f 1654/734/1308 1702/926/1308 1648/926/1308
f 1659/736/1308 1706/727/1308 1645/694/1308
f 1661/738/1308 1707/698/1308 1708/698/1308
f 1647/733/1308 1641/729/1308 1708/691/1308
f 1636/932/1308 1697/931/1308 1646/701/1308
f 1704/735/1308 1648/926/1308 1645/694/1308
f 1652/933/1308 1699/693/1308 1696/693/1308
s 12
g Cube_Material.016
usemtl Material.016
f 2/87/1781 472/935/1782 21/36/1783
f 23/936/1784 12/937/140 24/938/140
f 24/938/140 11/939/140 25/940/1785
f 25/940/1785 63/941/140 62/942/1786
f 25/940/1785 467/943/1787 454/944/1788
f 452/945/140 25/940/1785 454/944/1788
f 23/936/1784 452/945/140 450/946/1789
f 21/36/1783 479/947/1790 320/37/1791
f 699/948/1792 451/949/140 700/950/140
f 700/950/140 453/951/1793 701/952/1794
f 701/952/1794 446/953/1795 702/954/1796
f 352/81/77 1169/955/1797 455/956/1798
f 53/957/1799 13/958/1800 23/936/1784
f 371/959/1801 4/960/88 15/961/90
f 65/962/1802 373/963/1803 371/959/1801
f 454/944/1788 451/949/140 452/945/140
f 452/945/140 449/964/1804 450/946/1789
f 447/965/1805 449/964/1804 448/966/1806
f 448/966/1806 699/948/1792 698/967/1807
f 322/207/213 455/956/1798 456/968/1808
f 453/951/1793 445/969/1809 446/953/1795
f 15/961/90 456/970/1808 371/959/1801
f 444/971/1810 448/966/1806 443/972/1811
f 320/37/1791 443/973/1811 344/179/1812
f 443/972/1811 698/967/1807 697/974/1813
f 344/179/1812 697/975/1813 693/192/1814
f 456/968/1808 446/976/1795 445/977/1809
f 455/956/1798 702/978/1796 446/976/1795
f 61/979/1815 445/977/1809 60/980/1816
f 444/981/1810 479/947/1790 66/982/1817
f 66/983/1817 447/965/1805 444/971/1810
f 445/969/1809 467/943/1787 60/984/1816
f 371/959/1801 61/985/1815 65/962/1802
s 196
f 57/986/1818 639/987/1819 635/988/1820
f 58/989/1821 458/990/1822 460/991/1823
f 64/992/1824 461/993/1825 59/994/1826
f 59/994/1826 459/995/1827 57/986/1818
f 55/996/1828 458/990/1822 56/997/1829
f 63/998/1830 460/991/1823 62/999/1831
f 460/991/1823 463/1000/1832 465/1001/1833
f 62/999/1831 465/1001/1833 467/1002/1834
f 459/995/1827 640/1003/1835 639/987/1819
f 65/1004/1836 466/1005/1837 461/993/1825
f 461/993/1825 464/1006/1838 459/995/1827
f 458/990/1822 462/1007/1839 463/1000/1832
s 197
f 60/1008/1840 462/1009/1840 464/1010/1840
s 198
f 50/1011/1841 470/1012/1842 471/1013/1843
f 53/95/1844 474/1014/1845 54/267/1846
f 49/1015/1847 469/1016/1848 470/1012/1842
f 51/1017/1849 471/1013/1843 472/1018/1850
f 48/1019/1851 468/1020/1852 469/1021/1848
f 47/1022/1853 474/1014/1845 468/1020/1852
f 473/1023/1854 480/1024/1855 474/1014/1845
f 470/1012/1842 476/1025/1856 477/1026/1857
f 471/1013/1843 477/1026/1857 478/1027/1858
f 474/1014/1845 475/1028/1859 468/1020/1852
f 472/1018/1850 478/1027/1858 479/1029/1860
f 468/1020/1852 476/1030/1856 469/1021/1848
s 199
f 478/1031/1861 476/1032/1862 480/1033/1863
s 12
f 473/1034/1864 450/946/1789 447/965/1805
s 200
f 622/296/1865 629/299/1866 630/296/1867
f 620/301/1868 627/304/1869 628/301/1870
f 624/294/1871 633/291/1872 625/291/1873
f 622/296/1865 631/297/1874 623/297/1875
f 621/302/1876 628/301/1870 629/302/1866
f 619/306/1877 634/372/1878 627/306/1869
f 625/373/1873 634/372/1878 626/372/1879
f 623/371/1875 632/294/1880 624/294/1871
f 631/371/1874 629/299/1866 627/304/1869
s 196
f 639/987/1819 462/1035/1839 457/1036/1881
f 635/988/1820 457/1036/1881 55/1037/1828
s 12
f 1187/935/1882 680/87/1883 712/36/1884
f 714/936/1885 690/937/140 691/958/1886
f 715/938/140 689/939/140 690/937/140
f 716/940/1887 758/941/140 689/939/140
f 1182/943/1888 716/940/1887 1168/944/1889
f 1166/945/140 716/940/1887 715/938/140
f 1166/945/140 714/936/1885 1164/946/1890
f 1194/947/1891 712/36/1884 1026/37/1892
f 699/948/1792 1165/949/140 1163/964/1893
f 700/950/140 1167/951/1894 1165/949/140
f 701/952/1794 1160/953/1895 1167/951/1894
f 1169/955/1797 1058/81/348 1170/956/1896
f 714/936/1885 692/1038/1897 748/957/1898
f 1077/959/1899 682/960/358 1079/963/1803
f 760/962/1900 1079/963/1803 759/1039/1803
f 1165/949/140 1168/944/1889 1166/945/140
f 1163/964/1893 1166/945/140 1164/946/1890
f 1161/965/1901 1163/964/1893 1164/946/1890
f 699/948/1792 1162/966/1902 698/967/1807
f 1170/956/1896 1028/207/467 1171/968/1903
f 1167/951/1894 1159/969/1904 1168/944/1889
f 1171/970/1903 706/961/441 1077/959/1899
f 1162/966/1902 1158/971/1905 1157/972/1906
f 1157/973/1906 1026/37/1892 1050/179/1907
f 698/967/1807 1157/972/1906 697/974/1813
f 697/975/1813 1050/179/1907 693/192/1814
f 1160/976/1895 1171/968/1903 1159/977/1904
f 702/978/1796 1170/956/1896 1160/976/1895
f 756/979/1908 1159/977/1904 1171/968/1903
f 1158/981/1905 1194/947/1891 1026/37/1892
f 1161/965/1901 761/983/1909 1158/971/1905
f 1159/969/1904 1182/943/1888 1168/944/1889
f 756/985/1908 1077/959/1899 760/962/1900
s 201
f 1382/987/1910 752/986/1818 1378/988/1820
f 753/989/1821 1173/990/1911 751/997/1829
f 1176/993/1912 759/992/1824 754/994/1826
f 1174/995/1913 754/994/1826 752/986/1818
f 1173/990/1911 750/996/1828 751/997/1829
f 758/998/1830 1175/991/1914 753/989/1821
f 1175/991/1914 1178/1000/1915 1173/990/1911
f 757/999/1916 1180/1001/1917 1175/991/1914
f 1383/1003/1918 1174/995/1913 1382/987/1910
f 1181/1005/1919 760/1004/1920 1176/993/1912
f 1179/1006/1921 1176/993/1912 1174/995/1913
f 1173/990/1911 1177/1007/1922 1172/1040/1923
s 202
f 1181/1041/1924 1178/1042/1924 1182/1043/1924
s 203
f 745/1011/1925 1185/1012/1926 744/1015/1927
f 1189/1014/1928 748/95/1929 749/267/1930
f 744/1015/1927 1184/1016/1931 743/1044/1932
f 746/1017/1933 1186/1013/1934 745/1011/1925
f 743/1019/1932 1183/1020/1935 742/1022/1936
f 742/1022/1936 1189/1014/1928 749/267/1930
f 1195/1024/1937 1188/1023/1938 1189/1014/1928
f 1185/1012/1926 1191/1025/1939 1184/1016/1931
f 1186/1013/1934 1192/1026/1940 1185/1012/1926
f 1190/1028/1941 1189/1014/1928 1183/1020/1935
f 1187/1018/1942 1193/1027/1943 1186/1013/1934
f 1191/1030/1939 1183/1020/1935 1184/1021/1931
s 204
f 1191/1032/1944 1193/1031/1945 761/1045/1946
s 12
f 1161/965/1901 714/936/1885 1188/1034/1947
s 205
f 1365/296/1948 1372/299/1949 1364/299/1950
f 1363/301/1951 1370/304/1952 1362/304/1953
f 1376/291/1954 1367/294/1955 1368/291/1956
f 1374/297/1957 1365/296/1948 1366/297/1958
f 1364/302/1950 1371/301/1959 1363/301/1951
f 1362/306/1953 1377/372/1960 1369/372/1961
f 1377/372/1960 1368/373/1956 1369/372/1961
f 1375/294/1962 1366/371/1958 1367/294/1955
f 1372/299/1949 1374/371/1957 1376/373/1954
s 201
f 1177/1035/1922 1382/987/1910 1172/1036/1923
f 1172/1036/1923 1378/988/1820 750/1037/1828
s 12
f 2/87/1781 51/1104/2109 472/935/1782
f 23/936/1784 13/958/1800 12/937/140
f 24/938/140 12/937/140 11/939/140
f 25/940/1785 11/939/140 63/941/140
f 25/940/1785 62/942/1786 467/943/1787
f 452/945/140 24/938/140 25/940/1785
f 23/936/1784 24/938/140 452/945/140
f 21/36/1783 472/935/1782 479/947/1790
f 699/948/1792 449/964/1804 451/949/140
f 700/950/140 451/949/140 453/951/1793
f 701/952/1794 453/951/1793 446/953/1795
f 352/81/77 695/1052/2018 1169/955/1797
f 23/936/1784 473/1034/1864 53/957/1799
f 53/957/1799 14/1038/2110 13/958/1800
f 371/959/1801 373/963/1803 4/960/88
f 65/962/1802 64/1039/1803 373/963/1803
f 454/944/1788 453/951/1793 451/949/140
f 452/945/140 451/949/140 449/964/1804
f 447/965/1805 450/946/1789 449/964/1804
f 448/966/1806 449/964/1804 699/948/1792
f 322/207/213 352/81/77 455/956/1798
f 453/951/1793 454/944/1788 445/969/1809
f 15/961/90 322/1105/213 456/970/1808
f 444/971/1810 447/965/1805 448/966/1806
f 320/37/1791 444/981/1810 443/973/1811
f 443/972/1811 448/966/1806 698/967/1807
f 344/179/1812 443/973/1811 697/975/1813
f 456/968/1808 455/956/1798 446/976/1795
f 455/956/1798 1169/955/1797 702/978/1796
f 61/979/1815 456/968/1808 445/977/1809
f 444/981/1810 320/37/1791 479/947/1790
f 66/983/1817 52/1106/2111 447/965/1805
f 445/969/1809 454/944/1788 467/943/1787
f 371/959/1801 456/970/1808 61/985/1815
s 196
f 57/986/1818 459/995/1827 639/987/1819
f 58/989/1821 56/997/1829 458/990/1822
f 64/992/1824 65/1004/1836 461/993/1825
f 59/994/1826 461/993/1825 459/995/1827
f 55/996/1828 457/1040/1881 458/990/1822
f 63/998/1830 58/989/1821 460/991/1823
f 460/991/1823 458/990/1822 463/1000/1832
f 62/999/1831 460/991/1823 465/1001/1833
f 459/995/1827 464/1006/1838 640/1003/1835
f 65/1004/1836 61/1107/2112 466/1005/1837
f 461/993/1825 466/1005/1837 464/1006/1838
f 458/990/1822 457/1040/1881 462/1007/1839
s 197
f 466/1041/1840 61/1108/1840 60/1008/1840
f 60/1008/1840 467/1043/1840 465/1109/1840
f 465/1109/1840 463/1042/1840 462/1009/1840
f 462/1009/1840 640/1110/2113 464/1010/1840
f 464/1010/1840 466/1041/1840 60/1008/1840
f 60/1008/1840 465/1109/1840 462/1009/1840
s 198
f 50/1011/1841 49/1015/1847 470/1012/1842
f 53/95/1844 473/1023/1854 474/1014/1845
f 49/1015/1847 48/1044/1851 469/1016/1848
f 51/1017/1849 50/1011/1841 471/1013/1843
f 48/1019/1851 47/1022/1853 468/1020/1852
f 47/1022/1853 54/267/1846 474/1014/1845
f 473/1023/1854 52/1111/2114 480/1024/1855
f 470/1012/1842 469/1016/1848 476/1025/1856
f 471/1013/1843 470/1012/1842 477/1026/1857
f 474/1014/1845 480/1024/1855 475/1028/1859
f 472/1018/1850 471/1013/1843 478/1027/1858
f 468/1020/1852 475/1028/1859 476/1030/1856
s 199
f 480/1033/1863 52/1112/2115 66/1045/2116
f 66/1045/2116 479/1113/2117 478/1031/1861
f 478/1031/1861 477/1114/1862 476/1032/1862
f 476/1032/1862 475/1115/1862 480/1033/1863
f 480/1033/1863 66/1045/2116 478/1031/1861
s 12
f 447/965/1805 52/1106/2111 473/1034/1864
f 473/1034/1864 23/936/1784 450/946/1789
s 200
f 622/296/1865 621/299/1876 629/299/1866
f 620/301/1868 619/304/1877 627/304/1869
f 624/294/1871 632/294/1880 633/291/1872
f 622/296/1865 630/296/1867 631/297/1874
f 621/302/1876 620/301/1868 628/301/1870
f 619/306/1877 626/372/1879 634/372/1878
f 625/373/1873 633/373/1872 634/372/1878
f 623/371/1875 631/371/1874 632/294/1880
f 627/304/1869 634/372/1878 633/373/1872
f 633/373/1872 632/294/1880 631/371/1874
f 631/371/1874 630/296/1867 629/299/1866
f 629/299/1866 628/301/1870 627/304/1869
f 627/304/1869 633/373/1872 631/371/1874
s 196
f 639/987/1819 640/1003/1835 462/1035/1839
f 635/988/1820 639/987/1819 457/1036/1881
s 12
f 1187/935/1882 746/1104/2118 680/87/1883
f 714/936/1885 715/938/140 690/937/140
f 715/938/140 716/940/1887 689/939/140
f 716/940/1887 757/942/2119 758/941/140
f 1182/943/1888 757/942/2119 716/940/1887
f 1166/945/140 1168/944/1889 716/940/1887
f 1166/945/140 715/938/140 714/936/1885
f 1194/947/1891 1187/935/1882 712/36/1884
f 699/948/1792 700/950/140 1165/949/140
f 700/950/140 701/952/1794 1167/951/1894
f 701/952/1794 702/954/1796 1160/953/1895
f 1169/955/1797 695/1052/2018 1058/81/348
f 748/957/1898 1188/1034/1947 714/936/1885
f 714/936/1885 691/958/1886 692/1038/1897
f 1077/959/1899 706/961/441 682/960/358
f 760/962/1900 1077/959/1899 1079/963/1803
f 1165/949/140 1167/951/1894 1168/944/1889
f 1163/964/1893 1165/949/140 1166/945/140
f 1161/965/1901 1162/966/1902 1163/964/1893
f 699/948/1792 1163/964/1893 1162/966/1902
f 1170/956/1896 1058/81/348 1028/207/467
f 1167/951/1894 1160/953/1895 1159/969/1904
f 1171/970/1903 1028/1105/467 706/961/441
f 1162/966/1902 1161/965/1901 1158/971/1905
f 1157/973/1906 1158/981/1905 1026/37/1892
f 698/967/1807 1162/966/1902 1157/972/1906
f 697/975/1813 1157/973/1906 1050/179/1907
f 1160/976/1895 1170/956/1896 1171/968/1903
f 702/978/1796 1169/955/1797 1170/956/1896
f 756/979/1908 755/980/2120 1159/977/1904
f 1158/981/1905 761/982/1909 1194/947/1891
f 1161/965/1901 747/1106/2121 761/983/1909
f 1159/969/1904 755/984/2120 1182/943/1888
f 756/985/1908 1171/970/1903 1077/959/1899
s 201
f 1382/987/1910 1174/995/1913 752/986/1818
f 753/989/1821 1175/991/1914 1173/990/1911
f 1176/993/1912 760/1004/1920 759/992/1824
f 1174/995/1913 1176/993/1912 754/994/1826
f 1173/990/1911 1172/1040/1923 750/996/1828
f 758/998/1830 757/999/1916 1175/991/1914
f 1175/991/1914 1180/1001/1917 1178/1000/1915
f 757/999/1916 1182/1002/2122 1180/1001/1917
f 1383/1003/1918 1179/1006/1921 1174/995/1913
f 1181/1005/1919 756/1107/2123 760/1004/1920
f 1179/1006/1921 1181/1005/1919 1176/993/1912
f 1173/990/1911 1178/1000/1915 1177/1007/1922
s 202
f 755/1008/1924 756/1108/1924 1181/1041/1924
f 1181/1041/1924 1179/1010/1924 1383/1110/1924
f 1383/1110/1924 1177/1009/1924 1178/1042/1924
f 1178/1042/1924 1180/1109/1924 1182/1043/1924
f 1182/1043/1924 755/1008/1924 1181/1041/1924
f 1181/1041/1924 1383/1110/1924 1178/1042/1924
s 203
f 745/1011/1925 1186/1013/1934 1185/1012/1926
f 1189/1014/1928 1188/1023/1938 748/95/1929
f 744/1015/1927 1185/1012/1926 1184/1016/1931
f 746/1017/1933 1187/1018/1942 1186/1013/1934
f 743/1019/1932 1184/1021/1931 1183/1020/1935
f 742/1022/1936 1183/1020/1935 1189/1014/1928
f 1195/1024/1937 747/1111/2124 1188/1023/1938
f 1185/1012/1926 1192/1026/1940 1191/1025/1939
f 1186/1013/1934 1193/1027/1943 1192/1026/1940
f 1190/1028/1941 1195/1024/1937 1189/1014/1928
f 1187/1018/1942 1194/1029/2125 1193/1027/1943
f 1191/1030/1939 1190/1028/1941 1183/1020/1935
s 204
f 761/1045/1946 747/1112/2126 1195/1033/2127
f 1195/1033/2127 1190/1115/2128 1191/1032/1944
f 1191/1032/1944 1192/1114/2128 1193/1031/1945
f 1193/1031/1945 1194/1113/2129 761/1045/1946
f 761/1045/1946 1195/1033/2127 1191/1032/1944
s 12
f 1188/1034/1947 747/1106/2121 1161/965/1901
f 1161/965/1901 1164/946/1890 714/936/1885
s 205
f 1365/296/1948 1373/296/2130 1372/299/1949
f 1363/301/1951 1371/301/1959 1370/304/1952
f 1376/291/1954 1375/294/1962 1367/294/1955
f 1374/297/1957 1373/296/2130 1365/296/1948
f 1364/302/1950 1372/302/1949 1371/301/1959
f 1362/306/1953 1370/306/1952 1377/372/1960
f 1377/372/1960 1376/373/1954 1368/373/1956
f 1375/294/1962 1374/371/1957 1366/371/1958
f 1376/373/1954 1377/372/1960 1370/304/1952
f 1370/304/1952 1371/301/1959 1372/299/1949
f 1372/299/1949 1373/296/2130 1374/371/1957
f 1374/371/1957 1375/294/1962 1376/373/1954
f 1376/373/1954 1370/304/1952 1372/299/1949
s 201
f 1177/1035/1922 1383/1003/1918 1382/987/1910
f 1172/1036/1923 1382/987/1910 1378/988/1820
s 206
g Cube_Material.017
usemtl Material.017
f 647/1046/1963 646/1047/1963 645/1048/1963
s 207
f 647/1046/1964 653/703/1965 648/1049/1966
s 208
f 645/1048/1967 654/702/1968 647/1046/1969
s 209
f 646/1047/1970 653/703/1971 656/705/1972
s 210
f 645/1048/1973 656/705/1974 655/704/1975
s 211
f 663/1046/1976 662/1047/1976 661/1048/1976
s 212
f 663/1046/1977 669/703/1978 664/1049/1979
s 213
f 661/1048/1980 670/702/1981 663/1046/1982
s 214
f 662/1047/1983 669/703/1984 672/705/1985
s 215
f 661/1048/1986 672/705/1987 671/704/1988
s 216
f 1390/1046/1989 1389/1047/1989 1391/1049/1989
s 217
f 1396/703/1990 1390/1046/1991 1391/1049/1992
s 218
f 1397/702/1993 1388/1048/1994 1390/1046/1995
s 219
f 1389/1047/1996 1396/703/1997 1391/1049/1998
s 220
f 1388/1048/1999 1399/705/2000 1389/1047/2001
s 221
f 1406/1046/2002 1405/1047/2002 1407/1049/2002
s 222
f 1412/703/2003 1406/1046/2004 1407/1049/2005
s 223
f 1413/702/2006 1404/1048/2007 1406/1046/2008
s 224
f 1405/1047/2009 1412/703/2010 1407/1049/2011
s 225
f 1404/1048/2012 1415/705/2013 1405/1047/2014
s 206
f 647/1046/1963 648/1049/1963 646/1047/1963
s 207
f 647/1046/1964 654/702/2131 653/703/1965
s 208
f 645/1048/1967 655/704/2132 654/702/1968
s 209
f 646/1047/1970 648/1049/2133 653/703/1971
s 210
f 645/1048/1973 646/1047/2134 656/705/1974
s 211
f 663/1046/1976 664/1049/1976 662/1047/1976
s 212
f 663/1046/1977 670/702/2135 669/703/1978
s 213
f 661/1048/1980 671/704/2136 670/702/1981
s 214
f 662/1047/1983 664/1049/2137 669/703/1984
s 215
f 661/1048/1986 662/1047/2138 672/705/1987
s 216
f 1390/1046/1989 1388/1048/1989 1389/1047/1989
s 217
f 1396/703/1990 1397/702/2139 1390/1046/1991
s 218
f 1397/702/1993 1398/704/2140 1388/1048/1994
s 219
f 1389/1047/1996 1399/705/2141 1396/703/1997
s 220
f 1388/1048/1999 1398/704/2142 1399/705/2000
s 221
f 1406/1046/2002 1404/1048/2002 1405/1047/2002
s 222
f 1412/703/2003 1413/702/2143 1406/1046/2004
s 223
f 1413/702/2006 1414/704/2144 1404/1048/2007
s 224
f 1405/1047/2009 1415/705/2145 1412/703/2010
s 225
f 1404/1048/2012 1414/704/2146 1415/705/2013
