# Blender 5.0.1
# www.blender.org
mtllib Carro chasis.mtl
g Carro_Chasis_Carro_Chasis
v 2.137320 1.007678 -5.483002
v 2.156236 -0.376142 -5.026291
v 2.031609 0.617002 6.283127
v 2.044173 -0.595164 5.580590
v 2.286258 1.161000 -3.323154
v 2.347981 1.091411 -2.556083
v 2.427106 0.748537 -0.733668
v 2.427106 0.748537 -0.379913
v 2.348728 0.847549 2.550862
v 2.274288 0.847549 3.886121
v 2.204104 -0.847549 2.550817
v 2.248324 -0.847549 0.832815
v 2.248324 -0.847549 -0.883738
v 2.237273 -0.858698 -1.807215
v 1.819328 -0.595164 5.580590
v 2.070286 1.007677 -5.484243
v 2.210503 1.120042 -2.444116
v 2.252369 0.903808 -0.820118
v 2.253607 0.904206 0.839820
v 2.142412 0.847549 3.886121
v 1.931426 -0.376142 -5.029767
v 1.942401 0.615159 6.283127
v 2.047824 -0.847549 -0.858170
v 2.047824 -0.847549 0.832640
v 2.003773 -0.847549 2.550813
v 2.257586 0.689443 -5.522747
v 2.157401 0.341852 6.283413
v 2.432580 0.705858 -3.475834
v 2.527047 0.650866 -1.999414
v 2.472026 0.618329 -0.735873
v 2.472026 0.618329 -0.381268
v 2.494529 0.424920 2.550862
v 2.420090 0.424920 3.886121
v 2.037459 1.218751 -3.196129
v 1.814253 1.727936 -1.608060
v 1.658162 2.069643 -0.852274
v 1.607634 2.035447 0.943540
v 2.212920 0.904206 2.414284
v 2.243543 0.283994 -5.552822
v 2.147713 -0.108918 6.165452
v 2.501589 -0.106241 -1.909364
v 2.494056 -0.211315 -0.879702
v 2.494056 -0.211315 0.835155
v 2.449836 -0.211315 2.550862
v 1.938969 -0.109993 6.165294
v 2.055548 0.283992 -5.551831
v 2.449902 0.336362 -2.556257
v 2.429316 0.440512 -3.039685
v 2.395691 0.321925 -3.628081
v 2.369728 0.092065 -3.849324
v 2.183858 -0.573387 -4.032120
v 1.673486 -0.851326 -2.058670
v 2.206327 -0.857348 -2.059503
v 2.452719 0.018539 -2.223891
v 2.425114 0.291933 3.806215
v 2.450165 0.177419 3.265363
v 2.386099 0.146688 4.389160
v 2.430473 -0.211315 2.963396
v 2.332814 -0.148234 4.649034
v 1.571350 -0.811895 4.251437
v 1.596706 -0.711612 4.726007
v 1.987314 -0.847549 2.886423
v 2.187609 -0.847549 2.886423
v 2.163845 -0.681784 4.726007
v 1.938930 -0.681783 4.726007
v 1.673553 -0.835850 -3.328789
v 1.598153 1.867118 -2.004696
v 2.260936 0.847549 -0.867436
v 1.665806 2.005143 -0.854720
v 1.667694 2.029343 0.754327
v 2.113624 0.907238 2.486567
v 1.658162 2.093254 0.850270
v 1.644604 1.922574 -1.827708
v 2.212095 -0.714112 -1.721943
v 2.247690 -0.627435 -1.733759
v 2.333625 -0.591134 -1.743265
v 2.419559 -0.626464 -1.745792
v 2.455153 -0.712716 -1.740750
v 2.419559 -0.799380 -1.730233
v 2.333625 -0.835696 -1.719473
v 2.247690 -0.800380 -1.715646
v 2.137980 -0.705211 1.950472
v 2.173575 -0.619260 1.951278
v 2.259509 -0.583658 1.953111
v 2.345443 -0.619260 1.954898
v 2.381039 -0.705211 1.955593
v 2.345443 -0.791162 1.954789
v 2.259509 -0.826764 1.952955
v 2.173575 -0.791162 1.951167
v 2.129255 -0.705211 2.393260
v 2.164850 -0.619260 2.394019
v 2.250784 -0.583658 2.395794
v 2.336719 -0.619260 2.397543
v 2.372314 -0.705211 2.398244
v 2.336719 -0.791162 2.397486
v 2.250784 -0.826764 2.395712
v 2.164850 -0.791162 2.393961
v 2.129221 -0.705211 2.481493
v 2.164197 -0.619260 2.488215
v 2.248638 -0.583658 2.504392
v 2.333078 -0.619260 2.520543
v 2.368054 -0.705211 2.527215
v 2.333078 -0.791162 2.520501
v 2.248638 -0.826764 2.504329
v 2.164197 -0.791162 2.488168
v 2.098294 -0.718132 2.554166
v 2.127075 -0.632181 2.575250
v 2.196560 -0.596579 2.626080
v 2.266044 -0.632181 2.676855
v 2.294825 -0.718132 2.697865
v 2.266044 -0.804083 2.676833
v 2.196560 -0.839685 2.626041
v 2.127075 -0.804083 2.575216
v 2.036336 -0.737514 2.594848
v 2.048320 -0.651563 2.628532
v 2.077253 -0.615961 2.709748
v 2.106186 -0.651563 2.790850
v 2.118170 -0.737514 2.824411
v 2.106186 -0.823466 2.790841
v 2.077253 -0.859068 2.709725
v 2.048320 -0.823466 2.628508
v 1.911476 -0.737514 2.651132
v 1.910578 -0.651563 2.686857
v 1.908412 -0.615961 2.772992
v 1.906245 -0.651563 2.859002
v 1.905348 -0.737514 2.894596
v 1.906245 -0.823466 2.858999
v 1.908412 -0.859068 2.772978
v 1.910578 -0.823466 2.686838
v 2.324160 -0.800380 -1.912004
v 2.384621 -0.835696 -1.850818
v 2.450225 -0.799380 -1.794280
v 2.481895 -0.712716 -1.774925
v 2.461768 -0.626464 -1.804713
v 2.402272 -0.591134 -1.866771
v 2.337597 -0.627435 -1.924150
v 2.304964 -0.714112 -1.942633
v 2.073431 0.670129 6.283127
v 1.941650 0.667407 6.283127
v 2.219256 0.351162 6.283127
v 2.208253 -0.160819 6.151727
v 1.939129 -0.162205 6.151727
v 1.942401 0.615159 6.171267
v 1.941464 0.342046 6.171267
v 2.157401 0.341852 6.171554
v 1.938969 -0.109993 6.053434
v 2.031609 0.617002 6.171267
v 2.147713 -0.108918 6.053593
v 1.655180 0.253384 6.266325
v 1.511403 0.253384 5.812424
v 1.667985 0.196476 6.266325
v 1.532785 0.145891 5.812424
v 1.702002 0.151467 6.266325
v 1.593675 0.054763 5.812424
v 1.746428 0.125225 6.266325
v 1.684803 -0.006127 5.812424
v 1.791990 0.117213 6.266325
v 1.792296 -0.027509 5.812424
v 1.837553 0.125225 6.266325
v 1.899789 -0.006127 5.812424
v 1.881978 0.151467 6.266325
v 1.990917 0.054763 5.812424
v 1.915995 0.196476 6.266325
v 2.051807 0.145891 5.812424
v 1.928800 0.253384 6.266325
v 2.073189 0.253384 5.812424
v 1.915995 0.310292 6.266325
v 2.051807 0.360877 5.812424
v 1.881978 0.355301 6.266325
v 1.990917 0.452005 5.812424
v 1.837553 0.381543 6.266325
v 1.899789 0.512895 5.812424
v 1.791990 0.389555 6.266325
v 1.792296 0.534277 5.812424
v 1.746428 0.381543 6.266325
v 1.684803 0.512895 5.812424
v 1.702002 0.355301 6.266325
v 1.593675 0.452005 5.812424
v 1.667984 0.310292 6.266325
v 1.532785 0.360877 5.812424
v 1.511403 0.254387 6.247672
v 1.532785 0.148333 6.230139
v 1.593675 0.058425 6.215277
v 1.684803 -0.001650 6.205345
v 1.792296 -0.022745 6.201858
v 1.899789 -0.001650 6.205345
v 1.990917 0.058425 6.215277
v 2.051807 0.148333 6.230139
v 2.073189 0.254386 6.247672
v 2.051807 0.360440 6.265204
v 1.990917 0.450348 6.280067
v 1.899789 0.510423 6.289999
v 1.792296 0.531518 6.293486
v 1.684803 0.510422 6.289999
v 1.593675 0.450348 6.280067
v 1.532785 0.360440 6.265204
v 1.554778 0.153833 6.243498
v 1.534909 0.252383 6.259789
v 1.611077 0.070704 6.229755
v 1.694584 0.015654 6.220655
v 1.792296 -0.003522 6.217485
v 1.890008 0.015654 6.220655
v 1.973515 0.070704 6.229755
v 2.029814 0.153833 6.243498
v 2.049683 0.252383 6.259789
v 2.029815 0.350933 6.276082
v 1.973515 0.434062 6.289824
v 1.890008 0.489113 6.298924
v 1.792296 0.508289 6.302095
v 1.694584 0.489113 6.298924
v 1.611077 0.434062 6.289824
v 1.554778 0.350933 6.276082
v 1.089144 0.253384 6.266325
v 0.943660 0.253384 5.812424
v 1.101839 0.196957 6.266325
v 0.965042 0.145891 5.812424
v 1.135552 0.152353 6.266325
v 1.025932 0.054763 5.812424
v 1.179529 0.126375 6.266325
v 1.117060 -0.006127 5.812424
v 1.224573 0.118454 6.266325
v 1.224553 -0.027509 5.812424
v 1.269616 0.126375 6.266325
v 1.332046 -0.006127 5.812424
v 1.313593 0.152353 6.266325
v 1.423175 0.054763 5.812424
v 1.347305 0.196957 6.266325
v 1.484064 0.145891 5.812424
v 1.360002 0.253384 6.266325
v 1.505446 0.253384 5.812424
v 1.347306 0.309811 6.266325
v 1.484065 0.360877 5.812424
v 1.313593 0.354415 6.266325
v 1.423175 0.452005 5.812424
v 1.269616 0.380393 6.266325
v 1.332046 0.512895 5.812424
v 1.224573 0.388314 6.266325
v 1.224553 0.534277 5.812424
v 1.179529 0.380393 6.266325
v 1.117060 0.512895 5.812424
v 1.135552 0.354415 6.266325
v 1.025932 0.452005 5.812424
v 1.101839 0.309811 6.266325
v 0.965042 0.360877 5.812424
v 0.943660 0.254387 6.247672
v 0.965042 0.148333 6.230139
v 1.025932 0.058425 6.215277
v 1.117060 -0.001650 6.205345
v 1.224553 -0.022745 6.201858
v 1.332046 -0.001650 6.205345
v 1.423175 0.058425 6.215277
v 1.484064 0.148333 6.230139
v 1.505446 0.254386 6.247672
v 1.484065 0.360440 6.265204
v 1.423175 0.450348 6.280067
v 1.332046 0.510423 6.289999
v 1.224553 0.531518 6.293486
v 1.117060 0.510422 6.289999
v 1.025932 0.450348 6.280067
v 0.965042 0.360440 6.265204
v 0.987035 0.153833 6.243498
v 0.967166 0.252383 6.259789
v 1.043334 0.070704 6.229755
v 1.126841 0.015654 6.220655
v 1.224553 -0.003522 6.217485
v 1.322265 0.015654 6.220655
v 1.405773 0.070704 6.229755
v 1.462071 0.153833 6.243498
v 1.481940 0.252383 6.259789
v 1.462072 0.350933 6.276082
v 1.405773 0.434062 6.289824
v 1.322265 0.489113 6.298924
v 1.224553 0.508289 6.302095
v 1.126841 0.489113 6.298924
v 1.043334 0.434062 6.289824
v 0.987035 0.350933 6.276082
v 1.588332 0.253384 6.208385
v 1.604340 0.173567 6.198089
v 1.649434 0.106635 6.189456
v 1.715613 0.062779 6.183798
v 1.792296 0.047651 6.181846
v 1.868979 0.062779 6.183798
v 1.935158 0.106635 6.189456
v 1.980252 0.173567 6.198089
v 1.996260 0.253384 6.208385
v 1.980252 0.333200 6.218681
v 1.935158 0.400133 6.227315
v 1.868979 0.443989 6.232972
v 1.792296 0.459117 6.234924
v 1.715613 0.443989 6.232972
v 1.649434 0.400133 6.227315
v 1.604340 0.333200 6.218681
v 1.021810 0.253384 6.208385
v 1.037722 0.174045 6.198151
v 1.082546 0.107513 6.189568
v 1.148329 0.063919 6.183945
v 1.224553 0.048882 6.182005
v 1.300778 0.063919 6.183945
v 1.366561 0.107513 6.189568
v 1.411384 0.174045 6.198151
v 1.427297 0.253384 6.208385
v 1.411384 0.332723 6.218619
v 1.366561 0.399255 6.227202
v 1.300778 0.442848 6.232825
v 1.224553 0.457886 6.234765
v 1.148329 0.442848 6.232825
v 1.082546 0.399255 6.227202
v 1.037722 0.332723 6.218619
v 2.070273 1.082849 -5.473258
v 2.202059 1.082849 -5.469950
v 2.346705 0.700104 -5.518603
v 2.329690 0.208806 -5.555521
v 2.055551 0.208806 -5.556015
v 1.978138 0.938251 -5.363729
v 1.976669 0.654995 -5.411539
v 2.165437 0.661442 -5.402160
v 1.963399 0.308769 -5.431304
v 2.045171 0.938252 -5.362472
v 2.151394 0.308770 -5.432247
v 1.424207 -0.376142 -5.109030
v 1.126008 0.667407 6.325742
v 1.052750 -0.595164 5.617295
v 1.525953 1.082849 -5.521798
v 1.587601 1.161417 -3.490528
v 1.205162 1.939322 -1.972009
v 1.215097 2.091753 -0.864021
v 1.296884 2.106910 0.953025
v 1.124498 -0.161597 6.193236
v 1.515165 0.208806 -5.604944
v 1.257365 2.048110 1.042225
v 1.519247 0.907219 2.657420
v 1.501908 1.218584 -3.334153
v 1.171122 1.882844 -2.147433
v 1.126458 0.615159 6.325742
v 1.124403 -0.109404 6.206940
v 1.125897 0.342046 6.212943
v 1.126458 0.615159 6.212942
v 1.124403 -0.109404 6.094139
v 1.525963 1.007676 -5.531018
v 1.515163 0.283992 -5.599088
v 1.457361 0.655036 -5.458265
v 1.458437 0.938251 -5.410187
v 1.447637 0.308769 -5.478233
v 0.608550 -0.376142 -5.192600
v 1.020963 0.667407 6.331231
v 1.019583 -0.161519 6.198582
v 1.021373 0.615159 6.331231
v 1.019495 -0.109328 6.212303
v 1.020861 0.342046 6.218310
v 1.021373 0.615159 6.218309
v 1.019495 -0.109328 6.099381
v 0.954023 -0.595164 5.622023
v 0.650635 1.082849 -5.597749
v 0.676135 1.160585 -3.597198
v 0.498496 1.966254 -2.052119
v 0.502605 2.127310 -0.882959
v 0.626465 2.132253 1.079271
v 0.646173 0.208806 -5.681528
v 0.607375 2.071608 1.160924
v 1.156662 0.913861 2.738511
v 0.640689 1.217438 -3.415997
v 0.484416 1.908132 -2.224972
v 0.650640 1.007676 -5.604187
v 0.646172 0.283992 -5.672969
v 0.622263 0.655102 -5.531134
v 0.622708 0.938251 -5.482626
v 0.618241 0.308769 -5.551407
v 2.167587 0.747199 5.400581
v 2.029876 0.745659 5.400581
v 2.304655 0.383202 5.400581
v 1.875766 -0.638473 5.153298
v 2.258186 -0.154526 5.400380
v 2.100646 -0.638474 5.153298
v 1.853085 0.344791 -5.284106
v 1.853085 0.871819 -5.205105
v 1.915155 0.382760 -5.537403
v 1.915155 0.909788 -5.458403
v 1.974598 0.340426 -5.254983
v 1.974598 0.867454 -5.175983
v 2.036668 0.378395 -5.508282
v 2.036668 0.905423 -5.429281
v 1.850328 0.606619 -5.233355
v 1.929785 0.655223 -5.557605
v 2.051298 0.650858 -5.528483
v 1.971841 0.602253 -5.204233
v 1.669428 0.344791 -5.302439
v 1.669428 0.871819 -5.223438
v 1.731498 0.382760 -5.555737
v 1.731498 0.909788 -5.476737
v 1.790941 0.340426 -5.273317
v 1.790941 0.867454 -5.194316
v 1.853011 0.378395 -5.526616
v 1.853011 0.905423 -5.447615
v 1.666671 0.606619 -5.251688
v 1.746128 0.655223 -5.575939
v 1.867641 0.650858 -5.546817
v 1.788184 0.602253 -5.222567
v 1.488995 0.344791 -5.305894
v 1.488995 0.871819 -5.226893
v 1.551066 0.382760 -5.559192
v 1.551066 0.909788 -5.480191
v 1.610508 0.340426 -5.276772
v 1.610508 0.867454 -5.197771
v 1.672578 0.378395 -5.530070
v 1.672578 0.905423 -5.451069
v 1.486239 0.606619 -5.255143
v 1.565695 0.655223 -5.579393
v 1.687208 0.650858 -5.550272
v 1.607751 0.602253 -5.226021
v 2.297815 -0.237570 -5.151128
v 2.389695 0.257090 -5.157345
v 2.204278 -0.237570 -5.526938
v 2.268690 0.287725 -5.682640
v 2.268690 0.087799 -5.682640
v 2.389695 0.087799 -5.157345
v 2.287740 -0.237570 -5.413478
v 2.379620 0.257090 -5.521381
v 2.379620 0.087799 -5.521381
v 0.614546 -0.237570 -5.612154
v 0.614546 0.287725 -5.767856
v 0.647657 -0.237570 -5.199851
v 0.647657 0.257090 -5.199851
v 0.647657 0.087799 -5.199851
v 0.614546 0.087799 -5.767856
v 0.640068 0.257090 -5.563888
v 0.640068 -0.237570 -5.455984
v 1.494627 0.287725 -5.736861
v 1.577860 -0.237570 -5.199531
v 1.494627 0.087799 -5.736861
v 1.558782 0.257090 -5.563888
v 1.494627 -0.237570 -5.581159
v 1.577860 0.257090 -5.199851
v 1.577860 0.087799 -5.199851
v 1.558782 -0.237570 -5.455984
v 2.075034 0.287725 -5.699281
v 2.191322 -0.237570 -5.197895
v 2.075034 0.087799 -5.699281
v 2.164668 0.257090 -5.563888
v 2.075034 -0.237570 -5.543579
v 2.191322 0.257090 -5.199851
v 2.191322 0.087799 -5.199851
v 2.164668 -0.237570 -5.455984
v 0.961809 -0.846508 -3.707965
v 1.315790 -0.854853 -3.488497
v 1.194898 -0.816459 4.266801
v 1.066508 -0.815558 4.271988
v 1.265965 -0.854838 -1.901257
v 1.114944 -0.851918 -1.957268
v 1.107838 -0.847549 -0.874463
v 1.258851 -0.847549 -0.876092
v 1.107838 -0.847549 0.838418
v 1.258852 -0.847549 0.837438
v 1.081782 -0.847549 2.550836
v 1.232789 -0.847549 2.550832
v 1.001094 -0.662860 5.207344
v 1.108996 -0.663137 5.202476
v 2.200200 0.291935 3.806215
v 2.225250 0.177420 3.265363
v 2.161184 0.146689 4.389160
v 2.205559 -0.211314 2.963396
v 2.107900 -0.148233 4.649034
v 1.835394 0.232397 3.806215
v 1.807323 0.121377 3.265363
v 1.799790 0.091583 4.389160
v 1.712032 -0.255497 2.963396
v 1.727495 -0.194340 4.649034
v 1.564384 -0.839448 2.886423
v 2.235338 0.336364 -2.559248
v 2.214752 0.440515 -3.042675
v 2.181128 0.321928 -3.631072
v 2.155164 0.092067 -3.852315
v 1.969295 -0.573385 -4.035112
v 1.991764 -0.857346 -2.062494
v 2.238156 0.018542 -2.226882
v 1.798574 0.270255 -2.564744
v 1.810086 0.373478 -3.048171
v 1.796978 0.255948 -3.636568
v 1.771571 0.028135 -3.857810
v 1.698015 -0.631389 -4.040607
v 1.763443 -0.044736 -2.232378
v 2.220465 -0.645381 5.899078
v 2.220465 -0.178026 6.218491
v 2.294715 -0.593342 5.669197
v 2.294715 -0.084462 5.762761
v 2.294715 -0.338902 5.715979
v 2.220465 -0.432466 6.171709
v 2.270632 -0.619362 5.810713
v 2.270632 -0.131244 6.017200
v 2.270632 -0.385684 5.970418
v 0.996969 -0.593342 5.706591
v 0.996969 -0.084462 5.800155
v 0.947728 -0.645380 5.989623
v 0.947728 -0.178026 6.309036
v 0.947728 -0.432466 6.262254
v 0.996969 -0.338902 5.753373
v 0.986301 -0.131244 6.054595
v 0.986301 -0.619362 5.848107
v 1.952958 -0.084462 5.761989
v 1.860484 -0.645380 5.951456
v 1.952958 -0.338902 5.715207
v 1.932924 -0.131244 6.016428
v 1.952958 -0.593342 5.668425
v 1.860484 -0.178026 6.270870
v 1.860484 -0.432466 6.224088
v 1.932924 -0.619362 5.809941
v 2.499881 1.002720 1.959814
v 2.347162 0.718976 2.097422
v 2.496293 1.029138 1.983239
v 2.336887 0.794616 2.202234
v 2.462331 1.021356 1.942683
v 2.239646 0.772336 2.048374
v 2.458742 1.047774 1.979289
v 2.229372 0.847976 2.153185
v 2.415615 0.978435 2.001970
v 2.415615 1.068046 2.001970
v 2.329008 0.911510 1.840191
v 2.329008 1.134972 1.840191
v 2.564123 0.978435 1.972971
v 2.564123 1.068046 1.972971
v 2.712313 0.911510 1.765343
v 2.712313 1.134972 1.765343
v 2.331783 0.912374 1.903164
v 2.331783 1.134107 1.903164
v 2.699249 0.912374 1.831410
v 2.699249 1.134107 1.831410
v 2.313004 1.148543 1.834204
v 2.313004 0.897938 1.834204
v 2.728317 0.897938 1.753107
v 2.728317 1.148543 1.753107
v 1.662093 1.999849 -0.849937
v 2.242790 0.909527 -0.815681
v 1.663962 2.023807 0.743019
v 2.244015 0.909921 0.827657
v 2.201343 1.123598 -2.423440
v 1.809055 1.725414 -1.595744
v 2.203736 0.909921 2.386376
v 1.257736 2.042386 1.028038
v 1.604502 2.029850 0.930340
v 1.516999 0.912904 2.627082
v 2.105433 0.912922 2.457937
v 1.499833 1.221155 -3.304576
v 2.030030 1.221320 -3.167933
v 1.172356 1.878772 -2.129723
v 1.595116 1.863204 -1.988414
v 0.614246 2.065649 1.145550
v 1.158040 0.919480 2.707361
v 0.647227 1.220020 -3.385602
v 0.492516 1.903808 -2.206487
v 2.216044 1.091322 -2.555380
v 2.260936 0.847549 0.842689
v 2.216791 0.847549 2.550862
v 2.154399 1.160987 -3.322829
v 1.549728 0.854181 2.732494
v 1.881755 -0.653609 -2.090929
v 1.918542 -0.653609 -0.789205
v 1.918542 -0.653609 0.529626
v 1.882367 -0.653609 1.846951
v 1.831239 -0.653609 -2.682778
v 1.366767 -0.653609 -2.812106
v 1.335732 -0.653609 1.987024
v 0.619852 -0.653609 -2.894368
v 1.013627 -0.653609 1.991664
v 2.189633 0.733297 1.505800
v 1.519247 0.733278 1.505800
v 1.156662 0.739920 1.505800
v 2.111872 0.375643 1.542811
v 1.519675 0.375626 1.542811
v 1.157090 0.382268 1.542811
v 2.113624 -0.361806 2.620710
v 1.519247 -0.361824 2.620710
v 1.156662 -0.355182 2.620710
v 1.518819 0.648806 1.542811
v 2.145612 0.648824 1.542811
v 1.156075 0.655451 1.542811
v 0.270063 -0.595003 0.603476
v 0.270063 -0.143160 0.603476
v 1.575658 -0.595003 0.603476
v 1.575658 -0.143160 0.603476
v 1.575658 -0.143160 -0.588947
v 0.270063 -0.595003 -0.784982
v 0.270063 -0.143160 -0.588947
v 1.575658 -0.595003 -0.784982
v 0.270063 0.775347 -1.192376
v 0.270063 0.827017 -0.890800
v 1.575658 0.775347 -1.192376
v 1.575658 0.827017 -0.890800
v 0.270063 1.077788 -1.230393
v 0.756578 1.650301 -1.302357
v 0.438438 1.482615 -1.281279
v 0.756578 1.701971 -1.000781
v 0.270063 1.129458 -0.928817
v 0.438438 1.534285 -0.979703
v 1.089143 1.650301 -1.302357
v 1.575658 1.077788 -1.230393
v 1.407283 1.482615 -1.281279
v 1.575658 1.129458 -0.928817
v 1.089143 1.701971 -1.000781
v 1.407283 1.534286 -0.979703
v 1.575658 -0.223671 -2.413981
v 1.575658 0.533868 -3.107244
v 1.575658 0.565031 -2.805667
v 1.089143 1.061568 -3.217224
v 1.575658 0.716276 -3.145260
v 1.407283 0.960434 -3.196146
v 1.575658 0.747439 -2.843684
v 1.089143 1.092731 -2.915648
v 1.407283 0.991597 -2.894570
v 1.575658 -0.675513 -1.324810
v 1.575658 -0.223671 -1.324810
v 1.575658 -0.675513 -2.713268
v 2.448205 -0.800380 -1.999217
v 2.470246 -0.835696 -1.916069
v 2.499061 -0.799380 -1.834398
v 2.516917 -0.712716 -1.801859
v 2.514262 -0.626464 -1.837712
v 2.493492 -0.591134 -1.921136
v 2.465902 -0.627435 -2.003074
v 2.446777 -0.714112 -2.035336
v 2.456409 -0.779180 -1.979565
v 2.473077 -0.805887 -1.916686
v 2.494867 -0.778424 -1.854924
v 2.508370 -0.712887 -1.830317
v 2.506363 -0.647660 -1.857430
v 2.490656 -0.620942 -1.920518
v 2.469792 -0.648394 -1.982482
v 2.455328 -0.713942 -2.006880
v 2.373847 -0.739741 -1.869261
v 2.380519 -0.750432 -1.844090
v 2.389242 -0.739438 -1.819367
v 2.394648 -0.713203 -1.809516
v 2.393844 -0.687093 -1.820370
v 2.387557 -0.676398 -1.845624
v 2.379205 -0.687387 -1.870429
v 2.373415 -0.713626 -1.880195
v 2.403656 0.212051 4.126822
v 2.215605 0.792359 4.719042
v 2.080519 0.791512 4.719042
v 2.356603 0.401976 4.719042
v 2.178742 0.212052 4.126822
v 1.815812 0.154953 4.126822
v 2.151753 -0.206480 5.202883
v 2.173171 -0.070892 5.202883
v 2.187024 -0.212052 4.915251
v 2.208442 -0.076463 4.915251
v 2.313203 -0.208604 5.188372
v 2.327718 -0.114759 5.188372
v 2.340910 -0.210695 4.963586
v 2.355425 -0.116850 4.963586
v 2.342998 -0.097718 4.932163
v 2.321579 -0.233307 4.932163
v 2.286309 -0.227735 5.219794
v 2.307727 -0.092147 5.219794
v 2.338597 -0.108779 4.944416
v 2.323142 -0.219385 4.944416
v 2.290709 -0.216675 5.207541
v 2.306165 -0.106069 5.207541
v 2.194429 -0.049687 -4.407741
v 2.232034 0.081776 -4.395644
v 2.190257 -0.021947 -4.696220
v 2.227862 0.109516 -4.684123
v 2.351048 -0.066862 -4.445907
v 2.376771 0.024160 -4.437489
v 2.348205 -0.042966 -4.671122
v 2.373927 0.048056 -4.662703
v 2.359865 0.072262 -4.689613
v 2.322261 -0.059201 -4.701712
v 2.326433 -0.086941 -4.413233
v 2.364037 0.044522 -4.401135
v 2.355815 0.060243 -4.678169
v 2.327122 -0.047209 -4.688334
v 2.330483 -0.074922 -4.424677
v 2.359176 0.032530 -4.414513
v 1.519247 0.342018 1.505800
v 2.147592 0.342036 1.505800
v 1.156662 0.348660 1.505800
v 2.189633 0.682433 1.505800
v 1.519247 0.682414 1.505800
v 1.156662 0.689057 1.505800
v -2.137320 1.007678 -5.483002
v -2.156236 -0.376142 -5.026291
v -2.031609 0.617002 6.283127
v -2.044173 -0.595164 5.580590
v -2.286258 1.161000 -3.323154
v -2.347981 1.091411 -2.556083
v -2.427106 0.748537 -0.733668
v -2.427106 0.748537 -0.379913
v -2.348728 0.847549 2.550862
v -2.274288 0.847549 3.886121
v -2.204104 -0.847549 2.550817
v -2.248324 -0.847549 0.832815
v -2.248324 -0.847549 -0.883738
v -2.237273 -0.858698 -1.807215
v 0.000000 -0.376142 -5.212718
v 0.000000 0.667407 6.389372
v 0.000000 -0.595164 5.672102
v 0.000000 1.082849 -5.620761
v 0.000000 -0.844607 -3.820316
v 0.000000 -0.847549 -1.997085
v 0.000000 -0.847549 -0.862510
v 0.000000 -0.847549 0.845613
v 0.000000 -0.847549 2.550862
v 0.000000 -0.808069 4.315073
v 0.000000 1.985253 -2.060481
v 0.000000 2.152392 -0.897051
v 0.000000 2.155933 1.132305
v -1.819328 -0.595164 5.580590
v -2.070286 1.007677 -5.484243
v -2.210503 1.120042 -2.444116
v -2.252369 0.903808 -0.820118
v -2.253607 0.904206 0.839820
v -2.142412 0.847549 3.886121
v -1.931426 -0.376142 -5.029767
v -1.942401 0.615159 6.283127
v -2.047824 -0.847549 -0.858170
v -2.047824 -0.847549 0.832640
v -2.003773 -0.847549 2.550813
v -2.257586 0.689443 -5.522747
v -2.157401 0.341852 6.283413
v -2.432580 0.705858 -3.475834
v -2.527047 0.650866 -1.999414
v -2.472026 0.618329 -0.735873
v -2.472026 0.618329 -0.381268
v -2.494529 0.424920 2.550862
v -2.420090 0.424920 3.886121
v 0.000000 0.938251 -5.503441
v 0.000000 0.615159 6.275167
v -2.037459 1.218751 -3.196129
v -1.814253 1.727936 -1.608060
v -1.658162 2.069643 -0.852274
v -1.607634 2.035447 0.943540
v -2.212920 0.904206 2.414284
v -2.243543 0.283994 -5.552822
v -2.147713 -0.108918 6.165452
v -2.501589 -0.106241 -1.909364
v -2.494056 -0.211315 -0.879702
v -2.494056 -0.211315 0.835155
v -2.449836 -0.211315 2.550862
v 0.000000 0.208806 -5.705029
v 0.000000 -0.160689 6.255217
v -1.938969 -0.109993 6.165294
v -2.055548 0.283992 -5.551831
v -2.449902 0.336362 -2.556257
v -2.429316 0.440512 -3.039685
v -2.395691 0.321925 -3.628081
v -2.369728 0.092065 -3.849324
v -2.183858 -0.573387 -4.032120
v -1.673486 -0.851326 -2.058670
v -2.206327 -0.857348 -2.059503
v -2.452719 0.018539 -2.223891
v -2.425114 0.291933 3.806215
v -2.450165 0.177419 3.265363
v -2.386099 0.146688 4.389160
v -2.430473 -0.211315 2.963396
v -2.332814 -0.148234 4.649034
v -1.571350 -0.811895 4.251437
v -1.596706 -0.711612 4.726007
v -1.987314 -0.847549 2.886423
v -2.187609 -0.847549 2.886423
v -2.163845 -0.681784 4.726007
v -1.938930 -0.681783 4.726007
v -1.673553 -0.835850 -3.328789
v -1.598153 1.867118 -2.004696
v -2.260936 0.847549 -0.867436
v -1.665806 2.005143 -0.854720
v -1.667694 2.029343 0.754327
v -2.113624 0.907238 2.486567
v 0.000000 2.093565 1.206905
v -1.658162 2.093254 0.850270
v 0.000000 1.216629 -3.420656
v 0.000000 1.925971 -2.231472
v -1.644604 1.922574 -1.827708
v -2.212095 -0.714112 -1.721943
v -2.247690 -0.627435 -1.733759
v -2.333625 -0.591134 -1.743265
v -2.419559 -0.626464 -1.745792
v -2.455153 -0.712716 -1.740750
v -2.419559 -0.799380 -1.730233
v -2.333625 -0.835696 -1.719473
v -2.247690 -0.800380 -1.715646
v -2.137980 -0.705211 1.950472
v -2.173575 -0.619260 1.951278
v -2.259509 -0.583658 1.953111
v -2.345443 -0.619260 1.954898
v -2.381039 -0.705211 1.955593
v -2.345443 -0.791162 1.954789
v -2.259509 -0.826764 1.952955
v -2.173575 -0.791162 1.951167
v -2.129255 -0.705211 2.393260
v -2.164850 -0.619260 2.394019
v -2.250784 -0.583658 2.395794
v -2.336719 -0.619260 2.397543
v -2.372314 -0.705211 2.398244
v -2.336719 -0.791162 2.397486
v -2.250784 -0.826764 2.395712
v -2.164850 -0.791162 2.393961
v -2.129221 -0.705211 2.481493
v -2.164197 -0.619260 2.488215
v -2.248638 -0.583658 2.504392
v -2.333078 -0.619260 2.520543
v -2.368054 -0.705211 2.527215
v -2.333078 -0.791162 2.520501
v -2.248638 -0.826764 2.504329
v -2.164197 -0.791162 2.488168
v -2.098294 -0.718132 2.554166
v -2.127075 -0.632181 2.575250
v -2.196560 -0.596579 2.626080
v -2.266044 -0.632181 2.676855
v -2.294825 -0.718132 2.697865
v -2.266044 -0.804083 2.676833
v -2.196560 -0.839685 2.626041
v -2.127075 -0.804083 2.575216
v -2.036336 -0.737514 2.594848
v -2.048320 -0.651563 2.628532
v -2.077253 -0.615961 2.709748
v -2.106186 -0.651563 2.790850
v -2.118170 -0.737514 2.824411
v -2.106186 -0.823466 2.790841
v -2.077253 -0.859068 2.709725
v -2.048320 -0.823466 2.628508
v -1.911476 -0.737514 2.651132
v -1.910578 -0.651563 2.686857
v -1.908412 -0.615961 2.772992
v -1.906245 -0.651563 2.859002
v -1.905348 -0.737514 2.894596
v -1.906245 -0.823466 2.858999
v -1.908412 -0.859068 2.772978
v -1.910578 -0.823466 2.686838
v -2.324160 -0.800380 -1.912004
v -2.384621 -0.835696 -1.850818
v -2.450225 -0.799380 -1.794280
v -2.481895 -0.712716 -1.774925
v -2.461768 -0.626464 -1.804713
v -2.402272 -0.591134 -1.866771
v -2.337597 -0.627435 -1.924150
v -2.304964 -0.714112 -1.942633
v -2.073431 0.670129 6.283127
v -1.941650 0.667407 6.283127
v -2.219256 0.351162 6.283127
v 0.000000 0.615159 6.389372
v -2.208253 -0.160819 6.151727
v -1.939129 -0.162205 6.151727
v 0.000000 -0.108524 6.269123
v 0.000000 0.342046 6.275170
v -1.942401 0.615159 6.171267
v -1.941464 0.342046 6.171267
v -2.157401 0.341852 6.171554
v 0.000000 -0.108524 6.154917
v -1.938969 -0.109993 6.053434
v -2.031609 0.617002 6.171267
v -2.147713 -0.108918 6.053593
v -1.655180 0.253384 6.266325
v -1.511403 0.253384 5.812424
v -1.667985 0.196476 6.266325
v -1.532785 0.145891 5.812424
v -1.702002 0.151467 6.266325
v -1.593675 0.054763 5.812424
v -1.746428 0.125225 6.266325
v -1.684803 -0.006127 5.812424
v -1.791990 0.117213 6.266325
v -1.792296 -0.027509 5.812424
v -1.837553 0.125225 6.266325
v -1.899789 -0.006127 5.812424
v -1.881978 0.151467 6.266325
v -1.990917 0.054763 5.812424
v -1.915995 0.196476 6.266325
v -2.051807 0.145891 5.812424
v -1.928800 0.253384 6.266325
v -2.073189 0.253384 5.812424
v -1.915995 0.310292 6.266325
v -2.051807 0.360877 5.812424
v -1.881978 0.355301 6.266325
v -1.990917 0.452005 5.812424
v -1.837553 0.381543 6.266325
v -1.899789 0.512895 5.812424
v -1.791990 0.389555 6.266325
v -1.792296 0.534277 5.812424
v -1.746428 0.381543 6.266325
v -1.684803 0.512895 5.812424
v -1.702002 0.355301 6.266325
v -1.593675 0.452005 5.812424
v -1.667984 0.310292 6.266325
v -1.532785 0.360877 5.812424
v -1.511403 0.254387 6.247672
v -1.532785 0.148333 6.230139
v -1.593675 0.058425 6.215277
v -1.684803 -0.001650 6.205345
v -1.792296 -0.022745 6.201858
v -1.899789 -0.001650 6.205345
v -1.990917 0.058425 6.215277
v -2.051807 0.148333 6.230139
v -2.073189 0.254386 6.247672
v -2.051807 0.360440 6.265204
v -1.990917 0.450348 6.280067
v -1.899789 0.510423 6.289999
v -1.792296 0.531518 6.293486
v -1.684803 0.510422 6.289999
v -1.593675 0.450348 6.280067
v -1.532785 0.360440 6.265204
v -1.554778 0.153833 6.243498
v -1.534909 0.252383 6.259789
v -1.611077 0.070704 6.229755
v -1.694584 0.015654 6.220655
v -1.792296 -0.003522 6.217485
v -1.890008 0.015654 6.220655
v -1.973515 0.070704 6.229755
v -2.029814 0.153833 6.243498
v -2.049683 0.252383 6.259789
v -2.029815 0.350933 6.276082
v -1.973515 0.434062 6.289824
v -1.890008 0.489113 6.298924
v -1.792296 0.508289 6.302095
v -1.694584 0.489113 6.298924
v -1.611077 0.434062 6.289824
v -1.554778 0.350933 6.276082
v -1.089144 0.253384 6.266325
v -0.943660 0.253384 5.812424
v -1.101839 0.196957 6.266325
v -0.965042 0.145891 5.812424
v -1.135552 0.152353 6.266325
v -1.025932 0.054763 5.812424
v -1.179529 0.126375 6.266325
v -1.117060 -0.006127 5.812424
v -1.224573 0.118454 6.266325
v -1.224553 -0.027509 5.812424
v -1.269616 0.126375 6.266325
v -1.332046 -0.006127 5.812424
v -1.313593 0.152353 6.266325
v -1.423175 0.054763 5.812424
v -1.347305 0.196957 6.266325
v -1.484064 0.145891 5.812424
v -1.360002 0.253384 6.266325
v -1.505446 0.253384 5.812424
v -1.347306 0.309811 6.266325
v -1.484065 0.360877 5.812424
v -1.313593 0.354415 6.266325
v -1.423175 0.452005 5.812424
v -1.269616 0.380393 6.266325
v -1.332046 0.512895 5.812424
v -1.224573 0.388314 6.266325
v -1.224553 0.534277 5.812424
v -1.179529 0.380393 6.266325
v -1.117060 0.512895 5.812424
v -1.135552 0.354415 6.266325
v -1.025932 0.452005 5.812424
v -1.101839 0.309811 6.266325
v -0.965042 0.360877 5.812424
v -0.943660 0.254387 6.247672
v -0.965042 0.148333 6.230139
v -1.025932 0.058425 6.215277
v -1.117060 -0.001650 6.205345
v -1.224553 -0.022745 6.201858
v -1.332046 -0.001650 6.205345
v -1.423175 0.058425 6.215277
v -1.484064 0.148333 6.230139
v -1.505446 0.254386 6.247672
v -1.484065 0.360440 6.265204
v -1.423175 0.450348 6.280067
v -1.332046 0.510423 6.289999
v -1.224553 0.531518 6.293486
v -1.117060 0.510422 6.289999
v -1.025932 0.450348 6.280067
v -0.965042 0.360440 6.265204
v -0.987035 0.153833 6.243498
v -0.967166 0.252383 6.259789
v -1.043334 0.070704 6.229755
v -1.126841 0.015654 6.220655
v -1.224553 -0.003522 6.217485
v -1.322265 0.015654 6.220655
v -1.405773 0.070704 6.229755
v -1.462071 0.153833 6.243498
v -1.481940 0.252383 6.259789
v -1.462072 0.350933 6.276082
v -1.405773 0.434062 6.289824
v -1.322265 0.489113 6.298924
v -1.224553 0.508289 6.302095
v -1.126841 0.489113 6.298924
v -1.043334 0.434062 6.289824
v -0.987035 0.350933 6.276082
v -1.588332 0.253384 6.208385
v -1.604340 0.173567 6.198089
v -1.649434 0.106635 6.189456
v -1.715613 0.062779 6.183798
v -1.792296 0.047651 6.181846
v -1.868979 0.062779 6.183798
v -1.935158 0.106635 6.189456
v -1.980252 0.173567 6.198089
v -1.996260 0.253384 6.208385
v -1.980252 0.333200 6.218681
v -1.935158 0.400133 6.227315
v -1.868979 0.443989 6.232972
v -1.792296 0.459117 6.234924
v -1.715613 0.443989 6.232972
v -1.649434 0.400133 6.227315
v -1.604340 0.333200 6.218681
v -1.021810 0.253384 6.208385
v -1.037722 0.174045 6.198151
v -1.082546 0.107513 6.189568
v -1.148329 0.063919 6.183945
v -1.224553 0.048882 6.182005
v -1.300778 0.063919 6.183945
v -1.366561 0.107513 6.189568
v -1.411384 0.174045 6.198151
v -1.427297 0.253384 6.208385
v -1.411384 0.332723 6.218619
v -1.366561 0.399255 6.227202
v -1.300778 0.442848 6.232825
v -1.224553 0.457886 6.234765
v -1.148329 0.442848 6.232825
v -1.082546 0.399255 6.227202
v -1.037722 0.332723 6.218619
v -2.070273 1.082849 -5.473258
v -2.202059 1.082849 -5.469950
v -2.346705 0.700104 -5.518603
v 0.000000 1.007676 -5.625238
v -2.329690 0.208806 -5.555521
v -2.055551 0.208806 -5.556015
v 0.000000 0.283993 -5.694582
v 0.000000 0.655148 -5.552255
v -1.978138 0.938251 -5.363729
v -1.976669 0.654995 -5.411539
v -2.165437 0.661442 -5.402160
v 0.000000 0.308769 -5.572784
v -1.963399 0.308769 -5.431304
v -2.045171 0.938252 -5.362472
v -2.151394 0.308770 -5.432247
v -1.424207 -0.376142 -5.109030
v -1.126008 0.667407 6.325742
v -1.052750 -0.595164 5.617295
v -1.525953 1.082849 -5.521798
v -1.587601 1.161417 -3.490528
v -1.205162 1.939322 -1.972009
v -1.215097 2.091753 -0.864021
v -1.296884 2.106910 0.953025
v -1.124498 -0.161597 6.193236
v -1.515165 0.208806 -5.604944
v -1.257365 2.048110 1.042225
v -1.519247 0.907219 2.657420
v -1.501908 1.218584 -3.334153
v -1.171122 1.882844 -2.147433
v -1.126458 0.615159 6.325742
v -1.124403 -0.109404 6.206940
v -1.125897 0.342046 6.212943
v -1.126458 0.615159 6.212942
v -1.124403 -0.109404 6.094139
v -1.525963 1.007676 -5.531018
v -1.515163 0.283992 -5.599088
v -1.457361 0.655036 -5.458265
v -1.458437 0.938251 -5.410187
v -1.447637 0.308769 -5.478233
v -0.608550 -0.376142 -5.192600
v -1.020963 0.667407 6.331231
v -1.019583 -0.161519 6.198582
v -1.021373 0.615159 6.331231
v -1.019495 -0.109328 6.212303
v -1.020861 0.342046 6.218310
v -1.021373 0.615159 6.218309
v -1.019495 -0.109328 6.099381
v -0.954023 -0.595164 5.622023
v -0.650635 1.082849 -5.597749
v -0.676135 1.160585 -3.597198
v -0.498496 1.966254 -2.052119
v -0.502605 2.127310 -0.882959
v -0.626465 2.132253 1.079271
v -0.646173 0.208806 -5.681528
v -0.607375 2.071608 1.160924
v -1.156662 0.913861 2.738511
v -0.640689 1.217438 -3.415997
v -0.484416 1.908132 -2.224972
v -0.650640 1.007676 -5.604187
v -0.646172 0.283992 -5.672969
v -0.622263 0.655102 -5.531134
v -0.622708 0.938251 -5.482626
v -0.618241 0.308769 -5.551407
v -2.167587 0.747199 5.400581
v -2.029876 0.745659 5.400581
v -2.304655 0.383202 5.400581
v -1.875766 -0.638473 5.153298
v -2.258186 -0.154526 5.400380
v -2.100646 -0.638474 5.153298
v -1.853085 0.344791 -5.284106
v -1.853085 0.871819 -5.205105
v -1.915155 0.382760 -5.537403
v -1.915155 0.909788 -5.458403
v -1.974598 0.340426 -5.254983
v -1.974598 0.867454 -5.175983
v -2.036668 0.378395 -5.508282
v -2.036668 0.905423 -5.429281
v -1.850328 0.606619 -5.233355
v -1.929785 0.655223 -5.557605
v -2.051298 0.650858 -5.528483
v -1.971841 0.602253 -5.204233
v -1.669428 0.344791 -5.302439
v -1.669428 0.871819 -5.223438
v -1.731498 0.382760 -5.555737
v -1.731498 0.909788 -5.476737
v -1.790941 0.340426 -5.273317
v -1.790941 0.867454 -5.194316
v -1.853011 0.378395 -5.526616
v -1.853011 0.905423 -5.447615
v -1.666671 0.606619 -5.251688
v -1.746128 0.655223 -5.575939
v -1.867641 0.650858 -5.546817
v -1.788184 0.602253 -5.222567
v -1.488995 0.344791 -5.305894
v -1.488995 0.871819 -5.226893
v -1.551066 0.382760 -5.559192
v -1.551066 0.909788 -5.480191
v -1.610508 0.340426 -5.276772
v -1.610508 0.867454 -5.197771
v -1.672578 0.378395 -5.530070
v -1.672578 0.905423 -5.451069
v -1.486239 0.606619 -5.255143
v -1.565695 0.655223 -5.579393
v -1.687208 0.650858 -5.550272
v -1.607751 0.602253 -5.226021
v 0.000000 -0.237570 -5.199851
v 0.000000 0.257090 -5.199851
v 0.000000 -0.237570 -5.612154
v 0.000000 0.287725 -5.767856
v -2.297815 -0.237570 -5.151128
v -2.389695 0.257090 -5.157345
v -2.204278 -0.237570 -5.526938
v -2.268690 0.287725 -5.682640
v 0.000000 0.087799 -5.199851
v 0.000000 0.087799 -5.767856
v -2.268690 0.087799 -5.682640
v -2.389695 0.087799 -5.157345
v 0.000000 -0.237570 -5.455984
v 0.000000 0.257090 -5.563888
v -2.287740 -0.237570 -5.413478
v -2.379620 0.257090 -5.521381
v -2.379620 0.087799 -5.521381
v -0.614546 -0.237570 -5.612154
v -0.614546 0.287725 -5.767856
v -0.647657 -0.237570 -5.199851
v -0.647657 0.257090 -5.199851
v -0.647657 0.087799 -5.199851
v -0.614546 0.087799 -5.767856
v -0.640068 0.257090 -5.563888
v -0.640068 -0.237570 -5.455984
v -1.494627 0.287725 -5.736861
v -1.577860 -0.237570 -5.199531
v -1.494627 0.087799 -5.736861
v -1.558782 0.257090 -5.563888
v -1.494627 -0.237570 -5.581159
v -1.577860 0.257090 -5.199851
v -1.577860 0.087799 -5.199851
v -1.558782 -0.237570 -5.455984
v -2.075034 0.287725 -5.699281
v -2.191322 -0.237570 -5.197895
v -2.075034 0.087799 -5.699281
v -2.164668 0.257090 -5.563888
v -2.075034 -0.237570 -5.543579
v -2.191322 0.257090 -5.199851
v -2.191322 0.087799 -5.199851
v -2.164668 -0.237570 -5.455984
v -0.961809 -0.846508 -3.707965
v -1.315790 -0.854853 -3.488497
v -1.194898 -0.816459 4.266801
v -1.066508 -0.815558 4.271988
v -1.265965 -0.854838 -1.901257
v -1.114944 -0.851918 -1.957268
v -1.107838 -0.847549 -0.874463
v -1.258851 -0.847549 -0.876092
v -1.107838 -0.847549 0.838418
v -1.258852 -0.847549 0.837438
v -1.081782 -0.847549 2.550836
v -1.232789 -0.847549 2.550832
v 0.000000 -0.660560 5.255274
v -1.001094 -0.662860 5.207344
v -1.108996 -0.663137 5.202476
v -2.200200 0.291935 3.806215
v -2.225250 0.177420 3.265363
v -2.161184 0.146689 4.389160
v -2.205559 -0.211314 2.963396
v -2.107900 -0.148233 4.649034
v -1.835394 0.232397 3.806215
v -1.807323 0.121377 3.265363
v -1.799790 0.091583 4.389160
v -1.712032 -0.255497 2.963396
v -1.727495 -0.194340 4.649034
v -1.564384 -0.839448 2.886423
v -2.235338 0.336364 -2.559248
v -2.214752 0.440515 -3.042675
v -2.181128 0.321928 -3.631072
v -2.155164 0.092067 -3.852315
v -1.969295 -0.573385 -4.035112
v -1.991764 -0.857346 -2.062494
v -2.238156 0.018542 -2.226882
v -1.798574 0.270255 -2.564744
v -1.810086 0.373478 -3.048171
v -1.796978 0.255948 -3.636568
v -1.771571 0.028135 -3.857810
v -1.698015 -0.631389 -4.040607
v -1.763443 -0.044736 -2.232378
v 0.000000 -0.645380 6.038593
v 0.000000 -0.178026 6.358007
v 0.000000 -0.593342 5.755562
v 0.000000 -0.084462 5.849126
v -2.220465 -0.645381 5.899078
v -2.220465 -0.178026 6.218491
v -2.294715 -0.593342 5.669197
v -2.294715 -0.084462 5.762761
v 0.000000 -0.432466 6.311225
v 0.000000 -0.338902 5.802344
v -2.294715 -0.338902 5.715979
v -2.220465 -0.432466 6.171709
v 0.000000 -0.619362 5.897079
v 0.000000 -0.131244 6.103565
v -2.270632 -0.619362 5.810713
v -2.270632 -0.131244 6.017200
v -2.270632 -0.385684 5.970418
v -0.996969 -0.593342 5.706591
v -0.996969 -0.084462 5.800155
v -0.947728 -0.645380 5.989623
v -0.947728 -0.178026 6.309036
v -0.947728 -0.432466 6.262254
v -0.996969 -0.338902 5.753373
v -0.986301 -0.131244 6.054595
v -0.986301 -0.619362 5.848107
v -1.952958 -0.084462 5.761989
v -1.860484 -0.645380 5.951456
v -1.952958 -0.338902 5.715207
v -1.932924 -0.131244 6.016428
v -1.952958 -0.593342 5.668425
v -1.860484 -0.178026 6.270870
v -1.860484 -0.432466 6.224088
v -1.932924 -0.619362 5.809941
v -2.499881 1.002720 1.959814
v -2.347162 0.718976 2.097422
v -2.496293 1.029138 1.983239
v -2.336887 0.794616 2.202234
v -2.462331 1.021356 1.942683
v -2.239646 0.772336 2.048374
v -2.458742 1.047774 1.979289
v -2.229372 0.847976 2.153185
v -2.415615 0.978435 2.001970
v -2.415615 1.068046 2.001970
v -2.329008 0.911510 1.840191
v -2.329008 1.134972 1.840191
v -2.564123 0.978435 1.972971
v -2.564123 1.068046 1.972971
v -2.712313 0.911510 1.765343
v -2.712313 1.134972 1.765343
v -2.331783 0.912374 1.903164
v -2.331783 1.134107 1.903164
v -2.699249 0.912374 1.831410
v -2.699249 1.134107 1.831410
v -2.313004 1.148543 1.834204
v -2.313004 0.897938 1.834204
v -2.728317 0.897938 1.753107
v -2.728317 1.148543 1.753107
v 0.000000 2.087386 1.191071
v 0.000000 0.919480 2.767217
v 0.000000 1.219220 -3.390214
v 0.000000 1.921468 -2.212922
v -1.662093 1.999849 -0.849937
v -2.242790 0.909527 -0.815681
v -1.663962 2.023807 0.743019
v -2.244015 0.909921 0.827657
v -2.201343 1.123598 -2.423440
v -1.809055 1.725414 -1.595744
v -2.203736 0.909921 2.386376
v -1.257736 2.042386 1.028038
v -1.604502 2.029850 0.930340
v -1.516999 0.912904 2.627082
v -2.105433 0.912922 2.457937
v -1.499833 1.221155 -3.304576
v -2.030030 1.221320 -3.167933
v -1.172356 1.878772 -2.129723
v -1.595116 1.863204 -1.988414
v -0.614246 2.065649 1.145550
v -1.158040 0.919480 2.707361
v -0.647227 1.220020 -3.385602
v -0.492516 1.903808 -2.206487
v 0.000000 1.159999 -3.610986
v -2.216044 1.091322 -2.555380
v -2.260936 0.847549 0.842689
v 0.000000 0.913861 2.798971
v -2.216791 0.847549 2.550862
v -2.154399 1.160987 -3.322829
v -1.549728 0.854181 2.732494
v 0.000000 -0.653609 -2.905002
v -1.881755 -0.653609 -2.090929
v -1.918542 -0.653609 -0.789205
v -1.918542 -0.653609 0.529626
v 0.000000 -0.653609 2.038291
v -1.882367 -0.653609 1.846951
v -1.831239 -0.653609 -2.682778
v -1.366767 -0.653609 -2.812106
v -1.335732 -0.653609 1.987024
v -0.619852 -0.653609 -2.894368
v -1.013627 -0.653609 1.991664
v -2.189633 0.733297 1.505800
v -1.519247 0.733278 1.505800
v 0.000000 0.739920 1.505800
v -1.156662 0.739920 1.505800
v -2.111872 0.375643 1.542811
v -1.519675 0.375626 1.542811
v -1.157090 0.382268 1.542811
v 0.000000 0.348660 1.505800
v -2.113624 -0.361806 2.620710
v -1.519247 -0.361824 2.620710
v 0.000000 -0.355182 2.620710
v -1.156662 -0.355182 2.620710
v -1.518819 0.648806 1.542811
v -2.145612 0.648824 1.542811
v 0.000000 0.696882 1.505800
v -1.156075 0.655451 1.542811
v -0.270063 -0.595003 0.603476
v -0.270063 -0.143160 0.603476
v -1.575658 -0.595003 0.603476
v -1.575658 -0.143160 0.603476
v -1.575658 -0.143160 -0.588947
v -0.270063 -0.595003 -0.784982
v -0.270063 -0.143160 -0.588947
v -1.575658 -0.595003 -0.784982
v -0.270063 0.775347 -1.192376
v -0.270063 0.827017 -0.890800
v -1.575658 0.775347 -1.192376
v -1.575658 0.827017 -0.890800
v -0.270063 1.077788 -1.230393
v -0.756578 1.650301 -1.302357
v -0.438438 1.482615 -1.281279
v -0.756578 1.701971 -1.000781
v -0.270063 1.129458 -0.928817
v -0.438438 1.534285 -0.979703
v -1.089143 1.650301 -1.302357
v -1.575658 1.077788 -1.230393
v -1.407283 1.482615 -1.281279
v -1.575658 1.129458 -0.928817
v -1.089143 1.701971 -1.000781
v -1.407283 1.534286 -0.979703
v 0.000000 -0.675513 -2.713268
v 0.000000 -0.223671 -2.413981
v -1.575658 -0.223671 -2.413981
v 0.000000 0.533868 -3.107244
v 0.000000 0.565031 -2.805667
v -1.575658 0.533868 -3.107244
v -1.575658 0.565031 -2.805667
v 0.000000 1.061568 -3.217224
v 0.000000 1.092731 -2.915648
v -1.089143 1.061568 -3.217224
v -1.575658 0.716276 -3.145260
v -1.407283 0.960434 -3.196146
v -1.575658 0.747439 -2.843684
v -1.089143 1.092731 -2.915648
v -1.407283 0.991597 -2.894570
v 0.000000 -0.675513 -1.324810
v 0.000000 -0.223671 -1.324810
v -1.575658 -0.675513 -1.324810
v -1.575658 -0.223671 -1.324810
v -1.575658 -0.675513 -2.713268
v -2.448205 -0.800380 -1.999217
v -2.470246 -0.835696 -1.916069
v -2.499061 -0.799380 -1.834398
v -2.516917 -0.712716 -1.801859
v -2.514262 -0.626464 -1.837712
v -2.493492 -0.591134 -1.921136
v -2.465902 -0.627435 -2.003074
v -2.446777 -0.714112 -2.035336
v -2.456409 -0.779180 -1.979565
v -2.473077 -0.805887 -1.916686
v -2.494867 -0.778424 -1.854924
v -2.508370 -0.712887 -1.830317
v -2.506363 -0.647660 -1.857430
v -2.490656 -0.620942 -1.920518
v -2.469792 -0.648394 -1.982482
v -2.455328 -0.713942 -2.006880
v -2.373847 -0.739741 -1.869261
v -2.380519 -0.750432 -1.844090
v -2.389242 -0.739438 -1.819367
v -2.394648 -0.713203 -1.809516
v -2.393844 -0.687093 -1.820370
v -2.387557 -0.676398 -1.845624
v -2.379205 -0.687387 -1.870429
v -2.373415 -0.713626 -1.880195
v -2.403656 0.212051 4.126822
v -2.215605 0.792359 4.719042
v -2.080519 0.791512 4.719042
v -2.356603 0.401976 4.719042
v -2.178742 0.212052 4.126822
v -1.815812 0.154953 4.126822
v -2.151753 -0.206480 5.202883
v -2.173171 -0.070892 5.202883
v -2.187024 -0.212052 4.915251
v -2.208442 -0.076463 4.915251
v -2.313203 -0.208604 5.188372
v -2.327718 -0.114759 5.188372
v -2.340910 -0.210695 4.963586
v -2.355425 -0.116850 4.963586
v -2.342998 -0.097718 4.932163
v -2.321579 -0.233307 4.932163
v -2.286309 -0.227735 5.219794
v -2.307727 -0.092147 5.219794
v -2.338597 -0.108779 4.944416
v -2.323142 -0.219385 4.944416
v -2.290709 -0.216675 5.207541
v -2.306165 -0.106069 5.207541
v -2.194429 -0.049687 -4.407741
v -2.232034 0.081776 -4.395644
v -2.190257 -0.021947 -4.696220
v -2.227862 0.109516 -4.684123
v -2.351048 -0.066862 -4.445907
v -2.376771 0.024160 -4.437489
v -2.348205 -0.042966 -4.671122
v -2.373927 0.048056 -4.662703
v -2.359865 0.072262 -4.689613
v -2.322261 -0.059201 -4.701712
v -2.326433 -0.086941 -4.413233
v -2.364037 0.044522 -4.401135
v -2.355815 0.060243 -4.678169
v -2.327122 -0.047209 -4.688334
v -2.330483 -0.074922 -4.424677
v -2.359176 0.032530 -4.414513
v -1.519247 0.342018 1.505800
v -2.147592 0.342036 1.505800
v -1.156662 0.348660 1.505800
v 0.000000 0.663004 1.542811
v 0.000000 0.382268 1.542811
v -2.189633 0.682433 1.505800
v -1.519247 0.682414 1.505800
v -1.156662 0.689057 1.505800
v -0.020901 0.149950 2.583848
v 0.293656 0.793289 2.700313
v 0.642341 0.401686 1.492969
v 0.710665 0.751448 1.493963
v 1.851781 0.149950 2.583848
v 1.537225 0.793289 2.700313
v 1.188539 0.401686 1.492969
v 1.120215 0.751448 1.493963
v 0.293656 1.014815 1.494411
v -0.020901 0.350279 1.492521
v 1.851781 0.350279 1.492521
v 1.537225 1.014815 1.494411
v 0.710665 0.788025 1.225630
v 0.642341 0.444924 1.157688
v 1.188539 0.444924 1.157689
v 1.120215 0.788025 1.225630
v 0.915440 0.059863 1.024315
v 0.915440 0.102839 1.087832
v 0.915440 0.068026 1.064717
v 0.703662 0.144123 1.096210
v 0.682710 0.105231 1.033523
v 0.688846 0.112198 1.073682
v 0.524125 0.261689 1.120071
v 0.485410 0.234428 1.059744
v 0.496749 0.237988 1.099212
v 0.404162 0.437638 1.155782
v 0.353579 0.427786 1.098988
v 0.368394 0.426247 1.137421
v 0.362037 0.645185 1.197905
v 0.307286 0.655866 1.145278
v 0.323322 0.648314 1.182491
v 0.404162 0.852732 1.240028
v 0.353579 0.883947 1.191569
v 0.368394 0.870380 1.227561
v 0.524125 1.028682 1.275738
v 0.485410 1.077304 1.230813
v 0.496749 1.058639 1.265769
v 0.703662 1.146247 1.299599
v 0.682709 1.206501 1.257034
v 0.688846 1.184429 1.291300
v 0.915440 1.187531 1.307978
v 0.915440 1.251869 1.266242
v 0.915440 1.228601 1.300265
v 1.127218 1.146247 1.299599
v 1.148171 1.206501 1.257034
v 1.142034 1.184429 1.291300
v 1.306755 1.028682 1.275738
v 1.345470 1.077304 1.230813
v 1.334131 1.058639 1.265769
v 1.426718 0.852732 1.240028
v 1.477302 0.883947 1.191569
v 1.462486 0.870380 1.227561
v 1.468843 0.645185 1.197905
v 1.523595 0.655866 1.145278
v 1.507558 0.648314 1.182491
v 1.426718 0.437638 1.155782
v 1.477302 0.427785 1.098988
v 1.462486 0.426247 1.137421
v 1.306755 0.261689 1.120071
v 1.345470 0.234428 1.059744
v 1.334131 0.237988 1.099212
v 1.127218 0.144123 1.096210
v 1.148170 0.105231 1.033523
v 1.142034 0.112198 1.073682
v 0.915440 0.108830 1.089047
v 0.915440 0.173168 1.047311
v 0.915440 0.149900 1.081334
v 0.726954 0.209911 1.054769
v 0.706001 0.149658 1.097334
v 0.720817 0.187839 1.089034
v 0.567162 0.314547 1.076005
v 0.528447 0.265925 1.120931
v 0.555823 0.295882 1.110962
v 0.460393 0.471146 1.107788
v 0.409810 0.439931 1.156247
v 0.445578 0.457579 1.143780
v 0.422901 0.655866 1.145278
v 0.368150 0.645185 1.197905
v 0.406865 0.648314 1.182491
v 0.460393 0.840587 1.182769
v 0.409810 0.850440 1.239563
v 0.445578 0.839048 1.221202
v 0.567162 0.997185 1.214552
v 0.528447 1.024446 1.274879
v 0.555823 1.000745 1.254020
v 0.726954 1.101821 1.235788
v 0.706001 1.140713 1.298476
v 0.720817 1.108788 1.275948
v 0.915440 1.138564 1.243246
v 0.915440 1.181540 1.306762
v 0.915440 1.146727 1.283648
v 1.103927 1.101821 1.235788
v 1.124879 1.140713 1.298476
v 1.110063 1.108788 1.275948
v 1.263718 0.997185 1.214552
v 1.302433 1.024446 1.274879
v 1.275057 1.000746 1.254020
v 1.370487 0.840587 1.182769
v 1.421071 0.850440 1.239563
v 1.385303 0.839048 1.221202
v 1.407979 0.655866 1.145278
v 1.462731 0.645185 1.197905
v 1.424016 0.648314 1.182491
v 1.370487 0.471145 1.107788
v 1.421071 0.439931 1.156247
v 1.385303 0.457579 1.143780
v 1.263718 0.314547 1.076005
v 1.302433 0.265925 1.120931
v 1.275057 0.295882 1.110962
v 1.103926 0.209911 1.054769
v 1.124879 0.149657 1.097334
v 1.110063 0.187839 1.089034
v 1.127218 0.169064 0.973323
v 1.148170 0.108810 1.015889
v 1.142034 0.130882 0.981623
v 1.306755 0.286630 0.997184
v 1.345470 0.238007 1.042110
v 1.334131 0.256672 1.007153
v 1.426718 0.462579 1.032895
v 1.477302 0.431364 1.081354
v 1.462486 0.444931 1.045362
v 1.468843 0.670126 1.075018
v 1.523595 0.659445 1.127644
v 1.507558 0.666998 1.090432
v 1.426718 0.877673 1.117141
v 1.477302 0.887526 1.173935
v 1.462486 0.889064 1.135502
v 1.306755 1.053623 1.152851
v 1.345470 1.080883 1.213178
v 1.334131 1.077323 1.173710
v 1.127218 1.171188 1.176712
v 1.148171 1.210080 1.239400
v 1.142034 1.203113 1.199241
v 0.915440 1.212472 1.185091
v 0.915440 1.255448 1.248608
v 0.915440 1.247285 1.208205
v 0.703662 1.171188 1.176712
v 0.682709 1.210080 1.239400
v 0.688846 1.203113 1.199241
v 0.524125 1.053622 1.152851
v 0.485410 1.080883 1.213178
v 0.496749 1.077323 1.173710
v 0.404162 0.877673 1.117141
v 0.353579 0.887526 1.173935
v 0.368394 0.889064 1.135502
v 0.362037 0.670126 1.075018
v 0.307286 0.659445 1.127644
v 0.323322 0.666998 1.090432
v 0.404162 0.462579 1.032895
v 0.353579 0.431364 1.081354
v 0.368394 0.444931 1.045362
v 0.524125 0.286630 0.997184
v 0.485410 0.238007 1.042110
v 0.496749 0.256673 1.007153
v 0.915440 0.063442 1.006681
v 0.915440 0.127780 0.964945
v 0.915440 0.086710 0.972658
v 0.703662 0.169064 0.973324
v 0.682710 0.108810 1.015889
v 0.688846 0.130882 0.981623
v 0.726954 0.213490 1.037134
v 0.706001 0.174598 0.974447
v 0.720817 0.206523 0.996975
v 0.915440 0.133771 0.966161
v 0.915440 0.176747 1.029677
v 0.915440 0.168584 0.989275
v 0.567162 0.318126 1.058371
v 0.528447 0.290866 0.998044
v 0.555823 0.314566 1.018903
v 0.460393 0.474725 1.090154
v 0.409810 0.464872 1.033360
v 0.445578 0.476263 1.051721
v 0.422901 0.659445 1.127644
v 0.368150 0.670126 1.075018
v 0.406865 0.666998 1.090432
v 0.460393 0.844166 1.165135
v 0.409810 0.875380 1.116676
v 0.445578 0.857732 1.129143
v 0.567162 1.000764 1.196918
v 0.528447 1.049387 1.151992
v 0.555823 1.019429 1.161961
v 0.726954 1.105400 1.218154
v 0.706001 1.165654 1.175589
v 0.720817 1.127472 1.183889
v 0.915440 1.142143 1.225611
v 0.915440 1.206481 1.183875
v 0.915440 1.165411 1.191589
v 1.103927 1.105400 1.218154
v 1.124879 1.165654 1.175589
v 1.110064 1.127472 1.183889
v 1.263718 1.000764 1.196918
v 1.302433 1.049387 1.151992
v 1.275057 1.019430 1.161960
v 1.370487 0.844166 1.165135
v 1.421071 0.875380 1.116676
v 1.385303 0.857732 1.129143
v 1.407979 0.659445 1.127644
v 1.462731 0.670126 1.075018
v 1.424016 0.666998 1.090432
v 1.370487 0.474724 1.090154
v 1.421071 0.464872 1.033360
v 1.385303 0.476263 1.051721
v 1.263718 0.318126 1.058371
v 1.302433 0.290865 0.998044
v 1.275057 0.314566 1.018903
v 1.103926 0.213490 1.037134
v 1.124879 0.174598 0.974447
v 1.110063 0.206523 0.996975
v 0.589301 0.769650 1.134479
v 1.045011 0.385338 1.119370
v 1.241578 0.803296 1.206390
v 0.539615 0.569814 1.157779
v 0.915439 0.769650 1.134479
v 0.915439 0.385338 1.119370
v 0.915439 0.803296 1.206390
v 0.915439 0.631523 1.170627
v 0.915439 0.644475 1.108417
v 0.829359 0.424383 1.062594
v 0.785868 0.385338 1.119370
v 0.589301 0.803296 1.206390
v 0.915439 0.398290 1.057161
v 1.045011 0.398290 1.057161
v 1.241578 0.816248 1.144180
v 0.562363 0.624399 1.104237
v 1.291264 0.582766 1.095569
v 1.291264 0.569814 1.157779
v 0.355129 0.631523 1.170627
v 0.355129 0.803296 1.206390
v 0.402726 0.769650 1.134479
v 0.402726 0.677796 1.115355
v 1.428153 0.677796 1.115355
v 1.428153 0.769650 1.134479
v 1.475749 0.803296 1.206390
v 1.475749 0.631523 1.170627
v 0.915439 0.169034 1.009430
v 0.962281 0.215632 1.019132
v 1.001918 0.156082 1.071640
v 0.868598 0.215632 1.019132
v 0.915439 0.156082 1.071640
v 0.828961 0.156082 1.071640
v 0.958051 0.721370 1.109000
v 0.974002 0.753135 1.145358
v 1.018313 0.662373 1.096717
v 1.056822 0.672054 1.128477
v 1.018313 0.578939 1.079346
v 1.056822 0.557387 1.104603
v 0.958051 0.519942 1.067063
v 0.974002 0.476306 1.087722
v 0.872828 0.519942 1.067063
v 0.856877 0.476306 1.087722
v 0.812566 0.578939 1.079346
v 0.774057 0.557387 1.104603
v 0.812566 0.662373 1.096717
v 0.774057 0.672054 1.128477
v 0.872828 0.721370 1.109000
v 0.856877 0.753135 1.145358
v 0.974002 0.759071 1.116849
v 1.056822 0.677989 1.099968
v 1.056822 0.563323 1.076095
v 0.974002 0.482241 1.059213
v 0.856877 0.482241 1.059213
v 0.774057 0.563323 1.076095
v 0.774057 0.677989 1.099968
v 0.856877 0.759071 1.116849
v 0.966027 0.741634 1.106135
v 1.037568 0.671595 1.091553
v 1.037568 0.572545 1.070931
v 0.966027 0.502505 1.056349
v 0.864852 0.502505 1.056349
v 0.793311 0.572545 1.070931
v 0.793311 0.671595 1.091553
v 0.864852 0.741634 1.106135
v 0.589301 0.816248 1.144180
v 0.915439 0.816248 1.144180
v 0.355129 0.644475 1.108417
v 0.355129 0.816248 1.144180
v 0.539615 0.582766 1.095569
v 1.475749 0.816248 1.144180
v 1.475749 0.644475 1.108417
v 1.241578 0.769650 1.134479
v 1.268516 0.624399 1.104237
v 1.001918 0.169034 1.009430
v 1.001521 0.424383 1.062594
v 0.828961 0.169034 1.009430
v 0.785868 0.398290 1.057161
v 0.000000 2.153219 -0.423194
v 1.658162 2.075156 -0.454728
v 2.252409 0.903821 -0.766053
v 1.665868 2.005932 -0.802313
v 1.234194 2.095293 -0.439738
v 0.531527 2.128464 -0.424776
v 2.242830 0.909540 -0.762158
v 1.662154 2.000629 -0.798055
v -1.658162 2.075156 -0.454728
v -2.252409 0.903821 -0.766053
v -1.665868 2.005932 -0.802313
v -1.234194 2.095293 -0.439738
v -0.531527 2.128464 -0.424776
v -2.242830 0.909540 -0.762158
v -1.662154 2.000629 -0.798055
v -1.673282 2.004127 -0.851904
v -1.673343 2.004907 -0.800021
v -2.254019 0.913818 -0.764124
v -2.253980 0.913805 -0.817648
v 2.253980 0.913805 -0.817648
v 1.673282 2.004127 -0.851904
v 1.673343 2.004907 -0.800021
v 2.254019 0.913818 -0.764124
v 2.392948 0.847549 -0.867122
v 2.392948 0.847549 0.842880
v 2.538749 0.424920 -0.872415
v 2.538749 0.424920 0.839627
v -2.392948 0.847549 -0.867122
v -2.392948 0.847549 0.842880
v -2.538749 0.424920 -0.872415
v -2.538749 0.424920 0.839627
v 2.502174 0.625801 -0.735873
v 2.457254 0.756008 -0.733668
v 2.457254 0.756008 -0.379913
v 2.502174 0.625801 -0.381268
v -2.502174 0.625801 -0.735873
v -2.502174 0.625801 -0.381268
v -2.457254 0.756008 -0.379913
v -2.457254 0.756008 -0.733668
vn 0.9281 0.3582 0.1020
vn 0.9112 0.3971 0.1096
vn 0.9047 0.4136 0.1026
vn 0.0011 0.9798 -0.2002
vn -0.2173 0.9104 -0.3521
vn -0.5869 0.5777 -0.5673
vn 0.9458 0.3212 -0.0482
vn 0.9395 0.3411 -0.0303
vn 0.9242 0.3818 0.0133
vn 0.9403 0.3390 0.0299
vn 0.9485 0.3164 0.0180
vn 0.9453 0.3260 0.0123
vn 0.9446 0.3259 0.0384
vn 0.9453 0.3260 0.0121
vn 0.9446 0.3258 0.0390
vn 0.9424 0.3272 0.0688
vn 0.0308 0.9834 0.1787
vn -0.0000 0.9847 0.1743
vn -0.0000 0.9847 0.1742
vn -0.0000 1.0000 -0.0040
vn 0.0382 0.9993 -0.0045
vn 0.0465 0.9989 -0.0067
vn 0.0481 0.9892 -0.1386
vn -0.0000 0.9983 -0.0581
vn 0.0510 0.9969 -0.0598
vn 0.0097 -0.9744 -0.2247
vn -0.0147 -0.9754 -0.2199
vn -0.0281 -0.9756 -0.2179
vn -0.4529 -0.5869 -0.6711
vn -0.7842 -0.0450 -0.6189
vn -0.3034 -0.7059 -0.6400
vn -0.0022 1.0000 -0.0000
vn -0.6332 0.7740 -0.0000
vn -0.0023 1.0000 -0.0000
vn 0.0761 -0.6596 -0.7477
vn 0.0592 -0.6661 -0.7435
vn 0.0938 -0.6499 -0.7542
vn -0.0116 0.9970 0.0766
vn -0.0197 0.9961 0.0862
vn -0.0100 0.9973 0.0731
vn 0.0102 -0.9999 -0.0000
vn -0.4919 -0.8707 0.0001
vn -0.4936 -0.8697 -0.0000
vn -0.0001 0.9994 0.0345
vn -0.0001 0.9939 0.1107
vn -0.0001 0.9929 0.1188
vn -0.0002 0.9981 0.0619
vn -0.0001 0.9984 0.0570
vn -0.0000 1.0000 -0.0000
vn 0.0004 0.9997 0.0243
vn -0.6556 0.7551 -0.0000
vn -0.9794 -0.2021 -0.0000
vn 0.9980 -0.0505 0.0381
vn 0.9747 -0.2195 0.0426
vn 0.9754 -0.2174 0.0356
vn 0.9975 -0.0701 0.0129
vn 0.9759 -0.2179 0.0124
vn 0.9981 -0.0616 -0.0043
vn 0.9697 -0.2443 -0.0049
vn 0.9730 -0.2078 -0.1009
vn 0.0417 -0.8765 -0.4796
vn 0.0338 -0.8765 -0.4802
vn 0.0413 -0.8757 -0.4812
vn 0.0007 1.0000 -0.0000
vn 0.8184 0.5745 -0.0136
vn 0.8262 0.5589 -0.0711
vn 0.9265 0.3754 -0.0272
vn -0.6058 -0.7405 -0.2910
vn 0.0190 -0.9741 -0.2253
vn 0.5056 0.8627 0.0067
vn 0.7727 0.6219 -0.1270
vn 0.6135 0.7887 -0.0403
vn 0.0036 -0.9318 0.3630
vn -0.0000 -0.9316 0.3635
vn 0.0244 -0.9285 0.3706
vn -0.0000 -0.8015 0.5980
vn 0.0131 -0.9599 0.2800
vn 0.0312 -0.8004 0.5986
vn -0.0000 0.9800 -0.1992
vn 0.0099 0.9802 -0.1980
vn 0.0139 0.9805 -0.1960
vn 0.0309 -0.6733 -0.7387
vn 0.0095 -0.6703 -0.7420
vn 0.9369 -0.3450 -0.0564
vn 0.9328 -0.3603 -0.0034
vn 0.9328 -0.3603 0.0120
vn 0.9318 -0.3602 0.0451
vn -0.0003 -0.9793 0.2025
vn 0.0154 -0.7980 0.6024
vn 0.0176 -0.9713 0.2373
vn 0.9301 -0.3359 -0.1487
vn 0.9960 -0.0407 0.0801
vn 0.9680 -0.2374 0.0811
vn 0.9692 -0.2288 0.0908
vn 0.9109 -0.3982 0.1082
vn 0.9294 -0.3441 0.1335
vn 0.9809 -0.1022 -0.1652
vn 0.9939 -0.0924 -0.0607
vn 0.7775 0.6228 -0.0876
vn 0.9929 0.1064 0.0526
vn 0.9857 0.1481 0.0810
vn 0.8659 0.4948 -0.0740
vn 0.9895 0.1443 -0.0028
vn 0.9887 0.1498 -0.0001
vn 0.9915 0.1293 0.0125
vn 0.9924 0.1228 -0.0023
vn 0.9925 0.1220 -0.0028
vn 0.8815 0.4492 0.1455
vn 0.9885 0.1265 -0.0827
vn 0.9370 0.3195 0.1415
vn 0.9916 0.1289 0.0120
vn 0.1497 0.8016 0.5788
vn 0.1780 0.7840 0.5946
vn 0.1601 0.7893 0.5927
vn 0.1255 0.8196 0.5591
vn 0.1517 0.8021 0.5776
vn -0.0065 0.9159 -0.4014
vn 0.0737 0.9453 -0.3177
vn 0.0427 0.9489 -0.3128
vn 0.0549 0.9448 -0.3229
vn -0.0000 0.9453 -0.3262
vn 0.0576 0.9450 -0.3220
vn 0.1961 0.9138 -0.3556
vn 0.0612 0.9189 -0.3896
vn 0.9323 -0.3601 0.0350
vn 0.0002 0.0001 1.0000
vn 0.0262 0.0004 0.9997
vn 0.0260 0.0004 0.9997
vn 0.0221 -0.1287 0.9914
vn -0.0000 -0.0000 1.0000
vn 0.0522 0.0005 0.9986
vn 0.0522 0.0004 0.9986
vn 0.0047 -0.2515 0.9678
vn 0.0235 -0.1285 0.9914
vn 0.0513 -0.2539 0.9659
vn -0.0000 -0.2575 0.9663
vn 0.0513 -0.2538 0.9659
vn 0.0248 -0.2516 0.9675
vn 0.0032 -0.2513 0.9679
vn -0.0000 -1.0000 -0.0000
vn -0.9782 -0.2077 -0.0000
vn 0.8554 0.5000 -0.1351
vn 0.4829 -0.8625 -0.1512
vn -0.8832 -0.0540 -0.4659
vn 0.0290 0.1439 -0.9892
vn 0.0547 0.1459 -0.9878
vn 0.0311 0.1450 -0.9889
vn 0.0341 0.1044 -0.9940
vn 0.0337 0.1046 -0.9939
vn 0.0589 0.0842 -0.9947
vn -0.0000 0.0614 -0.9981
vn 0.0593 0.0862 -0.9945
vn 0.0170 0.0569 -0.9982
vn 0.0174 0.0564 -0.9983
vn 0.0420 0.0544 -0.9976
vn 0.0408 0.0555 -0.9976
vn 0.0871 0.0764 -0.9933
vn 0.0872 0.0783 -0.9931
vn -0.7803 -0.0800 -0.6202
vn 0.0167 -0.8720 -0.4892
vn 0.0603 0.1119 -0.9919
vn 0.0602 0.1138 -0.9917
vn 0.0532 0.1434 -0.9882
vn 0.0855 0.1223 -0.9888
vn 0.0105 -0.9999 -0.0000
vn 0.0249 -0.2514 0.9676
vn 0.0491 -0.2535 0.9661
vn 0.0545 0.0004 0.9985
vn 0.2418 0.9099 -0.3370
vn 0.1168 0.9385 -0.3250
vn 0.0200 0.9537 -0.3000
vn 0.0115 0.9559 -0.2935
vn 0.1525 0.8344 0.5297
vn 0.1502 0.2191 0.9641
vn 0.8148 0.2447 0.5256
vn 0.1155 0.7852 0.6084
vn 0.1066 0.7853 0.6099
vn 0.0169 0.9814 -0.1911
vn 0.0147 0.9815 -0.1910
vn 0.0296 -0.8001 0.5991
vn 0.0008 1.0000 -0.0000
vn 0.0316 -0.8714 -0.4895
vn 0.0267 -0.8705 -0.4915
vn 0.0507 -0.6446 -0.7628
vn 0.0517 -0.6428 -0.7643
vn 0.0157 0.9962 -0.0855
vn 0.0047 0.9963 -0.0856
vn 0.0128 0.9962 -0.0857
vn 0.0759 0.9873 -0.1395
vn 0.0520 0.9965 -0.0649
vn 0.0495 0.9963 -0.0698
vn 0.0468 0.9988 -0.0115
vn 0.0370 0.9993 -0.0106
vn 0.0469 0.9988 -0.0139
vn -0.5121 0.8331 -0.2090
vn -0.4820 0.8520 -0.2044
vn -0.0000 -0.6430 -0.7658
vn -0.0000 -0.6439 -0.7651
vn -0.0000 -0.8689 -0.4949
vn -0.0000 -0.8688 -0.4952
vn -0.0000 0.7700 0.6381
vn -0.0000 0.7672 0.6414
vn -0.0000 0.9577 -0.2876
vn -0.0000 0.9585 -0.2852
vn -0.0000 0.1358 -0.9907
vn -0.0000 0.1376 -0.9905
vn 0.0853 0.1203 -0.9891
vn 0.0491 -0.2536 0.9661
vn 0.0984 0.9414 -0.3227
vn 0.1408 0.8347 0.5323
vn 0.0120 -0.3632 0.9316
vn 0.0167 0.9811 -0.1927
vn 0.1418 -0.9157 0.3761
vn 0.8964 -0.4355 -0.0827
vn 0.9115 -0.3973 -0.1064
vn 0.0666 0.9883 -0.1369
vn 0.0376 0.9993 -0.0079
vn 0.0550 0.9821 0.1800
vn 0.0363 0.9832 0.1790
vn -0.0066 0.9978 0.0662
vn -0.0059 0.9978 0.0662
vn 0.9365 0.3406 0.0833
vn 0.9331 0.3447 0.1028
vn 0.9931 -0.1032 -0.0556
vn 0.9941 -0.0960 -0.0513
vn 0.9971 -0.0658 -0.0373
vn 0.9983 -0.0024 0.0589
vn 0.9972 -0.0606 0.0429
vn 0.9971 0.0154 0.0745
vn 0.9971 0.0128 0.0756
vn 0.9762 -0.1864 0.1110
vn 0.9465 -0.2755 0.1679
vn -0.6082 -0.6686 0.4279
vn 0.0548 -0.9255 0.3748
vn -0.7249 -0.5554 0.4075
vn -0.5365 -0.7923 -0.2905
vn 0.9198 -0.1707 0.3533
vn 0.7864 0.5644 0.2512
vn 0.6254 0.7667 0.1451
vn 0.0013 0.9964 -0.0849
vn -0.0000 0.9964 -0.0848
vn -0.3992 0.8708 0.2871
vn 0.0553 0.9821 0.1799
vn 0.5248 0.8504 0.0369
vn 0.5287 0.8474 0.0492
vn -0.0000 -0.9719 -0.2354
vn -0.0000 -0.9718 -0.2359
vn -0.5976 0.7363 0.3175
vn -0.3991 0.8708 0.2871
vn 0.5124 0.8587 -0.0006
vn 0.8486 -0.5229 0.0799
vn 0.9191 -0.1782 0.3514
vn 0.0522 -0.9256 0.3748
vn 0.8219 -0.5695 0.0076
vn 0.8340 0.5432 -0.0967
vn 0.9943 -0.1053 -0.0149
vn 0.9738 -0.2226 0.0457
vn 0.5788 0.8035 -0.1393
vn 0.9970 -0.0000 0.0773
vn 0.9783 -0.1997 -0.0548
vn 0.9978 -0.0569 -0.0338
vn 0.9514 -0.3036 -0.0518
vn 0.9656 -0.2488 -0.0762
vn 0.0009 0.9993 -0.0363
vn 0.0036 1.0000 -0.0047
vn 0.9348 0.3526 -0.0414
vn 0.9454 0.3226 -0.0473
vn 0.0030 0.9993 -0.0375
vn 0.0075 0.9993 -0.0378
vn 0.0022 0.9993 -0.0387
vn -0.0000 0.9992 -0.0387
vn 0.0018 0.9992 -0.0388
vn 0.0034 0.9992 -0.0388
vn 0.9946 -0.0506 0.0901
vn 0.9382 0.3353 0.0856
vn 0.0002 0.9994 0.0350
vn -0.9281 0.3582 0.1020
vn -0.9112 0.3971 0.1096
vn -0.9331 0.3447 0.1028
vn 0.2173 0.9104 -0.3521
vn -0.0011 0.9798 -0.2002
vn 0.5868 0.5777 -0.5673
vn -0.9458 0.3212 -0.0481
vn -0.9395 0.3411 -0.0303
vn -0.9453 0.3227 -0.0473
vn -0.9242 0.3818 0.0133
vn -0.9403 0.3390 0.0299
vn -0.9446 0.3259 0.0384
vn -0.9453 0.3260 0.0123
vn -0.9453 0.3260 0.0121
vn -0.9424 0.3272 0.0688
vn -0.9446 0.3259 0.0387
vn -0.0308 0.9834 0.1787
vn -0.0382 0.9993 -0.0043
vn -0.0465 0.9989 -0.0067
vn -0.0481 0.9892 -0.1386
vn -0.0000 0.9898 -0.1422
vn 0.0148 -0.9754 -0.2199
vn -0.0097 -0.9744 -0.2247
vn 0.0281 -0.9756 -0.2179
vn 0.4529 -0.5869 -0.6711
vn 0.7842 -0.0450 -0.6189
vn 0.7803 -0.0800 -0.6202
vn 0.0022 1.0000 -0.0000
vn 0.6332 0.7740 -0.0000
vn 0.6556 0.7551 -0.0000
vn -0.0767 -0.6602 -0.7472
vn -0.0593 -0.6661 -0.7435
vn -0.0311 -0.6733 -0.7387
vn 0.0197 0.9961 0.0862
vn 0.0111 0.9970 0.0767
vn 0.0100 0.9973 0.0731
vn 0.4919 -0.8707 -0.0000
vn -0.0102 -0.9999 -0.0000
vn 0.4936 -0.8697 0.0001
vn 0.0001 0.9994 0.0345
vn 0.0001 0.9939 0.1107
vn -0.0036 1.0000 -0.0047
vn 0.0001 0.9929 0.1187
vn 0.0002 0.9981 0.0619
vn 0.0001 0.9984 0.0570
vn -0.0003 0.9997 0.0243
vn 0.9794 -0.2021 -0.0000
vn 0.9782 -0.2077 -0.0000
vn -0.9747 -0.2195 0.0426
vn -0.9980 -0.0505 0.0381
vn -0.9754 -0.2174 0.0356
vn -0.9975 -0.0701 0.0129
vn -0.9759 -0.2179 0.0124
vn -0.9981 -0.0616 -0.0043
vn -0.9697 -0.2443 -0.0049
vn -0.9771 -0.1795 -0.1145
vn -0.9939 -0.0924 -0.0607
vn -0.0418 -0.8768 -0.4790
vn -0.0338 -0.8765 -0.4802
vn -0.0169 -0.8720 -0.4892
vn -0.0007 1.0000 -0.0000
vn -0.8184 0.5745 -0.0136
vn -0.9265 0.3754 -0.0272
vn -0.8262 0.5589 -0.0711
vn -0.0190 -0.9741 -0.2253
vn 0.6058 -0.7405 -0.2910
vn -0.7727 0.6219 -0.1270
vn -0.5056 0.8627 0.0067
vn -0.6135 0.7887 -0.0404
vn -0.0036 -0.9318 0.3630
vn -0.0000 -0.9316 0.3636
vn 0.0539 -0.9512 0.3039
vn -0.0312 -0.8004 0.5986
vn -0.0100 0.9802 -0.1980
vn -0.0137 0.9805 -0.1961
vn -0.0095 -0.6703 -0.7420
vn -0.9369 -0.3450 -0.0564
vn -0.9328 -0.3603 0.0120
vn -0.9328 -0.3603 -0.0034
vn -0.9318 -0.3602 0.0451
vn -0.9323 -0.3601 0.0350
vn 0.0003 -0.9793 0.2025
vn -0.0154 -0.7980 0.6024
vn -0.0041 -0.7965 0.6046
vn -0.9301 -0.3359 -0.1487
vn -0.9810 -0.1022 -0.1652
vn -0.9680 -0.2374 0.0811
vn -0.9960 -0.0407 0.0801
vn -0.9692 -0.2288 0.0908
vn -0.9109 -0.3982 0.1082
vn -0.9294 -0.3441 0.1335
vn -0.9911 -0.0895 -0.0981
vn -0.9929 0.1064 0.0526
vn -0.7775 0.6228 -0.0876
vn -0.9857 0.1481 0.0810
vn -0.8659 0.4948 -0.0740
vn -0.9895 0.1442 -0.0030
vn -0.9872 0.1596 -0.0026
vn -0.9915 0.1291 0.0124
vn -0.9885 0.1512 -0.0008
vn -0.9924 0.1228 -0.0023
vn -0.7830 0.5648 0.2605
vn -0.9885 0.1265 -0.0827
vn -0.9590 0.2815 -0.0331
vn -0.9916 0.1289 0.0132
vn -0.9486 0.3160 0.0154
vn -0.1780 0.7840 0.5946
vn -0.1499 0.8015 0.5789
vn -0.1598 0.7894 0.5927
vn -0.1517 0.8021 0.5776
vn -0.1255 0.8196 0.5591
vn -0.0737 0.9453 -0.3177
vn -0.1198 0.9193 -0.3749
vn -0.0427 0.9489 -0.3128
vn -0.0549 0.9448 -0.3229
vn -0.0000 0.9448 -0.3276
vn 0.1005 0.9048 -0.4138
vn -0.1961 0.9138 -0.3556
vn -0.2418 0.9099 -0.3370
vn -0.0261 0.0004 0.9997
vn -0.0002 0.0001 1.0000
vn -0.0260 0.0004 0.9997
vn -0.0221 -0.1287 0.9914
vn -0.0235 -0.1285 0.9914
vn -0.0522 0.0007 0.9986
vn -0.0047 -0.2515 0.9678
vn -0.0513 -0.2539 0.9659
vn -0.0000 -0.2576 0.9663
vn -0.0248 -0.2516 0.9675
vn -0.0249 -0.2514 0.9676
vn -0.9552 0.2535 -0.1524
vn 0.2647 0.9562 -0.1247
vn 0.6571 -0.5760 -0.4862
vn -0.0293 0.1437 -0.9892
vn -0.0547 0.1459 -0.9878
vn -0.0532 0.1434 -0.9882
vn -0.0341 0.1043 -0.9940
vn -0.0337 0.1046 -0.9939
vn -0.0589 0.0842 -0.9947
vn -0.0000 0.0595 -0.9982
vn -0.0171 0.0571 -0.9982
vn -0.0420 0.0544 -0.9976
vn -0.0408 0.0555 -0.9976
vn -0.0871 0.0764 -0.9933
vn 0.3034 -0.7059 -0.6400
vn -0.0603 0.1119 -0.9919
vn -0.0872 0.0783 -0.9931
vn -0.0855 0.1223 -0.9888
vn -0.0853 0.1203 -0.9891
vn -0.0491 -0.2535 0.9661
vn -0.0491 -0.2536 0.9661
vn -0.0545 0.0004 0.9985
vn -0.0522 0.0004 0.9986
vn -0.1172 0.9384 -0.3251
vn -0.0984 0.9414 -0.3227
vn -0.0201 0.9537 -0.3000
vn -0.0115 0.9559 -0.2935
vn -0.1525 0.8344 0.5297
vn -0.1558 0.2155 0.9640
vn -0.1409 0.8347 0.5323
vn -0.1155 0.7852 0.6084
vn -0.1067 0.7853 0.6099
vn -0.0147 0.9815 -0.1910
vn -0.0169 0.9814 -0.1911
vn -0.1263 -0.9490 0.2888
vn -0.0296 -0.8001 0.5991
vn -0.0008 1.0000 -0.0000
vn -0.0317 -0.8714 -0.4895
vn -0.0413 -0.8759 -0.4807
vn -0.0507 -0.6446 -0.7628
vn -0.0938 -0.6499 -0.7542
vn -0.0157 0.9962 -0.0855
vn -0.0049 0.9963 -0.0857
vn -0.0012 0.9964 -0.0849
vn -0.0759 0.9873 -0.1395
vn -0.0520 0.9965 -0.0649
vn -0.0656 0.9885 -0.1365
vn -0.0370 0.9993 -0.0106
vn -0.0468 0.9988 -0.0115
vn -0.0469 0.9988 -0.0139
vn 0.5117 0.8329 -0.2107
vn -0.0128 0.9962 -0.0857
vn -0.0522 -0.6429 -0.7642
vn -0.0268 -0.8705 -0.4915
vn -0.0602 0.1138 -0.9917
vn -0.0593 0.0862 -0.9945
vn -0.0513 -0.2538 0.9659
vn -0.0576 0.9450 -0.3220
vn -0.0120 -0.3632 0.9316
vn -0.0167 0.9811 -0.1926
vn -0.0322 -0.9608 0.2753
vn -0.8964 -0.4354 -0.0827
vn -0.0402 0.9967 -0.0706
vn -0.0376 0.9993 -0.0079
vn -0.0363 0.9832 0.1790
vn -0.0548 0.9821 0.1800
vn 0.0066 0.9978 0.0662
vn 0.0059 0.9978 0.0662
vn -0.9365 0.3406 0.0833
vn -0.9382 0.3353 0.0856
vn -0.9931 -0.1032 -0.0556
vn -0.9971 -0.0658 -0.0373
vn -0.9941 -0.0960 -0.0513
vn -0.9978 -0.0569 -0.0338
vn -0.9972 -0.0606 0.0429
vn -0.9983 -0.0024 0.0589
vn -0.9971 0.0154 0.0745
vn -0.9985 0.0091 0.0543
vn -0.9762 -0.1864 0.1110
vn -0.9465 -0.2755 0.1679
vn -0.9946 -0.0506 0.0901
vn 0.6082 -0.6686 0.4278
vn -0.0548 -0.9255 0.3748
vn -0.0520 -0.9256 0.3748
vn 0.4820 0.8519 -0.2046
vn -0.7863 0.5644 0.2513
vn -0.9198 -0.1706 0.3533
vn -0.6254 0.7667 0.1451
vn -0.0551 0.9821 0.1799
vn 0.3976 0.8715 0.2871
vn -0.5248 0.8504 0.0369
vn 0.5833 0.7485 0.3154
vn -0.5124 0.8587 -0.0006
vn -0.5287 0.8474 0.0492
vn -0.9191 -0.1783 0.3514
vn -0.8486 -0.5229 0.0799
vn -0.0243 -0.9285 0.3706
vn -0.8219 -0.5695 0.0076
vn -0.9115 -0.3973 -0.1064
vn -0.9943 -0.1053 -0.0149
vn -0.8340 0.5432 -0.0967
vn -0.9738 -0.2226 0.0456
vn -0.9738 -0.2226 0.0457
vn -0.5788 0.8035 -0.1393
vn -0.9970 -0.0000 0.0773
vn -0.9783 -0.1997 -0.0548
vn -0.9908 -0.1312 -0.0322
vn -0.9514 -0.3036 -0.0518
vn -0.9656 -0.2488 -0.0762
vn -0.0009 0.9993 -0.0363
vn -0.9348 0.3526 -0.0414
vn -0.9330 0.3577 -0.0402
vn -0.0075 0.9993 -0.0378
vn -0.0030 0.9993 -0.0375
vn -0.0022 0.9993 -0.0387
vn -0.0018 0.9992 -0.0388
vn -0.0034 0.9992 -0.0388
vn -0.9971 0.0128 0.0756
vn -0.9432 0.3250 0.0685
vn 0.0003 0.9994 0.0354
vn -0.8612 -0.4932 0.1227
vn -0.5065 0.8622 0.0057
vn -0.0495 0.9963 -0.0698
vn -0.9925 0.1220 -0.0028
vn 0.8612 -0.4932 0.1227
vn 0.5066 0.8622 0.0056
vn 0.9590 0.2815 -0.0331
vn 0.9453 0.3261 -0.0000
vn -0.9453 0.3261 -0.0000
vn -0.9485 0.3164 0.0180
vn 0.9432 0.3250 0.0685
vn -0.0000 1.0000 -0.0017
vn -0.0184 0.9961 0.0866
vn -0.0000 -0.9610 0.2766
vn -0.0000 0.9799 -0.1993
vn 0.0013 -0.6711 -0.7413
vn 0.0041 -0.7965 0.6046
vn 0.9945 -0.0456 0.0946
vn 0.9911 -0.0895 -0.0981
vn 0.9872 0.1596 -0.0026
vn 0.1258 0.8196 0.5590
vn -0.2011 -0.6317 -0.7487
vn -0.4486 -0.4976 -0.7424
vn -0.6078 -0.3080 -0.7319
vn -0.6868 -0.0576 -0.7245
vn -0.6647 0.1990 -0.7201
vn -0.5910 0.5486 -0.5913
vn -0.3331 0.7294 -0.5976
vn 0.2964 0.7392 -0.6047
vn 0.5703 0.5539 -0.6066
vn 0.7405 0.3112 -0.5957
vn 0.7576 -0.2885 -0.5854
vn -0.2194 -0.2737 -0.9365
vn 0.3216 -0.5760 -0.7515
vn 0.9985 0.0091 0.0543
vn 0.0554 0.9821 0.1799
vn 0.9960 -0.0864 -0.0242
vn 0.9908 -0.1312 -0.0322
vn 0.9330 0.3577 -0.0402
vn -0.0000 0.9993 -0.0384
vn -0.9047 0.4136 0.1026
vn 0.0023 1.0000 -0.0000
vn 0.0184 0.9961 0.0866
vn -0.0105 -0.9999 -0.0000
vn 0.5365 -0.7923 -0.2905
vn -0.0013 -0.6711 -0.7413
vn -0.9945 -0.0456 0.0946
vn -0.8496 0.4496 0.2757
vn -0.9803 0.1961 0.0221
vn -0.1258 0.8196 0.5590
vn -0.1226 0.9176 -0.3782
vn 0.1098 0.9022 -0.4172
vn -0.0262 0.0004 0.9997
vn -0.0032 -0.2513 0.9679
vn 0.8048 -0.0021 -0.5936
vn 0.5785 -0.5590 -0.5940
vn -0.2366 -0.1456 -0.9606
vn -0.2900 -0.0635 -0.9549
vn -0.2851 0.0532 -0.9570
vn -0.1665 0.2250 -0.9600
vn -0.0746 0.2720 -0.9594
vn 0.0511 0.2602 -0.9642
vn -0.3331 0.7294 -0.5975
vn -0.0051 0.7942 -0.6076
vn -0.0310 0.1451 -0.9889
vn -0.0174 0.0564 -0.9983
vn -0.9101 -0.0163 0.4141
vn 0.7249 -0.5554 0.4075
vn -0.5125 0.8587 -0.0006
vn -0.9960 -0.0864 -0.0242
vn -0.0000 1.0000 -0.0011
vn -0.7131 0.6943 -0.0968
vn -0.6887 0.7249 -0.0145
vn 0.6888 0.7248 0.0135
vn -0.0882 0.9961 -0.0094
vn 0.9817 -0.0082 0.1901
vn 0.5582 0.7947 0.2385
vn 0.9998 0.0019 0.0199
vn 0.6315 -0.7693 0.0967
vn 0.6905 -0.7232 0.0152
vn -0.0829 -0.9958 -0.0399
vn -0.0001 -1.0000 0.0012
vn -0.6940 -0.7148 -0.0860
vn -0.9998 0.0016 -0.0200
vn -0.7066 -0.7067 -0.0366
vn -0.6947 -0.7193 -0.0086
vn -0.9999 -0.0000 -0.0101
vn 0.9997 -0.0000 0.0253
vn -0.6945 0.7194 -0.0086
vn 0.6922 -0.7215 0.0165
vn -0.0006 1.0000 0.0007
vn -0.0006 -1.0000 0.0007
vn 0.7071 0.7060 0.0391
vn 0.0525 0.9966 0.0636
vn 0.6817 0.7243 0.1035
vn -0.6419 -0.7556 -0.1305
vn 0.9923 0.0081 0.1238
vn -0.9901 0.0480 -0.1319
vn -0.5872 0.8078 -0.0521
vn 0.7015 -0.7064 0.0947
vn 0.0257 -0.9988 0.0427
vn 0.8299 0.1040 0.5481
vn -0.1947 0.9776 0.0802
vn 0.3677 -0.7462 0.5549
vn 0.0787 -0.9969 -0.0000
vn 0.4869 0.7834 0.3863
vn -0.4103 -0.7729 -0.4841
vn -0.7981 -0.0052 -0.6025
vn -0.5497 0.7533 -0.3610
vn -0.4757 -0.0352 -0.8789
vn 0.1623 0.6843 0.7109
vn -0.3524 0.7804 -0.5165
vn 0.4410 -0.0367 0.8968
vn 0.3338 -0.8261 0.4540
vn -0.1186 0.9929 0.0071
vn 0.0622 -0.9980 0.0095
vn -0.3828 -0.7470 -0.5435
vn -0.2259 -0.7978 -0.5590
vn -0.0000 0.9998 0.0174
vn 0.1962 0.7902 0.5805
vn 0.3132 -0.0000 0.9497
vn -0.3972 0.0001 -0.9177
vn -0.2259 0.7978 -0.5590
vn 0.1962 -0.7903 0.5805
vn -0.0000 -0.9998 0.0174
vn 0.0685 0.9975 -0.0154
vn 0.4766 -0.7888 0.3881
vn 0.7108 -0.0237 0.7030
vn 0.0715 -0.9973 -0.0194
vn -0.4882 0.8012 -0.3461
vn 0.4027 0.7015 0.5880
vn -0.9822 -0.0928 -0.1631
vn -0.7155 -0.6427 -0.2738
vn -0.7703 0.1491 -0.6200
vn -0.9078 -0.3979 0.1324
vn -0.9911 -0.0166 0.1318
vn -0.6887 -0.7139 0.1265
vn -0.3702 -0.9211 0.1209
vn -0.0000 -0.9931 0.1173
vn 0.3702 -0.9211 0.1209
vn 0.6886 -0.7140 0.1264
vn 0.9078 -0.3980 0.1324
vn 0.9911 -0.0166 0.1318
vn 0.9195 0.3699 0.1328
vn 0.7035 0.6993 0.1273
vn 0.3793 0.9174 0.1209
vn -0.0000 0.9915 0.1299
vn -0.3792 0.9174 0.1209
vn -0.7034 0.6993 0.1273
vn -0.9195 0.3700 0.1329
vn -0.4631 -0.1512 0.8733
vn -0.4299 -0.3258 0.8420
vn -0.3355 -0.4801 0.8105
vn -0.1855 -0.5903 0.7856
vn -0.0000 -0.6308 0.7760
vn 0.1855 -0.5903 0.7856
vn 0.3355 -0.4801 0.8105
vn 0.4299 -0.3257 0.8420
vn 0.4631 -0.1512 0.8733
vn 0.4342 0.0257 0.9004
vn 0.3421 0.1862 0.9210
vn 0.1907 0.3034 0.9336
vn -0.0000 0.3475 0.9377
vn -0.1907 0.3034 0.9336
vn -0.3421 0.1862 0.9210
vn -0.4342 0.0257 0.9004
vn 0.6419 -0.3633 0.6753
vn 0.6945 -0.1117 0.7107
vn 0.6864 -0.1061 0.7195
vn 0.4998 -0.5898 0.6343
vn 0.6416 -0.3834 0.6643
vn 0.2742 -0.7482 0.6041
vn 0.4871 -0.6103 0.6247
vn -0.0000 -0.8054 0.5928
vn 0.2602 -0.7571 0.5992
vn -0.2602 -0.7571 0.5992
vn -0.0000 -0.8069 0.5907
vn -0.2742 -0.7482 0.6041
vn -0.4871 -0.6103 0.6247
vn -0.4996 -0.5900 0.6342
vn -0.6416 -0.3833 0.6643
vn -0.6419 -0.3633 0.6753
vn -0.6945 -0.1117 0.7107
vn -0.6864 -0.1061 0.7195
vn -0.6366 0.1578 0.7549
vn -0.6323 0.1476 0.7606
vn -0.4808 0.3809 0.7898
vn -0.4863 0.3661 0.7934
vn -0.2565 0.5249 0.8116
vn -0.2647 0.5173 0.8139
vn -0.0000 0.5737 0.8190
vn 0.2647 0.5173 0.8139
vn -0.0000 0.5715 0.8206
vn 0.4863 0.3661 0.7934
vn 0.2565 0.5249 0.8116
vn 0.6323 0.1476 0.7606
vn 0.4808 0.3809 0.7898
vn 0.6366 0.1578 0.7549
vn 0.9911 -0.0167 0.1318
vn -0.3355 -0.4802 0.8105
vn -0.1854 -0.5903 0.7856
vn 0.3355 -0.4802 0.8105
vn 0.4299 -0.3258 0.8420
vn 0.6346 -0.3610 0.6833
vn 0.6864 -0.1130 0.7184
vn 0.6781 -0.1071 0.7272
vn 0.4945 -0.5853 0.6426
vn 0.6343 -0.3816 0.6723
vn 0.2713 -0.7423 0.6126
vn 0.4817 -0.6061 0.6330
vn -0.0000 -0.7990 0.6014
vn 0.2573 -0.7513 0.6077
vn -0.2573 -0.7513 0.6077
vn -0.0000 -0.8005 0.5993
vn -0.2713 -0.7424 0.6126
vn -0.4817 -0.6061 0.6330
vn -0.4945 -0.5853 0.6426
vn -0.6343 -0.3815 0.6724
vn -0.6346 -0.3610 0.6833
vn -0.6864 -0.1130 0.7184
vn -0.6781 -0.1071 0.7272
vn -0.6287 0.1532 0.7624
vn -0.6242 0.1432 0.7680
vn -0.4746 0.3731 0.7972
vn -0.4798 0.3585 0.8008
vn -0.2529 0.5149 0.8191
vn -0.2610 0.5073 0.8213
vn -0.0000 0.5629 0.8265
vn 0.2610 0.5073 0.8213
vn -0.0000 0.5606 0.8281
vn 0.4798 0.3585 0.8008
vn 0.2529 0.5149 0.8191
vn 0.6242 0.1432 0.7680
vn 0.4746 0.3731 0.7972
vn 0.6287 0.1532 0.7624
vn -0.0000 0.0001 1.0000
vn 0.0751 -0.0000 -0.9972
vn 0.6053 -0.0000 -0.7960
vn 0.9853 -0.0000 -0.1709
vn 0.9996 -0.0000 -0.0277
vn 0.9881 -0.0001 -0.1539
vn -0.0084 0.9980 0.0628
vn 0.9328 -0.3156 -0.1740
vn 0.9605 -0.2766 -0.0309
vn 0.9615 -0.2722 -0.0369
vn 0.0720 -0.4354 -0.8974
vn 0.5070 -0.4400 -0.7412
vn 0.0868 -0.4300 -0.8986
vn 0.9400 -0.3122 -0.1373
vn -0.0020 0.9891 0.1474
vn -0.0134 0.9971 0.0745
vn -0.0040 0.9860 0.1669
vn -0.0027 0.9975 0.0701
vn -0.0000 -0.4317 -0.9020
vn 0.0160 -0.4316 -0.9019
vn -0.0001 0.0004 1.0000
vn -0.0000 -0.0000 -1.0000
vn 0.0176 -0.0000 -0.9998
vn -0.0006 0.0018 1.0000
vn -0.1309 0.0341 0.9908
vn -0.2097 0.0064 0.9778
vn -0.1064 -0.0000 0.9943
vn -0.0278 0.9958 0.0873
vn -0.0028 0.9764 0.2160
vn 0.0449 -0.4312 -0.9011
vn 0.0452 -0.4312 -0.9011
vn 0.0499 -0.0000 -0.9988
vn -0.0330 0.9744 0.2225
vn -0.0064 0.9998 0.0202
vn -0.2095 -0.0000 0.9778
vn -0.3402 0.0294 0.9399
vn 0.0288 -0.7878 0.6152
vn -0.0000 -0.7881 0.6155
vn 0.0287 -0.7878 0.6152
vn -0.0186 0.1808 -0.9833
vn 0.0022 0.1808 -0.9835
vn -0.0185 0.1808 -0.9833
vn 0.9819 -0.0343 0.1865
vn 0.9185 -0.0715 0.3890
vn 0.8053 -0.1072 0.5831
vn 0.0459 -0.1806 0.9825
vn -0.0000 -0.1808 0.9835
vn -0.0109 -0.9811 -0.1934
vn -0.0053 -0.9644 -0.2644
vn -0.0123 -0.9837 -0.1793
vn -0.0000 0.9835 0.1809
vn 0.0084 0.9833 0.1819
vn 0.0082 0.9833 0.1816
vn 0.9898 -0.0879 0.1117
vn 0.6520 -0.5513 0.5206
vn 0.9449 -0.1810 0.2726
vn 0.9928 -0.0483 0.1094
vn 0.9863 -0.0299 0.1624
vn 0.0081 0.9834 0.1812
vn -0.0030 -0.9834 -0.1812
vn 0.0039 -0.9776 -0.2106
vn 0.9957 -0.0168 0.0912
vn -0.0000 -0.9835 -0.1809
vn -0.0082 -0.9832 -0.1822
vn 0.0092 0.9820 0.1886
vn 0.0032 0.9835 0.1811
vn -0.0000 0.1808 -0.9835
vn -0.0437 0.1807 -0.9826
vn 0.0138 0.9833 0.1815
vn -0.0085 -0.9831 -0.1829
vn -0.0000 -0.9835 -0.1808
vn 0.0910 -0.1801 0.9794
vn 0.0920 -0.1801 0.9793
vn -0.0438 0.1807 -0.9826
vn 0.0573 -0.7868 0.6145
vn 0.0576 -0.7868 0.6145
vn 0.8146 -0.4418 0.3757
vn 0.0105 0.9773 0.2114
vn -0.0026 0.9802 0.1978
vn -0.0004 0.9835 0.1808
vn -0.0081 -0.9834 -0.1814
vn 0.8892 -0.2502 0.3831
vn 0.8904 -0.3173 0.3263
vn 0.8902 -0.3236 0.3208
vn 0.1668 0.6052 0.7784
vn 0.0065 0.6591 0.7520
vn 0.2094 0.5876 0.7816
vn -0.7560 0.4934 -0.4302
vn 0.1458 -0.4941 -0.8571
vn 0.4968 0.6749 -0.5456
vn 0.4894 0.6840 -0.5410
vn 0.4264 0.7528 -0.5015
vn -0.5533 -0.7002 0.4511
vn -0.9649 -0.0000 0.2627
vn -0.9649 -0.0000 0.2628
vn -0.1917 -0.0000 -0.9815
vn 0.7234 -0.0000 0.6905
vn 0.1916 -0.0000 0.9815
vn 0.0967 -0.8634 0.4952
vn 0.0967 0.8634 0.4952
vn 0.0380 0.9801 0.1948
vn 0.0380 -0.9801 0.1948
vn 0.9375 -0.0000 0.3480
vn -0.7625 -0.0000 0.6470
vn 0.0854 0.3162 -0.9449
vn 0.0850 -0.3165 -0.9448
vn 0.0851 -0.3165 -0.9448
vn -0.4131 0.2909 -0.8630
vn 0.0848 0.3167 -0.9447
vn -0.4135 -0.2905 -0.8629
vn -0.4146 -0.2891 -0.8629
vn -0.4142 0.2896 -0.8629
vn -0.5391 0.0418 -0.8412
vn 0.3445 0.7554 0.5574
vn 0.0696 0.9911 0.1132
vn 0.4231 -0.7358 0.5288
vn 0.5962 -0.0022 0.8029
vn 0.0823 -0.9917 0.0988
vn -0.2783 0.8396 -0.4664
vn -0.3264 -0.8175 -0.4745
vn 0.9555 -0.0967 -0.2789
vn 0.9544 -0.0913 -0.2843
vn 0.9517 -0.0953 -0.2918
vn 0.9541 -0.0894 -0.2860
vn 0.9513 -0.0964 -0.2929
vn 0.9523 -0.1019 -0.2876
vn 0.9551 -0.0977 -0.2798
vn 0.9534 -0.1021 -0.2841
vn 0.9553 -0.0957 -0.2798
vn 0.9534 -0.0909 -0.2876
vn 0.9527 -0.1039 -0.2857
vn 0.9514 -0.0976 -0.2920
vn -0.9802 0.1548 -0.1232
vn 0.1217 -0.0192 -0.9924
vn -0.1217 0.0192 0.9924
vn -0.1560 -0.9878 -0.0000
vn 0.1560 0.9878 -0.0000
vn 0.9862 -0.1550 0.0585
vn 0.9692 -0.1376 0.2043
vn 0.9650 -0.1348 0.2249
vn 0.9615 -0.2459 0.1226
vn 0.9685 -0.2173 0.1217
vn 0.9688 -0.2158 0.1216
vn 0.9615 -0.2460 0.1226
vn 0.9862 -0.1550 0.0586
vn 0.9650 -0.1349 0.2248
vn -0.9616 0.2714 0.0400
vn -0.0144 0.0957 -0.9953
vn 0.0144 -0.0957 0.9953
vn -0.2739 -0.9577 -0.0881
vn 0.2739 0.9577 0.0881
vn 0.9589 -0.2639 -0.1044
vn 0.9637 -0.2636 0.0432
vn 0.9626 -0.2631 0.0643
vn 0.9320 -0.3592 -0.0480
vn 0.9423 -0.3315 -0.0468
vn 0.9428 -0.3300 -0.0467
vn 0.9321 -0.3591 -0.0480
vn 0.9428 -0.3301 -0.0467
vn 0.9636 -0.2636 0.0432
vn 0.7810 0.6062 -0.1501
vn 0.6887 0.7249 -0.0145
vn 0.0897 0.9946 -0.0524
vn -0.6888 0.7248 0.0129
vn -0.9817 -0.0095 0.1902
vn -0.9998 0.0019 0.0199
vn -0.6319 -0.7690 0.0962
vn -0.6905 -0.7232 0.0146
vn 0.0829 -0.9958 -0.0399
vn 0.0001 -1.0000 0.0012
vn 0.6939 -0.7149 -0.0861
vn 0.6904 -0.7233 -0.0129
vn 0.9998 0.0018 -0.0199
vn 0.6947 -0.7193 -0.0086
vn -0.9997 -0.0000 0.0253
vn -0.6920 0.7217 0.0165
vn 0.9999 -0.0000 -0.0101
vn -0.7042 -0.7090 0.0384
vn 0.7084 0.7057 0.0108
vn 0.0006 -1.0000 0.0007
vn 0.0006 1.0000 0.0007
vn -0.0525 0.9966 0.0636
vn 0.6076 -0.7720 -0.1866
vn -0.7559 0.6397 0.1394
vn 0.9910 -0.0120 -0.1336
vn -0.6830 -0.7164 0.1425
vn 0.6936 0.7200 0.0208
vn -0.0840 -0.9953 0.0479
vn -0.8543 -0.0418 0.5180
vn -0.9512 0.0095 0.3084
vn 0.1056 0.9941 -0.0265
vn -0.3839 -0.7088 0.5918
vn 0.3713 -0.7529 -0.5434
vn -0.6534 0.6485 0.3905
vn 0.7776 -0.0356 -0.6277
vn 0.5482 0.7735 -0.3180
vn 0.4741 -0.0263 -0.8801
vn -0.2509 0.7862 0.5647
vn 0.4381 0.7588 -0.4820
vn -0.4454 -0.0386 0.8945
vn 0.0648 0.9974 -0.0313
vn -0.0839 -0.9928 -0.0858
vn -0.1541 -0.7092 0.6880
vn 0.3132 -0.7955 -0.5187
vn 0.2259 -0.7978 -0.5590
vn -0.0922 -0.9957 -0.0085
vn -0.1963 0.7902 0.5805
vn 0.3972 0.0001 -0.9177
vn -0.1962 -0.7903 0.5805
vn 0.2259 0.7978 -0.5590
vn -0.0315 0.9984 0.0475
vn -0.7049 0.6909 0.1606
vn -0.4767 -0.7888 0.3880
vn 0.0432 -0.9869 -0.1552
vn 0.6364 0.7036 -0.3162
vn -0.3702 0.7595 0.5350
vn 0.5876 -0.7673 -0.2567
vn 0.9756 -0.0972 -0.1969
vn 0.8410 0.0613 -0.5375
vn 0.9381 -0.3092 0.1563
vn 0.7486 -0.6466 0.1466
vn 0.4495 -0.8827 0.1369
vn 0.0881 -0.9877 0.1293
vn -0.4495 -0.8827 0.1369
vn -0.7486 -0.6466 0.1466
vn -0.9381 -0.3092 0.1563
vn -0.9838 0.0830 0.1588
vn -0.8712 0.4639 0.1605
vn -0.6177 0.7713 0.1531
vn -0.2680 0.9529 0.1417
vn 0.2680 0.9529 0.1417
vn 0.4358 0.7315 0.5244
vn 0.6177 0.7713 0.1531
vn 0.8712 0.4639 0.1605
vn -0.1855 -0.5902 0.7856
vn -0.3354 -0.4802 0.8105
vn -0.4631 -0.1511 0.8733
vn -0.1907 0.3035 0.9336
vn -0.6419 -0.3632 0.6753
vn -0.6864 -0.1062 0.7195
vn -0.6416 -0.3834 0.6643
vn -0.4999 -0.5898 0.6343
vn 0.2603 -0.7571 0.5992
vn -0.9838 0.0830 0.1589
vn 0.4300 -0.3258 0.8420
vn 0.1854 -0.5903 0.7856
vn -0.4299 -0.3259 0.8420
vn -0.4342 0.0258 0.9004
vn -0.6343 -0.3815 0.6723
vn -0.2714 -0.7423 0.6126
vn 0.2574 -0.7513 0.6077
vn 0.2714 -0.7423 0.6126
vn 0.4944 -0.5853 0.6426
vn 0.6344 -0.3815 0.6723
vn -0.4798 0.3586 0.8008
vn -0.6053 -0.0000 -0.7960
vn -0.0751 -0.0000 -0.9972
vn -0.9996 -0.0000 -0.0277
vn -0.9853 -0.0000 -0.1709
vn -0.9881 -0.0000 -0.1539
vn -0.0116 0.9976 0.0686
vn -0.9328 -0.3156 -0.1740
vn -0.9605 -0.2766 -0.0309
vn -0.9400 -0.3122 -0.1373
vn -0.5070 -0.4400 -0.7412
vn -0.0719 -0.4353 -0.8974
vn -0.0873 -0.4300 -0.8986
vn -0.5637 -0.4453 -0.6957
vn 0.0020 0.9891 0.1474
vn -0.0000 0.9889 0.1485
vn -0.5658 -0.0000 -0.8246
vn 0.0040 0.9860 0.1669
vn -0.0160 -0.4316 -0.9019
vn 0.0103 0.9974 0.0714
vn 0.0001 0.0004 1.0000
vn -0.0176 -0.0000 -0.9998
vn 0.0006 0.0018 1.0000
vn 0.1309 0.0341 0.9908
vn 0.2097 0.0064 0.9778
vn 0.1064 -0.0000 0.9943
vn -0.0221 0.9942 0.1054
vn 0.0028 0.9764 0.2160
vn -0.0449 -0.4312 -0.9011
vn -0.0158 -0.4316 -0.9019
vn -0.0499 -0.0000 -0.9988
vn 0.0330 0.9744 0.2225
vn 0.0064 0.9998 0.0202
vn 0.2095 -0.0000 0.9778
vn 0.3402 0.0294 0.9399
vn 0.2089 0.0776 0.9749
vn -0.0452 -0.4312 -0.9011
vn -0.0288 -0.7878 0.6152
vn -0.0287 -0.7878 0.6152
vn -0.0022 0.1808 -0.9835
vn 0.0186 0.1808 -0.9833
vn 0.0185 0.1808 -0.9833
vn -0.9819 -0.0343 0.1865
vn -0.9185 -0.0715 0.3890
vn -0.9927 -0.0218 0.1184
vn -0.0459 -0.1806 0.9825
vn 0.0135 -0.9818 -0.1893
vn 0.0053 -0.9644 -0.2644
vn -0.0039 -0.9776 -0.2106
vn -0.0084 0.9833 0.1819
vn -0.0082 0.9833 0.1816
vn -0.6520 -0.5513 0.5206
vn -0.9898 -0.0879 0.1117
vn -0.9449 -0.1810 0.2726
vn -0.9928 -0.0483 0.1094
vn -0.9863 -0.0299 0.1624
vn -0.0081 0.9834 0.1812
vn 0.0030 -0.9834 -0.1812
vn -0.0004 -0.9835 -0.1808
vn -0.9957 -0.0168 0.0912
vn 0.0082 -0.9832 -0.1822
vn 0.0081 -0.9834 -0.1814
vn -0.0089 0.9820 0.1888
vn -0.0032 0.9835 0.1811
vn 0.0437 0.1807 -0.9826
vn -0.0138 0.9833 0.1815
vn 0.0085 -0.9831 -0.1829
vn -0.0910 -0.1801 0.9794
vn -0.0920 -0.1801 0.9793
vn 0.0438 0.1807 -0.9826
vn -0.0574 -0.7868 0.6145
vn -0.0576 -0.7868 0.6145
vn -0.8146 -0.4418 0.3758
vn -0.8053 -0.1072 0.5831
vn -0.0105 0.9773 0.2114
vn 0.0026 0.9803 0.1977
vn 0.0004 0.9835 0.1808
vn 0.0123 -0.9837 -0.1793
vn -0.8892 -0.2502 0.3831
vn -0.8904 -0.3173 0.3263
vn -0.8877 -0.2320 0.3977
vn -0.0065 0.6591 0.7520
vn -0.1668 0.6052 0.7784
vn -0.2094 0.5876 0.7816
vn 0.7560 0.4934 -0.4302
vn -0.1458 -0.4941 -0.8571
vn -0.4968 0.6749 -0.5456
vn -0.4894 0.6840 -0.5410
vn -0.5588 0.5914 -0.5814
vn 0.5533 -0.7002 0.4511
vn 0.9649 -0.0000 0.2627
vn 0.1917 -0.0000 -0.9815
vn -0.7234 -0.0000 0.6905
vn -0.1916 -0.0000 0.9815
vn -0.0967 -0.8634 0.4952
vn -0.0967 0.8634 0.4952
vn -0.0380 0.9801 0.1948
vn -0.0380 -0.9801 0.1948
vn -0.9375 -0.0000 0.3480
vn 0.7625 -0.0000 0.6470
vn -0.0850 -0.3165 -0.9448
vn -0.0854 0.3161 -0.9449
vn -0.0851 -0.3165 -0.9448
vn -0.0848 0.3167 -0.9447
vn 0.4131 0.2909 -0.8630
vn 0.4135 -0.2905 -0.8629
vn 0.4146 -0.2891 -0.8629
vn 0.5391 0.0418 -0.8412
vn -0.3445 0.7554 0.5574
vn -0.7172 -0.0158 0.6967
vn -0.4231 -0.7357 0.5288
vn -0.0823 -0.9917 0.0988
vn 0.2783 0.8396 -0.4664
vn -0.5962 -0.0022 0.8029
vn 0.3264 -0.8175 -0.4745
vn -0.9555 -0.0967 -0.2789
vn -0.9544 -0.0913 -0.2843
vn -0.9553 -0.0957 -0.2798
vn -0.9541 -0.0894 -0.2860
vn -0.9517 -0.0953 -0.2918
vn -0.9513 -0.0964 -0.2929
vn -0.9523 -0.1020 -0.2875
vn -0.9514 -0.0976 -0.2919
vn -0.9551 -0.0977 -0.2798
vn -0.9527 -0.1039 -0.2857
vn 0.9802 0.1548 -0.1232
vn -0.1217 -0.0192 -0.9924
vn 0.1217 0.0192 0.9924
vn 0.1560 -0.9878 -0.0000
vn -0.1560 0.9878 -0.0000
vn -0.9692 -0.1376 0.2043
vn -0.9862 -0.1550 0.0585
vn -0.9650 -0.1348 0.2249
vn -0.9685 -0.2174 0.1217
vn -0.9615 -0.2459 0.1226
vn -0.9688 -0.2158 0.1216
vn -0.9685 -0.2173 0.1217
vn -0.9615 -0.2460 0.1226
vn -0.9862 -0.1550 0.0586
vn -0.9650 -0.1348 0.2248
vn 0.9616 0.2714 0.0400
vn 0.0144 0.0957 -0.9953
vn -0.0144 -0.0957 0.9953
vn 0.2739 -0.9577 -0.0881
vn -0.2739 0.9577 0.0881
vn -0.9636 -0.2637 0.0432
vn -0.9589 -0.2639 -0.1044
vn -0.9626 -0.2631 0.0643
vn -0.9423 -0.3315 -0.0468
vn -0.9320 -0.3592 -0.0480
vn -0.9428 -0.3300 -0.0467
vn -0.9321 -0.3591 -0.0480
vn -0.9428 -0.3301 -0.0467
vn -0.1960 0.1191 -0.9733
vn 0.1259 0.3225 -0.9382
vn -0.1572 0.0471 -0.9864
vn -0.9905 -0.0994 0.0947
vn -0.8928 0.4483 -0.0449
vn -0.9916 0.0922 -0.0905
vn 0.9926 -0.0844 0.0867
vn 0.9452 -0.2872 -0.1551
vn 0.9916 0.0921 -0.0905
vn -0.8761 0.4352 0.2074
vn -0.6721 0.7402 -0.0179
vn 0.7178 -0.6960 0.0200
vn 0.8704 -0.4654 0.1609
vn -0.6281 0.7248 0.2832
vn -0.3604 0.9328 -0.0038
vn 0.4088 -0.8703 -0.2748
vn 0.6237 -0.7256 -0.2907
vn -0.0978 0.9199 0.3799
vn -0.2834 0.8923 0.3513
vn -0.0622 0.9205 0.3857
vn 0.3865 0.9223 -0.0079
vn 0.3621 0.8749 0.3215
vn 0.2861 0.8942 0.3442
vn -0.0047 1.0000 0.0054
vn -0.0047 -1.0000 -0.0050
vn 0.3704 -0.9285 0.0261
vn 0.0001 -0.0353 0.9994
vn -0.0900 -0.4028 0.9109
vn -0.0000 -0.4223 0.9065
vn 0.6721 0.7402 -0.0179
vn 0.3815 0.9244 0.0062
vn -0.6702 -0.7419 0.0202
vn -0.9453 -0.2872 -0.1549
vn -0.7429 -0.6307 -0.2240
vn 0.8761 0.4352 0.2074
vn 0.7500 0.5493 0.3685
vn -0.9361 -0.3448 0.0691
vn -0.9307 -0.3591 0.0690
vn -0.6752 -0.6835 -0.2774
vn -0.8959 -0.3901 -0.2126
vn 0.1620 0.3347 -0.9283
vn -0.0609 0.0452 -0.9971
vn 0.0900 0.4028 -0.9109
vn 0.0668 0.3589 -0.9310
vn -0.0865 -0.0023 -0.9963
vn -0.0000 0.0356 -0.9994
vn -0.0000 0.4223 -0.9064
vn -0.0001 -0.0205 -0.9998
vn -0.0000 0.3711 -0.9286
vn 0.0609 0.0452 -0.9971
vn -0.0900 0.4028 -0.9109
vn 0.0809 -0.0047 -0.9967
vn -0.1259 0.3224 -0.9382
vn 0.1572 0.0471 -0.9864
vn 0.1169 0.0754 -0.9903
vn -0.1619 0.3503 -0.9226
vn 0.2030 0.1169 -0.9722
vn -0.1660 0.2640 -0.9501
vn 0.1593 0.1272 -0.9790
vn -0.2060 0.2778 -0.9383
vn 0.2195 0.1968 -0.9556
vn -0.1778 0.1940 -0.9648
vn -0.2192 0.1971 -0.9556
vn 0.1778 0.1940 -0.9648
vn -0.1593 0.1271 -0.9790
vn 0.2059 0.2778 -0.9383
vn 0.1589 0.2481 -0.9556
vn -0.1233 0.0778 -0.9893
vn 0.9370 0.3413 -0.0742
vn 0.2185 -0.1900 0.9572
vn -0.1594 -0.1271 0.9790
vn 0.2059 -0.2778 0.9383
vn -0.9907 0.0223 0.1345
vn -0.9898 -0.0295 -0.1393
vn -0.1169 -0.0755 0.9903
vn 0.1619 -0.3503 0.9225
vn -0.0609 -0.0451 0.9971
vn 0.0900 -0.4028 0.9108
vn -0.9318 0.3551 -0.0749
vn -0.8959 0.3902 0.2125
vn 0.0634 -0.0397 0.9972
vn -0.1618 -0.3503 0.9226
vn -0.7175 0.6958 -0.0313
vn -0.6745 0.6852 0.2750
vn -0.4088 -0.8703 -0.2749
vn -0.3604 -0.9328 0.0038
vn 0.1233 -0.0778 0.9893
vn -0.2059 -0.2778 0.9383
vn -0.3678 0.8730 0.3203
vn -0.3866 0.9222 -0.0078
vn 0.0041 1.0000 -0.0045
vn 0.1607 -0.1374 0.9774
vn -0.2195 -0.1970 0.9555
vn -0.0530 0.3491 -0.9356
vn 0.6352 0.6778 0.3704
vn 0.9318 0.3552 -0.0750
vn 0.8954 0.3925 0.2102
vn 0.1686 -0.2054 0.9641
vn -0.2028 -0.1170 0.9722
vn 0.7131 0.6947 -0.0946
vn 0.9886 0.0338 0.1467
vn 0.9898 -0.0295 -0.1393
vn 0.1486 -0.2687 0.9517
vn -0.1573 -0.0471 0.9864
vn 0.8959 -0.3902 -0.2125
vn 0.9316 -0.3556 0.0754
vn 0.1076 -0.3180 0.9420
vn -0.0864 0.0023 0.9963
vn 0.6752 -0.6835 -0.2774
vn 0.7185 -0.6949 0.0301
vn 0.0530 -0.3493 0.9355
vn -0.0000 0.0205 0.9998
vn 0.3874 -0.9219 0.0092
vn 0.3620 -0.8752 -0.3208
vn -0.0105 -0.3595 0.9331
vn 0.0863 0.0023 0.9963
vn -0.0000 -0.9416 -0.3366
vn -0.0000 -1.0000 0.0006
vn -0.0751 -0.3443 0.9358
vn 0.1572 -0.0471 0.9864
vn -0.3854 -0.9227 0.0068
vn -0.3620 -0.8752 -0.3208
vn -0.1660 -0.2640 0.9501
vn 0.2028 -0.1170 0.9722
vn -0.7134 -0.6943 0.0951
vn -0.1683 -0.2053 0.9641
vn -0.0000 -0.9432 0.3322
vn -0.3067 -0.8860 0.3477
vn -0.5718 -0.7203 0.3926
vn -0.7536 -0.4648 0.4647
vn -0.8242 -0.1587 0.5436
vn -0.7694 0.1534 0.6201
vn -0.5929 0.4222 0.6857
vn -0.3233 0.6059 0.7269
vn -0.0000 0.6715 0.7410
vn 0.3233 0.6059 0.7269
vn 0.5929 0.4222 0.6857
vn 0.7694 0.1534 0.6201
vn 0.8241 -0.1587 0.5437
vn 0.7538 -0.4649 0.4643
vn 0.5714 -0.7196 0.3946
vn 0.3068 -0.8863 0.3470
vn 0.2725 0.5402 0.7962
vn 0.0155 0.5849 0.8110
vn 0.5143 0.4003 0.7585
vn 0.6906 0.1787 0.7008
vn 0.7756 -0.0966 0.6238
vn 0.7406 -0.3939 0.5443
vn 0.5794 -0.6612 0.4766
vn 0.3196 -0.8483 0.4223
vn -0.0000 -0.9180 0.3966
vn -0.3195 -0.8482 0.4223
vn -0.5801 -0.6614 0.4754
vn -0.1073 -0.3177 0.9421
vn -0.7382 -0.3942 0.5474
vn -0.7775 -0.0955 0.6216
vn -0.6911 0.1792 0.7002
vn -0.5139 0.3996 0.7591
vn -0.2725 0.5402 0.7962
vn -0.0000 -0.6709 -0.7416
vn 0.0974 -0.9199 -0.3798
vn 0.1704 -0.5866 -0.7917
vn 0.7679 -0.1531 -0.6220
vn 0.4416 -0.4800 -0.7580
vn 0.7621 -0.0224 -0.6471
vn 0.5714 0.7196 -0.3946
vn 0.7698 0.2534 -0.5858
vn 0.3067 0.8857 -0.3484
vn -0.0000 0.9437 -0.3309
vn -0.3395 0.8729 -0.3505
vn -0.7544 0.4654 -0.4630
vn -0.3520 0.7631 -0.5420
vn -0.8242 0.1587 -0.5436
vn -0.7684 -0.1532 -0.6214
vn -0.5932 -0.4223 -0.6854
vn -0.3233 -0.6059 -0.7269
vn -0.0000 0.9150 -0.4034
vn -0.3540 0.8321 -0.4269
vn -0.5794 0.6612 -0.4766
vn -0.5888 0.5470 -0.5951
vn -0.6918 -0.1800 -0.6993
vn -0.7059 0.2740 -0.6532
vn -0.5144 -0.4005 -0.7583
vn -0.2563 -0.5434 -0.7994
vn -0.0000 -0.5853 -0.8108
vn 0.2881 -0.5343 -0.7947
vn 0.5136 -0.3989 -0.7597
vn 0.5659 -0.2157 -0.7958
vn 0.7775 0.1229 -0.6167
vn 0.7373 0.3943 -0.5486
vn 0.6079 0.4762 -0.6354
vn 0.4498 0.6761 -0.5836
vn -0.0000 0.2038 -0.9790
vn 0.4987 0.6998 0.5115
vn 0.3046 0.9519 -0.0336
vn 0.4699 0.8222 0.3212
vn 0.9757 -0.1481 -0.1615
vn 0.9168 0.0425 -0.3970
vn 0.6925 -0.5960 0.4064
vn 0.2886 -0.7043 0.6487
vn 0.1560 -0.8654 0.4761
vn -0.0872 -0.7626 -0.6410
vn -0.9757 -0.1481 -0.1614
vn -0.6066 -0.3461 -0.7157
vn -0.6425 -0.4099 0.6474
vn -0.8496 0.1185 0.5139
vn -0.3047 0.9518 -0.0343
vn -0.4797 0.6657 -0.5715
vn 0.0464 0.2986 -0.9532
vn -0.0465 0.2988 -0.9532
vn -0.0774 0.3913 -0.9170
vn 0.1867 0.2753 -0.9431
vn 0.0764 0.0136 -0.9970
vn -0.1755 0.1222 -0.9769
vn -0.0716 0.0152 -0.9973
vn 0.0691 0.1887 -0.9796
vn 0.0368 0.1411 -0.9893
vn -0.0351 0.1422 -0.9892
vn -0.0665 0.1879 -0.9799
vn -0.0788 0.2310 -0.9698
vn 0.0735 0.2263 -0.9713
vn 0.1846 0.1339 -0.9737
vn 0.0624 0.3810 -0.9225
vn -0.1864 0.2759 -0.9429
vn 0.2130 0.7386 0.6396
vn 0.3760 0.9145 -0.1494
vn 0.3394 0.9350 0.1032
vn 0.3343 0.9336 0.1288
vn -0.3741 -0.9180 0.1315
vn -0.3741 -0.9181 0.1311
vn -0.3376 -0.9346 -0.1121
vn -0.8828 0.4698 -0.0010
vn -0.8827 0.4699 -0.0079
vn -0.8827 0.4699 -0.0081
vn 0.3752 0.9161 -0.1415
vn 0.8828 0.4698 -0.0010
vn 0.8827 0.4699 -0.0079
vn 0.8828 0.4698 -0.0008
vn -0.3752 0.9161 -0.1415
vn 0.3377 -0.9346 -0.1121
vn -0.3760 0.9145 -0.1494
vn -0.3393 0.9350 0.1031
vn -0.3343 0.9336 0.1288
vn 0.3741 -0.9180 0.1315
vn 0.3741 -0.9181 0.1311
vn -0.2387 0.9631 -0.1243
vn 0.2387 -0.9631 -0.1243
vn -0.2386 0.9629 -0.1257
vn -0.2391 0.9648 0.1094
vn -0.2381 0.9607 0.1427
vn 0.2391 -0.9647 0.1100
vn 0.2387 -0.9629 -0.1258
vn -0.2387 -0.9629 0.1257
vn -0.2391 -0.9648 -0.1094
vn -0.2387 -0.9631 0.1243
vn 0.2387 0.9631 0.1243
vn 0.2386 0.9629 0.1257
vn 0.2391 0.9647 -0.1100
vn 0.2381 0.9608 -0.1422
vn 0.5658 -0.0000 -0.8246
vn 0.5637 -0.4453 -0.6957
vn 0.0158 -0.4316 -0.9019
vn -0.2089 0.0776 0.9749
vn 0.9927 -0.0218 0.1184
vn -0.0000 0.9835 0.1808
vn 0.0004 -0.9835 -0.1808
vn 0.8877 -0.2320 0.3977
vn -0.0115 0.6640 0.7477
vn 0.5588 0.5914 -0.5814
vn 0.1917 -0.0000 0.9815
vn 0.9865 -0.1558 0.0512
vn 0.9613 -0.2466 0.1227
vn 0.9865 -0.1558 0.0513
vn 0.9581 -0.2638 -0.1117
vn 0.9318 -0.3598 -0.0481
vn -0.3132 -0.0000 0.9497
vn -0.9615 -0.2722 -0.0369
vn -0.8902 -0.3236 0.3208
vn 0.0115 0.6640 0.7477
vn -0.4264 0.7528 -0.5015
vn -0.1917 -0.0000 0.9815
vn 0.4142 0.2895 -0.8629
vn -0.0696 0.9911 0.1132
vn -0.9534 -0.0910 -0.2877
vn -0.9533 -0.1022 -0.2841
vn -0.9865 -0.1558 0.0512
vn -0.9613 -0.2466 0.1227
vn -0.9865 -0.1558 0.0513
vn -0.9581 -0.2638 -0.1117
vn -0.9318 -0.3598 -0.0481
vn -0.9318 -0.3597 -0.0481
vn -0.3309 -0.9324 -0.1453
vn -0.8828 0.4698 -0.0008
vn 0.8827 0.4699 -0.0081
vn 0.3308 -0.9325 -0.1452
vn 0.2381 -0.9608 0.1423
vn -0.2381 -0.9607 -0.1429
vn -0.0000 0.8638 -0.5038
vn 0.0547 0.8633 -0.5017
vn 0.0330 0.8707 -0.4906
vn 0.8726 0.4878 0.0250
vn 0.8731 0.4869 0.0238
vn 0.8638 0.5018 0.0445
vn 0.8847 0.4662 -0.0049
vn 0.8853 0.4651 -0.0011
vn 0.8865 0.4625 0.0115
vn 0.8860 0.4631 0.0229
vn 0.0968 0.8851 -0.4552
vn 0.1645 0.8818 -0.4421
vn 0.1137 0.8897 -0.4422
vn -0.0000 0.8097 0.5869
vn -0.0000 0.8035 0.5954
vn -0.0856 0.8115 0.5781
vn -0.1530 0.8208 0.5503
vn -0.1820 0.8212 0.5408
vn -0.1614 0.8187 0.5510
vn -0.1513 0.8189 0.5537
vn -0.0970 0.8178 0.5672
vn 0.1169 0.8749 -0.4700
vn -0.0546 0.8633 -0.5017
vn -0.0329 0.8707 -0.4907
vn -0.8731 0.4869 0.0238
vn -0.8726 0.4878 0.0250
vn -0.8638 0.5018 0.0445
vn -0.8847 0.4662 -0.0049
vn -0.8853 0.4651 -0.0010
vn -0.8829 0.4696 -0.0081
vn -0.8865 0.4626 0.0109
vn -0.8860 0.4631 0.0229
vn -0.1645 0.8818 -0.4421
vn -0.0968 0.8851 -0.4552
vn -0.1137 0.8897 -0.4422
vn -0.1170 0.8749 -0.4700
vn -0.0000 0.8588 -0.5123
vn 0.8826 0.4701 0.0009
vn 0.8828 0.4696 -0.0081
vn -0.8826 0.4701 0.0009
vn -0.9540 -0.2909 0.0724
vn -0.3277 0.9428 0.0610
vn -0.9719 0.0349 -0.2329
vn 0.2294 0.3648 -0.9024
vn 0.6675 0.6949 0.2677
vn 0.8669 -0.0739 0.4930
vn 0.9719 -0.0349 0.2329
vn 0.6888 0.6440 0.3329
vn -0.5469 -0.7978 -0.2536
vn 0.2625 -0.9640 0.0426
vn -0.6840 -0.7293 0.0160
vn 0.8530 -0.5045 0.1334
vn 0.2294 -0.0842 -0.9697
vn -0.9541 -0.2897 0.0756
vn 0.8691 -0.0733 0.4891
vn 0.2585 -0.9655 0.0326
vn -0.6854 -0.7278 0.0247
vn 0.8895 0.3652 0.2745
vn 0.3277 0.9428 0.0610
vn 0.8749 0.4819 0.0488
vn -0.2294 0.3648 -0.9024
vn -0.7941 -0.3531 0.4946
vn -0.6675 0.6949 0.2677
vn -0.9719 -0.0349 0.2329
vn -0.6768 0.0144 0.7360
vn 0.5469 -0.7978 -0.2536
vn -0.2625 -0.9640 0.0426
vn -0.8530 -0.5045 0.1334
vn 0.4384 -0.8152 0.3785
vn -0.2294 -0.0842 -0.9697
vn -0.8530 -0.5045 0.1333
vn -0.8749 0.4819 0.0488
vn 0.9719 0.0349 -0.2329
vn 0.4394 -0.1849 0.8791
vn 0.0872 0.2433 0.9660
vn -0.3103 0.0866 0.9467
vn 0.4400 -0.1849 0.8788
vn 0.0877 0.2447 0.9656
vn -0.3089 0.0868 0.9471
vn -0.3399 -0.1420 0.9297
vn -0.6644 -0.0870 0.7423
vn -0.6199 -0.3591 0.6977
vn -0.4751 -0.5739 0.6670
vn -0.2160 -0.3033 0.9281
vn -0.2559 -0.7218 0.6431
vn -0.0872 -0.3555 0.9306
vn 0.0002 -0.7720 0.6356
vn 0.0351 -0.3636 0.9309
vn 0.0583 -0.3909 0.9186
vn 0.2559 -0.7207 0.6443
vn 0.2044 -0.3354 0.9196
vn 0.4739 -0.5723 0.6692
vn 0.6173 -0.3581 0.7005
vn 0.6611 -0.0874 0.7452
vn 0.3375 0.0065 0.9413
vn 0.5703 0.1584 0.8060
vn 0.2671 0.1284 0.9551
vn 0.3941 0.3225 0.8606
vn 0.1644 0.1929 0.9673
vn 0.1938 0.4018 0.8950
vn 0.0002 0.4227 0.9063
vn -0.0054 0.2177 0.9760
vn -0.0689 0.2197 0.9731
vn -0.1939 0.4032 0.8943
vn -0.1651 0.1983 0.9661
vn -0.3955 0.3247 0.8592
vn -0.5732 0.1601 0.8036
vn -0.3408 0.0099 0.9401
vn -0.3392 -0.1420 0.9299
vn -0.6617 -0.0872 0.7447
vn -0.6176 -0.3583 0.7002
vn -0.4739 -0.5725 0.6691
vn -0.2157 -0.3027 0.9283
vn -0.2556 -0.7205 0.6446
vn -0.0872 -0.3551 0.9307
vn -0.0000 -0.7714 0.6363
vn 0.0350 -0.3634 0.9310
vn 0.2556 -0.7206 0.6445
vn 0.2043 -0.3356 0.9196
vn 0.4739 -0.5725 0.6690
vn 0.6178 -0.3584 0.7000
vn 0.6619 -0.0872 0.7445
vn 0.3380 0.0067 0.9411
vn 0.5715 0.1589 0.8051
vn 0.2677 0.1289 0.9548
vn 0.3954 0.3239 0.8595
vn 0.1650 0.1937 0.9671
vn 0.1945 0.4038 0.8939
vn -0.0000 0.4243 0.9055
vn -0.0054 0.2185 0.9758
vn -0.0689 0.2203 0.9730
vn -0.1944 0.4037 0.8940
vn -0.1650 0.1984 0.9661
vn -0.3953 0.3237 0.8596
vn -0.5713 0.1588 0.8052
vn -0.3399 0.0097 0.9404
vn -0.3261 0.1023 0.9398
vn -0.1328 -0.5305 0.8372
vn 0.4182 -0.1388 0.8977
vn -0.3272 0.1027 0.9394
vn -0.1330 -0.5303 0.8373
vn 0.4161 -0.1392 0.8986
vn 0.6644 -0.0869 0.7423
vn 0.3390 0.0070 0.9408
vn 0.4751 -0.5739 0.6670
vn 0.2199 -0.3984 0.8905
vn 0.2559 -0.7218 0.6431
vn 0.0490 -0.4628 0.8851
vn -0.0002 -0.7720 0.6356
vn -0.1137 -0.4449 0.8883
vn -0.3805 -0.3115 0.8707
vn -0.2559 -0.7207 0.6443
vn -0.4298 -0.1579 0.8890
vn -0.4739 -0.5723 0.6692
vn -0.6611 -0.0875 0.7451
vn -0.3731 0.0284 0.9274
vn -0.5703 0.1584 0.8060
vn -0.3941 0.3225 0.8606
vn -0.1762 0.2152 0.9605
vn -0.1938 0.4019 0.8949
vn -0.0703 0.2353 0.9694
vn -0.0002 0.4227 0.9063
vn 0.0160 0.2298 0.9731
vn 0.1048 0.2259 0.9685
vn 0.2108 0.1834 0.9602
vn 0.1939 0.4032 0.8943
vn 0.3222 0.0947 0.9419
vn 0.3955 0.3247 0.8592
vn 0.5732 0.1601 0.8036
vn 0.6617 -0.0872 0.7447
vn 0.3379 0.0067 0.9412
vn 0.4739 -0.5725 0.6691
vn 0.2197 -0.3970 0.8911
vn 0.2556 -0.7205 0.6446
vn 0.0493 -0.4620 0.8855
vn -0.1135 -0.4447 0.8884
vn -0.3807 -0.3113 0.8707
vn -0.2556 -0.7206 0.6445
vn -0.4303 -0.1577 0.8888
vn -0.4739 -0.5725 0.6690
vn -0.6619 -0.0871 0.7445
vn -0.3737 0.0287 0.9271
vn -0.5715 0.1589 0.8051
vn -0.3954 0.3239 0.8595
vn -0.1768 0.2162 0.9602
vn -0.1945 0.4038 0.8939
vn -0.0705 0.2365 0.9691
vn 0.0161 0.2308 0.9729
vn 0.1048 0.2263 0.9684
vn 0.2101 0.1833 0.9603
vn 0.1944 0.4036 0.8940
vn 0.3203 0.0946 0.9426
vn 0.3953 0.3237 0.8596
vn 0.5713 0.1588 0.8052
vn 0.6199 -0.3591 0.6977
vn -0.6173 -0.3581 0.7005
vn 0.6176 -0.3582 0.7002
vn -0.6178 -0.3584 0.7000
vn -0.0005 0.0002 1.0000
vn 0.0246 -0.1294 0.9913
vn -0.0015 -0.1457 0.9893
vn 0.0534 -0.1305 0.9900
vn -0.0000 -0.2571 0.9664
vn 0.0503 -0.2545 0.9658
vn -0.0000 -0.2525 0.9676
vn 0.0244 -0.2523 0.9673
vn 0.0026 -0.1295 0.9916
vn 0.0878 0.1108 -0.9900
vn 0.0437 0.0556 -0.9975
vn 0.0887 0.0552 -0.9945
vn 0.0618 0.1138 -0.9916
vn 0.0266 0.1644 -0.9860
vn 0.0455 0.1188 -0.9919
vn 0.0112 0.0654 -0.9978
vn 0.0867 0.1662 -0.9823
vn 0.0595 0.1683 -0.9839
vn 0.0602 0.1134 -0.9917
vn 0.0607 0.0578 -0.9965
vn 0.0510 -0.0001 0.9987
vn 0.0506 -0.1303 0.9902
vn 0.0485 -0.2540 0.9660
vn 0.0003 0.1148 -0.9934
vn -0.0000 0.0592 -0.9982
vn -0.0000 0.1696 -0.9855
vn 0.0533 -0.0001 0.9986
vn 0.9337 -0.3000 0.1954
vn 0.9761 -0.2157 -0.0259
vn 0.9743 -0.2249 0.0129
vn 0.9747 -0.2230 -0.0138
vn -0.0000 -0.4346 0.9006
vn 0.0289 -0.4332 0.9008
vn 0.9742 -0.2254 0.0132
vn 0.9751 -0.2054 -0.0837
vn 0.9215 -0.2683 -0.2806
vn 0.9162 -0.2678 -0.2981
vn 0.1073 -0.4467 0.8882
vn 0.1739 -0.3644 -0.9149
vn 0.0639 -0.3613 -0.9302
vn 0.1920 -0.3625 -0.9120
vn 0.9755 -0.2109 -0.0619
vn -0.0000 -0.3620 -0.9322
vn 0.0593 -0.3626 -0.9300
vn -0.0000 -0.3628 -0.9319
vn -0.0080 0.9904 -0.1378
vn -0.0000 0.9906 -0.1367
vn -0.0000 0.9911 -0.1333
vn -0.0237 0.9891 -0.1455
vn 0.0061 0.9896 -0.1436
vn -0.0292 0.9871 -0.1574
vn 0.0021 0.9875 -0.1575
vn -0.0078 -0.8456 -0.5338
vn -0.0000 -0.8456 -0.5338
vn -0.0077 -0.8456 -0.5338
vn -1.0000 -0.0000 -0.0000
vn -0.0000 -0.3980 0.9174
vn 1.0000 -0.0000 -0.0000
vn -0.0000 0.1247 0.9922
vn -0.0000 0.2132 0.9770
vn -0.0000 -0.1247 -0.9922
vn -0.0000 -0.2066 -0.9784
vn -0.0000 -0.2069 -0.9784
vn -0.0000 -0.2850 -0.9585
vn -0.0000 0.2971 0.9549
vn 0.9959 0.0888 -0.0152
vn -0.9959 0.0888 -0.0152
vn -0.2751 0.9476 -0.1624
vn -0.6457 0.7526 -0.1289
vn -0.2106 0.9635 -0.1651
vn -0.8320 0.5467 -0.0937
vn -0.9556 0.2904 -0.0498
vn 0.9556 0.2904 -0.0498
vn 0.8320 0.5467 -0.0937
vn 0.6457 0.7526 -0.1289
vn 0.2752 0.9476 -0.1624
vn 0.2107 0.9635 -0.1651
vn -0.0000 0.2040 0.9790
vn -0.0000 0.3323 0.9432
vn -0.0000 -0.2040 -0.9790
vn -0.0000 -0.2573 -0.9663
vn -0.0000 -0.5522 0.8337
vn -0.0000 -0.2577 -0.9662
vn -0.0000 -0.3097 -0.9508
vn 0.0026 0.3315 0.9435
vn -0.0000 0.4448 0.8956
vn 0.9186 0.3931 -0.0406
vn 0.9817 0.1894 -0.0196
vn 0.5326 0.8419 -0.0870
vn 0.6578 0.7492 -0.0774
vn 0.1453 0.9841 -0.1017
vn -0.0000 0.9947 -0.1028
vn 0.1652 0.9810 -0.1014
vn -0.3688 0.4828 -0.7943
vn 0.0068 0.7403 -0.6723
vn -0.3847 -0.4079 -0.8280
vn -0.3693 0.4823 -0.7944
vn -0.0068 -0.7403 -0.6723
vn -0.3843 -0.4084 -0.8280
vn -0.0000 0.7403 -0.6723
vn -0.0093 -0.7402 -0.6723
vn -0.0000 -0.7377 -0.6751
vn -0.0240 -0.1293 0.9913
vn 0.0005 0.0002 1.0000
vn 0.0015 -0.1459 0.9893
vn -0.0526 -0.1308 0.9900
vn -0.0503 -0.2545 0.9658
vn -0.0533 -0.0001 0.9986
vn -0.0437 0.0556 -0.9975
vn -0.0878 0.1108 -0.9900
vn -0.0887 0.0552 -0.9945
vn -0.0618 0.1138 -0.9916
vn -0.0266 0.1644 -0.9860
vn -0.0529 0.1659 -0.9847
vn -0.0112 0.0654 -0.9978
vn -0.0867 0.1662 -0.9823
vn -0.0595 0.1683 -0.9839
vn -0.0602 0.1134 -0.9917
vn -0.0607 0.0578 -0.9965
vn -0.0510 -0.0001 0.9987
vn -0.0253 -0.0001 0.9997
vn -0.0485 -0.2540 0.9660
vn -0.0244 -0.2523 0.9673
vn -0.0513 -0.1303 0.9901
vn -0.9337 -0.3000 0.1954
vn -0.1073 -0.4467 0.8882
vn -0.9761 -0.2157 -0.0259
vn -0.9743 -0.2249 0.0129
vn -0.9742 -0.2253 0.0131
vn -0.0289 -0.4332 0.9008
vn -0.0000 -0.4366 0.8997
vn -0.9215 -0.2683 -0.2806
vn -0.9751 -0.2054 -0.0837
vn -0.9162 -0.2678 -0.2981
vn -0.0639 -0.3613 -0.9303
vn -0.1740 -0.3644 -0.9148
vn -0.1921 -0.3625 -0.9120
vn -0.9755 -0.2109 -0.0619
vn -0.0593 -0.3626 -0.9300
vn 0.0080 0.9904 -0.1378
vn -0.0061 0.9896 -0.1436
vn 0.0237 0.9891 -0.1455
vn -0.0017 0.9875 -0.1577
vn 0.0292 0.9871 -0.1574
vn -0.0000 0.9846 -0.1746
vn 0.0078 -0.8456 -0.5338
vn 0.0077 -0.8456 -0.5338
vn -0.0000 -0.2067 -0.9784
vn -0.0000 -0.2068 -0.9784
vn -0.0000 0.2131 0.9770
vn 0.2751 0.9476 -0.1624
vn 0.2106 0.9635 -0.1651
vn -0.2752 0.9476 -0.1624
vn -0.9186 0.3931 -0.0406
vn -0.9817 0.1894 -0.0196
vn -0.5326 0.8419 -0.0870
vn -0.1453 0.9841 -0.1017
vn -0.6578 0.7492 -0.0774
vn -0.1652 0.9810 -0.1014
vn -0.0068 0.7403 -0.6723
vn 0.3688 0.4828 -0.7943
vn 0.3694 0.4823 -0.7943
vn 0.3847 -0.4079 -0.8280
vn 0.0068 -0.7403 -0.6723
vn 0.0093 -0.7402 -0.6723
vn -0.0000 -0.7376 -0.6752
vn -0.6833 0.7181 0.1319
vn -0.9945 -0.1028 -0.0189
vn -0.6048 -0.7833 -0.1438
vn 0.9813 0.1909 0.0253
vn 0.9260 -0.3620 -0.1070
vn 0.4688 0.8819 -0.0497
vn 0.9954 -0.0941 -0.0172
vn 0.6839 0.7175 0.1323
vn 0.6092 -0.7800 -0.1432
vn -0.0000 -0.1781 0.9840
vn -0.3951 0.9035 0.1660
vn 0.3951 0.9035 0.1660
vn 0.0002 0.0064 -1.0000
vn 0.0004 0.0024 -1.0000
vn 0.0003 0.0021 -1.0000
vn -0.0002 0.0064 -1.0000
vn 0.0004 0.0030 -1.0000
vn -0.0003 0.0021 -1.0000
vn -0.0004 0.0024 -1.0000
vn -0.0004 0.0030 -1.0000
vn -0.4629 0.8861 -0.0239
vn -0.9218 -0.3666 -0.1263
vn -0.0000 -0.9918 -0.1279
vn -0.0000 0.9908 0.1351
vn -0.9813 0.1909 0.0253
vn -0.9812 0.1916 0.0247
vn -0.0000 -0.2038 0.9790
vn -0.4970 -0.8649 0.0708
vn -0.0000 0.9790 0.2038
vn -0.9141 -0.3760 0.1520
vn 0.4336 -0.8822 -0.1837
vn 0.9140 -0.3761 0.1520
vn 0.7539 -0.6432 -0.1339
vn -0.4336 -0.8822 -0.1837
vn -0.7539 -0.6432 -0.1339
vn -0.2704 -0.7248 0.6337
vn -0.5045 -0.8587 0.0895
vn -0.4987 0.8486 0.1766
vn -0.9597 -0.2752 -0.0574
vn 0.5023 0.8465 0.1762
vn 0.6287 -0.7774 0.0200
vn 0.9597 -0.2752 -0.0573
vn 0.9191 0.3581 0.1642
vn 0.8515 -0.5134 -0.1069
vn -0.0000 -0.9989 0.0475
vn -0.0000 -0.9790 -0.2038
vn 0.1655 -0.6537 0.7385
vn -0.4489 -0.8935 0.0119
vn -0.8510 -0.5141 -0.1070
vn 0.0253 -0.0001 0.9997
vn 0.0529 0.1659 -0.9847
vn -0.0455 0.1188 -0.9919
vn -0.9747 -0.2230 -0.0137
vn -0.2107 0.9635 -0.1651
vn 0.3843 -0.4084 -0.8280
vn 0.9812 0.1916 0.0247
vn -0.9157 0.3614 0.1756
vn -0.0002 -0.9991 0.0417
vn 0.0030 -0.9809 -0.1946
vn 0.1019 -0.9752 -0.1965
vn 0.0340 -0.9758 -0.2160
vn 0.0002 -1.0000 0.0039
vn -0.0025 -1.0000 0.0019
vn -0.0104 -0.9999 0.0007
vn -0.0012 -0.9998 0.0173
vn 0.0026 -0.9999 0.0102
vn -0.0002 -1.0000 0.0038
vn 0.1585 -0.9572 -0.2420
vn 0.0709 -0.9585 -0.2762
vn -0.0000 -1.0000 0.0010
vn -0.0001 -1.0000 0.0092
vn -0.0000 -1.0000 0.0100
vn -0.0031 -0.9970 0.0771
vn -0.0000 -0.9970 0.0776
vn -0.0000 -0.9878 0.1559
vn 0.0043 -0.9870 0.1609
vn -0.0080 -0.9999 0.0084
vn -0.0006 -1.0000 0.0045
vn 0.0263 -0.9935 0.1109
vn 0.0303 -0.9944 0.1011
vn -0.0000 -0.9949 0.1008
vn -0.0005 -1.0000 0.0027
vn -0.0081 -1.0000 -0.0006
vn -0.0117 -0.9999 0.0004
vn -0.0000 -1.0000 -0.0012
vn 0.0183 -0.9875 0.1564
vn 0.0106 -0.9966 0.0814
vn 0.0523 -0.9950 -0.0847
vn 0.0316 -0.9956 -0.0880
vn 0.0210 -0.9492 -0.3139
vn -0.0000 -0.9956 -0.0941
vn -0.0000 -0.9478 -0.3189
vn 0.0568 -0.9876 0.1463
vn 0.0133 -0.9949 0.1002
vn 0.0861 -0.9924 -0.0883
vn -0.0000 -0.9289 -0.3704
vn 0.0786 -0.9687 -0.2353
vn -0.0000 -0.9703 -0.2418
vn -0.0000 -0.4387 0.8986
vn 0.0652 -0.9313 0.3584
vn 0.0236 -0.4217 0.9064
vn -0.0000 -0.1428 -0.9898
vn 0.0354 -0.4743 -0.8797
vn -0.0000 -0.4894 -0.8721
vn -0.0795 -0.8704 -0.4859
vn -0.0000 -0.9998 0.0201
vn -0.0000 -0.9284 0.3716
vn -0.0000 -0.1201 0.9928
vn 0.0018 -0.1246 0.9922
vn 0.1203 -0.9055 0.4069
vn 0.0312 -0.3717 0.9278
vn -0.0025 -0.1301 0.9915
vn 0.1494 -0.9629 -0.2248
vn 0.0090 -0.1470 -0.9891
vn 0.0496 -0.4116 -0.9100
vn 0.1330 -0.8944 -0.4271
vn 0.1535 -0.9881 -0.0036
vn 0.9695 -0.2451 -0.0000
vn -0.0117 -0.5460 0.8377
vn 0.0850 -0.9413 0.3267
vn 0.0364 -0.5407 0.8404
vn 0.0137 -0.1882 -0.9820
vn 0.0500 -0.5377 -0.8417
vn 0.0117 -0.5448 -0.8385
vn -0.0045 -0.9462 0.3236
vn 0.0767 -0.9970 -0.0046
vn -0.0135 -0.2614 0.9651
vn 0.0171 -0.2676 0.9634
vn 0.0003 -0.9997 -0.0248
vn 0.0755 -0.9368 -0.3417
vn 0.0050 -0.9329 -0.3601
vn 0.0057 -0.1978 -0.9802
vn 0.0705 -0.4891 -0.8694
vn 0.1614 -0.9869 -0.0044
vn 0.1510 -0.9181 0.3664
vn 0.0707 -0.4933 0.8670
vn 0.1424 -0.9156 -0.3759
vn 0.0384 -0.2709 0.9618
vn 0.9937 -0.1117 0.0006
vn 0.9938 -0.1108 -0.0000
vn 0.9938 -0.1115 -0.0006
vn -0.0019 -1.0000 0.0025
vn -0.1798 -0.0252 -0.9834
vn 0.7521 0.3206 -0.5758
vn 0.7988 -0.0796 -0.5963
vn 0.3931 0.9004 -0.1866
vn 0.9757 0.2175 0.0279
vn 0.6934 0.7175 -0.0663
vn 0.3616 -0.9149 -0.1797
vn 0.9336 -0.3572 0.0276
vn 0.6017 -0.7681 0.2192
vn 0.7006 -0.4534 -0.5510
vn 0.0868 -0.8024 -0.5904
vn 0.0667 0.7650 -0.6406
vn 0.6518 0.7229 0.2294
vn 0.9951 -0.0916 0.0382
vn 0.8364 -0.0872 0.5411
vn 0.5129 -0.7713 -0.3770
vn 0.0825 -0.9963 -0.0237
vn -0.1019 -0.9752 -0.1965
vn -0.0030 -0.9809 -0.1946
vn -0.0340 -0.9758 -0.2160
vn 0.0006 -1.0000 0.0047
vn -0.0008 -1.0000 0.0065
vn 0.0027 -1.0000 0.0024
vn 0.0012 -0.9998 0.0173
vn -0.0026 -0.9999 0.0102
vn -0.0000 -1.0000 0.0036
vn -0.1585 -0.9572 -0.2420
vn -0.0709 -0.9585 -0.2762
vn 0.0005 -1.0000 0.0027
vn 0.0001 -1.0000 0.0092
vn 0.0031 -0.9970 0.0771
vn -0.0043 -0.9870 0.1609
vn 0.0492 -0.9988 0.0019
vn 0.0080 -0.9999 0.0071
vn -0.0257 -0.9937 0.1093
vn -0.0303 -0.9944 0.1011
vn 0.0078 -1.0000 -0.0001
vn 0.0119 -0.9999 -0.0001
vn -0.0183 -0.9875 0.1564
vn -0.0106 -0.9966 0.0814
vn -0.0568 -0.9950 -0.0822
vn -0.0319 -0.9956 -0.0880
vn -0.0209 -0.9492 -0.3139
vn -0.0568 -0.9876 0.1463
vn -0.0861 -0.9924 -0.0883
vn -0.0782 -0.9685 -0.2366
vn -0.0653 -0.9313 0.3584
vn -0.0533 -0.4688 -0.8817
vn 0.0616 -0.8946 -0.4427
vn 0.0120 -0.3948 0.9187
vn -0.1203 -0.9055 0.4069
vn -0.0018 -0.1246 0.9922
vn -0.0312 -0.3717 0.9278
vn -0.1500 -0.9628 -0.2248
vn -0.0496 -0.4116 -0.9100
vn -0.0090 -0.1470 -0.9891
vn -0.1330 -0.8944 -0.4271
vn -0.1535 -0.9881 -0.0036
vn -0.0898 -0.9959 -0.0105
vn -0.9695 -0.2451 -0.0000
vn 0.0117 -0.5460 0.8377
vn -0.0851 -0.9413 0.3267
vn 0.0045 -0.9462 0.3236
vn -0.0634 -0.5349 -0.8426
vn -0.0137 -0.1882 -0.9820
vn -0.0117 -0.5448 -0.8385
vn -0.0767 -0.9970 -0.0046
vn -0.0003 -0.9997 -0.0248
vn 0.0135 -0.2614 0.9651
vn 0.0083 -0.5141 0.8577
vn -0.0754 -0.9368 -0.3417
vn -0.0050 -0.9329 -0.3601
vn -0.0705 -0.4891 -0.8694
vn -0.0057 -0.1978 -0.9802
vn -0.1614 -0.9869 -0.0044
vn -0.1510 -0.9181 0.3664
vn -0.1424 -0.9156 -0.3759
vn -0.0171 -0.2676 0.9634
vn -0.0707 -0.4933 0.8670
vn -0.9937 -0.1119 -0.0001
vn -0.9937 -0.1118 0.0010
vn -0.9937 -0.1118 0.0003
vn 0.0021 -1.0000 0.0028
vn 0.1798 -0.0252 -0.9834
vn -0.7456 0.3240 -0.5823
vn -0.0667 0.7650 -0.6406
vn -0.3931 0.9004 -0.1866
vn -0.9769 0.2124 0.0240
vn -0.6518 0.7229 0.2294
vn -0.8553 -0.5178 -0.0184
vn -0.3616 -0.9149 -0.1797
vn -0.6017 -0.7681 0.2192
vn -0.5378 -0.2635 -0.8009
vn -0.0867 -0.8024 -0.5904
vn -0.5500 0.7221 -0.4197
vn -0.9951 -0.0913 0.0382
vn -0.8364 -0.0872 0.5411
vn -0.5485 -0.8228 -0.1488
vn 0.0027 -0.9809 -0.1947
vn -0.1555 -0.9877 0.0138
vn -0.0119 -0.9988 -0.0477
vn 0.0131 -0.1504 -0.9885
vn 0.5378 0.8067 0.2448
vn -0.0157 -0.2088 -0.9778
vn 0.9938 -0.1111 -0.0013
vn 0.9937 -0.1121 0.0002
vn 0.9938 -0.1114 0.0021
vn -0.0027 -0.9809 -0.1947
vn 0.0104 -0.9999 0.0007
vn -0.0133 -0.9949 0.1002
vn 0.0118 -0.9988 -0.0477
vn 0.0025 -0.1301 0.9915
vn -0.0131 -0.1504 -0.9885
vn 0.0157 -0.2088 -0.9778
vn -0.0384 -0.2709 0.9618
vn -0.9938 -0.1111 -0.0013
vn -0.9938 -0.1115 -0.0009
vn -0.9938 -0.1108 -0.0000
vn -0.9938 -0.1114 0.0021
vn -0.7990 -0.0781 -0.5963
vn 0.9808 -0.1517 0.1223
vn 0.7490 -0.1060 -0.6541
vn 0.7285 -0.1106 -0.6761
vn 0.7230 -0.1118 -0.6818
vn 0.3797 -0.9234 0.0563
vn 0.3879 -0.9200 0.0565
vn 0.3888 -0.9196 0.0565
vn 0.4040 0.9139 0.0404
vn 0.3955 0.9176 0.0401
vn 0.4044 0.9137 0.0404
vn 0.6611 -0.0938 0.7444
vn 0.6441 -0.0976 0.7587
vn 0.6649 -0.0929 0.7411
vn 0.9625 -0.2682 -0.0406
vn 0.6369 -0.0992 -0.7646
vn 0.6133 -0.0987 -0.7837
vn 0.6070 -0.0986 -0.7886
vn 0.2683 -0.9577 -0.1041
vn 0.2768 -0.9552 -0.1048
vn 0.2778 -0.9549 -0.1048
vn 0.5142 0.8536 0.0832
vn 0.5063 0.8582 0.0846
vn 0.5145 0.8534 0.0831
vn 0.7377 -0.2575 0.6241
vn 0.7224 -0.2613 0.6403
vn 0.7411 -0.2566 0.6205
vn -0.9808 -0.1517 0.1223
vn -0.7285 -0.1106 -0.6761
vn -0.7490 -0.1060 -0.6541
vn -0.7230 -0.1118 -0.6818
vn -0.3879 -0.9200 0.0565
vn -0.3797 -0.9234 0.0563
vn -0.3888 -0.9196 0.0565
vn -0.4040 0.9139 0.0404
vn -0.3955 0.9176 0.0401
vn -0.3946 0.9180 0.0401
vn -0.6611 -0.0938 0.7444
vn -0.6441 -0.0976 0.7587
vn -0.6388 -0.0988 0.7630
vn -0.9625 -0.2682 -0.0406
vn -0.6133 -0.0987 -0.7837
vn -0.6369 -0.0992 -0.7646
vn -0.6070 -0.0986 -0.7886
vn -0.2768 -0.9552 -0.1048
vn -0.2683 -0.9577 -0.1041
vn -0.2778 -0.9549 -0.1048
vn -0.5142 0.8536 0.0832
vn -0.5063 0.8582 0.0846
vn -0.5054 0.8587 0.0847
vn -0.7377 -0.2575 0.6241
vn -0.7224 -0.2613 0.6403
vn -0.7176 -0.2624 0.6451
vn 0.7527 -0.1052 -0.6499
vn 0.3793 -0.9235 0.0563
vn 0.3946 0.9180 0.0401
vn 0.6388 -0.0988 0.7630
vn 0.6412 -0.0992 -0.7610
vn 0.2679 -0.9578 -0.1041
vn 0.5054 0.8587 0.0847
vn 0.7176 -0.2624 0.6451
vn -0.7527 -0.1052 -0.6499
vn -0.3793 -0.9235 0.0563
vn -0.4044 0.9137 0.0404
vn -0.6649 -0.0929 0.7411
vn -0.6412 -0.0992 -0.7609
vn -0.2679 -0.9578 -0.1041
vn -0.5145 0.8534 0.0831
vn -0.7411 -0.2566 0.6205
vn 0.0970 0.8178 0.5672
vn 0.1513 0.8189 0.5537
vn 0.1614 0.8187 0.5510
vn 0.1820 0.8212 0.5408
vn 0.1530 0.8208 0.5503
vn 0.0856 0.8115 0.5781
vt 0.595573 0.127814
vt 0.617541 0.076797
vt 0.617541 0.131958
vt 0.135362 0.041421
vt 0.131274 0.027787
vt 0.135327 0.014582
vt 0.379508 0.078090
vt 0.401093 0.012095
vt 0.414677 0.087846
vt 0.442299 0.052958
vt 0.442488 0.125532
vt 0.483568 0.052367
vt 0.525401 0.123865
vt 0.483806 0.124939
vt 0.525084 0.051294
vt 0.558124 0.122591
vt 0.338455 0.489924
vt 0.332175 0.654920
vt 0.331191 0.654896
vt 0.471917 0.665898
vt 0.509440 0.753128
vt 0.472908 0.740560
vt 0.431694 0.733329
vt 0.460486 0.666178
vt 0.461779 0.736731
vt 0.634728 0.140918
vt 0.631156 0.237782
vt 0.630403 0.238933
vt 0.012741 0.030004
vt 0.071518 0.025906
vt 0.024658 0.043178
vt 0.722927 0.933584
vt 0.720490 0.963193
vt 0.720231 0.933629
vt 0.148148 0.118526
vt 0.247860 0.059109
vt 0.247866 0.131494
vt 0.760803 0.430908
vt 0.739972 0.432187
vt 0.755533 0.412099
vt 0.725914 0.671942
vt 0.723330 0.659187
vt 0.726032 0.659210
vt 0.667773 0.666450
vt 0.649894 0.677858
vt 0.650172 0.659187
vt 0.309365 0.813240
vt 0.328186 0.853959
vt 0.309357 0.856326
vt 0.890508 0.338150
vt 0.855909 0.367437
vt 0.850877 0.349435
vt 0.812977 0.366737
vt 0.818001 0.384730
vt 0.784865 0.385700
vt 0.540603 0.953059
vt 0.542535 0.877199
vt 0.543304 0.953129
vt 0.537730 0.229879
vt 0.527644 0.230233
vt 0.485942 0.231309
vt 0.444555 0.231902
vt 0.419334 0.214693
vt 0.012800 0.117267
vt 0.024669 0.052748
vt 0.024713 0.126926
vt 0.720269 0.818355
vt 0.722989 0.818309
vt 0.095297 0.796904
vt 0.157011 0.672163
vt 0.111020 0.812195
vt 0.637520 0.080000
vt 0.635437 0.140747
vt 0.322132 0.464260
vt 0.326409 0.501805
vt 0.325189 0.502312
vt 0.532772 0.575996
vt 0.531632 0.662741
vt 0.531822 0.574962
vt 0.109221 0.651785
vt 0.036157 0.515169
vt 0.109093 0.506224
vt 0.135580 0.334829
vt 0.131423 0.246624
vt 0.135486 0.242587
vt 0.148103 0.041395
vt 0.247823 0.027015
vt 0.425865 0.338150
vt 0.448045 0.336079
vt 0.489472 0.335485
vt 0.539440 0.334112
vt 0.036151 0.359545
vt 0.108983 0.374947
vt 0.036161 0.391637
vt 0.573508 0.665318
vt 0.543303 0.794947
vt 0.569117 0.665228
vt 0.616008 0.217871
vt 0.597522 0.217619
vt 0.604648 0.289227
vt 0.594091 0.297265
vt 0.411688 0.193312
vt 0.155206 0.706904
vt 0.184290 0.651975
vt 0.182322 0.662716
vt 0.114534 0.807847
vt 0.143793 0.859958
vt 0.147886 0.850980
vt 0.184451 0.867028
vt 0.183590 0.662803
vt 0.193899 0.652706
vt 0.223848 0.863690
vt 0.225442 0.655105
vt 0.225442 0.873672
vt 0.186065 0.857567
vt 0.533101 0.432967
vt 0.543261 0.477818
vt 0.532962 0.483065
vt 0.343553 0.353270
vt 0.543303 0.426140
vt 0.746109 0.016749
vt 0.755539 0.080860
vt 0.746023 0.093159
vt 0.617541 0.308161
vt 0.620737 0.236993
vt 0.628308 0.073440
vt 0.755755 0.000000
vt 0.531230 0.334408
vt 0.240957 0.361929
vt 0.249506 0.374776
vt 0.240648 0.374662
vt 0.195876 0.335112
vt 0.249962 0.355967
vt 0.240641 0.491149
vt 0.249500 0.491219
vt 0.117994 0.345191
vt 0.194300 0.343939
vt 0.117927 0.506251
vt 0.109206 0.336535
vt 0.725915 0.803442
vt 0.723273 0.949247
vt 0.723187 0.803419
vt 0.540603 0.830379
vt 0.539834 0.877129
vt 0.336863 0.948698
vt 0.348067 0.882778
vt 0.404392 0.892250
vt 0.101361 0.948509
vt 0.112564 0.882589
vt 0.168889 0.892060
vt 0.000020 0.039603
vt 0.000000 0.020790
vt 0.064805 0.000000
vt 0.066624 0.012718
vt 0.012879 0.242206
vt 0.000236 0.335112
vt 0.000143 0.242233
vt 0.148054 0.002258
vt 0.135409 0.118552
vt 0.012752 0.039573
vt 0.148223 0.242560
vt 0.000066 0.117295
vt 0.723190 0.788415
vt 0.723211 0.671919
vt 0.117821 0.374985
vt 0.109080 0.491246
vt 0.240640 0.506151
vt 0.249499 0.506216
vt 0.625342 0.136130
vt 0.755625 0.210947
vt 0.746187 0.216081
vt 0.330800 0.433425
vt 0.334018 0.338150
vt 0.543248 0.573680
vt 0.131310 0.054626
vt 0.720274 0.803509
vt 0.722996 0.803463
vt 0.024786 0.246213
vt 0.247923 0.247911
vt 0.726032 0.871759
vt 0.727074 0.750849
vt 0.726779 0.871530
vt 0.439437 0.894391
vt 0.463588 0.836748
vt 0.464712 0.898943
vt 0.473903 0.839261
vt 0.506025 0.898391
vt 0.474359 0.898815
vt 0.727942 0.947571
vt 0.728670 0.946584
vt 0.148315 0.334801
vt 0.248012 0.334783
vt 0.012974 0.335086
vt 0.024876 0.335106
vt 0.720434 0.659233
vt 0.723187 0.659187
vt 0.543303 0.663219
vt 0.532662 0.662796
vt 0.755755 0.307470
vt 0.746362 0.307546
vt 0.240627 0.651968
vt 0.249485 0.651975
vt 0.725915 0.788438
vt 0.117915 0.491275
vt 0.339671 0.438125
vt 0.131352 0.128242
vt 0.036158 0.501075
vt 0.329959 0.541323
vt 0.330800 0.336520
vt 0.330800 0.540669
vt 0.435064 0.832673
vt 0.507765 0.847509
vt 0.339447 0.489752
vt 0.773892 0.418657
vt 0.768733 0.400219
vt 0.578720 0.125464
vt 0.595377 0.065186
vt 0.390867 0.122469
vt 0.377254 0.142222
vt 0.543698 0.164702
vt 0.564693 0.158080
vt 0.578871 0.217636
vt 0.583488 0.305376
vt 0.532010 0.482961
vt 0.532147 0.433364
vt 0.745704 0.017820
vt 0.638202 0.080438
vt 0.540758 0.779670
vt 0.542405 0.664352
vt 0.726330 0.749858
vt 0.728670 0.659252
vt 0.340652 0.438470
vt 0.146600 0.850758
vt 0.115206 0.807257
vt 0.146952 0.849739
vt 0.628188 0.308096
vt 0.627405 0.308091
vt 0.344494 0.354464
vt 0.325090 0.425932
vt 0.326409 0.424911
vt 0.326311 0.426189
vt 0.543303 0.830379
vt 0.539885 0.779638
vt 0.220857 0.666214
vt 0.183571 0.663663
vt 0.372790 0.180621
vt 0.330800 0.078826
vt 0.347243 0.257334
vt 0.371655 0.290419
vt 0.720231 0.680377
vt 0.667503 0.685109
vt 0.331771 0.012950
vt 0.382780 0.000000
vt 0.720049 0.699025
vt 0.670416 0.765323
vt 0.720231 0.899923
vt 0.670183 0.990019
vt 0.671187 0.894329
vt 0.720138 0.776054
vt 0.571342 0.168775
vt 0.578469 0.058361
vt 0.789887 0.403685
vt 0.430477 0.663219
vt 0.723187 0.963147
vt 0.328186 0.810890
vt 0.895542 0.356151
vt 0.552223 0.815545
vt 0.402715 0.140018
vt 0.221252 0.665380
vt 0.118052 0.651800
vt 0.726032 0.949270
vt 0.330800 0.913776
vt 0.362705 0.967086
vt 0.410455 0.927171
vt 0.095297 0.913587
vt 0.127203 0.966897
vt 0.174953 0.926982
vt 0.329959 0.335112
vt 0.556568 0.145008
vt 0.727907 0.659187
vt 0.325189 0.424642
vt 0.331524 0.161167
vt 0.557807 0.050020
vt 0.182316 0.663577
vt 0.323383 0.464133
vt 0.466140 0.069620
vt 0.459885 0.092069
vt 0.459827 0.069710
vt 0.466214 0.091978
vt 0.509440 0.664977
vt 0.745037 0.450209
vt 0.036149 0.651369
vt 0.131512 0.334879
vt 0.543304 0.830449
vt 0.410455 0.908824
vt 0.404392 0.944499
vt 0.393188 0.958170
vt 0.378550 0.966101
vt 0.348067 0.960975
vt 0.330800 0.932124
vt 0.336863 0.896448
vt 0.362705 0.874846
vt 0.378550 0.873861
vt 0.393188 0.879972
vt 0.174953 0.908634
vt 0.168889 0.944310
vt 0.157686 0.957980
vt 0.143047 0.965912
vt 0.112564 0.960786
vt 0.095297 0.931935
vt 0.101361 0.896259
vt 0.127203 0.874657
vt 0.143047 0.873672
vt 0.157685 0.879783
vt 0.542405 0.829840
vt 0.719493 0.991993
vt 0.287216 0.632711
vt 0.304518 0.545632
vt 0.300146 0.634511
vt 0.276000 0.630391
vt 0.291615 0.543569
vt 0.539347 0.754896
vt 0.523723 0.665407
vt 0.538702 0.665704
vt 0.524420 0.754495
vt 0.509440 0.665735
vt 0.329071 0.630469
vt 0.316905 0.543012
vt 0.329095 0.541432
vt 0.316844 0.631753
vt 0.304595 0.544684
vt 0.523903 0.857145
vt 0.538802 0.768533
vt 0.538598 0.856768
vt 0.538763 0.867419
vt 0.524068 0.867796
vt 0.524350 0.765161
vt 0.509440 0.857275
vt 0.509605 0.867925
vt 0.510192 0.765220
vt 0.510262 0.754554
vt 0.299619 0.645178
vt 0.286689 0.643376
vt 0.316868 0.642444
vt 0.275474 0.641056
vt 0.304542 0.643984
vt 0.304518 0.633292
vt 0.286561 0.645993
vt 0.275499 0.644049
vt 0.304719 0.646238
vt 0.539270 0.768533
vt 0.524348 0.768280
vt 0.524106 0.869911
vt 0.509643 0.870186
vt 0.510185 0.768193
vt 0.299338 0.647418
vt 0.329095 0.641159
vt 0.316873 0.645067
vt 0.195060 0.884428
vt 0.182286 0.880293
vt 0.196170 0.873672
vt 0.293703 0.650046
vt 0.319822 0.648961
vt 0.309804 0.648800
vt 0.211237 0.876958
vt 0.217242 0.895948
vt 0.210036 0.886825
vt 0.178587 0.990964
vt 0.183791 0.973952
vt 0.185624 0.979450
vt 0.198677 0.971054
vt 0.200569 0.975664
vt 0.212834 0.976327
vt 0.214667 0.981825
vt 0.196097 0.961954
vt 0.209340 0.909946
vt 0.210441 0.964832
vt 0.181085 0.890161
vt 0.194632 0.909940
vt 0.180389 0.913282
vt 0.216026 0.969405
vt 0.217968 0.986683
vt 0.176299 0.900665
vt 0.174953 0.918015
vt 0.215895 0.913298
vt 0.176895 0.983324
vt 0.181398 0.962456
vt 0.174953 0.966045
vt 0.182975 0.942834
vt 0.218661 0.937279
vt 0.212621 0.938340
vt 0.198127 0.940161
vt 0.197524 0.944165
vt 0.212018 0.945209
vt 0.183670 0.941675
vt 0.217968 0.945356
vt 0.177718 0.941996
vt 0.280410 0.541149
vt 0.524051 0.768777
vt 0.509459 0.768607
vt 0.739641 0.759268
vt 0.729635 0.777037
vt 0.729127 0.759106
vt 0.739725 0.777442
vt 0.730235 0.792379
vt 0.728950 0.932032
vt 0.738251 0.918917
vt 0.738696 0.932036
vt 0.728743 0.918911
vt 0.738094 0.903533
vt 0.728743 0.888218
vt 0.738251 0.888224
vt 0.728951 0.875317
vt 0.738696 0.875322
vt 0.320688 0.922228
vt 0.310214 0.908399
vt 0.320285 0.907789
vt 0.309644 0.890582
vt 0.320143 0.890205
vt 0.309357 0.872296
vt 0.320285 0.872153
vt 0.309396 0.856326
vt 0.320688 0.856381
vt 0.985339 0.707159
vt 0.995902 0.718561
vt 0.984416 0.718718
vt 0.995658 0.733296
vt 0.984092 0.733461
vt 0.984416 0.749142
vt 0.995902 0.748985
vt 0.985339 0.763376
vt 0.739966 0.726088
vt 0.728788 0.741316
vt 0.728670 0.726375
vt 0.739725 0.741235
vt 0.619632 0.926848
vt 0.622896 0.944030
vt 0.619632 0.943664
vt 0.616837 0.960411
vt 0.614031 0.958810
vt 0.605642 0.972583
vt 0.603772 0.969964
vt 0.591015 0.978692
vt 0.590476 0.975517
vt 0.576085 0.974714
vt 0.575184 0.977809
vt 0.562681 0.967620
vt 0.560557 0.970067
vt 0.552331 0.955211
vt 0.549362 0.956646
vt 0.546701 0.939361
vt 0.543304 0.939589
vt 0.543303 0.921492
vt 0.546701 0.922544
vt 0.549362 0.905111
vt 0.552303 0.907398
vt 0.560557 0.892939
vt 0.562561 0.896244
vt 0.575184 0.886830
vt 0.575857 0.890691
vt 0.590248 0.891494
vt 0.591016 0.887713
vt 0.603652 0.898588
vt 0.605642 0.895455
vt 0.614002 0.910997
vt 0.616837 0.908876
vt 0.622896 0.925933
vt 0.607444 0.915093
vt 0.611994 0.927935
vt 0.599142 0.905093
vt 0.588512 0.899432
vt 0.577215 0.898788
vt 0.566783 0.903160
vt 0.558661 0.912039
vt 0.554186 0.924230
vt 0.554201 0.937851
vt 0.558751 0.950693
vt 0.567053 0.960692
vt 0.577683 0.966353
vt 0.599412 0.962625
vt 0.588980 0.966997
vt 0.607534 0.953747
vt 0.612009 0.941555
vt 0.739641 0.692367
vt 0.729635 0.710136
vt 0.729127 0.692204
vt 0.739725 0.710540
vt 0.730235 0.725478
vt 0.320969 0.913041
vt 0.330269 0.899927
vt 0.330714 0.913045
vt 0.320761 0.899921
vt 0.330113 0.884542
vt 0.320761 0.869227
vt 0.330269 0.869233
vt 0.320969 0.856326
vt 0.330714 0.856331
vt 0.421787 0.939763
vt 0.411313 0.925934
vt 0.421383 0.925324
vt 0.410742 0.908116
vt 0.421242 0.907740
vt 0.410455 0.889831
vt 0.421383 0.889688
vt 0.410495 0.873861
vt 0.421787 0.873916
vt 0.310604 0.923173
vt 0.321167 0.934574
vt 0.309681 0.934731
vt 0.320923 0.949310
vt 0.309357 0.949474
vt 0.309681 0.965155
vt 0.321167 0.964998
vt 0.310604 0.979389
vt 0.739966 0.659187
vt 0.728788 0.674414
vt 0.728670 0.659473
vt 0.739725 0.674334
vt 0.987414 0.924251
vt 0.990678 0.941434
vt 0.987414 0.941068
vt 0.984619 0.957815
vt 0.981813 0.956214
vt 0.973424 0.969987
vt 0.971554 0.967368
vt 0.958798 0.976096
vt 0.958258 0.972921
vt 0.943867 0.972118
vt 0.942966 0.975212
vt 0.930464 0.965024
vt 0.928339 0.967471
vt 0.920113 0.952615
vt 0.917144 0.954050
vt 0.914483 0.936764
vt 0.911086 0.936992
vt 0.911086 0.918896
vt 0.914483 0.919948
vt 0.917144 0.902514
vt 0.920085 0.904802
vt 0.928339 0.890343
vt 0.930343 0.893648
vt 0.942966 0.884233
vt 0.943639 0.888094
vt 0.958030 0.888897
vt 0.958798 0.885117
vt 0.971434 0.895992
vt 0.973424 0.892858
vt 0.981785 0.908401
vt 0.984619 0.906279
vt 0.990678 0.923337
vt 0.975081 0.912603
vt 0.979604 0.925368
vt 0.966828 0.902663
vt 0.956262 0.897036
vt 0.945033 0.896396
vt 0.934663 0.900741
vt 0.926590 0.909567
vt 0.922142 0.921686
vt 0.922156 0.935224
vt 0.926679 0.947989
vt 0.934931 0.957929
vt 0.945498 0.963556
vt 0.967096 0.959851
vt 0.956727 0.964196
vt 0.975170 0.951025
vt 0.979618 0.938907
vt 0.254178 0.744451
vt 0.309357 0.652078
vt 0.309343 0.744518
vt 0.984883 0.634365
vt 0.950991 0.662050
vt 0.950991 0.634409
vt 0.728941 0.792990
vt 0.737385 0.821648
vt 0.728670 0.821426
vt 0.225475 0.744416
vt 0.254192 0.652010
vt 0.978114 0.001462
vt 0.983372 0.015208
vt 0.977150 0.019037
vt 0.985537 0.428781
vt 0.994588 0.338150
vt 0.994310 0.429804
vt 0.731395 0.875127
vt 0.737656 0.875317
vt 0.895658 0.652872
vt 0.895664 0.634427
vt 0.950826 0.677831
vt 0.895542 0.664748
vt 0.994588 0.425984
vt 1.000000 0.338150
vt 0.999988 0.429508
vt 0.975416 0.013388
vt 0.975080 0.031842
vt 0.979525 0.677795
vt 0.974171 0.240361
vt 0.978259 0.328085
vt 0.974486 0.328099
vt 0.994604 0.551580
vt 0.999972 0.560637
vt 0.950872 0.338194
vt 0.895602 0.425946
vt 0.895545 0.338211
vt 0.985143 0.558794
vt 0.993911 0.561442
vt 0.977931 0.236703
vt 0.984447 0.328062
vt 0.225455 0.877185
vt 0.254158 0.877220
vt 0.984764 0.338150
vt 0.950929 0.425928
vt 0.309323 0.877287
vt 0.254145 0.964780
vt 0.309312 0.964846
vt 0.225442 0.964745
vt 0.984883 0.644536
vt 0.993648 0.648257
vt 0.994631 0.634399
vt 0.999961 0.647115
vt 0.974469 0.114710
vt 0.950977 0.551561
vt 0.895651 0.551578
vt 0.977461 0.105539
vt 0.984115 0.235596
vt 0.984821 0.425885
vt 0.994645 0.662030
vt 1.000000 0.677770
vt 0.985815 0.674950
vt 0.994588 0.676324
vt 0.225481 0.993033
vt 0.254183 0.993068
vt 0.309357 0.980017
vt 0.983647 0.102792
vt 0.984869 0.551517
vt 0.938344 0.135362
vt 0.974171 0.000256
vt 0.974167 0.135557
vt 0.000007 0.700823
vt 0.043108 0.652004
vt 0.043090 0.700794
vt 0.930180 0.324355
vt 0.895221 0.317016
vt 0.938313 0.317077
vt 0.895252 0.135301
vt 0.938349 0.000061
vt 0.090736 0.703673
vt 0.095259 0.662652
vt 0.095297 0.714063
vt 0.887068 0.000151
vt 0.887065 0.140957
vt 0.974136 0.317272
vt 0.969637 0.324484
vt 0.086191 0.651975
vt 0.086173 0.700765
vt 0.328638 0.381891
vt 0.324949 0.335112
vt 0.328638 0.339140
vt 0.878878 0.000302
vt 0.878876 0.142631
vt 0.090754 0.655461
vt 0.328638 0.424642
vt 0.322132 0.374437
vt 0.086168 0.979607
vt 0.090729 0.838830
vt 0.090732 0.979654
vt 0.887071 0.276093
vt 0.878883 0.279104
vt 0.043083 0.837288
vt 0.086165 0.837259
vt 0.895257 0.265603
vt 0.095292 0.844384
vt 0.095297 0.979702
vt 0.938349 0.265664
vt 0.043085 0.979636
vt 0.000000 0.837317
vt 0.974171 0.265859
vt 0.887088 0.324294
vt 0.878900 0.327883
vt 0.497452 0.947365
vt 0.490798 0.989145
vt 0.497452 1.000000
vt 0.488900 0.942923
vt 0.495126 0.943559
vt 0.641183 0.940117
vt 0.622895 0.899539
vt 0.638846 0.943905
vt 0.647407 0.886830
vt 0.629586 0.888691
vt 0.645072 0.943271
vt 0.472966 0.987283
vt 0.432998 0.901593
vt 0.472966 0.898943
vt 0.470592 0.901582
vt 0.858848 0.954967
vt 0.896730 0.900250
vt 0.896730 0.954998
vt 0.432998 0.954086
vt 0.459508 0.934704
vt 0.470592 0.954075
vt 0.444315 0.934709
vt 0.459508 0.913489
vt 0.430477 0.898956
vt 0.430477 0.958284
vt 0.472966 0.958272
vt 0.444315 0.913494
vt 0.856538 0.957248
vt 0.899021 0.957283
vt 0.858848 0.900219
vt 0.856538 0.897928
vt 0.899021 0.897963
vt 0.338453 0.490008
vt 0.331440 0.649240
vt 0.339670 0.438186
vt 0.338457 0.489863
vt 0.343311 0.358559
vt 0.343319 0.358388
vt 0.625000 0.000000
vt 0.375000 0.250000
vt 0.375000 0.000000
vt 0.625000 0.250000
vt 0.375000 0.500000
vt 0.625000 0.750000
vt 0.375000 1.000000
vt 0.375000 0.750000
vt 0.125000 0.500000
vt 0.125000 0.750000
vt 0.875000 0.500000
vt 0.625000 0.500000
vt 0.378971 0.510650
vt 0.621029 0.510650
vt 0.378971 0.739350
vt 0.621029 0.739350
vt 0.875000 0.750000
vt 0.539277 0.765561
vt 0.328928 0.644150
vt 0.218661 0.888226
vt 0.728670 0.903526
vt 0.310981 0.923036
vt 0.996595 0.707023
vt 0.320688 0.884535
vt 0.412080 0.940571
vt 0.321860 0.923036
vt 0.985811 0.338201
vt 0.994599 0.338270
vt 0.984883 0.662007
vt 0.000002 0.979664
vt 0.647407 0.939467
vt 0.479619 0.998138
vt 0.339673 0.438063
vt 0.000000 0.000000
vt 0.500000 0.375000
vt 0.599587 0.496397
vt 0.521305 0.495094
vt 0.389598 0.447815
vt 0.375000 0.375000
vt 0.389598 0.302185
vt 0.600613 0.250000
vt 0.521305 0.254906
vt 0.531408 0.250000
vt 0.520508 0.267164
vt 0.531408 0.500000
vt 0.520508 0.482836
vt 0.311829 0.500000
vt 0.250000 0.500000
vt 0.188171 0.500000
vt 0.169457 0.500000
vt 0.812500 1.000000
vt 0.937500 0.500000
vt 0.937500 1.000000
vt 0.687500 0.500000
vt 0.812500 0.500000
vt 0.562500 1.000000
vt 0.687500 1.000000
vt 0.437500 1.000000
vt 0.562500 0.500000
vt 0.312500 0.500000
vt 0.437500 0.500000
vt 0.187500 1.000000
vt 0.312500 1.000000
vt 0.062500 0.500000
vt 0.187500 0.500000
vt 0.658156 0.471731
vt 0.829336 0.441534
vt 0.670664 0.441534
vt 0.028269 0.158156
vt 0.341844 0.028269
vt 0.471731 0.341844
vt 0.816828 0.088663
vt 0.588663 0.183172
vt 0.683172 0.411337
vt 0.911337 0.316828
vt 0.816828 0.411337
vt 0.941534 0.170664
vt 0.971731 0.341844
vt 0.971731 0.158156
vt 0.829336 0.058466
vt 0.841844 0.028269
vt 0.658156 0.028269
vt 0.670664 0.058466
vt 0.528269 0.158156
vt 0.558466 0.170664
vt 0.528269 0.341844
vt 0.558466 0.329336
vt 0.941534 0.329336
vt 0.588663 0.316828
vt 0.683172 0.088663
vt 0.911337 0.183172
vt 0.062500 1.000000
vt 0.148225 0.849959
vt 0.538802 0.869680
vt 0.304518 0.650287
vt 0.176895 0.941996
vt 0.739966 0.792990
vt 0.996595 0.763239
vt 0.321860 0.979252
vt 0.737656 0.793212
vt 0.225489 0.651975
vt 0.984447 0.000000
vt 0.000025 0.652033
vt 0.895257 0.000000
vt 0.322132 0.417188
vt 0.625000 1.000000
vt 0.591091 0.375000
vt 0.593911 0.250000
vt 0.593911 0.500000
vt 0.841844 0.471731
vt 0.341844 0.471731
vt 0.158156 0.471731
vt 0.028269 0.341844
vt 0.158156 0.028269
vt 0.471731 0.158156
vt 0.745956 0.307557
vt 0.745781 0.215159
vt 0.155472 0.707323
vt 0.186022 0.856479
vt 0.223427 0.862542
vt 0.745620 0.093466
vt 0.398913 0.550832
vt 0.480659 0.751565
vt 0.449882 0.748688
vt 0.417528 0.743905
vt 0.391455 0.734340
vt 0.282641 0.552678
vt 0.314173 0.553137
vt 0.353315 0.553653
vt 0.826857 0.939658
vt 0.817900 0.990993
vt 0.815391 0.948278
vt 0.797921 0.947650
vt 0.511968 0.870823
vt 0.520993 0.922144
vt 0.509440 0.913552
vt 0.520993 0.877534
vt 0.538452 0.921507
vt 0.817104 0.902388
vt 0.808590 0.895026
vt 0.826061 0.895654
vt 0.529426 0.870186
vt 0.537650 0.965520
vt 0.520191 0.966157
vt 0.511166 0.959445
vt 0.799634 0.901760
vt 0.797920 0.939658
vt 0.788964 0.990993
vt 0.786455 0.948278
vt 0.768984 0.947650
vt 0.742500 0.895663
vt 0.751526 0.946984
vt 0.739972 0.938392
vt 0.751526 0.902374
vt 0.768984 0.946347
vt 0.788168 0.902388
vt 0.779654 0.895026
vt 0.797125 0.895654
vt 0.759959 0.895026
vt 0.768183 0.990360
vt 0.750724 0.990997
vt 0.741699 0.984285
vt 0.770698 0.901760
vt 0.856538 0.942560
vt 0.847581 0.993895
vt 0.845072 0.951180
vt 0.827602 0.950552
vt 0.957608 0.707659
vt 0.966633 0.758980
vt 0.955080 0.750389
vt 0.966633 0.714371
vt 0.984092 0.758343
vt 0.846785 0.905290
vt 0.838271 0.897928
vt 0.855742 0.898556
vt 0.975066 0.707023
vt 0.965831 0.802993
vt 0.983290 0.802356
vt 0.956806 0.796282
vt 0.829315 0.904662
vt 0.826857 0.984259
vt 0.797920 0.984259
vt 0.856538 0.987161
vt 0.800429 0.990365
vt 0.538452 0.876898
vt 0.771493 0.990365
vt 0.768984 0.901738
vt 0.830110 0.993267
vt 0.984092 0.713734
vt 0.567251 0.945391
vt 0.573054 0.912785
vt 0.599122 0.920482
vt 0.935153 0.942692
vt 0.940897 0.910374
vt 0.966692 0.918004
vt 0.602388 0.939363
vt 0.598860 0.947656
vt 0.593319 0.953089
vt 0.587094 0.955525
vt 0.580409 0.955304
vt 0.573362 0.952030
vt 0.563804 0.936262
vt 0.563985 0.926511
vt 0.567513 0.918218
vt 0.579279 0.910348
vt 0.585964 0.910569
vt 0.593011 0.913843
vt 0.602569 0.929611
vt 0.969930 0.936725
vt 0.966434 0.944944
vt 0.960948 0.950322
vt 0.954794 0.952731
vt 0.948185 0.952512
vt 0.941209 0.949271
vt 0.931735 0.933640
vt 0.931915 0.923971
vt 0.935411 0.915752
vt 0.947051 0.907965
vt 0.953660 0.908184
vt 0.960636 0.911425
vt 0.970110 0.927056
vt 0.878876 0.017938
vt 0.832277 0.030821
vt 0.832199 0.000000
vt 0.832418 0.162248
vt 0.756300 0.307944
vt 0.756011 0.162396
vt 0.755895 0.001336
vt 0.755755 0.031130
vt 0.878876 0.307976
vt 0.832571 0.307992
vt 0.072672 0.126972
vt 0.072636 0.052850
vt 0.072733 0.246168
vt 0.878707 0.147157
vt 0.832402 0.147253
vt 0.755982 0.147419
vt 0.072815 0.334998
vt 0.878723 0.162159
vt 0.764922 0.500000
vt 0.875000 0.562751
vt 0.625000 0.595900
vt 0.264922 0.500000
vt 0.375000 0.562751
vt 0.125000 0.595900
vt 0.375000 0.595900
vt 0.875000 0.595900
vt 0.625000 0.154100
vt 0.375000 0.187249
vt 0.375000 0.154100
vt 0.375000 0.360078
vt 0.692209 0.339460
vt 0.625000 0.360078
vt 0.302414 0.339460
vt 0.625000 0.187249
vt 0.625000 0.562751
vt 0.364253 0.506126
vt 0.630370 0.506126
vt 0.375000 0.389922
vt 0.625000 0.389922
vt 0.878582 0.030671
vt 0.565791 0.466283
vt 0.434209 0.470840
vt 0.434209 0.279160
vt 0.565791 0.283717
vt 0.500000 0.875000
vt 0.500000 1.000000
vt 0.750000 0.750000
vt 0.750000 0.500000
vt 0.375000 0.875000
vt 0.500000 0.500000
vt 0.500000 0.250000
vt 0.500000 0.750000
vt 0.500000 0.000000
vt 0.250000 0.750000
vt 0.625000 0.375000
vt 0.735078 0.500000
vt 0.125000 0.562751
vt 0.235078 0.500000
vt 0.625000 0.875000
vt 0.282371 0.053982
vt 0.614820 0.366789
vt 0.655670 0.338150
vt 0.655669 0.366775
vt 0.697176 0.344449
vt 0.697179 0.373050
vt 0.705284 0.346802
vt 0.705288 0.375398
vt 0.705323 0.435794
vt 0.697193 0.483124
vt 0.655799 0.479417
vt 0.614401 0.479431
vt 0.292248 0.092690
vt 0.614752 0.659157
vt 0.655825 0.500977
vt 0.656018 0.659143
vt 0.697196 0.504683
vt 0.697216 0.659130
vt 0.738887 0.506908
vt 0.739972 0.659187
vt 0.025484 0.651103
vt 0.025098 0.508186
vt 0.585761 0.344152
vt 0.614199 0.338164
vt 0.320178 0.693244
vt 0.330799 0.669342
vt 0.330597 0.701442
vt 0.309764 0.684086
vt 0.320379 0.661139
vt 0.614443 0.500991
vt 0.589609 0.478410
vt 0.588269 0.499977
vt 0.587341 0.659167
vt 0.025051 0.492782
vt 0.738756 0.488576
vt 0.320596 0.802676
vt 0.551262 0.471310
vt 0.545994 0.521865
vt 0.329211 0.197839
vt 0.543303 0.659187
vt 0.328941 0.335112
vt 0.000153 0.498252
vt 0.000000 0.479923
vt 0.001427 0.650503
vt 0.017293 0.422870
vt 0.000773 0.426183
vt 0.330800 0.147376
vt 0.327687 0.096362
vt 0.555179 0.420265
vt 0.738394 0.434838
vt 0.309357 0.732890
vt 0.830570 0.872207
vt 0.862026 0.877064
vt 0.830397 0.883782
vt 0.330800 0.744978
vt 0.373483 0.687368
vt 0.362439 0.751614
vt 0.832392 0.728870
vt 0.859231 0.815077
vt 0.827602 0.821795
vt 0.862199 0.865489
vt 0.349617 0.663219
vt 0.341843 0.680732
vt 0.342521 0.856807
vt 0.370697 0.862717
vt 0.430299 0.708925
vt 0.430308 0.773449
vt 0.430477 0.873861
vt 0.911032 0.856829
vt 0.864021 0.722152
vt 0.911086 0.796129
vt 0.911061 0.845628
vt 0.430477 0.690420
vt 0.922221 0.711740
vt 0.936289 0.884233
vt 0.921771 0.861037
vt 0.742694 0.765336
vt 0.773367 0.729463
vt 0.773417 0.768090
vt 0.582942 0.812674
vt 0.742644 0.726709
vt 0.770695 0.709777
vt 0.758933 0.879069
vt 0.789655 0.881823
vt 0.562134 0.886830
vt 0.588356 0.866251
vt 0.592853 0.883959
vt 0.557636 0.869122
vt 0.604227 0.662447
vt 0.649894 0.795718
vt 0.827602 0.726208
vt 0.827352 0.745453
vt 0.827354 0.783730
vt 0.649829 0.849329
vt 0.827602 0.895026
vt 0.649716 0.867311
vt 0.283308 0.391921
vt 0.304629 0.335112
vt 0.322132 0.405591
vt 0.585692 0.374785
vt 0.910997 0.870518
vt 0.861814 0.891211
vt 0.830185 0.897928
vt 0.591851 0.339729
vt 0.309965 0.651975
vt 0.381256 0.669855
vt 0.914589 0.813826
vt 0.948990 0.865824
vt 0.955080 0.707023
vt 0.739972 0.707023
vt 0.291592 0.536422
vt 0.282336 0.023351
vt 0.330799 0.810890
vt 0.585811 0.420236
vt 0.911086 0.707023
vt 0.911086 0.728367
vt 0.955080 0.803518
vt 0.928305 0.871476
vt 0.649894 0.659187
vt 0.322132 0.540209
vt 0.275474 0.501690
vt 0.289828 0.354152
vt 0.315752 0.352772
vt 0.386342 0.527312
vt 0.613658 0.722688
vt 0.386342 0.722689
vt 0.613658 0.527312
vt 0.449509 0.546903
vt 0.510643 0.545157
vt 0.566998 0.539583
vt 0.612935 0.730442
vt 0.584871 0.743084
vt 0.534091 0.751773
s 1
g off
g Carro_Chasis_Material.010
usemtl Material.010
f 370/1/1 138/2/2 140/3/3
f 46/4/4 319/5/5 39/6/6
f 28/7/7 6/8/8 29/9/9
f 29/9/9 1732/10/10 1734/11/11
f 1733/12/12 32/13/13 1735/14/14
f 9/15/15 33/16/16 32/13/13
f 360/17/17 1254/18/18 1279/19/19
f 1709/20/20 357/21/21 1714/22/22
f 355/23/23 704/24/24 356/25/25
f 333/26/26 548/27/27 362/28/28
f 1/29/29 316/30/30 318/31/31
f 45/32/32 148/33/33 146/34/34
f 329/35/35 21/36/36 320/37/37
f 369/38/38 138/39/39 368/40/40
f 22/41/41 147/42/42 3/43/43
f 5/44/44 549/45/45 6/46/46
f 6/47/46 68/48/47 1732/49/48
f 1732/50/48 550/51/49 1733/52/49
f 550/51/49 9/53/49 1733/52/49
f 551/54/49 10/55/50 9/53/49
f 40/56/51 145/57/52 148/58/33
f 32/13/53 58/59/54 44/60/55
f 1735/14/56 44/60/55 43/61/57
f 1734/11/58 43/61/57 42/62/59
f 41/63/60 1734/11/58 42/62/59
f 339/64/61 314/65/62 342/66/63
f 45/32/32 338/67/64 335/68/64
f 552/69/65 73/70/66 549/71/67
f 67/72/68 543/73/69 333/26/26
f 19/74/70 536/75/71 38/76/72
f 359/77/73 1253/78/74 545/79/75
f 739/80/76 352/81/77 346/82/78
f 1017/83/79 367/84/80 364/85/81
f 313/86/82 2/87/83 21/36/36
f 14/88/84 42/62/59 13/89/85
f 42/62/59 12/90/86 13/89/85
f 63/91/87 44/60/55 58/59/54
f 4/92/88 142/93/89 15/94/90
f 53/95/91 41/96/60 14/97/84
f 370/1/92 141/98/93 372/99/94
f 372/99/94 4/100/95 373/101/96
f 54/102/97 29/9/98 41/63/60
f 35/103/99 36/104/100 69/105/101
f 17/106/102 68/107/103 549/71/67
f 1711/108/104 550/109/105 68/107/103
f 1712/110/106 36/104/100 1710/111/107
f 38/112/108 72/113/109 551/114/110
f 38/112/108 550/109/105 19/115/111
f 37/116/112 327/117/113 330/118/114
f 71/119/115 72/120/116 37/116/112
f 34/121/117 324/122/118 332/123/119
f 362/28/120 703/124/121 355/125/122
f 34/121/117 73/126/123 552/127/124
f 12/90/86 44/60/55 11/128/125
f 3/129/126 139/130/127 22/131/128
f 3/129/126 140/132/129 138/133/130
f 334/134/131 139/130/127 321/135/132
f 40/136/133 140/132/129 27/137/134
f 348/138/135 739/80/136 346/82/137
f 40/136/133 142/93/138 141/139/139
f 347/140/140 726/141/140 350/142/140
f 3/143/43 145/57/52 27/144/141
f 170/145/142 162/146/143 154/147/144
f 234/148/142 226/149/143 218/150/144
f 1/29/145 309/151/146 310/152/147
f 1/29/145 311/153/148 26/154/149
f 363/155/150 696/156/151 353/157/152
f 39/6/153 311/153/148 312/158/154
f 39/6/153 313/86/155 46/4/156
f 340/159/157 313/86/155 329/35/158
f 26/154/159 319/5/5 316/30/30
f 16/160/160 318/31/31 314/65/62
f 364/85/161 329/35/158 358/161/162
f 16/160/163 323/162/164 309/151/146
f 22/41/41 337/163/140 143/164/165
f 45/165/166 328/166/167 142/93/138
f 347/167/168 321/135/132 345/168/168
f 67/72/169 325/169/170 73/126/123
f 332/123/119 354/170/171 361/171/172
f 71/119/173 553/172/174 551/173/175
f 330/118/114 357/174/176 359/77/177
f 340/159/178 317/175/179 46/4/4
f 328/166/180 15/94/90 142/93/89
f 335/68/64 351/176/181 348/177/181
f 363/155/182 342/66/63 366/178/183
f 358/161/184 320/37/37 344/179/185
f 332/180/186 547/181/187 541/182/188
f 73/183/189 326/184/190 36/185/191
f 1713/186/192 72/187/193 1710/188/194
f 34/189/195 541/182/188 542/190/196
f 738/191/197 344/179/185 693/192/198
f 1014/193/199 366/178/183 725/194/200
f 348/177/181 847/195/49 842/196/49
f 359/77/177 705/197/201 767/198/202
f 361/171/172 1276/199/203 769/200/204
f 839/201/130 345/168/168 694/202/130
f 1017/83/205 358/161/162 738/191/206
f 339/64/207 353/157/152 323/162/164
f 334/203/140 350/142/140 337/163/140
f 335/204/208 346/82/137 328/166/167
f 333/26/209 355/125/122 325/169/170
f 331/205/210 360/17/211 553/172/174
f 364/85/81 343/206/212 340/159/178
f 346/82/78 322/207/213 328/166/180
f 70/208/214 536/209/71 532/210/215
f 325/211/216 356/25/25 326/184/190
f 1714/22/22 327/212/217 1713/186/192
f 331/205/218 546/213/219 360/17/17
f 637/214/220 368/40/40 636/215/221
f 638/216/222 368/217/223 370/1/1
f 29/9/98 48/218/224 28/7/225
f 49/219/226 28/7/225 48/218/224
f 33/16/227 56/220/228 32/13/53
f 635/221/229 33/16/227 638/216/230
f 59/222/231 373/101/96 64/223/232
f 59/222/231 370/1/92 372/99/94
f 17/106/102 73/70/66 35/103/99
f 37/116/233 537/224/234 538/225/235
f 67/72/68 542/226/196 544/227/236
f 35/228/237 534/229/238 17/197/239
f 361/230/240 1255/231/241 547/181/187
f 71/119/242 539/232/243 331/205/218
f 18/233/244 534/234/238 531/235/245
f 362/28/28 1256/236/246 770/237/247
f 37/116/233 540/238/248 71/119/249
f 1711/239/250 531/240/245 1715/241/250
f 69/242/251 535/243/252 35/228/237
f 330/118/253 545/79/75 537/224/234
f 1712/110/254 532/244/215 1716/245/254
f 551/119/255 674/119/256 676/119/257
f 71/119/258 676/119/257 563/119/259
f 50/246/260 311/247/261 49/219/226
f 2/248/262 50/246/260 51/249/263
f 310/250/264 552/251/265 5/44/44
f 28/7/7 310/252/266 5/253/267
f 309/254/268 324/255/269 552/251/265
f 353/256/270 1276/257/271 354/258/272
f 323/259/273 354/258/272 324/255/269
f 57/260/274 638/216/230 370/1/92
f 33/16/16 636/261/275 638/216/222
f 20/262/276 636/215/221 10/55/50
f 1076/1/277 836/2/278 1074/217/279
f 1025/5/280 741/4/281 732/6/282
f 719/7/283 684/8/284 683/253/285
f 720/9/286 1736/10/287 684/8/284
f 723/13/288 1737/12/289 1739/14/290
f 724/16/291 687/15/292 723/13/288
f 1254/18/18 1066/17/293 1279/19/19
f 1063/21/294 1709/20/20 1721/22/295
f 1061/23/296 704/24/24 703/263/297
f 1275/27/298 1039/26/299 1068/28/300
f 679/29/301 1021/30/302 717/154/303
f 740/32/304 850/33/305 733/264/306
f 1035/35/307 712/36/308 1016/86/309
f 836/39/310 1075/38/311 1074/40/312
f 849/42/313 713/41/314 681/43/315
f 683/44/316 1277/45/317 1281/251/318
f 684/47/319 763/48/320 1277/265/317
f 1736/50/321 1278/51/49 763/266/320
f 687/53/49 1278/51/49 1737/52/49
f 688/55/322 1280/54/49 687/53/49
f 733/56/306 846/57/323 718/144/324
f 753/59/325 723/13/326 737/60/327
f 737/60/327 1739/14/328 736/61/329
f 736/61/329 1738/11/330 735/62/331
f 734/63/332 1738/11/330 720/9/333
f 1045/64/334 1019/65/335 707/160/336
f 1044/67/337 740/32/304 1041/68/337
f 1281/69/338 1277/71/339 771/70/340
f 1270/73/341 762/72/342 1039/26/299
f 1263/75/343 710/74/344 731/76/345
f 1065/77/346 1253/78/74 767/198/347
f 1058/81/348 739/80/76 1052/82/349
f 1073/84/350 1017/83/79 1070/85/351
f 680/87/352 1016/86/309 712/36/308
f 692/88/353 735/62/331 734/63/332
f 690/90/354 735/62/331 691/89/355
f 758/91/356 737/60/327 689/128/357
f 682/92/358 841/93/359 840/139/360
f 748/95/361 734/96/332 749/267/362
f 840/98/363 1076/1/364 1078/99/365
f 682/100/366 1078/99/365 1079/101/367
f 749/102/362 720/9/333 742/268/368
f 729/104/369 728/103/370 764/105/371
f 708/106/372 763/107/373 709/233/374
f 763/107/373 710/115/375 1718/108/376
f 1719/110/377 729/104/369 764/105/371
f 731/112/378 768/113/379 765/269/380
f 1278/109/381 731/112/382 710/115/375
f 1033/117/383 730/116/384 1036/118/385
f 768/120/386 766/119/387 730/116/384
f 1030/122/388 727/121/389 1038/123/390
f 1068/28/391 703/124/121 770/237/392
f 727/121/393 771/126/394 762/72/395
f 690/90/354 737/60/327 736/61/329
f 837/130/396 681/129/397 713/131/398
f 681/129/397 838/132/399 718/137/400
f 1040/134/401 837/130/396 713/131/398
f 838/132/399 733/136/402 718/137/400
f 1054/138/403 739/80/136 842/270/404
f 733/136/402 841/93/405 740/165/406
f 1053/140/140 726/141/140 839/271/140
f 846/57/323 681/143/315 718/144/324
f 868/272/407 876/273/408 852/274/409
f 932/275/407 940/276/408 916/277/409
f 679/29/410 1011/151/411 707/160/412
f 1013/153/413 679/29/410 717/154/414
f 1069/155/415 696/156/151 1014/193/416
f 732/6/417 1013/153/413 717/154/414
f 1016/86/418 732/6/417 741/4/419
f 1046/159/420 1016/86/418 741/4/419
f 717/154/303 1025/5/280 732/6/282
f 707/160/336 1024/31/421 679/29/301
f 1070/85/422 1035/35/423 1046/159/420
f 707/160/412 1029/162/424 1045/64/425
f 713/41/314 1043/163/140 1040/203/140
f 740/165/406 1034/166/426 1041/204/427
f 1053/167/428 1027/135/429 1040/134/429
f 762/72/395 1031/169/430 1039/26/431
f 1060/170/432 1038/123/390 1067/171/433
f 766/119/434 1282/172/435 1037/205/436
f 1063/174/437 1036/118/385 1065/77/438
f 1023/175/439 1046/159/440 741/4/281
f 706/94/441 1034/166/442 841/93/359
f 1057/176/443 1041/68/337 1054/177/443
f 1069/155/444 1048/66/445 1045/64/334
f 1064/161/446 1026/37/447 1035/35/307
f 1038/180/448 1274/181/449 1067/230/450
f 771/183/451 1032/184/452 1031/211/453
f 768/187/454 1720/186/455 1717/188/456
f 727/189/457 1268/182/458 1038/180/448
f 738/191/197 1050/179/459 1064/161/446
f 1014/193/199 1072/178/460 1069/155/444
f 847/195/49 1054/177/443 842/196/49
f 705/197/201 1065/77/438 767/198/202
f 1276/199/203 1067/171/433 769/200/204
f 839/201/130 1051/168/428 1053/167/428
f 1017/83/205 1064/161/461 1070/85/422
f 1045/64/425 1059/157/462 1069/155/415
f 1040/203/140 1056/142/140 1053/140/140
f 1041/204/427 1052/82/463 1054/138/403
f 1039/26/431 1061/125/464 1068/28/391
f 1037/205/436 1282/172/435 1066/17/465
f 1049/206/466 1070/85/351 1046/159/440
f 1028/207/467 1052/82/349 1034/166/442
f 765/208/468 1263/209/343 731/278/345
f 1031/211/453 1062/25/469 1061/23/296
f 1033/212/470 1721/22/295 1720/186/455
f 1273/213/471 1037/205/472 1066/17/293
f 1074/40/312 1380/214/473 1379/215/474
f 1381/216/475 1074/217/279 1379/261/476
f 720/9/333 743/218/477 742/268/368
f 744/219/478 719/7/479 1013/247/480
f 751/220/481 724/16/482 723/13/326
f 1378/221/483 724/16/482 750/279/484
f 1079/101/367 754/222/485 759/223/486
f 754/222/485 1076/1/364 752/260/487
f 771/70/340 708/106/372 728/103/370
f 730/116/488 1264/224/489 1036/118/490
f 762/72/342 1269/226/491 727/121/457
f 1261/229/492 728/228/493 708/197/494
f 1067/230/450 1255/231/241 769/280/241
f 1266/232/495 766/119/496 1037/205/472
f 709/233/497 1261/234/492 708/106/494
f 1256/236/246 1068/28/300 770/237/247
f 1267/238/498 730/116/488 766/119/496
f 1718/239/499 1258/240/500 709/281/497
f 1262/243/501 764/242/502 728/228/493
f 1036/118/490 1272/79/503 1065/77/346
f 1719/110/504 1259/244/505 765/269/468
f 1417/119/506 1280/119/507 1421/119/508
f 1421/119/509 766/119/510 1294/119/511
f 745/246/512 1013/247/480 1015/282/513
f 745/246/512 680/248/514 746/249/515
f 1281/251/318 1012/250/516 683/44/316
f 719/7/283 1012/252/517 1013/247/518
f 1030/255/519 1011/254/520 1281/251/318
f 1276/257/271 1059/256/521 1060/258/522
f 1060/258/522 1029/259/523 1030/255/519
f 752/260/487 1381/216/524 1378/221/483
f 724/16/291 1379/261/476 688/283/525
f 1379/215/474 711/262/526 688/55/322
f 1257/284/527 1719/110/504 764/105/502
f 1260/285/528 1718/239/499 710/74/344
f 1032/184/452 1721/22/295 1062/25/469
f 729/185/529 1720/186/455 1032/184/452
f 765/269/380 1717/111/530 1719/110/377
f 1062/25/469 1709/20/20 704/24/24
f 1712/110/254 530/284/531 69/105/251
f 1711/239/250 533/285/532 19/74/70
f 326/184/190 1714/22/22 1713/186/192
f 36/185/191 1713/186/192 1710/188/194
f 70/269/533 1710/111/107 72/113/109
f 356/25/25 1709/20/20 1714/22/22
f 8/286/534 1732/10/10 1733/12/12
f 30/287/534 1732/10/10 7/288/534
f 31/289/534 1733/12/12 1735/14/14
f 31/289/534 1734/11/11 30/287/534
f 686/286/535 1736/10/287 685/288/535
f 721/287/535 1736/10/287 1738/11/536
f 722/289/535 1737/12/289 686/286/535
f 722/289/535 1738/11/536 1739/14/290
f 370/1/1 368/217/223 138/2/2
f 46/4/4 317/175/179 319/5/5
f 28/7/7 5/253/267 6/8/8
f 29/9/9 6/8/8 1732/10/10
f 1733/12/12 9/15/15 32/13/13
f 9/15/15 10/283/537 33/16/16
f 360/17/17 546/213/219 1254/18/18
f 1709/20/20 705/290/538 357/21/21
f 355/23/23 703/263/297 704/24/24
f 333/26/26 543/73/69 548/27/27
f 1/29/29 26/154/159 316/30/30
f 45/32/32 40/264/51 148/33/33
f 329/35/35 313/86/82 21/36/36
f 369/38/38 139/291/539 138/39/39
f 22/41/41 143/164/165 147/42/42
f 5/44/44 552/251/265 549/45/45
f 6/47/46 549/265/45 68/48/47
f 1732/50/48 68/266/47 550/51/49
f 550/51/49 551/54/49 9/53/49
f 551/54/49 20/262/276 10/55/50
f 40/56/51 27/144/141 145/57/52
f 32/13/53 56/220/228 58/59/54
f 1735/14/56 32/13/53 44/60/55
f 1734/11/58 1735/14/56 43/61/57
f 41/63/60 29/9/98 1734/11/58
f 339/64/61 16/160/160 314/65/62
f 45/32/32 146/34/34 338/67/64
f 67/72/68 544/227/236 543/73/69
f 19/74/70 533/285/532 536/75/71
f 359/77/73 767/198/347 1253/78/74
f 739/80/76 695/292/540 352/81/77
f 1017/83/79 1022/293/541 367/84/80
f 313/86/82 312/158/542 2/87/83
f 14/88/84 41/63/60 42/62/59
f 42/62/59 43/61/57 12/90/86
f 63/91/87 11/128/125 44/60/55
f 4/92/88 141/139/543 142/93/89
f 53/95/91 54/267/97 41/96/60
f 370/1/92 140/3/544 141/98/93
f 372/99/94 141/98/93 4/100/95
f 54/102/97 47/268/545 29/9/98
f 35/103/99 73/70/66 36/104/100
f 17/106/102 18/233/546 68/107/103
f 68/107/103 18/233/546 1711/108/104
f 1711/108/104 19/115/111 550/109/105
f 1712/110/106 69/105/101 36/104/100
f 38/112/108 70/269/533 72/113/109
f 38/112/108 551/114/110 550/109/105
f 37/116/112 72/120/116 327/117/113
f 71/119/115 551/173/547 72/120/116
f 34/121/117 552/127/124 324/122/118
f 362/28/120 770/237/392 703/124/121
f 34/121/117 67/72/169 73/126/123
f 12/90/86 43/61/57 44/60/55
f 3/129/126 138/133/130 139/130/127
f 3/129/126 27/137/134 140/132/129
f 334/134/131 22/131/128 139/130/127
f 40/136/133 141/139/139 140/132/129
f 348/138/135 842/270/404 739/80/136
f 40/136/133 45/165/166 142/93/138
f 347/140/140 839/271/140 726/141/140
f 3/143/43 147/294/42 145/57/52
f 154/147/144 152/295/548 150/274/549
f 150/274/549 180/296/550 178/297/551
f 178/297/551 176/298/552 174/273/553
f 174/273/553 172/299/554 170/145/142
f 170/145/142 168/300/555 166/272/556
f 166/272/556 164/301/557 162/146/143
f 162/146/143 160/302/558 158/303/559
f 158/303/559 156/304/560 154/147/144
f 154/147/144 150/274/549 178/297/551
f 178/297/551 174/273/553 170/145/142
f 170/145/142 166/272/556 162/146/143
f 162/146/143 158/303/559 154/147/144
f 154/147/144 178/297/551 170/145/142
f 218/150/144 216/305/548 214/277/549
f 214/277/549 244/306/550 242/307/551
f 242/307/551 240/308/552 238/276/553
f 238/276/553 236/309/554 234/148/142
f 234/148/142 232/310/555 230/275/556
f 230/275/556 228/311/557 226/149/143
f 226/149/143 224/312/558 222/313/559
f 222/313/559 220/314/560 218/150/144
f 218/150/144 214/277/549 242/307/551
f 242/307/551 238/276/553 234/148/142
f 234/148/142 230/275/556 226/149/143
f 226/149/143 222/313/559 218/150/144
f 218/150/144 242/307/551 234/148/142
f 1/29/145 16/160/163 309/151/146
f 1/29/145 310/152/147 311/153/148
f 363/155/150 1014/193/416 696/156/151
f 39/6/153 26/154/149 311/153/148
f 39/6/153 312/158/154 313/86/155
f 340/159/157 46/4/156 313/86/155
f 26/154/159 39/6/6 319/5/5
f 16/160/160 1/29/29 318/31/31
f 364/85/161 340/159/157 329/35/158
f 16/160/163 339/64/207 323/162/164
f 22/41/41 334/203/140 337/163/140
f 45/165/166 335/204/208 328/166/167
f 347/167/168 334/134/131 321/135/132
f 67/72/169 333/26/209 325/169/170
f 332/123/119 324/122/118 354/170/171
f 71/119/173 331/205/210 553/172/174
f 330/118/114 327/117/113 357/174/176
f 340/159/178 343/206/212 317/175/179
f 328/166/180 322/207/213 15/94/90
f 335/68/64 338/67/64 351/176/181
f 363/155/182 339/64/61 342/66/63
f 358/161/184 329/35/35 320/37/37
f 332/180/186 361/230/240 547/181/187
f 73/183/189 325/211/216 326/184/190
f 1713/186/192 327/212/217 72/187/193
f 34/189/195 332/180/186 541/182/188
f 738/191/197 358/161/184 344/179/185
f 1014/193/199 363/155/182 366/178/183
f 348/177/181 351/176/181 847/195/49
f 359/77/177 357/174/176 705/197/201
f 361/171/172 354/170/171 1276/199/203
f 839/201/130 347/167/168 345/168/168
f 1017/83/205 364/85/161 358/161/162
f 339/64/207 363/155/150 353/157/152
f 334/203/140 347/140/140 350/142/140
f 335/204/208 348/138/135 346/82/137
f 333/26/209 362/28/120 355/125/122
f 364/85/81 367/84/80 343/206/212
f 346/82/78 352/81/77 322/207/213
f 70/208/214 38/278/72 536/209/71
f 325/211/216 355/23/23 356/25/25
f 1714/22/22 357/21/21 327/212/217
f 331/205/218 539/232/243 546/213/219
f 637/214/220 369/38/38 368/40/40
f 638/216/222 636/261/275 368/217/223
f 29/9/98 47/268/545 48/218/224
f 49/219/226 311/247/261 28/7/225
f 33/16/227 55/279/561 56/220/228
f 635/221/229 55/279/561 33/16/227
f 59/222/231 372/99/94 373/101/96
f 59/222/231 57/260/274 370/1/92
f 17/106/102 549/71/67 73/70/66
f 37/116/233 330/118/253 537/224/234
f 67/72/68 34/121/195 542/226/196
f 35/228/237 535/243/252 534/229/238
f 361/230/240 769/280/241 1255/231/241
f 71/119/249 540/238/248 539/232/562
f 18/233/244 17/106/239 534/234/238
f 362/28/28 548/27/27 1256/236/246
f 37/116/233 538/225/235 540/238/248
f 1711/239/250 18/281/244 531/240/245
f 69/242/251 530/315/531 535/243/252
f 330/118/253 359/77/73 545/79/75
f 1712/110/254 70/269/214 532/244/215
f 551/119/255 569/119/563 674/119/256
f 71/119/258 551/119/255 676/119/257
f 50/246/260 312/282/564 311/247/261
f 2/248/262 312/282/564 50/246/260
f 310/250/264 309/254/268 552/251/265
f 28/7/7 311/247/565 310/252/266
f 309/254/268 323/259/273 324/255/269
f 353/256/270 696/316/566 1276/257/271
f 323/259/273 353/256/270 354/258/272
f 57/260/274 635/221/229 638/216/230
f 33/16/16 10/283/537 636/261/275
f 20/262/276 637/214/220 636/215/221
f 1076/1/277 838/3/567 836/2/278
f 1025/5/280 1023/175/439 741/4/281
f 719/7/283 720/9/286 684/8/284
f 720/9/286 1738/11/536 1736/10/287
f 723/13/288 687/15/292 1737/12/289
f 724/16/291 688/283/525 687/15/292
f 1254/18/18 1273/213/471 1066/17/293
f 1063/21/294 705/290/538 1709/20/20
f 1061/23/296 1062/25/469 704/24/24
f 1275/27/298 1270/73/341 1039/26/299
f 679/29/301 1024/31/421 1021/30/302
f 740/32/304 848/34/568 850/33/305
f 1035/35/307 1026/37/447 712/36/308
f 836/39/310 837/291/569 1075/38/311
f 849/42/313 844/164/570 713/41/314
f 683/44/316 684/46/319 1277/45/317
f 684/47/319 1736/49/321 763/48/320
f 1736/50/321 1737/52/49 1278/51/49
f 687/53/49 1280/54/49 1278/51/49
f 688/55/322 711/262/526 1280/54/49
f 733/56/306 850/58/305 846/57/323
f 753/59/325 751/220/481 723/13/326
f 737/60/327 723/13/326 1739/14/328
f 736/61/329 1739/14/328 1738/11/330
f 734/63/332 735/62/331 1738/11/330
f 1045/64/334 1048/66/445 1019/65/335
f 1044/67/337 848/34/568 740/32/304
f 1270/73/341 1271/227/571 762/72/342
f 1263/75/343 1260/285/528 710/74/344
f 1065/77/346 1272/79/503 1253/78/74
f 1058/81/348 695/292/540 739/80/76
f 1073/84/350 1022/293/541 1017/83/79
f 680/87/352 1015/158/572 1016/86/309
f 692/88/353 691/89/355 735/62/331
f 690/90/354 736/61/329 735/62/331
f 758/91/356 753/59/325 737/60/327
f 682/92/358 706/94/441 841/93/359
f 748/95/361 692/97/353 734/96/332
f 840/98/363 838/3/573 1076/1/364
f 682/100/366 840/98/363 1078/99/365
f 749/102/362 734/63/332 720/9/333
f 729/104/369 771/70/340 728/103/370
f 708/106/372 1277/71/339 763/107/373
f 1718/108/376 709/233/374 763/107/373
f 763/107/373 1278/109/381 710/115/375
f 1719/110/377 1717/111/530 729/104/369
f 731/112/378 1280/114/574 768/113/379
f 1278/109/381 1280/114/575 731/112/382
f 1033/117/383 768/120/386 730/116/384
f 768/120/386 1280/173/576 766/119/576
f 1030/122/388 1281/127/577 727/121/389
f 1068/28/391 1061/125/464 703/124/121
f 727/121/393 1281/127/578 771/126/394
f 690/90/354 689/128/357 737/60/327
f 837/130/396 836/133/130 681/129/397
f 681/129/397 836/133/130 838/132/399
f 1040/134/429 1027/135/429 837/130/579
f 838/132/399 840/139/580 733/136/402
f 1054/138/403 1052/82/463 739/80/136
f 733/136/402 840/139/580 841/93/405
f 1053/140/140 1056/142/140 726/141/140
f 846/57/323 849/294/313 681/143/315
f 852/274/409 854/295/557 856/147/581
f 856/147/581 858/304/558 860/303/582
f 860/303/582 862/302/583 864/146/584
f 864/146/584 866/301/585 868/272/407
f 868/272/407 870/300/586 872/145/587
f 872/145/587 874/299/588 876/273/408
f 876/273/408 878/298/589 880/297/590
f 880/297/590 882/296/555 852/274/409
f 852/274/409 856/147/581 860/303/582
f 860/303/582 864/146/584 868/272/407
f 868/272/407 872/145/587 876/273/408
f 876/273/408 880/297/590 852/274/409
f 852/274/409 860/303/582 868/272/407
f 916/277/409 918/305/557 920/150/581
f 920/150/581 922/314/558 924/313/582
f 924/313/582 926/312/583 928/149/584
f 928/149/584 930/311/585 932/275/407
f 932/275/407 934/310/586 936/148/587
f 936/148/587 938/309/588 940/276/408
f 940/276/408 942/308/554 944/307/590
f 944/307/590 946/306/555 916/277/409
f 916/277/409 920/150/581 924/313/582
f 924/313/582 928/149/584 932/275/407
f 932/275/407 936/148/587 940/276/408
f 940/276/408 944/307/590 916/277/409
f 916/277/409 924/313/582 932/275/407
f 679/29/410 1012/152/591 1011/151/411
f 1013/153/413 1012/152/591 679/29/410
f 1069/155/415 1059/157/462 696/156/151
f 732/6/417 1015/158/592 1013/153/413
f 1016/86/418 1015/158/592 732/6/417
f 1046/159/420 1035/35/423 1016/86/418
f 717/154/303 1021/30/302 1025/5/280
f 707/160/336 1019/65/335 1024/31/421
f 1070/85/422 1064/161/461 1035/35/423
f 707/160/412 1011/151/411 1029/162/424
f 713/41/314 844/164/570 1043/163/140
f 740/165/406 841/93/405 1034/166/426
f 1053/167/428 1051/168/428 1027/135/429
f 762/72/395 771/126/394 1031/169/430
f 1060/170/432 1030/122/388 1038/123/390
f 766/119/434 1280/173/593 1282/172/435
f 1063/174/437 1033/117/383 1036/118/385
f 1023/175/439 1049/206/466 1046/159/440
f 706/94/441 1028/207/467 1034/166/442
f 1057/176/443 1044/67/337 1041/68/337
f 1069/155/444 1072/178/460 1048/66/445
f 1064/161/446 1050/179/459 1026/37/447
f 1038/180/448 1268/182/458 1274/181/449
f 771/183/451 729/185/529 1032/184/452
f 768/187/454 1033/212/470 1720/186/455
f 727/189/457 1269/190/491 1268/182/458
f 738/191/197 693/192/198 1050/179/459
f 1014/193/199 725/194/200 1072/178/460
f 847/195/49 1057/176/443 1054/177/443
f 705/197/201 1063/174/437 1065/77/438
f 1276/199/203 1060/170/432 1067/171/433
f 839/201/130 694/202/130 1051/168/428
f 1017/83/205 738/191/206 1064/161/461
f 1045/64/425 1029/162/424 1059/157/462
f 1040/203/140 1043/163/140 1056/142/140
f 1041/204/427 1034/166/426 1052/82/463
f 1039/26/431 1031/169/430 1061/125/464
f 1049/206/466 1073/84/350 1070/85/351
f 1028/207/467 1058/81/348 1052/82/349
f 765/208/468 1259/210/505 1263/209/343
f 1031/211/453 1032/184/452 1062/25/469
f 1033/212/470 1063/21/294 1721/22/295
f 1273/213/471 1266/232/495 1037/205/472
f 1074/40/312 1075/38/311 1380/214/473
f 1381/216/475 1076/1/277 1074/217/279
f 720/9/333 719/7/479 743/218/477
f 744/219/478 743/218/477 719/7/479
f 751/220/481 750/279/484 724/16/482
f 1378/221/483 1381/216/524 724/16/482
f 1079/101/367 1078/99/365 754/222/485
f 754/222/485 1078/99/365 1076/1/364
f 771/70/340 1277/71/339 708/106/372
f 730/116/488 1265/225/594 1264/224/489
f 762/72/342 1271/227/571 1269/226/491
f 1261/229/492 1262/243/501 728/228/493
f 1067/230/450 1274/181/449 1255/231/241
f 1266/232/495 1267/238/498 766/119/496
f 709/233/497 1258/235/500 1261/234/492
f 1256/236/246 1275/27/298 1068/28/300
f 1267/238/498 1265/225/594 730/116/488
f 1718/239/499 1722/241/595 1258/240/500
f 1262/243/501 1257/315/527 764/242/502
f 1036/118/490 1264/224/489 1272/79/503
f 1719/110/504 1723/245/504 1259/244/505
f 1417/119/506 1302/119/596 1280/119/507
f 1421/119/508 1280/119/507 766/119/510
f 745/246/512 744/219/478 1013/247/480
f 745/246/512 1015/282/513 680/248/514
f 1281/251/318 1011/254/520 1012/250/516
f 719/7/283 683/253/285 1012/252/517
f 1030/255/519 1029/259/523 1011/254/520
f 1276/257/271 696/316/566 1059/256/521
f 1060/258/522 1059/256/521 1029/259/523
f 752/260/487 1076/1/364 1381/216/524
f 724/16/291 1381/216/475 1379/261/476
f 1379/215/474 1380/214/473 711/262/526
f 1257/284/527 1723/245/504 1719/110/504
f 1260/285/528 1722/241/595 1718/239/499
f 1032/184/452 1720/186/455 1721/22/295
f 729/185/529 1717/188/456 1720/186/455
f 765/269/380 768/113/379 1717/111/530
f 1062/25/469 1721/22/295 1709/20/20
f 1712/110/254 1716/245/254 530/284/531
f 1711/239/250 1715/241/250 533/285/532
f 326/184/190 356/25/25 1714/22/22
f 36/185/191 326/184/190 1713/186/192
f 70/269/533 1712/110/106 1710/111/107
f 356/25/25 704/24/24 1709/20/20
f 8/286/534 7/288/534 1732/10/10
f 30/287/534 1734/11/11 1732/10/10
f 31/289/534 8/286/534 1733/12/12
f 31/289/534 1735/14/14 1734/11/11
f 686/286/535 1737/12/289 1736/10/287
f 721/287/535 685/288/535 1736/10/287
f 722/289/535 1739/14/290 1737/12/289
f 722/289/535 721/287/535 1738/11/536
g Carro_Chasis_Material.011
usemtl Material.011
f 84/317/597 75/318/598 83/319/599
f 85/320/600 76/321/601 84/317/597
f 85/322/600 78/323/602 77/324/603
f 86/325/604 79/326/605 78/323/602
f 87/327/606 80/328/607 79/329/605
f 88/330/608 81/331/609 80/328/607
f 82/332/610 81/333/609 89/334/611
f 82/332/610 97/335/612 90/336/613
f 85/322/600 94/337/614 86/325/604
f 83/338/599 90/336/613 91/339/615
f 86/325/604 95/340/616 87/341/606
f 84/317/597 91/342/615 92/343/617
f 87/327/606 96/344/618 88/330/608
f 85/320/600 92/343/617 93/345/619
f 88/330/608 97/346/612 89/347/611
f 93/345/619 100/348/620 101/349/621
f 96/344/618 105/350/622 97/346/612
f 94/337/614 101/351/621 102/352/623
f 97/335/612 98/353/624 90/336/613
f 91/339/615 98/353/624 99/354/625
f 94/337/614 103/355/626 95/340/616
f 92/343/617 99/356/625 100/348/620
f 95/357/616 104/358/627 96/344/618
f 110/359/628 103/360/626 102/361/623
f 99/356/625 108/362/629 100/348/620
f 104/358/627 111/363/630 112/364/631
f 101/365/621 108/366/629 109/367/632
f 104/368/627 113/369/633 105/370/622
f 102/361/623 109/367/632 110/359/628
f 105/370/622 106/371/634 98/372/624
f 98/372/624 107/373/635 99/374/625
f 113/369/633 114/375/636 106/371/634
f 117/376/637 110/359/628 109/367/632
f 106/371/634 115/377/638 107/373/635
f 111/378/630 118/379/639 119/380/640
f 107/373/635 116/381/641 108/382/629
f 112/383/631 119/380/640 120/384/642
f 109/367/632 116/385/641 117/376/637
f 112/386/631 121/387/643 113/369/633
f 120/388/642 129/389/644 121/387/643
f 124/390/645 117/376/637 116/385/641
f 118/379/639 125/391/646 126/392/647
f 121/387/643 122/393/648 114/375/636
f 115/377/638 122/393/648 123/394/649
f 118/379/639 127/395/650 119/380/640
f 116/381/641 123/394/649 124/396/645
f 119/380/640 128/397/651 120/384/642
f 77/398/603 135/321/652 76/321/601
f 78/323/602 132/326/653 133/323/654
f 81/331/609 131/328/655 80/328/607
f 76/321/601 136/318/656 75/318/598
f 78/323/602 134/324/657 77/324/603
f 79/329/605 131/328/655 132/329/653
f 74/399/658 130/333/659 81/333/609
f 75/400/598 137/399/660 74/399/658
f 150/401/549 182/402/661 181/403/662
f 152/404/548 183/405/663 182/402/661
f 154/406/144 184/407/664 183/408/663
f 156/409/560 185/410/665 184/407/664
f 185/410/665 160/411/558 186/412/666
f 186/412/666 162/413/143 187/414/667
f 187/415/667 164/416/557 188/417/668
f 188/417/668 166/418/556 189/419/669
f 189/419/669 168/420/555 190/421/670
f 190/421/670 170/422/142 191/423/671
f 191/424/671 172/425/554 192/426/672
f 192/426/672 174/427/553 193/428/673
f 174/427/553 194/429/674 193/428/673
f 176/430/552 195/431/675 194/429/674
f 178/432/551 196/433/676 195/434/675
f 180/435/550 181/403/662 196/433/676
f 198/436/677 182/437/661 197/438/678
f 197/438/678 183/439/663 199/440/679
f 199/440/679 184/441/664 200/442/680
f 200/442/680 185/443/665 201/444/681
f 202/445/682 185/443/665 186/446/666
f 203/447/683 186/446/666 187/448/667
f 204/449/684 187/448/667 188/450/668
f 205/451/685 188/450/668 189/452/669
f 205/451/685 190/453/670 206/454/686
f 206/454/686 191/455/671 207/456/687
f 207/456/687 192/457/672 208/458/688
f 208/458/688 193/459/673 209/460/689
f 210/461/690 193/459/673 194/462/674
f 211/463/691 194/462/674 195/464/675
f 212/465/692 195/464/675 196/466/676
f 198/436/677 196/466/676 181/467/662
f 292/468/693 198/436/694 277/469/695
f 291/470/696 212/465/697 292/468/693
f 290/471/698 211/463/699 291/470/696
f 289/472/700 210/461/701 290/471/698
f 289/472/700 208/458/702 209/460/703
f 288/473/704 207/456/705 208/458/702
f 287/474/706 206/454/707 207/456/705
f 286/475/708 205/451/709 206/454/707
f 285/476/710 204/449/711 205/451/709
f 284/477/712 203/447/713 204/449/711
f 283/478/714 202/445/715 203/447/713
f 282/479/716 201/444/717 202/445/715
f 280/480/718 201/444/717 281/481/719
f 279/482/720 200/442/721 280/480/718
f 278/483/722 199/440/723 279/482/720
f 277/469/695 197/438/724 278/483/722
f 214/484/549 246/485/661 245/486/662
f 216/487/548 247/488/663 246/485/661
f 218/489/144 248/490/664 247/491/663
f 220/492/560 249/493/665 248/490/664
f 249/493/665 224/494/558 250/495/666
f 250/495/666 226/496/143 251/497/667
f 251/498/667 228/499/557 252/500/668
f 252/500/668 230/501/556 253/502/725
f 253/502/725 232/503/555 254/504/670
f 254/504/670 234/505/142 255/506/671
f 255/507/671 236/508/554 256/509/672
f 256/509/672 238/510/553 257/511/673
f 238/510/553 258/512/674 257/511/673
f 240/513/552 259/514/675 258/512/674
f 242/515/551 260/516/676 259/517/675
f 244/518/550 245/486/662 260/516/676
f 262/519/677 246/520/661 261/521/678
f 261/521/678 247/522/663 263/523/726
f 263/523/726 248/524/664 264/525/727
f 264/525/727 249/526/665 265/527/681
f 266/528/682 249/526/665 250/529/666
f 267/530/728 250/529/666 251/531/667
f 268/532/729 251/531/667 252/533/668
f 269/534/685 252/533/668 253/535/725
f 269/534/685 254/536/670 270/537/686
f 270/537/686 255/538/671 271/539/687
f 271/539/687 256/540/672 272/541/688
f 272/541/688 257/542/673 273/543/689
f 274/544/690 257/542/673 258/545/674
f 275/546/691 258/545/674 259/547/675
f 276/548/692 259/547/675 260/549/676
f 262/519/677 260/549/676 245/550/662
f 308/551/730 262/519/731 293/552/732
f 307/553/733 276/548/734 308/551/730
f 306/554/735 275/546/736 307/553/733
f 305/555/737 274/544/738 306/554/735
f 305/555/737 272/541/739 273/543/740
f 304/556/741 271/539/742 272/541/739
f 303/557/743 270/537/744 271/539/742
f 302/558/745 269/534/746 270/537/744
f 301/559/747 268/532/748 269/534/746
f 300/560/749 267/530/750 268/532/748
f 299/561/751 266/528/752 267/530/750
f 298/562/753 265/527/754 266/528/752
f 296/563/755 265/527/754 297/564/756
f 295/565/757 264/525/758 296/563/755
f 294/566/759 263/523/760 295/565/757
f 293/552/732 261/521/761 294/566/759
f 83/338/599 74/399/658 82/332/610
f 423/567/130 1116/568/130 421/569/762
f 435/570/763 414/571/764 437/572/763
f 417/573/765 415/574/766 418/575/767
f 422/576/130 1124/577/130 423/567/130
f 416/578/140 436/579/140 442/580/140
f 425/581/768 1117/582/49 422/583/49
f 416/584/769 415/574/770 410/585/771
f 437/572/772 412/586/773 439/587/774
f 412/586/773 418/588/775 416/589/769
f 420/590/776 1129/591/777 425/592/768
f 412/593/140 442/580/140 439/594/140
f 414/571/764 417/595/765 418/588/767
f 419/596/140 1128/597/140 1118/598/140
f 427/599/778 425/592/768 430/600/779
f 1125/601/780 419/602/781 1118/603/780
f 430/604/779 422/583/49 432/605/49
f 426/606/140 1116/607/140 1128/597/140
f 432/608/130 423/567/130 433/609/782
f 1119/610/783 424/611/784 1125/601/783
f 433/609/782 421/569/762 428/612/785
f 441/613/786 428/612/785 436/614/787
f 440/615/788 433/609/782 441/613/788
f 438/616/789 432/605/49 440/617/49
f 435/618/790 430/600/779 438/619/789
f 431/620/140 426/606/140 419/596/140
f 419/602/781 429/621/791 431/622/792
f 434/623/140 421/624/140 426/606/140
f 420/625/784 429/621/793 424/611/784
f 413/626/794 438/619/789 417/627/795
f 417/628/795 440/617/49 411/629/49
f 411/630/796 441/613/788 415/631/796
f 410/632/797 441/613/786 436/614/787
f 439/594/140 434/623/140 431/620/140
f 431/622/792 437/572/772 439/587/774
f 442/580/140 428/633/140 434/623/140
f 427/634/793 437/572/763 429/621/793
f 494/635/798 1196/636/799 492/637/800
f 498/638/801 485/639/802 500/640/803
f 489/641/804 482/642/805 486/643/806
f 493/644/807 1204/645/808 494/635/807
f 505/646/809 481/647/810 499/648/811
f 1209/649/812 493/644/813 496/650/814
f 489/641/815 481/651/816 487/652/817
f 500/640/803 483/653/802 502/654/803
f 485/655/818 487/656/817 483/657/819
f 1199/658/812 496/650/814 491/659/820
f 502/654/821 487/660/822 505/646/809
f 484/661/823 489/662/804 485/655/823
f 1198/663/824 497/664/825 1208/665/824
f 491/659/820 501/666/826 498/667/827
f 1198/663/828 495/668/829 490/669/829
f 496/650/814 503/670/830 501/666/826
f 1208/665/824 492/671/831 1196/672/832
f 503/670/833 494/635/807 504/673/834
f 1205/674/828 491/675/835 495/668/829
f 504/673/836 492/637/800 499/676/837
f 486/643/838 499/676/837 481/651/816
f 482/642/805 504/673/834 486/643/806
f 501/666/826 482/642/839 488/677/840
f 498/667/827 488/677/840 484/678/841
f 490/669/842 505/646/809 497/664/825
f 490/669/829 500/640/803 502/654/803
f 497/664/825 499/648/811 492/671/831
f 495/668/829 498/638/801 500/640/803
f 506/679/843 509/680/844 507/681/845
f 512/682/846 509/680/847 508/683/848
f 510/684/849 513/685/849 512/686/849
f 510/684/850 507/687/850 511/688/850
f 508/689/851 510/684/852 512/686/853
f 513/690/854 507/681/854 509/680/854
f 523/691/855 527/692/855 522/693/856
f 517/694/857 520/695/857 516/696/857
f 525/697/858 518/698/858 524/699/858
f 519/700/859 514/701/859 518/698/859
f 522/693/860 518/698/860 514/701/860
f 523/691/861 519/700/861 525/697/861
f 526/702/862 525/697/862 529/703/862
f 527/692/863 524/699/863 522/693/863
f 528/704/864 525/697/864 524/699/864
f 515/705/865 522/693/865 514/701/865
f 516/696/866 526/706/867 517/694/868
f 520/695/869 527/707/870 516/696/866
f 521/708/871 526/706/867 529/709/872
f 520/695/869 529/709/872 528/710/873
f 574/711/783 1420/712/783 1419/712/783
f 572/713/783 568/714/783 574/711/783
f 566/715/783 572/713/783 573/716/783
f 136/400/656 618/399/874 137/399/660
f 135/321/652 615/398/875 616/321/876
f 133/323/654 613/326/877 614/323/878
f 130/331/659 612/328/879 131/328/655
f 135/321/652 617/318/880 136/318/656
f 134/324/657 614/323/878 615/324/875
f 131/328/655 613/329/877 132/329/653
f 137/399/660 611/333/881 130/333/659
f 616/321/882 623/398/883 624/321/882
f 613/326/884 622/323/885 614/323/885
f 612/328/886 619/331/887 620/328/886
f 617/318/888 624/321/882 625/318/889
f 614/323/885 623/324/883 615/324/890
f 613/329/884 620/328/886 621/329/891
f 618/399/892 619/333/887 611/333/893
f 617/400/888 626/399/892 618/399/892
f 642/717/894 643/718/894 641/719/894
f 644/720/895 650/721/895 643/718/895
f 652/722/896 641/723/896 651/724/896
f 643/725/897 651/724/897 641/726/897
f 644/727/898 652/722/898 649/728/898
f 654/729/899 649/728/900 653/730/901
f 655/731/902 650/721/903 654/729/904
f 653/730/905 652/722/903 656/732/904
f 656/732/906 651/724/900 655/731/907
f 658/717/908 659/718/908 657/719/908
f 659/718/909 665/728/909 666/721/909
f 668/722/910 657/723/910 667/724/910
f 659/725/911 667/724/911 657/726/911
f 665/728/912 658/733/912 668/722/912
f 670/729/913 665/728/914 669/730/915
f 671/731/916 666/721/917 670/729/918
f 669/730/919 668/722/917 672/732/920
f 672/732/913 667/724/921 671/731/915
f 773/318/922 782/317/597 781/319/923
f 774/321/924 783/320/925 782/317/597
f 783/322/925 776/323/926 784/325/927
f 784/325/927 777/326/928 785/341/929
f 785/327/929 778/328/930 786/330/931
f 786/330/931 779/331/932 787/347/933
f 779/333/932 780/332/934 787/334/933
f 780/332/934 795/335/935 787/334/933
f 783/322/925 792/337/936 791/734/937
f 781/338/923 788/336/938 780/332/934
f 793/340/939 784/325/927 785/341/929
f 782/317/597 789/342/940 781/319/923
f 794/344/941 785/327/929 786/330/931
f 783/320/925 790/343/942 782/317/597
f 795/346/935 786/330/931 787/347/933
f 791/345/937 798/348/943 790/343/942
f 803/350/944 794/344/941 795/346/935
f 792/337/936 799/351/945 791/734/937
f 796/353/946 795/335/935 788/336/938
f 789/339/940 796/353/946 788/336/938
f 801/355/947 792/337/936 793/340/939
f 790/343/942 797/356/948 789/342/940
f 802/358/949 793/357/939 794/344/941
f 801/360/947 808/359/950 800/361/951
f 806/362/952 797/356/948 798/348/943
f 802/358/949 809/363/953 801/735/947
f 799/365/945 806/366/952 798/736/943
f 811/369/954 802/368/949 803/370/944
f 800/361/951 807/367/955 799/365/945
f 804/371/956 803/370/944 796/372/946
f 805/373/957 796/372/946 797/374/948
f 812/375/958 811/369/954 804/371/956
f 808/359/950 815/376/959 807/367/955
f 813/377/960 804/371/956 805/373/957
f 809/378/953 816/379/961 808/359/950
f 814/381/962 805/373/957 806/382/952
f 810/383/963 817/380/964 809/378/953
f 807/367/955 814/385/962 806/366/952
f 819/387/965 810/386/963 811/369/954
f 827/389/966 818/388/967 819/387/965
f 815/376/959 822/390/645 814/385/962
f 816/379/961 823/391/968 815/376/959
f 820/393/969 819/387/965 812/375/958
f 813/377/960 820/393/969 812/375/958
f 825/395/970 816/379/961 817/380/964
f 814/381/962 821/394/971 813/377/960
f 826/397/651 817/380/964 818/384/967
f 833/321/972 775/398/973 774/321/924
f 776/323/926 830/326/974 777/326/928
f 829/328/975 779/331/932 778/328/930
f 834/318/976 774/321/924 773/318/922
f 832/324/977 776/323/926 775/324/973
f 777/329/928 829/328/975 778/328/930
f 828/333/978 772/399/979 779/333/932
f 835/399/980 773/400/922 772/399/979
f 884/402/981 852/401/409 883/403/669
f 885/405/982 854/404/557 884/402/981
f 886/407/983 856/406/581 885/408/982
f 887/410/984 858/409/558 886/407/983
f 887/410/984 862/411/583 860/737/582
f 888/412/985 864/413/584 862/411/583
f 889/415/986 866/416/585 864/738/584
f 890/417/987 868/418/407 866/416/585
f 891/419/988 870/420/586 868/418/407
f 892/421/989 872/422/587 870/420/586
f 893/424/990 874/425/588 872/739/587
f 894/426/991 876/427/408 874/425/588
f 896/429/992 876/427/408 895/428/993
f 897/431/994 878/430/589 896/429/992
f 898/433/995 880/432/590 897/434/994
f 883/403/669 882/435/555 898/433/995
f 884/437/981 900/436/685 899/438/729
f 885/439/982 899/438/729 901/440/728
f 886/441/983 901/440/728 902/442/682
f 887/443/984 902/442/682 903/444/681
f 904/445/996 887/443/984 903/444/681
f 905/447/997 888/446/985 904/445/996
f 906/449/678 889/448/986 905/447/997
f 907/451/998 890/450/987 906/449/678
f 892/453/989 907/451/998 908/454/692
f 893/455/990 908/454/692 909/456/691
f 894/457/991 909/456/691 910/458/999
f 895/459/993 910/458/999 911/460/689
f 912/461/688 895/459/993 911/460/689
f 913/463/687 896/462/992 912/461/688
f 914/465/686 897/464/994 913/463/687
f 900/436/685 898/466/995 914/465/686
f 900/436/709 994/468/1000 979/469/1001
f 914/465/1002 993/470/1003 994/468/1000
f 913/463/705 992/471/704 993/470/1003
f 912/461/702 991/472/700 992/471/704
f 991/472/700 910/458/1004 990/473/698
f 990/473/698 909/456/699 989/474/696
f 989/474/696 908/454/697 988/475/693
f 988/475/693 907/451/694 987/476/695
f 987/476/695 906/449/724 986/477/722
f 986/477/722 905/447/723 985/478/720
f 985/478/720 904/445/721 984/479/718
f 984/479/718 903/444/717 983/481/719
f 903/444/717 982/480/716 983/481/719
f 902/442/715 981/482/714 982/480/716
f 901/440/713 980/483/712 981/482/714
f 899/438/711 979/469/1001 980/483/712
f 948/485/981 916/484/409 947/486/669
f 949/488/982 918/487/557 948/485/981
f 950/490/983 920/489/581 949/491/982
f 951/493/984 922/492/558 950/490/983
f 951/493/984 926/494/583 924/740/582
f 952/495/985 928/496/584 926/494/583
f 953/498/986 930/499/585 928/741/584
f 954/500/987 932/501/407 930/499/585
f 955/502/1005 934/503/586 932/501/407
f 956/504/989 936/505/587 934/503/586
f 957/507/990 938/508/588 936/742/587
f 958/509/991 940/510/408 938/508/588
f 960/512/992 940/510/408 959/511/993
f 961/514/994 942/513/554 960/512/992
f 962/516/995 944/515/590 961/517/994
f 947/486/669 946/518/555 962/516/995
f 948/520/981 964/519/685 963/521/1006
f 949/522/982 963/521/1006 965/523/728
f 950/524/983 965/523/728 966/525/1007
f 951/526/984 966/525/1007 967/527/681
f 968/528/727 951/526/984 967/527/681
f 969/530/679 952/529/985 968/528/727
f 970/532/1008 953/531/986 969/530/679
f 971/534/677 954/533/987 970/532/1008
f 956/536/989 971/534/677 972/537/1009
f 957/538/990 972/537/1009 973/539/691
f 958/540/991 973/539/691 974/541/690
f 959/542/993 974/541/690 975/543/689
f 976/544/688 959/542/993 975/543/689
f 977/546/687 960/545/992 976/544/688
f 978/548/686 961/547/994 977/546/687
f 964/519/685 962/549/995 978/548/686
f 964/519/746 1010/551/745 995/552/747
f 978/548/1010 1009/553/743 1010/551/745
f 977/546/742 1008/554/1011 1009/553/743
f 976/544/739 1007/555/737 1008/554/1011
f 1007/555/737 974/541/1012 1006/556/1013
f 1006/556/1013 973/539/736 1005/557/1014
f 1005/557/1014 972/537/1015 1004/558/730
f 1004/558/730 971/534/731 1003/559/732
f 1003/559/732 970/532/761 1002/560/759
f 1002/560/759 969/530/760 1001/561/757
f 1001/561/757 968/528/758 1000/562/755
f 1000/562/755 967/527/754 999/564/756
f 967/527/754 998/563/753 999/564/756
f 966/525/752 997/565/1016 998/563/753
f 965/523/750 996/566/749 997/565/1016
f 963/521/748 995/552/747 996/566/749
f 772/399/979 781/338/923 780/332/934
f 1116/568/130 1137/567/130 1135/569/762
f 1126/571/1017 1149/570/1018 1151/572/1018
f 1127/574/1019 1131/573/1020 1132/575/1021
f 1124/577/130 1136/576/130 1137/567/130
f 1150/579/140 1130/578/140 1156/580/140
f 1139/581/1022 1117/582/49 1129/743/777
f 1130/584/1023 1127/574/1024 1132/575/1025
f 1122/586/1026 1151/572/1027 1153/587/1028
f 1122/586/1026 1132/588/1025 1126/571/1029
f 1134/590/1030 1129/591/777 1119/744/1031
f 1156/580/140 1122/593/140 1153/594/140
f 1126/571/1017 1131/595/1020 1123/745/1032
f 1128/597/140 1133/596/140 1118/598/140
f 1141/599/1033 1139/592/1022 1134/590/1030
f 1133/602/1034 1125/601/780 1118/603/780
f 1144/604/1035 1136/583/49 1139/581/1022
f 1116/607/140 1140/606/140 1128/597/140
f 1137/567/130 1146/608/130 1147/609/1036
f 1138/611/1037 1119/610/783 1125/601/783
f 1135/569/762 1147/609/1036 1142/612/1038
f 1142/612/1038 1155/613/1039 1150/614/1040
f 1147/609/1036 1154/615/1041 1155/613/1041
f 1152/616/1042 1146/605/49 1144/604/1035
f 1149/618/1043 1144/600/1035 1141/599/1033
f 1140/606/140 1145/620/140 1133/596/140
f 1133/602/1034 1143/621/1044 1138/611/1045
f 1135/624/140 1148/623/140 1140/606/140
f 1143/621/1046 1134/625/1037 1138/611/1037
f 1123/626/1047 1152/619/1042 1149/618/1043
f 1131/628/1048 1154/617/49 1152/616/1042
f 1155/613/1041 1121/630/1049 1127/631/1049
f 1120/632/1050 1155/613/1039 1127/631/1051
f 1148/623/140 1153/594/140 1145/620/140
f 1145/622/1052 1151/572/1027 1143/621/1044
f 1142/633/140 1156/580/140 1148/623/140
f 1151/572/1018 1141/634/1046 1143/621/1046
f 1196/636/799 1217/635/1053 1215/637/1054
f 1206/639/1055 1221/638/1056 1223/640/1057
f 1212/641/1058 1201/642/1059 1211/677/1060
f 1204/645/808 1216/644/1061 1217/635/1061
f 1228/646/1062 1200/647/1063 1210/660/1064
f 1216/644/1065 1209/649/812 1219/650/1066
f 1200/651/1067 1212/641/1068 1210/652/1069
f 1202/653/1055 1223/640/1057 1225/654/1057
f 1210/656/1069 1206/655/1070 1202/657/1071
f 1219/650/1066 1199/658/812 1214/659/1072
f 1225/654/1073 1210/660/1064 1202/653/1074
f 1212/662/1058 1203/661/1075 1206/655/1075
f 1198/663/824 1220/664/1076 1213/669/1077
f 1224/666/1078 1214/659/1072 1221/667/1079
f 1198/663/828 1218/668/1080 1205/674/828
f 1226/670/1081 1219/650/1066 1224/666/1078
f 1208/665/824 1215/671/1082 1220/664/1076
f 1217/635/1061 1226/670/1083 1227/673/1084
f 1205/674/828 1214/675/1085 1199/746/828
f 1215/637/1054 1227/673/1086 1222/676/1087
f 1222/676/1087 1207/643/1088 1200/651/1067
f 1227/673/1084 1201/642/1059 1207/643/1089
f 1201/642/1090 1224/666/1078 1211/677/1091
f 1211/677/1091 1221/667/1079 1203/678/1092
f 1213/669/1077 1228/646/1062 1225/654/1073
f 1213/669/1080 1223/640/1057 1218/668/1080
f 1220/664/1076 1222/648/1093 1228/646/1062
f 1218/668/1080 1221/638/1056 1214/675/1085
f 1229/679/1094 1232/680/1095 1231/683/1096
f 1232/680/1097 1235/682/1098 1231/683/1099
f 1236/685/1100 1233/684/1100 1235/686/1100
f 1233/684/1101 1230/687/1101 1229/747/1101
f 1231/689/1102 1233/684/1103 1229/747/1104
f 1236/690/1105 1230/681/1105 1234/748/1105
f 1250/692/1106 1246/691/1106 1245/693/1106
f 1243/695/1107 1240/694/1107 1239/696/1107
f 1241/698/1108 1248/697/1108 1247/699/1108
f 1237/701/1109 1242/700/1109 1241/698/1109
f 1245/693/1110 1241/698/1110 1247/699/1110
f 1242/700/1111 1246/691/1111 1248/697/1111
f 1248/697/1112 1249/702/1112 1252/703/1112
f 1250/692/1113 1247/699/1113 1251/704/1113
f 1247/699/1114 1252/703/1114 1251/704/1114
f 1245/693/1115 1238/705/1115 1237/701/1115
f 1249/706/1116 1239/696/1117 1240/694/1118
f 1250/707/1119 1243/695/1120 1239/696/1117
f 1244/708/1121 1249/706/1116 1240/694/1118
f 1243/695/1120 1252/709/1122 1244/708/1121
f 1309/711/783 1420/712/783 1300/714/783
f 1306/713/783 1300/714/783 1299/749/783
f 1306/713/783 1298/715/783 1307/716/783
f 1361/399/1123 834/400/976 835/399/980
f 833/321/972 1358/398/1124 832/398/977
f 831/323/1125 1356/326/1126 830/326/974
f 1355/328/1127 828/331/978 829/328/975
f 1360/318/1128 833/321/972 834/318/976
f 832/324/977 1357/323/1129 831/323/1125
f 1356/329/1126 829/328/975 830/329/974
f 1354/333/1130 835/399/980 828/333/978
f 1359/321/1131 1366/398/1132 1358/398/1133
f 1365/323/1134 1356/326/1135 1357/323/1134
f 1355/328/1136 1362/331/1137 1354/331/1138
f 1360/318/1139 1367/321/1131 1359/321/1131
f 1366/324/1132 1357/323/1134 1358/324/1133
f 1356/329/1135 1363/328/1136 1355/328/1136
f 1362/333/1137 1361/399/1140 1354/333/1138
f 1369/399/1140 1360/400/1139 1361/399/1140
f 1386/718/1141 1385/717/1141 1384/719/1141
f 1393/721/1142 1387/720/1142 1386/718/1142
f 1384/723/1143 1395/722/1143 1394/724/1143
f 1386/725/1144 1394/724/1144 1393/721/1144
f 1395/722/1145 1387/727/1145 1392/728/1145
f 1392/728/1146 1397/729/1147 1396/730/1148
f 1393/721/1149 1398/731/1150 1397/729/1151
f 1395/722/1152 1396/730/1153 1399/732/1151
f 1394/724/1146 1399/732/1154 1398/731/1155
f 1402/718/1156 1401/717/1156 1400/719/1156
f 1402/718/1157 1408/728/1157 1403/720/1157
f 1400/723/1158 1411/722/1158 1410/724/1158
f 1402/725/1159 1410/724/1159 1409/721/1159
f 1408/728/1160 1401/733/1160 1403/727/1160
f 1408/728/1161 1413/729/1162 1412/730/1163
f 1409/721/1164 1414/731/1165 1413/729/1166
f 1411/722/1164 1412/730/1167 1415/732/1168
f 1410/724/1161 1415/732/1162 1414/731/1163
f 1572/750/1169 1591/750/1170 1575/750/1171
f 1453/750/1172 1567/750/1173 1570/750/1174
f 1477/750/1175 1543/750/1176 1546/750/1177
f 1456/750/1178 1564/750/1179 1567/750/1173
f 1483/750/1180 1543/750/1176 1480/750/1181
f 1459/750/1182 1561/750/1183 1564/750/1179
f 1483/750/1180 1537/750/1184 1540/750/1185
f 1465/750/1186 1561/750/1183 1462/750/1187
f 1489/750/1188 1584/750/1189 1491/750/1190
f 1468/750/1191 1558/750/1192 1465/750/1186
f 1440/750/1193 1537/750/1184 1486/750/1194
f 1488/750/1195 1443/750/1196 1441/750/1197
f 1468/750/1191 1552/750/1198 1555/750/1199
f 1447/750/1200 1573/750/1201 1576/750/1202
f 1474/750/1203 1552/750/1198 1471/750/1204
f 1450/750/1205 1570/750/1174 1573/750/1201
f 1521/750/1206 1614/750/1207 1617/750/1208
f 1551/750/1209 1612/750/1210 1554/750/1211
f 1575/750/1171 1585/750/1212 1581/750/1213
f 1554/750/1211 1609/750/1214 1557/750/1215
f 1579/750/1216 1585/750/1212 1587/750/1217
f 1557/750/1215 1606/750/1218 1560/750/1219
f 1536/750/1220 1627/750/1221 1539/750/1222
f 1560/750/1219 1603/750/1223 1563/750/1224
f 1542/750/1225 1627/750/1221 1624/750/1226
f 1563/750/1224 1600/750/1227 1566/750/1228
f 1545/750/1229 1624/750/1226 1621/750/1230
f 1569/750/1231 1600/750/1227 1597/750/1232
f 1545/750/1229 1618/750/1233 1548/750/1234
f 1569/750/1231 1594/750/1235 1572/750/1169
f 1548/750/1234 1615/750/1236 1551/750/1209
f 1477/750/1175 1549/750/1237 1474/750/1203
f 1476/750/1238 1528/750/1239 1479/750/1240
f 1524/750/1241 1617/750/1208 1620/750/1242
f 1479/750/1240 1531/750/1243 1482/750/1244
f 1534/750/1245 1441/750/1197 1485/750/1246
f 1524/750/1241 1623/750/1247 1527/750/1248
f 1482/750/1244 1534/750/1245 1485/750/1246
f 1492/750/1249 1446/750/1250 1443/750/1196
f 1527/750/1248 1626/750/1251 1530/750/1252
f 1447/750/1200 1582/750/1253 1444/750/1254
f 1495/750/1255 1449/750/1256 1446/750/1250
f 1533/750/1257 1626/750/1251 1629/750/1258
f 1533/750/1257 1588/750/1259 1489/750/1188
f 1498/750/1260 1452/750/1261 1449/750/1256
f 1536/750/1220 1587/750/1217 1630/750/1262
f 1494/750/1263 1593/750/1264 1497/750/1265
f 1501/750/1266 1455/750/1267 1452/750/1261
f 1491/750/1190 1590/750/1268 1494/750/1263
f 1500/750/1269 1593/750/1264 1596/750/1270
f 1504/750/1271 1458/750/1272 1455/750/1267
f 1500/750/1269 1599/750/1273 1503/750/1274
f 1507/750/1275 1461/750/1276 1458/750/1272
f 1503/750/1274 1602/750/1277 1506/750/1278
f 1510/750/1279 1464/750/1280 1461/750/1276
f 1509/750/1281 1602/750/1277 1605/750/1282
f 1513/750/1283 1467/750/1284 1464/750/1280
f 1509/750/1281 1608/750/1285 1512/750/1286
f 1516/750/1287 1470/750/1288 1467/750/1284
f 1515/750/1289 1608/750/1285 1611/750/1290
f 1470/750/1288 1522/750/1291 1473/750/1292
f 1515/750/1289 1614/750/1207 1518/750/1293
f 1473/750/1292 1525/750/1294 1476/750/1238
f 1444/750/1254 1442/750/1295 1445/750/1296
f 1442/750/1295 1443/750/1196 1445/750/1296
f 1447/750/1200 1445/750/1296 1448/750/1297
f 1445/750/1296 1446/750/1250 1448/750/1297
f 1447/750/1200 1451/750/1298 1450/750/1205
f 1451/750/1298 1446/750/1250 1449/750/1256
f 1453/750/1172 1451/750/1298 1454/750/1299
f 1451/750/1298 1452/750/1261 1454/750/1299
f 1456/750/1178 1454/750/1299 1457/750/1300
f 1454/750/1299 1455/750/1267 1457/750/1300
f 1456/750/1178 1460/750/1301 1459/750/1182
f 1460/750/1301 1455/750/1267 1458/750/1272
f 1462/750/1187 1460/750/1301 1463/750/1302
f 1463/750/1302 1458/750/1272 1461/750/1276
f 1465/750/1186 1463/750/1302 1466/750/1303
f 1466/750/1303 1461/750/1276 1464/750/1280
f 1465/750/1186 1469/750/1304 1468/750/1191
f 1466/750/1303 1467/750/1284 1469/750/1304
f 1468/750/1191 1472/750/1305 1471/750/1204
f 1469/750/1304 1470/750/1288 1472/750/1305
f 1474/750/1203 1472/750/1305 1475/750/1306
f 1472/750/1305 1473/750/1292 1475/750/1306
f 1474/750/1203 1478/750/1307 1477/750/1175
f 1478/750/1307 1473/750/1292 1476/750/1238
f 1477/750/1175 1481/750/1308 1480/750/1181
f 1481/750/1308 1476/750/1238 1479/750/1240
f 1480/750/1181 1484/750/1309 1483/750/1180
f 1481/750/1308 1482/750/1244 1484/750/1309
f 1483/750/1180 1487/750/1310 1486/750/1194
f 1484/750/1309 1485/750/1246 1487/750/1310
f 1486/750/1194 1442/750/1295 1440/750/1193
f 1442/750/1295 1485/750/1246 1441/750/1197
f 1488/750/1195 1493/750/1311 1492/750/1249
f 1490/750/1312 1491/750/1190 1493/750/1311
f 1492/750/1249 1496/750/1313 1495/750/1255
f 1496/750/1313 1491/750/1190 1494/750/1263
f 1495/750/1255 1499/750/1314 1498/750/1260
f 1499/750/1314 1494/750/1263 1497/750/1265
f 1501/750/1266 1499/750/1314 1502/750/1315
f 1499/750/1314 1500/750/1269 1502/750/1315
f 1501/750/1266 1505/750/1316 1504/750/1271
f 1502/750/1315 1503/750/1274 1505/750/1316
f 1504/750/1271 1508/750/1317 1507/750/1275
f 1508/750/1317 1503/750/1274 1506/750/1278
f 1510/750/1279 1508/750/1317 1511/750/1318
f 1508/750/1317 1509/750/1281 1511/750/1318
f 1513/750/1283 1511/750/1318 1514/750/1319
f 1511/750/1318 1512/750/1286 1514/750/1319
f 1513/750/1283 1517/750/1320 1516/750/1287
f 1517/750/1320 1512/750/1286 1515/750/1289
f 1516/750/1287 1520/750/1321 1519/750/1322
f 1520/750/1321 1515/750/1289 1518/750/1293
f 1522/750/1291 1520/750/1321 1523/750/1323
f 1523/750/1323 1518/750/1293 1521/750/1206
f 1525/750/1294 1523/750/1323 1526/750/1324
f 1523/750/1323 1524/750/1241 1526/750/1324
f 1525/750/1294 1529/750/1325 1528/750/1239
f 1529/750/1325 1524/750/1241 1527/750/1248
f 1531/750/1243 1529/750/1325 1532/750/1326
f 1532/750/1326 1527/750/1248 1530/750/1252
f 1534/750/1245 1532/750/1326 1535/750/1327
f 1532/750/1326 1533/750/1257 1535/750/1327
f 1488/750/1195 1535/750/1327 1490/750/1312
f 1490/750/1312 1533/750/1257 1489/750/1188
f 1536/750/1220 1580/750/1328 1579/750/1216
f 1580/750/1328 1537/750/1184 1578/750/1329
f 1539/750/1222 1538/750/1330 1536/750/1220
f 1538/750/1330 1540/750/1185 1537/750/1184
f 1539/750/1222 1544/750/1331 1541/750/1332
f 1544/750/1331 1540/750/1185 1541/750/1332
f 1545/750/1229 1544/750/1331 1542/750/1225
f 1544/750/1331 1546/750/1177 1543/750/1176
f 1548/750/1234 1547/750/1333 1545/750/1229
f 1547/750/1333 1549/750/1237 1546/750/1177
f 1548/750/1234 1553/750/1334 1550/750/1335
f 1553/750/1334 1549/750/1237 1550/750/1335
f 1551/750/1209 1556/750/1336 1553/750/1334
f 1556/750/1336 1552/750/1198 1553/750/1334
f 1554/750/1211 1559/750/1337 1556/750/1336
f 1556/750/1336 1558/750/1192 1555/750/1199
f 1560/750/1219 1559/750/1337 1557/750/1215
f 1562/750/1338 1558/750/1192 1559/750/1337
f 1563/750/1224 1562/750/1338 1560/750/1219
f 1562/750/1338 1564/750/1179 1561/750/1183
f 1563/750/1224 1568/750/1339 1565/750/1340
f 1565/750/1340 1567/750/1173 1564/750/1179
f 1566/750/1228 1571/750/1341 1568/750/1339
f 1571/750/1341 1567/750/1173 1568/750/1339
f 1569/750/1231 1574/750/1342 1571/750/1341
f 1574/750/1342 1570/750/1174 1571/750/1341
f 1572/750/1169 1577/750/1343 1574/750/1342
f 1577/750/1343 1573/750/1201 1574/750/1342
f 1575/750/1171 1583/750/1344 1577/750/1343
f 1583/750/1344 1576/750/1202 1577/750/1343
f 1581/750/1213 1580/750/1328 1583/750/1344
f 1580/750/1328 1582/750/1253 1583/750/1344
f 1629/750/1258 1589/750/1345 1588/750/1259
f 1631/750/1346 1587/750/1217 1589/750/1345
f 1629/750/1258 1628/750/1347 1631/750/1346
f 1628/750/1347 1630/750/1262 1631/750/1346
f 1623/750/1247 1628/750/1347 1626/750/1251
f 1628/750/1347 1624/750/1226 1627/750/1221
f 1620/750/1242 1625/750/1348 1623/750/1247
f 1625/750/1348 1621/750/1230 1624/750/1226
f 1620/750/1242 1619/750/1349 1622/750/1350
f 1622/750/1350 1618/750/1233 1621/750/1230
f 1617/750/1208 1616/750/1351 1619/750/1349
f 1619/750/1349 1615/750/1236 1618/750/1233
f 1611/750/1290 1616/750/1351 1614/750/1207
f 1613/750/1352 1615/750/1236 1616/750/1351
f 1611/750/1290 1610/750/1353 1613/750/1352
f 1610/750/1353 1612/750/1210 1613/750/1352
f 1605/750/1282 1610/750/1353 1608/750/1285
f 1607/750/1354 1609/750/1214 1610/750/1353
f 1605/750/1282 1604/750/1355 1607/750/1354
f 1604/750/1355 1606/750/1218 1607/750/1354
f 1599/750/1273 1604/750/1355 1602/750/1277
f 1604/750/1355 1600/750/1227 1603/750/1223
f 1596/750/1270 1601/750/1356 1599/750/1273
f 1598/750/1357 1600/750/1227 1601/750/1356
f 1596/750/1270 1595/750/1358 1598/750/1357
f 1595/750/1358 1597/750/1232 1598/750/1357
f 1590/750/1268 1595/750/1358 1593/750/1264
f 1595/750/1358 1591/750/1170 1594/750/1235
f 1584/750/1189 1592/750/1359 1590/750/1268
f 1592/750/1359 1585/750/1212 1591/750/1170
f 1584/750/1189 1589/750/1345 1586/750/1360
f 1586/750/1360 1587/750/1217 1585/750/1212
f 1444/750/1254 1578/750/1329 1440/750/1193
f 1640/751/1361 1703/752/1361 1704/753/1361
f 1640/751/1361 1706/754/1361 1644/755/1361
f 1641/756/1361 1640/751/1361 1644/755/1361
f 1632/757/1361 1640/751/1361 1647/758/1361
f 1653/759/1361 1632/757/1361 1647/760/1361
f 1703/752/1361 1654/761/1361 1704/762/1361
f 1659/763/1361 1644/764/1361 1706/754/1361
f 1644/764/1361 1661/765/1361 1641/766/1361
f 1667/767/1362 1680/768/1363 1665/769/1364
f 1667/767/1362 1682/770/1365 1681/771/1366
f 1671/772/1367 1682/770/1365 1669/773/1368
f 1673/774/1369 1683/775/1370 1671/772/1367
f 1673/774/1369 1685/776/1371 1684/777/1372
f 1677/778/1373 1685/776/1371 1675/779/1374
f 1677/778/1373 1687/780/1375 1686/781/1376
f 1687/782/1375 1688/783/1377 1695/784/1378
f 1675/785/1374 1671/786/1367 1667/787/1362
f 1670/788/1379 1674/789/1380 1678/790/1381
f 1688/783/1377 1666/791/1382 1664/792/1383
f 1690/793/1384 1681/794/1366 1682/795/1365
f 1691/796/1385 1682/795/1365 1683/797/1370
f 1691/796/1385 1684/798/1372 1692/799/1386
f 1692/799/1386 1685/800/1371 1693/801/1387
f 1693/801/1387 1686/802/1376 1694/803/1388
f 1695/784/1378 1686/802/1376 1687/782/1375
f 1688/783/1377 1681/794/1366 1689/804/1389
f 1678/790/1381 1688/783/1377 1664/792/1383
f 1676/805/1390 1695/784/1378 1678/790/1381
f 1693/801/1387 1676/805/1390 1674/789/1380
f 1692/799/1386 1674/789/1380 1672/806/1391
f 1691/796/1385 1672/806/1391 1670/788/1379
f 1668/807/1392 1691/796/1385 1670/788/1379
f 1666/791/1382 1690/793/1384 1668/807/1392
f 1679/808/1393 1680/768/1363 1687/780/1375
f 1257/284/1394 1725/245/1395 1723/245/1396
f 1725/245/1395 1722/809/1397 1723/245/1396
f 1726/809/1398 1258/235/1399 1722/809/1397
f 1727/235/1400 1725/245/1401 1724/284/1402
f 1258/235/1399 1724/284/1403 1257/284/1394
f 1728/240/1404 1730/245/1405 1731/241/1406
f 1729/284/1407 531/240/1408 530/284/1409
f 1730/245/1410 530/284/1409 1716/245/1411
f 1715/241/1412 1730/245/1410 1716/245/1411
f 531/240/1408 1731/241/1413 1715/241/1412
f 1741/288/534 1743/289/534 1740/287/534
f 1741/288/1414 30/287/1415 7/288/1416
f 1742/286/1417 7/288/1416 8/286/1418
f 31/289/1419 1742/286/1417 8/286/1418
f 1740/287/1420 31/289/1419 30/287/1415
f 1745/289/535 1747/288/535 1744/287/535
f 1745/289/1421 721/287/1422 722/289/1423
f 1746/286/1424 722/289/1423 686/286/1425
f 1747/288/1426 686/286/1425 685/288/1427
f 721/287/1422 1747/288/1426 685/288/1427
f 84/317/597 76/321/601 75/318/598
f 85/320/600 77/398/603 76/321/601
f 85/322/600 86/325/604 78/323/602
f 86/325/604 87/341/606 79/326/605
f 87/327/606 88/330/608 80/328/607
f 88/330/608 89/347/611 81/331/609
f 82/332/610 74/399/658 81/333/609
f 82/332/610 89/334/611 97/335/612
f 85/322/600 93/734/619 94/337/614
f 83/338/599 82/332/610 90/336/613
f 86/325/604 94/337/614 95/340/616
f 84/317/597 83/319/599 91/342/615
f 87/327/606 95/357/616 96/344/618
f 85/320/600 84/317/597 92/343/617
f 88/330/608 96/344/618 97/346/612
f 93/345/619 92/343/617 100/348/620
f 96/344/618 104/358/627 105/350/622
f 94/337/614 93/734/619 101/351/621
f 97/335/612 105/810/622 98/353/624
f 91/339/615 90/336/613 98/353/624
f 94/337/614 102/352/623 103/355/626
f 92/343/617 91/342/615 99/356/625
f 95/357/616 103/735/626 104/358/627
f 110/359/628 111/378/630 103/360/626
f 99/356/625 107/811/635 108/362/629
f 104/358/627 103/735/626 111/363/630
f 101/365/621 100/736/620 108/366/629
f 104/368/627 112/386/631 113/369/633
f 102/361/623 101/365/621 109/367/632
f 105/370/622 113/369/633 106/371/634
f 98/372/624 106/371/634 107/373/635
f 113/369/633 121/387/643 114/375/636
f 117/376/637 118/379/639 110/359/628
f 106/371/634 114/375/636 115/377/638
f 111/378/630 110/359/628 118/379/639
f 107/373/635 115/377/638 116/381/641
f 112/383/631 111/378/630 119/380/640
f 109/367/632 108/366/629 116/385/641
f 112/386/631 120/388/642 121/387/643
f 120/388/642 128/812/651 129/389/644
f 124/390/645 125/391/646 117/376/637
f 118/379/639 117/376/637 125/391/646
f 121/387/643 129/389/644 122/393/648
f 115/377/638 114/375/636 122/393/648
f 118/379/639 126/392/647 127/395/650
f 116/381/641 115/377/638 123/394/649
f 119/380/640 127/395/650 128/397/651
f 77/398/603 134/398/657 135/321/652
f 78/323/602 79/326/605 132/326/653
f 81/331/609 130/331/659 131/328/655
f 76/321/601 135/321/652 136/318/656
f 78/323/602 133/323/654 134/324/657
f 79/329/605 80/328/607 131/328/655
f 74/399/658 137/399/660 130/333/659
f 75/400/598 136/400/656 137/399/660
f 150/401/549 152/404/548 182/402/661
f 152/404/548 154/813/144 183/405/663
f 154/406/144 156/409/560 184/407/664
f 156/409/560 158/737/559 185/410/665
f 185/410/665 158/737/559 160/411/558
f 186/412/666 160/411/558 162/413/143
f 187/415/667 162/738/143 164/416/557
f 188/417/668 164/416/557 166/418/556
f 189/419/669 166/418/556 168/420/555
f 190/421/670 168/420/555 170/422/142
f 191/424/671 170/739/142 172/425/554
f 192/426/672 172/425/554 174/427/553
f 174/427/553 176/430/552 194/429/674
f 176/430/552 178/814/551 195/431/675
f 178/432/551 180/435/550 196/433/676
f 180/435/550 150/401/549 181/403/662
f 198/436/677 181/467/662 182/437/661
f 197/438/678 182/437/661 183/439/663
f 199/440/679 183/439/663 184/441/664
f 200/442/680 184/441/664 185/443/665
f 202/445/682 201/444/681 185/443/665
f 203/447/683 202/445/682 186/446/666
f 204/449/684 203/447/683 187/448/667
f 205/451/685 204/449/684 188/450/668
f 205/451/685 189/452/669 190/453/670
f 206/454/686 190/453/670 191/455/671
f 207/456/687 191/455/671 192/457/672
f 208/458/688 192/457/672 193/459/673
f 210/461/690 209/460/689 193/459/673
f 211/463/691 210/461/690 194/462/674
f 212/465/692 211/463/691 195/464/675
f 198/436/677 212/465/692 196/466/676
f 292/468/693 212/465/697 198/436/694
f 291/470/696 211/463/699 212/465/697
f 290/471/698 210/461/701 211/463/699
f 289/472/700 209/460/703 210/461/701
f 289/472/700 288/473/704 208/458/702
f 288/473/704 287/474/706 207/456/705
f 287/474/706 286/475/708 206/454/707
f 286/475/708 285/476/710 205/451/709
f 285/476/710 284/477/712 204/449/711
f 284/477/712 283/478/714 203/447/713
f 283/478/714 282/479/716 202/445/715
f 282/479/716 281/481/719 201/444/717
f 280/480/718 200/442/721 201/444/717
f 279/482/720 199/440/723 200/442/721
f 278/483/722 197/438/724 199/440/723
f 277/469/695 198/436/694 197/438/724
f 214/484/549 216/487/548 246/485/661
f 216/487/548 218/432/144 247/488/663
f 218/489/144 220/492/560 248/490/664
f 220/492/560 222/740/559 249/493/665
f 249/493/665 222/740/559 224/494/558
f 250/495/666 224/494/558 226/496/143
f 251/498/667 226/741/143 228/499/557
f 252/500/668 228/499/557 230/501/556
f 253/502/725 230/501/556 232/503/555
f 254/504/670 232/503/555 234/505/142
f 255/507/671 234/742/142 236/508/554
f 256/509/672 236/508/554 238/510/553
f 238/510/553 240/513/552 258/512/674
f 240/513/552 242/815/551 259/514/675
f 242/515/551 244/518/550 260/516/676
f 244/518/550 214/484/549 245/486/662
f 262/519/677 245/550/662 246/520/661
f 261/521/678 246/520/661 247/522/663
f 263/523/726 247/522/663 248/524/664
f 264/525/727 248/524/664 249/526/665
f 266/528/682 265/527/681 249/526/665
f 267/530/728 266/528/682 250/529/666
f 268/532/729 267/530/728 251/531/667
f 269/534/685 268/532/729 252/533/668
f 269/534/685 253/535/725 254/536/670
f 270/537/686 254/536/670 255/538/671
f 271/539/687 255/538/671 256/540/672
f 272/541/688 256/540/672 257/542/673
f 274/544/690 273/543/689 257/542/673
f 275/546/691 274/544/690 258/545/674
f 276/548/692 275/546/691 259/547/675
f 262/519/677 276/548/692 260/549/676
f 308/551/730 276/548/734 262/519/731
f 307/553/733 275/546/736 276/548/734
f 306/554/735 274/544/738 275/546/736
f 305/555/737 273/543/740 274/544/738
f 305/555/737 304/556/741 272/541/739
f 304/556/741 303/557/743 271/539/742
f 303/557/743 302/558/745 270/537/744
f 302/558/745 301/559/747 269/534/746
f 301/559/747 300/560/749 268/532/748
f 300/560/749 299/561/751 267/530/750
f 299/561/751 298/562/753 266/528/752
f 298/562/753 297/564/756 265/527/754
f 296/563/755 264/525/758 265/527/754
f 295/565/757 263/523/760 264/525/758
f 294/566/759 261/521/761 263/523/760
f 293/552/732 262/519/731 261/521/761
f 83/338/599 75/400/598 74/399/658
f 423/567/130 1124/577/130 1116/568/130
f 435/570/763 413/745/1428 414/571/764
f 417/573/765 411/816/766 415/574/766
f 422/576/130 1117/817/130 1124/577/130
f 416/578/140 410/818/140 436/579/140
f 425/581/768 1129/743/777 1117/582/49
f 416/584/769 418/575/775 415/574/770
f 437/572/772 414/571/1429 412/586/773
f 412/586/773 414/571/1429 418/588/775
f 420/590/776 1119/744/1031 1129/591/777
f 412/593/140 416/578/140 442/580/140
f 414/571/764 413/745/1428 417/595/765
f 419/596/140 426/606/140 1128/597/140
f 427/599/778 420/590/776 425/592/768
f 1125/601/780 424/611/1430 419/602/781
f 430/604/779 425/581/768 422/583/49
f 426/606/140 421/624/140 1116/607/140
f 432/608/130 422/576/130 423/567/130
f 1119/610/783 420/625/784 424/611/784
f 433/609/782 423/567/130 421/569/762
f 441/613/786 433/609/782 428/612/785
f 440/615/788 432/608/130 433/609/782
f 438/616/789 430/604/779 432/605/49
f 435/618/790 427/599/778 430/600/779
f 431/620/140 434/623/140 426/606/140
f 419/602/781 424/611/1430 429/621/791
f 434/623/140 428/633/140 421/624/140
f 420/625/784 427/634/793 429/621/793
f 413/626/794 435/618/790 438/619/789
f 417/628/795 438/616/789 440/617/49
f 411/630/796 440/615/788 441/613/788
f 410/632/797 415/631/1431 441/613/786
f 439/594/140 442/580/140 434/623/140
f 431/622/792 429/621/791 437/572/772
f 442/580/140 436/579/140 428/633/140
f 427/634/793 435/570/763 437/572/763
f 494/635/798 1204/645/799 1196/636/799
f 498/638/801 484/819/802 485/639/802
f 489/641/804 488/677/1432 482/642/805
f 493/644/807 1197/820/808 1204/645/808
f 505/646/809 487/660/822 481/647/810
f 1209/649/812 1197/820/1433 493/644/813
f 489/641/815 486/643/838 481/651/816
f 500/640/803 485/639/802 483/653/802
f 485/655/818 489/662/815 487/656/817
f 1199/658/812 1209/649/812 496/650/814
f 502/654/821 483/653/1434 487/660/822
f 484/661/823 488/821/1432 489/662/804
f 1198/663/824 490/669/842 497/664/825
f 491/659/820 496/650/814 501/666/826
f 1198/663/828 1205/674/828 495/668/829
f 496/650/814 493/644/813 503/670/830
f 1208/665/824 497/664/825 492/671/831
f 503/670/833 493/644/807 494/635/807
f 1205/674/828 1199/746/828 491/675/835
f 504/673/836 494/635/798 492/637/800
f 486/643/838 504/673/836 499/676/837
f 482/642/805 503/670/833 504/673/834
f 501/666/826 503/670/830 482/642/839
f 498/667/827 501/666/826 488/677/840
f 490/669/842 502/654/821 505/646/809
f 490/669/829 495/668/829 500/640/803
f 497/664/825 505/646/809 499/648/811
f 495/668/829 491/675/835 498/638/801
f 506/679/843 508/683/1435 509/680/844
f 512/682/846 513/690/1436 509/680/847
f 510/684/849 511/688/849 513/685/849
f 510/684/850 506/747/850 507/687/850
f 508/689/851 506/747/1437 510/684/852
f 513/690/854 511/748/854 507/681/854
f 523/691/855 526/702/855 527/692/855
f 517/694/857 521/708/857 520/695/857
f 525/697/858 519/700/858 518/698/858
f 519/700/859 515/705/1438 514/701/859
f 522/693/860 524/699/860 518/698/860
f 523/691/861 515/705/861 519/700/861
f 526/702/862 523/691/862 525/697/862
f 527/692/863 528/704/863 524/699/863
f 528/704/864 529/703/864 525/697/864
f 515/705/865 523/691/865 522/693/865
f 516/696/866 527/707/870 526/706/867
f 520/695/869 528/710/873 527/707/870
f 521/708/871 517/694/868 526/706/867
f 520/695/869 521/708/871 529/709/872
f 574/711/783 568/714/783 1420/712/783
f 572/713/783 567/749/783 568/714/783
f 566/715/783 567/749/783 572/713/783
f 136/400/656 617/400/880 618/399/874
f 135/321/652 134/398/657 615/398/875
f 133/323/654 132/326/653 613/326/877
f 130/331/659 611/331/881 612/328/879
f 135/321/652 616/321/876 617/318/880
f 134/324/657 133/323/654 614/323/878
f 131/328/655 612/328/879 613/329/877
f 137/399/660 618/399/874 611/333/881
f 616/321/882 615/398/890 623/398/883
f 613/326/884 621/326/891 622/323/885
f 612/328/886 611/331/893 619/331/887
f 617/318/888 616/321/882 624/321/882
f 614/323/885 622/323/885 623/324/883
f 613/329/884 612/328/886 620/328/886
f 618/399/892 626/399/892 619/333/887
f 617/400/888 625/400/889 626/399/892
f 642/717/894 644/720/894 643/718/894
f 644/720/895 649/728/895 650/721/895
f 652/722/896 642/822/896 641/723/896
f 643/725/897 650/721/897 651/724/897
f 644/727/898 642/733/898 652/722/898
f 654/729/899 650/721/1439 649/728/900
f 655/731/902 651/724/1440 650/721/903
f 653/730/905 649/728/1440 652/722/903
f 656/732/906 652/722/1441 651/724/900
f 658/717/908 660/720/908 659/718/908
f 659/718/909 660/720/909 665/728/909
f 668/722/910 658/822/910 657/723/910
f 659/725/911 666/721/911 667/724/911
f 665/728/912 660/727/912 658/733/912
f 670/729/913 666/721/1442 665/728/914
f 671/731/916 667/724/1443 666/721/917
f 669/730/919 665/728/1443 668/722/917
f 672/732/913 668/722/1442 667/724/921
f 773/318/922 774/321/924 782/317/597
f 774/321/924 775/398/973 783/320/925
f 783/322/925 775/324/973 776/323/926
f 784/325/927 776/323/926 777/326/928
f 785/327/929 777/329/928 778/328/930
f 786/330/931 778/328/930 779/331/932
f 779/333/932 772/399/979 780/332/934
f 780/332/934 788/336/938 795/335/935
f 783/322/925 784/325/927 792/337/936
f 781/338/923 789/339/940 788/336/938
f 793/340/939 792/337/936 784/325/927
f 782/317/597 790/343/942 789/342/940
f 794/344/941 793/357/939 785/327/929
f 783/320/925 791/345/937 790/343/942
f 795/346/935 794/344/941 786/330/931
f 791/345/937 799/349/945 798/348/943
f 803/350/944 802/358/949 794/344/941
f 792/337/936 800/352/951 799/351/945
f 796/353/946 803/810/944 795/335/935
f 789/339/940 797/354/948 796/353/946
f 801/355/947 800/352/951 792/337/936
f 790/343/942 798/348/943 797/356/948
f 802/358/949 801/735/947 793/357/939
f 801/360/947 809/378/953 808/359/950
f 806/362/952 805/811/957 797/356/948
f 802/358/949 810/364/963 809/363/953
f 799/365/945 807/367/955 806/366/952
f 811/369/954 810/386/963 802/368/949
f 800/361/951 808/359/950 807/367/955
f 804/371/956 811/369/954 803/370/944
f 805/373/957 804/371/956 796/372/946
f 812/375/958 819/387/965 811/369/954
f 808/359/950 816/379/961 815/376/959
f 813/377/960 812/375/958 804/371/956
f 809/378/953 817/380/964 816/379/961
f 814/381/962 813/377/960 805/373/957
f 810/383/963 818/384/967 817/380/964
f 807/367/955 815/376/959 814/385/962
f 819/387/965 818/388/967 810/386/963
f 827/389/966 826/812/651 818/388/967
f 815/376/959 823/391/968 822/390/645
f 816/379/961 824/392/1444 823/391/968
f 820/393/969 827/389/966 819/387/965
f 813/377/960 821/394/971 820/393/969
f 825/395/970 824/392/1444 816/379/961
f 814/381/962 822/396/645 821/394/971
f 826/397/651 825/395/970 817/380/964
f 833/321/972 832/398/977 775/398/973
f 776/323/926 831/323/1125 830/326/974
f 829/328/975 828/331/978 779/331/932
f 834/318/976 833/321/972 774/321/924
f 832/324/977 831/323/1125 776/323/926
f 777/329/928 830/329/974 829/328/975
f 828/333/978 835/399/980 772/399/979
f 835/399/980 834/400/976 773/400/922
f 884/402/981 854/404/557 852/401/409
f 885/405/982 856/813/581 854/404/557
f 886/407/983 858/409/558 856/406/581
f 887/410/984 860/737/582 858/409/558
f 887/410/984 888/412/985 862/411/583
f 888/412/985 889/414/986 864/413/584
f 889/415/986 890/417/987 866/416/585
f 890/417/987 891/419/988 868/418/407
f 891/419/988 892/421/989 870/420/586
f 892/421/989 893/423/990 872/422/587
f 893/424/990 894/426/991 874/425/588
f 894/426/991 895/428/993 876/427/408
f 896/429/992 878/430/589 876/427/408
f 897/431/994 880/814/590 878/430/589
f 898/433/995 882/435/555 880/432/590
f 883/403/669 852/401/409 882/435/555
f 884/437/981 883/467/669 900/436/685
f 885/439/982 884/437/981 899/438/729
f 886/441/983 885/439/982 901/440/728
f 887/443/984 886/441/983 902/442/682
f 904/445/996 888/446/985 887/443/984
f 905/447/997 889/448/986 888/446/985
f 906/449/678 890/450/987 889/448/986
f 907/451/998 891/452/988 890/450/987
f 892/453/989 891/452/988 907/451/998
f 893/455/990 892/453/989 908/454/692
f 894/457/991 893/455/990 909/456/691
f 895/459/993 894/457/991 910/458/999
f 912/461/688 896/462/992 895/459/993
f 913/463/687 897/464/994 896/462/992
f 914/465/686 898/466/995 897/464/994
f 900/436/685 883/467/669 898/466/995
f 900/436/709 914/465/1002 994/468/1000
f 914/465/1002 913/463/705 993/470/1003
f 913/463/705 912/461/702 992/471/704
f 912/461/702 911/460/703 991/472/700
f 991/472/700 911/460/703 910/458/1004
f 990/473/698 910/458/1004 909/456/699
f 989/474/696 909/456/699 908/454/697
f 988/475/693 908/454/697 907/451/694
f 987/476/695 907/451/694 906/449/724
f 986/477/722 906/449/724 905/447/723
f 985/478/720 905/447/723 904/445/721
f 984/479/718 904/445/721 903/444/717
f 903/444/717 902/442/715 982/480/716
f 902/442/715 901/440/713 981/482/714
f 901/440/713 899/438/711 980/483/712
f 899/438/711 900/436/709 979/469/1001
f 948/485/981 918/487/557 916/484/409
f 949/488/982 920/432/581 918/487/557
f 950/490/983 922/492/558 920/489/581
f 951/493/984 924/740/582 922/492/558
f 951/493/984 952/495/985 926/494/583
f 952/495/985 953/497/986 928/496/584
f 953/498/986 954/500/987 930/499/585
f 954/500/987 955/502/1005 932/501/407
f 955/502/1005 956/504/989 934/503/586
f 956/504/989 957/506/990 936/505/587
f 957/507/990 958/509/991 938/508/588
f 958/509/991 959/511/993 940/510/408
f 960/512/992 942/513/554 940/510/408
f 961/514/994 944/815/590 942/513/554
f 962/516/995 946/518/555 944/515/590
f 947/486/669 916/484/409 946/518/555
f 948/520/981 947/550/669 964/519/685
f 949/522/982 948/520/981 963/521/1006
f 950/524/983 949/522/982 965/523/728
f 951/526/984 950/524/983 966/525/1007
f 968/528/727 952/529/985 951/526/984
f 969/530/679 953/531/986 952/529/985
f 970/532/1008 954/533/987 953/531/986
f 971/534/677 955/535/1005 954/533/987
f 956/536/989 955/535/1005 971/534/677
f 957/538/990 956/536/989 972/537/1009
f 958/540/991 957/538/990 973/539/691
f 959/542/993 958/540/991 974/541/690
f 976/544/688 960/545/992 959/542/993
f 977/546/687 961/547/994 960/545/992
f 978/548/686 962/549/995 961/547/994
f 964/519/685 947/550/669 962/549/995
f 964/519/746 978/548/1010 1010/551/745
f 978/548/1010 977/546/742 1009/553/743
f 977/546/742 976/544/739 1008/554/1011
f 976/544/739 975/543/740 1007/555/737
f 1007/555/737 975/543/740 974/541/1012
f 1006/556/1013 974/541/1012 973/539/736
f 1005/557/1014 973/539/736 972/537/1015
f 1004/558/730 972/537/1015 971/534/731
f 1003/559/732 971/534/731 970/532/761
f 1002/560/759 970/532/761 969/530/760
f 1001/561/757 969/530/760 968/528/758
f 1000/562/755 968/528/758 967/527/754
f 967/527/754 966/525/752 998/563/753
f 966/525/752 965/523/750 997/565/1016
f 965/523/750 963/521/748 996/566/749
f 963/521/748 964/519/746 995/552/747
f 772/399/979 773/400/922 781/338/923
f 1116/568/130 1124/577/130 1137/567/130
f 1126/571/1017 1123/745/1032 1149/570/1018
f 1127/574/1019 1121/816/1019 1131/573/1020
f 1124/577/130 1117/817/130 1136/576/130
f 1150/579/140 1120/818/140 1130/578/140
f 1139/581/1022 1136/583/49 1117/582/49
f 1130/584/1023 1120/585/1445 1127/574/1024
f 1122/586/1026 1126/571/1029 1151/572/1027
f 1122/586/1026 1130/589/1023 1132/588/1025
f 1134/590/1030 1139/592/1022 1129/591/777
f 1156/580/140 1130/578/140 1122/593/140
f 1126/571/1017 1132/588/1021 1131/595/1020
f 1128/597/140 1140/606/140 1133/596/140
f 1141/599/1033 1144/600/1035 1139/592/1022
f 1133/602/1034 1138/611/1045 1125/601/780
f 1144/604/1035 1146/605/49 1136/583/49
f 1116/607/140 1135/624/140 1140/606/140
f 1137/567/130 1136/576/130 1146/608/130
f 1138/611/1037 1134/625/1037 1119/610/783
f 1135/569/762 1137/567/130 1147/609/1036
f 1142/612/1038 1147/609/1036 1155/613/1039
f 1147/609/1036 1146/608/130 1154/615/1041
f 1152/616/1042 1154/617/49 1146/605/49
f 1149/618/1043 1152/619/1042 1144/600/1035
f 1140/606/140 1148/623/140 1145/620/140
f 1133/602/1034 1145/622/1052 1143/621/1044
f 1135/624/140 1142/633/140 1148/623/140
f 1143/621/1046 1141/634/1046 1134/625/1037
f 1123/626/1047 1131/627/1048 1152/619/1042
f 1131/628/1048 1121/629/49 1154/617/49
f 1155/613/1041 1154/615/1041 1121/630/1049
f 1120/632/1050 1150/614/1040 1155/613/1039
f 1148/623/140 1156/580/140 1153/594/140
f 1145/622/1052 1153/587/1028 1151/572/1027
f 1142/633/140 1150/579/140 1156/580/140
f 1151/572/1018 1149/570/1018 1141/634/1046
f 1196/636/799 1204/645/799 1217/635/1053
f 1206/639/1055 1203/819/1055 1221/638/1056
f 1212/641/1058 1207/643/1089 1201/642/1059
f 1204/645/808 1197/820/808 1216/644/1061
f 1228/646/1062 1222/648/1093 1200/647/1063
f 1216/644/1065 1197/820/1433 1209/649/812
f 1200/651/1067 1207/643/1088 1212/641/1068
f 1202/653/1055 1206/639/1055 1223/640/1057
f 1210/656/1069 1212/662/1068 1206/655/1070
f 1219/650/1066 1209/649/812 1199/658/812
f 1225/654/1073 1228/646/1062 1210/660/1064
f 1212/662/1058 1211/821/1060 1203/661/1075
f 1198/663/824 1208/665/824 1220/664/1076
f 1224/666/1078 1219/650/1066 1214/659/1072
f 1198/663/828 1213/669/1080 1218/668/1080
f 1226/670/1081 1216/644/1065 1219/650/1066
f 1208/665/824 1196/672/832 1215/671/1082
f 1217/635/1061 1216/644/1061 1226/670/1083
f 1205/674/828 1218/668/1080 1214/675/1085
f 1215/637/1054 1217/635/1053 1227/673/1086
f 1222/676/1087 1227/673/1086 1207/643/1088
f 1227/673/1084 1226/670/1083 1201/642/1059
f 1201/642/1090 1226/670/1081 1224/666/1078
f 1211/677/1091 1224/666/1078 1221/667/1079
f 1213/669/1077 1220/664/1076 1228/646/1062
f 1213/669/1080 1225/654/1057 1223/640/1057
f 1220/664/1076 1215/671/1082 1222/648/1093
f 1218/668/1080 1223/640/1057 1221/638/1056
f 1229/679/1094 1230/681/1446 1232/680/1095
f 1232/680/1097 1236/690/1447 1235/682/1098
f 1236/685/1100 1234/688/1100 1233/684/1100
f 1233/684/1101 1234/688/1101 1230/687/1101
f 1231/689/1102 1235/686/1448 1233/684/1103
f 1236/690/1105 1232/680/1105 1230/681/1105
f 1250/692/1106 1249/702/1106 1246/691/1106
f 1243/695/1107 1244/708/1107 1240/694/1107
f 1241/698/1108 1242/700/1108 1248/697/1108
f 1237/701/1109 1238/705/1449 1242/700/1109
f 1245/693/1110 1237/701/1110 1241/698/1110
f 1242/700/1111 1238/705/1111 1246/691/1111
f 1248/697/1112 1246/691/1112 1249/702/1112
f 1250/692/1113 1245/693/1113 1247/699/1113
f 1247/699/1114 1248/697/1114 1252/703/1114
f 1245/693/1115 1246/691/1115 1238/705/1115
f 1249/706/1116 1250/707/1119 1239/696/1117
f 1250/707/1119 1251/710/1450 1243/695/1120
f 1244/708/1121 1252/709/1122 1249/706/1116
f 1243/695/1120 1251/710/1450 1252/709/1122
f 1309/711/783 1419/712/783 1420/712/783
f 1306/713/783 1309/711/783 1300/714/783
f 1306/713/783 1299/749/783 1298/715/783
f 1361/399/1123 1360/400/1128 834/400/976
f 833/321/972 1359/321/1451 1358/398/1124
f 831/323/1125 1357/323/1129 1356/326/1126
f 1355/328/1127 1354/331/1130 828/331/978
f 1360/318/1128 1359/321/1451 833/321/972
f 832/324/977 1358/324/1124 1357/323/1129
f 1356/329/1126 1355/328/1127 829/328/975
f 1354/333/1130 1361/399/1123 835/399/980
f 1359/321/1131 1367/321/1131 1366/398/1132
f 1365/323/1134 1364/326/1452 1356/326/1135
f 1355/328/1136 1363/328/1136 1362/331/1137
f 1360/318/1139 1368/318/1453 1367/321/1131
f 1366/324/1132 1365/323/1134 1357/323/1134
f 1356/329/1135 1364/329/1452 1363/328/1136
f 1362/333/1137 1369/399/1140 1361/399/1140
f 1369/399/1140 1368/400/1453 1360/400/1139
f 1386/718/1141 1387/720/1141 1385/717/1141
f 1393/721/1142 1392/728/1142 1387/720/1142
f 1384/723/1143 1385/822/1143 1395/722/1143
f 1386/725/1144 1384/726/1144 1394/724/1144
f 1395/722/1145 1385/733/1145 1387/727/1145
f 1392/728/1146 1393/721/1454 1397/729/1147
f 1393/721/1149 1394/724/1455 1398/731/1150
f 1395/722/1152 1392/728/1455 1396/730/1153
f 1394/724/1146 1395/722/1456 1399/732/1154
f 1402/718/1156 1403/720/1156 1401/717/1156
f 1402/718/1157 1409/721/1157 1408/728/1157
f 1400/723/1158 1401/822/1158 1411/722/1158
f 1402/725/1159 1400/726/1159 1410/724/1159
f 1408/728/1160 1411/722/1160 1401/733/1160
f 1408/728/1161 1409/721/1457 1413/729/1162
f 1409/721/1164 1410/724/1458 1414/731/1165
f 1411/722/1164 1408/728/1459 1412/730/1167
f 1410/724/1161 1411/722/1457 1415/732/1162
f 1572/750/1169 1594/750/1235 1591/750/1170
f 1453/750/1172 1456/750/1178 1567/750/1173
f 1477/750/1175 1480/750/1181 1543/750/1176
f 1456/750/1178 1459/750/1182 1564/750/1179
f 1483/750/1180 1540/750/1185 1543/750/1176
f 1459/750/1182 1462/750/1187 1561/750/1183
f 1483/750/1180 1486/750/1194 1537/750/1184
f 1465/750/1186 1558/750/1192 1561/750/1183
f 1489/750/1188 1588/750/1259 1584/750/1189
f 1468/750/1191 1555/750/1199 1558/750/1192
f 1440/750/1193 1578/750/1329 1537/750/1184
f 1488/750/1195 1492/750/1249 1443/750/1196
f 1468/750/1191 1471/750/1204 1552/750/1198
f 1447/750/1200 1450/750/1205 1573/750/1201
f 1474/750/1203 1549/750/1237 1552/750/1198
f 1450/750/1205 1453/750/1172 1570/750/1174
f 1521/750/1206 1518/750/1293 1614/750/1207
f 1551/750/1209 1615/750/1236 1612/750/1210
f 1575/750/1171 1591/750/1170 1585/750/1212
f 1554/750/1211 1612/750/1210 1609/750/1214
f 1579/750/1216 1581/750/1213 1585/750/1212
f 1557/750/1215 1609/750/1214 1606/750/1218
f 1536/750/1220 1630/750/1262 1627/750/1221
f 1560/750/1219 1606/750/1218 1603/750/1223
f 1542/750/1225 1539/750/1222 1627/750/1221
f 1563/750/1224 1603/750/1223 1600/750/1227
f 1545/750/1229 1542/750/1225 1624/750/1226
f 1569/750/1231 1566/750/1228 1600/750/1227
f 1545/750/1229 1621/750/1230 1618/750/1233
f 1569/750/1231 1597/750/1232 1594/750/1235
f 1548/750/1234 1618/750/1233 1615/750/1236
f 1477/750/1175 1546/750/1177 1549/750/1237
f 1476/750/1238 1525/750/1294 1528/750/1239
f 1524/750/1241 1521/750/1206 1617/750/1208
f 1479/750/1240 1528/750/1239 1531/750/1243
f 1534/750/1245 1488/750/1195 1441/750/1197
f 1524/750/1241 1620/750/1242 1623/750/1247
f 1482/750/1244 1531/750/1243 1534/750/1245
f 1492/750/1249 1495/750/1255 1446/750/1250
f 1527/750/1248 1623/750/1247 1626/750/1251
f 1447/750/1200 1576/750/1202 1582/750/1253
f 1495/750/1255 1498/750/1260 1449/750/1256
f 1533/750/1257 1530/750/1252 1626/750/1251
f 1533/750/1257 1629/750/1258 1588/750/1259
f 1498/750/1260 1501/750/1266 1452/750/1261
f 1536/750/1220 1579/750/1216 1587/750/1217
f 1494/750/1263 1590/750/1268 1593/750/1264
f 1501/750/1266 1504/750/1271 1455/750/1267
f 1491/750/1190 1584/750/1189 1590/750/1268
f 1500/750/1269 1497/750/1265 1593/750/1264
f 1504/750/1271 1507/750/1275 1458/750/1272
f 1500/750/1269 1596/750/1270 1599/750/1273
f 1507/750/1275 1510/750/1279 1461/750/1276
f 1503/750/1274 1599/750/1273 1602/750/1277
f 1510/750/1279 1513/750/1283 1464/750/1280
f 1509/750/1281 1506/750/1278 1602/750/1277
f 1513/750/1283 1516/750/1287 1467/750/1284
f 1509/750/1281 1605/750/1282 1608/750/1285
f 1516/750/1287 1519/750/1322 1470/750/1288
f 1515/750/1289 1512/750/1286 1608/750/1285
f 1470/750/1288 1519/750/1322 1522/750/1291
f 1515/750/1289 1611/750/1290 1614/750/1207
f 1473/750/1292 1522/750/1291 1525/750/1294
f 1444/750/1254 1440/750/1193 1442/750/1295
f 1442/750/1295 1441/750/1197 1443/750/1196
f 1447/750/1200 1444/750/1254 1445/750/1296
f 1445/750/1296 1443/750/1196 1446/750/1250
f 1447/750/1200 1448/750/1297 1451/750/1298
f 1451/750/1298 1448/750/1297 1446/750/1250
f 1453/750/1172 1450/750/1205 1451/750/1298
f 1451/750/1298 1449/750/1256 1452/750/1261
f 1456/750/1178 1453/750/1172 1454/750/1299
f 1454/750/1299 1452/750/1261 1455/750/1267
f 1456/750/1178 1457/750/1300 1460/750/1301
f 1460/750/1301 1457/750/1300 1455/750/1267
f 1462/750/1187 1459/750/1182 1460/750/1301
f 1463/750/1302 1460/750/1301 1458/750/1272
f 1465/750/1186 1462/750/1187 1463/750/1302
f 1466/750/1303 1463/750/1302 1461/750/1276
f 1465/750/1186 1466/750/1303 1469/750/1304
f 1466/750/1303 1464/750/1280 1467/750/1284
f 1468/750/1191 1469/750/1304 1472/750/1305
f 1469/750/1304 1467/750/1284 1470/750/1288
f 1474/750/1203 1471/750/1204 1472/750/1305
f 1472/750/1305 1470/750/1288 1473/750/1292
f 1474/750/1203 1475/750/1306 1478/750/1307
f 1478/750/1307 1475/750/1306 1473/750/1292
f 1477/750/1175 1478/750/1307 1481/750/1308
f 1481/750/1308 1478/750/1307 1476/750/1238
f 1480/750/1181 1481/750/1308 1484/750/1309
f 1481/750/1308 1479/750/1240 1482/750/1244
f 1483/750/1180 1484/750/1309 1487/750/1310
f 1484/750/1309 1482/750/1244 1485/750/1246
f 1486/750/1194 1487/750/1310 1442/750/1295
f 1442/750/1295 1487/750/1310 1485/750/1246
f 1488/750/1195 1490/750/1312 1493/750/1311
f 1490/750/1312 1489/750/1188 1491/750/1190
f 1492/750/1249 1493/750/1311 1496/750/1313
f 1496/750/1313 1493/750/1311 1491/750/1190
f 1495/750/1255 1496/750/1313 1499/750/1314
f 1499/750/1314 1496/750/1313 1494/750/1263
f 1501/750/1266 1498/750/1260 1499/750/1314
f 1499/750/1314 1497/750/1265 1500/750/1269
f 1501/750/1266 1502/750/1315 1505/750/1316
f 1502/750/1315 1500/750/1269 1503/750/1274
f 1504/750/1271 1505/750/1316 1508/750/1317
f 1508/750/1317 1505/750/1316 1503/750/1274
f 1510/750/1279 1507/750/1275 1508/750/1317
f 1508/750/1317 1506/750/1278 1509/750/1281
f 1513/750/1283 1510/750/1279 1511/750/1318
f 1511/750/1318 1509/750/1281 1512/750/1286
f 1513/750/1283 1514/750/1319 1517/750/1320
f 1517/750/1320 1514/750/1319 1512/750/1286
f 1516/750/1287 1517/750/1320 1520/750/1321
f 1520/750/1321 1517/750/1320 1515/750/1289
f 1522/750/1291 1519/750/1322 1520/750/1321
f 1523/750/1323 1520/750/1321 1518/750/1293
f 1525/750/1294 1522/750/1291 1523/750/1323
f 1523/750/1323 1521/750/1206 1524/750/1241
f 1525/750/1294 1526/750/1324 1529/750/1325
f 1529/750/1325 1526/750/1324 1524/750/1241
f 1531/750/1243 1528/750/1239 1529/750/1325
f 1532/750/1326 1529/750/1325 1527/750/1248
f 1534/750/1245 1531/750/1243 1532/750/1326
f 1532/750/1326 1530/750/1252 1533/750/1257
f 1488/750/1195 1534/750/1245 1535/750/1327
f 1490/750/1312 1535/750/1327 1533/750/1257
f 1536/750/1220 1538/750/1330 1580/750/1328
f 1580/750/1328 1538/750/1330 1537/750/1184
f 1539/750/1222 1541/750/1332 1538/750/1330
f 1538/750/1330 1541/750/1332 1540/750/1185
f 1539/750/1222 1542/750/1225 1544/750/1331
f 1544/750/1331 1543/750/1176 1540/750/1185
f 1545/750/1229 1547/750/1333 1544/750/1331
f 1544/750/1331 1547/750/1333 1546/750/1177
f 1548/750/1234 1550/750/1335 1547/750/1333
f 1547/750/1333 1550/750/1335 1549/750/1237
f 1548/750/1234 1551/750/1209 1553/750/1334
f 1553/750/1334 1552/750/1198 1549/750/1237
f 1551/750/1209 1554/750/1211 1556/750/1336
f 1556/750/1336 1555/750/1199 1552/750/1198
f 1554/750/1211 1557/750/1215 1559/750/1337
f 1556/750/1336 1559/750/1337 1558/750/1192
f 1560/750/1219 1562/750/1338 1559/750/1337
f 1562/750/1338 1561/750/1183 1558/750/1192
f 1563/750/1224 1565/750/1340 1562/750/1338
f 1562/750/1338 1565/750/1340 1564/750/1179
f 1563/750/1224 1566/750/1228 1568/750/1339
f 1565/750/1340 1568/750/1339 1567/750/1173
f 1566/750/1228 1569/750/1231 1571/750/1341
f 1571/750/1341 1570/750/1174 1567/750/1173
f 1569/750/1231 1572/750/1169 1574/750/1342
f 1574/750/1342 1573/750/1201 1570/750/1174
f 1572/750/1169 1575/750/1171 1577/750/1343
f 1577/750/1343 1576/750/1202 1573/750/1201
f 1575/750/1171 1581/750/1213 1583/750/1344
f 1583/750/1344 1582/750/1253 1576/750/1202
f 1581/750/1213 1579/750/1216 1580/750/1328
f 1580/750/1328 1578/750/1329 1582/750/1253
f 1629/750/1258 1631/750/1346 1589/750/1345
f 1631/750/1346 1630/750/1262 1587/750/1217
f 1629/750/1258 1626/750/1251 1628/750/1347
f 1628/750/1347 1627/750/1221 1630/750/1262
f 1623/750/1247 1625/750/1348 1628/750/1347
f 1628/750/1347 1625/750/1348 1624/750/1226
f 1620/750/1242 1622/750/1350 1625/750/1348
f 1625/750/1348 1622/750/1350 1621/750/1230
f 1620/750/1242 1617/750/1208 1619/750/1349
f 1622/750/1350 1619/750/1349 1618/750/1233
f 1617/750/1208 1614/750/1207 1616/750/1351
f 1619/750/1349 1616/750/1351 1615/750/1236
f 1611/750/1290 1613/750/1352 1616/750/1351
f 1613/750/1352 1612/750/1210 1615/750/1236
f 1611/750/1290 1608/750/1285 1610/750/1353
f 1610/750/1353 1609/750/1214 1612/750/1210
f 1605/750/1282 1607/750/1354 1610/750/1353
f 1607/750/1354 1606/750/1218 1609/750/1214
f 1605/750/1282 1602/750/1277 1604/750/1355
f 1604/750/1355 1603/750/1223 1606/750/1218
f 1599/750/1273 1601/750/1356 1604/750/1355
f 1604/750/1355 1601/750/1356 1600/750/1227
f 1596/750/1270 1598/750/1357 1601/750/1356
f 1598/750/1357 1597/750/1232 1600/750/1227
f 1596/750/1270 1593/750/1264 1595/750/1358
f 1595/750/1358 1594/750/1235 1597/750/1232
f 1590/750/1268 1592/750/1359 1595/750/1358
f 1595/750/1358 1592/750/1359 1591/750/1170
f 1584/750/1189 1586/750/1360 1592/750/1359
f 1592/750/1359 1586/750/1360 1585/750/1212
f 1584/750/1189 1588/750/1259 1589/750/1345
f 1586/750/1360 1589/750/1345 1587/750/1217
f 1444/750/1254 1582/750/1253 1578/750/1329
f 1640/751/1361 1636/823/1361 1703/752/1361
f 1640/751/1361 1704/762/1361 1706/754/1361
f 1641/756/1361 1647/760/1361 1640/751/1361
f 1632/757/1361 1636/823/1361 1640/751/1361
f 1653/759/1361 1652/824/1361 1632/757/1361
f 1703/752/1361 1655/825/1361 1654/761/1361
f 1659/763/1361 1658/764/1361 1644/764/1361
f 1644/764/1361 1658/764/1361 1661/765/1361
f 1667/767/1362 1681/771/1366 1680/768/1363
f 1667/767/1362 1669/773/1368 1682/770/1365
f 1671/772/1367 1683/775/1370 1682/770/1365
f 1673/774/1369 1684/777/1372 1683/775/1370
f 1673/774/1369 1675/779/1374 1685/776/1371
f 1677/778/1373 1686/781/1376 1685/776/1371
f 1677/778/1373 1679/808/1393 1687/780/1375
f 1687/782/1375 1680/826/1363 1688/783/1377
f 1667/787/1362 1665/827/1364 1679/828/1393
f 1679/828/1393 1677/829/1373 1675/785/1374
f 1675/785/1374 1673/830/1369 1671/786/1367
f 1671/786/1367 1669/831/1368 1667/787/1362
f 1667/787/1362 1679/828/1393 1675/785/1374
f 1678/790/1381 1664/792/1383 1666/791/1382
f 1666/791/1382 1668/807/1392 1670/788/1379
f 1670/788/1379 1672/806/1391 1674/789/1380
f 1674/789/1380 1676/805/1390 1678/790/1381
f 1678/790/1381 1666/791/1382 1670/788/1379
f 1688/783/1377 1689/804/1389 1666/791/1382
f 1690/793/1384 1689/804/1389 1681/794/1366
f 1691/796/1385 1690/793/1384 1682/795/1365
f 1691/796/1385 1683/797/1370 1684/798/1372
f 1692/799/1386 1684/798/1372 1685/800/1371
f 1693/801/1387 1685/800/1371 1686/802/1376
f 1695/784/1378 1694/803/1388 1686/802/1376
f 1688/783/1377 1680/826/1363 1681/794/1366
f 1678/790/1381 1695/784/1378 1688/783/1377
f 1676/805/1390 1694/803/1388 1695/784/1378
f 1693/801/1387 1694/803/1388 1676/805/1390
f 1692/799/1386 1693/801/1387 1674/789/1380
f 1691/796/1385 1692/799/1386 1672/806/1391
f 1668/807/1392 1690/793/1384 1691/796/1385
f 1666/791/1382 1689/804/1389 1690/793/1384
f 1679/808/1393 1665/769/1364 1680/768/1363
f 1257/284/1394 1724/284/1403 1725/245/1395
f 1725/245/1395 1726/809/1398 1722/809/1397
f 1726/809/1398 1727/235/1460 1258/235/1399
f 1727/235/1400 1726/809/1461 1725/245/1401
f 1258/235/1399 1727/235/1460 1724/284/1403
f 1728/240/1404 1729/284/1462 1730/245/1405
f 1729/284/1407 1728/240/1463 531/240/1408
f 1730/245/1410 1729/284/1407 530/284/1409
f 1715/241/1412 1731/241/1413 1730/245/1410
f 531/240/1408 1728/240/1463 1731/241/1413
f 1741/288/534 1742/286/534 1743/289/534
f 1741/288/1414 1740/287/1420 30/287/1415
f 1742/286/1417 1741/288/1414 7/288/1416
f 31/289/1419 1743/289/1464 1742/286/1417
f 1740/287/1420 1743/289/1464 31/289/1419
f 1745/289/535 1746/286/535 1747/288/535
f 1745/289/1421 1744/287/1465 721/287/1422
f 1746/286/1424 1745/289/1421 722/289/1423
f 1747/288/1426 1746/286/1424 686/286/1425
f 721/287/1422 1744/287/1465 1747/288/1426
g Carro_Chasis_Material.012
usemtl Material.012
f 1255/832/1466 548/27/1467 547/833/1468
f 535/834/1469 531/235/1470 534/234/1471
f 1715/809/1472 532/244/1473 533/835/1474
f 533/835/1474 532/244/1473 536/836/1475
f 541/837/1476 544/227/1477 542/226/1478
f 547/833/1468 543/73/1487 541/837/1476
f 1275/27/1488 1255/832/1466 1274/833/1489
f 1258/235/1490 1262/834/1491 1261/234/1492
f 1722/809/1493 1259/244/1494 1723/245/1495
f 1260/835/1496 1263/836/1497 1259/244/1494
f 1271/227/1498 1268/837/1499 1269/226/1500
f 1270/73/1501 1274/833/1489 1268/837/1499
f 1255/832/1466 1256/236/1502 548/27/1467
f 535/834/1469 530/284/1503 531/235/1470
f 1715/809/1472 1716/245/1504 532/244/1473
f 541/837/1476 543/73/1487 544/227/1477
f 547/833/1468 548/27/1467 543/73/1487
f 1275/27/1488 1256/236/1502 1255/832/1466
f 1258/235/1490 1257/284/1505 1262/834/1491
f 1722/809/1493 1260/835/1496 1259/244/1494
f 1271/227/1498 1270/73/1501 1268/837/1499
f 1270/73/1501 1275/27/1488 1274/833/1489
g Carro_Chasis_Material.013
usemtl Material.013
f 382/846/1506 377/847/1507 383/848/1508
f 377/847/1509 384/849/1509 383/848/1509
f 381/850/1510 385/851/1511 384/852/1512
f 379/853/1513 382/854/1506 385/851/1511
f 376/855/1514 378/856/1515 374/857/1516
f 377/858/1507 379/853/1513 381/850/1510
f 385/851/1511 374/859/1516 378/860/1515
f 380/861/1517 385/851/1511 378/860/1515
f 383/848/1518 380/862/1518 376/855/1518
f 382/846/1506 376/855/1514 374/857/1516
f 394/863/1506 389/864/1507 395/865/1508
f 389/864/1509 396/866/1509 395/865/1509
f 393/867/1510 397/868/1511 396/869/1512
f 391/870/1513 394/871/1506 397/868/1511
f 388/872/1514 390/873/1515 386/874/1516
f 389/875/1507 391/870/1513 393/867/1510
f 397/868/1511 386/876/1516 390/877/1515
f 392/878/1517 397/868/1511 390/877/1515
f 395/865/1518 392/879/1518 388/872/1518
f 394/863/1506 388/872/1514 386/874/1516
f 406/880/1519 401/881/1507 407/882/1508
f 401/881/1509 408/883/1509 407/882/1509
f 405/884/1510 409/885/1520 408/886/1512
f 403/887/1513 406/888/1519 409/885/1520
f 400/889/1514 402/890/1521 398/891/1522
f 401/892/1507 403/887/1513 405/884/1510
f 402/893/1521 406/888/1519 398/894/1522
f 404/895/1517 409/885/1520 402/893/1521
f 407/882/1518 404/896/1518 400/889/1518
f 406/880/1519 400/889/1514 398/891/1522
f 1088/846/1523 1083/847/1524 1081/897/1525
f 1090/849/1526 1083/847/1526 1089/848/1526
f 1091/851/1527 1087/850/1528 1090/852/1529
f 1088/854/1523 1085/853/1530 1091/851/1527
f 1082/855/1531 1084/856/1532 1086/862/1533
f 1085/853/1530 1083/858/1524 1087/850/1528
f 1080/859/1534 1091/851/1527 1084/860/1532
f 1086/861/1533 1091/851/1527 1090/852/1529
f 1086/862/1535 1089/848/1535 1082/855/1535
f 1082/855/1531 1088/846/1523 1080/857/1534
f 1100/863/1523 1095/864/1524 1093/898/1525
f 1102/866/1526 1095/864/1526 1101/865/1526
f 1103/868/1527 1099/867/1528 1102/869/1529
f 1100/871/1523 1097/870/1530 1103/868/1527
f 1094/872/1531 1096/873/1532 1098/879/1536
f 1097/870/1530 1095/875/1524 1099/867/1528
f 1092/876/1534 1103/868/1527 1096/877/1532
f 1098/878/1536 1103/868/1527 1102/869/1529
f 1098/879/1535 1101/865/1535 1094/872/1535
f 1094/872/1531 1100/863/1523 1092/874/1534
f 1112/880/1523 1107/881/1524 1105/899/1525
f 1114/883/1526 1107/881/1526 1113/882/1526
f 1115/885/1527 1111/884/1528 1114/886/1529
f 1112/888/1523 1109/887/1530 1115/885/1527
f 1106/889/1531 1108/890/1532 1110/896/1533
f 1109/887/1530 1107/892/1524 1111/884/1528
f 1104/894/1534 1115/885/1527 1108/893/1532
f 1110/895/1533 1115/885/1527 1114/886/1529
f 1110/896/1535 1113/882/1535 1106/889/1535
f 1106/889/1531 1112/880/1523 1104/891/1534
f 382/846/1506 375/897/1537 377/847/1507
f 377/847/1509 381/900/1509 384/849/1509
f 381/850/1510 379/853/1513 385/851/1511
f 379/853/1513 375/901/1537 382/854/1506
f 376/855/1514 380/862/1517 378/856/1515
f 377/858/1507 375/901/1537 379/853/1513
f 385/851/1511 382/854/1506 374/859/1516
f 380/861/1517 384/852/1512 385/851/1511
f 383/848/1518 384/849/1518 380/862/1518
f 382/846/1506 383/848/1508 376/855/1514
f 394/863/1506 387/898/1537 389/864/1507
f 389/864/1509 393/902/1509 396/866/1509
f 393/867/1510 391/870/1513 397/868/1511
f 391/870/1513 387/903/1537 394/871/1506
f 388/872/1514 392/879/1517 390/873/1515
f 389/875/1507 387/903/1537 391/870/1513
f 397/868/1511 394/871/1506 386/876/1516
f 392/878/1517 396/869/1512 397/868/1511
f 395/865/1518 396/866/1518 392/879/1518
f 394/863/1506 395/865/1508 388/872/1514
f 406/880/1519 399/899/1537 401/881/1507
f 401/881/1509 405/904/1509 408/883/1509
f 405/884/1510 403/887/1513 409/885/1520
f 403/887/1513 399/905/1537 406/888/1519
f 400/889/1514 404/896/1517 402/890/1521
f 401/892/1507 399/905/1537 403/887/1513
f 402/893/1521 409/885/1520 406/888/1519
f 404/895/1517 408/886/1512 409/885/1520
f 407/882/1518 408/883/1518 404/896/1518
f 406/880/1519 407/882/1508 400/889/1514
f 1088/846/1523 1089/848/1538 1083/847/1524
f 1090/849/1526 1087/900/1526 1083/847/1526
f 1091/851/1527 1085/853/1530 1087/850/1528
f 1088/854/1523 1081/901/1525 1085/853/1530
f 1082/855/1531 1080/857/1534 1084/856/1532
f 1085/853/1530 1081/901/1525 1083/858/1524
f 1080/859/1534 1088/854/1523 1091/851/1527
f 1086/861/1533 1084/860/1532 1091/851/1527
f 1086/862/1535 1090/849/1535 1089/848/1535
f 1082/855/1531 1089/848/1538 1088/846/1523
f 1100/863/1523 1101/865/1538 1095/864/1524
f 1102/866/1526 1099/902/1526 1095/864/1526
f 1103/868/1527 1097/870/1530 1099/867/1528
f 1100/871/1523 1093/903/1525 1097/870/1530
f 1094/872/1531 1092/874/1534 1096/873/1532
f 1097/870/1530 1093/903/1525 1095/875/1524
f 1092/876/1534 1100/871/1523 1103/868/1527
f 1098/878/1536 1096/877/1532 1103/868/1527
f 1098/879/1535 1102/866/1535 1101/865/1535
f 1094/872/1531 1101/865/1538 1100/863/1523
f 1112/880/1523 1113/882/1538 1107/881/1524
f 1114/883/1526 1111/904/1526 1107/881/1526
f 1115/885/1527 1109/887/1530 1111/884/1528
f 1112/888/1523 1105/905/1525 1109/887/1530
f 1106/889/1531 1104/891/1534 1108/890/1532
f 1109/887/1530 1105/905/1525 1107/892/1524
f 1104/894/1534 1112/888/1523 1115/885/1527
f 1110/895/1533 1108/893/1532 1115/885/1527
f 1110/896/1535 1114/883/1535 1113/882/1535
f 1106/889/1531 1113/882/1538 1112/880/1523
g Carro_Chasis_Material.014
usemtl Material.014
f 163/906/1539 171/907/1540 179/908/1541
f 227/909/1542 235/910/1543 243/911/1544
f 151/912/1545 277/469/1546 278/483/1547
f 151/912/1545 279/482/1548 153/913/1549
f 153/913/1549 280/480/1550 155/914/1551
f 155/914/1551 281/481/1552 157/915/1553
f 159/916/1554 281/481/1552 282/479/1555
f 161/917/1556 282/479/1555 283/478/1557
f 163/906/1539 283/478/1557 284/477/1558
f 163/906/1539 285/476/1559 165/918/1560
f 165/918/1560 286/475/1561 167/919/1562
f 167/919/1562 287/474/1563 169/920/1564
f 169/920/1564 288/473/1565 171/907/1540
f 171/907/1540 289/472/1566 173/921/1567
f 175/922/1568 289/472/1566 290/471/1569
f 177/923/1570 290/471/1569 291/470/1571
f 179/908/1541 291/470/1571 292/468/1572
f 149/924/1573 292/468/1572 277/469/1546
f 215/925/1574 293/552/1575 294/566/1576
f 215/925/1574 295/565/1577 217/926/1578
f 217/926/1578 296/563/1579 219/927/1580
f 219/927/1580 297/564/1581 221/928/1582
f 223/929/1554 297/564/1581 298/562/1583
f 225/930/1584 298/562/1583 299/561/1585
f 227/909/1542 299/561/1585 300/560/1586
f 227/909/1542 301/559/1587 229/931/1588
f 229/931/1588 302/558/1589 231/932/1590
f 231/932/1590 303/557/1591 233/933/1592
f 233/933/1592 304/556/1593 235/910/1543
f 235/910/1543 305/555/1594 237/934/1595
f 239/935/1596 305/555/1594 306/554/1597
f 241/936/1598 306/554/1597 307/553/1599
f 243/911/1544 307/553/1599 308/551/1600
f 213/937/1601 308/551/1600 293/552/1575
f 869/919/1602 861/916/1603 853/912/1604
f 933/932/1605 925/929/1606 917/925/1607
f 853/912/1604 979/469/1608 851/924/1609
f 981/482/1610 853/912/1604 855/913/1611
f 982/480/1612 855/913/1611 857/914/1613
f 983/481/1614 857/914/1613 859/915/1615
f 861/916/1603 983/481/1614 859/915/1615
f 863/917/1616 984/479/1617 861/916/1603
f 865/906/1618 985/478/1619 863/917/1616
f 987/476/1620 865/906/1618 867/918/1621
f 988/475/1622 867/918/1621 869/919/1602
f 989/474/1623 869/919/1602 871/920/1624
f 990/473/1625 871/920/1624 873/907/1626
f 991/472/1627 873/907/1626 875/921/1628
f 877/922/1629 991/472/1627 875/921/1628
f 879/923/1630 992/471/1631 877/922/1629
f 881/908/1632 993/470/1633 879/923/1630
f 851/924/1609 994/468/1634 881/908/1632
f 917/925/1607 995/552/1635 915/937/1636
f 997/565/1637 917/925/1607 919/926/1638
f 998/563/1639 919/926/1638 921/927/1640
f 999/564/1581 921/927/1640 923/928/1641
f 925/929/1606 999/564/1581 923/928/1641
f 927/930/1642 1000/562/1643 925/929/1606
f 929/909/1644 1001/561/1645 927/930/1642
f 1003/559/1646 929/909/1644 931/931/1647
f 1004/558/1648 931/931/1647 933/932/1605
f 1005/557/1649 933/932/1605 935/933/1650
f 1006/556/1651 935/933/1650 937/910/1652
f 1007/555/1594 937/910/1652 939/934/1653
f 941/935/1654 1007/555/1594 939/934/1653
f 943/936/1655 1008/554/1656 941/935/1654
f 945/911/1657 1009/553/1658 943/936/1655
f 915/937/1636 1010/551/1659 945/911/1657
f 179/908/1541 149/924/1573 151/912/1545
f 151/912/1545 153/913/1549 155/914/1551
f 155/914/1551 157/915/1553 159/916/1554
f 159/916/1554 161/917/1556 163/906/1539
f 163/906/1539 165/918/1560 167/919/1562
f 167/919/1562 169/920/1564 171/907/1540
f 171/907/1540 173/921/1567 175/922/1568
f 175/922/1568 177/923/1570 179/908/1541
f 179/908/1541 151/912/1545 155/914/1551
f 155/914/1551 159/916/1554 163/906/1539
f 163/906/1539 167/919/1562 171/907/1540
f 171/907/1540 175/922/1568 179/908/1541
f 179/908/1541 155/914/1551 163/906/1539
f 243/911/1544 213/937/1601 215/925/1574
f 215/925/1574 217/926/1578 219/927/1580
f 219/927/1580 221/928/1582 223/929/1554
f 223/929/1554 225/930/1584 227/909/1542
f 227/909/1542 229/931/1588 231/932/1590
f 231/932/1590 233/933/1592 235/910/1543
f 235/910/1543 237/934/1595 239/935/1596
f 239/935/1596 241/936/1598 243/911/1544
f 243/911/1544 215/925/1574 219/927/1580
f 219/927/1580 223/929/1554 227/909/1542
f 227/909/1542 231/932/1590 235/910/1543
f 235/910/1543 239/935/1596 243/911/1544
f 243/911/1544 219/927/1580 227/909/1542
f 151/912/1545 149/924/1573 277/469/1546
f 151/912/1545 278/483/1547 279/482/1548
f 153/913/1549 279/482/1548 280/480/1550
f 155/914/1551 280/480/1550 281/481/1552
f 159/916/1554 157/915/1553 281/481/1552
f 161/917/1556 159/916/1554 282/479/1555
f 163/906/1539 161/917/1556 283/478/1557
f 163/906/1539 284/477/1558 285/476/1559
f 165/918/1560 285/476/1559 286/475/1561
f 167/919/1562 286/475/1561 287/474/1563
f 169/920/1564 287/474/1563 288/473/1565
f 171/907/1540 288/473/1565 289/472/1566
f 175/922/1568 173/921/1567 289/472/1566
f 177/923/1570 175/922/1568 290/471/1569
f 179/908/1541 177/923/1570 291/470/1571
f 149/924/1573 179/908/1541 292/468/1572
f 215/925/1574 213/937/1601 293/552/1575
f 215/925/1574 294/566/1576 295/565/1577
f 217/926/1578 295/565/1577 296/563/1579
f 219/927/1580 296/563/1579 297/564/1581
f 223/929/1554 221/928/1582 297/564/1581
f 225/930/1584 223/929/1554 298/562/1583
f 227/909/1542 225/930/1584 299/561/1585
f 227/909/1542 300/560/1586 301/559/1587
f 229/931/1588 301/559/1587 302/558/1589
f 231/932/1590 302/558/1589 303/557/1591
f 233/933/1592 303/557/1591 304/556/1593
f 235/910/1543 304/556/1593 305/555/1594
f 239/935/1596 237/934/1595 305/555/1594
f 241/936/1598 239/935/1596 306/554/1597
f 243/911/1544 241/936/1598 307/553/1599
f 213/937/1601 243/911/1544 308/551/1600
f 853/912/1604 851/924/1609 881/908/1632
f 881/908/1632 879/923/1630 877/922/1629
f 877/922/1629 875/921/1628 873/907/1626
f 873/907/1626 871/920/1624 869/919/1602
f 869/919/1602 867/918/1621 865/906/1618
f 865/906/1618 863/917/1616 861/916/1603
f 861/916/1603 859/915/1615 857/914/1613
f 857/914/1613 855/913/1611 853/912/1604
f 853/912/1604 881/908/1632 877/922/1629
f 877/922/1629 873/907/1626 869/919/1602
f 869/919/1602 865/906/1618 861/916/1603
f 861/916/1603 857/914/1613 853/912/1604
f 853/912/1604 877/922/1629 869/919/1602
f 917/925/1607 915/937/1636 945/911/1657
f 945/911/1657 943/936/1655 941/935/1654
f 941/935/1654 939/934/1653 937/910/1652
f 937/910/1652 935/933/1650 933/932/1605
f 933/932/1605 931/931/1647 929/909/1644
f 929/909/1644 927/930/1642 925/929/1606
f 925/929/1606 923/928/1641 921/927/1640
f 921/927/1640 919/926/1638 917/925/1607
f 917/925/1607 945/911/1657 941/935/1654
f 941/935/1654 937/910/1652 933/932/1605
f 933/932/1605 929/909/1644 925/929/1606
f 925/929/1606 921/927/1640 917/925/1607
f 917/925/1607 941/935/1654 933/932/1605
f 853/912/1604 980/483/1660 979/469/1608
f 981/482/1610 980/483/1660 853/912/1604
f 982/480/1612 981/482/1610 855/913/1611
f 983/481/1614 982/480/1612 857/914/1613
f 861/916/1603 984/479/1617 983/481/1614
f 863/917/1616 985/478/1619 984/479/1617
f 865/906/1618 986/477/1661 985/478/1619
f 987/476/1620 986/477/1661 865/906/1618
f 988/475/1622 987/476/1620 867/918/1621
f 989/474/1623 988/475/1622 869/919/1602
f 990/473/1625 989/474/1623 871/920/1624
f 991/472/1627 990/473/1625 873/907/1626
f 877/922/1629 992/471/1631 991/472/1627
f 879/923/1630 993/470/1633 992/471/1631
f 881/908/1632 994/468/1634 993/470/1633
f 851/924/1609 979/469/1608 994/468/1634
f 917/925/1607 996/566/1662 995/552/1635
f 997/565/1637 996/566/1662 917/925/1607
f 998/563/1639 997/565/1637 919/926/1638
f 999/564/1581 998/563/1639 921/927/1640
f 925/929/1606 1000/562/1643 999/564/1581
f 927/930/1642 1001/561/1645 1000/562/1643
f 929/909/1644 1002/560/1663 1001/561/1645
f 1003/559/1646 1002/560/1663 929/909/1644
f 1004/558/1648 1003/559/1646 931/931/1647
f 1005/557/1649 1004/558/1648 933/932/1605
f 1006/556/1651 1005/557/1649 935/933/1650
f 1007/555/1594 1006/556/1651 937/910/1652
f 941/935/1654 1008/554/1656 1007/555/1594
f 943/936/1655 1009/553/1658 1008/554/1656
f 945/911/1657 1010/551/1659 1009/553/1658
f 915/937/1636 995/552/1635 1010/551/1659
g Carro_Chasis_Material.015
usemtl Material.015
f 147/938/1664 144/939/1665 145/940/1666
f 349/941/1667 847/942/1668 351/943/1669
f 148/944/1670 144/939/1665 146/945/1671
f 349/941/1667 726/946/130 843/947/1672
f 341/948/1673 317/175/1674 343/206/1675
f 315/949/1676 318/31/1677 316/30/1678
f 315/949/1676 319/5/1679 317/175/1674
f 342/66/1680 315/949/1676 341/948/1673
f 366/178/1681 341/948/1673 365/950/1682
f 365/950/1682 343/206/1675 367/84/1683
f 144/939/1665 337/951/1684 336/952/1685
f 144/939/1665 338/953/1686 146/945/1671
f 1018/954/1687 367/84/1683 1022/293/1688
f 725/194/1689 365/950/1682 1018/954/1687
f 336/952/1685 350/955/1690 349/941/1667
f 336/952/1685 351/943/1669 338/953/1686
f 553/172/174 557/173/1691 551/173/175
f 68/266/1692 556/51/1693 555/266/1694
f 1279/19/1695 562/17/1696 360/17/211
f 550/51/1697 557/54/1691 556/51/1693
f 549/45/1698 558/251/1699 552/251/1700
f 360/17/211 560/172/1701 553/172/174
f 559/122/1702 354/170/1703 324/122/1704
f 558/127/1699 324/122/1704 552/127/1700
f 68/48/1692 554/265/1705 549/265/1698
f 1276/257/1706 561/258/1707 1283/257/1708
f 360/17/1709 1296/19/1710 1279/19/1711
f 331/205/1712 565/17/1713 360/17/1709
f 71/119/1714 564/205/1715 331/205/1712
f 571/17/1716 1301/19/1717 675/17/1718
f 673/205/1716 571/17/1716 675/17/1718
f 569/119/1717 673/205/1716 674/119/1717
f 676/119/783 564/205/783 563/119/783
f 564/205/783 678/17/783 565/17/783
f 565/17/783 1308/19/783 1296/19/783
f 562/17/140 561/258/140 558/127/140
f 575/719/1719 581/720/1719 580/718/1719
f 582/721/1720 581/720/1720 580/718/1720
f 579/728/1721 577/724/1721 582/721/1721
f 578/722/130 575/723/130 577/724/130
f 582/721/140 575/726/140 580/725/140
f 581/727/49 578/722/49 579/728/49
f 590/956/1722 591/957/1722 586/958/1723
f 593/959/1724 594/960/1724 583/961/1725
f 585/962/1721 579/722/1721 582/724/1721
f 585/962/1726 580/726/1727 583/961/1725
f 584/963/1723 579/722/1728 586/958/1723
f 594/960/1729 586/958/1721 585/962/1721
f 584/964/1719 587/965/1730 583/966/1719
f 581/717/1719 583/966/1719 580/719/1719
f 588/967/1731 592/968/1732 590/969/1733
f 589/970/1734 591/971/1735 592/968/1732
f 596/972/1736 595/973/1737 598/974/1738
f 598/974/1738 593/975/1739 597/976/1740
f 590/969/1733 593/975/1739 588/967/1731
f 607/974/1741 1342/956/1741 601/958/1742
f 602/959/1743 603/960/1743 1337/961/1744
f 600/962/1721 599/722/1721 610/724/1721
f 599/722/1745 1334/723/1745 610/724/1745
f 600/962/1746 1334/726/1747 1337/961/1744
f 1338/963/1748 599/722/1749 601/958/1742
f 605/972/1750 600/962/1721 603/960/1751
f 603/960/1751 607/974/1752 605/972/1750
f 604/973/1753 606/976/1754 607/974/1752
f 1342/969/1755 602/975/1756 1341/967/1755
f 599/728/1721 608/724/1721 610/721/1721
f 609/722/130 1349/723/130 608/724/130
f 610/721/140 1349/726/140 1334/725/140
f 1335/727/49 609/722/49 599/728/49
f 566/715/1757 673/205/1758 567/749/1758
f 567/749/1758 675/17/1758 568/714/1758
f 573/716/1759 674/119/1760 566/715/1757
f 573/716/1759 677/205/1761 676/119/1762
f 1420/712/1763 675/17/1758 1301/19/1763
f 574/711/1764 1308/19/1765 678/17/1764
f 574/711/1764 677/205/1761 572/713/1761
f 845/939/1766 849/938/1767 846/940/1768
f 847/942/1668 1055/941/1769 1057/943/1770
f 850/944/1670 845/939/1766 846/940/1768
f 1055/941/1769 726/946/130 1056/955/1771
f 1023/175/1772 1047/948/1773 1049/206/1774
f 1020/949/1775 1024/31/1776 1019/65/1777
f 1025/5/1778 1020/949/1775 1023/175/1772
f 1020/949/1775 1048/66/1779 1047/948/1773
f 1047/948/1773 1072/178/1780 1071/950/1781
f 1049/206/1774 1071/950/1781 1073/84/1782
f 845/939/1766 1043/951/1783 844/977/1784
f 1044/953/1785 845/939/1766 848/945/1786
f 1073/84/1782 1018/954/1687 1022/293/1688
f 1071/950/1781 725/194/1689 1018/954/1687
f 1042/952/1787 1056/955/1771 1043/951/1783
f 1057/943/1770 1042/952/1787 1044/953/1785
f 1282/172/435 1288/173/1788 1291/172/1789
f 763/266/1790 1286/51/1791 1278/51/1792
f 1279/19/1695 1293/17/1793 1287/19/1794
f 1278/51/1792 1288/54/1788 1280/54/593
f 1289/251/1795 1277/45/1796 1281/251/1797
f 1066/17/465 1291/172/1789 1293/17/1793
f 1060/170/1798 1290/122/1799 1030/122/1800
f 1030/122/1800 1289/127/1795 1281/127/1797
f 1284/265/1801 763/48/1790 1277/265/1796
f 1276/257/1706 1292/258/1802 1060/258/1798
f 1066/17/1803 1296/19/1710 1297/17/1804
f 1037/205/1805 1297/17/1804 1295/205/1806
f 766/119/1807 1295/205/1806 1294/119/1808
f 1301/19/1717 1305/17/1809 1418/17/1810
f 1416/205/1809 1305/17/1809 1303/205/1810
f 1416/205/1809 1302/119/1717 1417/119/1717
f 1295/205/783 1421/119/783 1294/119/783
f 1295/205/783 1423/17/783 1422/205/783
f 1297/17/783 1308/19/783 1423/17/783
f 1284/45/140 1283/257/140 1288/54/140
f 1310/719/1721 1316/720/1721 1311/717/1721
f 1316/720/1720 1317/721/1720 1315/718/1720
f 1312/724/1719 1314/728/1719 1317/721/1719
f 1310/723/130 1313/722/130 1312/724/130
f 1310/726/140 1317/721/140 1315/725/140
f 1313/722/49 1316/727/49 1314/728/49
f 1326/957/1722 1325/956/1722 1333/974/1722
f 1329/960/1724 1328/959/1724 1324/970/1724
f 1320/962/1719 1314/722/1719 1321/958/1719
f 1315/726/1727 1320/962/1811 1318/961/1812
f 1314/722/1728 1319/963/1813 1321/958/1723
f 1329/960/1730 1321/958/1719 1331/972/1735
f 1322/965/1729 1319/964/1721 1318/966/1721
f 1318/966/1721 1316/717/1721 1315/719/1721
f 1327/968/1738 1323/967/1814 1325/969/1815
f 1326/971/1736 1324/970/1737 1327/968/1738
f 1331/972/1735 1330/973/1734 1329/960/1730
f 1333/974/1732 1328/975/1816 1330/973/1734
f 1328/975/1816 1325/969/1815 1323/967/1814
f 1340/958/1742 1342/956/1741 1348/974/1741
f 1337/961/1744 1344/960/1743 1343/959/1743
f 1339/962/1719 1336/722/1719 1340/958/1719
f 1334/723/1745 1336/722/1745 1353/724/1745
f 1334/726/1747 1339/962/1746 1337/961/1744
f 1336/722/1749 1338/963/1748 1340/958/1742
f 1339/962/1719 1346/972/1817 1344/960/1818
f 1348/974/1819 1344/960/1818 1346/972/1817
f 1347/976/1820 1345/973/1821 1348/974/1819
f 1343/975/1822 1342/969/1755 1341/967/1755
f 1351/724/1719 1336/728/1719 1353/721/1719
f 1349/723/130 1352/722/130 1351/724/130
f 1349/726/140 1353/721/140 1334/725/140
f 1352/722/49 1335/727/49 1336/728/49
f 1416/205/1823 1298/715/1824 1299/749/1823
f 1418/17/1823 1299/749/1823 1300/714/1823
f 1417/119/1825 1307/716/1826 1298/715/1824
f 1307/716/1826 1422/205/1827 1306/713/1827
f 1420/712/1763 1418/17/1823 1300/714/1823
f 1309/711/1828 1308/19/1765 1419/712/1829
f 1422/205/1827 1309/711/1828 1306/713/1827
f 1425/717/1830 1433/718/1831 1424/719/1832
f 1431/978/1833 1438/979/1834 1439/978/1835
f 1434/721/1836 1429/722/1837 1428/724/1838
f 1428/724/1839 1425/822/1839 1424/723/1839
f 1434/721/1836 1424/726/1832 1433/725/1831
f 1432/727/1840 1429/722/1837 1435/728/1841
f 1426/980/1842 1432/720/1843 1427/981/1844
f 1430/979/1845 1433/718/1846 1426/980/1842
f 1431/978/1847 1432/720/1843 1435/728/1848
f 1430/979/1845 1435/728/1848 1434/721/1849
f 1436/981/1850 1438/979/1834 1437/980/1851
f 1426/980/1852 1438/979/1834 1430/979/1852
f 1431/978/1853 1436/981/1850 1427/981/1853
f 1427/981/1854 1437/980/1851 1426/980/1855
f 1639/982/1856 1643/822/1856 1635/983/1857
f 1696/727/1858 1638/984/1858 1697/985/1858
f 1639/982/1856 1642/723/1859 1637/986/1856
f 1648/987/1860 1633/724/1861 1645/721/1862
f 1642/719/1859 1700/988/1863 1708/718/1864
f 1633/724/1861 1639/982/1856 1637/986/1856
f 1697/985/1858 1634/722/1858 1646/728/1858
f 1634/722/1856 1639/982/1856 1649/989/1865
f 1650/990/1866 1699/720/1867 1698/988/1868
f 1643/717/1856 1650/990/1866 1635/990/1857
f 1699/720/1867 1643/717/1858 1696/720/1858
f 1635/990/1857 1698/988/1868 1700/988/1863
f 1701/728/1869 1657/989/1870 1702/987/1871
f 1656/722/1872 1646/728/1858 1634/722/1858
f 1657/989/1870 1634/722/1856 1649/989/1865
f 1702/987/1871 1649/989/1865 1648/987/1860
f 1705/721/1873 1662/991/1874 1658/764/1875
f 1633/724/1861 1705/721/1873 1645/721/1862
f 1637/991/1856 1660/724/1876 1633/724/1861
f 1658/764/1719 1637/991/1719 1644/764/1719
f 1658/764/1875 1663/726/1877 1707/725/1878
f 1663/726/1877 1637/991/1856 1642/726/1859
f 1707/725/1878 1642/726/1859 1708/725/1864
f 1632/757/1361 1697/992/1361 1636/823/1361
f 1652/824/1361 1698/988/1361 1699/720/1361
f 1653/759/1361 1700/988/1361 1698/988/1361
f 1655/825/1361 1702/987/1361 1654/761/1361
f 1655/825/1361 1646/728/1361 1701/728/1361
f 1654/761/1361 1648/987/1361 1704/762/1361
f 1658/764/1361 1659/763/1361 1705/721/1361
f 1659/763/1361 1645/721/1361 1705/721/1361
f 1661/765/1361 1708/725/1361 1641/766/1361
f 1647/760/1361 1708/718/1361 1700/988/1361
f 1636/823/1361 1646/728/1361 1703/752/1361
f 1704/762/1361 1645/721/1361 1706/754/1361
f 1652/824/1361 1696/720/1361 1632/757/1361
f 1661/725/1361 1658/764/1361 1707/764/1361
f 147/938/1664 143/977/1879 144/939/1665
f 349/941/1667 843/947/1672 847/942/1668
f 148/944/1670 145/940/1666 144/939/1665
f 349/941/1667 350/955/1690 726/946/130
f 341/948/1673 315/949/1676 317/175/1674
f 315/949/1676 314/65/1880 318/31/1677
f 315/949/1676 316/30/1678 319/5/1679
f 342/66/1680 314/65/1880 315/949/1676
f 366/178/1681 342/66/1680 341/948/1673
f 365/950/1682 341/948/1673 343/206/1675
f 144/939/1665 143/977/1879 337/951/1684
f 144/939/1665 336/952/1685 338/953/1686
f 1018/954/1687 365/950/1682 367/84/1683
f 725/194/1689 366/178/1681 365/950/1682
f 336/952/1685 337/951/1684 350/955/1690
f 336/952/1685 349/941/1667 351/943/1669
f 553/172/174 560/172/1701 557/173/1691
f 68/266/1692 550/51/1697 556/51/1693
f 1279/19/1695 1287/19/1794 562/17/1696
f 550/51/1697 551/54/175 557/54/1691
f 549/45/1698 554/45/1705 558/251/1699
f 360/17/211 562/17/1696 560/172/1701
f 559/122/1702 561/170/1707 354/170/1703
f 558/127/1699 559/122/1702 324/122/1704
f 68/48/1692 555/48/1694 554/265/1705
f 1276/257/1706 354/258/1703 561/258/1707
f 360/17/1709 565/17/1713 1296/19/1710
f 331/205/1712 564/205/1715 565/17/1713
f 71/119/1714 563/119/1808 564/205/1715
f 571/17/1716 1304/19/1717 1301/19/1717
f 673/205/1716 570/205/1718 571/17/1716
f 569/119/1717 570/205/1718 673/205/1716
f 676/119/783 677/205/783 564/205/783
f 564/205/783 677/205/783 678/17/783
f 565/17/783 678/17/783 1308/19/783
f 554/45/140 555/266/140 556/51/140
f 556/51/140 557/54/140 560/172/140
f 562/17/140 1287/19/140 1283/257/140
f 556/51/140 560/172/140 562/17/140
f 558/127/140 554/45/140 556/51/140
f 561/258/140 559/122/140 558/127/140
f 562/17/140 1283/257/140 561/258/140
f 558/127/140 556/51/140 562/17/140
f 575/719/1719 576/717/1719 581/720/1719
f 582/721/1720 579/728/1720 581/720/1720
f 579/728/1721 578/722/1721 577/724/1721
f 578/722/130 576/822/130 575/723/130
f 582/721/140 577/724/140 575/726/140
f 581/727/49 576/733/49 578/722/49
f 586/958/1723 596/972/1722 598/974/1722
f 598/974/1722 597/993/1722 590/956/1722
f 590/956/1722 592/968/1722 591/957/1722
f 591/957/1722 584/963/1723 586/958/1723
f 586/958/1723 598/974/1722 590/956/1722
f 583/961/1725 587/994/1724 589/970/1724
f 589/970/1724 588/995/1724 593/959/1724
f 593/959/1724 595/973/1724 594/960/1724
f 594/960/1724 585/962/1726 583/961/1725
f 583/961/1725 589/970/1724 593/959/1724
f 585/962/1721 586/958/1721 579/722/1721
f 585/962/1726 582/724/1727 580/726/1727
f 584/963/1723 581/733/1728 579/722/1728
f 594/960/1729 596/972/1736 586/958/1721
f 584/964/1719 591/971/1735 587/965/1730
f 581/717/1719 584/964/1719 583/966/1719
f 588/967/1731 589/970/1734 592/968/1732
f 589/970/1734 587/965/1730 591/971/1735
f 596/972/1736 594/960/1729 595/973/1737
f 598/974/1738 595/973/1737 593/975/1739
f 590/969/1733 597/976/1740 593/975/1739
f 601/958/1742 605/972/1741 607/974/1741
f 607/974/1741 606/993/1741 1342/956/1741
f 1342/956/1741 1338/963/1748 601/958/1742
f 1337/961/1744 1341/995/1743 602/959/1743
f 602/959/1743 604/973/1743 603/960/1743
f 603/960/1743 600/962/1746 1337/961/1744
f 600/962/1721 601/958/1721 599/722/1721
f 599/722/1745 1335/822/1745 1334/723/1745
f 600/962/1746 610/724/1747 1334/726/1747
f 1338/963/1748 1335/733/1749 599/722/1749
f 605/972/1750 601/958/1721 600/962/1721
f 603/960/1751 604/973/1753 607/974/1752
f 604/973/1753 602/975/1756 606/976/1754
f 1342/969/1755 606/976/1754 602/975/1756
f 599/728/1721 609/722/1721 608/724/1721
f 609/722/130 1350/822/130 1349/723/130
f 610/721/140 608/724/140 1349/726/140
f 1335/727/49 1350/733/49 609/722/49
f 566/715/1757 674/119/1760 673/205/1758
f 567/749/1758 673/205/1758 675/17/1758
f 573/716/1759 676/119/1762 674/119/1760
f 573/716/1759 572/713/1761 677/205/1761
f 1420/712/1763 568/714/1758 675/17/1758
f 574/711/1764 1419/712/1829 1308/19/1765
f 574/711/1764 678/17/1764 677/205/1761
f 845/939/1766 844/977/1784 849/938/1767
f 847/942/1668 843/947/1672 1055/941/1769
f 850/944/1670 848/945/1786 845/939/1766
f 1055/941/1769 843/947/1672 726/946/130
f 1023/175/1772 1020/949/1775 1047/948/1773
f 1020/949/1775 1021/30/1881 1024/31/1776
f 1025/5/1778 1021/30/1881 1020/949/1775
f 1020/949/1775 1019/65/1777 1048/66/1779
f 1047/948/1773 1048/66/1779 1072/178/1780
f 1049/206/1774 1047/948/1773 1071/950/1781
f 845/939/1766 1042/952/1787 1043/951/1783
f 1044/953/1785 1042/952/1787 845/939/1766
f 1073/84/1782 1071/950/1781 1018/954/1687
f 1071/950/1781 1072/178/1780 725/194/1689
f 1042/952/1787 1055/941/1769 1056/955/1771
f 1057/943/1770 1055/941/1769 1042/952/1787
f 1282/172/435 1280/173/593 1288/173/1788
f 763/266/1790 1285/266/1882 1286/51/1791
f 1279/19/1695 1066/17/465 1293/17/1793
f 1278/51/1792 1286/51/1791 1288/54/1788
f 1289/251/1795 1284/45/1801 1277/45/1796
f 1066/17/465 1282/172/435 1291/172/1789
f 1060/170/1798 1292/170/1802 1290/122/1799
f 1030/122/1800 1290/122/1799 1289/127/1795
f 1284/265/1801 1285/48/1882 763/48/1790
f 1276/257/1706 1283/257/1708 1292/258/1802
f 1066/17/1803 1279/19/1711 1296/19/1710
f 1037/205/1805 1066/17/1803 1297/17/1804
f 766/119/1807 1037/205/1805 1295/205/1806
f 1301/19/1717 1304/19/1717 1305/17/1809
f 1416/205/1809 1418/17/1810 1305/17/1809
f 1416/205/1809 1303/205/1810 1302/119/1717
f 1295/205/783 1422/205/783 1421/119/783
f 1295/205/783 1297/17/783 1423/17/783
f 1297/17/783 1296/19/783 1308/19/783
f 1286/51/140 1285/266/140 1284/45/140
f 1284/45/140 1289/127/140 1290/122/140
f 1290/122/140 1292/258/140 1283/257/140
f 1283/257/140 1287/19/140 1293/17/140
f 1293/17/140 1291/172/140 1288/54/140
f 1288/54/140 1286/51/140 1284/45/140
f 1284/45/140 1290/122/140 1283/257/140
f 1283/257/140 1293/17/140 1288/54/140
f 1310/719/1721 1315/718/1721 1316/720/1721
f 1316/720/1720 1314/728/1720 1317/721/1720
f 1312/724/1719 1313/722/1719 1314/728/1719
f 1310/723/130 1311/822/130 1313/722/130
f 1310/726/140 1312/724/140 1317/721/140
f 1313/722/49 1311/733/49 1316/727/49
f 1333/974/1722 1331/972/1722 1321/958/1723
f 1321/958/1723 1319/963/1813 1326/957/1722
f 1326/957/1722 1327/968/1722 1325/956/1722
f 1325/956/1722 1332/993/1722 1333/974/1722
f 1333/974/1722 1321/958/1723 1326/957/1722
f 1324/970/1724 1322/994/1724 1318/961/1812
f 1318/961/1812 1320/962/1811 1329/960/1724
f 1329/960/1724 1330/973/1724 1328/959/1724
f 1328/959/1724 1323/995/1724 1324/970/1724
f 1324/970/1724 1318/961/1812 1329/960/1724
f 1320/962/1719 1317/724/1719 1314/722/1719
f 1315/726/1727 1317/724/1727 1320/962/1811
f 1314/722/1728 1316/733/1728 1319/963/1813
f 1329/960/1730 1320/962/1719 1321/958/1719
f 1322/965/1729 1326/971/1736 1319/964/1721
f 1318/966/1721 1319/964/1721 1316/717/1721
f 1327/968/1738 1324/970/1737 1323/967/1814
f 1326/971/1736 1322/965/1729 1324/970/1737
f 1331/972/1735 1333/974/1732 1330/973/1734
f 1333/974/1732 1332/976/1883 1328/975/1816
f 1328/975/1816 1332/976/1883 1325/969/1815
f 1348/974/1741 1346/972/1741 1340/958/1742
f 1340/958/1742 1338/963/1748 1342/956/1741
f 1342/956/1741 1347/993/1741 1348/974/1741
f 1343/959/1743 1341/995/1743 1337/961/1744
f 1337/961/1744 1339/962/1746 1344/960/1743
f 1344/960/1743 1345/973/1743 1343/959/1743
f 1339/962/1719 1353/724/1719 1336/722/1719
f 1334/723/1745 1335/822/1745 1336/722/1745
f 1334/726/1747 1353/724/1747 1339/962/1746
f 1336/722/1749 1335/733/1749 1338/963/1748
f 1339/962/1719 1340/958/1719 1346/972/1817
f 1348/974/1819 1345/973/1821 1344/960/1818
f 1347/976/1820 1343/975/1822 1345/973/1821
f 1343/975/1822 1347/976/1820 1342/969/1755
f 1351/724/1719 1352/722/1719 1336/728/1719
f 1349/723/130 1350/822/130 1352/722/130
f 1349/726/140 1351/724/140 1353/721/140
f 1352/722/49 1350/733/49 1335/727/49
f 1416/205/1823 1417/119/1825 1298/715/1824
f 1418/17/1823 1416/205/1823 1299/749/1823
f 1417/119/1825 1421/119/1884 1307/716/1826
f 1307/716/1826 1421/119/1884 1422/205/1827
f 1420/712/1763 1301/19/1763 1418/17/1823
f 1309/711/1828 1423/17/1828 1308/19/1765
f 1422/205/1827 1423/17/1828 1309/711/1828
f 1425/717/1830 1432/720/1840 1433/718/1831
f 1431/978/1833 1430/979/1885 1438/979/1834
f 1434/721/1836 1435/728/1841 1429/722/1837
f 1428/724/1839 1429/722/1839 1425/822/1839
f 1434/721/1836 1428/724/1838 1424/726/1832
f 1432/727/1840 1425/733/1830 1429/722/1837
f 1426/980/1842 1433/718/1846 1432/720/1843
f 1430/979/1845 1434/721/1849 1433/718/1846
f 1431/978/1847 1427/981/1844 1432/720/1843
f 1430/979/1845 1431/978/1847 1435/728/1848
f 1436/981/1850 1439/978/1835 1438/979/1834
f 1426/980/1852 1437/980/1851 1438/979/1834
f 1431/978/1853 1439/978/1835 1436/981/1850
f 1427/981/1854 1436/981/1850 1437/980/1851
f 1639/982/1856 1638/996/1856 1643/822/1856
f 1696/727/1858 1643/733/1858 1638/984/1858
f 1639/982/1856 1635/983/1857 1642/723/1859
f 1648/987/1860 1649/989/1865 1633/724/1861
f 1642/719/1859 1635/990/1857 1700/988/1863
f 1633/724/1861 1649/989/1865 1639/982/1856
f 1697/985/1858 1638/984/1858 1634/722/1858
f 1634/722/1856 1638/996/1856 1639/982/1856
f 1650/990/1866 1651/717/1886 1699/720/1867
f 1643/717/1856 1651/717/1886 1650/990/1866
f 1699/720/1867 1651/717/1886 1643/717/1858
f 1635/990/1857 1650/990/1866 1698/988/1868
f 1701/728/1869 1656/722/1872 1657/989/1870
f 1656/722/1872 1701/728/1869 1646/728/1858
f 1657/989/1870 1656/722/1872 1634/722/1856
f 1702/987/1871 1657/989/1870 1649/989/1865
f 1705/721/1873 1660/724/1876 1662/991/1874
f 1633/724/1861 1660/724/1876 1705/721/1873
f 1637/991/1856 1662/991/1874 1660/724/1876
f 1658/764/1719 1662/991/1719 1637/991/1719
f 1658/764/1875 1662/991/1887 1663/726/1877
f 1663/726/1877 1662/991/1887 1637/991/1856
f 1707/725/1878 1663/726/1877 1642/726/1859
f 1632/757/1361 1696/720/1361 1697/992/1361
f 1652/824/1361 1653/759/1361 1698/988/1361
f 1653/759/1361 1647/760/1361 1700/988/1361
f 1655/825/1361 1701/728/1361 1702/987/1361
f 1655/825/1361 1703/752/1361 1646/728/1361
f 1654/761/1361 1702/987/1361 1648/987/1361
f 1659/763/1361 1706/754/1361 1645/721/1361
f 1661/765/1361 1707/725/1361 1708/725/1361
f 1647/760/1361 1641/756/1361 1708/718/1361
f 1636/823/1361 1697/992/1361 1646/728/1361
f 1704/762/1361 1648/987/1361 1645/721/1361
f 1652/824/1361 1699/720/1361 1696/720/1361
g Carro_Chasis_Material.016
usemtl Material.016
f 2/87/1888 472/997/1889 21/36/1890
f 23/998/1891 12/999/140 24/1000/140
f 24/1000/140 11/1001/140 25/1002/1892
f 25/1002/1892 63/1003/140 62/1004/1893
f 25/1002/1892 467/1005/1894 454/1006/1895
f 452/1007/140 25/1002/1892 454/1006/1895
f 23/998/1891 452/1007/140 450/1008/1896
f 21/36/1890 479/1009/1897 320/37/1898
f 699/1010/1899 451/1011/140 700/1012/140
f 700/1012/140 453/1013/1900 701/1014/1901
f 701/1014/1901 446/1015/1902 702/1016/1903
f 352/81/77 1169/1017/1904 455/1018/1905
f 53/1019/1906 13/1020/1907 23/998/1891
f 371/1021/1908 4/1022/88 15/1023/90
f 65/1024/1909 373/1025/1910 371/1021/1908
f 454/1006/1895 451/1011/140 452/1007/140
f 452/1007/140 449/1026/1911 450/1008/1896
f 447/1027/1912 449/1026/1911 448/1028/1913
f 448/1028/1913 699/1010/1899 698/1029/1914
f 322/207/213 455/1018/1905 456/1030/1915
f 453/1013/1900 445/1031/1916 446/1015/1902
f 15/1023/90 456/1032/1915 371/1021/1908
f 444/1033/1917 448/1028/1913 443/1034/1918
f 320/37/1898 443/1035/1918 344/179/1919
f 443/1034/1918 698/1029/1914 697/1036/1920
f 344/179/1919 697/1037/1920 693/192/1921
f 456/1030/1915 446/1038/1902 445/1039/1916
f 455/1018/1905 702/1040/1903 446/1038/1902
f 61/1041/1922 445/1039/1916 60/1042/1923
f 444/1043/1917 479/1009/1897 66/1044/1924
f 66/1045/1924 447/1027/1912 444/1033/1917
f 445/1031/1916 467/1005/1894 60/1046/1923
f 371/1021/1908 61/1047/1922 65/1024/1909
f 57/1048/1925 639/1049/1926 635/1050/1927
f 58/1051/1928 458/1052/1929 460/1053/1930
f 64/1054/1931 461/1055/1932 59/1056/1933
f 59/1056/1933 459/1057/1934 57/1048/1925
f 55/1058/1935 458/1052/1929 56/1059/1936
f 63/1060/1937 460/1053/1930 62/1061/1938
f 460/1053/1930 463/1062/1939 465/1063/1940
f 62/1061/1938 465/1063/1940 467/1064/1941
f 459/1057/1934 640/1065/1942 639/1049/1926
f 65/1066/1943 466/1067/1944 461/1055/1932
f 461/1055/1932 464/1068/1945 459/1057/1934
f 458/1052/1929 462/1069/1946 463/1062/1939
f 60/1070/1947 462/1071/1947 464/1072/1947
f 50/1073/1948 470/1074/1949 471/1075/1950
f 53/95/1951 474/1076/1952 54/267/1953
f 49/1077/1954 469/1078/1955 470/1074/1949
f 51/1079/1956 471/1075/1950 472/1080/1957
f 48/1081/1958 468/1082/1959 469/1083/1955
f 47/1084/1960 474/1076/1952 468/1082/1959
f 473/1085/1961 480/1086/1962 474/1076/1952
f 470/1074/1949 476/1087/1963 477/1088/1964
f 471/1075/1950 477/1088/1964 478/1089/1965
f 474/1076/1952 475/1090/1966 468/1082/1959
f 472/1080/1957 478/1089/1965 479/1091/1967
f 468/1082/1959 476/1092/1963 469/1083/1955
f 478/1093/1968 476/1094/1969 480/1095/1970
f 473/1096/1971 450/1008/1896 447/1027/1912
f 622/323/1972 629/326/1973 630/323/1974
f 620/328/1975 627/331/1976 628/328/1977
f 624/321/1978 633/318/1979 625/318/1980
f 622/323/1972 631/324/1981 623/324/1982
f 621/329/1983 628/328/1977 629/329/1973
f 619/333/1984 634/399/1985 627/333/1976
f 625/400/1980 634/399/1985 626/399/1986
f 623/398/1982 632/321/1987 624/321/1978
f 631/398/1981 629/326/1973 627/331/1976
f 639/1049/1926 462/1097/1946 457/1098/1988
f 635/1050/1927 457/1098/1988 55/1099/1935
f 1187/997/1989 680/87/1990 712/36/1991
f 714/998/1992 690/999/140 691/1020/1993
f 715/1000/140 689/1001/140 690/999/140
f 716/1002/1994 758/1003/140 689/1001/140
f 1182/1005/1995 716/1002/1994 1168/1006/1996
f 1166/1007/140 716/1002/1994 715/1000/140
f 1166/1007/140 714/998/1992 1164/1008/1997
f 1194/1009/1998 712/36/1991 1026/37/1999
f 699/1010/1899 1165/1011/140 1163/1026/2000
f 700/1012/140 1167/1013/2001 1165/1011/140
f 701/1014/1901 1160/1015/2002 1167/1013/2001
f 1169/1017/1904 1058/81/348 1170/1018/2003
f 714/998/1992 692/1100/2004 748/1019/2005
f 1077/1021/2006 682/1022/358 1079/1025/1910
f 760/1024/2007 1079/1025/1910 759/1101/1910
f 1165/1011/140 1168/1006/1996 1166/1007/140
f 1163/1026/2000 1166/1007/140 1164/1008/1997
f 1161/1027/2008 1163/1026/2000 1164/1008/1997
f 699/1010/1899 1162/1028/2009 698/1029/1914
f 1170/1018/2003 1028/207/467 1171/1030/2010
f 1167/1013/2001 1159/1031/2011 1168/1006/1996
f 1171/1032/2010 706/1023/441 1077/1021/2006
f 1162/1028/2009 1158/1033/2012 1157/1034/2013
f 1157/1035/2013 1026/37/1999 1050/179/2014
f 698/1029/1914 1157/1034/2013 697/1036/1920
f 697/1037/1920 1050/179/2014 693/192/1921
f 1160/1038/2002 1171/1030/2010 1159/1039/2011
f 702/1040/1903 1170/1018/2003 1160/1038/2002
f 756/1041/2015 1159/1039/2011 1171/1030/2010
f 1158/1043/2012 1194/1009/1998 1026/37/1999
f 1161/1027/2008 761/1045/2016 1158/1033/2012
f 1159/1031/2011 1182/1005/1995 1168/1006/1996
f 756/1047/2015 1077/1021/2006 760/1024/2007
f 1382/1049/2017 752/1048/1925 1378/1050/1927
f 753/1051/1928 1173/1052/2018 751/1059/1936
f 1176/1055/2019 759/1054/1931 754/1056/1933
f 1174/1057/2020 754/1056/1933 752/1048/1925
f 1173/1052/2018 750/1058/1935 751/1059/1936
f 758/1060/1937 1175/1053/2021 753/1051/1928
f 1175/1053/2021 1178/1062/2022 1173/1052/2018
f 757/1061/2023 1180/1063/2024 1175/1053/2021
f 1383/1065/2025 1174/1057/2020 1382/1049/2017
f 1181/1067/2026 760/1066/2027 1176/1055/2019
f 1179/1068/2028 1176/1055/2019 1174/1057/2020
f 1173/1052/2018 1177/1069/2029 1172/1102/2030
f 1181/1103/2031 1178/1104/2031 1182/1105/2031
f 745/1073/2032 1185/1074/2033 744/1077/2034
f 1189/1076/2035 748/95/2036 749/267/2037
f 744/1077/2034 1184/1078/2038 743/1106/2039
f 746/1079/2040 1186/1075/2041 745/1073/2032
f 743/1081/2039 1183/1082/2042 742/1084/2043
f 742/1084/2043 1189/1076/2035 749/267/2037
f 1195/1086/2044 1188/1085/2045 1189/1076/2035
f 1185/1074/2033 1191/1087/2046 1184/1078/2038
f 1186/1075/2041 1192/1088/2047 1185/1074/2033
f 1190/1090/2048 1189/1076/2035 1183/1082/2042
f 1187/1080/2049 1193/1089/2050 1186/1075/2041
f 1191/1092/2046 1183/1082/2042 1184/1083/2038
f 1191/1094/2051 1193/1093/2052 761/1107/2053
f 1161/1027/2008 714/998/1992 1188/1096/2054
f 1365/323/2055 1372/326/2056 1364/326/2057
f 1363/328/2058 1370/331/2059 1362/331/2060
f 1376/318/2061 1367/321/2062 1368/318/2063
f 1374/324/2064 1365/323/2055 1366/324/2065
f 1364/329/2057 1371/328/2066 1363/328/2058
f 1362/333/2060 1377/399/2067 1369/399/2068
f 1377/399/2067 1368/400/2063 1369/399/2068
f 1375/321/2069 1366/398/2065 1367/321/2062
f 1372/326/2056 1374/398/2064 1376/400/2061
f 1177/1097/2029 1382/1049/2017 1172/1098/2030
f 1172/1098/2030 1378/1050/1927 750/1099/1935
f 2/87/1888 51/1108/2070 472/997/1889
f 23/998/1891 13/1020/1907 12/999/140
f 24/1000/140 12/999/140 11/1001/140
f 25/1002/1892 11/1001/140 63/1003/140
f 25/1002/1892 62/1004/1893 467/1005/1894
f 452/1007/140 24/1000/140 25/1002/1892
f 23/998/1891 24/1000/140 452/1007/140
f 21/36/1890 472/997/1889 479/1009/1897
f 699/1010/1899 449/1026/1911 451/1011/140
f 700/1012/140 451/1011/140 453/1013/1900
f 701/1014/1901 453/1013/1900 446/1015/1902
f 352/81/77 695/292/540 1169/1017/1904
f 23/998/1891 473/1096/1971 53/1019/1906
f 53/1019/1906 14/1100/2071 13/1020/1907
f 371/1021/1908 373/1025/1910 4/1022/88
f 65/1024/1909 64/1101/1910 373/1025/1910
f 454/1006/1895 453/1013/1900 451/1011/140
f 452/1007/140 451/1011/140 449/1026/1911
f 447/1027/1912 450/1008/1896 449/1026/1911
f 448/1028/1913 449/1026/1911 699/1010/1899
f 322/207/213 352/81/77 455/1018/1905
f 453/1013/1900 454/1006/1895 445/1031/1916
f 15/1023/90 322/1109/213 456/1032/1915
f 444/1033/1917 447/1027/1912 448/1028/1913
f 320/37/1898 444/1043/1917 443/1035/1918
f 443/1034/1918 448/1028/1913 698/1029/1914
f 344/179/1919 443/1035/1918 697/1037/1920
f 456/1030/1915 455/1018/1905 446/1038/1902
f 455/1018/1905 1169/1017/1904 702/1040/1903
f 61/1041/1922 456/1030/1915 445/1039/1916
f 444/1043/1917 320/37/1898 479/1009/1897
f 66/1045/1924 52/1110/2072 447/1027/1912
f 445/1031/1916 454/1006/1895 467/1005/1894
f 371/1021/1908 456/1032/1915 61/1047/1922
f 57/1048/1925 459/1057/1934 639/1049/1926
f 58/1051/1928 56/1059/1936 458/1052/1929
f 64/1054/1931 65/1066/1943 461/1055/1932
f 59/1056/1933 461/1055/1932 459/1057/1934
f 55/1058/1935 457/1102/1988 458/1052/1929
f 63/1060/1937 58/1051/1928 460/1053/1930
f 460/1053/1930 458/1052/1929 463/1062/1939
f 62/1061/1938 460/1053/1930 465/1063/1940
f 459/1057/1934 464/1068/1945 640/1065/1942
f 65/1066/1943 61/1111/2073 466/1067/1944
f 461/1055/1932 466/1067/1944 464/1068/1945
f 458/1052/1929 457/1102/1988 462/1069/1946
f 466/1103/1947 61/1112/1947 60/1070/1947
f 60/1070/1947 467/1105/1947 465/1113/1947
f 465/1113/1947 463/1104/1947 462/1071/1947
f 462/1071/1947 640/1114/2074 464/1072/1947
f 464/1072/1947 466/1103/1947 60/1070/1947
f 60/1070/1947 465/1113/1947 462/1071/1947
f 50/1073/1948 49/1077/1954 470/1074/1949
f 53/95/1951 473/1085/1961 474/1076/1952
f 49/1077/1954 48/1106/1958 469/1078/1955
f 51/1079/1956 50/1073/1948 471/1075/1950
f 48/1081/1958 47/1084/1960 468/1082/1959
f 47/1084/1960 54/267/1953 474/1076/1952
f 473/1085/1961 52/1115/2075 480/1086/1962
f 470/1074/1949 469/1078/1955 476/1087/1963
f 471/1075/1950 470/1074/1949 477/1088/1964
f 474/1076/1952 480/1086/1962 475/1090/1966
f 472/1080/1957 471/1075/1950 478/1089/1965
f 468/1082/1959 475/1090/1966 476/1092/1963
f 480/1095/1970 52/1116/2076 66/1107/2077
f 66/1107/2077 479/1117/2078 478/1093/1968
f 478/1093/1968 477/1118/1969 476/1094/1969
f 476/1094/1969 475/1119/1969 480/1095/1970
f 480/1095/1970 66/1107/2077 478/1093/1968
f 447/1027/1912 52/1110/2072 473/1096/1971
f 473/1096/1971 23/998/1891 450/1008/1896
f 622/323/1972 621/326/1983 629/326/1973
f 620/328/1975 619/331/1984 627/331/1976
f 624/321/1978 632/321/1987 633/318/1979
f 622/323/1972 630/323/1974 631/324/1981
f 621/329/1983 620/328/1975 628/328/1977
f 619/333/1984 626/399/1986 634/399/1985
f 625/400/1980 633/400/1979 634/399/1985
f 623/398/1982 631/398/1981 632/321/1987
f 627/331/1976 634/399/1985 633/400/1979
f 633/400/1979 632/321/1987 631/398/1981
f 631/398/1981 630/323/1974 629/326/1973
f 629/326/1973 628/328/1977 627/331/1976
f 627/331/1976 633/400/1979 631/398/1981
f 639/1049/1926 640/1065/1942 462/1097/1946
f 635/1050/1927 639/1049/1926 457/1098/1988
f 1187/997/1989 746/1108/2079 680/87/1990
f 714/998/1992 715/1000/140 690/999/140
f 715/1000/140 716/1002/1994 689/1001/140
f 716/1002/1994 757/1004/2080 758/1003/140
f 1182/1005/1995 757/1004/2080 716/1002/1994
f 1166/1007/140 1168/1006/1996 716/1002/1994
f 1166/1007/140 715/1000/140 714/998/1992
f 1194/1009/1998 1187/997/1989 712/36/1991
f 699/1010/1899 700/1012/140 1165/1011/140
f 700/1012/140 701/1014/1901 1167/1013/2001
f 701/1014/1901 702/1016/1903 1160/1015/2002
f 1169/1017/1904 695/292/540 1058/81/348
f 748/1019/2005 1188/1096/2054 714/998/1992
f 714/998/1992 691/1020/1993 692/1100/2004
f 1077/1021/2006 706/1023/441 682/1022/358
f 760/1024/2007 1077/1021/2006 1079/1025/1910
f 1165/1011/140 1167/1013/2001 1168/1006/1996
f 1163/1026/2000 1165/1011/140 1166/1007/140
f 1161/1027/2008 1162/1028/2009 1163/1026/2000
f 699/1010/1899 1163/1026/2000 1162/1028/2009
f 1170/1018/2003 1058/81/348 1028/207/467
f 1167/1013/2001 1160/1015/2002 1159/1031/2011
f 1171/1032/2010 1028/1109/467 706/1023/441
f 1162/1028/2009 1161/1027/2008 1158/1033/2012
f 1157/1035/2013 1158/1043/2012 1026/37/1999
f 698/1029/1914 1162/1028/2009 1157/1034/2013
f 697/1037/1920 1157/1035/2013 1050/179/2014
f 1160/1038/2002 1170/1018/2003 1171/1030/2010
f 702/1040/1903 1169/1017/1904 1170/1018/2003
f 756/1041/2015 755/1042/2081 1159/1039/2011
f 1158/1043/2012 761/1044/2016 1194/1009/1998
f 1161/1027/2008 747/1110/2082 761/1045/2016
f 1159/1031/2011 755/1046/2081 1182/1005/1995
f 756/1047/2015 1171/1032/2010 1077/1021/2006
f 1382/1049/2017 1174/1057/2020 752/1048/1925
f 753/1051/1928 1175/1053/2021 1173/1052/2018
f 1176/1055/2019 760/1066/2027 759/1054/1931
f 1174/1057/2020 1176/1055/2019 754/1056/1933
f 1173/1052/2018 1172/1102/2030 750/1058/1935
f 758/1060/1937 757/1061/2023 1175/1053/2021
f 1175/1053/2021 1180/1063/2024 1178/1062/2022
f 757/1061/2023 1182/1064/2083 1180/1063/2024
f 1383/1065/2025 1179/1068/2028 1174/1057/2020
f 1181/1067/2026 756/1111/2084 760/1066/2027
f 1179/1068/2028 1181/1067/2026 1176/1055/2019
f 1173/1052/2018 1178/1062/2022 1177/1069/2029
f 755/1070/2031 756/1112/2031 1181/1103/2031
f 1181/1103/2031 1179/1072/2031 1383/1114/2031
f 1383/1114/2031 1177/1071/2031 1178/1104/2031
f 1178/1104/2031 1180/1113/2031 1182/1105/2031
f 1182/1105/2031 755/1070/2031 1181/1103/2031
f 1181/1103/2031 1383/1114/2031 1178/1104/2031
f 745/1073/2032 1186/1075/2041 1185/1074/2033
f 1189/1076/2035 1188/1085/2045 748/95/2036
f 744/1077/2034 1185/1074/2033 1184/1078/2038
f 746/1079/2040 1187/1080/2049 1186/1075/2041
f 743/1081/2039 1184/1083/2038 1183/1082/2042
f 742/1084/2043 1183/1082/2042 1189/1076/2035
f 1195/1086/2044 747/1115/2085 1188/1085/2045
f 1185/1074/2033 1192/1088/2047 1191/1087/2046
f 1186/1075/2041 1193/1089/2050 1192/1088/2047
f 1190/1090/2048 1195/1086/2044 1189/1076/2035
f 1187/1080/2049 1194/1091/2086 1193/1089/2050
f 1191/1092/2046 1190/1090/2048 1183/1082/2042
f 761/1107/2053 747/1116/2087 1195/1095/2088
f 1195/1095/2088 1190/1119/2089 1191/1094/2051
f 1191/1094/2051 1192/1118/2089 1193/1093/2052
f 1193/1093/2052 1194/1117/2090 761/1107/2053
f 761/1107/2053 1195/1095/2088 1191/1094/2051
f 1188/1096/2054 747/1110/2082 1161/1027/2008
f 1161/1027/2008 1164/1008/1997 714/998/1992
f 1365/323/2055 1373/323/2091 1372/326/2056
f 1363/328/2058 1371/328/2066 1370/331/2059
f 1376/318/2061 1375/321/2069 1367/321/2062
f 1374/324/2064 1373/323/2091 1365/323/2055
f 1364/329/2057 1372/329/2056 1371/328/2066
f 1362/333/2060 1370/333/2059 1377/399/2067
f 1377/399/2067 1376/400/2061 1368/400/2063
f 1375/321/2069 1374/398/2064 1366/398/2065
f 1376/400/2061 1377/399/2067 1370/331/2059
f 1370/331/2059 1371/328/2066 1372/326/2056
f 1372/326/2056 1373/323/2091 1374/398/2064
f 1374/398/2064 1375/321/2069 1376/400/2061
f 1376/400/2061 1370/331/2059 1372/326/2056
f 1177/1097/2029 1383/1065/2025 1382/1049/2017
f 1172/1098/2030 1382/1049/2017 1378/1050/1927
g Carro_Chasis_Material.017
usemtl Material.017
f 647/1120/2092 646/1121/2092 645/1122/2092
f 647/1120/2093 653/730/2094 648/1123/2095
f 645/1122/2096 654/729/2097 647/1120/2098
f 646/1121/2099 653/730/2100 656/732/2101
f 645/1122/2102 656/732/2103 655/731/2104
f 663/1120/2105 662/1121/2105 661/1122/2105
f 663/1120/2106 669/730/2107 664/1123/2108
f 661/1122/2109 670/729/2110 663/1120/2111
f 662/1121/2112 669/730/2113 672/732/2114
f 661/1122/2115 672/732/2116 671/731/2117
f 1390/1120/2118 1389/1121/2118 1391/1123/2118
f 1396/730/2119 1390/1120/2120 1391/1123/2121
f 1397/729/2122 1388/1122/2123 1390/1120/2124
f 1389/1121/2125 1396/730/2126 1391/1123/2127
f 1388/1122/2128 1399/732/2129 1389/1121/2130
f 1406/1120/2131 1405/1121/2131 1407/1123/2131
f 1412/730/2132 1406/1120/2133 1407/1123/2134
f 1413/729/2135 1404/1122/2136 1406/1120/2137
f 1405/1121/2138 1412/730/2139 1407/1123/2140
f 1404/1122/2141 1415/732/2142 1405/1121/2143
f 647/1120/2092 648/1123/2092 646/1121/2092
f 647/1120/2093 654/729/2144 653/730/2094
f 645/1122/2096 655/731/2145 654/729/2097
f 646/1121/2099 648/1123/2146 653/730/2100
f 645/1122/2102 646/1121/2147 656/732/2103
f 663/1120/2105 664/1123/2105 662/1121/2105
f 663/1120/2106 670/729/2148 669/730/2107
f 661/1122/2109 671/731/2149 670/729/2110
f 662/1121/2112 664/1123/2150 669/730/2113
f 661/1122/2115 662/1121/2151 672/732/2116
f 1390/1120/2118 1388/1122/2118 1389/1121/2118
f 1396/730/2119 1397/729/2152 1390/1120/2120
f 1397/729/2122 1398/731/2153 1388/1122/2123
f 1389/1121/2125 1399/732/2154 1396/730/2126
f 1388/1122/2128 1398/731/2155 1399/732/2129
f 1406/1120/2131 1404/1122/2131 1405/1121/2131
f 1412/730/2132 1413/729/2156 1406/1120/2133
f 1413/729/2135 1414/731/2157 1404/1122/2136
f 1405/1121/2138 1415/732/2158 1412/730/2139
f 1404/1122/2141 1414/731/2159 1415/732/2142
g Carro_Chasis_Material.001
usemtl Material.001
f 1254/838/1479 1253/839/1480 1272/840/1481 1264/841/1482 1265/842/1483 1267/843/1484 1266/844/1485 1273/845/1486
f 1254/838/1479 546/1124/2160 539/1125/2161 540/1126/2162 538/1127/2163 537/1128/2164 545/1129/2165 1253/839/1480
