# Blender 5.1.0
# www.blender.org
mtllib elice.mtl
g nave.002_nave.002
v -0.020489 -0.130372 -0.147998
v -0.019308 -0.126745 -0.149841
v -0.019166 -0.130539 -0.149291
v -0.017427 -0.131018 -0.148860
v -0.017476 -0.132843 -0.147829
v -0.018355 -0.126995 -0.150223
v -0.016267 -0.130832 -0.147956
v -0.020351 -0.125093 -0.147957
v -0.017005 -0.127690 -0.149776
v -0.018163 -0.119091 -0.147987
v -0.017728 -0.122315 -0.149788
v -0.016438 -0.119992 -0.148711
v -0.016963 -0.124796 -0.150041
v -0.014776 -0.123186 -0.147931
v -0.018580 -0.133719 -0.147565
v -0.019660 -0.132792 -0.147835
v -0.016571 -0.134445 -0.145692
v -0.020762 -0.133645 -0.145663
v -0.021546 -0.128966 -0.145187
v -0.014958 -0.131809 -0.144217
v -0.014732 -0.128076 -0.146233
v -0.020069 -0.120900 -0.145728
v -0.015369 -0.116830 -0.147279
v -0.017269 -0.117421 -0.147633
v -0.014302 -0.115979 -0.146005
v -0.014388 -0.111604 -0.144142
v -0.017810 -0.135883 -0.145738
v -0.019248 -0.135895 -0.145697
v -0.020195 -0.136426 -0.143921
v -0.016591 -0.136055 -0.143983
v -0.018168 -0.138083 -0.142087
v -0.019032 -0.115520 -0.142987
v -0.020706 -0.117603 -0.138446
v -0.018762 -0.116879 -0.145656
v -0.012749 -0.112120 -0.141871
v -0.017531 -0.114512 -0.145090
v -0.016674 -0.114269 -0.145895
v -0.016187 -0.136728 -0.141367
v -0.014899 -0.133842 -0.138847
v -0.022199 -0.131150 -0.140820
v -0.013392 -0.119223 -0.144259
v -0.016871 -0.109731 -0.141867
v -0.014514 -0.109352 -0.142637
v -0.015508 -0.106602 -0.140234
v -0.017256 -0.138329 -0.139519
v -0.019885 -0.138068 -0.141086
v -0.021734 -0.135572 -0.140551
v -0.019990 -0.138624 -0.136728
v -0.021777 -0.125039 -0.140705
v -0.022258 -0.133074 -0.132338
v -0.018522 -0.114159 -0.143632
v -0.016853 -0.109195 -0.140953
v -0.013972 -0.107688 -0.141179
v -0.012695 -0.106349 -0.138512
v -0.018609 -0.139119 -0.137836
v -0.021402 -0.136897 -0.138150
v -0.021225 -0.106650 -0.116413
v -0.017800 -0.110756 -0.140795
v -0.016981 -0.104887 -0.135869
v -0.017003 -0.107123 -0.139053
v -0.017394 -0.138399 -0.135418
v -0.013558 -0.124509 -0.132900
v -0.014485 -0.103811 -0.138271
v -0.015736 -0.104304 -0.137393
v -0.012650 -0.100162 -0.134700
v -0.013788 -0.099369 -0.134204
v -0.020696 -0.137654 -0.135419
v -0.015540 -0.133091 -0.129884
v -0.016647 -0.135929 -0.130103
v -0.022705 -0.128050 -0.124423
v -0.009882 -0.095112 -0.122861
v -0.012730 -0.119101 -0.139930
v -0.015201 -0.102086 -0.136227
v -0.011639 -0.096505 -0.130126
v -0.014943 -0.099629 -0.133378
v -0.018348 -0.137837 -0.131296
v -0.019570 -0.137622 -0.130901
v -0.019931 -0.136197 -0.128450
v -0.019549 -0.097293 -0.114681
v -0.015096 -0.095182 -0.128567
v -0.010922 -0.095062 -0.128137
v -0.013858 -0.096689 -0.131396
v -0.012694 -0.093103 -0.128635
v -0.022246 -0.132577 -0.126849
v -0.008996 -0.085254 -0.109425
v -0.013011 -0.094530 -0.130186
v -0.018779 -0.135966 -0.126839
v -0.020383 -0.134897 -0.125085
v -0.010932 -0.091501 -0.125244
v -0.013108 -0.092959 -0.128310
v -0.010814 -0.090109 -0.124180
v -0.018192 -0.133957 -0.123443
v -0.022042 -0.130150 -0.119481
v -0.016405 -0.088632 -0.116743
v -0.009996 -0.093256 -0.123963
v -0.012394 -0.086916 -0.121834
v -0.019658 -0.133636 -0.121717
v -0.009955 -0.087271 -0.104769
v -0.010483 -0.084840 -0.118757
v -0.021137 -0.132573 -0.122174
v -0.019080 -0.132934 -0.120599
v -0.020781 -0.132034 -0.119405
v -0.018796 -0.128523 -0.114140
v -0.020528 -0.130945 -0.117677
v -0.016832 -0.128210 -0.118029
v -0.022656 -0.113813 -0.113965
v -0.011682 -0.084139 -0.118467
v -0.013455 -0.084895 -0.118062
v -0.009078 -0.077744 -0.109731
v -0.012757 -0.082580 -0.116430
v -0.020898 -0.129973 -0.115746
v -0.010251 -0.080172 -0.113736
v -0.010888 -0.081184 -0.115500
v -0.021915 -0.128834 -0.116020
v -0.020389 -0.127523 -0.111538
v -0.022691 -0.124665 -0.111054
v -0.015698 -0.107413 -0.098548
v -0.013841 -0.072661 -0.101704
v -0.013482 -0.080234 -0.111810
v -0.008445 -0.078502 -0.107434
v -0.011629 -0.079111 -0.112947
v -0.011710 -0.077945 -0.111348
v -0.019169 -0.124673 -0.108730
v -0.010165 -0.078797 -0.112498
v -0.010699 -0.077642 -0.111121
v -0.021116 -0.126196 -0.109779
v -0.021564 -0.125288 -0.109167
v -0.022855 -0.122544 -0.108374
v -0.015002 -0.070960 -0.097421
v -0.012832 -0.075079 -0.106844
v -0.011223 -0.075446 -0.108762
v -0.018021 -0.078409 -0.097193
v -0.008821 -0.072034 -0.103785
v -0.010864 -0.075895 -0.109208
v -0.009912 -0.074143 -0.107079
v -0.019617 -0.124559 -0.107572
v -0.022122 -0.123922 -0.107208
v -0.019120 -0.113156 -0.095198
v -0.023231 -0.117260 -0.108876
v -0.022712 -0.119791 -0.101368
v -0.023686 -0.114143 -0.098709
v -0.020414 -0.123682 -0.105950
v -0.020863 -0.117800 -0.098047
v -0.023738 -0.106973 -0.097991
v -0.007651 -0.071075 -0.097675
v -0.011966 -0.072930 -0.104719
v -0.010574 -0.072032 -0.105008
v -0.010751 -0.069176 -0.101376
v -0.009847 -0.070571 -0.102953
v -0.008745 -0.067431 -0.099405
v -0.021925 -0.121569 -0.103177
v -0.022724 -0.122421 -0.105976
v -0.012858 -0.067095 -0.097228
v -0.008296 -0.070421 -0.101000
v -0.020276 -0.114487 -0.094856
v -0.009333 -0.072002 -0.087432
v -0.007532 -0.063793 -0.092794
v -0.021979 -0.116069 -0.095895
v -0.023730 -0.092643 -0.084518
v -0.008226 -0.066719 -0.097440
v -0.012425 -0.063568 -0.092971
v -0.008388 -0.063430 -0.095157
v -0.023755 -0.110998 -0.093774
v -0.020229 -0.112721 -0.092236
v -0.009177 -0.064925 -0.096952
v -0.022941 -0.113895 -0.093872
v -0.024054 -0.106938 -0.090844
v -0.023172 -0.111231 -0.090886
v -0.022188 -0.080507 -0.080535
v -0.008917 -0.061683 -0.093253
v -0.010256 -0.055654 -0.085640
v -0.022620 -0.112751 -0.091839
v -0.020098 -0.109126 -0.088000
v -0.018362 -0.106116 -0.088756
v -0.012237 -0.054912 -0.082540
v -0.008210 -0.060473 -0.090930
v -0.022211 -0.108606 -0.086603
v -0.024268 -0.100499 -0.079529
v -0.007352 -0.049285 -0.066590
v -0.007100 -0.060565 -0.087667
v -0.007501 -0.055792 -0.084313
v -0.020732 -0.106540 -0.084456
v -0.023151 -0.107923 -0.086833
v -0.019373 -0.101801 -0.081768
v -0.018558 -0.066185 -0.080278
v -0.014209 -0.053667 -0.077787
v -0.008874 -0.054615 -0.084576
v -0.024428 -0.098924 -0.081874
v -0.021169 -0.101810 -0.078659
v -0.006965 -0.055291 -0.079376
v -0.023126 -0.105706 -0.083359
v -0.012456 -0.072621 -0.072551
v -0.007464 -0.053322 -0.081360
v -0.006983 -0.052289 -0.079420
v -0.023253 -0.104004 -0.081725
v -0.023261 -0.103019 -0.080093
v -0.024162 -0.097651 -0.075083
v -0.024851 -0.094696 -0.075259
v -0.022355 -0.103354 -0.079921
v -0.016062 -0.063768 -0.085896
v -0.007698 -0.049465 -0.077251
v -0.009977 -0.049357 -0.077321
v -0.022376 -0.101453 -0.077775
v -0.020963 -0.099373 -0.076197
v -0.024811 -0.083095 -0.068377
v -0.008782 -0.047949 -0.076364
v -0.008659 -0.050239 -0.079055
v -0.021783 -0.100693 -0.076871
v -0.023341 -0.099854 -0.076763
v -0.023214 -0.098377 -0.074507
v -0.024518 -0.094332 -0.071741
v -0.024841 -0.090944 -0.072098
v -0.008016 -0.047417 -0.075394
v -0.021087 -0.097826 -0.074110
v -0.021460 -0.094999 -0.070752
v -0.022397 -0.095485 -0.070784
v -0.008745 -0.045216 -0.072923
v -0.008065 -0.044514 -0.071861
v -0.008864 -0.040052 -0.066838
v -0.023577 -0.096160 -0.072603
v -0.024577 -0.091165 -0.068285
v -0.020118 -0.092073 -0.069453
v -0.020424 -0.086603 -0.062630
v -0.006782 -0.045730 -0.067373
v -0.023322 -0.095136 -0.070695
v -0.011948 -0.042611 -0.067392
v -0.022503 -0.091693 -0.066484
v -0.025246 -0.086820 -0.066447
v -0.010834 -0.039339 -0.064613
v -0.008543 -0.037631 -0.063350
v -0.007026 -0.038436 -0.061252
v -0.024182 -0.088483 -0.063942
v -0.022463 -0.087455 -0.061764
v -0.024413 -0.087407 -0.063022
v -0.024793 -0.077200 -0.063456
v -0.024958 -0.072340 -0.058914
v -0.006534 -0.039598 -0.056401
v -0.006924 -0.041989 -0.067287
v -0.009747 -0.036329 -0.062054
v -0.025096 -0.085565 -0.064627
v -0.025274 -0.082955 -0.061697
v -0.025133 -0.081381 -0.060487
v -0.015901 -0.042418 -0.060354
v -0.012718 -0.040304 -0.064053
v -0.008899 -0.035558 -0.061055
v -0.008173 -0.032738 -0.056378
v -0.023290 -0.087150 -0.061406
v -0.020869 -0.084641 -0.060297
v -0.025179 -0.084243 -0.062904
v -0.020311 -0.080932 -0.056839
v -0.019038 -0.075879 -0.054417
v -0.022883 -0.063676 -0.060729
v -0.024676 -0.081890 -0.057335
v -0.025381 -0.080190 -0.058117
v -0.017201 -0.085733 -0.069709
v -0.012550 -0.058434 -0.055103
v -0.021517 -0.040584 -0.041910
v -0.012447 -0.033603 -0.055393
v -0.009781 -0.031944 -0.055938
v -0.023409 -0.083587 -0.057716
v -0.021137 -0.081808 -0.056861
v -0.025622 -0.069462 -0.051069
v -0.006457 -0.035840 -0.056087
v -0.022697 -0.081619 -0.056016
v -0.025803 -0.075245 -0.053991
v -0.024795 -0.049433 -0.039814
v -0.024550 -0.077713 -0.052231
v -0.023832 -0.079434 -0.053637
v -0.025382 -0.059783 -0.045724
v -0.005656 -0.033176 -0.051380
v -0.009211 -0.030103 -0.053842
v -0.011420 -0.028062 -0.049297
v -0.021845 -0.073890 -0.048102
v -0.025517 -0.075054 -0.052032
v -0.020257 -0.073592 -0.049386
v -0.025854 -0.073528 -0.052934
v -0.025901 -0.069015 -0.047633
v -0.015647 -0.048502 -0.033312
v -0.005855 -0.031554 -0.047121
v -0.006589 -0.030435 -0.050905
v -0.009051 -0.028551 -0.050748
v -0.023701 -0.077183 -0.051034
v -0.022727 -0.077295 -0.050908
v -0.024971 -0.074023 -0.049062
v -0.012650 -0.023532 -0.042533
v -0.006696 -0.028228 -0.048502
v -0.024095 -0.072765 -0.046835
v -0.025768 -0.070893 -0.048367
v -0.019802 -0.061555 -0.037832
v -0.009800 -0.026015 -0.047363
v -0.006472 -0.028506 -0.047575
v -0.022481 -0.070009 -0.043936
v -0.024760 -0.069394 -0.044082
v -0.021560 -0.068941 -0.043391
v -0.025523 -0.070120 -0.046355
v -0.014915 -0.021443 -0.036113
v -0.005895 -0.028666 -0.045929
v -0.006864 -0.024175 -0.042143
v -0.010553 -0.023204 -0.043200
v -0.026057 -0.066747 -0.045660
v -0.024359 -0.042974 -0.035848
v -0.006445 -0.026667 -0.041704
v -0.024105 -0.068882 -0.043317
v -0.024935 -0.065686 -0.040945
v -0.025547 -0.060896 -0.037925
v -0.008794 -0.023037 -0.042673
v -0.023762 -0.063668 -0.038138
v -0.021760 -0.064819 -0.039010
v -0.026185 -0.055779 -0.037783
v -0.017539 -0.027480 -0.037974
v -0.017924 -0.019519 -0.028150
v -0.006821 -0.023194 -0.037847
v -0.013768 -0.018760 -0.034106
v -0.007742 -0.021622 -0.038668
v -0.007039 -0.020482 -0.035277
v -0.008059 -0.018099 -0.033890
v -0.021570 -0.061080 -0.034898
v -0.022399 -0.061487 -0.035092
v -0.024763 -0.062411 -0.037383
v -0.026117 -0.057196 -0.036760
v -0.024628 -0.059830 -0.034868
v -0.007219 -0.023426 -0.033704
v -0.011145 -0.019357 -0.036847
v -0.009194 -0.018832 -0.035854
v -0.024331 -0.061221 -0.036067
v -0.026930 -0.051342 -0.031917
v -0.026467 -0.049842 -0.033765
v -0.026798 -0.045887 -0.030832
v -0.014259 -0.014659 -0.029017
v -0.000379 0.016445 -0.030459
v -0.020230 -0.056420 -0.031356
v -0.019540 -0.055294 -0.031470
v -0.020045 -0.055134 -0.030295
v -0.015988 -0.035385 -0.016632
v -0.025252 -0.039931 -0.031600
v -0.021500 -0.031930 -0.033113
v -0.006890 -0.019357 -0.029878
v -0.016493 -0.017066 -0.028384
v -0.007062 -0.018060 -0.032378
v -0.009254 -0.014417 -0.030216
v -0.010958 -0.015377 -0.031557
v -0.001172 0.005296 -0.030574
v -0.022787 -0.057915 -0.031957
v -0.025700 -0.055644 -0.032569
v -0.027649 -0.042700 -0.027302
v -0.023673 -0.030942 -0.028405
v -0.008824 -0.026255 -0.030153
v -0.012625 -0.013649 -0.029028
v -0.002631 0.015330 -0.025546
v -0.000716 0.022537 -0.026804
v -0.022316 -0.055636 -0.029325
v -0.026410 -0.052204 -0.029460
v -0.027412 -0.048691 -0.029962
v -0.013774 -0.033646 -0.020868
v -0.011166 -0.009739 -0.025783
v -0.014735 -0.011127 -0.025968
v -0.021097 -0.053409 -0.027451
v -0.027487 -0.048220 -0.028498
v -0.026126 -0.036272 -0.027825
v -0.028754 -0.040053 -0.024313
v -0.028625 -0.037965 -0.024267
v -0.007039 -0.019943 -0.026481
v -0.018630 -0.016693 -0.024461
v -0.016373 -0.014019 -0.026430
v -0.006938 -0.015994 -0.028944
v -0.006442 -0.013276 -0.025866
v -0.000916 -0.015271 -0.021442
v -0.002503 0.018617 -0.024829
v -0.026731 -0.048588 -0.026187
v -0.020314 -0.047748 -0.022579
v -0.027747 -0.046238 -0.028070
v -0.027991 -0.045213 -0.026064
v -0.029300 -0.034462 -0.022208
v -0.024243 -0.027458 -0.025258
v -0.021909 -0.023262 -0.024897
v -0.009757 -0.024859 -0.023144
v -0.020722 -0.019908 -0.023090
v -0.006172 -0.016575 -0.025163
v -0.016834 -0.012231 -0.025343
v -0.007852 -0.014531 -0.029201
v -0.009167 -0.009954 -0.025357
v -0.007428 -0.008452 -0.022336
v -0.003429 0.004744 -0.026633
v -0.002941 -0.000840 -0.025455
v -0.003282 0.009083 -0.027039
v -0.002373 0.011567 -0.027658
v -0.002405 0.021962 -0.022465
v -0.024576 -0.052523 -0.027462
v -0.026625 -0.046346 -0.023800
v -0.024669 -0.046054 -0.022059
v -0.028183 -0.042849 -0.025094
v -0.028742 -0.040444 -0.022711
v -0.029498 -0.036910 -0.022208
v -0.027556 -0.029158 -0.022168
v -0.010780 -0.024931 -0.019908
v -0.000742 -0.020430 -0.016489
v -0.006604 -0.019284 -0.022616
v -0.018451 -0.014871 -0.023912
v -0.020572 -0.018578 -0.022661
v -0.020304 -0.016888 -0.022375
v -0.004804 -0.013863 -0.021390
v -0.018277 -0.012912 -0.023998
v -0.005478 -0.011252 -0.022294
v -0.023083 -0.009130 -0.024677
v -0.020573 -0.009764 -0.024236
v -0.027869 -0.005512 -0.024015
v -0.024281 -0.012584 -0.022764
v -0.018744 -0.008734 -0.024291
v -0.018210 -0.010805 -0.024204
v -0.017160 -0.009681 -0.024476
v -0.020567 -0.004884 -0.025446
v -0.017609 -0.006856 -0.024236
v -0.017759 -0.002578 -0.025154
v -0.017070 -0.005163 -0.024194
v -0.016571 -0.003518 -0.023794
v -0.014629 -0.008488 -0.024205
v -0.012001 -0.008252 -0.024440
v -0.017714 -0.000764 -0.025332
v -0.028464 0.001139 -0.024853
v -0.037921 -0.000343 -0.023377
v -0.021486 0.004481 -0.025318
v -0.016849 0.000083 -0.024363
v -0.024031 0.003239 -0.025558
v -0.032108 0.006569 -0.023429
v -0.018672 0.002480 -0.025305
v -0.016406 0.011174 -0.022300
v -0.016546 0.004244 -0.024129
v -0.016179 0.004075 -0.023677
v -0.037341 0.007009 -0.022671
v -0.022989 0.009772 -0.023525
v -0.020625 -0.043312 -0.019334
v -0.029196 -0.032046 -0.020226
v -0.029968 -0.035290 -0.019889
v -0.027025 -0.023065 -0.020105
v -0.028198 -0.027943 -0.021000
v -0.027360 -0.025977 -0.021000
v -0.023083 -0.021799 -0.022475
v -0.025527 -0.020825 -0.020046
v -0.021741 -0.018577 -0.021876
v -0.002762 -0.016717 -0.020038
v -0.004941 -0.016547 -0.020438
v -0.002566 -0.014627 -0.021080
v -0.020233 -0.012650 -0.023081
v -0.027080 -0.011606 -0.022630
v -0.028196 -0.011225 -0.021998
v -0.020768 -0.014275 -0.022325
v -0.004851 -0.011749 -0.020271
v -0.000934 -0.013044 -0.020692
v -0.001112 -0.007687 -0.023079
v -0.035960 -0.010309 -0.020749
v -0.034780 -0.002946 -0.023395
v -0.040237 -0.007472 -0.020632
v -0.038217 -0.005937 -0.022248
v -0.031296 -0.008552 -0.022098
v -0.014608 -0.005622 -0.023063
v -0.010180 -0.006750 -0.022748
v -0.000996 -0.004985 -0.020764
v -0.040312 0.001714 -0.022511
v -0.016482 -0.001581 -0.022366
v -0.014635 -0.003203 -0.021763
v -0.016584 -0.001016 -0.020324
v -0.017191 0.001015 -0.020539
v -0.003153 -0.000283 -0.023420
v -0.002691 -0.000549 -0.022506
v -0.002486 -0.000917 -0.020452
v -0.042236 0.000814 -0.021028
v -0.042067 0.004933 -0.020795
v -0.016863 0.000888 -0.022838
v -0.016283 0.002798 -0.022213
v -0.003495 0.002746 -0.023643
v -0.002339 0.002520 -0.022238
v -0.039760 0.009873 -0.020904
v -0.014335 0.007555 -0.021542
v -0.013594 0.009381 -0.021197
v -0.001973 0.007393 -0.024478
v -0.002834 0.008729 -0.023707
v -0.004121 0.008962 -0.023331
v -0.000870 0.008659 -0.023099
v -0.036897 0.011983 -0.020724
v -0.023099 0.015455 -0.020587
v -0.019893 0.014425 -0.021204
v -0.013834 0.016882 -0.018814
v -0.003388 0.015171 -0.022050
v -0.002661 0.020167 -0.022407
v -0.001938 0.018791 -0.020874
v -0.002418 0.020497 -0.020840
v -0.028910 -0.038662 -0.021137
v -0.011853 -0.027149 -0.018713
v -0.010890 -0.024740 -0.016776
v -0.023331 -0.019841 -0.020498
v -0.008402 -0.022203 -0.020597
v -0.004804 -0.017173 -0.019268
v -0.022307 -0.016824 -0.021084
v -0.022719 -0.014695 -0.021686
v -0.029214 -0.014947 -0.019149
v -0.026688 -0.019596 -0.018893
v -0.025066 -0.015601 -0.020413
v -0.002992 -0.013042 -0.020471
v -0.002187 -0.012823 -0.018700
v -0.038591 -0.010359 -0.020005
v -0.033761 -0.011713 -0.019971
v -0.037029 -0.013266 -0.018507
v -0.006078 -0.007868 -0.019788
v -0.041977 -0.003770 -0.020565
v -0.007993 -0.004647 -0.020264
v -0.012483 -0.003103 -0.020969
v -0.002860 0.000862 -0.020593
v -0.016506 0.002661 -0.020718
v -0.014614 0.006155 -0.020866
v -0.002568 0.006660 -0.024203
v -0.003553 0.005113 -0.024510
v -0.000463 0.004712 -0.022127
v -0.002497 0.002532 -0.020619
v -0.001191 0.002973 -0.021794
v -0.014467 0.006255 -0.019608
v -0.042005 0.010454 -0.018936
v -0.012885 0.007696 -0.019765
v -0.011043 0.010380 -0.020241
v -0.005718 0.009965 -0.021490
v -0.004725 0.010449 -0.022264
v -0.006704 0.009846 -0.020408
v -0.004985 0.009974 -0.018316
v -0.002911 0.010839 -0.022461
v -0.001933 0.011842 -0.022099
v -0.039237 0.014208 -0.018964
v -0.011506 0.011419 -0.020329
v -0.006560 0.012316 -0.020668
v -0.006731 0.010928 -0.020710
v -0.004095 0.011120 -0.020847
v -0.002836 0.012538 -0.020931
v -0.012536 0.014121 -0.019679
v -0.008802 0.013048 -0.019857
v -0.004916 0.012300 -0.021746
v -0.006604 0.014391 -0.019328
v -0.001544 0.012502 -0.020920
v -0.024971 0.018700 -0.017775
v -0.012323 0.018524 -0.016615
v -0.004832 0.014264 -0.020210
v -0.003040 0.014546 -0.020884
v -0.018139 0.019523 -0.017313
v -0.002260 0.016495 -0.021503
v -0.002878 0.017389 -0.022714
v -0.024908 -0.044446 -0.020443
v -0.022644 -0.044690 -0.020246
v -0.026458 -0.042108 -0.020348
v -0.021332 -0.040366 -0.016722
v -0.029855 -0.034809 -0.019229
v -0.029966 -0.032037 -0.018191
v -0.012559 -0.027444 -0.016377
v -0.028120 -0.024043 -0.018954
v -0.030168 -0.027427 -0.014993
v -0.028855 -0.024087 -0.016723
v -0.027150 -0.021017 -0.018699
v -0.005065 -0.018475 -0.018200
v -0.027053 -0.018162 -0.018784
v -0.002826 -0.018155 -0.018408
v -0.000857 -0.019081 -0.017578
v -0.039830 -0.017022 -0.013721
v -0.033217 -0.016095 -0.016622
v -0.041689 -0.011707 -0.016734
v -0.041885 -0.007679 -0.019046
v -0.005052 -0.010023 -0.017128
v -0.003383 -0.010890 -0.016655
v -0.005309 -0.007706 -0.017810
v -0.000816 -0.008830 -0.016480
v -0.005705 -0.005125 -0.018153
v -0.007555 -0.002541 -0.019170
v -0.001929 -0.004688 -0.018324
v -0.005667 -0.001159 -0.018478
v -0.002840 -0.002994 -0.018130
v -0.042982 -0.003644 -0.016085
v -0.043237 0.003673 -0.018503
v -0.016289 -0.000445 -0.018834
v -0.014828 -0.000768 -0.018745
v -0.010543 -0.000834 -0.019257
v -0.008862 -0.001189 -0.019177
v -0.006949 0.000479 -0.018621
v -0.003332 -0.000455 -0.018933
v -0.004510 0.000975 -0.019142
v -0.016347 0.002350 -0.018948
v -0.013129 0.000751 -0.018388
v -0.012817 0.002486 -0.017978
v -0.010404 0.002273 -0.017855
v -0.015102 0.002899 -0.018670
v -0.014653 0.004798 -0.019014
v -0.005362 0.002338 -0.018806
v -0.004928 0.004068 -0.018570
v -0.002270 0.005406 -0.019448
v -0.013306 0.005074 -0.018087
v -0.012931 0.006752 -0.018218
v -0.002704 0.008632 -0.017944
v -0.001377 0.007763 -0.018694
v -0.010406 0.009552 -0.019688
v -0.008910 0.010930 -0.020200
v -0.007848 0.009177 -0.018569
v -0.003193 0.010675 -0.018465
v -0.001223 0.010550 -0.018924
v -0.001015 0.016243 -0.020401
v -0.002627 0.012579 -0.018441
v -0.038316 0.019853 -0.013890
v -0.010772 0.014729 -0.018986
v -0.008811 0.016903 -0.016977
v -0.005283 0.015733 -0.018045
v -0.004721 0.014759 -0.019087
v -0.003525 0.014245 -0.018493
v -0.002659 0.022385 -0.019999
v -0.022291 -0.035945 -0.014033
v -0.025469 -0.036931 -0.016280
v -0.018236 -0.036768 -0.014921
v -0.023927 -0.033521 -0.013182
v -0.027668 -0.035219 -0.017141
v -0.029211 -0.033838 -0.017221
v -0.030034 -0.031212 -0.016614
v -0.013363 -0.029382 -0.015262
v -0.007868 -0.022206 -0.015452
v -0.028229 -0.019594 -0.016872
v -0.005699 -0.020087 -0.016083
v -0.004735 -0.018907 -0.016814
v -0.002589 -0.020373 -0.014732
v -0.002919 -0.019167 -0.016538
v -0.029723 -0.018183 -0.016187
v -0.032057 -0.018698 -0.014191
v -0.030397 -0.018788 -0.014817
v -0.040411 -0.013321 -0.016984
v -0.041926 -0.014862 -0.013610
v -0.001853 -0.013213 -0.016706
v -0.043297 -0.012632 -0.012603
v -0.042877 -0.007755 -0.017299
v -0.043280 -0.002751 -0.018462
v -0.004741 -0.006968 -0.016508
v -0.001043 -0.007024 -0.017581
v -0.002695 -0.006887 -0.016596
v -0.004819 -0.003100 -0.017829
v -0.003975 -0.004128 -0.016849
v -0.043239 0.007611 -0.016707
v -0.007895 0.003996 -0.017436
v -0.010904 0.005062 -0.016576
v -0.007534 0.005017 -0.016730
v -0.043036 0.011476 -0.016366
v -0.012146 0.005970 -0.016727
v -0.008980 0.007096 -0.016675
v -0.010658 0.008231 -0.017647
v -0.005820 0.006805 -0.016751
v -0.007599 0.008338 -0.016782
v -0.004565 0.008793 -0.017050
v -0.003793 0.009779 -0.017171
v -0.001596 0.013116 -0.017153
v -0.002183 0.014256 -0.016472
v -0.009061 0.019978 -0.014844
v -0.002250 0.016429 -0.014701
v -0.005182 0.020975 -0.013454
v -0.039070 0.018414 -0.015010
v -0.001456 0.020477 -0.018585
v -0.014105 0.021654 -0.014428
v -0.001944 0.023064 -0.016503
v -0.002732 0.024105 -0.018615
v -0.002739 0.030218 -0.011220
v -0.018736 -0.034851 -0.013374
v -0.027035 -0.032894 -0.015112
v -0.016415 -0.033048 -0.013297
v -0.014092 -0.029858 -0.013108
v -0.000620 -0.022801 -0.013802
v -0.005357 -0.020311 -0.012926
v -0.037159 -0.020654 -0.009420
v -0.034447 -0.020737 -0.010665
v -0.001930 -0.012944 -0.014647
v -0.002744 -0.008964 -0.016045
v -0.001269 -0.009549 -0.015187
v -0.001810 -0.010880 -0.014554
v -0.043115 -0.008875 -0.013873
v -0.042977 -0.011139 -0.010008
v -0.042047 -0.000269 -0.015157
v -0.042732 0.003006 -0.016197
v -0.042998 0.007768 -0.015101
v -0.043130 0.013495 -0.014464
v -0.042349 0.013755 -0.016637
v -0.041878 0.016574 -0.014915
v -0.001884 0.014967 -0.015295
v -0.043167 0.015044 -0.012674
v -0.042340 0.017971 -0.012244
v -0.002152 0.017587 -0.013352
v -0.002636 0.020036 -0.012409
v -0.002968 0.025922 -0.013710
v -0.019190 -0.030098 -0.009694
v -0.028982 -0.031088 -0.014919
v -0.026098 -0.030133 -0.013113
v -0.012979 -0.027488 -0.013252
v -0.012362 -0.027254 -0.011504
v -0.009340 -0.025092 -0.008751
v -0.011050 -0.025316 -0.013153
v -0.008521 -0.023836 -0.009633
v -0.007220 -0.021960 -0.009971
v -0.005195 -0.020249 -0.010953
v -0.030221 -0.022518 -0.013008
v -0.031638 -0.020683 -0.012578
v -0.030194 -0.021172 -0.013403
v -0.003508 -0.020089 -0.012738
v -0.040419 -0.018638 -0.010075
v -0.001716 -0.012798 -0.013384
v -0.042720 -0.006204 -0.013896
v -0.041072 -0.002343 -0.013825
v -0.040736 0.000794 -0.014468
v -0.041614 0.002014 -0.014878
v -0.042249 0.004602 -0.014623
v -0.043119 0.011698 -0.014193
v -0.042297 0.020167 -0.008787
v -0.043030 0.018019 -0.009823
v -0.040496 0.020581 -0.011505
v -0.024519 0.023296 -0.012534
v -0.037535 0.022342 -0.010265
v -0.018374 0.023995 -0.011980
v -0.001261 0.022645 -0.012984
v -0.013532 0.026315 -0.006140
v -0.003150 0.028855 -0.007946
v -0.003295 0.030350 -0.002793
v -0.017350 -0.031101 -0.010626
v -0.015432 -0.030071 -0.010786
v -0.013703 -0.028311 -0.011272
v -0.023205 -0.031153 -0.010668
v -0.026180 -0.028313 -0.012366
v -0.026839 -0.024912 -0.010820
v -0.030328 -0.028206 -0.013957
v -0.030185 -0.024642 -0.012841
v -0.029969 -0.024341 -0.011204
v -0.031479 -0.022268 -0.011732
v -0.033427 -0.020283 -0.011805
v -0.031490 -0.022604 -0.010450
v -0.002826 -0.020696 -0.011054
v -0.004256 -0.019317 -0.012201
v -0.042002 -0.016803 -0.011054
v -0.043439 -0.016505 -0.005892
v -0.042356 -0.009519 -0.010329
v -0.041207 -0.005493 -0.012619
v -0.039951 -0.004508 -0.012820
v -0.039346 -0.005453 -0.011330
v -0.039721 0.000140 -0.013282
v -0.038515 -0.003177 -0.011530
v -0.039735 0.006269 -0.012805
v -0.038881 0.001964 -0.010926
v -0.041272 0.007352 -0.013153
v -0.038542 0.004743 -0.010813
v -0.041976 0.010203 -0.012634
v -0.039389 0.009161 -0.011195
v -0.039196 0.007074 -0.011440
v -0.038274 0.010255 -0.009970
v -0.043178 0.016064 -0.010683
v -0.040085 0.021671 -0.009630
v -0.003093 0.021966 -0.010803
v -0.001893 0.020718 -0.011204
v -0.030065 0.023842 -0.009517
v -0.038424 0.024124 -0.006142
v -0.010080 0.023343 -0.011178
v -0.005270 0.023227 -0.010836
v -0.002130 0.026139 -0.011281
v -0.016066 -0.028424 -0.008186
v -0.021414 -0.028933 -0.009151
v -0.023337 -0.027408 -0.009122
v -0.014386 -0.028732 -0.009608
v -0.012819 -0.027912 -0.008878
v -0.000586 -0.023993 -0.009911
v -0.010059 -0.026946 -0.008242
v -0.032657 -0.022211 -0.008820
v -0.030210 -0.023190 -0.008451
v -0.003916 -0.018500 -0.010754
v -0.001626 -0.022201 -0.007165
v -0.004927 -0.019167 -0.008900
v -0.004049 -0.017278 -0.009578
v -0.003666 -0.017148 -0.005590
v -0.041321 -0.008814 -0.009749
v -0.039334 -0.007566 -0.009368
v -0.038067 -0.002355 -0.010419
v -0.038192 -0.004971 -0.010312
v -0.038011 -0.005159 -0.009072
v -0.038505 -0.000198 -0.008930
v -0.038263 -0.001357 -0.007692
v -0.039174 0.003943 -0.008796
v -0.038106 0.005395 -0.010119
v -0.038149 0.005997 -0.008468
v -0.038298 0.008280 -0.010523
v -0.038060 0.008799 -0.009356
v -0.038670 0.012269 -0.008555
v -0.042573 0.012763 -0.011190
v -0.039323 0.011366 -0.009803
v -0.042184 0.013979 -0.009267
v -0.003720 0.023314 -0.010030
v -0.002156 0.022285 -0.008831
v -0.026547 0.026573 -0.004889
v -0.022635 0.025738 -0.008632
v -0.002983 0.028256 -0.008906
v -0.024408 -0.026209 -0.009181
v -0.024788 -0.024755 -0.008566
v -0.019078 -0.028011 -0.007617
v -0.012289 -0.027652 -0.006701
v -0.008784 -0.027244 -0.002412
v -0.008620 -0.025470 -0.003000
v -0.023444 -0.025880 -0.007052
v -0.008548 -0.023472 -0.004908
v -0.038828 -0.020640 -0.007600
v -0.033974 -0.023887 -0.002822
v -0.006996 -0.020339 -0.004886
v -0.004916 -0.018972 -0.006989
v -0.042743 -0.014245 -0.003126
v -0.039375 -0.009171 -0.007301
v -0.038322 -0.007731 -0.008021
v -0.038105 -0.006556 -0.006696
v -0.039062 -0.001469 -0.006939
v -0.039813 0.004382 -0.007251
v -0.039536 0.006428 -0.006270
v -0.038215 0.006612 -0.007299
v -0.037998 0.008293 -0.006581
v -0.037992 0.010933 -0.007240
v -0.039514 0.013375 -0.007612
v -0.042389 0.015817 -0.006472
v -0.041918 0.022364 -0.004263
v -0.043247 0.020069 -0.002929
v -0.031565 0.024924 -0.006030
v -0.005130 0.024134 -0.007733
v -0.007946 0.026398 -0.003063
v -0.001359 -0.023278 -0.001301
v -0.021722 -0.026371 -0.005963
v -0.019176 -0.027055 -0.006160
v -0.014655 -0.026927 -0.005050
v -0.024174 -0.025513 -0.004771
v -0.019907 -0.026498 -0.004528
v -0.016313 -0.026424 -0.002147
v -0.024711 -0.024552 -0.005776
v -0.034455 -0.024503 0.002385
v -0.041495 -0.020779 -0.000976
v -0.006931 -0.021105 -0.001481
v -0.004959 -0.019702 -0.002832
v -0.042419 -0.019380 -0.004001
v -0.004191 -0.018283 -0.004876
v -0.003068 -0.018306 -0.004869
v -0.041426 -0.011792 -0.005283
v -0.038387 -0.008618 -0.006432
v -0.038281 -0.009067 -0.005027
v -0.038812 -0.004112 -0.005753
v -0.040153 0.000562 -0.006342
v -0.040631 -0.004233 -0.003842
v -0.041908 -0.000549 -0.003831
v -0.041263 0.004617 -0.005513
v -0.038325 0.008621 -0.005431
v -0.040476 0.008951 -0.003426
v -0.040153 0.014901 -0.005653
v -0.038139 0.012705 -0.005419
v -0.042966 0.017003 -0.006526
v -0.041728 0.016454 -0.003289
v -0.042392 0.017328 -0.001450
v -0.043244 0.018513 -0.006286
v -0.005242 0.024301 -0.001396
v -0.003021 0.023265 -0.003659
v -0.002346 0.028528 -0.004398
v -0.004319 0.028940 0.004286
v -0.002037 0.033687 0.001176
v -0.014599 -0.026068 -0.001009
v -0.012368 -0.027329 -0.004589
v -0.010596 -0.027137 0.000139
v -0.008998 -0.027458 -0.000004
v -0.000756 -0.024630 0.003411
v -0.030760 -0.023832 -0.004745
v -0.023656 -0.026200 -0.003504
v -0.002542 -0.020167 -0.002983
v -0.003860 -0.018925 -0.003455
v -0.043551 -0.017527 0.000602
v -0.039889 -0.011783 -0.003300
v -0.038597 -0.010510 -0.004493
v -0.038418 -0.008536 -0.003045
v -0.039425 -0.006400 -0.002785
v -0.038461 -0.007189 -0.003960
v -0.041761 -0.004476 -0.001576
v -0.042070 0.005965 -0.003754
v -0.039165 0.009594 -0.003802
v -0.038102 0.010377 -0.004107
v -0.038081 0.012246 -0.002848
v -0.038236 0.014244 -0.004335
v -0.040918 0.016627 -0.000381
v -0.003024 0.023736 -0.001100
v -0.029338 0.026331 -0.001767
v -0.021560 0.027649 -0.001377
v -0.012217 0.027175 -0.001099
v -0.004366 0.029792 0.002895
v -0.029806 -0.025095 -0.000171
v -0.027156 -0.026338 0.003830
v -0.011957 -0.026482 -0.000657
v -0.007103 -0.025087 -0.000408
v -0.040359 -0.021349 0.003594
v -0.004913 -0.020600 -0.000917
v -0.005834 -0.022272 -0.000043
v -0.042301 -0.019386 0.005544
v -0.002791 -0.020552 -0.000983
v -0.038252 -0.010929 -0.001414
v -0.037890 -0.010912 0.001802
v -0.038068 -0.008938 0.000340
v -0.041784 0.008558 -0.000951
v -0.039144 0.011027 -0.001849
v -0.038173 0.012820 0.000113
v -0.040305 0.015614 -0.002402
v -0.042801 0.017381 0.003849
v -0.005190 0.023772 0.004630
v -0.035835 0.025616 -0.000087
v -0.007591 0.027213 0.003307
v -0.006659 0.026515 0.003024
v -0.014285 0.027611 0.003188
v -0.002523 0.028385 0.002871
v -0.018975 -0.026120 0.008752
v -0.013901 -0.026457 0.001461
v -0.005098 -0.022438 0.001497
v -0.002423 -0.022921 0.001053
v -0.003289 -0.020796 0.001022
v -0.042508 -0.014432 0.001865
v -0.041478 -0.013608 -0.000459
v -0.039660 -0.012917 -0.001061
v -0.038407 -0.012714 -0.000560
v -0.038198 -0.012775 0.002803
v -0.041613 0.006203 0.006399
v -0.040449 0.010181 0.000002
v -0.039020 0.012079 0.000792
v -0.039376 0.014720 0.000594
v -0.040257 0.016601 0.002292
v -0.040322 0.024135 -0.000411
v -0.002821 0.023283 0.003910
v -0.032439 0.025850 -0.000227
v -0.029075 0.026438 0.003257
v -0.008806 0.027597 0.002809
v -0.003381 0.031470 0.005214
v -0.028518 -0.025777 0.005487
v -0.023228 -0.026296 0.007863
v -0.014769 -0.026280 0.004693
v -0.011689 -0.026758 0.002875
v -0.012530 -0.026531 0.004810
v -0.009251 -0.028530 0.005026
v -0.008119 -0.028094 0.002808
v -0.006686 -0.027597 0.001635
v -0.006261 -0.028264 0.003642
v -0.005236 -0.026146 0.003826
v -0.030480 -0.024704 0.008881
v -0.036573 -0.023233 0.002767
v -0.002924 -0.024020 0.003094
v -0.038907 -0.021052 0.007694
v -0.004493 -0.021923 0.002546
v -0.043463 -0.016699 0.005073
v -0.043256 -0.016463 0.008537
v -0.038666 -0.008218 0.004742
v -0.041849 -0.004114 0.003056
v -0.041711 -0.002098 0.005277
v -0.041822 0.009043 0.001475
v -0.039343 0.011757 0.002621
v -0.039130 0.014670 0.002862
v -0.038734 0.024177 0.005727
v -0.025387 0.027752 0.002309
v -0.013190 0.027322 0.007543
v -0.007455 -0.029370 0.005998
v -0.006477 -0.029594 0.006952
v -0.005457 -0.028334 0.009545
v -0.015654 -0.026424 0.008073
v -0.013942 -0.026498 0.006822
v -0.004949 -0.025132 0.005481
v -0.005052 -0.024449 0.003230
v -0.041719 -0.018472 0.009546
v -0.040184 -0.005658 0.007245
v -0.039109 -0.006352 0.008008
v -0.039399 0.011699 0.004532
v -0.039734 0.015115 0.004889
v -0.041438 0.016072 0.006512
v -0.043038 0.019587 0.005338
v -0.042840 0.016954 0.008041
v -0.043194 0.018196 0.008197
v -0.041953 0.022491 0.002034
v -0.041935 0.020460 0.009856
v -0.039960 0.022851 0.008117
v -0.032799 0.025227 0.005256
v -0.024663 0.026694 0.008751
v -0.006719 0.027957 0.005984
v -0.008477 -0.030795 0.007839
v -0.012150 -0.027728 0.007303
v -0.032859 -0.023299 0.008185
v -0.028076 -0.025485 0.008330
v -0.003021 -0.024605 0.005589
v -0.043396 -0.014979 0.008142
v -0.040664 -0.013226 0.005783
v -0.042764 -0.013524 0.008269
v -0.040055 -0.012542 0.007012
v -0.038385 -0.012585 0.005936
v -0.038123 -0.011073 0.006669
v -0.038048 -0.009160 0.006691
v -0.040375 -0.002161 0.008063
v -0.041375 0.003536 0.008702
v -0.040276 0.009360 0.005642
v -0.040861 0.016576 0.005144
v -0.039656 0.014689 0.006902
v -0.004550 0.022307 0.005549
v -0.002971 0.022301 0.005335
v -0.005444 0.023706 0.006592
v -0.005128 0.022085 0.010347
v -0.002668 0.022035 0.008272
v -0.036655 0.022184 0.012950
v -0.030317 0.023946 0.011123
v -0.006403 0.026340 0.004668
v -0.004790 0.028405 0.006152
v -0.004935 0.029400 0.007169
v -0.007100 -0.031206 0.007933
v -0.010889 -0.030373 0.008519
v -0.007021 -0.034158 0.010742
v -0.008873 -0.040922 0.015423
v -0.006336 -0.031965 0.009211
v -0.005763 -0.031526 0.010233
v -0.012568 -0.036680 0.013840
v -0.013792 -0.027872 0.009199
v -0.002921 -0.024079 0.008564
v -0.013351 -0.027008 0.007872
v -0.005099 -0.024425 0.010638
v -0.034400 -0.021616 0.009675
v -0.005051 -0.025155 0.008406
v -0.043364 -0.014887 0.010024
v -0.038335 -0.007991 0.007226
v -0.040338 0.003378 0.010313
v -0.038897 0.012073 0.006746
v -0.039080 0.012690 0.008807
v -0.042836 0.014858 0.010931
v -0.042245 0.019206 0.010587
v -0.005924 0.024025 0.010451
v -0.040162 0.020452 0.013308
v -0.004892 0.026462 0.008732
v -0.005445 0.026838 0.006699
v -0.002827 0.027882 0.006715
v -0.002158 0.026381 0.010903
v -0.014313 0.026667 0.010457
v -0.007101 0.028184 0.006832
v -0.009016 0.027773 0.007357
v -0.004526 0.029625 0.008674
v -0.005427 0.027938 0.010824
v -0.006306 -0.036317 0.012421
v -0.004926 -0.036808 0.014130
v -0.004888 -0.032881 0.013865
v -0.014718 -0.028066 0.010449
v -0.027143 -0.024499 0.010525
v -0.018343 -0.026130 0.010618
v -0.021789 -0.025576 0.010373
v -0.016210 -0.026764 0.010831
v -0.014922 -0.026921 0.009968
v -0.031204 -0.022583 0.010633
v -0.002737 -0.023259 0.010449
v -0.035819 -0.020298 0.011337
v -0.027951 -0.023289 0.012149
v -0.030825 -0.021613 0.012346
v -0.042671 -0.011733 0.010710
v -0.040610 -0.010816 0.010359
v -0.038302 -0.010057 0.008755
v -0.039676 -0.009317 0.010984
v -0.038190 -0.008873 0.008997
v -0.038145 -0.006801 0.010486
v -0.039739 0.005928 0.010284
v -0.039010 0.008318 0.010163
v -0.039457 0.010962 0.011121
v -0.040548 0.014468 0.010333
v -0.042909 0.012860 0.013667
v -0.027162 0.024827 0.011624
v -0.005397 0.026516 0.010794
v -0.002461 0.026393 0.012607
v -0.008008 0.027593 0.010440
v -0.001568 0.033171 0.009834
v -0.007087 -0.040589 0.015149
v -0.017871 -0.027904 0.013801
v -0.023955 -0.024385 0.012476
v -0.017051 -0.026883 0.012208
v -0.005380 -0.026660 0.012874
v -0.024732 -0.024507 0.010825
v -0.005115 -0.022715 0.012150
v -0.032729 -0.020729 0.011014
v -0.033701 -0.019196 0.014835
v -0.037943 -0.018842 0.013936
v -0.002873 -0.022197 0.012120
v -0.043152 -0.014520 0.012329
v -0.043362 -0.012912 0.011851
v -0.041367 -0.010799 0.010761
v -0.042527 -0.009669 0.012812
v -0.039383 -0.007297 0.012405
v -0.038271 -0.005685 0.009786
v -0.038125 -0.006139 0.011817
v -0.038029 -0.003738 0.011152
v -0.039267 0.001221 0.011951
v -0.039636 0.003739 0.012553
v -0.038160 -0.003045 0.012619
v -0.038332 -0.002629 0.011555
v -0.039646 0.006920 0.013074
v -0.039769 0.010158 0.012599
v -0.041110 0.012452 0.011610
v -0.042161 0.010940 0.013285
v -0.042037 0.018710 0.013188
v -0.003264 0.021215 0.010483
v -0.002899 0.019956 0.012279
v -0.023979 0.025894 0.011485
v -0.021097 0.026187 0.011075
v -0.022321 0.026446 0.013160
v -0.020068 0.026282 0.012289
v -0.006821 0.027610 0.010967
v -0.008730 0.026273 0.012750
v -0.006985 0.025990 0.011862
v -0.016059 0.025873 0.012832
v -0.003933 0.027234 0.012374
v -0.003478 0.029670 0.012487
v -0.012402 -0.044064 0.020413
v -0.006066 -0.040828 0.015970
v -0.004783 -0.039142 0.016109
v -0.015036 -0.031957 0.012671
v -0.004248 -0.037617 0.017113
v -0.018997 -0.026857 0.014365
v -0.005108 -0.031749 0.017015
v -0.006025 -0.026448 0.015843
v -0.022332 -0.025664 0.014974
v -0.019900 -0.026176 0.013418
v -0.027664 -0.022625 0.014453
v -0.025605 -0.023918 0.014975
v -0.005921 -0.023382 0.014884
v -0.030516 -0.020702 0.013967
v -0.027414 -0.023112 0.017305
v -0.003260 -0.020603 0.013104
v -0.039000 -0.015301 0.016906
v -0.042315 -0.016757 0.011814
v -0.031462 -0.019161 0.016117
v -0.029918 -0.020265 0.016120
v -0.005100 -0.020720 0.013538
v -0.042615 -0.013092 0.015505
v -0.043169 -0.012631 0.014294
v -0.043284 -0.010959 0.013925
v -0.042038 -0.008213 0.013817
v -0.043101 -0.009144 0.014755
v -0.042617 -0.006788 0.015158
v -0.039985 -0.005479 0.013816
v -0.040131 -0.004686 0.014634
v -0.039066 -0.003280 0.014284
v -0.038467 -0.001350 0.012296
v -0.038297 -0.002354 0.013983
v -0.038360 0.000370 0.013509
v -0.039375 0.001196 0.014149
v -0.040025 0.006295 0.014504
v -0.042211 0.009520 0.014554
v -0.041715 0.007685 0.014869
v -0.042976 0.012688 0.016369
v -0.043144 0.007644 0.016659
v -0.003476 0.018721 0.014224
v -0.040692 0.019050 0.014046
v -0.005587 0.019765 0.014174
v -0.005244 0.021896 0.011805
v -0.006181 0.023194 0.011758
v -0.027671 0.023656 0.014309
v -0.025710 0.025319 0.012596
v -0.008290 0.024859 0.013401
v -0.024209 0.026897 0.014285
v -0.018905 0.026032 0.014789
v -0.016715 0.025448 0.014285
v -0.014561 0.025262 0.013910
v -0.012319 0.025797 0.013216
v -0.009686 0.024744 0.014025
v -0.002602 0.026332 0.014348
v -0.022322 0.027471 0.015283
v -0.006630 -0.044734 0.019191
v -0.004780 -0.041915 0.018658
v -0.016959 -0.033166 0.016452
v -0.019405 -0.027940 0.015701
v -0.005600 -0.032862 0.018943
v -0.019569 -0.030538 0.017571
v -0.025477 -0.025299 0.017307
v -0.028330 -0.021825 0.016540
v -0.006569 -0.020717 0.016676
v -0.035779 -0.013814 0.019787
v -0.002739 -0.018843 0.015460
v -0.004873 -0.019002 0.014810
v -0.005214 -0.018332 0.016034
v -0.041504 -0.012206 0.017518
v -0.043111 -0.010700 0.016203
v -0.043283 -0.008270 0.016466
v -0.042434 -0.003411 0.016147
v -0.042412 -0.000228 0.016615
v -0.041953 0.004844 0.015664
v -0.042087 0.013952 0.017264
v -0.004999 0.018443 0.014750
v -0.005129 0.017713 0.016376
v -0.002984 0.018209 0.016297
v -0.008422 0.021167 0.016177
v -0.030262 0.022061 0.014096
v -0.028293 0.022569 0.014967
v -0.009555 0.023099 0.015159
v -0.026521 0.025202 0.014874
v -0.024969 0.028112 0.015738
v -0.026387 0.026973 0.017449
v -0.018518 0.026199 0.016404
v -0.019509 0.026824 0.016304
v -0.017080 0.025770 0.016914
v -0.012852 0.023723 0.016123
v -0.010985 0.023066 0.016208
v -0.022188 0.028443 0.016650
v -0.002516 0.027871 0.015039
v -0.023959 0.030617 0.017835
v -0.008424 -0.045377 0.019393
v -0.006222 -0.046423 0.020179
v -0.010306 -0.046491 0.020745
v -0.011163 -0.051552 0.025383
v -0.008926 -0.051433 0.023889
v -0.004954 -0.043694 0.019588
v -0.004345 -0.041987 0.020483
v -0.004480 -0.036578 0.018145
v -0.021563 -0.027152 0.016254
v -0.007751 -0.024256 0.017521
v -0.007147 -0.030050 0.020008
v -0.028352 -0.022191 0.018777
v -0.008935 -0.023447 0.018170
v -0.030832 -0.017354 0.018273
v -0.029499 -0.020055 0.018010
v -0.002854 -0.017250 0.016824
v -0.004820 -0.016908 0.016693
v -0.002657 -0.015746 0.017493
v -0.042913 -0.009107 0.017887
v -0.043228 -0.006684 0.018200
v -0.043465 0.004416 0.018566
v -0.043163 0.006076 0.020313
v -0.001895 0.015365 0.017599
v -0.005052 0.016132 0.018095
v -0.003671 0.015697 0.017542
v -0.002240 0.016138 0.018269
v -0.038128 0.019095 0.016521
v -0.031845 0.020523 0.016093
v -0.030094 0.021314 0.016283
v -0.029715 0.020081 0.018407
v -0.009929 0.020665 0.020304
v -0.006976 0.018089 0.019876
v -0.028992 0.022507 0.018281
v -0.010586 0.021756 0.017971
v -0.014440 0.024128 0.016793
v -0.014883 0.024402 0.019041
v -0.013163 0.023077 0.018130
v -0.016008 0.025961 0.018923
v -0.018389 0.029143 0.019091
v -0.025265 0.031825 0.018658
v -0.024302 0.032189 0.018491
v -0.005131 -0.046926 0.021996
v -0.006384 -0.048823 0.022507
v -0.004214 -0.038742 0.020086
v -0.011035 -0.025580 0.022051
v -0.030308 -0.018113 0.018248
v -0.008000 -0.015433 0.021130
v -0.030154 -0.016394 0.019532
v -0.005402 -0.016132 0.017870
v -0.042277 -0.009717 0.018797
v -0.038232 -0.011454 0.020781
v -0.002437 -0.012640 0.018552
v -0.004960 -0.011976 0.018511
v -0.001339 -0.011898 0.018926
v -0.002112 -0.008767 0.018715
v -0.005351 -0.009081 0.018370
v -0.005897 -0.009800 0.018568
v -0.006857 -0.006937 0.018432
v -0.008781 -0.007812 0.021132
v -0.003997 -0.005671 0.018454
v -0.008527 -0.006224 0.018744
v -0.006808 -0.004867 0.018407
v -0.005330 -0.004064 0.018666
v -0.043271 0.000379 0.020135
v -0.008558 -0.003044 0.020141
v -0.008191 -0.003858 0.018588
v -0.006789 -0.002925 0.019306
v -0.005047 0.014724 0.018920
v -0.036445 0.017266 0.018893
v -0.032226 0.018235 0.018329
v -0.030032 0.017634 0.019969
v -0.028628 0.019284 0.019194
v -0.028587 0.018564 0.020389
v -0.029238 0.020488 0.020125
v -0.028052 0.025415 0.018719
v -0.012386 0.022311 0.017831
v -0.030245 0.026921 0.021974
v -0.028287 0.027151 0.020100
v -0.014470 0.024520 0.020200
v -0.025341 0.030037 0.017645
v -0.016324 0.029096 0.020660
v -0.024151 0.037495 0.022052
v -0.021920 0.042318 0.026522
v -0.006523 -0.051533 0.024817
v -0.006147 -0.050574 0.023811
v -0.004970 -0.049347 0.025603
v -0.004245 -0.043814 0.023306
v -0.004320 -0.041718 0.021958
v -0.005291 -0.036826 0.022201
v -0.005156 -0.041714 0.026243
v -0.020457 -0.035999 0.023674
v -0.023276 -0.029784 0.020571
v -0.011004 -0.037693 0.033272
v -0.012885 -0.023597 0.022328
v -0.027956 -0.025371 0.023433
v -0.028510 -0.023124 0.022528
v -0.028833 -0.021687 0.023706
v -0.028817 -0.020657 0.020424
v -0.010094 -0.024023 0.019868
v -0.009945 -0.020522 0.019534
v -0.012893 -0.020519 0.022144
v -0.029171 -0.018631 0.020019
v -0.028439 -0.018898 0.022069
v -0.012495 -0.018877 0.022420
v -0.010562 -0.017716 0.022257
v -0.032591 -0.013175 0.020859
v -0.029944 -0.014597 0.020971
v -0.009195 -0.013333 0.025059
v -0.006725 -0.013555 0.020300
v -0.028411 -0.012789 0.022247
v -0.032552 -0.007689 0.023433
v -0.035394 -0.005830 0.024144
v -0.007595 -0.011783 0.022632
v -0.008274 -0.008957 0.022277
v -0.042349 -0.006231 0.020422
v -0.007078 -0.009157 0.019982
v -0.008836 -0.004914 0.024021
v -0.002482 -0.005109 0.020062
v -0.008987 -0.003049 0.023857
v -0.004021 -0.002800 0.020428
v -0.008595 -0.001309 0.021296
v -0.007087 -0.000799 0.020779
v -0.005004 -0.000871 0.020702
v -0.003259 -0.002770 0.022375
v -0.042072 0.000959 0.022091
v -0.006415 0.000754 0.021018
v -0.006605 0.000756 0.022539
v -0.005521 0.000805 0.022290
v -0.042118 0.003707 0.022401
v -0.040479 0.014940 0.018949
v -0.037888 0.011212 0.022070
v -0.032136 0.015407 0.020465
v -0.003817 0.014517 0.020672
v -0.030187 0.014034 0.021474
v -0.028385 0.017233 0.021954
v -0.005937 0.016021 0.021233
v -0.008461 0.018925 0.023306
v -0.030236 0.021951 0.021380
v -0.030191 0.021934 0.023749
v -0.011437 0.021591 0.022606
v -0.012766 0.022213 0.020532
v -0.012717 0.022537 0.021976
v -0.014716 0.029164 0.023648
v -0.028994 0.030429 0.023523
v -0.027692 0.029679 0.021173
v -0.019764 0.041245 0.027652
v -0.017935 0.041111 0.030774
v -0.026367 0.031428 0.019763
v -0.027565 0.032363 0.022547
v -0.028083 0.033115 0.024549
v -0.026329 0.034593 0.019912
v -0.025598 0.038049 0.022567
v -0.025263 0.040216 0.024019
v -0.007676 -0.057154 0.029035
v -0.004423 -0.048251 0.026611
v -0.025739 -0.030112 0.024876
v -0.028465 -0.030986 0.035103
v -0.029312 -0.024301 0.029332
v -0.014434 -0.023041 0.025100
v -0.012997 -0.018085 0.023791
v -0.028337 -0.016751 0.021248
v -0.010060 -0.014845 0.025217
v -0.028046 -0.014655 0.022065
v -0.026904 -0.015183 0.023706
v -0.008715 -0.013345 0.024809
v -0.029055 -0.009949 0.023080
v -0.027524 -0.012456 0.023045
v -0.029608 -0.006451 0.024159
v -0.038789 -0.000639 0.024366
v -0.008024 -0.007628 0.025639
v -0.001969 -0.004956 0.024182
v -0.042241 -0.000286 0.022233
v -0.008557 -0.001587 0.024162
v -0.003527 -0.002456 0.024158
v -0.006223 0.000488 0.024315
v -0.038330 0.004240 0.024157
v -0.042010 0.008969 0.021052
v -0.031690 0.012605 0.022156
v -0.028543 0.014105 0.022277
v -0.030628 0.011739 0.022810
v -0.028889 0.012896 0.022323
v -0.027741 0.012492 0.023672
v -0.003688 0.014384 0.024250
v -0.005209 0.014118 0.026064
v -0.002672 0.016201 0.023497
v -0.011608 0.023724 0.026204
v -0.010288 0.021452 0.025787
v -0.027885 0.037763 0.027356
v -0.006302 -0.055983 0.027956
v -0.005014 -0.054006 0.027953
v -0.004325 -0.045709 0.025355
v -0.023547 -0.040738 0.034358
v -0.012816 -0.026494 0.025582
v -0.015293 -0.020666 0.025065
v -0.027752 -0.017671 0.023991
v -0.015130 -0.018360 0.025115
v -0.016644 -0.020460 0.026297
v -0.016779 -0.018800 0.026085
v -0.013692 -0.017106 0.025153
v -0.026491 -0.016162 0.025379
v -0.011972 -0.015054 0.026397
v -0.025709 -0.012819 0.023939
v -0.025012 -0.009730 0.024217
v -0.023869 -0.010804 0.024866
v -0.033020 -0.003719 0.024953
v -0.008175 -0.009784 0.026023
v -0.022752 -0.007991 0.026729
v -0.009441 -0.004145 0.025502
v -0.003740 -0.001883 0.025450
v -0.009133 -0.001153 0.025703
v -0.006999 0.000483 0.025958
v -0.032463 0.005349 0.024480
v -0.027522 0.008986 0.024337
v -0.028053 0.010317 0.024055
v -0.025701 0.010704 0.025400
v -0.026602 0.012276 0.024567
v -0.027670 0.015510 0.023881
v -0.002738 0.014187 0.025978
v -0.028450 0.018668 0.024499
v -0.030332 0.024141 0.024967
v -0.028610 0.023775 0.026627
v -0.028783 0.029294 0.025827
v -0.027950 0.032987 0.027638
v -0.026950 0.042474 0.027665
v -0.024173 0.043297 0.026328
v -0.023785 0.050006 0.032188
v -0.024789 0.047772 0.030237
v -0.008709 -0.057562 0.029164
v -0.007863 -0.062569 0.033392
v -0.006251 -0.058309 0.030877
v -0.004354 -0.055921 0.030564
v -0.009596 -0.060361 0.032076
v -0.003949 -0.054198 0.031694
v -0.004357 -0.048103 0.027543
v -0.005160 -0.044035 0.027684
v -0.005000 -0.045760 0.029025
v -0.017691 -0.019351 0.027499
v -0.016955 -0.016507 0.026726
v -0.023964 -0.013302 0.025349
v -0.019159 -0.017153 0.027569
v -0.016517 -0.014099 0.027743
v -0.014844 -0.014431 0.027469
v -0.023999 -0.015138 0.026748
v -0.011461 -0.012514 0.027492
v -0.020845 -0.009578 0.026738
v -0.020322 -0.012756 0.026806
v -0.010275 -0.010808 0.026942
v -0.010915 -0.009108 0.027352
v -0.028718 -0.004028 0.025734
v -0.024727 -0.003258 0.026639
v -0.029660 -0.002525 0.026025
v -0.017592 -0.004617 0.026395
v -0.015482 -0.001994 0.026081
v -0.018514 -0.003052 0.026441
v -0.014517 -0.003277 0.026124
v -0.018233 -0.005420 0.027740
v -0.015039 -0.004583 0.026532
v -0.011562 -0.004039 0.026248
v -0.012713 -0.006262 0.027330
v -0.011286 -0.002112 0.026235
v -0.003035 -0.000899 0.026920
v -0.034646 0.000431 0.024862
v -0.024993 0.002490 0.026066
v -0.016537 -0.000806 0.025764
v -0.021399 -0.003803 0.027070
v -0.011311 -0.000314 0.026714
v -0.020922 -0.001475 0.026386
v -0.014427 0.000563 0.026396
v -0.008765 0.001784 0.027611
v -0.005265 0.002780 0.027457
v -0.004860 0.000900 0.026635
v -0.015054 0.003836 0.026272
v -0.013382 0.002917 0.027490
v -0.025850 0.006300 0.025535
v -0.022206 0.005124 0.026403
v -0.002897 0.002915 0.027495
v -0.003720 0.003777 0.026929
v -0.005051 0.004758 0.027796
v -0.025088 0.008810 0.025455
v -0.022360 0.007031 0.026714
v -0.015763 0.006325 0.027562
v -0.022544 0.009218 0.027327
v -0.017868 0.005930 0.026044
v -0.018507 0.006978 0.026827
v -0.002976 0.012392 0.026765
v -0.004477 0.011686 0.028052
v -0.002828 0.010631 0.028090
v -0.005029 0.012954 0.026848
v -0.005115 0.012605 0.028079
v -0.026459 0.018096 0.028544
v -0.026950 0.019718 0.028342
v -0.007558 0.017877 0.030655
v -0.007538 0.019177 0.035826
v -0.013865 0.030175 0.028705
v -0.027459 0.048376 0.034674
v -0.026693 0.044583 0.028898
v -0.026628 0.049482 0.032729
v -0.025165 0.049978 0.031852
v -0.018367 -0.044682 0.029272
v -0.025453 -0.019242 0.031351
v -0.027188 -0.020269 0.031146
v -0.018585 -0.019181 0.027989
v -0.021608 -0.014807 0.027298
v -0.020980 -0.016553 0.028133
v -0.020587 -0.018939 0.029889
v -0.018478 -0.014670 0.027296
v -0.020743 -0.015482 0.027529
v -0.018178 -0.012509 0.028020
v -0.015217 -0.012309 0.029240
v -0.019680 -0.010806 0.027984
v -0.017142 -0.010346 0.029991
v -0.014572 -0.010759 0.029766
v -0.020129 -0.008408 0.029281
v -0.025348 -0.004588 0.026642
v -0.022188 -0.005417 0.027823
v -0.013359 -0.008467 0.028540
v -0.015607 -0.008592 0.030092
v -0.022290 -0.006848 0.027660
v -0.020961 -0.006086 0.028674
v -0.019684 -0.004528 0.027284
v -0.018196 -0.006926 0.029634
v -0.016235 -0.007684 0.029589
v -0.002469 0.000799 0.027673
v -0.011909 0.001197 0.027317
v -0.010236 0.003086 0.028875
v -0.006560 0.003560 0.028258
v -0.013049 0.005335 0.029851
v -0.007603 0.005472 0.031018
v -0.008978 0.005217 0.031524
v -0.016287 0.008846 0.029639
v -0.006684 0.006596 0.032194
v -0.003058 0.008464 0.028510
v -0.004859 0.006877 0.028189
v -0.005951 0.006066 0.029972
v -0.017447 0.008720 0.028219
v -0.016557 0.010444 0.030192
v -0.022759 0.010495 0.028054
v -0.017939 0.011186 0.029806
v -0.004255 0.008832 0.028960
v -0.023567 0.012098 0.028501
v -0.025300 0.015775 0.028335
v -0.004929 0.011677 0.029171
v -0.006021 0.014824 0.029011
v -0.026771 0.024249 0.028656
v -0.026800 0.026404 0.029188
v -0.027557 0.031179 0.029100
v -0.008539 -0.067744 0.038169
v -0.006136 -0.062688 0.034161
v -0.012262 -0.065756 0.039681
v -0.004792 -0.058328 0.033592
v -0.002956 -0.055949 0.032239
v -0.003677 -0.057083 0.032331
v -0.004550 -0.051555 0.030173
v -0.004566 -0.054207 0.033281
v -0.023760 -0.018354 0.030549
v -0.022545 -0.018618 0.030803
v -0.019316 -0.007869 0.029961
v -0.018065 -0.008642 0.029894
v -0.011147 0.004664 0.030342
v -0.008266 0.006821 0.034493
v -0.006042 0.008488 0.032955
v -0.019107 0.012676 0.030223
v -0.016585 0.011586 0.031184
v -0.005579 0.012971 0.036002
v -0.019299 0.013783 0.030464
v -0.017722 0.013012 0.031500
v -0.006025 0.015404 0.036276
v -0.023776 0.017899 0.029871
v -0.019893 0.014612 0.030807
v -0.023134 0.019106 0.030263
v -0.024781 0.022557 0.030086
v -0.023964 0.022685 0.031036
v -0.025961 0.027569 0.031042
v -0.007850 -0.065877 0.035708
v -0.006250 -0.066110 0.035671
v -0.006907 -0.068830 0.038522
v -0.006101 -0.067755 0.038126
v -0.003029 -0.059071 0.034236
v -0.002754 -0.057688 0.033520
v -0.002699 -0.056141 0.033922
v -0.005245 -0.055930 0.035508
v -0.028596 -0.035244 0.043279
v -0.019024 -0.024630 0.034196
v -0.023989 -0.021472 0.035656
v -0.011021 0.006589 0.034077
v -0.012898 0.006750 0.032656
v -0.013592 0.010198 0.036317
v -0.015769 0.011799 0.033802
v -0.007410 0.008194 0.035813
v -0.018099 0.015254 0.034053
v -0.020884 0.018342 0.032357
v -0.020290 0.016423 0.031745
v -0.020274 0.018595 0.033411
v -0.025238 0.030910 0.035270
v -0.005602 0.017936 0.042882
v -0.022419 0.056610 0.039144
v -0.025718 0.051326 0.033684
v -0.024437 0.052660 0.034057
v -0.005326 -0.062590 0.036875
v -0.004978 -0.059287 0.034296
v -0.002941 -0.058243 0.036121
v -0.002680 -0.056619 0.035725
v -0.006036 -0.057879 0.038760
v -0.008171 -0.049552 0.037465
v -0.028529 -0.023336 0.034089
v -0.026613 -0.022354 0.036280
v -0.022924 -0.023095 0.036959
v -0.012722 0.010312 0.038579
v -0.008891 0.007142 0.035558
v -0.006176 0.010945 0.039937
v -0.005728 0.010939 0.035773
v -0.018486 0.024880 0.045920
v -0.022276 0.023390 0.034542
v -0.027814 0.045389 0.035801
v -0.027563 0.048889 0.042943
v -0.026860 0.051440 0.035182
v -0.023126 0.054563 0.036776
v -0.026686 0.057600 0.040105
v -0.024740 0.063114 0.043410
v -0.005108 -0.068287 0.041099
v -0.004983 -0.061219 0.038582
v -0.004902 -0.059306 0.036037
v -0.012837 -0.045022 0.043088
v -0.029011 -0.027188 0.036713
v -0.028331 -0.027917 0.042587
v -0.026842 -0.025621 0.041160
v -0.025602 -0.024259 0.039454
v -0.010082 0.012912 0.044528
v -0.008808 0.011174 0.042268
v -0.005197 0.013218 0.040569
v -0.022737 0.060264 0.042344
v -0.006906 -0.072654 0.041928
v -0.006085 -0.071557 0.041108
v -0.005036 -0.065779 0.042832
v -0.028626 -0.033207 0.045799
v -0.023080 -0.030367 0.046461
v -0.006242 0.015939 0.048132
v -0.022082 0.037206 0.050994
v -0.026876 0.037371 0.035551
v -0.027884 0.062589 0.051556
v -0.027675 0.053450 0.040375
v -0.019098 0.054277 0.043284
v -0.023151 0.066358 0.047746
v -0.008985 -0.075681 0.045210
v -0.005644 -0.073462 0.043622
v -0.011446 -0.081324 0.052844
v -0.004820 -0.073479 0.044621
v -0.027173 -0.028452 0.044753
v -0.024099 -0.025596 0.041784
v -0.013164 0.014275 0.042873
v -0.005089 0.020989 0.051683
v -0.008348 0.032883 0.053608
v -0.027588 0.057709 0.043103
v -0.026389 0.059609 0.041643
v -0.006878 -0.077653 0.046759
v -0.013797 0.019578 0.049049
v -0.026554 0.061730 0.043476
v -0.024737 0.066495 0.046927
v -0.008469 -0.080342 0.049494
v -0.004970 -0.078369 0.049431
v -0.012617 -0.071663 0.045318
v -0.022040 -0.060085 0.052263
v -0.010153 -0.062161 0.052114
v -0.024942 -0.046050 0.043928
v -0.028117 -0.031355 0.046302
v -0.028915 -0.039884 0.054682
v -0.028236 -0.033885 0.050245
v -0.023905 -0.031804 0.049099
v -0.026051 -0.027927 0.044966
v -0.026666 0.067733 0.049566
v -0.022402 0.068480 0.050751
v -0.006928 -0.081955 0.050846
v -0.005652 -0.080122 0.050007
v -0.005164 -0.078073 0.051754
v -0.004982 -0.069735 0.045864
v -0.027018 -0.037683 0.039103
v -0.011810 0.019302 0.051438
v -0.005121 0.015998 0.046319
v -0.027623 0.065320 0.056103
v -0.024988 0.067426 0.047524
v -0.024191 0.070156 0.050195
v -0.009067 -0.084988 0.054146
v -0.019846 -0.056502 0.043876
v -0.026031 -0.053865 0.056049
v -0.008746 0.016007 0.049077
v -0.010203 0.018292 0.051452
v -0.007963 0.018584 0.052208
v -0.016704 0.035871 0.062203
v -0.025407 0.068718 0.049044
v -0.008430 -0.086519 0.055589
v -0.007032 -0.085490 0.054756
v -0.005946 -0.084409 0.054113
v -0.027637 -0.034063 0.050987
v -0.028261 -0.039635 0.057762
v -0.024073 -0.039485 0.057897
v -0.024450 -0.034670 0.052661
v -0.010268 0.023477 0.057913
v -0.008833 0.021593 0.056515
v -0.005826 0.020348 0.052649
v -0.018879 0.049493 0.071968
v -0.021200 0.083198 0.067037
v -0.026469 0.071073 0.052658
v -0.025410 0.071361 0.051942
v -0.023633 0.073918 0.054679
v -0.008850 -0.092068 0.061024
v -0.005298 -0.084428 0.055870
v -0.016536 -0.104979 0.084205
v -0.027635 -0.052518 0.059990
v -0.028862 -0.040099 0.052210
v -0.027320 -0.037013 0.055310
v -0.026307 -0.034885 0.053593
v -0.025303 -0.038656 0.058025
v -0.006435 0.030250 0.058221
v -0.027521 0.068977 0.053784
v -0.027154 0.072105 0.056789
v -0.024934 0.074761 0.054883
v -0.026526 0.077532 0.059283
v -0.023624 0.077990 0.058485
v -0.005824 -0.086598 0.056551
v -0.005263 -0.084478 0.057430
v -0.009524 -0.082598 0.069497
v -0.006605 0.024590 0.057756
v -0.006340 0.027268 0.059936
v -0.006393 0.030368 0.061931
v -0.006339 -0.089324 0.058678
v -0.006161 -0.090252 0.059972
v -0.005674 -0.088667 0.059618
v -0.026819 -0.039177 0.058453
v -0.008291 0.024304 0.059162
v -0.020317 0.073953 0.091421
v -0.026369 0.063837 0.061475
v -0.027480 0.073156 0.061247
v -0.027559 0.074619 0.063322
v -0.025266 0.077637 0.057901
v -0.005318 -0.086009 0.059156
v -0.005967 -0.083287 0.059622
v -0.005732 -0.088240 0.061873
v -0.017184 -0.064591 0.070870
v -0.021388 -0.041046 0.055573
v -0.024374 -0.043419 0.062128
v -0.019072 -0.051394 0.061492
v -0.006918 0.029641 0.064920
v -0.006743 0.038948 0.069066
v -0.024978 0.079143 0.059115
v -0.024831 0.079800 0.059989
v -0.027394 0.076192 0.060925
v -0.026389 0.081510 0.063250
v -0.023750 0.081162 0.061267
v -0.023417 0.081829 0.062468
v -0.025125 0.081068 0.061033
v -0.010254 -0.096815 0.067027
v -0.006443 -0.093792 0.063304
v -0.006299 -0.091714 0.061282
v -0.005541 -0.089565 0.061391
v -0.023472 -0.050746 0.069302
v -0.026119 -0.041698 0.061585
v -0.008982 0.027605 0.063160
v -0.013234 0.060123 0.068729
v -0.025170 0.081969 0.062508
v -0.008484 -0.097851 0.067096
v -0.007179 -0.095982 0.065513
v -0.005779 -0.092466 0.064103
v -0.013517 -0.086603 0.060524
v -0.028825 -0.053748 0.067589
v -0.024377 -0.047993 0.067839
v -0.027563 -0.043082 0.062535
v -0.026484 -0.044016 0.064224
v -0.012502 0.028726 0.061412
v -0.009672 0.030123 0.065853
v -0.008649 0.029085 0.065518
v -0.007368 0.028887 0.064578
v -0.027171 0.078156 0.063710
v -0.026084 0.083043 0.064994
v -0.024916 0.083064 0.063012
v -0.007295 -0.101001 0.070527
v -0.006525 -0.098466 0.068325
v -0.006035 -0.096459 0.068366
v -0.005862 -0.094734 0.066757
v -0.005706 -0.091227 0.063665
v -0.005909 -0.092865 0.066871
v -0.028189 -0.043821 0.062789
v -0.028173 -0.048310 0.067798
v -0.027293 -0.044023 0.064085
v -0.006763 0.031916 0.066070
v -0.026945 0.082674 0.070921
v -0.025020 0.085621 0.066123
v -0.024198 0.084991 0.065208
v -0.006442 -0.094508 0.070255
v -0.013435 0.038506 0.070610
v -0.006676 0.038779 0.073219
v -0.007332 0.047299 0.075507
v -0.027037 0.076476 0.067195
v -0.026395 0.086215 0.069154
v -0.024702 0.087382 0.067379
v -0.023659 0.088628 0.068708
v -0.022229 0.087360 0.068834
v -0.011486 -0.106487 0.077601
v -0.006540 -0.100338 0.071244
v -0.006180 -0.097734 0.070425
v -0.012751 -0.092998 0.088234
v -0.028839 -0.046132 0.062927
v -0.028345 -0.049621 0.069552
v -0.026515 -0.051120 0.072458
v -0.007025 0.031458 0.066829
v -0.008890 0.037342 0.073924
v -0.007201 0.034840 0.070239
v -0.025149 0.088394 0.069201
v -0.008004 -0.106845 0.076538
v -0.007130 -0.106234 0.077360
v -0.008808 -0.106489 0.075792
v -0.026908 -0.053258 0.074401
v -0.024290 -0.051668 0.071627
v -0.010722 0.041484 0.076364
v -0.014092 0.051886 0.083034
v -0.007007 0.042099 0.076603
v -0.006920 0.045855 0.079977
v -0.026053 0.087496 0.080961
v -0.026938 0.086407 0.072253
v -0.026265 0.088609 0.071521
v -0.024962 0.091738 0.072703
v -0.023457 0.092905 0.073116
v -0.019385 0.105898 0.092189
v -0.006748 -0.102614 0.073663
v -0.010794 -0.109100 0.097712
v -0.028894 -0.060802 0.078591
v -0.028493 -0.055553 0.075609
v -0.007304 0.037149 0.072904
v -0.011593 0.049933 0.084081
v -0.016842 0.046011 0.072869
v -0.008882 0.055160 0.078066
v -0.019509 0.071677 0.060460
v -0.026400 0.089315 0.074918
v -0.026084 0.092881 0.076636
v -0.006527 -0.102462 0.075015
v -0.006456 -0.100305 0.073121
v -0.010622 -0.109557 0.079800
v -0.027237 -0.057170 0.079123
v -0.007514 0.040970 0.076771
v -0.026615 0.090534 0.078853
v -0.024918 0.093218 0.074114
v -0.008867 -0.110829 0.080449
v -0.007708 -0.108163 0.078829
v -0.007438 -0.104927 0.082510
v -0.017507 -0.080731 0.088559
v -0.025496 -0.055474 0.077162
v -0.025370 -0.055687 0.077114
v -0.008630 0.040461 0.076744
v -0.012194 0.081684 0.092939
v -0.024863 0.096094 0.077859
v -0.024053 0.095343 0.075965
v -0.008883 -0.108311 0.077977
v -0.012205 -0.108715 0.080579
v -0.007254 -0.110017 0.082853
v -0.007544 -0.109963 0.081182
v -0.026132 -0.074447 0.078694
v -0.028641 -0.068121 0.083585
v -0.024508 -0.059660 0.080713
v -0.008981 0.048065 0.084053
v -0.007546 0.044427 0.080120
v -0.007629 0.049817 0.084333
v -0.006979 0.048855 0.081311
v -0.007016 0.052318 0.081864
v -0.007890 0.057815 0.085300
v -0.017069 0.086342 0.112162
v -0.025333 0.092982 0.088329
v -0.026164 0.093391 0.082553
v -0.025953 0.094650 0.079474
v -0.012278 -0.113186 0.084836
v -0.010410 -0.116548 0.086828
v -0.008308 -0.112505 0.082566
v -0.019654 -0.081433 0.068403
v -0.023152 -0.066311 0.085461
v -0.026383 -0.059639 0.081897
v -0.022673 0.098371 0.079299
v -0.024880 0.099923 0.082570
v -0.007173 -0.110193 0.084559
v -0.028161 -0.058997 0.079458
v -0.025857 0.097414 0.083539
v -0.024404 0.100354 0.082216
v -0.022529 0.104683 0.086118
v -0.024497 0.106116 0.089777
v -0.008023 -0.113903 0.085088
v -0.008907 -0.113986 0.084244
v -0.007626 -0.114183 0.087965
v -0.008169 -0.110243 0.089207
v -0.007340 -0.111967 0.085027
v -0.028247 -0.066864 0.087130
v -0.027176 -0.061177 0.083260
v -0.007686 0.055659 0.089592
v -0.023765 0.095880 0.097394
v -0.025870 0.100119 0.086803
v -0.020949 0.109584 0.092757
v -0.025230 0.102064 0.087251
v -0.009285 -0.118814 0.089988
v -0.012493 -0.116130 0.087903
v -0.012698 -0.120234 0.092270
v -0.010897 -0.123849 0.095169
v -0.008191 -0.116207 0.088105
v -0.027144 -0.064708 0.087131
v -0.025239 -0.064255 0.086312
v -0.026365 -0.063412 0.085991
v -0.008726 0.053526 0.089873
v -0.010232 0.054559 0.090128
v -0.025725 0.099803 0.088178
v -0.021683 0.105653 0.087988
v -0.008432 -0.118668 0.091556
v -0.014903 -0.116689 0.092196
v -0.007435 -0.112428 0.087225
v -0.027961 -0.075992 0.087058
v -0.028256 -0.080478 0.094238
v -0.007871 0.060175 0.093617
v -0.007473 0.056982 0.088732
v -0.025360 0.103498 0.094083
v -0.017292 0.113601 0.104590
v -0.023554 0.106189 0.088673
v -0.021835 0.108379 0.090289
v -0.007938 -0.116009 0.090266
v -0.008165 -0.117180 0.092410
v -0.022681 -0.083470 0.103551
v -0.027274 -0.067315 0.089886
v -0.026309 -0.071034 0.094012
v -0.024275 -0.072079 0.093869
v -0.009430 0.058171 0.094102
v -0.015780 0.082079 0.110939
v -0.025736 0.102239 0.089786
v -0.025101 0.106520 0.092422
v -0.023132 0.108323 0.090455
v -0.012560 -0.124297 0.096140
v -0.028484 -0.072944 0.091865
v -0.025299 0.104737 0.091240
v -0.013395 -0.125706 0.098758
v -0.009945 -0.122791 0.094554
v -0.008961 -0.122202 0.097476
v -0.009065 -0.119940 0.099537
v -0.023449 -0.092136 0.089901
v -0.027822 -0.075620 0.096423
v -0.024317 0.110825 0.096089
v -0.022385 0.110680 0.093081
v -0.020468 0.116318 0.100205
v -0.010000 -0.126536 0.099837
v -0.009162 -0.125266 0.101387
v -0.027209 -0.071483 0.093763
v -0.009074 0.061952 0.098073
v -0.009043 0.064314 0.099930
v -0.008209 0.069754 0.100262
v -0.024981 0.107206 0.099950
v -0.023996 0.113168 0.099149
v -0.022872 0.113222 0.096781
v -0.019209 0.114818 0.101342
v -0.011702 -0.127549 0.099826
v -0.015310 -0.128324 0.104168
v -0.027387 -0.078195 0.100075
v -0.023664 -0.078491 0.099715
v -0.024878 -0.074755 0.097472
v -0.011159 0.062606 0.098346
v -0.013376 0.068583 0.101406
v -0.024990 0.106104 0.099297
v -0.022754 0.115949 0.099832
v -0.012189 -0.127069 0.099578
v -0.012638 -0.132000 0.105196
v -0.009624 -0.127003 0.103790
v -0.010785 0.065140 0.100842
v -0.009248 0.066715 0.102832
v -0.008903 0.073258 0.107523
v -0.009108 0.072863 0.096826
v -0.023959 0.116205 0.103593
v -0.020781 0.117663 0.102180
v -0.022321 0.117616 0.102359
v -0.019001 -0.113202 0.127758
v -0.021968 -0.089687 0.109130
v -0.027189 -0.081590 0.103781
v -0.027365 -0.090901 0.110020
v -0.024281 -0.082804 0.105506
v -0.010790 0.067328 0.103000
v -0.024403 0.110742 0.105341
v -0.024565 0.113370 0.105357
v -0.010933 -0.130575 0.104290
v -0.027841 -0.088408 0.106637
v -0.011788 0.070224 0.105091
v -0.019582 0.092184 0.110141
v -0.022823 0.118278 0.103576
v -0.020650 0.119437 0.103822
v -0.010489 -0.131198 0.107092
v -0.010087 -0.129162 0.105953
v -0.027393 -0.094456 0.106960
v -0.019279 -0.096874 0.110880
v -0.026048 -0.082103 0.105222
v -0.010124 0.069140 0.104726
v -0.009452 0.070362 0.106276
v -0.008668 0.080671 0.110852
v -0.022904 0.119549 0.105400
v -0.017054 0.118829 0.110222
v -0.019322 0.119449 0.105372
v -0.013644 -0.133941 0.108160
v -0.012494 -0.133555 0.107342
v -0.010236 -0.129703 0.108835
v -0.022564 -0.116061 0.112570
v -0.026433 -0.103546 0.116335
v -0.026746 -0.098157 0.116176
v -0.026585 -0.085969 0.107841
v -0.025780 -0.088730 0.111357
v -0.023845 -0.085098 0.107509
v -0.011321 0.070783 0.106527
v -0.009714 0.071684 0.107231
v -0.008840 0.076505 0.110612
v -0.009030 0.080203 0.113396
v -0.009088 0.083844 0.116868
v -0.023570 0.116854 0.114955
v -0.023873 0.118258 0.109711
v -0.021740 0.121293 0.106446
v -0.018602 0.123982 0.111828
v -0.016536 -0.134544 0.113354
v -0.014174 -0.135818 0.110909
v -0.012092 -0.135318 0.110732
v -0.011242 -0.134270 0.113042
v -0.011096 0.073380 0.108693
v -0.011822 0.077086 0.111803
v -0.010969 0.074887 0.110449
v -0.009629 0.074575 0.110367
v -0.022857 0.121684 0.109082
v -0.023579 0.121498 0.112202
v -0.020508 0.122932 0.108472
v -0.022523 0.124030 0.113265
v -0.022316 0.123642 0.111108
v -0.020504 0.125087 0.111385
v -0.019241 0.126373 0.114401
v -0.014681 -0.136610 0.113072
v -0.013558 -0.137555 0.113428
v -0.012408 -0.137902 0.116710
v -0.011706 -0.136502 0.118535
v -0.022271 -0.096025 0.116469
v -0.022590 -0.094674 0.115145
v -0.026421 -0.090400 0.112314
v -0.025044 -0.095460 0.116715
v -0.009475 0.075792 0.111194
v -0.015192 0.093227 0.124055
v -0.009759 0.092834 0.115906
v -0.012321 -0.130474 0.121757
v -0.025978 -0.101491 0.120426
v -0.024390 -0.093858 0.116130
v -0.009821 0.076563 0.112294
v -0.011066 0.079508 0.114945
v -0.018791 0.128009 0.116698
v -0.021376 0.126666 0.114327
v -0.014887 -0.138399 0.115322
v -0.013382 -0.138959 0.118266
v -0.020818 -0.105711 0.123383
v -0.009994 0.080615 0.116098
v -0.009901 0.083231 0.117680
v -0.009114 0.085840 0.117964
v -0.010333 0.105044 0.127743
v -0.023517 0.122535 0.116191
v -0.022559 0.127899 0.122428
v -0.016784 0.126952 0.119866
v -0.021144 0.127762 0.115404
v -0.022546 0.127470 0.118193
v -0.020488 0.128908 0.117067
v -0.016213 -0.140224 0.120186
v -0.018165 -0.138059 0.120655
v -0.013889 -0.139826 0.119070
v -0.015161 -0.141080 0.122670
v -0.020247 -0.136328 0.126482
v -0.012687 -0.138339 0.122991
v -0.023924 -0.095960 0.117483
v -0.013622 0.086612 0.119489
v -0.011729 0.082943 0.117992
v -0.010388 0.103015 0.131571
v -0.018329 0.107875 0.131217
v -0.022736 0.125919 0.126056
v -0.014007 0.116401 0.118652
v -0.014141 -0.137322 0.130012
v -0.025289 -0.111788 0.126577
v -0.026039 -0.103343 0.121126
v -0.011327 0.084294 0.119909
v -0.009858 0.083901 0.118805
v -0.010187 0.087584 0.121977
v -0.021292 0.108596 0.119536
v -0.021053 0.131503 0.123030
v -0.021032 0.130186 0.120129
v -0.018674 0.131567 0.122785
v -0.020219 0.130707 0.120477
v -0.018309 -0.140406 0.124926
v -0.013907 -0.140240 0.122861
v -0.014705 -0.134590 0.132377
v -0.024102 -0.100026 0.121006
v -0.023961 -0.098136 0.119761
v -0.022852 -0.100825 0.121235
v -0.012532 0.091063 0.125869
v -0.011262 0.087174 0.122222
v -0.021922 0.118919 0.126740
v -0.016978 -0.141555 0.124923
v -0.024680 -0.117396 0.126350
v -0.017718 -0.117823 0.128968
v -0.025038 -0.106978 0.124974
v -0.020505 -0.110220 0.127833
v -0.024816 -0.103938 0.124076
v -0.023727 -0.106258 0.126163
v -0.022056 -0.106100 0.125807
v -0.012875 0.121715 0.133351
v -0.014624 0.127746 0.131116
v -0.016811 0.131902 0.128398
v -0.019132 -0.139928 0.129302
v -0.018080 -0.140369 0.129936
v -0.016737 -0.141117 0.128465
v -0.014512 -0.139959 0.127187
v -0.020257 -0.138013 0.129695
v -0.014714 -0.130577 0.131152
v -0.019890 -0.111095 0.127221
v -0.012451 0.095621 0.130339
v -0.011207 0.094824 0.129246
v -0.020506 0.125180 0.141561
v -0.022144 0.132033 0.131241
v -0.020233 0.133127 0.126066
v -0.018520 0.133778 0.128522
v -0.024196 -0.117177 0.130785
v -0.020099 -0.115452 0.131633
v -0.024315 -0.113508 0.129974
v -0.024253 -0.109352 0.127471
v -0.023684 -0.107872 0.127476
v -0.016048 0.103969 0.133527
v -0.010867 0.095930 0.129712
v -0.018443 0.119139 0.143279
v -0.016480 -0.140253 0.130572
v -0.021451 -0.134766 0.130878
v -0.016384 -0.132177 0.135867
v -0.016374 -0.125712 0.133294
v -0.021341 -0.112899 0.130401
v -0.022293 -0.108915 0.128190
v -0.011687 0.098210 0.131801
v -0.013229 0.097941 0.132004
v -0.011056 0.099347 0.131730
v -0.016163 0.132558 0.136493
v -0.014300 0.128121 0.138546
v -0.018867 0.134673 0.132654
v -0.017555 0.134130 0.134588
v -0.020756 0.134169 0.131003
v -0.020672 -0.136715 0.133351
v -0.022701 -0.111613 0.130122
v -0.021452 -0.113861 0.131698
v -0.020811 -0.117394 0.133878
v -0.021625 0.130814 0.138543
v -0.017697 -0.139628 0.132024
v -0.020971 -0.134599 0.135886
v -0.022174 -0.131512 0.135330
v -0.016510 -0.136749 0.134220
v -0.023543 -0.114405 0.130979
v -0.022504 -0.120203 0.134793
v -0.022430 -0.126011 0.136096
v -0.022985 -0.113926 0.131595
v -0.021765 -0.115334 0.132440
v -0.013699 0.099146 0.132402
v -0.014895 0.103730 0.135661
v -0.011073 0.104335 0.135238
v -0.011479 0.114067 0.137417
v -0.020709 0.133599 0.138377
v -0.021031 0.134094 0.134493
v -0.019345 -0.137791 0.134274
v -0.018035 -0.136123 0.135910
v -0.022252 -0.130077 0.135760
v -0.018019 -0.124464 0.135525
v -0.022606 -0.116512 0.133144
v -0.011825 0.102977 0.135274
v -0.012578 0.099342 0.133460
v -0.016612 0.112657 0.141487
v -0.013318 0.123600 0.140145
v -0.019532 -0.135965 0.135901
v -0.022349 -0.122206 0.135119
v -0.021093 -0.125202 0.137376
v -0.012816 0.101340 0.135042
v -0.012980 0.104338 0.136895
v -0.014665 0.106235 0.137851
v -0.012507 0.105937 0.138173
v -0.012835 0.111380 0.141391
v -0.012641 0.116857 0.142193
v -0.020517 0.130056 0.141938
v -0.018733 0.134670 0.136403
v -0.017834 0.133527 0.139680
v -0.020038 0.134601 0.136196
v -0.019936 -0.132565 0.137611
v -0.017900 -0.132918 0.137285
v -0.021240 -0.130383 0.137471
v -0.018310 -0.128923 0.137484
v -0.018890 -0.130794 0.137856
v -0.020450 -0.122568 0.136559
v -0.019443 -0.124813 0.137216
v -0.014815 0.108120 0.139454
v -0.014378 0.108730 0.140163
v -0.019534 0.133563 0.139942
v -0.020276 -0.128071 0.137933
v -0.015411 0.111271 0.141707
v -0.014159 0.121030 0.144306
v -0.014774 0.127980 0.141742
v -0.016324 0.131838 0.140139
v -0.017586 0.131894 0.141885
v -0.018419 0.132607 0.141005
v -0.017013 0.116813 0.143794
v -0.014665 0.113825 0.143215
v -0.013812 0.115732 0.143435
v -0.014549 0.124682 0.143794
v -0.019026 0.125761 0.144416
v -0.016137 0.128387 0.143689
v -0.017525 0.130183 0.143414
v -0.019629 0.132163 0.141608
v -0.015493 0.118685 0.145049
v -0.018443 0.120597 0.143914
v -0.016958 0.119847 0.145227
v -0.017569 0.123757 0.145483
v -0.015282 0.125973 0.143748
v -0.018805 0.129674 0.143766
v -0.016754 0.125460 0.145396
v -0.015566 0.121777 0.145435
v -0.029099 0.028645 0.023534
vn -0.3084 -0.3140 -0.8979
vn -0.8443 -0.1419 -0.5168
vn -0.6280 0.0485 -0.7767
vn -0.5391 -0.4443 -0.7155
vn -0.0855 -0.0839 -0.9928
vn 0.3986 -0.4185 -0.8161
vn 0.0398 -0.5834 -0.8112
vn 0.4652 -0.4817 -0.7426
vn 0.5107 -0.1951 -0.8373
vn 0.3933 0.0396 -0.9186
vn 0.8325 0.0002 -0.5540
vn 0.6830 -0.5154 -0.5175
vn -0.2075 0.2868 -0.9352
vn -0.8816 0.1795 -0.4365
vn -0.5730 0.3678 -0.7324
vn 0.2821 0.3015 -0.9108
vn 0.7388 -0.4168 -0.5296
vn -0.8585 -0.3159 -0.4039
vn -0.9711 0.0126 -0.2381
vn 0.9349 -0.2550 -0.2467
vn 0.9340 -0.1615 -0.3186
vn -0.9158 0.2510 -0.3135
vn -0.3156 0.4632 -0.8282
vn 0.3936 0.3362 -0.8556
vn -0.8025 0.4034 -0.4396
vn -0.7176 0.4502 -0.5314
vn -0.3297 0.5316 -0.7802
vn 0.7904 0.1822 -0.5849
vn 0.4642 0.4660 -0.7532
vn -0.3600 -0.6959 -0.6214
vn 0.3204 -0.6977 -0.6408
vn -0.6455 -0.6474 -0.4052
vn 0.1757 -0.9091 -0.3778
vn 0.7297 -0.5821 -0.3587
vn -0.9329 -0.3233 -0.1587
vn 0.9634 -0.0292 -0.2663
vn -0.9838 0.1282 -0.1253
vn -0.9597 0.2288 -0.1630
vn -0.9162 0.2815 -0.2851
vn 0.8205 -0.5519 -0.1489
vn 0.9537 -0.3009 0.0033
vn -0.9934 -0.0386 -0.1082
vn 0.9264 0.1402 -0.3496
vn -0.8163 0.3337 -0.4715
vn -0.6541 0.5350 -0.5348
vn -0.4983 0.5898 -0.6355
vn 0.2630 0.5634 -0.7832
vn -0.3866 0.6015 -0.6991
vn 0.5097 0.4624 -0.7255
vn -0.5170 -0.8131 -0.2676
vn -0.5711 -0.8199 0.0399
vn -0.8062 -0.5811 0.1113
vn -0.8567 -0.5151 -0.0261
vn 0.9923 -0.0981 -0.0760
vn 0.8403 0.2709 -0.4696
vn -0.7907 0.4707 -0.3915
vn 0.0390 -0.9986 -0.0344
vn 0.6362 -0.7651 -0.0992
vn -0.9800 -0.1986 0.0114
vn -0.9757 0.1764 -0.1297
vn -0.8176 0.4459 -0.3643
vn -0.7967 0.4491 -0.4045
vn 0.5868 0.4959 -0.6401
vn -0.6886 0.5218 -0.5035
vn -0.1707 0.6430 -0.7466
vn 0.6238 -0.7708 0.1296
vn -0.9995 -0.0187 -0.0266
vn -0.9897 0.1074 -0.0942
vn -0.5854 0.5771 -0.5694
vn -0.2216 0.6742 -0.7045
vn 0.9420 -0.2999 0.1510
vn 0.7595 -0.6037 0.2425
vn 0.9847 -0.1632 0.0609
vn 0.9957 -0.0668 -0.0645
vn 0.8673 0.2779 -0.4129
vn 0.7235 0.4253 -0.5438
vn -0.1202 0.7375 -0.6646
vn -0.6027 0.5710 -0.5574
vn 0.2491 -0.8654 0.4349
vn -0.3646 -0.8602 0.3566
vn -0.9970 -0.0764 0.0124
vn -0.7371 0.5129 -0.4401
vn 0.0431 0.6857 -0.7266
vn -0.4984 -0.8100 0.3090
vn -0.9382 -0.3308 0.1012
vn -0.9502 0.2484 -0.1880
vn -0.8700 0.3933 -0.2973
vn 0.2539 0.6853 -0.6826
vn -0.5557 -0.7729 0.3064
vn 0.9894 -0.1344 0.0545
vn 0.9700 0.0935 -0.2244
vn -0.4472 0.6770 -0.5846
vn 0.1639 -0.9132 0.3732
vn 0.5910 -0.6995 0.4019
vn 0.8712 -0.3959 0.2903
vn 0.7533 0.4280 -0.4994
vn -0.1518 0.7348 -0.6611
vn 0.5864 0.4960 -0.6404
vn -0.9012 -0.3948 0.1788
vn -0.7488 -0.6156 0.2458
vn -0.1623 -0.8891 0.4280
vn 0.9685 -0.2039 0.1427
vn -0.6465 0.5900 -0.4837
vn 0.6407 0.5270 -0.5584
vn 0.3610 -0.7809 0.5097
vn -0.5114 -0.7430 0.4318
vn 0.5594 -0.6915 0.4571
vn 0.9913 0.0481 -0.1227
vn -0.0838 0.7223 -0.6865
vn -0.3362 -0.8146 0.4727
vn -0.3239 -0.8317 0.4509
vn -0.8201 -0.5044 0.2702
vn -0.9307 -0.3287 0.1603
vn 0.8219 0.4089 -0.3967
vn 0.2281 0.7168 -0.6589
vn -0.5248 0.6441 -0.5565
vn -0.3118 0.7594 -0.5710
vn 0.5045 0.6400 -0.5795
vn -0.0708 -0.8329 0.5489
vn -0.5588 -0.6926 0.4562
vn -0.9780 -0.1924 0.0803
vn 0.9334 -0.2708 0.2354
vn -0.9221 0.3042 -0.2391
vn -0.7112 0.5471 -0.4415
vn -0.2911 0.7399 -0.6064
vn -0.3846 0.7111 -0.5886
vn 0.6830 -0.6057 0.4082
vn -0.9962 0.0467 -0.0733
vn 0.4632 0.6275 -0.6258
vn -0.1146 0.7423 -0.6602
vn -0.4957 -0.7704 0.4010
vn -0.6089 -0.7077 0.3583
vn 0.9985 -0.0521 -0.0150
vn -0.8411 0.4190 -0.3421
vn -0.6500 0.6009 -0.4652
vn -0.2064 0.7526 -0.6253
vn 0.7451 0.4656 -0.4775
vn 0.2217 0.7004 -0.6785
vn -0.8993 -0.3830 0.2109
vn -0.7535 -0.5402 0.3748
vn -0.9843 0.1235 -0.1260
vn 0.2691 0.7209 -0.6387
vn 0.9393 0.2177 -0.2650
vn 0.6387 -0.5133 0.5732
vn 0.7959 -0.4732 0.3776
vn 0.8664 -0.3678 0.3377
vn -0.9905 -0.1274 0.0520
vn -0.5369 0.6597 -0.5258
vn 0.2551 0.7203 -0.6450
vn -0.1347 0.7219 -0.6788
vn -0.3498 -0.7774 0.5228
vn 0.1956 -0.8205 0.5371
vn 0.3045 -0.7486 0.5889
vn -0.3023 0.7145 -0.6309
vn 0.5503 0.5919 -0.5889
vn -0.6363 0.6103 -0.4718
vn 0.5813 -0.6578 0.4790
vn -0.6439 -0.6049 0.4685
vn -0.9847 -0.1532 0.0829
vn 0.9561 0.1998 -0.2144
vn 0.1079 0.7165 -0.6892
vn -0.6075 0.6116 -0.5069
vn -0.1248 -0.7589 0.6391
vn 0.8461 0.3794 -0.3743
vn -0.8731 0.3769 -0.3093
vn 0.5933 0.5841 -0.5540
vn -0.3285 -0.7645 0.5547
vn -0.8508 -0.4023 0.3380
vn 0.4952 -0.6843 0.5353
vn -0.9934 -0.1038 0.0479
vn 0.9609 -0.2238 0.1628
vn 0.9904 -0.1267 0.0545
vn 0.1236 0.7747 -0.6202
vn -0.8151 -0.4778 0.3275
vn -0.9608 0.1993 -0.1927
vn 0.7434 0.5084 -0.4347
vn -0.3455 0.7327 -0.5864
vn 0.5826 -0.6253 0.5192
vn -0.9188 0.3001 -0.2565
vn 0.9924 0.0768 -0.0962
vn 0.9986 -0.0534 -0.0019
vn -0.7648 0.5014 -0.4046
vn -0.6251 0.6164 -0.4788
vn 0.2561 0.7565 -0.6018
vn -0.1940 -0.7735 0.6033
vn -0.9301 -0.2826 0.2347
vn -0.9996 -0.0020 -0.0290
vn 0.9386 -0.2682 0.2171
vn 0.8267 0.4286 -0.3644
vn 0.4731 -0.6661 0.5766
vn -0.6309 -0.6227 0.4628
vn -0.7526 -0.5146 0.4109
vn 0.8098 -0.4317 0.3974
vn -0.9496 0.2208 -0.2226
vn -0.3850 0.7151 -0.5834
vn 0.5295 -0.6436 0.5527
vn -0.9871 0.0923 -0.1304
vn 0.8363 0.3952 -0.3802
vn -0.0693 -0.7785 0.6239
vn 0.8936 -0.3322 0.3017
vn -0.5326 0.6417 -0.5519
vn 0.9230 0.2646 -0.2795
vn 0.1510 0.7606 -0.6314
vn -0.6569 -0.5998 0.4569
vn -0.8707 -0.3806 0.3116
vn -0.9964 -0.0791 0.0295
vn -0.9996 -0.0191 -0.0207
vn -0.2582 -0.7372 0.6244
vn -0.5844 -0.6609 0.4709
vn 0.9233 -0.2925 0.2490
vn 0.5922 0.6070 -0.5300
vn 0.6856 -0.5553 0.4707
vn 0.7904 -0.4566 0.4084
vn -0.9914 0.0830 -0.1014
vn -0.8306 0.4331 -0.3500
vn -0.0100 0.7574 -0.6529
vn 0.1486 -0.7336 0.6631
vn -0.3793 -0.7060 0.5981
vn -0.7217 -0.5428 0.4295
vn -0.8983 -0.3623 0.2486
vn -0.9954 -0.0723 0.0634
vn 0.9987 -0.0502 0.0125
vn 0.8624 0.3998 -0.3106
vn 0.5001 0.6608 -0.5597
vn -0.0706 0.7714 -0.6324
vn 0.5127 -0.6518 0.5589
vn 0.5099 -0.6322 0.5833
vn 0.0243 -0.7759 0.6304
vn 0.9835 -0.1616 0.0812
vn -0.4804 0.6715 -0.5641
vn 0.4293 0.6981 -0.5731
vn 0.0719 0.7731 -0.6302
vn -0.4914 -0.6881 0.5339
vn -0.8676 -0.3874 0.3118
vn 0.7043 -0.5164 0.4872
vn -0.6462 0.5944 -0.4787
vn -0.9941 -0.0832 0.0690
vn -0.9946 -0.0754 0.0713
vn -0.1209 -0.7504 0.6499
vn -0.7028 -0.5598 0.4389
vn -0.2629 0.7503 -0.6066
vn 0.5175 0.6973 -0.4960
vn 0.6629 0.6338 -0.3986
vn 0.2076 -0.7474 0.6311
vn -0.8288 -0.4315 0.3562
vn -0.9779 0.1334 -0.1609
vn -0.9796 -0.1731 0.1021
vn -0.9995 -0.0169 0.0271
vn 0.9444 0.2207 -0.2438
vn -0.5600 0.6625 -0.4974
vn 0.5756 0.6467 -0.5005
vn -0.3049 -0.7289 0.6130
vn 0.4942 -0.6293 0.5998
vn 0.7322 -0.4948 0.4679
vn 0.8499 -0.3832 0.3617
vn -0.9832 -0.1759 0.0496
vn -0.9924 -0.1147 0.0445
vn 0.2967 0.7648 -0.5719
vn -0.7667 -0.4698 0.4377
vn -0.9041 0.2981 -0.3061
vn -0.1984 0.7704 -0.6059
vn -0.3598 0.7444 -0.5625
vn -0.2071 -0.6726 0.7104
vn 0.4655 -0.6484 0.6023
vn 0.8833 -0.3551 0.3061
vn -0.9753 0.1333 -0.1759
vn -0.9998 -0.0153 0.0121
vn -0.9937 0.0716 -0.0863
vn 0.0008 -0.7390 0.6737
vn -0.9358 0.2270 -0.2696
vn 0.9914 0.0721 -0.1096
vn 0.9742 -0.1624 0.1567
vn 0.1042 0.8222 -0.5596
vn 0.7643 0.5198 -0.3817
vn -0.3156 -0.7275 0.6092
vn -0.7194 -0.4820 0.5001
vn 0.1580 -0.7114 0.6848
vn 0.3544 -0.6487 0.6735
vn 0.7155 -0.4999 0.4880
vn -0.9250 -0.2769 0.2602
vn -0.9653 -0.2060 0.1606
vn -0.9987 -0.0494 0.0111
vn 0.9799 0.1894 -0.0631
vn -0.8279 0.4297 -0.3606
vn 0.2016 0.8271 -0.5247
vn -0.4343 -0.6321 0.6417
vn -0.8009 -0.4353 0.4111
vn -0.8464 0.3662 -0.3865
vn -0.5197 0.6914 -0.5019
vn -0.0431 0.8102 -0.5845
vn 0.7528 0.5497 -0.3621
vn 0.8912 0.4015 -0.2112
vn 0.3291 0.8015 -0.4992
vn -0.4228 -0.6355 0.6461
vn 0.6865 -0.5382 0.4889
vn 0.4799 -0.6261 0.6146
vn 0.0816 -0.6915 0.7177
vn -0.6499 -0.3974 0.6478
vn 0.2773 -0.6923 0.6662
vn -0.8921 -0.3365 0.3014
vn -0.9925 -0.0948 0.0776
vn -0.9968 -0.0041 -0.0797
vn -0.7272 0.5394 -0.4246
vn 0.8230 0.4992 -0.2711
vn -0.1145 0.8272 -0.5501
vn -0.4868 -0.5654 0.6658
vn -0.9164 0.2297 -0.3279
vn 0.9947 0.0853 0.0571
vn -0.7390 -0.4739 0.4788
vn -0.8937 -0.3206 0.3138
vn -0.9858 -0.1431 0.0880
vn -0.9680 0.0948 -0.2324
vn 0.9697 -0.1995 0.1413
vn 0.9821 0.1813 -0.0509
vn -0.1543 0.8221 -0.5481
vn -0.4104 -0.6642 0.6248
vn 0.8242 -0.4058 0.3950
vn -0.8003 0.4215 -0.4264
vn -0.5417 0.6598 -0.5208
vn 0.7328 0.5933 -0.3333
vn 0.2647 0.7889 -0.5545
vn 0.8522 0.4210 -0.3108
vn 0.5872 0.6396 -0.4962
vn 0.4130 -0.6477 0.6403
vn -0.1060 -0.7050 0.7012
vn -0.7349 -0.5947 0.3260
vn -0.5856 -0.5666 0.5797
vn -0.6193 -0.5648 0.5454
vn -0.8398 -0.4205 0.3434
vn 0.9220 -0.3257 0.2097
vn -0.0211 0.7792 -0.6265
vn -0.9419 0.1433 -0.3038
vn -0.8866 0.2418 -0.3944
vn -0.7514 0.4428 -0.4892
vn -0.3307 0.6644 -0.6702
vn -0.5443 0.5653 -0.6198
vn -0.0954 -0.6957 0.7120
vn 0.5834 -0.5976 0.5500
vn -0.9927 -0.1135 -0.0408
vn -0.8369 -0.4331 0.3348
vn 0.7312 -0.4854 0.4792
vn 0.7888 -0.4719 0.3939
vn -0.8241 0.2751 -0.4952
vn 0.9985 -0.0481 -0.0255
vn 0.8983 0.3452 -0.2718
vn 0.6415 0.5668 -0.5169
vn 0.3015 0.7168 -0.6287
vn -0.4419 -0.6099 0.6578
vn -0.9876 -0.0873 -0.1306
vn -0.9424 0.0687 -0.3275
vn -0.7836 0.3616 -0.5052
vn 0.9496 -0.3115 0.0356
vn -0.0238 -0.7202 0.6933
vn -0.9947 -0.0324 -0.0971
vn -0.9865 -0.1497 0.0665
vn -0.9162 0.0620 -0.3958
vn 0.9307 0.2452 -0.2714
vn -0.3254 0.5155 -0.7927
vn 0.0322 0.6937 -0.7196
vn -0.8961 0.1253 -0.4259
vn -0.9246 0.1751 -0.3382
vn -0.8787 0.1691 -0.4464
vn 0.2482 -0.6516 0.7168
vn 0.8964 -0.3615 0.2566
vn -0.7855 0.2489 -0.5665
vn -0.6913 0.3884 -0.6093
vn -0.6978 0.4573 -0.5513
vn 0.9742 -0.1159 -0.1938
vn -0.7001 0.3501 -0.6223
vn -0.7916 0.3080 -0.5278
vn 0.8640 0.2940 -0.4088
vn -0.8726 0.0932 -0.4795
vn -0.9176 0.1229 -0.3779
vn -0.9370 0.1502 -0.3155
vn -0.8683 0.2903 -0.4022
vn -0.8162 -0.4232 0.3933
vn 0.3520 -0.6197 0.7014
vn -0.9781 -0.1723 0.1165
vn -0.9797 -0.1995 -0.0212
vn -0.9846 -0.0197 -0.1740
vn -0.9044 0.1914 -0.3813
vn 0.8854 -0.4285 0.1799
vn -0.7304 0.3816 -0.5664
vn -0.6825 0.2776 -0.6761
vn -0.5747 0.2027 -0.7929
vn 0.3595 0.6756 -0.6436
vn 0.6236 0.5262 -0.5781
vn -0.0382 0.4008 -0.9154
vn 0.0492 0.6124 -0.7890
vn -0.9600 -0.0543 -0.2747
vn -0.9642 -0.2063 -0.1669
vn -0.9170 -0.3374 0.2126
vn -0.9296 0.0441 0.3659
vn -0.7430 -0.4177 0.5229
vn -0.0722 -0.6290 0.7740
vn -0.7177 -0.4551 0.5271
vn -0.3894 -0.6055 0.6941
vn -0.6622 -0.4273 0.6155
vn -0.9410 -0.2844 0.1833
vn -0.9738 -0.0978 -0.2054
vn -0.7391 0.2903 -0.6078
vn -0.7095 0.3500 -0.6117
vn 0.8492 -0.5060 0.1508
vn 0.9012 -0.3823 0.2040
vn -0.5535 0.5464 -0.6286
vn 0.8934 -0.4385 -0.0981
vn -0.6960 0.0969 -0.7115
vn -0.6208 0.0858 -0.7792
vn 0.7353 0.0679 -0.6743
vn -0.5309 -0.0685 -0.8447
vn -0.2630 -0.0017 -0.9648
vn -0.1054 -0.2778 -0.9549
vn -0.3579 -0.2384 -0.9028
vn -0.1794 -0.4966 -0.8492
vn -0.2823 -0.3235 -0.9032
vn 0.0190 -0.2566 -0.9663
vn -0.3815 -0.4754 -0.7927
vn -0.2362 -0.2069 -0.9494
vn 0.0353 -0.0888 -0.9954
vn -0.1935 0.1818 -0.9641
vn 0.0590 -0.1253 -0.9904
vn 0.1572 -0.0499 -0.9863
vn 0.3120 0.5793 -0.7530
vn -0.1664 -0.0057 -0.9860
vn 0.4808 -0.1028 -0.8708
vn 0.4746 -0.0023 -0.8802
vn 0.3222 0.4049 -0.8557
vn -0.1370 -0.2053 -0.9691
vn -0.0788 0.1209 -0.9895
vn 0.4486 -0.0251 -0.8934
vn 0.7339 0.1345 -0.6658
vn 0.9126 -0.0238 -0.4083
vn -0.2762 -0.0624 -0.9591
vn 0.0669 0.2197 -0.9733
vn 0.2023 0.1225 -0.9716
vn 0.5657 0.1082 -0.8175
vn -0.1328 0.2627 -0.9557
vn -0.2445 0.2430 -0.9387
vn -0.0252 0.3793 -0.9249
vn 0.2730 0.3241 -0.9058
vn -0.1656 0.4406 -0.8823
vn -0.5757 -0.7959 -0.1876
vn -0.7430 0.2886 -0.6038
vn -0.9868 -0.1174 0.1118
vn -0.9254 0.1938 -0.3256
vn -0.7632 0.1900 -0.6175
vn -0.5061 0.4161 -0.7555
vn 0.8083 -0.5887 -0.0068
vn -0.5166 0.2722 -0.8118
vn -0.6329 0.1581 -0.7579
vn 0.6774 -0.4826 -0.5552
vn -0.7634 -0.1681 -0.6237
vn -0.1788 -0.6136 -0.7691
vn -0.0704 -0.0298 -0.9971
vn -0.3392 -0.3641 -0.8674
vn -0.4682 -0.5762 -0.6699
vn -0.2844 -0.4105 -0.8664
vn 0.8698 0.3312 -0.3657
vn 0.7884 0.4705 -0.3963
vn 0.8283 0.3300 -0.4528
vn -0.2133 -0.3797 -0.9002
vn -0.2986 -0.2770 -0.9133
vn -0.1432 -0.4856 -0.8624
vn -0.3720 -0.4725 -0.7990
vn 0.4165 0.5995 -0.6835
vn -0.9803 -0.1378 0.1418
vn -0.9620 -0.2694 0.0434
vn -0.4580 0.0386 -0.8881
vn -0.7072 -0.1757 -0.6849
vn 0.9142 0.3498 -0.2047
vn 0.1966 0.6012 -0.7745
vn 0.7692 0.5641 -0.3002
vn 0.9916 -0.0650 -0.1120
vn -0.9864 -0.0809 0.1432
vn -0.9218 -0.3265 -0.2090
vn -0.7770 -0.0242 -0.6291
vn 0.9845 -0.1306 0.1171
vn 0.8795 -0.1364 -0.4560
vn 0.9461 -0.3238 -0.0040
vn -0.9689 0.0185 0.2468
vn -0.8157 0.3880 0.4290
vn -0.7267 0.1601 -0.6680
vn 0.8594 -0.4165 -0.2966
vn -0.4216 0.3281 -0.8453
vn 0.8369 -0.2997 -0.4580
vn 0.5209 -0.0269 -0.8532
vn -0.1800 -0.0055 0.9836
vn 0.0392 -0.4106 0.9110
vn -0.1871 0.1208 0.9749
vn -0.7671 -0.3186 0.5568
vn -0.0530 0.5522 -0.8320
vn 0.0638 0.4989 -0.8643
vn 0.2773 0.3847 -0.8804
vn 0.3008 0.5412 -0.7853
vn -0.8560 0.5038 0.1161
vn -0.9690 0.1524 0.1943
vn -0.9965 0.0548 0.0627
vn -0.9640 0.1837 -0.1922
vn -0.8296 -0.2051 0.5194
vn -0.9555 -0.1892 0.2263
vn 0.1060 -0.6073 0.7874
vn -0.8610 -0.3601 0.3592
vn -0.8276 0.2198 -0.5165
vn 0.7633 -0.6456 0.0247
vn 0.6908 -0.7169 -0.0937
vn -0.8761 0.2607 -0.4056
vn -0.4580 0.0204 -0.8887
vn 0.4304 -0.7189 -0.5459
vn -0.4708 -0.1167 -0.8745
vn -0.3502 -0.5081 -0.7869
vn -0.5736 -0.2257 -0.7875
vn -0.1228 -0.5505 -0.8258
vn -0.2306 -0.6747 -0.7012
vn 0.2311 0.6932 -0.6827
vn -0.8319 0.4367 -0.3424
vn 0.3377 0.9324 -0.1288
vn -0.5234 -0.3597 -0.7725
vn -0.7277 -0.3224 -0.6054
vn -0.2032 -0.6218 -0.7564
vn 0.5147 0.3971 -0.7598
vn -0.9798 -0.0488 -0.1938
vn -0.9898 0.0307 -0.1394
vn 0.0788 0.4283 -0.9002
vn 0.1271 0.5221 -0.8434
vn 0.8858 -0.4572 -0.0794
vn -0.8718 -0.0270 -0.4891
vn -0.7112 0.4489 0.5410
vn -0.7236 0.3636 -0.5868
vn -0.7221 0.6783 0.1360
vn 0.6129 -0.5916 -0.5238
vn 0.9440 -0.1405 -0.2987
vn -0.7552 0.2650 -0.5995
vn 0.1350 0.1906 -0.9723
vn 0.2512 -0.1756 -0.9519
vn 0.2490 -0.6306 -0.7351
vn -0.1648 -0.7696 -0.6169
vn -0.4621 -0.0455 -0.8857
vn -0.1395 -0.8155 -0.5617
vn 0.3526 -0.8272 -0.4374
vn 0.2953 -0.6019 0.7419
vn -0.3149 -0.6269 0.7126
vn -0.3528 0.5381 -0.7655
vn -0.4138 0.2936 -0.8617
vn 0.6234 -0.7784 0.0741
vn 0.6335 -0.4883 0.6002
vn 0.1304 0.5135 -0.8481
vn -0.0849 0.3956 -0.9145
vn -0.1903 0.6408 -0.7437
vn -0.7564 -0.3298 0.5649
vn 0.2416 0.6067 -0.7573
vn 0.0471 0.6884 -0.7238
vn 0.1385 0.7414 -0.6566
vn -0.3742 0.7765 -0.5070
vn 0.0032 0.6291 0.7773
vn -0.7226 0.2277 0.6526
vn -0.9845 -0.1449 0.0986
vn -0.4690 -0.5944 0.6532
vn 0.0205 -0.5891 0.8078
vn 0.4669 -0.5659 0.6795
vn -0.5998 -0.4737 0.6448
vn -0.9365 -0.1951 0.2915
vn 0.9108 -0.3695 0.1840
vn -0.9956 -0.0108 -0.0930
vn 0.8899 -0.4365 0.1327
vn -0.9757 -0.1604 0.1490
vn -0.9653 0.1130 -0.2356
vn -0.9219 0.1768 -0.3447
vn 0.4898 -0.7423 -0.4573
vn -0.6622 -0.5929 -0.4582
vn -0.0528 -0.7915 -0.6089
vn -0.5140 -0.5465 -0.6612
vn -0.4279 -0.7086 -0.5611
vn 0.9282 0.0519 -0.3683
vn 0.7755 0.3474 -0.5271
vn 0.6448 0.4346 -0.6288
vn -0.7569 -0.3836 -0.5292
vn -0.9271 -0.1965 -0.3192
vn 0.6626 0.0687 -0.7458
vn 0.4105 0.1949 -0.8908
vn -0.7260 -0.4010 -0.5587
vn 0.1381 0.3044 -0.9425
vn -0.5553 -0.4106 -0.7233
vn -0.9640 0.1096 0.2421
vn -0.9260 -0.0674 0.3715
vn 0.5433 0.4209 -0.7264
vn 0.0807 -0.1484 -0.9856
vn -0.0615 0.0794 -0.9949
vn -0.5773 -0.4649 -0.6713
vn -0.4582 -0.2178 -0.8618
vn 0.6284 -0.4333 -0.6460
vn 0.0026 0.2135 -0.9769
vn 0.1639 0.1064 -0.9807
vn 0.0378 0.3467 -0.9372
vn -0.3784 0.1572 -0.9122
vn 0.4552 -0.2269 -0.8610
vn 0.6482 -0.4295 -0.6288
vn -0.4388 0.3361 -0.8334
vn -0.4712 0.3820 -0.7950
vn 0.6237 -0.0084 -0.7816
vn 0.6599 -0.5131 -0.5488
vn -0.1786 0.4968 -0.8493
vn -0.1681 0.3491 -0.9219
vn -0.2720 0.1534 -0.9500
vn -0.5633 -0.0089 -0.8262
vn -0.5777 0.1368 -0.8047
vn 0.3409 -0.6895 -0.6391
vn 0.1314 -0.9039 -0.4071
vn -0.0949 -0.0429 -0.9946
vn 0.1100 -0.5306 -0.8405
vn 0.6575 0.3612 -0.6612
vn -0.7753 0.3729 -0.5097
vn -0.8501 0.0869 0.5195
vn 0.7125 0.6466 -0.2724
vn -0.0900 0.6877 -0.7204
vn -0.3740 0.6678 -0.6436
vn -0.2598 0.7466 -0.6125
vn -0.6903 0.5332 -0.4890
vn 0.0517 0.5894 -0.8062
vn 0.2328 0.7098 -0.6648
vn 0.4217 0.8560 -0.2990
vn -0.9283 -0.2439 0.2807
vn -0.9994 0.0083 -0.0348
vn -0.1986 -0.5508 0.8107
vn -0.4890 -0.4754 0.7314
vn -0.5217 -0.4852 0.7018
vn -0.7163 -0.4563 0.5279
vn -0.7950 -0.1862 -0.5773
vn 0.4547 -0.8202 -0.3471
vn 0.2088 -0.8164 -0.5384
vn -0.6819 -0.5744 -0.4529
vn -0.3950 -0.8540 -0.3387
vn -0.1111 -0.8238 -0.5560
vn -0.5568 -0.5593 -0.6142
vn -0.2998 -0.6762 -0.6730
vn -0.5144 -0.5685 -0.6421
vn -0.7580 -0.4774 -0.4445
vn 0.2361 0.9693 0.0679
vn -0.9648 -0.1747 -0.1966
vn 0.6059 -0.1624 -0.7788
vn -0.9965 0.0734 0.0402
vn 0.0529 -0.3743 -0.9258
vn -0.7121 -0.4390 -0.5479
vn -0.2873 -0.3177 -0.9036
vn 0.2474 -0.3171 -0.9155
vn -0.9983 0.0213 -0.0535
vn 0.1471 0.1957 -0.9696
vn 0.4912 -0.0839 -0.8670
vn -0.9634 0.1080 -0.2455
vn 0.1009 -0.1812 -0.9783
vn 0.0802 -0.5493 -0.8318
vn -0.0800 -0.2451 -0.9662
vn -0.1402 -0.4584 -0.8776
vn -0.7700 -0.0304 -0.6373
vn -0.0077 0.6203 -0.7843
vn -0.3976 0.5539 -0.7316
vn -0.1268 0.5902 -0.7972
vn 0.1134 0.6700 -0.7336
vn 0.2706 0.6846 -0.6768
vn -0.1005 0.8176 -0.5670
vn -0.8464 -0.5058 0.1666
vn -0.9994 0.0083 -0.0349
vn -0.9284 -0.3608 0.0893
vn -0.9439 0.3057 -0.1247
vn -0.9973 -0.0615 0.0392
vn 0.2116 -0.5807 0.7862
vn -0.4884 -0.4581 0.7427
vn 0.8315 -0.4876 0.2662
vn 0.5944 -0.5873 0.5493
vn -0.5418 -0.4767 0.6923
vn 0.8189 -0.5721 0.0461
vn -0.8568 -0.2761 0.4356
vn -0.9897 -0.0711 -0.1246
vn 0.7209 -0.6785 -0.1412
vn -0.8083 -0.1111 -0.5782
vn -0.6696 -0.3146 -0.6728
vn -0.3039 -0.8122 -0.4979
vn -0.3173 -0.8579 -0.4041
vn 0.1840 -0.2840 -0.9410
vn 0.9936 0.0988 -0.0557
vn 0.2071 -0.1373 -0.9686
vn -0.4628 -0.2962 -0.8355
vn -0.7936 -0.2964 -0.5314
vn -0.8675 0.2610 0.4234
vn -0.9414 0.2792 0.1891
vn -0.6977 0.1101 0.7079
vn -0.7546 -0.1748 0.6325
vn -0.9301 -0.1256 0.3452
vn -0.9821 -0.1134 0.1502
vn -0.9743 0.1531 -0.1653
vn -0.1995 0.6532 -0.7305
vn -0.9906 0.1048 -0.0877
vn -0.7950 0.4720 -0.3810
vn 0.2794 0.6329 -0.7221
vn -0.0019 0.6405 -0.7680
vn 0.0355 0.8428 -0.5371
vn -0.9923 -0.1192 0.0343
vn 0.0122 -0.6411 0.7674
vn -0.3960 -0.4810 0.7822
vn 0.2682 -0.5502 0.7908
vn -0.5351 -0.3774 0.7558
vn 0.6077 -0.7693 -0.1971
vn 0.7960 -0.6025 -0.0574
vn 0.8642 -0.4770 -0.1599
vn 0.7593 -0.6476 0.0631
vn 0.7322 -0.6763 0.0806
vn -0.3514 -0.7087 -0.6117
vn -0.5139 -0.5091 -0.6904
vn 0.4924 -0.8688 0.0518
vn -0.4590 -0.8800 0.1218
vn -0.7696 -0.5800 -0.2672
vn -0.7590 -0.5580 -0.3355
vn -0.5314 -0.7664 -0.3610
vn 0.0129 -0.1780 -0.9840
vn -0.5576 0.2074 0.8038
vn -0.7023 -0.1136 0.7027
vn -0.7958 0.0068 0.6055
vn -0.6882 -0.0850 0.7205
vn -0.6256 -0.2788 0.7286
vn -0.7233 -0.3344 0.6042
vn -0.9998 -0.0201 0.0062
vn -0.9613 0.2351 -0.1436
vn -0.7945 0.5561 -0.2438
vn -0.4837 0.7432 -0.4623
vn -0.4684 0.7990 -0.3770
vn -0.2279 0.8526 -0.4703
vn -0.0594 0.9204 -0.3864
vn 0.0989 0.8261 -0.5547
vn 0.1966 0.8247 -0.5303
vn 0.0836 0.9458 -0.3139
vn -0.9820 -0.1890 0.0046
vn -0.9340 0.3442 -0.0963
vn 0.5114 -0.6846 0.5195
vn -0.5180 -0.3936 0.7595
vn 0.7082 -0.7017 0.0781
vn -0.3975 -0.6882 0.6069
vn -0.7466 -0.5314 -0.4002
vn -0.6092 -0.6852 0.3991
vn -0.6232 -0.7755 -0.1005
vn -0.8012 -0.5746 0.1669
vn -0.1309 -0.8645 0.4853
vn -0.0998 -0.8420 0.5302
vn -0.9743 -0.2005 -0.1030
vn -0.7539 0.4883 0.4395
vn -0.5248 0.4804 0.7027
vn -0.5075 0.3679 0.7792
vn -0.5851 0.6179 0.5252
vn -0.6671 0.4611 0.5850
vn -0.8890 0.1798 0.4211
vn -0.9779 -0.0449 0.2043
vn -0.6929 -0.2887 0.6608
vn -0.9788 -0.0667 0.1935
vn -0.9396 0.1521 0.3066
vn -0.6318 -0.2316 0.7397
vn -0.7404 -0.1539 0.6543
vn -0.8309 -0.3055 0.4651
vn -0.8148 -0.3960 0.4235
vn 0.3754 0.7006 -0.6069
vn -0.3697 0.6355 -0.6778
vn -0.1546 0.9024 -0.4023
vn -0.3227 0.9046 -0.2783
vn -0.7481 -0.5559 0.3625
vn -0.2362 -0.5029 0.8314
vn -0.5249 -0.5507 0.6490
vn 0.4276 -0.8710 0.2419
vn -0.6821 -0.4774 0.5539
vn 0.4342 -0.8994 -0.0513
vn 0.6645 -0.7241 -0.1848
vn -0.5814 -0.7397 0.3388
vn -0.3397 -0.9404 0.0156
vn -0.3625 -0.9088 -0.2064
vn -0.8503 -0.5164 -0.1018
vn -0.9012 -0.4334 0.0060
vn 0.8172 -0.5621 0.1275
vn -0.4394 -0.8548 -0.2763
vn -0.7591 -0.6303 -0.1625
vn 0.0402 -0.9162 0.3988
vn -0.6788 -0.6578 -0.3265
vn -0.0666 -0.9619 -0.2652
vn -0.6135 0.5597 0.5571
vn -0.8603 0.2397 0.4500
vn -0.9827 0.1492 0.1100
vn -0.9504 -0.2365 -0.2022
vn -0.9970 0.0376 -0.0669
vn -0.8283 -0.3984 -0.3941
vn -0.9319 0.1928 -0.3074
vn -0.9583 0.2180 0.1849
vn -0.9361 0.2731 -0.2216
vn -0.8492 -0.2117 0.4838
vn -0.9808 -0.0641 0.1841
vn -0.6154 -0.5467 0.5677
vn -0.7370 -0.5431 0.4023
vn 0.4325 0.8069 -0.4023
vn -0.1963 0.9712 -0.1353
vn -0.1651 0.9473 -0.2746
vn -0.1658 0.9535 -0.2516
vn 0.0707 -0.8714 0.4855
vn -0.1531 -0.7735 0.6150
vn 0.1938 -0.9782 0.0743
vn 0.5817 -0.7707 -0.2603
vn 0.9255 -0.2146 -0.3120
vn -0.6168 -0.7464 0.2497
vn -0.4594 -0.8524 -0.2498
vn 0.9393 -0.3271 -0.1031
vn -0.6237 -0.7787 -0.0677
vn -0.2836 -0.9334 -0.2198
vn -0.2037 -0.9448 -0.2564
vn 0.7370 -0.6743 -0.0460
vn 0.7391 -0.6697 0.0723
vn -0.9836 -0.1804 0.0062
vn -0.8083 0.5484 0.2141
vn -0.5611 0.7237 0.4018
vn -0.6313 0.6650 0.3990
vn -0.8583 0.4719 0.2014
vn -0.7373 -0.3757 -0.5615
vn -0.8124 -0.1743 -0.5565
vn -0.8163 0.2000 -0.5419
vn -0.6388 0.4773 -0.6034
vn -0.8145 0.4718 -0.3376
vn -0.9819 0.0970 -0.1629
vn -0.7691 -0.4483 0.4555
vn -0.9861 -0.1200 0.1151
vn -0.5619 -0.7199 0.4073
vn -0.4864 -0.8086 0.3309
vn -0.9618 -0.2205 0.1622
vn -0.7440 -0.6027 0.2885
vn -0.9462 -0.3025 0.1147
vn -0.9982 0.0419 -0.0434
vn -0.7319 0.6637 -0.1541
vn -0.9654 0.2588 -0.0321
vn -0.5157 0.8567 -0.0122
vn -0.7788 0.6214 0.0858
vn 0.3671 0.9153 -0.1660
vn 0.2942 0.9314 -0.2145
vn -0.0138 0.9902 -0.1388
vn 0.2920 0.9362 -0.1959
vn -0.2582 -0.9464 0.1942
vn -0.1722 -0.9071 0.3841
vn -0.1379 -0.9285 0.3449
vn -0.1187 -0.9729 0.1983
vn -0.4206 -0.8597 -0.2897
vn -0.1123 -0.9863 0.1204
vn 0.0255 -0.9951 0.0959
vn -0.7347 -0.6232 -0.2681
vn -0.3772 -0.9258 0.0266
vn -0.4490 -0.8901 0.0782
vn 0.6786 -0.5685 -0.4651
vn 0.2583 -0.8897 -0.3766
vn 0.4634 -0.7855 -0.4101
vn -0.8387 0.3472 0.4196
vn -0.9914 0.1202 0.0515
vn -0.9339 -0.2163 -0.2846
vn -0.8242 -0.2729 -0.4962
vn -0.7166 -0.4368 -0.5438
vn -0.8066 0.1375 -0.5749
vn -0.9315 -0.1317 -0.3391
vn -0.9223 0.2167 -0.3201
vn -0.8156 0.3611 -0.4520
vn -0.6335 0.6309 -0.4480
vn -0.5695 0.6427 -0.5124
vn -0.9038 0.3104 -0.2946
vn -0.8181 -0.5618 0.1227
vn -0.6068 -0.7749 0.1770
vn -0.1783 0.9839 -0.0157
vn 0.6177 0.7864 -0.0077
vn 0.6759 0.7198 -0.1584
vn -0.2392 0.9643 -0.1137
vn -0.9018 -0.3929 -0.1799
vn -0.3435 -0.9392 0.0043
vn 0.0700 -0.9973 -0.0238
vn -0.0686 -0.9933 -0.0928
vn -0.2813 -0.9596 0.0093
vn -0.2382 -0.9550 -0.1769
vn 0.0040 -0.7794 -0.6265
vn -0.4545 0.8746 0.1689
vn -0.5071 0.7999 0.3211
vn -0.7413 0.5823 0.3336
vn -0.9322 0.2773 0.2328
vn -0.9786 -0.1980 -0.0561
vn -0.7734 -0.5353 -0.3395
vn -0.9002 -0.3951 -0.1830
vn -0.9020 0.4085 -0.1398
vn -0.7197 0.6687 -0.1865
vn -0.9811 0.1443 -0.1292
vn -0.6495 -0.7564 0.0768
vn -0.6384 -0.7684 0.0446
vn -0.6036 -0.7922 0.0900
vn -0.1426 0.9889 -0.0417
vn 0.0592 0.9868 -0.1510
vn 0.2069 0.9725 -0.1074
vn -0.9841 0.1709 0.0482
vn -0.8565 0.5158 -0.0215
vn -0.2201 -0.9638 -0.1502
vn -0.2069 -0.9782 0.0161
vn -0.3347 -0.9416 0.0361
vn 0.5958 -0.6969 -0.3992
vn 0.8360 -0.2333 -0.4966
vn -0.2429 -0.9656 0.0924
vn -0.5310 -0.8387 0.1211
vn 0.2832 -0.8284 -0.4832
vn 0.6696 -0.4549 -0.5871
vn -0.7716 -0.6145 0.1645
vn -0.5539 -0.7861 -0.2742
vn -0.8650 -0.4895 -0.1099
vn -0.9962 -0.0819 0.0280
vn -0.3560 0.8192 0.4497
vn -0.9458 -0.3247 0.0081
vn -0.9992 0.0370 0.0136
vn -0.9466 -0.3108 0.0856
vn -0.7844 0.5379 -0.3090
vn -0.9152 0.0058 -0.4031
vn -0.7093 -0.7032 -0.0488
vn 0.0226 0.9982 -0.0555
vn 0.7892 0.5897 0.1713
vn -0.1647 0.9856 0.0375
vn 0.0040 0.9999 -0.0115
vn -0.3998 -0.9121 -0.0901
vn -0.1051 -0.9942 -0.0218
vn -0.0726 -0.9973 -0.0074
vn -0.0866 -0.9955 0.0378
vn 0.7910 -0.5089 -0.3396
vn -0.2845 -0.8008 -0.5270
vn -0.6805 -0.6201 -0.3904
vn -0.6997 0.7142 0.0173
vn -0.6861 0.6307 0.3627
vn -0.7661 0.6421 -0.0273
vn -0.9014 -0.4282 0.0641
vn -0.9488 0.2158 0.2307
vn -0.9276 0.3724 0.0277
vn -0.8895 0.3467 -0.2977
vn -0.9054 -0.4243 0.0129
vn -0.5301 -0.8479 0.0067
vn -0.9915 0.1124 0.0663
vn -0.9402 0.3306 0.0818
vn -0.1178 0.9340 0.3374
vn -0.2711 0.9547 0.1231
vn 0.3655 0.8747 -0.3182
vn -0.8479 0.5296 -0.0246
vn -0.0752 -0.9746 0.2110
vn -0.2990 -0.9534 -0.0393
vn -0.3525 -0.8428 -0.4067
vn -0.3264 -0.9359 -0.1328
vn -0.1049 -0.9542 -0.2801
vn 0.6083 -0.7361 -0.2969
vn 0.9354 -0.3108 -0.1689
vn 0.7191 -0.4966 -0.4860
vn -0.3663 -0.8236 0.4329
vn 0.2630 -0.6930 -0.6713
vn -0.1787 -0.8388 -0.5143
vn -0.9829 0.1836 -0.0171
vn -0.8614 -0.4969 0.1051
vn -0.6846 0.6510 -0.3279
vn -0.9195 0.2954 -0.2593
vn -0.9674 -0.1095 0.2286
vn -0.9446 0.3282 0.0075
vn -0.9718 -0.2305 -0.0501
vn -0.3586 0.9113 0.2024
vn -0.1685 0.9618 0.2158
vn -0.1818 0.9524 0.2447
vn -0.0695 0.9871 0.1444
vn -0.2349 -0.9004 -0.3662
vn 0.0586 -0.8582 -0.5099
vn 0.7250 -0.5644 -0.3947
vn 0.9837 -0.1263 -0.1281
vn -0.2788 -0.9416 -0.1887
vn -0.1385 -0.9823 -0.1258
vn 0.7375 -0.6732 -0.0539
vn 0.1114 -0.9937 -0.0137
vn -0.6121 -0.7865 -0.0825
vn -0.4246 -0.8517 0.3071
vn -0.6355 -0.7079 0.3082
vn -0.7486 -0.5572 0.3593
vn -0.8076 0.5391 -0.2391
vn -0.3141 0.9223 -0.2252
vn -0.7977 -0.4161 0.4365
vn -0.9337 -0.3398 0.1126
vn -0.8175 -0.4258 0.3879
vn -0.8658 0.4283 0.2589
vn -0.9821 0.1833 0.0438
vn -0.9065 -0.4077 -0.1095
vn -0.5243 -0.8098 -0.2632
vn -0.8366 -0.5184 -0.1774
vn -0.4799 -0.8386 -0.2578
vn -0.7958 0.5569 0.2377
vn -0.5141 0.8142 0.2699
vn 0.8837 0.4085 -0.2284
vn -0.1159 0.9929 0.0277
vn 0.1391 0.8450 -0.5163
vn -0.1791 -0.7194 -0.6711
vn -0.4629 -0.5735 -0.6759
vn -0.5685 -0.6900 -0.4479
vn 0.8211 -0.5670 0.0657
vn -0.4645 -0.7753 0.4279
vn -0.1795 -0.9388 0.2940
vn -0.3796 0.8021 -0.4610
vn -0.9904 -0.0840 0.1096
vn -0.8656 -0.2109 0.4541
vn -0.9294 0.0441 0.3664
vn -0.9873 0.1524 0.0452
vn -0.9943 0.0172 0.1050
vn -0.8250 -0.5437 -0.1540
vn 0.4686 0.8238 0.3191
vn -0.0434 0.9191 0.3916
vn 0.6579 0.7218 0.2148
vn -0.0104 0.9902 0.1393
vn 0.9723 0.2223 0.0724
vn 0.7481 -0.2067 -0.6306
vn -0.2217 0.8593 0.4609
vn -0.2286 0.8924 0.3890
vn -0.4513 -0.2230 -0.8641
vn -0.6908 0.7043 -0.1636
vn -0.6648 0.7312 0.1528
vn -0.7961 0.5783 0.1783
vn 0.6653 -0.4130 -0.6220
vn 0.5927 -0.4083 -0.6942
vn 0.4633 -0.4732 -0.7493
vn -0.1915 -0.6203 -0.7607
vn -0.5143 -0.5366 -0.6690
vn 0.2146 -0.7891 -0.5755
vn 0.8941 -0.2532 -0.3695
vn -0.6410 -0.5274 -0.5576
vn -0.3164 -0.8388 -0.4431
vn -0.5197 -0.7217 -0.4573
vn 0.8555 -0.4370 0.2778
vn -0.2824 -0.7780 0.5611
vn 0.1461 -0.9583 0.2456
vn -0.9974 -0.0566 0.0448
vn -0.7384 0.5411 -0.4025
vn -0.4682 0.6563 -0.5917
vn -0.8301 0.4173 -0.3698
vn -0.9638 0.1232 -0.2366
vn -0.9238 -0.2654 0.2761
vn -0.8876 0.0625 0.4563
vn -0.9544 -0.2245 -0.1968
vn -0.5876 -0.5943 -0.5491
vn -0.7226 -0.4928 -0.4847
vn -0.9342 0.3139 0.1697
vn 0.9378 0.1064 0.3305
vn 0.6349 -0.7689 -0.0753
vn -0.3548 -0.9154 -0.1904
vn -0.0422 0.9959 0.0799
vn -0.0603 0.9662 0.2506
vn -0.3230 0.9205 -0.2197
vn -0.2113 0.9294 0.3027
vn -0.4938 0.4636 0.7357
vn -0.8236 0.4268 0.3736
vn -0.6635 -0.4209 -0.6186
vn 0.8410 -0.2724 -0.4675
vn -0.6986 -0.3579 -0.6196
vn -0.1941 -0.8671 0.4588
vn -0.1351 -0.9520 0.2748
vn -0.2323 -0.9561 0.1786
vn -0.2057 -0.9714 -0.1188
vn -0.4198 -0.8459 -0.3290
vn -0.4498 -0.6858 0.5722
vn 0.1151 -0.8471 0.5188
vn -0.3601 -0.7842 0.5054
vn -0.1725 -0.8966 0.4079
vn -0.3950 -0.8476 0.3544
vn -0.5471 -0.6908 0.4727
vn -0.9943 0.0948 -0.0480
vn -0.4190 0.5990 -0.6824
vn -0.6171 0.5261 -0.5851
vn -0.9852 0.1470 -0.0876
vn -0.9329 -0.0866 0.3496
vn -0.9229 -0.2564 0.2872
vn -0.9373 0.2242 0.2669
vn -0.8872 -0.2804 -0.3665
vn -0.9719 -0.1717 -0.1610
vn -0.9591 0.1803 0.2182
vn 0.1478 0.8578 0.4923
vn 0.8133 0.4240 0.3984
vn 0.6586 0.6190 0.4278
vn 0.5852 0.2486 0.7719
vn -0.3641 0.8803 0.3042
vn -0.2231 0.9739 0.0410
vn -0.4196 0.9077 -0.0059
vn 0.2855 -0.4770 0.8312
vn -0.5871 -0.8071 -0.0619
vn 0.2564 -0.5835 -0.7706
vn -0.6640 -0.4931 -0.5621
vn -0.7124 -0.4567 -0.5328
vn 0.9931 0.0347 -0.1122
vn 0.9945 0.0324 0.0996
vn -0.4892 -0.7359 -0.4681
vn -0.3308 -0.9424 0.0499
vn -0.3820 -0.8886 -0.2539
vn 0.7284 -0.4152 0.5450
vn -0.3412 -0.7577 0.5563
vn -0.2258 -0.8487 0.4783
vn 0.0471 -0.6859 0.7261
vn -0.5112 -0.7734 0.3748
vn -0.9444 -0.2515 0.2118
vn -0.7368 0.4875 -0.4684
vn -0.9938 0.0962 -0.0554
vn -0.6438 0.4578 -0.6131
vn -0.6465 0.4499 -0.6162
vn -0.8947 0.3038 -0.3273
vn -0.9132 -0.2316 0.3354
vn -0.9954 -0.0623 0.0728
vn -0.9662 -0.1733 0.1907
vn -0.9867 -0.0089 -0.1626
vn -0.9342 -0.1080 -0.3400
vn -0.7531 -0.3263 -0.5713
vn -0.4670 -0.4760 -0.7452
vn -0.6747 -0.4675 -0.5712
vn -0.7674 0.5255 0.3672
vn -0.5626 0.6840 0.4642
vn -0.5999 0.5899 0.5405
vn 0.0508 0.9627 -0.2658
vn 0.0268 0.9994 0.0236
vn 0.0352 0.7313 0.6811
vn 0.1968 0.6644 0.7210
vn -0.7338 -0.2856 0.6164
vn 0.0817 0.9401 0.3309
vn 0.0018 0.8686 0.4956
vn -0.0304 -0.6376 -0.7698
vn -0.3794 -0.5663 -0.7317
vn -0.5891 -0.5175 -0.6206
vn 0.8363 -0.3479 -0.4236
vn 0.4330 -0.6690 -0.6042
vn 0.9948 -0.0478 -0.0895
vn 0.9518 0.1981 0.2342
vn -0.4583 -0.7866 -0.4137
vn -0.5271 -0.5586 -0.6404
vn 0.9093 0.1911 0.3697
vn -0.4302 -0.8060 -0.4065
vn -0.5998 -0.7864 0.1475
vn -0.4177 -0.8771 -0.2373
vn 0.9162 -0.0365 0.3991
vn -0.7854 -0.5988 -0.1569
vn -0.7205 -0.6934 -0.0026
vn 0.0565 -0.6887 0.7229
vn 0.6025 -0.4921 0.6284
vn -0.4529 -0.6041 0.6557
vn -0.4688 -0.7127 0.5219
vn -0.6669 -0.7048 0.2419
vn -0.7991 -0.4098 0.4398
vn -0.9339 -0.2684 0.2362
vn -0.9480 0.2011 -0.2466
vn -0.7988 0.2660 -0.5395
vn -0.5632 0.4112 -0.7167
vn -0.7865 0.1539 -0.5981
vn -0.4297 0.4939 -0.7559
vn -0.6503 0.2542 -0.7159
vn -0.8606 0.1161 -0.4958
vn -0.9068 -0.3588 -0.2214
vn -0.7890 -0.2504 -0.5611
vn -0.7485 -0.2609 -0.6096
vn -0.6786 -0.2885 -0.6755
vn -0.6876 -0.3335 -0.6449
vn -0.9515 -0.0634 -0.3010
vn -0.8090 0.3804 0.4481
vn 0.5543 0.6083 0.5680
vn 0.1194 0.7845 0.6086
vn 0.0682 0.8931 0.4447
vn 0.4766 0.4734 0.7408
vn -0.2772 0.8415 0.4637
vn -0.3352 0.7042 0.6260
vn -0.2550 0.7815 0.5694
vn -0.6768 0.7082 0.2011
vn -0.7455 0.5969 -0.2967
vn -0.2784 0.8049 -0.5240
vn 0.2418 0.9643 -0.1079
vn 0.2102 0.9678 0.1386
vn 0.0547 0.9277 0.3693
vn 0.2300 0.6304 0.7414
vn 0.3506 0.8125 0.4657
vn -0.9391 -0.3079 0.1527
vn -0.4348 0.6122 -0.6604
vn 0.2278 0.8047 -0.5482
vn -0.9223 0.0525 0.3829
vn 0.3476 -0.5695 -0.7448
vn 0.7984 -0.3962 -0.4535
vn 0.8745 -0.2826 -0.3942
vn -0.6200 -0.4970 -0.6071
vn 0.8102 0.3520 0.4687
vn 0.8957 0.2854 0.3408
vn -0.4308 -0.6629 -0.6124
vn -0.5853 -0.6888 -0.4277
vn -0.6256 -0.5948 -0.5048
vn -0.2756 -0.5978 0.7527
vn -0.0677 -0.7312 0.6788
vn 0.2922 -0.6906 0.6616
vn 0.7630 -0.2326 0.6032
vn 0.5238 -0.5584 0.6433
vn -0.6222 -0.5036 0.5994
vn -0.9404 -0.2156 0.2630
vn -0.9988 0.0312 -0.0380
vn -0.7663 -0.0170 -0.6423
vn -0.6299 -0.0810 -0.7725
vn -0.9328 0.1188 0.3401
vn -0.5522 0.5018 0.6658
vn 0.4185 0.7176 0.5568
vn 0.4224 0.7290 0.5386
vn -0.5627 0.7554 0.3357
vn 0.5983 0.6646 0.4476
vn -0.5645 0.7723 0.2913
vn -0.6498 0.7251 0.2279
vn 0.5151 0.5367 0.6683
vn -0.7896 0.4199 -0.4474
vn 0.3938 0.7575 -0.5207
vn 0.4222 0.7962 -0.4335
vn 0.4827 0.8303 -0.2786
vn 0.4033 0.9060 0.1282
vn 0.3769 0.7153 0.5884
vn -0.1306 0.4755 -0.8700
vn 0.3959 0.6651 -0.6331
vn -0.5347 0.4830 -0.6934
vn -0.4807 0.3088 -0.8207
vn 0.4580 -0.4849 -0.7451
vn -0.1083 -0.6252 -0.7730
vn -0.5678 -0.5413 -0.6202
vn 0.9778 -0.1936 -0.0805
vn 0.9916 0.0875 0.0952
vn 0.9709 0.1972 0.1356
vn -0.6969 -0.5190 -0.4950
vn 0.7286 0.1836 0.6599
vn -0.8432 -0.5185 -0.1422
vn 0.6810 0.1590 0.7148
vn -0.5209 -0.5787 0.6275
vn -0.8663 -0.4362 0.2433
vn -0.1360 -0.5194 0.8436
vn 0.2549 -0.5504 0.7951
vn 0.5194 -0.4226 0.7427
vn -0.1109 -0.3917 0.9134
vn -0.9097 -0.2274 0.3474
vn -0.9878 -0.0498 0.1475
vn -0.9972 -0.0001 -0.0748
vn 0.6982 0.4980 0.5143
vn 0.0456 0.5649 0.8239
vn -0.9870 -0.0612 0.1484
vn -0.1793 0.6112 0.7709
vn -0.7309 0.3409 0.5913
vn 0.5926 0.7865 0.1739
vn 0.7386 0.6300 0.2398
vn -0.9199 0.3647 -0.1444
vn 0.4167 0.8477 0.3282
vn 0.5343 0.7380 0.4122
vn -0.8162 0.3316 -0.4732
vn 0.7198 0.6740 -0.1663
vn 0.6703 0.5673 -0.4784
vn 0.6576 0.7309 0.1829
vn 0.4691 0.5509 -0.6902
vn 0.6742 0.4634 -0.5751
vn 0.0340 0.4628 -0.8858
vn 0.4620 -0.5956 -0.6571
vn 0.8381 -0.3848 -0.3866
vn 0.9016 0.2942 0.3172
vn -0.7565 -0.5262 -0.3884
vn 0.7183 0.2465 0.6505
vn 0.7018 0.4655 0.5393
vn -0.8995 -0.3816 -0.2127
vn -0.9679 -0.2312 -0.0984
vn 0.6700 -0.2352 0.7041
vn -0.7723 -0.4408 0.4574
vn -0.9848 -0.0642 0.1617
vn 0.7338 -0.3943 0.5532
vn -0.5832 -0.4202 0.6953
vn -0.9093 -0.1632 0.3829
vn 0.5828 -0.5398 0.6075
vn 0.8048 -0.1105 0.5832
vn -0.3707 -0.5045 0.7798
vn -0.7348 -0.3848 0.5586
vn -0.2034 -0.2569 0.9448
vn 0.2780 0.0019 0.9606
vn -0.5209 0.1605 0.8384
vn -0.7254 -0.2386 0.6457
vn -0.4011 -0.1719 0.8998
vn 0.2173 0.0451 0.9751
vn -0.3390 -0.2575 0.9049
vn 0.3044 0.2575 0.9171
vn 0.9200 0.3351 0.2034
vn 0.7727 0.1879 0.6063
vn 0.5706 -0.0123 0.8212
vn 0.7148 0.2475 0.6541
vn 0.0344 -0.0864 0.9957
vn 0.5190 -0.3758 0.7677
vn -0.2438 -0.4553 0.8563
vn -0.6564 -0.5018 0.5633
vn -0.9569 -0.0211 0.2896
vn 0.8328 -0.3439 0.4337
vn 0.0321 -0.6056 0.7951
vn -0.6764 0.3009 0.6722
vn 0.5400 0.7455 0.3906
vn -0.7897 0.2284 0.5693
vn -0.4203 0.9068 0.0324
vn 0.8431 0.5158 0.1523
vn -0.1586 0.4973 0.8530
vn -0.2324 0.6361 0.7358
vn -0.4107 0.5148 0.7526
vn -0.8675 0.0583 0.4941
vn -0.9691 0.1136 0.2191
vn -0.9487 -0.2893 -0.1273
vn -0.9687 -0.1486 -0.1988
vn 0.6399 0.7681 -0.0239
vn 0.8259 0.4851 -0.2872
vn -0.9175 0.3275 -0.2258
vn -0.7063 0.3897 -0.5911
vn -0.8054 0.3435 -0.4831
vn -0.8214 0.1698 -0.5445
vn -0.5329 0.4147 -0.7376
vn 0.1871 0.5533 -0.8117
vn 0.4422 0.5611 -0.6997
vn -0.8856 0.2405 -0.3973
vn -0.2843 0.5921 -0.7540
vn 0.5162 -0.5347 -0.6691
vn 0.3716 -0.6312 -0.6808
vn 0.9997 0.0068 0.0221
vn 0.9082 -0.2712 -0.3187
vn 0.9993 -0.0362 -0.0108
vn 0.9973 0.0274 0.0682
vn -0.7565 -0.4583 -0.4666
vn 0.9028 0.2552 0.3462
vn 0.8025 0.3981 0.4444
vn 0.7461 0.3019 0.5935
vn -0.9991 -0.0054 -0.0432
vn 0.6944 -0.1772 0.6974
vn -0.9260 0.2199 0.3068
vn 0.5407 -0.3939 0.7433
vn -0.2040 -0.4551 0.8667
vn -0.4188 -0.4131 0.8087
vn -0.8134 0.0312 0.5808
vn 0.5823 -0.4438 0.6811
vn 0.9730 -0.0160 0.2303
vn -0.5107 -0.2522 0.8219
vn -0.1094 -0.4080 0.9064
vn -0.2111 -0.3293 0.9203
vn 0.9565 0.2884 0.0431
vn 0.9798 0.1792 0.0885
vn -0.7277 -0.0149 0.6857
vn 0.9837 -0.0895 0.1559
vn -0.6295 -0.5099 0.5863
vn 0.3455 -0.5526 0.7584
vn 0.7971 -0.4926 0.3492
vn -0.5507 -0.5898 0.5907
vn -0.8085 -0.5764 0.1187
vn -0.7421 0.0354 0.6693
vn 0.4415 -0.8966 -0.0351
vn 0.1862 -0.7731 0.6063
vn -0.5536 -0.8306 0.0602
vn -0.7092 0.0548 0.7029
vn -0.2395 0.3806 0.8932
vn 0.6096 0.7291 0.3112
vn -0.3277 0.4887 0.8086
vn -0.9489 -0.0181 0.3151
vn 0.7570 0.6524 0.0377
vn -0.8916 -0.3398 0.2992
vn -0.9468 -0.2715 0.1727
vn 0.7372 0.6279 -0.2494
vn 0.6706 0.7314 -0.1239
vn -0.9276 0.0057 0.3735
vn 0.8554 0.3934 -0.3368
vn 0.6798 0.5064 -0.5305
vn 0.8223 0.4265 -0.3767
vn -0.9592 0.2402 -0.1494
vn -0.9829 0.1164 -0.1426
vn -0.7889 0.3884 -0.4761
vn -0.2513 0.6108 -0.7509
vn 0.3879 -0.6263 -0.6762
vn 0.1690 -0.6783 -0.7151
vn -0.1293 -0.6414 -0.7562
vn 0.9590 -0.2609 -0.1109
vn -0.9652 -0.2281 -0.1275
vn -0.9995 0.0128 -0.0272
vn 0.7598 0.4589 0.4605
vn 0.8040 0.3870 0.4514
vn 0.7176 0.0504 0.6946
vn 0.5625 -0.5201 0.6427
vn -0.9110 0.3152 0.2660
vn 0.6625 -0.5035 0.5546
vn -0.7399 -0.1140 0.6630
vn -0.7759 0.2550 0.5770
vn 0.6223 -0.5307 0.5753
vn -0.2393 -0.3194 0.9169
vn -0.4980 -0.0849 0.8630
vn -0.1345 -0.4424 0.8867
vn -0.3495 -0.0887 0.9327
vn 0.8643 0.2053 0.4592
vn 0.7129 0.1263 0.6898
vn -0.7980 -0.6000 0.0568
vn -0.0361 -0.9984 0.0430
vn -0.8289 -0.5223 -0.2004
vn 0.8222 -0.5402 0.1795
vn -0.2503 0.1673 0.9536
vn -0.1510 0.4498 0.8803
vn -0.6441 0.1531 0.7495
vn -0.2207 0.4251 0.8778
vn -0.3718 0.4013 0.8371
vn -0.6002 0.1948 0.7758
vn -0.8891 -0.1354 0.4373
vn -0.4372 0.8804 0.1839
vn -0.8503 0.4726 0.2318
vn 0.8503 0.4630 -0.2502
vn 0.8063 0.5740 -0.1428
vn 0.8992 0.3684 -0.2362
vn -0.9534 0.2050 -0.2213
vn -0.0480 0.6201 -0.7830
vn 0.8477 -0.2732 -0.4547
vn 0.9985 0.0005 0.0541
vn 0.9052 0.2618 0.3348
vn -0.8034 -0.4547 -0.3843
vn -0.8703 0.4339 0.2330
vn 0.5588 -0.3365 0.7580
vn 0.7284 0.2532 0.6366
vn 0.6579 -0.0304 0.7525
vn 0.3788 -0.5799 0.7213
vn -0.7340 0.5097 0.4488
vn 0.3549 -0.5629 0.7464
vn -0.5196 0.1876 0.8336
vn -0.4445 -0.2230 0.8676
vn -0.4908 0.3401 0.8021
vn -0.5574 -0.0192 0.8300
vn 0.7678 -0.0976 0.6333
vn -0.1772 -0.2160 0.9602
vn -0.2051 -0.3443 0.9162
vn -0.5450 -0.4133 0.7294
vn -0.3118 -0.1090 0.9439
vn -0.7959 -0.4957 0.3475
vn 0.5047 -0.4696 0.7244
vn 0.3183 -0.7678 0.5561
vn -0.3489 -0.4901 0.7988
vn -0.1418 0.2024 0.9690
vn -0.3216 0.1753 0.9305
vn -0.2864 0.1461 0.9469
vn -0.2542 0.1255 0.9590
vn -0.6894 -0.0552 0.7223
vn -0.6053 -0.0301 0.7955
vn -0.3656 0.6039 0.7082
vn 0.8714 0.4870 -0.0586
vn -0.7150 -0.1526 0.6823
vn -0.7281 0.0148 0.6853
vn -0.9522 0.0865 0.2930
vn -0.9894 0.0304 0.1423
vn -0.8152 -0.1494 0.5596
vn -0.9404 -0.1079 0.3225
vn -0.7091 0.4409 -0.5503
vn 0.2738 0.6484 -0.7103
vn -0.2229 0.6135 -0.7576
vn 0.0826 -0.5677 -0.8191
vn 0.5771 -0.5807 -0.5742
vn 0.7924 -0.3485 -0.5006
vn -0.5648 -0.5716 -0.5952
vn -0.6353 -0.5129 -0.5774
vn 0.9987 0.0512 -0.0063
vn 0.9496 0.3130 -0.0171
vn 0.8963 0.2975 0.3288
vn 0.6943 0.5269 0.4902
vn -0.6513 0.6737 0.3492
vn 0.4113 -0.2890 0.8645
vn 0.5680 -0.2022 0.7978
vn -0.3972 0.6535 0.6443
vn 0.6163 0.3405 0.7101
vn 0.3692 0.2088 0.9056
vn 0.0403 -0.5134 0.8572
vn 0.1800 -0.5474 0.8173
vn 0.5027 -0.3139 0.8055
vn -0.6224 -0.3531 0.6985
vn -0.1281 0.4992 0.8570
vn -0.4658 0.0918 0.8801
vn 0.5427 -0.1603 0.8245
vn -0.6429 -0.3515 0.6805
vn 0.4666 0.1259 0.8755
vn -0.5827 -0.1968 0.7885
vn -0.1085 0.0877 0.9902
vn -0.1563 0.0733 0.9850
vn -0.1772 -0.0858 0.9804
vn 0.1338 0.5178 0.8450
vn -0.0518 0.0464 0.9976
vn 0.1597 0.2055 0.9655
vn -0.0132 0.1598 0.9871
vn 0.1346 0.7443 0.6541
vn 0.0089 0.4899 0.8717
vn 0.1404 0.5277 0.8377
vn 0.1956 0.1739 0.9651
vn 0.2874 0.3836 0.8777
vn 0.1493 -0.1332 0.9798
vn -0.0993 0.0784 0.9920
vn -0.0554 0.0758 0.9956
vn 0.0517 0.1443 0.9882
vn -0.0093 0.3543 0.9351
vn 0.0347 -0.3520 0.9354
vn -0.6860 -0.2525 0.6824
vn -0.1283 -0.4049 0.9053
vn -0.2733 -0.1162 0.9549
vn 0.1685 -0.6121 0.7726
vn 0.1754 -0.3286 0.9281
vn -0.4607 -0.2718 0.8449
vn -0.4928 -0.4023 0.7715
vn -0.1783 -0.4233 0.8883
vn -0.0356 -0.1848 0.9821
vn -0.1205 -0.0052 0.9927
vn -0.5210 -0.0424 0.8525
vn 0.5020 -0.3250 0.8015
vn -0.4836 -0.0633 0.8730
vn -0.2490 -0.2094 0.9456
vn -0.5413 -0.5379 0.6462
vn -0.3537 -0.4112 0.8401
vn -0.0935 -0.5589 0.8239
vn -0.4229 -0.4468 0.7884
vn -0.6685 -0.3049 0.6783
vn -0.5517 -0.3687 0.7481
vn 0.5749 0.6350 0.5159
vn 0.8158 0.4894 0.3081
vn 0.1568 0.4208 0.8935
vn 0.9275 0.3648 0.0812
vn 0.5908 0.6112 0.5266
vn -0.6952 -0.2574 0.6712
vn 0.9060 0.3934 -0.1560
vn -0.9994 0.0300 -0.0178
vn -0.9691 0.1610 -0.1868
vn -0.7678 0.4131 -0.4897
vn 0.4949 0.5822 -0.6451
vn 0.0276 0.6473 -0.7617
vn -0.8947 -0.3612 -0.2628
vn -0.3494 0.7973 0.4921
vn -0.0364 0.7906 0.6113
vn 0.2955 0.4881 0.8213
vn -0.0383 -0.0987 0.9944
vn -0.0319 0.3764 0.9259
vn 0.5125 0.5921 0.6219
vn -0.3705 -0.3073 0.8765
vn 0.0720 -0.5038 0.8608
vn 0.3273 -0.1564 0.9319
vn -0.2170 -0.3011 0.9286
vn -0.5945 -0.3264 0.7349
vn -0.2932 0.2804 0.9140
vn 0.4672 0.2884 0.8358
vn 0.2411 0.2973 0.9238
vn 0.1732 0.5386 0.8246
vn -0.3329 0.4056 0.8513
vn 0.1107 0.5417 0.8333
vn -0.6366 -0.0943 0.7654
vn -0.0834 -0.6867 0.7222
vn 0.4032 -0.5400 0.7388
vn 0.4116 -0.7669 0.4924
vn -0.5526 -0.6427 0.5306
vn -0.2590 -0.7697 0.5835
vn 0.7417 -0.4855 0.4628
vn 0.1366 -0.8580 0.4951
vn -0.6981 -0.4424 0.5629
vn 0.6642 -0.6368 0.3914
vn 0.0466 -0.0062 0.9989
vn 0.5290 -0.3080 0.7908
vn -0.3913 -0.5245 0.7561
vn -0.5880 -0.6904 0.4215
vn -0.6631 -0.4797 0.5746
vn 0.6665 -0.1357 0.7330
vn -0.3877 -0.5460 0.7426
vn 0.3318 0.4612 0.8229
vn 0.8990 0.3114 0.3078
vn -0.6278 -0.1192 0.7692
vn -0.6960 -0.1256 0.7070
vn -0.7576 -0.3258 0.5656
vn -0.8528 -0.2667 0.4490
vn -0.9379 -0.2252 0.2638
vn -0.2050 0.6558 -0.7266
vn -0.3038 -0.6511 -0.6956
vn -0.4443 -0.6193 -0.6473
vn 0.7041 -0.3859 -0.5960
vn 0.5051 -0.5875 -0.6323
vn 0.9477 0.0296 -0.3177
vn 0.5182 -0.6303 -0.5781
vn 0.8096 0.4340 0.3951
vn 0.8526 0.3081 0.4221
vn -0.9969 0.0538 0.0572
vn -0.4575 0.7600 0.4616
vn 0.4513 0.6923 0.5631
vn 0.2207 0.7715 0.5967
vn 0.1278 0.8095 0.5730
vn -0.1122 0.0073 0.9937
vn -0.2599 -0.0272 0.9653
vn -0.2278 -0.8529 0.4697
vn 0.3047 -0.8491 0.4314
vn 0.9001 -0.3369 0.2763
vn -0.5128 -0.4721 0.7170
vn -0.3859 -0.4150 0.8239
vn -0.7368 -0.5017 0.4533
vn 0.9793 -0.1884 0.0746
vn 0.9985 0.0550 -0.0081
vn -0.2298 -0.4160 0.8798
vn -0.6450 -0.5687 0.5105
vn 0.9539 0.2844 -0.0963
vn -0.5191 -0.1447 0.8423
vn -0.6478 -0.4174 0.6373
vn -0.6759 -0.4391 0.5918
vn -0.6470 -0.2158 0.7313
vn -0.8903 -0.3054 0.3378
vn -0.9806 0.1277 -0.1490
vn -0.4694 0.5923 -0.6549
vn -0.8438 0.3611 -0.3969
vn 0.4955 -0.5887 -0.6387
vn 0.0743 -0.6507 -0.7557
vn 0.6345 -0.5404 -0.5526
vn 0.7706 -0.5861 -0.2502
vn 0.0010 -0.1519 -0.9884
vn 0.5932 0.7938 -0.1343
vn 0.6897 0.4057 0.5997
vn 0.7569 0.4678 0.4563
vn 0.8261 0.3701 0.4250
vn -0.9841 -0.1470 -0.0998
vn -0.7757 -0.5346 0.3353
vn -0.7860 -0.5138 0.3438
vn 0.5944 -0.7214 0.3554
vn -0.7615 -0.5052 0.4061
vn -0.7840 -0.4262 0.4514
vn -0.8290 -0.3968 0.3942
vn 0.9617 0.2314 -0.1467
vn -0.9803 -0.1321 0.1470
vn 0.6344 0.5423 -0.5509
vn 0.9695 -0.1555 -0.1894
vn 0.9395 -0.1877 0.2865
vn -0.3029 -0.9013 -0.3096
vn -0.2638 -0.2850 0.9215
vn -0.0665 0.7248 0.6857
vn -0.8152 -0.4126 -0.4064
vn 0.9043 0.2576 0.3404
vn -0.8469 -0.4039 -0.3459
vn -0.6042 -0.6556 0.4528
vn 0.1491 -0.8751 0.4604
vn 0.0491 -0.8496 0.5252
vn 0.6831 -0.6546 0.3238
vn -0.8252 -0.4344 0.3610
vn 0.9186 0.3174 -0.2354
vn 0.8605 0.3802 -0.3391
vn 0.6593 0.5172 -0.5457
vn -0.7631 0.4294 -0.4830
vn -0.7142 0.4589 -0.5286
vn -0.0028 0.6903 -0.7235
vn 0.9688 -0.1344 -0.2080
vn 0.9856 0.1078 0.1300
vn -0.6999 -0.4804 -0.5286
vn -0.8394 0.4327 0.3289
vn -0.9920 0.1016 0.0749
vn -0.4184 0.7670 0.4865
vn -0.0570 0.8411 0.5379
vn 0.2867 0.7840 0.5505
vn 0.9844 -0.1702 0.0444
vn -0.7232 -0.5414 0.4288
vn -0.6704 -0.5938 0.4449
vn -0.9639 0.1787 -0.1976
vn 0.0641 -0.6964 -0.7148
vn -0.3780 -0.6297 -0.6787
vn 0.5530 -0.5366 -0.6374
vn 0.9700 0.1664 0.1775
vn -0.9941 -0.0807 -0.0723
vn 0.6401 0.5820 0.5016
vn -0.3253 -0.7697 0.5493
vn 0.4995 -0.6876 0.5269
vn -0.9994 0.0306 -0.0143
vn -0.7308 0.4519 -0.5115
vn 0.5335 0.5926 -0.6035
vn 0.5553 -0.5977 -0.5782
vn -0.6134 -0.5407 -0.5756
vn 0.9139 -0.2901 -0.2841
vn 0.8646 0.3358 0.3739
vn -0.5737 0.6269 0.5271
vn 0.9341 -0.2988 0.1952
vn 0.9851 -0.1004 0.1399
vn 0.2537 -0.6773 -0.6906
vn 0.9743 0.1411 0.1753
vn -0.8553 -0.3747 -0.3579
vn -0.9407 -0.2554 -0.2234
vn -0.5613 -0.6452 0.5183
vn -0.3009 -0.7517 0.5869
vn -0.0162 -0.7957 0.6055
vn -0.0254 0.7043 -0.7094
vn -0.2025 -0.6742 -0.7102
vn 0.9298 -0.2981 -0.2161
vn -0.7299 -0.4783 -0.4883
vn -0.9861 0.1422 0.0862
vn -0.7570 0.5319 0.3795
vn -0.8942 0.3441 0.2862
vn 0.6026 0.5740 0.5545
vn 0.4918 0.6465 0.5832
vn 0.3690 0.7031 0.6078
vn -0.1655 0.7731 0.6123
vn -0.8816 -0.3412 0.3260
vn -0.8290 0.3708 -0.4187
vn -0.3005 0.6281 -0.7178
vn 0.2406 0.6862 -0.6865
vn 0.7547 0.4630 -0.4648
vn 0.7093 -0.5075 -0.4892
vn 0.9967 -0.0102 0.0801
vn -0.8929 -0.3404 -0.2949
vn -0.6009 0.6060 0.5213
vn -0.9924 -0.0630 0.1054
vn 0.3065 0.6291 -0.7144
vn -0.3016 -0.6733 -0.6751
vn 0.2005 -0.6629 -0.7214
vn 0.8227 0.4004 0.4036
vn -0.1681 0.7593 0.6286
vn -0.5296 0.6709 0.5191
vn 0.1865 -0.7639 0.6178
vn 0.6790 -0.5373 0.5002
vn -0.8005 -0.4434 0.4031
vn -0.9536 -0.1946 0.2295
vn -0.7713 0.4680 -0.4313
vn -0.9727 0.1791 -0.1474
vn -0.3503 0.6931 -0.6301
vn 0.3053 -0.6910 -0.6552
vn 0.0239 -0.6975 -0.7161
vn 0.6389 -0.6242 -0.4497
vn -0.7738 0.4970 0.3927
vn -0.3986 -0.6751 0.6208
vn 0.0719 -0.7614 0.6443
vn -0.6423 -0.5678 0.5148
vn 0.9690 0.2154 -0.1212
vn -0.8682 -0.3511 0.3505
vn 0.8879 0.3170 -0.3334
vn 0.9170 0.2808 -0.2834
vn 0.8225 0.3775 -0.4255
vn 0.4227 0.6124 -0.6681
vn -0.2081 -0.6924 -0.6909
vn 0.9347 -0.2828 -0.2154
vn -0.8414 -0.3767 -0.3874
vn 0.2061 0.7505 0.6280
vn 0.2419 -0.7414 0.6259
vn -0.9608 0.2168 -0.1727
vn -0.1410 0.6801 -0.7194
vn -0.8110 0.4297 -0.3970
vn 0.4369 0.6270 -0.6449
vn 0.5193 -0.6071 -0.6015
vn 0.7753 -0.4394 -0.4536
vn 0.9402 0.2127 0.2662
vn 0.9979 -0.0031 0.0653
vn 0.8968 0.2994 0.3257
vn -0.8750 -0.3463 -0.3383
vn 0.6850 -0.5302 0.4997
vn 0.9414 -0.2200 0.2556
vn 0.9974 -0.0136 0.0709
vn -0.3167 0.6649 -0.6765
vn 0.6345 -0.5685 -0.5237
vn 0.8483 -0.3948 -0.3529
vn 0.9978 -0.0185 0.0643
vn 0.9486 -0.1967 -0.2478
vn -0.4908 -0.6184 -0.6138
vn -0.9897 -0.1052 -0.0971
vn -0.9804 0.1458 0.1328
vn -0.7832 0.4782 0.3973
vn -0.2880 0.7421 0.6052
vn 0.9263 0.2775 -0.2548
vn -0.9139 -0.2757 0.2979
vn -0.9953 0.0569 -0.0778
vn -0.9963 -0.0170 0.0842
vn -0.9711 0.1920 -0.1419
vn 0.4898 0.6215 -0.6114
vn 0.9903 0.0831 0.1117
vn 0.8498 0.3747 0.3706
vn 0.7704 0.4671 0.4340
vn 0.0930 0.7358 0.6708
vn 0.5511 0.6164 0.5625
vn 0.8241 -0.4078 0.3932
vn 0.9951 0.0897 -0.0417
vn 0.4000 0.6463 -0.6498
vn -0.2560 0.6647 -0.7019
vn -0.9862 0.1578 -0.0509
vn -0.8343 0.4573 -0.3081
vn 0.4145 0.6852 -0.5989
vn -0.4147 0.6202 -0.6659
vn 0.6013 -0.6039 -0.5232
vn 0.9934 -0.0951 -0.0646
vn -0.2189 -0.7588 0.6135
vn 0.4837 -0.7025 0.5221
vn 0.9686 0.1947 -0.1547
vn -0.3573 0.6928 -0.6264
vn -0.1005 -0.7091 -0.6979
vn 0.5018 -0.6449 -0.5764
vn 0.9780 -0.1689 -0.1224
vn 0.9982 -0.0533 -0.0276
vn 0.5789 0.6215 0.5279
vn -0.4730 0.7006 0.5342
vn 0.1045 0.7374 0.6673
vn -0.5283 -0.6261 0.5735
vn -0.0680 -0.7675 0.6374
vn -0.6688 -0.5373 0.5139
vn -0.8466 0.4270 -0.3176
vn 0.7090 0.4844 -0.5125
vn -0.3003 0.6371 -0.7099
vn -0.1224 0.6703 -0.7319
vn 0.4892 -0.6548 -0.5761
vn 0.7410 -0.4893 -0.4600
vn 0.9870 -0.1236 -0.1024
vn 0.9693 -0.2249 -0.0997
vn 0.9832 0.0926 0.1574
vn -0.7272 0.5253 0.4420
vn -0.3728 0.6860 0.6248
vn 0.9668 -0.1751 0.1860
vn 0.9628 -0.1595 0.2179
vn -0.7933 -0.4375 0.4234
vn -0.9902 -0.0621 0.1250
vn -0.5719 0.5409 -0.6167
vn 0.1680 0.7246 -0.6684
vn -0.0779 -0.7339 -0.6748
vn -0.7820 -0.4336 -0.4478
vn 0.9606 0.1651 0.2235
vn -0.9023 -0.3111 -0.2983
vn 0.8663 0.3613 0.3450
vn 0.7702 0.4706 0.4306
vn 0.7514 -0.4487 0.4839
vn -0.9998 0.0209 0.0039
vn -0.9097 0.2872 -0.3001
vn -0.3765 0.6638 -0.6462
vn -0.5964 0.6083 -0.5237
vn -0.5234 -0.5995 -0.6055
vn 0.9224 -0.3268 -0.2058
vn 0.9984 -0.0438 0.0370
vn -0.9116 -0.3047 -0.2761
vn -0.9903 0.0882 0.1072
vn -0.8312 0.4218 0.3622
vn -0.9002 0.3760 0.2197
vn -0.0094 0.7043 0.7098
vn -0.1206 -0.7042 0.6996
vn 0.6740 -0.5297 0.5149
vn -0.9935 0.1053 -0.0423
vn 0.5183 -0.6661 -0.5365
vn 0.9255 -0.3248 -0.1948
vn 0.9075 -0.3323 -0.2568
vn 0.0624 -0.7382 -0.6717
vn 0.5772 0.5896 0.5650
vn 0.5769 0.5985 0.5559
vn -0.1585 0.7403 0.6533
vn -0.5089 -0.6025 0.6148
vn -0.6878 -0.5220 0.5044
vn 0.9519 -0.2070 0.2261
vn 0.9451 -0.1741 0.2766
vn 0.9958 -0.0304 0.0863
vn -0.9805 -0.1129 0.1609
vn -0.8894 0.3795 -0.2549
vn -0.6621 0.5577 -0.5006
vn 0.1399 0.7050 -0.6952
vn 0.8402 0.3685 -0.3977
vn 0.9977 -0.0611 0.0295
vn -0.6489 -0.5313 -0.5447
vn 0.9326 0.2387 0.2707
vn -0.9554 -0.2219 -0.1948
vn -0.9988 -0.0455 -0.0155
vn 0.5739 0.5741 0.5841
vn 0.6095 -0.5757 0.5450
vn -0.0649 -0.6790 0.7313
vn -0.5558 -0.5993 0.5761
vn -0.9806 0.1797 -0.0781
vn -0.6284 0.5835 -0.5145
vn 0.3286 0.7035 -0.6302
vn -0.4116 0.6922 -0.5928
vn 0.9975 -0.0697 0.0097
vn -0.4136 -0.6311 -0.6562
vn 0.9756 0.1285 0.1779
vn -0.3130 0.6853 0.6575
vn -0.8508 0.3639 0.3790
vn 0.6123 -0.5361 0.5811
vn -0.9206 0.3155 -0.2301
vn -0.9998 -0.0035 0.0189
vn 0.4892 0.6512 -0.5802
vn 0.2530 -0.7140 -0.6528
vn 0.6095 -0.6059 -0.5112
vn 0.5683 0.6447 0.5113
vn 0.9394 0.2385 -0.2461
vn 0.8987 0.3002 -0.3197
vn -0.9566 0.2576 -0.1362
vn -0.7570 0.5066 -0.4127
vn 0.9640 -0.2311 -0.1315
vn 0.7822 -0.5681 -0.2560
vn 0.8943 0.3150 0.3179
vn -0.9356 0.2542 0.2449
vn 0.0813 -0.6988 0.7107
vn 0.6083 -0.5215 0.5984
vn 0.8118 -0.4054 0.4204
vn 0.9849 0.1429 -0.0982
vn 0.9638 0.2190 -0.1524
vn -0.8870 -0.3260 0.3271
vn -0.9772 -0.1131 0.1799
vn -0.9974 0.0217 0.0682
vn -0.8453 0.4359 -0.3090
vn -0.5628 0.6378 -0.5258
vn -0.6274 -0.5439 -0.5573
vn -0.1254 -0.7374 -0.6637
vn 0.5961 -0.6018 -0.5315
vn -0.9891 -0.1230 -0.0812
vn 0.1927 0.6542 0.7314
vn -0.3038 0.6965 0.6501
vn 0.4656 0.6355 0.6159
vn 0.3621 -0.7436 -0.5621
vn 0.9980 -0.0504 0.0370
vn -0.3815 -0.6701 0.6367
vn 0.9987 0.0408 0.0305
vn 0.9666 0.1936 -0.1682
vn -0.9787 0.1766 -0.1044
vn -0.9979 0.0272 0.0588
vn 0.0484 0.7710 -0.6350
vn -0.8051 0.4692 -0.3629
vn 0.7932 -0.5105 -0.3321
vn 0.8388 -0.4570 -0.2959
vn 0.9833 -0.1748 -0.0501
vn 0.9980 0.0211 0.0594
vn 0.9804 -0.1740 -0.0924
vn 0.9601 0.1565 0.2317
vn -0.8359 -0.4399 -0.3281
vn -0.9823 0.1175 0.1461
vn 0.7924 0.4571 0.4040
vn -0.4075 0.6451 0.6463
vn 0.3169 -0.6498 0.6909
vn 0.9223 -0.2222 0.3162
vn -0.6992 -0.5086 0.5024
vn -0.9603 -0.1727 0.2192
vn -0.9857 0.1670 -0.0212
vn -0.9358 0.2913 -0.1988
vn 0.6517 0.5628 -0.5084
vn -0.4417 0.6297 -0.6390
vn 0.5331 -0.6732 -0.5124
vn -0.5734 -0.5898 -0.5686
vn -0.6126 -0.5535 -0.5642
vn 0.1261 -0.7639 -0.6329
vn 0.9067 -0.3771 -0.1886
vn 0.9862 -0.1650 -0.0124
vn 0.1204 0.7415 0.6600
vn -0.4152 -0.6341 0.6523
vn 0.6093 0.5902 0.5295
vn -0.4843 0.6378 0.5989
vn 0.9245 -0.2529 0.2852
vn -0.9958 -0.0143 0.0900
vn -0.9923 0.1108 -0.0558
vn 0.3317 0.6662 -0.6680
vn -0.4623 0.6704 -0.5803
vn 0.9953 -0.0534 0.0811
vn 0.8621 0.3434 0.3725
vn 0.8603 0.3728 0.3476
vn -0.9084 0.2820 0.3088
vn -0.0534 0.7125 0.6997
vn 0.3128 -0.6714 0.6719
vn -0.8194 -0.4079 0.4027
vn -0.9276 -0.2587 0.2694
vn -0.9719 0.2094 -0.1077
vn -0.9420 0.2908 -0.1673
vn -0.1420 0.7816 -0.6074
vn -0.4486 -0.6640 -0.5982
vn 0.6778 -0.6100 -0.4105
vn 0.9986 0.0522 0.0005
vn -0.6021 -0.5979 -0.5291
vn 0.9748 -0.2108 -0.0726
vn -0.7744 -0.4578 -0.4367
vn 0.9820 0.0849 0.1689
vn 0.7977 0.4399 0.4126
vn 0.7089 0.5164 0.4804
vn -0.6517 0.5159 0.5560
vn -0.9842 -0.1027 0.1444
vn -0.9960 -0.0156 0.0884
vn -0.9975 0.0648 0.0295
vn -0.8579 0.4317 -0.2786
vn 0.4671 0.7176 -0.5166
vn -0.5105 0.6910 -0.5118
vn -0.3516 -0.7169 -0.6020
vn 0.7354 -0.5688 -0.3684
vn 0.9842 -0.1770 0.0107
vn 0.4407 0.6477 0.6215
vn 0.4519 -0.6012 0.6590
vn 0.5599 -0.5867 0.5851
vn -0.9006 0.3689 -0.2300
vn 0.8293 0.4062 -0.3838
vn -0.0672 -0.8208 -0.5672
vn -0.9284 -0.2759 -0.2488
vn -0.9879 0.0661 0.1402
vn -0.7921 0.4179 0.4449
vn -0.2202 0.6615 0.7169
vn -0.4740 0.7105 -0.5201
vn -0.9206 0.3324 -0.2049
vn 0.6510 -0.6446 -0.4008
vn -0.3621 -0.7574 -0.5434
vn 0.0355 -0.8018 -0.5965
vn 0.9839 -0.1782 0.0134
vn -0.4099 -0.6169 0.6719
vn 0.4790 -0.6036 0.6373
vn 0.9131 -0.2756 0.3004
vn -0.9578 -0.2014 0.2050
vn 0.7351 0.4971 -0.4609
vn 0.3125 0.7068 -0.6346
vn -0.4397 0.7074 -0.5533
vn 0.8350 0.3795 0.3984
vn -0.9812 -0.1691 -0.0925
vn -0.7762 0.4317 0.4595
vn -0.9458 0.1781 0.2717
vn 0.4659 0.6332 0.6181
vn -0.3943 -0.6359 0.6635
vn 0.9503 0.2338 -0.2055
vn -0.9812 -0.0989 0.1656
vn 0.2395 0.7055 -0.6670
vn -0.7354 0.5595 -0.3824
vn -0.3858 0.7619 -0.5203
vn -0.3504 -0.7599 -0.5475
vn -0.5759 -0.6148 0.5389
vn -0.2829 -0.6773 0.6791
vn -0.6830 -0.5220 0.5109
vn -0.5054 -0.6077 0.6126
vn -0.6084 0.6138 -0.5030
vn 0.2957 -0.7940 -0.5311
vn 0.8798 -0.4362 -0.1889
vn 0.9625 -0.2597 -0.0781
vn -0.7831 -0.4702 -0.4070
vn 0.9939 -0.0567 0.0945
vn 0.9716 0.0976 0.2155
vn 0.8904 0.2505 0.3801
vn -0.7640 0.4029 0.5039
vn 0.5068 0.6101 0.6090
vn 0.4271 -0.6010 0.6755
vn -0.5200 -0.5776 0.6292
vn -0.3250 -0.6711 0.6663
vn 0.9994 0.0312 0.0161
vn -0.9883 0.1510 -0.0207
vn -0.8460 0.4591 -0.2710
vn 0.1209 0.8159 -0.5654
vn 0.5903 -0.7146 -0.3754
vn -0.9909 -0.1333 -0.0174
vn -0.9468 0.1563 0.2812
vn -0.2604 0.6626 0.7023
vn 0.2984 -0.5764 0.7607
vn 0.9414 -0.2115 0.2629
vn 0.9002 -0.2794 0.3340
vn 0.9231 -0.1979 0.3298
vn 0.9797 0.1583 -0.1230
vn -0.9889 -0.0790 0.1256
vn 0.8993 0.3096 -0.3089
vn 0.7183 0.5449 -0.4326
vn -0.6026 -0.6513 -0.4611
vn 0.9423 -0.3283 -0.0662
vn -0.3520 -0.6579 0.6657
vn 0.3871 -0.6267 0.6763
vn -0.9570 0.2712 -0.1028
vn 0.8733 0.3975 -0.2818
vn -0.7194 0.6012 -0.3478
vn -0.8938 0.4136 -0.1734
vn 0.0208 0.8158 -0.5780
vn 0.4645 0.7366 -0.4916
vn 0.1235 -0.8759 -0.4665
vn 0.7534 -0.6464 -0.1208
vn 0.9610 -0.2643 0.0820
vn -0.9311 -0.3089 -0.1940
vn 0.6640 0.5287 0.5287
vn 0.4991 0.6415 0.5825
vn -0.6918 0.4303 0.5798
vn -0.0023 0.6255 0.7802
vn -0.5615 0.4566 0.6901
vn -0.3059 -0.6867 0.6594
vn -0.0348 -0.7381 0.6738
vn 0.5612 -0.5671 0.6029
vn 0.3234 -0.6119 0.7218
vn -0.7942 -0.4416 0.4174
vn -0.9899 0.1399 -0.0209
vn -0.4158 0.7565 -0.5048
vn 0.6974 -0.6912 -0.1895
vn -0.3199 -0.8374 -0.4433
vn -0.9648 0.0767 0.2516
vn -0.8239 0.3346 0.4575
vn -0.8758 0.4422 -0.1934
vn 0.5812 0.6306 -0.5144
vn -0.3917 -0.8329 -0.3910
vn 0.8065 0.3969 0.4382
vn 0.4131 0.5820 0.7004
vn 0.4640 -0.6375 0.6150
vn 0.9909 0.1258 -0.0488
vn 0.9785 -0.0949 0.1833
vn -0.9660 0.2568 -0.0286
vn -0.0516 0.7502 -0.6591
vn -0.1446 0.8482 -0.5095
vn 0.4635 -0.8482 -0.2565
vn 0.2677 -0.9561 -0.1194
vn -0.7846 -0.5907 -0.1883
vn 0.1420 0.6669 0.7315
vn -0.1512 -0.6914 0.7065
vn 0.6034 -0.5343 0.5920
vn -0.3765 -0.6514 0.6587
vn 0.9881 -0.0376 0.1491
vn -0.9178 -0.2938 0.2672
vn -0.9968 0.0008 0.0803
vn 0.9411 0.3139 -0.1260
vn -0.0552 0.8886 -0.4554
vn -0.5636 0.7423 -0.3625
vn 0.4855 0.7851 -0.3845
vn 0.9308 -0.3369 0.1416
vn 0.8968 -0.2762 0.3456
vn -0.9804 0.0187 0.1962
vn -0.9872 -0.1595 -0.0077
vn 0.4665 0.5818 0.6663
vn -0.0408 0.6364 0.7703
vn 0.6593 -0.5919 0.4637
vn 0.6971 -0.4520 0.5566
vn 0.7943 -0.3210 0.5158
vn 0.8252 0.5286 -0.1990
vn -0.6628 0.6975 -0.2724
vn -0.2029 -0.9766 -0.0707
vn 0.7184 -0.6933 0.0571
vn 0.9139 -0.0746 0.3990
vn -0.9614 -0.2710 -0.0470
vn -0.0536 -0.6887 0.7230
vn -0.8433 -0.3930 0.3667
vn -0.9774 -0.1407 0.1577
vn 0.9755 0.2085 -0.0698
vn -0.2564 0.9154 -0.3103
vn -0.8371 0.2409 0.4911
vn 0.5111 0.5481 0.6621
vn 0.1665 0.5785 0.7985
vn 0.7213 0.4364 0.5379
vn -0.5850 0.4597 0.6681
vn -0.2117 0.5919 0.7777
vn -0.3194 0.5629 0.7623
vn -0.9514 0.3076 -0.0130
vn -0.7274 -0.6461 0.2313
vn 0.1160 -0.9678 0.2234
vn -0.3853 -0.8716 0.3029
vn 0.7699 -0.6038 0.2065
vn -0.8749 -0.4836 -0.0258
vn 0.9450 0.1439 0.2938
vn 0.4592 -0.5782 0.6744
vn -0.9387 -0.1303 0.3191
vn -0.5158 0.8435 -0.1500
vn 0.3737 0.8957 -0.2410
vn -0.9454 0.0230 0.3251
vn 0.3640 0.5100 0.7793
vn 0.8271 0.2481 0.5043
vn -0.7939 0.2280 0.5637
vn -0.6374 0.3663 0.6778
vn -0.3976 0.4554 0.7966
vn -0.0693 -0.6398 0.7654
vn -0.3729 -0.6126 0.6969
vn -0.8457 -0.2815 0.4535
vn -0.7474 0.6624 0.0523
vn 0.3954 -0.8006 0.4502
vn -0.9446 -0.2240 0.2399
vn 0.8197 -0.0107 0.5727
vn 0.4534 0.5740 0.6819
vn -0.6681 -0.4924 0.5579
vn 0.5049 -0.5015 0.7026
vn 0.9899 0.0869 0.1118
vn 0.8258 0.5630 0.0347
vn 0.9433 0.3272 0.0564
vn 0.1734 0.9790 -0.1075
vn 0.6307 0.7754 -0.0329
vn -0.8509 -0.4889 0.1920
vn 0.6550 -0.4533 0.6045
vn 0.7611 0.3322 0.5570
vn -0.1374 0.5346 0.8339
vn -0.7585 0.2381 0.6066
vn -0.4690 0.4948 0.7316
vn 0.2854 0.6221 0.7291
vn 0.1523 0.5215 0.8396
vn 0.8491 -0.2665 0.4560
vn -0.9679 0.1263 0.2175
vn 0.0055 -0.8401 0.5423
vn -0.3777 -0.7541 0.5372
vn -0.7545 -0.4224 0.5023
vn -0.9216 -0.0784 0.3801
vn -0.6847 0.1980 0.7014
vn -0.4988 0.3953 0.7713
vn -0.8563 0.0009 0.5165
vn -0.7404 0.1515 0.6549
vn 0.0834 -0.6320 0.7705
vn -0.6831 -0.4740 0.5555
vn 0.6380 -0.4270 0.6409
vn 0.8970 -0.2044 0.3919
vn -0.7230 0.6274 0.2894
vn -0.3387 0.9315 0.1325
vn 0.2837 -0.5313 0.7983
vn 0.0659 0.4268 0.9019
vn -0.5108 -0.5732 0.6407
vn -0.7288 -0.4049 0.5522
vn 0.9668 0.2089 0.1475
vn 0.2233 0.9642 0.1429
vn -0.2977 -0.5696 0.7661
vn 0.4428 -0.2269 0.8674
vn -0.6297 -0.0514 0.7751
vn 0.5526 0.1490 0.8200
vn -0.2139 0.0570 0.9752
vn 0.4066 0.3116 0.8589
vn -0.3951 0.1860 0.8996
vn 0.0733 -0.5991 0.7973
vn 0.0659 -0.5892 0.8053
vn -0.5081 -0.5594 0.6549
vn 0.3706 -0.5223 0.7680
vn 0.6191 -0.3261 0.7144
vn 0.9077 0.0219 0.4191
vn -0.8372 0.1933 0.5116
vn 0.4115 0.8196 0.3985
vn -0.2463 -0.2920 0.9241
vn 0.1938 -0.0391 0.9803
vn -0.1526 -0.5522 0.8197
vn -0.7937 -0.1958 0.5759
vn 0.7471 0.5864 0.3129
vn -0.4232 0.6265 0.6546
vn -0.2479 0.8341 0.4928
vn 0.8801 0.3408 0.3306
vn 0.1999 0.7861 0.5848
vn 0.3762 0.7151 0.5891
vn -0.3653 -0.5465 0.7536
vn -0.5496 -0.3910 0.7383
vn 0.0263 -0.4141 0.9099
vn 0.5963 -0.1833 0.7816
vn 0.7780 0.0684 0.6246
vn 0.7809 0.3187 0.5371
vn 0.8180 0.3242 0.4752
vn -0.6954 0.0253 0.7182
vn 0.6229 0.4213 0.6592
vn 0.3009 0.5834 0.7544
vn -0.3358 0.3974 0.8540
vn 0.2012 -0.2475 0.9478
vn -0.3825 -0.2277 0.8955
vn 0.1982 0.2505 0.9476
vn -0.3726 -0.0309 0.9275
vn 0.3707 0.0374 0.9280
vn -0.9501 0.3078 -0.0504
vt 0.017016 0.297777
vt 0.016799 0.297457
vt 0.017570 0.297274
vt 0.016507 0.297890
vt 0.017078 0.297910
vt 0.017727 0.297434
vt 0.017219 0.298002
vt 0.016425 0.298151
vt 0.033779 0.576839
vt 0.034339 0.576906
vt 0.034450 0.577355
vt 0.033963 0.576583
vt 0.017925 0.297697
vt 0.018242 0.297177
vt 0.033285 0.575809
vt 0.032769 0.575113
vt 0.034114 0.576212
vt 0.018231 0.296582
vt 0.017456 0.296688
vt 0.018356 0.295916
vt 0.018724 0.296277
vt 0.018964 0.296972
vt 0.018165 0.297663
vt 0.034861 0.576780
vt 0.016060 0.297636
vt 0.016528 0.296822
vt 0.033516 0.576049
vt 0.034971 0.575960
vt 0.033978 0.575402
vt 0.017735 0.295892
vt 0.018633 0.295650
vt 0.019079 0.295601
vt 0.018358 0.295237
vt 0.018711 0.294880
vt 0.018959 0.294963
vt 0.031983 0.573850
vt 0.032043 0.573578
vt 0.031435 0.572993
vt 0.035082 0.577733
vt 0.035062 0.577332
vt 0.015833 0.298126
vt 0.015487 0.297844
vt 0.035988 0.577380
vt 0.035783 0.577848
vt 0.035370 0.576946
vt 0.015059 0.297223
vt 0.033004 0.573833
vt 0.016502 0.295600
vt 0.017211 0.294192
vt 0.018256 0.294660
vt 0.019430 0.294761
vt 0.035896 0.576679
vt 0.036170 0.575522
vt 0.015585 0.296549
vt 0.031905 0.572774
vt 0.018575 0.294553
vt 0.019239 0.293864
vt 0.018846 0.293726
vt 0.019658 0.294039
vt 0.031241 0.572609
vt 0.019904 0.293271
vt 0.019940 0.293565
vt 0.036332 0.577700
vt 0.014718 0.297681
vt 0.036551 0.577822
vt 0.037208 0.577276
vt 0.037622 0.577315
vt 0.014463 0.297220
vt 0.013884 0.297064
vt 0.033909 0.573271
vt 0.031309 0.572044
vt 0.019211 0.293587
vt 0.031196 0.572383
vt 0.036851 0.577072
vt 0.036405 0.576932
vt 0.036333 0.576722
vt 0.013819 0.295898
vt 0.015436 0.289598
vt 0.019278 0.292213
vt 0.019315 0.293066
vt 0.987527 0.613184
vt 0.986855 0.611597
vt 0.987684 0.612643
vt 0.019772 0.292520
vt 0.020090 0.292643
vt 0.037187 0.576482
vt 0.012277 0.290611
vt 0.013727 0.290387
vt 0.019902 0.292632
vt 0.019979 0.292056
vt 0.020496 0.291617
vt 0.020346 0.291397
vt 0.037653 0.574545
vt 0.038060 0.575226
vt 0.035846 0.573337
vt 0.988204 0.612341
vt 0.986967 0.609314
vt 0.988989 0.612401
vt 0.986532 0.610208
vt 0.986832 0.610791
vt 0.019953 0.291286
vt 0.020073 0.290586
vt 0.037969 0.576052
vt 0.038212 0.576280
vt 0.013071 0.294085
vt 0.991804 0.612797
vt 0.019682 0.289935
vt 0.020068 0.290120
vt 0.038788 0.575907
vt 0.012863 0.295224
vt 0.016899 0.287939
vt 0.019452 0.287263
vt 0.013438 0.359855
vt 0.013545 0.359540
vt 0.014054 0.359857
vt 0.012795 0.359668
vt 0.039426 0.575399
vt 0.039726 0.576344
vt 0.987046 0.606089
vt 0.986410 0.609432
vt 0.020137 0.289537
vt 0.020195 0.289694
vt 0.038862 0.575348
vt 0.038691 0.575223
vt 0.039425 0.574658
vt 0.040856 0.573529
vt 0.012362 0.359026
vt 0.013052 0.359195
vt 0.011059 0.359143
vt 0.011896 0.358965
vt 0.012332 0.293269
vt 0.040266 0.575162
vt 0.041056 0.575091
vt 0.012409 0.358671
vt 0.020457 0.287842
vt 0.039968 0.574750
vt 0.988157 0.605051
vt 0.993740 0.612716
vt 0.020066 0.286753
vt 0.010475 0.358535
vt 0.040165 0.574447
vt 0.040652 0.574690
vt 0.041810 0.573679
vt 0.986218 0.605028
vt 0.010272 0.358762
vt 0.040992 0.574455
vt 0.010167 0.359235
vt 0.041456 0.574304
vt 0.041750 0.574562
vt 0.011601 0.291837
vt 0.008408 0.357629
vt 0.009509 0.358430
vt 0.009713 0.358892
vt 0.041435 0.574168
vt 0.008662 0.358957
vt 0.009177 0.358173
vt 0.042435 0.573797
vt 0.042582 0.574385
vt 0.043198 0.573756
vt 0.011369 0.291258
vt 0.993136 0.605453
vt 0.994499 0.610139
vt 0.018505 0.285170
vt 0.020022 0.284619
vt 0.006679 0.358388
vt 0.008274 0.357020
vt 0.008805 0.358490
vt 0.008431 0.358342
vt 0.043119 0.573370
vt 0.011989 0.288611
vt 0.008810 0.358106
vt 0.008449 0.358120
vt 0.042937 0.573764
vt 0.011015 0.291712
vt 0.010960 0.291397
vt 0.986488 0.604328
vt 0.019363 0.284080
vt 0.007401 0.358372
vt 0.007775 0.358066
vt 0.006897 0.357038
vt 0.007982 0.357963
vt 0.011047 0.291080
vt 0.011241 0.290406
vt 0.941545 0.976362
vt 0.946693 0.976085
vt 0.942970 0.977869
vt 0.943046 0.974505
vt 0.007514 0.357576
vt 0.006917 0.356744
vt 0.043536 0.573491
vt 0.043390 0.573401
vt 0.010750 0.291596
vt 0.045246 0.572752
vt 0.046145 0.572193
vt 0.115309 0.869993
vt 0.114463 0.871085
vt 0.113371 0.870349
vt 0.112544 0.868975
vt 0.006860 0.357945
vt 0.006561 0.357088
vt 0.006891 0.357579
vt 0.010639 0.290826
vt 0.010603 0.291398
vt 0.043822 0.573372
vt 0.043575 0.573310
vt 0.044756 0.573002
vt 0.115479 0.871975
vt 0.112462 0.871898
vt 0.113613 0.871442
vt 0.108367 0.880005
vt 0.106314 0.880538
vt 0.106038 0.879551
vt 0.006133 0.357619
vt 0.945950 0.985479
vt 0.945719 0.984755
vt 0.946378 0.985051
vt 0.106523 0.881788
vt 0.105969 0.881347
vt 0.106533 0.881093
vt 0.105686 0.880736
vt 0.106762 0.880769
vt 0.114942 0.871434
vt 0.115260 0.871201
vt 0.115020 0.871818
vt 0.116086 0.872900
vt 0.111702 0.872992
vt 0.110444 0.871754
vt 0.946557 0.984419
vt 0.112720 0.871497
vt 0.112493 0.870900
vt 0.112115 0.870029
vt 0.104296 0.880206
vt 0.946380 0.983482
vt 0.104988 0.880887
vt 0.103966 0.881737
vt 0.113042 0.871122
vt 0.105332 0.880462
vt 0.945633 0.982501
vt 0.947970 0.982882
vt 0.947238 0.984474
vt 0.105243 0.881827
vt 0.104553 0.880794
vt 0.111992 0.870735
vt 0.111655 0.870531
vt 0.111979 0.871287
vt 0.111287 0.869592
vt 0.109204 0.877692
vt 0.104802 0.877299
vt 0.098556 0.877777
vt 0.103989 0.880864
vt 0.110623 0.870261
vt 0.942396 0.979962
vt 0.948400 0.978780
vt 0.103505 0.880517
vt 0.101997 0.880966
vt 0.110833 0.870901
vt 0.110801 0.871112
vt 0.948555 0.981268
vt 0.103051 0.879868
vt 0.101134 0.879472
vt 0.948418 0.985065
vt 0.100576 0.881704
vt 0.101353 0.881456
vt 0.101749 0.880633
vt 0.110587 0.870560
vt 0.108568 0.869614
vt 0.108885 0.869087
vt 0.946425 0.974811
vt 0.103497 0.874983
vt 0.101901 0.880177
vt 0.109961 0.870860
vt 0.109846 0.870208
vt 0.109375 0.870052
vt 0.108850 0.871133
vt 0.953097 0.979936
vt 0.099787 0.880607
vt 0.108505 0.870437
vt 0.951018 0.978077
vt 0.101093 0.880201
vt 0.108949 0.870244
vt 0.104647 0.871377
vt 0.097142 0.880321
vt 0.100630 0.880055
vt 0.100234 0.880471
vt 0.108963 0.870028
vt 0.107449 0.869535
vt 0.107108 0.868999
vt 0.949406 0.975213
vt 0.948549 0.974805
vt 0.108415 0.869940
vt 0.107989 0.869832
vt 0.098526 0.873821
vt 0.099848 0.880100
vt 0.108354 0.870122
vt 0.107748 0.870388
vt 0.105627 0.870401
vt 0.950631 0.976946
vt 0.307036 0.876240
vt 0.310382 0.882645
vt 0.307415 0.879306
vt 0.099436 0.880275
vt 0.108071 0.870213
vt 0.108111 0.869992
vt 0.107417 0.869828
vt 0.106772 0.869605
vt 0.106432 0.869312
vt 0.105958 0.868821
vt 0.950701 0.976076
vt 0.098109 0.878525
vt 0.097279 0.878870
vt 0.099240 0.879976
vt 0.098472 0.879916
vt 0.107205 0.870240
vt 0.106269 0.870111
vt 0.106382 0.869866
vt 0.095660 0.877543
vt 0.096363 0.879987
vt 0.098223 0.879581
vt 0.096929 0.879393
vt 0.106329 0.869658
vt 0.105409 0.869227
vt 0.104622 0.868489
vt 0.103719 0.869935
vt 0.309506 0.882889
vt 0.307960 0.881692
vt 0.104383 0.867591
vt 0.104156 0.868451
vt 0.103329 0.868247
vt 0.105167 0.869671
vt 0.104298 0.869136
vt 0.095663 0.879541
vt 0.096031 0.879369
vt 0.095962 0.878685
vt 0.103793 0.869426
vt 0.104058 0.868951
vt 0.102882 0.867221
vt 0.101495 0.866670
vt 0.103201 0.865814
vt 0.103699 0.868360
vt 0.102883 0.868128
vt 0.094901 0.877937
vt 0.096195 0.880358
vt 0.094038 0.879715
vt 0.094387 0.878517
vt 0.103693 0.869179
vt 0.103101 0.869661
vt 0.102197 0.869600
vt 0.100919 0.870079
vt 0.102329 0.868165
vt 0.101163 0.867596
vt 0.100927 0.865122
vt 0.095373 0.879272
vt 0.102422 0.868542
vt 0.308459 0.876348
vt 0.314250 0.884140
vt 0.094062 0.878799
vt 0.092448 0.878656
vt 0.102679 0.868920
vt 0.102171 0.869231
vt 0.093722 0.871100
vt 0.098255 0.865828
vt 0.100669 0.867400
vt 0.099806 0.866997
vt 0.311413 0.877817
vt 0.102076 0.868922
vt 0.315773 0.882381
vt 0.093636 0.877171
vt 0.093423 0.876296
vt 0.093510 0.878482
vt 0.093239 0.877596
vt 0.101554 0.868617
vt 0.101050 0.868279
vt 0.100751 0.868685
vt 0.099954 0.868699
vt 0.099941 0.869374
vt 0.100978 0.868067
vt 0.100732 0.867774
vt 0.099596 0.867601
vt 0.099234 0.867362
vt 0.696009 0.824107
vt 0.695184 0.825144
vt 0.695226 0.824679
vt 0.313819 0.887190
vt 0.092853 0.878167
vt 0.092776 0.877978
vt 0.100816 0.868398
vt 0.100089 0.867966
vt 0.315355 0.886705
vt 0.090926 0.878819
vt 0.092034 0.878250
vt 0.092620 0.877691
vt 0.092519 0.877542
vt 0.091126 0.878195
vt 0.099654 0.868289
vt 0.096460 0.869025
vt 0.098446 0.868707
vt 0.098686 0.868460
vt 0.098723 0.867968
vt 0.097284 0.868607
vt 0.099060 0.867770
vt 0.098609 0.867273
vt 0.097347 0.865668
vt 0.313233 0.889046
vt 0.089668 0.879350
vt 0.092288 0.877388
vt 0.091305 0.877836
vt 0.091109 0.878464
vt 0.098384 0.867950
vt 0.097792 0.864226
vt 0.315947 0.884093
vt 0.694082 0.825850
vt 0.694425 0.826031
vt 0.098362 0.868115
vt 0.317120 0.879162
vt 0.317602 0.878910
vt 0.317766 0.879415
vt 0.317362 0.880355
vt 0.317249 0.881189
vt 0.315702 0.880858
vt 0.316837 0.881360
vt 0.317071 0.882873
vt 0.691880 0.827419
vt 0.693199 0.826852
vt 0.695316 0.826100
vt 0.694354 0.827454
vt 0.694568 0.826507
vt 0.097341 0.868135
vt 0.097677 0.867829
vt 0.317882 0.879888
vt 0.095346 0.869311
vt 0.315137 0.889660
vt 0.695583 0.826530
vt 0.695456 0.827281
vt 0.694639 0.827939
vt 0.693703 0.826934
vt 0.693489 0.827672
vt 0.692745 0.827460
vt 0.692683 0.828005
vt 0.096093 0.868623
vt 0.096118 0.868386
vt 0.317753 0.880154
vt 0.317916 0.880422
vt 0.317956 0.880771
vt 0.317973 0.881775
vt 0.690510 0.827329
vt 0.693186 0.828695
vt 0.318444 0.880254
vt 0.317291 0.883944
vt 0.316573 0.885188
vt 0.314642 0.890252
vt 0.695055 0.828648
vt 0.693576 0.829216
vt 0.694148 0.829058
vt 0.318696 0.881036
vt 0.094900 0.868955
vt 0.317577 0.882757
vt 0.318188 0.882753
vt 0.321939 0.881807
vt 0.319629 0.881616
vt 0.319777 0.881336
vt 0.322586 0.885880
vt 0.690655 0.825181
vt 0.317055 0.886186
vt 0.691186 0.828546
vt 0.692088 0.828304
vt 0.691922 0.829213
vt 0.692492 0.829048
vt 0.318861 0.880414
vt 0.318857 0.882697
vt 0.317950 0.884091
vt 0.317820 0.884858
vt 0.316386 0.887310
vt 0.690103 0.828917
vt 0.319120 0.881771
vt 0.319502 0.881162
vt 0.317673 0.883419
vt 0.318009 0.883641
vt 0.318196 0.886026
vt 0.691496 0.829108
vt 0.694156 0.829878
vt 0.693095 0.830191
vt 0.181745 0.389506
vt 0.182469 0.388539
vt 0.184373 0.389799
vt 0.319589 0.882279
vt 0.323443 0.885194
vt 0.317951 0.887994
vt 0.316764 0.888274
vt 0.316292 0.889196
vt 0.690257 0.829691
vt 0.694712 0.829425
vt 0.315570 0.890699
vt 0.314821 0.891139
vt 0.691193 0.830053
vt 0.181655 0.391277
vt 0.180886 0.389911
vt 0.183467 0.388228
vt 0.185141 0.388549
vt 0.318614 0.883689
vt 0.320355 0.883836
vt 0.318295 0.884417
vt 0.318333 0.884980
vt 0.318288 0.885614
vt 0.318317 0.886937
vt 0.687356 0.827299
vt 0.688508 0.828390
vt 0.316259 0.890112
vt 0.316184 0.890507
vt 0.694682 0.829850
vt 0.692365 0.830349
vt 0.692032 0.831096
vt 0.170348 0.392416
vt 0.170190 0.391854
vt 0.170896 0.392085
vt 0.179840 0.391068
vt 0.178206 0.391612
vt 0.177996 0.391141
vt 0.179396 0.390647
vt 0.180159 0.388671
vt 0.320288 0.884565
vt 0.318907 0.884263
vt 0.319587 0.884306
vt 0.319442 0.885297
vt 0.318638 0.885640
vt 0.318488 0.886424
vt 0.317837 0.888841
vt 0.317816 0.889515
vt 0.687351 0.828630
vt 0.686834 0.828291
vt 0.316786 0.889710
vt 0.689067 0.829584
vt 0.315503 0.891081
vt 0.316108 0.890842
vt 0.314930 0.891529
vt 0.690073 0.830882
vt 0.315282 0.891521
vt 0.315035 0.891943
vt 0.167125 0.390830
vt 0.166638 0.392834
vt 0.165981 0.391903
vt 0.167267 0.392453
vt 0.167809 0.391426
vt 0.165260 0.391241
vt 0.165713 0.388815
vt 0.168728 0.391301
vt 0.168483 0.392098
vt 0.168768 0.392451
vt 0.169164 0.391890
vt 0.694939 0.830117
vt 0.169567 0.392494
vt 0.694100 0.830386
vt 0.168558 0.389733
vt 0.169477 0.390957
vt 0.693368 0.830613
vt 0.692702 0.830946
vt 0.166178 0.386436
vt 0.169745 0.389337
vt 0.169907 0.390345
vt 0.170874 0.390920
vt 0.163823 0.387204
vt 0.168027 0.386249
vt 0.169902 0.388193
vt 0.170306 0.389888
vt 0.170416 0.388322
vt 0.162976 0.385414
vt 0.169275 0.385974
vt 0.169908 0.387048
vt 0.170965 0.386693
vt 0.166055 0.383787
vt 0.164225 0.382669
vt 0.169426 0.383732
vt 0.172231 0.384211
vt 0.165210 0.380819
vt 0.180413 0.387666
vt 0.181027 0.387483
vt 0.318890 0.886946
vt 0.318557 0.887601
vt 0.317997 0.890005
vt 0.317496 0.890016
vt 0.687917 0.829172
vt 0.316935 0.890329
vt 0.316521 0.890449
vt 0.689095 0.830538
vt 0.689851 0.831729
vt 0.689010 0.831032
vt 0.689896 0.831367
vt 0.315971 0.891302
vt 0.315636 0.891702
vt 0.164806 0.392835
vt 0.164720 0.390885
vt 0.165906 0.392693
vt 0.167903 0.392662
vt 0.690945 0.830812
vt 0.690892 0.831377
vt 0.691941 0.831601
vt 0.164029 0.389504
vt 0.161992 0.387349
vt 0.162061 0.389270
vt 0.161072 0.388731
vt 0.172065 0.391917
vt 0.171474 0.390275
vt 0.691796 0.834002
vt 0.692618 0.834400
vt 0.693355 0.835801
vt 0.162360 0.384143
vt 0.160757 0.385873
vt 0.170935 0.389392
vt 0.172378 0.390644
vt 0.171623 0.389286
vt 0.171626 0.388480
vt 0.177511 0.391052
vt 0.176934 0.391936
vt 0.176730 0.390990
vt 0.161402 0.384130
vt 0.170847 0.388170
vt 0.171275 0.386813
vt 0.171420 0.387523
vt 0.178643 0.390701
vt 0.177764 0.390279
vt 0.162311 0.382641
vt 0.172561 0.386433
vt 0.163845 0.381146
vt 0.172669 0.385754
vt 0.173250 0.385085
vt 0.179408 0.389042
vt 0.179842 0.388567
vt 0.179359 0.389668
vt 0.179492 0.388829
vt 0.179221 0.387933
vt 0.170417 0.381481
vt 0.171380 0.382496
vt 0.173862 0.383320
vt 0.173682 0.382187
vt 0.181861 0.387586
vt 0.786276 0.731112
vt 0.787460 0.731407
vt 0.786899 0.731577
vt 0.786033 0.732319
vt 0.785274 0.733035
vt 0.786877 0.732457
vt 0.786234 0.732855
vt 0.320797 0.884746
vt 0.318877 0.886115
vt 0.318064 0.888408
vt 0.686316 0.828846
vt 0.686428 0.829800
vt 0.318187 0.889382
vt 0.317615 0.890468
vt 0.688610 0.830526
vt 0.316595 0.890857
vt 0.165406 0.393343
vt 0.316288 0.891414
vt 0.163289 0.391864
vt 0.163584 0.393937
vt 0.163614 0.393300
vt 0.316860 0.891267
vt 0.163398 0.393148
vt 0.162602 0.390085
vt 0.161774 0.391945
vt 0.690459 0.831539
vt 0.690803 0.832205
vt 0.691046 0.832105
vt 0.160914 0.387478
vt 0.160012 0.387268
vt 0.161168 0.390127
vt 0.172916 0.392346
vt 0.173573 0.391587
vt 0.173891 0.392318
vt 0.159921 0.385034
vt 0.161044 0.382585
vt 0.173504 0.390067
vt 0.172523 0.389507
vt 0.171900 0.387862
vt 0.176908 0.390443
vt 0.172556 0.386821
vt 0.178303 0.389397
vt 0.177114 0.389947
vt 0.177751 0.389864
vt 0.173487 0.385900
vt 0.172963 0.386601
vt 0.162856 0.380480
vt 0.174176 0.384522
vt 0.174317 0.384941
vt 0.174586 0.385268
vt 0.176568 0.384946
vt 0.175987 0.384677
vt 0.176851 0.384662
vt 0.176074 0.385032
vt 0.176857 0.385697
vt 0.179929 0.387058
vt 0.179595 0.386559
vt 0.164656 0.379548
vt 0.175920 0.384271
vt 0.176593 0.384107
vt 0.177348 0.385049
vt 0.179832 0.386116
vt 0.174530 0.383228
vt 0.175136 0.384005
vt 0.175745 0.383415
vt 0.179342 0.386111
vt 0.174337 0.381438
vt 0.172461 0.380267
vt 0.173875 0.379617
vt 0.176833 0.383440
vt 0.176262 0.383563
vt 0.018963 0.542605
vt 0.018271 0.543020
vt 0.018553 0.542619
vt 0.788129 0.731186
vt 0.787470 0.731767
vt 0.786947 0.731911
vt 0.785768 0.733664
vt 0.319784 0.884813
vt 0.320913 0.885615
vt 0.321863 0.886188
vt 0.319719 0.887007
vt 0.319065 0.887126
vt 0.323780 0.886642
vt 0.319041 0.887737
vt 0.686020 0.828349
vt 0.319304 0.888029
vt 0.319379 0.888945
vt 0.318715 0.889518
vt 0.317818 0.890311
vt 0.688039 0.830386
vt 0.688075 0.831510
vt 0.688283 0.830998
vt 0.159837 0.389555
vt 0.159404 0.391102
vt 0.692019 0.832088
vt 0.691524 0.831921
vt 0.691696 0.832319
vt 0.159451 0.388765
vt 0.159324 0.387100
vt 0.174622 0.391889
vt 0.174340 0.392364
vt 0.174212 0.391115
vt 0.176113 0.392007
vt 0.174151 0.390401
vt 0.175903 0.391572
vt 0.913397 0.210527
vt 0.914118 0.210095
vt 0.914482 0.212465
vt 0.913728 0.212786
vt 0.172138 0.389175
vt 0.175230 0.390828
vt 0.175138 0.390110
vt 0.176117 0.390859
vt 0.176093 0.390312
vt 0.172355 0.388255
vt 0.173203 0.389266
vt 0.173524 0.388428
vt 0.174296 0.388864
vt 0.175965 0.389614
vt 0.172794 0.388001
vt 0.172940 0.387249
vt 0.175782 0.390084
vt 0.176260 0.388832
vt 0.177249 0.388480
vt 0.177598 0.389730
vt 0.173500 0.387195
vt 0.173702 0.386489
vt 0.175278 0.388388
vt 0.175467 0.387799
vt 0.176107 0.387156
vt 0.177373 0.386703
vt 0.177753 0.387285
vt 0.174734 0.385832
vt 0.175699 0.385620
vt 0.175152 0.384762
vt 0.177695 0.385818
vt 0.178296 0.385463
vt 0.163355 0.379043
vt 0.788831 0.730878
vt 0.787914 0.732083
vt 0.177944 0.384924
vt 0.790878 0.731790
vt 0.790357 0.732772
vt 0.790043 0.732115
vt 0.170209 0.379426
vt 0.165171 0.377620
vt 0.165814 0.377034
vt 0.163935 0.377878
vt 0.175162 0.382185
vt 0.176054 0.382757
vt 0.017879 0.543037
vt 0.017427 0.543451
vt 0.017737 0.542795
vt 0.791096 0.732266
vt 0.786809 0.733510
vt 0.785472 0.734412
vt 0.321029 0.886785
vt 0.320170 0.886609
vt 0.320842 0.887423
vt 0.319391 0.887409
vt 0.685606 0.828182
vt 0.317907 0.890531
vt 0.318419 0.890206
vt 0.162421 0.394073
vt 0.162493 0.393514
vt 0.686999 0.830351
vt 0.687520 0.830572
vt 0.687597 0.831644
vt 0.686898 0.831226
vt 0.687579 0.831076
vt 0.162189 0.393050
vt 0.161104 0.392894
vt 0.161588 0.393191
vt 0.912813 0.206531
vt 0.913764 0.205740
vt 0.912911 0.207092
vt 0.913502 0.204856
vt 0.691468 0.832561
vt 0.914394 0.206629
vt 0.913416 0.208682
vt 0.692357 0.832593
vt 0.914451 0.208074
vt 0.175327 0.391919
vt 0.174906 0.392502
vt 0.692796 0.833712
vt 0.692912 0.833047
vt 0.693196 0.834233
vt 0.175203 0.391471
vt 0.175399 0.392692
vt 0.914509 0.214205
vt 0.161385 0.381007
vt 0.174474 0.387445
vt 0.174120 0.386920
vt 0.162547 0.379661
vt 0.175194 0.386597
vt 0.175764 0.386207
vt 0.176777 0.386286
vt 0.177164 0.386193
vt 0.178278 0.386204
vt 0.177141 0.386060
vt 0.789520 0.733044
vt 0.789498 0.732491
vt 0.789151 0.734022
vt 0.175193 0.381349
vt 0.016219 0.542917
vt 0.016009 0.544894
vt 0.015105 0.544038
vt 0.171028 0.377700
vt 0.786224 0.734768
vt 0.785621 0.738173
vt 0.784080 0.737906
vt 0.785532 0.736225
vt 0.321936 0.886721
vt 0.320082 0.887658
vt 0.323402 0.887075
vt 0.322590 0.886822
vt 0.319701 0.888165
vt 0.323823 0.887192
vt 0.319749 0.888812
vt 0.319508 0.889513
vt 0.685099 0.829046
vt 0.319468 0.890023
vt 0.160601 0.394374
vt 0.160896 0.393941
vt 0.913451 0.202261
vt 0.914261 0.202666
vt 0.691952 0.832889
vt 0.691800 0.832945
vt 0.692195 0.832763
vt 0.692173 0.832996
vt 0.692532 0.833576
vt 0.914651 0.209020
vt 0.915550 0.206982
vt 0.914630 0.211349
vt 0.914966 0.213273
vt 0.915036 0.214304
vt 0.914827 0.215610
vt 0.915682 0.215573
vt 0.915700 0.216298
vt 0.915133 0.216529
vt 0.916094 0.217130
vt 0.789173 0.733453
vt 0.916650 0.216793
vt 0.917295 0.217617
vt 0.163883 0.376874
vt 0.788407 0.735445
vt 0.788711 0.734508
vt 0.014855 0.543147
vt 0.015002 0.543804
vt 0.172880 0.377758
vt 0.786980 0.735720
vt 0.322319 0.887992
vt 0.321532 0.887909
vt 0.322557 0.887581
vt 0.320518 0.888244
vt 0.684918 0.828463
vt 0.684405 0.828673
vt 0.684207 0.829666
vt 0.683719 0.829356
vt 0.684617 0.830223
vt 0.685226 0.830746
vt 0.159930 0.393227
vt 0.160458 0.393664
vt 0.685930 0.830632
vt 0.686161 0.831137
vt 0.704189 0.931810
vt 0.703477 0.931601
vt 0.704301 0.931302
vt 0.914337 0.204883
vt 0.914713 0.203906
vt 0.691942 0.833143
vt 0.915004 0.210540
vt 0.915156 0.211717
vt 0.915684 0.211485
vt 0.914900 0.212204
vt 0.915872 0.214090
vt 0.916067 0.215061
vt 0.917759 0.217078
vt 0.918540 0.217538
vt 0.918884 0.217956
vt 0.164982 0.376080
vt 0.831074 0.958445
vt 0.831771 0.958928
vt 0.831559 0.959721
vt 0.830466 0.959669
vt 0.826140 0.959212
vt 0.825420 0.960924
vt 0.824470 0.959448
vt 0.015895 0.546935
vt 0.015013 0.548503
vt 0.014441 0.546210
vt 0.013929 0.544290
vt 0.013515 0.549075
vt 0.012444 0.547561
vt 0.785371 0.738614
vt 0.785424 0.740885
vt 0.323027 0.887521
vt 0.320599 0.888651
vt 0.323597 0.887550
vt 0.321346 0.888021
vt 0.320736 0.889444
vt 0.324082 0.887715
vt 0.159985 0.394850
vt 0.160058 0.394152
vt 0.319665 0.889653
vt 0.320037 0.889768
vt 0.912101 0.200759
vt 0.912585 0.200602
vt 0.912706 0.201434
vt 0.912967 0.202325
vt 0.913097 0.201149
vt 0.704105 0.930808
vt 0.685251 0.831135
vt 0.685776 0.831038
vt 0.704620 0.931152
vt 0.704711 0.930781
vt 0.916311 0.204729
vt 0.915658 0.207611
vt 0.915202 0.209291
vt 0.915445 0.209766
vt 0.915966 0.207905
vt 0.915925 0.209404
vt 0.916003 0.210286
vt 0.916479 0.210487
vt 0.916147 0.213533
vt 0.916691 0.212015
vt 0.916947 0.212970
vt 0.916891 0.214529
vt 0.916705 0.213807
vt 0.917659 0.214815
vt 0.917035 0.215906
vt 0.163973 0.375707
vt 0.832744 0.959870
vt 0.014038 0.543517
vt 0.014393 0.543047
vt 0.827839 0.960432
vt 0.830609 0.961262
vt 0.786066 0.737037
vt 0.321905 0.888451
vt 0.321590 0.888874
vt 0.323364 0.887833
vt 0.321392 0.889183
vt 0.323806 0.887979
vt 0.324485 0.888111
vt 0.321396 0.889501
vt 0.320431 0.890088
vt 0.683288 0.828977
vt 0.913553 0.200361
vt 0.913734 0.201245
vt 0.703073 0.930515
vt 0.703600 0.929670
vt 0.684586 0.831074
vt 0.915074 0.202820
vt 0.916697 0.203487
vt 0.684895 0.831527
vt 0.705044 0.930560
vt 0.704658 0.929025
vt 0.704958 0.929264
vt 0.916422 0.208551
vt 0.916420 0.209565
vt 0.916837 0.209471
vt 0.917235 0.211145
vt 0.917451 0.208789
vt 0.917493 0.210630
vt 0.917659 0.212573
vt 0.917338 0.213231
vt 0.917816 0.213354
vt 0.917199 0.214135
vt 0.917719 0.214338
vt 0.917736 0.215308
vt 0.918004 0.216436
vt 0.013540 0.543792
vt 0.013222 0.542999
vt 0.828295 0.961583
vt 0.826512 0.962405
vt 0.323081 0.888225
vt 0.322541 0.888578
vt 0.324021 0.888328
vt 0.324888 0.888770
vt 0.681799 0.829613
vt 0.681114 0.829301
vt 0.321868 0.889369
vt 0.321836 0.889795
vt 0.682607 0.829950
vt 0.917403 0.202372
vt 0.915926 0.200243
vt 0.914955 0.199687
vt 0.683065 0.830780
vt 0.683943 0.831198
vt 0.683633 0.831689
vt 0.918196 0.203475
vt 0.917527 0.205267
vt 0.917172 0.206407
vt 0.917021 0.207835
vt 0.916961 0.208507
vt 0.917851 0.210613
vt 0.918351 0.211296
vt 0.918337 0.212648
vt 0.918849 0.213353
vt 0.918370 0.213663
vt 0.918808 0.214165
vt 0.918483 0.215493
vt 0.918843 0.214997
vt 0.919071 0.215880
vt 0.920244 0.216142
vt 0.919956 0.215306
vt 0.918214 0.216684
vt 0.919898 0.216798
vt 0.920051 0.216986
vt 0.920474 0.217236
vt 0.832227 0.961627
vt 0.833742 0.960745
vt 0.833267 0.962033
vt 0.831446 0.963122
vt 0.832387 0.963920
vt 0.012541 0.544285
vt 0.011374 0.543112
vt 0.825268 0.963922
vt 0.823031 0.962099
vt 0.011285 0.545648
vt 0.322294 0.889259
vt 0.322715 0.888894
vt 0.323693 0.888712
vt 0.324178 0.888694
vt 0.322164 0.889775
vt 0.322742 0.889236
vt 0.323614 0.889186
vt 0.913683 0.199189
vt 0.704161 0.928428
vt 0.917872 0.199498
vt 0.918310 0.200310
vt 0.681834 0.830774
vt 0.682453 0.831313
vt 0.683279 0.831516
vt 0.917455 0.208031
vt 0.917841 0.207794
vt 0.918283 0.208352
vt 0.918047 0.209553
vt 0.918855 0.209502
vt 0.919236 0.212568
vt 0.919351 0.210755
vt 0.920153 0.212733
vt 0.919384 0.214132
vt 0.920436 0.213805
vt 0.920225 0.214198
vt 0.920121 0.214569
vt 0.920727 0.215531
vt 0.921837 0.216288
vt 0.829856 0.963532
vt 0.010576 0.544196
vt 0.009193 0.545206
vt 0.827617 0.963409
vt 0.786688 0.743300
vt 0.786206 0.739840
vt 0.323979 0.888951
vt 0.680828 0.828719
vt 0.680260 0.829225
vt 0.680124 0.828921
vt 0.321690 0.890363
vt 0.322585 0.889853
vt 0.682769 0.831550
vt 0.683194 0.831756
vt 0.704523 0.928536
vt 0.682745 0.831738
vt 0.918576 0.205246
vt 0.917928 0.206497
vt 0.917874 0.207254
vt 0.918762 0.206830
vt 0.918503 0.207744
vt 0.918858 0.208548
vt 0.919607 0.209320
vt 0.921448 0.213228
vt 0.922229 0.213696
vt 0.921084 0.214881
vt 0.921965 0.215577
vt 0.921797 0.216154
vt 0.922853 0.216270
vt 0.923228 0.215704
vt 0.828662 0.963759
vt 0.010636 0.547197
vt 0.009251 0.546087
vt 0.010334 0.550158
vt 0.786208 0.742971
vt 0.784306 0.742983
vt 0.915240 0.197100
vt 0.916475 0.198567
vt 0.914714 0.198252
vt 0.679055 0.826610
vt 0.679719 0.827442
vt 0.677570 0.825396
vt 0.917794 0.197083
vt 0.680121 0.828654
vt 0.679812 0.829748
vt 0.680757 0.830146
vt 0.918492 0.197330
vt 0.679798 0.828208
vt 0.918900 0.201447
vt 0.681674 0.831277
vt 0.681083 0.830887
vt 0.919753 0.202256
vt 0.682298 0.831812
vt 0.681669 0.831710
vt 0.703259 0.927848
vt 0.704095 0.927849
vt 0.919898 0.203262
vt 0.918612 0.205978
vt 0.919860 0.207435
vt 0.919905 0.206503
vt 0.921368 0.208831
vt 0.921380 0.214333
vt 0.922526 0.214569
vt 0.925514 0.215286
vt 0.010418 0.543226
vt 0.008648 0.544070
vt 0.826430 0.965146
vt 0.009260 0.547856
vt 0.787240 0.742448
vt 0.679930 0.828028
vt 0.679308 0.828217
vt 0.678352 0.827733
vt 0.677040 0.826525
vt 0.680584 0.831038
vt 0.680973 0.831448
vt 0.703497 0.927194
vt 0.704076 0.927290
vt 0.680997 0.831626
vt 0.919229 0.204370
vt 0.918962 0.206193
vt 0.920023 0.205790
vt 0.921279 0.206997
vt 0.924091 0.211413
vt 0.922659 0.212975
vt 0.922872 0.214182
vt 0.923290 0.214840
vt 0.924330 0.215034
vt 0.927647 0.214365
vt 0.834089 0.966155
vt 0.833506 0.965095
vt 0.008844 0.543200
vt 0.827698 0.965321
vt 0.009092 0.545663
vt 0.785639 0.744095
vt 0.919153 0.195575
vt 0.676967 0.825806
vt 0.679148 0.828555
vt 0.678484 0.828941
vt 0.678588 0.828185
vt 0.679287 0.829331
vt 0.678983 0.829814
vt 0.679221 0.830482
vt 0.679654 0.830899
vt 0.919957 0.197790
vt 0.680324 0.831326
vt 0.703423 0.926518
vt 0.703960 0.926794
vt 0.921233 0.203427
vt 0.921120 0.202910
vt 0.921038 0.205463
vt 0.921524 0.205793
vt 0.922575 0.209009
vt 0.923734 0.213691
vt 0.924226 0.214380
vt 0.831211 0.965467
vt 0.829053 0.965798
vt 0.826461 0.967676
vt 0.824168 0.967632
vt 0.009392 0.550771
vt 0.007797 0.547602
vt 0.787750 0.743766
vt 0.678166 0.829405
vt 0.677841 0.829723
vt 0.677123 0.830729
vt 0.677895 0.827709
vt 0.677386 0.827107
vt 0.679586 0.831373
vt 0.678848 0.831058
vt 0.703901 0.926311
vt 0.703396 0.925837
vt 0.703892 0.925757
vt 0.702802 0.926499
vt 0.920269 0.200932
vt 0.921120 0.201973
vt 0.922014 0.202329
vt 0.921520 0.203924
vt 0.920796 0.204663
vt 0.922462 0.207633
vt 0.922160 0.206744
vt 0.922646 0.207141
vt 0.924538 0.212482
vt 0.924521 0.213325
vt 0.925197 0.214167
vt 0.926268 0.214284
vt 0.927206 0.213943
vt 0.925678 0.214581
vt 0.833063 0.966798
vt 0.832139 0.966300
vt 0.008559 0.544899
vt 0.008347 0.546154
vt 0.027190 0.558130
vt 0.028196 0.555689
vt 0.028250 0.556454
vt 0.008124 0.545322
vt 0.677169 0.829024
vt 0.677055 0.828487
vt 0.677842 0.828095
vt 0.677844 0.831376
vt 0.919964 0.198698
vt 0.919536 0.196993
vt 0.921347 0.204919
vt 0.921785 0.206374
vt 0.923297 0.208562
vt 0.924272 0.210311
vt 0.925983 0.211212
vt 0.925458 0.212993
vt 0.925948 0.213673
vt 0.028922 0.547295
vt 0.028424 0.545702
vt 0.029232 0.547505
vt 0.028438 0.546353
vt 0.029054 0.548814
vt 0.028314 0.547071
vt 0.029523 0.548462
vt 0.030413 0.549690
vt 0.831126 0.968326
vt 0.828768 0.968216
vt 0.007869 0.544882
vt 0.786962 0.743986
vt 0.786818 0.744510
vt 0.786483 0.745142
vt 0.784497 0.746352
vt 0.676700 0.829671
vt 0.675868 0.829414
vt 0.675003 0.829506
vt 0.673653 0.828387
vt 0.674551 0.827356
vt 0.677237 0.829399
vt 0.677223 0.829646
vt 0.676499 0.830065
vt 0.677087 0.827462
vt 0.677583 0.827723
vt 0.676932 0.827115
vt 0.677140 0.831831
vt 0.920780 0.199330
vt 0.703494 0.925046
vt 0.704058 0.925046
vt 0.921954 0.203142
vt 0.922595 0.204168
vt 0.921655 0.205067
vt 0.922631 0.204995
vt 0.922229 0.205747
vt 0.922550 0.206183
vt 0.925121 0.208802
vt 0.924973 0.209819
vt 0.926275 0.212740
vt 0.927146 0.212854
vt 0.927902 0.212840
vt 0.833528 0.967080
vt 0.029739 0.549990
vt 0.030511 0.550524
vt 0.027879 0.557304
vt 0.028797 0.556282
vt 0.030264 0.549269
vt 0.031624 0.549731
vt 0.032062 0.551525
vt 0.825539 0.968631
vt 0.823268 0.968547
vt 0.028548 0.555790
vt 0.029196 0.555631
vt 0.029464 0.553687
vt 0.029988 0.554767
vt 0.030850 0.553607
vt 0.032265 0.553653
vt 0.786823 0.746592
vt 0.675563 0.826989
vt 0.675850 0.829725
vt 0.674484 0.829982
vt 0.676652 0.827107
vt 0.920426 0.196712
vt 0.920190 0.195721
vt 0.920087 0.194994
vt 0.919438 0.194645
vt 0.676550 0.826363
vt 0.676586 0.825860
vt 0.676586 0.826748
vt 0.920812 0.198173
vt 0.703668 0.924566
vt 0.704196 0.924561
vt 0.922488 0.200638
vt 0.921500 0.199845
vt 0.921169 0.197068
vt 0.921638 0.198122
vt 0.922745 0.203610
vt 0.922753 0.204651
vt 0.923024 0.205474
vt 0.923316 0.206530
vt 0.923335 0.207029
vt 0.924382 0.207775
vt 0.925443 0.210581
vt 0.926722 0.211776
vt 0.928372 0.211634
vt 0.928821 0.210997
vt 0.835570 0.969434
vt 0.028288 0.547762
vt 0.029501 0.550156
vt 0.029040 0.549255
vt 0.029904 0.551793
vt 0.827606 0.968667
vt 0.826362 0.968768
vt 0.827102 0.969069
vt 0.030561 0.551823
vt 0.032885 0.552093
vt 0.027320 0.556196
vt 0.027849 0.554472
vt 0.673479 0.828848
vt 0.675723 0.826106
vt 0.674169 0.825914
vt 0.675263 0.830585
vt 0.676170 0.831831
vt 0.676237 0.826328
vt 0.920967 0.195710
vt 0.920939 0.194316
vt 0.920631 0.193721
vt 0.920447 0.195926
vt 0.704357 0.924103
vt 0.676606 0.832598
vt 0.921338 0.198838
vt 0.922788 0.199276
vt 0.703855 0.924099
vt 0.922225 0.198167
vt 0.922620 0.203056
vt 0.923584 0.204538
vt 0.923714 0.203961
vt 0.924082 0.204984
vt 0.923748 0.205885
vt 0.923809 0.206551
vt 0.924053 0.207371
vt 0.925708 0.209458
vt 0.924814 0.207980
vt 0.924574 0.207374
vt 0.926506 0.210184
vt 0.927040 0.211180
vt 0.927438 0.212014
vt 0.927653 0.211361
vt 0.833553 0.968121
vt 0.832551 0.968198
vt 0.833034 0.968554
vt 0.825402 0.969557
vt 0.825033 0.968975
vt 0.030193 0.552576
vt 0.029327 0.552460
vt 0.030989 0.552858
vt 0.032135 0.552409
vt 0.823704 0.969128
vt 0.822275 0.969428
vt 0.028589 0.553102
vt 0.030242 0.553125
vt 0.031874 0.552883
vt 0.672405 0.828123
vt 0.670931 0.827608
vt 0.672180 0.827027
vt 0.673511 0.829687
vt 0.673176 0.829100
vt 0.673471 0.830185
vt 0.674537 0.831456
vt 0.675448 0.825756
vt 0.675695 0.825566
vt 0.674980 0.825446
vt 0.921174 0.193895
vt 0.921528 0.193837
vt 0.675274 0.832379
vt 0.921736 0.195038
vt 0.921995 0.197041
vt 0.921924 0.196250
vt 0.675698 0.832847
vt 0.922806 0.196605
vt 0.922829 0.197257
vt 0.704161 0.923621
vt 0.704651 0.923587
vt 0.676001 0.833256
vt 0.923977 0.201665
vt 0.923277 0.198767
vt 0.923010 0.198076
vt 0.923833 0.203097
vt 0.923539 0.203416
vt 0.924274 0.204446
vt 0.924800 0.205163
vt 0.924495 0.206132
vt 0.925714 0.206096
vt 0.924858 0.206295
vt 0.924967 0.206890
vt 0.925027 0.207359
vt 0.925388 0.208237
vt 0.925840 0.208380
vt 0.926867 0.209708
vt 0.927451 0.209698
vt 0.927840 0.210482
vt 0.928315 0.209566
vt 0.834867 0.969788
vt 0.992569 0.769819
vt 0.990979 0.770236
vt 0.991858 0.769484
vt 0.992143 0.770594
vt 0.990943 0.769376
vt 0.992255 0.771124
vt 0.991839 0.772025
vt 0.829040 0.969604
vt 0.832344 0.969652
vt 0.830103 0.970250
vt 0.828041 0.969700
vt 0.827333 0.969973
vt 0.992558 0.771789
vt 0.826274 0.969815
vt 0.824258 0.969759
vt 0.823622 0.969599
vt 0.823011 0.969532
vt 0.028470 0.552260
vt 0.991643 0.773178
vt 0.990585 0.773278
vt 0.991509 0.772507
vt 0.029433 0.551945
vt 0.033979 0.552609
vt 0.826186 0.970501
vt 0.825327 0.970000
vt 0.034070 0.553167
vt 0.671549 0.828700
vt 0.672002 0.829279
vt 0.672270 0.829463
vt 0.841233 0.600016
vt 0.842497 0.601312
vt 0.840436 0.600173
vt 0.674274 0.825134
vt 0.673492 0.832660
vt 0.673655 0.831669
vt 0.921940 0.194383
vt 0.922386 0.193294
vt 0.922660 0.195916
vt 0.923190 0.194224
vt 0.925105 0.201012
vt 0.704612 0.922971
vt 0.704908 0.923105
vt 0.675184 0.833746
vt 0.675111 0.834318
vt 0.009455 0.377277
vt 0.009148 0.376886
vt 0.009848 0.377317
vt 0.008998 0.377873
vt 0.924622 0.202952
vt 0.924442 0.203778
vt 0.924938 0.204497
vt 0.926409 0.207079
vt 0.927059 0.208734
vt 0.928021 0.209417
vt 0.836813 0.971352
vt 0.834108 0.970602
vt 0.990614 0.769779
vt 0.989984 0.769633
vt 0.990241 0.768908
vt 0.990427 0.771445
vt 0.829381 0.970481
vt 0.828621 0.970019
vt 0.991005 0.772134
vt 0.826902 0.970957
vt 0.824372 0.970140
vt 0.823899 0.970153
vt 0.823366 0.970221
vt 0.822675 0.970096
vt 0.822034 0.970092
vt 0.990592 0.772566
vt 0.825298 0.971251
vt 0.824989 0.970466
vt 0.825918 0.971260
vt 0.825346 0.971799
vt 0.136285 0.901105
vt 0.135575 0.901333
vt 0.136139 0.901066
vt 0.843217 0.601622
vt 0.844264 0.603046
vt 0.843805 0.603163
vt 0.137187 0.900867
vt 0.136723 0.901124
vt 0.136510 0.901114
vt 0.137639 0.900800
vt 0.672449 0.830237
vt 0.673379 0.830634
vt 0.672025 0.824085
vt 0.674065 0.824701
vt 0.672675 0.824048
vt 0.674653 0.833380
vt 0.923522 0.197147
vt 0.674226 0.833875
vt 0.924373 0.199028
vt 0.923635 0.198000
vt 0.008593 0.377796
vt 0.008617 0.377029
vt 0.008181 0.376629
vt 0.009903 0.376415
vt 0.008017 0.377673
vt 0.925198 0.204062
vt 0.925719 0.204772
vt 0.927849 0.208128
vt 0.928535 0.208402
vt 0.989181 0.769455
vt 0.989532 0.768657
vt 0.989095 0.767956
vt 0.832365 0.970901
vt 0.829738 0.971321
vt 0.988959 0.771859
vt 0.988840 0.770506
vt 0.828823 0.971129
vt 0.989856 0.772221
vt 0.989870 0.772813
vt 0.827689 0.971375
vt 0.822333 0.970250
vt 0.821992 0.970782
vt 0.822636 0.970676
vt 0.989701 0.774089
vt 0.989864 0.773299
vt 0.823355 0.971080
vt 0.822789 0.971163
vt 0.824984 0.971777
vt 0.134466 0.901587
vt 0.135686 0.901128
vt 0.134484 0.901669
vt 0.135072 0.901556
vt 0.672140 0.831285
vt 0.967744 0.397945
vt 0.967155 0.397095
vt 0.968380 0.396136
vt 0.673706 0.834049
vt 0.672828 0.834368
vt 0.923945 0.194994
vt 0.968029 0.395512
vt 0.966908 0.395746
vt 0.924342 0.195749
vt 0.924233 0.196860
vt 0.010632 0.375489
vt 0.009855 0.375138
vt 0.010821 0.374926
vt 0.924139 0.198632
vt 0.924209 0.197527
vt 0.008582 0.375493
vt 0.924863 0.198942
vt 0.924559 0.198160
vt 0.674364 0.034020
vt 0.674072 0.033509
vt 0.674013 0.032608
vt 0.007280 0.375793
vt 0.925660 0.202188
vt 0.925392 0.203698
vt 0.006884 0.377588
vt 0.006700 0.376637
vt 0.006483 0.377936
vt 0.926443 0.204414
vt 0.005444 0.377516
vt 0.005585 0.376432
vt 0.004443 0.376868
vt 0.004790 0.375916
vt 0.004885 0.375104
vt 0.005718 0.375590
vt 0.005938 0.376239
vt 0.004411 0.375442
vt 0.004061 0.375954
vt 0.003663 0.375550
vt 0.003850 0.376388
vt 0.004048 0.377483
vt 0.927460 0.206634
vt 0.003364 0.375006
vt 0.003213 0.375873
vt 0.835995 0.971750
vt 0.988597 0.769147
vt 0.989188 0.768994
vt 0.988888 0.768440
vt 0.988091 0.768391
vt 0.988468 0.769614
vt 0.831706 0.972234
vt 0.830893 0.971250
vt 0.830712 0.972105
vt 0.829896 0.971869
vt 0.830199 0.972325
vt 0.829498 0.971892
vt 0.829055 0.972226
vt 0.988995 0.773004
vt 0.989234 0.773988
vt 0.827448 0.972655
vt 0.827193 0.971909
vt 0.826322 0.972412
vt 0.825618 0.972108
vt 0.824648 0.972596
vt 0.689032 0.041236
vt 0.690110 0.042115
vt 0.690016 0.043896
vt 0.688358 0.040949
vt 0.686324 0.040487
vt 0.825075 0.972885
vt 0.823765 0.973341
vt 0.823314 0.973339
vt 0.133066 0.901996
vt 0.133530 0.901848
vt 0.134440 0.901944
vt 0.133353 0.902207
vt 0.135400 0.901632
vt 0.136315 0.901334
vt 0.670313 0.823772
vt 0.137733 0.900995
vt 0.852554 0.601192
vt 0.854089 0.600434
vt 0.851473 0.602396
vt 0.135547 0.901834
vt 0.854883 0.601001
vt 0.853167 0.602735
vt 0.959720 0.389575
vt 0.960223 0.390494
vt 0.959865 0.390493
vt 0.966824 0.395019
vt 0.966380 0.394723
vt 0.967291 0.394512
vt 0.960722 0.389568
vt 0.924966 0.196809
vt 0.673746 0.032736
vt 0.960781 0.390221
vt 0.966949 0.393654
vt 0.966430 0.393794
vt 0.925080 0.197800
vt 0.673837 0.033193
vt 0.925641 0.200254
vt 0.925574 0.199213
vt 0.925293 0.198497
vt 0.674127 0.034867
vt 0.674578 0.034504
vt 0.674444 0.035112
vt 0.926280 0.199560
vt 0.668634 0.034251
vt 0.669502 0.035741
vt 0.669055 0.036034
vt 0.674542 0.035835
vt 0.674631 0.036032
vt 0.674681 0.035351
vt 0.674483 0.036949
vt 0.927990 0.206060
vt 0.674726 0.036258
vt 0.674582 0.037245
vt 0.003290 0.376877
vt 0.674749 0.036631
vt 0.675099 0.036848
vt 0.674852 0.036947
vt 0.002473 0.375605
vt 0.002552 0.376602
vt 0.862818 0.161851
vt 0.862288 0.161867
vt 0.862609 0.161467
vt 0.928180 0.206540
vt 0.675186 0.037301
vt 0.862436 0.161184
vt 0.863073 0.160949
vt 0.862479 0.160992
vt 0.862039 0.160697
vt 0.862123 0.161060
vt 0.928723 0.207265
vt 0.837789 0.972748
vt 0.834481 0.972494
vt 0.680794 0.038593
vt 0.681344 0.038785
vt 0.680053 0.039540
vt 0.859942 0.155119
vt 0.859538 0.156288
vt 0.859876 0.154816
vt 0.831734 0.973185
vt 0.830525 0.972995
vt 0.682151 0.038729
vt 0.682339 0.039617
vt 0.667655 0.042990
vt 0.668740 0.042699
vt 0.668227 0.043370
vt 0.667048 0.044311
vt 0.683264 0.039200
vt 0.684023 0.039842
vt 0.683557 0.039864
vt 0.684084 0.039421
vt 0.668017 0.044046
vt 0.684633 0.039751
vt 0.685804 0.041187
vt 0.685543 0.040153
vt 0.689116 0.044016
vt 0.688445 0.044664
vt 0.665963 0.045451
vt 0.666493 0.044927
vt 0.666425 0.045727
vt 0.666866 0.046145
vt 0.665545 0.046399
vt 0.666755 0.047610
vt 0.665883 0.048768
vt 0.665231 0.047105
vt 0.690239 0.042897
vt 0.664935 0.047938
vt 0.664771 0.047021
vt 0.844572 0.603061
vt 0.845447 0.604310
vt 0.845306 0.604613
vt 0.844988 0.604703
vt 0.133445 0.902264
vt 0.964239 0.398063
vt 0.965080 0.395806
vt 0.959511 0.391417
vt 0.960507 0.391311
vt 0.961078 0.391247
vt 0.673702 0.033427
vt 0.673403 0.032752
vt 0.965622 0.393510
vt 0.966466 0.393230
vt 0.674023 0.034459
vt 0.925930 0.198683
vt 0.966140 0.392747
vt 0.669968 0.033997
vt 0.670054 0.034544
vt 0.669651 0.034101
vt 0.965543 0.392857
vt 0.670319 0.034036
vt 0.674203 0.034897
vt 0.927239 0.203340
vt 0.669416 0.034722
vt 0.670043 0.035411
vt 0.670252 0.034842
vt 0.670023 0.036265
vt 0.668167 0.035104
vt 0.668355 0.036825
vt 0.674357 0.036331
vt 0.928361 0.204541
vt 0.674270 0.037202
vt 0.861723 0.161854
vt 0.861757 0.161214
vt 0.862004 0.162477
vt 0.667590 0.036247
vt 0.667697 0.036654
vt 0.674702 0.037529
vt 0.675289 0.037827
vt 0.667397 0.036937
vt 0.668152 0.037837
vt 0.667378 0.038007
vt 0.667457 0.038378
vt 0.667471 0.039253
vt 0.833551 0.973251
vt 0.832310 0.973378
vt 0.668453 0.040544
vt 0.668798 0.041345
vt 0.668469 0.041087
vt 0.668822 0.040563
vt 0.668889 0.041061
vt 0.669317 0.041152
vt 0.668441 0.042030
vt 0.669054 0.041928
vt 0.859219 0.155765
vt 0.858948 0.155157
vt 0.683691 0.040905
vt 0.682936 0.040459
vt 0.684946 0.042213
vt 0.666973 0.045426
vt 0.665158 0.047830
vt 0.665067 0.048899
vt 0.690715 0.043964
vt 0.131976 0.902689
vt 0.131024 0.902185
vt 0.133241 0.902515
vt 0.134588 0.902053
vt 0.841066 0.602202
vt 0.839231 0.601697
vt 0.839635 0.600208
vt 0.839129 0.599772
vt 0.963650 0.395777
vt 0.673370 0.033449
vt 0.961671 0.391002
vt 0.961492 0.391720
vt 0.961990 0.391622
vt 0.673507 0.033906
vt 0.672988 0.033149
vt 0.964907 0.393180
vt 0.673750 0.034390
vt 0.670513 0.034778
vt 0.965302 0.392224
vt 0.670650 0.035543
vt 0.670793 0.034712
vt 0.670812 0.035312
vt 0.674273 0.035790
vt 0.669455 0.036732
vt 0.670264 0.036954
vt 0.671175 0.036071
vt 0.670830 0.036961
vt 0.861245 0.161618
vt 0.674519 0.037847
vt 0.675029 0.038135
vt 0.860817 0.160619
vt 0.861711 0.161021
vt 0.861375 0.160483
vt 0.669209 0.038991
vt 0.669490 0.040620
vt 0.669765 0.040379
vt 0.670466 0.039872
vt 0.669747 0.041219
vt 0.670152 0.040978
vt 0.858807 0.156336
vt 0.681052 0.041031
vt 0.669444 0.043667
vt 0.668604 0.044257
vt 0.667718 0.045423
vt 0.667585 0.046573
vt 0.668985 0.045266
vt 0.668271 0.046329
vt 0.665632 0.049515
vt 0.691203 0.046241
vt 0.665037 0.050436
vt 0.845686 0.606103
vt 0.845781 0.605073
vt 0.846174 0.604923
vt 0.844950 0.605552
vt 0.844103 0.607552
vt 0.131682 0.903092
vt 0.130627 0.903298
vt 0.850956 0.602913
vt 0.133694 0.902572
vt 0.855970 0.600452
vt 0.960810 0.394148
vt 0.963838 0.394551
vt 0.962406 0.391474
vt 0.961900 0.392095
vt 0.672899 0.033711
vt 0.964629 0.392242
vt 0.964310 0.392776
vt 0.962159 0.392334
vt 0.962610 0.392108
vt 0.672827 0.034362
vt 0.672055 0.033512
vt 0.673229 0.034382
vt 0.673797 0.035139
vt 0.671379 0.035588
vt 0.963761 0.392417
vt 0.963898 0.391783
vt 0.671391 0.034865
vt 0.673974 0.035572
vt 0.671745 0.035290
vt 0.673914 0.036060
vt 0.671349 0.036486
vt 0.670943 0.037451
vt 0.669205 0.037656
vt 0.670059 0.037391
vt 0.672605 0.037230
vt 0.673181 0.037903
vt 0.672377 0.037593
vt 0.673357 0.037587
vt 0.672378 0.036870
vt 0.673143 0.037201
vt 0.672051 0.037137
vt 0.673849 0.037359
vt 0.673647 0.036801
vt 0.674042 0.037866
vt 0.670080 0.037617
vt 0.670828 0.039059
vt 0.672911 0.038206
vt 0.671838 0.038030
vt 0.671640 0.037360
vt 0.674138 0.038343
vt 0.860743 0.161373
vt 0.672518 0.039914
vt 0.673482 0.038653
vt 0.674676 0.038902
vt 0.860535 0.160052
vt 0.861498 0.160027
vt 0.673242 0.039479
vt 0.673765 0.039385
vt 0.674083 0.038893
vt 0.671359 0.039829
vt 0.859965 0.159897
vt 0.859914 0.160257
vt 0.860156 0.159485
vt 0.670505 0.040594
vt 0.671302 0.040385
vt 0.673053 0.040208
vt 0.671206 0.040893
vt 0.672243 0.040287
vt 0.671136 0.041295
vt 0.670182 0.042505
vt 0.670895 0.041744
vt 0.859623 0.156610
vt 0.859768 0.157001
vt 0.859066 0.156935
vt 0.679585 0.039611
vt 0.680057 0.040300
vt 0.679339 0.039842
vt 0.859564 0.157300
vt 0.669761 0.043120
vt 0.680982 0.042344
vt 0.667064 0.050643
vt 0.666250 0.051161
vt 0.665629 0.051137
vt 0.691244 0.045723
vt 0.691086 0.047992
vt 0.691108 0.047009
vt 0.130311 0.902845
vt 0.838760 0.600613
vt 0.966024 0.400302
vt 0.964200 0.400417
vt 0.963415 0.394112
vt 0.963183 0.393563
vt 0.962975 0.392509
vt 0.963078 0.391670
vt 0.963260 0.392216
vt 0.962427 0.392949
vt 0.672066 0.034174
vt 0.671351 0.034047
vt 0.672120 0.034764
vt 0.673150 0.034917
vt 0.673273 0.035483
vt 0.672637 0.035410
vt 0.671824 0.035910
vt 0.671447 0.036872
vt 0.673539 0.036158
vt 0.673063 0.035922
vt 0.672861 0.036206
vt 0.671724 0.036618
vt 0.672289 0.036254
vt 0.860131 0.160899
vt 0.674656 0.039535
vt 0.675892 0.039108
vt 0.675991 0.039945
vt 0.860700 0.159700
vt 0.674031 0.040263
vt 0.674623 0.040100
vt 0.676690 0.039665
vt 0.675458 0.040198
vt 0.676634 0.038994
vt 0.673002 0.041075
vt 0.676622 0.040319
vt 0.859188 0.158596
vt 0.859850 0.158951
vt 0.672569 0.040827
vt 0.674411 0.041030
vt 0.672890 0.041580
vt 0.859569 0.158394
vt 0.677278 0.039305
vt 0.677710 0.039797
vt 0.672457 0.041657
vt 0.859109 0.157866
vt 0.859771 0.157562
vt 0.678753 0.040004
vt 0.678963 0.039731
vt 0.670573 0.043670
vt 0.669147 0.044670
vt 0.670172 0.044707
vt 0.669302 0.045801
vt 0.668546 0.048751
vt 0.665147 0.051171
vt 0.664936 0.051381
vt 0.845379 0.607017
vt 0.845125 0.607720
vt 0.846101 0.606285
vt 0.846599 0.605536
vt 0.129888 0.903305
vt 0.129429 0.903267
vt 0.846349 0.605029
vt 0.130320 0.903695
vt 0.850391 0.603316
vt 0.850295 0.605151
vt 0.848629 0.604890
vt 0.963066 0.397017
vt 0.962744 0.395556
vt 0.961596 0.395175
vt 0.962829 0.393430
vt 0.962292 0.394902
vt 0.672253 0.035717
vt 0.672412 0.035832
vt 0.672082 0.036039
vt 0.672514 0.035998
vt 0.675112 0.041123
vt 0.676030 0.040864
vt 0.677430 0.040673
vt 0.671802 0.042747
vt 0.672136 0.042020
vt 0.672900 0.042017
vt 0.678019 0.041514
vt 0.678790 0.041703
vt 0.672010 0.042429
vt 0.672577 0.042361
vt 0.679706 0.042065
vt 0.670483 0.043274
vt 0.671697 0.043290
vt 0.671460 0.043672
vt 0.669869 0.044392
vt 0.670049 0.047106
vt 0.666523 0.053249
vt 0.665301 0.051766
vt 0.665660 0.051988
vt 0.845637 0.607053
vt 0.845813 0.607057
vt 0.845552 0.608000
vt 0.845813 0.607799
vt 0.846745 0.605795
vt 0.846633 0.605156
vt 0.129080 0.903911
vt 0.847944 0.605571
vt 0.855005 0.607365
vt 0.852090 0.605587
vt 0.962562 0.399876
vt 0.673443 0.042378
vt 0.674540 0.042419
vt 0.676619 0.041325
vt 0.672669 0.043316
vt 0.671712 0.044053
vt 0.670979 0.045299
vt 0.679823 0.043896
vt 0.667909 0.052529
vt 0.691273 0.048833
vt 0.664953 0.052179
vt 0.846648 0.606746
vt 0.847194 0.606076
vt 0.765350 0.408061
vt 0.765415 0.407921
vt 0.765699 0.408223
vt 0.765650 0.408589
vt 0.765285 0.408278
vt 0.765787 0.407835
vt 0.128792 0.903500
vt 0.129893 0.904259
vt 0.129143 0.904638
vt 0.839990 0.603335
vt 0.847901 0.606395
vt 0.838444 0.602173
vt 0.838454 0.600902
vt 0.957063 0.400455
vt 0.675151 0.042813
vt 0.675946 0.041311
vt 0.676767 0.043318
vt 0.677624 0.042551
vt 0.673666 0.047380
vt 0.682681 0.048802
vt 0.689583 0.049563
vt 0.691110 0.050204
vt 0.665575 0.054107
vt 0.665583 0.054796
vt 0.665050 0.056063
vt 0.664288 0.053354
vt 0.846236 0.608412
vt 0.847132 0.606893
vt 0.843636 0.609923
vt 0.130265 0.905327
vt 0.129502 0.905169
vt 0.961896 0.397771
vt 0.961494 0.399468
vt 0.961932 0.396952
vt 0.961874 0.396151
vt 0.961112 0.396585
vt 0.678460 0.042874
vt 0.675910 0.046623
vt 0.675525 0.044442
vt 0.666318 0.054560
vt 0.664488 0.055568
vt 0.664033 0.054425
vt 0.845374 0.609234
vt 0.844706 0.610310
vt 0.845611 0.608909
vt 0.846942 0.608360
vt 0.960694 0.401930
vt 0.959730 0.397801
vt 0.676635 0.044098
vt 0.678207 0.044974
vt 0.667152 0.056949
vt 0.665631 0.055570
vt 0.664841 0.057520
vt 0.845582 0.609656
vt 0.843731 0.612539
vt 0.845825 0.609837
vt 0.849299 0.609916
vt 0.961180 0.397977
vt 0.678862 0.044457
vt 0.679499 0.046456
vt 0.845088 0.610910
vt 0.846501 0.609529
vt 0.079091 0.346952
vt 0.081962 0.348318
vt 0.081656 0.350416
vt 0.082830 0.346460
vt 0.084539 0.349734
vt 0.960170 0.404482
vt 0.676795 0.046715
vt 0.677365 0.046388
vt 0.677461 0.045425
vt 0.665169 0.057231
vt 0.844612 0.611829
vt 0.845549 0.611491
vt 0.077691 0.342108
vt 0.959828 0.401887
vt 0.960335 0.399947
vt 0.961139 0.398990
vt 0.957616 0.401251
vt 0.959524 0.398678
vt 0.958816 0.399692
vt 0.960937 0.397788
vt 0.672365 0.051051
vt 0.665910 0.057917
vt 0.665442 0.058109
vt 0.665242 0.058681
vt 0.664878 0.058658
vt 0.845219 0.611900
vt 0.845896 0.611908
vt 0.085566 0.350436
vt 0.084997 0.346890
vt 0.086024 0.346502
vt 0.960046 0.399980
vt 0.667851 0.058253
vt 0.665334 0.057582
vt 0.844235 0.613438
vt 0.844879 0.612340
vt 0.853039 0.609427
vt 0.959197 0.400235
vt 0.959202 0.401084
vt 0.678116 0.046306
vt 0.678998 0.046612
vt 0.675940 0.052107
vt 0.669679 0.058896
vt 0.663847 0.057737
vt 0.666053 0.059096
vt 0.666696 0.058737
vt 0.665526 0.059306
vt 0.844836 0.613579
vt 0.844541 0.614029
vt 0.845099 0.613245
vt 0.958924 0.402102
vt 0.677988 0.048599
vt 0.678308 0.047779
vt 0.677746 0.050363
vt 0.681061 0.049207
vt 0.675682 0.056864
vt 0.690890 0.056083
vt 0.686310 0.056417
vt 0.663808 0.061446
vt 0.665006 0.064574
vt 0.665322 0.060289
vt 0.844320 0.615652
vt 0.845397 0.613544
vt 0.845021 0.613600
vt 0.842882 0.614746
vt 0.077736 0.336449
vt 0.958068 0.401361
vt 0.678733 0.048742
vt 0.666884 0.059887
vt 0.665775 0.060324
vt 0.666559 0.061542
vt 0.665667 0.061746
vt 0.845092 0.614834
vt 0.845176 0.614040
vt 0.846208 0.614110
vt 0.845660 0.613877
vt 0.847986 0.615864
vt 0.081120 0.341014
vt 0.679355 0.048417
vt 0.679917 0.049207
vt 0.680527 0.050088
vt 0.666052 0.061435
vt 0.844909 0.615686
vt 0.845089 0.615246
vt 0.845701 0.614442
vt 0.845406 0.614956
vt 0.843896 0.617504
vt 0.957470 0.406282
vt 0.957998 0.404099
vt 0.957882 0.403508
vt 0.958404 0.401793
vt 0.683967 0.057266
vt 0.675266 0.065383
vt 0.667796 0.060732
vt 0.667962 0.061355
vt 0.667204 0.061416
vt 0.665925 0.063213
vt 0.845732 0.615248
vt 0.851898 0.613107
vt 0.955106 0.404688
vt 0.955547 0.401849
vt 0.957597 0.402601
vt 0.956825 0.402591
vt 0.680017 0.050685
vt 0.681623 0.053030
vt 0.666122 0.061951
vt 0.666130 0.062287
vt 0.667508 0.062366
vt 0.666866 0.063006
vt 0.665971 0.062828
vt 0.666179 0.062794
vt 0.844856 0.616394
vt 0.845408 0.615410
vt 0.678997 0.050135
vt 0.679738 0.050501
vt 0.682277 0.055793
vt 0.666300 0.062658
vt 0.666193 0.063126
vt 0.666471 0.063070
vt 0.844322 0.617741
vt 0.844681 0.617130
vt 0.845193 0.616347
vt 0.845456 0.616024
vt 0.955764 0.404215
vt 0.957808 0.403253
vt 0.957177 0.403434
vt 0.679099 0.051179
vt 0.679394 0.050860
vt 0.677778 0.054146
vt 0.666946 0.063691
vt 0.666042 0.065566
vt 0.666433 0.063413
vt 0.666216 0.063496
vt 0.666372 0.064252
vt 0.844618 0.618816
vt 0.844820 0.618019
vt 0.844830 0.617248
vt 0.845172 0.617710
vt 0.845247 0.617144
vt 0.845608 0.616918
vt 0.956890 0.404887
vt 0.957393 0.403551
vt 0.680353 0.051299
vt 0.680686 0.053948
vt 0.676473 0.056102
vt 0.668504 0.062449
vt 0.666674 0.064433
vt 0.666561 0.065630
vt 0.844180 0.620650
vt 0.076633 0.333445
vt 0.845682 0.617870
vt 0.082739 0.337220
vt 0.851185 0.619161
vt 0.855075 0.616199
vt 0.854783 0.611066
vt 0.680085 0.051426
vt 0.668455 0.064347
vt 0.667385 0.064941
vt 0.666699 0.065062
vt 0.666927 0.065642
vt 0.843426 0.620851
vt 0.844887 0.618854
vt 0.845232 0.618310
vt 0.084893 0.340821
vt 0.087024 0.345173
vt 0.087350 0.342691
vt 0.087849 0.345110
vt 0.955887 0.407442
vt 0.955311 0.407397
vt 0.956444 0.405503
vt 0.955469 0.405736
vt 0.679830 0.053967
vt 0.680351 0.052694
vt 0.668379 0.065373
vt 0.844387 0.620774
vt 0.844785 0.620755
vt 0.844836 0.619640
vt 0.844252 0.621313
vt 0.855044 0.611628
vt 0.855221 0.613909
vt 0.955176 0.406582
vt 0.954986 0.405581
vt 0.679358 0.055301
vt 0.678713 0.058779
vt 0.680736 0.055231
vt 0.681106 0.056515
vt 0.681593 0.057364
vt 0.669806 0.066830
vt 0.667814 0.065819
vt 0.667542 0.066806
vt 0.667177 0.067191
vt 0.667795 0.073370
vt 0.845192 0.619181
vt 0.843405 0.621833
vt 0.842589 0.625216
vt 0.847078 0.625002
vt 0.085806 0.339367
vt 0.086978 0.340951
vt 0.855635 0.612736
vt 0.680334 0.053630
vt 0.680037 0.055066
vt 0.679564 0.058436
vt 0.668637 0.066428
vt 0.667494 0.067384
vt 0.667716 0.069389
vt 0.667793 0.068112
vt 0.845057 0.619859
vt 0.843817 0.621875
vt 0.845576 0.621641
vt 0.088011 0.343797
vt 0.088570 0.343024
vt 0.088642 0.344003
vt 0.087997 0.342744
vt 0.855728 0.612181
vt 0.680413 0.055104
vt 0.668488 0.067494
vt 0.669410 0.067294
vt 0.667706 0.067292
vt 0.668355 0.072406
vt 0.844320 0.622079
vt 0.844729 0.621303
vt 0.855827 0.612610
vt 0.088968 0.343374
vt 0.687354 0.065499
vt 0.691491 0.069278
vt 0.663976 0.070695
vt 0.669000 0.068314
vt 0.668278 0.068445
vt 0.844859 0.622450
vt 0.844737 0.621964
vt 0.848697 0.620851
vt 0.087738 0.340541
vt 0.680666 0.057926
vt 0.680641 0.056388
vt 0.681217 0.058153
vt 0.682339 0.057988
vt 0.683160 0.059638
vt 0.678790 0.071121
vt 0.671044 0.069251
vt 0.669830 0.068586
vt 0.668793 0.070000
vt 0.668539 0.070141
vt 0.843298 0.623293
vt 0.843746 0.624221
vt 0.844508 0.622796
vt 0.086565 0.337643
vt 0.088839 0.342328
vt 0.088446 0.342255
vt 0.089107 0.343335
vt 0.088375 0.341849
vt 0.088772 0.340940
vt 0.844108 0.623393
vt 0.844303 0.622869
vt 0.844966 0.622835
vt 0.680542 0.060343
vt 0.682285 0.060246
vt 0.684694 0.064519
vt 0.669392 0.069602
vt 0.670044 0.070801
vt 0.668439 0.071790
vt 0.668679 0.071728
vt 0.669478 0.072494
vt 0.844345 0.623529
vt 0.844379 0.624410
vt 0.844670 0.624065
vt 0.844895 0.623675
vt 0.844694 0.623197
vt 0.845638 0.623750
vt 0.080644 0.326086
vt 0.087394 0.339019
vt 0.853589 0.619345
vt 0.088166 0.340814
vt 0.089345 0.340494
vt 0.681034 0.059965
vt 0.681662 0.060258
vt 0.680154 0.065335
vt 0.673034 0.071158
vt 0.669721 0.070659
vt 0.669574 0.071112
vt 0.668615 0.074074
vt 0.668896 0.072421
vt 0.844074 0.625171
vt 0.843216 0.625836
vt 0.843261 0.624388
vt 0.843727 0.626868
vt 0.844282 0.625522
vt 0.844686 0.624822
vt 0.088407 0.341147
vt 0.680975 0.063405
vt 0.668246 0.071871
vt 0.088894 0.338752
vt 0.089110 0.335685
vt 0.088129 0.339987
vt 0.681542 0.062397
vt 0.670816 0.072453
vt 0.667541 0.077757
vt 0.670110 0.071602
vt 0.668740 0.073301
vt 0.669134 0.073183
vt 0.844819 0.625391
vt 0.850327 0.632118
vt 0.851682 0.625573
vt 0.087766 0.337973
vt 0.088316 0.338941
vt 0.681328 0.061634
vt 0.679594 0.069958
vt 0.677060 0.072360
vt 0.670087 0.072393
vt 0.670136 0.073045
vt 0.669153 0.074158
vt 0.843353 0.627106
vt 0.843949 0.626588
vt 0.681036 0.061715
vt 0.682889 0.064831
vt 0.843051 0.627816
vt 0.844602 0.626930
vt 0.842738 0.629139
vt 0.078170 0.329785
vt 0.845320 0.627092
vt 0.852399 0.622876
vt 0.088892 0.336968
vt 0.087982 0.338954
vt 0.671756 0.073885
vt 0.671389 0.074420
vt 0.671590 0.076562
vt 0.669993 0.074634
vt 0.669239 0.076653
vt 0.669607 0.075323
vt 0.843451 0.628169
vt 0.844212 0.628062
vt 0.844730 0.628206
vt 0.088686 0.337865
vt 0.681319 0.063152
vt 0.681533 0.063931
vt 0.670185 0.075705
vt 0.668600 0.076804
vt 0.843668 0.628330
vt 0.083072 0.330537
vt 0.087049 0.334759
vt 0.087917 0.337046
vt 0.088124 0.335754
vt 0.669812 0.076394
vt 0.670758 0.076861
vt 0.844045 0.629520
vt 0.843376 0.630811
vt 0.843567 0.629966
vt 0.844601 0.628920
vt 0.680994 0.064500
vt 0.681628 0.064975
vt 0.682165 0.066879
vt 0.676596 0.077289
vt 0.669496 0.078343
vt 0.669295 0.077288
vt 0.670014 0.077125
vt 0.851299 0.631150
vt 0.086219 0.333679
vt 0.087875 0.336058
vt 0.087401 0.333865
vt 0.088566 0.335580
vt 0.681163 0.065194
vt 0.689988 0.077096
vt 0.672039 0.076024
vt 0.669547 0.077276
vt 0.669780 0.077897
vt 0.670627 0.077966
vt 0.670470 0.078583
vt 0.843432 0.631741
vt 0.680933 0.066212
vt 0.681401 0.065847
vt 0.681448 0.072005
vt 0.681466 0.068703
vt 0.670336 0.077402
vt 0.843689 0.630618
vt 0.844272 0.630159
vt 0.844585 0.629692
vt 0.079209 0.327528
vt 0.844808 0.630358
vt 0.846553 0.632879
vt 0.849487 0.634052
vt 0.087850 0.334846
vt 0.088615 0.334925
vt 0.089098 0.333938
vt 0.681726 0.066306
vt 0.681223 0.066577
vt 0.681439 0.067437
vt 0.683531 0.068852
vt 0.671878 0.078361
vt 0.671234 0.078859
vt 0.670381 0.079511
vt 0.843922 0.631494
vt 0.086114 0.331135
vt 0.087282 0.332032
vt 0.088072 0.333949
vt 0.681448 0.066495
vt 0.681798 0.066754
vt 0.682455 0.068184
vt 0.682754 0.069390
vt 0.682876 0.070663
vt 0.685400 0.072098
vt 0.673470 0.078715
vt 0.668568 0.079615
vt 0.666989 0.082099
vt 0.670175 0.080454
vt 0.842646 0.632007
vt 0.843366 0.632234
vt 0.844671 0.631742
vt 0.681584 0.068008
vt 0.681891 0.067825
vt 0.672045 0.079346
vt 0.670260 0.082815
vt 0.671229 0.079746
vt 0.671917 0.080102
vt 0.670937 0.080235
vt 0.670743 0.081160
vt 0.843792 0.632481
vt 0.844321 0.632971
vt 0.844851 0.633069
vt 0.082336 0.325357
vt 0.088310 0.331890
vt 0.089376 0.331984
vt 0.088471 0.332367
vt 0.087828 0.333607
vt 0.088058 0.332569
vt 0.087836 0.332250
vt 0.681893 0.070939
vt 0.681952 0.069703
vt 0.682091 0.068221
vt 0.682060 0.068589
vt 0.680747 0.074385
vt 0.672925 0.080218
vt 0.671566 0.081005
vt 0.844186 0.633466
vt 0.843372 0.633046
vt 0.087019 0.330467
vt 0.087243 0.330936
vt 0.672550 0.081633
vt 0.671144 0.082020
vt 0.843189 0.633925
vt 0.851635 0.629105
vt 0.088143 0.328202
vt 0.088249 0.329596
vt 0.682253 0.070076
vt 0.685297 0.076829
vt 0.683113 0.071337
vt 0.673534 0.082387
vt 0.671655 0.081428
vt 0.671756 0.082034
vt 0.080166 0.325798
vt 0.844007 0.633749
vt 0.844236 0.634656
vt 0.081407 0.324941
vt 0.087987 0.331996
vt 0.682211 0.071552
vt 0.682526 0.070826
vt 0.681951 0.073855
vt 0.683869 0.077312
vt 0.679835 0.078593
vt 0.675253 0.082429
vt 0.670543 0.085678
vt 0.672201 0.082933
vt 0.672482 0.082619
vt 0.672134 0.083687
vt 0.845107 0.634167
vt 0.846486 0.635423
vt 0.086562 0.328532
vt 0.085644 0.327746
vt 0.088067 0.330707
vt 0.087916 0.331316
vt 0.682526 0.071180
vt 0.682750 0.072515
vt 0.682889 0.075646
vt 0.672193 0.085328
vt 0.672881 0.083372
vt 0.080459 0.325531
vt 0.081185 0.324628
vt 0.843401 0.634118
vt 0.844273 0.635469
vt 0.844621 0.634479
vt 0.847548 0.635354
vt 0.083463 0.324940
vt 0.682271 0.072570
vt 0.681082 0.078259
vt 0.676550 0.080488
vt 0.686814 0.081478
vt 0.673138 0.084202
vt 0.087158 0.329384
vt 0.087918 0.329300
vt 0.087636 0.328613
vt 0.087935 0.328357
vt 0.087495 0.329929
vt 0.087784 0.330892
vt 0.087620 0.329325
vt 0.669106 0.086059
vt 0.675277 0.084551
vt 0.082295 0.324223
vt 0.081821 0.323987
vt 0.082341 0.324038
vt 0.845365 0.635939
vt 0.845604 0.635199
vt 0.082720 0.324490
vt 0.848179 0.634548
vt 0.682655 0.075327
vt 0.679376 0.084345
vt 0.674423 0.085242
vt 0.673134 0.084477
vt 0.673088 0.085035
vt 0.086417 0.327120
vt 0.851177 0.633067
vt 0.088349 0.327714
vt 0.087560 0.327039
vt 0.087191 0.326431
vt 0.086853 0.327797
vt 0.087165 0.328702
vt 0.087462 0.328909
vt 0.682270 0.075748
vt 0.682392 0.076495
vt 0.680689 0.083266
vt 0.675880 0.085527
vt 0.082264 0.323594
vt 0.846221 0.636090
vt 0.084594 0.324549
vt 0.848591 0.635703
vt 0.087563 0.327644
vt 0.682096 0.076890
vt 0.682693 0.076507
vt 0.684660 0.080681
vt 0.674873 0.087011
vt 0.673467 0.087830
vt 0.674633 0.085822
vt 0.674803 0.086435
vt 0.083333 0.323962
vt 0.083488 0.324084
vt 0.847548 0.636128
vt 0.850042 0.634469
vt 0.087383 0.327959
vt 0.086906 0.327481
vt 0.087276 0.327526
vt 0.087380 0.327351
vt 0.087187 0.327032
vt 0.087103 0.326511
vt 0.087353 0.328663
vt 0.683089 0.076688
vt 0.677510 0.085298
vt 0.082688 0.323655
vt 0.083143 0.323124
vt 0.083412 0.323717
vt 0.084209 0.323939
vt 0.084951 0.324597
vt 0.086499 0.326076
vt 0.086899 0.326669
vt 0.085705 0.325149
vt 0.086236 0.325760
vt 0.087095 0.327413
vt 0.682332 0.077308
vt 0.681705 0.078553
vt 0.682535 0.077082
vt 0.682809 0.078166
vt 0.683244 0.078402
vt 0.677040 0.085907
vt 0.676166 0.085994
vt 0.083974 0.323317
vt 0.086424 0.325403
vt 0.850647 0.634423
vt 0.682687 0.077243
vt 0.681838 0.080101
vt 0.681373 0.081633
vt 0.685396 0.084775
vt 0.684767 0.083610
vt 0.675942 0.086366
vt 0.083959 0.323663
vt 0.848786 0.636174
vt 0.848022 0.636509
vt 0.085185 0.324231
vt 0.849484 0.635563
vt 0.085540 0.324532
vt 0.850248 0.634869
vt 0.085982 0.324981
vt 0.682452 0.077844
vt 0.682425 0.078806
vt 0.681792 0.079420
vt 0.682629 0.079306
vt 0.682719 0.081078
vt 0.683695 0.082243
vt 0.678848 0.085646
vt 0.676862 0.086932
vt 0.084847 0.323809
vt 0.085027 0.323443
vt 0.085697 0.323970
vt 0.085311 0.323844
vt 0.086103 0.324774
vt 0.850479 0.634997
vt 0.682003 0.080377
vt 0.680729 0.083725
vt 0.676349 0.087426
vt 0.678472 0.086209
vt 0.677647 0.086262
vt 0.085605 0.324413
vt 0.086078 0.324925
vt 0.684003 0.085085
vt 0.853025 0.001118
vt 0.854282 0.001217
vt 0.853171 0.001729
vt 0.854908 0.001449
vt 0.854564 0.001755
vt 0.677992 0.086876
vt 0.854737 0.001049
vt 0.682096 0.081133
vt 0.681806 0.081261
vt 0.681341 0.082800
vt 0.682207 0.082018
vt 0.682677 0.082389
vt 0.683095 0.083690
vt 0.682973 0.084851
vt 0.683407 0.084266
vt 0.680294 0.084768
vt 0.682239 0.085450
vt 0.853556 0.002352
vt 0.854172 0.002077
vt 0.854454 0.002398
vt 0.854810 0.001855
vt 0.681710 0.082745
vt 0.681938 0.083385
vt 0.681505 0.083829
vt 0.682057 0.084829
vt 0.681236 0.084521
vt 0.680070 0.085697
vt 0.681885 0.085085
vt 0.680867 0.085985
vt 0.854939 0.002321
vt 0.682182 0.084078
vt 0.681742 0.084588
vt 0.681635 0.085032
vt 0.667233 0.044989
s 1
g off
g nave.002_Material.001
usemtl Material.001
f 3/1/1 1/2/2 2/3/3
f 3/1/1 16/4/4 1/2/2
f 3/5/1 2/3/3 6/6/5
f 3/5/1 6/6/5 4/7/6
f 3/5/1 15/8/7 16/4/4
f 3/9/1 5/10/8 15/11/7
f 3/9/1 4/12/6 5/10/8
f 4/7/6 6/6/5 9/13/9
f 9/13/9 6/6/5 13/14/10
f 9/15/9 14/16/11 7/17/12
f 2/3/3 11/18/13 6/6/5
f 2/3/3 8/19/14 11/18/13
f 6/6/5 11/18/13 13/14/10
f 11/18/13 8/19/14 10/20/15
f 13/14/10 11/18/13 12/21/16
f 13/14/10 14/22/11 9/23/9
f 11/18/13 10/20/15 12/21/16
f 12/21/16 14/22/11 13/14/10
f 5/10/8 4/12/6 17/24/17
f 5/10/8 17/24/17 15/11/7
f 1/2/2 8/19/14 2/3/3
f 1/2/2 18/25/18 19/26/19
f 1/2/2 16/4/4 18/25/18
f 1/2/2 19/26/19 8/19/14
f 4/12/6 9/27/9 7/17/12
f 4/12/6 20/28/20 17/24/17
f 7/17/12 20/28/20 4/12/6
f 7/17/12 21/29/21 20/28/20
f 7/17/12 14/16/11 21/29/21
f 8/19/14 22/30/22 10/20/15
f 8/19/14 19/26/19 22/30/22
f 12/21/16 24/31/23 23/32/24
f 12/21/16 23/32/24 14/22/11
f 10/20/15 24/31/23 12/21/16
f 10/20/15 22/30/22 34/33/25
f 10/20/15 34/33/25 24/31/23
f 24/31/23 36/34/26 37/35/27
f 24/31/23 37/35/27 23/32/24
f 23/36/24 25/37/28 14/16/11
f 23/36/24 26/38/29 25/37/28
f 28/39/30 15/11/7 27/40/31
f 28/41/30 16/4/4 15/8/7
f 28/41/30 29/42/32 16/4/4
f 28/39/30 31/43/33 29/44/32
f 27/40/31 15/11/7 17/24/17
f 27/40/31 30/45/34 31/43/33
f 27/40/31 31/43/33 28/39/30
f 17/24/17 30/45/34 27/40/31
f 17/24/17 20/28/20 30/45/34
f 18/25/18 16/4/4 29/42/32
f 18/25/18 29/42/32 47/46/35
f 18/25/18 47/46/35 19/26/19
f 14/16/11 41/47/36 21/29/21
f 22/30/22 19/26/19 49/48/37
f 22/30/22 49/48/37 33/49/38
f 22/30/22 33/49/38 32/50/39
f 22/30/22 32/50/39 34/33/25
f 25/37/28 41/47/36 14/16/11
f 24/31/23 34/33/25 36/34/26
f 37/35/27 26/51/29 23/32/24
f 30/45/34 38/52/40 31/43/33
f 20/28/20 38/52/40 30/45/34
f 20/28/20 39/53/41 38/52/40
f 19/26/19 47/46/35 40/54/42
f 19/26/19 40/54/42 49/48/37
f 25/37/28 35/55/43 41/47/36
f 34/33/25 32/50/39 36/34/26
f 36/34/26 32/50/39 51/56/44
f 36/34/26 42/57/45 37/35/27
f 36/34/26 58/58/46 42/57/45
f 37/35/27 43/59/47 26/51/29
f 37/35/27 42/57/45 43/59/47
f 26/38/29 35/55/43 25/37/28
f 26/38/29 43/60/47 35/55/43
f 43/59/47 42/57/45 44/61/48
f 43/59/47 44/61/48 53/62/49
f 31/43/33 46/63/50 29/44/32
f 46/64/50 47/46/35 29/42/32
f 46/65/50 48/66/51 67/67/52
f 46/64/50 56/68/53 47/46/35
f 46/64/50 67/69/52 56/68/53
f 21/29/21 72/70/54 20/28/20
f 21/29/21 41/47/36 72/70/54
f 32/50/39 33/49/38 51/56/44
f 51/56/44 58/58/46 36/34/26
f 35/55/43 72/70/54 41/47/36
f 43/60/47 54/71/55 35/55/43
f 42/57/45 58/58/46 52/72/56
f 42/57/45 52/72/56 44/61/48
f 53/73/49 54/71/55 43/60/47
f 46/63/50 55/74/57 48/66/51
f 31/43/33 55/74/57 46/63/50
f 31/43/33 45/75/58 55/74/57
f 38/52/40 45/76/58 31/43/33
f 38/52/40 39/53/41 45/76/58
f 47/46/35 50/77/59 40/54/42
f 47/46/35 56/68/53 50/77/59
f 72/70/54 39/53/41 20/28/20
f 49/48/37 57/78/60 33/49/38
f 51/56/44 59/79/61 58/58/46
f 58/58/46 59/79/61 60/80/62
f 58/58/46 60/80/62 52/72/56
f 52/72/56 60/80/62 44/61/48
f 53/81/49 65/82/63 54/83/55
f 44/61/48 60/80/62 64/84/64
f 44/61/48 63/85/65 53/62/49
f 45/75/58 61/86/66 55/74/57
f 45/76/58 39/53/41 61/86/66
f 49/48/37 139/87/67 106/88/68
f 49/48/37 106/88/68 57/78/60
f 60/80/62 59/79/61 64/84/64
f 64/84/64 63/89/65 44/61/48
f 63/85/65 64/84/64 73/90/69
f 63/85/65 65/91/63 53/62/49
f 63/85/65 73/90/69 66/92/70
f 63/85/65 66/92/70 65/91/63
f 61/86/66 68/93/71 69/94/72
f 39/53/41 68/93/71 61/86/66
f 39/53/41 62/95/73 68/93/71
f 72/70/54 62/95/73 39/53/41
f 40/54/42 139/87/67 49/48/37
f 35/96/43 71/97/74 72/98/54
f 35/96/43 81/99/75 71/97/74
f 59/79/61 73/90/69 64/84/64
f 54/83/55 81/99/75 35/96/43
f 54/83/55 74/100/76 81/99/75
f 65/82/63 74/100/76 54/83/55
f 73/90/69 75/101/77 66/92/70
f 66/92/70 75/101/77 82/102/78
f 48/66/51 76/103/79 77/104/80
f 48/66/51 77/104/80 67/67/52
f 55/74/57 76/103/79 48/66/51
f 55/74/57 61/86/66 76/103/79
f 56/68/53 67/69/52 50/77/59
f 50/77/59 70/105/81 40/54/42
f 72/98/54 71/97/74 62/106/73
f 73/90/69 80/107/82 75/101/77
f 66/92/70 86/108/83 65/91/63
f 61/86/66 69/94/72 76/103/79
f 77/104/80 78/109/84 67/67/52
f 50/77/59 67/69/52 84/110/85
f 50/77/59 84/110/85 70/105/81
f 33/49/38 57/78/60 79/111/86
f 33/49/38 79/111/86 51/56/44
f 51/56/44 94/112/87 59/79/61
f 51/56/44 79/111/86 94/112/87
f 59/79/61 80/107/82 73/90/69
f 59/79/61 94/112/87 80/107/82
f 75/101/77 80/107/82 82/102/78
f 82/102/78 86/108/83 66/92/70
f 86/113/83 74/114/76 65/115/63
f 86/113/83 83/116/88 74/114/76
f 76/103/79 69/94/72 77/104/80
f 67/67/52 88/117/89 84/118/85
f 71/97/74 85/119/90 62/106/73
f 81/99/75 95/120/91 71/97/74
f 82/102/78 80/107/82 86/108/83
f 86/108/83 90/121/92 83/122/88
f 77/104/80 87/123/93 78/109/84
f 78/109/84 88/117/89 67/67/52
f 69/94/72 87/124/93 77/104/80
f 69/94/72 92/125/94 87/124/93
f 68/93/71 105/126/95 69/94/72
f 80/107/82 90/121/92 86/108/83
f 74/114/76 83/116/88 89/127/96
f 74/114/76 89/127/96 81/128/75
f 89/127/96 96/129/97 91/130/98
f 78/109/84 87/123/93 88/117/89
f 69/94/72 105/126/95 92/125/94
f 84/110/85 93/131/99 70/105/81
f 84/118/85 88/117/89 100/132/100
f 84/118/85 100/132/100 93/133/99
f 81/128/75 89/127/96 95/134/91
f 80/107/82 96/135/97 90/121/92
f 90/121/92 96/135/97 83/122/88
f 83/116/88 96/129/97 89/127/96
f 87/123/93 92/125/94 97/136/101
f 87/123/93 97/136/101 88/117/89
f 40/54/42 70/105/81 139/87/67
f 98/137/102 68/138/71 62/106/73
f 62/106/73 85/119/90 98/137/102
f 80/107/82 94/112/87 108/139/103
f 80/107/82 108/139/103 96/135/97
f 89/127/96 91/130/98 95/134/91
f 96/129/97 99/140/104 91/130/98
f 88/117/89 97/136/101 100/132/100
f 92/125/94 101/141/105 97/136/101
f 100/132/100 102/142/106 93/133/99
f 105/126/95 101/141/105 92/125/94
f 105/126/95 103/143/107 101/141/105
f 71/97/74 120/144/108 85/119/90
f 91/130/98 99/140/104 95/134/91
f 99/140/104 96/129/97 107/145/109
f 100/132/100 97/136/101 102/142/106
f 97/136/101 104/146/110 102/142/106
f 97/136/101 101/141/105 104/146/110
f 96/129/97 108/147/103 107/145/109
f 102/142/106 104/146/110 93/133/99
f 93/133/99 104/146/110 111/148/111
f 93/133/99 111/148/111 114/149/112
f 93/131/99 116/150/113 70/105/81
f 95/120/91 120/144/108 71/97/74
f 99/140/104 109/151/114 95/134/91
f 107/145/109 113/152/115 99/140/104
f 108/147/103 110/153/116 107/145/109
f 107/145/109 110/153/116 113/152/115
f 104/146/110 103/143/107 111/154/111
f 101/141/105 103/143/107 104/146/110
f 108/147/103 119/155/117 110/153/116
f 99/140/104 112/156/118 109/151/114
f 111/154/111 103/143/107 115/157/119
f 111/154/111 115/157/119 114/149/112
f 114/149/112 116/158/113 93/133/99
f 114/149/112 127/159/120 116/158/113
f 70/105/81 116/150/113 128/160/121
f 70/105/81 128/160/121 139/87/67
f 68/138/71 117/161/122 105/162/95
f 79/111/86 132/163/123 94/112/87
f 94/112/87 118/164/124 108/139/103
f 108/147/103 118/165/124 119/155/117
f 95/134/91 109/151/114 120/166/108
f 110/153/116 121/167/125 113/152/115
f 110/153/116 119/155/117 121/167/125
f 113/152/115 112/156/118 99/140/104
f 113/152/115 121/167/125 112/156/118
f 121/167/125 119/155/117 122/168/126
f 114/149/112 115/157/119 127/159/120
f 103/143/107 123/169/127 115/157/119
f 105/126/95 123/169/127 103/143/107
f 106/88/68 139/87/67 144/170/128
f 112/156/118 121/167/125 124/171/129
f 112/156/118 124/171/129 109/151/114
f 121/167/125 122/168/126 125/172/130
f 121/167/125 125/172/130 124/171/129
f 115/157/119 126/173/131 127/159/120
f 115/157/119 123/169/127 126/173/131
f 127/174/120 137/175/132 116/150/113
f 116/150/113 137/175/132 128/160/121
f 85/119/90 145/176/133 98/137/102
f 94/112/87 132/163/123 129/177/134
f 94/112/87 129/177/134 118/164/124
f 122/168/126 119/155/117 130/178/135
f 122/168/126 130/178/135 131/179/136
f 109/151/114 133/180/137 120/166/108
f 125/172/130 122/168/126 134/181/138
f 125/172/130 134/181/138 124/171/129
f 124/171/129 134/181/138 109/151/114
f 122/168/126 131/179/136 134/181/138
f 128/160/121 152/182/139 140/183/140
f 128/160/121 140/183/140 139/87/67
f 106/184/68 159/185/141 57/186/60
f 106/184/68 144/187/128 159/185/141
f 68/138/71 98/137/102 117/161/122
f 118/165/124 130/178/135 119/155/117
f 109/151/114 135/188/142 133/180/137
f 133/180/137 154/189/143 120/166/108
f 134/181/138 135/188/142 109/151/114
f 134/181/138 131/179/136 135/188/142
f 126/173/131 136/190/144 127/159/120
f 123/169/127 136/191/144 126/173/131
f 127/174/120 136/192/144 137/175/132
f 128/160/121 137/175/132 152/182/139
f 105/126/95 138/193/145 123/169/127
f 105/126/95 174/194/146 138/193/145
f 139/195/67 140/196/140 141/197/147
f 139/195/67 141/197/147 144/198/128
f 131/179/136 130/178/135 146/199/148
f 131/179/136 146/199/148 135/188/142
f 135/188/142 149/200/149 133/180/137
f 135/188/142 146/199/148 147/201/150
f 137/175/132 151/202/151 152/182/139
f 137/175/132 142/203/152 151/202/151
f 136/192/144 142/203/152 137/175/132
f 123/169/127 142/204/152 136/205/144
f 123/169/127 143/206/153 142/204/152
f 123/207/127 138/208/145 143/209/153
f 120/144/108 145/176/133 85/119/90
f 120/210/108 154/211/143 145/212/133
f 130/178/135 118/165/124 146/199/148
f 146/199/148 148/213/154 147/201/150
f 146/214/148 118/215/124 148/216/154
f 147/201/150 149/200/149 135/188/142
f 147/217/150 148/218/154 149/219/149
f 149/219/149 150/220/155 133/221/137
f 151/222/151 140/196/140 152/223/139
f 151/222/151 143/209/153 140/196/140
f 142/224/152 143/209/153 151/222/151
f 105/225/95 117/226/122 174/227/146
f 148/216/154 118/215/124 153/228/156
f 133/221/137 150/220/155 154/211/143
f 138/208/145 155/229/157 143/209/153
f 141/197/147 166/230/158 163/231/159
f 141/197/147 163/231/159 144/198/128
f 154/211/143 157/232/160 145/212/133
f 118/215/124 129/233/134 153/228/156
f 149/219/149 148/218/154 150/220/155
f 150/220/155 148/218/154 165/234/161
f 148/218/154 161/235/162 165/234/161
f 140/196/140 143/209/153 158/236/163
f 140/196/140 166/230/158 141/197/147
f 154/211/143 160/237/164 157/232/160
f 150/220/155 160/237/164 154/211/143
f 150/220/155 165/234/161 160/237/164
f 158/236/163 166/230/158 140/196/140
f 132/238/123 200/239/165 129/233/134
f 129/233/134 161/240/162 153/228/156
f 153/241/156 161/235/162 148/218/154
f 160/237/164 162/242/166 157/232/160
f 165/234/161 162/242/166 160/237/164
f 143/209/153 155/229/157 158/236/163
f 166/230/158 172/243/167 168/244/168
f 166/230/158 168/244/168 163/231/159
f 138/208/145 164/245/169 155/229/157
f 138/208/145 174/227/146 164/245/169
f 163/231/159 167/246/170 144/198/128
f 98/247/102 156/248/171 117/226/122
f 145/212/133 156/248/171 98/247/102
f 145/212/133 179/249/172 156/248/171
f 165/234/161 170/250/173 162/242/166
f 158/236/163 164/245/169 166/230/158
f 155/229/157 164/245/169 158/236/163
f 163/231/159 168/244/168 183/251/174
f 163/231/159 183/251/174 167/246/170
f 79/252/86 169/253/175 132/238/123
f 162/242/166 176/254/176 157/232/160
f 165/234/161 171/255/177 170/250/173
f 170/250/173 176/254/176 162/242/166
f 166/230/158 164/245/169 172/243/167
f 164/245/169 173/256/178 172/243/167
f 164/245/169 174/227/146 173/257/178
f 132/238/123 185/258/179 200/239/165
f 145/212/133 180/259/180 190/260/181
f 145/212/133 190/260/181 179/249/172
f 129/233/134 186/261/182 161/240/162
f 129/233/134 200/239/165 186/261/182
f 157/232/160 180/259/180 145/212/133
f 161/235/162 186/262/182 175/263/183
f 161/235/162 171/255/177 165/234/161
f 161/235/162 175/263/183 171/255/177
f 170/250/173 171/255/177 187/264/184
f 170/250/173 187/264/184 176/254/176
f 172/243/167 177/265/185 168/244/168
f 172/243/167 173/256/178 177/265/185
f 167/246/170 183/251/174 178/266/186
f 167/246/170 188/267/187 144/198/128
f 144/187/128 188/268/187 159/185/141
f 57/186/60 159/185/141 169/253/175
f 57/186/60 169/253/175 79/252/86
f 156/248/171 192/269/188 117/226/122
f 176/254/176 187/264/184 181/270/189
f 176/254/176 181/270/189 157/232/160
f 177/265/185 183/251/174 168/244/168
f 173/256/178 182/271/190 177/265/185
f 183/251/174 191/272/191 195/273/192
f 183/251/174 195/273/192 178/266/186
f 174/227/146 184/274/193 182/271/190
f 174/227/146 182/271/190 173/257/178
f 185/258/179 132/238/123 252/275/194
f 157/232/160 181/270/189 180/259/180
f 171/255/177 175/263/183 202/276/195
f 171/255/177 202/276/195 187/264/184
f 183/251/174 177/265/185 191/272/191
f 178/266/186 188/267/187 167/246/170
f 184/274/193 189/277/196 182/271/190
f 159/185/141 235/278/197 169/253/175
f 180/259/180 181/270/189 193/279/198
f 180/259/180 193/279/198 190/260/181
f 177/265/185 182/271/190 191/272/191
f 182/271/190 199/280/199 191/272/191
f 182/271/190 189/277/196 199/280/199
f 117/226/122 255/281/200 174/227/146
f 117/226/122 192/269/188 255/281/200
f 132/238/123 169/253/175 252/275/194
f 175/263/183 186/262/182 226/282/201
f 175/263/183 226/282/201 202/276/195
f 193/279/198 194/283/202 190/260/181
f 187/264/184 202/276/195 207/284/203
f 187/264/184 193/279/198 181/270/189
f 195/273/192 196/285/204 178/266/186
f 188/267/187 197/286/205 198/287/206
f 188/268/187 212/288/207 159/185/141
f 188/268/187 198/289/206 212/288/207
f 207/284/203 193/279/198 187/264/184
f 191/272/191 199/280/199 195/273/192
f 195/273/192 199/280/199 196/285/204
f 178/266/186 203/290/208 209/291/209
f 178/266/186 197/286/205 188/267/187
f 178/266/186 209/291/209 197/286/205
f 174/227/146 255/281/200 184/274/193
f 192/269/188 256/292/210 255/281/200
f 193/279/198 201/293/211 194/283/202
f 207/284/203 201/293/211 193/279/198
f 196/285/204 203/290/208 178/266/186
f 199/280/199 203/294/208 196/285/204
f 199/280/199 189/277/196 203/294/208
f 184/274/193 204/295/212 189/277/196
f 184/274/193 255/281/200 222/296/213
f 184/274/193 222/296/213 204/295/212
f 159/185/141 205/297/214 235/278/197
f 200/298/165 243/299/215 186/300/182
f 202/276/195 206/301/216 207/284/203
f 207/284/203 206/301/216 201/293/211
f 203/294/208 208/302/217 209/303/209
f 189/277/196 208/302/217 203/294/208
f 189/277/196 204/295/212 208/302/217
f 197/286/205 209/291/209 210/304/218
f 197/286/205 220/305/219 198/287/206
f 209/291/209 208/302/217 210/304/218
f 198/287/206 220/305/219 211/306/220
f 198/287/206 211/306/220 212/307/207
f 212/288/207 205/297/214 159/185/141
f 212/288/207 228/308/221 205/297/214
f 194/283/202 224/309/222 190/260/181
f 194/283/202 238/310/223 224/309/222
f 206/301/216 213/311/224 201/293/211
f 206/301/216 202/276/195 217/312/225
f 206/301/216 217/312/225 213/311/224
f 201/293/211 213/311/224 194/283/202
f 204/295/212 214/313/226 208/302/217
f 214/313/226 210/304/218 208/302/217
f 214/313/226 222/296/213 215/314/227
f 214/313/226 216/315/228 210/304/218
f 214/313/226 215/314/227 216/315/228
f 204/295/212 222/296/213 214/313/226
f 156/248/171 237/316/229 192/269/188
f 202/276/195 226/282/201 229/317/230
f 202/276/195 229/317/230 217/312/225
f 217/312/225 218/318/231 213/311/224
f 213/311/224 218/318/231 238/310/223
f 213/311/224 238/310/223 194/283/202
f 218/318/231 219/319/232 238/310/223
f 210/304/218 220/305/219 197/286/205
f 210/304/218 216/315/228 220/305/219
f 220/305/219 225/320/233 211/306/220
f 211/306/220 221/321/234 212/307/207
f 212/307/207 221/321/234 228/322/221
f 255/281/200 223/323/235 222/296/213
f 190/260/181 224/309/222 179/249/172
f 186/300/182 244/324/236 226/325/201
f 217/312/225 229/317/230 219/319/232
f 217/312/225 219/319/232 218/318/231
f 220/305/219 216/315/228 225/320/233
f 205/326/214 228/322/221 240/327/237
f 205/326/214 240/327/237 241/328/238
f 192/269/188 237/316/229 256/292/210
f 216/315/228 227/329/239 225/320/233
f 216/315/228 215/314/227 227/329/239
f 225/320/233 221/321/234 211/306/220
f 225/320/233 227/329/239 221/321/234
f 228/322/221 221/321/234 232/330/240
f 229/317/230 239/331/241 219/319/232
f 219/319/232 239/331/241 230/332/242
f 219/319/232 230/332/242 238/310/223
f 238/310/223 230/332/242 231/333/243
f 227/329/239 232/330/240 221/321/234
f 227/329/239 233/334/244 232/330/240
f 215/314/227 233/334/244 227/329/239
f 215/314/227 223/323/235 233/334/244
f 222/296/213 223/323/235 215/314/227
f 232/330/240 234/335/245 228/322/221
f 205/326/214 241/328/238 235/336/197
f 235/336/197 236/337/246 169/338/175
f 156/248/171 179/249/172 237/316/229
f 186/300/182 243/299/215 244/324/236
f 224/309/222 237/316/229 179/249/172
f 228/322/221 234/335/245 240/327/237
f 240/327/237 249/339/247 241/328/238
f 241/328/238 242/340/248 235/336/197
f 238/310/223 263/341/249 224/309/222
f 238/310/223 231/333/243 263/341/249
f 226/282/201 244/342/236 229/317/230
f 229/317/230 258/343/250 239/331/241
f 230/332/242 246/344/251 231/333/243
f 233/334/244 247/345/252 232/330/240
f 234/335/245 232/330/240 247/345/252
f 240/327/237 234/335/245 249/339/247
f 223/323/235 248/346/253 233/334/244
f 223/323/235 250/347/254 248/346/253
f 223/323/235 251/348/255 250/347/254
f 235/336/197 254/349/256 265/350/257
f 235/336/197 265/350/257 236/337/246
f 252/351/194 169/338/175 236/337/246
f 263/341/249 237/316/229 224/309/222
f 244/342/236 258/343/250 229/317/230
f 239/331/241 245/352/258 230/332/242
f 248/346/253 250/347/254 233/334/244
f 249/339/247 234/335/245 241/328/238
f 241/328/238 253/353/259 242/340/248
f 242/340/248 253/353/259 254/349/256
f 242/340/248 254/349/256 235/336/197
f 185/354/179 257/355/260 200/298/165
f 200/298/165 257/355/260 243/299/215
f 258/343/250 259/356/261 239/331/241
f 258/343/250 272/357/262 259/356/261
f 245/352/258 259/356/261 246/344/251
f 245/352/258 246/344/251 230/332/242
f 239/331/241 259/356/261 245/352/258
f 247/345/252 233/334/244 260/358/263
f 247/345/252 260/358/263 234/335/245
f 233/334/244 261/359/264 260/358/263
f 234/335/245 253/353/259 241/328/238
f 234/335/245 260/358/263 253/353/259
f 250/347/254 261/359/264 233/334/244
f 255/281/200 251/348/255 223/323/235
f 256/292/210 278/360/265 255/281/200
f 236/337/246 269/361/266 252/351/194
f 236/337/246 276/362/267 262/363/268
f 236/337/246 262/363/268 269/361/266
f 252/364/194 257/355/260 185/354/179
f 260/358/263 261/359/264 264/365/269
f 254/349/256 253/353/259 265/350/257
f 265/350/257 276/362/267 236/337/246
f 252/364/194 266/366/270 257/355/260
f 237/316/229 270/367/271 279/368/272
f 259/356/261 271/369/273 246/344/251
f 246/344/251 263/341/249 231/333/243
f 246/344/251 280/370/274 263/341/249
f 246/344/251 271/369/273 280/370/274
f 260/358/263 264/365/269 253/353/259
f 253/353/259 264/365/269 268/371/275
f 253/353/259 267/372/276 265/350/257
f 253/353/259 268/371/275 267/372/276
f 263/341/249 270/367/271 237/316/229
f 263/341/249 280/370/274 270/367/271
f 272/357/262 271/369/273 259/356/261
f 261/359/264 283/373/277 264/365/269
f 261/359/264 273/374/278 283/373/277
f 261/359/264 275/375/279 273/374/278
f 250/347/254 275/375/279 261/359/264
f 265/350/257 267/376/276 274/377/280
f 265/350/257 274/377/280 276/362/267
f 251/348/255 275/375/279 250/347/254
f 262/363/268 276/362/267 288/378/281
f 262/363/268 277/379/282 269/361/266
f 237/316/229 279/368/272 256/292/210
f 270/380/271 297/381/283 279/382/272
f 243/299/215 310/383/284 244/324/236
f 271/369/273 272/357/262 281/384/285
f 271/369/273 281/385/285 280/370/274
f 264/365/269 283/373/277 268/371/275
f 267/372/276 268/371/275 282/386/286
f 268/371/275 283/373/277 282/386/286
f 267/376/276 282/386/286 274/377/280
f 274/377/280 282/386/286 284/387/287
f 274/377/280 284/387/287 276/362/267
f 276/362/267 284/387/287 288/378/281
f 243/299/215 336/388/288 310/383/284
f 243/299/215 257/355/260 336/388/288
f 258/343/250 285/389/289 272/357/262
f 272/357/262 290/390/290 281/384/285
f 272/357/262 285/389/289 290/390/290
f 280/370/274 286/391/291 291/392/292
f 280/370/274 291/392/292 270/367/271
f 281/385/285 286/391/291 280/370/274
f 281/385/285 290/390/290 306/393/293
f 281/385/285 306/393/293 286/391/291
f 282/386/286 287/394/294 284/387/287
f 282/386/286 283/373/277 287/394/294
f 283/373/277 273/374/278 287/394/294
f 251/348/255 289/395/295 275/375/279
f 288/378/281 277/379/282 262/363/268
f 286/391/291 306/393/293 291/392/292
f 273/374/278 294/396/296 292/397/297
f 273/374/278 292/397/297 287/394/294
f 284/387/287 287/394/294 288/378/281
f 287/394/294 292/397/297 293/398/298
f 275/375/279 294/396/296 273/374/278
f 275/375/279 308/399/299 294/396/296
f 288/378/281 287/394/294 295/400/300
f 288/378/281 295/400/300 277/379/282
f 277/379/282 295/400/300 300/401/301
f 277/379/282 300/401/301 269/361/266
f 255/281/200 278/360/265 251/348/255
f 269/361/266 300/401/301 309/402/302
f 256/292/210 279/368/272 278/360/265
f 310/383/284 296/403/303 244/324/236
f 244/342/236 296/404/303 258/343/250
f 291/392/292 297/405/283 270/367/271
f 306/393/293 298/406/304 291/392/292
f 285/389/289 299/407/305 290/390/290
f 287/394/294 293/398/298 295/400/300
f 295/400/300 293/398/298 300/401/301
f 300/401/301 293/398/298 303/408/306
f 252/351/194 269/361/266 266/409/270
f 266/366/270 301/410/307 257/355/260
f 297/381/283 302/411/308 279/382/272
f 297/381/283 298/412/304 302/411/308
f 291/392/292 298/406/304 297/405/283
f 293/398/298 292/397/297 303/413/306
f 300/414/301 303/415/306 304/416/309
f 300/414/301 305/417/310 320/418/311
f 269/419/266 309/420/302 327/421/312
f 269/419/266 327/421/312 266/366/270
f 302/411/308 322/422/313 279/382/272
f 302/411/308 312/423/314 322/422/313
f 296/404/303 285/389/289 258/343/250
f 299/407/305 306/393/293 290/390/290
f 299/424/305 323/425/315 306/426/293
f 303/413/306 308/399/299 307/427/316
f 303/413/306 307/427/316 304/428/309
f 292/397/297 294/396/296 308/399/299
f 292/397/297 308/399/299 303/413/306
f 304/416/309 305/417/310 300/414/301
f 304/416/309 307/429/316 305/417/310
f 289/395/295 308/399/299 275/375/279
f 251/348/255 332/430/317 289/395/295
f 300/414/301 320/418/311 309/420/302
f 310/383/284 311/431/318 296/403/303
f 285/432/289 323/425/315 299/424/305
f 285/432/289 296/433/303 313/434/319
f 285/432/289 313/434/319 323/425/315
f 306/426/293 314/435/320 298/412/304
f 306/426/293 323/425/315 324/436/321
f 306/426/293 324/436/321 314/435/320
f 298/412/304 314/435/320 312/423/314
f 298/412/304 312/423/314 302/411/308
f 314/435/320 315/437/322 312/423/314
f 314/435/320 316/438/323 315/437/322
f 308/399/299 317/439/324 318/440/325
f 308/399/299 318/440/325 307/427/316
f 308/399/299 289/395/295 317/439/324
f 305/417/310 319/441/326 325/442/327
f 305/417/310 321/443/328 344/444/329
f 305/417/310 344/444/329 320/418/311
f 322/422/313 347/445/330 279/382/272
f 323/425/315 341/446/331 324/436/321
f 324/436/321 316/438/323 314/435/320
f 307/429/316 319/441/326 305/417/310
f 307/429/316 318/447/325 325/442/327
f 307/429/316 325/442/327 319/441/326
f 278/360/265 332/430/317 251/348/255
f 266/366/270 327/421/312 328/448/332
f 266/366/270 328/448/332 301/410/307
f 257/355/260 301/410/307 335/449/333
f 257/355/260 335/449/333 336/388/288
f 311/431/318 338/450/334 296/403/303
f 296/433/303 338/451/334 313/434/319
f 313/434/319 348/452/335 323/425/315
f 313/434/319 329/453/336 348/452/335
f 313/434/319 338/451/334 329/453/336
f 325/442/327 321/443/328 305/417/310
f 325/442/327 318/447/325 343/454/337
f 325/442/327 343/454/337 321/443/328
f 289/395/295 331/455/338 317/439/324
f 332/430/317 331/455/338 289/395/295
f 320/418/311 326/456/339 309/420/302
f 320/418/311 352/457/340 326/456/339
f 309/420/302 326/456/339 327/421/312
f 278/458/265 333/459/341 332/460/317
f 278/458/265 334/461/342 333/459/341
f 301/410/307 328/448/332 335/449/333
f 279/382/272 347/445/330 278/462/265
f 335/449/333 359/463/343 336/388/288
f 312/423/314 337/464/344 322/422/313
f 315/437/322 339/465/345 312/423/314
f 315/437/322 316/438/323 339/465/345
f 316/438/323 380/466/346 339/465/345
f 316/438/323 340/467/347 380/466/346
f 324/436/321 341/446/331 340/467/347
f 324/436/321 340/467/347 316/438/323
f 318/447/325 317/468/324 343/454/337
f 321/443/328 388/469/348 344/444/329
f 344/444/329 352/457/340 320/418/311
f 328/448/332 371/470/349 345/471/350
f 328/448/332 345/471/350 335/449/333
f 336/388/288 359/463/343 346/472/351
f 322/422/313 337/464/344 362/473/352
f 322/422/313 362/473/352 347/445/330
f 323/425/315 348/452/335 341/446/331
f 343/454/337 388/469/348 321/443/328
f 343/454/337 351/474/353 388/469/348
f 317/468/324 331/475/338 343/454/337
f 343/454/337 331/475/338 351/474/353
f 326/456/339 353/476/354 327/421/312
f 327/421/312 353/476/354 328/448/332
f 328/448/332 358/477/355 371/470/349
f 335/449/333 361/478/356 359/463/343
f 335/449/333 345/471/350 361/478/356
f 336/388/288 346/472/351 311/431/318
f 336/388/288 311/431/318 310/383/284
f 339/465/345 337/464/344 312/423/314
f 339/465/345 365/479/357 337/464/344
f 339/465/345 380/466/346 365/479/357
f 329/453/336 356/480/358 348/452/335
f 341/446/331 348/452/335 355/481/359
f 341/446/331 355/481/359 340/467/347
f 348/452/335 356/480/358 355/481/359
f 386/482/360 349/483/361 330/484/362
f 331/475/338 332/460/317 333/459/341
f 331/475/338 357/485/363 351/474/353
f 344/444/329 388/469/348 352/457/340
f 333/459/341 357/485/363 331/475/338
f 326/456/339 352/457/340 353/476/354
f 353/476/354 352/457/340 358/477/355
f 353/476/354 358/477/355 328/448/332
f 278/458/265 354/486/364 334/461/342
f 346/472/351 394/487/365 374/488/366
f 346/472/351 374/488/366 375/489/367
f 346/472/351 375/489/367 311/431/318
f 337/464/344 378/490/368 362/473/352
f 338/451/334 364/491/369 329/453/336
f 338/450/334 363/492/370 364/493/369
f 365/479/357 378/490/368 337/464/344
f 365/479/357 380/466/346 366/494/371
f 365/479/357 366/494/371 378/490/368
f 342/495/372 385/496/373 386/482/360
f 349/483/361 368/497/374 350/498/375
f 351/474/353 357/485/363 388/469/348
f 352/457/340 388/469/348 369/499/376
f 352/457/340 369/499/376 358/477/355
f 357/485/363 333/459/341 370/500/377
f 358/477/355 369/499/376 371/470/349
f 371/470/349 372/501/378 345/471/350
f 345/471/350 372/501/378 391/502/379
f 345/471/350 391/502/379 360/503/380
f 345/471/350 360/503/380 361/478/356
f 359/463/343 394/487/365 346/472/351
f 359/463/343 373/504/381 394/487/365
f 347/445/330 354/505/364 278/462/265
f 347/445/330 376/506/382 354/505/364
f 347/445/330 362/473/352 376/506/382
f 311/431/318 377/507/383 399/508/384
f 311/431/318 399/508/384 338/450/334
f 338/450/334 399/508/384 363/492/370
f 364/491/369 356/480/358 329/453/336
f 364/491/369 379/509/385 356/480/358
f 340/467/347 381/510/386 380/466/346
f 355/481/359 381/510/386 340/467/347
f 380/466/346 382/511/387 366/494/371
f 355/512/359 416/513/388 417/514/389
f 383/515/390 384/516/391 463/517/392
f 383/515/390 463/517/392 511/518/393
f 383/515/390 511/518/393 385/496/373
f 383/515/390 385/496/373 342/495/372
f 385/496/373 477/519/394 386/482/360
f 357/485/363 370/500/377 544/520/395
f 357/485/363 544/520/395 388/469/348
f 369/499/376 372/501/378 371/470/349
f 369/499/376 389/521/396 372/501/378
f 369/499/376 388/469/348 389/521/396
f 388/469/348 390/522/397 389/521/396
f 388/469/348 544/520/395 390/522/397
f 389/521/396 390/522/397 545/523/398
f 372/501/378 389/521/396 391/502/379
f 360/503/380 392/524/399 361/478/356
f 361/478/356 373/504/381 359/463/343
f 361/478/356 393/525/400 373/504/381
f 394/487/365 436/526/401 374/488/366
f 374/488/366 434/527/402 375/489/367
f 376/506/382 395/528/403 488/529/404
f 376/506/382 488/529/404 354/505/364
f 375/489/367 437/530/405 377/507/383
f 375/489/367 377/507/383 311/431/318
f 362/473/352 378/490/368 397/531/406
f 363/492/370 398/532/407 364/493/369
f 363/492/370 399/508/384 400/533/408
f 363/492/370 400/533/408 398/532/407
f 364/493/369 398/532/407 379/534/385
f 366/494/371 401/535/409 378/490/368
f 379/534/385 398/532/407 402/536/410
f 379/534/385 402/536/410 409/537/411
f 404/538/412 446/539/413 407/540/414
f 404/538/412 443/541/415 446/539/413
f 404/538/412 405/542/416 443/541/415
f 404/538/412 444/543/417 406/544/418
f 405/542/416 408/545/419 409/546/411
f 379/547/385 409/546/411 410/548/420
f 379/509/385 410/549/420 356/480/358
f 356/550/358 410/548/420 416/513/388
f 356/480/358 416/551/388 355/481/359
f 404/538/412 408/545/419 405/542/416
f 404/538/412 411/552/421 408/545/419
f 408/545/419 411/552/421 412/553/422
f 408/545/419 410/548/420 409/546/411
f 355/481/359 417/554/389 381/510/386
f 381/510/386 382/511/387 380/466/346
f 381/510/386 417/554/389 456/555/423
f 381/510/386 456/555/423 382/511/387
f 404/538/412 419/556/424 411/552/421
f 412/553/422 411/552/421 413/557/425
f 412/553/422 413/557/425 414/558/426
f 412/553/422 410/548/420 408/545/419
f 417/514/389 416/513/388 455/559/427
f 406/544/418 451/560/428 419/556/424
f 406/544/418 419/556/424 404/538/412
f 411/552/421 419/556/424 423/561/429
f 411/552/421 418/562/430 413/557/425
f 411/552/421 423/561/429 418/562/430
f 413/557/425 415/563/431 414/558/426
f 413/557/425 422/564/432 415/563/431
f 451/560/428 420/565/433 419/556/424
f 418/562/430 423/561/429 421/566/434
f 418/562/430 421/566/434 425/567/435
f 418/562/430 425/567/435 427/568/436
f 418/562/430 422/564/432 413/557/425
f 418/562/430 427/568/436 422/564/432
f 419/556/424 424/569/437 423/561/429
f 419/556/424 429/570/438 424/569/437
f 421/566/434 423/561/429 430/571/439
f 421/566/434 430/571/439 426/572/440
f 421/566/434 426/572/440 425/567/435
f 423/561/429 424/569/437 430/571/439
f 425/567/435 426/572/440 427/568/436
f 424/569/437 479/573/441 430/571/439
f 385/496/373 511/518/393 477/519/394
f 386/482/360 520/574/442 533/575/443
f 386/482/360 533/575/443 349/483/361
f 333/459/341 334/461/342 370/500/377
f 391/502/379 389/521/396 392/524/399
f 391/502/379 392/524/399 360/503/380
f 389/521/396 545/523/398 392/524/399
f 361/478/356 392/524/399 393/525/400
f 373/504/381 433/576/444 432/577/445
f 373/504/381 432/577/445 394/487/365
f 436/526/401 434/527/402 374/488/366
f 434/527/402 437/530/405 375/489/367
f 434/527/402 553/578/446 438/579/447
f 434/527/402 438/579/447 437/530/405
f 376/506/382 397/531/406 491/580/448
f 437/530/405 490/581/449 377/507/383
f 377/507/383 490/581/449 439/582/450
f 377/507/383 439/582/450 399/508/384
f 362/473/352 397/531/406 376/506/382
f 378/490/368 401/535/409 441/583/451
f 378/490/368 441/583/451 397/531/406
f 367/584/452 440/585/453 442/586/454
f 398/532/407 400/533/408 446/587/413
f 398/532/407 446/587/413 443/588/415
f 398/532/407 443/588/415 402/536/410
f 444/543/417 407/540/414 497/589/455
f 444/543/417 497/589/455 445/590/456
f 407/540/414 446/539/413 494/591/457
f 407/540/414 444/543/417 404/538/412
f 407/540/414 494/591/457 497/589/455
f 443/541/415 405/542/416 402/592/410
f 402/592/410 405/542/416 409/546/411
f 403/593/458 401/535/409 366/494/371
f 403/593/458 447/594/459 401/535/409
f 403/593/458 503/595/460 447/594/459
f 366/494/371 382/511/387 403/593/458
f 445/590/456 454/596/461 444/543/417
f 444/543/417 454/596/461 406/544/418
f 410/548/420 412/553/422 416/513/388
f 453/597/462 454/596/461 450/598/463
f 453/597/462 451/560/428 454/596/461
f 453/597/462 420/565/433 451/560/428
f 453/597/462 450/598/463 500/599/464
f 454/596/461 451/560/428 406/544/418
f 412/553/422 414/558/426 416/513/388
f 416/513/388 414/558/426 455/559/427
f 455/559/427 456/600/423 417/514/389
f 455/559/427 460/601/465 456/600/423
f 449/602/466 457/603/467 384/604/391
f 453/597/462 458/605/468 420/565/433
f 453/597/462 504/606/469 458/605/468
f 414/558/426 415/563/431 455/559/427
f 455/559/427 415/563/431 459/607/470
f 456/600/423 460/601/465 506/608/471
f 415/563/431 422/564/432 459/607/470
f 459/607/470 460/601/465 455/559/427
f 459/607/470 461/609/472 460/601/465
f 459/607/470 462/610/473 461/609/472
f 384/516/391 464/611/474 463/517/392
f 384/516/391 457/612/467 465/613/475
f 384/516/391 465/613/475 464/611/474
f 458/605/468 504/606/469 466/614/476
f 422/564/432 468/615/477 459/607/470
f 420/565/433 458/605/468 429/570/438
f 420/565/433 429/570/438 419/556/424
f 422/564/432 427/568/436 428/616/478
f 422/564/432 469/617/479 468/615/477
f 463/517/392 470/618/480 511/518/393
f 463/517/392 471/619/481 470/618/480
f 458/605/468 467/620/482 429/570/438
f 428/616/478 469/617/479 422/564/432
f 428/616/478 509/621/483 469/617/479
f 429/570/438 479/573/441 424/569/437
f 429/570/438 472/622/484 479/573/441
f 428/616/478 473/623/485 509/621/483
f 427/568/436 473/623/485 428/616/478
f 427/568/436 426/572/440 474/624/486
f 427/568/436 474/624/486 473/623/485
f 475/625/487 476/626/488 510/627/489
f 475/628/487 478/629/490 476/626/488
f 430/571/439 479/573/441 480/630/491
f 430/571/439 480/630/491 481/631/492
f 430/571/439 481/631/492 426/572/440
f 477/519/394 520/574/442 386/482/360
f 426/572/440 531/632/493 474/624/486
f 426/572/440 482/633/494 531/632/493
f 349/483/361 533/575/443 483/634/495
f 349/483/361 483/634/495 368/497/374
f 368/635/374 483/636/495 542/637/496
f 368/635/374 542/637/496 484/638/497
f 484/638/497 387/639/498 368/635/374
f 484/638/497 485/640/499 486/641/500
f 484/638/497 486/641/500 387/639/498
f 370/500/377 431/642/501 544/520/395
f 392/524/399 545/523/398 487/643/502
f 392/524/399 487/643/502 393/525/400
f 393/525/400 487/643/502 433/576/444
f 393/525/400 433/576/444 373/504/381
f 394/487/365 432/577/445 435/644/503
f 394/487/365 435/644/503 436/526/401
f 395/528/403 489/645/504 488/529/404
f 395/528/403 615/646/505 489/645/504
f 376/506/382 491/580/448 395/528/403
f 434/527/402 550/647/506 553/578/446
f 437/530/405 438/579/447 490/581/449
f 490/581/449 438/579/447 496/648/507
f 397/531/406 492/649/508 491/580/448
f 439/582/450 493/650/509 399/508/384
f 439/582/450 490/581/449 493/650/509
f 399/508/384 493/650/509 400/533/408
f 397/531/406 441/583/451 492/649/508
f 497/589/455 494/591/457 493/651/509
f 493/650/509 494/652/457 400/533/408
f 400/533/408 494/652/457 446/587/413
f 497/589/455 495/653/510 445/590/456
f 497/589/455 490/654/449 496/655/507
f 497/656/455 493/650/509 490/581/449
f 497/589/455 555/657/511 495/653/510
f 401/535/409 440/585/453 441/583/451
f 401/535/409 442/586/454 440/585/453
f 495/653/510 501/658/512 454/596/461
f 495/653/510 454/596/461 445/590/456
f 495/653/510 559/659/513 501/658/512
f 401/535/409 498/660/514 442/586/454
f 401/535/409 447/594/459 498/660/514
f 448/661/515 498/660/514 499/662/516
f 500/599/464 452/663/517 453/597/462
f 500/599/464 561/664/518 452/663/517
f 450/598/463 501/658/512 502/665/519
f 501/658/512 450/598/463 454/596/461
f 382/511/387 503/595/460 403/593/458
f 382/666/387 505/667/520 503/668/460
f 452/663/517 504/606/469 453/597/462
f 456/600/423 505/667/520 382/666/387
f 466/614/476 467/620/482 458/605/468
f 466/614/476 504/606/469 629/669/521
f 466/614/476 572/670/522 467/620/482
f 506/608/471 505/667/520 456/600/423
f 506/608/471 575/671/523 505/667/520
f 460/601/465 461/609/472 574/672/524
f 460/601/465 574/672/524 506/608/471
f 506/608/471 574/672/524 575/671/523
f 468/615/477 462/610/473 459/607/470
f 468/615/477 508/673/525 462/610/473
f 464/611/474 471/619/481 463/517/392
f 464/611/474 465/613/475 507/674/526
f 464/611/474 507/674/526 471/619/481
f 469/617/479 508/673/525 468/615/477
f 469/617/479 509/675/483 508/673/525
f 470/618/480 510/627/489 511/518/393
f 471/619/481 510/627/489 470/618/480
f 471/619/481 512/676/527 510/627/489
f 471/619/481 507/674/526 513/677/528
f 471/619/481 513/677/528 514/678/529
f 467/620/482 472/622/484 429/570/438
f 509/621/483 517/679/530 515/680/531
f 467/620/482 516/681/532 472/622/484
f 467/620/482 572/670/522 516/681/532
f 473/623/485 517/679/530 509/621/483
f 511/518/393 476/626/488 477/519/394
f 510/627/489 476/626/488 511/518/393
f 474/624/486 526/682/533 518/683/534
f 474/624/486 517/679/530 473/623/485
f 474/624/486 593/684/535 517/679/530
f 518/683/534 593/684/535 474/624/486
f 519/685/536 528/686/537 520/687/442
f 519/685/536 521/688/538 528/686/537
f 519/685/536 522/689/539 521/688/538
f 476/626/488 523/690/540 477/519/394
f 476/626/488 524/691/541 523/690/540
f 478/629/490 524/691/541 476/626/488
f 472/622/484 516/681/532 525/692/542
f 472/622/484 525/692/542 479/573/441
f 474/624/486 531/632/493 526/682/533
f 528/686/537 527/693/543 520/687/442
f 520/687/442 527/693/543 533/694/443
f 520/687/442 529/695/544 519/685/536
f 520/574/442 477/519/394 523/690/540
f 523/690/540 529/695/544 520/574/442
f 523/690/540 530/696/545 529/695/544
f 479/573/441 525/692/542 480/630/491
f 481/631/492 482/633/494 426/572/440
f 531/632/493 601/697/546 526/682/533
f 527/693/543 528/686/537 532/698/547
f 527/693/543 532/698/547 534/699/548
f 527/693/543 534/699/548 533/694/443
f 524/691/541 530/696/545 523/690/540
f 524/691/541 535/700/549 530/696/545
f 482/633/494 537/701/550 531/632/493
f 482/633/494 540/702/551 654/703/552
f 482/633/494 654/703/552 537/701/550
f 483/704/495 533/694/443 538/705/553
f 483/706/495 538/707/553 539/708/554
f 481/631/492 480/630/491 540/702/551
f 481/631/492 540/702/551 482/633/494
f 483/636/495 539/709/554 541/710/555
f 483/636/495 541/710/555 542/711/496
f 542/711/496 541/710/555 485/640/499
f 542/711/496 485/640/499 484/638/497
f 387/639/498 486/641/500 606/712/556
f 390/522/397 543/713/557 545/523/398
f 390/522/397 544/520/395 543/713/557
f 431/642/501 546/714/558 544/520/395
f 431/642/501 609/715/559 546/714/558
f 487/643/502 545/523/398 611/716/560
f 487/643/502 547/717/561 433/576/444
f 433/576/444 547/717/561 432/577/445
f 354/486/364 614/718/562 334/461/342
f 432/577/445 547/717/561 548/719/563
f 432/577/445 548/719/563 435/644/503
f 488/529/404 549/720/564 354/505/364
f 435/644/503 550/647/506 436/526/401
f 435/644/503 548/719/563 550/647/506
f 550/647/506 613/721/565 551/722/566
f 550/647/506 551/722/566 552/723/567
f 436/526/401 550/647/506 434/527/402
f 438/579/447 553/578/446 496/724/507
f 492/649/508 554/725/568 491/580/448
f 496/655/507 555/657/511 497/589/455
f 557/726/569 556/727/570 440/585/453
f 440/585/453 556/727/570 492/649/508
f 440/585/453 492/649/508 441/583/451
f 502/665/519 500/599/464 450/598/463
f 502/665/519 501/658/512 559/659/513
f 502/665/519 624/728/571 500/599/464
f 502/665/519 558/729/572 624/728/571
f 559/659/513 558/729/572 502/665/519
f 442/586/454 498/660/514 367/584/452
f 500/599/464 624/728/571 561/664/518
f 498/660/514 447/594/459 499/662/516
f 561/664/518 504/606/469 452/663/517
f 447/594/459 564/730/573 562/731/574
f 447/594/459 563/732/575 499/662/516
f 561/664/518 560/733/576 628/734/577
f 561/664/518 628/734/577 504/606/469
f 503/595/460 564/730/573 447/594/459
f 503/668/460 566/735/578 564/736/573
f 504/606/469 628/734/577 629/669/521
f 505/667/520 566/735/578 503/668/460
f 505/667/520 567/737/579 566/735/578
f 457/612/467 568/738/580 465/613/475
f 505/667/520 575/671/523 576/739/581
f 505/667/520 576/739/581 567/737/579
f 465/613/475 568/738/580 570/740/582
f 629/669/521 572/670/522 466/614/476
f 629/741/521 571/742/583 673/743/584
f 629/741/521 673/743/584 572/744/522
f 461/609/472 573/745/585 574/672/524
f 576/739/581 569/746/586 567/737/579
f 576/739/581 577/747/587 569/746/586
f 578/748/588 579/749/589 465/613/475
f 578/748/588 569/746/586 579/749/589
f 465/613/475 579/749/589 507/674/526
f 465/613/475 570/740/582 578/748/588
f 462/610/473 573/745/585 461/609/472
f 462/610/473 580/750/590 573/745/585
f 574/672/524 581/751/591 575/671/523
f 575/671/523 582/752/592 583/753/593
f 575/671/523 583/753/593 576/739/581
f 576/739/581 583/753/593 577/747/587
f 579/749/589 586/754/594 507/674/526
f 507/674/526 586/754/594 513/677/528
f 508/673/525 580/750/590 462/610/473
f 508/673/525 584/755/595 580/750/590
f 508/673/525 585/756/596 584/755/595
f 579/757/589 569/746/586 577/747/587
f 579/757/589 577/747/587 586/754/594
f 586/754/594 587/758/597 513/677/528
f 513/677/528 587/758/597 588/759/598
f 513/677/528 588/759/598 514/760/529
f 509/675/483 585/756/596 508/673/525
f 509/675/483 589/761/599 585/756/596
f 515/680/531 589/761/599 509/675/483
f 515/680/531 590/762/600 589/761/599
f 587/758/597 586/754/594 636/763/601
f 587/758/597 638/764/602 643/765/603
f 587/758/597 643/765/603 588/759/598
f 588/759/598 643/765/603 591/766/604
f 588/759/598 591/766/604 592/767/605
f 517/679/530 590/762/600 515/680/531
f 517/679/530 642/768/606 590/762/600
f 593/684/535 642/768/606 517/679/530
f 593/684/535 595/769/607 642/768/606
f 593/684/535 518/683/534 594/770/608
f 593/684/535 594/770/608 521/688/538
f 521/688/538 594/770/608 528/686/537
f 521/688/538 595/769/607 593/684/535
f 521/688/538 522/689/539 595/769/607
f 518/683/534 526/682/533 594/770/608
f 594/770/608 526/682/533 532/698/547
f 594/770/608 532/698/547 528/686/537
f 529/695/544 522/689/539 519/685/536
f 529/695/544 596/771/609 522/689/539
f 529/695/544 599/772/610 596/771/609
f 525/692/542 516/681/532 676/773/611
f 526/682/533 601/697/546 532/698/547
f 533/694/443 534/699/548 538/705/553
f 530/774/545 598/775/612 539/709/554
f 530/776/545 599/772/610 529/695/544
f 530/777/545 605/778/613 599/779/610
f 525/692/542 536/780/614 480/630/491
f 525/692/542 652/781/615 600/782/616
f 525/692/542 600/782/616 536/780/614
f 525/692/542 677/783/617 652/781/615
f 532/698/547 601/697/546 602/784/618
f 532/698/547 602/784/618 534/699/548
f 534/699/548 602/784/618 603/785/619
f 534/699/548 603/785/619 538/705/553
f 538/707/553 604/786/620 539/708/554
f 538/707/553 603/787/619 604/786/620
f 539/709/554 598/775/612 541/710/555
f 539/708/554 604/786/620 605/788/613
f 539/789/554 605/778/613 530/777/545
f 480/630/491 536/780/614 540/702/551
f 531/632/493 537/701/550 601/697/546
f 486/641/500 653/790/621 606/712/556
f 606/712/556 656/791/622 387/639/498
f 543/713/557 607/792/623 545/523/398
f 543/713/557 546/714/558 607/792/623
f 545/523/398 607/792/623 608/793/624
f 544/520/395 546/714/558 543/713/557
f 370/500/377 609/715/559 431/642/501
f 545/523/398 608/793/624 611/716/560
f 607/792/623 610/794/625 608/793/624
f 611/716/560 547/717/561 487/643/502
f 334/461/342 609/715/559 370/500/377
f 547/717/561 612/795/626 548/719/563
f 548/719/563 612/795/626 613/721/565
f 548/719/563 613/721/565 550/647/506
f 549/720/564 614/796/562 354/505/364
f 488/529/404 489/645/504 549/720/564
f 550/647/506 552/723/567 553/578/446
f 491/580/448 554/725/568 615/646/505
f 491/580/448 615/646/505 395/528/403
f 553/578/446 555/797/511 496/724/507
f 553/578/446 552/723/567 616/798/627
f 553/799/446 616/800/627 555/657/511
f 554/725/568 617/801/628 615/646/505
f 554/725/568 618/802/629 617/801/628
f 396/803/630 619/804/631 620/805/632
f 616/800/627 495/653/510 555/657/511
f 616/800/627 621/806/633 495/653/510
f 554/725/568 492/649/508 556/727/570
f 554/725/568 620/805/632 618/802/629
f 556/727/570 620/805/632 554/725/568
f 556/727/570 557/726/569 620/805/632
f 559/659/513 495/653/510 621/806/633
f 559/659/513 622/807/634 558/729/572
f 559/659/513 623/808/635 622/807/634
f 624/728/571 560/733/576 561/664/518
f 624/809/571 625/810/636 560/811/576
f 624/809/571 558/812/572 625/810/636
f 499/662/516 563/732/575 626/813/637
f 560/811/576 627/814/638 628/815/577
f 562/731/574 563/732/575 447/594/459
f 564/730/573 630/816/639 562/731/574
f 628/815/577 670/817/640 629/741/521
f 628/815/577 627/814/638 670/817/640
f 564/736/573 634/818/641 630/819/639
f 631/820/642 632/821/643 568/822/580
f 629/741/521 670/817/640 571/742/583
f 566/735/578 567/737/579 633/823/644
f 566/735/578 634/818/641 564/736/573
f 568/738/580 632/824/643 634/818/641
f 568/738/580 634/818/641 570/740/582
f 567/737/579 569/746/586 633/823/644
f 633/823/644 569/746/586 570/740/582
f 633/823/644 634/818/641 566/735/578
f 570/740/582 569/746/586 578/748/588
f 570/740/582 634/818/641 633/823/644
f 574/672/524 573/745/585 581/751/591
f 572/744/522 673/743/584 635/825/645
f 572/670/522 635/826/645 516/681/532
f 573/745/585 580/750/590 581/751/591
f 581/751/591 580/750/590 584/755/595
f 581/751/591 584/755/595 582/752/592
f 581/751/591 582/752/592 575/671/523
f 577/747/587 583/753/593 586/754/594
f 584/755/595 585/756/596 582/752/592
f 582/752/592 585/756/596 589/761/599
f 582/752/592 589/761/599 583/753/593
f 583/753/593 589/761/599 637/827/646
f 583/753/593 637/827/646 636/763/601
f 583/753/593 636/763/601 586/754/594
f 589/761/599 640/828/647 637/827/646
f 636/763/601 637/827/646 638/764/602
f 636/763/601 638/764/602 587/758/597
f 516/681/532 635/826/645 639/829/648
f 516/681/532 639/829/648 676/773/611
f 590/762/600 640/828/647 589/761/599
f 642/768/606 640/828/647 590/762/600
f 642/768/606 641/830/649 640/828/647
f 642/768/606 644/831/650 641/830/649
f 638/764/602 641/830/649 643/765/603
f 595/769/607 644/831/650 642/768/606
f 595/769/607 645/832/651 644/831/650
f 595/769/607 522/689/539 645/832/651
f 591/766/604 596/771/609 592/767/605
f 591/766/604 643/765/603 645/832/651
f 591/766/604 645/832/651 646/833/652
f 591/766/604 646/833/652 596/771/609
f 596/771/609 599/772/610 597/834/653
f 596/771/609 646/835/652 522/689/539
f 599/779/610 648/836/654 647/837/655
f 601/697/546 537/701/550 602/784/618
f 604/786/620 603/787/619 605/788/613
f 605/778/613 648/836/654 599/779/610
f 605/778/613 650/838/656 648/836/654
f 676/773/611 677/783/617 525/692/542
f 602/784/618 537/701/550 649/839/657
f 602/784/618 649/839/657 603/785/619
f 603/787/619 650/840/656 605/788/613
f 603/787/619 649/841/657 651/842/658
f 600/782/616 709/843/659 536/780/614
f 536/780/614 709/843/659 540/702/551
f 606/712/556 655/844/660 656/791/622
f 656/791/661 789/845/662 657/846/663
f 656/791/661 683/847/664 789/845/662
f 546/714/558 658/848/665 607/792/623
f 609/715/559 658/848/665 546/714/558
f 608/793/624 659/849/666 611/716/560
f 608/793/624 610/794/625 659/849/666
f 611/716/560 612/795/626 547/717/561
f 611/716/560 659/849/666 612/795/626
f 334/461/342 661/850/667 660/851/668
f 334/461/342 660/851/668 609/715/559
f 612/795/626 685/852/669 613/721/565
f 612/795/626 659/849/666 685/852/669
f 614/718/562 661/850/667 334/461/342
f 614/718/562 687/853/670 661/850/667
f 613/721/565 685/852/669 722/854/671
f 613/721/565 722/854/671 551/722/566
f 551/722/566 723/855/672 552/723/567
f 551/722/566 722/854/671 723/855/672
f 489/645/504 690/856/673 549/720/564
f 552/723/567 723/855/672 694/857/674
f 552/723/567 694/857/674 616/798/627
f 489/645/504 615/646/505 690/856/673
f 616/800/627 694/858/674 696/859/675
f 616/800/627 696/859/675 621/806/633
f 617/801/628 618/802/629 620/805/632
f 620/805/632 619/804/631 617/801/628
f 621/806/633 696/859/675 623/808/635
f 621/806/633 623/808/635 559/659/513
f 558/812/572 665/860/676 664/861/677
f 626/813/637 669/862/678 666/863/679
f 563/732/575 562/731/574 667/864/680
f 563/732/575 669/862/678 626/813/637
f 563/732/575 668/865/681 669/862/678
f 562/731/574 630/816/639 667/864/680
f 667/864/680 630/816/639 632/821/643
f 667/864/680 632/821/643 565/866/682
f 667/864/680 668/865/681 563/732/575
f 670/817/640 700/867/683 571/742/583
f 670/817/640 671/868/684 700/867/683
f 630/819/639 634/818/641 632/824/643
f 571/742/583 700/867/683 672/869/685
f 571/742/583 672/869/685 673/743/584
f 635/825/645 673/743/584 704/870/686
f 635/825/645 704/870/686 674/871/687
f 635/825/645 674/871/687 639/872/648
f 637/827/646 640/828/647 638/764/602
f 638/764/602 640/828/647 641/830/649
f 641/830/649 644/831/650 643/765/603
f 643/765/603 644/831/650 645/832/651
f 645/832/651 522/689/539 646/835/652
f 639/872/648 674/871/687 705/873/688
f 639/872/648 705/873/688 675/874/689
f 639/872/648 675/874/689 676/875/611
f 676/875/611 675/874/689 677/876/617
f 648/836/654 650/838/656 678/877/690
f 677/876/617 675/874/689 679/878/691
f 677/876/617 679/878/691 680/879/692
f 677/783/617 680/880/692 652/781/615
f 650/838/656 682/881/693 681/882/694
f 603/787/619 682/883/693 650/840/656
f 603/787/619 651/884/658 682/883/693
f 537/701/550 654/703/552 649/839/657
f 540/702/551 711/885/695 654/703/552
f 656/791/661 712/886/696 683/847/664
f 607/792/623 684/887/697 719/888/698
f 607/792/623 719/888/698 610/794/625
f 658/848/665 684/887/697 607/792/623
f 658/848/665 716/889/699 684/887/697
f 609/715/559 660/851/668 658/848/665
f 659/849/666 686/890/700 685/852/669
f 614/796/562 549/720/564 687/891/670
f 549/720/564 690/856/673 687/891/670
f 687/891/670 690/856/673 688/892/701
f 690/856/673 691/893/702 689/894/703
f 615/646/505 691/893/702 690/856/673
f 615/646/505 692/895/704 691/893/702
f 615/646/505 693/896/705 692/895/704
f 622/807/634 726/897/706 558/729/572
f 622/807/634 695/898/707 726/897/706
f 622/807/634 623/808/635 696/859/675
f 622/807/634 696/859/675 695/898/707
f 617/801/628 663/899/708 615/646/505
f 617/801/628 697/900/709 663/899/708
f 619/901/631 662/902/710 697/903/709
f 619/804/631 697/900/709 617/801/628
f 558/812/572 730/904/711 625/810/636
f 558/812/572 664/861/677 698/905/712
f 558/812/572 698/905/712 730/904/711
f 625/810/636 627/814/638 560/811/576
f 625/810/636 730/904/711 627/814/638
f 669/862/678 699/906/713 666/863/679
f 700/867/683 701/907/714 672/869/685
f 701/907/714 702/908/715 672/869/685
f 701/907/714 736/909/716 702/908/715
f 672/869/685 703/910/717 673/743/584
f 672/869/685 702/908/715 703/910/717
f 703/910/717 704/870/686 673/743/584
f 674/871/687 704/870/686 740/911/718
f 674/871/687 740/911/718 742/912/719
f 674/871/687 742/912/719 705/873/688
f 675/874/689 705/873/688 679/878/691
f 680/879/692 746/913/720 707/914/721
f 680/879/692 707/914/721 706/915/722
f 652/781/615 680/880/692 708/916/723
f 652/781/615 708/916/723 600/782/616
f 600/917/616 708/918/723 747/919/724
f 600/917/616 710/920/725 709/921/659
f 600/917/616 747/919/724 710/920/725
f 709/843/659 711/885/695 540/702/551
f 709/921/659 788/922/726 711/923/695
f 654/924/552 711/925/695 752/926/727
f 654/924/552 752/926/727 649/841/657
f 649/841/657 753/927/728 651/842/658
f 649/841/657 752/926/727 753/927/728
f 711/925/695 788/928/726 713/929/729
f 789/845/662 714/930/730 657/846/663
f 657/846/663 714/930/730 715/931/731
f 658/848/665 660/851/668 716/889/699
f 659/849/666 610/794/625 686/890/700
f 660/851/668 717/932/732 716/889/699
f 685/852/669 720/933/733 722/854/671
f 660/851/668 661/850/667 718/934/734
f 686/890/700 720/933/733 685/852/669
f 686/890/700 719/935/698 720/933/733
f 718/934/734 717/932/732 660/851/668
f 720/933/733 721/936/735 722/854/671
f 687/853/670 718/934/734 661/850/667
f 687/853/670 688/937/701 718/934/734
f 723/938/672 725/939/736 694/858/674
f 723/940/672 722/854/671 724/941/737
f 723/942/672 724/943/737 725/944/736
f 726/945/706 727/946/738 665/860/676
f 725/939/736 726/897/706 695/898/707
f 725/939/736 695/898/707 694/858/674
f 725/944/736 724/943/737 727/946/738
f 725/944/736 727/946/738 726/945/706
f 694/858/674 695/898/707 696/859/675
f 662/902/710 728/947/739 697/903/709
f 726/945/706 665/860/676 558/812/572
f 663/899/708 693/896/705 615/646/505
f 663/899/708 764/948/740 693/896/705
f 697/900/709 729/949/741 663/899/708
f 697/903/709 728/947/739 729/950/741
f 729/950/741 728/947/739 764/951/740
f 729/949/741 764/948/740 663/899/708
f 627/814/638 730/904/711 731/952/742
f 627/814/638 731/952/742 670/817/640
f 671/868/684 732/953/743 700/867/683
f 700/867/683 733/954/744 701/907/714
f 700/867/683 732/953/743 733/954/744
f 733/954/744 734/955/745 701/907/714
f 733/954/744 769/956/746 734/955/745
f 734/955/745 736/909/716 701/907/714
f 734/955/745 735/957/747 737/958/748
f 734/955/745 737/958/748 736/909/716
f 736/909/716 737/958/748 771/959/749
f 702/908/715 736/909/716 703/910/717
f 736/909/716 738/960/750 703/910/717
f 736/909/716 771/959/749 739/961/751
f 736/909/716 739/961/751 738/960/750
f 703/910/717 738/960/750 704/870/686
f 704/870/686 738/960/750 740/911/718
f 738/960/750 739/961/751 741/962/752
f 740/911/718 743/963/753 742/912/719
f 738/960/750 741/962/752 744/964/754
f 738/960/750 744/964/754 740/911/718
f 742/912/719 745/965/755 782/966/756
f 705/873/688 742/912/719 782/966/756
f 705/873/688 782/966/756 679/878/691
f 679/878/691 782/966/756 746/913/720
f 679/878/691 746/913/720 680/879/692
f 680/880/692 706/967/722 708/916/723
f 706/968/722 747/919/724 708/918/723
f 682/883/693 748/969/757 749/970/758
f 682/883/693 651/884/658 748/969/757
f 710/920/725 750/971/759 709/921/659
f 710/920/725 751/972/760 750/971/759
f 709/921/659 750/971/759 788/922/726
f 713/929/729 752/926/727 711/925/695
f 683/847/664 754/973/761 789/845/662
f 610/794/625 719/935/698 686/890/700
f 719/888/698 684/887/697 756/974/762
f 719/935/698 757/975/763 720/933/733
f 719/935/698 756/974/762 757/975/763
f 717/932/732 718/934/734 758/976/764
f 720/933/733 757/975/763 790/977/765
f 720/933/733 790/977/765 721/936/735
f 718/934/734 759/978/766 758/976/764
f 688/937/701 759/978/766 718/934/734
f 688/937/701 761/979/767 759/978/766
f 722/854/671 721/936/735 724/941/737
f 721/936/735 790/977/765 791/980/768
f 721/936/735 763/981/769 724/941/737
f 721/936/735 791/980/768 763/981/769
f 690/856/673 761/982/767 688/892/701
f 690/856/673 689/894/703 761/982/767
f 727/946/738 763/983/769 762/984/770
f 724/943/737 763/983/769 727/946/738
f 760/985/771 764/951/740 728/947/739
f 760/985/771 765/986/772 764/951/740
f 665/860/676 762/984/770 664/861/677
f 727/946/738 762/984/770 665/860/676
f 693/896/705 766/987/773 692/895/704
f 698/905/712 798/988/774 831/989/775
f 698/905/712 831/989/775 730/904/711
f 698/905/712 664/861/677 798/988/774
f 730/904/711 831/989/775 731/952/742
f 764/948/740 766/987/773 693/896/705
f 764/948/740 767/990/776 766/987/773
f 767/991/776 765/986/772 833/992/777
f 767/991/776 833/992/777 768/993/778
f 670/817/640 731/952/742 671/868/684
f 732/953/743 769/956/746 733/954/744
f 769/956/746 735/957/747 734/955/745
f 769/956/746 770/994/779 735/957/747
f 735/957/747 771/959/749 737/958/748
f 735/957/747 770/994/779 772/995/780
f 772/995/780 771/959/749 735/957/747
f 772/995/780 773/996/781 771/959/749
f 771/959/749 774/997/782 739/961/751
f 771/959/749 805/998/783 775/999/784
f 771/959/749 775/999/784 774/997/782
f 739/961/751 774/997/782 776/1000/785
f 739/961/751 776/1000/785 741/962/752
f 741/962/752 777/1001/786 744/964/754
f 741/962/752 776/1000/785 777/1001/786
f 777/1001/786 776/1000/785 778/1002/787
f 744/964/754 743/963/753 740/911/718
f 744/964/754 779/1003/788 743/963/753
f 777/1001/786 779/1003/788 744/964/754
f 777/1001/786 778/1002/787 779/1003/788
f 743/963/753 745/965/755 742/912/719
f 743/963/753 780/1004/789 745/965/755
f 779/1003/788 778/1002/787 780/1004/789
f 779/1003/788 780/1004/789 743/963/753
f 745/965/755 783/1005/790 782/966/756
f 782/966/756 784/1006/791 746/913/720
f 753/927/728 785/1007/792 748/969/757
f 748/969/757 785/1007/792 786/1008/793
f 748/969/757 651/884/658 753/927/728
f 750/971/759 751/972/760 816/1009/794
f 750/971/759 787/1010/795 788/922/726
f 750/971/759 816/1009/794 787/1010/795
f 716/889/699 717/932/732 684/887/697
f 717/932/732 755/1011/796 684/887/697
f 717/932/732 758/976/764 755/1011/796
f 756/974/762 792/1012/797 757/975/763
f 684/887/697 792/1012/797 756/974/762
f 755/1011/796 792/1012/797 684/887/697
f 758/976/764 793/1013/798 755/1011/796
f 759/978/766 793/1013/798 758/976/764
f 759/978/766 761/979/767 793/1013/798
f 761/979/767 794/1014/799 793/1013/798
f 761/982/767 795/1015/800 794/1016/799
f 790/977/765 757/975/763 796/1017/801
f 790/977/765 796/1017/801 791/980/768
f 791/980/768 826/1018/802 763/981/769
f 791/980/768 796/1017/801 826/1018/802
f 691/893/702 797/1019/803 689/894/703
f 798/988/774 828/1020/804 831/989/775
f 664/861/677 799/1021/805 798/988/774
f 762/984/770 860/1022/806 664/861/677
f 692/895/704 800/1023/807 691/893/702
f 766/987/773 801/1024/808 692/895/704
f 764/951/740 765/986/772 767/991/776
f 766/987/773 768/1025/778 801/1024/808
f 767/990/776 768/1025/778 766/987/773
f 731/952/742 831/989/775 864/1026/809
f 731/952/742 864/1026/809 671/868/684
f 671/868/684 802/1027/810 732/953/743
f 671/868/684 864/1026/809 802/1027/810
f 732/953/743 834/1028/811 769/956/746
f 732/953/743 802/1027/810 834/1028/811
f 769/956/746 834/1028/811 803/1029/812
f 769/956/746 803/1029/812 770/994/779
f 770/994/779 773/996/781 772/995/780
f 770/994/779 803/1029/812 804/1030/813
f 804/1030/813 773/996/781 770/994/779
f 804/1030/813 805/998/783 773/996/781
f 773/996/781 805/998/783 771/959/749
f 774/997/782 775/999/784 806/1031/814
f 774/997/782 806/1031/814 838/1032/815
f 774/997/782 838/1032/815 776/1000/785
f 776/1000/785 838/1032/815 807/1033/816
f 776/1000/785 807/1033/816 778/1002/787
f 778/1002/787 807/1033/816 808/1034/817
f 778/1002/787 808/1034/817 809/1035/818
f 778/1002/787 809/1035/818 780/1004/789
f 780/1004/789 809/1035/818 810/1036/819
f 780/1004/789 810/1036/819 745/965/755
f 783/1005/790 781/1037/820 782/966/756
f 783/1005/790 811/1038/821 781/1037/820
f 745/965/755 810/1036/819 811/1038/821
f 745/965/755 811/1038/821 783/1005/790
f 784/1006/791 812/1039/822 844/1040/823
f 782/966/756 812/1039/822 784/1006/791
f 781/1037/820 812/1039/822 782/966/756
f 781/1037/820 845/1041/824 812/1039/822
f 784/1042/791 813/1043/825 746/913/720
f 784/1042/791 844/1040/823 813/1043/825
f 746/913/720 813/1043/825 846/1044/826
f 746/913/720 846/1044/826 707/914/721
f 707/914/721 846/1044/826 849/1045/827
f 707/914/721 849/1045/827 706/915/722
f 706/968/722 814/1046/828 747/919/724
f 706/968/722 849/1047/827 815/1048/829
f 706/968/722 815/1048/829 814/1046/828
f 747/919/724 751/972/760 710/920/725
f 814/1046/828 751/972/760 747/919/724
f 814/1046/828 920/1049/830 751/972/760
f 814/1046/828 815/1048/829 968/1050/831
f 814/1046/828 968/1050/831 920/1049/830
f 817/1051/832 785/1007/792 753/927/728
f 785/1007/792 817/1051/832 851/1052/833
f 785/1007/792 851/1052/833 786/1008/793
f 787/1010/795 879/1053/834 788/922/726
f 788/922/726 879/1053/834 713/1054/729
f 752/926/727 713/929/729 753/927/728
f 753/927/728 713/929/729 818/1055/835
f 753/927/728 818/1055/835 817/1051/832
f 757/975/763 820/1056/836 796/1017/801
f 757/975/763 821/1057/837 820/1056/836
f 792/1012/797 821/1057/837 757/975/763
f 792/1012/797 822/1058/838 821/1057/837
f 755/1011/796 822/1058/838 792/1012/797
f 755/1011/796 856/1059/839 822/1058/838
f 793/1013/798 856/1059/839 755/1011/796
f 793/1013/798 794/1014/799 856/1059/839
f 796/1017/801 823/1060/840 826/1018/802
f 796/1017/801 820/1056/836 823/1060/840
f 821/1057/837 824/1061/841 820/1056/836
f 821/1057/837 825/1062/842 824/1061/841
f 689/894/703 795/1015/800 761/982/767
f 689/894/703 797/1019/803 795/1015/800
f 763/983/769 860/1022/806 762/984/770
f 826/1063/802 860/1022/806 763/983/769
f 765/986/772 862/1064/843 833/992/777
f 798/988/774 799/1021/805 827/1065/844
f 798/988/774 827/1065/844 937/1066/845
f 798/988/774 937/1066/845 828/1020/804
f 800/1023/807 797/1019/803 691/893/702
f 800/1023/807 829/1067/846 797/1019/803
f 800/1023/807 830/1068/847 829/1067/846
f 801/1024/808 800/1023/807 692/895/704
f 801/1024/808 832/1069/848 800/1023/807
f 801/1024/808 768/1025/778 832/1069/848
f 834/1028/811 835/1070/849 803/1029/812
f 803/1029/812 805/998/783 804/1030/813
f 835/1070/849 805/998/783 803/1029/812
f 835/1070/849 836/1071/850 805/998/783
f 805/998/783 836/1071/850 869/1072/851
f 805/998/783 869/1072/851 837/1073/852
f 805/998/783 837/1073/852 775/999/784
f 837/1073/852 806/1031/814 775/999/784
f 838/1032/815 837/1073/852 839/1074/853
f 806/1031/814 837/1073/852 838/1032/815
f 838/1032/815 841/1075/854 807/1033/816
f 838/1032/815 840/1076/855 841/1075/854
f 841/1075/854 808/1034/817 807/1033/816
f 841/1075/854 871/1077/856 808/1034/817
f 808/1034/817 842/1078/857 809/1035/818
f 808/1034/817 871/1077/856 843/1079/858
f 808/1034/817 843/1079/858 842/1078/857
f 809/1035/818 842/1078/857 810/1036/819
f 842/1078/857 843/1079/858 872/1080/859
f 810/1036/819 842/1078/857 811/1038/821
f 811/1038/821 845/1041/824 781/1037/820
f 811/1038/821 842/1078/857 873/1081/860
f 811/1038/821 873/1081/860 845/1041/824
f 812/1039/822 875/1082/861 844/1040/823
f 812/1039/822 845/1041/824 875/1082/861
f 813/1043/825 847/1083/862 846/1044/826
f 751/972/760 920/1049/830 900/1084/863
f 751/972/760 900/1084/863 816/1009/794
f 817/1051/832 850/1085/864 851/1052/833
f 817/1051/832 902/1086/865 850/1085/864
f 816/1009/794 878/1087/866 787/1010/795
f 714/930/730 853/1088/867 715/931/731
f 714/930/730 852/1089/868 853/1088/867
f 789/845/662 852/1089/868 714/930/730
f 822/1058/838 825/1062/842 821/1057/837
f 822/1058/838 855/1090/869 825/1062/842
f 822/1058/838 856/1059/839 855/1090/869
f 856/1091/839 858/1092/870 857/1093/871
f 794/1016/799 858/1092/870 856/1091/839
f 860/1094/806 826/1018/802 823/1060/840
f 820/1056/836 824/1061/841 861/1095/872
f 820/1056/836 861/1095/872 823/1060/840
f 860/1022/806 799/1021/805 664/861/677
f 797/1019/803 829/1067/846 795/1015/800
f 800/1023/807 863/1096/873 830/1068/847
f 832/1069/848 768/1025/778 833/1097/777
f 832/1069/848 863/1096/873 800/1023/807
f 833/992/777 862/1064/843 863/1098/873
f 833/1097/777 863/1099/873 832/1069/848
f 834/1028/811 802/1027/810 911/1100/874
f 834/1028/811 911/1100/874 865/1101/875
f 834/1028/811 865/1101/875 866/1102/876
f 866/1102/876 835/1070/849 834/1028/811
f 866/1102/876 836/1071/850 835/1070/849
f 866/1102/876 865/1101/875 891/1103/877
f 866/1102/876 891/1103/877 836/1071/850
f 836/1071/850 891/1103/877 867/1104/878
f 836/1071/850 867/1104/878 869/1072/851
f 869/1072/851 868/1105/879 837/1073/852
f 839/1074/853 840/1076/855 838/1032/815
f 839/1074/853 870/1106/880 840/1076/855
f 839/1074/853 868/1105/879 870/1106/880
f 837/1073/852 868/1105/879 839/1074/853
f 840/1076/855 871/1077/856 841/1075/854
f 840/1076/855 870/1106/880 871/1077/856
f 843/1079/858 871/1077/856 894/1107/881
f 843/1079/858 894/1107/881 916/1108/882
f 843/1079/858 916/1108/882 872/1080/859
f 842/1078/857 872/1080/859 873/1081/860
f 875/1082/861 845/1041/824 874/1109/883
f 845/1041/824 873/1081/860 874/1109/883
f 844/1040/823 847/1083/862 813/1043/825
f 844/1040/823 897/1110/884 847/1111/862
f 844/1040/823 875/1082/861 897/1110/884
f 846/1044/826 847/1083/862 848/1112/885
f 846/1044/826 848/1112/885 849/1045/827
f 847/1083/862 876/1113/886 848/1112/885
f 816/1009/794 900/1084/863 922/1114/887
f 816/1009/794 922/1114/887 878/1087/866
f 818/1055/835 902/1086/865 817/1051/832
f 818/1055/835 880/1115/888 924/1116/889
f 818/1055/835 924/1116/889 902/1086/865
f 713/929/729 879/1117/834 880/1115/888
f 715/931/731 881/1118/890 854/1119/891
f 861/1120/872 882/1121/892 823/1122/840
f 861/1123/872 824/1124/841 883/1125/893
f 861/1120/872 883/1126/893 882/1121/892
f 856/1091/839 857/1093/871 884/1127/894
f 794/1016/799 933/1128/895 858/1092/870
f 794/1016/799 885/1129/896 933/1128/895
f 882/1121/892 799/1021/805 860/1022/806
f 882/1121/892 860/1022/806 823/1122/840
f 882/1121/892 827/1065/844 799/1021/805
f 882/1121/892 926/1130/897 827/1065/844
f 856/1091/839 884/1127/894 855/1131/869
f 795/1015/800 885/1129/896 794/1016/799
f 795/1015/800 829/1067/846 885/1129/896
f 828/1020/804 937/1066/845 886/1132/898
f 829/1067/846 887/1133/899 888/1134/900
f 831/989/775 828/1020/804 889/1135/901
f 831/989/775 889/1135/901 864/1026/809
f 830/1068/847 863/1096/873 862/1136/843
f 830/1068/847 887/1133/899 829/1067/846
f 830/1068/847 890/1137/902 887/1133/899
f 862/1064/843 819/1138/903 890/1139/902
f 862/1136/843 890/1137/902 830/1068/847
f 864/1026/809 941/1140/904 802/1027/810
f 865/1101/875 912/1141/905 891/1103/877
f 867/1104/878 893/1142/906 868/1105/879
f 867/1104/878 892/1143/907 893/1142/906
f 867/1104/878 868/1105/879 869/1072/851
f 868/1105/879 893/1142/906 870/1106/880
f 870/1106/880 944/1144/908 871/1077/856
f 872/1080/859 895/1145/909 873/1081/860
f 872/1080/859 916/1108/882 895/1145/909
f 873/1081/860 895/1145/909 874/1109/883
f 874/1109/883 895/1145/909 896/1146/910
f 874/1109/883 896/1146/910 875/1082/861
f 847/1111/862 897/1110/884 876/1113/886
f 875/1082/861 896/1146/910 897/1110/884
f 848/1112/885 898/1147/911 849/1045/827
f 848/1112/885 876/1113/886 898/1147/911
f 850/1085/864 877/1148/912 851/1052/833
f 850/1085/864 899/1149/913 877/1148/912
f 787/1010/795 950/1150/914 879/1053/834
f 879/1117/834 903/1151/915 880/1115/888
f 713/929/729 880/1115/888 818/1055/835
f 852/1089/868 904/1152/916 853/1088/867
f 825/1153/842 906/1154/917 928/1155/918
f 825/1153/842 905/1156/919 824/1124/841
f 884/1127/894 857/1093/871 906/1154/917
f 855/1131/869 906/1154/917 825/1153/842
f 884/1127/894 906/1154/917 855/1131/869
f 885/1129/896 829/1067/846 888/1134/900
f 888/1134/900 907/1157/920 885/1129/896
f 888/1134/900 909/1158/921 907/1157/920
f 819/1138/903 908/1159/922 890/1139/902
f 828/1020/804 886/1132/898 889/1135/901
f 887/1133/899 909/1158/921 888/1134/900
f 890/1139/902 908/1159/922 909/1160/921
f 890/1137/902 909/1161/921 887/1133/899
f 802/1027/810 941/1140/904 910/1162/923
f 802/1027/810 910/1162/923 911/1100/874
f 911/1100/874 912/1141/905 865/1101/875
f 912/1141/905 911/1100/874 913/1163/924
f 913/1163/924 891/1103/877 912/1141/905
f 913/1163/924 911/1100/874 914/1164/925
f 913/1163/924 892/1143/907 891/1103/877
f 913/1163/924 914/1164/925 892/1143/907
f 891/1103/877 892/1143/907 867/1104/878
f 870/1106/880 943/1165/926 944/1144/908
f 871/1077/856 915/1166/927 894/1107/881
f 894/1107/881 946/1167/928 916/1108/882
f 895/1145/909 916/1108/882 917/1168/929
f 895/1145/909 917/1168/929 896/1146/910
f 896/1146/910 918/1169/930 897/1110/884
f 876/1113/886 918/1169/930 919/1170/931
f 897/1110/884 918/1169/930 876/1113/886
f 849/1045/827 898/1147/911 967/1171/932
f 849/1047/827 967/1172/932 815/1048/829
f 815/1048/829 967/1172/932 965/1173/933
f 815/1048/829 965/1173/933 968/1050/831
f 877/1148/912 899/1149/913 921/1174/934
f 878/1087/866 922/1114/887 923/1175/935
f 878/1087/866 923/1175/935 950/1150/914
f 878/1087/866 950/1150/914 787/1010/795
f 880/1115/888 903/1151/915 924/1116/889
f 924/1116/889 901/1176/936 902/1086/865
f 715/931/731 853/1088/867 881/1118/890
f 854/1119/891 853/1088/867 925/1177/937
f 883/1126/893 927/1178/938 926/1130/897
f 824/1124/841 927/1179/938 883/1125/893
f 928/1155/918 905/1156/919 825/1153/842
f 929/1180/939 906/1154/917 857/1093/871
f 929/1180/939 931/1181/940 930/1182/941
f 929/1180/939 930/1182/941 906/1154/917
f 857/1093/871 932/1183/942 929/1180/939
f 858/1092/870 932/1183/942 857/1093/871
f 933/1128/895 932/1183/942 858/1092/870
f 933/1128/895 934/1184/943 932/1183/942
f 933/1128/895 935/1185/944 934/1184/943
f 933/1128/895 958/1186/945 935/1185/944
f 883/1126/893 926/1130/897 882/1121/892
f 885/1129/896 907/1157/920 933/1128/895
f 827/1065/844 936/1187/946 937/1066/845
f 827/1065/844 926/1130/897 936/1187/946
f 907/1157/920 958/1186/945 933/1128/895
f 907/1157/920 940/1188/947 958/1186/945
f 908/1159/922 938/1189/948 940/1190/947
f 908/1159/922 940/1190/947 909/1160/921
f 909/1158/921 940/1188/947 907/1157/920
f 864/1026/809 889/1135/901 941/1140/904
f 941/1140/904 979/1191/949 910/1162/923
f 941/1140/904 942/1192/950 979/1191/949
f 911/1100/874 910/1162/923 914/1164/925
f 892/1143/907 983/1193/951 984/1194/952
f 892/1143/907 984/1194/952 893/1142/906
f 893/1142/906 943/1165/926 870/1106/880
f 893/1142/906 984/1194/952 943/1165/926
f 944/1144/908 945/1195/953 871/1077/856
f 894/1107/881 915/1166/927 946/1167/928
f 916/1108/882 946/1167/928 947/1196/954
f 916/1108/882 947/1196/954 917/1168/929
f 917/1168/929 918/1169/930 896/1146/910
f 917/1168/929 947/1196/954 918/1169/930
f 919/1170/931 918/1169/930 948/1197/955
f 918/1169/930 947/1196/954 948/1197/955
f 920/1049/830 968/1050/831 949/1198/956
f 920/1049/830 949/1198/956 900/1084/863
f 900/1084/863 971/1199/957 922/1114/887
f 900/1084/863 949/1198/956 971/1199/957
f 922/1114/887 971/1199/957 923/1175/935
f 950/1150/914 972/1200/958 951/1201/959
f 950/1202/914 951/1203/959 903/1151/915
f 879/1117/834 950/1202/914 903/1151/915
f 904/1152/916 1025/1204/960 853/1088/867
f 881/1118/890 853/1088/867 854/1119/891
f 932/1183/942 931/1181/940 929/1180/939
f 932/1183/942 952/1205/961 931/1181/940
f 932/1183/942 934/1184/943 952/1205/961
f 934/1184/943 953/1206/962 952/1205/961
f 934/1184/943 954/1207/963 953/1206/962
f 928/1155/918 956/1208/964 955/1209/965
f 906/1154/917 930/1182/941 928/1155/918
f 958/1186/945 940/1188/947 938/1210/948
f 958/1186/945 957/1211/966 935/1185/944
f 958/1212/945 978/1213/967 957/1214/966
f 938/1189/948 859/1215/968 978/1213/967
f 938/1189/948 978/1213/967 958/1212/945
f 889/1135/901 939/1216/969 959/1217/970
f 889/1135/901 959/1217/970 1119/1218/971
f 889/1135/901 1119/1218/971 941/1140/904
f 941/1140/904 1119/1218/971 942/1192/950
f 910/1162/923 979/1191/949 981/1219/972
f 910/1162/923 981/1219/972 980/1220/973
f 910/1162/923 980/1220/973 914/1164/925
f 914/1164/925 980/1220/973 983/1193/951
f 914/1164/925 983/1193/951 892/1143/907
f 943/1165/926 960/1221/974 944/1144/908
f 943/1165/926 1015/1222/975 961/1223/976
f 943/1165/926 961/1223/976 960/1221/974
f 946/1167/928 988/1224/977 947/1196/954
f 947/1196/954 988/1224/977 962/1225/978
f 947/1196/954 962/1225/978 948/1197/955
f 948/1197/955 962/1225/978 963/1226/979
f 948/1197/955 963/1226/979 919/1170/931
f 898/1147/911 964/1227/980 966/1228/981
f 898/1147/911 966/1228/981 967/1171/932
f 876/1113/886 989/1229/982 898/1147/911
f 919/1170/931 963/1226/979 989/1229/982
f 919/1170/931 989/1229/982 876/1113/886
f 968/1050/831 965/1173/933 969/1230/983
f 968/1050/831 969/1230/983 970/1231/984
f 968/1050/831 970/1231/984 949/1198/956
f 850/1085/864 902/1086/865 998/1232/985
f 850/1085/864 998/1232/985 899/1149/913
f 950/1150/914 923/1175/935 972/1200/958
f 924/1116/889 903/1151/915 1029/1233/986
f 924/1116/889 1029/1233/986 901/1176/936
f 901/1234/936 1029/1235/986 973/1236/987
f 901/1176/936 973/1237/987 902/1086/865
f 931/1181/940 974/1238/988 1002/1239/989
f 931/1181/940 975/1240/990 930/1182/941
f 931/1181/940 952/1205/961 974/1238/988
f 934/1184/943 1013/1241/991 954/1207/963
f 936/1187/946 976/1242/992 937/1066/845
f 926/1130/897 977/1243/993 936/1187/946
f 955/1209/965 905/1156/919 928/1155/918
f 930/1182/941 975/1240/990 956/1208/964
f 930/1182/941 956/1208/964 928/1155/918
f 935/1185/944 1013/1241/991 934/1184/943
f 935/1185/944 957/1211/966 1013/1241/991
f 937/1066/845 976/1242/992 939/1216/969
f 937/1066/845 939/1216/969 886/1132/898
f 886/1132/898 939/1216/969 889/1135/901
f 983/1193/951 980/1220/973 982/1244/994
f 943/1165/926 985/1245/995 1015/1222/975
f 943/1165/926 984/1194/952 985/1245/995
f 960/1221/974 945/1195/953 944/1144/908
f 960/1221/974 961/1223/976 986/1246/996
f 960/1221/974 986/1246/996 945/1195/953
f 945/1195/953 915/1166/927 871/1077/856
f 945/1195/953 987/1247/997 915/1166/927
f 945/1195/953 986/1246/996 987/1247/997
f 915/1166/927 988/1224/977 946/1167/928
f 915/1166/927 987/1247/997 1053/1248/998
f 915/1166/927 1053/1248/998 988/1224/977
f 962/1225/978 988/1224/977 1017/1249/999
f 962/1225/978 1017/1249/999 963/1226/979
f 989/1229/982 990/1250/1000 964/1227/980
f 963/1226/979 1017/1249/999 990/1250/1000
f 963/1226/979 990/1250/1000 989/1229/982
f 989/1229/982 964/1227/980 898/1147/911
f 991/1251/1001 921/1252/934 899/1253/913
f 992/1254/1002 921/1252/934 991/1251/1001
f 992/1254/1002 994/1255/1003 995/1256/1004
f 899/1253/913 993/1257/1005 991/1251/1001
f 899/1253/913 1024/1258/1006 993/1257/1005
f 949/1198/956 996/1259/1007 971/1199/957
f 923/1175/935 971/1199/957 997/1260/1008
f 923/1175/935 997/1260/1008 972/1200/958
f 902/1086/865 973/1237/987 998/1232/985
f 998/1232/985 1024/1261/1006 899/1149/913
f 903/1151/915 951/1203/959 1029/1233/986
f 853/1088/867 1025/1204/960 999/1262/1009
f 853/1088/867 999/1262/1009 1000/1263/1010
f 853/1088/867 1000/1263/1010 925/1177/937
f 925/1177/937 1000/1263/1010 1030/1264/1011
f 925/1177/937 1030/1264/1011 1061/1265/1012
f 974/1238/988 1005/1266/1013 1003/1267/1014
f 974/1238/988 1032/1268/1015 1004/1269/1016
f 974/1238/988 1004/1269/1016 1007/1270/1017
f 1001/1271/1018 974/1238/988 952/1205/961
f 1001/1271/1018 1005/1266/1013 974/1238/988
f 1001/1272/1018 952/1205/961 953/1206/962
f 1001/1272/1018 1006/1273/1019 1005/1266/1013
f 1002/1239/989 1008/1274/1020 975/1240/990
f 1002/1239/989 975/1240/990 931/1181/940
f 953/1206/962 954/1207/963 1006/1273/1019
f 953/1206/962 1006/1273/1019 1001/1272/1018
f 905/1156/919 927/1179/938 824/1124/841
f 1010/1275/1021 975/1240/990 1008/1274/1020
f 1010/1275/1021 956/1208/964 975/1240/990
f 1010/1275/1021 1008/1274/1020 956/1208/964
f 926/1130/897 927/1178/938 977/1243/993
f 956/1208/964 1008/1274/1020 1040/1276/1022
f 956/1208/964 1040/1276/1022 955/1209/965
f 1013/1241/991 1011/1277/1023 954/1207/963
f 976/1242/992 1012/1278/1024 939/1216/969
f 957/1214/966 1009/1279/1025 1013/1280/991
f 978/1213/967 1009/1279/1025 957/1214/966
f 942/1192/950 1119/1218/971 1014/1281/1026
f 942/1192/950 1014/1281/1026 979/1191/949
f 980/1220/973 1046/1282/1027 982/1244/994
f 983/1193/951 982/1283/994 984/1194/952
f 982/1283/994 1046/1282/1027 1047/1284/1028
f 982/1283/994 1047/1284/1028 984/1194/952
f 984/1194/952 1047/1284/1028 1048/1285/1029
f 984/1194/952 1048/1285/1029 985/1245/995
f 985/1245/995 1048/1285/1029 1050/1286/1030
f 985/1245/995 1050/1286/1030 1015/1222/975
f 987/1247/997 1081/1287/1031 1016/1288/1032
f 988/1224/977 1053/1248/998 1017/1249/999
f 1017/1249/999 1018/1289/1033 990/1250/1000
f 966/1228/981 1055/1290/1034 1019/1291/1035
f 964/1227/980 1055/1290/1034 966/1228/981
f 990/1250/1000 1018/1289/1033 1055/1290/1034
f 990/1250/1000 1055/1290/1034 964/1227/980
f 965/1173/933 1020/1292/1036 969/1230/983
f 991/1251/1001 994/1255/1003 992/1254/1002
f 991/1251/1001 1021/1293/1037 994/1255/1003
f 993/1257/1005 1021/1293/1037 991/1251/1001
f 993/1257/1005 1023/1294/1038 1021/1293/1037
f 971/1199/957 996/1259/1007 997/1260/1008
f 998/1232/985 973/1237/987 1024/1261/1006
f 1024/1295/1006 973/1236/987 999/1296/1009
f 1024/1258/1006 999/1297/1009 1025/1298/960
f 1024/1258/1006 1023/1294/1038 993/1257/1005
f 1024/1258/1006 1026/1299/1039 1023/1294/1038
f 1025/1298/960 1026/1299/1039 1024/1258/1006
f 972/1200/958 1093/1300/1040 951/1201/959
f 951/1201/959 1093/1300/1040 1027/1301/1041
f 1029/1235/986 1028/1302/1042 973/1236/987
f 973/1236/987 1028/1302/1042 999/1296/1009
f 999/1296/1009 1028/1302/1042 1000/1303/1010
f 1028/1302/1042 1029/1235/986 1060/1304/1043
f 1028/1302/1042 1060/1304/1043 1000/1303/1010
f 1000/1303/1010 1060/1304/1043 1030/1305/1011
f 1030/1305/1011 1031/1306/1044 1101/1307/1045
f 1030/1264/1011 1101/1308/1045 1061/1265/1012
f 1003/1267/1014 1032/1268/1015 974/1238/988
f 1007/1270/1017 1105/1309/1046 1002/1239/989
f 1007/1270/1017 1002/1239/989 974/1238/988
f 1003/1310/1014 1006/1273/1019 1033/1311/1047
f 1003/1310/1014 1033/1311/1047 1032/1268/1015
f 1105/1309/1046 1008/1274/1020 1002/1239/989
f 1005/1266/1013 1006/1273/1019 1003/1310/1014
f 1008/1274/1020 1105/1309/1046 1035/1312/1048
f 1008/1274/1020 1035/1312/1048 1040/1276/1022
f 977/1243/993 1036/1313/1049 936/1187/946
f 977/1243/993 1067/1314/1050 1036/1313/1049
f 927/1178/938 1067/1314/1050 977/1243/993
f 927/1178/938 1038/1315/1051 1067/1314/1050
f 905/1316/919 1038/1315/1051 927/1178/938
f 905/1156/919 1037/1317/1052 1038/1318/1051
f 905/1156/919 1039/1319/1053 1037/1317/1052
f 955/1209/965 1039/1319/1053 905/1156/919
f 955/1209/965 1040/1276/1022 1039/1319/1053
f 936/1187/946 1041/1320/1054 976/1242/992
f 936/1187/946 1036/1313/1049 1041/1320/1054
f 1013/1280/991 1042/1321/1055 1011/1322/1023
f 1009/1279/1025 1042/1321/1055 1013/1280/991
f 939/1216/969 1071/1323/1056 959/1217/970
f 1012/1278/1024 1043/1324/1057 939/1216/969
f 976/1242/992 1041/1320/1054 1012/1278/1024
f 1041/1320/1054 1044/1325/1058 1045/1326/1059
f 959/1217/970 1071/1323/1056 1119/1218/971
f 979/1191/949 1014/1281/1026 981/1219/972
f 981/1219/972 1046/1282/1027 980/1220/973
f 981/1219/972 1014/1281/1026 1074/1327/1060
f 981/1219/972 1074/1327/1060 1046/1282/1027
f 1046/1282/1027 1075/1328/1061 1047/1284/1028
f 1050/1286/1030 1048/1285/1029 1049/1329/1062
f 961/1223/976 1051/1330/1063 1078/1331/1064
f 961/1223/976 1078/1331/1064 1084/1332/1065
f 961/1223/976 1084/1332/1065 986/1246/996
f 1015/1222/975 1050/1286/1030 1051/1330/1063
f 1015/1222/975 1051/1330/1063 961/1223/976
f 986/1246/996 1081/1287/1031 987/1247/997
f 986/1246/996 1084/1332/1065 1081/1287/1031
f 987/1247/997 1016/1288/1032 1052/1333/1066
f 987/1247/997 1052/1333/1066 1053/1248/998
f 1017/1249/999 1053/1248/998 1054/1334/1067
f 1017/1249/999 1054/1334/1067 1018/1289/1033
f 1018/1289/1033 1054/1334/1067 1055/1290/1034
f 966/1228/981 1019/1291/1035 967/1171/932
f 967/1171/932 1019/1291/1035 1056/1335/1068
f 967/1172/932 1020/1292/1036 965/1173/933
f 967/1171/932 1056/1335/1068 1139/1336/1069
f 967/1172/932 1139/1337/1069 1020/1292/1036
f 994/1255/1003 1090/1338/1070 995/1256/1004
f 994/1255/1003 1145/1339/1071 1144/1340/1072
f 994/1255/1003 1144/1340/1072 1090/1338/1070
f 1021/1293/1037 1145/1339/1071 994/1255/1003
f 1021/1293/1037 1098/1341/1073 1145/1339/1071
f 1057/1342/1074 972/1200/958 997/1260/1008
f 1057/1342/1074 1092/1343/1075 972/1200/958
f 1057/1342/1074 1147/1344/1076 1092/1343/1075
f 1023/1294/1038 1026/1299/1039 1058/1345/1077
f 1023/1294/1038 1058/1345/1077 1021/1293/1037
f 1026/1299/1039 1059/1346/1078 1058/1345/1077
f 951/1347/959 1027/1348/1041 1029/1235/986
f 1029/1235/986 1027/1348/1041 1060/1304/1043
f 1060/1304/1043 1031/1306/1044 1030/1305/1011
f 1032/1268/1015 1062/1349/1079 1004/1269/1016
f 1105/1309/1046 1063/1350/1080 1035/1312/1048
f 1105/1309/1046 1159/1351/1081 1063/1350/1080
f 1006/1273/1019 1034/1352/1082 1033/1311/1047
f 954/1207/963 1034/1352/1082 1006/1273/1019
f 954/1207/963 1066/1353/1083 1034/1352/1082
f 1035/1312/1048 1039/1319/1053 1040/1276/1022
f 1035/1312/1048 1063/1350/1080 1065/1354/1084
f 1035/1312/1048 1065/1354/1084 1039/1319/1053
f 1038/1315/1051 1064/1355/1085 1067/1314/1050
f 1038/1315/1051 1111/1356/1086 1064/1355/1085
f 1038/1315/1051 1065/1357/1084 1111/1356/1086
f 1037/1317/1052 1065/1354/1084 1038/1318/1051
f 1039/1319/1053 1065/1354/1084 1037/1317/1052
f 1036/1313/1049 1044/1325/1058 1041/1320/1054
f 1036/1313/1049 1064/1355/1085 1044/1325/1058
f 1067/1358/1050 1064/1355/1085 1036/1313/1049
f 1011/1322/1023 1042/1321/1055 1068/1359/1087
f 1011/1277/1023 1066/1353/1083 954/1207/963
f 1011/1277/1023 1068/1360/1087 1066/1353/1083
f 1043/1324/1057 1069/1361/1088 1070/1362/1089
f 1043/1324/1057 1071/1323/1056 939/1216/969
f 1043/1324/1057 1070/1362/1089 1071/1323/1056
f 1012/1278/1024 1069/1361/1088 1043/1324/1057
f 1041/1320/1054 1069/1361/1088 1012/1278/1024
f 1041/1320/1054 1045/1326/1059 1069/1361/1088
f 1042/1321/1055 1072/1363/1090 1068/1359/1087
f 1069/1361/1088 1045/1326/1059 1115/1364/1091
f 1069/1361/1088 1115/1364/1091 1070/1362/1089
f 1014/1281/1026 1119/1218/971 1073/1365/1092
f 1014/1281/1026 1073/1365/1092 1074/1327/1060
f 1046/1282/1027 1076/1366/1093 1075/1328/1061
f 1046/1282/1027 1074/1327/1060 1125/1367/1094
f 1046/1282/1027 1125/1367/1094 1076/1366/1093
f 1047/1284/1028 1075/1328/1061 1049/1329/1062
f 1075/1328/1061 1076/1366/1093 1126/1368/1095
f 1075/1328/1061 1126/1368/1095 1049/1329/1062
f 1049/1329/1062 1048/1285/1029 1047/1284/1028
f 1049/1329/1062 1077/1369/1096 1050/1286/1030
f 1050/1286/1030 1077/1369/1096 1051/1330/1063
f 1051/1330/1063 1077/1369/1096 1079/1370/1097
f 1051/1330/1063 1079/1370/1097 1078/1331/1064
f 1078/1331/1064 1080/1371/1098 1084/1332/1065
f 1078/1331/1064 1079/1370/1097 1080/1371/1098
f 1081/1287/1031 1082/1372/1099 1016/1288/1032
f 1084/1332/1065 1132/1373/1100 1081/1287/1031
f 1080/1371/1098 1079/1370/1097 1083/1374/1101
f 1080/1371/1098 1083/1374/1101 1084/1332/1065
f 1016/1288/1032 1082/1372/1099 1052/1333/1066
f 1052/1333/1066 1082/1372/1099 1085/1375/1102
f 1052/1333/1066 1085/1375/1102 1053/1248/998
f 1053/1248/998 1085/1375/1102 1086/1376/1103
f 1053/1248/998 1086/1376/1103 1054/1334/1067
f 1087/1377/1104 1055/1290/1034 1054/1334/1067
f 1087/1377/1104 1019/1291/1035 1055/1290/1034
f 1087/1377/1104 1086/1376/1103 1088/1378/1105
f 1054/1334/1067 1086/1376/1103 1087/1377/1104
f 1088/1378/1105 1019/1291/1035 1087/1377/1104
f 1019/1291/1035 1088/1378/1105 1056/1335/1068
f 1020/1292/1036 1089/1379/1106 969/1230/983
f 969/1230/983 1022/1380/1107 970/1231/984
f 969/1230/983 1142/1381/1108 1022/1380/1107
f 949/1198/956 970/1231/984 996/1259/1007
f 1092/1343/1075 1093/1300/1040 972/1200/958
f 1093/1300/1040 1092/1343/1075 1094/1382/1109
f 1093/1300/1040 1094/1382/1109 1095/1383/1110
f 1096/1384/1111 1097/1385/1112 1098/1341/1073
f 1096/1384/1111 1098/1341/1073 1058/1345/1077
f 1058/1345/1077 1031/1386/1044 1096/1384/1111
f 1058/1345/1077 1098/1341/1073 1021/1293/1037
f 1058/1345/1077 1059/1346/1078 1100/1387/1113
f 1058/1345/1077 1100/1387/1113 1031/1386/1044
f 1093/1300/1040 1095/1383/1110 1027/1301/1041
f 1027/1301/1041 1095/1383/1110 1099/1388/1114
f 1027/1301/1041 1099/1388/1114 1153/1389/1115
f 1027/1348/1041 1153/1390/1115 1060/1304/1043
f 1060/1304/1043 1153/1390/1115 1097/1385/1112
f 1060/1304/1043 1097/1385/1112 1096/1391/1111
f 1096/1391/1111 1031/1306/1044 1060/1304/1043
f 1031/1306/1044 1100/1392/1113 1101/1307/1045
f 1004/1269/1016 1195/1393/1116 1197/1394/1117
f 1004/1269/1016 1102/1395/1118 1007/1270/1017
f 1004/1269/1016 1197/1394/1117 1102/1395/1118
f 1062/1349/1079 1104/1396/1119 1103/1397/1120
f 1007/1270/1017 1102/1395/1118 1105/1309/1046
f 1032/1268/1015 1033/1311/1047 1104/1396/1119
f 1032/1268/1015 1104/1396/1119 1062/1349/1079
f 1033/1311/1047 1106/1398/1121 1104/1396/1119
f 1034/1352/1082 1106/1398/1121 1033/1311/1047
f 1034/1352/1082 1108/1399/1122 1106/1398/1121
f 1107/1400/1123 1111/1401/1086 1063/1350/1080
f 1107/1400/1123 1063/1350/1080 1160/1402/1124
f 1107/1403/1123 1160/1404/1124 1111/1356/1086
f 1063/1350/1080 1111/1401/1086 1065/1354/1084
f 1066/1353/1083 1109/1405/1125 1108/1399/1122
f 1066/1353/1083 1108/1399/1122 1034/1352/1082
f 1064/1355/1085 1111/1356/1086 1110/1406/1126
f 1044/1325/1058 1112/1407/1127 1045/1326/1059
f 1044/1325/1058 1113/1408/1128 1112/1407/1127
f 1064/1355/1085 1113/1408/1128 1044/1325/1058
f 1064/1355/1085 1110/1406/1126 1113/1408/1128
f 1066/1353/1083 1114/1409/1129 1109/1405/1125
f 1045/1326/1059 1112/1407/1127 1115/1364/1091
f 1112/1407/1127 1116/1410/1130 1164/1411/1131
f 1112/1407/1127 1164/1411/1131 1115/1364/1091
f 1068/1359/1087 1117/1412/1132 1122/1413/1133
f 1068/1360/1087 1114/1409/1129 1066/1353/1083
f 1068/1360/1087 1122/1414/1133 1114/1409/1129
f 1072/1363/1090 1117/1412/1132 1068/1359/1087
f 1071/1323/1056 1118/1415/1134 1119/1218/971
f 1115/1364/1091 1120/1416/1135 1070/1362/1089
f 1115/1364/1091 1121/1417/1136 1120/1416/1135
f 1119/1218/971 1123/1418/1137 1073/1365/1092
f 1073/1365/1092 1123/1418/1137 1074/1327/1060
f 1074/1327/1060 1123/1418/1137 1124/1419/1138
f 1074/1327/1060 1124/1419/1138 1125/1367/1094
f 1076/1366/1093 1125/1367/1094 1127/1420/1139
f 1076/1366/1093 1127/1420/1139 1126/1368/1095
f 1126/1368/1095 1077/1369/1096 1049/1329/1062
f 1126/1368/1095 1127/1420/1139 1128/1421/1140
f 1126/1368/1095 1129/1422/1141 1077/1369/1096
f 1126/1368/1095 1128/1421/1140 1129/1422/1141
f 1077/1369/1096 1129/1422/1141 1079/1370/1097
f 1129/1422/1141 1173/1423/1142 1130/1424/1143
f 1129/1422/1141 1131/1425/1144 1079/1370/1097
f 1079/1370/1097 1131/1425/1144 1083/1374/1101
f 1083/1374/1101 1132/1373/1100 1084/1332/1065
f 1083/1374/1101 1131/1425/1144 1133/1426/1145
f 1083/1374/1101 1133/1426/1145 1132/1373/1100
f 1132/1373/1100 1134/1427/1146 1081/1287/1031
f 1132/1373/1100 1133/1426/1145 1134/1427/1146
f 1081/1287/1031 1134/1427/1146 1135/1428/1147
f 1081/1287/1031 1135/1428/1147 1082/1372/1099
f 1134/1427/1146 1133/1426/1145 1135/1428/1147
f 1082/1372/1099 1135/1428/1147 1136/1429/1148
f 1082/1372/1099 1136/1429/1148 1085/1375/1102
f 1138/1430/1149 1137/1431/1150 1085/1375/1102
f 1085/1375/1102 1137/1431/1150 1086/1376/1103
f 1085/1375/1102 1136/1429/1148 1138/1430/1149
f 1137/1431/1150 1088/1378/1105 1086/1376/1103
f 1088/1378/1105 1137/1431/1150 1056/1335/1068
f 1056/1335/1068 1140/1432/1151 1139/1336/1069
f 1139/1337/1069 1089/1379/1106 1020/1292/1036
f 1089/1379/1106 1142/1381/1108 969/1230/983
f 1089/1379/1106 1176/1433/1152 1142/1381/1108
f 1090/1434/1070 1143/1435/1153 1091/1436/1154
f 1090/1434/1070 1144/1437/1072 1143/1435/1153
f 1091/1436/1154 1143/1435/1153 1141/1438/1155
f 996/1259/1007 970/1231/984 1022/1380/1107
f 1145/1439/1071 1148/1440/1156 1144/1437/1072
f 996/1259/1007 1181/1441/1157 997/1260/1008
f 996/1259/1007 1221/1442/1158 1222/1443/1159
f 996/1259/1007 1222/1443/1159 1181/1441/1157
f 997/1260/1008 1181/1441/1157 1057/1342/1074
f 1057/1342/1074 1181/1441/1157 1146/1444/1160
f 1057/1342/1074 1146/1444/1160 1147/1344/1076
f 1147/1344/1076 1146/1444/1160 1184/1445/1161
f 1098/1446/1073 1148/1440/1156 1145/1439/1071
f 1147/1344/1076 1184/1445/1161 1092/1343/1075
f 1092/1343/1075 1149/1447/1162 1094/1382/1109
f 1092/1343/1075 1184/1445/1161 1149/1447/1162
f 1095/1383/1110 1094/1382/1109 1099/1388/1114
f 1099/1388/1114 1094/1382/1109 1150/1448/1163
f 1099/1388/1114 1150/1448/1163 1151/1449/1164
f 1099/1388/1114 1151/1449/1164 1152/1450/1165
f 1099/1388/1114 1152/1450/1165 1153/1389/1115
f 1153/1390/1115 1154/1451/1166 1097/1385/1112
f 1153/1452/1115 1190/1453/1167 1154/1454/1166
f 1097/1385/1112 1154/1451/1166 1098/1341/1073
f 1098/1341/1073 1154/1451/1166 1148/1455/1156
f 1059/1346/1078 1155/1456/1168 1100/1387/1113
f 1149/1447/1162 1185/1457/1169 1156/1458/1170
f 1149/1447/1162 1156/1458/1170 1094/1382/1109
f 1100/1392/1113 1193/1459/1171 1101/1307/1045
f 1062/1349/1079 1195/1393/1116 1004/1269/1016
f 1062/1349/1079 1157/1460/1172 1195/1393/1116
f 1062/1349/1079 1200/1461/1173 1157/1460/1172
f 1062/1349/1079 1158/1462/1174 1200/1461/1173
f 1103/1397/1120 1158/1462/1174 1062/1349/1079
f 1103/1397/1120 1104/1396/1119 1158/1462/1174
f 1105/1463/1046 1102/1464/1118 1159/1465/1081
f 1159/1351/1081 1162/1466/1175 1160/1402/1124
f 1160/1402/1124 1063/1350/1080 1159/1351/1081
f 1108/1399/1122 1109/1405/1125 1205/1467/1176
f 1108/1399/1122 1205/1467/1176 1161/1468/1177
f 1203/1469/1178 1160/1404/1124 1162/1470/1175
f 1203/1469/1178 1110/1406/1126 1160/1404/1124
f 1160/1404/1124 1110/1406/1126 1111/1356/1086
f 1163/1471/1179 1113/1408/1128 1110/1406/1126
f 1110/1406/1126 1286/1472/1180 1163/1471/1179
f 1110/1406/1126 1203/1469/1178 1286/1472/1180
f 1112/1407/1127 1163/1471/1179 1116/1410/1130
f 1113/1408/1128 1163/1471/1179 1112/1407/1127
f 1115/1364/1091 1164/1411/1131 1121/1417/1136
f 1071/1323/1056 1166/1473/1181 1118/1415/1134
f 1122/1413/1133 1167/1474/1182 1168/1475/1183
f 1122/1414/1133 1165/1476/1184 1114/1409/1129
f 1122/1414/1133 1169/1477/1185 1165/1476/1184
f 1117/1412/1132 1167/1474/1182 1122/1413/1133
f 1119/1218/971 1118/1415/1134 1123/1418/1137
f 1168/1478/1183 1169/1479/1185 1122/1480/1133
f 1168/1478/1183 1167/1481/1182 1169/1479/1185
f 1118/1415/1134 1166/1473/1181 1170/1482/1186
f 1124/1419/1138 1123/1418/1137 1125/1367/1094
f 1125/1367/1094 1123/1418/1137 1171/1483/1187
f 1125/1367/1094 1171/1483/1187 1127/1420/1139
f 1127/1420/1139 1171/1483/1187 1172/1484/1188
f 1127/1420/1139 1172/1484/1188 1128/1421/1140
f 1128/1421/1140 1173/1423/1142 1129/1422/1141
f 1128/1421/1140 1172/1484/1188 1173/1423/1142
f 1130/1424/1143 1173/1423/1142 1131/1425/1144
f 1130/1424/1143 1131/1425/1144 1129/1422/1141
f 1173/1423/1142 1174/1485/1189 1131/1425/1144
f 1131/1425/1144 1174/1485/1189 1133/1426/1145
f 1133/1426/1145 1174/1485/1189 1135/1428/1147
f 1174/1485/1189 1175/1486/1190 1135/1428/1147
f 1175/1486/1190 1174/1485/1189 1140/1487/1151
f 1175/1486/1190 1140/1487/1151 1138/1430/1149
f 1135/1428/1147 1175/1486/1190 1136/1429/1148
f 1175/1486/1190 1138/1430/1149 1136/1429/1148
f 1138/1430/1149 1140/1487/1151 1137/1431/1150
f 1137/1431/1150 1140/1432/1151 1056/1335/1068
f 1139/1337/1069 1176/1433/1152 1089/1379/1106
f 1139/1337/1069 1216/1488/1191 1176/1433/1152
f 1142/1381/1108 1324/1489/1192 1221/1442/1158
f 1177/1490/1193 1178/1491/1194 1141/1438/1155
f 1177/1490/1193 1141/1438/1155 1143/1435/1153
f 1141/1438/1155 1178/1491/1194 1179/1492/1195
f 1142/1381/1108 1221/1442/1158 1022/1380/1107
f 1143/1435/1153 1180/1493/1196 1178/1491/1194
f 1143/1435/1153 1178/1491/1194 1177/1490/1193
f 1022/1380/1107 1221/1442/1158 996/1259/1007
f 1181/1441/1157 1222/1443/1159 1223/1494/1197
f 1181/1441/1157 1223/1494/1197 1182/1495/1198
f 1182/1495/1198 1146/1444/1160 1181/1441/1157
f 1183/1496/1199 1180/1493/1196 1144/1437/1072
f 1144/1437/1072 1148/1440/1156 1183/1496/1199
f 1144/1437/1072 1180/1493/1196 1143/1435/1153
f 1146/1444/1160 1182/1495/1198 1184/1445/1161
f 1148/1440/1156 1154/1454/1166 1183/1496/1199
f 1184/1445/1161 1185/1457/1169 1149/1447/1162
f 1184/1445/1161 1186/1497/1200 1185/1457/1169
f 1094/1382/1109 1156/1458/1170 1188/1498/1201
f 1094/1382/1109 1188/1498/1201 1150/1448/1163
f 1150/1448/1163 1187/1499/1202 1151/1449/1164
f 1150/1448/1163 1188/1498/1201 1187/1499/1202
f 1151/1449/1164 1187/1499/1202 1189/1500/1203
f 1151/1449/1164 1189/1500/1203 1152/1450/1165
f 1152/1450/1165 1189/1500/1203 1229/1501/1204
f 1152/1450/1165 1229/1501/1204 1153/1389/1115
f 1153/1389/1115 1229/1501/1204 1190/1502/1167
f 1154/1454/1166 1190/1453/1167 1191/1503/1205
f 1154/1454/1166 1191/1503/1205 1183/1496/1199
f 1193/1459/1171 1100/1387/1113 1155/1456/1168
f 1185/1457/1169 1194/1504/1206 1156/1458/1170
f 1156/1458/1170 1192/1505/1207 1188/1498/1201
f 1185/1457/1169 1186/1497/1200 1274/1506/1208
f 1185/1457/1169 1274/1506/1208 1194/1504/1206
f 1194/1504/1206 1274/1506/1208 1234/1507/1209
f 1194/1504/1206 1192/1505/1207 1156/1458/1170
f 1157/1508/1172 1196/1509/1210 1195/1510/1116
f 1197/1511/1117 1199/1512/1211 1198/1513/1212
f 1197/1511/1117 1198/1513/1212 1102/1464/1118
f 1102/1464/1118 1198/1513/1212 1159/1465/1081
f 1158/1514/1174 1201/1515/1213 1200/1516/1173
f 1158/1514/1174 1238/1517/1214 1201/1515/1213
f 1104/1396/1119 1238/1518/1214 1158/1462/1174
f 1104/1396/1119 1106/1398/1121 1238/1518/1214
f 1106/1398/1121 1108/1399/1122 1202/1519/1215
f 1162/1466/1175 1159/1351/1081 1285/1520/1216
f 1162/1466/1175 1285/1520/1216 1203/1521/1178
f 1108/1399/1122 1161/1468/1177 1202/1519/1215
f 1203/1521/1178 1285/1520/1216 1286/1522/1180
f 1109/1405/1125 1114/1409/1129 1204/1523/1217
f 1109/1405/1125 1204/1523/1217 1205/1467/1176
f 1164/1411/1131 1206/1524/1218 1121/1417/1136
f 1204/1523/1217 1165/1476/1184 1207/1525/1219
f 1114/1409/1129 1165/1476/1184 1204/1523/1217
f 1070/1362/1089 1120/1416/1135 1208/1526/1220
f 1070/1362/1089 1208/1526/1220 1071/1323/1056
f 1121/1417/1136 1206/1524/1218 1209/1527/1221
f 1121/1417/1136 1209/1527/1221 1120/1416/1135
f 1169/1479/1185 1210/1528/1222 1211/1529/1223
f 1169/1479/1185 1243/1530/1224 1165/1531/1184
f 1167/1481/1182 1210/1528/1222 1169/1479/1185
f 1118/1415/1134 1170/1482/1186 1123/1418/1137
f 1211/1529/1223 1243/1530/1224 1169/1479/1185
f 1211/1529/1223 1212/1532/1225 1243/1530/1224
f 1210/1528/1222 1212/1532/1225 1211/1529/1223
f 1123/1418/1137 1170/1482/1186 1171/1483/1187
f 1171/1483/1187 1170/1482/1186 1213/1533/1226
f 1171/1483/1187 1213/1533/1226 1172/1484/1188
f 1172/1484/1188 1213/1533/1226 1214/1534/1227
f 1172/1484/1188 1214/1534/1227 1173/1423/1142
f 1173/1423/1142 1214/1534/1227 1174/1485/1189
f 1174/1485/1189 1214/1534/1227 1215/1535/1228
f 1174/1485/1189 1215/1535/1228 1140/1487/1151
f 1140/1432/1151 1216/1536/1191 1139/1336/1069
f 1176/1433/1152 1324/1489/1192 1142/1381/1108
f 1178/1491/1194 1218/1537/1229 1219/1538/1230
f 1219/1538/1230 1179/1492/1195 1178/1491/1194
f 1219/1538/1230 1220/1539/1231 1179/1492/1195
f 1221/1442/1158 1263/1540/1232 1222/1443/1159
f 1223/1494/1197 1222/1443/1159 1224/1541/1233
f 1180/1493/1196 1225/1542/1234 1178/1491/1194
f 1178/1491/1194 1225/1542/1234 1226/1543/1235
f 1223/1494/1197 1224/1541/1233 1227/1544/1236
f 1223/1494/1197 1227/1544/1236 1182/1495/1198
f 1182/1495/1198 1227/1544/1236 1184/1445/1161
f 1191/1503/1205 1228/1545/1237 1180/1493/1196
f 1191/1503/1205 1270/1546/1238 1228/1545/1237
f 1180/1493/1196 1183/1496/1199 1191/1503/1205
f 1184/1445/1161 1227/1544/1236 1269/1547/1239
f 1184/1445/1161 1269/1547/1239 1186/1497/1200
f 1229/1548/1204 1230/1549/1240 1190/1502/1167
f 1229/1548/1204 1232/1550/1241 1230/1549/1240
f 1190/1453/1167 1230/1551/1240 1231/1552/1242
f 1190/1453/1167 1231/1552/1242 1191/1503/1205
f 1191/1503/1205 1231/1552/1242 1270/1546/1238
f 1187/1499/1202 1188/1498/1201 1189/1500/1203
f 1189/1500/1203 1188/1498/1201 1233/1553/1243
f 1189/1500/1203 1233/1553/1243 1232/1550/1241
f 1189/1500/1203 1232/1550/1241 1229/1501/1204
f 1188/1498/1201 1192/1505/1207 1233/1553/1243
f 1233/1553/1243 1275/1554/1244 1232/1550/1241
f 1192/1505/1207 1194/1504/1206 1235/1555/1245
f 1192/1505/1207 1235/1555/1245 1233/1553/1243
f 1194/1504/1206 1234/1507/1209 1235/1555/1245
f 1195/1510/1116 1199/1556/1211 1197/1557/1117
f 1195/1510/1116 1237/1558/1246 1199/1556/1211
f 1196/1509/1210 1237/1558/1246 1195/1510/1116
f 1196/1509/1210 1236/1559/1247 1237/1558/1246
f 1157/1508/1172 1236/1559/1247 1196/1509/1210
f 1157/1508/1172 1200/1516/1173 1236/1559/1247
f 1106/1398/1121 1202/1519/1215 1238/1518/1214
f 1161/1468/1177 1283/1560/1248 1202/1519/1215
f 1161/1468/1177 1205/1467/1176 1283/1560/1248
f 1202/1519/1215 1283/1560/1248 1238/1518/1214
f 1286/1561/1180 1350/1562/1249 1163/1563/1179
f 1205/1467/1176 1293/1564/1250 1239/1565/1251
f 1116/1410/1130 1163/1471/1179 1350/1566/1249
f 1116/1410/1130 1206/1524/1218 1164/1411/1131
f 1116/1567/1130 1350/1562/1249 1289/1568/1252
f 1116/1410/1130 1289/1569/1252 1206/1524/1218
f 1206/1524/1218 1289/1569/1252 1290/1570/1253
f 1206/1524/1218 1290/1570/1253 1209/1527/1221
f 1207/1525/1219 1293/1564/1250 1204/1523/1217
f 1204/1523/1217 1293/1564/1250 1205/1467/1176
f 1207/1571/1219 1165/1531/1184 1294/1572/1254
f 1207/1571/1219 1294/1572/1254 1293/1573/1250
f 1120/1416/1135 1240/1574/1255 1208/1526/1220
f 1209/1527/1221 1240/1574/1255 1120/1416/1135
f 1209/1527/1221 1290/1570/1253 1292/1575/1256
f 1209/1527/1221 1292/1575/1256 1240/1574/1255
f 1294/1572/1254 1243/1530/1224 1241/1576/1257
f 1165/1531/1184 1243/1530/1224 1294/1572/1254
f 1208/1526/1220 1166/1473/1181 1071/1323/1056
f 1208/1526/1220 1242/1577/1258 1166/1473/1181
f 1240/1574/1255 1292/1575/1256 1296/1578/1259
f 1240/1574/1255 1296/1578/1259 1208/1526/1220
f 1208/1526/1220 1296/1578/1259 1242/1577/1258
f 1241/1579/1257 1299/1580/1260 1294/1581/1254
f 1243/1530/1224 1303/1582/1261 1241/1576/1257
f 1170/1482/1186 1245/1583/1262 1244/1584/1263
f 1166/1473/1181 1245/1583/1262 1170/1482/1186
f 1243/1530/1224 1246/1585/1264 1247/1586/1265
f 1243/1530/1224 1247/1586/1265 1303/1582/1261
f 1212/1532/1225 1246/1585/1264 1243/1530/1224
f 1170/1482/1186 1244/1584/1263 1213/1533/1226
f 1246/1585/1264 1248/1587/1266 1247/1586/1265
f 1244/1584/1263 1214/1534/1227 1213/1533/1226
f 1244/1584/1263 1309/1588/1267 1214/1534/1227
f 1244/1584/1263 1245/1583/1262 1309/1588/1267
f 1247/1586/1265 1249/1589/1268 1250/1590/1269
f 1248/1587/1266 1249/1589/1268 1247/1586/1265
f 1250/1590/1269 1254/1591/1270 1252/1592/1271
f 1250/1590/1269 1253/1593/1272 1310/1594/1273
f 1250/1590/1269 1310/1594/1273 1251/1595/1274
f 1250/1590/1269 1251/1595/1274 1247/1586/1265
f 1249/1589/1268 1254/1591/1270 1250/1590/1269
f 1255/1596/1275 1256/1597/1276 1260/1598/1277
f 1255/1596/1275 1253/1593/1272 1252/1592/1271
f 1252/1592/1271 1254/1591/1270 1256/1597/1276
f 1252/1592/1271 1256/1597/1276 1255/1596/1275
f 1252/1592/1271 1253/1593/1272 1250/1590/1269
f 1254/1591/1270 1257/1599/1278 1256/1597/1276
f 1254/1591/1270 1312/1600/1279 1257/1599/1278
f 1254/1591/1270 1249/1589/1268 1312/1600/1279
f 1214/1534/1227 1309/1588/1267 1258/1601/1280
f 1214/1534/1227 1258/1601/1280 1215/1535/1228
f 1260/1598/1277 1259/1602/1281 1255/1596/1275
f 1256/1597/1276 1257/1599/1278 1260/1598/1277
f 1260/1598/1277 1257/1599/1278 1261/1603/1282
f 1260/1598/1277 1261/1603/1282 1259/1602/1281
f 1215/1535/1228 1258/1601/1280 1216/1536/1191
f 1215/1535/1228 1216/1536/1191 1140/1432/1151
f 1176/1433/1152 1371/1604/1283 1324/1489/1192
f 1262/1605/1284 1219/1606/1230 1218/1537/1229
f 1217/1607/1285 1262/1605/1284 1327/1608/1286
f 1217/1607/1285 1219/1606/1230 1262/1605/1284
f 1324/1489/1192 1263/1540/1232 1221/1442/1158
f 1218/1537/1229 1330/1609/1287 1262/1605/1284
f 1218/1537/1229 1226/1543/1235 1330/1609/1287
f 1263/1540/1232 1326/1610/1288 1264/1611/1289
f 1264/1611/1289 1222/1443/1159 1263/1540/1232
f 1264/1611/1289 1224/1541/1233 1222/1443/1159
f 1264/1611/1289 1265/1612/1290 1266/1613/1291
f 1266/1613/1291 1224/1541/1233 1264/1611/1289
f 1266/1613/1291 1265/1612/1290 1267/1614/1292
f 1178/1491/1194 1226/1543/1235 1218/1537/1229
f 1224/1541/1233 1266/1613/1291 1268/1615/1293
f 1224/1541/1233 1268/1615/1293 1227/1544/1236
f 1227/1544/1236 1268/1615/1293 1332/1616/1294
f 1227/1544/1236 1332/1616/1294 1269/1547/1239
f 1270/1546/1238 1335/1617/1295 1228/1545/1237
f 1270/1546/1238 1273/1618/1296 1335/1617/1295
f 1228/1545/1237 1225/1542/1234 1180/1493/1196
f 1228/1545/1237 1335/1617/1295 1225/1542/1234
f 1269/1547/1239 1271/1619/1297 1272/1620/1298
f 1230/1551/1240 1273/1618/1296 1231/1552/1242
f 1231/1552/1242 1273/1618/1296 1270/1546/1238
f 1269/1547/1239 1272/1620/1298 1186/1497/1200
f 1186/1497/1200 1272/1620/1298 1274/1506/1208
f 1275/1554/1244 1230/1549/1240 1232/1550/1241
f 1274/1506/1208 1272/1620/1298 1339/1621/1299
f 1274/1506/1208 1339/1621/1299 1342/1622/1300
f 1274/1506/1208 1342/1622/1300 1234/1507/1209
f 1342/1622/1300 1345/1623/1301 1234/1507/1209
f 1234/1507/1209 1345/1623/1301 1235/1555/1245
f 1235/1624/1245 1276/1625/1302 1277/1626/1303
f 1235/1624/1245 1277/1626/1303 1233/1627/1243
f 1233/1627/1243 1277/1626/1303 1275/1628/1244
f 1345/1623/1301 1342/1622/1300 1343/1629/1304
f 1235/1555/1245 1345/1623/1301 1346/1630/1305
f 1235/1555/1245 1346/1630/1305 1276/1631/1302
f 1199/1556/1211 1237/1558/1246 1278/1632/1306
f 1237/1558/1246 1279/1633/1307 1278/1632/1306
f 1236/1559/1247 1385/1634/1308 1280/1635/1309
f 1236/1559/1247 1280/1635/1309 1237/1558/1246
f 1200/1516/1173 1385/1634/1308 1236/1559/1247
f 1200/1516/1173 1281/1636/1310 1385/1634/1308
f 1200/1516/1173 1282/1637/1311 1281/1636/1310
f 1201/1515/1213 1282/1637/1311 1200/1516/1173
f 1238/1517/1214 1282/1637/1311 1201/1515/1213
f 1159/1351/1081 1493/1638/1312 1285/1520/1216
f 1238/1517/1214 1283/1639/1248 1282/1637/1311
f 1283/1640/1248 1205/1641/1176 1284/1642/1313
f 1283/1639/1248 1284/1643/1313 1282/1637/1311
f 1205/1641/1176 1239/1644/1251 1287/1645/1314
f 1293/1646/1250 1288/1647/1315 1239/1648/1251
f 1290/1649/1253 1291/1650/1316 1292/1651/1256
f 1293/1646/1250 1294/1652/1254 1288/1647/1315
f 1292/1575/1256 1291/1653/1316 1296/1578/1259
f 1294/1581/1254 1299/1580/1260 1295/1654/1317
f 1294/1652/1254 1295/1655/1317 1288/1647/1315
f 1296/1656/1259 1291/1650/1316 1297/1657/1318
f 1296/1578/1259 1297/1658/1318 1242/1577/1258
f 1299/1580/1260 1298/1659/1319 1295/1654/1317
f 1242/1577/1258 1300/1660/1320 1166/1473/1181
f 1242/1577/1258 1301/1661/1321 1300/1660/1320
f 1242/1577/1258 1297/1658/1318 1355/1662/1322
f 1242/1577/1258 1355/1662/1322 1301/1661/1321
f 1299/1580/1260 1241/1579/1257 1302/1663/1323
f 1303/1664/1261 1307/1665/1324 1241/1579/1257
f 1301/1661/1321 1304/1666/1325 1300/1660/1320
f 1245/1667/1262 1305/1668/1326 1306/1669/1327
f 1166/1473/1181 1300/1660/1320 1245/1583/1262
f 1303/1582/1261 1251/1595/1274 1310/1594/1273
f 1303/1664/1261 1308/1670/1328 1307/1665/1324
f 1247/1586/1265 1251/1595/1274 1303/1582/1261
f 1253/1671/1272 1308/1670/1328 1310/1672/1273
f 1253/1671/1272 1311/1673/1329 1308/1670/1328
f 1310/1672/1273 1308/1670/1328 1303/1664/1261
f 1309/1588/1267 1366/1674/1330 1258/1601/1280
f 1255/1675/1275 1311/1673/1329 1253/1671/1272
f 1255/1675/1275 1313/1676/1331 1311/1673/1329
f 1257/1599/1278 1314/1677/1332 1261/1603/1282
f 1312/1600/1279 1314/1677/1332 1257/1599/1278
f 1259/1678/1281 1316/1679/1333 1315/1680/1334
f 1259/1678/1281 1313/1676/1331 1255/1675/1275
f 1259/1678/1281 1315/1680/1334 1313/1676/1331
f 1261/1603/1282 1316/1681/1333 1259/1602/1281
f 1261/1603/1282 1317/1682/1335 1316/1681/1333
f 1314/1677/1332 1317/1682/1335 1261/1603/1282
f 1314/1683/1332 1318/1684/1336 1317/1685/1335
f 1258/1601/1280 1366/1674/1330 1319/1686/1337
f 1258/1601/1280 1319/1686/1337 1216/1536/1191
f 1316/1679/1333 1321/1687/1338 1315/1680/1334
f 1317/1685/1335 1320/1688/1339 1316/1689/1333
f 1317/1685/1335 1318/1684/1336 1320/1688/1339
f 1320/1690/1339 1321/1691/1338 1316/1689/1333
f 1320/1690/1339 1322/1692/1340 1321/1691/1338
f 1320/1688/1339 1318/1684/1336 1322/1692/1340
f 1216/1536/1191 1319/1686/1337 1323/1693/1341
f 1216/1488/1191 1371/1604/1283 1176/1433/1152
f 1216/1488/1191 1323/1694/1341 1371/1604/1283
f 1324/1489/1192 1325/1695/1342 1263/1540/1232
f 1263/1540/1232 1325/1695/1342 1326/1610/1288
f 1262/1696/1284 1330/1697/1287 1378/1698/1343
f 1262/1699/1284 1378/1700/1343 1327/1701/1286
f 1326/1610/1288 1328/1702/1344 1265/1612/1290
f 1326/1610/1288 1265/1612/1290 1264/1611/1289
f 1265/1612/1290 1328/1702/1344 1267/1614/1292
f 1267/1614/1292 1268/1615/1293 1266/1613/1291
f 1267/1614/1292 1328/1702/1344 1329/1703/1345
f 1267/1614/1292 1329/1703/1345 1268/1615/1293
f 1226/1704/1235 1331/1705/1346 1330/1697/1287
f 1332/1706/1294 1413/1707/1347 1333/1708/1348
f 1332/1706/1294 1333/1708/1348 1271/1709/1297
f 1268/1615/1293 1329/1703/1345 1332/1616/1294
f 1225/1710/1234 1331/1705/1346 1226/1704/1235
f 1225/1710/1234 1336/1711/1349 1334/1712/1350
f 1225/1710/1234 1334/1712/1350 1331/1705/1346
f 1332/1616/1294 1271/1619/1297 1269/1547/1239
f 1335/1713/1295 1336/1711/1349 1225/1710/1234
f 1271/1709/1297 1333/1708/1348 1414/1714/1351
f 1273/1715/1296 1336/1711/1349 1335/1713/1295
f 1273/1715/1296 1337/1716/1352 1336/1711/1349
f 1272/1620/1298 1271/1619/1297 1339/1621/1299
f 1230/1717/1240 1275/1628/1244 1337/1716/1352
f 1230/1717/1240 1337/1716/1352 1273/1715/1296
f 1275/1628/1244 1340/1718/1353 1341/1719/1354
f 1275/1628/1244 1341/1719/1354 1337/1716/1352
f 1342/1720/1300 1339/1721/1299 1343/1722/1304
f 1343/1722/1304 1344/1723/1355 1345/1724/1301
f 1345/1724/1301 1344/1723/1355 1382/1725/1356
f 1345/1724/1301 1418/1726/1357 1346/1727/1305
f 1345/1724/1301 1382/1725/1356 1418/1726/1357
f 1276/1625/1302 1347/1728/1358 1277/1626/1303
f 1346/1727/1305 1347/1729/1358 1276/1730/1302
f 1199/1512/1211 1278/1731/1306 1383/1732/1359
f 1199/1512/1211 1348/1733/1360 1422/1734/1361
f 1199/1512/1211 1383/1732/1359 1348/1733/1360
f 1199/1512/1211 1422/1734/1361 1198/1513/1212
f 1237/1558/1246 1280/1635/1309 1279/1633/1307
f 1385/1634/1308 1349/1735/1362 1280/1635/1309
f 1282/1637/1311 1284/1643/1313 1281/1636/1310
f 1289/1568/1252 1351/1736/1363 1352/1737/1364
f 1289/1568/1252 1352/1737/1364 1290/1649/1253
f 1288/1647/1315 1387/1738/1365 1239/1648/1251
f 1288/1647/1315 1353/1739/1366 1387/1738/1365
f 1288/1647/1315 1388/1740/1367 1353/1739/1366
f 1291/1650/1316 1352/1737/1364 1297/1657/1318
f 1295/1655/1317 1388/1740/1367 1288/1647/1315
f 1295/1654/1317 1354/1741/1368 1388/1742/1367
f 1297/1657/1318 1352/1737/1364 1389/1743/1369
f 1297/1657/1318 1389/1743/1369 1355/1744/1322
f 1298/1659/1319 1354/1741/1368 1295/1654/1317
f 1298/1659/1319 1356/1745/1370 1354/1741/1368
f 1298/1659/1319 1299/1580/1260 1356/1745/1370
f 1355/1662/1322 1357/1746/1371 1301/1661/1321
f 1355/1744/1322 1389/1743/1369 1357/1747/1371
f 1357/1748/1371 1304/1749/1325 1301/1750/1321
f 1357/1747/1371 1389/1743/1369 1358/1751/1372
f 1357/1748/1371 1358/1752/1372 1304/1749/1325
f 1302/1663/1323 1356/1745/1370 1299/1580/1260
f 1241/1579/1257 1359/1753/1373 1302/1663/1323
f 1245/1583/1262 1306/1754/1327 1309/1588/1267
f 1300/1755/1320 1360/1756/1374 1305/1668/1326
f 1300/1755/1320 1305/1668/1326 1245/1667/1262
f 1304/1749/1325 1360/1756/1374 1300/1755/1320
f 1304/1749/1325 1358/1752/1372 1361/1757/1375
f 1307/1665/1324 1359/1753/1373 1241/1579/1257
f 1360/1756/1374 1362/1758/1376 1305/1668/1326
f 1309/1759/1267 1306/1669/1327 1363/1760/1377
f 1308/1670/1328 1311/1673/1329 1364/1761/1378
f 1308/1670/1328 1364/1761/1378 1307/1665/1324
f 1363/1762/1377 1366/1674/1330 1309/1588/1267
f 1311/1673/1329 1402/1763/1379 1364/1761/1378
f 1318/1684/1336 1368/1764/1380 1369/1765/1381
f 1318/1684/1336 1369/1765/1381 1322/1692/1340
f 1318/1684/1336 1365/1766/1382 1368/1764/1380
f 1366/1767/1330 1363/1760/1377 1319/1768/1337
f 1315/1680/1334 1367/1769/1383 1313/1676/1331
f 1321/1687/1338 1367/1769/1383 1315/1680/1334
f 1321/1687/1338 1369/1770/1381 1367/1769/1383
f 1322/1692/1340 1369/1765/1381 1321/1691/1338
f 1323/1771/1341 1319/1768/1337 1363/1760/1377
f 1323/1771/1341 1370/1772/1384 1371/1773/1283
f 1371/1774/1283 1370/1772/1384 1325/1775/1342
f 1371/1604/1283 1325/1695/1342 1324/1489/1192
f 1325/1695/1342 1372/1776/1385 1326/1610/1288
f 1372/1777/1385 1328/1702/1344 1326/1610/1288
f 1372/1778/1385 1373/1779/1386 1328/1780/1344
f 1372/1778/1385 1374/1781/1387 1375/1782/1388
f 1375/1782/1388 1373/1779/1386 1372/1778/1385
f 1375/1782/1388 1374/1781/1387 1376/1783/1389
f 1375/1782/1388 1376/1783/1389 1373/1779/1386
f 1373/1779/1386 1329/1784/1345 1328/1780/1344
f 1373/1779/1386 1376/1783/1389 1411/1785/1390
f 1373/1779/1386 1411/1785/1390 1329/1784/1345
f 1327/1701/1286 1378/1700/1343 1377/1786/1391
f 1327/1701/1286 1377/1786/1391 1379/1787/1392
f 1330/1697/1287 1331/1705/1346 1378/1698/1343
f 1329/1784/1345 1411/1785/1390 1413/1707/1347
f 1329/1784/1345 1413/1707/1347 1332/1706/1294
f 1334/1712/1350 1336/1711/1349 1380/1788/1393
f 1334/1712/1350 1380/1788/1393 1381/1789/1394
f 1334/1712/1350 1381/1789/1394 1331/1705/1346
f 1336/1711/1349 1488/1790/1395 1380/1788/1393
f 1337/1716/1352 1488/1790/1395 1336/1711/1349
f 1338/1791/1396 1343/1722/1304 1339/1721/1299
f 1343/1722/1304 1338/1791/1396 1344/1723/1355
f 1275/1628/1244 1277/1626/1303 1340/1718/1353
f 1346/1727/1305 1418/1726/1357 1347/1792/1358
f 1347/1792/1358 1418/1726/1357 1419/1793/1397
f 1347/1728/1358 1419/1794/1397 1277/1626/1303
f 1278/1632/1306 1384/1795/1398 1383/1796/1359
f 1279/1633/1307 1280/1635/1309 1278/1632/1306
f 1280/1635/1309 1384/1795/1398 1278/1632/1306
f 1280/1635/1309 1428/1797/1399 1384/1795/1398
f 1281/1636/1310 1429/1798/1400 1385/1634/1308
f 1493/1799/1312 1386/1800/1401 1285/1801/1216
f 1281/1636/1310 1284/1643/1313 1429/1798/1400
f 1285/1801/1216 1386/1800/1401 1286/1802/1180
f 1205/1641/1176 1287/1645/1314 1284/1642/1313
f 1290/1649/1253 1352/1737/1364 1291/1650/1316
f 1352/1737/1364 1599/1803/1402 1389/1743/1369
f 1388/1742/1367 1354/1741/1368 1390/1804/1403
f 1390/1805/1403 1391/1806/1404 1388/1740/1367
f 1390/1805/1403 1392/1807/1405 1391/1806/1404
f 1390/1804/1403 1393/1808/1406 1392/1809/1405
f 1354/1741/1368 1356/1745/1370 1393/1808/1406
f 1354/1741/1368 1393/1808/1406 1390/1804/1403
f 1389/1743/1369 1394/1810/1407 1358/1751/1372
f 1393/1808/1406 1356/1745/1370 1395/1811/1408
f 1358/1752/1372 1396/1812/1409 1361/1757/1375
f 1358/1751/1372 1394/1810/1407 1396/1813/1409
f 1361/1757/1375 1360/1756/1374 1304/1749/1325
f 1361/1757/1375 1397/1814/1410 1360/1756/1374
f 1396/1812/1409 1397/1814/1410 1361/1757/1375
f 1396/1812/1409 1433/1815/1411 1398/1816/1412
f 1396/1812/1409 1398/1816/1412 1397/1814/1410
f 1359/1753/1373 1400/1817/1413 1302/1663/1323
f 1305/1668/1326 1399/1818/1414 1306/1669/1327
f 1305/1668/1326 1443/1819/1415 1399/1818/1414
f 1360/1756/1374 1397/1814/1410 1362/1758/1376
f 1307/1665/1324 1400/1817/1413 1359/1753/1373
f 1397/1814/1410 1401/1820/1416 1508/1821/1417
f 1397/1814/1410 1508/1821/1417 1362/1758/1376
f 1397/1814/1410 1398/1816/1412 1401/1820/1416
f 1364/1761/1378 1400/1817/1413 1307/1665/1324
f 1362/1758/1376 1508/1821/1417 1443/1819/1415
f 1362/1758/1376 1443/1819/1415 1305/1668/1326
f 1306/1669/1327 1399/1818/1414 1363/1760/1377
f 1365/1766/1382 1403/1822/1418 1368/1764/1380
f 1313/1676/1331 1402/1763/1379 1311/1673/1329
f 1313/1676/1331 1404/1823/1419 1402/1763/1379
f 1368/1764/1380 1403/1822/1418 1369/1765/1381
f 1367/1769/1383 1404/1823/1419 1313/1676/1331
f 1367/1769/1383 1405/1824/1420 1404/1823/1419
f 1369/1765/1381 1403/1822/1418 1465/1825/1421
f 1363/1760/1377 1370/1772/1384 1323/1771/1341
f 1369/1770/1381 1405/1824/1420 1367/1769/1383
f 1369/1826/1381 1465/1825/1421 1405/1827/1420
f 1370/1772/1384 1372/1778/1385 1325/1775/1342
f 1370/1772/1384 1374/1781/1387 1372/1778/1385
f 1406/1828/1422 1374/1781/1387 1370/1772/1384
f 1406/1828/1422 1408/1829/1423 1374/1781/1387
f 1407/1830/1424 1408/1829/1423 1406/1828/1422
f 1407/1830/1424 1406/1828/1422 1468/1831/1425
f 1408/1829/1423 1376/1783/1389 1374/1781/1387
f 1408/1829/1423 1410/1832/1426 1376/1783/1389
f 1408/1829/1423 1407/1830/1424 1410/1832/1426
f 1410/1832/1426 1407/1830/1424 1409/1833/1427
f 1376/1783/1389 1410/1832/1426 1411/1785/1390
f 1377/1786/1391 1378/1700/1343 1412/1834/1428
f 1331/1705/1346 1381/1789/1394 1486/1835/1429
f 1331/1705/1346 1486/1835/1429 1378/1698/1343
f 1333/1708/1348 1413/1707/1347 1485/1836/1430
f 1333/1708/1348 1485/1836/1430 1414/1714/1351
f 1414/1714/1351 1415/1837/1431 1416/1838/1432
f 1416/1838/1432 1417/1839/1433 1338/1791/1396
f 1416/1838/1432 1415/1837/1431 1539/1840/1434
f 1416/1838/1432 1539/1840/1434 1540/1841/1435
f 1416/1838/1432 1540/1841/1435 1417/1839/1433
f 1338/1791/1396 1417/1839/1433 1344/1723/1355
f 1418/1726/1357 1490/1842/1436 1419/1793/1397
f 1277/1626/1303 1419/1794/1397 1420/1843/1437
f 1419/1793/1397 1490/1842/1436 1421/1844/1438
f 1348/1733/1360 1423/1845/1439 1422/1734/1361
f 1348/1733/1360 1424/1846/1440 1423/1845/1439
f 1383/1732/1359 1424/1846/1440 1348/1733/1360
f 1383/1732/1359 1425/1847/1441 1424/1846/1440
f 1198/1513/1212 1422/1734/1361 1426/1848/1442
f 1198/1513/1212 1543/1849/1443 1159/1465/1081
f 1384/1795/1398 1547/1850/1444 1427/1851/1445
f 1349/1735/1362 1428/1797/1399 1280/1635/1309
f 1385/1634/1308 1429/1798/1400 1428/1797/1399
f 1385/1634/1308 1428/1797/1399 1349/1735/1362
f 1284/1642/1313 1287/1645/1314 1429/1852/1400
f 1429/1798/1400 1430/1853/1446 1428/1797/1399
f 1239/1644/1251 1387/1854/1365 1287/1645/1314
f 1353/1739/1366 1577/1855/1447 1387/1738/1365
f 1353/1739/1366 1391/1806/1404 1577/1855/1447
f 1388/1740/1367 1391/1806/1404 1353/1739/1366
f 1389/1743/1369 1495/1856/1448 1394/1810/1407
f 1389/1743/1369 1599/1803/1402 1495/1856/1448
f 1392/1807/1405 1432/1857/1449 1431/1858/1450
f 1392/1809/1405 1393/1808/1406 1432/1859/1449
f 1392/1807/1405 1431/1858/1450 1391/1806/1404
f 1394/1810/1407 1433/1860/1411 1396/1813/1409
f 1394/1810/1407 1495/1856/1448 1437/1861/1451
f 1432/1857/1449 1496/1862/1452 1431/1858/1450
f 1432/1857/1449 1434/1863/1453 1496/1862/1452
f 1432/1859/1449 1435/1864/1454 1434/1865/1453
f 1432/1859/1449 1436/1866/1455 1435/1864/1454
f 1393/1808/1406 1436/1866/1455 1432/1859/1449
f 1437/1861/1451 1433/1860/1411 1394/1810/1407
f 1395/1811/1408 1436/1866/1455 1393/1808/1406
f 1395/1811/1408 1438/1867/1456 1436/1866/1455
f 1356/1745/1370 1438/1867/1456 1395/1811/1408
f 1433/1815/1411 1439/1868/1457 1398/1816/1412
f 1433/1860/1411 1437/1861/1451 1497/1869/1458
f 1433/1860/1411 1497/1869/1458 1440/1870/1459
f 1440/1871/1459 1439/1868/1457 1433/1815/1411
f 1302/1663/1323 1438/1867/1456 1356/1745/1370
f 1302/1663/1323 1441/1872/1460 1438/1867/1456
f 1398/1816/1412 1439/1868/1457 1401/1820/1416
f 1439/1868/1457 1440/1871/1459 1504/1873/1461
f 1400/1817/1413 1441/1872/1460 1302/1663/1323
f 1400/1817/1413 1442/1874/1462 1441/1872/1460
f 1400/1817/1413 1364/1761/1378 1442/1874/1462
f 1401/1820/1416 1512/1875/1463 1508/1821/1417
f 1508/1821/1417 1444/1876/1464 1443/1819/1415
f 1364/1761/1378 1402/1763/1379 1442/1874/1462
f 1399/1818/1414 1456/1877/1465 1363/1760/1377
f 1443/1819/1415 1445/1878/1466 1399/1818/1414
f 1446/1879/1467 1447/1880/1468 1448/1881/1469
f 1446/1879/1467 1449/1882/1470 1447/1880/1468
f 1446/1879/1467 1450/1883/1471 1451/1884/1472
f 1446/1879/1467 1514/1885/1473 1450/1883/1471
f 1451/1884/1472 1449/1882/1470 1446/1879/1467
f 1452/1886/1474 1449/1882/1470 1453/1887/1475
f 1452/1886/1474 1454/1888/1476 1449/1882/1470
f 1452/1886/1474 1402/1763/1379 1454/1888/1476
f 1452/1886/1474 1453/1887/1475 1402/1763/1379
f 1402/1763/1379 1453/1887/1475 1442/1874/1462
f 1445/1889/1466 1456/1877/1465 1399/1818/1414
f 1445/1889/1466 1457/1890/1477 1456/1877/1465
f 1445/1889/1466 1444/1876/1464 1457/1890/1477
f 1443/1819/1415 1444/1876/1464 1445/1878/1466
f 1448/1881/1469 1458/1891/1478 1461/1892/1479
f 1448/1881/1469 1459/1893/1480 1514/1885/1473
f 1448/1881/1469 1514/1885/1473 1446/1879/1467
f 1448/1881/1469 1461/1892/1479 1459/1893/1480
f 1447/1880/1468 1458/1891/1478 1448/1881/1469
f 1449/1882/1470 1454/1888/1476 1447/1880/1468
f 1449/1882/1470 1451/1884/1472 1453/1887/1475
f 1454/1888/1476 1460/1894/1481 1447/1880/1468
f 1402/1763/1379 1404/1823/1419 1454/1888/1476
f 1403/1822/1418 1455/1895/1482 1465/1825/1421
f 1461/1892/1479 1458/1891/1478 1477/1896/1483
f 1447/1880/1468 1462/1897/1484 1458/1891/1478
f 1447/1880/1468 1460/1894/1481 1462/1897/1484
f 1404/1823/1419 1460/1894/1481 1454/1888/1476
f 1404/1823/1419 1463/1898/1485 1460/1894/1481
f 1405/1824/1420 1463/1898/1485 1404/1823/1419
f 1405/1827/1420 1464/1899/1486 1463/1900/1485
f 1405/1827/1420 1465/1825/1421 1464/1899/1486
f 1363/1760/1377 1406/1828/1422 1370/1772/1384
f 1456/1877/1465 1406/1828/1422 1363/1760/1377
f 1456/1877/1465 1457/1890/1477 1406/1828/1422
f 1458/1891/1478 1466/1901/1487 1477/1896/1483
f 1462/1897/1484 1466/1901/1487 1458/1891/1478
f 1462/1897/1484 1467/1902/1488 1466/1901/1487
f 1462/1897/1484 1518/1903/1489 1467/1902/1488
f 1457/1890/1477 1468/1831/1425 1406/1828/1422
f 1457/1890/1477 1469/1904/1490 1468/1831/1425
f 1471/1905/1491 1464/1899/1486 1470/1906/1492
f 1471/1905/1491 1472/1907/1493 1464/1899/1486
f 1468/1831/1425 1473/1908/1494 1407/1830/1424
f 1469/1904/1490 1474/1909/1495 1468/1831/1425
f 1466/1901/1487 1475/1910/1496 1477/1896/1483
f 1466/1901/1487 1467/1902/1488 1475/1910/1496
f 1474/1909/1495 1473/1908/1494 1468/1831/1425
f 1474/1909/1495 1476/1911/1497 1473/1908/1494
f 1477/1896/1483 1475/1910/1496 1478/1912/1498
f 1473/1908/1494 1409/1833/1427 1407/1830/1424
f 1409/1833/1427 1531/1913/1499 1410/1832/1426
f 1473/1908/1494 1476/1911/1497 1531/1913/1499
f 1473/1908/1494 1531/1913/1499 1409/1833/1427
f 1410/1832/1426 1535/1914/1500 1411/1785/1390
f 1410/1832/1426 1531/1913/1499 1534/1915/1501
f 1410/1832/1426 1534/1915/1501 1535/1914/1500
f 1482/1916/1502 1412/1834/1428 1378/1700/1343
f 1482/1916/1502 1483/1917/1503 1479/1918/1504
f 1482/1919/1502 1537/1920/1505 1483/1921/1503
f 1479/1918/1504 1412/1834/1428 1482/1916/1502
f 1479/1918/1504 1483/1917/1503 1480/1922/1506
f 1411/1785/1390 1535/1914/1500 1413/1707/1347
f 1535/1914/1500 1484/1923/1507 1413/1707/1347
f 1378/1698/1343 1537/1920/1505 1482/1919/1502
f 1378/1698/1343 1486/1835/1429 1537/1920/1505
f 1413/1707/1347 1484/1923/1507 1485/1836/1430
f 1485/1836/1430 1415/1837/1431 1414/1714/1351
f 1381/1789/1394 1380/1788/1393 1486/1835/1429
f 1380/1788/1393 1488/1790/1395 1487/1924/1508
f 1380/1788/1393 1487/1924/1508 1486/1835/1429
f 1417/1839/1433 1382/1725/1356 1344/1723/1355
f 1417/1839/1433 1608/1925/1509 1382/1725/1356
f 1337/1716/1352 1341/1719/1354 1488/1790/1395
f 1382/1725/1356 1489/1926/1510 1418/1726/1357
f 1418/1726/1357 1489/1926/1510 1490/1842/1436
f 1421/1844/1438 1490/1842/1436 1491/1927/1511
f 1419/1794/1397 1421/1928/1438 1420/1843/1437
f 1420/1843/1437 1611/1929/1512 1277/1626/1303
f 1420/1843/1437 1592/1930/1513 1611/1929/1512
f 1422/1734/1361 1423/1845/1439 1426/1848/1442
f 1384/1795/1398 1425/1931/1441 1383/1796/1359
f 1384/1795/1398 1427/1851/1445 1425/1931/1441
f 1428/1797/1399 1547/1850/1444 1384/1795/1398
f 1428/1797/1399 1430/1853/1446 1547/1850/1444
f 1386/1800/1401 1350/1932/1249 1286/1802/1180
f 1289/1568/1252 1350/1562/1249 1386/1933/1401
f 1386/1933/1401 1670/1934/1514 1289/1568/1252
f 1495/1856/1448 1494/1935/1515 1437/1861/1451
f 1391/1806/1404 1496/1862/1452 1577/1855/1447
f 1431/1858/1450 1496/1862/1452 1391/1806/1404
f 1437/1861/1451 1494/1935/1515 1549/1936/1516
f 1437/1861/1451 1549/1936/1516 1497/1869/1458
f 1498/1937/1517 1500/1938/1518 1501/1939/1519
f 1498/1937/1517 1499/1940/1520 1434/1863/1453
f 1434/1863/1453 1500/1938/1518 1498/1937/1517
f 1434/1865/1453 1435/1864/1454 1500/1941/1518
f 1434/1863/1453 1499/1940/1520 1496/1862/1452
f 1497/1869/1458 1549/1936/1516 1498/1937/1517
f 1497/1869/1458 1498/1937/1517 1501/1939/1519
f 1501/1939/1519 1440/1870/1459 1497/1869/1458
f 1501/1942/1519 1502/1943/1521 1440/1871/1459
f 1500/1941/1518 1502/1943/1521 1501/1942/1519
f 1500/1941/1518 1503/1944/1522 1502/1943/1521
f 1435/1864/1454 1503/1944/1522 1500/1941/1518
f 1436/1866/1455 1503/1944/1522 1435/1864/1454
f 1436/1866/1455 1438/1867/1456 1503/1944/1522
f 1438/1867/1456 1506/1945/1523 1503/1944/1522
f 1502/1943/1521 1503/1944/1522 1505/1946/1524
f 1502/1943/1521 1504/1873/1461 1440/1871/1459
f 1502/1943/1521 1505/1946/1524 1504/1873/1461
f 1503/1944/1522 1506/1945/1523 1505/1946/1524
f 1504/1873/1461 1505/1946/1524 1507/1947/1525
f 1504/1873/1461 1507/1947/1525 1439/1868/1457
f 1441/1872/1460 1442/1874/1462 1506/1945/1523
f 1441/1872/1460 1506/1945/1523 1438/1867/1456
f 1512/1875/1463 1509/1948/1526 1508/1821/1417
f 1401/1820/1416 1507/1947/1525 1512/1875/1463
f 1439/1868/1457 1507/1947/1525 1401/1820/1416
f 1510/1949/1527 1506/1945/1523 1442/1874/1462
f 1510/1949/1527 1511/1950/1528 1506/1945/1523
f 1442/1874/1462 1453/1887/1475 1510/1949/1527
f 1516/1951/1529 1453/1887/1475 1451/1884/1472
f 1516/1951/1529 1511/1950/1528 1510/1949/1527
f 1510/1949/1527 1453/1887/1475 1516/1951/1529
f 1508/1821/1417 1459/1893/1480 1444/1876/1464
f 1509/1948/1526 1459/1893/1480 1508/1821/1417
f 1509/1948/1526 1512/1875/1463 1513/1952/1530
f 1509/1948/1526 1513/1952/1530 1514/1885/1473
f 1514/1885/1473 1459/1893/1480 1509/1948/1526
f 1514/1885/1473 1513/1952/1530 1450/1883/1471
f 1450/1883/1471 1513/1952/1530 1515/1953/1531
f 1450/1883/1471 1516/1951/1529 1451/1884/1472
f 1450/1883/1471 1515/1953/1531 1516/1951/1529
f 1444/1876/1464 1461/1892/1479 1457/1890/1477
f 1459/1893/1480 1461/1892/1479 1444/1876/1464
f 1460/1894/1481 1518/1903/1489 1462/1897/1484
f 1460/1894/1481 1463/1898/1485 1518/1903/1489
f 1455/1895/1482 1517/1954/1532 1465/1825/1421
f 1461/1892/1479 1477/1896/1483 1457/1890/1477
f 1518/1903/1489 1519/1955/1533 1467/1902/1488
f 1463/1898/1485 1520/1956/1534 1522/1957/1535
f 1463/1898/1485 1519/1955/1533 1518/1903/1489
f 1464/1899/1486 1520/1958/1534 1463/1900/1485
f 1465/1825/1421 1470/1906/1492 1464/1899/1486
f 1517/1954/1532 1470/1906/1492 1465/1825/1421
f 1477/1896/1483 1469/1904/1490 1457/1890/1477
f 1477/1896/1483 1478/1912/1498 1469/1904/1490
f 1467/1902/1488 1521/1959/1536 1475/1910/1496
f 1467/1902/1488 1553/1960/1537 1521/1959/1536
f 1467/1902/1488 1519/1955/1533 1553/1960/1537
f 1522/1957/1535 1520/1956/1534 1528/1961/1538
f 1522/1957/1535 1519/1955/1533 1463/1898/1485
f 1522/1957/1535 1523/1962/1539 1519/1955/1533
f 1520/1956/1534 1472/1963/1493 1528/1961/1538
f 1464/1899/1486 1472/1907/1493 1520/1958/1534
f 1469/1904/1490 1478/1912/1498 1474/1909/1495
f 1475/1910/1496 1521/1959/1536 1524/1964/1540
f 1528/1961/1538 1525/1965/1541 1522/1957/1535
f 1472/1907/1493 1526/1966/1542 1527/1967/1543
f 1471/1905/1491 1526/1966/1542 1472/1907/1493
f 1474/1909/1495 1529/1968/1544 1476/1911/1497
f 1478/1912/1498 1529/1968/1544 1474/1909/1495
f 1475/1910/1496 1524/1964/1540 1529/1968/1544
f 1475/1910/1496 1529/1968/1544 1478/1912/1498
f 1524/1964/1540 1580/1969/1545 1530/1970/1546
f 1527/1967/1543 1526/1966/1542 1533/1971/1547
f 1527/1972/1543 1528/1961/1538 1472/1963/1493
f 1527/1972/1543 1533/1973/1547 1528/1961/1538
f 1476/1911/1497 1529/1968/1544 1531/1913/1499
f 1529/1968/1544 1532/1974/1548 1531/1913/1499
f 1529/1968/1544 1530/1970/1546 1532/1974/1548
f 1481/1975/1549 1533/1971/1547 1526/1966/1542
f 1481/1975/1549 1536/1976/1550 1533/1971/1547
f 1483/1921/1503 1536/1977/1550 1480/1978/1506
f 1483/1921/1503 1537/1920/1505 1536/1977/1550
f 1480/1922/1506 1536/1976/1550 1481/1975/1549
f 1484/1923/1507 1564/1979/1551 1485/1836/1430
f 1415/1837/1431 1485/1836/1430 1538/1980/1552
f 1538/1980/1552 1539/1840/1434 1415/1837/1431
f 1538/1980/1552 1566/1981/1553 1539/1840/1434
f 1539/1840/1434 1567/1982/1554 1540/1841/1435
f 1540/1841/1435 1633/1983/1555 1417/1839/1433
f 1382/1725/1356 1608/1925/1509 1489/1926/1510
f 1340/1718/1353 1277/1626/1303 1611/1929/1512
f 1490/1842/1436 1489/1926/1510 1491/1927/1511
f 1421/1844/1438 1492/1984/1556 1420/1985/1437
f 1426/1848/1442 1423/1845/1439 1568/1986/1557
f 1426/1848/1442 1541/1987/1558 1198/1513/1212
f 1423/1845/1439 1424/1846/1440 1542/1988/1559
f 1424/1846/1440 1544/1989/1560 1542/1988/1559
f 1425/1847/1441 1544/1989/1560 1424/1846/1440
f 1425/1931/1441 1545/1990/1561 1546/1991/1562
f 1425/1847/1441 1546/1992/1562 1544/1989/1560
f 1425/1931/1441 1427/1851/1445 1545/1990/1561
f 1159/1465/1081 1543/1849/1443 1493/1799/1312
f 1430/1853/1446 1548/1993/1563 1547/1850/1444
f 1430/1994/1446 1598/1995/1564 1548/1996/1563
f 1429/1852/1400 1598/1995/1564 1430/1994/1446
f 1352/1737/1364 1618/1997/1565 1599/1803/1402
f 1495/1856/1448 1600/1998/1566 1494/1935/1515
f 1496/1862/1452 1499/1940/1520 1601/1999/1567
f 1496/1862/1452 1601/1999/1567 1577/1855/1447
f 1494/1935/1515 1600/1998/1566 1549/1936/1516
f 1550/2000/1568 1498/1937/1517 1549/1936/1516
f 1550/2000/1568 1578/2001/1569 1499/1940/1520
f 1499/1940/1520 1498/1937/1517 1550/2000/1568
f 1505/1946/1524 1552/2002/1570 1507/1947/1525
f 1507/1947/1525 1552/2003/1570 1551/2004/1571
f 1506/1945/1523 1511/1950/1528 1505/1946/1524
f 1507/1947/1525 1551/2004/1571 1512/1875/1463
f 1551/2004/1571 1513/1952/1530 1512/1875/1463
f 1551/2004/1571 1515/1953/1531 1513/1952/1530
f 1515/1953/1531 1551/2004/1571 1552/2005/1570
f 1515/1953/1531 1552/2005/1570 1516/1951/1529
f 1516/1951/1529 1552/2005/1570 1511/1950/1528
f 1521/1959/1536 1553/1960/1537 1579/2006/1572
f 1521/1959/1536 1580/1969/1545 1524/1964/1540
f 1521/1959/1536 1579/2006/1572 1580/1969/1545
f 1523/1962/1539 1553/1960/1537 1519/1955/1533
f 1523/1962/1539 1554/2007/1573 1553/1960/1537
f 1528/1961/1538 1555/2008/1574 1525/1965/1541
f 1524/1964/1540 1530/1970/1546 1529/1968/1544
f 1533/1973/1547 1536/1977/1550 1555/2008/1574
f 1533/1973/1547 1555/2008/1574 1528/1961/1538
f 1534/1915/1501 1563/2009/1575 1535/1914/1500
f 1531/1913/1499 1556/2010/1576 1534/1915/1501
f 1532/1974/1548 1556/2010/1576 1531/1913/1499
f 1532/1974/1548 1557/2011/1577 1556/2010/1576
f 1530/1970/1546 1557/2011/1577 1532/1974/1548
f 1536/1977/1550 1605/2012/1578 1555/2008/1574
f 1536/1977/1550 1558/2013/1579 1605/2012/1578
f 1556/2010/1576 1563/2009/1575 1534/1915/1501
f 1556/2010/1576 1559/2014/1580 1563/2009/1575
f 1556/2010/1576 1560/2015/1581 1559/2014/1580
f 1556/2010/1576 1557/2011/1577 1560/2015/1581
f 1536/1977/1550 1561/2016/1582 1558/2013/1579
f 1535/1914/1500 1562/2017/1583 1484/1923/1507
f 1535/1914/1500 1586/2018/1584 1562/2017/1583
f 1563/2009/1575 1586/2018/1584 1535/1914/1500
f 1537/1920/1505 1561/2016/1582 1536/1977/1550
f 1537/1920/1505 1486/1835/1429 1561/2016/1582
f 1562/2017/1583 1564/1979/1551 1484/1923/1507
f 1562/2017/1583 1586/2018/1584 1585/2019/1585
f 1562/2017/1583 1585/2019/1585 1564/1979/1551
f 1485/1836/1430 1565/2020/1586 1538/1980/1552
f 1564/1979/1551 1565/2020/1586 1485/1836/1430
f 1565/2020/1586 1566/1981/1553 1538/1980/1552
f 1565/2020/1586 1564/1979/1551 1566/1981/1553
f 1539/1840/1434 1566/1981/1553 1567/1982/1554
f 1567/1982/1554 1588/2021/1587 1540/1841/1435
f 1540/1841/1435 1588/2021/1587 1633/1983/1555
f 1489/1926/1510 1608/1925/1509 1635/2022/1588
f 1491/1927/1511 1492/1984/1556 1421/1844/1438
f 1491/1927/1511 1591/2023/1589 1492/1984/1556
f 1489/1926/1510 1610/2024/1590 1491/1927/1511
f 1491/1927/1511 1610/2024/1590 1591/2023/1589
f 1492/1984/1556 1591/2023/1589 1420/1985/1437
f 1568/2025/1557 1423/1845/1439 1569/2026/1591
f 1568/2025/1557 1570/2027/1592 1541/1987/1558
f 1568/2025/1557 1571/2028/1593 1570/2027/1592
f 1568/2025/1557 1569/2026/1591 1571/2028/1593
f 1568/1986/1557 1541/1987/1558 1426/1848/1442
f 1423/1845/1439 1542/1988/1559 1569/2026/1591
f 1541/1987/1558 1543/1849/1443 1198/1513/1212
f 1544/1989/1560 1594/2029/1594 1542/1988/1559
f 1544/1989/1560 1546/1992/1562 1573/2030/1595
f 1545/1990/1561 1574/2031/1596 1546/1991/1562
f 1545/1990/1561 1548/1993/1563 1574/2031/1596
f 1427/1851/1445 1547/1850/1444 1548/1993/1563
f 1427/1851/1445 1548/1993/1563 1545/1990/1561
f 1548/1996/1563 1598/1995/1564 1575/2032/1597
f 1387/1854/1365 1733/2033/1598 1287/1645/1314
f 1287/1645/1314 1733/2033/1598 1617/2034/1599
f 1289/1568/1252 1670/1934/1514 1351/1736/1363
f 1351/1736/1363 1670/1934/1514 1576/2035/1600
f 1351/1736/1363 1618/1997/1565 1352/1737/1364
f 1351/1736/1363 1576/2035/1600 1618/1997/1565
f 1549/1936/1516 1578/2001/1569 1550/2000/1568
f 1549/1936/1516 1600/1998/1566 1578/2001/1569
f 1499/1940/1520 1578/2001/1569 1601/1999/1567
f 1505/1946/1524 1511/1950/1528 1552/2003/1570
f 1553/1960/1537 1554/2007/1573 1579/2006/1572
f 1522/1957/1535 1525/1965/1541 1554/2007/1573
f 1522/1957/1535 1554/2007/1573 1523/1962/1539
f 1580/1969/1545 1582/2036/1601 1530/1970/1546
f 1580/1969/1545 1581/2037/1602 1582/2036/1601
f 1525/1965/1541 1555/2008/1574 1583/2038/1603
f 1525/1965/1541 1583/2038/1603 1554/2007/1573
f 1530/1970/1546 1582/2036/1601 1557/2011/1577
f 1557/2011/1577 1582/2036/1601 1560/2015/1581
f 1559/2014/1580 1560/2015/1581 1563/2009/1575
f 1560/2015/1581 1582/2036/1601 1584/2039/1604
f 1560/2015/1581 1584/2039/1604 1563/2009/1575
f 1563/2009/1575 1584/2039/1604 1586/2018/1584
f 1585/2019/1585 1587/2040/1605 1564/1979/1551
f 1585/2019/1585 1586/2018/1584 1587/2040/1605
f 1564/1979/1551 1587/2040/1605 1566/1981/1553
f 1587/2040/1605 1607/2041/1606 1566/1981/1553
f 1486/1835/1429 1487/1924/1508 1561/2016/1582
f 1566/1981/1553 1607/2041/1606 1567/1982/1554
f 1567/1982/1554 1607/2041/1606 1588/2021/1587
f 1488/1790/1395 1589/2042/1607 1487/1924/1508
f 1417/1839/1433 1609/2043/1608 1608/1925/1509
f 1417/1839/1433 1633/1983/1555 1609/2043/1608
f 1611/1929/1512 1590/2044/1609 1340/1718/1353
f 1340/1718/1353 1590/2044/1609 1341/1719/1354
f 1591/2023/1589 1592/2045/1513 1420/1985/1437
f 1542/1988/1559 1593/2046/1610 1569/2026/1591
f 1594/2029/1594 1593/2046/1610 1542/1988/1559
f 1594/2029/1594 1616/2047/1611 1593/2046/1610
f 1594/2048/1594 1544/2049/1560 1572/2050/1612
f 1594/2048/1594 1595/2051/1613 1616/2052/1611
f 1572/2050/1612 1544/2049/1560 1573/2053/1595
f 1572/2050/1612 1595/2051/1613 1594/2048/1594
f 1573/2054/1595 1546/1991/1562 1574/2031/1596
f 1574/2031/1596 1548/1993/1563 1575/2055/1597
f 1574/2031/1596 1575/2055/1597 1596/2056/1614
f 1493/1799/1312 1677/2057/1615 1386/1800/1401
f 1598/1995/1564 1597/2058/1616 1575/2032/1597
f 1429/1852/1400 1617/2034/1599 1598/1995/1564
f 1386/1800/1401 1658/2059/1617 1670/2060/1514
f 1287/1645/1314 1617/2034/1599 1429/1852/1400
f 1387/1738/1365 1577/1855/1447 1733/2061/1598
f 1599/1803/1402 1600/1998/1566 1495/1856/1448
f 1579/2006/1572 1602/2062/1618 1580/1969/1545
f 1579/2006/1572 1603/2063/1619 1623/2064/1620
f 1579/2006/1572 1623/2064/1620 1602/2062/1618
f 1554/2007/1573 1603/2063/1619 1579/2006/1572
f 1554/2007/1573 1583/2038/1603 1603/2063/1619
f 1580/1969/1545 1602/2062/1618 1581/2037/1602
f 1555/2008/1574 1604/2065/1621 1583/2038/1603
f 1555/2008/1574 1605/2012/1578 1604/2065/1621
f 1582/2036/1601 1581/2037/1602 1584/2039/1604
f 1586/2018/1584 1584/2039/1604 1587/2040/1605
f 1584/2039/1604 1606/2066/1622 1587/2040/1605
f 1488/1790/1395 1646/2067/1623 1589/2042/1607
f 1489/1926/1510 1635/2022/1588 1610/2024/1590
f 1341/1719/1354 1636/2068/1624 1488/1790/1395
f 1590/2044/1609 1636/2068/1624 1341/1719/1354
f 1590/2044/1609 1625/2069/1625 1636/2068/1624
f 1591/2023/1589 1612/2070/1626 1592/2045/1513
f 1592/2045/1513 1612/2070/1626 1648/2071/1627
f 1592/2045/1513 1648/2071/1627 1613/2072/1628
f 1592/2045/1513 1613/2072/1628 1611/2073/1512
f 1569/2026/1591 1593/2046/1610 1614/2074/1629
f 1569/2026/1591 1614/2074/1629 1571/2028/1593
f 1593/2046/1610 1615/2075/1630 1614/2074/1629
f 1543/1849/1443 1655/2076/1631 1493/1799/1312
f 1616/2047/1611 1615/2075/1630 1593/2046/1610
f 1616/2047/1611 1597/2058/1616 1615/2075/1630
f 1616/2047/1611 1575/2032/1597 1597/2058/1616
f 1616/2077/1611 1596/2056/1614 1575/2055/1597
f 1595/2078/1613 1596/2056/1614 1616/2077/1611
f 1618/1997/1565 1619/2079/1632 1599/1803/1402
f 1618/1997/1565 1629/2080/1633 1619/2079/1632
f 1599/1803/1402 1620/2081/1634 1600/1998/1566
f 1601/1999/1567 1621/2082/1635 1643/2083/1636
f 1600/1998/1566 1620/2081/1634 1621/2082/1635
f 1600/1998/1566 1621/2082/1635 1578/2001/1569
f 1578/2001/1569 1621/2082/1635 1601/1999/1567
f 1583/2038/1603 1604/2065/1621 1603/2063/1619
f 1558/2013/1579 1624/2084/1637 1605/2012/1578
f 1558/2013/1579 1589/2042/1607 1624/2084/1637
f 1581/2037/1602 1650/2085/1638 1584/2039/1604
f 1581/2037/1602 1602/2062/1618 1644/2086/1639
f 1581/2037/1602 1644/2086/1639 1650/2085/1638
f 1561/2016/1582 1589/2042/1607 1558/2013/1579
f 1606/2066/1622 1607/2041/1606 1587/2040/1605
f 1610/2024/1590 1612/2070/1626 1591/2023/1589
f 1610/2024/1590 1635/2022/1588 1612/2070/1626
f 1612/2070/1626 1635/2022/1588 1647/2087/1640
f 1611/2073/1512 1613/2072/1628 1625/2088/1625
f 1611/2073/1512 1625/2088/1625 1590/2089/1609
f 1541/1987/1558 1626/2090/1641 1638/2091/1642
f 1570/2027/1592 1626/2090/1641 1541/1987/1558
f 1570/2027/1592 1627/2092/1643 1626/2090/1641
f 1541/1987/1558 1638/2091/1642 1543/1849/1443
f 1638/2091/1642 1655/2076/1631 1543/1849/1443
f 1571/2028/1593 1627/2092/1643 1570/2027/1592
f 1571/2028/1593 1614/2074/1629 1627/2092/1643
f 1614/2074/1629 1615/2075/1630 1628/2093/1644
f 1677/2057/1615 1658/2059/1617 1386/1800/1401
f 1576/2035/1600 1629/2080/1633 1618/1997/1565
f 1576/2035/1600 1703/2094/1645 1629/2080/1633
f 1601/1999/1567 1630/2095/1646 1577/1855/1447
f 1623/2064/1620 1622/2096/1647 1602/2062/1618
f 1604/2065/1621 1623/2064/1620 1603/2063/1619
f 1604/2065/1621 1631/2097/1648 1623/2064/1620
f 1605/2012/1578 1624/2084/1637 1604/2065/1621
f 1487/1924/1508 1589/2042/1607 1561/2016/1582
f 1608/1925/1509 1609/2043/1608 1634/2098/1649
f 1608/1925/1509 1634/2098/1649 1635/2022/1588
f 1648/2071/1627 1651/2099/1650 1613/2072/1628
f 1625/2088/1625 1613/2072/1628 1637/2100/1651
f 1627/2092/1643 1639/2101/1652 1626/2090/1641
f 1655/2076/1631 1638/2091/1642 1640/2102/1653
f 1627/2092/1643 1614/2074/1629 1641/2103/1654
f 1627/2092/1643 1641/2103/1654 1639/2101/1652
f 1614/2074/1629 1628/2093/1644 1641/2103/1654
f 1597/2058/1616 1657/2104/1655 1615/2075/1630
f 1615/2075/1630 1657/2104/1655 1628/2093/1644
f 1619/2079/1632 1620/2081/1634 1599/1803/1402
f 1619/2079/1632 1642/2105/1656 1620/2081/1634
f 1643/2083/1636 1630/2095/1646 1601/1999/1567
f 1621/2082/1635 1620/2081/1634 1643/2083/1636
f 1602/2062/1618 1622/2096/1647 1644/2086/1639
f 1589/2042/1607 1672/2106/1657 1624/2084/1637
f 1589/2042/1607 1645/2107/1658 1672/2106/1657
f 1584/2039/1604 1650/2085/1638 1606/2066/1622
f 1635/2022/1588 1634/2098/1649 1647/2087/1640
f 1612/2070/1626 1647/2087/1640 1648/2071/1627
f 1626/2090/1641 1639/2101/1652 1649/2108/1659
f 1626/2090/1641 1649/2108/1659 1638/2091/1642
f 1641/2103/1654 1628/2093/1644 1669/2109/1660
f 1655/2110/1631 1677/2111/1615 1493/2112/1312
f 1677/2111/1615 1656/2113/1661 1658/2114/1617
f 1670/1934/1514 1702/2115/1662 1576/2035/1600
f 1644/2086/1639 1622/2096/1647 1671/2116/1663
f 1644/2086/1639 1671/2116/1663 1650/2085/1638
f 1622/2096/1647 1680/2117/1664 1671/2116/1663
f 1622/2096/1647 1679/2118/1665 1680/2117/1664
f 1623/2064/1620 1679/2118/1665 1622/2096/1647
f 1604/2065/1621 1672/2106/1657 1631/2097/1648
f 1488/1790/1395 1636/2068/1624 1646/2067/1623
f 1648/2071/1627 1647/2087/1640 1651/2099/1650
f 1613/2072/1628 1652/2119/1666 1637/2100/1651
f 1613/2072/1628 1651/2099/1650 1652/2119/1666
f 1638/2091/1642 1649/2108/1659 1653/2120/1667
f 1639/2101/1652 1641/2103/1654 1649/2108/1659
f 1641/2103/1654 1669/2109/1660 1654/2121/1668
f 1641/2103/1654 1654/2121/1668 1649/2108/1659
f 1655/2110/1631 1757/2122/1669 1677/2111/1615
f 1629/2080/1633 1660/2123/1670 1661/2124/1671
f 1629/2080/1633 1661/2124/1671 1659/2125/1672
f 1629/2080/1633 1659/2125/1672 1619/2079/1632
f 1630/2095/1646 1689/2126/1673 1577/1855/1447
f 1630/2095/1646 1662/2127/1674 1690/2128/1675
f 1630/2095/1646 1690/2128/1675 1689/2126/1673
f 1577/1855/1447 1689/2126/1673 1733/2061/1598
f 1620/2081/1634 1663/2129/1676 1643/2083/1636
f 1620/2081/1634 1642/2105/1656 1663/2129/1676
f 1643/2083/1636 1663/2129/1676 1662/2127/1674
f 1643/2083/1636 1662/2127/1674 1630/2095/1646
f 1631/2097/1648 1679/2118/1665 1623/2064/1620
f 1624/2084/1637 1672/2106/1657 1604/2065/1621
f 1588/2021/1587 1607/2041/1606 1606/2066/1622
f 1588/2021/1587 1606/2066/1622 1632/2130/1677
f 1651/2099/1650 1647/2087/1640 1664/2131/1678
f 1651/2099/1650 1664/2131/1678 1652/2119/1666
f 1637/2100/1651 1652/2119/1666 1683/2132/1679
f 1637/2100/1651 1683/2132/1679 1675/2133/1680
f 1637/2100/1651 1665/2134/1681 1625/2088/1625
f 1649/2108/1659 1667/2135/1682 1653/2120/1667
f 1649/2108/1659 1654/2121/1668 1667/2135/1682
f 1638/2091/1642 1653/2120/1667 1640/2102/1653
f 1669/2109/1660 1668/2136/1683 1654/2121/1668
f 1670/2137/1514 1678/2138/1684 1702/2139/1662
f 1703/2094/1645 1660/2123/1670 1629/2080/1633
f 1659/2125/1672 1642/2105/1656 1619/2079/1632
f 1659/2125/1672 1687/2140/1685 1642/2105/1656
f 1659/2125/1672 1661/2124/1671 1687/2140/1685
f 1672/2106/1657 1645/2107/1658 1631/2097/1648
f 1634/2098/1649 1609/2043/1608 1673/2141/1686
f 1647/2087/1640 1634/2098/1649 1664/2131/1678
f 1652/2119/1666 1664/2131/1678 1674/2142/1687
f 1652/2119/1666 1674/2142/1687 1683/2132/1679
f 1674/2142/1687 1664/2131/1678 1683/2132/1679
f 1653/2120/1667 1676/2143/1688 1640/2102/1653
f 1667/2135/1682 1666/2144/1689 1653/2120/1667
f 1654/2121/1668 1668/2136/1683 1667/2135/1682
f 1598/1995/1564 1657/2104/1655 1597/2058/1616
f 1656/2113/1661 1678/2138/1684 1658/2114/1617
f 1598/1995/1564 1735/2145/1690 1657/2104/1655
f 1658/2114/1617 1678/2138/1684 1670/2137/1514
f 1687/2140/1685 1663/2129/1676 1642/2105/1656
f 1687/2140/1685 1705/2146/1691 1663/2129/1676
f 1687/2140/1685 1704/2147/1692 1705/2146/1691
f 1663/2129/1676 1705/2146/1691 1662/2127/1674
f 1631/2097/1648 1681/2148/1693 1679/2118/1665
f 1631/2097/1648 1693/2149/1694 1681/2148/1693
f 1650/2085/1638 1682/2150/1695 1606/2066/1622
f 1606/2066/1622 1682/2150/1695 1632/2130/1677
f 1633/1983/1555 1725/2151/1696 1609/2043/1608
f 1633/1983/1555 1588/2021/1587 1725/2151/1696
f 1625/2088/1625 1665/2134/1681 1636/2152/1624
f 1664/2131/1678 1696/2153/1697 1683/2132/1679
f 1664/2131/1678 1708/2154/1698 1696/2153/1697
f 1675/2133/1680 1665/2134/1681 1637/2100/1651
f 1683/2132/1679 1696/2153/1697 1697/2155/1699
f 1683/2132/1679 1697/2155/1699 1675/2133/1680
f 1676/2143/1688 1685/2156/1700 1684/2157/1701
f 1653/2120/1667 1666/2144/1689 1676/2143/1688
f 1666/2144/1689 1667/2135/1682 1686/2158/1702
f 1617/2034/1599 1735/2145/1690 1598/1995/1564
f 1660/2123/1670 1687/2140/1685 1661/2124/1671
f 1660/2123/1670 1688/2159/1703 1687/2140/1685
f 1662/2127/1674 1705/2146/1691 1690/2128/1675
f 1679/2118/1665 1681/2148/1693 1680/2117/1664
f 1680/2117/1664 1691/2160/1704 1671/2116/1663
f 1680/2117/1664 1692/2161/1705 1691/2160/1704
f 1645/2107/1658 1693/2149/1694 1631/2097/1648
f 1650/2085/1638 1671/2116/1663 1762/2162/1706
f 1589/2042/1607 1707/2163/1707 1645/2107/1658
f 1632/2130/1677 1682/2150/1695 1694/2164/1708
f 1636/2068/1624 1825/2165/1709 1752/2166/1710
f 1665/2134/1681 1825/2167/1709 1636/2152/1624
f 1665/2134/1681 1695/2168/1711 1825/2167/1709
f 1675/2133/1680 1697/2155/1699 1698/2169/1712
f 1675/2133/1680 1698/2169/1712 1665/2134/1681
f 1676/2143/1688 1699/2170/1713 1640/2102/1653
f 1686/2158/1702 1685/2156/1700 1666/2144/1689
f 1666/2144/1689 1685/2156/1700 1676/2143/1688
f 1686/2158/1702 1700/2171/1714 1685/2172/1700
f 1655/2076/1631 1640/2102/1653 1757/2173/1669
f 1667/2135/1682 1700/2171/1714 1686/2158/1702
f 1668/2136/1683 1700/2171/1714 1667/2135/1682
f 1701/2174/1715 1677/2111/1615 1757/2122/1669
f 1576/2035/1600 1702/2115/1662 1703/2094/1645
f 1690/2128/1675 1706/2175/1716 1689/2126/1673
f 1681/2148/1693 1723/2176/1717 1692/2161/1705
f 1589/2042/1607 1646/2067/1623 1707/2163/1707
f 1634/2098/1649 1708/2154/1698 1664/2131/1678
f 1708/2154/1698 1709/2177/1718 1696/2153/1697
f 1696/2153/1697 1710/2178/1719 1697/2155/1699
f 1696/2153/1697 1709/2177/1718 1711/2179/1720
f 1696/2153/1697 1711/2179/1720 1710/2178/1719
f 1697/2155/1699 1710/2178/1719 1698/2169/1712
f 1698/2169/1712 1712/2180/1721 1665/2134/1681
f 1685/2156/1700 1719/2181/1722 1684/2157/1701
f 1685/2156/1700 1713/2182/1723 1719/2181/1722
f 1685/2172/1700 1700/2171/1714 1713/2182/1723
f 1669/2109/1660 1730/2183/1724 1668/2136/1683
f 1668/2136/1683 1714/2184/1725 1700/2171/1714
f 1668/2136/1683 1730/2183/1724 1714/2184/1725
f 1669/2109/1660 1715/2185/1726 1730/2183/1724
f 1656/2113/1661 1677/2111/1615 1865/2186/1727
f 1733/2033/1598 1735/2145/1690 1617/2034/1599
f 1681/2148/1693 1692/2161/1705 1680/2117/1664
f 1693/2149/1694 1723/2176/1717 1681/2148/1693
f 1693/2149/1694 1716/2187/1728 1723/2176/1717
f 1671/2116/1663 1691/2160/1704 1762/2162/1706
f 1645/2107/1658 1716/2187/1728 1693/2149/1694
f 1645/2107/1658 1717/2188/1729 1716/2187/1728
f 1645/2107/1658 1718/2189/1730 1717/2188/1729
f 1707/2163/1707 1718/2189/1730 1645/2107/1658
f 1609/2043/1608 1725/2151/1696 1673/2141/1686
f 1710/2178/1719 1712/2180/1721 1698/2169/1712
f 1710/2178/1719 1728/2190/1731 1712/2180/1721
f 1684/2157/1701 1699/2170/1713 1676/2143/1688
f 1684/2157/1701 1747/2191/1732 1699/2170/1713
f 1719/2181/1722 1747/2191/1732 1684/2157/1701
f 1719/2181/1722 1720/2192/1733 1747/2191/1732
f 1719/2181/1722 1729/2193/1734 1721/2194/1735
f 1640/2102/1653 1745/2195/1736 1757/2173/1669
f 1700/2171/1714 1714/2184/1725 1713/2182/1723
f 1701/2174/1715 1865/2186/1727 1677/2111/1615
f 1628/2093/1644 1657/2104/1655 1715/2185/1726
f 1628/2093/1644 1715/2185/1726 1669/2109/1660
f 1702/2115/1662 1758/2196/1737 1703/2094/1645
f 1703/2094/1645 1758/2196/1737 1660/2123/1670
f 1688/2159/1703 1704/2147/1692 1687/2140/1685
f 1688/2159/1703 1795/2197/1738 1775/2198/1739
f 1704/2147/1692 1688/2159/1703 1722/2199/1740
f 1704/2147/1692 1722/2199/1740 1705/2146/1691
f 1705/2146/1691 1722/2199/1740 1690/2128/1675
f 1690/2128/1675 1722/2199/1740 1706/2175/1716
f 1646/2067/1623 1824/2200/1741 1707/2163/1707
f 1632/2130/1677 1724/2201/1742 1588/2021/1587
f 1636/2068/1624 1824/2200/1741 1646/2067/1623
f 1636/2068/1624 1752/2166/1710 1824/2200/1741
f 1588/2021/1587 1724/2201/1742 1725/2151/1696
f 1673/2141/1686 1708/2154/1698 1634/2098/1649
f 1673/2141/1686 1726/2202/1743 1708/2154/1698
f 1673/2141/1686 1727/2203/1744 1726/2202/1743
f 1708/2154/1698 1726/2202/1743 1709/2177/1718
f 1709/2177/1718 1726/2202/1743 1740/2204/1745
f 1709/2177/1718 1740/2204/1745 1711/2179/1720
f 1712/2180/1721 1695/2168/1711 1665/2134/1681
f 1712/2180/1721 1743/2205/1746 1695/2168/1711
f 1710/2178/1719 1711/2179/1720 1728/2190/1731
f 1719/2181/1722 1721/2194/1735 1720/2192/1733
f 1699/2170/1713 1745/2195/1736 1640/2102/1653
f 1713/2182/1723 1729/2193/1734 1719/2181/1722
f 1714/2184/1725 1730/2183/1724 1729/2193/1734
f 1714/2184/1725 1729/2193/1734 1713/2182/1723
f 1730/2183/1724 1731/2206/1747 1729/2193/1734
f 1657/2104/1655 1732/2207/1748 1715/2185/1726
f 1735/2145/1690 1732/2207/1748 1657/2104/1655
f 1733/2061/1598 1749/2208/1749 1735/2209/1690
f 1660/2123/1670 1795/2197/1738 1688/2159/1703
f 1689/2126/1673 1706/2175/1716 1750/2210/1750
f 1689/2126/1673 1734/2211/1751 1733/2061/1598
f 1689/2126/1673 1750/2210/1750 1734/2211/1751
f 1688/2159/1703 1775/2198/1739 1722/2199/1740
f 1692/2161/1705 1723/2176/1717 1691/2160/1704
f 1716/2187/1728 1736/2212/1752 1723/2176/1717
f 1716/2187/1728 1717/2188/1729 1736/2212/1752
f 1650/2085/1638 1762/2162/1706 1682/2150/1695
f 1707/2163/1707 1737/2213/1753 1718/2189/1730
f 1632/2130/1677 1694/2164/1708 1724/2201/1742
f 1725/2151/1696 1727/2203/1744 1673/2141/1686
f 1711/2179/1720 1738/2214/1754 1728/2190/1731
f 1711/2179/1720 1739/2215/1755 1738/2214/1754
f 1711/2179/1720 1740/2204/1745 1766/2216/1756
f 1711/2179/1720 1766/2216/1756 1741/2217/1757
f 1711/2179/1720 1741/2217/1757 1739/2215/1755
f 1728/2190/1731 1738/2214/1754 1739/2215/1755
f 1728/2190/1731 1739/2215/1755 1712/2180/1721
f 1712/2180/1721 1742/2218/1758 1743/2205/1746
f 1739/2215/1755 1742/2218/1758 1712/2180/1721
f 1739/2215/1755 1744/2219/1759 1742/2218/1758
f 1699/2170/1713 1747/2191/1732 1746/2220/1760
f 1720/2192/1733 1748/2221/1761 1747/2191/1732
f 1721/2194/1735 1748/2221/1761 1720/2192/1733
f 1721/2194/1735 1731/2206/1747 1748/2221/1761
f 1729/2193/1734 1731/2206/1747 1721/2194/1735
f 1722/2199/1740 1750/2210/1750 1706/2175/1716
f 1723/2176/1717 1751/2222/1762 1691/2160/1704
f 1723/2176/1717 1765/2223/1763 1751/2222/1762
f 1691/2160/1704 1751/2222/1762 1762/2162/1706
f 1707/2163/1707 1785/2224/1764 1737/2213/1753
f 1739/2215/1755 1741/2217/1757 1744/2225/1759
f 1742/2218/1758 1753/2226/1765 1743/2205/1746
f 1744/2225/1759 1741/2217/1757 1753/2227/1765
f 1744/2219/1759 1753/2226/1765 1742/2218/1758
f 1699/2170/1713 1754/2228/1766 1745/2195/1736
f 1699/2170/1713 1755/2229/1767 1754/2228/1766
f 1746/2220/1760 1755/2229/1767 1699/2170/1713
f 1747/2191/1732 1756/2230/1768 1746/2220/1760
f 1747/2191/1732 1773/2231/1769 1756/2230/1768
f 1748/2221/1761 1773/2231/1769 1747/2191/1732
f 1748/2221/1761 1731/2206/1747 1773/2231/1769
f 1660/2123/1670 1758/2196/1737 1795/2197/1738
f 1734/2211/1751 1749/2208/1749 1733/2061/1598
f 1734/2211/1751 1759/2232/1770 1749/2208/1749
f 1775/2198/1739 1760/2233/1771 1722/2199/1740
f 1734/2211/1751 1750/2210/1750 1761/2234/1772
f 1734/2211/1751 1761/2234/1772 1759/2232/1770
f 1751/2222/1762 1763/2235/1773 1762/2162/1706
f 1751/2222/1762 1764/2236/1774 1763/2235/1773
f 1736/2212/1752 1765/2223/1763 1723/2176/1717
f 1717/2188/1729 1718/2189/1730 1736/2212/1752
f 1762/2162/1706 1783/2237/1775 1682/2150/1695
f 1824/2200/1741 1785/2224/1764 1707/2163/1707
f 1726/2202/1743 1727/2203/1744 1740/2204/1745
f 1740/2204/1745 1727/2203/1744 1766/2216/1756
f 1741/2217/1757 1767/2238/1776 1753/2227/1765
f 1766/2216/1756 1767/2238/1776 1741/2217/1757
f 1743/2205/1746 1790/2239/1777 1695/2168/1711
f 1753/2227/1765 1767/2238/1776 1768/2240/1778
f 1753/2226/1765 1768/2241/1778 1743/2205/1746
f 1768/2241/1778 1781/2242/1779 1743/2205/1746
f 1755/2229/1767 1769/2243/1780 1754/2228/1766
f 1755/2229/1767 1770/2244/1781 1769/2243/1780
f 1755/2245/1767 1771/2246/1782 1770/2244/1781
f 1755/2245/1767 1772/2247/1783 1771/2246/1782
f 1746/2220/1760 1772/2247/1783 1755/2245/1767
f 1746/2220/1760 1756/2230/1768 1772/2247/1783
f 1731/2206/1747 1730/2183/1724 1774/2248/1784
f 1731/2206/1747 1774/2248/1784 1773/2231/1769
f 1795/2197/1738 1776/2249/1785 1775/2198/1739
f 1775/2198/1739 1777/2250/1786 1760/2233/1771
f 1775/2198/1739 1776/2249/1785 1777/2250/1786
f 1760/2233/1771 1750/2210/1750 1722/2199/1740
f 1760/2233/1771 1777/2250/1786 1750/2210/1750
f 1750/2210/1750 1777/2250/1786 1761/2234/1772
f 1718/2189/1730 1778/2251/1787 1736/2212/1752
f 1737/2213/1753 1784/2252/1788 1718/2189/1730
f 1682/2150/1695 1823/2253/1789 1694/2164/1708
f 1727/2203/1744 1786/2254/1790 1766/2216/1756
f 1767/2238/1776 1781/2242/1779 1768/2241/1778
f 1767/2238/1776 1780/2255/1791 1781/2242/1779
f 1743/2205/1746 1789/2256/1792 1790/2239/1777
f 1754/2228/1766 1769/2243/1780 1804/2257/1793
f 1754/2228/1766 1804/2257/1793 1745/2195/1736
f 1757/2122/1669 1901/2258/1794 1701/2174/1715
f 1756/2230/1768 1774/2248/1784 1772/2247/1783
f 1773/2231/1769 1774/2248/1784 1756/2230/1768
f 1730/2183/1724 1782/2259/1795 1774/2248/1784
f 1730/2183/1724 1715/2185/1726 1782/2259/1795
f 1656/2113/1661 1929/2260/1796 1678/2138/1684
f 1732/2207/1748 1838/2261/1797 1715/2185/1726
f 1735/2145/1690 1866/2262/1798 1732/2207/1748
f 1735/2145/1690 1749/2263/1749 1866/2262/1798
f 1751/2222/1762 1765/2223/1763 1764/2236/1774
f 1765/2223/1763 1798/2264/1799 1764/2236/1774
f 1736/2212/1752 1798/2264/1799 1765/2223/1763
f 1736/2212/1752 1778/2251/1787 1798/2264/1799
f 1784/2252/1788 1778/2251/1787 1718/2189/1730
f 1682/2150/1695 1783/2237/1775 1823/2253/1789
f 1727/2203/1744 1725/2151/1696 1786/2254/1790
f 1786/2254/1790 1779/2265/1800 1766/2216/1756
f 1766/2216/1756 1779/2265/1800 1767/2238/1776
f 1767/2238/1776 1787/2266/1801 1780/2255/1791
f 1767/2238/1776 1779/2265/1800 1787/2266/1801
f 1780/2255/1791 1787/2266/1801 1788/2267/1802
f 1780/2255/1791 1788/2267/1802 1781/2242/1779
f 1781/2242/1779 1789/2256/1792 1743/2205/1746
f 1781/2242/1779 1788/2267/1802 1789/2256/1792
f 1788/2267/1802 1787/2266/1801 1801/2268/1803
f 1745/2195/1736 1804/2257/1793 1791/2269/1804
f 1770/2244/1781 1792/2270/1805 1769/2243/1780
f 1770/2244/1781 1793/2271/1806 1792/2270/1805
f 1745/2195/1736 1791/2269/1804 1757/2173/1669
f 1770/2244/1781 1771/2246/1782 1793/2271/1806
f 1772/2247/1783 1782/2259/1795 1771/2246/1782
f 1774/2248/1784 1782/2259/1795 1772/2247/1783
f 1865/2186/1727 1929/2260/1796 1656/2113/1661
f 1678/2138/1684 1849/2272/1807 1702/2139/1662
f 1758/2273/1737 1819/2274/1808 1795/2275/1738
f 1795/2197/1738 1819/2276/1808 1820/2277/1809
f 1795/2197/1738 1820/2277/1809 1776/2249/1785
f 1776/2249/1785 1820/2277/1809 1796/2278/1810
f 1776/2249/1785 1761/2234/1772 1777/2250/1786
f 1776/2249/1785 1796/2278/1810 1797/2279/1811
f 1776/2249/1785 1797/2279/1811 1761/2234/1772
f 1761/2234/1772 1797/2279/1811 1759/2232/1770
f 1762/2162/1706 1763/2235/1773 1799/2280/1812
f 1762/2162/1706 1799/2280/1812 1783/2237/1775
f 1778/2251/1787 1800/2281/1813 1798/2264/1799
f 1778/2251/1787 1784/2252/1788 1800/2281/1813
f 1787/2266/1801 1779/2265/1800 1812/2282/1814
f 1788/2267/1802 1801/2268/1803 1789/2256/1792
f 1769/2243/1780 1802/2283/1815 1804/2257/1793
f 1769/2243/1780 1803/2284/1816 1802/2283/1815
f 1769/2243/1780 1817/2285/1817 1803/2284/1816
f 1791/2269/1804 1804/2257/1793 1845/2286/1818
f 1771/2246/1782 1782/2259/1795 1793/2271/1806
f 1866/2262/1798 1806/2287/1819 1851/2288/1820
f 1749/2263/1749 1806/2287/1819 1866/2262/1798
f 1796/2278/1810 1805/2289/1821 1797/2279/1811
f 1759/2232/1770 1797/2279/1811 1806/2290/1819
f 1759/2232/1770 1806/2290/1819 1749/2208/1749
f 1764/2236/1774 1800/2281/1813 1799/2280/1812
f 1764/2236/1774 1799/2280/1812 1763/2235/1773
f 1798/2264/1799 1800/2281/1813 1764/2236/1774
f 1783/2237/1775 1799/2280/1812 1807/2291/1822
f 1783/2237/1775 1808/2292/1823 1823/2253/1789
f 1737/2213/1753 1809/2293/1824 1784/2252/1788
f 1737/2213/1753 1810/2294/1825 1809/2293/1824
f 1737/2213/1753 1855/2295/1826 1810/2294/1825
f 1737/2213/1753 1785/2224/1764 1855/2295/1826
f 1786/2254/1790 1811/2296/1827 1779/2265/1800
f 1787/2266/1801 1812/2282/1814 1813/2297/1828
f 1787/2266/1801 1813/2297/1828 1801/2268/1803
f 1801/2268/1803 1813/2297/1828 1814/2298/1829
f 1801/2268/1803 1815/2299/1830 1789/2256/1792
f 1801/2268/1803 1814/2298/1829 1815/2299/1830
f 1789/2256/1792 1815/2299/1830 1790/2239/1777
f 1790/2239/1777 1816/2300/1831 1695/2168/1711
f 1792/2270/1805 1817/2285/1817 1769/2243/1780
f 1792/2270/1805 1829/2301/1832 1817/2285/1817
f 1757/2173/1669 1846/2302/1833 1901/2303/1794
f 1793/2271/1806 1829/2301/1832 1792/2270/1805
f 1782/2259/1795 1715/2185/1726 1818/2304/1834
f 1929/2260/1796 1849/2272/1807 1678/2138/1684
f 1849/2272/1807 1903/2305/1835 1702/2139/1662
f 1702/2139/1662 1903/2305/1835 1758/2273/1737
f 1758/2273/1737 1903/2305/1835 1850/2306/1836
f 1806/2287/1819 1840/2307/1837 1851/2288/1820
f 1800/2281/1813 1821/2308/1838 1799/2280/1812
f 1799/2280/1812 1841/2309/1839 1807/2291/1822
f 1783/2237/1775 1822/2310/1840 1808/2292/1823
f 1800/2281/1813 1784/2252/1788 1821/2308/1838
f 1725/2151/1696 1811/2296/1827 1786/2254/1790
f 1812/2282/1814 1826/2311/1841 1813/2297/1828
f 1813/2297/1828 1826/2311/1841 1814/2298/1829
f 1814/2298/1829 1834/2312/1842 1815/2299/1830
f 1815/2299/1830 1868/2313/1843 1790/2239/1777
f 1815/2299/1830 1844/2314/1844 1868/2313/1843
f 1817/2285/1817 1829/2301/1832 1828/2315/1845
f 1791/2269/1804 1846/2302/1833 1757/2173/1669
f 1791/2269/1804 1845/2286/1818 1830/2316/1846
f 1793/2271/1806 1837/2317/1847 1829/2301/1832
f 1758/2273/1737 1850/2306/1836 1819/2274/1808
f 1820/2318/1809 1831/2319/1848 1805/2320/1821
f 1820/2318/1809 1871/2321/1849 1831/2319/1848
f 1820/2277/1809 1805/2289/1821 1796/2278/1810
f 1805/2289/1821 1806/2290/1819 1797/2279/1811
f 1805/2322/1821 1840/2307/1837 1806/2287/1819
f 1784/2252/1788 1832/2323/1850 1821/2308/1838
f 1784/2252/1788 1809/2293/1824 1832/2323/1850
f 1807/2291/1822 1822/2310/1840 1783/2237/1775
f 1807/2291/1822 1841/2309/1839 1822/2310/1840
f 1779/2265/1800 1811/2296/1827 1812/2282/1814
f 1812/2282/1814 1811/2296/1827 1826/2311/1841
f 1826/2311/1841 1827/2324/1851 1814/2298/1829
f 1826/2311/1841 1833/2325/1852 1827/2324/1851
f 1814/2298/1829 1827/2324/1851 1834/2326/1842
f 1868/2313/1843 1816/2300/1831 1790/2239/1777
f 1868/2313/1843 1899/2327/1853 1816/2300/1831
f 1834/2326/1842 1827/2324/1851 1844/2314/1844
f 1834/2312/1842 1844/2314/1844 1815/2299/1830
f 1845/2286/1818 1835/2328/1854 1830/2316/1846
f 1804/2257/1793 1802/2283/1815 1845/2286/1818
f 1803/2284/1816 1836/2329/1855 1802/2283/1815
f 1817/2285/1817 1828/2315/1845 1803/2284/1816
f 1828/2315/1845 1837/2317/1847 1803/2284/1816
f 1829/2301/1832 1837/2317/1847 1828/2315/1845
f 1782/2259/1795 1837/2317/1847 1793/2271/1806
f 1782/2259/1795 1818/2304/1834 1837/2317/1847
f 1839/2330/1856 1840/2307/1837 1805/2322/1821
f 1805/2320/1821 1831/2319/1848 1839/2331/1856
f 1821/2308/1838 1832/2323/1850 1799/2280/1812
f 1799/2280/1812 1832/2323/1850 1841/2309/1839
f 1752/2166/1710 1842/2332/1857 1824/2200/1741
f 1825/2165/1709 1908/2333/1858 1752/2166/1710
f 1695/2168/1711 1816/2300/1831 1825/2334/1709
f 1827/2324/1851 1833/2325/1852 1861/2335/1859
f 1827/2324/1851 1843/2336/1860 1844/2314/1844
f 1827/2324/1851 1861/2335/1859 1843/2336/1860
f 1845/2286/1818 1836/2329/1855 1835/2328/1854
f 1830/2316/1846 1846/2302/1833 1791/2269/1804
f 1802/2283/1815 1836/2329/1855 1845/2286/1818
f 1803/2284/1816 1837/2317/1847 1847/2337/1861
f 1803/2284/1816 1848/2338/1862 1836/2329/1855
f 1803/2284/1816 1847/2337/1861 1848/2338/1862
f 1715/2185/1726 1794/2339/1863 1818/2304/1834
f 1819/2274/1808 1850/2306/1836 1881/2340/1864
f 1819/2274/1808 1871/2321/1849 1820/2318/1809
f 1841/2309/1839 1852/2341/1865 1822/2310/1840
f 1809/2293/1824 1810/2294/1825 1853/2342/1866
f 1809/2293/1824 1853/2342/1866 1832/2323/1850
f 1810/2294/1825 1852/2341/1865 1853/2342/1866
f 1810/2294/1825 1854/2343/1867 1852/2341/1865
f 1810/2294/1825 1855/2295/1826 1854/2343/1867
f 1785/2224/1764 1856/2344/1868 1855/2295/1826
f 1824/2200/1741 1856/2344/1868 1785/2224/1764
f 1824/2200/1741 1857/2345/1869 1856/2344/1868
f 1694/2164/1708 1858/2346/1870 1724/2201/1742
f 1908/2333/1858 1842/2332/1857 1752/2166/1710
f 1725/2151/1696 1859/2347/1871 1811/2296/1827
f 1811/2296/1827 1833/2325/1852 1826/2311/1841
f 1811/2296/1827 1859/2347/1871 1860/2348/1872
f 1811/2296/1827 1860/2348/1872 1833/2325/1852
f 1833/2325/1852 1860/2348/1872 1861/2335/1859
f 1844/2314/1844 1869/2349/1873 1873/2350/1874
f 1844/2314/1844 1873/2350/1874 1868/2313/1843
f 1843/2336/1860 1869/2349/1873 1844/2314/1844
f 1843/2336/1860 1861/2335/1859 1869/2349/1873
f 1830/2316/1846 1862/2351/1875 1846/2302/1833
f 1830/2316/1846 1863/2352/1876 1862/2351/1875
f 1835/2328/1854 1847/2337/1861 1864/2353/1877
f 1836/2329/1855 1848/2338/1862 1835/2328/1854
f 1850/2306/1836 1903/2305/1835 1904/2354/1878
f 1851/2355/1820 1831/2319/1848 1867/2356/1879
f 1851/2355/1820 1840/2357/1837 1831/2319/1848
f 1851/2355/1820 1882/2358/1880 1894/2359/1881
f 1840/2357/1837 1839/2331/1856 1831/2319/1848
f 1832/2323/1850 1853/2342/1866 1841/2309/1839
f 1835/2328/1854 1877/2360/1882 1863/2352/1876
f 1835/2328/1854 1863/2352/1876 1830/2316/1846
f 1835/2328/1854 1864/2361/1877 1877/2360/1882
f 1848/2338/1862 1847/2337/1861 1835/2328/1854
f 1846/2302/1833 1862/2351/1875 1901/2303/1794
f 1847/2337/1861 1837/2317/1847 1870/2362/1883
f 1819/2274/1808 1881/2340/1864 1871/2321/1849
f 1871/2321/1849 1882/2358/1880 1831/2319/1848
f 1841/2309/1839 1853/2342/1866 1852/2341/1865
f 1822/2310/1840 1852/2341/1865 1897/2363/1884
f 1856/2344/1868 1906/2364/1885 1855/2295/1826
f 1824/2200/1741 1959/2365/1886 1857/2345/1869
f 1860/2348/1872 1872/2366/1887 1861/2335/1859
f 1860/2348/1872 1898/2367/1888 1872/2366/1887
f 1861/2335/1859 1872/2366/1887 1869/2349/1873
f 1868/2313/1843 1874/2368/1889 1899/2327/1853
f 1873/2350/1874 1874/2369/1889 1868/2313/1843
f 1873/2350/1874 1875/2370/1890 1874/2369/1889
f 1877/2360/1882 1864/2361/1877 1876/2371/1891
f 1876/2371/1891 1892/2372/1892 1877/2360/1882
f 1876/2371/1891 1878/2373/1893 1892/2372/1892
f 1876/2371/1891 1902/2374/1894 1878/2373/1893
f 1864/2353/1877 1870/2362/1883 1880/2375/1895
f 1864/2353/1877 1880/2375/1895 1876/2371/1891
f 1847/2337/1861 1870/2362/1883 1864/2353/1877
f 1870/2362/1883 1837/2317/1847 1879/2376/1896
f 1870/2362/1883 1879/2376/1896 1880/2375/1895
f 1865/2186/1727 2053/2377/1897 1929/2260/1796
f 1850/2306/1836 1923/2378/1898 1881/2340/1864
f 1904/2354/1878 1923/2378/1898 1850/2306/1836
f 1866/2262/1798 1913/2379/1899 1732/2207/1748
f 1871/2321/1849 1893/2380/1900 1882/2358/1880
f 1851/2355/1820 1894/2359/1881 1866/2381/1798
f 1882/2358/1880 1867/2356/1879 1831/2319/1848
f 1867/2356/1879 1882/2358/1880 1851/2355/1820
f 1852/2341/1865 1896/2382/1901 1897/2363/1884
f 1855/2295/1826 1883/2383/1902 1854/2343/1867
f 1857/2345/1869 1906/2364/1885 1856/2344/1868
f 1808/2292/1823 1950/2384/1903 1823/2253/1789
f 1824/2200/1741 1842/2332/1857 1959/2365/1886
f 1725/2151/1696 1884/2385/1904 1859/2347/1871
f 1860/2348/1872 1859/2347/1871 1898/2367/1888
f 1872/2366/1887 1898/2367/1888 1885/2386/1905
f 1872/2366/1887 1885/2386/1905 1869/2349/1873
f 1869/2349/1873 1887/2387/1906 1873/2350/1874
f 1869/2349/1873 1885/2386/1905 1887/2387/1906
f 1899/2327/1853 1886/2388/1907 1816/2300/1831
f 1887/2387/1906 1875/2370/1890 1873/2350/1874
f 1874/2369/1889 1875/2370/1890 1909/2389/1908
f 1863/2352/1876 1877/2360/1882 1888/2390/1909
f 1863/2352/1876 1890/2391/1910 1889/2392/1911
f 1863/2352/1876 1891/2393/1912 1890/2391/1910
f 1863/2352/1876 1888/2390/1909 1891/2393/1912
f 1889/2392/1911 1862/2351/1875 1863/2352/1876
f 1877/2360/1882 1892/2372/1892 1888/2390/1909
f 1892/2372/1892 1900/2394/1913 1888/2390/1909
f 1892/2372/1892 1911/2395/1914 1900/2394/1913
f 1862/2351/1875 1889/2392/1911 1901/2303/1794
f 1880/2375/1895 1902/2374/1894 1876/2371/1891
f 1837/2317/1847 1818/2304/1834 1879/2376/1896
f 1715/2185/1726 1838/2261/1797 1794/2339/1863
f 1882/2358/1880 1895/2396/1915 1894/2359/1881
f 1854/2343/1867 1896/2382/1901 1852/2341/1865
f 1854/2343/1867 1883/2383/1902 1896/2382/1901
f 1822/2310/1840 1949/2397/1916 1808/2292/1823
f 1822/2310/1840 1897/2363/1884 1949/2397/1916
f 1885/2386/1905 1898/2367/1888 1887/2387/1906
f 1874/2398/1889 1909/2389/1908 1899/2327/1853
f 1889/2392/1911 1890/2391/1910 1901/2303/1794
f 1880/2375/1895 1879/2376/1896 1902/2374/1894
f 1849/2272/1807 1929/2260/1796 1903/2305/1835
f 1866/2381/1798 1916/2399/1917 1913/2400/1899
f 1881/2340/1864 1893/2380/1900 1871/2321/1849
f 1881/2340/1864 1914/2401/1918 1893/2380/1900
f 1893/2380/1900 1895/2396/1915 1882/2358/1880
f 1895/2396/1915 1893/2380/1900 1894/2359/1881
f 1906/2364/1885 1883/2383/1902 1855/2295/1826
f 1906/2364/1885 1905/2402/1919 1883/2383/1902
f 1857/2345/1869 1959/2365/1886 1906/2364/1885
f 1859/2347/1871 1907/2403/1920 1898/2367/1888
f 1859/2347/1871 1884/2385/1904 1907/2403/1920
f 1816/2300/1831 1908/2404/1858 1825/2334/1709
f 1887/2387/1906 1898/2367/1888 1919/2405/1921
f 1887/2387/1906 1919/2405/1921 1875/2370/1890
f 1899/2327/1853 1910/2406/1922 1886/2388/1907
f 1909/2389/1908 1921/2407/1923 1910/2406/1922
f 1909/2389/1908 1910/2406/1922 1899/2327/1853
f 1878/2373/1893 1902/2374/1894 1911/2395/1914
f 1878/2373/1893 1911/2395/1914 1892/2372/1892
f 1701/2174/1715 2053/2377/1897 1865/2186/1727
f 1902/2374/1894 1912/2408/1924 1911/2395/1914
f 1902/2374/1894 1879/2376/1896 1912/2408/1924
f 1794/2339/1863 2087/2409/1925 1818/2304/1834
f 1794/2339/1863 1838/2261/1797 1980/2410/1926
f 1732/2207/1748 1913/2379/1899 1838/2261/1797
f 1881/2340/1864 1930/2411/1927 1914/2401/1918
f 1893/2380/1900 1914/2401/1918 1894/2359/1881
f 1894/2359/1881 1914/2401/1918 1915/2412/1928
f 1894/2359/1881 1916/2399/1917 1866/2381/1798
f 1894/2359/1881 1915/2412/1928 1916/2399/1917
f 1808/2292/1823 1949/2397/1916 1950/2384/1903
f 1883/2383/1902 1917/2413/1929 1896/2382/1901
f 1883/2383/1902 1905/2402/1919 1917/2413/1929
f 1823/2253/1789 1918/2414/1930 1694/2164/1708
f 1950/2384/1903 1918/2414/1930 1823/2253/1789
f 1694/2164/1708 1918/2414/1930 1858/2346/1870
f 1724/2201/1742 1974/2415/1931 1725/2151/1696
f 1919/2405/1921 1924/2416/1932 1875/2370/1890
f 1875/2370/1890 1921/2407/1923 1909/2389/1908
f 1875/2370/1890 1920/2417/1933 1921/2407/1923
f 1921/2407/1923 1932/2418/1934 1910/2406/1922
f 1910/2406/1922 1932/2418/1934 1886/2388/1907
f 1890/2391/1910 1891/2393/1912 1922/2419/1935
f 1888/2390/1909 1926/2420/1936 1891/2393/1912
f 1888/2390/1909 1900/2394/1913 1926/2420/1936
f 1911/2395/1914 1912/2408/1924 1900/2394/1913
f 1923/2378/1898 1930/2411/1927 1881/2340/1864
f 1897/2363/1884 1917/2421/1929 1949/2397/1916
f 1906/2364/1885 1939/2422/1937 1905/2402/1919
f 1725/2151/1696 1974/2415/1931 1884/2385/1904
f 1898/2367/1888 1907/2403/1920 1919/2405/1921
f 1919/2405/1921 1907/2403/1920 1924/2416/1932
f 1924/2416/1932 1920/2417/1933 1875/2370/1890
f 1922/2419/1935 1925/2423/1938 1890/2391/1910
f 1900/2394/1913 1912/2408/1924 1927/2424/1939
f 1900/2394/1913 1927/2424/1939 1926/2420/1936
f 1901/2303/1794 1890/2391/1910 1925/2423/1938
f 1901/2303/1794 1925/2423/1938 1945/2425/1940
f 1901/2258/1794 1945/2426/1940 1701/2174/1715
f 1912/2408/1924 1879/2376/1896 1928/2427/1941
f 1794/2339/1863 1980/2410/1926 2087/2409/1925
f 1838/2261/1797 1913/2379/1899 1964/2428/1942
f 1916/2399/1917 1947/2429/1943 1913/2400/1899
f 1930/2411/1927 1936/2430/1944 1914/2401/1918
f 1914/2401/1918 1936/2430/1944 1915/2412/1928
f 1896/2382/1901 1917/2421/1929 1897/2363/1884
f 1907/2403/1920 1884/2385/1904 1951/2431/1945
f 1907/2403/1920 1920/2417/1933 1924/2416/1932
f 1907/2403/1920 1940/2432/1946 1920/2417/1933
f 1907/2403/1920 1951/2431/1945 1940/2432/1946
f 1920/2417/1933 1940/2432/1946 1970/2433/1947
f 1920/2417/1933 1931/2434/1948 1921/2407/1923
f 1920/2417/1933 1970/2433/1947 1931/2434/1948
f 1921/2407/1923 1931/2434/1948 1932/2418/1934
f 1886/2388/1907 1932/2418/1934 1933/2435/1949
f 1886/2388/1907 1933/2435/1949 1816/2300/1831
f 1932/2418/1934 1931/2434/1948 1942/2436/1950
f 1922/2419/1935 1953/2437/1951 1925/2423/1938
f 1891/2393/1912 1926/2420/1936 1934/2438/1952
f 1926/2420/1936 1935/2439/1953 1934/2438/1952
f 1701/2174/1715 1945/2426/1940 2053/2377/1897
f 1912/2408/1924 1928/2427/1941 1927/2424/1939
f 1916/2399/1917 1915/2412/1928 1948/2440/1954
f 1916/2399/1917 1948/2440/1954 1947/2429/1943
f 1917/2421/1929 1937/2441/1955 1949/2397/1916
f 1917/2413/1929 1905/2402/1919 1937/2441/1955
f 1905/2402/1919 1938/2442/1956 1937/2441/1955
f 1959/2365/1886 1939/2422/1937 1906/2364/1885
f 1931/2434/1948 1970/2433/1947 1941/2443/1957
f 1931/2434/1948 1941/2443/1957 1942/2436/1950
f 1932/2418/1934 1942/2436/1950 1933/2435/1949
f 1816/2300/1831 1933/2435/1949 1943/2444/1958
f 1891/2393/1912 1953/2437/1951 1922/2419/1935
f 1891/2393/1912 1944/2445/1959 1953/2437/1951
f 1891/2393/1912 1934/2438/1952 1944/2445/1959
f 1927/2424/1939 1935/2439/1953 1926/2420/1936
f 1879/2376/1896 1818/2304/1834 1928/2427/1941
f 1929/2260/1796 1991/2446/1960 1903/2305/1835
f 1923/2378/1898 1972/2447/1961 1946/2448/1962
f 1923/2378/1898 1946/2448/1962 1930/2411/1927
f 1930/2411/1927 1946/2448/1962 1936/2430/1944
f 1936/2430/1944 1946/2448/1962 1915/2412/1928
f 1915/2412/1928 1946/2448/1962 1981/2449/1963
f 1937/2441/1955 1938/2442/1956 1949/2397/1916
f 1816/2300/1831 1943/2444/1958 1908/2404/1858
f 1941/2443/1957 1952/2450/1964 1942/2436/1950
f 1941/2443/1957 1960/2451/1965 1952/2450/1964
f 1942/2436/1950 1952/2450/1964 1933/2435/1949
f 1944/2445/1959 1934/2438/1952 1971/2452/1966
f 1944/2445/1959 1971/2452/1966 1953/2437/1951
f 1925/2423/1938 1988/2453/1967 1945/2425/1940
f 1925/2423/1938 1954/2454/1968 1988/2453/1967
f 1934/2438/1952 1935/2439/1953 1955/2455/1969
f 1928/2427/1941 1935/2439/1953 1927/2424/1939
f 1904/2354/1878 1972/2447/1961 1923/2378/1898
f 1981/2449/1963 1948/2440/1954 1915/2412/1928
f 1949/2397/1916 1956/2456/1970 1950/2384/1903
f 1949/2397/1916 1957/2457/1971 1956/2456/1970
f 1938/2442/1956 1958/2458/1972 1957/2457/1971
f 1905/2402/1919 1958/2458/1972 1938/2442/1956
f 1884/2385/1904 2071/2459/1973 1951/2431/1945
f 1970/2433/1947 1960/2451/1965 1941/2443/1957
f 1943/2444/1958 1987/2460/1974 1908/2404/1858
f 1933/2435/1949 1961/2461/1975 1943/2444/1958
f 1952/2450/1964 1960/2451/1965 1962/2462/1976
f 1952/2450/1964 1962/2462/1976 1933/2435/1949
f 1953/2437/1951 1954/2454/1968 1925/2423/1938
f 1953/2437/1951 1971/2452/1966 1954/2454/1968
f 1934/2438/1952 1955/2455/1969 1971/2452/1966
f 1928/2427/1941 1955/2455/1969 1935/2439/1953
f 2053/2377/1897 1991/2446/1960 1929/2260/1796
f 1980/2410/1926 1963/2463/1977 2087/2409/1925
f 1904/2354/1878 1979/2464/1978 1972/2447/1961
f 1972/2447/1961 1965/2465/1979 1946/2448/1962
f 1972/2447/1961 1966/2466/1980 1965/2465/1979
f 1948/2440/1954 1967/2467/1981 1947/2429/1943
f 1947/2429/1943 1967/2467/1981 1913/2400/1899
f 1938/2442/1956 1957/2457/1971 1949/2397/1916
f 1956/2456/1970 1968/2468/1982 1950/2384/1903
f 1939/2422/1937 1958/2458/1972 1905/2402/1919
f 1884/2385/1904 1974/2415/1931 2071/2459/1973
f 1908/2333/1858 2064/2469/1983 1842/2332/1857
f 1951/2431/1945 1969/2470/1984 1940/2432/1946
f 1940/2432/1946 1969/2470/1984 1970/2433/1947
f 1962/2462/1976 1961/2471/1975 1933/2435/1949
f 1962/2462/1976 1976/2472/1985 1961/2471/1975
f 1962/2462/1976 1985/2473/1986 2004/2474/1987
f 1962/2462/1976 2004/2474/1987 1976/2472/1985
f 1945/2425/1940 1988/2453/1967 2007/2475/1988
f 1903/2305/1835 1991/2446/1960 1979/2464/1978
f 1903/2305/1835 1979/2464/1978 1904/2354/1878
f 1946/2448/1962 1965/2465/1979 1981/2449/1963
f 1956/2456/1970 1957/2457/1971 1968/2468/1982
f 1968/2468/1982 1973/2476/1989 1950/2384/1903
f 1968/2468/1982 1982/2477/1990 1973/2476/1989
f 1950/2384/1903 2059/2478/1991 1918/2414/1930
f 1950/2384/1903 2011/2479/1992 2059/2478/1991
f 1960/2451/1965 1975/2480/1993 1962/2462/1976
f 1961/2461/1975 1987/2460/1974 1943/2444/1958
f 1975/2480/1993 1985/2473/1986 1962/2462/1976
f 1976/2472/1985 1987/2460/1974 1961/2461/1975
f 1954/2454/1968 1989/2481/1994 1988/2453/1967
f 1954/2454/1968 1977/2482/1995 1989/2481/1994
f 1971/2452/1966 1977/2482/1995 1954/2454/1968
f 1971/2452/1966 1978/2483/1996 1977/2482/1995
f 1945/2426/1940 2006/2484/1997 2053/2377/1897
f 1955/2455/1969 1978/2483/1996 1971/2452/1966
f 1955/2455/1969 1990/2485/1998 1978/2483/1996
f 1928/2427/1941 2032/2486/1999 1955/2455/1969
f 1955/2455/1969 2032/2486/1999 1990/2485/1998
f 1818/2304/1834 2087/2409/1925 2120/2487/2000
f 1965/2465/1979 1966/2466/1980 1994/2488/2001
f 1965/2465/1979 1994/2488/2001 1981/2449/1963
f 1913/2400/1899 1967/2467/1981 1996/2489/2002
f 1913/2400/1899 1996/2489/2002 1964/2490/1942
f 1981/2449/1963 1967/2467/1981 1948/2440/1954
f 1968/2468/1982 1957/2457/1971 1982/2477/1990
f 1957/2457/1971 1983/2491/2003 1982/2477/1990
f 1973/2476/1989 1997/2492/2004 2010/2493/2005
f 1973/2476/1989 2010/2493/2005 2011/2479/1992
f 1973/2476/1989 2011/2479/1992 1950/2384/1903
f 1958/2458/1972 1983/2491/2003 1957/2457/1971
f 1939/2422/1937 1984/2494/2006 1958/2458/1972
f 1951/2431/1945 2071/2459/1973 1969/2470/1984
f 1960/2451/1965 1985/2473/1986 1975/2480/1993
f 1960/2451/1965 1970/2433/1947 2003/2495/2007
f 1960/2451/1965 2003/2495/2007 2014/2496/2008
f 1960/2451/1965 2014/2496/2008 1985/2473/1986
f 1976/2472/1985 2004/2474/1987 2016/2497/2009
f 1976/2472/1985 2016/2497/2009 1987/2460/1974
f 1985/2473/1986 2014/2496/2008 2004/2474/1987
f 1988/2453/1967 1989/2481/1994 2008/2498/2010
f 1978/2483/1996 1990/2485/1998 1977/2482/1995
f 1979/2464/1978 1992/2499/2011 1993/2500/2012
f 1979/2464/1978 1993/2500/2012 1972/2447/1961
f 1981/2449/1963 1996/2489/2002 1967/2467/1981
f 1981/2449/1963 1994/2488/2001 1995/2501/2013
f 1982/2477/1990 1997/2502/2004 1973/2476/1989
f 1982/2477/1990 1983/2491/2003 1997/2502/2004
f 1983/2491/2003 1958/2458/1972 1998/2503/2014
f 1984/2494/2006 1999/2504/2015 1958/2458/1972
f 1984/2494/2006 2000/2505/2016 1999/2504/2015
f 1984/2494/2006 2001/2506/2017 2000/2505/2016
f 1724/2201/1742 1858/2346/1870 1974/2415/1931
f 1959/2365/1886 2031/2507/2018 1939/2422/1937
f 1969/2470/1984 2002/2508/2019 1970/2433/1947
f 1970/2433/1947 2002/2508/2019 2003/2495/2007
f 1908/2404/1858 1986/2509/2020 2064/2510/1983
f 1987/2460/1974 1986/2509/2020 1908/2404/1858
f 1987/2460/1974 2005/2511/2021 1986/2509/2020
f 2007/2475/1988 2006/2512/1997 1945/2425/1940
f 2007/2475/1988 2021/2513/2022 2006/2512/1997
f 1988/2453/1967 2008/2498/2010 2007/2475/1988
f 1989/2481/1994 1977/2482/1995 2008/2498/2010
f 1977/2482/1995 1990/2485/1998 2009/2514/2023
f 1977/2482/1995 2009/2514/2023 2008/2498/2010
f 1964/2428/1942 1980/2410/1926 1838/2261/1797
f 1972/2447/1961 1993/2500/2012 1966/2466/1980
f 1997/2502/2004 1998/2503/2014 2010/2493/2005
f 1983/2491/2003 1998/2503/2014 1997/2502/2004
f 2010/2493/2005 2012/2515/2024 2011/2479/1992
f 1998/2503/2014 2013/2516/2025 2010/2493/2005
f 1958/2458/1972 2013/2516/2025 1998/2503/2014
f 1958/2458/1972 1999/2504/2015 2013/2516/2025
f 2031/2507/2018 1984/2494/2006 1939/2422/1937
f 1842/2332/1857 2064/2469/1983 1959/2365/1886
f 2003/2495/2007 2015/2517/2026 2014/2496/2008
f 1986/2509/2020 2048/2518/2027 2064/2510/1983
f 2014/2496/2008 2018/2519/2028 2004/2474/1987
f 2018/2519/2028 2016/2497/2009 2004/2474/1987
f 2018/2519/2028 2014/2496/2008 2015/2517/2026
f 2018/2519/2028 2015/2517/2026 2017/2520/2029
f 2016/2497/2009 2005/2511/2021 1987/2460/1974
f 2016/2497/2009 2018/2519/2028 2019/2521/2030
f 2016/2497/2009 2019/2521/2030 2020/2522/2031
f 2016/2497/2009 2020/2522/2031 2005/2511/2021
f 2007/2475/1988 2022/2523/2032 2021/2513/2022
f 2008/2498/2010 2022/2523/2032 2007/2475/1988
f 2008/2498/2010 2023/2524/2033 2022/2523/2032
f 2008/2498/2010 2009/2514/2023 2023/2524/2033
f 2009/2514/2023 1990/2485/1998 2024/2525/2034
f 1818/2304/1834 2032/2486/1999 1928/2427/1941
f 1991/2446/1960 2056/2526/2035 1979/2464/1978
f 1964/2490/1942 2025/2527/2036 1980/2528/1926
f 1964/2490/1942 2026/2529/2037 2025/2527/2036
f 1966/2466/1980 2027/2530/2038 1994/2488/2001
f 1996/2489/2002 2034/2531/2039 2026/2529/2037
f 1996/2489/2002 2026/2529/2037 1964/2490/1942
f 1994/2488/2001 2027/2530/2038 1995/2501/2013
f 1995/2501/2013 1996/2489/2002 1981/2449/1963
f 1995/2501/2013 2027/2530/2038 2028/2532/2040
f 1995/2501/2013 2034/2531/2039 1996/2489/2002
f 1995/2501/2013 2028/2532/2040 2034/2531/2039
f 2010/2493/2005 2013/2516/2025 2012/2515/2024
f 2011/2479/1992 2060/2533/2041 2059/2478/1991
f 2011/2479/1992 2036/2534/2042 2060/2533/2041
f 1999/2504/2015 2029/2535/2043 2013/2516/2025
f 1999/2504/2015 2035/2536/2044 2029/2535/2043
f 1999/2504/2015 2000/2505/2016 2035/2536/2044
f 1918/2414/1930 2030/2537/2045 1858/2346/1870
f 1918/2414/1930 2059/2478/1991 2030/2537/2045
f 2071/2459/1973 2002/2508/2019 1969/2470/1984
f 2003/2495/2007 2046/2538/2046 2015/2517/2026
f 2003/2495/2007 2002/2508/2019 2046/2538/2046
f 2005/2511/2021 2020/2522/2031 2048/2518/2027
f 2005/2511/2021 2048/2518/2027 1986/2509/2020
f 2019/2521/2030 2038/2539/2047 2020/2522/2031
f 2022/2523/2032 2023/2524/2033 2040/2540/2048
f 2021/2513/2022 2022/2523/2032 2039/2541/2049
f 2006/2512/1997 2021/2513/2022 2039/2541/2049
f 1979/2464/1978 2056/2526/2035 1992/2499/2011
f 1993/2500/2012 2067/2542/2050 2033/2543/2051
f 1966/2466/1980 1993/2500/2012 2027/2530/2038
f 2012/2515/2024 2035/2536/2044 2011/2479/1992
f 2012/2515/2024 2029/2535/2043 2035/2536/2044
f 2013/2516/2025 2029/2535/2043 2012/2515/2024
f 2035/2536/2044 2036/2534/2042 2011/2479/1992
f 2035/2536/2044 2000/2505/2016 2036/2534/2042
f 2015/2517/2026 2046/2538/2046 2017/2520/2029
f 2017/2520/2029 2038/2539/2047 2018/2519/2028
f 2017/2520/2029 2046/2538/2046 2050/2544/2052
f 2017/2520/2029 2050/2544/2052 2038/2539/2047
f 2018/2519/2028 2038/2539/2047 2019/2521/2030
f 2020/2522/2031 2037/2545/2053 2048/2518/2027
f 2022/2523/2032 2040/2540/2048 2039/2541/2049
f 2039/2541/2049 2052/2546/2054 2006/2512/1997
f 2023/2524/2033 2024/2525/2034 2040/2540/2048
f 2009/2514/2023 2024/2525/2034 2023/2524/2033
f 1990/2485/1998 2032/2486/1999 2024/2525/2034
f 1992/2499/2011 2067/2542/2050 1993/2500/2012
f 1980/2410/1926 2102/2547/2055 1963/2463/1977
f 2025/2527/2036 2102/2548/2055 1980/2528/1926
f 2025/2527/2036 2041/2549/2056 2102/2548/2055
f 2027/2530/2038 1993/2500/2012 2028/2532/2040
f 2026/2529/2037 2034/2531/2039 2025/2527/2036
f 2036/2534/2042 2000/2505/2016 2042/2550/2057
f 2000/2505/2016 2001/2506/2017 2042/2550/2057
f 1984/2494/2006 2045/2551/2058 2044/2552/2059
f 1984/2494/2006 2044/2552/2059 2001/2506/2017
f 1984/2494/2006 2031/2507/2018 2045/2551/2058
f 2064/2469/1983 2031/2507/2018 1959/2365/1886
f 2046/2538/2046 2047/2553/2060 2050/2544/2052
f 2050/2544/2052 2049/2554/2061 2038/2539/2047
f 2038/2539/2047 2049/2554/2061 2051/2555/2062
f 2038/2539/2047 2037/2545/2053 2020/2522/2031
f 2038/2539/2047 2051/2555/2062 2037/2545/2053
f 2049/2554/2061 2050/2544/2052 2051/2555/2062
f 2052/2556/2054 2053/2377/1897 2006/2484/1997
f 2039/2541/2049 2040/2540/2048 2054/2557/2063
f 2039/2541/2049 2055/2558/2064 2052/2546/2054
f 2039/2541/2049 2054/2557/2063 2055/2558/2064
f 2053/2377/1897 2076/2559/2065 2056/2526/2035
f 2053/2377/1897 2056/2526/2035 1991/2446/1960
f 1993/2500/2012 2033/2543/2051 2028/2532/2040
f 2034/2531/2039 2028/2532/2040 2058/2560/2066
f 2060/2533/2041 2068/2561/2067 2059/2478/1991
f 2001/2506/2017 2043/2562/2068 2042/2550/2057
f 2001/2506/2017 2044/2552/2059 2043/2562/2068
f 2059/2478/1991 2082/2563/2069 2030/2537/2045
f 2045/2551/2058 2061/2564/2070 2044/2552/2059
f 1974/2415/1931 2062/2565/2071 2071/2459/1973
f 2002/2508/2019 2063/2566/2072 2046/2538/2046
f 2046/2538/2046 2063/2566/2072 2047/2553/2060
f 2064/2510/1983 2048/2518/2027 2094/2567/2073
f 2037/2545/2053 2051/2555/2062 2075/2568/2074
f 2051/2555/2062 2073/2569/2075 2075/2568/2074
f 2037/2545/2053 2075/2568/2074 2074/2570/2076
f 2037/2545/2053 2074/2570/2076 2048/2518/2027
f 2024/2525/2034 2057/2571/2077 2040/2540/2048
f 2024/2525/2034 2032/2486/1999 2065/2572/2078
f 2024/2525/2034 2065/2572/2078 2057/2571/2077
f 1992/2499/2011 2066/2573/2079 2067/2542/2050
f 1992/2499/2011 2086/2574/2080 2066/2573/2079
f 2041/2549/2056 2025/2527/2036 2081/2575/2081
f 2028/2532/2040 2033/2543/2051 2080/2576/2082
f 2025/2527/2036 2058/2560/2066 2080/2576/2082
f 2025/2527/2036 2034/2531/2039 2058/2560/2066
f 2025/2527/2036 2080/2576/2082 2081/2575/2081
f 2028/2532/2040 2080/2576/2082 2058/2560/2066
f 2042/2550/2057 2060/2533/2041 2036/2534/2042
f 2042/2550/2057 2043/2562/2068 2060/2533/2041
f 2060/2533/2041 2069/2577/2083 2068/2561/2067
f 2043/2562/2068 2069/2577/2083 2060/2533/2041
f 2044/2552/2059 2070/2578/2084 2069/2577/2083
f 2044/2552/2059 2069/2577/2083 2043/2562/2068
f 2044/2552/2059 2115/2579/2085 2070/2578/2084
f 2044/2552/2059 2061/2564/2070 2115/2579/2085
f 2031/2507/2018 2064/2469/1983 2045/2551/2058
f 2048/2518/2027 2074/2570/2076 2095/2580/2086
f 2050/2544/2052 2073/2569/2075 2051/2555/2062
f 2050/2544/2052 2047/2553/2060 2072/2581/2087
f 2050/2544/2052 2072/2581/2087 2073/2569/2075
f 2052/2582/2054 2085/2583/2088 2076/2559/2065
f 2052/2582/2054 2076/2559/2065 2053/2377/1897
f 2052/2584/2054 2055/2558/2064 2085/2585/2088
f 2054/2557/2063 2077/2586/2089 2055/2558/2064
f 2040/2540/2048 2077/2586/2089 2054/2557/2063
f 2040/2540/2048 2057/2571/2077 2077/2586/2089
f 2057/2571/2077 2065/2572/2078 2077/2586/2089
f 2032/2486/1999 2078/2587/2090 2065/2572/2078
f 2056/2526/2035 2118/2588/2091 1992/2499/2011
f 2068/2561/2067 2083/2589/2092 2059/2478/1991
f 2068/2561/2067 2070/2578/2084 2083/2589/2092
f 2069/2577/2083 2070/2578/2084 2068/2561/2067
f 1974/2415/1931 1858/2346/1870 2114/2590/2093
f 2071/2459/1973 2084/2591/2094 2002/2508/2019
f 2064/2469/1983 2093/2592/2095 2045/2551/2058
f 2075/2568/2074 2107/2593/2096 2074/2570/2076
f 1818/2304/1834 2120/2487/2000 2032/2486/1999
f 2118/2588/2091 2086/2574/2080 1992/2499/2011
f 2066/2573/2079 2088/2594/2097 2067/2542/2050
f 2041/2549/2056 2092/2595/2098 2122/2596/2099
f 2041/2549/2056 2089/2597/2100 2102/2548/2055
f 2041/2549/2056 2122/2596/2099 2089/2597/2100
f 2067/2542/2050 2090/2598/2101 2033/2543/2051
f 2067/2542/2050 2088/2594/2097 2090/2598/2101
f 2033/2543/2051 2079/2599/2102 2080/2576/2082
f 2033/2543/2051 2090/2598/2101 2079/2599/2102
f 2079/2599/2102 2090/2598/2101 2091/2600/2103
f 2079/2599/2102 2092/2595/2098 2081/2575/2081
f 2079/2599/2102 2091/2600/2103 2092/2595/2098
f 2081/2575/2081 2080/2576/2082 2079/2599/2102
f 2081/2575/2081 2092/2595/2098 2041/2549/2056
f 2083/2589/2092 2082/2563/2069 2059/2478/1991
f 2030/2537/2045 2114/2590/2093 1858/2346/1870
f 2084/2591/2094 2063/2566/2072 2002/2508/2019
f 2064/2510/1983 2094/2567/2073 2093/2601/2095
f 2047/2553/2060 2063/2566/2072 2106/2602/2104
f 2047/2553/2060 2106/2602/2104 2072/2581/2087
f 2095/2580/2086 2094/2567/2073 2048/2518/2027
f 2073/2569/2075 2072/2581/2087 2075/2568/2074
f 2072/2581/2087 2107/2593/2096 2075/2568/2074
f 2085/2583/2088 2096/2603/2105 2076/2559/2065
f 2085/2583/2088 2098/2604/2106 2097/2605/2107
f 2085/2583/2088 2097/2605/2107 2096/2603/2105
f 2055/2558/2064 2098/2606/2106 2085/2585/2088
f 2076/2559/2065 2096/2603/2105 2056/2526/2035
f 2055/2558/2064 2099/2607/2108 2098/2606/2106
f 2077/2586/2089 2099/2607/2108 2055/2558/2064
f 2077/2586/2089 2065/2572/2078 2099/2607/2108
f 2056/2526/2035 2100/2608/2109 2118/2588/2091
f 2032/2486/1999 2101/2609/2110 2078/2587/2090
f 2083/2589/2092 2104/2610/2111 2082/2563/2069
f 2083/2589/2092 2070/2578/2084 2104/2610/2111
f 2084/2591/2094 2105/2611/2112 2063/2566/2072
f 2107/2593/2096 2072/2581/2087 2130/2612/2113
f 2074/2570/2076 2107/2613/2096 2108/2614/2114
f 2074/2570/2076 2108/2614/2114 2095/2580/2086
f 2120/2487/2000 2101/2609/2110 2032/2486/1999
f 2086/2574/2080 2109/2615/2115 2066/2573/2079
f 1963/2463/1977 2134/2616/2116 2087/2409/1925
f 1963/2617/1977 2110/2618/2117 2134/2619/2116
f 2066/2573/2079 2111/2620/2118 2088/2594/2097
f 2066/2573/2079 2109/2615/2115 2111/2620/2118
f 2088/2594/2097 2111/2620/2118 2112/2621/2119
f 2088/2594/2097 2091/2600/2103 2090/2598/2101
f 2088/2594/2097 2112/2621/2119 2113/2622/2120
f 2113/2622/2120 2091/2600/2103 2088/2594/2097
f 2091/2600/2103 2122/2596/2099 2092/2595/2098
f 2091/2600/2103 2113/2622/2120 2122/2596/2099
f 2104/2610/2111 2103/2623/2121 2082/2563/2069
f 2070/2578/2084 2115/2579/2085 2104/2610/2111
f 2082/2563/2069 2103/2623/2121 2124/2624/2122
f 2082/2563/2069 2124/2624/2122 2030/2537/2045
f 2062/2565/2071 2116/2625/2123 2071/2459/1973
f 2071/2459/1973 2105/2611/2112 2084/2591/2094
f 2106/2602/2104 2130/2612/2113 2072/2581/2087
f 2106/2602/2104 2150/2626/2124 2130/2612/2113
f 2107/2613/2096 2130/2612/2113 2108/2614/2114
f 2096/2603/2105 2100/2608/2109 2056/2526/2035
f 2098/2604/2106 2117/2627/2125 2097/2605/2107
f 2099/2607/2108 2117/2628/2125 2098/2606/2106
f 2099/2607/2108 2065/2572/2078 2117/2628/2125
f 2118/2588/2091 2138/2629/2126 2086/2574/2080
f 2101/2609/2110 2119/2630/2127 2078/2587/2090
f 2086/2574/2080 2138/2629/2126 2109/2615/2115
f 2089/2597/2100 2121/2631/2128 2102/2548/2055
f 2089/2597/2100 2122/2596/2099 2121/2631/2128
f 2102/2548/2055 2110/2618/2117 1963/2617/1977
f 2102/2548/2055 2121/2631/2128 2110/2618/2117
f 2030/2537/2045 2124/2624/2122 2145/2632/2129
f 2030/2537/2045 2145/2632/2129 2114/2590/2093
f 2103/2623/2121 2123/2633/2130 2124/2624/2122
f 2045/2551/2058 2148/2634/2131 2061/2564/2070
f 2094/2567/2073 2126/2635/2132 2127/2636/2133
f 2108/2614/2114 2130/2612/2113 2128/2637/2134
f 2095/2580/2086 2108/2614/2114 2129/2638/2135
f 2095/2580/2086 2129/2638/2135 2126/2635/2132
f 2095/2580/2086 2126/2635/2132 2094/2567/2073
f 2108/2614/2114 2128/2637/2134 2129/2638/2135
f 2096/2603/2105 2097/2605/2107 2100/2608/2109
f 2100/2608/2109 2097/2605/2107 2131/2639/2136
f 2100/2608/2109 2131/2640/2136 2118/2588/2091
f 2065/2572/2078 2078/2587/2090 2139/2641/2137
f 2065/2572/2078 2139/2641/2137 2117/2628/2125
f 2087/2409/1925 2154/2642/2138 2120/2487/2000
f 2134/2616/2116 2154/2642/2138 2087/2409/1925
f 2111/2620/2118 2132/2643/2139 2112/2621/2119
f 2111/2620/2118 2140/2644/2140 2132/2643/2139
f 2121/2631/2128 2132/2643/2139 2143/2645/2141
f 2121/2631/2128 2133/2646/2142 2110/2618/2117
f 2121/2631/2128 2143/2645/2141 2133/2646/2142
f 2110/2618/2117 2144/2647/2143 2134/2648/2116
f 2132/2643/2139 2122/2596/2099 2112/2649/2119
f 2132/2643/2139 2140/2644/2140 2143/2645/2141
f 2121/2631/2128 2122/2596/2099 2132/2643/2139
f 2122/2596/2099 2113/2622/2120 2112/2649/2119
f 2104/2610/2111 2123/2633/2130 2103/2623/2121
f 2115/2579/2085 2123/2633/2130 2104/2610/2111
f 2115/2579/2085 2125/2650/2144 2123/2633/2130
f 2114/2590/2093 2062/2565/2071 1974/2415/1931
f 2105/2611/2112 2135/2651/2145 2063/2566/2072
f 2117/2627/2125 2136/2652/2146 2097/2605/2107
f 2117/2627/2125 2139/2653/2137 2136/2652/2146
f 2097/2605/2107 2151/2654/2147 2131/2639/2136
f 2097/2605/2107 2136/2652/2146 2151/2654/2147
f 2118/2588/2091 2137/2655/2148 2138/2629/2126
f 2078/2587/2090 2119/2630/2127 2139/2641/2137
f 2138/2629/2126 2153/2656/2149 2109/2615/2115
f 2109/2615/2115 2141/2657/2150 2155/2658/2151
f 2109/2615/2115 2155/2658/2151 2140/2644/2140
f 2109/2615/2115 2142/2659/2152 2161/2660/2153
f 2109/2615/2115 2161/2660/2153 2141/2657/2150
f 2109/2615/2115 2140/2644/2140 2111/2620/2118
f 2140/2644/2140 2155/2658/2151 2143/2661/2141
f 2133/2646/2142 2143/2645/2141 2144/2647/2143
f 2133/2646/2142 2144/2647/2143 2110/2618/2117
f 2145/2632/2129 2157/2662/2154 2146/2663/2155
f 2145/2632/2129 2146/2663/2155 2114/2590/2093
f 2124/2624/2122 2123/2633/2130 2157/2664/2154
f 2125/2650/2144 2156/2665/2156 2123/2633/2130
f 2061/2564/2070 2125/2650/2144 2115/2579/2085
f 2061/2564/2070 2147/2666/2157 2125/2650/2144
f 2148/2634/2131 2147/2666/2157 2061/2564/2070
f 2071/2459/1973 2116/2625/2123 2105/2611/2112
f 2093/2592/2095 2148/2634/2131 2045/2551/2058
f 2063/2566/2072 2135/2651/2145 2106/2602/2104
f 2106/2602/2104 2135/2651/2145 2149/2667/2158
f 2106/2602/2104 2149/2667/2158 2150/2626/2124
f 2130/2612/2113 2150/2626/2124 2172/2668/2159
f 2130/2612/2113 2172/2668/2159 2128/2637/2134
f 2136/2652/2146 2152/2669/2160 2151/2654/2147
f 2131/2640/2136 2151/2654/2147 2137/2655/2148
f 2131/2640/2136 2137/2655/2148 2118/2588/2091
f 2139/2653/2137 2152/2669/2160 2136/2652/2146
f 2120/2487/2000 2119/2630/2127 2101/2609/2110
f 2120/2487/2000 2154/2642/2138 2119/2630/2127
f 2109/2615/2115 2153/2656/2149 2142/2659/2152
f 2155/2658/2151 2144/2647/2143 2143/2661/2141
f 2155/2658/2151 2178/2670/2161 2134/2648/2116
f 2134/2648/2116 2144/2647/2143 2155/2658/2151
f 2134/2616/2116 2178/2671/2161 2154/2642/2138
f 2124/2624/2122 2157/2664/2154 2145/2632/2129
f 2156/2665/2156 2157/2672/2154 2123/2633/2130
f 2114/2590/2093 2180/2673/2162 2158/2674/2163
f 2114/2590/2093 2158/2674/2163 2062/2565/2071
f 2125/2650/2144 2147/2666/2157 2156/2665/2156
f 2062/2565/2071 2158/2674/2163 2116/2625/2123
f 2093/2592/2095 2127/2675/2133 2159/2676/2164
f 2094/2567/2073 2127/2636/2133 2093/2601/2095
f 2128/2637/2134 2172/2668/2159 2170/2677/2165
f 2128/2637/2134 2170/2677/2165 2129/2638/2135
f 2151/2654/2147 2152/2669/2160 2160/2678/2166
f 2151/2654/2147 2160/2678/2166 2137/2655/2148
f 2139/2641/2137 2119/2630/2127 2174/2679/2167
f 2139/2641/2137 2174/2679/2167 2152/2680/2160
f 2138/2629/2126 2137/2655/2148 2175/2681/2168
f 2138/2629/2126 2175/2681/2168 2153/2656/2149
f 2119/2630/2127 2176/2682/2169 2174/2679/2167
f 2119/2630/2127 2154/2642/2138 2176/2682/2169
f 2153/2656/2149 2175/2681/2168 2183/2683/2170
f 2153/2656/2149 2183/2683/2170 2142/2659/2152
f 2154/2642/2138 2179/2684/2171 2176/2682/2169
f 2142/2659/2152 2183/2683/2170 2162/2685/2172
f 2142/2659/2152 2162/2685/2172 2161/2660/2153
f 2154/2642/2138 2178/2671/2161 2179/2684/2171
f 2161/2660/2153 2178/2670/2161 2141/2657/2150
f 2161/2660/2153 2162/2685/2172 2178/2670/2161
f 2141/2657/2150 2178/2670/2161 2155/2658/2151
f 2157/2662/2154 2163/2686/2173 2146/2663/2155
f 2157/2672/2154 2156/2665/2156 2163/2686/2173
f 2163/2686/2173 2156/2665/2156 2164/2687/2174
f 2163/2686/2173 2165/2688/2175 2146/2663/2155
f 2163/2686/2173 2164/2687/2174 2165/2688/2175
f 2146/2663/2155 2165/2688/2175 2114/2590/2093
f 2147/2666/2157 2166/2689/2176 2156/2665/2156
f 2147/2666/2157 2167/2690/2177 2166/2689/2176
f 2147/2666/2157 2168/2691/2178 2167/2690/2177
f 2148/2634/2131 2159/2676/2164 2168/2691/2178
f 2093/2592/2095 2159/2676/2164 2148/2634/2131
f 2135/2651/2145 2105/2611/2112 2169/2692/2179
f 2129/2638/2135 2170/2677/2165 2171/2693/2180
f 2129/2638/2135 2171/2693/2180 2126/2635/2132
f 2150/2626/2124 2149/2667/2158 2172/2668/2159
f 2160/2678/2166 2152/2669/2160 2173/2694/2181
f 2160/2678/2166 2173/2694/2181 2137/2655/2148
f 2152/2669/2160 2174/2695/2167 2173/2694/2181
f 2173/2694/2181 2175/2681/2168 2137/2655/2148
f 2176/2696/2169 2177/2697/2182 2174/2695/2167
f 2176/2696/2169 2179/2698/2171 2177/2697/2182
f 2178/2671/2161 2162/2699/2172 2179/2684/2171
f 2156/2665/2156 2166/2689/2176 2164/2687/2174
f 2165/2688/2175 2181/2700/2183 2180/2673/2162
f 2164/2687/2174 2166/2689/2176 2165/2688/2175
f 2165/2688/2175 2180/2673/2162 2114/2590/2093
f 2180/2673/2162 2181/2700/2183 2158/2674/2163
f 2148/2634/2131 2168/2691/2178 2147/2666/2157
f 2116/2625/2123 2199/2701/2184 2105/2611/2112
f 2126/2635/2132 2187/2702/2185 2127/2636/2133
f 2126/2635/2132 2171/2693/2180 2187/2702/2185
f 2149/2667/2158 2197/2703/2186 2182/2704/2187
f 2149/2667/2158 2182/2704/2187 2172/2668/2159
f 2172/2668/2159 2182/2704/2187 2170/2677/2165
f 2170/2677/2165 2182/2704/2187 2171/2693/2180
f 2174/2695/2167 2177/2697/2182 2173/2694/2181
f 2173/2694/2181 2177/2697/2182 2175/2681/2168
f 2175/2681/2168 2177/2697/2182 2183/2705/2170
f 2177/2697/2182 2179/2698/2171 2183/2705/2170
f 2183/2705/2170 2179/2698/2171 2162/2706/2172
f 2166/2689/2176 2181/2700/2183 2165/2688/2175
f 2166/2689/2176 2167/2690/2177 2181/2700/2183
f 2127/2675/2133 2186/2707/2188 2159/2676/2164
f 2127/2708/2133 2187/2709/2185 2186/2710/2188
f 2135/2651/2145 2169/2692/2179 2149/2667/2158
f 2187/2709/2185 2189/2711/2189 2188/2712/2190
f 2171/2693/2180 2182/2704/2187 2189/2713/2189
f 2171/2714/2180 2189/2711/2189 2187/2709/2185
f 2182/2704/2187 2197/2703/2186 2189/2713/2189
f 2181/2700/2183 2167/2690/2177 2184/2715/2191
f 2181/2700/2183 2184/2716/2191 2158/2674/2163
f 2158/2674/2163 2190/2717/2192 2116/2625/2123
f 2184/2716/2191 2191/2718/2193 2158/2674/2163
f 2167/2690/2177 2191/2718/2193 2184/2715/2191
f 2167/2690/2177 2192/2719/2194 2191/2718/2193
f 2168/2691/2178 2192/2719/2194 2167/2690/2177
f 2168/2691/2178 2185/2720/2195 2192/2719/2194
f 2159/2676/2164 2186/2707/2188 2202/2721/2196
f 2159/2676/2164 2193/2722/2197 2168/2691/2178
f 2159/2676/2164 2202/2721/2196 2193/2722/2197
f 2105/2611/2112 2194/2723/2198 2169/2692/2179
f 2186/2707/2188 2195/2724/2199 2202/2721/2196
f 2169/2692/2179 2197/2703/2186 2149/2667/2158
f 2187/2709/2185 2195/2725/2199 2186/2710/2188
f 2187/2709/2185 2196/2726/2200 2195/2725/2199
f 2188/2712/2190 2203/2727/2201 2196/2726/2200
f 2188/2712/2190 2196/2726/2200 2187/2709/2185
f 2188/2712/2190 2197/2728/2186 2203/2727/2201
f 2189/2711/2189 2197/2728/2186 2188/2712/2190
f 2158/2674/2163 2191/2718/2193 2190/2729/2192
f 2191/2718/2193 2192/2719/2194 2198/2730/2202
f 2191/2718/2193 2198/2730/2202 2190/2729/2192
f 2190/2717/2192 2199/2701/2184 2116/2625/2123
f 2190/2717/2192 2200/2731/2203 2199/2701/2184
f 2193/2722/2197 2185/2720/2195 2168/2691/2178
f 2193/2722/2197 2204/2732/2204 2185/2720/2195
f 2199/2701/2184 2194/2723/2198 2105/2611/2112
f 2194/2723/2198 2200/2731/2203 2201/2733/2205
f 2194/2723/2198 2203/2734/2201 2169/2692/2179
f 2194/2723/2198 2201/2733/2205 2203/2734/2201
f 2195/2724/2199 2204/2735/2204 2202/2721/2196
f 2195/2724/2199 2196/2736/2200 2204/2735/2204
f 2203/2727/2201 2197/2728/2186 2169/2737/2179
f 2192/2719/2194 2185/2720/2195 2198/2730/2202
f 2198/2730/2202 2200/2731/2203 2190/2717/2192
f 2198/2730/2202 2205/2738/2206 2200/2731/2203
f 2198/2730/2202 2185/2720/2195 2205/2738/2206
f 2199/2701/2184 2200/2731/2203 2194/2723/2198
f 2205/2738/2206 2201/2739/2205 2200/2731/2203
f 2205/2738/2206 2204/2732/2204 2201/2739/2205
f 2185/2720/2195 2204/2732/2204 2205/2738/2206
f 2202/2721/2196 2204/2732/2204 2193/2722/2197
f 2203/2734/2201 2204/2740/2204 2196/2736/2200
f 2201/2733/2205 2204/2740/2204 2203/2734/2201
f 1271/1709/1297 2206/2741/2207 1339/1721/1299
f 1271/1709/1297 1414/1714/1351 2206/2741/2207
f 1414/1714/1351 1416/1838/1432 2206/2741/2207
f 1416/1838/1432 1338/1791/1396 2206/2741/2207
f 1339/1721/1299 2206/2741/2207 1338/1791/1396
