# Blender 5.0.1
# www.blender.org
mtllib goddard_pata_corto.mtl
o C_rculo_002
v -0.053622 0.039934 -0.420278
v -0.051022 0.038434 -0.407978
v -0.032322 0.046434 -0.410478
v -0.034322 0.048134 -0.422878
v -0.013422 0.054434 -0.411977
v -0.014922 0.056434 -0.424378
v -0.034522 0.045534 -0.435178
v -0.054422 0.037034 -0.432578
v -0.014622 0.054034 -0.436778
v -0.069622 0.030534 -0.404478
v -0.065022 0.024834 -0.394377
v -0.046822 0.032534 -0.397777
v -0.028622 0.040334 -0.400178
v -0.010222 0.048134 -0.401678
v 0.008178 0.056034 -0.402176
v 0.005378 0.062534 -0.412478
v 0.004478 0.064734 -0.424877
v 0.005378 0.062534 -0.437376
v -0.012222 0.047334 -0.447076
v 0.008178 0.056034 -0.447678
v -0.032722 0.038634 -0.445478
v -0.053022 0.029934 -0.442777
v -0.073222 0.021334 -0.438978
v -0.074122 0.028634 -0.428878
v -0.072822 0.031734 -0.416678
v -0.026522 -0.023666 -0.420278
v -0.007222 -0.015466 -0.422878
v -0.007022 -0.012766 -0.410478
v -0.025822 -0.020766 -0.407978
v -0.029122 -0.022166 -0.432578
v -0.009322 -0.013766 -0.435178
v 0.012178 -0.007166 -0.424378
v 0.011778 -0.004766 -0.411977
v 0.010678 -0.005266 -0.436778
v -0.044422 -0.028666 -0.404478
v -0.027122 -0.013666 -0.397777
v -0.045322 -0.021466 -0.394377
v -0.045722 -0.031866 -0.416678
v -0.048822 -0.030566 -0.428878
v -0.053422 -0.024866 -0.438978
v -0.033322 -0.016266 -0.442777
v -0.013022 -0.007666 -0.445478
v 0.007478 0.001034 -0.447076
v 0.030678 0.003334 -0.437376
v 0.027878 0.009834 -0.447678
v 0.031578 0.001134 -0.424877
v 0.030678 0.003334 -0.412478
v 0.009478 0.001934 -0.401678
v 0.027878 0.009834 -0.402176
v -0.008922 -0.005866 -0.400178
v -0.101822 -0.055766 -0.399777
v -0.083422 -0.047866 -0.406377
v -0.081022 -0.044366 -0.394477
v -0.098922 -0.051966 -0.388077
v -0.106622 -0.055266 -0.411476
v -0.087622 -0.047166 -0.418277
v -0.064622 -0.039966 -0.411977
v -0.062822 -0.036566 -0.399978
v -0.068322 -0.038966 -0.424076
v -0.098522 -0.044066 -0.378377
v -0.115722 -0.051466 -0.371177
v -0.116522 -0.059466 -0.380677
v -0.120022 -0.063566 -0.392177
v -0.125322 -0.063266 -0.403576
v -0.131722 -0.058266 -0.413177
v -0.112622 -0.050166 -0.421176
v -0.093122 -0.041866 -0.428178
v -0.073422 -0.033466 -0.434078
v -0.063322 -0.029066 -0.389977
v -0.081022 -0.036666 -0.384576
v -0.172122 -0.085766 -0.363677
v -0.155122 -0.078466 -0.374077
v -0.150722 -0.074066 -0.363077
v -0.167122 -0.081066 -0.352976
v -0.178922 -0.086066 -0.374277
v -0.161522 -0.078666 -0.385077
v -0.137822 -0.071066 -0.383577
v -0.133822 -0.066866 -0.372376
v -0.143622 -0.071066 -0.394777
v -0.165022 -0.072466 -0.344177
v -0.180622 -0.079066 -0.333477
v -0.183122 -0.087866 -0.341977
v -0.188522 -0.092766 -0.352377
v -0.195822 -0.093266 -0.362676
v -0.203822 -0.088966 -0.371276
v -0.186522 -0.081666 -0.383177
v -0.168722 -0.074066 -0.394077
v -0.150422 -0.066266 -0.404077
v -0.132522 -0.058666 -0.362977
v -0.149022 -0.065666 -0.353977
v -0.234422 -0.112366 -0.313376
v -0.219722 -0.106066 -0.327176
v -0.213422 -0.100766 -0.317576
v -0.227722 -0.106866 -0.304176
v -0.243022 -0.113466 -0.322576
v -0.227922 -0.106966 -0.336776
v -0.204422 -0.099466 -0.340177
v -0.198522 -0.094466 -0.330177
v -0.212122 -0.100266 -0.350177
v -0.224122 -0.097666 -0.296476
v -0.237422 -0.103366 -0.282676
v -0.241422 -0.112666 -0.289976
v -0.248522 -0.118366 -0.298776
v -0.257522 -0.119566 -0.307576
v -0.252222 -0.109666 -0.330177
v -0.267022 -0.115966 -0.314876
v -0.236722 -0.103066 -0.344777
v -0.220522 -0.096166 -0.358377
v -0.195622 -0.085566 -0.321876
v -0.210122 -0.091666 -0.309576
v -0.286622 -0.134566 -0.250776
v -0.274622 -0.129466 -0.267476
v -0.266722 -0.123566 -0.259576
v -0.278322 -0.128466 -0.243377
v -0.296722 -0.136266 -0.258177
v -0.284422 -0.131066 -0.275376
v -0.261922 -0.124066 -0.283476
v -0.254422 -0.118266 -0.275076
v -0.271322 -0.125466 -0.291776
v -0.273522 -0.118766 -0.237277
v -0.284122 -0.123266 -0.220877
v -0.289222 -0.133066 -0.226577
v -0.297822 -0.139366 -0.233477
v -0.308222 -0.141266 -0.240378
v -0.318922 -0.138066 -0.246177
v -0.307122 -0.133066 -0.264376
v -0.294522 -0.127666 -0.281877
v -0.281122 -0.121966 -0.298776
v -0.250122 -0.108766 -0.268176
v -0.262222 -0.113866 -0.253076
v -0.326522 -0.151566 -0.178376
v -0.317822 -0.147866 -0.197277
v -0.308622 -0.141366 -0.191377
v -0.317122 -0.144966 -0.173076
v -0.337822 -0.153866 -0.183676
v -0.328822 -0.149966 -0.203076
v -0.308222 -0.143766 -0.215676
v -0.299322 -0.137466 -0.209277
v -0.318922 -0.145766 -0.222077
v -0.311322 -0.134866 -0.168677
v -0.318822 -0.138066 -0.150377
v -0.324822 -0.148266 -0.154276
v -0.334422 -0.154966 -0.159076
v -0.345922 -0.157266 -0.163776
v -0.357422 -0.154466 -0.167776
v -0.349122 -0.150966 -0.188076
v -0.339922 -0.147066 -0.207976
v -0.329822 -0.142766 -0.227376
v -0.294022 -0.127466 -0.203977
v -0.303022 -0.131366 -0.186577
v -0.352722 -0.162766 -0.098878
v -0.347522 -0.160566 -0.119277
v -0.337522 -0.153666 -0.115676
v -0.342522 -0.155866 -0.095877
v -0.364722 -0.165266 -0.101877
v -0.359422 -0.163066 -0.122877
v -0.341422 -0.157966 -0.139277
v -0.331622 -0.151166 -0.135176
v -0.353122 -0.160366 -0.143476
v -0.336122 -0.145466 -0.093377
v -0.340122 -0.147166 -0.073776
v -0.346722 -0.157566 -0.075777
v -0.357022 -0.164566 -0.078277
v -0.369122 -0.167166 -0.080677
v -0.381222 -0.164666 -0.082677
v -0.376722 -0.162766 -0.104377
v -0.371222 -0.160366 -0.125877
v -0.364822 -0.157666 -0.146977
v -0.325422 -0.140866 -0.131677
v -0.331222 -0.143366 -0.112677
v -0.364122 -0.167566 -0.015376
v -0.362722 -0.166966 -0.036477
v -0.352222 -0.159966 -0.035177
v -0.353622 -0.160566 -0.014776
v -0.376422 -0.170266 -0.015976
v -0.375022 -0.169666 -0.037676
v -0.360322 -0.165966 -0.057376
v -0.349922 -0.158966 -0.055576
v -0.372522 -0.168666 -0.059276
v -0.346922 -0.150066 -0.014276
v -0.347422 -0.150266 0.005824
v -0.354122 -0.160766 0.005824
v -0.364622 -0.167766 0.005824
v -0.376922 -0.170466 0.005824
v -0.388722 -0.167866 -0.016476
v -0.389222 -0.168066 0.005824
v -0.387222 -0.167166 -0.038676
v -0.384722 -0.166166 -0.060777
v -0.343322 -0.148466 -0.054077
v -0.345522 -0.149466 -0.034176
v -0.360322 -0.165966 0.069022
v -0.362722 -0.166966 0.048023
v -0.352222 -0.159966 0.046824
v -0.349922 -0.158966 0.067124
v -0.372522 -0.168666 0.070822
v -0.375022 -0.169666 0.049223
v -0.364122 -0.167566 0.026924
v -0.353622 -0.160566 0.026324
v -0.376422 -0.170266 0.027524
v -0.343322 -0.148466 0.065623
v -0.340122 -0.147166 0.085423
v -0.346722 -0.157566 0.087423
v -0.357022 -0.164566 0.089823
v -0.369122 -0.167166 0.092223
v -0.384722 -0.166166 0.072324
v -0.381222 -0.164666 0.094223
v -0.387222 -0.167166 0.050224
v -0.388722 -0.167866 0.028024
v -0.346922 -0.150066 0.025824
v -0.345522 -0.149466 0.045723
v -0.341422 -0.157966 0.150924
v -0.347522 -0.160566 0.130823
v -0.337522 -0.153666 0.127223
v -0.331622 -0.151166 0.146724
v -0.353122 -0.160366 0.155124
v -0.359422 -0.163066 0.134423
v -0.352722 -0.162766 0.110423
v -0.342522 -0.155866 0.107423
v -0.364722 -0.165266 0.113422
v -0.325422 -0.140866 0.143222
v -0.318822 -0.138066 0.161922
v -0.324822 -0.148266 0.165824
v -0.334422 -0.154966 0.170623
v -0.345922 -0.157266 0.175324
v -0.364822 -0.157666 0.158523
v -0.357422 -0.154466 0.179323
v -0.371222 -0.160366 0.137424
v -0.376722 -0.162766 0.115924
v -0.336122 -0.145466 0.104924
v -0.331222 -0.143366 0.124224
v -0.308222 -0.143766 0.227224
v -0.317822 -0.147866 0.208824
v -0.308622 -0.141366 0.202923
v -0.299322 -0.137466 0.220822
v -0.318922 -0.145766 0.233624
v -0.328822 -0.149966 0.214722
v -0.326522 -0.151566 0.189923
v -0.317122 -0.144966 0.184623
v -0.337822 -0.153866 0.195223
v -0.294022 -0.127466 0.215522
v -0.284122 -0.123266 0.232423
v -0.289222 -0.133066 0.238123
v -0.297822 -0.139366 0.245023
v -0.308222 -0.141266 0.252023
v -0.329822 -0.142766 0.238923
v -0.318922 -0.138066 0.257724
v -0.339922 -0.147066 0.219524
v -0.349122 -0.150966 0.199623
v -0.311322 -0.134866 0.180222
v -0.303022 -0.131366 0.198123
v -0.261922 -0.124066 0.295024
v -0.274622 -0.129466 0.279024
v -0.266722 -0.123566 0.271124
v -0.254422 -0.118266 0.286723
v -0.271322 -0.125466 0.303423
v -0.284422 -0.131066 0.286923
v -0.286622 -0.134566 0.262324
v -0.278322 -0.128466 0.254923
v -0.296722 -0.136266 0.269724
v -0.250122 -0.108766 0.279723
v -0.237422 -0.103366 0.294224
v -0.241422 -0.112666 0.301523
v -0.248522 -0.118366 0.310324
v -0.257522 -0.119566 0.319123
v -0.281122 -0.121966 0.310324
v -0.267022 -0.115966 0.326423
v -0.294522 -0.127666 0.293424
v -0.307122 -0.133066 0.275923
v -0.273522 -0.118766 0.248822
v -0.262222 -0.113866 0.264623
v -0.204422 -0.099466 0.351723
v -0.219722 -0.106066 0.338724
v -0.213422 -0.100766 0.329123
v -0.198522 -0.094466 0.341723
v -0.212122 -0.100266 0.361724
v -0.227922 -0.106966 0.348323
v -0.234422 -0.112366 0.324923
v -0.227722 -0.106866 0.315724
v -0.243022 -0.113466 0.334123
v -0.195622 -0.085566 0.333423
v -0.180622 -0.079066 0.345023
v -0.183122 -0.087866 0.353523
v -0.188522 -0.092766 0.363923
v -0.195822 -0.093266 0.374224
v -0.220522 -0.096166 0.370023
v -0.203822 -0.088966 0.382823
v -0.236722 -0.103066 0.356324
v -0.252222 -0.109666 0.341723
v -0.224122 -0.097666 0.308023
v -0.210122 -0.091666 0.321124
v -0.137822 -0.071066 0.395124
v -0.155122 -0.078466 0.385623
v -0.150722 -0.074066 0.374624
v -0.133822 -0.066866 0.383924
v -0.143622 -0.071066 0.406423
v -0.161522 -0.078666 0.396623
v -0.172122 -0.085766 0.375223
v -0.167122 -0.081066 0.364524
v -0.178922 -0.086066 0.385923
v -0.132522 -0.058666 0.374624
v -0.115722 -0.051466 0.382723
v -0.116522 -0.059466 0.392224
v -0.120022 -0.063566 0.403724
v -0.125322 -0.063266 0.415224
v -0.150422 -0.066266 0.415723
v -0.131722 -0.058266 0.424724
v -0.168722 -0.074066 0.405723
v -0.186522 -0.081666 0.394724
v -0.165022 -0.072466 0.355724
v -0.149022 -0.065666 0.365624
v -0.064622 -0.039966 0.423622
v -0.083422 -0.047866 0.417923
v -0.081022 -0.044366 0.406023
v -0.062822 -0.036566 0.411522
v -0.068322 -0.038966 0.435622
v -0.087622 -0.047166 0.429824
v -0.101822 -0.055766 0.411323
v -0.098922 -0.051966 0.399623
v -0.106622 -0.055266 0.423024
v -0.063322 -0.029066 0.401524
v -0.045322 -0.021466 0.405923
v -0.044422 -0.028666 0.416022
v -0.045722 -0.031866 0.428222
v -0.048822 -0.030566 0.440423
v -0.073422 -0.033466 0.445623
v -0.053422 -0.024866 0.450522
v -0.093122 -0.041866 0.439722
v -0.112622 -0.050166 0.432724
v -0.098522 -0.044066 0.389923
v -0.081022 -0.036666 0.396223
v 0.012178 -0.007166 0.435923
v -0.007222 -0.015466 0.434422
v -0.007022 -0.012766 0.422022
v 0.011778 -0.004766 0.423523
v 0.010678 -0.005266 0.448422
v -0.009322 -0.013766 0.446822
v -0.026522 -0.023666 0.431822
v -0.025822 -0.020766 0.419523
v -0.029122 -0.022166 0.444122
v 0.009478 0.001934 0.413222
v 0.027878 0.009834 0.413723
v 0.030678 0.003334 0.424022
v 0.031578 0.001134 0.436522
v 0.030678 0.003334 0.448922
v 0.007478 0.001034 0.458723
v 0.027878 0.009834 0.459222
v -0.013022 -0.007666 0.457022
v -0.033322 -0.016266 0.454322
v -0.027122 -0.013666 0.409323
v -0.008922 -0.005866 0.411822
v 0.089778 0.025934 0.431822
v 0.070478 0.017734 0.434422
v 0.068378 0.019334 0.422022
v 0.087178 0.027334 0.419523
v 0.090478 0.028834 0.444122
v 0.070678 0.020334 0.446822
v 0.051078 0.009434 0.435923
v 0.049578 0.011334 0.423523
v 0.050678 0.011834 0.448422
v 0.082978 0.033234 0.409323
v 0.101078 0.041034 0.405923
v 0.105778 0.035334 0.416022
v 0.108878 0.034034 0.428222
v 0.110178 0.037234 0.440423
v 0.089078 0.035934 0.454322
v 0.109278 0.044534 0.450522
v 0.068778 0.027234 0.457022
v 0.048378 0.018534 0.458723
v 0.046278 0.017634 0.413222
v 0.064678 0.025434 0.411822
v 0.165078 0.058034 0.411323
v 0.146578 0.050134 0.417922
v 0.142378 0.050934 0.406022
v 0.160278 0.058534 0.399622
v 0.167978 0.061834 0.423022
v 0.148978 0.053734 0.429823
v 0.127878 0.042134 0.423622
v 0.124178 0.043134 0.411522
v 0.129778 0.045534 0.435622
v 0.154378 0.063734 0.389922
v 0.171478 0.071034 0.382722
v 0.177878 0.066034 0.392222
v 0.183178 0.065734 0.403722
v 0.186678 0.069834 0.415222
v 0.168478 0.069734 0.432722
v 0.187578 0.077834 0.424722
v 0.148978 0.061434 0.439722
v 0.129278 0.053034 0.445623
v 0.119078 0.048634 0.401524
v 0.136878 0.056234 0.396223
v 0.235278 0.087934 0.375223
v 0.218378 0.080734 0.385623
v 0.212078 0.080634 0.374622
v 0.228478 0.087634 0.364524
v 0.240278 0.092634 0.385922
v 0.222878 0.085234 0.396622
v 0.200978 0.073334 0.395122
v 0.195178 0.073434 0.383922
v 0.204978 0.077634 0.406422
v 0.220878 0.092034 0.355722
v 0.236378 0.098734 0.345022
v 0.244478 0.094434 0.353522
v 0.251678 0.094934 0.363922
v 0.257178 0.099834 0.374224
v 0.242378 0.101234 0.394722
v 0.259678 0.108634 0.382822
v 0.224578 0.093634 0.405722
v 0.206278 0.085834 0.415722
v 0.188378 0.078234 0.374622
v 0.204778 0.085234 0.365622
v 0.297678 0.114534 0.324923
v 0.282978 0.108334 0.338722
v 0.274778 0.107334 0.329122
v 0.289078 0.113434 0.315722
v 0.304478 0.120034 0.334122
v 0.289278 0.113534 0.348322
v 0.267578 0.101734 0.351722
v 0.259878 0.101034 0.341722
v 0.273478 0.106834 0.361722
v 0.279978 0.117234 0.308022
v 0.293278 0.122934 0.294223
v 0.302778 0.119334 0.301522
v 0.311778 0.120534 0.310322
v 0.318878 0.126234 0.319122
v 0.307978 0.129234 0.341722
v 0.322878 0.135534 0.326422
v 0.292478 0.122634 0.356322
v 0.276378 0.115734 0.370023
v 0.251478 0.105134 0.333422
v 0.265978 0.111334 0.321122
v 0.349878 0.136834 0.262322
v 0.337878 0.131734 0.279022
v 0.328078 0.130134 0.271122
v 0.339678 0.135034 0.254922
v 0.358078 0.142934 0.269722
v 0.345778 0.137634 0.286922
v 0.325178 0.126334 0.295022
v 0.315778 0.124834 0.286722
v 0.332678 0.132034 0.303422
v 0.329378 0.138334 0.248822
v 0.339978 0.142834 0.232422
v 0.350578 0.139734 0.238122
v 0.361078 0.141634 0.245122
v 0.369578 0.147834 0.252023
v 0.362978 0.152634 0.275922
v 0.374678 0.157634 0.257722
v 0.350378 0.147234 0.293422
v 0.336978 0.141534 0.310322
v 0.305978 0.128334 0.279722
v 0.317978 0.133534 0.264622
v 0.389778 0.153834 0.189922
v 0.380978 0.150134 0.208822
v 0.369978 0.147934 0.202922
v 0.378478 0.151634 0.184622
v 0.399178 0.160434 0.195222
v 0.390178 0.156534 0.214722
v 0.371478 0.146034 0.227222
v 0.360678 0.144034 0.220822
v 0.380278 0.152334 0.233622
v 0.367178 0.154434 0.180222
v 0.374678 0.157634 0.161922
v 0.386178 0.154834 0.165822
v 0.397678 0.157234 0.170622
v 0.407278 0.163834 0.175322
v 0.404978 0.170534 0.199622
v 0.413278 0.174134 0.179322
v 0.395778 0.166634 0.219522
v 0.385678 0.162334 0.238922
v 0.349778 0.147034 0.215522
v 0.358878 0.150934 0.198122
v 0.415978 0.165034 0.110422
v 0.410778 0.162734 0.130822
v 0.398878 0.160234 0.127222
v 0.403878 0.162434 0.107422
v 0.426078 0.171934 0.113422
v 0.420778 0.169634 0.134422
v 0.404678 0.160134 0.150922
v 0.392978 0.157734 0.146722
v 0.414478 0.166934 0.155122
v 0.391978 0.165034 0.104922
v 0.395978 0.166734 0.085422
v 0.408078 0.164234 0.087422
v 0.420178 0.166834 0.089822
v 0.430478 0.173734 0.092222
v 0.432478 0.182334 0.115922
v 0.436978 0.184234 0.094222
v 0.427078 0.179934 0.137422
v 0.420678 0.177234 0.158522
v 0.381278 0.160434 0.143222
v 0.387078 0.162934 0.124222
v 0.427278 0.169834 0.026922
v 0.425878 0.169234 0.048022
v 0.413578 0.166534 0.046822
v 0.414978 0.167134 0.026322
v 0.437778 0.176934 0.027522
v 0.436378 0.176234 0.049222
v 0.423478 0.168234 0.069022
v 0.411278 0.165534 0.067122
v 0.433878 0.175234 0.070822
v 0.402778 0.169634 0.025822
v 0.403178 0.169834 0.005822
v 0.415478 0.167334 0.005822
v 0.427778 0.170034 0.005822
v 0.438278 0.177134 0.005822
v 0.444478 0.187434 0.028022
v 0.444978 0.187634 0.005822
v 0.442978 0.186734 0.050222
v 0.440478 0.185734 0.072322
v 0.399178 0.168034 0.065622
v 0.401378 0.169034 0.045722
v 0.423478 0.168234 -0.057378
v 0.425878 0.169234 -0.036478
v 0.413578 0.166534 -0.035178
v 0.411278 0.165534 -0.055578
v 0.433878 0.175234 -0.059278
v 0.436378 0.176234 -0.037678
v 0.427278 0.169834 -0.015378
v 0.414978 0.167134 -0.014778
v 0.437778 0.176934 -0.015978
v 0.399178 0.168034 -0.054078
v 0.395978 0.166734 -0.073778
v 0.408078 0.164234 -0.075778
v 0.420178 0.166834 -0.078278
v 0.430478 0.173734 -0.080678
v 0.440478 0.185734 -0.060778
v 0.436978 0.184234 -0.082678
v 0.442978 0.186734 -0.038678
v 0.444478 0.187434 -0.016478
v 0.402778 0.169634 -0.014278
v 0.401378 0.169034 -0.034178
v 0.404678 0.160134 -0.139278
v 0.410778 0.162734 -0.119278
v 0.398878 0.160234 -0.115678
v 0.392978 0.157734 -0.135178
v 0.414478 0.166934 -0.143478
v 0.420778 0.169634 -0.122878
v 0.415978 0.165034 -0.098878
v 0.403878 0.162434 -0.095878
v 0.426078 0.171934 -0.101878
v 0.381278 0.160434 -0.131678
v 0.374678 0.157634 -0.150378
v 0.386178 0.154834 -0.154278
v 0.397678 0.157234 -0.159078
v 0.407278 0.163834 -0.163778
v 0.420678 0.177234 -0.146978
v 0.413278 0.174134 -0.167778
v 0.427078 0.179934 -0.125878
v 0.432478 0.182334 -0.104378
v 0.391978 0.165034 -0.093378
v 0.387078 0.162934 -0.112678
v 0.371478 0.146034 -0.215678
v 0.380978 0.150134 -0.197278
v 0.369978 0.147934 -0.191378
v 0.360678 0.144034 -0.209278
v 0.380278 0.152334 -0.222078
v 0.390178 0.156534 -0.203078
v 0.389778 0.153834 -0.178378
v 0.378478 0.151634 -0.173078
v 0.399178 0.160434 -0.183678
v 0.349778 0.147034 -0.203978
v 0.339978 0.142834 -0.220878
v 0.350578 0.139734 -0.226578
v 0.361078 0.141634 -0.233478
v 0.369578 0.147834 -0.240378
v 0.385678 0.162334 -0.227378
v 0.374678 0.157634 -0.246178
v 0.395778 0.166634 -0.207978
v 0.404978 0.170534 -0.188078
v 0.367178 0.154434 -0.168678
v 0.358878 0.150934 -0.186578
v 0.325178 0.126334 -0.283478
v 0.337878 0.131734 -0.267478
v 0.328078 0.130134 -0.259578
v 0.315778 0.124834 -0.275078
v 0.332678 0.132034 -0.291778
v 0.345778 0.137634 -0.275378
v 0.349878 0.136834 -0.250778
v 0.339678 0.135034 -0.243378
v 0.358078 0.142934 -0.258178
v 0.305978 0.128334 -0.268178
v 0.293278 0.122934 -0.282678
v 0.302778 0.119334 -0.289978
v 0.311778 0.120534 -0.298778
v 0.318878 0.126234 -0.307578
v 0.336978 0.141534 -0.298778
v 0.322878 0.135534 -0.314878
v 0.350378 0.147234 -0.281878
v 0.362978 0.152634 -0.264378
v 0.329378 0.138334 -0.237278
v 0.317978 0.133534 -0.253078
v 0.267578 0.101734 -0.340178
v 0.282978 0.108334 -0.327177
v 0.274778 0.107334 -0.317578
v 0.259878 0.101034 -0.330178
v 0.273478 0.106834 -0.350177
v 0.289278 0.113534 -0.336776
v 0.297678 0.114534 -0.313377
v 0.289078 0.113434 -0.304178
v 0.304478 0.120034 -0.322578
v 0.251478 0.105134 -0.321878
v 0.236378 0.098734 -0.333477
v 0.244478 0.094434 -0.341978
v 0.251678 0.094934 -0.352378
v 0.257178 0.099834 -0.362677
v 0.276378 0.115734 -0.358378
v 0.259678 0.108634 -0.371276
v 0.292478 0.122634 -0.344777
v 0.307978 0.129234 -0.330178
v 0.279978 0.117234 -0.296477
v 0.265978 0.111334 -0.309577
v 0.200978 0.073334 -0.383577
v 0.218378 0.080734 -0.374077
v 0.212078 0.080634 -0.363078
v 0.195178 0.073434 -0.372377
v 0.204978 0.077634 -0.394778
v 0.222878 0.085234 -0.385078
v 0.235278 0.087934 -0.363678
v 0.228478 0.087634 -0.352977
v 0.240278 0.092634 -0.374278
v 0.188378 0.078234 -0.362978
v 0.171478 0.071034 -0.371177
v 0.177878 0.066034 -0.380678
v 0.183178 0.065734 -0.392178
v 0.186678 0.069834 -0.403577
v 0.206278 0.085834 -0.404078
v 0.187578 0.077834 -0.413178
v 0.224578 0.093634 -0.394078
v 0.242378 0.101234 -0.383178
v 0.220878 0.092034 -0.344178
v 0.204778 0.085234 -0.353978
v 0.127878 0.042134 -0.411977
v 0.146578 0.050134 -0.406377
v 0.142378 0.050934 -0.394478
v 0.124178 0.043134 -0.399978
v 0.129778 0.045534 -0.424076
v 0.148978 0.053734 -0.418278
v 0.165078 0.058034 -0.399778
v 0.160278 0.058534 -0.388077
v 0.167978 0.061834 -0.411477
v 0.119078 0.048634 -0.389977
v 0.101078 0.041034 -0.394377
v 0.105778 0.035334 -0.404478
v 0.108878 0.034034 -0.416678
v 0.110178 0.037234 -0.428878
v 0.129278 0.053034 -0.434078
v 0.109278 0.044534 -0.438978
v 0.148978 0.061434 -0.428178
v 0.168478 0.069734 -0.421177
v 0.154378 0.063734 -0.378377
v 0.136878 0.056234 -0.384576
v 0.051078 0.009434 -0.424378
v 0.070478 0.017734 -0.422878
v 0.068378 0.019334 -0.410478
v 0.049578 0.011334 -0.411977
v 0.050678 0.011834 -0.436778
v 0.070678 0.020334 -0.435178
v 0.089778 0.025934 -0.420278
v 0.087178 0.027334 -0.407978
v 0.090478 0.028834 -0.432578
v 0.046278 0.017634 -0.401678
v 0.048378 0.018534 -0.447076
v 0.068778 0.027234 -0.445478
v 0.089078 0.035934 -0.442777
v 0.082978 0.033234 -0.397777
v 0.064678 0.025434 -0.400178
v -0.106222 0.014934 -0.394478
v -0.110522 0.015634 -0.406377
v -0.129022 0.007834 -0.399778
v -0.124222 0.007234 -0.388077
v -0.088022 0.022634 -0.399978
v -0.091722 0.023634 -0.411977
v -0.112922 0.012034 -0.418278
v -0.131922 0.003934 -0.411477
v -0.093622 0.020334 -0.424076
v -0.118222 0.002134 -0.378377
v -0.141822 -0.000266 -0.380678
v -0.135422 -0.005166 -0.371177
v -0.100722 0.009534 -0.384576
v -0.083022 0.017134 -0.389977
v -0.093122 0.012834 -0.434078
v -0.112922 0.004434 -0.428178
v -0.132322 -0.003866 -0.421177
v -0.151422 -0.012066 -0.413178
v -0.150522 -0.003966 -0.403577
v -0.147122 0.000034 -0.392178
v -0.175922 -0.014766 -0.363078
v -0.182222 -0.014966 -0.374077
v -0.199222 -0.022166 -0.363678
v -0.192422 -0.021766 -0.352977
v -0.159122 -0.007566 -0.372377
v -0.164922 -0.007566 -0.383577
v -0.186722 -0.019366 -0.385078
v -0.204122 -0.026866 -0.374278
v -0.168822 -0.011766 -0.394778
v -0.208322 -0.028566 -0.341978
v -0.200322 -0.032866 -0.333477
v -0.184722 -0.026266 -0.344178
v -0.168722 -0.019366 -0.353978
v -0.152222 -0.012366 -0.362978
v -0.170122 -0.019966 -0.404078
v -0.188422 -0.027766 -0.394078
v -0.206222 -0.035366 -0.383178
v -0.223522 -0.042766 -0.371276
v -0.221022 -0.034066 -0.362677
v -0.215622 -0.029166 -0.352378
v -0.238622 -0.041566 -0.317578
v -0.246822 -0.042466 -0.327177
v -0.261522 -0.048766 -0.313376
v -0.252922 -0.047666 -0.304176
v -0.223822 -0.035166 -0.330178
v -0.231522 -0.035966 -0.340178
v -0.253222 -0.047766 -0.336776
v -0.268322 -0.054166 -0.322576
v -0.237422 -0.040966 -0.350177
v -0.266622 -0.053466 -0.289976
v -0.257122 -0.057066 -0.282676
v -0.243822 -0.051466 -0.296476
v -0.229922 -0.045466 -0.309576
v -0.215322 -0.039266 -0.321878
v -0.240322 -0.049866 -0.358377
v -0.256422 -0.056766 -0.344777
v -0.271922 -0.063366 -0.330177
v -0.286722 -0.069766 -0.314876
v -0.282822 -0.060366 -0.307576
v -0.275622 -0.054766 -0.298776
v -0.292022 -0.064266 -0.259576
v -0.301722 -0.065866 -0.267476
v -0.313722 -0.070966 -0.250776
v -0.303622 -0.069266 -0.243377
v -0.279622 -0.059066 -0.275076
v -0.289022 -0.060466 -0.283476
v -0.309722 -0.071866 -0.275376
v -0.322022 -0.077066 -0.258177
v -0.296622 -0.066266 -0.291776
v -0.314522 -0.073866 -0.226577
v -0.303822 -0.076966 -0.220877
v -0.293222 -0.072466 -0.237277
v -0.281922 -0.067666 -0.253076
v -0.269822 -0.062566 -0.268176
v -0.300822 -0.075766 -0.298776
v -0.314222 -0.081466 -0.281877
v -0.326822 -0.086866 -0.264376
v -0.338622 -0.091866 -0.246177
v -0.333522 -0.081966 -0.240378
v -0.324922 -0.075766 -0.233477
v -0.333922 -0.082166 -0.191377
v -0.344922 -0.084266 -0.197278
v -0.353622 -0.087966 -0.178377
v -0.342422 -0.085766 -0.173077
v -0.324622 -0.078166 -0.209277
v -0.335322 -0.080166 -0.215677
v -0.354122 -0.090766 -0.203077
v -0.363022 -0.094566 -0.183677
v -0.344222 -0.086566 -0.222078
v -0.350022 -0.089066 -0.154277
v -0.338522 -0.091766 -0.150377
v -0.331022 -0.088666 -0.168677
v -0.322722 -0.085066 -0.186577
v -0.313722 -0.081266 -0.203977
v -0.349522 -0.096466 -0.227377
v -0.359622 -0.100866 -0.207977
v -0.368822 -0.104766 -0.188077
v -0.377122 -0.108266 -0.167777
v -0.371222 -0.098066 -0.163777
v -0.361522 -0.091366 -0.159077
v -0.362722 -0.094466 -0.115676
v -0.374622 -0.096966 -0.119277
v -0.379822 -0.099166 -0.098878
v -0.367822 -0.096566 -0.095877
v -0.356822 -0.091966 -0.135177
v -0.368522 -0.094366 -0.139278
v -0.384622 -0.103766 -0.122877
v -0.390022 -0.106066 -0.101877
v -0.378422 -0.101066 -0.143477
v -0.371922 -0.098366 -0.075778
v -0.359922 -0.100866 -0.073778
v -0.355822 -0.099166 -0.093377
v -0.350922 -0.097066 -0.112677
v -0.345122 -0.094666 -0.131677
v -0.384522 -0.111466 -0.146977
v -0.390922 -0.114166 -0.125877
v -0.396422 -0.116466 -0.104377
v -0.400922 -0.118366 -0.082677
v -0.394422 -0.107966 -0.080677
v -0.384122 -0.100966 -0.078277
v -0.377522 -0.100766 -0.035177
v -0.389822 -0.103466 -0.036478
v -0.391222 -0.104066 -0.015378
v -0.378822 -0.101366 -0.014778
v -0.375122 -0.099766 -0.055578
v -0.387422 -0.102366 -0.057378
v -0.400222 -0.110466 -0.037678
v -0.401722 -0.111066 -0.015978
v -0.397822 -0.109366 -0.059278
v -0.379322 -0.101566 0.005822
v -0.367122 -0.103966 0.005822
v -0.366622 -0.103766 -0.014278
v -0.365322 -0.103166 -0.034178
v -0.363022 -0.102266 -0.054078
v -0.404422 -0.119866 -0.060778
v -0.406922 -0.120966 -0.038677
v -0.408422 -0.121566 -0.016478
v -0.408922 -0.121866 0.005822
v -0.402222 -0.111266 0.005822
v -0.391722 -0.104266 0.005822
v -0.377522 -0.100766 0.046823
v -0.389822 -0.103466 0.048023
v -0.387422 -0.102366 0.069022
v -0.375122 -0.099766 0.067124
v -0.378822 -0.101366 0.026322
v -0.391222 -0.104066 0.026922
v -0.400222 -0.110466 0.049222
v -0.397822 -0.109366 0.070822
v -0.401722 -0.111066 0.027522
v -0.371922 -0.098366 0.087423
v -0.359922 -0.100866 0.085423
v -0.363022 -0.102266 0.065623
v -0.365322 -0.103166 0.045722
v -0.366622 -0.103766 0.025822
v -0.408422 -0.121566 0.028022
v -0.406922 -0.120966 0.050223
v -0.404422 -0.119866 0.072324
v -0.400922 -0.118366 0.094223
v -0.394422 -0.107966 0.092223
v -0.384122 -0.100966 0.089823
v -0.362722 -0.094466 0.127222
v -0.374622 -0.096966 0.130822
v -0.368522 -0.094366 0.150922
v -0.356822 -0.091966 0.146722
v -0.367822 -0.096566 0.107423
v -0.379822 -0.099166 0.110422
v -0.384622 -0.103766 0.134422
v -0.378422 -0.101066 0.155123
v -0.390022 -0.106066 0.113422
v -0.350022 -0.089066 0.165822
v -0.338522 -0.091766 0.161922
v -0.345122 -0.094666 0.143222
v -0.350922 -0.097066 0.124223
v -0.355822 -0.099166 0.104924
v -0.396422 -0.116466 0.115922
v -0.390922 -0.114166 0.137423
v -0.384522 -0.111466 0.158523
v -0.377122 -0.108266 0.179322
v -0.371222 -0.098066 0.175323
v -0.361522 -0.091366 0.170622
v -0.333922 -0.082166 0.202922
v -0.344922 -0.084266 0.208823
v -0.335322 -0.080166 0.227223
v -0.324622 -0.078166 0.220822
v -0.342422 -0.085766 0.184622
v -0.353622 -0.087966 0.189922
v -0.354122 -0.090766 0.214722
v -0.344222 -0.086566 0.233623
v -0.363022 -0.094566 0.195222
v -0.314522 -0.073866 0.238122
v -0.303822 -0.076966 0.232423
v -0.313722 -0.081266 0.215522
v -0.322722 -0.085066 0.198123
v -0.331022 -0.088666 0.180222
v -0.368822 -0.104766 0.199622
v -0.359622 -0.100866 0.219522
v -0.349522 -0.096466 0.238922
v -0.338622 -0.091866 0.257723
v -0.333522 -0.081966 0.252023
v -0.324922 -0.075766 0.245022
v -0.292022 -0.064266 0.271124
v -0.301722 -0.065866 0.279024
v -0.289022 -0.060466 0.295024
v -0.279622 -0.059066 0.286723
v -0.303622 -0.069266 0.254923
v -0.313722 -0.070966 0.262324
v -0.309722 -0.071866 0.286923
v -0.296622 -0.066266 0.303423
v -0.322022 -0.077066 0.269724
v -0.266622 -0.053466 0.301523
v -0.257122 -0.057066 0.294223
v -0.269822 -0.062566 0.279723
v -0.281922 -0.067666 0.264623
v -0.293222 -0.072466 0.248822
v -0.326822 -0.086866 0.275923
v -0.314222 -0.081466 0.293424
v -0.300822 -0.075766 0.310324
v -0.286722 -0.069766 0.326423
v -0.282822 -0.060366 0.319123
v -0.275622 -0.054766 0.310324
v -0.238622 -0.041566 0.329122
v -0.246822 -0.042466 0.338723
v -0.231522 -0.035966 0.351722
v -0.223822 -0.035166 0.341722
v -0.252922 -0.047666 0.315724
v -0.261522 -0.048766 0.324923
v -0.253222 -0.047766 0.348323
v -0.237422 -0.040966 0.361723
v -0.268322 -0.054166 0.334123
v -0.208322 -0.028566 0.353522
v -0.200322 -0.032866 0.345022
v -0.215322 -0.039266 0.333422
v -0.229922 -0.045466 0.321124
v -0.243822 -0.051466 0.308023
v -0.271922 -0.063366 0.341723
v -0.256422 -0.056766 0.356324
v -0.240322 -0.049866 0.370023
v -0.223522 -0.042766 0.382822
v -0.221022 -0.034066 0.374224
v -0.215622 -0.029166 0.363922
v -0.175922 -0.014766 0.374623
v -0.182222 -0.014966 0.385623
v -0.164922 -0.007566 0.395123
v -0.159122 -0.007566 0.383924
v -0.192422 -0.021766 0.364524
v -0.199222 -0.022166 0.375223
v -0.186722 -0.019366 0.396622
v -0.168822 -0.011766 0.406422
v -0.204122 -0.026866 0.385922
v -0.141822 -0.000266 0.392223
v -0.135422 -0.005166 0.382722
v -0.152222 -0.012366 0.374623
v -0.168722 -0.019366 0.365624
v -0.184722 -0.026266 0.355724
v -0.206222 -0.035366 0.394724
v -0.188422 -0.027766 0.405722
v -0.170122 -0.019966 0.415722
v -0.151422 -0.012066 0.424722
v -0.150522 -0.003966 0.415223
v -0.147122 0.000034 0.403723
v -0.106222 0.014934 0.406022
v -0.110522 0.015634 0.417922
v -0.091722 0.023634 0.423622
v -0.088022 0.022634 0.411522
v -0.124222 0.007234 0.399622
v -0.129022 0.007834 0.411323
v -0.112922 0.012034 0.429823
v -0.093622 0.020334 0.435622
v -0.131922 0.003934 0.423022
v -0.069622 0.030534 0.416022
v -0.065022 0.024834 0.405923
v -0.083022 0.017134 0.401524
v -0.100722 0.009534 0.396223
v -0.118222 0.002134 0.389922
v -0.132322 -0.003866 0.432722
v -0.112922 0.004434 0.439722
v -0.093122 0.012834 0.445623
v -0.073222 0.021334 0.450522
v -0.074122 0.028634 0.440423
v -0.072822 0.031734 0.428222
v -0.032322 0.046434 0.422022
v -0.034322 0.048134 0.434422
v -0.014922 0.056434 0.435923
v -0.013422 0.054434 0.423523
v -0.051022 0.038434 0.419523
v -0.053622 0.039934 0.431822
v -0.034522 0.045534 0.446822
v -0.014622 0.054034 0.448422
v -0.054422 0.037034 0.444122
v 0.005378 0.062534 0.424022
v 0.008178 0.056034 0.413723
v -0.010222 0.048134 0.413222
v -0.028622 0.040334 0.411822
v -0.046822 0.032534 0.409323
v -0.053022 0.029934 0.454322
v -0.032722 0.038634 0.457022
v -0.012222 0.047334 0.458723
v 0.008178 0.056034 0.459222
v 0.005378 0.062534 0.448922
v 0.004478 0.064734 0.436522
v 0.043178 0.078634 0.422022
v 0.043378 0.081234 0.434422
v 0.062678 0.089534 0.431822
v 0.061878 0.086634 0.419522
v 0.024278 0.070534 0.423523
v 0.023978 0.073034 0.435923
v 0.045378 0.079534 0.446822
v 0.065278 0.088034 0.444122
v 0.025378 0.071034 0.448422
v 0.080478 0.094534 0.416022
v 0.081378 0.087234 0.405923
v 0.063278 0.079534 0.409323
v 0.044978 0.071734 0.411822
v 0.026578 0.063834 0.413222
v 0.028678 0.064734 0.458723
v 0.049078 0.073434 0.457022
v 0.069378 0.082134 0.454322
v 0.089578 0.090734 0.450522
v 0.084978 0.096434 0.440423
v 0.081778 0.097634 0.428222
v 0.117078 0.110134 0.406022
v 0.119478 0.113734 0.417922
v 0.137978 0.121634 0.411323
v 0.135078 0.117834 0.399622
v 0.098878 0.102434 0.411522
v 0.100778 0.105734 0.423622
v 0.123778 0.112934 0.429823
v 0.142778 0.121034 0.423022
v 0.104478 0.104734 0.435622
v 0.152678 0.125334 0.392222
v 0.151778 0.117234 0.382722
v 0.134578 0.109934 0.389922
v 0.117178 0.102434 0.396223
v 0.099378 0.094934 0.401522
v 0.109578 0.099234 0.445623
v 0.129278 0.107634 0.439722
v 0.148678 0.115934 0.432722
v 0.167778 0.124134 0.424722
v 0.161378 0.129034 0.415222
v 0.156078 0.129334 0.403722
v 0.186778 0.139834 0.374622
v 0.191278 0.144334 0.385623
v 0.208178 0.151534 0.375223
v 0.203278 0.146834 0.364524
v 0.169978 0.132634 0.383922
v 0.173878 0.136934 0.395122
v 0.197578 0.144434 0.396622
v 0.214978 0.151934 0.385922
v 0.179678 0.136834 0.406422
v 0.219178 0.153634 0.353522
v 0.216678 0.144934 0.345022
v 0.201178 0.138334 0.355722
v 0.185078 0.131434 0.365622
v 0.168678 0.124434 0.374622
v 0.186578 0.132034 0.415722
v 0.204778 0.139834 0.405722
v 0.222678 0.147434 0.394722
v 0.239978 0.154834 0.382822
v 0.231878 0.159134 0.374224
v 0.224578 0.158534 0.363922
v 0.249478 0.166634 0.329122
v 0.255878 0.171834 0.338722
v 0.270578 0.178134 0.324923
v 0.263778 0.172734 0.315722
v 0.234578 0.160234 0.341722
v 0.240478 0.165334 0.351722
v 0.263978 0.172834 0.348322
v 0.279178 0.179234 0.334122
v 0.248278 0.166034 0.361722
v 0.277478 0.178534 0.301522
v 0.273578 0.169134 0.294223
v 0.260178 0.163534 0.308022
v 0.246278 0.157534 0.321122
v 0.231778 0.151334 0.333422
v 0.256678 0.161934 0.370023
v 0.272778 0.168834 0.356322
v 0.288278 0.175434 0.341722
v 0.303178 0.181734 0.326422
v 0.293678 0.185434 0.319122
v 0.284678 0.184134 0.310322
v 0.302878 0.189334 0.271122
v 0.310778 0.195234 0.279022
v 0.322778 0.200334 0.262322
v 0.314478 0.194334 0.254922
v 0.290478 0.184034 0.286722
v 0.298078 0.189834 0.295022
v 0.320578 0.196834 0.286922
v 0.332878 0.202134 0.269722
v 0.307478 0.191334 0.303422
v 0.325378 0.198934 0.238122
v 0.320278 0.189034 0.232422
v 0.309678 0.184534 0.248822
v 0.298278 0.179734 0.264622
v 0.286278 0.174634 0.279722
v 0.317278 0.187834 0.310322
v 0.330678 0.193534 0.293422
v 0.343178 0.198834 0.275922
v 0.354978 0.203934 0.257722
v 0.344378 0.207034 0.252023
v 0.333978 0.205134 0.245122
v 0.344778 0.207234 0.202922
v 0.353878 0.213634 0.208822
v 0.362678 0.217434 0.189922
v 0.353278 0.210834 0.184622
v 0.335478 0.203234 0.220822
v 0.344378 0.209634 0.227222
v 0.364878 0.215834 0.214722
v 0.373878 0.219634 0.195222
v 0.355078 0.211634 0.233622
v 0.360878 0.214134 0.165822
v 0.354878 0.203834 0.161922
v 0.347478 0.200634 0.180222
v 0.339178 0.197134 0.198122
v 0.330078 0.193234 0.215522
v 0.365978 0.208534 0.238922
v 0.376078 0.212834 0.219522
v 0.385278 0.216834 0.199622
v 0.393578 0.220334 0.179322
v 0.382078 0.223134 0.175322
v 0.370578 0.220734 0.170622
v 0.373578 0.219534 0.127222
v 0.383678 0.226334 0.130822
v 0.388778 0.228534 0.110422
v 0.378678 0.221634 0.107422
v 0.367678 0.217034 0.146722
v 0.377578 0.223734 0.150922
v 0.395478 0.228834 0.134422
v 0.400878 0.231134 0.113422
v 0.389278 0.226134 0.155122
v 0.382778 0.223434 0.087422
v 0.376278 0.212934 0.085422
v 0.372278 0.211234 0.104922
v 0.367278 0.209134 0.124222
v 0.361578 0.206734 0.143222
v 0.400878 0.223434 0.158522
v 0.407378 0.226234 0.137422
v 0.412778 0.228534 0.115922
v 0.417278 0.230434 0.094222
v 0.405278 0.233034 0.092222
v 0.393078 0.230334 0.089822
v 0.388378 0.225834 0.046822
v 0.398778 0.232834 0.048022
v 0.400178 0.233434 0.026922
v 0.389678 0.226334 0.026322
v 0.385978 0.224834 0.067122
v 0.396378 0.231834 0.069022
v 0.411078 0.235534 0.049222
v 0.412578 0.236134 0.027522
v 0.408678 0.234434 0.070822
v 0.390178 0.226534 0.005822
v 0.383478 0.216034 0.005822
v 0.383078 0.215834 0.025822
v 0.381678 0.215234 0.045722
v 0.379378 0.214334 0.065622
v 0.420778 0.231934 0.072322
v 0.423278 0.233034 0.050222
v 0.424778 0.233634 0.028022
v 0.425278 0.233834 0.005822
v 0.413078 0.236334 0.005822
v 0.400678 0.233634 0.005822
v 0.388378 0.225834 -0.035178
v 0.398778 0.232834 -0.036478
v 0.396378 0.231834 -0.057378
v 0.385978 0.224834 -0.055578
v 0.389678 0.226334 -0.014778
v 0.400178 0.233434 -0.015378
v 0.411078 0.235534 -0.037678
v 0.408678 0.234434 -0.059278
v 0.412578 0.236134 -0.015978
v 0.382778 0.223434 -0.075778
v 0.376278 0.212934 -0.073778
v 0.379378 0.214334 -0.054078
v 0.381678 0.215234 -0.034178
v 0.383078 0.215834 -0.014278
v 0.424778 0.233634 -0.016478
v 0.423278 0.233034 -0.038678
v 0.420778 0.231934 -0.060778
v 0.417278 0.230434 -0.082678
v 0.405278 0.233034 -0.080678
v 0.393078 0.230334 -0.078278
v 0.373578 0.219534 -0.115678
v 0.383678 0.226334 -0.119278
v 0.377578 0.223734 -0.139278
v 0.367678 0.217034 -0.135178
v 0.378678 0.221634 -0.095878
v 0.388778 0.228534 -0.098878
v 0.395478 0.228834 -0.122878
v 0.389278 0.226134 -0.143478
v 0.400878 0.231134 -0.101878
v 0.360878 0.214134 -0.154278
v 0.354878 0.203834 -0.150378
v 0.361578 0.206734 -0.131678
v 0.367278 0.209134 -0.112678
v 0.372278 0.211234 -0.093378
v 0.412778 0.228534 -0.104378
v 0.407378 0.226234 -0.125878
v 0.400878 0.223434 -0.146978
v 0.393578 0.220334 -0.167778
v 0.382078 0.223134 -0.163778
v 0.370578 0.220734 -0.159078
v 0.344778 0.207234 -0.191378
v 0.353878 0.213634 -0.197278
v 0.344378 0.209634 -0.215678
v 0.335478 0.203234 -0.209278
v 0.353278 0.210834 -0.173078
v 0.362678 0.217434 -0.178378
v 0.364878 0.215834 -0.203078
v 0.355078 0.211634 -0.222078
v 0.373878 0.219634 -0.183678
v 0.325378 0.198934 -0.226578
v 0.320278 0.189034 -0.220878
v 0.330078 0.193234 -0.203978
v 0.339178 0.197134 -0.186578
v 0.347478 0.200634 -0.168678
v 0.385278 0.216834 -0.188078
v 0.376078 0.212834 -0.207978
v 0.365978 0.208534 -0.227378
v 0.354978 0.203934 -0.246178
v 0.344378 0.207034 -0.240378
v 0.333978 0.205134 -0.233478
v 0.302878 0.189334 -0.259578
v 0.310778 0.195234 -0.267478
v 0.298078 0.189834 -0.283478
v 0.290478 0.184034 -0.275078
v 0.314478 0.194334 -0.243378
v 0.322778 0.200334 -0.250778
v 0.320578 0.196834 -0.275378
v 0.307478 0.191334 -0.291778
v 0.332878 0.202134 -0.258178
v 0.277478 0.178534 -0.289978
v 0.273578 0.169134 -0.282678
v 0.286278 0.174634 -0.268178
v 0.298278 0.179734 -0.253078
v 0.309678 0.184534 -0.237278
v 0.343178 0.198834 -0.264378
v 0.330678 0.193534 -0.281878
v 0.317278 0.187834 -0.298778
v 0.303178 0.181734 -0.314878
v 0.293678 0.185434 -0.307578
v 0.284678 0.184134 -0.298778
v 0.249478 0.166634 -0.317578
v 0.255878 0.171834 -0.327177
v 0.240478 0.165334 -0.340178
v 0.234578 0.160234 -0.330178
v 0.263778 0.172734 -0.304178
v 0.270578 0.178134 -0.313377
v 0.263978 0.172834 -0.336776
v 0.248278 0.166034 -0.350177
v 0.279178 0.179234 -0.322578
v 0.219178 0.153634 -0.341978
v 0.216678 0.144934 -0.333477
v 0.231778 0.151334 -0.321878
v 0.246278 0.157534 -0.309577
v 0.260178 0.163534 -0.296477
v 0.288278 0.175434 -0.330178
v 0.272778 0.168834 -0.344777
v 0.256678 0.161934 -0.358378
v 0.239978 0.154834 -0.371276
v 0.231878 0.159134 -0.362677
v 0.224578 0.158534 -0.352378
v 0.186778 0.139834 -0.363078
v 0.191278 0.144334 -0.374077
v 0.173878 0.136934 -0.383577
v 0.169978 0.132634 -0.372377
v 0.203278 0.146834 -0.352977
v 0.208178 0.151534 -0.363678
v 0.197578 0.144434 -0.385078
v 0.179678 0.136834 -0.394778
v 0.214978 0.151934 -0.374278
v 0.152678 0.125334 -0.380678
v 0.151778 0.117234 -0.371177
v 0.168678 0.124434 -0.362978
v 0.185078 0.131434 -0.353978
v 0.201178 0.138334 -0.344178
v 0.222678 0.147434 -0.383178
v 0.204778 0.139834 -0.394078
v 0.186578 0.132034 -0.404078
v 0.167778 0.124134 -0.413178
v 0.161378 0.129034 -0.403577
v 0.156078 0.129334 -0.392178
v 0.117078 0.110134 -0.394478
v 0.119478 0.113734 -0.406377
v 0.100778 0.105734 -0.411977
v 0.098878 0.102434 -0.399978
v 0.135078 0.117834 -0.388077
v 0.137978 0.121634 -0.399778
v 0.123778 0.112934 -0.418278
v 0.104478 0.104734 -0.424076
v 0.142778 0.121034 -0.411477
v 0.080478 0.094534 -0.404478
v 0.081378 0.087234 -0.394377
v 0.099378 0.094934 -0.389977
v 0.117178 0.102434 -0.384576
v 0.134578 0.109934 -0.378377
v 0.148678 0.115934 -0.421177
v 0.129278 0.107634 -0.428178
v 0.109578 0.099234 -0.434078
v 0.089578 0.090734 -0.438978
v 0.084978 0.096434 -0.428878
v 0.081778 0.097634 -0.416678
v 0.043178 0.078634 -0.410478
v 0.043378 0.081234 -0.422878
v 0.023978 0.073034 -0.424378
v 0.024278 0.070534 -0.411977
v 0.061878 0.086634 -0.407978
v 0.062678 0.089534 -0.420278
v 0.045378 0.079534 -0.435178
v 0.025378 0.071034 -0.436778
v 0.065278 0.088034 -0.432578
v 0.026578 0.063834 -0.401678
v 0.044978 0.071734 -0.400178
v 0.063278 0.079534 -0.397777
v 0.069378 0.082134 -0.442777
v 0.049078 0.073434 -0.445478
v 0.028678 0.064734 -0.447076
v 0.428178 0.192834 -0.127678
v 0.424678 0.206334 -0.128278
v 0.430278 0.208634 -0.106478
v 0.433778 0.195234 -0.105978
v 0.421678 0.190034 -0.149178
v 0.418178 0.203534 -0.149878
v 0.417478 0.218134 -0.127678
v 0.422978 0.220534 -0.105978
v 0.410978 0.215334 -0.149178
v 0.438278 0.197134 -0.083878
v 0.414278 0.186934 -0.170178
v 0.410678 0.200334 -0.170978
v 0.403478 0.212134 -0.170178
v 0.427578 0.222434 -0.083878
v 0.434878 0.210634 -0.084378
v 0.059678 0.035734 -0.393877
v 0.054078 0.048234 -0.391778
v 0.036078 0.040634 -0.393176
v 0.041578 0.028034 -0.395278
v 0.077678 0.043334 -0.391477
v 0.071978 0.055934 -0.389378
v 0.048878 0.061034 -0.393877
v 0.030778 0.053234 -0.395278
v 0.066878 0.068634 -0.391477
v 0.023478 0.020234 -0.395777
v 0.095478 0.051034 -0.388077
v 0.089778 0.063434 -0.385977
v 0.084778 0.076234 -0.388077
v 0.012678 0.045534 -0.395777
v 0.018078 0.032934 -0.393678
v -0.302322 -0.118666 -0.183477
v -0.306022 -0.105266 -0.182477
v -0.314122 -0.108666 -0.164977
v -0.310522 -0.122066 -0.165877
v -0.293422 -0.114866 -0.200677
v -0.297122 -0.101466 -0.199577
v -0.313122 -0.093366 -0.183477
v -0.321222 -0.096866 -0.165877
v -0.304222 -0.089566 -0.200677
v -0.317822 -0.125266 -0.147877
v -0.283722 -0.110666 -0.217277
v -0.287422 -0.097366 -0.216177
v -0.294522 -0.085366 -0.217277
v -0.328622 -0.099966 -0.147877
v -0.321422 -0.111866 -0.147077
v 0.396478 0.179334 -0.210978
v 0.392878 0.192734 -0.211978
v 0.402178 0.196734 -0.191778
v 0.405778 0.183334 -0.190778
v 0.386278 0.174934 -0.230578
v 0.382578 0.188334 -0.231678
v 0.385678 0.204634 -0.210978
v 0.395078 0.208634 -0.190778
v 0.375478 0.200234 -0.230578
v 0.375178 0.170234 -0.249678
v 0.371378 0.183534 -0.250878
v 0.364378 0.195534 -0.249678
v -0.018022 0.002634 -0.451878
v -0.023622 0.015134 -0.453977
v -0.002822 0.024034 -0.455676
v 0.002678 0.011434 -0.453478
v -0.038622 -0.006166 -0.449078
v -0.044322 0.006334 -0.451178
v -0.028822 0.027834 -0.451878
v -0.008122 0.036734 -0.453478
v -0.049422 0.019134 -0.449078
v 0.023478 0.020234 -0.454078
v -0.059122 -0.014966 -0.445177
v -0.064822 -0.002466 -0.447278
v -0.069822 0.010334 -0.445177
v 0.012678 0.045534 -0.454078
v 0.018078 0.032934 -0.456178
v -0.330022 -0.130466 -0.110776
v -0.333522 -0.116966 -0.110178
v -0.338422 -0.119066 -0.091277
v -0.334922 -0.132466 -0.091776
v -0.324322 -0.128066 -0.129477
v -0.327922 -0.114566 -0.128776
v -0.340822 -0.105166 -0.110776
v -0.345622 -0.107266 -0.091776
v -0.335122 -0.102766 -0.129477
v -0.338822 -0.134166 -0.072577
v -0.349622 -0.108966 -0.072577
v -0.342322 -0.120766 -0.072177
v 0.350378 0.159634 -0.285978
v 0.346578 0.172934 -0.287278
v 0.359378 0.178434 -0.269377
v 0.363178 0.165134 -0.268178
v 0.336878 0.153934 -0.302978
v 0.332878 0.167134 -0.304478
v 0.339678 0.184934 -0.285978
v 0.352378 0.190434 -0.268178
v 0.326078 0.179234 -0.302978
v 0.322578 0.147834 -0.319378
v 0.318578 0.161034 -0.320878
v 0.311778 0.173034 -0.319378
v -0.099322 -0.032066 -0.434278
v -0.105322 -0.019666 -0.436276
v -0.085222 -0.011066 -0.442376
v -0.079322 -0.023566 -0.440278
v -0.119022 -0.040466 -0.427178
v -0.125122 -0.028166 -0.429178
v -0.110122 -0.006766 -0.434278
v -0.090122 0.001734 -0.440278
v -0.129822 -0.015166 -0.427178
v -0.138422 -0.048766 -0.419077
v -0.144522 -0.036466 -0.420978
v -0.149222 -0.023466 -0.419078
v -0.344222 -0.136466 -0.033578
v -0.347622 -0.122966 -0.033377
v -0.348922 -0.123566 -0.013778
v -0.345522 -0.137066 -0.013877
v -0.341922 -0.135566 -0.053177
v -0.345422 -0.122066 -0.052777
v -0.354922 -0.111166 -0.033578
v -0.356322 -0.111766 -0.013878
v -0.352722 -0.110266 -0.053178
v -0.345922 -0.137266 0.005823
v -0.356722 -0.111966 0.005822
v -0.349422 -0.123766 0.005822
v 0.291778 0.134734 -0.349678
v 0.287678 0.147834 -0.351278
v 0.303478 0.154634 -0.336478
v 0.307478 0.141434 -0.334976
v 0.275378 0.127734 -0.363578
v 0.271178 0.140834 -0.365277
v 0.280978 0.159934 -0.349678
v 0.296778 0.166634 -0.334976
v 0.264678 0.153034 -0.363578
v 0.258478 0.120434 -0.376577
v 0.254178 0.133534 -0.378377
v 0.247678 0.145734 -0.376577
v -0.175922 -0.064766 -0.399777
v -0.182222 -0.052466 -0.401677
v -0.163622 -0.044566 -0.411876
v -0.157422 -0.056866 -0.409877
v -0.194022 -0.072466 -0.388677
v -0.200422 -0.060266 -0.390477
v -0.186722 -0.039466 -0.399778
v -0.168222 -0.031566 -0.409878
v -0.204822 -0.047166 -0.388677
v -0.211522 -0.079966 -0.376577
v -0.218022 -0.067766 -0.378377
v -0.222322 -0.054666 -0.376577
v -0.344222 -0.136466 0.045123
v -0.347622 -0.122966 0.044923
v -0.345422 -0.122066 0.064424
v -0.341922 -0.135566 0.064723
v -0.345522 -0.137066 0.025524
v -0.348922 -0.123566 0.025422
v -0.354922 -0.111166 0.045122
v -0.352722 -0.110266 0.064723
v -0.356322 -0.111766 0.025523
v -0.338822 -0.134166 0.084123
v -0.349622 -0.108966 0.084123
v -0.342322 -0.120766 0.083724
v 0.222878 0.105334 -0.399778
v 0.218378 0.118334 -0.401678
v 0.236478 0.126034 -0.390478
v 0.240878 0.113034 -0.388678
v 0.204278 0.097334 -0.409878
v 0.199778 0.110334 -0.411876
v 0.212078 0.130534 -0.399778
v 0.230078 0.138234 -0.388678
v 0.193478 0.122634 -0.409878
v 0.185278 0.089334 -0.419078
v 0.180678 0.102234 -0.420978
v 0.174578 0.114534 -0.419078
v -0.244922 -0.094166 -0.349677
v -0.251522 -0.082066 -0.351277
v -0.235122 -0.075066 -0.365277
v -0.228522 -0.087166 -0.363577
v -0.260622 -0.100866 -0.334976
v -0.267322 -0.088766 -0.336477
v -0.255722 -0.068866 -0.349677
v -0.239322 -0.061866 -0.363577
v -0.271422 -0.075566 -0.334976
v -0.275622 -0.107266 -0.319376
v -0.282422 -0.095166 -0.320876
v -0.286422 -0.081966 -0.319376
v -0.330022 -0.130466 0.122322
v -0.333522 -0.116966 0.121723
v -0.327922 -0.114566 0.140323
v -0.324322 -0.128066 0.141023
v -0.334922 -0.132466 0.103322
v -0.338422 -0.119066 0.102823
v -0.340822 -0.105166 0.122322
v -0.335122 -0.102766 0.141023
v -0.345622 -0.107266 0.103322
v -0.317822 -0.125266 0.159423
v -0.328622 -0.099966 0.159423
v -0.321422 -0.111866 0.158623
v 0.146278 0.072634 -0.434278
v 0.141378 0.085534 -0.436276
v 0.161178 0.093934 -0.429178
v 0.165978 0.081034 -0.427178
v 0.126178 0.064134 -0.440278
v 0.121278 0.076934 -0.442376
v 0.135478 0.097934 -0.434278
v 0.155178 0.106334 -0.427178
v 0.115478 0.089334 -0.440278
v 0.105978 0.055434 -0.445177
v 0.100978 0.068234 -0.447278
v 0.095178 0.080734 -0.445177
v -0.303522 -0.119166 -0.285976
v -0.310422 -0.107166 -0.287277
v -0.296822 -0.101366 -0.304476
v -0.290022 -0.113366 -0.302976
v -0.316322 -0.124566 -0.268176
v -0.323222 -0.112666 -0.269376
v -0.314322 -0.093866 -0.285976
v -0.300722 -0.088066 -0.302976
v -0.327122 -0.099266 -0.268176
v -0.328222 -0.129666 -0.249677
v -0.335322 -0.117766 -0.250876
v -0.339022 -0.104366 -0.249677
v -0.302322 -0.118666 0.195122
v -0.306022 -0.105266 0.194122
v -0.297122 -0.101466 0.211122
v -0.293422 -0.114866 0.212223
v -0.310522 -0.122066 0.177522
v -0.314122 -0.108666 0.176522
v -0.313122 -0.093366 0.195122
v -0.304222 -0.089566 0.212223
v -0.321222 -0.096866 0.177522
v -0.283722 -0.110666 0.228923
v -0.294522 -0.085366 0.228923
v -0.287422 -0.097366 0.227722
v 0.064878 0.037934 -0.451878
v 0.059678 0.050634 -0.453977
v 0.080378 0.059534 -0.451178
v 0.085478 0.046734 -0.449078
v 0.044178 0.029134 -0.453478
v 0.038878 0.041834 -0.455676
v 0.054078 0.063234 -0.451878
v 0.074778 0.072034 -0.449078
v 0.033378 0.054434 -0.453478
v -0.349622 -0.138766 -0.210977
v -0.356722 -0.126866 -0.211977
v -0.346422 -0.122466 -0.231677
v -0.339322 -0.134466 -0.230577
v -0.358922 -0.142766 -0.190776
v -0.366122 -0.130866 -0.191777
v -0.360422 -0.113466 -0.210977
v -0.350122 -0.109166 -0.230577
v -0.369722 -0.117466 -0.190777
v -0.367322 -0.146366 -0.170177
v -0.374522 -0.134466 -0.170977
v -0.378122 -0.121066 -0.170178
v -0.262122 -0.101466 0.260523
v -0.266022 -0.088166 0.259223
v -0.254222 -0.083166 0.274024
v -0.250222 -0.096466 0.275423
v -0.273222 -0.106266 0.245023
v -0.277122 -0.092966 0.243722
v -0.272922 -0.076166 0.260523
v -0.261022 -0.071166 0.275423
v -0.284022 -0.080966 0.245022
v -0.237722 -0.091066 0.289723
v -0.248522 -0.065866 0.289723
v -0.241722 -0.077866 0.288223
v -0.381322 -0.152366 -0.127677
v -0.388622 -0.140466 -0.128276
v -0.382022 -0.137666 -0.149878
v -0.374822 -0.149566 -0.149176
v -0.386922 -0.154666 -0.105976
v -0.394122 -0.142866 -0.106477
v -0.392122 -0.127066 -0.127677
v -0.385622 -0.124266 -0.149177
v -0.397622 -0.129366 -0.105976
v -0.391422 -0.156666 -0.083876
v -0.398722 -0.144766 -0.084376
v -0.402222 -0.131366 -0.083876
v -0.210922 -0.079666 0.316223
v -0.215022 -0.066466 0.314523
v -0.200822 -0.060366 0.326624
v -0.196622 -0.073566 0.328324
v -0.224622 -0.085466 0.303323
v -0.228722 -0.072266 0.301724
v -0.221722 -0.054366 0.316223
v -0.207422 -0.048266 0.328324
v -0.235422 -0.060266 0.303323
v -0.181822 -0.067266 0.339723
v -0.192522 -0.041966 0.339722
v -0.186122 -0.054166 0.337923
v -0.397522 -0.159166 -0.039276
v -0.404822 -0.147366 -0.039476
v -0.402322 -0.146366 -0.061976
v -0.394922 -0.158166 -0.061677
v -0.399022 -0.159866 -0.016776
v -0.406422 -0.148066 -0.016877
v -0.408322 -0.133966 -0.039278
v -0.405722 -0.132866 -0.061678
v -0.409822 -0.134566 -0.016778
v -0.399522 -0.160066 0.005824
v -0.406922 -0.148266 0.005824
v -0.410322 -0.134766 0.005823
v -0.150722 -0.053966 0.359924
v -0.155122 -0.040966 0.358022
v -0.139022 -0.034066 0.366922
v -0.134522 -0.047066 0.368824
v -0.166422 -0.060666 0.350224
v -0.170822 -0.047666 0.348424
v -0.161422 -0.028666 0.359923
v -0.145322 -0.021766 0.368823
v -0.177222 -0.035466 0.350223
v -0.117922 -0.039966 0.376823
v -0.128722 -0.014766 0.376823
v -0.122522 -0.027066 0.374822
v -0.397522 -0.159166 0.050824
v -0.404822 -0.147366 0.051023
v -0.406422 -0.148066 0.028424
v -0.399022 -0.159866 0.028323
v -0.394922 -0.158166 0.073224
v -0.402322 -0.146366 0.073523
v -0.408322 -0.133966 0.050824
v -0.409822 -0.134566 0.028323
v -0.405722 -0.132866 0.073224
v -0.391422 -0.156666 0.095523
v -0.398722 -0.144766 0.095923
v -0.402222 -0.131366 0.095523
v -0.083822 -0.025466 0.390023
v -0.088622 -0.012566 0.388022
v -0.071222 -0.005166 0.393222
v -0.066322 -0.017966 0.395323
v -0.101022 -0.032766 0.383924
v -0.105722 -0.019866 0.381922
v -0.094522 -0.000166 0.390023
v -0.077122 0.007234 0.395323
v -0.111822 -0.007466 0.383924
v -0.048622 -0.010466 0.399622
v -0.059422 0.014834 0.399622
v -0.053622 0.002334 0.397522
v -0.381322 -0.152366 0.139224
v -0.388622 -0.140466 0.139922
v -0.394122 -0.142866 0.118023
v -0.386922 -0.154666 0.117523
v -0.374822 -0.149566 0.160724
v -0.382022 -0.137666 0.161423
v -0.392122 -0.127066 0.139223
v -0.397622 -0.129366 0.117523
v -0.385622 -0.124266 0.160723
v -0.367322 -0.146366 0.181724
v -0.374522 -0.134466 0.182523
v -0.378122 -0.121066 0.181723
v -0.012722 0.004834 0.405422
v -0.017922 0.017534 0.403324
v -0.000022 0.025234 0.404722
v 0.005278 0.012534 0.406924
v -0.030722 -0.002866 0.403023
v -0.035822 0.009934 0.400922
v -0.023522 0.030134 0.405422
v -0.005422 0.037834 0.406924
v -0.041522 0.022434 0.403023
v 0.023478 0.020234 0.407323
v 0.012678 0.045534 0.407323
v 0.018078 0.032934 0.405223
v -0.349622 -0.138766 0.222522
v -0.356722 -0.126866 0.223522
v -0.366122 -0.130866 0.203323
v -0.358922 -0.142766 0.202422
v -0.339322 -0.134466 0.242223
v -0.346422 -0.122466 0.243323
v -0.360422 -0.113466 0.222522
v -0.369722 -0.117466 0.202422
v -0.350122 -0.109166 0.242223
v -0.328222 -0.129666 0.261223
v -0.335322 -0.117766 0.262423
v -0.339022 -0.104366 0.261223
v 0.059678 0.035734 0.405422
v 0.054078 0.048234 0.403324
v 0.071978 0.055934 0.400922
v 0.077678 0.043334 0.403023
v 0.041578 0.028034 0.406924
v 0.036078 0.040634 0.404722
v 0.048878 0.061034 0.405422
v 0.066878 0.068634 0.403022
v 0.030778 0.053234 0.406924
v 0.095478 0.051034 0.399622
v 0.084778 0.076234 0.399622
v 0.089778 0.063434 0.397522
v -0.303522 -0.119166 0.297524
v -0.310422 -0.107166 0.298824
v -0.323222 -0.112666 0.281024
v -0.316322 -0.124566 0.279723
v -0.290022 -0.113366 0.314624
v -0.296822 -0.101366 0.316024
v -0.314322 -0.093866 0.297524
v -0.327122 -0.099266 0.279723
v -0.300722 -0.088066 0.314624
v -0.275622 -0.107266 0.330923
v -0.282422 -0.095166 0.332423
v -0.286422 -0.081966 0.330923
v 0.130678 0.066034 0.390023
v 0.124678 0.078434 0.388022
v 0.141878 0.085734 0.381922
v 0.147878 0.073334 0.383922
v 0.113178 0.058534 0.395323
v 0.107378 0.070934 0.393222
v 0.119878 0.091234 0.390023
v 0.137078 0.098634 0.383922
v 0.102378 0.083834 0.395323
v 0.164778 0.080534 0.376823
v 0.154078 0.105834 0.376823
v 0.158678 0.092834 0.374822
v -0.244922 -0.094166 0.361223
v -0.251522 -0.082066 0.362923
v -0.267322 -0.088766 0.348123
v -0.260622 -0.100866 0.346523
v -0.228522 -0.087166 0.375123
v -0.235122 -0.075066 0.376824
v -0.255722 -0.068866 0.361223
v -0.271422 -0.075566 0.346523
v -0.239322 -0.061866 0.375123
v -0.211522 -0.079966 0.388123
v -0.218022 -0.067766 0.389923
v -0.222322 -0.054666 0.388123
v 0.197578 0.094534 0.359922
v 0.191278 0.106734 0.358022
v 0.206978 0.113434 0.348422
v 0.213378 0.101234 0.350222
v 0.181378 0.087634 0.368823
v 0.175178 0.099934 0.366922
v 0.186778 0.119834 0.359922
v 0.202578 0.126534 0.350222
v 0.170578 0.112934 0.368823
v 0.228678 0.107734 0.339722
v 0.217878 0.133034 0.339722
v 0.222178 0.119934 0.337922
v -0.175922 -0.064766 0.411323
v -0.182222 -0.052466 0.413223
v -0.200422 -0.060266 0.402023
v -0.194022 -0.072466 0.400223
v -0.157422 -0.056866 0.421423
v -0.163622 -0.044566 0.423424
v -0.186722 -0.039466 0.411323
v -0.204822 -0.047166 0.400223
v -0.168222 -0.031566 0.421422
v -0.138422 -0.048766 0.430624
v -0.144522 -0.036466 0.432622
v -0.149222 -0.023466 0.430622
v 0.257778 0.120234 0.316222
v 0.251178 0.132334 0.314523
v 0.264778 0.138134 0.301722
v 0.271478 0.126034 0.303322
v 0.243478 0.114134 0.328322
v 0.236978 0.126234 0.326622
v 0.246978 0.145434 0.316222
v 0.260778 0.151334 0.303322
v 0.232678 0.139334 0.328322
v 0.284678 0.131634 0.289723
v 0.273878 0.156934 0.289723
v 0.277878 0.143734 0.288222
v -0.099322 -0.032066 0.445822
v -0.105322 -0.019666 0.447822
v -0.125122 -0.028166 0.440722
v -0.119022 -0.040466 0.438722
v -0.079322 -0.023566 0.451822
v -0.085222 -0.011066 0.453922
v -0.110122 -0.006766 0.445822
v -0.129822 -0.015166 0.438722
v -0.090122 0.001734 0.451822
v -0.059122 -0.014966 0.456822
v -0.064822 -0.002466 0.458923
v -0.069822 0.010334 0.456822
v 0.308978 0.142034 0.260522
v 0.302078 0.154034 0.259222
v 0.313178 0.158734 0.243722
v 0.320178 0.146734 0.245022
v 0.297178 0.136934 0.275422
v 0.290278 0.149034 0.274022
v 0.298178 0.167334 0.260522
v 0.309378 0.172034 0.245022
v 0.286378 0.162234 0.275422
v 0.330578 0.151234 0.228922
v 0.319778 0.176534 0.228922
v 0.323578 0.163134 0.227722
v -0.018022 0.002634 0.463422
v -0.023622 0.015134 0.465522
v -0.044322 0.006334 0.462722
v -0.038622 -0.006166 0.460622
v 0.002678 0.011434 0.465023
v -0.002822 0.024034 0.467222
v -0.028822 0.027834 0.463422
v -0.049422 0.019134 0.460622
v -0.008122 0.036734 0.465023
v 0.023478 0.020234 0.465622
v 0.018078 0.032934 0.467723
v 0.012678 0.045534 0.465622
v 0.349178 0.159134 0.195122
v 0.342078 0.171034 0.194122
v 0.350178 0.174534 0.176522
v 0.357378 0.162634 0.177522
v 0.340278 0.155334 0.212222
v 0.333178 0.167334 0.211122
v 0.338478 0.184434 0.195122
v 0.346578 0.187934 0.177522
v 0.329478 0.180634 0.212222
v 0.364678 0.165834 0.159422
v 0.353978 0.191034 0.159422
v 0.357478 0.177634 0.158622
v 0.064878 0.037934 0.463422
v 0.059678 0.050634 0.465522
v 0.038878 0.041834 0.467222
v 0.044178 0.029134 0.465023
v 0.085478 0.046734 0.460622
v 0.080378 0.059534 0.462722
v 0.054078 0.063234 0.463422
v 0.033378 0.054434 0.465023
v 0.074778 0.072034 0.460622
v 0.105978 0.055434 0.456822
v 0.100978 0.068234 0.458923
v 0.095178 0.080734 0.456822
v 0.376978 0.171034 0.122322
v 0.369678 0.182834 0.121722
v 0.374478 0.184834 0.102822
v 0.381778 0.173034 0.103322
v 0.371278 0.168534 0.141022
v 0.363978 0.180434 0.140322
v 0.366178 0.196234 0.122322
v 0.370978 0.198334 0.103322
v 0.360478 0.193834 0.141022
v 0.385778 0.174734 0.084122
v 0.374978 0.200034 0.084122
v 0.378478 0.186534 0.083722
v 0.146278 0.072634 0.445822
v 0.141378 0.085534 0.447822
v 0.121278 0.076934 0.453922
v 0.126178 0.064134 0.451822
v 0.165978 0.081034 0.438722
v 0.161178 0.093934 0.440722
v 0.135478 0.097934 0.445822
v 0.115478 0.089334 0.451822
v 0.155178 0.106334 0.438722
v 0.185278 0.089334 0.430622
v 0.180678 0.102234 0.432622
v 0.174578 0.114534 0.430622
v 0.391078 0.177034 0.045122
v 0.383678 0.188834 0.044922
v 0.385078 0.189434 0.025422
v 0.392378 0.177534 0.025522
v 0.388878 0.176034 0.064722
v 0.381478 0.187834 0.064422
v 0.380278 0.202334 0.045122
v 0.381578 0.202834 0.025522
v 0.378078 0.201334 0.064722
v 0.392878 0.177734 0.005822
v 0.382078 0.203034 0.005822
v 0.385478 0.189534 0.005822
v 0.222878 0.105334 0.411323
v 0.218378 0.118334 0.413222
v 0.199778 0.110334 0.423422
v 0.204278 0.097334 0.421422
v 0.240878 0.113034 0.400222
v 0.236478 0.126034 0.402022
v 0.212078 0.130534 0.411323
v 0.193478 0.122634 0.421422
v 0.230078 0.138234 0.400222
v 0.258478 0.120434 0.388122
v 0.254178 0.133534 0.389922
v 0.247678 0.145734 0.388122
v 0.391078 0.177034 -0.033578
v 0.383678 0.188834 -0.033378
v 0.381478 0.187834 -0.052778
v 0.388878 0.176034 -0.053178
v 0.392378 0.177534 -0.013878
v 0.385078 0.189434 -0.013778
v 0.380278 0.202334 -0.033578
v 0.378078 0.201334 -0.053178
v 0.381578 0.202834 -0.013878
v 0.385778 0.174734 -0.072578
v 0.374978 0.200034 -0.072578
v 0.378478 0.186534 -0.072178
v 0.291778 0.134734 0.361223
v 0.287678 0.147834 0.362922
v 0.271178 0.140834 0.376823
v 0.275378 0.127734 0.375122
v 0.307478 0.141434 0.346522
v 0.303478 0.154634 0.348122
v 0.280978 0.159934 0.361223
v 0.264678 0.153034 0.375122
v 0.296778 0.166634 0.346522
v 0.322578 0.147834 0.330922
v 0.318578 0.161034 0.332422
v 0.311778 0.173034 0.330922
v 0.376978 0.171034 -0.110778
v 0.369678 0.182834 -0.110178
v 0.363978 0.180434 -0.128778
v 0.371278 0.168534 -0.129478
v 0.381778 0.173034 -0.091778
v 0.374478 0.184834 -0.091278
v 0.366178 0.196234 -0.110778
v 0.360478 0.193834 -0.129478
v 0.370978 0.198334 -0.091778
v 0.364678 0.165834 -0.147878
v 0.353978 0.191034 -0.147878
v 0.357478 0.177634 -0.147078
v 0.350378 0.159634 0.297522
v 0.346578 0.172934 0.298822
v 0.332878 0.167134 0.316023
v 0.336878 0.153934 0.314622
v 0.363178 0.165134 0.279722
v 0.359378 0.178434 0.281022
v 0.339678 0.184934 0.297522
v 0.326078 0.179234 0.314622
v 0.352378 0.190434 0.279722
v 0.375178 0.170234 0.261222
v 0.371378 0.183534 0.262423
v 0.364378 0.195534 0.261222
v 0.349178 0.159134 -0.183478
v 0.342078 0.171034 -0.182478
v 0.333178 0.167334 -0.199578
v 0.340278 0.155334 -0.200678
v 0.357378 0.162634 -0.165878
v 0.350178 0.174534 -0.164978
v 0.338478 0.184434 -0.183478
v 0.329478 0.180634 -0.200678
v 0.346578 0.187934 -0.165878
v 0.330578 0.151234 -0.217278
v 0.319778 0.176534 -0.217278
v 0.323578 0.163134 -0.216178
v -0.012722 0.004834 -0.393877
v -0.017922 0.017534 -0.391778
v -0.035822 0.009934 -0.389378
v -0.030722 -0.002866 -0.391477
v 0.005278 0.012534 -0.395278
v -0.000022 0.025234 -0.393176
v -0.023522 0.030134 -0.393877
v -0.041522 0.022434 -0.391477
v -0.005422 0.037834 -0.395278
v -0.048622 -0.010466 -0.388077
v -0.059422 0.014834 -0.388077
v -0.053622 0.002334 -0.385977
v 0.396478 0.179334 0.222522
v 0.392878 0.192734 0.223522
v 0.382578 0.188334 0.243322
v 0.386278 0.174934 0.242222
v 0.405778 0.183334 0.202422
v 0.402178 0.196734 0.203322
v 0.385678 0.204634 0.222522
v 0.375478 0.200234 0.242222
v 0.395078 0.208634 0.202422
v 0.414278 0.186934 0.181722
v 0.410678 0.200334 0.182522
v 0.403478 0.212134 0.181722
v 0.308978 0.142034 -0.248978
v 0.302078 0.154034 -0.247578
v 0.290278 0.149034 -0.262478
v 0.297178 0.136934 -0.263878
v 0.320178 0.146734 -0.233478
v 0.313178 0.158734 -0.232178
v 0.298178 0.167334 -0.248978
v 0.286378 0.162234 -0.263878
v 0.309378 0.172034 -0.233478
v 0.284678 0.131634 -0.278177
v 0.273878 0.156934 -0.278177
v 0.277878 0.143734 -0.276678
v -0.083822 -0.025466 -0.378477
v -0.088622 -0.012566 -0.376478
v -0.105722 -0.019866 -0.370277
v -0.101022 -0.032766 -0.372277
v -0.066322 -0.017966 -0.383777
v -0.071222 -0.005166 -0.381676
v -0.094522 -0.000166 -0.378477
v -0.111822 -0.007466 -0.372277
v -0.077122 0.007234 -0.383777
v -0.117922 -0.039966 -0.365176
v -0.128722 -0.014766 -0.365176
v -0.122522 -0.027066 -0.363277
v 0.428178 0.192834 0.139222
v 0.424678 0.206334 0.139922
v 0.418178 0.203534 0.161422
v 0.421678 0.190034 0.160722
v 0.433778 0.195234 0.117522
v 0.430278 0.208634 0.118022
v 0.417478 0.218134 0.139222
v 0.410978 0.215334 0.160722
v 0.422978 0.220534 0.117522
v 0.438278 0.197134 0.095522
v 0.434878 0.210634 0.095922
v 0.427578 0.222434 0.095522
v 0.257778 0.120234 -0.304678
v 0.251178 0.132334 -0.302978
v 0.236978 0.126234 -0.315078
v 0.243478 0.114134 -0.316777
v 0.271478 0.126034 -0.291778
v 0.264778 0.138134 -0.290177
v 0.246978 0.145434 -0.304678
v 0.232678 0.139334 -0.316777
v 0.260778 0.151334 -0.291778
v 0.228678 0.107734 -0.328077
v 0.217878 0.133034 -0.328077
v 0.222178 0.119934 -0.326378
v -0.150722 -0.053966 -0.348377
v -0.155122 -0.040966 -0.346476
v -0.170822 -0.047666 -0.336877
v -0.166422 -0.060666 -0.338677
v -0.134522 -0.047066 -0.357276
v -0.139022 -0.034066 -0.355278
v -0.161422 -0.028666 -0.348377
v -0.177222 -0.035466 -0.338677
v -0.145322 -0.021766 -0.357276
v -0.181822 -0.067266 -0.328076
v -0.192522 -0.041966 -0.328077
v -0.186122 -0.054166 -0.326376
v 0.444378 0.199734 0.050822
v 0.440978 0.213234 0.051022
v 0.438378 0.212134 0.073522
v 0.441878 0.198634 0.073222
v 0.445978 0.200434 0.028322
v 0.442478 0.213834 0.028422
v 0.433578 0.225034 0.050822
v 0.431078 0.223934 0.073222
v 0.435178 0.225734 0.028322
v 0.446478 0.200634 0.005822
v 0.442978 0.214134 0.005822
v 0.435678 0.225934 0.005822
v 0.197578 0.094534 -0.348377
v 0.191278 0.106734 -0.346476
v 0.175178 0.099934 -0.355278
v 0.181378 0.087634 -0.357276
v 0.213378 0.101234 -0.338677
v 0.206978 0.113434 -0.336877
v 0.186778 0.119834 -0.348377
v 0.170578 0.112934 -0.357276
v 0.202578 0.126534 -0.338677
v 0.164778 0.080534 -0.365176
v 0.154078 0.105834 -0.365176
v 0.158678 0.092834 -0.363277
v -0.210922 -0.079666 -0.304677
v -0.215022 -0.066466 -0.302976
v -0.228722 -0.072266 -0.290176
v -0.224622 -0.085466 -0.291776
v -0.196622 -0.073566 -0.316776
v -0.200822 -0.060366 -0.315076
v -0.221722 -0.054366 -0.304677
v -0.235422 -0.060266 -0.291776
v -0.207422 -0.048266 -0.316776
v -0.237722 -0.091066 -0.278176
v -0.248522 -0.065866 -0.278176
v -0.241722 -0.077866 -0.276677
v 0.444378 0.199734 -0.039278
v 0.440978 0.213234 -0.039478
v 0.442478 0.213834 -0.016878
v 0.445978 0.200434 -0.016778
v 0.441878 0.198634 -0.061678
v 0.438378 0.212134 -0.061978
v 0.433578 0.225034 -0.039278
v 0.435178 0.225734 -0.016778
v 0.431078 0.223934 -0.061678
v 0.130678 0.066034 -0.378477
v 0.124678 0.078434 -0.376478
v 0.107378 0.070934 -0.381676
v 0.113178 0.058534 -0.383777
v 0.147878 0.073334 -0.372277
v 0.141878 0.085734 -0.370277
v 0.119878 0.091234 -0.378477
v 0.102378 0.083834 -0.383777
v 0.137078 0.098634 -0.372277
v -0.262122 -0.101466 -0.248977
v -0.266022 -0.088166 -0.247578
v -0.277122 -0.092966 -0.232177
v -0.273222 -0.106266 -0.233477
v -0.250222 -0.096466 -0.263876
v -0.254222 -0.083166 -0.262477
v -0.272922 -0.076166 -0.248977
v -0.284022 -0.080966 -0.233477
v -0.261022 -0.071166 -0.263876
v 0.028978 0.023334 -0.398576
v 0.096078 0.052134 -0.390878
v 0.160678 0.079734 -0.367977
v 0.220078 0.105134 -0.330977
v 0.272178 0.127434 -0.281178
v 0.314978 0.145734 -0.220378
v 0.346778 0.159334 -0.151078
v 0.366278 0.167734 -0.075878
v 0.372978 0.170534 0.002322
v 0.366278 0.167734 0.080522
v 0.346778 0.159334 0.155722
v 0.314978 0.145734 0.225022
v 0.272178 0.127434 0.285822
v 0.220078 0.105134 0.335622
v 0.160678 0.079734 0.372622
v 0.096078 0.052134 0.395523
v 0.028978 0.023334 0.403223
v -0.038022 -0.005366 0.395523
v -0.102622 -0.032966 0.372622
v -0.162022 -0.058366 0.335623
v -0.214122 -0.080666 0.285823
v -0.256922 -0.098966 0.225022
v -0.288722 -0.112566 0.155722
v -0.308322 -0.120966 0.080523
v -0.314922 -0.123766 0.002322
v -0.308322 -0.120966 -0.075878
v -0.288722 -0.112566 -0.151077
v -0.256922 -0.098966 -0.220377
v -0.214122 -0.080666 -0.281176
v -0.038022 -0.005366 -0.390878
v -0.162022 -0.058366 -0.330977
v -0.102622 -0.032966 -0.367977
v -0.280222 -0.186466 0.080523
v -0.242322 -0.191466 0.073523
v -0.248322 -0.193966 0.002324
v -0.286822 -0.189266 0.002324
v -0.074522 -0.098466 0.372623
v -0.134022 -0.123866 0.335623
v 0.057078 -0.042166 -0.398576
v -0.010022 -0.070866 -0.390877
v 0.300278 0.061934 -0.281178
v 0.342978 0.080234 -0.220378
v -0.010022 -0.070866 0.395523
v -0.074522 -0.098466 -0.367977
v 0.248078 0.039634 -0.330977
v 0.057078 -0.042166 0.403223
v -0.134022 -0.123866 -0.330977
v 0.188678 0.014134 -0.367977
v 0.124178 -0.013466 0.395523
v -0.186122 -0.146166 -0.281176
v 0.124178 -0.013466 -0.390878
v 0.188678 0.014134 0.372622
v -0.228922 -0.164466 -0.220376
v 0.248078 0.039634 0.335622
v -0.260622 -0.178066 -0.151076
v 0.300278 0.061934 0.285822
v -0.280222 -0.186466 -0.075877
v 0.342978 0.080234 0.225022
v 0.374778 0.093834 0.155722
v 0.394378 0.102134 0.080522
v -0.260622 -0.178066 0.155723
v 0.400978 0.104934 0.002322
v -0.228922 -0.164466 0.225024
v 0.394378 0.102134 -0.075878
v -0.186122 -0.146166 0.285823
v 0.374778 0.093834 -0.151078
v -0.156622 -0.154766 0.260323
v -0.170422 -0.172066 0.281224
v -0.212522 -0.190166 0.221424
v -0.195522 -0.171466 0.205022
v 0.371778 0.071334 0.073522
v 0.353978 0.063634 0.141922
v -0.224522 -0.183866 0.141924
v 0.377778 0.073834 0.002322
v 0.371778 0.071334 -0.068878
v 0.353978 0.063634 -0.137278
v -0.109222 -0.134466 0.305723
v 0.325078 0.051334 -0.200378
v -0.055122 -0.111366 0.339424
v 0.003678 -0.086166 -0.355577
v 0.064778 -0.060066 -0.362577
v 0.286078 0.034634 -0.255678
v 0.003678 -0.086166 0.360224
v -0.055122 -0.111366 -0.334777
v 0.238678 0.014334 -0.301078
v 0.064778 -0.060066 0.367223
v -0.109222 -0.134466 -0.301076
v 0.184578 -0.008866 -0.334778
v 0.125778 -0.033966 0.360224
v -0.156622 -0.154766 -0.255676
v 0.125778 -0.033966 -0.355577
v 0.184578 -0.008866 0.339423
v -0.195522 -0.171466 -0.200376
v 0.238678 0.014334 0.305723
v -0.224522 -0.183866 -0.137277
v 0.286078 0.034634 0.260322
v -0.242322 -0.191466 -0.068876
v 0.325078 0.051334 0.205022
v -0.060622 -0.125166 0.366724
v 0.002878 -0.097966 0.389223
v 0.035178 -0.173566 0.389223
v -0.028322 -0.200666 0.366724
v 0.381478 0.064034 -0.148678
v 0.400778 0.072234 -0.074678
v -0.119122 -0.150166 0.330323
v 0.350278 0.050634 -0.216778
v 0.002878 -0.097966 -0.384576
v 0.068878 -0.069766 -0.392177
v 0.308178 0.032634 -0.276578
v -0.060622 -0.125166 -0.362077
v 0.256878 0.010734 -0.325678
v 0.068878 -0.069766 0.396823
v -0.119122 -0.150166 -0.325676
v 0.198378 -0.014366 -0.362078
v 0.134878 -0.041466 0.389223
v -0.170422 -0.172066 -0.276576
v 0.134878 -0.041466 -0.384576
v 0.198378 -0.014366 0.366723
v -0.212522 -0.190166 -0.216776
v 0.256878 0.010734 0.330323
v -0.243822 -0.203466 -0.148676
v 0.308178 0.032634 0.281222
v -0.263022 -0.211766 -0.074676
v 0.350278 0.050634 0.221422
v -0.269522 -0.214566 0.002324
v 0.381478 0.064034 0.153322
v -0.263022 -0.211766 0.079324
v 0.400778 0.072234 0.079322
v -0.243822 -0.203466 0.153324
v 0.407278 0.075034 0.002322
v 0.230678 -0.089866 0.366724
v 0.225778 -0.116566 0.327723
v 0.169078 -0.140866 0.347823
v 0.167178 -0.117066 0.389223
v -0.028322 -0.200666 -0.362077
v 0.035178 -0.173566 -0.384576
v 0.289178 -0.064866 -0.325676
v 0.340478 -0.042966 -0.276578
v 0.101178 -0.145266 0.396823
v -0.086822 -0.225766 -0.325676
v 0.230678 -0.089866 -0.362077
v -0.138122 -0.247666 -0.276576
v 0.167178 -0.117066 -0.384576
v -0.180222 -0.265666 -0.216776
v 0.101178 -0.145266 -0.392177
v 0.289178 -0.064866 0.330323
v -0.211422 -0.279066 -0.148676
v 0.340478 -0.042966 0.281224
v -0.230722 -0.287266 -0.074676
v 0.382578 -0.024866 0.221422
v -0.237222 -0.290066 0.002324
v 0.413878 -0.011566 0.153322
v -0.230722 -0.287266 0.079324
v 0.433078 -0.003266 0.079322
v -0.211422 -0.279066 0.153324
v 0.439578 -0.000466 0.002322
v -0.180222 -0.265666 0.221424
v 0.433078 -0.003266 -0.074678
v -0.138122 -0.247666 0.281224
v 0.413878 -0.011566 -0.148678
v -0.086822 -0.225766 0.330323
v 0.382578 -0.024866 -0.216778
v 0.361378 -0.058566 0.198022
v 0.401178 -0.070466 0.220923
v 0.359278 -0.088466 0.280524
v 0.323778 -0.074666 0.251424
v -0.141222 -0.273566 -0.193376
v -0.103622 -0.257466 -0.246776
v 0.169078 -0.140866 -0.343177
v 0.110078 -0.166066 -0.349977
v 0.277978 -0.094266 0.295224
v -0.169122 -0.285566 -0.132476
v -0.186322 -0.292866 -0.066376
v -0.192122 -0.295366 0.002324
v 0.389278 -0.046666 0.137122
v -0.186322 -0.292866 0.071024
v 0.406478 -0.039266 0.071022
v -0.169122 -0.285566 0.137124
v 0.412278 -0.036766 0.002322
v -0.141222 -0.273566 0.198024
v 0.406478 -0.039266 -0.066378
v -0.103622 -0.257466 0.251424
v 0.389278 -0.046666 -0.132477
v -0.057822 -0.237866 0.295224
v 0.361378 -0.058566 -0.193377
v -0.005522 -0.215566 0.327724
v 0.051078 -0.191266 -0.343177
v 0.323778 -0.074666 -0.246777
v 0.051078 -0.191266 0.347824
v -0.005522 -0.215566 -0.323076
v 0.277978 -0.094266 -0.290576
v 0.110078 -0.166066 0.354624
v -0.057822 -0.237866 -0.290576
v 0.225778 -0.116566 -0.323076
v 0.490078 -0.120866 0.002322
v 0.483578 -0.123566 0.079122
v 0.451578 -0.048966 0.079122
v 0.458078 -0.046166 0.002322
v -0.210522 -0.332166 -0.074476
v -0.217022 -0.334966 0.002324
v 0.432378 -0.057166 0.152922
v -0.210522 -0.332166 0.079124
v -0.191322 -0.323966 0.152924
v -0.160122 -0.310666 0.220924
v 0.451578 -0.048966 -0.074478
v -0.118122 -0.292666 0.280524
v 0.432378 -0.057166 -0.148277
v -0.066922 -0.270766 0.329424
v 0.401178 -0.070466 -0.216277
v -0.008622 -0.245866 0.365824
v 0.054678 -0.218766 -0.383577
v 0.120578 -0.190566 -0.391077
v 0.359278 -0.088466 -0.275876
v 0.054678 -0.218766 0.388224
v -0.008622 -0.245866 -0.361176
v 0.308078 -0.110366 -0.324776
v 0.120578 -0.190566 0.395723
v -0.066922 -0.270766 -0.324776
v 0.249678 -0.135266 -0.361177
v 0.186378 -0.162366 0.388224
v -0.118122 -0.292666 -0.275876
v 0.186378 -0.162366 -0.383577
v 0.249678 -0.135266 0.365823
v -0.160122 -0.310666 -0.216276
v 0.308078 -0.110366 0.329423
v -0.191322 -0.323966 -0.148276
v 0.433178 -0.145166 -0.216276
v 0.407878 -0.195566 -0.185677
v 0.434978 -0.184966 -0.127176
v 0.464378 -0.131766 -0.148277
v -0.128122 -0.385266 0.220924
v -0.159322 -0.398666 0.152924
v 0.483578 -0.123566 -0.074478
v -0.086222 -0.367366 0.280524
v -0.035022 -0.345466 0.329424
v 0.023378 -0.320466 0.365824
v 0.086678 -0.293366 -0.383576
v 0.152478 -0.265266 -0.391076
v 0.391178 -0.163066 -0.275876
v 0.086678 -0.293366 0.388224
v 0.023378 -0.320466 -0.361176
v 0.339978 -0.184966 -0.324776
v 0.152478 -0.265266 0.395723
v -0.035022 -0.345466 -0.324776
v 0.281678 -0.209966 -0.361177
v 0.218378 -0.237066 0.388224
v -0.086222 -0.367366 -0.275876
v 0.218378 -0.237066 -0.383577
v 0.281678 -0.209966 0.365824
v -0.128122 -0.385266 -0.216276
v 0.339978 -0.184966 0.329424
v -0.159322 -0.398666 -0.148276
v 0.391178 -0.163066 0.280524
v -0.178522 -0.406866 -0.074476
v 0.433178 -0.145166 0.220924
v -0.185022 -0.409666 0.002324
v 0.464378 -0.131766 0.152922
v -0.178522 -0.406866 0.079124
v 0.502178 -0.182666 0.078323
v 0.482878 -0.190266 0.151323
v 0.434978 -0.184966 0.131824
v 0.451678 -0.178466 0.068324
v 0.051278 -0.335366 0.314923
v 0.000478 -0.355266 0.283624
v 0.106378 -0.313766 -0.329476
v 0.163678 -0.291266 -0.336076
v 0.371278 -0.209966 -0.236977
v 0.106378 -0.313766 0.334224
v 0.051278 -0.335366 -0.310276
v 0.326778 -0.227366 -0.278976
v 0.163678 -0.291266 0.340724
v 0.000478 -0.355266 -0.278976
v 0.276078 -0.247266 -0.310276
v 0.220978 -0.268866 0.334224
v -0.044022 -0.372666 -0.236977
v 0.220978 -0.268866 -0.329476
v 0.276078 -0.247266 0.314923
v -0.080522 -0.387066 -0.185676
v 0.326778 -0.227366 0.283624
v -0.107722 -0.397666 -0.127176
v 0.371278 -0.209966 0.241624
v -0.124422 -0.404166 -0.063676
v 0.407878 -0.195566 0.190324
v -0.130022 -0.406366 0.002324
v -0.124422 -0.404166 0.068324
v -0.107722 -0.397666 0.131824
v 0.457378 -0.176166 0.002324
v -0.080522 -0.387066 0.190324
v 0.451678 -0.178466 -0.063676
v -0.044022 -0.372666 0.241624
v 0.482878 -0.190266 -0.146676
v 0.506478 -0.262866 -0.146676
v 0.525678 -0.255366 -0.073676
v 0.502178 -0.182666 -0.073677
v -0.141722 -0.435066 0.151324
v -0.161022 -0.442566 0.078324
v 0.508678 -0.180166 0.002324
v -0.110522 -0.422766 0.218724
v -0.068522 -0.406366 0.277724
v -0.017222 -0.386266 0.326124
v 0.451678 -0.202466 -0.214076
v 0.041178 -0.363366 0.362124
v 0.104578 -0.338466 -0.379676
v 0.170578 -0.312666 -0.387176
v 0.409578 -0.218966 -0.273077
v 0.104578 -0.338466 0.384324
v 0.041178 -0.363366 -0.357476
v 0.358378 -0.239066 -0.321476
v 0.170578 -0.312666 0.391824
v -0.017222 -0.386266 -0.321476
v 0.299978 -0.261966 -0.357476
v 0.236478 -0.286766 0.384324
v -0.068522 -0.406366 -0.273077
v 0.236478 -0.286766 -0.379676
v 0.299978 -0.261966 0.362124
v -0.110522 -0.422766 -0.214076
v 0.358378 -0.239066 0.326124
v -0.141722 -0.435066 -0.146676
v 0.409578 -0.218966 0.277724
v -0.161022 -0.442566 -0.073676
v 0.451678 -0.202466 0.218724
v -0.167522 -0.445166 0.002324
v 0.410678 -0.343066 -0.233476
v 0.433178 -0.291566 -0.273077
v 0.381978 -0.311666 -0.321476
v 0.366378 -0.358666 -0.274976
v 0.006278 -0.458866 0.326124
v -0.044922 -0.478966 0.277724
v 0.475178 -0.275166 -0.214076
v 0.064778 -0.435966 0.362124
v 0.128178 -0.411166 -0.379676
v 0.194078 -0.385266 -0.387176
v 0.128178 -0.411166 0.384324
v 0.064778 -0.435966 -0.357476
v 0.194078 -0.385266 0.391824
v 0.006278 -0.458866 -0.321476
v 0.323478 -0.334566 -0.357476
v 0.260078 -0.359466 0.384324
v -0.044922 -0.478966 -0.273076
v 0.260078 -0.359466 -0.379676
v 0.323478 -0.334566 0.362124
v -0.086922 -0.495466 -0.214076
v 0.381978 -0.311666 0.326124
v -0.118222 -0.507666 -0.146676
v 0.433178 -0.291566 0.277724
v -0.137422 -0.515266 -0.073676
v 0.475178 -0.275166 0.218724
v -0.143922 -0.517766 0.002324
v 0.506478 -0.262866 0.151324
v -0.137422 -0.515266 0.078324
v 0.525678 -0.255366 0.078324
v -0.118222 -0.507666 0.151324
v 0.532178 -0.252766 0.002324
v -0.086922 -0.495466 0.218724
v 0.208678 -0.437166 -0.374776
v 0.273178 -0.414466 -0.367576
v 0.261078 -0.395866 -0.324776
v 0.204078 -0.415966 -0.331176
v 0.204078 -0.415966 0.335824
v 0.147078 -0.436166 0.329424
v 0.041678 -0.473266 -0.274976
v 0.092278 -0.455466 -0.305776
v 0.315878 -0.376566 -0.305777
v 0.261078 -0.395866 0.329424
v -0.002522 -0.488966 -0.233476
v 0.315878 -0.376566 0.310424
v -0.038922 -0.501766 -0.182976
v 0.366378 -0.358666 0.279624
v -0.065922 -0.511266 -0.125276
v 0.410678 -0.343066 0.238124
v -0.082522 -0.517166 -0.062776
v 0.447078 -0.330266 0.187624
v -0.088122 -0.519166 0.002324
v 0.474078 -0.320666 0.129924
v -0.082522 -0.517166 0.067424
v 0.490678 -0.314866 0.067424
v -0.065922 -0.511266 0.129924
v 0.496278 -0.312866 0.002324
v -0.038922 -0.501766 0.187624
v 0.490678 -0.314866 -0.062776
v -0.002522 -0.488966 0.238124
v 0.474078 -0.320666 -0.125277
v 0.041678 -0.473266 0.279624
v 0.447078 -0.330266 -0.182976
v 0.092278 -0.455466 0.310424
v 0.147078 -0.436166 -0.324776
v 0.513978 -0.329366 0.146624
v 0.529078 -0.398666 0.146624
v 0.498478 -0.409466 0.211824
v 0.483478 -0.340166 0.211824
v 0.392278 -0.372366 0.315924
v 0.335178 -0.392566 0.350724
v -0.066122 -0.534166 -0.207176
v -0.096622 -0.544966 -0.141976
v 0.442378 -0.354666 0.269024
v -0.115522 -0.551566 -0.071276
v -0.121822 -0.553866 0.002324
v -0.115522 -0.551566 0.075924
v 0.532778 -0.322766 0.075924
v -0.096622 -0.544966 0.146624
v 0.539178 -0.320566 0.002324
v -0.066122 -0.534166 0.211824
v 0.532778 -0.322766 -0.071276
v -0.025022 -0.519666 0.269024
v 0.513978 -0.329366 -0.141977
v 0.025078 -0.501966 0.315924
v 0.483478 -0.340166 -0.207177
v 0.082178 -0.481766 0.350724
v 0.144178 -0.459966 -0.367576
v 0.442378 -0.354666 -0.264376
v 0.144178 -0.459966 0.372224
v 0.082178 -0.481766 -0.346076
v 0.392278 -0.372366 -0.311276
v 0.208678 -0.437166 0.379424
v 0.025078 -0.501966 -0.311276
v 0.335178 -0.392566 -0.346076
v 0.273178 -0.414466 0.372224
v -0.025022 -0.519666 -0.264376
v 0.507878 -0.448166 0.002324
v 0.554178 -0.389766 0.002324
v 0.547878 -0.392066 -0.071276
v 0.502478 -0.449766 -0.059276
v -0.100422 -0.620866 0.075924
v -0.106822 -0.623066 0.002324
v 0.547878 -0.392066 0.075924
v -0.081622 -0.614166 0.146624
v -0.051122 -0.603466 0.211824
v -0.010022 -0.588866 0.269024
v 0.529078 -0.398666 -0.141977
v 0.040078 -0.571266 0.315924
v 0.498478 -0.409466 -0.207177
v 0.097278 -0.551066 0.350724
v 0.223678 -0.506466 -0.374776
v 0.159278 -0.529166 -0.367576
v 0.457378 -0.423966 -0.264376
v 0.159278 -0.529166 0.372224
v 0.097278 -0.551066 -0.346076
v 0.407278 -0.441666 -0.311276
v 0.223678 -0.506466 0.379424
v 0.040078 -0.571266 -0.311276
v 0.350178 -0.461766 -0.346076
v 0.288178 -0.483666 0.372224
v -0.010022 -0.588866 -0.264376
v 0.288178 -0.483666 -0.367576
v 0.350178 -0.461766 0.350724
v -0.051122 -0.603466 -0.207176
v 0.407278 -0.441666 0.315924
v -0.081622 -0.614166 -0.141976
v 0.457378 -0.423966 0.269024
v -0.100422 -0.620866 -0.071276
v 0.229178 -0.531866 -0.313276
v 0.174878 -0.548166 -0.307176
v 0.169078 -0.583666 -0.355376
v 0.231878 -0.564766 -0.362376
v 0.032178 -0.591066 0.225524
v -0.002422 -0.601466 0.177624
v 0.486678 -0.454466 -0.118476
v 0.074378 -0.578366 0.264724
v 0.460878 -0.462266 -0.172976
v 0.122578 -0.563866 0.293924
v 0.426278 -0.472666 -0.220876
v 0.174878 -0.548166 0.311824
v 0.122578 -0.563866 -0.289276
v 0.383978 -0.485366 -0.260076
v 0.229178 -0.531866 0.317924
v 0.074378 -0.578366 -0.260076
v 0.335878 -0.499766 -0.289276
v 0.283578 -0.515466 0.311824
v 0.032178 -0.591066 -0.220876
v 0.283578 -0.515466 -0.307176
v 0.335878 -0.499766 0.293924
v -0.002422 -0.601466 -0.172976
v 0.383978 -0.485366 0.264724
v -0.028222 -0.609166 -0.118476
v 0.426278 -0.472666 0.225524
v -0.044022 -0.613966 -0.059276
v 0.460878 -0.462266 0.177624
v -0.049422 -0.615566 0.002324
v 0.486678 -0.454466 0.123124
v -0.044022 -0.613966 0.063924
v 0.502478 -0.449766 0.063924
v -0.028222 -0.609166 0.123124
v 0.004278 -0.633166 -0.255576
v 0.010178 -0.705266 -0.255576
v 0.058978 -0.690566 -0.300876
v 0.053078 -0.618566 -0.300876
v 0.459578 -0.496366 -0.255576
v 0.499578 -0.484366 -0.200276
v 0.169078 -0.583666 0.360024
v 0.108678 -0.601766 0.339224
v 0.108678 -0.601766 -0.334576
v 0.410778 -0.511066 -0.300876
v 0.231878 -0.564766 0.367024
v 0.355078 -0.527766 -0.334576
v 0.294678 -0.545866 0.360024
v 0.294678 -0.545866 -0.355376
v 0.355078 -0.527766 0.339224
v -0.035822 -0.645166 -0.200276
v 0.410778 -0.511066 0.305524
v -0.065522 -0.654166 -0.137276
v 0.459578 -0.496366 0.260224
v -0.083822 -0.659666 -0.068776
v 0.499578 -0.484366 0.204924
v -0.090022 -0.661466 0.002324
v 0.529378 -0.475366 0.141924
v -0.083822 -0.659666 0.073424
v 0.547678 -0.469866 0.073424
v -0.065522 -0.654166 0.141924
v 0.553878 -0.468066 0.002324
v -0.035822 -0.645166 0.204924
v 0.547678 -0.469866 -0.068776
v 0.004278 -0.633166 0.260224
v 0.529378 -0.475366 -0.137276
v 0.053078 -0.618566 0.305524
v -0.026022 -0.724266 -0.057276
v -0.010622 -0.720066 -0.114676
v -0.059622 -0.726166 -0.137276
v -0.078022 -0.731666 -0.068776
v 0.300578 -0.617966 -0.355376
v 0.360978 -0.599866 -0.334576
v 0.360978 -0.599866 0.339224
v 0.300578 -0.617966 0.360024
v -0.029922 -0.717266 -0.200276
v 0.237778 -0.636866 -0.362376
v 0.416678 -0.583066 0.305524
v 0.465478 -0.568466 0.260224
v 0.505478 -0.556366 0.204924
v -0.084122 -0.733566 0.002324
v 0.535278 -0.547466 0.141924
v -0.078022 -0.731666 0.073424
v 0.553578 -0.541966 0.073424
v -0.059622 -0.726166 0.141924
v 0.559778 -0.540066 0.002324
v -0.029922 -0.717266 0.204924
v 0.553578 -0.541966 -0.068776
v 0.010178 -0.705266 0.260224
v 0.535278 -0.547466 -0.137276
v 0.058978 -0.690566 0.305524
v 0.505478 -0.556366 -0.200276
v 0.114578 -0.673866 0.339224
v 0.174978 -0.655666 -0.355376
v 0.465478 -0.568466 -0.255576
v 0.174978 -0.655666 0.360024
v 0.114578 -0.673866 -0.334576
v 0.416678 -0.583066 -0.300876
v 0.237778 -0.636866 0.367024
v -0.010622 -0.720066 0.119324
v -0.051222 -0.750366 0.138524
v -0.069122 -0.755266 0.071724
v -0.026022 -0.724266 0.061924
v 0.463678 -0.589966 0.172124
v 0.430078 -0.599266 0.218524
v -0.031222 -0.725666 0.002324
v 0.488678 -0.583166 0.119324
v 0.504078 -0.578966 0.061924
v 0.509178 -0.577566 0.002324
v 0.014378 -0.713166 0.172124
v 0.504078 -0.578966 -0.057276
v 0.047978 -0.703966 0.218524
v 0.488678 -0.583166 -0.114676
v 0.088878 -0.692766 0.256524
v 0.463678 -0.589966 -0.167476
v 0.135578 -0.679966 0.284724
v 0.186278 -0.666066 -0.297476
v 0.238978 -0.651566 -0.303376
v 0.430078 -0.599266 -0.213876
v 0.186278 -0.666066 0.302124
v 0.135578 -0.679966 -0.280076
v 0.389178 -0.610466 -0.251876
v 0.238978 -0.651566 0.308024
v 0.088878 -0.692766 -0.251876
v 0.342378 -0.623266 -0.280076
v 0.291678 -0.637166 0.302124
v 0.047978 -0.703966 -0.213876
v 0.291678 -0.637166 -0.297476
v 0.342378 -0.623266 0.284724
v 0.014378 -0.713166 -0.167476
v 0.389178 -0.610466 0.256524
v 0.064578 -0.718566 0.298124
v 0.065878 -0.790766 0.298124
v 0.018178 -0.803866 0.253924
v 0.016978 -0.731666 0.253924
v 0.553878 -0.584466 0.002324
v 0.547778 -0.586166 0.071724
v -0.022222 -0.742366 0.200024
v 0.547778 -0.586166 -0.067076
v 0.529878 -0.591066 -0.133876
v 0.500878 -0.598966 -0.195376
v 0.118978 -0.703666 0.331024
v 0.177978 -0.687466 -0.346676
v 0.239378 -0.670666 -0.353476
v 0.461778 -0.609766 -0.249276
v 0.177978 -0.687466 0.351324
v 0.118978 -0.703666 -0.326376
v 0.414078 -0.622766 -0.293476
v 0.239378 -0.670666 0.358124
v 0.064578 -0.718566 -0.293476
v 0.359678 -0.637666 -0.326376
v 0.300678 -0.653866 0.351324
v 0.016978 -0.731666 -0.249276
v 0.300678 -0.653866 -0.346676
v 0.359678 -0.637666 0.331024
v -0.022222 -0.742366 -0.195376
v 0.414078 -0.622766 0.298124
v -0.051222 -0.750366 -0.133876
v 0.461778 -0.609766 0.253924
v -0.069122 -0.755266 -0.067076
v 0.500878 -0.598966 0.200024
v -0.075222 -0.756866 0.002324
v 0.529878 -0.591066 0.138524
v 0.240578 -0.742866 0.358124
v 0.241078 -0.771066 0.312424
v 0.187878 -0.781666 0.306424
v 0.179178 -0.759766 0.351324
v 0.502078 -0.671266 -0.195376
v 0.531178 -0.663266 -0.133876
v 0.120178 -0.775866 0.331024
v 0.179178 -0.759766 -0.346676
v 0.240578 -0.742866 -0.353476
v 0.462978 -0.681966 -0.249276
v 0.120178 -0.775866 -0.326376
v 0.415278 -0.694966 -0.293476
v 0.065878 -0.790766 -0.293476
v 0.360978 -0.709866 -0.326376
v 0.301978 -0.726066 0.351324
v 0.018178 -0.803866 -0.249276
v 0.301978 -0.726066 -0.346676
v 0.360978 -0.709866 0.331024
v -0.020922 -0.814566 -0.195376
v 0.415278 -0.694966 0.298124
v -0.050022 -0.822566 -0.133876
v 0.462978 -0.681966 0.253924
v -0.067922 -0.827466 -0.067076
v 0.502078 -0.671266 0.200024
v -0.073922 -0.829066 0.002324
v 0.531178 -0.663266 0.138524
v -0.067922 -0.827466 0.071724
v 0.549078 -0.658366 0.071724
v -0.050022 -0.822566 0.138524
v 0.555078 -0.656666 0.002324
v -0.020922 -0.814566 0.200024
v 0.549078 -0.658366 -0.067076
v 0.392478 -0.740866 0.260124
v 0.410378 -0.750966 0.294224
v 0.356978 -0.761566 0.326624
v 0.345378 -0.750266 0.288824
v 0.089578 -0.801266 -0.255476
v 0.136678 -0.791866 -0.284176
v 0.345378 -0.750266 -0.284176
v 0.392478 -0.740866 -0.255476
v 0.294278 -0.760466 0.306424
v 0.048278 -0.809566 -0.216876
v 0.294278 -0.760466 -0.301776
v 0.014378 -0.816366 -0.169976
v 0.241078 -0.771066 -0.307776
v -0.010822 -0.821366 -0.116376
v 0.433878 -0.732666 0.221524
v -0.026322 -0.824466 -0.058176
v 0.467778 -0.725866 0.174624
v -0.031522 -0.825466 0.002324
v 0.492978 -0.720866 0.121024
v -0.026322 -0.824466 0.062824
v 0.508478 -0.717766 0.062824
v -0.010822 -0.821366 0.121024
v 0.513678 -0.716666 0.002324
v 0.014378 -0.816366 0.174624
v 0.508478 -0.717766 -0.058176
v 0.048278 -0.809566 0.221524
v 0.492978 -0.720866 -0.116376
v 0.089578 -0.801266 0.260124
v 0.467778 -0.725866 -0.169976
v 0.136678 -0.791866 0.288824
v 0.187878 -0.781666 -0.301776
v 0.433878 -0.732666 -0.216876
v 0.524078 -0.728266 0.136624
v 0.512778 -0.801366 0.136624
v 0.484278 -0.807066 0.197324
v 0.495478 -0.733966 0.197324
v -0.017722 -0.836366 -0.192676
v -0.046222 -0.842066 -0.131976
v 0.457178 -0.741566 0.250524
v -0.063822 -0.845566 -0.066176
v -0.069722 -0.846766 0.002324
v -0.063822 -0.845566 0.070824
v 0.541578 -0.724766 0.070824
v -0.046222 -0.842066 0.136624
v 0.547578 -0.723566 0.002324
v -0.017722 -0.836366 0.197324
v 0.541578 -0.724766 -0.066176
v 0.020678 -0.828666 0.250524
v 0.524078 -0.728266 -0.131976
v 0.067378 -0.819366 0.294224
v 0.495478 -0.733966 -0.192676
v 0.120778 -0.808666 0.326624
v 0.178678 -0.797166 -0.341976
v 0.238878 -0.785166 -0.348676
v 0.457178 -0.741566 -0.245876
v 0.178678 -0.797166 0.346624
v 0.120778 -0.808666 -0.321976
v 0.410378 -0.750966 -0.289576
v 0.238878 -0.785166 0.353324
v 0.067378 -0.819366 -0.289576
v 0.356978 -0.761566 -0.321976
v 0.299078 -0.773166 0.346624
v 0.020678 -0.828666 -0.245876
v 0.299078 -0.773166 -0.341976
v 0.530278 -0.797866 -0.066176
v 0.491578 -0.836066 -0.058576
v 0.496778 -0.835166 0.002324
v 0.536278 -0.796666 0.002324
v -0.075122 -0.918666 0.070824
v -0.081022 -0.919866 0.002324
v 0.530278 -0.797866 0.070824
v -0.057522 -0.915166 0.136624
v -0.029022 -0.909466 0.197324
v 0.009378 -0.901866 0.250524
v 0.512778 -0.801366 -0.131976
v 0.056178 -0.892466 0.294224
v 0.484278 -0.807066 -0.192676
v 0.109478 -0.881866 0.326624
v 0.227578 -0.858266 -0.348676
v 0.167378 -0.870266 -0.341976
v 0.445878 -0.814766 -0.245876
v 0.167378 -0.870266 0.346624
v 0.109478 -0.881866 -0.321976
v 0.399078 -0.824066 -0.289576
v 0.227578 -0.858266 0.353324
v 0.056178 -0.892466 -0.289576
v 0.345678 -0.834666 -0.321976
v 0.287778 -0.846266 0.346624
v 0.009378 -0.901866 -0.245876
v 0.287778 -0.846266 -0.341976
v 0.345678 -0.834666 0.326624
v -0.029022 -0.909466 -0.192676
v 0.399078 -0.824066 0.294224
v -0.057522 -0.915166 -0.131976
v 0.445878 -0.814766 0.250524
v -0.075122 -0.918666 -0.066176
v 0.287778 -0.892366 0.346724
v 0.277478 -0.871066 0.308524
v 0.328578 -0.862766 0.290724
v 0.345278 -0.882966 0.326724
v 0.031578 -0.911366 0.223024
v -0.002322 -0.916866 0.175724
v 0.476078 -0.838566 -0.117176
v 0.072878 -0.904566 0.261824
v 0.450878 -0.842666 -0.171076
v 0.119978 -0.896866 0.290724
v 0.171078 -0.888566 -0.303876
v 0.224278 -0.879766 -0.309876
v 0.416978 -0.848266 -0.218376
v 0.171078 -0.888566 0.308524
v 0.119978 -0.896866 -0.286076
v 0.375678 -0.855066 -0.257176
v 0.224278 -0.879766 0.314524
v 0.072878 -0.904566 -0.257176
v 0.328578 -0.862766 -0.286076
v 0.031578 -0.911366 -0.218376
v 0.277478 -0.871066 -0.303876
v -0.002322 -0.916866 -0.171076
v 0.375678 -0.855066 0.261824
v -0.027522 -0.921066 -0.117176
v 0.416978 -0.848266 0.223024
v -0.043022 -0.923566 -0.058576
v 0.450878 -0.842666 0.175724
v -0.048222 -0.924466 0.002324
v 0.476078 -0.838566 0.121824
v -0.043022 -0.923566 0.063224
v 0.491578 -0.836066 0.063224
v -0.027522 -0.921066 0.121824
v 0.453178 -0.918466 0.250624
v 0.444678 -0.866666 0.250624
v 0.482878 -0.860366 0.197424
v 0.491278 -0.912266 0.197424
v -0.026922 -0.943866 -0.192776
v 0.011178 -0.937666 -0.245976
v 0.227978 -0.902166 -0.348776
v 0.287778 -0.892366 -0.342076
v 0.398278 -0.874266 0.294324
v -0.055222 -0.948566 -0.132076
v -0.072722 -0.951366 -0.066176
v -0.078622 -0.952366 0.002324
v 0.511178 -0.855766 0.136724
v -0.072722 -0.951366 0.070824
v 0.528578 -0.852866 0.070824
v -0.055222 -0.948566 0.136724
v 0.534478 -0.851966 0.002324
v -0.026922 -0.943866 0.197424
v 0.528578 -0.852866 -0.066176
v 0.011178 -0.937666 0.250624
v 0.511178 -0.855766 -0.132076
v 0.057678 -0.930066 0.294324
v 0.482878 -0.860366 -0.192776
v 0.110678 -0.921366 0.326724
v 0.168178 -0.911966 -0.342076
v 0.444678 -0.866666 -0.245976
v 0.168178 -0.911966 0.346724
v 0.110678 -0.921366 -0.322076
v 0.398278 -0.874266 -0.289676
v 0.227978 -0.902166 0.353424
v 0.057678 -0.930066 -0.289676
v 0.345278 -0.882966 -0.322076
v 0.515078 -0.976866 0.063924
v 0.537078 -0.904766 0.070824
v 0.542978 -0.903766 0.002324
v 0.520378 -0.976666 0.002324
v -0.064222 -1.003266 -0.066176
v -0.070122 -1.004166 0.002324
v 0.519678 -0.907566 0.136724
v -0.064222 -1.003266 0.070824
v -0.046822 -1.000366 0.136724
v -0.018422 -0.995766 0.197424
v 0.537078 -0.904766 -0.066176
v 0.019678 -0.989466 0.250624
v 0.519678 -0.907566 -0.132076
v 0.066078 -0.981866 0.294324
v 0.491278 -0.912266 -0.192776
v 0.119078 -0.973166 0.326724
v 0.176678 -0.963766 -0.342076
v 0.236478 -0.953966 -0.348776
v 0.453178 -0.918466 -0.245976
v 0.176678 -0.963766 0.346724
v 0.119078 -0.973166 -0.322076
v 0.406778 -0.926066 -0.289676
v 0.236478 -0.953966 0.353424
v 0.066078 -0.981866 -0.289676
v 0.353778 -0.934766 -0.322076
v 0.296278 -0.944166 0.346724
v 0.019678 -0.989466 -0.245976
v 0.296278 -0.944166 -0.342076
v 0.353778 -0.934766 0.326724
v -0.018422 -0.995766 -0.192776
v 0.406778 -0.926066 0.294324
v -0.046822 -1.000366 -0.132076
v 0.186878 -0.985066 -0.307276
v 0.134478 -0.986466 -0.289276
v 0.086278 -0.987666 -0.260076
v 0.043978 -0.988666 -0.220876
v 0.009178 -0.989566 -0.173076
v -0.016522 -0.990266 -0.118476
v -0.032422 -0.990666 -0.059276
v -0.037822 -0.990766 0.002324
v -0.032422 -0.990666 0.063924
v -0.016522 -0.990266 0.123124
v 0.009178 -0.989566 0.177724
v 0.043978 -0.988666 0.225524
v 0.086278 -0.987666 0.264724
v 0.134478 -0.986466 0.293924
v 0.186878 -0.985066 0.311924
v 0.241278 -0.983766 0.317924
v 0.295778 -0.982366 0.311924
v 0.348078 -0.981066 0.293924
v 0.396378 -0.979866 0.264724
v 0.438678 -0.978766 0.225524
v 0.473378 -0.977866 0.177724
v 0.499178 -0.977266 0.123124
v 0.515078 -0.976866 -0.059276
v 0.499178 -0.977266 -0.118476
v 0.473378 -0.977866 -0.172976
v 0.438678 -0.978766 -0.220876
v 0.396378 -0.979866 -0.260076
v 0.348078 -0.981066 -0.289276
v 0.295778 -0.982366 -0.307276
v 0.241278 -0.983766 -0.313276
v 0.218678 -0.977066 -0.354176
v 0.288578 -0.977066 -0.347276
v 0.355778 -0.977066 -0.326876
v 0.417678 -0.977066 -0.293776
v 0.471978 -0.977066 -0.249276
v 0.516478 -0.977066 -0.194976
v 0.549578 -0.977066 -0.133076
v 0.569978 -0.977066 -0.065876
v 0.576878 -0.977066 0.004024
v 0.569978 -0.977066 0.073924
v 0.549578 -0.977066 0.141024
v 0.516478 -0.977066 0.203024
v 0.471978 -0.977066 0.257224
v 0.417678 -0.977066 0.301824
v 0.355778 -0.977066 0.334924
v 0.288578 -0.977066 0.355324
v 0.218678 -0.977066 0.362124
v 0.148778 -0.977066 0.355324
v 0.081678 -0.977066 0.334924
v 0.019678 -0.977066 0.301824
v -0.034522 -0.977066 0.257224
v -0.079122 -0.977066 0.203024
v -0.112222 -0.977066 0.141024
v -0.132622 -0.977066 0.073924
v -0.139422 -0.977066 0.004024
v -0.132622 -0.977066 -0.065876
v -0.112222 -0.977066 -0.133076
v -0.079122 -0.977066 -0.194976
v -0.034522 -0.977066 -0.249276
v 0.148778 -0.977066 -0.347276
v 0.019678 -0.977066 -0.293776
v 0.081678 -0.977066 -0.326876
v -0.049022 -1.007966 -0.263776
v -0.049022 -1.042766 -0.263776
v 0.008378 -1.042766 -0.310876
v 0.008378 -1.007966 -0.310876
v -0.159922 -1.007966 0.004024
v -0.152722 -1.007966 0.077924
v 0.590078 -1.007966 0.077924
v 0.568578 -1.007966 0.148924
v -0.131122 -1.007966 0.148924
v 0.597378 -1.007966 0.004024
v -0.096122 -1.007966 0.214424
v 0.590078 -1.007966 -0.069876
v -0.049022 -1.007966 0.271724
v 0.568578 -1.007966 -0.140876
v 0.008378 -1.007966 0.318824
v 0.533578 -1.007966 -0.206376
v 0.073778 -1.007966 0.353824
v 0.218678 -1.007966 -0.374676
v 0.144778 -1.007966 -0.367376
v 0.486478 -1.007966 -0.263776
v 0.144778 -1.007966 0.375424
v 0.073778 -1.007966 -0.345776
v 0.429078 -1.007966 -0.310876
v 0.218678 -1.007966 0.382624
v 0.363578 -1.007966 -0.345776
v 0.292578 -1.007966 0.375424
v 0.292578 -1.007966 -0.367376
v 0.363578 -1.007966 0.353824
v -0.096122 -1.007966 -0.206376
v 0.429078 -1.007966 0.318824
v -0.131122 -1.007966 -0.140876
v 0.486478 -1.007966 0.271724
v -0.152722 -1.007966 -0.069876
v 0.533578 -1.007966 0.214424
v 0.144778 -1.042766 -0.367376
v 0.073778 -1.042766 -0.345776
v -0.096122 -1.042766 -0.206376
v -0.131122 -1.042766 -0.140876
v -0.152722 -1.042766 -0.069876
v -0.159922 -1.042766 0.004024
v -0.152722 -1.042766 0.077924
v -0.131122 -1.042766 0.148924
v -0.096122 -1.042766 0.214424
v -0.049022 -1.042766 0.271724
v 0.008378 -1.042766 0.318824
v 0.073778 -1.042766 0.353824
v 0.144778 -1.042766 0.375424
v 0.218678 -1.042766 0.382624
v 0.292578 -1.042766 0.375424
v 0.363578 -1.042766 0.353824
v 0.429078 -1.042766 0.318824
v 0.486478 -1.042766 0.271724
v 0.533578 -1.042766 0.214424
v 0.568578 -1.042766 0.148924
v 0.590078 -1.042766 0.077924
v 0.597378 -1.042766 0.004024
v 0.590078 -1.042766 -0.069876
v 0.568578 -1.042766 -0.140876
v 0.533578 -1.042766 -0.206376
v 0.486478 -1.042766 -0.263776
v 0.429078 -1.042766 -0.310876
v 0.363578 -1.042766 -0.345776
v 0.292578 -1.042766 -0.367376
v 0.218678 -1.042766 -0.374676
v 0.218078 -1.041666 -0.371676
v 0.291678 -1.041666 -0.364476
v 0.362478 -1.041666 -0.342976
v 0.427778 -1.041666 -0.308076
v 0.484978 -1.041666 -0.261176
v 0.531878 -1.041666 -0.203976
v 0.566778 -1.041666 -0.138776
v 0.588178 -1.041666 -0.067976
v 0.595478 -1.041666 0.005724
v 0.588178 -1.041666 0.079324
v 0.566778 -1.041666 0.150124
v 0.531878 -1.041666 0.215324
v 0.484978 -1.041666 0.272524
v 0.427778 -1.041666 0.319424
v 0.362478 -1.041666 0.354324
v 0.291678 -1.041666 0.375824
v 0.218078 -1.041666 0.383024
v 0.144478 -1.041666 0.375824
v 0.073678 -1.041666 0.354324
v 0.008478 -1.041666 0.319424
v -0.048722 -1.041666 0.272524
v -0.095722 -1.041666 0.215324
v -0.130522 -1.041666 0.150124
v -0.152022 -1.041666 0.079324
v -0.159322 -1.041666 0.005724
v -0.152022 -1.041666 -0.067976
v -0.130522 -1.041666 -0.138776
v -0.095722 -1.041666 -0.203976
v -0.048722 -1.041666 -0.261176
v 0.144478 -1.041666 -0.364476
v 0.008478 -1.041666 -0.308076
v 0.073678 -1.041666 -0.342976
v 0.125078 -1.220866 -0.461976
v 0.035578 -1.220866 -0.434876
v -0.046822 -1.220866 -0.390776
v -0.119122 -1.220866 -0.331476
v -0.178422 -1.220866 -0.259276
v -0.222422 -1.220866 -0.176776
v -0.249622 -1.220866 -0.087376
v -0.258722 -1.220866 0.005724
v -0.249622 -1.220866 0.098724
v -0.222422 -1.220866 0.188124
v -0.178422 -1.220866 0.270624
v -0.119122 -1.220866 0.342924
v -0.046822 -1.220866 0.402224
v 0.035578 -1.220866 0.446224
v 0.125078 -1.220866 0.473424
v 0.218078 -1.220866 0.482524
v 0.311078 -1.220866 0.473424
v 0.400578 -1.220866 0.446224
v 0.482978 -1.220866 0.402224
v 0.555278 -1.220866 0.342924
v 0.614578 -1.220866 0.270624
v 0.658678 -1.220866 0.188124
v 0.685778 -1.220866 0.098724
v 0.694978 -1.220866 0.005724
v 0.685778 -1.220866 -0.087376
v 0.658678 -1.220866 -0.176776
v 0.614578 -1.220866 -0.259276
v 0.555278 -1.220866 -0.331476
v 0.482978 -1.220866 -0.390776
v 0.400578 -1.220866 -0.434876
v 0.311078 -1.220866 -0.461976
v 0.218078 -1.220866 -0.471176
v 0.219378 -1.219566 -0.473276
v 0.312878 -1.219566 -0.464076
v 0.402778 -1.219566 -0.436776
v 0.485678 -1.219566 -0.392476
v 0.558278 -1.219566 -0.332876
v 0.617878 -1.219566 -0.260276
v 0.662178 -1.219566 -0.177376
v 0.689478 -1.219566 -0.087476
v 0.698678 -1.219566 0.006024
v 0.689478 -1.219566 0.099524
v 0.662178 -1.219566 0.189524
v 0.617878 -1.219566 0.272324
v 0.558278 -1.219566 0.345024
v 0.485678 -1.219566 0.404624
v 0.402778 -1.219566 0.448924
v 0.312878 -1.219566 0.476224
v 0.219378 -1.219566 0.485424
v 0.125778 -1.219566 0.476224
v 0.035878 -1.219566 0.448924
v -0.046922 -1.219566 0.404624
v -0.119622 -1.219566 0.345024
v -0.179222 -1.219566 0.272324
v -0.223522 -1.219566 0.189524
v -0.250822 -1.219566 0.099524
v -0.260022 -1.219566 0.006024
v -0.250822 -1.219566 -0.087476
v -0.223522 -1.219566 -0.177376
v -0.179222 -1.219566 -0.260276
v -0.119622 -1.219566 -0.332876
v 0.125778 -1.219566 -0.464076
v -0.046922 -1.219566 -0.392476
v 0.035878 -1.219566 -0.436776
v 0.724278 -1.240966 -0.094376
v 0.724278 -1.341766 -0.094376
v 0.734178 -1.341766 0.006024
v 0.734178 -1.240966 0.006024
v 0.416378 -1.240966 -0.469576
v 0.505378 -1.240966 -0.422076
v 0.319778 -1.240966 0.511024
v 0.219378 -1.240966 0.520924
v -0.144722 -1.240966 -0.357976
v -0.066722 -1.240966 -0.422076
v 0.319778 -1.240966 -0.498876
v 0.416378 -1.240966 0.481724
v -0.208722 -1.240966 -0.279976
v 0.219378 -1.240966 -0.508776
v 0.505378 -1.240966 0.434124
v -0.256322 -1.240966 -0.190976
v 0.583378 -1.240966 0.370124
v -0.285622 -1.240966 -0.094376
v 0.647378 -1.240966 0.292124
v -0.295522 -1.240966 0.006024
v 0.694978 -1.240966 0.203024
v -0.285622 -1.240966 0.106524
v 0.724278 -1.240966 0.106524
v -0.256322 -1.240966 0.203024
v -0.208722 -1.240966 0.292124
v -0.144722 -1.240966 0.370124
v 0.694978 -1.240966 -0.190976
v -0.066722 -1.240966 0.434124
v 0.647378 -1.240966 -0.279976
v 0.022278 -1.240966 0.481724
v 0.118878 -1.240966 -0.498876
v 0.583378 -1.240966 -0.357976
v 0.118878 -1.240966 0.511024
v 0.022278 -1.240966 -0.469576
v 0.118878 -1.341766 -0.498876
v 0.022278 -1.341766 -0.469576
v -0.066722 -1.341766 -0.422076
v -0.144722 -1.341766 -0.357976
v -0.208722 -1.341766 -0.279976
v -0.256322 -1.341766 -0.190976
v -0.285622 -1.341766 -0.094376
v -0.295522 -1.341766 0.006024
v -0.285622 -1.341766 0.106524
v -0.256322 -1.341766 0.203024
v -0.208722 -1.341766 0.292124
v -0.144722 -1.341766 0.370124
v -0.066722 -1.341766 0.434124
v 0.022278 -1.341766 0.481724
v 0.118878 -1.341766 0.511024
v 0.219378 -1.341766 0.520924
v 0.319778 -1.341766 0.511024
v 0.416378 -1.341766 0.481724
v 0.505378 -1.341766 0.434124
v 0.583378 -1.341766 0.370124
v 0.647378 -1.341766 0.292124
v 0.694978 -1.341766 0.203024
v 0.724278 -1.341766 0.106524
v 0.694978 -1.341766 -0.190976
v 0.647378 -1.341766 -0.279976
v 0.583378 -1.341766 -0.357976
v 0.505378 -1.341766 -0.422076
v 0.416378 -1.341766 -0.469576
v 0.319778 -1.341766 -0.498876
v 0.219378 -1.341766 -0.508776
vn -0.3609 0.9148 0.1813
vn -0.3607 0.9147 0.1820
vn -0.3642 0.9121 0.1880
vn -0.3721 0.9095 0.1853
vn -0.3766 0.9079 0.1841
vn -0.3767 0.9078 0.1845
vn -0.4019 0.8961 -0.1882
vn -0.4018 0.8962 -0.1880
vn -0.4064 0.8946 -0.1859
vn -0.4143 0.8914 -0.1839
vn -0.3928 0.9000 -0.1889
vn -0.3928 0.9001 -0.1885
vn -0.2344 0.7964 0.5575
vn -0.2598 0.7856 0.5616
vn -0.2597 0.7856 0.5616
vn -0.2851 0.7748 0.5643
vn -0.3106 0.7639 0.5657
vn -0.3828 0.9052 0.1848
vn -0.3872 0.9035 0.1839
vn -0.3883 0.9030 -0.1839
vn -0.3883 0.9028 -0.1847
vn -0.3362 0.7530 -0.5656
vn -0.3362 0.7530 -0.5657
vn -0.3361 0.7531 -0.5656
vn -0.3618 0.7421 -0.5643
vn -0.3617 0.7421 -0.5643
vn -0.3871 0.7313 -0.5616
vn -0.3871 0.7313 -0.5615
vn -0.3870 0.7315 -0.5614
vn -0.3870 0.7313 -0.5616
vn -0.4122 0.7206 -0.5575
vn -0.4117 0.7208 -0.5576
vn -0.4118 0.7206 -0.5578
vn -0.4120 0.7203 -0.5580
vn -0.4177 0.8895 -0.1854
vn -0.4167 0.8900 -0.1849
vn -0.3506 0.9191 0.1796
vn -0.3486 0.9195 0.1818
vn 0.4108 -0.8934 0.1820
vn 0.4002 -0.8979 0.1834
vn 0.4045 -0.8959 0.1836
vn 0.4111 -0.8933 0.1819
vn 0.3628 -0.9137 -0.1830
vn 0.3695 -0.9110 -0.1834
vn 0.3696 -0.9110 -0.1829
vn 0.3588 -0.9155 -0.1821
vn 0.3905 -0.9018 0.1852
vn 0.3963 -0.8997 0.1830
vn 0.3735 -0.9088 -0.1861
vn 0.3766 -0.9069 -0.1890
vn 0.4123 -0.7205 0.5575
vn 0.4167 -0.8907 0.1818
vn 0.4200 -0.8893 0.1809
vn 0.3536 -0.9177 -0.1812
vn 0.3500 -0.9191 -0.1810
vn 0.2344 -0.7964 -0.5575
vn 0.2343 -0.7964 -0.5576
vn 0.2342 -0.7965 -0.5575
vn 0.2597 -0.7856 -0.5615
vn 0.2597 -0.7856 -0.5616
vn 0.2851 -0.7748 -0.5643
vn 0.3106 -0.7639 -0.5657
vn 0.3107 -0.7639 -0.5656
vn 0.3823 -0.9055 -0.1843
vn 0.3838 -0.9051 -0.1828
vn 0.3851 -0.9045 0.1832
vn 0.3854 -0.9045 0.1828
vn 0.3361 -0.7530 0.5657
vn 0.3362 -0.7530 0.5657
vn 0.3617 -0.7421 0.5643
vn 0.3618 -0.7421 0.5643
vn 0.3871 -0.7313 0.5616
vn 0.3870 -0.7313 0.5616
vn 0.3871 -0.7313 0.5615
vn 0.3871 -0.7314 0.5615
vn 0.4427 -0.8785 0.1794
vn 0.4332 -0.8831 0.1802
vn 0.4367 -0.8816 0.1792
vn 0.4460 -0.8781 0.1733
vn 0.3250 -0.9291 -0.1764
vn 0.3352 -0.9248 -0.1799
vn 0.3353 -0.9247 -0.1804
vn 0.3251 -0.9292 -0.1756
vn 0.4270 -0.8863 0.1792
vn 0.4268 -0.8865 0.1787
vn 0.3473 -0.9203 -0.1802
vn 0.3466 -0.9205 -0.1804
vn 0.5107 -0.6786 0.5279
vn 0.5106 -0.6787 0.5279
vn 0.4479 -0.8774 0.1719
vn 0.4531 -0.8753 0.1688
vn 0.3185 -0.9315 -0.1759
vn 0.3203 -0.9322 -0.1685
vn 0.1361 -0.8383 -0.5280
vn 0.1361 -0.8383 -0.5279
vn 0.1601 -0.8281 -0.5373
vn 0.1601 -0.8281 -0.5372
vn 0.1845 -0.8177 -0.5453
vn 0.2093 -0.8071 -0.5521
vn 0.4374 -0.7098 0.5521
vn 0.4375 -0.7098 0.5521
vn 0.4622 -0.6993 0.5453
vn 0.4622 -0.6992 0.5453
vn 0.4866 -0.6888 0.5373
vn 0.4735 -0.8654 0.1638
vn 0.4643 -0.8698 0.1667
vn 0.4690 -0.8677 0.1650
vn 0.4770 -0.8643 0.1596
vn 0.2981 -0.9415 -0.1571
vn 0.3041 -0.9380 -0.1663
vn 0.3034 -0.9382 -0.1665
vn 0.2977 -0.9416 -0.1576
vn 0.4596 -0.8718 0.1697
vn 0.4599 -0.8715 0.1702
vn 0.3117 -0.9348 -0.1701
vn 0.3118 -0.9349 -0.1697
vn 0.6018 -0.6397 0.4781
vn 0.4773 -0.8649 0.1555
vn 0.4832 -0.8623 0.1514
vn 0.2916 -0.9443 -0.1524
vn 0.2909 -0.9445 -0.1529
vn 0.0448 -0.8772 -0.4781
vn 0.0449 -0.8772 -0.4781
vn 0.0669 -0.8678 -0.4923
vn 0.0668 -0.8678 -0.4923
vn 0.0668 -0.8679 -0.4923
vn 0.0668 -0.8678 -0.4924
vn 0.0893 -0.8582 -0.5055
vn 0.0893 -0.8582 -0.5054
vn 0.1127 -0.8484 -0.5172
vn 0.1126 -0.8484 -0.5172
vn 0.1125 -0.8484 -0.5172
vn 0.1125 -0.8484 -0.5173
vn 0.5343 -0.6685 0.5173
vn 0.5574 -0.6587 0.5054
vn 0.5575 -0.6587 0.5052
vn 0.5799 -0.6491 0.4923
vn 0.5799 -0.6494 0.4919
vn 0.5799 -0.6492 0.4922
vn 0.4984 -0.8559 0.1383
vn 0.4910 -0.8591 0.1445
vn 0.4948 -0.8574 0.1414
vn 0.5010 -0.8547 0.1359
vn 0.2724 -0.9526 -0.1356
vn 0.2781 -0.9501 -0.1416
vn 0.2764 -0.9507 -0.1406
vn 0.2709 -0.9532 -0.1341
vn 0.4881 -0.8597 0.1508
vn 0.4887 -0.8592 0.1515
vn 0.2818 -0.9474 -0.1516
vn 0.2824 -0.9474 -0.1508
vn 0.6823 -0.6054 0.4098
vn 0.5057 -0.8527 0.1309
vn 0.5057 -0.8528 0.1307
vn 0.2665 -0.9547 -0.1324
vn 0.2644 -0.9557 -0.1296
vn -0.0355 -0.9115 -0.4098
vn -0.0355 -0.9115 -0.4097
vn -0.0166 -0.9034 -0.4285
vn 0.0031 -0.8950 -0.4461
vn 0.0032 -0.8950 -0.4461
vn 0.0237 -0.8862 -0.4627
vn 0.0237 -0.8862 -0.4626
vn 0.6231 -0.6307 0.4626
vn 0.6436 -0.6219 0.4461
vn 0.6633 -0.6135 0.4285
vn 0.5214 -0.8455 0.1152
vn 0.5164 -0.8476 0.1219
vn 0.5209 -0.8455 0.1174
vn 0.5247 -0.8445 0.1073
vn 0.2496 -0.9622 -0.1089
vn 0.2566 -0.9593 -0.1178
vn 0.2557 -0.9597 -0.1169
vn 0.2495 -0.9622 -0.1095
vn 0.5111 -0.8507 0.1230
vn 0.5106 -0.8509 0.1236
vn 0.2582 -0.9583 -0.1221
vn 0.2610 -0.9571 -0.1256
vn 0.7489 -0.5770 0.3259
vn 0.7489 -0.5770 0.3258
vn 0.5264 -0.8440 0.1026
vn 0.5256 -0.8446 0.1022
vn 0.2395 -0.9655 -0.1018
vn 0.2399 -0.9653 -0.1036
vn -0.1023 -0.9399 -0.3258
vn -0.1022 -0.9399 -0.3258
vn -0.0865 -0.9334 -0.3483
vn -0.0869 -0.9334 -0.3481
vn -0.0708 -0.9265 -0.3696
vn -0.0709 -0.9265 -0.3697
vn -0.0536 -0.9192 -0.3901
vn 0.7004 -0.5976 0.3902
vn 0.7004 -0.5977 0.3902
vn 0.7175 -0.5904 0.3696
vn 0.7337 -0.5835 0.3481
vn 0.5377 -0.8392 0.0817
vn 0.5361 -0.8391 0.0925
vn 0.5378 -0.8388 0.0843
vn 0.5400 -0.8382 0.0763
vn 0.2274 -0.9705 -0.0802
vn 0.2360 -0.9679 -0.0859
vn 0.2364 -0.9679 -0.0851
vn 0.2285 -0.9702 -0.0803
vn 0.5338 -0.8401 0.0964
vn 0.5347 -0.8395 0.0968
vn 0.2415 -0.9655 -0.0975
vn 0.2420 -0.9654 -0.0968
vn 0.7992 -0.5556 0.2293
vn 0.7992 -0.5557 0.2293
vn 0.7991 -0.5557 0.2293
vn 0.5418 -0.8375 0.0704
vn 0.5418 -0.8375 0.0706
vn 0.2299 -0.9707 -0.0702
vn 0.2292 -0.9708 -0.0708
vn -0.1526 -0.9613 -0.2293
vn -0.1413 -0.9567 -0.2545
vn -0.1415 -0.9567 -0.2544
vn -0.1295 -0.9516 -0.2789
vn -0.1167 -0.9458 -0.3030
vn -0.1164 -0.9460 -0.3027
vn -0.1164 -0.9459 -0.3028
vn 0.7631 -0.5710 0.3026
vn 0.7631 -0.5710 0.3027
vn 0.7763 -0.5654 0.2789
vn 0.7764 -0.5653 0.2787
vn 0.7883 -0.5602 0.2544
vn 0.5503 -0.8335 0.0495
vn 0.5476 -0.8349 0.0553
vn 0.5484 -0.8346 0.0515
vn 0.5532 -0.8320 0.0410
vn 0.2214 -0.9741 -0.0453
vn 0.2237 -0.9730 -0.0566
vn 0.2245 -0.9729 -0.0548
vn 0.2210 -0.9742 -0.0452
vn 0.5452 -0.8360 0.0622
vn 0.5452 -0.8360 0.0621
vn 0.2264 -0.9721 -0.0609
vn 0.2267 -0.9720 -0.0612
vn 0.8312 -0.5420 0.1240
vn 0.8313 -0.5419 0.1239
vn 0.8312 -0.5419 0.1240
vn 0.5516 -0.8333 0.0349
vn 0.5517 -0.8333 0.0341
vn 0.2185 -0.9753 -0.0328
vn 0.2179 -0.9754 -0.0333
vn -0.1845 -0.9750 -0.1240
vn -0.1783 -0.9723 -0.1509
vn -0.1708 -0.9692 -0.1774
vn -0.1708 -0.9692 -0.1775
vn -0.1622 -0.9655 -0.2037
vn -0.1620 -0.9655 -0.2039
vn -0.1622 -0.9655 -0.2038
vn -0.1622 -0.9655 -0.2036
vn 0.8090 -0.5515 0.2036
vn 0.8090 -0.5514 0.2036
vn 0.8176 -0.5477 0.1775
vn 0.8176 -0.5478 0.1775
vn 0.8250 -0.5446 0.1509
vn 0.8250 -0.5446 0.1508
vn 0.8250 -0.5447 0.1508
vn 0.8249 -0.5448 0.1509
vn 0.5579 -0.8298 0.0117
vn 0.5570 -0.8302 0.0211
vn 0.5577 -0.8299 0.0163
vn 0.5579 -0.8299 0.0064
vn 0.2111 -0.9774 -0.0112
vn 0.2133 -0.9768 -0.0208
vn 0.2127 -0.9769 -0.0203
vn 0.2110 -0.9774 -0.0113
vn 0.5550 -0.8315 0.0233
vn 0.5548 -0.8315 0.0273
vn 0.2137 -0.9765 -0.0281
vn 0.2141 -0.9764 -0.0279
vn 0.8437 -0.5366 0.0139
vn 0.5589 -0.8292 -0.0000
vn 0.2105 -0.9776 -0.0017
vn 0.2101 -0.9777 0.0009
vn -0.1970 -0.9803 -0.0139
vn -0.1957 -0.9798 -0.0416
vn -0.1932 -0.9787 -0.0692
vn -0.1895 -0.9771 -0.0967
vn -0.1893 -0.9771 -0.0967
vn 0.8362 -0.5398 0.0967
vn 0.8400 -0.5382 0.0690
vn 0.8400 -0.5382 0.0691
vn 0.8400 -0.5382 0.0692
vn 0.8425 -0.5371 0.0416
vn 0.5562 -0.8307 -0.0232
vn 0.5574 -0.8301 -0.0158
vn 0.5573 -0.8301 -0.0209
vn 0.5537 -0.8321 -0.0313
vn 0.2136 -0.9765 0.0281
vn 0.2133 -0.9768 0.0208
vn 0.2128 -0.9769 0.0203
vn 0.2140 -0.9764 0.0279
vn 0.5586 -0.8294 -0.0091
vn 0.5586 -0.8294 -0.0090
vn 0.2110 -0.9774 0.0113
vn 0.2106 -0.9775 0.0108
vn 0.8362 -0.5398 -0.0967
vn 0.5517 -0.8333 -0.0350
vn 0.5515 -0.8334 -0.0343
vn 0.2186 -0.9753 0.0329
vn 0.2179 -0.9754 0.0332
vn -0.1894 -0.9771 0.0967
vn -0.1895 -0.9771 0.0967
vn -0.1932 -0.9787 0.0692
vn -0.1957 -0.9798 0.0416
vn -0.1955 -0.9798 0.0418
vn -0.1970 -0.9803 0.0139
vn 0.8437 -0.5366 -0.0138
vn 0.8437 -0.5366 -0.0139
vn 0.8425 -0.5371 -0.0416
vn 0.8400 -0.5382 -0.0692
vn 0.8400 -0.5382 -0.0693
vn 0.5460 -0.8356 -0.0603
vn 0.5483 -0.8347 -0.0519
vn 0.5477 -0.8348 -0.0558
vn 0.5447 -0.8362 -0.0641
vn 0.2264 -0.9721 0.0609
vn 0.2237 -0.9730 0.0566
vn 0.2244 -0.9730 0.0549
vn 0.2267 -0.9720 0.0612
vn 0.5537 -0.8316 -0.0433
vn 0.5502 -0.8340 -0.0422
vn 0.2215 -0.9741 0.0453
vn 0.2210 -0.9742 0.0452
vn 0.8090 -0.5514 -0.2036
vn 0.8089 -0.5515 -0.2036
vn 0.5418 -0.8375 -0.0704
vn 0.5418 -0.8375 -0.0706
vn 0.2298 -0.9707 0.0699
vn 0.2292 -0.9708 0.0707
vn -0.1622 -0.9655 0.2037
vn -0.1622 -0.9655 0.2038
vn -0.1622 -0.9655 0.2036
vn -0.1709 -0.9692 0.1774
vn -0.1709 -0.9692 0.1775
vn -0.1783 -0.9723 0.1509
vn -0.1845 -0.9750 0.1240
vn 0.8312 -0.5419 -0.1240
vn 0.8312 -0.5420 -0.1240
vn 0.8251 -0.5445 -0.1507
vn 0.8254 -0.5441 -0.1504
vn 0.8251 -0.5445 -0.1508
vn 0.8250 -0.5446 -0.1509
vn 0.8176 -0.5478 -0.1775
vn 0.5345 -0.8399 -0.0940
vn 0.5378 -0.8389 -0.0838
vn 0.5367 -0.8387 -0.0924
vn 0.5331 -0.8403 -0.0985
vn 0.2410 -0.9655 0.0982
vn 0.2360 -0.9680 0.0855
vn 0.2359 -0.9681 0.0844
vn 0.2420 -0.9654 0.0970
vn 0.5380 -0.8392 -0.0790
vn 0.5380 -0.8393 -0.0787
vn 0.2275 -0.9705 0.0804
vn 0.2285 -0.9702 0.0802
vn 0.7631 -0.5709 -0.3027
vn 0.7632 -0.5709 -0.3027
vn 0.7634 -0.5707 -0.3026
vn 0.5264 -0.8440 -0.1027
vn 0.5256 -0.8445 -0.1023
vn 0.2394 -0.9654 0.1036
vn 0.2404 -0.9651 0.1040
vn -0.1164 -0.9460 0.3026
vn -0.1164 -0.9460 0.3027
vn -0.1164 -0.9459 0.3027
vn -0.1295 -0.9515 0.2789
vn -0.1415 -0.9567 0.2543
vn -0.1415 -0.9567 0.2544
vn -0.1416 -0.9567 0.2544
vn -0.1415 -0.9567 0.2542
vn -0.1525 -0.9613 0.2293
vn 0.7992 -0.5556 -0.2293
vn 0.7992 -0.5557 -0.2293
vn 0.7883 -0.5602 -0.2544
vn 0.7763 -0.5653 -0.2789
vn 0.7763 -0.5654 -0.2788
vn 0.5124 -0.8500 -0.1219
vn 0.5204 -0.8460 -0.1162
vn 0.5169 -0.8473 -0.1224
vn 0.5100 -0.8509 -0.1259
vn 0.2603 -0.9576 0.1234
vn 0.2564 -0.9593 0.1186
vn 0.2559 -0.9596 0.1173
vn 0.2605 -0.9575 0.1238
vn 0.5243 -0.8438 -0.1146
vn 0.5238 -0.8451 -0.1069
vn 0.2496 -0.9622 0.1087
vn 0.2495 -0.9622 0.1095
vn 0.7004 -0.5977 -0.3901
vn 0.5058 -0.8527 -0.1308
vn 0.5057 -0.8528 -0.1307
vn 0.2658 -0.9551 0.1307
vn 0.2656 -0.9552 0.1308
vn -0.0534 -0.9192 0.3901
vn -0.0536 -0.9192 0.3901
vn -0.0535 -0.9192 0.3901
vn -0.0708 -0.9265 0.3696
vn -0.0707 -0.9265 0.3697
vn -0.0709 -0.9264 0.3697
vn -0.0869 -0.9334 0.3481
vn -0.0865 -0.9334 0.3483
vn -0.1022 -0.9399 0.3258
vn 0.7489 -0.5770 -0.3258
vn 0.7489 -0.5770 -0.3260
vn 0.7337 -0.5835 -0.3481
vn 0.7175 -0.5904 -0.3697
vn 0.7175 -0.5904 -0.3696
vn 0.4898 -0.8590 -0.1489
vn 0.4941 -0.8578 -0.1417
vn 0.4910 -0.8591 -0.1446
vn 0.4872 -0.8600 -0.1517
vn 0.2818 -0.9474 0.1517
vn 0.2781 -0.9501 0.1416
vn 0.2764 -0.9507 0.1405
vn 0.2824 -0.9474 0.1508
vn 0.4995 -0.8554 -0.1370
vn 0.4995 -0.8554 -0.1369
vn 0.2723 -0.9526 0.1356
vn 0.2709 -0.9532 0.1341
vn 0.6231 -0.6307 -0.4626
vn 0.4789 -0.8645 -0.1526
vn 0.4820 -0.8631 -0.1510
vn 0.2920 -0.9442 0.1526
vn 0.2911 -0.9444 0.1530
vn 0.0237 -0.8863 0.4626
vn 0.0236 -0.8863 0.4626
vn 0.0031 -0.8950 0.4461
vn -0.0165 -0.9034 0.4286
vn -0.0166 -0.9034 0.4285
vn -0.0166 -0.9034 0.4284
vn -0.0355 -0.9115 0.4097
vn -0.0355 -0.9115 0.4098
vn 0.6823 -0.6054 -0.4098
vn 0.6634 -0.6135 -0.4285
vn 0.6633 -0.6136 -0.4284
vn 0.6436 -0.6219 -0.4461
vn 0.4611 -0.8713 -0.1683
vn 0.4687 -0.8677 -0.1653
vn 0.4645 -0.8697 -0.1668
vn 0.4577 -0.8725 -0.1710
vn 0.3117 -0.9349 0.1698
vn 0.3041 -0.9380 0.1663
vn 0.3035 -0.9382 0.1663
vn 0.3118 -0.9349 0.1695
vn 0.4705 -0.8674 -0.1620
vn 0.4710 -0.8669 -0.1630
vn 0.2978 -0.9417 0.1567
vn 0.2974 -0.9417 0.1571
vn 0.5343 -0.6685 -0.5173
vn 0.4500 -0.8767 -0.1698
vn 0.4504 -0.8768 -0.1686
vn 0.3182 -0.9318 0.1747
vn 0.3164 -0.9331 0.1710
vn 0.1124 -0.8484 0.5172
vn 0.1124 -0.8484 0.5173
vn 0.0890 -0.8582 0.5055
vn 0.0893 -0.8582 0.5054
vn 0.0893 -0.8583 0.5054
vn 0.0894 -0.8583 0.5053
vn 0.0668 -0.8678 0.4923
vn 0.0668 -0.8679 0.4922
vn 0.0449 -0.8772 0.4781
vn 0.6018 -0.6397 -0.4781
vn 0.6018 -0.6396 -0.4783
vn 0.5799 -0.6491 -0.4923
vn 0.5574 -0.6588 -0.5052
vn 0.5574 -0.6587 -0.5054
vn 0.4286 -0.8858 -0.1781
vn 0.4373 -0.8814 -0.1784
vn 0.4342 -0.8826 -0.1803
vn 0.4247 -0.8872 -0.1801
vn 0.3461 -0.9211 0.1783
vn 0.3352 -0.9248 0.1799
vn 0.3355 -0.9246 0.1805
vn 0.3458 -0.9211 0.1791
vn 0.4403 -0.8805 -0.1756
vn 0.4402 -0.8802 -0.1773
vn 0.3252 -0.9291 0.1764
vn 0.3251 -0.9292 0.1756
vn 0.4373 -0.7099 -0.5521
vn 0.4374 -0.7098 -0.5521
vn 0.4185 -0.8900 -0.1811
vn 0.4184 -0.8900 -0.1810
vn 0.3517 -0.9185 0.1806
vn 0.3518 -0.9185 0.1808
vn 0.2093 -0.8071 0.5521
vn 0.1845 -0.8176 0.5454
vn 0.1601 -0.8281 0.5373
vn 0.1361 -0.8383 0.5279
vn 0.5107 -0.6786 -0.5279
vn 0.4866 -0.6888 -0.5373
vn 0.4866 -0.6888 -0.5374
vn 0.4622 -0.6993 -0.5453
vn 0.3965 -0.8996 -0.1832
vn 0.4043 -0.8961 -0.1833
vn 0.4000 -0.8979 -0.1835
vn 0.3902 -0.9019 -0.1851
vn 0.3745 -0.9080 0.1881
vn 0.3704 -0.9106 0.1834
vn 0.3706 -0.9106 0.1830
vn 0.3758 -0.9074 0.1881
vn 0.4106 -0.8935 -0.1818
vn 0.4107 -0.8934 -0.1820
vn 0.3611 -0.9146 0.1820
vn 0.3609 -0.9147 0.1820
vn 0.3361 -0.7530 -0.5657
vn 0.3362 -0.7530 -0.5657
vn 0.3362 -0.7529 -0.5657
vn 0.3877 -0.9034 -0.1831
vn 0.3872 -0.9038 -0.1824
vn 0.3834 -0.9052 0.1834
vn 0.3845 -0.9047 0.1836
vn 0.3106 -0.7639 0.5657
vn 0.2851 -0.7748 0.5643
vn 0.2596 -0.7856 0.5616
vn 0.2597 -0.7856 0.5616
vn 0.2343 -0.7964 0.5575
vn 0.2344 -0.7964 0.5575
vn 0.4124 -0.7205 -0.5575
vn 0.4123 -0.7205 -0.5575
vn 0.4123 -0.7206 -0.5575
vn 0.3871 -0.7313 -0.5616
vn 0.3617 -0.7421 -0.5643
vn 0.3618 -0.7420 -0.5644
vn 0.3622 -0.9134 -0.1857
vn 0.3703 -0.9099 -0.1869
vn 0.3667 -0.9114 -0.1866
vn 0.3575 -0.9152 -0.1859
vn 0.4108 -0.8935 0.1815
vn 0.4018 -0.8964 0.1873
vn 0.4016 -0.8963 0.1881
vn 0.4113 -0.8932 0.1820
vn 0.3759 -0.9071 -0.1892
vn 0.3772 -0.9066 -0.1891
vn 0.3953 -0.8988 0.1893
vn 0.3912 -0.9007 0.1889
vn 0.3522 -0.9183 -0.1807
vn 0.3526 -0.9183 -0.1799
vn 0.4189 -0.8898 0.1808
vn 0.4189 -0.8898 0.1811
vn 0.4119 -0.7205 0.5579
vn 0.4120 -0.7204 0.5580
vn 0.4123 -0.7205 0.5576
vn 0.4125 -0.7204 0.5575
vn 0.3616 -0.7422 0.5642
vn 0.3363 -0.7530 0.5657
vn 0.3105 -0.7639 -0.5657
vn 0.2595 -0.7857 -0.5615
vn 0.2597 -0.7857 -0.5614
vn 0.2596 -0.7857 -0.5615
vn 0.2596 -0.7856 -0.5616
vn 0.3310 -0.9268 -0.1772
vn 0.3384 -0.9243 -0.1763
vn 0.3332 -0.9263 -0.1759
vn 0.3234 -0.9297 -0.1764
vn 0.4425 -0.8802 0.1717
vn 0.4337 -0.8839 0.1750
vn 0.4334 -0.8840 0.1755
vn 0.4440 -0.8795 0.1713
vn 0.3429 -0.9225 -0.1770
vn 0.3444 -0.9219 -0.1775
vn 0.4265 -0.8867 0.1783
vn 0.4260 -0.8869 0.1784
vn 0.3163 -0.9331 -0.1713
vn 0.3160 -0.9332 -0.1709
vn 0.4500 -0.8768 0.1694
vn 0.4500 -0.8768 0.1697
vn 0.4866 -0.6889 0.5373
vn 0.4866 -0.6889 0.5372
vn 0.4624 -0.6989 0.5456
vn 0.4621 -0.6994 0.5452
vn 0.4376 -0.7098 0.5521
vn 0.1846 -0.8177 -0.5453
vn 0.1602 -0.8280 -0.5373
vn 0.3005 -0.9404 -0.1593
vn 0.3082 -0.9370 -0.1644
vn 0.3032 -0.9393 -0.1608
vn 0.2959 -0.9423 -0.1565
vn 0.4772 -0.8642 0.1596
vn 0.4678 -0.8690 0.1611
vn 0.4680 -0.8689 0.1611
vn 0.4758 -0.8644 0.1627
vn 0.3139 -0.9349 -0.1655
vn 0.3139 -0.9350 -0.1651
vn 0.4584 -0.8733 0.1650
vn 0.4580 -0.8735 0.1650
vn 0.0450 -0.8771 -0.4781
vn 0.0451 -0.8771 -0.4781
vn 0.0450 -0.8772 -0.4781
vn 0.2906 -0.9449 -0.1509
vn 0.2911 -0.9446 -0.1514
vn 0.4781 -0.8641 0.1574
vn 0.4788 -0.8637 0.1577
vn 0.5803 -0.6488 0.4922
vn 0.5799 -0.6491 0.4924
vn 0.5800 -0.6491 0.4922
vn 0.5801 -0.6492 0.4920
vn 0.1124 -0.8484 -0.5173
vn 0.0670 -0.8679 -0.4923
vn 0.0671 -0.8679 -0.4922
vn 0.2729 -0.9517 -0.1410
vn 0.2778 -0.9494 -0.1464
vn 0.2747 -0.9506 -0.1445
vn 0.2690 -0.9537 -0.1344
vn 0.4992 -0.8558 0.1357
vn 0.4956 -0.8563 0.1456
vn 0.4966 -0.8557 0.1452
vn 0.5002 -0.8553 0.1354
vn 0.2835 -0.9477 -0.1468
vn 0.2821 -0.9482 -0.1461
vn 0.4841 -0.8620 0.1506
vn 0.4848 -0.8619 0.1487
vn -0.0354 -0.9115 -0.4098
vn -0.0353 -0.9115 -0.4098
vn 0.2653 -0.9553 -0.1305
vn 0.2654 -0.9554 -0.1297
vn 0.5054 -0.8530 0.1305
vn 0.5058 -0.8527 0.1308
vn 0.6435 -0.6220 0.4460
vn 0.6231 -0.6307 0.4625
vn 0.0237 -0.8863 -0.4625
vn 0.0237 -0.8863 -0.4626
vn 0.0235 -0.8862 -0.4627
vn 0.0236 -0.8863 -0.4625
vn 0.0030 -0.8949 -0.4462
vn 0.0028 -0.8950 -0.4461
vn -0.0167 -0.9034 -0.4284
vn 0.2481 -0.9619 -0.1147
vn 0.2555 -0.9591 -0.1218
vn 0.2506 -0.9613 -0.1146
vn 0.2444 -0.9635 -0.1096
vn 0.5210 -0.8465 0.1095
vn 0.5181 -0.8467 0.1207
vn 0.5185 -0.8465 0.1212
vn 0.5215 -0.8462 0.1096
vn 0.2565 -0.9583 -0.1256
vn 0.2554 -0.9587 -0.1248
vn 0.5137 -0.8484 0.1277
vn 0.5129 -0.8490 0.1268
vn 0.2404 -0.9654 -0.1013
vn 0.2402 -0.9655 -0.1010
vn 0.5266 -0.8441 0.1011
vn 0.5269 -0.8439 0.1010
vn 0.7175 -0.5905 0.3696
vn -0.0536 -0.9192 -0.3902
vn -0.0870 -0.9334 -0.3481
vn -0.0871 -0.9334 -0.3481
vn 0.2333 -0.9691 -0.0797
vn 0.2343 -0.9679 -0.0905
vn 0.2320 -0.9688 -0.0873
vn 0.2302 -0.9701 -0.0765
vn 0.5418 -0.8371 0.0758
vn 0.5374 -0.8387 0.0886
vn 0.5378 -0.8384 0.0890
vn 0.5387 -0.8389 0.0777
vn 0.2408 -0.9660 -0.0945
vn 0.2419 -0.9654 -0.0971
vn 0.5354 -0.8390 0.0969
vn 0.5298 -0.8424 0.0983
vn -0.1524 -0.9613 -0.2293
vn -0.1525 -0.9613 -0.2293
vn 0.2258 -0.9715 -0.0724
vn 0.2256 -0.9714 -0.0735
vn 0.5464 -0.8347 0.0694
vn 0.5457 -0.8349 0.0717
vn 0.7992 -0.5558 0.2289
vn 0.7992 -0.5555 0.2293
vn 0.7882 -0.5604 0.2546
vn 0.7883 -0.5603 0.2543
vn 0.7762 -0.5654 0.2789
vn 0.7761 -0.5655 0.2789
vn 0.7762 -0.5654 0.2788
vn 0.7763 -0.5653 0.2789
vn -0.1293 -0.9516 -0.2789
vn -0.1295 -0.9515 -0.2789
vn 0.2164 -0.9751 -0.0475
vn 0.2252 -0.9728 -0.0543
vn 0.2206 -0.9741 -0.0503
vn 0.2178 -0.9751 -0.0420
vn 0.5494 -0.8343 0.0457
vn 0.5479 -0.8348 0.0539
vn 0.5478 -0.8349 0.0540
vn 0.5498 -0.8340 0.0459
vn 0.2263 -0.9720 -0.0638
vn 0.2261 -0.9719 -0.0652
vn 0.5451 -0.8361 0.0615
vn 0.5455 -0.8358 0.0616
vn -0.1848 -0.9749 -0.1242
vn 0.2194 -0.9748 -0.0392
vn 0.2160 -0.9756 -0.0397
vn 0.5559 -0.8304 0.0364
vn 0.5552 -0.8309 0.0364
vn 0.8313 -0.5419 0.1240
vn 0.8313 -0.5418 0.1240
vn 0.8175 -0.5478 0.1775
vn 0.8087 -0.5516 0.2042
vn 0.8091 -0.5512 0.2037
vn -0.1617 -0.9655 -0.2042
vn -0.1709 -0.9692 -0.1775
vn -0.1709 -0.9692 -0.1774
vn 0.2135 -0.9768 -0.0134
vn 0.2133 -0.9767 -0.0216
vn 0.2133 -0.9769 -0.0145
vn 0.2136 -0.9769 -0.0046
vn 0.5544 -0.8322 0.0096
vn 0.5576 -0.8299 0.0190
vn 0.5583 -0.8294 0.0196
vn 0.5547 -0.8320 0.0090
vn 0.2138 -0.9765 -0.0284
vn 0.5575 -0.8298 0.0260
vn 0.5542 -0.8320 0.0235
vn -0.1971 -0.9803 -0.0139
vn 0.2144 -0.9767 -0.0000
vn 0.2102 -0.9777 0.0002
vn 0.5549 -0.8319 -0.0000
vn 0.8438 -0.5365 0.0139
vn 0.8363 -0.5397 0.0967
vn 0.8364 -0.5395 0.0967
vn -0.1895 -0.9771 -0.0966
vn -0.1932 -0.9787 -0.0691
vn -0.1932 -0.9787 -0.0694
vn -0.1932 -0.9787 -0.0693
vn 0.2140 -0.9765 0.0254
vn 0.2124 -0.9771 0.0151
vn 0.2132 -0.9768 0.0216
vn 0.2147 -0.9762 0.0300
vn 0.5575 -0.8298 -0.0262
vn 0.5576 -0.8299 -0.0190
vn 0.5583 -0.8294 -0.0195
vn 0.5553 -0.8313 -0.0234
vn 0.2108 -0.9775 0.0111
vn 0.2104 -0.9776 0.0101
vn 0.5544 -0.8322 -0.0096
vn 0.5547 -0.8320 -0.0090
vn -0.1895 -0.9771 0.0966
vn -0.1896 -0.9771 0.0963
vn 0.2188 -0.9750 0.0394
vn 0.2157 -0.9757 0.0394
vn 0.5559 -0.8305 -0.0365
vn 0.5552 -0.8309 -0.0364
vn 0.8362 -0.5399 -0.0967
vn 0.8425 -0.5371 -0.0415
vn 0.8437 -0.5367 -0.0139
vn 0.8438 -0.5365 -0.0139
vn -0.1958 -0.9798 0.0417
vn -0.1957 -0.9798 0.0417
vn -0.1959 -0.9797 0.0417
vn -0.1932 -0.9787 0.0693
vn -0.1934 -0.9787 0.0695
vn 0.2261 -0.9722 0.0614
vn 0.2205 -0.9741 0.0505
vn 0.2253 -0.9727 0.0555
vn 0.2258 -0.9720 0.0657
vn 0.5451 -0.8361 -0.0615
vn 0.5479 -0.8348 -0.0539
vn 0.5478 -0.8349 -0.0540
vn 0.5455 -0.8358 -0.0616
vn 0.2172 -0.9752 0.0434
vn 0.2176 -0.9751 0.0429
vn 0.5493 -0.8344 -0.0457
vn 0.5498 -0.8341 -0.0459
vn -0.1623 -0.9655 0.2037
vn -0.1623 -0.9655 0.2036
vn 0.2258 -0.9715 0.0724
vn 0.2257 -0.9714 0.0735
vn 0.5466 -0.8345 -0.0698
vn 0.5457 -0.8349 -0.0719
vn 0.8089 -0.5515 -0.2037
vn 0.8090 -0.5514 -0.2037
vn 0.8176 -0.5477 -0.1775
vn 0.8175 -0.5478 -0.1775
vn 0.8312 -0.5419 -0.1241
vn -0.1843 -0.9750 0.1240
vn -0.1847 -0.9749 0.1246
vn 0.2405 -0.9662 0.0924
vn 0.2321 -0.9689 0.0861
vn 0.2333 -0.9682 0.0898
vn 0.2407 -0.9657 0.0979
vn 0.5357 -0.8390 -0.0956
vn 0.5375 -0.8386 -0.0887
vn 0.5379 -0.8383 -0.0891
vn 0.5294 -0.8427 -0.0982
vn 0.2324 -0.9694 0.0788
vn 0.2340 -0.9691 0.0781
vn 0.5410 -0.8376 -0.0756
vn 0.5387 -0.8389 -0.0777
vn -0.1163 -0.9460 0.3027
vn 0.2421 -0.9651 0.1001
vn 0.2423 -0.9651 0.0997
vn 0.5266 -0.8441 -0.1011
vn 0.5269 -0.8439 -0.1010
vn 0.7761 -0.5656 -0.2788
vn 0.7762 -0.5655 -0.2789
vn 0.7762 -0.5655 -0.2788
vn 0.7762 -0.5656 -0.2787
vn 0.7882 -0.5603 -0.2545
vn 0.7882 -0.5603 -0.2546
vn 0.7881 -0.5604 -0.2545
vn 0.7989 -0.5559 -0.2295
vn 0.7991 -0.5558 -0.2291
vn -0.1416 -0.9567 0.2545
vn -0.1295 -0.9516 0.2789
vn 0.2561 -0.9587 0.1237
vn 0.2518 -0.9612 0.1131
vn 0.2551 -0.9593 0.1212
vn 0.2574 -0.9579 0.1272
vn 0.5134 -0.8485 -0.1284
vn 0.5183 -0.8466 -0.1207
vn 0.5187 -0.8463 -0.1212
vn 0.5129 -0.8490 -0.1272
vn 0.2453 -0.9629 0.1123
vn 0.2446 -0.9631 0.1124
vn 0.5209 -0.8465 -0.1098
vn 0.5214 -0.8462 -0.1097
vn -0.0536 -0.9193 0.3899
vn -0.0540 -0.9194 0.3897
vn 0.2654 -0.9553 0.1306
vn 0.2655 -0.9553 0.1297
vn 0.5054 -0.8530 -0.1306
vn 0.7004 -0.5977 -0.3902
vn 0.7337 -0.5836 -0.3481
vn -0.1025 -0.9398 0.3260
vn 0.2810 -0.9485 0.1461
vn 0.2741 -0.9509 0.1436
vn 0.2771 -0.9496 0.1466
vn 0.2867 -0.9462 0.1503
vn 0.4841 -0.8620 -0.1503
vn 0.4956 -0.8563 -0.1456
vn 0.4966 -0.8557 -0.1452
vn 0.4848 -0.8619 -0.1486
vn 0.2729 -0.9519 0.1392
vn 0.2739 -0.9518 0.1384
vn 0.4992 -0.8558 -0.1357
vn 0.5002 -0.8553 -0.1354
vn 0.0237 -0.8862 0.4626
vn 0.2913 -0.9447 0.1509
vn 0.2913 -0.9446 0.1514
vn 0.4775 -0.8645 -0.1569
vn 0.4788 -0.8636 -0.1581
vn 0.6435 -0.6219 -0.4463
vn 0.6633 -0.6135 -0.4285
vn 0.6822 -0.6053 -0.4101
vn 0.3101 -0.9363 0.1651
vn 0.3030 -0.9393 0.1609
vn 0.3082 -0.9370 0.1642
vn 0.3161 -0.9336 0.1685
vn 0.4582 -0.8733 -0.1657
vn 0.4678 -0.8690 -0.1611
vn 0.4670 -0.8695 -0.1609
vn 0.4580 -0.8734 -0.1658
vn 0.2987 -0.9413 0.1573
vn 0.2990 -0.9412 0.1572
vn 0.4722 -0.8675 -0.1562
vn 0.4720 -0.8676 -0.1565
vn 0.1126 -0.8483 0.5174
vn 0.1124 -0.8483 0.5174
vn 0.3163 -0.9331 0.1713
vn 0.3159 -0.9332 0.1712
vn 0.4500 -0.8767 -0.1700
vn 0.4501 -0.8766 -0.1703
vn 0.5804 -0.6489 -0.4920
vn 0.5800 -0.6492 -0.4922
vn 0.6016 -0.6397 -0.4785
vn 0.6018 -0.6398 -0.4779
vn 0.6018 -0.6398 -0.4780
vn 0.0448 -0.8772 0.4780
vn 0.0447 -0.8775 0.4774
vn 0.0671 -0.8679 0.4922
vn 0.0671 -0.8680 0.4920
vn 0.0671 -0.8678 0.4923
vn 0.0671 -0.8678 0.4925
vn 0.0894 -0.8582 0.5054
vn 0.0891 -0.8583 0.5053
vn 0.3415 -0.9228 0.1783
vn 0.3332 -0.9263 0.1757
vn 0.3388 -0.9240 0.1771
vn 0.3466 -0.9207 0.1793
vn 0.4263 -0.8869 -0.1779
vn 0.4336 -0.8839 -0.1751
vn 0.4333 -0.8840 -0.1752
vn 0.4252 -0.8874 -0.1781
vn 0.3262 -0.9283 0.1786
vn 0.3274 -0.9277 0.1794
vn 0.4421 -0.8803 -0.1720
vn 0.4440 -0.8795 -0.1713
vn 0.3522 -0.9183 0.1807
vn 0.3527 -0.9183 0.1800
vn 0.4189 -0.8899 -0.1807
vn 0.4189 -0.8898 -0.1811
vn 0.4374 -0.7098 -0.5522
vn 0.4370 -0.7100 -0.5521
vn 0.4621 -0.6994 -0.5452
vn 0.4866 -0.6889 -0.5373
vn 0.4865 -0.6890 -0.5372
vn 0.4866 -0.6889 -0.5372
vn 0.5106 -0.6787 -0.5279
vn 0.5105 -0.6788 -0.5279
vn 0.1845 -0.8177 0.5453
vn 0.1845 -0.8177 0.5452
vn 0.3779 -0.9064 0.1889
vn 0.3665 -0.9116 0.1864
vn 0.3701 -0.9100 0.1870
vn 0.3787 -0.9062 0.1880
vn 0.3978 -0.8986 -0.1852
vn 0.4018 -0.8962 -0.1881
vn 0.4015 -0.8961 -0.1890
vn 0.3900 -0.9021 -0.1848
vn 0.3606 -0.9140 0.1861
vn 0.3603 -0.9140 0.1867
vn 0.4109 -0.8934 -0.1816
vn 0.4113 -0.8932 -0.1820
vn 0.3363 -0.7528 -0.5659
vn 0.3361 -0.7529 -0.5658
vn 0.3366 -0.7529 -0.5655
vn 0.3366 -0.7530 -0.5654
vn 0.3872 -0.7312 -0.5616
vn 0.3871 -0.7312 -0.5616
vn 0.4122 -0.7206 -0.5576
vn 0.4120 -0.7207 -0.5576
vn 0.4123 -0.7206 -0.5574
vn 0.2599 -0.7855 0.5616
vn 0.2598 -0.7856 0.5616
vn 0.2851 -0.7747 0.5644
vn -0.3355 0.9246 0.1806
vn -0.3382 0.9238 0.1796
vn -0.3295 0.9279 0.1742
vn -0.3261 0.9293 0.1736
vn -0.3409 0.9230 0.1785
vn -0.3468 0.9208 0.1787
vn -0.4341 0.8838 -0.1747
vn -0.4325 0.8841 -0.1770
vn -0.4427 0.8797 -0.1737
vn -0.4428 0.8796 -0.1741
vn -0.4255 0.8864 -0.1825
vn -0.4290 0.8849 -0.1816
vn -0.1361 0.8383 0.5279
vn -0.1361 0.8383 0.5280
vn -0.1601 0.8280 0.5373
vn -0.1601 0.8281 0.5373
vn -0.1602 0.8281 0.5373
vn -0.1601 0.8281 0.5372
vn -0.1845 0.8176 0.5454
vn -0.2094 0.8071 0.5521
vn -0.2093 0.8071 0.5521
vn -0.4374 0.7097 -0.5522
vn -0.4373 0.7098 -0.5522
vn -0.4374 0.7098 -0.5521
vn -0.4622 0.6993 -0.5453
vn -0.4866 0.6889 -0.5373
vn -0.4866 0.6888 -0.5373
vn -0.5107 0.6786 -0.5278
vn -0.5108 0.6786 -0.5278
vn -0.5107 0.6787 -0.5278
vn -0.5107 0.6786 -0.5279
vn -0.4542 0.8746 -0.1694
vn -0.4477 0.8775 -0.1719
vn -0.3222 0.9303 0.1752
vn -0.3222 0.9306 0.1738
vn -0.3024 0.9389 0.1645
vn -0.3055 0.9376 0.1662
vn -0.2982 0.9407 0.1619
vn -0.2950 0.9420 0.1600
vn -0.3113 0.9350 0.1699
vn -0.3113 0.9351 0.1696
vn -0.4667 0.8687 -0.1663
vn -0.4664 0.8690 -0.1655
vn -0.4707 0.8678 -0.1591
vn -0.4748 0.8659 -0.1574
vn -0.4553 0.8739 -0.1704
vn -0.4619 0.8708 -0.1684
vn -0.0449 0.8772 0.4781
vn -0.0668 0.8679 0.4923
vn -0.0668 0.8678 0.4923
vn -0.0893 0.8582 0.5055
vn -0.0893 0.8583 0.5053
vn -0.0893 0.8583 0.5054
vn -0.1124 0.8484 0.5173
vn -0.1124 0.8483 0.5174
vn -0.5343 0.6685 -0.5173
vn -0.5574 0.6587 -0.5054
vn -0.5799 0.6491 -0.4923
vn -0.5798 0.6491 -0.4924
vn -0.6018 0.6397 -0.4781
vn -0.4797 0.8642 -0.1521
vn -0.4792 0.8643 -0.1531
vn -0.2891 0.9445 0.1562
vn -0.2890 0.9445 0.1563
vn -0.2752 0.9509 0.1414
vn -0.2797 0.9495 0.1422
vn -0.2741 0.9518 0.1374
vn -0.2738 0.9518 0.1385
vn -0.2819 0.9475 0.1510
vn -0.2824 0.9474 0.1509
vn -0.4947 0.8566 -0.1467
vn -0.4910 0.8589 -0.1459
vn -0.5015 0.8538 -0.1398
vn -0.5012 0.8540 -0.1395
vn -0.4871 0.8600 -0.1518
vn -0.4896 0.8591 -0.1490
vn 0.0355 0.9115 0.4098
vn 0.0355 0.9115 0.4097
vn 0.0166 0.9034 0.4285
vn -0.0031 0.8950 0.4461
vn -0.0237 0.8863 0.4626
vn -0.0236 0.8863 0.4625
vn -0.0237 0.8863 0.4625
vn -0.6231 0.6307 -0.4626
vn -0.6437 0.6219 -0.4460
vn -0.6436 0.6219 -0.4461
vn -0.6438 0.6218 -0.4460
vn -0.6633 0.6135 -0.4286
vn -0.6633 0.6135 -0.4285
vn -0.6823 0.6053 -0.4099
vn -0.6823 0.6054 -0.4098
vn -0.6822 0.6054 -0.4099
vn -0.5094 0.8505 -0.1312
vn -0.5060 0.8520 -0.1347
vn -0.2609 0.9566 0.1296
vn -0.2645 0.9548 0.1356
vn -0.2489 0.9612 0.1191
vn -0.2548 0.9594 0.1212
vn -0.2501 0.9621 0.1089
vn -0.2495 0.9622 0.1096
vn -0.2615 0.9572 0.1239
vn -0.2605 0.9575 0.1238
vn -0.5184 0.8475 -0.1143
vn -0.5177 0.8479 -0.1145
vn -0.5206 0.8460 -0.1151
vn -0.5258 0.8437 -0.1080
vn -0.5102 0.8504 -0.1288
vn -0.5152 0.8484 -0.1216
vn 0.1022 0.9399 0.3258
vn 0.0868 0.9334 0.3481
vn 0.0869 0.9334 0.3481
vn 0.0708 0.9265 0.3696
vn 0.0708 0.9266 0.3693
vn 0.0536 0.9192 0.3901
vn 0.0536 0.9192 0.3902
vn -0.7004 0.5977 -0.3901
vn -0.7005 0.5975 -0.3902
vn -0.7004 0.5978 -0.3901
vn -0.7175 0.5904 -0.3697
vn -0.7175 0.5904 -0.3696
vn -0.7175 0.5903 -0.3697
vn -0.7337 0.5835 -0.3481
vn -0.7338 0.5834 -0.3481
vn -0.7489 0.5770 -0.3259
vn -0.7489 0.5769 -0.3260
vn -0.7489 0.5770 -0.3258
vn -0.5302 0.8413 -0.1055
vn -0.5299 0.8416 -0.1047
vn -0.2398 0.9655 0.1011
vn -0.2442 0.9637 0.1075
vn -0.2345 0.9685 0.0842
vn -0.2374 0.9673 0.0895
vn -0.2326 0.9695 0.0778
vn -0.2326 0.9695 0.0777
vn -0.2422 0.9656 0.0942
vn -0.2422 0.9654 0.0962
vn -0.5340 0.8411 -0.0862
vn -0.5337 0.8413 -0.0860
vn -0.5376 0.8392 -0.0813
vn -0.5400 0.8382 -0.0760
vn -0.5295 0.8427 -0.0975
vn -0.5319 0.8417 -0.0925
vn 0.1524 0.9614 0.2292
vn 0.1524 0.9614 0.2293
vn 0.1525 0.9614 0.2291
vn 0.1415 0.9567 0.2544
vn 0.1295 0.9515 0.2789
vn 0.1295 0.9515 0.2791
vn 0.1295 0.9516 0.2789
vn 0.1164 0.9459 0.3027
vn 0.1164 0.9460 0.3027
vn -0.7633 0.5707 -0.3029
vn -0.7633 0.5706 -0.3029
vn -0.7632 0.5707 -0.3029
vn -0.7763 0.5653 -0.2789
vn -0.7762 0.5654 -0.2789
vn -0.7763 0.5653 -0.2791
vn -0.7883 0.5602 -0.2544
vn -0.7884 0.5601 -0.2544
vn -0.7992 0.5556 -0.2294
vn -0.7992 0.5556 -0.2293
vn -0.5465 0.8343 -0.0726
vn -0.5435 0.8361 -0.0749
vn -0.2273 0.9714 0.0681
vn -0.2299 0.9705 0.0722
vn -0.2190 0.9745 0.0492
vn -0.2234 0.9730 0.0575
vn -0.2167 0.9751 0.0471
vn -0.2170 0.9751 0.0462
vn -0.2267 0.9720 0.0616
vn -0.2265 0.9721 0.0614
vn -0.5512 0.8325 -0.0556
vn -0.5504 0.8330 -0.0568
vn -0.5518 0.8325 -0.0494
vn -0.5528 0.8323 -0.0412
vn -0.5472 0.8345 -0.0647
vn -0.5482 0.8341 -0.0612
vn 0.1844 0.9750 0.1240
vn 0.1845 0.9750 0.1240
vn 0.1843 0.9750 0.1243
vn 0.1848 0.9749 0.1244
vn 0.1783 0.9723 0.1509
vn 0.1709 0.9692 0.1775
vn 0.1709 0.9692 0.1774
vn 0.1621 0.9655 0.2037
vn 0.1620 0.9655 0.2039
vn 0.1622 0.9655 0.2037
vn 0.1622 0.9655 0.2036
vn -0.8090 0.5514 -0.2036
vn -0.8176 0.5477 -0.1775
vn -0.8177 0.5476 -0.1776
vn -0.8250 0.5446 -0.1509
vn -0.8250 0.5446 -0.1511
vn -0.8250 0.5446 -0.1510
vn -0.8311 0.5420 -0.1243
vn -0.8312 0.5419 -0.1240
vn -0.8313 0.5417 -0.1240
vn -0.8315 0.5415 -0.1240
vn -0.5512 0.8336 -0.0347
vn -0.5516 0.8334 -0.0352
vn -0.2189 0.9752 0.0334
vn -0.2204 0.9746 0.0392
vn -0.2132 0.9769 0.0144
vn -0.2149 0.9764 0.0232
vn -0.2179 0.9759 0.0080
vn -0.2174 0.9761 0.0077
vn -0.2178 0.9756 0.0263
vn -0.2174 0.9757 0.0266
vn -0.5545 0.8319 -0.0214
vn -0.5534 0.8327 -0.0198
vn -0.5582 0.8296 -0.0121
vn -0.5580 0.8298 -0.0065
vn -0.5538 0.8321 -0.0312
vn -0.5550 0.8316 -0.0224
vn 0.1970 0.9803 0.0139
vn 0.1957 0.9798 0.0416
vn 0.1932 0.9787 0.0692
vn 0.1895 0.9771 0.0967
vn 0.1895 0.9771 0.0968
vn -0.8361 0.5400 -0.0969
vn -0.8363 0.5397 -0.0967
vn -0.8363 0.5396 -0.0967
vn -0.8364 0.5395 -0.0967
vn -0.8400 0.5382 -0.0692
vn -0.8400 0.5382 -0.0691
vn -0.8425 0.5371 -0.0416
vn -0.8424 0.5372 -0.0416
vn -0.8437 0.5366 -0.0140
vn -0.8437 0.5366 -0.0139
vn -0.5589 0.8292 -0.0000
vn -0.5590 0.8292 -0.0000
vn -0.2158 0.9764 -0.0037
vn -0.2157 0.9765 0.0037
vn -0.2137 0.9768 -0.0161
vn -0.2142 0.9767 -0.0149
vn -0.2179 0.9756 -0.0265
vn -0.2176 0.9757 -0.0269
vn -0.2181 0.9759 -0.0091
vn -0.2176 0.9760 -0.0099
vn -0.5544 0.8320 0.0214
vn -0.5534 0.8327 0.0198
vn -0.5544 0.8319 0.0225
vn -0.5536 0.8322 0.0311
vn -0.5580 0.8298 0.0065
vn -0.5582 0.8296 0.0121
vn 0.1894 0.9771 -0.0968
vn 0.1894 0.9771 -0.0967
vn 0.1894 0.9771 -0.0969
vn 0.1898 0.9770 -0.0973
vn 0.1932 0.9787 -0.0692
vn 0.1957 0.9798 -0.0416
vn 0.1970 0.9803 -0.0139
vn -0.8435 0.5370 0.0136
vn -0.8436 0.5368 0.0139
vn -0.8437 0.5366 0.0139
vn -0.8438 0.5365 0.0139
vn -0.8425 0.5371 0.0416
vn -0.8400 0.5382 0.0692
vn -0.8400 0.5381 0.0691
vn -0.8360 0.5400 0.0972
vn -0.8362 0.5398 0.0967
vn -0.8361 0.5400 0.0968
vn -0.8363 0.5396 0.0976
vn -0.5513 0.8336 0.0347
vn -0.5516 0.8334 0.0352
vn -0.2200 0.9747 -0.0394
vn -0.2182 0.9753 -0.0333
vn -0.2229 0.9732 -0.0573
vn -0.2194 0.9744 -0.0491
vn -0.2270 0.9719 -0.0618
vn -0.2270 0.9719 -0.0622
vn -0.2169 0.9750 -0.0473
vn -0.2172 0.9750 -0.0465
vn -0.5510 0.8326 0.0558
vn -0.5503 0.8330 0.0568
vn -0.5482 0.8341 0.0611
vn -0.5473 0.8344 0.0648
vn -0.5527 0.8323 0.0412
vn -0.5517 0.8326 0.0495
vn 0.1622 0.9655 -0.2037
vn 0.1622 0.9655 -0.2036
vn 0.1619 0.9655 -0.2039
vn 0.1709 0.9692 -0.1775
vn 0.1709 0.9692 -0.1774
vn 0.1783 0.9723 -0.1509
vn 0.1842 0.9750 -0.1240
vn 0.1845 0.9750 -0.1241
vn 0.1845 0.9750 -0.1240
vn -0.8313 0.5419 0.1239
vn -0.8312 0.5419 0.1240
vn -0.8312 0.5419 0.1241
vn -0.8250 0.5446 0.1510
vn -0.8250 0.5446 0.1512
vn -0.8250 0.5446 0.1511
vn -0.8250 0.5446 0.1509
vn -0.8176 0.5477 0.1775
vn -0.8176 0.5478 0.1775
vn -0.8090 0.5514 0.2036
vn -0.5467 0.8342 0.0721
vn -0.5437 0.8359 0.0751
vn -0.2299 0.9706 -0.0719
vn -0.2272 0.9715 -0.0681
vn -0.2374 0.9673 -0.0897
vn -0.2350 0.9683 -0.0843
vn -0.2405 0.9663 -0.0922
vn -0.2394 0.9666 -0.0920
vn -0.2327 0.9694 -0.0780
vn -0.2328 0.9694 -0.0780
vn -0.5337 0.8413 0.0862
vn -0.5330 0.8417 0.0862
vn -0.5318 0.8418 0.0925
vn -0.5296 0.8426 0.0977
vn -0.5400 0.8382 0.0760
vn -0.5377 0.8392 0.0815
vn 0.1164 0.9460 -0.3027
vn 0.1164 0.9459 -0.3028
vn 0.1295 0.9515 -0.2790
vn 0.1295 0.9515 -0.2789
vn 0.1415 0.9567 -0.2544
vn 0.1416 0.9566 -0.2546
vn 0.1416 0.9567 -0.2544
vn 0.1525 0.9613 -0.2293
vn -0.7992 0.5556 0.2293
vn -0.7883 0.5602 0.2544
vn -0.7883 0.5602 0.2545
vn -0.7763 0.5653 0.2789
vn -0.7763 0.5654 0.2788
vn -0.7762 0.5654 0.2789
vn -0.7763 0.5654 0.2789
vn -0.7632 0.5709 0.3027
vn -0.7632 0.5709 0.3026
vn -0.5300 0.8414 0.1053
vn -0.5296 0.8418 0.1046
vn -0.2445 0.9637 -0.1069
vn -0.2394 0.9654 -0.1037
vn -0.2552 0.9592 -0.1221
vn -0.2501 0.9614 -0.1151
vn -0.2610 0.9574 -0.1235
vn -0.2601 0.9576 -0.1238
vn -0.2501 0.9621 -0.1089
vn -0.2495 0.9622 -0.1095
vn -0.5188 0.8472 0.1143
vn -0.5168 0.8484 0.1146
vn -0.5156 0.8480 0.1229
vn -0.5114 0.8496 0.1289
vn -0.5257 0.8437 0.1083
vn -0.5207 0.8459 0.1154
vn 0.0536 0.9192 -0.3901
vn 0.0708 0.9265 -0.3696
vn 0.0874 0.9334 -0.3481
vn 0.0869 0.9334 -0.3481
vn 0.0867 0.9334 -0.3481
vn 0.1022 0.9399 -0.3258
vn -0.7489 0.5770 0.3258
vn -0.7337 0.5835 0.3481
vn -0.7175 0.5904 0.3696
vn -0.7004 0.5977 0.3902
vn -0.5080 0.8510 0.1334
vn -0.5082 0.8509 0.1331
vn -0.2658 0.9545 -0.1349
vn -0.2600 0.9568 -0.1303
vn -0.2806 0.9489 -0.1447
vn -0.2762 0.9508 -0.1405
vn -0.2818 0.9476 -0.1507
vn -0.2821 0.9475 -0.1503
vn -0.2733 0.9524 -0.1351
vn -0.2709 0.9532 -0.1341
vn -0.4947 0.8566 0.1469
vn -0.4909 0.8589 0.1459
vn -0.4896 0.8591 0.1490
vn -0.4871 0.8600 0.1518
vn -0.5026 0.8534 0.1380
vn -0.4995 0.8548 0.1408
vn -0.0237 0.8862 -0.4627
vn -0.0237 0.8862 -0.4626
vn -0.0240 0.8862 -0.4627
vn -0.0031 0.8950 -0.4461
vn 0.0166 0.9034 -0.4285
vn 0.0355 0.9115 -0.4098
vn -0.6824 0.6054 0.4098
vn -0.6823 0.6054 0.4098
vn -0.6633 0.6136 0.4285
vn -0.6634 0.6135 0.4285
vn -0.6633 0.6136 0.4284
vn -0.6632 0.6136 0.4286
vn -0.6436 0.6219 0.4460
vn -0.6436 0.6219 0.4461
vn -0.6231 0.6307 0.4626
vn -0.4795 0.8643 0.1520
vn -0.4792 0.8643 0.1531
vn -0.2907 0.9438 -0.1571
vn -0.2878 0.9451 -0.1547
vn -0.3055 0.9376 -0.1662
vn -0.3024 0.9389 -0.1645
vn -0.3115 0.9349 -0.1700
vn -0.3117 0.9349 -0.1698
vn -0.2965 0.9413 -0.1612
vn -0.2965 0.9413 -0.1613
vn -0.4667 0.8687 0.1661
vn -0.4664 0.8690 0.1655
vn -0.4614 0.8710 0.1688
vn -0.4563 0.8732 0.1710
vn -0.4749 0.8659 0.1571
vn -0.4702 0.8680 0.1595
vn -0.1123 0.8484 -0.5174
vn -0.1124 0.8484 -0.5173
vn -0.0893 0.8582 -0.5054
vn -0.0893 0.8583 -0.5054
vn -0.0668 0.8679 -0.4923
vn -0.0668 0.8678 -0.4923
vn -0.0449 0.8772 -0.4781
vn -0.0449 0.8772 -0.4780
vn -0.6018 0.6397 0.4781
vn -0.6018 0.6398 0.4781
vn -0.5799 0.6491 0.4923
vn -0.5799 0.6491 0.4922
vn -0.5574 0.6587 0.5054
vn -0.5574 0.6586 0.5054
vn -0.5344 0.6684 0.5173
vn -0.5343 0.6685 0.5173
vn -0.4477 0.8775 0.1717
vn -0.4488 0.8766 0.1738
vn -0.3237 0.9306 -0.1709
vn -0.3161 0.9329 -0.1725
vn -0.3377 0.9237 -0.1808
vn -0.3314 0.9263 -0.1791
vn -0.3437 0.9215 -0.1806
vn -0.3460 0.9213 -0.1774
vn -0.3282 0.9286 -0.1731
vn -0.3282 0.9285 -0.1739
vn -0.4339 0.8838 0.1751
vn -0.4325 0.8841 0.1769
vn -0.4292 0.8847 0.1819
vn -0.4252 0.8865 0.1827
vn -0.4446 0.8787 0.1735
vn -0.4415 0.8801 0.1745
vn -0.2093 0.8071 -0.5521
vn -0.1845 0.8177 -0.5453
vn -0.1845 0.8176 -0.5454
vn -0.1843 0.8177 -0.5454
vn -0.1601 0.8281 -0.5373
vn -0.1601 0.8279 -0.5375
vn -0.1361 0.8383 -0.5279
vn -0.1361 0.8383 -0.5280
vn -0.5107 0.6786 0.5280
vn -0.5107 0.6786 0.5279
vn -0.5107 0.6787 0.5278
vn -0.4866 0.6888 0.5373
vn -0.4866 0.6889 0.5372
vn -0.4866 0.6889 0.5373
vn -0.4622 0.6993 0.5453
vn -0.4375 0.7098 0.5521
vn -0.4180 0.8893 0.1857
vn -0.4169 0.8899 0.1853
vn -0.3563 0.9166 -0.1815
vn -0.3481 0.9197 -0.1816
vn -0.3732 0.9092 -0.1844
vn -0.3650 0.9124 -0.1850
vn -0.3767 0.9079 -0.1839
vn -0.3769 0.9077 -0.1844
vn -0.3611 0.9147 -0.1814
vn -0.3609 0.9147 -0.1820
vn -0.4019 0.8963 0.1876
vn -0.4018 0.8963 0.1874
vn -0.3960 0.8989 0.1874
vn -0.3913 0.9009 0.1879
vn -0.4142 0.8914 0.1841
vn -0.4069 0.8943 0.1864
vn -0.3106 0.7639 -0.5657
vn -0.2851 0.7748 -0.5643
vn -0.2850 0.7748 -0.5643
vn -0.2598 0.7856 -0.5615
vn -0.2597 0.7856 -0.5616
vn -0.2598 0.7855 -0.5617
vn -0.2598 0.7856 -0.5616
vn -0.2344 0.7964 -0.5575
vn -0.2344 0.7964 -0.5574
vn -0.2345 0.7964 -0.5575
vn -0.4122 0.7206 0.5576
vn -0.4120 0.7207 0.5576
vn -0.4123 0.7206 0.5575
vn -0.4124 0.7205 0.5575
vn -0.3870 0.7313 0.5616
vn -0.3871 0.7312 0.5617
vn -0.3617 0.7421 0.5643
vn -0.3362 0.7530 0.5657
vn -0.3364 0.7529 0.5656
vn -0.3863 0.9041 0.1826
vn -0.3852 0.9045 0.1833
vn -0.3888 0.9026 -0.1847
vn -0.3826 0.9054 -0.1838
vn -0.4033 0.8957 -0.1872
vn -0.3993 0.8976 -0.1867
vn -0.4102 0.8925 -0.1877
vn -0.4125 0.8915 -0.1875
vn -0.3949 0.9002 -0.1837
vn -0.3944 0.9003 -0.1843
vn -0.3711 0.9106 0.1820
vn -0.3695 0.9099 0.1886
vn -0.3625 0.9140 0.1821
vn -0.3580 0.9157 0.1824
vn -0.3800 0.9062 0.1853
vn -0.3755 0.9087 0.1825
vn -0.4123 0.7205 -0.5575
vn -0.4123 0.7205 -0.5576
vn -0.4122 0.7205 -0.5576
vn -0.3871 0.7312 -0.5616
vn -0.3873 0.7312 -0.5616
vn -0.3618 0.7420 -0.5643
vn -0.3104 0.7637 0.5661
vn -0.3104 0.7636 0.5662
vn -0.3105 0.7637 0.5659
vn -0.2597 0.7855 0.5617
vn -0.3545 0.9175 0.1802
vn -0.3554 0.9166 0.1832
vn -0.4218 0.8879 -0.1837
vn -0.4154 0.8907 -0.1846
vn -0.4382 0.8814 -0.1763
vn -0.4309 0.8843 -0.1799
vn -0.4415 0.8807 -0.1717
vn -0.4405 0.8810 -0.1726
vn -0.4270 0.8856 -0.1827
vn -0.4270 0.8857 -0.1821
vn -0.3363 0.9251 0.1764
vn -0.3364 0.9250 0.1765
vn -0.3294 0.9279 0.1745
vn -0.3262 0.9292 0.1735
vn -0.3472 0.9204 0.1796
vn -0.3423 0.9226 0.1780
vn -0.5105 0.6788 -0.5279
vn -0.4375 0.7098 -0.5521
vn -0.1845 0.8177 0.5453
vn -0.3203 0.9322 0.1684
vn -0.3216 0.9304 0.1757
vn -0.4540 0.8746 -0.1702
vn -0.4525 0.8746 -0.1740
vn -0.4678 0.8692 -0.1603
vn -0.4628 0.8711 -0.1643
vn -0.4726 0.8671 -0.1573
vn -0.4727 0.8670 -0.1576
vn -0.4581 0.8732 -0.1664
vn -0.4582 0.8730 -0.1669
vn -0.3023 0.9395 0.1613
vn -0.3044 0.9388 0.1612
vn -0.2980 0.9407 0.1622
vn -0.2949 0.9420 0.1600
vn -0.3158 0.9334 0.1702
vn -0.3087 0.9367 0.1654
vn -0.6019 0.6397 -0.4780
vn -0.6021 0.6397 -0.4777
vn -0.5799 0.6490 -0.4924
vn -0.0893 0.8582 0.5054
vn -0.2890 0.9443 0.1572
vn -0.2886 0.9446 0.1564
vn -0.4813 0.8634 -0.1513
vn -0.4775 0.8648 -0.1553
vn -0.4957 0.8565 -0.1439
vn -0.4931 0.8576 -0.1462
vn -0.5015 0.8539 -0.1393
vn -0.5016 0.8538 -0.1391
vn -0.4892 0.8599 -0.1456
vn -0.4876 0.8607 -0.1464
vn -0.2754 0.9503 0.1455
vn -0.2758 0.9502 0.1449
vn -0.2722 0.9517 0.1419
vn -0.2677 0.9540 0.1351
vn -0.2860 0.9464 0.1504
vn -0.2841 0.9475 0.1469
vn -0.6634 0.6134 -0.4285
vn -0.6634 0.6135 -0.4285
vn -0.6231 0.6306 -0.4626
vn -0.6233 0.6305 -0.4626
vn -0.0237 0.8862 0.4626
vn -0.2621 0.9557 0.1339
vn -0.2628 0.9555 0.1343
vn -0.5093 0.8506 -0.1304
vn -0.5067 0.8516 -0.1343
vn -0.5204 0.8458 -0.1175
vn -0.5171 0.8472 -0.1220
vn -0.5240 0.8444 -0.1119
vn -0.5238 0.8445 -0.1117
vn -0.5152 0.8479 -0.1252
vn -0.5152 0.8482 -0.1229
vn -0.2522 0.9600 0.1215
vn -0.2563 0.9593 0.1188
vn -0.2475 0.9622 0.1140
vn -0.2451 0.9632 0.1101
vn -0.2586 0.9575 0.1277
vn -0.2558 0.9587 0.1246
vn -0.7337 0.5835 -0.3482
vn -0.7003 0.5978 -0.3902
vn -0.7004 0.5977 -0.3902
vn 0.0869 0.9335 0.3479
vn -0.2403 0.9652 0.1027
vn -0.2406 0.9652 0.1024
vn -0.5308 0.8413 -0.1025
vn -0.5279 0.8426 -0.1062
vn -0.5396 0.8374 -0.0870
vn -0.5356 0.8395 -0.0914
vn -0.5403 0.8373 -0.0838
vn -0.5380 0.8392 -0.0794
vn -0.5293 0.8430 -0.0962
vn -0.5302 0.8425 -0.0950
vn -0.2325 0.9685 0.0892
vn -0.2329 0.9684 0.0887
vn -0.2344 0.9687 0.0816
vn -0.2297 0.9703 0.0760
vn -0.2406 0.9655 0.0992
vn -0.2355 0.9674 0.0926
vn -0.7763 0.5654 -0.2789
vn -0.7630 0.5711 -0.3027
vn -0.7630 0.5712 -0.3027
vn -0.7633 0.5708 -0.3027
vn -0.7631 0.5710 -0.3027
vn 0.1165 0.9459 0.3027
vn 0.1414 0.9567 0.2544
vn 0.1525 0.9613 0.2293
vn 0.1526 0.9613 0.2293
vn -0.2252 0.9715 0.0733
vn -0.2256 0.9715 0.0724
vn -0.5450 0.8355 -0.0698
vn -0.5441 0.8358 -0.0734
vn -0.5510 0.8329 -0.0524
vn -0.5497 0.8335 -0.0563
vn -0.5491 0.8346 -0.0425
vn -0.5497 0.8342 -0.0443
vn -0.5477 0.8343 -0.0632
vn -0.5477 0.8343 -0.0633
vn -0.2185 0.9744 0.0522
vn -0.2187 0.9744 0.0527
vn -0.2175 0.9748 0.0489
vn -0.2169 0.9753 0.0426
vn -0.2260 0.9719 0.0660
vn -0.2261 0.9723 0.0595
vn -0.8314 0.5417 -0.1240
vn -0.8313 0.5418 -0.1240
vn -0.8177 0.5476 -0.1775
vn -0.8177 0.5477 -0.1775
vn 0.1785 0.9724 0.1506
vn -0.2150 0.9759 0.0361
vn -0.2158 0.9758 0.0362
vn -0.5554 0.8309 -0.0344
vn -0.5540 0.8316 -0.0395
vn -0.5551 0.8317 -0.0148
vn -0.5536 0.8325 -0.0217
vn -0.5547 0.8320 -0.0086
vn -0.5548 0.8319 -0.0085
vn -0.5554 0.8310 -0.0309
vn -0.5544 0.8317 -0.0307
vn -0.2173 0.9760 0.0149
vn -0.2120 0.9771 0.0168
vn -0.2153 0.9765 0.0130
vn -0.2161 0.9764 0.0054
vn -0.2178 0.9756 0.0295
vn -0.2174 0.9758 0.0253
vn -0.8425 0.5370 -0.0416
vn -0.8362 0.5398 -0.0967
vn 0.1932 0.9787 0.0693
vn -0.2175 0.9761 -0.0000
vn -0.2174 0.9761 -0.0000
vn -0.5552 0.8317 0.0021
vn -0.5552 0.8317 -0.0021
vn -0.5528 0.8331 0.0202
vn -0.5551 0.8316 0.0147
vn -0.5561 0.8305 0.0309
vn -0.5517 0.8337 0.0253
vn -0.5546 0.8321 0.0088
vn -0.5547 0.8320 0.0090
vn -0.2171 0.9760 -0.0147
vn -0.2120 0.9771 -0.0166
vn -0.2174 0.9758 -0.0253
vn -0.2178 0.9756 -0.0295
vn -0.2161 0.9764 -0.0054
vn -0.2153 0.9765 -0.0130
vn -0.8362 0.5398 0.0966
vn -0.8400 0.5382 0.0694
vn -0.8400 0.5382 0.0691
vn -0.8437 0.5366 0.0140
vn 0.1895 0.9771 -0.0967
vn 0.1895 0.9771 -0.0966
vn -0.2150 0.9759 -0.0362
vn -0.2158 0.9758 -0.0362
vn -0.5535 0.8319 0.0394
vn -0.5550 0.8311 0.0360
vn -0.5500 0.8333 0.0558
vn -0.5509 0.8329 0.0522
vn -0.5478 0.8342 0.0632
vn -0.5479 0.8342 0.0631
vn -0.5484 0.8351 0.0436
vn -0.5496 0.8342 0.0448
vn -0.2188 0.9744 -0.0519
vn -0.2189 0.9743 -0.0525
vn -0.2261 0.9723 -0.0595
vn -0.2260 0.9719 -0.0660
vn -0.2169 0.9753 -0.0425
vn -0.2175 0.9748 -0.0490
vn -0.8177 0.5477 0.1775
vn -0.8177 0.5476 0.1775
vn -0.8177 0.5475 0.1775
vn 0.1781 0.9724 -0.1507
vn 0.1623 0.9655 -0.2035
vn 0.1623 0.9655 -0.2036
vn -0.2254 0.9715 -0.0734
vn -0.2256 0.9715 -0.0724
vn -0.5438 0.8360 0.0736
vn -0.5450 0.8355 0.0703
vn -0.5370 0.8386 0.0917
vn -0.5389 0.8381 0.0851
vn -0.5293 0.8430 0.0956
vn -0.5302 0.8425 0.0949
vn -0.5434 0.8359 0.0775
vn -0.5386 0.8390 0.0778
vn -0.2323 0.9685 -0.0893
vn -0.2329 0.9684 -0.0888
vn -0.2358 0.9674 -0.0924
vn -0.2407 0.9655 -0.0993
vn -0.2297 0.9703 -0.0760
vn -0.2343 0.9688 -0.0812
vn -0.7631 0.5710 0.3027
vn -0.7631 0.5709 0.3027
vn -0.7633 0.5708 0.3027
vn -0.7764 0.5653 0.2785
vn -0.7883 0.5602 0.2546
vn 0.1524 0.9613 -0.2293
vn 0.1524 0.9614 -0.2293
vn 0.1295 0.9516 -0.2789
vn 0.1165 0.9459 -0.3028
vn 0.1164 0.9460 -0.3026
vn 0.1164 0.9459 -0.3027
vn -0.2403 0.9652 -0.1027
vn -0.2406 0.9652 -0.1024
vn -0.5274 0.8429 0.1065
vn -0.5306 0.8416 0.1010
vn -0.5166 0.8476 0.1214
vn -0.5204 0.8458 0.1175
vn -0.5148 0.8480 0.1259
vn -0.5151 0.8479 0.1253
vn -0.5239 0.8444 0.1119
vn -0.5238 0.8445 0.1117
vn -0.2520 0.9601 -0.1216
vn -0.2565 0.9593 -0.1181
vn -0.2556 0.9587 -0.1247
vn -0.2587 0.9574 -0.1280
vn -0.2451 0.9632 -0.1102
vn -0.2477 0.9621 -0.1140
vn -0.7007 0.5975 0.3900
vn -0.7174 0.5906 0.3696
vn -0.7175 0.5905 0.3696
vn -0.7337 0.5835 0.3483
vn 0.0868 0.9334 -0.3481
vn 0.0537 0.9192 -0.3902
vn 0.0536 0.9192 -0.3902
vn -0.2621 0.9557 -0.1341
vn -0.2628 0.9555 -0.1343
vn -0.5064 0.8517 0.1346
vn -0.5092 0.8507 0.1304
vn -0.4935 0.8574 0.1462
vn -0.4959 0.8564 0.1435
vn -0.4842 0.8618 0.1514
vn -0.4848 0.8618 0.1493
vn -0.5014 0.8539 0.1394
vn -0.5013 0.8540 0.1395
vn -0.2754 0.9503 -0.1455
vn -0.2758 0.9502 -0.1449
vn -0.2841 0.9475 -0.1468
vn -0.2860 0.9464 -0.1504
vn -0.2677 0.9540 -0.1351
vn -0.2722 0.9517 -0.1419
vn -0.6232 0.6306 0.4626
vn -0.6231 0.6306 0.4626
vn -0.6633 0.6135 0.4285
vn -0.2889 0.9444 -0.1573
vn -0.2886 0.9446 -0.1564
vn -0.4776 0.8647 0.1553
vn -0.4808 0.8636 0.1514
vn -0.4632 0.8712 0.1629
vn -0.4687 0.8684 0.1617
vn -0.4582 0.8731 0.1663
vn -0.4583 0.8730 0.1669
vn -0.4725 0.8672 0.1574
vn -0.4725 0.8671 0.1577
vn -0.3038 0.9391 -0.1606
vn -0.3044 0.9388 -0.1612
vn -0.3104 0.9362 -0.1650
vn -0.3158 0.9338 -0.1685
vn -0.2946 0.9421 -0.1600
vn -0.2980 0.9406 -0.1626
vn -0.5343 0.6684 0.5174
vn -0.5574 0.6587 0.5053
vn -0.6021 0.6397 0.4777
vn -0.0449 0.8771 -0.4782
vn -0.0449 0.8771 -0.4783
vn -0.0449 0.8771 -0.4781
vn -0.0668 0.8679 -0.4922
vn -0.0893 0.8582 -0.5055
vn -0.0893 0.8581 -0.5056
vn -0.3208 0.9319 -0.1693
vn -0.3221 0.9314 -0.1693
vn -0.4475 0.8771 0.1745
vn -0.4543 0.8745 0.1697
vn -0.4311 0.8843 0.1793
vn -0.4378 0.8819 0.1749
vn -0.4271 0.8855 0.1831
vn -0.4272 0.8855 0.1825
vn -0.4430 0.8800 0.1711
vn -0.4437 0.8797 0.1713
vn -0.3363 0.9251 -0.1763
vn -0.3364 0.9250 -0.1766
vn -0.3413 0.9230 -0.1778
vn -0.3480 0.9200 -0.1805
vn -0.3263 0.9292 -0.1734
vn -0.3295 0.9279 -0.1745
vn -0.4376 0.7097 0.5521
vn -0.4374 0.7098 0.5521
vn -0.4866 0.6887 0.5375
vn -0.5108 0.6786 0.5278
vn -0.5105 0.6788 0.5279
vn -0.1362 0.8383 -0.5279
vn -0.1601 0.8281 -0.5372
vn -0.1847 0.8177 -0.5452
vn -0.2093 0.8071 -0.5520
vn -0.2093 0.8070 -0.5521
vn -0.3550 0.9172 -0.1811
vn -0.3551 0.9167 -0.1833
vn -0.4157 0.8904 0.1855
vn -0.4219 0.8878 0.1838
vn -0.3998 0.8972 0.1877
vn -0.4046 0.8953 0.1864
vn -0.3946 0.9003 0.1837
vn -0.3940 0.9005 0.1842
vn -0.4095 0.8928 0.1876
vn -0.4073 0.8941 0.1862
vn -0.3689 0.9115 -0.1821
vn -0.3691 0.9115 -0.1814
vn -0.3785 0.9072 -0.1838
vn -0.3781 0.9073 -0.1839
vn -0.3580 0.9157 -0.1824
vn -0.3624 0.9140 -0.1822
vn -0.3362 0.7529 0.5657
vn -0.3871 0.7313 0.5616
vn -0.3871 0.7314 0.5614
vn -0.4123 0.7205 0.5575
vn -0.4125 0.7205 0.5575
vn -0.2343 0.7964 -0.5576
vn -0.2344 0.7964 -0.5576
vn -0.2344 0.7963 -0.5576
vn -0.2851 0.7749 -0.5642
vn -0.2851 0.7748 -0.5642
vn -0.2851 0.7747 -0.5644
vn -0.3105 0.7639 -0.5657
vn 0.9362 0.2326 -0.2636
vn 0.9232 0.2271 -0.3099
vn 0.8160 0.5145 -0.2636
vn 0.8160 0.5144 -0.2636
vn 0.8031 0.5090 -0.3098
vn 0.8031 0.5090 -0.3099
vn 0.8031 0.5089 -0.3098
vn 0.9746 -0.1166 -0.1911
vn 0.9746 -0.1165 -0.1913
vn 0.9651 -0.1207 -0.2326
vn 0.9536 -0.1255 -0.2735
vn 0.9404 -0.1312 -0.3138
vn 0.9082 0.2207 -0.3556
vn 0.7879 0.5026 -0.3557
vn 0.7880 0.5026 -0.3557
vn 0.7880 0.5026 -0.3556
vn 0.5564 0.7694 -0.3138
vn 0.5567 0.7691 -0.3140
vn 0.5697 0.7750 -0.2735
vn 0.5698 0.7750 -0.2735
vn 0.5812 0.7800 -0.2322
vn 0.5811 0.7799 -0.2326
vn 0.5811 0.7798 -0.2326
vn 0.5906 0.7840 -0.1911
vn 0.8268 0.5191 -0.2166
vn 0.9470 0.2372 -0.2166
vn -0.0068 -0.1695 0.9855
vn -0.0511 -0.1882 0.9808
vn -0.0511 -0.1883 0.9808
vn -0.0512 -0.1884 0.9808
vn -0.1270 0.1124 0.9855
vn -0.1268 0.1124 0.9855
vn -0.1712 0.0934 0.9808
vn -0.1712 0.0935 0.9808
vn -0.1713 0.0934 0.9808
vn -0.1713 0.0933 0.9808
vn 0.1723 -0.4588 0.8717
vn 0.1720 -0.4588 0.8717
vn 0.1722 -0.4587 0.8717
vn 0.1723 -0.4587 0.8717
vn 0.1330 -0.4755 0.8696
vn 0.0938 -0.4922 0.8654
vn 0.0549 -0.5087 0.8592
vn 0.0549 -0.5088 0.8592
vn -0.0953 -0.2072 0.9736
vn -0.0953 -0.2071 0.9737
vn -0.2155 0.0747 0.9736
vn -0.2154 0.0747 0.9737
vn -0.2157 0.0747 0.9736
vn -0.3291 0.3918 0.8592
vn -0.2902 0.4084 0.8654
vn -0.2902 0.4084 0.8655
vn -0.2510 0.4251 0.8697
vn -0.2510 0.4251 0.8696
vn -0.2507 0.4256 0.8695
vn -0.2116 0.4418 0.8718
vn -0.2116 0.4419 0.8718
vn -0.2117 0.4418 0.8718
vn -0.2122 0.4421 0.8715
vn -0.0824 0.1314 0.9879
vn -0.0824 0.1315 0.9879
vn 0.0377 -0.1505 0.9879
vn 0.0377 -0.1503 0.9879
vn 0.8720 0.2052 0.4444
vn 0.8720 0.2052 0.4443
vn 0.8511 0.1963 0.4870
vn 0.8510 0.1964 0.4871
vn 0.8510 0.1964 0.4870
vn 0.8510 0.1963 0.4870
vn 0.7519 0.4871 0.4443
vn 0.7518 0.4871 0.4444
vn 0.7309 0.4782 0.4869
vn 0.7308 0.4783 0.4871
vn 0.7308 0.4782 0.4871
vn 0.9253 -0.1375 0.3536
vn 0.9253 -0.1376 0.3534
vn 0.9085 -0.1448 0.3921
vn 0.8899 -0.1527 0.4298
vn 0.8697 -0.1613 0.4665
vn 0.8280 0.1864 0.5288
vn 0.8281 0.1865 0.5286
vn 0.8281 0.1865 0.5287
vn 0.7079 0.4684 0.5287
vn 0.7079 0.4684 0.5286
vn 0.7080 0.4682 0.5287
vn 0.4857 0.7392 0.4666
vn 0.4857 0.7392 0.4665
vn 0.5059 0.7479 0.4298
vn 0.5241 0.7557 0.3928
vn 0.5245 0.7558 0.3921
vn 0.5413 0.7630 0.3534
vn 0.5413 0.7629 0.3534
vn 0.7709 0.4953 0.4005
vn 0.8911 0.2137 0.4003
vn 0.8911 0.2134 0.4005
vn 0.8720 0.2052 -0.4443
vn 0.8510 0.1963 -0.4871
vn 0.8510 0.1964 -0.4870
vn 0.7519 0.4871 -0.4443
vn 0.7518 0.4871 -0.4443
vn 0.7308 0.4783 -0.4870
vn 0.7308 0.4782 -0.4870
vn 0.9253 -0.1376 -0.3534
vn 0.9085 -0.1448 -0.3921
vn 0.8899 -0.1527 -0.4298
vn 0.8899 -0.1526 -0.4298
vn 0.8697 -0.1612 -0.4665
vn 0.8697 -0.1613 -0.4665
vn 0.8696 -0.1613 -0.4666
vn 0.8281 0.1865 -0.5286
vn 0.8281 0.1866 -0.5286
vn 0.8283 0.1866 -0.5282
vn 0.7080 0.4683 -0.5287
vn 0.7079 0.4684 -0.5286
vn 0.7079 0.4684 -0.5287
vn 0.7079 0.4683 -0.5287
vn 0.4858 0.7392 -0.4665
vn 0.4859 0.7392 -0.4664
vn 0.4857 0.7392 -0.4665
vn 0.5061 0.7477 -0.4299
vn 0.5062 0.7477 -0.4298
vn 0.5060 0.7479 -0.4298
vn 0.5058 0.7479 -0.4298
vn 0.5245 0.7558 -0.3921
vn 0.5245 0.7558 -0.3920
vn 0.5243 0.7559 -0.3922
vn 0.5414 0.7629 -0.3534
vn 0.5413 0.7629 -0.3534
vn 0.5413 0.7630 -0.3533
vn 0.7709 0.4953 -0.4004
vn 0.7709 0.4953 -0.4005
vn 0.7708 0.4957 -0.4002
vn 0.8911 0.2134 -0.4005
vn -0.0068 -0.1695 -0.9855
vn -0.0511 -0.1884 -0.9808
vn -0.0509 -0.1884 -0.9808
vn -0.0512 -0.1884 -0.9808
vn -0.1270 0.1124 -0.9855
vn -0.1268 0.1124 -0.9855
vn -0.1269 0.1124 -0.9855
vn -0.1712 0.0936 -0.9808
vn -0.1712 0.0935 -0.9808
vn -0.1713 0.0934 -0.9808
vn 0.1723 -0.4587 -0.8717
vn 0.1331 -0.4755 -0.8696
vn 0.1330 -0.4755 -0.8696
vn 0.0936 -0.4922 -0.8654
vn 0.0938 -0.4921 -0.8655
vn 0.0934 -0.4924 -0.8654
vn 0.0549 -0.5088 -0.8591
vn 0.0549 -0.5089 -0.8591
vn -0.0952 -0.2072 -0.9737
vn -0.0953 -0.2072 -0.9736
vn -0.2155 0.0747 -0.9736
vn -0.2154 0.0747 -0.9737
vn -0.3291 0.3918 -0.8592
vn -0.2901 0.4082 -0.8656
vn -0.2901 0.4083 -0.8655
vn -0.2510 0.4251 -0.8696
vn -0.2512 0.4251 -0.8696
vn -0.2511 0.4251 -0.8696
vn -0.2118 0.4419 -0.8717
vn -0.2117 0.4419 -0.8717
vn -0.0824 0.1314 -0.9879
vn 0.0376 -0.1505 -0.9879
vn 0.0378 -0.1505 -0.9879
vn 0.9362 0.2326 0.2636
vn 0.9233 0.2271 0.3098
vn 0.9232 0.2271 0.3099
vn 0.9233 0.2274 0.3094
vn 0.9233 0.2268 0.3099
vn 0.8160 0.5145 0.2637
vn 0.8160 0.5145 0.2636
vn 0.8032 0.5087 0.3100
vn 0.8033 0.5085 0.3101
vn 0.8031 0.5090 0.3099
vn 0.9746 -0.1166 0.1911
vn 0.9746 -0.1166 0.1912
vn 0.9650 -0.1207 0.2326
vn 0.9651 -0.1207 0.2326
vn 0.9651 -0.1206 0.2326
vn 0.9536 -0.1255 0.2735
vn 0.9404 -0.1312 0.3138
vn 0.9082 0.2207 0.3556
vn 0.7880 0.5026 0.3556
vn 0.7881 0.5025 0.3556
vn 0.7881 0.5025 0.3555
vn 0.5563 0.7692 0.3143
vn 0.5564 0.7694 0.3138
vn 0.5566 0.7693 0.3138
vn 0.5699 0.7749 0.2734
vn 0.5697 0.7750 0.2735
vn 0.5700 0.7749 0.2732
vn 0.5815 0.7796 0.2326
vn 0.5812 0.7798 0.2325
vn 0.5812 0.7798 0.2326
vn 0.5906 0.7840 0.1911
vn 0.5907 0.7840 0.1911
vn 0.8268 0.5191 0.2167
vn 0.8268 0.5191 0.2166
vn 0.9470 0.2372 0.2166
vn 0.7768 0.1645 -0.6079
vn 0.7767 0.1646 -0.6080
vn 0.7766 0.1649 -0.6081
vn 0.7485 0.1525 -0.6454
vn 0.6565 0.4465 -0.6080
vn 0.6282 0.4344 -0.6455
vn 0.6282 0.4344 -0.6454
vn 0.8478 -0.1707 -0.5021
vn 0.8243 -0.1807 -0.5365
vn 0.7994 -0.1913 -0.5695
vn 0.7730 -0.2026 -0.6012
vn 0.7730 -0.2027 -0.6012
vn 0.7185 0.1398 -0.6813
vn 0.7185 0.1398 -0.6814
vn 0.7184 0.1398 -0.6814
vn 0.5983 0.4218 -0.6813
vn 0.5983 0.4217 -0.6814
vn 0.5983 0.4217 -0.6813
vn 0.3890 0.6980 -0.6012
vn 0.3890 0.6979 -0.6013
vn 0.4154 0.7093 -0.5695
vn 0.4401 0.7199 -0.5367
vn 0.4403 0.7199 -0.5365
vn 0.4637 0.7300 -0.5021
vn 0.4638 0.7299 -0.5021
vn 0.4638 0.7299 -0.5022
vn 0.6831 0.4578 -0.5690
vn 0.8033 0.1759 -0.5690
vn 0.8033 0.1760 -0.5690
vn -0.1823 -0.2443 -0.9524
vn -0.1824 -0.2443 -0.9524
vn -0.2246 -0.2626 -0.9384
vn -0.2250 -0.2625 -0.9383
vn -0.2252 -0.2624 -0.9383
vn -0.3026 0.0378 -0.9524
vn -0.3026 0.0376 -0.9524
vn -0.3025 0.0376 -0.9524
vn -0.3453 0.0192 -0.9383
vn -0.3453 0.0194 -0.9383
vn -0.3452 0.0194 -0.9383
vn 0.0162 -0.5253 -0.8508
vn 0.0162 -0.5252 -0.8508
vn -0.0220 -0.5415 -0.8404
vn -0.0596 -0.5576 -0.8280
vn -0.0968 -0.5733 -0.8136
vn -0.0973 -0.5737 -0.8133
vn -0.0968 -0.5734 -0.8136
vn -0.0967 -0.5734 -0.8136
vn -0.2670 -0.2804 -0.9220
vn -0.2670 -0.2797 -0.9222
vn -0.3872 0.0015 -0.9220
vn -0.4806 0.3267 -0.8138
vn -0.4806 0.3273 -0.8136
vn -0.4807 0.3272 -0.8136
vn -0.4436 0.3429 -0.8280
vn -0.4436 0.3430 -0.8280
vn -0.4060 0.3591 -0.8404
vn -0.4059 0.3591 -0.8404
vn -0.3678 0.3753 -0.8508
vn -0.2593 0.0560 -0.9642
vn -0.1391 -0.2259 -0.9642
vn -0.1390 -0.2259 -0.9642
vn 0.9667 0.2455 0.0727
vn 0.9666 0.2456 0.0727
vn 0.9623 0.2437 0.1209
vn 0.9623 0.2438 0.1209
vn 0.9623 0.2437 0.1210
vn 0.8464 0.5275 0.0729
vn 0.8464 0.5275 0.0727
vn 0.8464 0.5276 0.0729
vn 0.8421 0.5256 0.1209
vn 0.8421 0.5256 0.1208
vn 0.9939 -0.1084 0.0214
vn 0.9919 -0.1092 0.0642
vn 0.9881 -0.1109 0.1067
vn 0.9823 -0.1134 0.1490
vn 0.9823 -0.1135 0.1490
vn 0.9823 -0.1133 0.1490
vn 0.9557 0.2409 0.1689
vn 0.9558 0.2409 0.1689
vn 0.8357 0.5227 0.1686
vn 0.5983 0.7873 0.1490
vn 0.5983 0.7873 0.1489
vn 0.6041 0.7897 0.1067
vn 0.6041 0.7897 0.1066
vn 0.6080 0.7914 0.0641
vn 0.6079 0.7914 0.0642
vn 0.6080 0.7914 0.0642
vn 0.6080 0.7913 0.0642
vn 0.6099 0.7922 0.0214
vn 0.8486 0.5284 0.0243
vn 0.8486 0.5285 0.0243
vn 0.9688 0.2466 0.0243
vn 0.9688 0.2465 0.0243
vn 0.9688 0.2465 0.0244
vn 0.6538 0.1122 -0.7483
vn 0.6192 0.0978 -0.7791
vn 0.6195 0.0975 -0.7789
vn 0.6193 0.0976 -0.7790
vn 0.6194 0.0975 -0.7790
vn 0.5336 0.3941 -0.7483
vn 0.4992 0.3794 -0.7790
vn 0.7450 -0.2145 -0.6316
vn 0.7159 -0.2269 -0.6603
vn 0.7161 -0.2273 -0.6599
vn 0.6854 -0.2400 -0.6875
vn 0.6855 -0.2399 -0.6874
vn 0.6854 -0.2399 -0.6875
vn 0.6854 -0.2401 -0.6875
vn 0.6539 -0.2534 -0.7129
vn 0.5836 0.0822 -0.8078
vn 0.5835 0.0822 -0.8079
vn 0.4634 0.3641 -0.8079
vn 0.4634 0.3643 -0.8078
vn 0.2699 0.6472 -0.7129
vn 0.3015 0.6607 -0.6874
vn 0.3319 0.6736 -0.6604
vn 0.3319 0.6737 -0.6603
vn 0.3611 0.6861 -0.6316
vn 0.5668 0.4083 -0.7156
vn 0.5667 0.4082 -0.7157
vn 0.5668 0.4082 -0.7157
vn 0.6866 0.1264 -0.7159
vn 0.6868 0.1263 -0.7158
vn 0.6869 0.1263 -0.7157
vn -0.3487 -0.3151 -0.8827
vn -0.3488 -0.3152 -0.8826
vn -0.3487 -0.3152 -0.8827
vn -0.3486 -0.3151 -0.8827
vn -0.3879 -0.3320 -0.8598
vn -0.4687 -0.0334 -0.8827
vn -0.4680 -0.0329 -0.8831
vn -0.4687 -0.0333 -0.8827
vn -0.4688 -0.0333 -0.8827
vn -0.5081 -0.0501 -0.8598
vn -0.5081 -0.0501 -0.8599
vn -0.1331 -0.5889 -0.7972
vn -0.1331 -0.5890 -0.7971
vn -0.1687 -0.6041 -0.7789
vn -0.2033 -0.6189 -0.7587
vn -0.2032 -0.6189 -0.7588
vn -0.2371 -0.6333 -0.7367
vn -0.4262 -0.3483 -0.8349
vn -0.4261 -0.3483 -0.8349
vn -0.5464 -0.0666 -0.8349
vn -0.5464 -0.0664 -0.8349
vn -0.5465 -0.0664 -0.8348
vn -0.6213 0.2675 -0.7365
vn -0.6212 0.2673 -0.7367
vn -0.6211 0.2673 -0.7367
vn -0.5873 0.2818 -0.7587
vn -0.5873 0.2817 -0.7587
vn -0.5527 0.2965 -0.7789
vn -0.5171 0.3117 -0.7972
vn -0.5171 0.3117 -0.7971
vn -0.5172 0.3117 -0.7971
vn -0.4285 -0.0161 -0.9034
vn -0.3083 -0.2981 -0.9034
vn -0.3083 -0.2980 -0.9034
vn 0.9623 0.2437 -0.1209
vn 0.9666 0.2456 -0.0727
vn 0.9667 0.2456 -0.0727
vn 0.8421 0.5256 -0.1209
vn 0.8464 0.5275 -0.0727
vn 0.8464 0.5275 -0.0728
vn 0.9823 -0.1133 -0.1489
vn 0.9823 -0.1133 -0.1490
vn 0.9824 -0.1132 -0.1489
vn 0.9824 -0.1131 -0.1488
vn 0.9881 -0.1109 -0.1067
vn 0.9882 -0.1106 -0.1063
vn 0.9919 -0.1092 -0.0642
vn 0.9920 -0.1091 -0.0642
vn 0.9939 -0.1085 -0.0214
vn 0.9939 -0.1084 -0.0214
vn 0.9689 0.2463 -0.0244
vn 0.9688 0.2465 -0.0243
vn 0.9688 0.2466 -0.0243
vn 0.8486 0.5285 -0.0242
vn 0.8486 0.5284 -0.0243
vn 0.6099 0.7922 -0.0214
vn 0.6099 0.7922 -0.0213
vn 0.6080 0.7913 -0.0642
vn 0.6079 0.7914 -0.0642
vn 0.6080 0.7914 -0.0643
vn 0.6041 0.7897 -0.1066
vn 0.6041 0.7897 -0.1067
vn 0.5984 0.7872 -0.1490
vn 0.5983 0.7873 -0.1490
vn 0.5983 0.7873 -0.1489
vn 0.8356 0.5227 -0.1689
vn 0.8359 0.5223 -0.1691
vn 0.8355 0.5226 -0.1694
vn 0.9557 0.2409 -0.1689
vn 0.5082 0.0501 -0.8598
vn 0.5081 0.0501 -0.8598
vn 0.4688 0.0333 -0.8827
vn 0.4687 0.0333 -0.8827
vn 0.3879 0.3321 -0.8598
vn 0.3879 0.3320 -0.8598
vn 0.3880 0.3320 -0.8598
vn 0.3486 0.3152 -0.8827
vn 0.6212 -0.2675 -0.7365
vn 0.6212 -0.2677 -0.7365
vn 0.6211 -0.2675 -0.7366
vn 0.6211 -0.2673 -0.7367
vn 0.5872 -0.2817 -0.7588
vn 0.5873 -0.2817 -0.7587
vn 0.5874 -0.2817 -0.7587
vn 0.5874 -0.2818 -0.7587
vn 0.5526 -0.2965 -0.7789
vn 0.5527 -0.2965 -0.7789
vn 0.5522 -0.2969 -0.7790
vn 0.5171 -0.3119 -0.7971
vn 0.5172 -0.3120 -0.7969
vn 0.5172 -0.3118 -0.7971
vn 0.5171 -0.3117 -0.7972
vn 0.4285 0.0161 -0.9034
vn 0.3083 0.2980 -0.9034
vn 0.1331 0.5889 -0.7972
vn 0.1687 0.6042 -0.7788
vn 0.1688 0.6043 -0.7786
vn 0.1688 0.6042 -0.7788
vn 0.1687 0.6041 -0.7789
vn 0.2032 0.6189 -0.7587
vn 0.2034 0.6189 -0.7587
vn 0.2371 0.6333 -0.7367
vn 0.4262 0.3483 -0.8349
vn 0.5464 0.0663 -0.8349
vn 0.5464 0.0664 -0.8349
vn -0.4992 -0.3794 -0.7790
vn -0.4992 -0.3793 -0.7791
vn -0.5336 -0.3941 -0.7483
vn -0.6194 -0.0975 -0.7790
vn -0.6538 -0.1122 -0.7483
vn -0.2699 -0.6472 -0.7129
vn -0.2699 -0.6473 -0.7128
vn -0.3015 -0.6607 -0.6874
vn -0.3015 -0.6607 -0.6875
vn -0.3319 -0.6737 -0.6603
vn -0.3611 -0.6861 -0.6316
vn -0.5667 -0.4082 -0.7157
vn -0.5669 -0.4077 -0.7158
vn -0.6869 -0.1263 -0.7157
vn -0.7451 0.2146 -0.6315
vn -0.7452 0.2145 -0.6315
vn -0.7452 0.2146 -0.6314
vn -0.7160 0.2269 -0.6602
vn -0.7159 0.2269 -0.6603
vn -0.7159 0.2270 -0.6603
vn -0.6852 0.2401 -0.6876
vn -0.6855 0.2399 -0.6874
vn -0.6854 0.2399 -0.6876
vn -0.6537 0.2535 -0.7130
vn -0.6539 0.2533 -0.7129
vn -0.6538 0.2532 -0.7130
vn -0.6538 0.2536 -0.7129
vn -0.5835 -0.0823 -0.8079
vn -0.5836 -0.0821 -0.8079
vn -0.5835 -0.0822 -0.8079
vn -0.5835 -0.0821 -0.8079
vn -0.4633 -0.3643 -0.8079
vn -0.4634 -0.3641 -0.8079
vn -0.4634 -0.3642 -0.8079
vn 0.9232 0.2271 -0.3100
vn 0.9233 0.2271 -0.3099
vn 0.9232 0.2272 -0.3099
vn 0.8030 0.5091 -0.3099
vn 0.8030 0.5091 -0.3098
vn 0.8160 0.5145 -0.2635
vn 0.9537 -0.1255 -0.2735
vn 0.9651 -0.1207 -0.2325
vn 0.9746 -0.1166 -0.1910
vn 0.5814 0.7797 -0.2326
vn 0.5813 0.7798 -0.2326
vn 0.5817 0.7794 -0.2329
vn 0.5812 0.7798 -0.2328
vn 0.5697 0.7750 -0.2734
vn 0.5563 0.7695 -0.3138
vn 0.5564 0.7694 -0.3137
vn 0.5563 0.7693 -0.3140
vn 0.7883 0.5024 -0.3553
vn 0.9082 0.2208 -0.3556
vn 0.3452 -0.0193 -0.9383
vn 0.3452 -0.0194 -0.9383
vn 0.3027 -0.0376 -0.9523
vn 0.3026 -0.0376 -0.9524
vn 0.2250 0.2625 -0.9383
vn 0.2250 0.2624 -0.9383
vn 0.1823 0.2443 -0.9524
vn 0.1824 0.2443 -0.9524
vn 0.1824 0.2442 -0.9524
vn 0.4806 -0.3272 -0.8136
vn 0.4436 -0.3429 -0.8280
vn 0.4436 -0.3429 -0.8281
vn 0.4441 -0.3429 -0.8278
vn 0.4437 -0.3430 -0.8280
vn 0.4060 -0.3591 -0.8404
vn 0.4059 -0.3591 -0.8404
vn 0.3678 -0.3753 -0.8508
vn 0.3678 -0.3754 -0.8508
vn 0.2593 -0.0560 -0.9642
vn 0.1391 0.2259 -0.9642
vn -0.0162 0.5252 -0.8508
vn 0.0220 0.5415 -0.8404
vn 0.0596 0.5577 -0.8279
vn 0.0600 0.5580 -0.8277
vn 0.0597 0.5578 -0.8278
vn 0.0967 0.5735 -0.8135
vn 0.0967 0.5734 -0.8136
vn 0.0969 0.5739 -0.8132
vn 0.2670 0.2804 -0.9220
vn 0.3872 -0.0015 -0.9220
vn 0.3872 -0.0014 -0.9220
vn -0.6284 -0.4343 -0.6454
vn -0.6283 -0.4344 -0.6454
vn -0.6279 -0.4346 -0.6456
vn -0.6282 -0.4345 -0.6455
vn -0.6565 -0.4465 -0.6080
vn -0.7484 -0.1525 -0.6454
vn -0.7484 -0.1525 -0.6455
vn -0.7767 -0.1646 -0.6080
vn -0.3890 -0.6980 -0.6012
vn -0.4154 -0.7093 -0.5695
vn -0.4155 -0.7093 -0.5695
vn -0.4156 -0.7092 -0.5695
vn -0.4406 -0.7197 -0.5366
vn -0.4404 -0.7199 -0.5365
vn -0.4403 -0.7199 -0.5365
vn -0.4638 -0.7299 -0.5021
vn -0.4639 -0.7299 -0.5021
vn -0.6831 -0.4578 -0.5690
vn -0.6834 -0.4578 -0.5687
vn -0.8033 -0.1759 -0.5690
vn -0.8478 0.1706 -0.5021
vn -0.8478 0.1707 -0.5021
vn -0.8243 0.1807 -0.5365
vn -0.7994 0.1913 -0.5695
vn -0.7730 0.2024 -0.6012
vn -0.7729 0.2028 -0.6013
vn -0.7730 0.2026 -0.6012
vn -0.7185 -0.1398 -0.6814
vn -0.7185 -0.1398 -0.6813
vn -0.7186 -0.1398 -0.6813
vn -0.5982 -0.4216 -0.6815
vn -0.5983 -0.4217 -0.6814
vn -0.5983 -0.4216 -0.6814
vn -0.5983 -0.4215 -0.6814
vn 0.8508 0.1963 -0.4875
vn 0.8510 0.1964 -0.4871
vn 0.8720 0.2053 -0.4444
vn 0.8720 0.2053 -0.4443
vn 0.8722 0.2051 -0.4441
vn 0.8720 0.2054 -0.4444
vn 0.7304 0.4784 -0.4875
vn 0.7309 0.4781 -0.4870
vn 0.7308 0.4782 -0.4871
vn 0.8900 -0.1525 -0.4298
vn 0.8900 -0.1527 -0.4297
vn 0.9254 -0.1377 -0.3531
vn 0.8911 0.2134 -0.4004
vn 0.7708 0.4954 -0.4006
vn 0.5414 0.7630 -0.3531
vn 0.5413 0.7630 -0.3534
vn 0.5059 0.7479 -0.4298
vn 0.5058 0.7480 -0.4298
vn 0.7079 0.4685 -0.5286
vn 0.1713 -0.0933 -0.9808
vn 0.1713 -0.0935 -0.9808
vn 0.1714 -0.0933 -0.9808
vn 0.1270 -0.1124 -0.9855
vn 0.1269 -0.1124 -0.9855
vn 0.0511 0.1884 -0.9808
vn 0.0512 0.1884 -0.9808
vn 0.0511 0.1883 -0.9808
vn 0.0514 0.1882 -0.9808
vn 0.0068 0.1695 -0.9855
vn 0.0066 0.1695 -0.9855
vn 0.3292 -0.3918 -0.8591
vn 0.3291 -0.3918 -0.8592
vn 0.3291 -0.3914 -0.8594
vn 0.3292 -0.3917 -0.8592
vn 0.2904 -0.4085 -0.8653
vn 0.2901 -0.4083 -0.8655
vn 0.2902 -0.4084 -0.8654
vn 0.2510 -0.4251 -0.8696
vn 0.2117 -0.4419 -0.8717
vn 0.2118 -0.4419 -0.8717
vn 0.0824 -0.1314 -0.9879
vn -0.0377 0.1505 -0.9879
vn -0.0377 0.1506 -0.9879
vn -0.1723 0.4587 -0.8717
vn -0.1723 0.4587 -0.8718
vn -0.1330 0.4755 -0.8696
vn -0.0938 0.4921 -0.8655
vn -0.0938 0.4920 -0.8655
vn -0.0940 0.4920 -0.8655
vn -0.0549 0.5088 -0.8591
vn 0.0953 0.2072 -0.9736
vn 0.2155 -0.0747 -0.9736
vn 0.2155 -0.0746 -0.9736
vn -0.7308 -0.4782 -0.4870
vn -0.7519 -0.4871 -0.4443
vn -0.7518 -0.4871 -0.4443
vn -0.7519 -0.4870 -0.4443
vn -0.8510 -0.1963 -0.4871
vn -0.8510 -0.1963 -0.4872
vn -0.8720 -0.2053 -0.4443
vn -0.8718 -0.2052 -0.4448
vn -0.8720 -0.2054 -0.4443
vn -0.4857 -0.7392 -0.4665
vn -0.5060 -0.7478 -0.4298
vn -0.5061 -0.7477 -0.4299
vn -0.5059 -0.7479 -0.4298
vn -0.5245 -0.7557 -0.3922
vn -0.5245 -0.7557 -0.3921
vn -0.5245 -0.7558 -0.3921
vn -0.5412 -0.7629 -0.3537
vn -0.5413 -0.7629 -0.3534
vn -0.5411 -0.7630 -0.3537
vn -0.5409 -0.7630 -0.3539
vn -0.7709 -0.4953 -0.4005
vn -0.8912 -0.2132 -0.4005
vn -0.8911 -0.2134 -0.4005
vn -0.9253 0.1377 -0.3534
vn -0.9253 0.1376 -0.3534
vn -0.9085 0.1448 -0.3921
vn -0.8898 0.1529 -0.4300
vn -0.8899 0.1527 -0.4298
vn -0.8697 0.1613 -0.4665
vn -0.8281 -0.1865 -0.5286
vn -0.7079 -0.4684 -0.5286
vn -0.7080 -0.4684 -0.5285
vn 0.7484 0.1525 -0.6454
vn 0.7731 -0.2026 -0.6011
vn 0.7994 -0.1914 -0.5695
vn 0.8478 -0.1708 -0.5021
vn 0.8032 0.1761 -0.5690
vn 0.8034 0.1758 -0.5689
vn 0.6831 0.4579 -0.5690
vn 0.4405 0.7199 -0.5363
vn 0.4403 0.7200 -0.5365
vn 0.4152 0.7094 -0.5695
vn 0.4150 0.7095 -0.5695
vn 0.3890 0.6980 -0.6013
vn 0.5983 0.4216 -0.6814
vn 0.5983 0.4215 -0.6814
vn 0.7184 0.1399 -0.6814
vn 0.7184 0.1398 -0.6815
vn -0.8031 -0.5090 -0.3099
vn -0.8030 -0.5090 -0.3100
vn -0.8030 -0.5090 -0.3099
vn -0.8160 -0.5145 -0.2635
vn -0.8160 -0.5145 -0.2636
vn -0.8160 -0.5144 -0.2636
vn -0.9232 -0.2271 -0.3099
vn -0.9232 -0.2271 -0.3100
vn -0.9362 -0.2326 -0.2636
vn -0.5564 -0.7694 -0.3138
vn -0.5697 -0.7750 -0.2735
vn -0.5696 -0.7751 -0.2735
vn -0.5811 -0.7799 -0.2327
vn -0.5811 -0.7799 -0.2326
vn -0.5810 -0.7800 -0.2326
vn -0.5906 -0.7840 -0.1911
vn -0.8268 -0.5191 -0.2166
vn -0.9470 -0.2372 -0.2167
vn -0.9470 -0.2372 -0.2166
vn -0.9746 0.1166 -0.1911
vn -0.9746 0.1165 -0.1911
vn -0.9650 0.1206 -0.2327
vn -0.9651 0.1207 -0.2326
vn -0.9650 0.1210 -0.2325
vn -0.9536 0.1256 -0.2735
vn -0.9404 0.1312 -0.3138
vn -0.9404 0.1309 -0.3138
vn -0.9404 0.1313 -0.3138
vn -0.9082 -0.2207 -0.3556
vn -0.7880 -0.5026 -0.3556
vn 0.6194 0.0974 -0.7790
vn 0.7451 -0.2143 -0.6316
vn 0.7451 -0.2144 -0.6316
vn 0.7450 -0.2146 -0.6316
vn 0.5667 0.4083 -0.7157
vn 0.3319 0.6736 -0.6603
vn 0.3015 0.6607 -0.6875
vn -0.8421 -0.5256 -0.1208
vn -0.8421 -0.5256 -0.1209
vn -0.8465 -0.5274 -0.0727
vn -0.8464 -0.5275 -0.0727
vn -0.9623 -0.2437 -0.1209
vn -0.9623 -0.2437 -0.1207
vn -0.9666 -0.2456 -0.0729
vn -0.9666 -0.2456 -0.0727
vn -0.9667 -0.2455 -0.0727
vn -0.5983 -0.7873 -0.1490
vn -0.5982 -0.7874 -0.1490
vn -0.6041 -0.7897 -0.1067
vn -0.6042 -0.7897 -0.1067
vn -0.6080 -0.7914 -0.0642
vn -0.6080 -0.7913 -0.0642
vn -0.6079 -0.7914 -0.0642
vn -0.6099 -0.7922 -0.0214
vn -0.8486 -0.5284 -0.0243
vn -0.8486 -0.5285 -0.0243
vn -0.9688 -0.2465 -0.0243
vn -0.9689 -0.2464 -0.0243
vn -0.9939 0.1085 -0.0215
vn -0.9939 0.1086 -0.0216
vn -0.9939 0.1086 -0.0215
vn -0.9938 0.1087 -0.0215
vn -0.9920 0.1088 -0.0638
vn -0.9920 0.1091 -0.0642
vn -0.9920 0.1092 -0.0640
vn -0.9920 0.1091 -0.0641
vn -0.9881 0.1109 -0.1067
vn -0.9823 0.1133 -0.1490
vn -0.9557 -0.2409 -0.1692
vn -0.9557 -0.2409 -0.1689
vn -0.9557 -0.2410 -0.1689
vn -0.8354 -0.5230 -0.1689
vn -0.8355 -0.5228 -0.1689
vn -0.8355 -0.5228 -0.1690
vn 0.5081 0.0498 -0.8598
vn 0.5171 -0.3116 -0.7972
vn 0.5527 -0.2965 -0.7788
vn 0.5525 -0.2964 -0.7790
vn 0.5463 0.0664 -0.8349
vn 0.2373 0.6331 -0.7368
vn 0.2372 0.6333 -0.7367
vn 0.2370 0.6332 -0.7368
vn 0.2366 0.6334 -0.7368
vn 0.2027 0.6189 -0.7589
vn 0.2033 0.6189 -0.7587
vn 0.1687 0.6040 -0.7789
vn 0.1331 0.5888 -0.7972
vn 0.1327 0.5889 -0.7972
vn 0.1330 0.5889 -0.7972
vn 0.3083 0.2981 -0.9034
vn 0.4285 0.0160 -0.9034
vn 0.4286 0.0159 -0.9033
vn -0.8465 -0.5275 0.0727
vn -0.8464 -0.5275 0.0727
vn -0.8421 -0.5256 0.1209
vn -0.8421 -0.5256 0.1206
vn -0.9666 -0.2456 0.0727
vn -0.9623 -0.2437 0.1207
vn -0.9623 -0.2437 0.1209
vn -0.6099 -0.7922 0.0214
vn -0.6079 -0.7914 0.0642
vn -0.6080 -0.7914 0.0642
vn -0.6080 -0.7913 0.0642
vn -0.6041 -0.7897 0.1067
vn -0.6042 -0.7897 0.1067
vn -0.5983 -0.7873 0.1490
vn -0.8355 -0.5229 0.1689
vn -0.8355 -0.5228 0.1689
vn -0.9557 -0.2411 0.1689
vn -0.9557 -0.2409 0.1689
vn -0.9823 0.1133 0.1490
vn -0.9881 0.1109 0.1068
vn -0.9881 0.1109 0.1067
vn -0.9920 0.1093 0.0635
vn -0.9919 0.1092 0.0642
vn -0.9920 0.1088 0.0638
vn -0.9920 0.1092 0.0641
vn -0.9939 0.1082 0.0214
vn -0.9939 0.1085 0.0215
vn -0.9939 0.1082 0.0213
vn -0.9939 0.1081 0.0213
vn -0.9688 -0.2465 0.0243
vn -0.8486 -0.5284 0.0243
vn 0.3025 -0.0375 -0.9524
vn 0.3451 -0.0194 -0.9384
vn 0.3679 -0.3752 -0.8508
vn 0.4060 -0.3591 -0.8403
vn 0.4060 -0.3593 -0.8403
vn 0.4435 -0.3430 -0.8280
vn 0.4436 -0.3430 -0.8280
vn 0.4806 -0.3273 -0.8136
vn 0.3871 -0.0015 -0.9220
vn 0.3873 -0.0015 -0.9220
vn 0.2669 0.2803 -0.9220
vn 0.0967 0.5734 -0.8135
vn 0.0596 0.5576 -0.8280
vn 0.0597 0.5576 -0.8280
vn -0.0162 0.5253 -0.8508
vn 0.2593 -0.0561 -0.9642
vn -0.8160 -0.5144 0.2635
vn -0.8160 -0.5145 0.2635
vn -0.8160 -0.5144 0.2636
vn -0.8160 -0.5145 0.2636
vn -0.8031 -0.5088 0.3100
vn -0.8031 -0.5089 0.3099
vn -0.8031 -0.5089 0.3100
vn -0.8031 -0.5090 0.3099
vn -0.9362 -0.2326 0.2636
vn -0.9232 -0.2271 0.3099
vn -0.9233 -0.2271 0.3099
vn -0.5909 -0.7837 0.1915
vn -0.5906 -0.7840 0.1911
vn -0.5907 -0.7839 0.1912
vn -0.5811 -0.7799 0.2327
vn -0.5811 -0.7799 0.2326
vn -0.5810 -0.7799 0.2326
vn -0.5697 -0.7750 0.2735
vn -0.5564 -0.7694 0.3138
vn -0.7880 -0.5026 0.3556
vn -0.7880 -0.5025 0.3556
vn -0.9082 -0.2207 0.3556
vn -0.9404 0.1312 0.3138
vn -0.9536 0.1255 0.2735
vn -0.9536 0.1255 0.2736
vn -0.9650 0.1210 0.2325
vn -0.9651 0.1207 0.2326
vn -0.9651 0.1206 0.2326
vn -0.9746 0.1166 0.1912
vn -0.9747 0.1166 0.1909
vn -0.9746 0.1166 0.1910
vn -0.9746 0.1166 0.1911
vn -0.9470 -0.2372 0.2166
vn -0.9470 -0.2372 0.2168
vn -0.9470 -0.2372 0.2167
vn -0.8268 -0.5191 0.2166
vn 0.1712 -0.0934 -0.9808
vn 0.1712 -0.0933 -0.9808
vn 0.0510 0.1883 -0.9808
vn 0.2515 -0.4256 -0.8693
vn 0.2510 -0.4251 -0.8697
vn 0.3293 -0.3917 -0.8592
vn 0.3294 -0.3914 -0.8593
vn -0.0549 0.5088 -0.8592
vn -0.0549 0.5089 -0.8591
vn -0.0550 0.5088 -0.8591
vn -0.0548 0.5087 -0.8592
vn -0.0939 0.4920 -0.8655
vn -0.1335 0.4754 -0.8696
vn 0.0825 -0.1314 -0.9879
vn -0.7518 -0.4871 0.4444
vn -0.7518 -0.4872 0.4443
vn -0.7308 -0.4781 0.4871
vn -0.7308 -0.4782 0.4871
vn -0.7309 -0.4781 0.4871
vn -0.8719 -0.2054 0.4444
vn -0.8720 -0.2053 0.4443
vn -0.8720 -0.2053 0.4445
vn -0.8509 -0.1964 0.4872
vn -0.8510 -0.1964 0.4871
vn -0.8510 -0.1963 0.4872
vn -0.8510 -0.1961 0.4872
vn -0.5413 -0.7630 0.3534
vn -0.5411 -0.7632 0.3532
vn -0.5245 -0.7558 0.3921
vn -0.5245 -0.7557 0.3921
vn -0.5244 -0.7558 0.3921
vn -0.5059 -0.7479 0.4298
vn -0.5059 -0.7479 0.4297
vn -0.4857 -0.7392 0.4666
vn -0.4856 -0.7393 0.4665
vn -0.4857 -0.7392 0.4665
vn -0.7079 -0.4684 0.5286
vn -0.8281 -0.1865 0.5286
vn -0.8697 0.1613 0.4665
vn -0.8699 0.1614 0.4661
vn -0.8696 0.1614 0.4666
vn -0.8899 0.1527 0.4298
vn -0.8899 0.1528 0.4297
vn -0.9085 0.1448 0.3921
vn -0.9253 0.1376 0.3534
vn -0.9253 0.1377 0.3534
vn -0.8911 -0.2134 0.4005
vn -0.7709 -0.4953 0.4004
vn -0.7709 -0.4953 0.4005
vn -0.0511 -0.1883 -0.9808
vn -0.1713 0.0935 -0.9808
vn -0.1714 0.0934 -0.9808
vn -0.1270 0.1123 -0.9855
vn 0.0550 -0.5088 -0.8591
vn 0.0937 -0.4922 -0.8654
vn 0.0938 -0.4922 -0.8654
vn 0.0377 -0.1505 -0.9879
vn -0.2907 0.4087 -0.8651
vn -0.2902 0.4084 -0.8654
vn -0.2902 0.4084 -0.8655
vn -0.3291 0.3917 -0.8592
vn -0.3291 0.3916 -0.8593
vn -0.3291 0.3915 -0.8593
vn -0.2155 0.0747 -0.9737
vn -0.0953 -0.2072 -0.9737
vn -0.6565 -0.4465 0.6080
vn -0.6564 -0.4471 0.6076
vn -0.6283 -0.4344 0.6454
vn -0.6282 -0.4344 0.6454
vn -0.7767 -0.1646 0.6080
vn -0.7485 -0.1525 0.6454
vn -0.7484 -0.1525 0.6454
vn -0.4638 -0.7299 0.5021
vn -0.4403 -0.7199 0.5366
vn -0.4403 -0.7199 0.5365
vn -0.4403 -0.7200 0.5365
vn -0.4154 -0.7093 0.5695
vn -0.3889 -0.6980 0.6012
vn -0.3890 -0.6980 0.6012
vn -0.3889 -0.6980 0.6013
vn -0.3890 -0.6980 0.6013
vn -0.5983 -0.4217 0.6814
vn -0.5983 -0.4217 0.6813
vn -0.7185 -0.1398 0.6813
vn -0.7184 -0.1398 0.6814
vn -0.7185 -0.1398 0.6814
vn -0.7729 0.2029 0.6013
vn -0.7730 0.2025 0.6012
vn -0.7730 0.2026 0.6012
vn -0.7730 0.2026 0.6011
vn -0.7994 0.1914 0.5695
vn -0.7994 0.1913 0.5695
vn -0.8243 0.1807 0.5365
vn -0.8243 0.1808 0.5365
vn -0.8478 0.1707 0.5021
vn -0.8478 0.1706 0.5021
vn -0.8033 -0.1759 0.5690
vn -0.8034 -0.1759 0.5689
vn -0.6831 -0.4578 0.5690
vn -0.1826 -0.2443 -0.9524
vn -0.1824 -0.2445 -0.9523
vn -0.3028 0.0376 -0.9523
vn -0.3026 0.0374 -0.9524
vn -0.3026 0.0375 -0.9524
vn -0.0967 -0.5733 -0.8136
vn -0.0968 -0.5734 -0.8135
vn -0.0966 -0.5733 -0.8137
vn -0.0591 -0.5576 -0.8280
vn -0.2597 0.0565 -0.9640
vn -0.2598 0.0562 -0.9640
vn -0.2598 0.0564 -0.9640
vn -0.2593 0.0559 -0.9642
vn -0.3677 0.3754 -0.8508
vn -0.3678 0.3752 -0.8509
vn -0.3677 0.3753 -0.8508
vn -0.4806 0.3272 -0.8136
vn -0.3874 0.0019 -0.9219
vn -0.5336 -0.3941 0.7483
vn -0.5336 -0.3942 0.7482
vn -0.4992 -0.3794 0.7790
vn -0.6537 -0.1121 0.7484
vn -0.6538 -0.1124 0.7483
vn -0.6538 -0.1122 0.7483
vn -0.6535 -0.1123 0.7485
vn -0.6194 -0.0975 0.7790
vn -0.6195 -0.0974 0.7790
vn -0.3610 -0.6861 0.6316
vn -0.3611 -0.6861 0.6316
vn -0.3319 -0.6737 0.6602
vn -0.3319 -0.6737 0.6603
vn -0.3015 -0.6606 0.6875
vn -0.3015 -0.6607 0.6874
vn -0.2699 -0.6472 0.7129
vn -0.2699 -0.6473 0.7129
vn -0.4634 -0.3641 0.8079
vn -0.5836 -0.0822 0.8079
vn -0.5839 -0.0817 0.8077
vn -0.5835 -0.0822 0.8079
vn -0.6539 0.2534 0.7129
vn -0.6855 0.2399 0.6874
vn -0.6855 0.2398 0.6875
vn -0.7158 0.2269 0.6604
vn -0.7159 0.2269 0.6603
vn -0.7158 0.2268 0.6604
vn -0.7453 0.2146 0.6313
vn -0.7453 0.2145 0.6312
vn -0.7453 0.2146 0.6312
vn -0.7451 0.2145 0.6315
vn -0.6869 -0.1263 0.7157
vn -0.5667 -0.4082 0.7157
vn -0.3879 -0.3321 -0.8598
vn -0.3486 -0.3152 -0.8827
vn -0.2371 -0.6332 -0.7367
vn -0.2371 -0.6332 -0.7368
vn -0.2034 -0.6190 -0.7586
vn -0.2034 -0.6189 -0.7587
vn -0.1687 -0.6040 -0.7789
vn -0.1687 -0.6042 -0.7788
vn -0.1330 -0.5889 -0.7972
vn -0.1333 -0.5889 -0.7971
vn -0.4285 -0.0162 -0.9034
vn -0.5169 0.3115 -0.7974
vn -0.5170 0.3117 -0.7972
vn -0.6211 0.2674 -0.7367
vn -0.6206 0.2673 -0.7371
vn -0.5463 -0.0662 -0.8350
vn -0.4262 -0.3481 -0.8350
vn -0.4262 -0.3484 -0.8349
vn -0.3879 -0.3320 0.8598
vn -0.3486 -0.3151 0.8827
vn -0.3486 -0.3152 0.8827
vn -0.3485 -0.3152 0.8827
vn -0.3484 -0.3151 0.8828
vn -0.5081 -0.0501 0.8598
vn -0.5080 -0.0501 0.8599
vn -0.5081 -0.0501 0.8599
vn -0.5081 -0.0502 0.8598
vn -0.4687 -0.0333 0.8827
vn -0.4680 -0.0329 0.8831
vn -0.4687 -0.0334 0.8827
vn -0.4688 -0.0333 0.8827
vn -0.2371 -0.6332 0.7368
vn -0.2371 -0.6333 0.7367
vn -0.2370 -0.6332 0.7368
vn -0.2035 -0.6188 0.7587
vn -0.2035 -0.6191 0.7585
vn -0.2034 -0.6189 0.7587
vn -0.2033 -0.6189 0.7587
vn -0.1687 -0.6041 0.7789
vn -0.1331 -0.5889 0.7972
vn -0.1331 -0.5888 0.7972
vn -0.1330 -0.5889 0.7972
vn -0.3083 -0.2980 0.9034
vn -0.3083 -0.2981 0.9034
vn -0.4285 -0.0161 0.9034
vn -0.5171 0.3118 0.7971
vn -0.5171 0.3117 0.7972
vn -0.5172 0.3117 0.7971
vn -0.5527 0.2965 0.7789
vn -0.5873 0.2817 0.7588
vn -0.5874 0.2817 0.7587
vn -0.5876 0.2817 0.7585
vn -0.5873 0.2817 0.7587
vn -0.6211 0.2673 0.7367
vn -0.6212 0.2672 0.7367
vn -0.5465 -0.0664 0.8348
vn -0.5464 -0.0665 0.8349
vn -0.5464 -0.0667 0.8349
vn -0.5464 -0.0664 0.8349
vn -0.4261 -0.3483 0.8349
vn -0.4262 -0.3483 0.8349
vn -0.4262 -0.3484 0.8349
vn -0.4994 -0.3793 -0.7789
vn -0.3611 -0.6860 -0.6316
vn -0.3611 -0.6859 -0.6317
vn -0.3611 -0.6862 -0.6315
vn -0.3612 -0.6861 -0.6315
vn -0.2701 -0.6472 -0.7129
vn -0.2699 -0.6472 -0.7130
vn -0.4637 -0.3640 -0.8078
vn -0.4632 -0.3643 -0.8079
vn -0.6539 0.2534 -0.7129
vn -0.6853 0.2401 -0.6876
vn -0.6856 0.2402 -0.6873
vn -0.6854 0.2399 -0.6875
vn -0.6855 0.2399 -0.6875
vn -0.7450 0.2144 -0.6316
vn -0.7451 0.2145 -0.6316
vn -0.7451 0.2143 -0.6316
vn -0.7452 0.2145 -0.6314
vn -0.2250 -0.2621 0.9384
vn -0.2250 -0.2625 0.9383
vn -0.2252 -0.2628 0.9382
vn -0.2250 -0.2626 0.9383
vn -0.1823 -0.2442 0.9524
vn -0.1824 -0.2443 0.9524
vn -0.1823 -0.2444 0.9524
vn -0.3451 0.0194 0.9384
vn -0.3452 0.0192 0.9383
vn -0.3451 0.0193 0.9384
vn -0.3449 0.0197 0.9384
vn -0.3026 0.0376 0.9524
vn -0.3026 0.0373 0.9524
vn -0.0966 -0.5734 0.8136
vn -0.0966 -0.5733 0.8136
vn -0.0967 -0.5734 0.8136
vn -0.0596 -0.5576 0.8280
vn -0.0220 -0.5415 0.8404
vn 0.0162 -0.5253 0.8508
vn 0.0162 -0.5252 0.8508
vn -0.1391 -0.2259 0.9642
vn -0.2593 0.0560 0.9642
vn -0.3678 0.3754 0.8508
vn -0.3679 0.3753 0.8508
vn -0.3677 0.3753 0.8508
vn -0.4060 0.3591 0.8404
vn -0.4436 0.3430 0.8280
vn -0.4806 0.3272 0.8136
vn -0.4807 0.3273 0.8136
vn -0.4807 0.3274 0.8135
vn -0.3871 0.0015 0.9220
vn -0.3870 0.0016 0.9221
vn -0.3872 0.0015 0.9220
vn -0.2670 -0.2804 0.9220
vn -0.6564 -0.4466 -0.6080
vn -0.6282 -0.4344 -0.6455
vn -0.6282 -0.4344 -0.6454
vn -0.7766 -0.1647 -0.6081
vn -0.7486 -0.1528 -0.6451
vn -0.4638 -0.7298 -0.5022
vn -0.4633 -0.7302 -0.5021
vn -0.4403 -0.7200 -0.5365
vn -0.4153 -0.7093 -0.5695
vn -0.3890 -0.6979 -0.6013
vn -0.5982 -0.4217 -0.6814
vn -0.5983 -0.4217 -0.6813
vn -0.7729 0.2024 -0.6014
vn -0.7733 0.2022 -0.6010
vn -0.7994 0.1914 -0.5695
vn -0.7994 0.1913 -0.5696
vn -0.8033 -0.1757 -0.5690
vn -0.8033 -0.1759 -0.5691
vn -0.8033 -0.1760 -0.5691
vn -0.8032 -0.1758 -0.5691
vn -0.6830 -0.4579 -0.5690
vn -0.6831 -0.4579 -0.5690
vn -0.0511 -0.1884 0.9808
vn -0.1713 0.0932 0.9808
vn -0.1713 0.0935 0.9808
vn -0.1269 0.1124 0.9855
vn 0.0937 -0.4922 0.8654
vn 0.1331 -0.4755 0.8696
vn 0.0378 -0.1505 0.9879
vn -0.2117 0.4419 0.8717
vn -0.2901 0.4082 0.8656
vn -0.2900 0.4082 0.8656
vn -0.3287 0.3914 0.8595
vn -0.3290 0.3917 0.8592
vn -0.3290 0.3916 0.8593
vn -0.7518 -0.4872 -0.4443
vn -0.7309 -0.4781 -0.4871
vn -0.7309 -0.4780 -0.4871
vn -0.7308 -0.4782 -0.4871
vn -0.8721 -0.2053 -0.4443
vn -0.8510 -0.1963 -0.4870
vn -0.5412 -0.7630 -0.3534
vn -0.5413 -0.7630 -0.3534
vn -0.5412 -0.7630 -0.3535
vn -0.5245 -0.7558 -0.3920
vn -0.4857 -0.7393 -0.4663
vn -0.4858 -0.7392 -0.4664
vn -0.4857 -0.7393 -0.4665
vn -0.7079 -0.4684 -0.5287
vn -0.9253 0.1376 -0.3533
vn -0.9253 0.1374 -0.3534
vn 0.1270 -0.1124 0.9855
vn 0.1270 -0.1122 0.9855
vn 0.1270 -0.1123 0.9855
vn 0.1713 -0.0935 0.9808
vn 0.0069 0.1695 0.9855
vn 0.0068 0.1695 0.9855
vn 0.0511 0.1884 0.9808
vn 0.0508 0.1884 0.9808
vn 0.2116 -0.4421 0.8717
vn 0.2117 -0.4419 0.8717
vn 0.2510 -0.4251 0.8696
vn 0.2512 -0.4251 0.8696
vn 0.2902 -0.4085 0.8654
vn 0.2902 -0.4084 0.8654
vn 0.2901 -0.4082 0.8656
vn 0.3290 -0.3919 0.8592
vn 0.3289 -0.3918 0.8592
vn 0.3291 -0.3918 0.8592
vn 0.2155 -0.0747 0.9736
vn 0.0953 0.2072 0.9736
vn 0.0954 0.2072 0.9736
vn -0.0550 0.5088 0.8591
vn -0.0549 0.5089 0.8591
vn -0.0549 0.5086 0.8592
vn -0.0549 0.5088 0.8592
vn -0.0938 0.4921 0.8655
vn -0.1330 0.4756 0.8696
vn -0.1330 0.4755 0.8696
vn -0.1723 0.4587 0.8717
vn -0.0377 0.1505 0.9879
vn 0.0824 -0.1314 0.9879
vn -0.9362 -0.2326 -0.2635
vn -0.9233 -0.2270 -0.3099
vn -0.9233 -0.2271 -0.3099
vn -0.5906 -0.7840 -0.1909
vn -0.5906 -0.7840 -0.1910
vn -0.9403 0.1314 -0.3138
vn -0.9537 0.1255 -0.2735
vn -0.9536 0.1255 -0.2735
vn -0.9537 0.1254 -0.2735
vn -0.9650 0.1207 -0.2326
vn -0.9470 -0.2373 -0.2167
vn -0.9469 -0.2373 -0.2167
vn -0.8268 -0.5191 -0.2167
vn -0.8268 -0.5191 -0.2168
vn 0.3026 -0.0376 0.9524
vn 0.3025 -0.0377 0.9524
vn 0.3452 -0.0194 0.9383
vn 0.1824 0.2443 0.9524
vn 0.1823 0.2442 0.9524
vn 0.2250 0.2625 0.9383
vn 0.3678 -0.3753 0.8508
vn 0.4060 -0.3591 0.8404
vn 0.4059 -0.3591 0.8404
vn 0.4436 -0.3429 0.8280
vn 0.4435 -0.3429 0.8281
vn 0.4441 -0.3429 0.8278
vn 0.4436 -0.3430 0.8280
vn 0.4806 -0.3272 0.8136
vn 0.4807 -0.3272 0.8136
vn 0.3872 -0.0015 0.9220
vn 0.3870 -0.0015 0.9221
vn 0.3872 -0.0014 0.9220
vn 0.2670 0.2804 0.9220
vn 0.2671 0.2804 0.9220
vn 0.0967 0.5734 0.8136
vn 0.0967 0.5732 0.8137
vn 0.0598 0.5578 0.8278
vn 0.0600 0.5579 0.8277
vn 0.0597 0.5577 0.8279
vn 0.0596 0.5576 0.8280
vn 0.0219 0.5415 0.8404
vn 0.0220 0.5415 0.8404
vn -0.0162 0.5252 0.8508
vn 0.1391 0.2259 0.9642
vn 0.2593 -0.0560 0.9642
vn -0.8465 -0.5275 -0.0728
vn -0.8465 -0.5275 -0.0727
vn -0.9665 -0.2461 -0.0730
vn -0.9623 -0.2436 -0.1209
vn -0.6079 -0.7914 -0.0641
vn -0.6042 -0.7897 -0.1066
vn -0.6041 -0.7898 -0.1065
vn -0.5985 -0.7873 -0.1484
vn -0.5985 -0.7872 -0.1484
vn -0.8355 -0.5229 -0.1689
vn -0.9881 0.1108 -0.1067
vn -0.9919 0.1092 -0.0642
vn -0.9919 0.1092 -0.0643
vn -0.9939 0.1084 -0.0214
vn -0.9688 -0.2467 -0.0243
vn 0.4689 0.0333 0.8826
vn 0.4694 0.0335 0.8823
vn 0.4688 0.0333 0.8827
vn 0.5082 0.0501 0.8598
vn 0.5081 0.0501 0.8598
vn 0.5082 0.0503 0.8598
vn 0.5085 0.0504 0.8596
vn 0.3486 0.3152 0.8827
vn 0.3879 0.3321 0.8598
vn 0.3878 0.3323 0.8597
vn 0.3880 0.3320 0.8598
vn 0.5171 -0.3117 0.7972
vn 0.5171 -0.3116 0.7972
vn 0.5527 -0.2965 0.7789
vn 0.5873 -0.2817 0.7587
vn 0.6210 -0.2672 0.7369
vn 0.6211 -0.2673 0.7367
vn 0.6210 -0.2673 0.7369
vn 0.6208 -0.2676 0.7369
vn 0.5464 0.0664 0.8349
vn 0.5464 0.0665 0.8349
vn 0.5464 0.0666 0.8349
vn 0.4262 0.3483 0.8349
vn 0.4263 0.3483 0.8349
vn 0.2371 0.6333 0.7367
vn 0.2371 0.6334 0.7366
vn 0.2033 0.6189 0.7587
vn 0.2034 0.6187 0.7588
vn 0.2034 0.6188 0.7588
vn 0.2033 0.6188 0.7588
vn 0.1687 0.6040 0.7789
vn 0.1687 0.6041 0.7789
vn 0.1331 0.5889 0.7972
vn 0.3083 0.2980 0.9034
vn 0.4285 0.0161 0.9034
vn -0.8465 -0.5274 0.0727
vn -0.8465 -0.5274 0.0726
vn -0.9666 -0.2456 0.0730
vn -0.5984 -0.7872 0.1489
vn -0.5984 -0.7873 0.1490
vn -0.5984 -0.7873 0.1489
vn -0.5981 -0.7875 0.1487
vn -0.6041 -0.7897 0.1066
vn -0.6043 -0.7896 0.1067
vn -0.6041 -0.7898 0.1065
vn -0.9939 0.1084 0.0214
vn -0.9919 0.1093 0.0642
vn -0.9881 0.1108 0.1067
vn -0.9823 0.1132 0.1490
vn -0.9823 0.1133 0.1491
vn -0.9823 0.1129 0.1494
vn -0.9558 -0.2408 0.1689
vn 0.6195 0.0975 0.7789
vn 0.6194 0.0975 0.7790
vn 0.6196 0.0976 0.7788
vn 0.6538 0.1122 0.7483
vn 0.4992 0.3794 0.7790
vn 0.5336 0.3941 0.7483
vn 0.6539 -0.2534 0.7129
vn 0.6541 -0.2536 0.7127
vn 0.6855 -0.2399 0.6874
vn 0.7159 -0.2269 0.6603
vn 0.7161 -0.2273 0.6599
vn 0.7450 -0.2145 0.6316
vn 0.6869 0.1263 0.7157
vn 0.5667 0.4082 0.7157
vn 0.3611 0.6861 0.6315
vn 0.3611 0.6861 0.6316
vn 0.3319 0.6737 0.6603
vn 0.3015 0.6607 0.6874
vn 0.3015 0.6608 0.6874
vn 0.3015 0.6608 0.6873
vn 0.2699 0.6472 0.7129
vn 0.2704 0.6467 0.7132
vn 0.4634 0.3638 0.8080
vn 0.4634 0.3641 0.8079
vn 0.5835 0.0822 0.8079
vn 0.5836 0.0822 0.8079
vn -0.8030 -0.5090 0.3099
vn -0.9232 -0.2270 0.3102
vn -0.9230 -0.2272 0.3105
vn -0.9232 -0.2271 0.3100
vn -0.9362 -0.2326 0.2635
vn -0.9362 -0.2326 0.2633
vn -0.5697 -0.7750 0.2736
vn -0.5811 -0.7799 0.2325
vn -0.9746 0.1167 0.1911
vn -0.9651 0.1205 0.2327
vn -0.9536 0.1256 0.2735
vn -0.9538 0.1255 0.2730
vn 0.7484 0.1527 0.6455
vn 0.7484 0.1525 0.6455
vn 0.7484 0.1525 0.6454
vn 0.7767 0.1646 0.6080
vn 0.6283 0.4344 0.6454
vn 0.6283 0.4343 0.6454
vn 0.6282 0.4344 0.6454
vn 0.6563 0.4465 0.6081
vn 0.6565 0.4465 0.6080
vn 0.7730 -0.2026 0.6012
vn 0.7730 -0.2027 0.6012
vn 0.7995 -0.1910 0.5695
vn 0.7995 -0.1911 0.5695
vn 0.7994 -0.1913 0.5695
vn 0.8243 -0.1807 0.5365
vn 0.8478 -0.1707 0.5021
vn 0.8478 -0.1706 0.5021
vn 0.8033 0.1760 0.5689
vn 0.8033 0.1759 0.5690
vn 0.8035 0.1757 0.5688
vn 0.6831 0.4578 0.5690
vn 0.6832 0.4578 0.5690
vn 0.4635 0.7299 0.5024
vn 0.4638 0.7299 0.5021
vn 0.4643 0.7295 0.5022
vn 0.4403 0.7199 0.5365
vn 0.4154 0.7093 0.5694
vn 0.4154 0.7095 0.5693
vn 0.4156 0.7093 0.5693
vn 0.4155 0.7093 0.5695
vn 0.3890 0.6980 0.6012
vn 0.3890 0.6980 0.6013
vn 0.5982 0.4217 0.6815
vn 0.5983 0.4217 0.6814
vn 0.5982 0.4217 0.6814
vn 0.7185 0.1398 0.6814
vn 0.7185 0.1399 0.6814
vn -0.7308 -0.4782 0.4870
vn -0.7518 -0.4872 0.4444
vn -0.8511 -0.1962 0.4870
vn -0.8510 -0.1963 0.4870
vn -0.8511 -0.1963 0.4870
vn -0.8721 -0.2052 0.4443
vn -0.5412 -0.7630 0.3534
vn -0.5411 -0.7631 0.3534
vn -0.8911 -0.2134 0.4006
vn -0.8281 -0.1866 0.5286
vn -0.8282 -0.1865 0.5286
vn -0.7079 -0.4683 0.5287
vn -0.7079 -0.4684 0.5287
vn -0.7079 -0.4682 0.5288
vn 0.1712 -0.0935 0.9808
vn 0.1269 -0.1124 0.9855
vn 0.0511 0.1883 0.9808
vn 0.0511 0.1882 0.9808
vn 0.0512 0.1884 0.9808
vn 0.3290 -0.3922 0.8591
vn 0.3293 -0.3921 0.8590
vn 0.3291 -0.3918 0.8591
vn 0.2901 -0.4084 0.8655
vn 0.2902 -0.4084 0.8655
vn 0.2510 -0.4252 0.8696
vn 0.2117 -0.4420 0.8717
vn 0.0824 -0.1313 0.9879
vn -0.1720 0.4589 0.8717
vn -0.1724 0.4589 0.8716
vn -0.1324 0.4758 0.8695
vn -0.0549 0.5087 0.8592
vn 0.8720 0.2053 0.4443
vn 0.8721 0.2053 0.4443
vn 0.8721 0.2052 0.4443
vn 0.7308 0.4782 0.4870
vn 0.7308 0.4783 0.4870
vn 0.7518 0.4871 0.4443
vn 0.8899 -0.1527 0.4297
vn 0.9085 -0.1447 0.3921
vn 0.9253 -0.1377 0.3534
vn 0.7709 0.4952 0.4005
vn 0.5412 0.7630 0.3534
vn 0.5412 0.7631 0.3534
vn 0.4854 0.7397 0.4660
vn 0.4858 0.7393 0.4662
vn 0.4856 0.7393 0.4665
vn 0.7079 0.4685 0.5286
vn -0.6282 -0.4344 0.6455
vn -0.6282 -0.4345 0.6454
vn -0.6281 -0.4345 0.6456
vn -0.6282 -0.4345 0.6455
vn -0.7486 -0.1524 0.6453
vn -0.7484 -0.1526 0.6455
vn -0.7485 -0.1525 0.6453
vn -0.3891 -0.6980 0.6012
vn -0.3890 -0.6978 0.6015
vn -0.7995 0.1915 0.5693
vn -0.7731 0.2024 0.6011
vn -0.7729 0.2026 0.6013
vn -0.7734 0.2024 0.6008
vn -0.5982 -0.4217 0.6814
vn 0.3451 -0.0194 0.9384
vn 0.3026 -0.0377 0.9524
vn 0.3028 -0.0371 0.9523
vn 0.2251 0.2625 0.9383
vn 0.1824 0.2442 0.9524
vn 0.3677 -0.3754 0.8508
vn 0.1390 0.2261 0.9641
vn 0.1391 0.2260 0.9641
vn 0.1390 0.2265 0.9640
vn -0.0162 0.5253 0.8508
vn 0.2671 0.2805 0.9219
vn 0.2671 0.2805 0.9220
vn 0.3873 -0.0015 0.9219
vn 0.9232 0.2271 0.3100
vn 0.9362 0.2327 0.2636
vn 0.8031 0.5090 0.3098
vn 0.8030 0.5090 0.3099
vn 0.8160 0.5144 0.2636
vn 0.8161 0.5144 0.2636
vn 0.9404 -0.1313 0.3136
vn 0.9470 0.2371 0.2166
vn 0.9470 0.2372 0.2165
vn 0.5811 0.7799 0.2326
vn 0.5812 0.7800 0.2322
vn 0.5698 0.7750 0.2735
vn 0.9082 0.2208 0.3556
vn -0.4992 -0.3795 0.7790
vn -0.4990 -0.3792 0.7793
vn -0.6194 -0.0976 0.7790
vn -0.3015 -0.6607 0.6875
vn -0.3318 -0.6737 0.6603
vn -0.3611 -0.6861 0.6315
vn -0.3612 -0.6861 0.6315
vn -0.7450 0.2145 0.6316
vn -0.6852 0.2396 0.6878
vn -0.6855 0.2395 0.6876
vn -0.6854 0.2399 0.6875
vn -0.6853 0.2402 0.6875
vn 0.5081 0.0500 0.8599
vn 0.5078 0.0502 0.8600
vn 0.3879 0.3320 0.8598
vn 0.5873 -0.2817 0.7588
vn 0.5873 -0.2818 0.7587
vn 0.5171 -0.3117 0.7971
vn 0.3083 0.2978 0.9035
vn 0.9623 0.2434 0.1212
vn 0.9666 0.2456 0.0728
vn 0.8421 0.5256 0.1210
vn 0.8465 0.5275 0.0727
vn 0.9919 -0.1092 0.0643
vn 0.9939 -0.1084 0.0213
vn 0.9688 0.2467 0.0243
vn 0.8486 0.5284 0.0244
vn 0.6043 0.7896 0.1067
vn 0.6041 0.7897 0.1068
vn 0.6042 0.7896 0.1068
vn 0.6042 0.7897 0.1067
vn 0.8355 0.5228 0.1689
vn 0.8356 0.5228 0.1689
vn -0.3486 -0.3153 0.8827
vn -0.4688 -0.0332 0.8827
vn -0.4688 -0.0331 0.8827
vn -0.1332 -0.5884 0.7975
vn -0.1329 -0.5889 0.7972
vn -0.5526 0.2966 0.7789
vn -0.5527 0.2964 0.7789
vn -0.4285 -0.0159 0.9034
vn -0.3084 -0.2980 0.9034
vn 0.6538 0.1121 0.7483
vn 0.7451 -0.2144 0.6316
vn 0.7451 -0.2144 0.6315
vn 0.7451 -0.2143 0.6316
vn 0.5835 0.0823 0.8079
vn 0.9666 0.2457 -0.0727
vn 0.9623 0.2438 -0.1210
vn 0.9623 0.2436 -0.1209
vn 0.8465 0.5275 -0.0727
vn 0.8421 0.5257 -0.1209
vn 0.9919 -0.1093 -0.0642
vn 0.9557 0.2409 -0.1690
vn 0.8355 0.5228 -0.1689
vn 0.5982 0.7874 -0.1489
vn 0.5983 0.7872 -0.1495
vn 0.6041 0.7897 -0.1070
vn 0.6042 0.7897 -0.1068
vn 0.6043 0.7896 -0.1067
vn 0.6080 0.7914 -0.0642
vn 0.8487 0.5283 -0.0243
vn 0.8486 0.5285 -0.0243
vn -0.1824 -0.2444 0.9524
vn -0.1824 -0.2441 0.9524
vn -0.2251 -0.2625 0.9383
vn -0.3026 0.0378 0.9524
vn -0.3452 0.0194 0.9383
vn -0.3452 0.0193 0.9383
vn 0.0163 -0.5252 0.8508
vn 0.0162 -0.5254 0.8507
vn -0.0221 -0.5415 0.8404
vn -0.0590 -0.5576 0.8280
vn -0.4806 0.3271 0.8136
vn -0.4064 0.3595 0.8400
vn -0.4061 0.3593 0.8402
vn -0.4064 0.3594 0.8401
vn -0.4064 0.3593 0.8401
vn -0.3678 0.3750 0.8509
vn -0.3678 0.3753 0.8508
vn -0.2597 0.0565 0.9640
vn -0.2594 0.0561 0.9641
vn -0.2596 0.0564 0.9641
vn 0.7767 0.1647 0.6080
vn 0.6280 0.4343 0.6457
vn 0.6284 0.4343 0.6454
vn 0.6281 0.4345 0.6455
vn 0.8478 -0.1707 0.5022
vn 0.8477 -0.1707 0.5023
vn 0.8477 -0.1708 0.5022
vn 0.8478 -0.1706 0.5022
vn 0.7994 -0.1914 0.5695
vn 0.7732 -0.2026 0.6009
vn 0.7732 -0.2021 0.6011
vn 0.7185 0.1398 0.6813
vn 0.7185 0.1399 0.6813
vn 0.5982 0.4216 0.6815
vn 0.5984 0.4216 0.6813
vn 0.4153 0.7093 0.5696
vn 0.4154 0.7093 0.5695
vn 0.4154 0.7093 0.5696
vn 0.4405 0.7199 0.5363
vn 0.4639 0.7299 0.5021
vn 0.3935 -0.9193 -0.0002
vn 0.3933 -0.9194 -0.0000
vn 0.3934 -0.9194 -0.0002
vn 0.3933 -0.9194 -0.0001
vn 0.3934 -0.9194 -0.0000
vn 0.3934 -0.9194 -0.0001
vn 0.3938 -0.9192 -0.0000
vn 0.3934 -0.9194 0.0001
vn 0.3935 -0.9193 -0.0000
vn 0.3935 -0.9193 0.0001
vn 0.3930 -0.9195 0.0001
vn 0.3931 -0.9195 -0.0000
vn 0.3933 -0.9194 0.0002
vn 0.1217 0.9915 -0.0459
vn 0.1218 0.9915 -0.0461
vn 0.1215 0.9916 -0.0456
vn 0.1213 0.9916 -0.0459
vn 0.4570 0.1954 -0.8677
vn 0.4569 0.1955 -0.8678
vn 0.4570 0.1954 -0.8678
vn 0.0965 0.0413 0.9945
vn 0.0965 0.0414 0.9945
vn 0.0965 0.0412 0.9945
vn -0.7301 -0.3125 0.6077
vn -0.7299 -0.3123 0.6080
vn -0.7301 -0.3121 0.6079
vn 0.2843 0.1217 -0.9510
vn 0.2842 0.1216 -0.9510
vn 0.2843 0.1216 -0.9510
vn 0.2843 0.1216 0.9510
vn 0.2842 0.1216 0.9510
vn -0.6071 -0.2599 0.7509
vn -0.6072 -0.2598 0.7509
vn -0.6068 -0.2598 0.7512
vn -0.6066 -0.2602 0.7512
vn 0.0965 0.0413 -0.9945
vn 0.0964 0.0414 -0.9945
vn 0.0966 0.0413 -0.9945
vn 0.4566 0.1956 0.8679
vn 0.4567 0.1959 0.8678
vn 0.4566 0.1955 0.8679
vn 0.4570 0.1955 0.8677
vn -0.4569 -0.1952 0.8678
vn -0.4570 -0.1955 0.8677
vn -0.4570 -0.1954 0.8678
vn -0.0964 -0.0413 -0.9945
vn 0.6070 0.2595 0.7512
vn -0.2843 -0.1216 0.9510
vn -0.2842 -0.1216 0.9510
vn -0.2842 -0.1216 -0.9510
vn -0.2843 -0.1216 -0.9510
vn -0.2845 -0.1217 -0.9509
vn -0.2849 -0.1220 -0.9508
vn 0.7301 0.3121 0.6079
vn -0.0964 -0.0413 0.9945
vn -0.4569 -0.1952 -0.8678
vn -0.4568 -0.1953 -0.8679
vn -0.4571 -0.1951 -0.8678
vn 0.8227 0.3524 0.4461
vn 0.8229 0.3520 0.4460
vn 0.8228 0.3523 0.4461
vn 0.8227 0.3520 0.4463
vn -0.6072 -0.2598 -0.7509
vn -0.6073 -0.2598 -0.7508
vn 0.8846 0.3785 0.2724
vn -0.7300 -0.3124 -0.6079
vn -0.7299 -0.3123 -0.6081
vn -0.7299 -0.3123 -0.6080
vn 0.9156 0.3916 0.0915
vn 0.9156 0.3915 0.0915
vn 0.9155 0.3917 0.0915
vn -0.8227 -0.3517 -0.4466
vn -0.8227 -0.3522 -0.4462
vn -0.8227 -0.3521 -0.4463
vn 0.9155 0.3918 -0.0915
vn 0.9156 0.3915 -0.0915
vn 0.9155 0.3917 -0.0915
vn -0.8846 -0.3784 -0.2725
vn -0.8847 -0.3783 -0.2724
vn -0.8847 -0.3786 -0.2720
vn -0.8849 -0.3783 -0.2717
vn 0.8846 0.3786 -0.2724
vn 0.8846 0.3785 -0.2724
vn -0.9156 -0.3915 -0.0918
vn -0.9155 -0.3917 -0.0915
vn -0.9156 -0.3915 -0.0919
vn -0.9155 -0.3917 -0.0916
vn 0.8228 0.3523 -0.4461
vn 0.8229 0.3520 -0.4460
vn 0.8228 0.3520 -0.4462
vn 0.8228 0.3520 -0.4463
vn -0.9156 -0.3915 0.0918
vn -0.9155 -0.3918 0.0914
vn -0.9156 -0.3915 0.0919
vn -0.9155 -0.3917 0.0915
vn 0.7301 0.3121 -0.6079
vn -0.8847 -0.3786 0.2721
vn -0.8848 -0.3782 0.2723
vn -0.8847 -0.3786 0.2720
vn -0.8846 -0.3786 0.2723
vn 0.6070 0.2595 -0.7512
vn 0.6072 0.2598 -0.7509
vn -0.8227 -0.3517 0.4466
vn 0.6235 -0.7524 -0.2124
vn 0.6235 -0.7524 -0.2123
vn -0.7842 0.6053 -0.1365
vn -0.7844 0.6050 -0.1368
vn -0.7845 0.6049 -0.1368
vn -0.7845 0.6049 -0.1369
vn 0.1043 0.9851 -0.1368
vn 0.1042 0.9851 -0.1368
vn -0.8010 0.5969 -0.0462
vn -0.8012 0.5966 -0.0461
vn -0.8010 0.5969 -0.0461
vn 0.0695 0.9724 -0.2226
vn -0.8012 0.5966 0.0461
vn -0.8011 0.5967 0.0461
vn 0.0186 0.9535 -0.3007
vn 0.0181 0.9536 -0.3007
vn 0.0187 0.9536 -0.3005
vn 0.0191 0.9536 -0.3006
vn -0.7847 0.6046 0.1368
vn -0.7845 0.6049 0.1368
vn -0.7843 0.6051 0.1369
vn -0.0462 0.9289 -0.3673
vn -0.0459 0.9289 -0.3674
vn -0.0464 0.9290 -0.3673
vn -0.0466 0.9290 -0.3672
vn -0.7513 0.6213 0.2226
vn -0.7512 0.6214 0.2226
vn -0.1221 0.8991 -0.4205
vn -0.1225 0.8990 -0.4205
vn -0.1223 0.8991 -0.4204
vn -0.1224 0.8991 -0.4203
vn -0.2991 0.8270 0.4760
vn -0.2991 0.8269 0.4761
vn -0.2991 0.8270 0.4761
vn -0.7027 0.6450 0.3003
vn -0.7026 0.6450 0.3005
vn -0.7033 0.6444 0.3004
vn -0.7027 0.6449 0.3005
vn -0.2080 0.8647 -0.4572
vn -0.2082 0.8646 -0.4573
vn -0.2076 0.8647 -0.4573
vn -0.2085 0.8647 0.4571
vn -0.2083 0.8646 0.4573
vn -0.2082 0.8646 0.4572
vn -0.2082 0.8647 0.4571
vn -0.6402 0.6746 0.3675
vn -0.6401 0.6747 0.3674
vn -0.6397 0.6749 0.3677
vn -0.6402 0.6747 0.3674
vn -0.2991 0.8270 -0.4760
vn -0.2991 0.8271 -0.4759
vn -0.2991 0.8270 -0.4761
vn -0.2991 0.8269 -0.4762
vn -0.1227 0.8990 0.4204
vn -0.1222 0.8992 0.4201
vn -0.1222 0.8990 0.4205
vn -0.1226 0.8990 0.4205
vn -0.5655 0.7095 0.4204
vn -0.5655 0.7096 0.4204
vn -0.3915 0.7875 -0.4759
vn -0.3915 0.7873 -0.4763
vn -0.3915 0.7876 -0.4758
vn -0.3915 0.7875 -0.4760
vn -0.0463 0.9290 0.3672
vn -0.0464 0.9291 0.3670
vn -0.0463 0.9289 0.3674
vn -0.0462 0.9288 0.3676
vn -0.4814 0.7479 0.4570
vn -0.4816 0.7478 0.4571
vn -0.4817 0.7477 0.4571
vn -0.4816 0.7477 0.4572
vn -0.4814 0.7475 -0.4576
vn -0.4815 0.7477 -0.4573
vn -0.4818 0.7478 -0.4569
vn -0.4817 0.7477 -0.4570
vn 0.0188 0.9536 0.3006
vn 0.0189 0.9536 0.3006
vn 0.0188 0.9536 0.3005
vn 0.0188 0.9536 0.3004
vn -0.3915 0.7875 0.4759
vn -0.3915 0.7875 0.4760
vn -0.3915 0.7876 0.4759
vn -0.5655 0.7095 -0.4204
vn -0.5656 0.7094 -0.4204
vn 0.0696 0.9724 0.2226
vn 0.0695 0.9724 0.2226
vn 0.0698 0.9724 0.2227
vn 0.0697 0.9724 0.2226
vn -0.6401 0.6748 -0.3673
vn -0.6401 0.6747 -0.3675
vn -0.6401 0.6747 -0.3674
vn -0.6401 0.6748 -0.3674
vn 0.1046 0.9851 0.1368
vn 0.1042 0.9851 0.1368
vn -0.7030 0.6444 -0.3007
vn -0.7027 0.6449 -0.3005
vn -0.7029 0.6449 -0.3000
vn -0.7027 0.6449 -0.3004
vn 0.1218 0.9915 0.0460
vn 0.1218 0.9915 0.0461
vn 0.1220 0.9915 0.0456
vn -0.7513 0.6212 -0.2227
vn -0.7513 0.6213 -0.2226
vn -0.7514 0.6212 -0.2227
vn -0.7514 0.6211 -0.2227
vn 0.2844 0.1216 -0.9510
vn 0.0526 -0.9939 0.0970
vn 0.0528 -0.9939 0.0969
vn 0.0529 -0.9939 0.0968
vn 0.5788 -0.7731 -0.2594
vn 0.5787 -0.7732 -0.2593
vn 0.5787 -0.7734 -0.2588
vn 0.0773 -0.9844 0.1577
vn 0.0776 -0.9844 0.1576
vn 0.0776 -0.9845 0.1576
vn 0.5257 -0.7974 -0.2964
vn 0.5257 -0.7975 -0.2961
vn 0.5256 -0.7972 -0.2969
vn 0.4025 -0.8518 0.3353
vn 0.4027 -0.8518 0.3352
vn 0.4027 -0.8518 0.3350
vn 0.4029 -0.8518 0.3348
vn 0.1129 -0.9705 0.2128
vn 0.1131 -0.9706 0.2125
vn 0.1135 -0.9706 0.2124
vn 0.1136 -0.9706 0.2124
vn 0.4666 -0.8238 -0.3220
vn 0.4667 -0.8237 -0.3220
vn 0.4663 -0.8240 -0.3217
vn 0.4664 -0.8240 0.3218
vn 0.4663 -0.8240 0.3217
vn 0.4665 -0.8239 0.3219
vn 0.4663 -0.8241 0.3218
vn 0.1596 -0.9526 0.2591
vn 0.1596 -0.9525 0.2594
vn 0.1597 -0.9525 0.2594
vn 0.1595 -0.9525 0.2593
vn 0.4025 -0.8519 -0.3351
vn 0.4033 -0.8517 -0.3347
vn 0.4027 -0.8518 -0.3350
vn 0.4027 -0.8518 -0.3351
vn 0.5257 -0.7974 0.2963
vn 0.5257 -0.7973 0.2966
vn 0.5257 -0.7974 0.2964
vn 0.2140 -0.9309 0.2961
vn 0.2138 -0.9309 0.2962
vn 0.2141 -0.9309 0.2961
vn 0.3378 -0.8796 -0.3350
vn 0.3379 -0.8796 -0.3348
vn 0.3381 -0.8796 -0.3347
vn 0.3379 -0.8795 -0.3350
vn 0.5785 -0.7735 0.2591
vn 0.5785 -0.7734 0.2591
vn 0.5792 -0.7728 0.2595
vn 0.5789 -0.7731 0.2592
vn 0.2740 -0.9063 0.3218
vn 0.2740 -0.9063 0.3217
vn 0.2741 -0.9063 -0.3217
vn 0.2740 -0.9063 -0.3217
vn 0.2740 -0.9063 -0.3218
vn 0.6235 -0.7524 0.2123
vn 0.6235 -0.7524 0.2125
vn 0.6235 -0.7524 0.2122
vn 0.3382 -0.8796 0.3345
vn 0.3379 -0.8797 0.3346
vn 0.3381 -0.8796 0.3347
vn 0.3380 -0.8796 0.3347
vn 0.2138 -0.9309 -0.2962
vn 0.6585 -0.7359 0.1576
vn 0.6586 -0.7358 0.1576
vn 0.1595 -0.9526 -0.2591
vn 0.1596 -0.9525 -0.2592
vn 0.1595 -0.9525 -0.2594
vn 0.6825 -0.7245 0.0965
vn 0.6824 -0.7245 0.0968
vn 0.6824 -0.7245 0.0969
vn 0.1134 -0.9706 -0.2124
vn 0.1136 -0.9706 -0.2124
vn 0.1136 -0.9705 -0.2125
vn 0.6946 -0.7187 0.0327
vn 0.6946 -0.7186 0.0327
vn 0.6945 -0.7187 0.0327
vn 0.0776 -0.9844 -0.1576
vn 0.0777 -0.9844 -0.1576
vn 0.0775 -0.9845 -0.1576
vn 0.0774 -0.9845 -0.1576
vn 0.6945 -0.7187 -0.0327
vn 0.6946 -0.7187 -0.0327
vn 0.0528 -0.9939 -0.0969
vn 0.6824 -0.7245 -0.0969
vn 0.6824 -0.7246 -0.0969
vn 0.6824 -0.7246 -0.0967
vn 0.6828 -0.7241 -0.0972
vn 0.0399 -0.9987 -0.0327
vn 0.0406 -0.9986 -0.0329
vn 0.0402 -0.9987 -0.0327
vn 0.6585 -0.7359 -0.1576
vn 0.6584 -0.7359 -0.1576
vn 0.0402 -0.9987 0.0327
vn 0.0402 -0.9987 0.0326
vn -0.4814 0.7504 -0.4530
vn -0.4812 0.7505 -0.4530
vn -0.4815 0.7503 -0.4530
vn -0.4818 0.7499 -0.4532
vn -0.6072 -0.2597 0.7509
vn -0.6071 -0.2598 0.7510
vn -0.6073 -0.2597 0.7508
vn -0.6076 -0.2596 0.7506
vn 0.0964 0.0412 -0.9945
vn 0.0963 0.0412 -0.9945
vn 0.0968 0.0414 -0.9944
vn 0.0968 0.0413 -0.9944
vn 0.4565 0.1952 0.8680
vn 0.4569 0.1954 0.8678
vn 0.4566 0.1953 0.8680
vn -0.4565 -0.1952 0.8680
vn -0.4567 -0.1953 0.8679
vn -0.4566 -0.1952 0.8680
vn -0.4567 -0.1951 0.8680
vn -0.0962 -0.0413 -0.9945
vn -0.0960 -0.0413 -0.9945
vn -0.0962 -0.0412 -0.9945
vn 0.6076 0.2596 0.7506
vn 0.6072 0.2598 0.7509
vn 0.6071 0.2598 0.7510
vn -0.2848 -0.1218 0.9508
vn -0.2848 -0.1218 -0.9508
vn 0.7299 0.3121 0.6081
vn 0.7300 0.3123 0.6079
vn 0.7300 0.3121 0.6081
vn 0.7299 0.3119 0.6083
vn -0.0968 -0.0414 0.9944
vn -0.0960 -0.0413 0.9945
vn -0.0961 -0.0413 0.9945
vn -0.0963 -0.0412 0.9945
vn -0.4565 -0.1952 -0.8680
vn -0.4565 -0.1950 -0.8681
vn -0.4566 -0.1953 -0.8680
vn 0.8225 0.3522 0.4465
vn 0.8227 0.3522 0.4463
vn 0.8227 0.3520 0.4465
vn -0.6071 -0.2598 -0.7509
vn 0.8845 0.3788 0.2723
vn 0.8846 0.3785 0.2723
vn 0.8845 0.3787 0.2723
vn 0.8845 0.3791 0.2720
vn -0.7300 -0.3121 -0.6081
vn -0.7300 -0.3123 -0.6079
vn -0.7299 -0.3124 -0.6080
vn -0.8225 -0.3522 -0.4465
vn -0.8226 -0.3525 -0.4462
vn -0.8228 -0.3521 -0.4461
vn -0.8846 -0.3785 -0.2724
vn -0.8845 -0.3787 -0.2723
vn -0.8846 -0.3784 -0.2726
vn 0.8847 0.3785 -0.2722
vn 0.8847 0.3785 -0.2720
vn 0.8845 0.3787 -0.2723
vn 0.8843 0.3790 -0.2726
vn 0.8225 0.3522 -0.4465
vn 0.8225 0.3519 -0.4468
vn 0.8227 0.3521 -0.4463
vn 0.7300 0.3121 -0.6081
vn 0.7298 0.3122 -0.6083
vn 0.7299 0.3121 -0.6081
vn 0.7301 0.3120 -0.6079
vn -0.8847 -0.3783 0.2725
vn -0.8847 -0.3785 0.2720
vn -0.8845 -0.3788 0.2723
vn -0.8846 -0.3785 0.2724
vn 0.6076 0.2596 -0.7506
vn -0.8227 -0.3520 0.4463
vn -0.8228 -0.3520 0.4462
vn -0.8225 -0.3522 0.4465
vn -0.8229 -0.3518 0.4461
vn 0.4565 0.1952 -0.8680
vn 0.4565 0.1950 -0.8681
vn 0.4568 0.1953 -0.8679
vn 0.4566 0.1953 -0.8680
vn 0.0968 0.0414 0.9944
vn -0.7301 -0.3122 0.6078
vn -0.7301 -0.3120 0.6079
vn -0.7302 -0.3123 0.6077
vn -0.0837 -0.9362 -0.3414
vn -0.0843 -0.9362 -0.3413
vn -0.0845 -0.9362 -0.3412
vn 0.0144 0.9545 0.2978
vn 0.0145 0.9545 0.2980
vn 0.0144 0.9546 0.2976
vn 0.0146 0.9545 0.2978
vn -0.3918 0.7898 0.4720
vn -0.3917 0.7898 0.4719
vn -0.5644 0.7127 -0.4165
vn -0.5643 0.7127 -0.4166
vn 0.0648 0.9732 0.2206
vn 0.0644 0.9731 0.2212
vn 0.0645 0.9731 0.2212
vn 0.0648 0.9733 0.2203
vn -0.6383 0.6783 -0.3641
vn -0.6383 0.6783 -0.3639
vn -0.6384 0.6783 -0.3638
vn -0.6384 0.6782 -0.3641
vn 0.0990 0.9858 0.1357
vn 0.0991 0.9858 0.1356
vn 0.0991 0.9858 0.1355
vn -0.7005 0.6486 -0.2978
vn -0.7005 0.6485 -0.2979
vn -0.7004 0.6486 -0.2979
vn -0.7005 0.6486 -0.2977
vn 0.1166 0.9921 0.0459
vn 0.1165 0.9921 0.0459
vn -0.7487 0.6252 -0.2205
vn -0.7486 0.6252 -0.2206
vn -0.7486 0.6252 -0.2207
vn 0.1166 0.9921 -0.0455
vn 0.1165 0.9921 -0.0459
vn 0.1166 0.9921 -0.0459
vn 0.1166 0.9921 -0.0454
vn -0.7815 0.6091 -0.1352
vn -0.7816 0.6089 -0.1355
vn -0.7814 0.6091 -0.1355
vn 0.0989 0.9858 -0.1356
vn 0.0991 0.9858 -0.1353
vn 0.0994 0.9859 -0.1349
vn 0.0991 0.9858 -0.1356
vn -0.7984 0.6004 -0.0456
vn -0.7980 0.6009 -0.0457
vn -0.7981 0.6008 -0.0457
vn 0.0645 0.9731 -0.2212
vn 0.0649 0.9732 -0.2205
vn 0.0648 0.9731 -0.2209
vn 0.0648 0.9732 -0.2207
vn -0.7984 0.6004 0.0456
vn -0.7982 0.6007 0.0457
vn -0.7981 0.6008 0.0457
vn 0.0143 0.9546 -0.2977
vn 0.0146 0.9545 -0.2978
vn 0.0145 0.9546 -0.2977
vn 0.0147 0.9545 -0.2977
vn -0.7814 0.6091 0.1355
vn -0.7814 0.6091 0.1356
vn -0.7814 0.6091 0.1357
vn -0.7815 0.6090 0.1356
vn -0.0497 0.9301 -0.3639
vn -0.0501 0.9301 -0.3638
vn -0.0497 0.9301 -0.3640
vn -0.7486 0.6253 0.2207
vn -0.7486 0.6252 0.2205
vn -0.7484 0.6254 0.2208
vn -0.7486 0.6252 0.2206
vn -0.1259 0.9004 -0.4165
vn -0.1256 0.9004 -0.4165
vn -0.1261 0.9004 -0.4164
vn -0.1257 0.9004 -0.4165
vn -0.3006 0.8290 0.4717
vn -0.3005 0.8290 0.4717
vn -0.3006 0.8290 0.4716
vn -0.3010 0.8287 0.4719
vn -0.7005 0.6486 0.2977
vn -0.7004 0.6486 0.2978
vn -0.7007 0.6484 0.2976
vn -0.7004 0.6487 0.2976
vn -0.2105 0.8663 -0.4530
vn -0.2104 0.8663 -0.4531
vn -0.2104 0.8663 -0.4530
vn -0.2106 0.8663 -0.4530
vn -0.2104 0.8664 0.4529
vn -0.2105 0.8663 0.4529
vn -0.2105 0.8662 0.4531
vn -0.2105 0.8663 0.4530
vn -0.6383 0.6782 0.3642
vn -0.6385 0.6780 0.3642
vn -0.6382 0.6783 0.3641
vn -0.6385 0.6781 0.3640
vn -0.3005 0.8290 -0.4717
vn -0.1261 0.9004 0.4164
vn -0.1258 0.9004 0.4165
vn -0.1259 0.9004 0.4165
vn -0.1257 0.9004 0.4165
vn -0.5643 0.7127 0.4166
vn -0.5641 0.7127 0.4170
vn -0.3918 0.7898 -0.4720
vn -0.3917 0.7898 -0.4720
vn -0.3918 0.7898 -0.4719
vn -0.0497 0.9301 0.3640
vn -0.0501 0.9301 0.3638
vn -0.0497 0.9301 0.3639
vn -0.4815 0.7503 0.4531
vn -0.4812 0.7505 0.4530
vn -0.4815 0.7503 0.4530
vn -0.4810 0.7506 0.4530
vn -0.9156 -0.3916 -0.0915
vn -0.9156 -0.3915 -0.0914
vn 0.8459 -0.5307 0.0523
vn 0.8457 -0.5311 0.0522
vn 0.8457 -0.5310 0.0523
vn 0.8459 -0.5308 0.0523
vn -0.1415 -0.9572 -0.2526
vn -0.1412 -0.9573 -0.2523
vn -0.1415 -0.9571 -0.2527
vn 0.8459 -0.5308 -0.0523
vn 0.8457 -0.5311 -0.0523
vn 0.8458 -0.5310 -0.0523
vn 0.8459 -0.5307 -0.0523
vn -0.1807 -0.9712 -0.1550
vn -0.1799 -0.9713 -0.1553
vn -0.1806 -0.9712 -0.1552
vn -0.1805 -0.9713 -0.1552
vn 0.8272 -0.5401 -0.1551
vn 0.8271 -0.5402 -0.1551
vn -0.2008 -0.9782 -0.0526
vn -0.2008 -0.9782 -0.0527
vn -0.2009 -0.9782 -0.0526
vn 0.7900 -0.5587 -0.2526
vn 0.7900 -0.5586 -0.2527
vn 0.7902 -0.5585 -0.2525
vn -0.2009 -0.9782 0.0526
vn -0.2005 -0.9783 0.0525
vn -0.2008 -0.9782 0.0526
vn -0.2008 -0.9782 0.0525
vn 0.7354 -0.5853 -0.3414
vn 0.7353 -0.5856 -0.3412
vn 0.7354 -0.5853 -0.3413
vn -0.1805 -0.9712 0.1554
vn -0.1806 -0.9712 0.1552
vn -0.1803 -0.9713 0.1551
vn -0.1805 -0.9713 0.1551
vn 0.6646 -0.6191 -0.4184
vn 0.6646 -0.6193 -0.4181
vn 0.6646 -0.6192 -0.4182
vn 0.6647 -0.6193 -0.4179
vn -0.1415 -0.9571 0.2527
vn -0.1415 -0.9572 0.2524
vn -0.1415 -0.9572 0.2526
vn -0.1415 -0.9571 0.2528
vn 0.5800 -0.6594 -0.4784
vn 0.5801 -0.6593 -0.4784
vn 0.5798 -0.6593 -0.4788
vn 0.3823 -0.7481 0.5425
vn 0.3823 -0.7481 0.5423
vn 0.3823 -0.7481 0.5424
vn 0.3822 -0.7481 0.5425
vn -0.0841 -0.9362 0.3413
vn -0.0838 -0.9361 0.3416
vn -0.0844 -0.9362 0.3413
vn -0.0843 -0.9362 0.3413
vn 0.4847 -0.7028 -0.5207
vn 0.4848 -0.7027 -0.5207
vn 0.4848 -0.7028 -0.5207
vn 0.4848 -0.7028 -0.5206
vn 0.4847 -0.7028 0.5207
vn 0.4848 -0.7029 0.5204
vn 0.4848 -0.7028 0.5206
vn 0.4848 -0.7027 0.5207
vn -0.0108 -0.9084 0.4179
vn -0.0106 -0.9084 0.4179
vn -0.0107 -0.9084 0.4179
vn -0.0110 -0.9084 0.4180
vn 0.3823 -0.7480 -0.5425
vn 0.3823 -0.7481 -0.5424
vn 0.5798 -0.6593 0.4788
vn 0.5802 -0.6591 0.4785
vn 0.5800 -0.6593 0.4784
vn 0.5801 -0.6593 0.4784
vn 0.0764 -0.8748 0.4785
vn 0.0762 -0.8748 0.4784
vn 0.0763 -0.8748 0.4784
vn 0.0764 -0.8748 0.4784
vn 0.2770 -0.7931 -0.5424
vn 0.2771 -0.7932 -0.5423
vn 0.2775 -0.7932 -0.5421
vn 0.6646 -0.6196 0.4175
vn 0.6645 -0.6196 0.4178
vn 0.6646 -0.6194 0.4179
vn 0.6646 -0.6195 0.4178
vn 0.1736 -0.8360 0.5206
vn 0.1735 -0.8359 0.5207
vn 0.1737 -0.8360 -0.5206
vn 0.1738 -0.8361 -0.5203
vn 0.1737 -0.8360 -0.5205
vn 0.1738 -0.8361 -0.5204
vn 0.7354 -0.5853 0.3414
vn 0.7352 -0.5856 0.3413
vn 0.7354 -0.5854 0.3414
vn 0.2770 -0.7931 0.5424
vn 0.2771 -0.7932 0.5423
vn 0.2775 -0.7932 0.5421
vn 0.2768 -0.7932 0.5424
vn 0.0762 -0.8748 -0.4785
vn 0.0762 -0.8748 -0.4784
vn 0.0761 -0.8750 -0.4782
vn 0.0762 -0.8747 -0.4786
vn 0.7899 -0.5587 0.2526
vn 0.7899 -0.5587 0.2527
vn 0.7899 -0.5590 0.2523
vn -0.0108 -0.9084 -0.4180
vn -0.0110 -0.9084 -0.4180
vn -0.0107 -0.9084 -0.4179
vn -0.0106 -0.9084 -0.4179
vn 0.8272 -0.5400 0.1551
vn 0.8272 -0.5401 0.1551
vn -0.7937 0.5491 0.2618
vn -0.7937 0.5493 0.2614
vn 0.8226 0.3522 -0.4465
vn 0.8225 0.3523 -0.4465
vn 0.8226 0.3522 -0.4464
vn 0.8226 0.3524 -0.4463
vn -0.9154 -0.3919 0.0915
vn -0.9154 -0.3920 0.0914
vn -0.9156 -0.3916 0.0915
vn -0.9153 -0.3921 0.0918
vn 0.7300 0.3125 -0.6079
vn 0.7299 0.3123 -0.6080
vn 0.7300 0.3124 -0.6079
vn 0.7299 0.3124 -0.6080
vn -0.8846 -0.3786 0.2724
vn -0.8846 -0.3784 0.2724
vn -0.8227 -0.3521 0.4464
vn -0.8226 -0.3522 0.4465
vn -0.8226 -0.3524 0.4463
vn 0.4571 0.1956 -0.8677
vn 0.4569 0.1960 -0.8677
vn 0.4574 0.1958 -0.8675
vn 0.4571 0.1955 -0.8677
vn 0.0964 0.0412 0.9945
vn -0.7300 -0.3124 0.6079
vn -0.7299 -0.3121 0.6081
vn -0.7299 -0.3125 0.6079
vn 0.2843 0.1220 -0.9509
vn 0.2843 0.1220 0.9509
vn -0.6070 -0.2597 0.7511
vn -0.6071 -0.2597 0.7510
vn -0.6070 -0.2596 0.7511
vn -0.6071 -0.2596 0.7510
vn 0.0964 0.0413 -0.9945
vn 0.0963 0.0411 -0.9945
vn 0.4570 0.1956 0.8677
vn 0.4571 0.1956 0.8677
vn 0.4572 0.1953 0.8677
vn -0.4571 -0.1955 0.8677
vn -0.4571 -0.1956 0.8677
vn -0.0966 -0.0414 -0.9945
vn -0.0960 -0.0410 -0.9945
vn 0.6071 0.2597 0.7510
vn -0.2844 -0.1218 0.9509
vn -0.2842 -0.1215 0.9510
vn -0.2844 -0.1218 -0.9509
vn 0.7300 0.3124 0.6079
vn 0.7299 0.3124 0.6080
vn 0.7299 0.3123 0.6081
vn -0.0966 -0.0413 0.9945
vn -0.0961 -0.0411 0.9945
vn -0.4571 -0.1955 -0.8677
vn -0.4572 -0.1955 -0.8676
vn -0.4572 -0.1956 -0.8676
vn -0.4570 -0.1955 -0.8677
vn 0.8226 0.3522 0.4463
vn 0.8229 0.3518 0.4462
vn -0.6072 -0.2599 -0.7509
vn -0.6067 -0.2594 -0.7514
vn -0.6069 -0.2596 -0.7512
vn -0.6074 -0.2599 -0.7507
vn 0.8845 0.3789 0.2722
vn -0.7299 -0.3121 -0.6081
vn -0.7300 -0.3127 -0.6077
vn 0.9156 0.3915 0.0914
vn 0.9156 0.3916 0.0914
vn 0.9153 0.3921 0.0918
vn 0.9157 0.3914 0.0914
vn -0.8226 -0.3521 -0.4464
vn -0.8227 -0.3520 -0.4463
vn -0.8226 -0.3524 -0.4463
vn 0.9155 0.3918 -0.0916
vn 0.9156 0.3917 -0.0915
vn 0.9153 0.3921 -0.0918
vn -0.8847 -0.3784 -0.2724
vn 0.8845 0.3789 -0.2722
vn -0.0600 -0.9912 -0.1180
vn -0.0606 -0.9911 -0.1185
vn -0.0604 -0.9911 -0.1185
vn -0.0605 -0.9911 -0.1182
vn -0.1661 0.9238 -0.3449
vn -0.1662 0.9238 -0.3449
vn -0.2969 0.8454 0.4441
vn -0.2969 0.8454 0.4440
vn -0.2968 0.8454 0.4440
vn -0.7314 0.5872 0.3468
vn -0.7313 0.5873 0.3468
vn -0.7313 0.5873 0.3469
vn -0.2244 0.8884 -0.4004
vn -0.2246 0.8884 -0.4004
vn -0.2244 0.8884 0.4005
vn -0.2244 0.8884 0.4004
vn -0.6536 0.6344 0.4128
vn -0.6536 0.6343 0.4129
vn -0.2972 0.8451 -0.4444
vn -0.2969 0.8454 -0.4440
vn -0.1661 0.9238 0.3449
vn -0.1661 0.9238 0.3450
vn -0.5653 0.6872 0.4562
vn -0.5653 0.6872 0.4563
vn -0.3810 0.7960 -0.4704
vn -0.3809 0.7961 -0.4703
vn -0.1223 0.9514 0.2825
vn -0.1222 0.9514 0.2825
vn -0.4725 0.7423 0.4752
vn -0.4723 0.7422 0.4754
vn -0.4722 0.7424 0.4753
vn -0.4723 0.7422 -0.4755
vn -0.4723 0.7422 -0.4754
vn -0.4728 0.7421 -0.4750
vn -0.0919 0.9717 0.2176
vn -0.0919 0.9717 0.2177
vn -0.0919 0.9716 0.2179
vn -0.3810 0.7961 0.4701
vn -0.3810 0.7960 0.4704
vn -0.5653 0.6872 -0.4563
vn -0.0725 0.9855 0.1533
vn -0.0725 0.9855 0.1534
vn -0.6536 0.6344 -0.4128
vn -0.6535 0.6344 -0.4129
vn -0.0615 0.9940 0.0908
vn -0.7313 0.5873 -0.3467
vn -0.7313 0.5873 -0.3468
vn -0.0566 0.9979 0.0300
vn -0.0565 0.9980 0.0300
vn -0.7937 0.5493 -0.2614
vn -0.7937 0.5491 -0.2618
vn -0.7935 0.5494 -0.2618
vn -0.0566 0.9979 -0.0300
vn -0.0565 0.9980 -0.0300
vn -0.8371 0.5223 -0.1627
vn -0.8371 0.5223 -0.1628
vn -0.8372 0.5222 -0.1628
vn -0.0615 0.9940 -0.0908
vn -0.0614 0.9940 -0.0905
vn -0.8590 0.5089 -0.0556
vn -0.8593 0.5085 -0.0554
vn -0.8590 0.5090 -0.0555
vn -0.8593 0.5085 -0.0552
vn -0.0725 0.9855 -0.1534
vn -0.8595 0.5082 0.0551
vn -0.8595 0.5082 0.0549
vn -0.8594 0.5083 0.0550
vn -0.8593 0.5085 0.0552
vn -0.0918 0.9717 -0.2177
vn -0.0919 0.9717 -0.2177
vn -0.8371 0.5222 0.1628
vn -0.8371 0.5223 0.1628
vn -0.8370 0.5225 0.1628
vn -0.1223 0.9513 -0.2828
vn -0.1223 0.9514 -0.2825
vn -0.9154 -0.2967 0.2721
vn -0.9155 -0.2968 0.2716
vn -0.9155 -0.2968 0.2717
vn -0.9155 -0.2967 0.2717
vn 0.7042 -0.7009 -0.1133
vn 0.7042 -0.7009 -0.1131
vn 0.7043 -0.7008 -0.1135
vn -0.0766 -0.9963 -0.0401
vn -0.0764 -0.9963 -0.0399
vn -0.0763 -0.9963 -0.0400
vn 0.6763 -0.7132 -0.1842
vn 0.6765 -0.7130 -0.1842
vn 0.6767 -0.7128 -0.1841
vn 0.6764 -0.7131 -0.1842
vn -0.0761 -0.9963 0.0400
vn -0.0764 -0.9963 0.0399
vn -0.0764 -0.9963 0.0398
vn 0.6360 -0.7305 -0.2488
vn 0.6359 -0.7305 -0.2491
vn 0.6359 -0.7305 -0.2489
vn 0.6359 -0.7305 -0.2488
vn -0.0600 -0.9912 0.1180
vn -0.0605 -0.9911 0.1182
vn -0.0604 -0.9911 0.1185
vn -0.0606 -0.9911 0.1183
vn 0.5835 -0.7526 -0.3052
vn 0.5834 -0.7524 -0.3059
vn 0.5835 -0.7526 -0.3053
vn 0.5835 -0.7526 -0.3051
vn -0.0293 -0.9810 0.1920
vn 0.5210 -0.7783 -0.3505
vn 0.5208 -0.7786 -0.3501
vn 0.5210 -0.7783 -0.3504
vn 0.5211 -0.7783 -0.3502
vn 0.3735 -0.8370 0.3998
vn 0.3735 -0.8371 0.3997
vn 0.3737 -0.8371 0.3996
vn 0.3733 -0.8371 0.3998
vn 0.0161 -0.9659 0.2584
vn 0.0162 -0.9659 0.2583
vn 0.0161 -0.9659 0.2585
vn 0.0160 -0.9659 0.2584
vn 0.4505 -0.8070 -0.3820
vn 0.4503 -0.8071 -0.3819
vn 0.4504 -0.8070 -0.3820
vn 0.4502 -0.8069 -0.3823
vn 0.4500 -0.8071 0.3822
vn 0.4507 -0.8068 0.3822
vn 0.4499 -0.8072 0.3822
vn 0.0738 -0.9464 0.3145
vn 0.0741 -0.9463 0.3146
vn 0.0737 -0.9463 0.3147
vn 0.0730 -0.9464 0.3148
vn 0.3732 -0.8370 -0.4002
vn 0.3731 -0.8371 -0.4001
vn 0.3734 -0.8370 -0.4000
vn 0.3740 -0.8371 -0.3993
vn 0.5207 -0.7786 0.3503
vn 0.5212 -0.7781 0.3505
vn 0.5210 -0.7783 0.3504
vn 0.5208 -0.7785 0.3504
vn 0.1413 -0.9230 0.3579
vn 0.1414 -0.9230 0.3578
vn 0.1412 -0.9229 0.3582
vn 0.2942 -0.8672 -0.4017
vn 0.2943 -0.8672 -0.4016
vn 0.2943 -0.8672 -0.4017
vn 0.2942 -0.8673 -0.4015
vn 0.5834 -0.7525 0.3056
vn 0.5835 -0.7525 0.3053
vn 0.5834 -0.7526 0.3055
vn 0.5832 -0.7526 0.3057
vn 0.2157 -0.8963 0.3875
vn 0.2158 -0.8962 0.3875
vn 0.2156 -0.8964 0.3874
vn 0.2158 -0.8963 0.3875
vn 0.2158 -0.8962 -0.3876
vn 0.2157 -0.8962 -0.3876
vn 0.2156 -0.8963 -0.3876
vn 0.2158 -0.8963 -0.3875
vn 0.6362 -0.7304 0.2486
vn 0.6359 -0.7305 0.2491
vn 0.6359 -0.7307 0.2486
vn 0.2939 -0.8673 0.4017
vn 0.2943 -0.8672 0.4016
vn 0.2942 -0.8674 0.4014
vn 0.1411 -0.9229 -0.3583
vn 0.1407 -0.9228 -0.3587
vn 0.1411 -0.9229 -0.3582
vn 0.6767 -0.7128 0.1841
vn 0.6765 -0.7130 0.1842
vn 0.6763 -0.7132 0.1842
vn 0.0735 -0.9463 -0.3147
vn 0.0733 -0.9464 -0.3146
vn 0.0737 -0.9463 -0.3147
vn 0.0738 -0.9464 -0.3145
vn 0.7042 -0.7009 0.1132
vn 0.7042 -0.7010 0.1131
vn 0.0163 -0.9658 -0.2589
vn 0.0157 -0.9658 -0.2589
vn 0.0161 -0.9659 -0.2585
vn 0.0160 -0.9659 -0.2583
vn 0.7181 -0.6949 0.0381
vn 0.7184 -0.6946 0.0377
vn 0.7182 -0.6948 0.0381
vn -0.0293 -0.9810 -0.1920
vn -0.0294 -0.9810 -0.1920
vn 0.7182 -0.6948 -0.0380
vn 0.7181 -0.6949 -0.0381
vn 0.7185 -0.6945 -0.0378
vn -0.6440 0.6295 0.4347
vn -0.6444 0.6291 0.4347
vn -0.6441 0.6295 0.4347
vn 0.6292 0.2038 -0.7500
vn 0.6292 0.2037 -0.7501
vn 0.6293 0.2039 -0.7500
vn -0.8518 -0.2761 0.4451
vn -0.8518 -0.2760 0.4453
vn -0.8515 -0.2764 0.4456
vn 0.4738 0.1537 -0.8671
vn 0.4738 0.1536 -0.8671
vn 0.1003 0.0325 0.9944
vn 0.1003 0.0326 0.9944
vn 0.1004 0.0325 0.9944
vn -0.7559 -0.2451 0.6071
vn -0.7561 -0.2452 0.6068
vn -0.7559 -0.2450 0.6071
vn -0.7560 -0.2450 0.6070
vn 0.2953 0.0959 -0.9506
vn 0.2949 0.0957 -0.9507
vn 0.2953 0.0959 0.9506
vn 0.2947 0.0956 0.9508
vn 0.2953 0.0960 0.9506
vn -0.6292 -0.2040 0.7500
vn -0.6292 -0.2039 0.7500
vn 0.1003 0.0325 -0.9944
vn 0.1003 0.0326 -0.9944
vn 0.1004 0.0325 -0.9944
vn 0.4738 0.1537 0.8671
vn 0.4739 0.1537 0.8671
vn -0.4738 -0.1537 0.8671
vn -0.4738 -0.1536 0.8671
vn -0.4739 -0.1536 0.8671
vn -0.1003 -0.0325 -0.9944
vn -0.1003 -0.0326 -0.9944
vn -0.1004 -0.0325 -0.9944
vn 0.6293 0.2039 0.7499
vn 0.6292 0.2039 0.7500
vn -0.2951 -0.0957 0.9506
vn -0.2951 -0.0955 0.9507
vn -0.2951 -0.0957 0.9507
vn -0.2952 -0.0958 0.9506
vn -0.2951 -0.0957 -0.9507
vn -0.2951 -0.0955 -0.9507
vn -0.2951 -0.0957 -0.9506
vn -0.2947 -0.0956 -0.9508
vn 0.7561 0.2456 0.6067
vn 0.7560 0.2454 0.6068
vn 0.7561 0.2455 0.6067
vn -0.1003 -0.0325 0.9944
vn -0.1004 -0.0325 0.9944
vn -0.1003 -0.0326 0.9944
vn -0.4738 -0.1532 -0.8672
vn -0.4737 -0.1536 -0.8672
vn -0.4738 -0.1537 -0.8671
vn -0.4739 -0.1536 -0.8671
vn 0.8517 0.2758 0.4455
vn 0.8518 0.2762 0.4452
vn 0.8518 0.2759 0.4454
vn 0.8518 0.2757 0.4455
vn -0.6292 -0.2041 -0.7500
vn -0.6291 -0.2040 -0.7500
vn -0.6293 -0.2037 -0.7500
vn 0.9154 0.2967 0.2721
vn 0.9155 0.2968 0.2717
vn 0.9155 0.2967 0.2718
vn -0.7559 -0.2450 -0.6071
vn -0.7560 -0.2450 -0.6070
vn -0.7562 -0.2451 -0.6067
vn -0.7560 -0.2452 -0.6069
vn 0.9473 0.3072 0.0913
vn 0.9473 0.3071 0.0913
vn 0.9473 0.3072 0.0914
vn -0.8518 -0.2761 -0.4451
vn -0.8519 -0.2760 -0.4450
vn -0.8516 -0.2762 -0.4454
vn 0.9471 0.3077 -0.0913
vn 0.9471 0.3075 -0.0915
vn 0.9472 0.3072 -0.0913
vn -0.9154 -0.2967 -0.2721
vn -0.9158 -0.2960 -0.2713
vn -0.9155 -0.2967 -0.2717
vn 0.9154 0.2967 -0.2721
vn 0.9153 0.2968 -0.2721
vn 0.9156 0.2964 -0.2717
vn -0.9475 -0.3065 -0.0913
vn -0.9474 -0.3067 -0.0911
vn -0.9475 -0.3063 -0.0915
vn 0.8518 0.2758 -0.4455
vn 0.8518 0.2757 -0.4455
vn 0.8517 0.2758 -0.4455
vn 0.8518 0.2762 -0.4452
vn -0.9475 -0.3065 0.0913
vn -0.9474 -0.3067 0.0911
vn -0.9474 -0.3068 0.0913
vn -0.9475 -0.3066 0.0914
vn 0.7560 0.2450 -0.6070
vn 0.7562 0.2455 -0.6065
vn 0.7560 0.2452 -0.6069
vn 0.7559 0.2457 -0.6068
vn 0.2535 -0.8596 0.4437
vn 0.2537 -0.8596 0.4435
vn 0.2536 -0.8596 0.4436
vn -0.2574 0.8352 -0.4860
vn -0.2574 0.8353 -0.4859
vn -0.2574 0.8352 -0.4859
vn -0.1073 0.9170 0.3842
vn -0.5512 0.6793 0.4845
vn -0.5511 0.6792 0.4847
vn -0.5509 0.6792 0.4849
vn -0.3512 0.7854 -0.5097
vn -0.3511 0.7854 -0.5098
vn -0.0554 0.9468 0.3171
vn -0.4512 0.7323 0.5101
vn -0.4512 0.7324 0.5099
vn -0.4511 0.7323 0.5101
vn -0.4512 0.7324 -0.5099
vn -0.4512 0.7323 -0.5100
vn -0.0186 0.9691 0.2461
vn -0.0186 0.9691 0.2459
vn -0.3512 0.7854 0.5097
vn -0.5512 0.6788 -0.4853
vn -0.5511 0.6792 -0.4847
vn -0.5511 0.6791 -0.4849
vn 0.0055 0.9847 0.1741
vn -0.6442 0.6290 -0.4350
vn -0.6444 0.6291 -0.4347
vn -0.6445 0.6292 -0.4345
vn 0.0195 0.9944 0.1035
vn -0.7254 0.5852 -0.3624
vn -0.7254 0.5853 -0.3624
vn 0.0257 0.9991 0.0343
vn 0.0258 0.9991 0.0343
vn 0.0260 0.9991 0.0341
vn -0.7897 0.5499 -0.2721
vn -0.7895 0.5501 -0.2721
vn -0.7899 0.5496 -0.2720
vn 0.0258 0.9991 -0.0343
vn 0.0260 0.9991 -0.0343
vn 0.0262 0.9991 -0.0342
vn -0.8339 0.5255 -0.1688
vn -0.8338 0.5257 -0.1685
vn -0.8338 0.5257 -0.1684
vn 0.0195 0.9944 -0.1035
vn -0.8564 0.5131 -0.0570
vn -0.8564 0.5132 -0.0571
vn -0.8566 0.5129 -0.0568
vn 0.0055 0.9847 -0.1741
vn -0.8565 0.5130 0.0568
vn -0.8564 0.5132 0.0571
vn -0.8564 0.5131 0.0570
vn -0.0186 0.9691 -0.2461
vn -0.0186 0.9691 -0.2459
vn -0.8338 0.5257 0.1688
vn -0.8338 0.5257 0.1685
vn -0.0554 0.9468 -0.3171
vn -0.7897 0.5499 0.2720
vn -0.7895 0.5501 0.2721
vn -0.7898 0.5498 0.2719
vn -0.1073 0.9171 -0.3840
vn -0.1073 0.9170 -0.3842
vn -0.2576 0.8353 0.4857
vn -0.2574 0.8353 0.4859
vn -0.2575 0.8352 0.4860
vn -0.7252 0.5853 0.3626
vn -0.7254 0.5852 0.3624
vn -0.7253 0.5852 0.3625
vn -0.1749 0.8796 -0.4423
vn -0.1749 0.8796 0.4423
vn -0.1749 0.8797 0.4423
vn -0.8767 -0.1903 -0.4418
vn -0.8766 -0.1903 -0.4420
vn -0.8765 -0.1903 -0.4422
vn -0.8769 -0.1898 -0.4416
vn 0.0785 -0.9133 -0.3996
vn 0.0785 -0.9133 -0.3997
vn 0.6730 -0.7129 0.1973
vn 0.6729 -0.7129 0.1974
vn 0.6729 -0.7129 0.1973
vn 0.6730 -0.7128 0.1973
vn 0.0003 -0.9359 -0.3524
vn 0.0003 -0.9358 -0.3525
vn -0.0001 -0.9358 -0.3525
vn -0.0003 -0.9358 -0.3525
vn 0.7019 -0.7019 0.1214
vn 0.7020 -0.7019 0.1209
vn 0.7024 -0.7014 0.1211
vn 0.7021 -0.7018 0.1208
vn -0.0671 -0.9545 -0.2905
vn -0.0668 -0.9547 -0.2900
vn -0.0672 -0.9545 -0.2905
vn 0.7168 -0.6961 0.0404
vn 0.7169 -0.6960 0.0408
vn 0.7169 -0.6960 0.0407
vn 0.7166 -0.6963 0.0407
vn -0.1202 -0.9688 -0.2166
vn -0.1203 -0.9688 -0.2165
vn 0.7167 -0.6962 -0.0405
vn 0.7169 -0.6960 -0.0407
vn 0.7169 -0.6960 -0.0408
vn -0.1571 -0.9785 -0.1337
vn -0.1572 -0.9785 -0.1337
vn -0.1571 -0.9785 -0.1336
vn 0.7022 -0.7017 -0.1208
vn 0.7021 -0.7017 -0.1208
vn -0.1758 -0.9834 -0.0451
vn -0.1758 -0.9834 -0.0452
vn -0.1761 -0.9833 -0.0449
vn 0.6733 -0.7125 -0.1973
vn 0.6729 -0.7130 -0.1972
vn 0.6730 -0.7128 -0.1973
vn 0.6729 -0.7129 -0.1973
vn -0.1758 -0.9834 0.0449
vn -0.1755 -0.9835 0.0447
vn -0.1761 -0.9833 0.0451
vn -0.1760 -0.9834 0.0451
vn 0.6293 -0.7295 -0.2681
vn 0.6296 -0.7293 -0.2678
vn 0.6293 -0.7296 -0.2677
vn 0.6292 -0.7299 -0.2671
vn -0.1574 -0.9785 0.1330
vn -0.1571 -0.9785 0.1335
vn -0.1570 -0.9785 0.1335
vn -0.1571 -0.9785 0.1339
vn 0.5739 -0.7498 -0.3292
vn 0.5733 -0.7502 -0.3295
vn 0.5734 -0.7502 -0.3293
vn 0.5733 -0.7502 -0.3294
vn -0.1204 -0.9688 0.2165
vn -0.1202 -0.9686 0.2174
vn -0.1198 -0.9688 0.2168
vn -0.1196 -0.9689 0.2165
vn 0.5051 -0.7749 -0.3801
vn 0.5053 -0.7748 -0.3800
vn 0.5049 -0.7747 -0.3805
vn 0.3426 -0.8306 0.4390
vn 0.3425 -0.8307 0.4389
vn 0.3428 -0.8305 0.4390
vn -0.0667 -0.9547 0.2900
vn -0.0669 -0.9546 0.2903
vn -0.0671 -0.9545 0.2905
vn 0.4273 -0.8021 -0.4171
vn 0.4274 -0.8021 -0.4171
vn 0.4273 -0.8021 -0.4172
vn 0.4272 -0.8021 -0.4172
vn 0.4272 -0.8022 0.4172
vn 0.4274 -0.8021 0.4172
vn 0.4272 -0.8022 0.4171
vn 0.4277 -0.8018 0.4174
vn 0.0001 -0.9358 0.3526
vn -0.0000 -0.9356 0.3531
vn 0.0001 -0.9359 0.3522
vn 0.0002 -0.9358 0.3525
vn 0.3425 -0.8307 -0.4389
vn 0.3427 -0.8306 -0.4390
vn 0.5051 -0.7749 0.3801
vn 0.5050 -0.7749 0.3801
vn 0.5052 -0.7747 0.3804
vn 0.5052 -0.7748 0.3800
vn 0.0785 -0.9133 0.3997
vn 0.0785 -0.9132 0.3998
vn 0.2535 -0.8595 -0.4438
vn 0.2536 -0.8596 -0.4436
vn 0.2535 -0.8596 -0.4437
vn 0.5733 -0.7502 0.3294
vn 0.5734 -0.7502 0.3294
vn 0.1643 -0.8875 0.4305
vn 0.1643 -0.8875 0.4304
vn 0.1642 -0.8876 0.4304
vn 0.1643 -0.8875 -0.4305
vn 0.1641 -0.8875 -0.4307
vn 0.1640 -0.8874 -0.4309
vn 0.6294 -0.7294 0.2679
vn 0.6300 -0.7290 0.2679
vn 0.6294 -0.7295 0.2678
vn 0.6294 -0.7295 0.2677
vn -0.7811 0.6224 0.0499
vn -0.7813 0.6222 0.0496
vn 0.9732 0.2115 -0.0904
vn 0.9732 0.2112 -0.0905
vn 0.9732 0.2113 -0.0904
vn -0.9410 -0.2050 -0.2694
vn -0.9411 -0.2045 -0.2693
vn -0.9411 -0.2046 -0.2693
vn 0.9409 0.2045 -0.2701
vn 0.9411 0.2045 -0.2693
vn 0.9410 0.2044 -0.2697
vn 0.9410 0.2044 -0.2696
vn -0.9732 -0.2115 -0.0904
vn -0.9731 -0.2120 -0.0899
vn -0.9732 -0.2114 -0.0905
vn 0.8765 0.1904 -0.4422
vn 0.8767 0.1901 -0.4418
vn -0.9732 -0.2115 0.0904
vn -0.9732 -0.2114 0.0903
vn -0.9732 -0.2113 0.0905
vn 0.7793 0.1691 -0.6034
vn 0.7795 0.1687 -0.6032
vn 0.7796 0.1689 -0.6031
vn 0.7793 0.1692 -0.6034
vn -0.9410 -0.2046 0.2694
vn -0.9411 -0.2046 0.2694
vn 0.6497 0.1407 -0.7470
vn 0.6498 0.1407 -0.7470
vn 0.6496 0.1408 -0.7471
vn -0.8767 -0.1902 0.4418
vn -0.8766 -0.1902 0.4420
vn -0.8765 -0.1904 0.4422
vn -0.8769 -0.1898 0.4416
vn 0.4899 0.1064 -0.8653
vn 0.4901 0.1064 -0.8652
vn 0.4897 0.1064 -0.8654
vn 0.4899 0.1060 -0.8653
vn 0.1035 0.0225 0.9944
vn 0.1040 0.0225 0.9943
vn 0.1039 0.0225 0.9943
vn 0.1038 0.0225 0.9943
vn -0.7797 -0.1688 0.6030
vn -0.7793 -0.1692 0.6034
vn -0.7794 -0.1691 0.6033
vn 0.3056 0.0665 -0.9498
vn 0.3055 0.0663 -0.9499
vn 0.3055 0.0664 -0.9499
vn 0.3054 0.0663 -0.9499
vn 0.3055 0.0664 0.9499
vn 0.3053 0.0662 0.9499
vn 0.3058 0.0666 0.9498
vn -0.6497 -0.1411 0.7470
vn -0.6497 -0.1406 0.7471
vn 0.1032 0.0224 -0.9944
vn 0.1033 0.0224 -0.9944
vn 0.1037 0.0224 -0.9944
vn 0.1040 0.0225 -0.9943
vn 0.4897 0.1064 0.8654
vn 0.4901 0.1064 0.8651
vn 0.4900 0.1064 0.8652
vn 0.4902 0.1064 0.8651
vn -0.4899 -0.1061 0.8653
vn -0.4902 -0.1065 0.8651
vn -0.4898 -0.1062 0.8653
vn -0.1038 -0.0225 -0.9943
vn 0.6497 0.1407 0.7470
vn 0.6497 0.1411 0.7470
vn 0.6498 0.1408 0.7470
vn -0.3059 -0.0663 0.9497
vn -0.3059 -0.0663 -0.9497
vn 0.7793 0.1692 0.6034
vn 0.7794 0.1691 0.6033
vn -0.1037 -0.0225 0.9944
vn -0.1039 -0.0225 0.9943
vn -0.1038 -0.0225 0.9943
vn -0.4899 -0.1061 -0.8653
vn -0.4900 -0.1061 -0.8652
vn -0.4898 -0.1062 -0.8653
vn 0.8765 0.1904 0.4422
vn 0.8767 0.1902 0.4418
vn 0.8766 0.1903 0.4420
vn -0.6497 -0.1406 -0.7471
vn 0.9410 0.2045 0.2695
vn 0.9411 0.2044 0.2695
vn 0.9409 0.2050 0.2696
vn -0.7793 -0.1692 -0.6034
vn -0.7794 -0.1691 -0.6033
vn -0.7795 -0.1690 -0.6032
vn 0.9733 0.2110 0.0903
vn 0.9732 0.2111 0.0906
vn 0.9732 0.2115 0.0904
vn 0.9732 0.2116 0.0901
vn 0.2966 -0.7854 0.5434
vn 0.2966 -0.7854 0.5433
vn 0.2965 -0.7853 0.5434
vn -0.1223 0.9819 -0.1448
vn -0.7598 0.6332 0.1471
vn -0.7599 0.6332 0.1471
vn -0.1313 0.9707 -0.2011
vn -0.1316 0.9707 -0.2011
vn -0.1316 0.9707 -0.2010
vn -0.7182 0.6544 0.2365
vn -0.7182 0.6545 0.2363
vn -0.1544 0.9528 -0.2613
vn -0.1546 0.9528 -0.2612
vn -0.1546 0.9528 -0.2613
vn -0.2527 0.8942 0.3696
vn -0.2525 0.8943 0.3694
vn -0.6582 0.6850 0.3123
vn -0.6582 0.6850 0.3122
vn -0.1944 0.9273 -0.3199
vn -0.1947 0.9273 -0.3197
vn -0.1946 0.9273 -0.3197
vn -0.1947 0.9273 0.3197
vn -0.5833 0.7230 0.3702
vn -0.2527 0.8942 -0.3696
vn -0.2529 0.8941 -0.3697
vn -0.1546 0.9529 0.2611
vn -0.1546 0.9528 0.2612
vn -0.1548 0.9529 0.2608
vn -0.4987 0.7657 0.4061
vn -0.4986 0.7660 0.4058
vn -0.3263 0.8546 -0.4039
vn -0.3263 0.8546 -0.4040
vn -0.1317 0.9707 0.2011
vn -0.1316 0.9707 0.2011
vn -0.1313 0.9707 0.2011
vn -0.4106 0.8109 0.4170
vn -0.4106 0.8109 0.4169
vn -0.4107 0.8110 -0.4167
vn -0.4106 0.8109 -0.4170
vn -0.1223 0.9819 0.1448
vn -0.1223 0.9819 0.1447
vn -0.3263 0.8546 0.4039
vn -0.3264 0.8546 0.4039
vn -0.4986 0.7660 -0.4058
vn -0.4986 0.7660 -0.4057
vn -0.1217 0.9880 0.0954
vn -0.1217 0.9880 0.0955
vn -0.1215 0.9880 0.0955
vn -0.5833 0.7230 -0.3702
vn -0.1248 0.9907 0.0537
vn -0.1248 0.9907 0.0536
vn -0.1247 0.9907 0.0536
vn -0.6582 0.6850 -0.3123
vn -0.1275 0.9917 0.0170
vn -0.1275 0.9917 0.0172
vn -0.7182 0.6545 -0.2364
vn -0.7182 0.6545 -0.2363
vn -0.7180 0.6547 -0.2363
vn -0.1275 0.9917 -0.0172
vn -0.1275 0.9917 -0.0174
vn -0.7599 0.6332 -0.1471
vn -0.7597 0.6333 -0.1477
vn -0.7598 0.6332 -0.1471
vn -0.1248 0.9907 -0.0539
vn -0.1248 0.9907 -0.0536
vn -0.7812 0.6223 -0.0496
vn -0.7812 0.6223 -0.0499
vn -0.7814 0.6221 -0.0499
vn -0.7811 0.6224 -0.0499
vn -0.1217 0.9880 -0.0955
vn 0.6708 0.0548 0.7396
vn 0.6707 0.0548 0.7397
vn 0.6709 0.0548 0.7395
vn -0.2473 -0.8939 0.3737
vn -0.2473 -0.8939 0.3739
vn -0.2473 -0.8939 0.3738
vn 0.4032 -0.7592 -0.5110
vn 0.4036 -0.7590 -0.5110
vn 0.4034 -0.7590 -0.5110
vn 0.4035 -0.7589 -0.5111
vn 0.4035 -0.7589 0.5111
vn 0.4034 -0.7589 0.5111
vn 0.4031 -0.7592 0.5110
vn 0.4034 -0.7591 0.5110
vn -0.1555 -0.8787 0.4514
vn -0.1552 -0.8787 0.4514
vn -0.1556 -0.8787 0.4514
vn 0.2966 -0.7854 -0.5434
vn 0.2966 -0.7854 -0.5433
vn 0.2965 -0.7853 -0.5434
vn 0.4996 -0.7337 0.4606
vn 0.4993 -0.7338 0.4607
vn 0.4999 -0.7334 0.4606
vn 0.4997 -0.7337 0.4605
vn -0.0499 -0.8595 0.5087
vn -0.0500 -0.8595 0.5087
vn -0.0498 -0.8595 0.5087
vn 0.1822 -0.8118 -0.5547
vn 0.1821 -0.8118 -0.5547
vn 0.1824 -0.8120 -0.5545
vn 0.5812 -0.7112 0.3954
vn 0.5812 -0.7112 0.3956
vn 0.5812 -0.7111 0.3956
vn 0.5813 -0.7111 0.3955
vn 0.0643 -0.8369 0.5436
vn 0.0646 -0.8370 0.5434
vn 0.0644 -0.8369 0.5436
vn 0.0647 -0.8369 0.5435
vn 0.0643 -0.8369 -0.5436
vn 0.0648 -0.8369 -0.5435
vn 0.0647 -0.8369 -0.5435
vn 0.6477 -0.6920 0.3187
vn 0.6475 -0.6923 0.3185
vn 0.1820 -0.8118 0.5548
vn 0.1821 -0.8119 0.5547
vn -0.0500 -0.8595 -0.5087
vn -0.0500 -0.8596 -0.5086
vn -0.0499 -0.8596 -0.5086
vn -0.0499 -0.8595 -0.5087
vn 0.6977 -0.6773 0.2333
vn 0.6979 -0.6771 0.2334
vn 0.6976 -0.6774 0.2333
vn 0.6978 -0.6772 0.2334
vn -0.1552 -0.8787 -0.4515
vn -0.1555 -0.8787 -0.4514
vn -0.1553 -0.8787 -0.4514
vn 0.7318 -0.6666 0.1419
vn 0.7315 -0.6669 0.1422
vn 0.7316 -0.6667 0.1421
vn 0.7316 -0.6668 0.1422
vn -0.2473 -0.8939 -0.3738
vn -0.2474 -0.8939 -0.3737
vn -0.2477 -0.8942 -0.3730
vn 0.7482 -0.6617 0.0481
vn 0.7482 -0.6617 0.0479
vn 0.7482 -0.6617 0.0477
vn 0.7482 -0.6618 0.0484
vn -0.3201 -0.9052 -0.2796
vn -0.3202 -0.9052 -0.2794
vn -0.3199 -0.9052 -0.2797
vn 0.7482 -0.6617 -0.0484
vn 0.7482 -0.6617 -0.0485
vn 0.7482 -0.6618 -0.0484
vn -0.3707 -0.9126 -0.1727
vn -0.3707 -0.9126 -0.1726
vn -0.3706 -0.9126 -0.1725
vn -0.3705 -0.9127 -0.1726
vn 0.7314 -0.6669 -0.1421
vn 0.7315 -0.6668 -0.1422
vn 0.7314 -0.6669 -0.1422
vn 0.7316 -0.6668 -0.1419
vn -0.3964 -0.9162 -0.0583
vn -0.3965 -0.9162 -0.0582
vn -0.3958 -0.9165 -0.0582
vn -0.3960 -0.9164 -0.0584
vn 0.6978 -0.6772 -0.2334
vn 0.6980 -0.6770 -0.2334
vn 0.6977 -0.6773 -0.2333
vn -0.3964 -0.9162 0.0585
vn -0.3963 -0.9162 0.0584
vn 0.6478 -0.6920 -0.3187
vn 0.6478 -0.6920 -0.3185
vn 0.6474 -0.6925 -0.3182
vn 0.6477 -0.6920 -0.3187
vn -0.3707 -0.9126 0.1726
vn -0.3705 -0.9127 0.1726
vn -0.3707 -0.9126 0.1725
vn -0.3708 -0.9125 0.1724
vn 0.5813 -0.7112 -0.3954
vn 0.5813 -0.7111 -0.3954
vn -0.3200 -0.9052 0.2797
vn -0.3201 -0.9052 0.2795
vn -0.3201 -0.9052 0.2796
vn -0.3202 -0.9052 0.2795
vn 0.4995 -0.7337 -0.4607
vn 0.4994 -0.7337 -0.4607
vn 0.4996 -0.7336 -0.4607
vn 0.4994 -0.7338 -0.4607
vn -0.1463 0.9885 0.0372
vn -0.3182 -0.0260 0.9477
vn -0.3185 -0.0261 0.9476
vn -0.3181 -0.0260 0.9477
vn -0.3185 -0.0261 -0.9476
vn 0.8010 0.0655 0.5951
vn -0.1081 -0.0088 0.9941
vn -0.5080 -0.0416 -0.8603
vn -0.5080 -0.0416 -0.8604
vn -0.5081 -0.0416 -0.8603
vn 0.8979 0.0733 0.4340
vn 0.8978 0.0732 0.4342
vn 0.8978 0.0731 0.4343
vn 0.8979 0.0733 0.4341
vn -0.6708 -0.0548 -0.7396
vn -0.6709 -0.0548 -0.7395
vn -0.6709 -0.0548 -0.7396
vn 0.9614 0.0784 0.2637
vn 0.9614 0.0785 0.2638
vn 0.9614 0.0781 0.2638
vn 0.9614 0.0786 0.2636
vn -0.8013 -0.0654 -0.5947
vn -0.8013 -0.0654 -0.5946
vn -0.8017 -0.0656 -0.5942
vn 0.9928 0.0810 0.0884
vn 0.9928 0.0811 0.0884
vn 0.9928 0.0808 0.0882
vn -0.8979 -0.0733 -0.4341
vn -0.8979 -0.0733 -0.4340
vn 0.9928 0.0808 -0.0882
vn 0.9928 0.0811 -0.0885
vn 0.9929 0.0806 -0.0880
vn 0.9928 0.0813 -0.0884
vn -0.9615 -0.0786 -0.2635
vn -0.9615 -0.0787 -0.2632
vn 0.9614 0.0781 -0.2638
vn 0.9612 0.0788 -0.2645
vn 0.9614 0.0785 -0.2638
vn -0.9928 -0.0809 -0.0882
vn -0.9928 -0.0810 -0.0882
vn -0.9928 -0.0810 -0.0883
vn -0.9927 -0.0814 -0.0886
vn 0.8980 0.0735 -0.4338
vn 0.8978 0.0731 -0.4342
vn 0.8979 0.0732 -0.4341
vn -0.9927 -0.0813 0.0887
vn -0.9928 -0.0810 0.0882
vn -0.9927 -0.0814 0.0886
vn 0.8010 0.0655 -0.5951
vn -0.9615 -0.0786 0.2635
vn -0.9614 -0.0784 0.2639
vn 0.6708 0.0548 -0.7396
vn 0.6709 0.0548 -0.7396
vn -0.8979 -0.0733 0.4340
vn -0.8978 -0.0733 0.4342
vn 0.5087 0.0417 -0.8599
vn 0.5087 0.0416 -0.8599
vn 0.5086 0.0417 -0.8600
vn 0.1081 0.0089 0.9941
vn 0.1082 0.0089 0.9941
vn -0.8012 -0.0654 0.5949
vn -0.8013 -0.0654 0.5947
vn -0.8012 -0.0654 0.5948
vn 0.3178 0.0260 -0.9478
vn 0.3177 0.0260 -0.9478
vn 0.3180 0.0260 -0.9477
vn 0.3185 0.0261 0.9476
vn 0.3178 0.0260 0.9478
vn -0.6704 -0.0549 0.7400
vn -0.6709 -0.0548 0.7395
vn -0.6708 -0.0548 0.7396
vn -0.6707 -0.0548 0.7397
vn 0.1081 0.0089 -0.9941
vn 0.1082 0.0089 -0.9941
vn 0.5087 0.0417 0.8599
vn 0.5087 0.0416 0.8599
vn 0.5086 0.0417 0.8600
vn -0.5080 -0.0416 0.8603
vn -0.5080 -0.0416 0.8604
vn -0.5081 -0.0416 0.8603
vn -0.1081 -0.0088 -0.9941
vn 0.5674 -0.8183 -0.0921
vn 0.5675 -0.8182 -0.0920
vn 0.5674 -0.8183 -0.0922
vn 0.5674 -0.8183 -0.0918
vn -0.5104 0.8376 -0.1949
vn -0.1459 0.9892 0.0121
vn -0.1464 0.9892 0.0122
vn -0.1464 0.9892 0.0121
vn -0.5509 0.8213 -0.1482
vn -0.5509 0.8213 -0.1483
vn -0.5509 0.8213 -0.1484
vn -0.1464 0.9891 -0.0121
vn -0.1464 0.9892 -0.0121
vn -0.1464 0.9891 -0.0122
vn -0.5797 0.8095 -0.0930
vn -0.5793 0.8098 -0.0927
vn -0.5796 0.8096 -0.0928
vn -0.1463 0.9885 -0.0372
vn -0.5941 0.8038 -0.0315
vn -0.5940 0.8038 -0.0315
vn -0.5941 0.8038 -0.0314
vn -0.5940 0.8039 -0.0314
vn -0.1471 0.9870 -0.0649
vn -0.1473 0.9870 -0.0649
vn -0.5945 0.8035 0.0311
vn -0.5941 0.8038 0.0315
vn -0.5945 0.8035 0.0312
vn -0.5940 0.8039 0.0312
vn -0.1514 0.9838 -0.0959
vn -0.1513 0.9838 -0.0959
vn -0.5794 0.8097 0.0929
vn -0.5793 0.8098 0.0927
vn -0.5795 0.8096 0.0928
vn -0.1613 0.9783 -0.1300
vn -0.5509 0.8213 0.1483
vn -0.5508 0.8213 0.1485
vn -0.1795 0.9697 -0.1655
vn -0.1794 0.9697 -0.1659
vn -0.2461 0.9419 0.2286
vn -0.2462 0.9419 0.2285
vn -0.2460 0.9419 0.2287
vn -0.5104 0.8376 0.1949
vn -0.5103 0.8376 0.1949
vn -0.2077 0.9576 -0.1996
vn -0.2077 0.9576 -0.1995
vn -0.2074 0.9577 0.1995
vn -0.2077 0.9576 0.1996
vn -0.2076 0.9575 0.2000
vn -0.4606 0.8573 0.2299
vn -0.4607 0.8573 0.2297
vn -0.4605 0.8573 0.2300
vn -0.2457 0.9419 -0.2289
vn -0.2462 0.9419 -0.2285
vn -0.1795 0.9697 0.1655
vn -0.1794 0.9697 0.1657
vn -0.4050 0.8792 0.2508
vn -0.4052 0.8792 0.2506
vn -0.4048 0.8793 0.2508
vn -0.2942 0.9229 -0.2486
vn -0.2939 0.9229 -0.2486
vn -0.1612 0.9783 0.1300
vn -0.1613 0.9783 0.1300
vn -0.3476 0.9017 0.2572
vn -0.3482 0.9016 0.2567
vn -0.3483 0.9016 0.2566
vn -0.3478 0.9017 -0.2569
vn -0.3482 0.9016 -0.2567
vn -0.3480 0.9016 -0.2568
vn -0.1514 0.9838 0.0959
vn -0.1512 0.9838 0.0960
vn -0.2938 0.9229 0.2486
vn -0.2939 0.9229 0.2486
vn -0.2936 0.9230 0.2486
vn -0.4052 0.8790 -0.2514
vn -0.4052 0.8792 -0.2506
vn -0.4052 0.8792 -0.2508
vn -0.1471 0.9870 0.0644
vn -0.1473 0.9870 0.0649
vn -0.4607 0.8573 -0.2298
vn -0.4607 0.8573 -0.2297
vn 0.6785 0.0116 -0.7345
vn 0.6784 0.0117 -0.7346
vn 0.6787 0.0114 -0.7343
vn 0.6787 0.0113 -0.7343
vn -0.1535 -0.9875 -0.0370
vn -0.1537 -0.9874 -0.0369
vn -0.1536 -0.9874 -0.0369
vn 0.5446 -0.8252 -0.1498
vn 0.5447 -0.8250 -0.1504
vn 0.5447 -0.8251 -0.1504
vn 0.5446 -0.8251 -0.1505
vn -0.1536 -0.9874 0.0372
vn -0.1537 -0.9874 0.0367
vn -0.1537 -0.9874 0.0369
vn 0.5108 -0.8349 -0.2051
vn 0.5111 -0.8348 -0.2047
vn 0.5107 -0.8349 -0.2050
vn 0.5108 -0.8350 -0.2046
vn -0.1371 -0.9845 0.1091
vn -0.1372 -0.9845 0.1091
vn 0.4670 -0.8473 -0.2530
vn 0.4671 -0.8472 -0.2531
vn 0.4671 -0.8472 -0.2530
vn -0.1050 -0.9788 0.1761
vn -0.1048 -0.9787 0.1763
vn -0.1050 -0.9787 0.1762
vn -0.1052 -0.9787 0.1762
vn 0.4134 -0.8621 -0.2931
vn 0.4133 -0.8621 -0.2932
vn 0.4137 -0.8618 -0.2935
vn 0.2838 -0.8956 0.3427
vn 0.2837 -0.8955 0.3429
vn 0.2836 -0.8955 0.3430
vn 0.2837 -0.8955 0.3430
vn -0.0585 -0.9702 0.2353
vn -0.0584 -0.9701 0.2354
vn 0.3519 -0.8783 -0.3237
vn 0.3519 -0.8782 -0.3238
vn 0.3518 -0.8784 -0.3235
vn 0.3519 -0.8783 0.3238
vn 0.3519 -0.8782 0.3239
vn 0.3519 -0.8783 0.3237
vn -0.0008 -0.9590 0.2833
vn -0.0003 -0.9589 0.2839
vn -0.0009 -0.9590 0.2833
vn -0.0005 -0.9590 0.2832
vn 0.2838 -0.8956 -0.3427
vn 0.2837 -0.8955 -0.3430
vn 0.2839 -0.8956 -0.3426
vn 0.4134 -0.8621 0.2931
vn 0.4134 -0.8621 0.2932
vn 0.4133 -0.8621 0.2931
vn 0.0659 -0.9453 0.3194
vn 0.0659 -0.9453 0.3195
vn 0.0662 -0.9454 0.3192
vn 0.2114 -0.9129 -0.3491
vn 0.2113 -0.9129 -0.3492
vn 0.2110 -0.9130 -0.3492
vn 0.2114 -0.9129 -0.3492
vn 0.4675 -0.8471 0.2529
vn 0.4675 -0.8470 0.2530
vn 0.4670 -0.8473 0.2531
vn 0.4672 -0.8471 0.2531
vn 0.1379 -0.9298 0.3411
vn 0.1380 -0.9299 0.3409
vn 0.1377 -0.9298 0.3413
vn 0.1377 -0.9298 -0.3414
vn 0.1377 -0.9298 -0.3412
vn 0.1377 -0.9298 -0.3413
vn 0.5108 -0.8349 0.2051
vn 0.5115 -0.8344 0.2050
vn 0.5113 -0.8346 0.2049
vn 0.5111 -0.8348 0.2048
vn 0.2109 -0.9130 0.3492
vn 0.2116 -0.9131 0.3486
vn 0.2110 -0.9130 0.3491
vn 0.2111 -0.9130 0.3492
vn 0.0659 -0.9453 -0.3194
vn 0.0660 -0.9453 -0.3193
vn 0.0658 -0.9453 -0.3195
vn 0.5447 -0.8250 0.1504
vn 0.5447 -0.8250 0.1506
vn 0.5446 -0.8252 0.1498
vn -0.0003 -0.9589 -0.2839
vn -0.0006 -0.9590 -0.2835
vn -0.0005 -0.9589 -0.2837
vn -0.0006 -0.9589 -0.2837
vn 0.5673 -0.8184 0.0918
vn 0.5675 -0.8182 0.0921
vn 0.5673 -0.8184 0.0917
vn 0.5675 -0.8182 0.0917
vn -0.0584 -0.9701 -0.2354
vn -0.0584 -0.9702 -0.2354
vn -0.0582 -0.9701 -0.2356
vn 0.5788 -0.8149 0.0310
vn 0.5788 -0.8149 0.0309
vn -0.1050 -0.9788 -0.1759
vn -0.1049 -0.9787 -0.1763
vn -0.1050 -0.9788 -0.1760
vn -0.1050 -0.9788 -0.1758
vn 0.5787 -0.8149 -0.0310
vn 0.5788 -0.8149 -0.0309
vn 0.5786 -0.8150 -0.0312
vn -0.1370 -0.9845 -0.1091
vn -0.1370 -0.9846 -0.1091
vn -0.1373 -0.9845 -0.1091
vn -0.1508 0.8584 -0.4904
vn -0.9033 -0.0156 0.4287
vn -0.9032 -0.0155 0.4289
vn -0.9032 -0.0153 0.4290
vn -0.9033 -0.0155 0.4288
vn 0.5160 0.0090 -0.8565
vn 0.5156 0.0088 -0.8568
vn 0.5157 0.0088 -0.8567
vn 0.5156 0.0093 -0.8568
vn 0.1101 0.0019 0.9939
vn -0.8080 -0.0139 0.5890
vn -0.8080 -0.0144 0.5890
vn -0.8080 -0.0140 0.5890
vn 0.3232 0.0055 -0.9463
vn 0.3232 0.0055 0.9463
vn 0.3236 0.0055 0.9462
vn 0.3237 0.0055 0.9461
vn -0.6785 -0.0116 0.7345
vn -0.6784 -0.0115 0.7346
vn -0.6782 -0.0114 0.7348
vn -0.6786 -0.0116 0.7344
vn 0.1101 0.0019 -0.9939
vn 0.1099 0.0019 -0.9939
vn 0.1096 0.0018 -0.9940
vn 0.5158 0.0088 0.8567
vn 0.5156 0.0088 0.8568
vn 0.5156 0.0087 0.8568
vn 0.5156 0.0084 0.8568
vn -0.5157 -0.0089 0.8567
vn -0.5156 -0.0087 0.8568
vn -0.5157 -0.0088 0.8567
vn -0.5156 -0.0088 0.8568
vn -0.1097 -0.0019 -0.9940
vn -0.1101 -0.0019 -0.9939
vn -0.1102 -0.0019 -0.9939
vn 0.6783 0.0118 0.7347
vn 0.6780 0.0113 0.7350
vn 0.6783 0.0117 0.7347
vn 0.6786 0.0122 0.7344
vn -0.3233 -0.0056 0.9463
vn -0.3239 -0.0058 0.9461
vn -0.3232 -0.0055 -0.9463
vn 0.8081 0.0139 0.5889
vn 0.8080 0.0137 0.5890
vn 0.8080 0.0139 0.5890
vn -0.1100 -0.0019 0.9939
vn -0.1102 -0.0019 0.9939
vn -0.1095 -0.0020 0.9940
vn -0.5161 -0.0089 -0.8565
vn -0.5156 -0.0093 -0.8568
vn -0.5160 -0.0090 -0.8565
vn -0.5157 -0.0088 -0.8567
vn 0.9033 0.0157 0.4287
vn 0.9033 0.0155 0.4288
vn 0.9033 0.0156 0.4287
vn 0.9033 0.0155 0.4287
vn -0.6786 -0.0116 -0.7344
vn 0.9655 0.0160 0.2599
vn 0.9654 0.0168 0.2602
vn 0.9654 0.0166 0.2601
vn -0.8080 -0.0139 -0.5890
vn -0.8080 -0.0141 -0.5890
vn -0.8080 -0.0141 -0.5891
vn 0.9960 0.0172 0.0872
vn 0.9961 0.0171 0.0871
vn 0.9960 0.0173 0.0872
vn 0.9960 0.0166 0.0879
vn -0.9033 -0.0156 -0.4287
vn -0.9033 -0.0155 -0.4287
vn -0.9033 -0.0154 -0.4287
vn 0.9960 0.0172 -0.0872
vn 0.9960 0.0166 -0.0879
vn 0.9960 0.0173 -0.0872
vn 0.9961 0.0175 -0.0869
vn -0.9654 -0.0165 -0.2601
vn 0.9654 0.0166 -0.2601
vn 0.9655 0.0160 -0.2599
vn -0.9960 -0.0172 -0.0873
vn -0.9960 -0.0169 -0.0875
vn -0.9960 -0.0173 -0.0872
vn -0.9960 -0.0171 -0.0872
vn 0.9033 0.0156 -0.4287
vn 0.9032 0.0153 -0.4289
vn 0.9033 0.0152 -0.4288
vn 0.9033 0.0154 -0.4288
vn -0.9960 -0.0173 0.0872
vn -0.9960 -0.0171 0.0871
vn -0.9960 -0.0172 0.0873
vn -0.9961 -0.0172 0.0870
vn 0.8080 0.0140 -0.5890
vn 0.8081 0.0139 -0.5889
vn 0.8077 0.0140 -0.5895
vn 0.8080 0.0141 -0.5891
vn -0.9654 -0.0165 0.2601
vn -0.9654 -0.0166 0.2601
vn 0.0148 -0.9569 -0.2901
vn 0.0147 -0.9569 -0.2901
vn 0.0144 -0.9568 -0.2902
vn -0.0284 0.9448 0.3263
vn -0.4846 0.7019 0.5221
vn -0.4846 0.7018 0.5221
vn -0.2532 0.8056 -0.5356
vn -0.2528 0.8054 -0.5361
vn -0.2528 0.8054 -0.5362
vn -0.0143 0.9720 0.2347
vn -0.3681 0.7520 0.5468
vn -0.3682 0.7520 0.5468
vn -0.3677 0.7523 0.5466
vn -0.3682 0.7519 -0.5469
vn -0.3682 0.7520 -0.5468
vn -0.3684 0.7516 -0.5472
vn -0.0238 0.9878 0.1540
vn -0.2530 0.8055 0.5358
vn -0.2528 0.8054 0.5361
vn -0.2528 0.8054 0.5362
vn -0.4846 0.7019 -0.5221
vn -0.4846 0.7018 -0.5221
vn -0.0453 0.9948 0.0909
vn -0.5914 0.6581 -0.4661
vn -0.5912 0.6581 -0.4662
vn -0.0671 0.9967 0.0459
vn -0.6813 0.6222 -0.3855
vn -0.6814 0.6222 -0.3853
vn -0.6814 0.6222 -0.3854
vn -0.0802 0.9967 0.0138
vn -0.0803 0.9967 0.0138
vn -0.7508 0.5951 -0.2866
vn -0.7507 0.5952 -0.2866
vn -0.7507 0.5952 -0.2867
vn -0.0803 0.9967 -0.0138
vn -0.0801 0.9967 -0.0138
vn -0.7974 0.5771 -0.1764
vn -0.7973 0.5773 -0.1763
vn -0.7974 0.5772 -0.1762
vn -0.0671 0.9967 -0.0459
vn -0.8207 0.5683 -0.0595
vn -0.8206 0.5683 -0.0595
vn -0.0453 0.9948 -0.0909
vn -0.8207 0.5683 0.0594
vn -0.8206 0.5685 0.0595
vn -0.8207 0.5683 0.0592
vn -0.8206 0.5683 0.0595
vn -0.0238 0.9878 -0.1540
vn -0.7972 0.5773 0.1766
vn -0.7973 0.5773 0.1763
vn -0.0143 0.9720 -0.2347
vn -0.7508 0.5951 0.2867
vn -0.7507 0.5952 0.2866
vn -0.7506 0.5952 0.2868
vn -0.0284 0.9448 -0.3263
vn -0.1508 0.8584 0.4904
vn -0.6817 0.6218 0.3855
vn -0.6814 0.6222 0.3853
vn -0.6814 0.6223 0.3854
vn -0.6815 0.6222 0.3853
vn -0.0738 0.9062 -0.4164
vn -0.0738 0.9062 0.4164
vn -0.5913 0.6581 0.4661
vn -0.5914 0.6581 0.4661
vn -0.9013 0.1393 -0.4102
vn -0.9013 0.1393 -0.4101
vn -0.9013 0.1392 -0.4103
vn -0.9012 0.1389 -0.4106
vn 0.4558 -0.8803 0.1318
vn 0.4555 -0.8804 0.1317
vn 0.4557 -0.8804 0.1316
vn -0.0492 -0.9647 -0.2589
vn -0.0491 -0.9646 -0.2591
vn -0.0492 -0.9646 -0.2589
vn 0.4757 -0.8759 0.0804
vn 0.4757 -0.8759 0.0806
vn 0.4762 -0.8757 0.0804
vn 0.4760 -0.8758 0.0803
vn -0.1053 -0.9708 -0.2157
vn -0.1052 -0.9708 -0.2157
vn 0.4859 -0.8736 0.0270
vn 0.4858 -0.8736 0.0270
vn 0.4862 -0.8734 0.0270
vn 0.4858 -0.8737 0.0273
vn -0.1507 -0.9752 -0.1623
vn -0.1503 -0.9753 -0.1621
vn -0.1504 -0.9752 -0.1622
vn -0.1505 -0.9752 -0.1622
vn 0.4862 -0.8734 -0.0269
vn 0.4860 -0.8736 -0.0270
vn 0.4858 -0.8737 -0.0268
vn 0.4859 -0.8736 -0.0265
vn -0.1824 -0.9781 -0.1006
vn -0.1825 -0.9780 -0.1006
vn -0.1823 -0.9781 -0.1006
vn 0.4759 -0.8758 -0.0803
vn 0.4758 -0.8759 -0.0804
vn 0.4760 -0.8758 -0.0804
vn 0.4758 -0.8759 -0.0801
vn -0.1985 -0.9795 -0.0341
vn -0.1986 -0.9795 -0.0341
vn 0.4559 -0.8802 -0.1317
vn 0.4557 -0.8804 -0.1313
vn 0.4560 -0.8801 -0.1319
vn 0.4556 -0.8804 -0.1316
vn -0.1984 -0.9795 0.0339
vn -0.1984 -0.9795 0.0340
vn -0.1985 -0.9795 0.0341
vn 0.4257 -0.8869 -0.1794
vn 0.4256 -0.8869 -0.1796
vn 0.4256 -0.8869 -0.1795
vn 0.4257 -0.8869 -0.1795
vn -0.1824 -0.9781 0.1006
vn -0.1823 -0.9781 0.1005
vn -0.1825 -0.9780 0.1007
vn 0.3866 -0.8950 -0.2225
vn 0.3863 -0.8951 -0.2225
vn 0.3865 -0.8951 -0.2224
vn -0.1504 -0.9752 0.1623
vn -0.1505 -0.9752 0.1622
vn -0.1504 -0.9752 0.1622
vn -0.1506 -0.9752 0.1623
vn 0.3380 -0.9048 -0.2591
vn 0.3383 -0.9046 -0.2593
vn 0.2191 -0.9264 0.3061
vn 0.2191 -0.9264 0.3062
vn -0.1052 -0.9708 0.2154
vn -0.1053 -0.9708 0.2157
vn -0.1053 -0.9708 0.2156
vn 0.2817 -0.9153 -0.2877
vn 0.2818 -0.9153 -0.2878
vn 0.2818 -0.9154 -0.2876
vn 0.2816 -0.9153 -0.2880
vn 0.2818 -0.9154 0.2876
vn 0.2818 -0.9154 0.2875
vn -0.0492 -0.9646 0.2589
vn -0.0492 -0.9645 0.2594
vn -0.0492 -0.9646 0.2590
vn -0.0492 -0.9647 0.2589
vn 0.2191 -0.9264 -0.3062
vn 0.2191 -0.9264 -0.3061
vn 0.3384 -0.9045 0.2594
vn 0.3381 -0.9047 0.2591
vn 0.3380 -0.9048 0.2591
vn 0.0147 -0.9569 0.2901
vn 0.0145 -0.9569 0.2901
vn 0.0146 -0.9569 0.2901
vn 0.1519 -0.9374 -0.3133
vn 0.1519 -0.9374 -0.3134
vn 0.3862 -0.8952 0.2223
vn 0.3862 -0.8953 0.2221
vn 0.3864 -0.8951 0.2225
vn 0.0827 -0.9477 0.3081
vn 0.0827 -0.9477 0.3082
vn 0.0827 -0.9478 0.3081
vn 0.0827 -0.9477 0.3084
vn 0.0827 -0.9477 -0.3083
vn 0.0827 -0.9477 -0.3082
vn 0.0826 -0.9478 -0.3081
vn 0.4257 -0.8869 0.1796
vn 0.4256 -0.8869 0.1796
vn 0.4258 -0.8869 0.1791
vn 0.4257 -0.8869 0.1795
vn 0.1519 -0.9374 0.3134
vn 0.1519 -0.9373 0.3136
vn -0.6970 0.7155 0.0487
vn -0.6968 0.7156 0.0489
vn -0.6970 0.7154 0.0487
vn -0.6965 0.7159 0.0488
vn 0.9849 -0.1523 -0.0822
vn 0.9849 -0.1519 -0.0825
vn 0.9849 -0.1520 -0.0826
vn -0.9577 0.1480 -0.2468
vn -0.9576 0.1478 -0.2473
vn 0.9573 -0.1480 -0.2482
vn 0.9574 -0.1478 -0.2479
vn 0.9575 -0.1477 -0.2477
vn -0.9849 0.1519 -0.0827
vn 0.9013 -0.1393 -0.4101
vn 0.9012 -0.1390 -0.4105
vn 0.9012 -0.1391 -0.4104
vn -0.9849 0.1520 0.0831
vn -0.9849 0.1519 0.0827
vn -0.9849 0.1519 0.0828
vn 0.8129 -0.1256 -0.5687
vn 0.8129 -0.1255 -0.5688
vn 0.8130 -0.1257 -0.5686
vn -0.9576 0.1478 0.2472
vn -0.9576 0.1477 0.2473
vn -0.9577 0.1480 0.2468
vn 0.6898 -0.1064 -0.7162
vn 0.6897 -0.1064 -0.7162
vn 0.6900 -0.1064 -0.7160
vn 0.6898 -0.1062 -0.7162
vn -0.9013 0.1392 0.4103
vn -0.9012 0.1390 0.4105
vn -0.9011 0.1386 0.4109
vn 0.5297 -0.0818 -0.8442
vn 0.5295 -0.0817 -0.8443
vn 0.5292 -0.0814 -0.8446
vn 0.5296 -0.0817 -0.8443
vn 0.1147 -0.0177 0.9932
vn 0.1146 -0.0177 0.9933
vn 0.1148 -0.0177 0.9932
vn 0.1144 -0.0177 0.9933
vn -0.8130 0.1254 0.5686
vn -0.8130 0.1250 0.5687
vn -0.8131 0.1253 0.5685
vn -0.8131 0.1254 0.5685
vn 0.3353 -0.0518 -0.9407
vn 0.3352 -0.0517 -0.9407
vn 0.3353 -0.0518 0.9407
vn 0.3352 -0.0518 0.9407
vn -0.6899 0.1066 0.7160
vn -0.6896 0.1064 0.7163
vn -0.6898 0.1066 0.7161
vn 0.1145 -0.0177 -0.9933
vn 0.1144 -0.0177 -0.9933
vn 0.1146 -0.0177 -0.9933
vn 0.1149 -0.0177 -0.9932
vn 0.5295 -0.0817 0.8443
vn 0.5296 -0.0816 0.8443
vn 0.5295 -0.0817 0.8444
vn 0.5296 -0.0817 0.8443
vn -0.5294 0.0817 0.8444
vn -0.5296 0.0817 0.8443
vn -0.5292 0.0817 0.8445
vn -0.1147 0.0177 -0.9932
vn -0.1146 0.0177 -0.9933
vn 0.6896 -0.1064 0.7163
vn 0.6897 -0.1064 0.7162
vn 0.6898 -0.1064 0.7161
vn 0.6899 -0.1065 0.7160
vn -0.3353 0.0518 0.9407
vn -0.3353 0.0518 -0.9407
vn 0.8129 -0.1256 0.5687
vn 0.8128 -0.1257 0.5688
vn 0.8130 -0.1255 0.5686
vn -0.1147 0.0177 0.9932
vn -0.1148 0.0177 0.9932
vn -0.5293 0.0817 -0.8445
vn -0.5294 0.0817 -0.8444
vn -0.5295 0.0817 -0.8443
vn -0.5296 0.0817 -0.8443
vn 0.9013 -0.1393 0.4101
vn 0.9012 -0.1391 0.4104
vn -0.6897 0.1064 -0.7162
vn -0.6893 0.1061 -0.7167
vn -0.6896 0.1063 -0.7163
vn 0.9573 -0.1480 0.2482
vn -0.8133 0.1251 -0.5682
vn -0.8130 0.1246 -0.5688
vn -0.8133 0.1250 -0.5683
vn -0.8131 0.1254 -0.5685
vn 0.9849 -0.1519 0.0825
vn 0.9850 -0.1518 0.0826
vn 0.9849 -0.1520 0.0824
vn 0.9849 -0.1521 0.0825
vn -0.0238 -0.8765 -0.4808
vn -0.0235 -0.8766 -0.4807
vn -0.0237 -0.8766 -0.4807
vn -0.0239 -0.8765 -0.4807
vn 0.1211 0.9692 -0.2145
vn -0.6776 0.7211 0.1447
vn -0.6772 0.7213 0.1450
vn -0.6773 0.7213 0.1450
vn 0.0927 0.9540 -0.2851
vn -0.6380 0.7330 0.2358
vn -0.6384 0.7325 0.2363
vn -0.6384 0.7324 0.2368
vn 0.0451 0.9342 -0.3539
vn -0.1100 0.8829 0.4565
vn -0.5806 0.7491 0.3191
vn -0.5806 0.7490 0.3191
vn -0.5807 0.7490 0.3190
vn -0.0232 0.9102 -0.4135
vn -0.0232 0.9102 0.4135
vn -0.5052 0.7703 0.3891
vn -0.1100 0.8829 -0.4565
vn 0.0451 0.9342 0.3539
vn -0.4147 0.7957 0.4414
vn -0.2096 0.8536 -0.4769
vn 0.0927 0.9540 0.2851
vn -0.3139 0.8240 0.4717
vn -0.3140 0.8240 -0.4716
vn -0.3139 0.8240 -0.4717
vn 0.1211 0.9692 0.2145
vn -0.2096 0.8536 0.4769
vn -0.4147 0.7957 -0.4414
vn 0.1351 0.9799 0.1471
vn 0.1351 0.9798 0.1471
vn -0.5052 0.7703 -0.3891
vn 0.1401 0.9865 0.0852
vn -0.5806 0.7491 -0.3189
vn -0.5806 0.7490 -0.3191
vn -0.5805 0.7490 -0.3195
vn 0.1413 0.9896 0.0278
vn -0.6387 0.7323 -0.2362
vn -0.6384 0.7325 -0.2363
vn -0.6383 0.7327 -0.2363
vn 0.1413 0.9896 -0.0278
vn 0.1409 0.9896 -0.0277
vn -0.6773 0.7212 -0.1450
vn -0.6772 0.7213 -0.1450
vn -0.6776 0.7211 -0.1447
vn -0.6772 0.7214 -0.1450
vn 0.1401 0.9865 -0.0852
vn -0.6970 0.7155 -0.0487
vn -0.6968 0.7156 -0.0485
vn -0.6970 0.7154 -0.0487
vn -0.6971 0.7153 -0.0490
vn 0.1351 0.9798 -0.1471
vn 0.1351 0.9799 -0.1471
vn -0.7985 -0.1306 -0.5877
vn -0.7985 -0.1308 -0.5875
vn -0.7986 -0.1304 -0.5876
vn -0.7986 -0.1308 -0.5875
vn 0.5623 -0.7653 0.3132
vn 0.5625 -0.7651 0.3134
vn 0.5623 -0.7653 0.3133
vn 0.5622 -0.7654 0.3132
vn 0.0845 -0.8613 0.5011
vn 0.0845 -0.8612 0.5012
vn -0.1244 -0.8889 -0.4408
vn -0.1243 -0.8889 -0.4409
vn -0.1240 -0.8892 -0.4405
vn -0.1244 -0.8889 -0.4409
vn 0.6185 -0.7510 0.2312
vn 0.6184 -0.7510 0.2312
vn -0.2138 -0.8982 -0.3840
vn -0.2139 -0.8982 -0.3840
vn 0.6565 -0.7409 0.1417
vn 0.6565 -0.7409 0.1418
vn -0.2887 -0.9048 -0.3132
vn -0.2888 -0.9048 -0.3131
vn -0.2887 -0.9048 -0.3131
vn -0.2886 -0.9047 -0.3134
vn 0.6757 -0.7357 0.0472
vn 0.6754 -0.7359 0.0474
vn 0.6757 -0.7356 0.0473
vn 0.6758 -0.7356 0.0476
vn -0.3467 -0.9091 -0.2310
vn -0.3467 -0.9091 -0.2312
vn -0.3470 -0.9090 -0.2309
vn -0.3468 -0.9090 -0.2312
vn 0.6759 -0.7355 -0.0473
vn 0.6761 -0.7353 -0.0475
vn 0.6757 -0.7357 -0.0471
vn 0.6757 -0.7356 -0.0476
vn -0.3858 -0.9116 -0.1417
vn -0.3860 -0.9116 -0.1417
vn -0.3860 -0.9116 -0.1414
vn -0.3860 -0.9116 -0.1416
vn 0.6565 -0.7409 -0.1418
vn 0.6565 -0.7409 -0.1417
vn -0.4059 -0.9127 -0.0477
vn -0.4057 -0.9128 -0.0477
vn -0.4058 -0.9127 -0.0477
vn 0.6185 -0.7510 -0.2312
vn -0.4055 -0.9129 0.0477
vn -0.4058 -0.9127 0.0477
vn -0.4060 -0.9127 0.0474
vn 0.5623 -0.7653 -0.3134
vn 0.5623 -0.7654 -0.3131
vn 0.5623 -0.7654 -0.3130
vn -0.3859 -0.9116 0.1417
vn -0.3860 -0.9116 0.1418
vn 0.4891 -0.7831 -0.3840
vn 0.4892 -0.7831 -0.3840
vn 0.4891 -0.7832 -0.3840
vn -0.3468 -0.9091 0.2308
vn -0.3467 -0.9091 0.2310
vn -0.3469 -0.9090 0.2311
vn -0.3471 -0.9088 0.2314
vn 0.4014 -0.8028 -0.4409
vn 0.1945 -0.8432 0.5012
vn 0.1946 -0.8432 0.5012
vn -0.2887 -0.9048 0.3131
vn -0.2888 -0.9048 0.3130
vn 0.3018 -0.8231 -0.4810
vn 0.3018 -0.8233 -0.4807
vn 0.3018 -0.8232 -0.4809
vn 0.3019 -0.8230 -0.4812
vn 0.3017 -0.8233 0.4809
vn 0.3017 -0.8232 0.4810
vn 0.3018 -0.8232 0.4809
vn -0.2138 -0.8983 0.3838
vn -0.2139 -0.8982 0.3840
vn -0.2138 -0.8982 0.3841
vn 0.1946 -0.8431 -0.5013
vn 0.1946 -0.8432 -0.5012
vn 0.4014 -0.8028 0.4409
vn 0.4013 -0.8029 0.4408
vn -0.1243 -0.8890 0.4407
vn -0.1244 -0.8889 0.4409
vn -0.1242 -0.8890 0.4407
vn -0.1248 -0.8889 0.4408
vn 0.0845 -0.8612 -0.5012
vn 0.4894 -0.7828 0.3842
vn 0.4892 -0.7830 0.3841
vn 0.4893 -0.7830 0.3841
vn 0.4891 -0.7832 0.3840
vn -0.0237 -0.8766 0.4807
vn -0.0239 -0.8765 0.4807
vn -0.0239 -0.8765 0.4808
vn -0.0235 -0.8766 0.4807
vn -0.9517 0.2964 -0.0799
vn -0.9517 0.2964 -0.0798
vn -0.9517 0.2964 -0.0797
vn 0.9831 0.1611 0.0869
vn 0.9831 0.1610 0.0870
vn 0.9831 0.1612 0.0869
vn 0.9831 0.1613 0.0868
vn -0.8921 -0.1460 -0.4276
vn -0.8923 -0.1464 -0.4271
vn -0.8921 -0.1460 -0.4275
vn -0.8921 -0.1461 -0.4275
vn 0.9831 0.1611 -0.0869
vn 0.9831 0.1613 -0.0868
vn 0.9831 0.1612 -0.0869
vn 0.9831 0.1610 -0.0870
vn -0.9532 -0.1561 -0.2590
vn -0.9531 -0.1561 -0.2591
vn -0.9532 -0.1561 -0.2591
vn 0.9532 0.1559 -0.2591
vn 0.9531 0.1561 -0.2592
vn 0.9532 0.1558 -0.2592
vn 0.9532 0.1561 -0.2590
vn -0.9831 -0.1612 -0.0869
vn -0.9831 -0.1610 -0.0868
vn -0.9831 -0.1611 -0.0869
vn 0.8922 0.1461 -0.4274
vn 0.8921 0.1461 -0.4275
vn 0.8921 0.1458 -0.4276
vn 0.8922 0.1461 -0.4273
vn -0.9831 -0.1611 0.0869
vn -0.9831 -0.1610 0.0870
vn -0.9831 -0.1612 0.0869
vn -0.9831 -0.1613 0.0868
vn 0.7987 0.1309 -0.5874
vn 0.7986 0.1310 -0.5874
vn 0.7987 0.1309 -0.5873
vn 0.7987 0.1308 -0.5873
vn -0.9532 -0.1561 0.2590
vn -0.9532 -0.1561 0.2589
vn -0.9532 -0.1562 0.2589
vn -0.9531 -0.1561 0.2591
vn 0.6713 0.1098 -0.7330
vn 0.6712 0.1098 -0.7331
vn 0.6715 0.1096 -0.7329
vn 0.6710 0.1101 -0.7332
vn -0.8922 -0.1463 0.4273
vn -0.8923 -0.1464 0.4271
vn -0.8921 -0.1461 0.4275
vn 0.5104 0.0837 -0.8559
vn 0.5104 0.0834 -0.8559
vn 0.5104 0.0835 -0.8559
vn 0.5103 0.0836 -0.8559
vn 0.1092 0.0179 0.9939
vn 0.1091 0.0179 0.9939
vn 0.1093 0.0179 0.9938
vn -0.7986 -0.1306 0.5875
vn -0.7986 -0.1308 0.5875
vn -0.7985 -0.1305 0.5876
vn -0.7986 -0.1305 0.5875
vn 0.3202 0.0523 -0.9459
vn 0.3200 0.0519 -0.9460
vn 0.3202 0.0522 -0.9459
vn 0.3201 0.0524 -0.9459
vn 0.3201 0.0525 0.9459
vn 0.3203 0.0524 0.9459
vn 0.3202 0.0523 0.9459
vn -0.6712 -0.1099 0.7331
vn -0.6712 -0.1099 0.7330
vn 0.1092 0.0179 -0.9939
vn 0.1084 0.0178 -0.9939
vn 0.1093 0.0179 -0.9938
vn 0.5102 0.0834 0.8560
vn 0.5103 0.0836 0.8559
vn -0.5105 -0.0836 0.8558
vn -0.5101 -0.0836 0.8560
vn -0.5102 -0.0836 0.8560
vn -0.5106 -0.0836 0.8557
vn -0.1093 -0.0179 -0.9938
vn -0.1084 -0.0178 -0.9939
vn -0.1091 -0.0179 -0.9939
vn 0.6715 0.1095 0.7329
vn 0.6712 0.1099 0.7331
vn 0.6712 0.1100 0.7331
vn 0.6716 0.1101 0.7327
vn -0.3204 -0.0526 0.9458
vn -0.3200 -0.0523 0.9460
vn -0.3204 -0.0526 -0.9458
vn -0.3201 -0.0524 -0.9459
vn -0.3200 -0.0523 -0.9460
vn 0.7987 0.1309 0.5873
vn 0.7986 0.1310 0.5874
vn 0.7987 0.1309 0.5874
vn 0.7987 0.1308 0.5873
vn -0.1092 -0.0179 0.9939
vn -0.1093 -0.0179 0.9938
vn -0.5101 -0.0836 -0.8560
vn -0.5097 -0.0836 -0.8563
vn -0.5102 -0.0836 -0.8560
vn 0.8921 0.1458 0.4276
vn 0.8921 0.1461 0.4275
vn 0.8922 0.1461 0.4274
vn 0.8922 0.1461 0.4273
vn -0.6712 -0.1099 -0.7330
vn -0.6712 -0.1099 -0.7331
vn 0.9531 0.1561 0.2592
vn 0.9531 0.1561 0.2591
vn 0.9532 0.1557 0.2592
vn 0.9531 0.1560 0.2592
vn -0.0252 0.9997 -0.0001
vn -0.0252 0.9997 -0.0000
vn -0.0251 0.9997 0.0003
vn -0.0253 0.9997 0.0001
vn -0.0250 0.9997 -0.0000
vn -0.0251 0.9997 -0.0002
vn -0.0250 0.9997 -0.0001
vn -0.0252 0.9997 0.0001
vn -0.0251 0.9997 -0.0006
vn -0.0249 0.9997 -0.0000
vn -0.0253 0.9997 -0.0001
vn -0.0255 0.9997 -0.0000
vn -0.0253 0.9997 -0.0000
vn -0.0256 0.9997 -0.0002
vn -0.0254 0.9997 0.0001
vn -0.0251 0.9997 -0.0001
vn -0.0257 0.9997 0.0008
vn -0.2350 0.9698 0.0659
vn -0.9518 0.2964 0.0794
vn -0.9517 0.2964 0.0798
vn -0.9517 0.2964 0.0797
vn -0.1189 0.9928 0.0158
vn -0.9205 0.3104 0.2373
vn -0.9205 0.3104 0.2372
vn -0.0071 0.9953 -0.0964
vn -0.8575 0.3388 0.3873
vn -0.8575 0.3388 0.3871
vn -0.8573 0.3396 0.3868
vn 0.0627 0.9641 -0.2579
vn 0.0627 0.9641 -0.2580
vn -0.0129 0.8079 0.5892
vn -0.7621 0.3825 0.5224
vn 0.0625 0.8982 -0.4351
vn 0.0625 0.8982 0.4351
vn -0.6349 0.4423 0.6334
vn -0.6350 0.4423 0.6334
vn -0.0129 0.8079 -0.5892
vn 0.0627 0.9641 0.2579
vn -0.4810 0.5180 0.7073
vn -0.4810 0.5181 0.7073
vn -0.1467 0.7071 -0.6917
vn -0.0071 0.9953 0.0964
vn -0.3116 0.6078 0.7304
vn -0.3116 0.6078 -0.7304
vn -0.1189 0.9928 -0.0158
vn -0.1467 0.7071 0.6917
vn -0.4810 0.5180 -0.7073
vn -0.2350 0.9698 -0.0659
vn -0.6353 0.4421 -0.6332
vn -0.6350 0.4423 -0.6334
vn -0.3255 0.9435 -0.0622
vn -0.7621 0.3825 -0.5224
vn -0.3739 0.9271 -0.0245
vn -0.8575 0.3390 -0.3870
vn -0.8575 0.3388 -0.3871
vn -0.8575 0.3388 -0.3872
vn -0.3739 0.9272 0.0245
vn -0.3739 0.9271 0.0245
vn -0.9205 0.3104 -0.2373
vn -0.9205 0.3104 -0.2372
vn -0.3255 0.9435 0.0622
vn -0.0000 -1.0000 -0.0000
vn 0.6343 -0.0000 0.7731
vn 0.8308 -0.5506 -0.0817
vn 0.8308 -0.5505 -0.0818
vn 0.8307 -0.5507 -0.0814
vn 0.8308 -0.5505 -0.0816
vn -0.7988 -0.5506 -0.2423
vn -0.7989 -0.5505 -0.2423
vn -0.7989 -0.5505 -0.2424
vn 0.7989 -0.5505 -0.2423
vn 0.7989 -0.5505 -0.2424
vn 0.7988 -0.5506 -0.2426
vn 0.7989 -0.5505 -0.2422
vn -0.8305 -0.5509 -0.0820
vn -0.8307 -0.5506 -0.0819
vn -0.8306 -0.5509 -0.0820
vn 0.7364 -0.5505 -0.3934
vn 0.7361 -0.5507 -0.3935
vn 0.7363 -0.5507 -0.3932
vn 0.7363 -0.5508 -0.3931
vn -0.8305 -0.5509 0.0820
vn -0.8307 -0.5506 0.0819
vn -0.8308 -0.5506 0.0818
vn -0.8305 -0.5510 0.0820
vn 0.6450 -0.5507 -0.5298
vn 0.6453 -0.5506 -0.5296
vn 0.6453 -0.5505 -0.5297
vn 0.6453 -0.5505 -0.5296
vn -0.7988 -0.5506 0.2423
vn -0.7988 -0.5507 0.2423
vn -0.7985 -0.5512 0.2422
vn -0.7986 -0.5509 0.2424
vn 0.5296 -0.5505 -0.6453
vn 0.5296 -0.5506 -0.6453
vn 0.5297 -0.5505 -0.6453
vn 0.5296 -0.5505 -0.6454
vn -0.7362 -0.5506 0.3935
vn -0.7361 -0.5507 0.3935
vn -0.7362 -0.5507 0.3935
vn 0.3937 -0.5504 -0.7362
vn 0.3938 -0.5508 -0.7359
vn 0.3935 -0.5506 -0.7362
vn 0.3935 -0.5505 -0.7363
vn 0.0817 -0.5504 0.8309
vn 0.0818 -0.5506 0.8308
vn 0.0819 -0.5506 0.8307
vn -0.6453 -0.5506 0.5296
vn -0.6452 -0.5508 0.5295
vn 0.2426 -0.5506 -0.7987
vn 0.2423 -0.5505 -0.7989
vn 0.2424 -0.5505 -0.7988
vn 0.2428 -0.5506 -0.7987
vn 0.2428 -0.5508 0.7986
vn 0.2423 -0.5505 0.7989
vn 0.2426 -0.5506 0.7988
vn 0.2430 -0.5506 0.7986
vn -0.5296 -0.5505 0.6453
vn -0.5297 -0.5505 0.6453
vn 0.0817 -0.5505 -0.8308
vn 0.0817 -0.5506 -0.8308
vn 0.3933 -0.5507 0.7362
vn 0.3934 -0.5507 0.7362
vn 0.3929 -0.5511 0.7362
vn -0.3933 -0.5506 0.7363
vn -0.3935 -0.5505 0.7363
vn -0.3935 -0.5507 0.7362
vn -0.3935 -0.5507 0.7361
vn -0.0817 -0.5505 -0.8308
vn -0.0815 -0.5505 -0.8308
vn -0.0817 -0.5506 -0.8308
vn -0.0818 -0.5505 -0.8308
vn 0.5297 -0.5503 0.6454
vn 0.5295 -0.5511 0.6449
vn 0.5295 -0.5510 0.6450
vn 0.5295 -0.5507 0.6453
vn -0.2422 -0.5505 0.7989
vn -0.2423 -0.5505 0.7989
vn -0.2423 -0.5507 0.7988
vn -0.2423 -0.5505 -0.7989
vn -0.2426 -0.5506 -0.7987
vn 0.6452 -0.5506 0.5296
vn 0.6454 -0.5505 0.5296
vn 0.6450 -0.5509 0.5296
vn 0.6452 -0.5507 0.5296
vn -0.0820 -0.5509 0.8305
vn -0.0820 -0.5510 0.8305
vn -0.0819 -0.5506 0.8307
vn -0.3936 -0.5502 -0.7364
vn -0.3935 -0.5503 -0.7364
vn -0.3937 -0.5500 -0.7365
vn -0.3936 -0.5504 -0.7363
vn 0.7365 -0.5500 0.3937
vn 0.7364 -0.5503 0.3935
vn 0.7364 -0.5502 0.3936
vn 0.7363 -0.5504 0.3936
vn -0.5299 -0.5502 -0.6453
vn -0.5296 -0.5505 -0.6453
vn -0.5297 -0.5506 -0.6451
vn -0.5299 -0.5504 -0.6452
vn 0.7989 -0.5505 0.2423
vn 0.7989 -0.5505 0.2422
vn 0.7989 -0.5503 0.2427
vn -0.6452 -0.5506 -0.5296
vn -0.6452 -0.5507 -0.5296
vn -0.6453 -0.5506 -0.5296
vn -0.6454 -0.5504 -0.5296
vn 0.8308 -0.5506 0.0815
vn 0.8308 -0.5505 0.0816
vn 0.8308 -0.5506 0.0816
vn 0.8308 -0.5505 0.0818
vn -0.7362 -0.5507 -0.3935
vn -0.7363 -0.5505 -0.3935
vn -0.7361 -0.5507 -0.3934
vn -0.7362 -0.5506 -0.3935
vn -0.0000 1.0000 -0.0000
vn -0.2911 -0.0000 0.9567
vn -0.2906 -0.0000 0.9568
vn -0.2904 -0.0000 0.9569
vn -0.2906 -0.0000 -0.9568
vn -0.2902 -0.0000 -0.9570
vn -0.2911 -0.0000 -0.9567
vn 0.7731 -0.0000 0.6343
vn -0.0983 -0.0000 0.9952
vn -0.4713 -0.0000 -0.8820
vn 0.8820 -0.0000 0.4713
vn -0.6343 -0.0000 -0.7731
vn 0.9567 -0.0000 0.2911
vn 0.9569 -0.0000 0.2904
vn -0.7731 -0.0000 -0.6343
vn -0.7727 -0.0000 -0.6347
vn 0.9952 -0.0000 0.0979
vn 0.9952 -0.0000 0.0980
vn -0.8820 -0.0000 -0.4713
vn 0.9952 -0.0000 -0.0979
vn 0.9952 -0.0000 -0.0977
vn 0.9952 -0.0000 -0.0980
vn -0.9571 -0.0000 -0.2898
vn -0.9569 -0.0000 -0.2903
vn 0.9568 -0.0000 -0.2906
vn 0.9567 -0.0000 -0.2911
vn 0.9569 -0.0000 -0.2905
vn -0.9952 -0.0000 -0.0983
vn -0.9952 -0.0000 -0.0980
vn 0.8820 -0.0000 -0.4713
vn -0.9952 -0.0000 0.0983
vn -0.9952 -0.0000 0.0980
vn 0.7730 -0.0000 -0.6344
vn 0.7731 -0.0000 -0.6343
vn 0.7728 -0.0000 -0.6346
vn -0.9571 -0.0000 0.2898
vn -0.9570 -0.0000 0.2901
vn 0.6343 -0.0000 -0.7731
vn -0.8820 -0.0000 0.4713
vn 0.4718 -0.0000 -0.8817
vn 0.0983 -0.0000 0.9952
vn -0.7731 -0.0000 0.6343
vn 0.2906 -0.0000 -0.9568
vn 0.2911 -0.0000 -0.9567
vn 0.2902 -0.0000 0.9570
vn 0.2904 -0.0000 0.9569
vn 0.2906 -0.0000 0.9568
vn -0.6343 -0.0000 0.7731
vn 0.0979 -0.0000 -0.9952
vn 0.4712 -0.0000 0.8820
vn 0.4715 -0.0000 0.8819
vn 0.4708 -0.0000 0.8822
vn -0.4714 -0.0000 0.8819
vn -0.4715 -0.0000 0.8818
vn -0.4715 -0.0000 0.8819
vn -0.0979 -0.0000 -0.9952
vn 0.8375 -0.4835 0.2545
vn 0.8376 -0.4836 0.2540
vn 0.8374 -0.4836 0.2547
vn 0.8376 -0.4835 0.2544
vn -0.6768 -0.4836 -0.5550
vn -0.6768 -0.4836 -0.5551
vn -0.6769 -0.4836 -0.5550
vn 0.8711 -0.4836 0.0854
vn 0.8711 -0.4836 0.0859
vn 0.8711 -0.4836 0.0858
vn 0.8712 -0.4833 0.0863
vn -0.7720 -0.4838 -0.4123
vn -0.7720 -0.4834 -0.4127
vn -0.7719 -0.4835 -0.4128
vn -0.7718 -0.4836 -0.4128
vn 0.8711 -0.4836 -0.0855
vn 0.8711 -0.4836 -0.0858
vn 0.8712 -0.4834 -0.0861
vn 0.8711 -0.4837 -0.0852
vn -0.8377 -0.4835 -0.2541
vn -0.8376 -0.4837 -0.2539
vn -0.8376 -0.4836 -0.2541
vn 0.8376 -0.4836 -0.2540
vn 0.8376 -0.4835 -0.2544
vn 0.8374 -0.4836 -0.2547
vn 0.8376 -0.4836 -0.2542
vn -0.8711 -0.4836 -0.0858
vn -0.8711 -0.4836 -0.0855
vn -0.8711 -0.4836 -0.0857
vn 0.7719 -0.4836 -0.4127
vn 0.7723 -0.4834 -0.4122
vn -0.8711 -0.4836 0.0859
vn -0.8711 -0.4836 0.0858
vn -0.8711 -0.4836 0.0856
vn 0.6767 -0.4836 -0.5552
vn 0.6766 -0.4836 -0.5553
vn 0.6766 -0.4834 -0.5554
vn -0.8375 -0.4836 0.2543
vn -0.8377 -0.4835 0.2538
vn -0.8376 -0.4836 0.2541
vn 0.5549 -0.4839 -0.6767
vn 0.5553 -0.4836 -0.6766
vn 0.5550 -0.4839 -0.6767
vn -0.7719 -0.4838 0.4124
vn -0.7719 -0.4836 0.4126
vn -0.7719 -0.4835 0.4127
vn -0.7719 -0.4837 0.4125
vn 0.4128 -0.4838 -0.7717
vn 0.4126 -0.4836 -0.7719
vn 0.4124 -0.4837 -0.7720
vn 0.4130 -0.4839 -0.7715
vn 0.0860 -0.4834 0.8712
vn 0.0859 -0.4836 0.8711
vn 0.0855 -0.4836 0.8711
vn 0.0857 -0.4836 0.8711
vn -0.6765 -0.4835 0.5555
vn -0.6765 -0.4834 0.5556
vn -0.6766 -0.4834 0.5555
vn -0.6768 -0.4836 0.5550
vn 0.2544 -0.4836 -0.8375
vn 0.2545 -0.4837 -0.8374
vn 0.2545 -0.4836 -0.8375
vn 0.2539 -0.4836 -0.8377
vn 0.2538 -0.4835 0.8377
vn 0.2539 -0.4838 0.8375
vn 0.2542 -0.4834 0.8377
vn 0.2540 -0.4836 0.8376
vn -0.5552 -0.4835 0.6767
vn -0.5552 -0.4834 0.6769
vn -0.5551 -0.4834 0.6769
vn -0.5551 -0.4833 0.6770
vn 0.0857 -0.4836 -0.8711
vn 0.0859 -0.4836 -0.8711
vn 0.4126 -0.4836 0.7719
vn 0.4125 -0.4836 0.7720
vn -0.4127 -0.4835 0.7720
vn -0.4130 -0.4836 0.7717
vn -0.4129 -0.4835 0.7718
vn -0.4126 -0.4834 0.7721
vn -0.0857 -0.4836 -0.8711
vn -0.0858 -0.4836 -0.8711
vn -0.0856 -0.4836 -0.8711
vn 0.5550 -0.4836 0.6768
vn 0.5550 -0.4836 0.6769
vn 0.5551 -0.4836 0.6768
vn -0.2542 -0.4835 0.8376
vn -0.2542 -0.4837 0.8375
vn -0.2538 -0.4834 0.8378
vn -0.2543 -0.4836 0.8375
vn -0.2544 -0.4836 -0.8375
vn -0.2540 -0.4836 -0.8376
vn -0.2545 -0.4836 -0.8375
vn -0.2543 -0.4837 -0.8375
vn 0.6767 -0.4836 0.5552
vn 0.6766 -0.4836 0.5553
vn 0.6767 -0.4836 0.5551
vn -0.0855 -0.4836 0.8711
vn -0.0857 -0.4836 0.8711
vn -0.0860 -0.4834 0.8712
vn -0.0858 -0.4836 0.8711
vn -0.4125 -0.4836 -0.7720
vn -0.4123 -0.4837 -0.7720
vn -0.4126 -0.4836 -0.7719
vn -0.4126 -0.4836 -0.7720
vn 0.7719 -0.4836 0.4127
vn 0.7720 -0.4836 0.4125
vn -0.5550 -0.4837 -0.6768
vn -0.5551 -0.4836 -0.6768
vn -0.5550 -0.4836 -0.6768
vn -0.5553 -0.4836 -0.6765
vn -0.9952 -0.0000 0.0981
vn -0.9952 -0.0000 0.0976
vn -0.2439 -0.8555 0.4568
vn -0.2439 -0.8554 0.4570
vn -0.2439 -0.8556 0.4565
vn -0.2439 -0.8557 0.4564
vn -0.0507 -0.8556 -0.5151
vn -0.0509 -0.8552 -0.5158
vn -0.0507 -0.8557 -0.5150
vn 0.3283 -0.8559 0.3997
vn 0.3284 -0.8555 0.4003
vn 0.3282 -0.8560 0.3994
vn -0.1502 -0.8557 0.4953
vn -0.1502 -0.8556 0.4953
vn -0.1502 -0.8558 -0.4951
vn -0.1502 -0.8556 -0.4953
vn -0.1502 -0.8555 -0.4954
vn -0.1502 -0.8557 -0.4951
vn 0.4001 -0.8556 0.3283
vn 0.4001 -0.8556 0.3284
vn 0.4000 -0.8557 0.3282
vn -0.0507 -0.8556 0.5152
vn -0.0507 -0.8557 0.5150
vn -0.0507 -0.8555 0.5154
vn -0.0508 -0.8554 0.5155
vn -0.2441 -0.8556 -0.4566
vn -0.2440 -0.8557 -0.4563
vn -0.2440 -0.8556 -0.4566
vn -0.2441 -0.8554 -0.4569
vn 0.4569 -0.8553 0.2442
vn 0.4564 -0.8557 0.2440
vn 0.4565 -0.8556 0.2441
vn -0.3282 -0.8557 -0.4000
vn -0.3284 -0.8556 -0.4002
vn -0.3283 -0.8557 -0.4001
vn 0.4953 -0.8556 0.1503
vn 0.4953 -0.8556 0.1502
vn 0.4954 -0.8556 0.1503
vn 0.4957 -0.8554 0.1505
vn -0.4003 -0.8555 -0.3284
vn -0.3999 -0.8558 -0.3281
vn -0.4002 -0.8556 -0.3283
vn -0.4007 -0.8553 -0.3285
vn 0.5152 -0.8556 0.0507
vn 0.5154 -0.8554 0.0507
vn 0.5151 -0.8556 0.0507
vn -0.4566 -0.8556 -0.2440
vn -0.4573 -0.8551 -0.2443
vn -0.4568 -0.8554 -0.2443
vn -0.4566 -0.8555 -0.2443
vn 0.5151 -0.8556 -0.0507
vn 0.5152 -0.8556 -0.0507
vn -0.4952 -0.8557 -0.1501
vn -0.4951 -0.8558 -0.1502
vn -0.4953 -0.8556 -0.1502
vn -0.4957 -0.8554 -0.1502
vn 0.4952 -0.8557 -0.1501
vn 0.4952 -0.8557 -0.1502
vn 0.4953 -0.8556 -0.1503
vn 0.4957 -0.8553 -0.1505
vn -0.5152 -0.8556 -0.0507
vn -0.5147 -0.8559 -0.0507
vn -0.5157 -0.8553 -0.0507
vn 0.4564 -0.8557 -0.2440
vn 0.4568 -0.8555 -0.2440
vn -0.5155 -0.8554 0.0508
vn -0.5157 -0.8553 0.0508
vn -0.5152 -0.8556 0.0507
vn 0.4005 -0.8554 -0.3286
vn 0.4002 -0.8556 -0.3283
vn 0.4004 -0.8555 -0.3283
vn 0.4004 -0.8556 -0.3282
vn -0.4953 -0.8556 0.1502
vn -0.4953 -0.8556 0.1503
vn -0.4952 -0.8557 0.1502
vn 0.3284 -0.8555 -0.4003
vn 0.3284 -0.8556 -0.4002
vn 0.3284 -0.8556 -0.4001
vn -0.4568 -0.8554 0.2442
vn -0.4565 -0.8556 0.2441
vn -0.4569 -0.8553 0.2442
vn -0.4569 -0.8554 0.2441
vn 0.2443 -0.8554 -0.4567
vn 0.2443 -0.8554 -0.4568
vn 0.2443 -0.8555 -0.4566
vn 0.0507 -0.8557 0.5150
vn 0.0507 -0.8555 0.5153
vn 0.0508 -0.8552 0.5158
vn -0.4002 -0.8556 0.3283
vn -0.3999 -0.8557 0.3283
vn -0.4001 -0.8557 0.3283
vn -0.4000 -0.8557 0.3282
vn 0.1502 -0.8557 -0.4952
vn 0.1502 -0.8555 -0.4954
vn 0.1501 -0.8557 -0.4952
vn 0.1502 -0.8557 0.4953
vn 0.1501 -0.8557 0.4952
vn 0.1502 -0.8556 0.4953
vn -0.3287 -0.8556 0.4000
vn -0.3286 -0.8556 0.3999
vn -0.3287 -0.8554 0.4003
vn -0.3284 -0.8556 0.4002
vn 0.0507 -0.8555 -0.5153
vn 0.0508 -0.8553 -0.5156
vn 0.0507 -0.8555 -0.5154
vn 0.0507 -0.8556 -0.5152
vn 0.2441 -0.8555 0.4566
vn 0.2441 -0.8556 0.4565
vn 0.2436 -0.8559 0.4562
vn 0.2434 -0.8560 0.4561
vn -0.9569 -0.0000 0.2903
vn -0.8818 -0.0000 0.4716
vn 0.4716 -0.0000 -0.8818
vn 0.0980 -0.0000 0.9952
vn 0.2903 -0.0000 -0.9569
vn 0.2903 -0.0000 0.9569
vn -0.6344 -0.0000 0.7730
vn 0.0980 -0.0000 -0.9952
vn -0.4708 -0.0000 0.8822
vn -0.4711 -0.0000 0.8821
vn -0.0981 -0.0000 -0.9952
vn 0.6342 -0.0000 0.7731
vn 0.6342 -0.0000 0.7732
vn -0.2903 -0.0000 0.9569
vn -0.2903 -0.0000 -0.9569
vn -0.0981 -0.0000 0.9952
vn -0.0978 -0.0000 0.9952
vn -0.4716 -0.0000 -0.8818
vn 0.8818 -0.0000 0.4716
vn 0.9569 -0.0000 0.2903
vn 0.9952 -0.0000 0.0981
vn -0.8820 -0.0000 -0.4712
vn -0.9569 -0.0000 -0.2905
vn 0.8820 -0.0000 -0.4712
vt 0.000000 0.000000
s 1
g off
usemtl Goddard_None.001
f 1/1/1 2/1/2 3/1/3
f 3/1/3 4/1/4 1/1/1
f 4/1/4 3/1/3 5/1/5
f 5/1/5 6/1/6 4/1/4
f 4/1/7 7/1/8 8/1/9
f 8/1/9 1/1/10 4/1/7
f 9/1/11 7/1/8 4/1/7
f 4/1/7 6/1/12 9/1/11
f 10/1/13 11/1/13 12/1/13
f 12/1/13 2/1/13 10/1/13
f 13/1/14 3/1/15 2/1/15
f 2/1/15 12/1/15 13/1/14
f 13/1/16 14/1/16 5/1/16
f 5/1/16 3/1/16 13/1/16
f 5/1/17 14/1/17 15/1/17
f 15/1/17 16/1/17 5/1/17
f 17/1/18 6/1/6 5/1/5
f 5/1/5 16/1/19 17/1/18
f 17/1/20 18/1/21 9/1/11
f 9/1/11 6/1/12 17/1/20
f 19/1/22 9/1/23 18/1/24
f 18/1/24 20/1/23 19/1/22
f 9/1/25 19/1/26 21/1/26
f 21/1/26 7/1/26 9/1/25
f 7/1/27 21/1/28 22/1/29
f 22/1/29 8/1/30 7/1/27
f 22/1/31 23/1/32 24/1/33
f 24/1/33 8/1/34 22/1/31
f 1/1/10 8/1/9 24/1/35
f 24/1/35 25/1/36 1/1/10
f 10/1/37 2/1/2 1/1/1
f 1/1/1 25/1/38 10/1/37
f 26/1/39 27/1/40 28/1/41
f 28/1/41 29/1/42 26/1/39
f 30/1/43 31/1/44 27/1/45
f 27/1/45 26/1/46 30/1/43
f 27/1/40 32/1/47 33/1/48
f 33/1/48 28/1/41 27/1/40
f 27/1/45 31/1/44 34/1/49
f 34/1/49 32/1/50 27/1/45
f 35/1/51 29/1/51 36/1/51
f 36/1/51 37/1/51 35/1/51
f 26/1/39 29/1/42 35/1/52
f 35/1/52 38/1/53 26/1/39
f 39/1/54 30/1/43 26/1/46
f 26/1/46 38/1/55 39/1/54
f 30/1/56 39/1/57 40/1/56
f 40/1/56 41/1/58 30/1/56
f 42/1/59 31/1/60 30/1/60
f 30/1/60 41/1/60 42/1/59
f 43/1/61 34/1/61 31/1/61
f 31/1/61 42/1/61 43/1/61
f 44/1/62 34/1/63 43/1/62
f 43/1/62 45/1/62 44/1/62
f 44/1/64 46/1/65 32/1/50
f 32/1/50 34/1/49 44/1/64
f 32/1/47 46/1/66 47/1/67
f 47/1/67 33/1/48 32/1/47
f 48/1/68 33/1/68 47/1/68
f 47/1/68 49/1/69 48/1/68
f 28/1/70 33/1/71 48/1/70
f 48/1/70 50/1/70 28/1/70
f 29/1/72 28/1/73 50/1/74
f 50/1/74 36/1/75 29/1/72
f 51/1/76 52/1/77 53/1/78
f 53/1/78 54/1/79 51/1/76
f 55/1/80 56/1/81 52/1/82
f 52/1/82 51/1/83 55/1/80
f 52/1/77 57/1/84 58/1/85
f 58/1/85 53/1/78 52/1/77
f 52/1/82 56/1/81 59/1/86
f 59/1/86 57/1/87 52/1/82
f 54/1/88 60/1/88 61/1/88
f 61/1/88 62/1/89 54/1/88
f 62/1/90 63/1/91 51/1/76
f 51/1/76 54/1/79 62/1/90
f 55/1/80 51/1/83 63/1/92
f 63/1/92 64/1/93 55/1/80
f 64/1/94 65/1/94 66/1/95
f 66/1/95 55/1/95 64/1/94
f 67/1/96 56/1/97 55/1/96
f 55/1/96 66/1/97 67/1/96
f 68/1/98 59/1/98 56/1/98
f 56/1/98 67/1/98 68/1/98
f 39/1/99 59/1/99 68/1/99
f 68/1/99 40/1/99 39/1/99
f 38/1/55 57/1/87 59/1/86
f 59/1/86 39/1/54 38/1/55
f 38/1/53 35/1/52 58/1/85
f 58/1/85 57/1/84 38/1/53
f 35/1/100 37/1/100 69/1/100
f 69/1/100 58/1/101 35/1/100
f 53/1/102 58/1/102 69/1/102
f 69/1/102 70/1/103 53/1/102
f 54/1/104 53/1/104 70/1/104
f 70/1/104 60/1/104 54/1/104
f 71/1/105 72/1/106 73/1/107
f 73/1/107 74/1/108 71/1/105
f 75/1/109 76/1/110 72/1/111
f 72/1/111 71/1/112 75/1/109
f 72/1/106 77/1/113 78/1/114
f 78/1/114 73/1/107 72/1/106
f 72/1/111 76/1/110 79/1/115
f 79/1/115 77/1/116 72/1/111
f 80/1/117 81/1/117 82/1/117
f 82/1/117 74/1/117 80/1/117
f 71/1/105 74/1/108 82/1/118
f 82/1/118 83/1/119 71/1/105
f 75/1/109 71/1/112 83/1/120
f 83/1/120 84/1/121 75/1/109
f 84/1/122 85/1/122 86/1/122
f 86/1/122 75/1/123 84/1/122
f 87/1/124 76/1/125 75/1/126
f 75/1/126 86/1/127 87/1/124
f 88/1/128 79/1/129 76/1/128
f 76/1/128 87/1/128 88/1/128
f 65/1/130 64/1/131 79/1/132
f 79/1/132 88/1/133 65/1/130
f 63/1/92 77/1/116 79/1/115
f 79/1/115 64/1/93 63/1/92
f 63/1/91 62/1/90 78/1/114
f 78/1/114 77/1/113 63/1/91
f 62/1/134 61/1/134 89/1/134
f 89/1/134 78/1/134 62/1/134
f 78/1/135 89/1/135 90/1/135
f 90/1/135 73/1/136 78/1/135
f 74/1/137 73/1/138 90/1/139
f 90/1/139 80/1/137 74/1/137
f 91/1/140 92/1/141 93/1/142
f 93/1/142 94/1/143 91/1/140
f 95/1/144 96/1/145 92/1/146
f 92/1/146 91/1/147 95/1/144
f 92/1/141 97/1/148 98/1/149
f 98/1/149 93/1/142 92/1/141
f 92/1/146 96/1/145 99/1/150
f 99/1/150 97/1/151 92/1/146
f 94/1/152 100/1/152 101/1/152
f 101/1/152 102/1/152 94/1/152
f 94/1/143 102/1/153 103/1/154
f 103/1/154 91/1/140 94/1/143
f 103/1/155 104/1/156 95/1/144
f 95/1/144 91/1/147 103/1/155
f 105/1/157 95/1/157 104/1/158
f 104/1/158 106/1/157 105/1/157
f 96/1/159 95/1/159 105/1/159
f 105/1/159 107/1/159 96/1/159
f 108/1/160 99/1/161 96/1/161
f 96/1/161 107/1/160 108/1/160
f 85/1/162 84/1/162 99/1/163
f 99/1/163 108/1/163 85/1/162
f 83/1/120 97/1/151 99/1/150
f 99/1/150 84/1/121 83/1/120
f 83/1/119 82/1/118 98/1/149
f 98/1/149 97/1/148 83/1/119
f 82/1/164 81/1/164 109/1/164
f 109/1/164 98/1/164 82/1/164
f 98/1/165 109/1/165 110/1/165
f 110/1/165 93/1/165 98/1/165
f 100/1/166 94/1/166 93/1/166
f 93/1/166 110/1/166 100/1/166
f 111/1/167 112/1/168 113/1/169
f 113/1/169 114/1/170 111/1/167
f 115/1/171 116/1/172 112/1/173
f 112/1/173 111/1/174 115/1/171
f 112/1/168 117/1/175 118/1/176
f 118/1/176 113/1/169 112/1/168
f 112/1/173 116/1/172 119/1/177
f 119/1/177 117/1/178 112/1/173
f 114/1/179 120/1/180 121/1/180
f 121/1/180 122/1/180 114/1/179
f 114/1/170 122/1/181 123/1/182
f 123/1/182 111/1/167 114/1/170
f 115/1/171 111/1/174 123/1/183
f 123/1/183 124/1/184 115/1/171
f 124/1/185 125/1/185 126/1/186
f 126/1/186 115/1/186 124/1/185
f 116/1/187 115/1/188 126/1/188
f 126/1/188 127/1/188 116/1/187
f 128/1/189 119/1/189 116/1/190
f 116/1/190 127/1/189 128/1/189
f 104/1/191 119/1/191 128/1/191
f 128/1/191 106/1/191 104/1/191
f 117/1/178 119/1/177 104/1/156
f 104/1/156 103/1/155 117/1/178
f 103/1/154 102/1/153 118/1/176
f 118/1/176 117/1/175 103/1/154
f 102/1/192 101/1/192 129/1/193
f 129/1/193 118/1/193 102/1/192
f 118/1/194 129/1/194 130/1/194
f 130/1/194 113/1/194 118/1/194
f 120/1/195 114/1/195 113/1/195
f 113/1/195 130/1/195 120/1/195
f 131/1/196 132/1/197 133/1/198
f 133/1/198 134/1/199 131/1/196
f 135/1/200 136/1/201 132/1/202
f 132/1/202 131/1/203 135/1/200
f 132/1/197 137/1/204 138/1/205
f 138/1/205 133/1/198 132/1/197
f 132/1/202 136/1/201 139/1/206
f 139/1/206 137/1/207 132/1/202
f 134/1/208 140/1/208 141/1/209
f 141/1/209 142/1/210 134/1/208
f 134/1/199 142/1/211 143/1/212
f 143/1/212 131/1/196 134/1/199
f 135/1/200 131/1/203 143/1/213
f 143/1/213 144/1/214 135/1/200
f 144/1/215 145/1/215 146/1/215
f 146/1/215 135/1/215 144/1/215
f 136/1/216 135/1/217 146/1/217
f 146/1/217 147/1/217 136/1/216
f 148/1/218 139/1/218 136/1/218
f 136/1/218 147/1/218 148/1/218
f 124/1/219 139/1/220 148/1/220
f 148/1/220 125/1/221 124/1/219
f 123/1/183 137/1/207 139/1/206
f 139/1/206 124/1/184 123/1/183
f 123/1/182 122/1/181 138/1/205
f 138/1/205 137/1/204 123/1/182
f 122/1/222 121/1/223 149/1/223
f 149/1/223 138/1/223 122/1/222
f 138/1/224 149/1/224 150/1/225
f 150/1/225 133/1/224 138/1/224
f 140/1/226 134/1/226 133/1/226
f 133/1/226 150/1/226 140/1/226
f 151/1/227 152/1/228 153/1/229
f 153/1/229 154/1/230 151/1/227
f 155/1/231 156/1/232 152/1/233
f 152/1/233 151/1/234 155/1/231
f 152/1/228 157/1/235 158/1/236
f 158/1/236 153/1/229 152/1/228
f 152/1/233 156/1/232 159/1/237
f 159/1/237 157/1/238 152/1/233
f 154/1/239 160/1/240 161/1/241
f 161/1/241 162/1/241 154/1/239
f 154/1/230 162/1/242 163/1/243
f 163/1/243 151/1/227 154/1/230
f 155/1/231 151/1/234 163/1/244
f 163/1/244 164/1/245 155/1/231
f 164/1/246 165/1/246 166/1/246
f 166/1/246 155/1/246 164/1/246
f 156/1/247 155/1/247 166/1/247
f 166/1/247 167/1/247 156/1/247
f 168/1/248 159/1/248 156/1/249
f 156/1/249 167/1/249 168/1/248
f 144/1/250 159/1/251 168/1/252
f 168/1/252 145/1/253 144/1/250
f 143/1/213 157/1/238 159/1/237
f 159/1/237 144/1/214 143/1/213
f 143/1/212 142/1/211 158/1/236
f 158/1/236 157/1/235 143/1/212
f 142/1/254 141/1/255 169/1/255
f 169/1/255 158/1/255 142/1/254
f 158/1/256 169/1/257 170/1/257
f 170/1/257 153/1/257 158/1/256
f 160/1/258 154/1/259 153/1/260
f 153/1/260 170/1/261 160/1/258
f 171/1/262 172/1/263 173/1/264
f 173/1/264 174/1/265 171/1/262
f 175/1/266 176/1/267 172/1/268
f 172/1/268 171/1/269 175/1/266
f 172/1/263 177/1/270 178/1/271
f 178/1/271 173/1/264 172/1/263
f 172/1/268 176/1/267 179/1/272
f 179/1/272 177/1/273 172/1/268
f 174/1/274 180/1/274 181/1/274
f 181/1/274 182/1/274 174/1/274
f 174/1/265 182/1/275 183/1/275
f 183/1/275 171/1/262 174/1/265
f 175/1/266 171/1/269 183/1/276
f 183/1/276 184/1/277 175/1/266
f 185/1/278 175/1/278 184/1/278
f 184/1/278 186/1/278 185/1/278
f 176/1/279 175/1/279 185/1/279
f 185/1/279 187/1/279 176/1/279
f 188/1/280 179/1/280 176/1/280
f 176/1/280 187/1/280 188/1/280
f 164/1/281 179/1/281 188/1/282
f 188/1/282 165/1/281 164/1/281
f 163/1/244 177/1/273 179/1/272
f 179/1/272 164/1/245 163/1/244
f 163/1/243 162/1/242 178/1/271
f 178/1/271 177/1/270 163/1/243
f 162/1/283 161/1/283 189/1/283
f 189/1/283 178/1/283 162/1/283
f 178/1/284 189/1/285 190/1/286
f 190/1/286 173/1/286 178/1/284
f 180/1/287 174/1/287 173/1/287
f 173/1/287 190/1/287 180/1/287
f 191/1/288 192/1/289 193/1/290
f 193/1/290 194/1/291 191/1/288
f 195/1/292 196/1/293 192/1/294
f 192/1/294 191/1/295 195/1/292
f 192/1/289 197/1/296 198/1/297
f 198/1/297 193/1/290 192/1/289
f 192/1/294 196/1/293 199/1/298
f 199/1/298 197/1/299 192/1/294
f 194/1/300 200/1/300 201/1/300
f 201/1/300 202/1/300 194/1/300
f 194/1/291 202/1/301 203/1/302
f 203/1/302 191/1/288 194/1/291
f 195/1/292 191/1/295 203/1/303
f 203/1/303 204/1/304 195/1/292
f 205/1/305 195/1/306 204/1/306
f 204/1/306 206/1/306 205/1/305
f 196/1/307 195/1/307 205/1/307
f 205/1/307 207/1/307 196/1/307
f 208/1/308 199/1/308 196/1/309
f 196/1/309 207/1/308 208/1/308
f 186/1/310 184/1/310 199/1/310
f 199/1/310 208/1/310 186/1/310
f 183/1/276 197/1/299 199/1/298
f 199/1/298 184/1/277 183/1/276
f 183/1/275 182/1/275 198/1/297
f 198/1/297 197/1/296 183/1/275
f 182/1/311 181/1/312 209/1/312
f 209/1/312 198/1/312 182/1/311
f 198/1/313 209/1/313 210/1/313
f 210/1/313 193/1/313 198/1/313
f 200/1/314 194/1/315 193/1/315
f 193/1/315 210/1/314 200/1/314
f 211/1/316 212/1/317 213/1/318
f 213/1/318 214/1/319 211/1/316
f 215/1/320 216/1/321 212/1/322
f 212/1/322 211/1/323 215/1/320
f 212/1/317 217/1/324 218/1/325
f 218/1/325 213/1/318 212/1/317
f 212/1/322 216/1/321 219/1/326
f 219/1/326 217/1/327 212/1/322
f 214/1/328 220/1/328 221/1/328
f 221/1/328 222/1/329 214/1/328
f 214/1/319 222/1/330 223/1/331
f 223/1/331 211/1/316 214/1/319
f 215/1/320 211/1/323 223/1/332
f 223/1/332 224/1/333 215/1/320
f 225/1/334 215/1/335 224/1/334
f 224/1/334 226/1/336 225/1/334
f 216/1/337 215/1/337 225/1/338
f 225/1/338 227/1/338 216/1/337
f 228/1/339 219/1/339 216/1/339
f 216/1/339 227/1/339 228/1/339
f 206/1/340 204/1/340 219/1/340
f 219/1/340 228/1/340 206/1/340
f 203/1/303 217/1/327 219/1/326
f 219/1/326 204/1/304 203/1/303
f 203/1/302 202/1/301 218/1/325
f 218/1/325 217/1/324 203/1/302
f 202/1/341 201/1/341 229/1/341
f 229/1/341 218/1/342 202/1/341
f 218/1/343 229/1/344 230/1/345
f 230/1/345 213/1/346 218/1/343
f 220/1/347 214/1/347 213/1/347
f 213/1/347 230/1/347 220/1/347
f 231/1/348 232/1/349 233/1/350
f 233/1/350 234/1/351 231/1/348
f 235/1/352 236/1/353 232/1/354
f 232/1/354 231/1/355 235/1/352
f 232/1/349 237/1/356 238/1/357
f 238/1/357 233/1/350 232/1/349
f 232/1/354 236/1/353 239/1/358
f 239/1/358 237/1/359 232/1/354
f 234/1/360 240/1/361 241/1/362
f 241/1/362 242/1/360 234/1/360
f 234/1/351 242/1/363 243/1/364
f 243/1/364 231/1/348 234/1/351
f 235/1/352 231/1/355 243/1/365
f 243/1/365 244/1/366 235/1/352
f 245/1/367 235/1/368 244/1/369
f 244/1/369 246/1/368 245/1/367
f 236/1/370 235/1/370 245/1/370
f 245/1/370 247/1/370 236/1/370
f 248/1/371 239/1/372 236/1/373
f 236/1/373 247/1/374 248/1/371
f 226/1/375 224/1/375 239/1/375
f 239/1/375 248/1/375 226/1/375
f 223/1/332 237/1/359 239/1/358
f 239/1/358 224/1/333 223/1/332
f 223/1/331 222/1/330 238/1/357
f 238/1/357 237/1/356 223/1/331
f 222/1/376 221/1/376 249/1/377
f 249/1/377 238/1/376 222/1/376
f 238/1/378 249/1/378 250/1/378
f 250/1/378 233/1/378 238/1/378
f 240/1/379 234/1/379 233/1/379
f 233/1/379 250/1/380 240/1/379
f 251/1/381 252/1/382 253/1/383
f 253/1/383 254/1/384 251/1/381
f 255/1/385 256/1/386 252/1/387
f 252/1/387 251/1/388 255/1/385
f 252/1/382 257/1/389 258/1/390
f 258/1/390 253/1/383 252/1/382
f 252/1/387 256/1/386 259/1/391
f 259/1/391 257/1/392 252/1/387
f 254/1/393 260/1/393 261/1/393
f 261/1/393 262/1/393 254/1/393
f 254/1/384 262/1/394 263/1/395
f 263/1/395 251/1/381 254/1/384
f 255/1/385 251/1/388 263/1/396
f 263/1/396 264/1/397 255/1/385
f 265/1/398 255/1/399 264/1/400
f 264/1/400 266/1/399 265/1/398
f 256/1/401 255/1/402 265/1/403
f 265/1/403 267/1/401 256/1/401
f 268/1/404 259/1/404 256/1/405
f 256/1/405 267/1/404 268/1/404
f 246/1/406 244/1/406 259/1/406
f 259/1/406 268/1/406 246/1/406
f 243/1/365 257/1/392 259/1/391
f 259/1/391 244/1/366 243/1/365
f 243/1/364 242/1/363 258/1/390
f 258/1/390 257/1/389 243/1/364
f 242/1/407 241/1/407 269/1/408
f 269/1/408 258/1/407 242/1/407
f 258/1/409 269/1/409 270/1/409
f 270/1/409 253/1/409 258/1/409
f 260/1/410 254/1/411 253/1/411
f 253/1/411 270/1/411 260/1/410
f 271/1/412 272/1/413 273/1/414
f 273/1/414 274/1/415 271/1/412
f 275/1/416 276/1/417 272/1/418
f 272/1/418 271/1/419 275/1/416
f 272/1/413 277/1/420 278/1/421
f 278/1/421 273/1/414 272/1/413
f 272/1/418 276/1/417 279/1/422
f 279/1/422 277/1/423 272/1/418
f 274/1/424 280/1/424 281/1/424
f 281/1/424 282/1/424 274/1/424
f 274/1/415 282/1/425 283/1/426
f 283/1/426 271/1/412 274/1/415
f 275/1/416 271/1/419 283/1/427
f 283/1/427 284/1/428 275/1/416
f 285/1/429 275/1/430 284/1/429
f 284/1/429 286/1/429 285/1/429
f 276/1/431 275/1/431 285/1/431
f 285/1/431 287/1/431 276/1/431
f 288/1/432 279/1/433 276/1/434
f 276/1/434 287/1/433 288/1/432
f 266/1/435 264/1/436 279/1/436
f 279/1/436 288/1/436 266/1/435
f 263/1/396 277/1/423 279/1/422
f 279/1/422 264/1/397 263/1/396
f 263/1/395 262/1/394 278/1/421
f 278/1/421 277/1/420 263/1/395
f 262/1/437 261/1/437 289/1/437
f 289/1/437 278/1/437 262/1/437
f 278/1/438 289/1/438 290/1/439
f 290/1/439 273/1/438 278/1/438
f 280/1/440 274/1/440 273/1/440
f 273/1/440 290/1/440 280/1/440
f 291/1/441 292/1/442 293/1/443
f 293/1/443 294/1/444 291/1/441
f 295/1/445 296/1/446 292/1/447
f 292/1/447 291/1/448 295/1/445
f 292/1/442 297/1/449 298/1/450
f 298/1/450 293/1/443 292/1/442
f 292/1/447 296/1/446 299/1/451
f 299/1/451 297/1/452 292/1/447
f 294/1/453 300/1/453 301/1/453
f 301/1/453 302/1/453 294/1/453
f 294/1/444 302/1/454 303/1/455
f 303/1/455 291/1/441 294/1/444
f 295/1/445 291/1/448 303/1/456
f 303/1/456 304/1/457 295/1/445
f 305/1/458 295/1/459 304/1/458
f 304/1/458 306/1/459 305/1/458
f 296/1/460 295/1/461 305/1/462
f 305/1/462 307/1/463 296/1/460
f 308/1/464 299/1/464 296/1/464
f 296/1/464 307/1/465 308/1/464
f 286/1/466 284/1/466 299/1/466
f 299/1/466 308/1/466 286/1/466
f 283/1/427 297/1/452 299/1/451
f 299/1/451 284/1/428 283/1/427
f 283/1/426 282/1/425 298/1/450
f 298/1/450 297/1/449 283/1/426
f 282/1/467 281/1/467 309/1/467
f 309/1/467 298/1/468 282/1/467
f 298/1/469 309/1/469 310/1/469
f 310/1/469 293/1/469 298/1/469
f 300/1/470 294/1/471 293/1/471
f 293/1/471 310/1/471 300/1/470
f 311/1/472 312/1/473 313/1/474
f 313/1/474 314/1/475 311/1/472
f 315/1/476 316/1/477 312/1/478
f 312/1/478 311/1/479 315/1/476
f 312/1/473 317/1/480 318/1/481
f 318/1/481 313/1/474 312/1/473
f 312/1/478 316/1/477 319/1/482
f 319/1/482 317/1/483 312/1/478
f 314/1/484 320/1/485 321/1/485
f 321/1/485 322/1/485 314/1/484
f 314/1/475 322/1/486 323/1/487
f 323/1/487 311/1/472 314/1/475
f 315/1/476 311/1/479 323/1/488
f 323/1/488 324/1/489 315/1/476
f 325/1/490 315/1/490 324/1/490
f 324/1/490 326/1/490 325/1/490
f 316/1/491 315/1/491 325/1/491
f 325/1/491 327/1/491 316/1/491
f 328/1/492 319/1/492 316/1/492
f 316/1/492 327/1/492 328/1/492
f 306/1/493 304/1/493 319/1/493
f 319/1/493 328/1/493 306/1/493
f 303/1/456 317/1/483 319/1/482
f 319/1/482 304/1/457 303/1/456
f 303/1/455 302/1/454 318/1/481
f 318/1/481 317/1/480 303/1/455
f 302/1/494 301/1/494 329/1/494
f 329/1/494 318/1/494 302/1/494
f 318/1/495 329/1/496 330/1/496
f 330/1/496 313/1/495 318/1/495
f 320/1/497 314/1/497 313/1/497
f 313/1/497 330/1/497 320/1/497
f 331/1/498 332/1/499 333/1/500
f 333/1/500 334/1/501 331/1/498
f 335/1/502 336/1/503 332/1/504
f 332/1/504 331/1/505 335/1/502
f 332/1/499 337/1/506 338/1/507
f 338/1/507 333/1/500 332/1/499
f 332/1/504 336/1/503 339/1/508
f 339/1/508 337/1/509 332/1/504
f 334/1/510 340/1/511 341/1/511
f 341/1/511 342/1/512 334/1/510
f 334/1/501 342/1/513 343/1/514
f 343/1/514 331/1/498 334/1/501
f 335/1/502 331/1/505 343/1/515
f 343/1/515 344/1/516 335/1/502
f 345/1/517 335/1/517 344/1/517
f 344/1/517 346/1/517 345/1/517
f 336/1/518 335/1/518 345/1/518
f 345/1/518 347/1/518 336/1/518
f 348/1/519 339/1/520 336/1/520
f 336/1/520 347/1/520 348/1/519
f 326/1/521 324/1/522 339/1/521
f 339/1/521 348/1/521 326/1/521
f 323/1/488 337/1/509 339/1/508
f 339/1/508 324/1/489 323/1/488
f 323/1/487 322/1/486 338/1/507
f 338/1/507 337/1/506 323/1/487
f 322/1/523 321/1/524 349/1/524
f 349/1/524 338/1/525 322/1/523
f 338/1/526 349/1/526 350/1/526
f 350/1/526 333/1/526 338/1/526
f 340/1/527 334/1/528 333/1/527
f 333/1/527 350/1/527 340/1/527
f 351/1/529 352/1/530 353/1/531
f 353/1/531 354/1/532 351/1/529
f 355/1/533 356/1/534 352/1/535
f 352/1/535 351/1/536 355/1/533
f 352/1/530 357/1/537 358/1/538
f 358/1/538 353/1/531 352/1/530
f 352/1/535 356/1/534 359/1/539
f 359/1/539 357/1/540 352/1/535
f 354/1/56 360/1/56 361/1/56
f 361/1/56 362/1/56 354/1/56
f 354/1/532 362/1/541 363/1/542
f 363/1/542 351/1/529 354/1/532
f 355/1/533 351/1/536 363/1/543
f 363/1/543 364/1/544 355/1/533
f 365/1/545 355/1/546 364/1/547
f 364/1/547 366/1/548 365/1/545
f 356/1/72 355/1/72 365/1/72
f 365/1/72 367/1/72 356/1/72
f 368/1/70 359/1/549 356/1/70
f 356/1/70 367/1/70 368/1/70
f 346/1/550 344/1/69 359/1/69
f 359/1/69 368/1/69 346/1/550
f 343/1/515 357/1/540 359/1/539
f 359/1/539 344/1/516 343/1/515
f 343/1/514 342/1/513 358/1/538
f 358/1/538 357/1/537 343/1/514
f 342/1/62 341/1/62 369/1/551
f 369/1/551 358/1/62 342/1/62
f 358/1/61 369/1/61 370/1/61
f 370/1/61 353/1/61 358/1/61
f 360/1/552 354/1/553 353/1/554
f 353/1/554 370/1/555 360/1/552
f 371/1/556 372/1/557 373/1/558
f 373/1/558 374/1/559 371/1/556
f 375/1/560 376/1/561 372/1/562
f 372/1/562 371/1/563 375/1/560
f 372/1/557 377/1/564 378/1/565
f 378/1/565 373/1/558 372/1/557
f 372/1/562 376/1/561 379/1/566
f 379/1/566 377/1/567 372/1/562
f 374/1/95 380/1/95 381/1/95
f 381/1/95 382/1/95 374/1/95
f 374/1/559 382/1/568 383/1/569
f 383/1/569 371/1/556 374/1/559
f 375/1/560 371/1/563 383/1/570
f 383/1/570 384/1/571 375/1/560
f 385/1/88 375/1/88 384/1/88
f 384/1/88 386/1/88 385/1/88
f 376/1/572 375/1/572 385/1/572
f 385/1/572 387/1/573 376/1/572
f 388/1/574 379/1/102 376/1/575
f 376/1/575 387/1/102 388/1/574
f 366/1/101 364/1/576 379/1/101
f 379/1/101 388/1/101 366/1/101
f 363/1/543 377/1/567 379/1/566
f 379/1/566 364/1/544 363/1/543
f 363/1/542 362/1/541 378/1/565
f 378/1/565 377/1/564 363/1/542
f 362/1/99 361/1/99 389/1/99
f 389/1/99 378/1/99 362/1/99
f 378/1/577 389/1/98 390/1/98
f 390/1/98 373/1/98 378/1/577
f 380/1/96 374/1/96 373/1/96
f 373/1/96 390/1/578 380/1/96
f 391/1/579 392/1/580 393/1/581
f 393/1/581 394/1/582 391/1/579
f 395/1/583 396/1/584 392/1/585
f 392/1/585 391/1/586 395/1/583
f 392/1/580 397/1/587 398/1/588
f 398/1/588 393/1/581 392/1/580
f 392/1/585 396/1/584 399/1/589
f 399/1/589 397/1/590 392/1/585
f 394/1/591 400/1/592 401/1/593
f 401/1/593 402/1/123 394/1/591
f 394/1/582 402/1/594 403/1/595
f 403/1/595 391/1/579 394/1/582
f 395/1/583 391/1/586 403/1/596
f 403/1/596 404/1/597 395/1/583
f 405/1/117 395/1/117 404/1/117
f 404/1/117 406/1/117 405/1/117
f 396/1/598 395/1/599 405/1/600
f 405/1/600 407/1/601 396/1/598
f 408/1/135 399/1/135 396/1/135
f 396/1/135 407/1/135 408/1/135
f 386/1/134 384/1/134 399/1/134
f 399/1/134 408/1/134 386/1/134
f 383/1/570 397/1/590 399/1/589
f 399/1/589 384/1/571 383/1/570
f 383/1/569 382/1/568 398/1/588
f 398/1/588 397/1/587 383/1/569
f 382/1/602 381/1/602 409/1/602
f 409/1/602 398/1/602 382/1/602
f 398/1/128 409/1/128 410/1/128
f 410/1/128 393/1/128 398/1/128
f 400/1/603 394/1/604 393/1/125
f 393/1/125 410/1/125 400/1/603
f 411/1/605 412/1/606 413/1/607
f 413/1/607 414/1/608 411/1/605
f 415/1/609 416/1/610 412/1/611
f 412/1/611 411/1/612 415/1/609
f 412/1/606 417/1/613 418/1/614
f 418/1/614 413/1/607 412/1/606
f 412/1/611 416/1/610 419/1/615
f 419/1/615 417/1/616 412/1/611
f 414/1/617 420/1/618 421/1/157
f 421/1/157 422/1/157 414/1/617
f 414/1/608 422/1/619 423/1/620
f 423/1/620 411/1/605 414/1/608
f 415/1/609 411/1/612 423/1/621
f 423/1/621 424/1/622 415/1/609
f 425/1/152 415/1/152 424/1/152
f 424/1/152 426/1/152 425/1/152
f 416/1/166 415/1/166 425/1/166
f 425/1/166 427/1/166 416/1/166
f 428/1/623 419/1/165 416/1/165
f 416/1/165 427/1/165 428/1/623
f 406/1/624 404/1/164 419/1/164
f 419/1/164 428/1/164 406/1/624
f 403/1/596 417/1/616 419/1/615
f 419/1/615 404/1/597 403/1/596
f 403/1/595 402/1/594 418/1/614
f 418/1/614 417/1/613 403/1/595
f 402/1/625 401/1/626 429/1/627
f 429/1/627 418/1/628 402/1/625
f 418/1/629 429/1/630 430/1/160
f 430/1/160 413/1/160 418/1/629
f 420/1/631 414/1/159 413/1/159
f 413/1/159 430/1/159 420/1/631
f 431/1/632 432/1/633 433/1/634
f 433/1/634 434/1/635 431/1/632
f 435/1/636 436/1/637 432/1/638
f 432/1/638 431/1/639 435/1/636
f 432/1/633 437/1/640 438/1/641
f 438/1/641 433/1/634 432/1/633
f 432/1/638 436/1/637 439/1/642
f 439/1/642 437/1/643 432/1/638
f 434/1/186 440/1/186 441/1/186
f 441/1/186 442/1/186 434/1/186
f 434/1/635 442/1/644 443/1/645
f 443/1/645 431/1/632 434/1/635
f 435/1/636 431/1/639 443/1/646
f 443/1/646 444/1/647 435/1/636
f 445/1/180 435/1/180 444/1/180
f 444/1/180 446/1/180 445/1/180
f 436/1/195 435/1/195 445/1/195
f 445/1/195 447/1/195 436/1/195
f 448/1/194 439/1/194 436/1/194
f 436/1/194 447/1/648 448/1/194
f 426/1/193 424/1/193 439/1/193
f 439/1/193 448/1/193 426/1/193
f 423/1/621 437/1/643 439/1/642
f 439/1/642 424/1/622 423/1/621
f 423/1/620 422/1/619 438/1/641
f 438/1/641 437/1/640 423/1/620
f 422/1/649 421/1/649 449/1/649
f 449/1/649 438/1/649 422/1/649
f 438/1/189 449/1/189 450/1/189
f 450/1/189 433/1/189 438/1/189
f 440/1/650 434/1/651 433/1/650
f 433/1/650 450/1/188 440/1/650
f 451/1/652 452/1/653 453/1/654
f 453/1/654 454/1/655 451/1/652
f 455/1/656 456/1/657 452/1/658
f 452/1/658 451/1/659 455/1/656
f 452/1/653 457/1/660 458/1/661
f 458/1/661 453/1/654 452/1/653
f 452/1/658 456/1/657 459/1/662
f 459/1/662 457/1/663 452/1/658
f 454/1/664 460/1/664 461/1/665
f 461/1/665 462/1/664 454/1/664
f 454/1/655 462/1/666 463/1/667
f 463/1/667 451/1/652 454/1/655
f 455/1/656 451/1/659 463/1/668
f 463/1/668 464/1/669 455/1/656
f 465/1/208 455/1/208 464/1/670
f 464/1/670 466/1/671 465/1/208
f 456/1/672 455/1/226 465/1/673
f 465/1/673 467/1/226 456/1/672
f 468/1/674 459/1/675 456/1/676
f 456/1/676 467/1/677 468/1/674
f 446/1/223 444/1/223 459/1/223
f 459/1/223 468/1/223 446/1/223
f 443/1/646 457/1/663 459/1/662
f 459/1/662 444/1/647 443/1/646
f 443/1/645 442/1/644 458/1/661
f 458/1/661 457/1/660 443/1/645
f 442/1/220 441/1/220 469/1/220
f 469/1/220 458/1/220 442/1/220
f 458/1/678 469/1/679 470/1/679
f 470/1/679 453/1/679 458/1/678
f 460/1/217 454/1/217 453/1/217
f 453/1/217 470/1/217 460/1/217
f 471/1/680 472/1/681 473/1/682
f 473/1/682 474/1/683 471/1/680
f 475/1/684 476/1/685 472/1/686
f 472/1/686 471/1/687 475/1/684
f 472/1/681 477/1/688 478/1/689
f 478/1/689 473/1/682 472/1/681
f 472/1/686 476/1/685 479/1/690
f 479/1/690 477/1/691 472/1/686
f 474/1/692 480/1/246 481/1/246
f 481/1/246 482/1/246 474/1/692
f 474/1/683 482/1/693 483/1/694
f 483/1/694 471/1/680 474/1/683
f 475/1/684 471/1/687 483/1/695
f 483/1/695 484/1/696 475/1/684
f 485/1/697 475/1/241 484/1/698
f 484/1/698 486/1/698 485/1/697
f 476/1/258 475/1/259 485/1/259
f 485/1/259 487/1/258 476/1/258
f 488/1/256 479/1/256 476/1/256
f 476/1/256 487/1/699 488/1/256
f 466/1/700 464/1/701 479/1/255
f 479/1/255 488/1/255 466/1/700
f 463/1/668 477/1/691 479/1/690
f 479/1/690 464/1/669 463/1/668
f 463/1/667 462/1/666 478/1/689
f 478/1/689 477/1/688 463/1/667
f 462/1/250 461/1/253 489/1/250
f 489/1/250 478/1/702 462/1/250
f 478/1/703 489/1/704 490/1/703
f 490/1/703 473/1/703 478/1/703
f 480/1/247 474/1/247 473/1/247
f 473/1/247 490/1/247 480/1/247
f 491/1/705 492/1/706 493/1/707
f 493/1/707 494/1/708 491/1/705
f 495/1/709 496/1/710 492/1/711
f 492/1/711 491/1/712 495/1/709
f 492/1/706 497/1/273 498/1/713
f 498/1/713 493/1/707 492/1/706
f 492/1/711 496/1/710 499/1/714
f 499/1/714 497/1/715 492/1/711
f 494/1/278 500/1/278 501/1/278
f 501/1/278 502/1/716 494/1/278
f 494/1/708 502/1/717 503/1/718
f 503/1/718 491/1/705 494/1/708
f 495/1/709 491/1/712 503/1/719
f 503/1/719 504/1/719 495/1/709
f 505/1/274 495/1/274 504/1/274
f 504/1/274 506/1/720 505/1/274
f 496/1/287 495/1/287 505/1/287
f 505/1/287 507/1/287 496/1/287
f 508/1/286 499/1/286 496/1/286
f 496/1/286 507/1/286 508/1/286
f 486/1/721 484/1/283 499/1/721
f 499/1/721 508/1/722 486/1/721
f 483/1/695 497/1/715 499/1/714
f 499/1/714 484/1/696 483/1/695
f 483/1/694 482/1/693 498/1/713
f 498/1/713 497/1/273 483/1/694
f 482/1/281 481/1/281 509/1/723
f 509/1/723 498/1/281 482/1/281
f 498/1/724 509/1/724 510/1/725
f 510/1/725 493/1/726 498/1/724
f 500/1/279 494/1/279 493/1/279
f 493/1/279 510/1/279 500/1/279
f 511/1/727 512/1/728 513/1/729
f 513/1/729 514/1/730 511/1/727
f 515/1/731 516/1/732 512/1/733
f 512/1/733 511/1/734 515/1/731
f 512/1/728 517/1/735 518/1/736
f 518/1/736 513/1/729 512/1/728
f 512/1/733 516/1/732 519/1/737
f 519/1/737 517/1/738 512/1/733
f 514/1/739 520/1/740 521/1/739
f 521/1/739 522/1/306 514/1/739
f 514/1/730 522/1/741 523/1/742
f 523/1/742 511/1/727 514/1/730
f 515/1/731 511/1/734 523/1/743
f 523/1/743 524/1/744 515/1/731
f 525/1/745 515/1/300 524/1/745
f 524/1/745 526/1/745 525/1/745
f 516/1/314 515/1/314 525/1/314
f 525/1/314 527/1/314 516/1/314
f 528/1/313 519/1/313 516/1/746
f 516/1/746 527/1/313 528/1/313
f 506/1/312 504/1/747 519/1/748
f 519/1/748 528/1/312 506/1/312
f 503/1/719 517/1/738 519/1/737
f 519/1/737 504/1/719 503/1/719
f 503/1/718 502/1/717 518/1/736
f 518/1/736 517/1/735 503/1/718
f 502/1/310 501/1/310 529/1/310
f 529/1/310 518/1/310 502/1/310
f 518/1/749 529/1/750 530/1/750
f 530/1/750 513/1/751 518/1/749
f 520/1/752 514/1/753 513/1/752
f 513/1/752 530/1/752 520/1/752
f 531/1/754 532/1/755 533/1/756
f 533/1/756 534/1/757 531/1/754
f 535/1/758 536/1/759 532/1/760
f 532/1/760 531/1/761 535/1/758
f 532/1/755 537/1/762 538/1/763
f 538/1/763 533/1/756 532/1/755
f 532/1/760 536/1/759 539/1/764
f 539/1/764 537/1/765 532/1/760
f 534/1/336 540/1/766 541/1/767
f 541/1/767 542/1/767 534/1/336
f 534/1/757 542/1/768 543/1/769
f 543/1/769 531/1/754 534/1/757
f 535/1/758 531/1/761 543/1/770
f 543/1/770 544/1/771 535/1/758
f 545/1/328 535/1/328 544/1/772
f 544/1/772 546/1/773 545/1/328
f 536/1/347 535/1/774 545/1/347
f 545/1/347 547/1/775 536/1/347
f 548/1/346 539/1/346 536/1/346
f 536/1/346 547/1/346 548/1/346
f 526/1/341 524/1/341 539/1/341
f 539/1/341 548/1/776 526/1/341
f 523/1/743 537/1/765 539/1/764
f 539/1/764 524/1/744 523/1/743
f 523/1/742 522/1/741 538/1/763
f 538/1/763 537/1/762 523/1/742
f 522/1/777 521/1/340 549/1/778
f 549/1/778 538/1/340 522/1/777
f 538/1/339 549/1/339 550/1/339
f 550/1/339 533/1/339 538/1/339
f 540/1/338 534/1/338 533/1/338
f 533/1/338 550/1/338 540/1/338
f 551/1/779 552/1/780 553/1/781
f 553/1/781 554/1/782 551/1/779
f 555/1/783 556/1/784 552/1/785
f 552/1/785 551/1/786 555/1/783
f 552/1/780 557/1/787 558/1/788
f 558/1/788 553/1/781 552/1/780
f 552/1/785 556/1/784 559/1/789
f 559/1/789 557/1/790 552/1/785
f 554/1/368 560/1/368 561/1/368
f 561/1/368 562/1/791 554/1/368
f 554/1/782 562/1/792 563/1/793
f 563/1/793 551/1/779 554/1/782
f 555/1/783 551/1/786 563/1/794
f 563/1/794 564/1/795 555/1/783
f 565/1/361 555/1/360 564/1/361
f 564/1/361 566/1/361 565/1/361
f 556/1/796 555/1/797 565/1/798
f 565/1/798 567/1/799 556/1/796
f 568/1/800 559/1/378 556/1/801
f 556/1/801 567/1/802 568/1/800
f 546/1/803 544/1/376 559/1/804
f 559/1/804 568/1/376 546/1/803
f 543/1/770 557/1/790 559/1/789
f 559/1/789 544/1/771 543/1/770
f 543/1/769 542/1/768 558/1/788
f 558/1/788 557/1/787 543/1/769
f 542/1/375 541/1/375 569/1/375
f 569/1/375 558/1/375 542/1/375
f 558/1/805 569/1/372 570/1/372
f 570/1/372 553/1/372 558/1/805
f 560/1/806 554/1/370 553/1/370
f 553/1/370 570/1/806 560/1/806
f 571/1/807 572/1/808 573/1/809
f 573/1/809 574/1/810 571/1/807
f 575/1/811 576/1/812 572/1/813
f 572/1/813 571/1/814 575/1/811
f 572/1/808 577/1/815 578/1/816
f 578/1/816 573/1/809 572/1/808
f 572/1/813 576/1/812 579/1/817
f 579/1/817 577/1/818 572/1/813
f 574/1/819 580/1/820 581/1/399
f 581/1/399 582/1/399 574/1/819
f 574/1/810 582/1/821 583/1/822
f 583/1/822 571/1/807 574/1/810
f 575/1/811 571/1/814 583/1/823
f 583/1/823 584/1/394 575/1/811
f 585/1/824 575/1/824 584/1/824
f 584/1/824 586/1/824 585/1/824
f 576/1/411 575/1/411 585/1/411
f 585/1/411 587/1/411 576/1/411
f 588/1/825 579/1/409 576/1/409
f 576/1/409 587/1/825 588/1/825
f 566/1/407 564/1/407 579/1/407
f 579/1/407 588/1/407 566/1/407
f 563/1/794 577/1/818 579/1/817
f 579/1/817 564/1/795 563/1/794
f 563/1/793 562/1/792 578/1/816
f 578/1/816 577/1/815 563/1/793
f 562/1/826 561/1/406 589/1/406
f 589/1/406 578/1/406 562/1/826
f 578/1/404 589/1/404 590/1/404
f 590/1/404 573/1/404 578/1/404
f 580/1/401 574/1/401 573/1/401
f 573/1/401 590/1/401 580/1/401
f 591/1/827 592/1/828 593/1/829
f 593/1/829 594/1/830 591/1/827
f 595/1/831 596/1/832 592/1/833
f 592/1/833 591/1/834 595/1/831
f 592/1/828 597/1/835 598/1/836
f 598/1/836 593/1/829 592/1/828
f 592/1/833 596/1/832 599/1/837
f 599/1/837 597/1/838 592/1/833
f 594/1/429 600/1/429 601/1/839
f 601/1/839 602/1/839 594/1/429
f 594/1/830 602/1/840 603/1/841
f 603/1/841 591/1/827 594/1/830
f 595/1/831 591/1/834 603/1/842
f 603/1/842 604/1/843 595/1/831
f 605/1/424 595/1/424 604/1/424
f 604/1/424 606/1/424 605/1/424
f 596/1/440 595/1/844 605/1/440
f 605/1/440 607/1/440 596/1/440
f 608/1/845 599/1/845 596/1/845
f 596/1/845 607/1/845 608/1/845
f 586/1/437 584/1/437 599/1/846
f 599/1/846 608/1/437 586/1/437
f 583/1/823 597/1/838 599/1/837
f 599/1/837 584/1/394 583/1/823
f 583/1/822 582/1/821 598/1/836
f 598/1/836 597/1/835 583/1/822
f 582/1/436 581/1/436 609/1/436
f 609/1/436 598/1/436 582/1/436
f 598/1/433 609/1/433 610/1/433
f 610/1/433 593/1/433 598/1/433
f 600/1/431 594/1/431 593/1/431
f 593/1/431 610/1/431 600/1/431
f 611/1/847 612/1/848 613/1/849
f 613/1/849 614/1/850 611/1/847
f 615/1/851 616/1/852 612/1/853
f 612/1/853 611/1/854 615/1/851
f 612/1/848 617/1/855 618/1/856
f 618/1/856 613/1/849 612/1/848
f 612/1/853 616/1/852 619/1/857
f 619/1/857 617/1/858 612/1/853
f 614/1/859 620/1/860 621/1/459
f 621/1/459 622/1/459 614/1/859
f 614/1/850 622/1/861 623/1/862
f 623/1/862 611/1/847 614/1/850
f 615/1/851 611/1/854 623/1/863
f 623/1/863 624/1/864 615/1/851
f 625/1/453 615/1/453 624/1/453
f 624/1/453 626/1/453 625/1/453
f 616/1/471 615/1/471 625/1/471
f 625/1/471 627/1/471 616/1/471
f 628/1/865 619/1/866 616/1/469
f 616/1/469 627/1/469 628/1/865
f 606/1/867 604/1/868 619/1/869
f 619/1/869 628/1/467 606/1/867
f 603/1/842 617/1/858 619/1/857
f 619/1/857 604/1/843 603/1/842
f 603/1/841 602/1/840 618/1/856
f 618/1/856 617/1/855 603/1/841
f 602/1/870 601/1/466 629/1/870
f 629/1/870 618/1/871 602/1/870
f 618/1/872 629/1/873 630/1/874
f 630/1/874 613/1/875 618/1/872
f 620/1/876 614/1/462 613/1/876
f 613/1/876 630/1/877 620/1/876
f 631/1/878 632/1/879 633/1/880
f 633/1/880 634/1/881 631/1/878
f 635/1/882 636/1/883 632/1/884
f 632/1/884 631/1/885 635/1/882
f 632/1/879 637/1/886 638/1/887
f 638/1/887 633/1/880 632/1/879
f 632/1/884 636/1/883 639/1/888
f 639/1/888 637/1/889 632/1/884
f 634/1/490 640/1/490 641/1/490
f 641/1/490 642/1/490 634/1/490
f 634/1/881 642/1/890 643/1/891
f 643/1/891 631/1/878 634/1/881
f 635/1/882 631/1/885 643/1/892
f 643/1/892 644/1/893 635/1/882
f 645/1/894 635/1/894 644/1/485
f 644/1/485 646/1/895 645/1/894
f 636/1/896 635/1/497 645/1/497
f 645/1/497 647/1/497 636/1/896
f 648/1/897 639/1/897 636/1/898
f 636/1/898 647/1/899 648/1/897
f 626/1/494 624/1/494 639/1/900
f 639/1/900 648/1/901 626/1/494
f 623/1/863 637/1/889 639/1/888
f 639/1/888 624/1/864 623/1/863
f 623/1/862 622/1/861 638/1/887
f 638/1/887 637/1/886 623/1/862
f 622/1/493 621/1/493 649/1/493
f 649/1/493 638/1/493 622/1/493
f 638/1/492 649/1/492 650/1/492
f 650/1/492 633/1/492 638/1/492
f 640/1/902 634/1/903 633/1/902
f 633/1/902 650/1/902 640/1/902
f 651/1/904 652/1/905 653/1/906
f 653/1/906 654/1/907 651/1/904
f 655/1/908 656/1/909 652/1/910
f 652/1/910 651/1/911 655/1/908
f 652/1/905 657/1/912 658/1/913
f 658/1/913 653/1/906 652/1/905
f 652/1/910 656/1/909 659/1/914
f 659/1/914 657/1/915 652/1/910
f 654/1/517 660/1/517 49/1/517
f 49/1/517 47/1/517 654/1/517
f 651/1/904 654/1/907 47/1/67
f 47/1/67 46/1/66 651/1/904
f 651/1/911 46/1/65 44/1/64
f 44/1/64 655/1/908 651/1/911
f 44/1/916 45/1/917 661/1/918
f 661/1/918 655/1/919 44/1/916
f 656/1/527 655/1/527 661/1/527
f 661/1/527 662/1/527 656/1/527
f 663/1/920 659/1/921 656/1/920
f 656/1/920 662/1/526 663/1/920
f 646/1/922 644/1/923 659/1/924
f 659/1/924 663/1/523 646/1/922
f 643/1/892 657/1/915 659/1/914
f 659/1/914 644/1/893 643/1/892
f 643/1/891 642/1/890 658/1/913
f 658/1/913 657/1/912 643/1/891
f 642/1/522 641/1/522 664/1/522
f 664/1/522 658/1/522 642/1/522
f 658/1/520 664/1/925 665/1/926
f 665/1/926 653/1/520 658/1/520
f 660/1/927 654/1/518 653/1/927
f 653/1/927 665/1/518 660/1/927
f 666/1/928 667/1/929 668/1/930
f 668/1/930 669/1/931 666/1/928
f 670/1/932 671/1/933 667/1/929
f 667/1/929 666/1/928 670/1/932
f 667/1/934 672/1/935 673/1/936
f 673/1/936 668/1/937 667/1/934
f 667/1/934 671/1/938 674/1/939
f 674/1/939 672/1/935 667/1/934
f 675/1/940 669/1/941 676/1/940
f 676/1/940 677/1/940 675/1/940
f 678/1/942 666/1/943 669/1/944
f 669/1/944 675/1/945 678/1/942
f 666/1/946 678/1/946 679/1/946
f 679/1/946 670/1/946 666/1/946
f 10/1/947 670/1/948 679/1/948
f 679/1/948 11/1/948 10/1/947
f 10/1/37 25/1/38 671/1/933
f 671/1/933 670/1/932 10/1/37
f 24/1/35 674/1/939 671/1/938
f 671/1/938 25/1/36 24/1/35
f 674/1/949 24/1/950 23/1/949
f 23/1/949 680/1/951 674/1/949
f 680/1/952 681/1/952 672/1/952
f 672/1/952 674/1/952 680/1/952
f 672/1/953 681/1/954 682/1/953
f 682/1/953 673/1/953 672/1/953
f 682/1/955 683/1/956 684/1/957
f 684/1/957 673/1/958 682/1/955
f 673/1/936 684/1/959 685/1/960
f 685/1/960 668/1/937 673/1/936
f 669/1/931 668/1/930 685/1/961
f 685/1/961 676/1/962 669/1/931
f 686/1/963 687/1/964 688/1/965
f 688/1/965 689/1/966 686/1/963
f 690/1/967 691/1/968 687/1/964
f 687/1/964 686/1/963 690/1/967
f 687/1/969 692/1/970 693/1/971
f 693/1/971 688/1/972 687/1/969
f 687/1/969 691/1/973 694/1/974
f 694/1/974 692/1/970 687/1/969
f 695/1/975 696/1/975 697/1/975
f 697/1/975 689/1/975 695/1/975
f 697/1/976 698/1/976 686/1/976
f 686/1/976 689/1/977 697/1/976
f 686/1/978 698/1/979 699/1/979
f 699/1/979 690/1/980 686/1/978
f 676/1/981 690/1/981 699/1/981
f 699/1/981 677/1/982 676/1/981
f 690/1/967 676/1/962 685/1/961
f 685/1/961 691/1/968 690/1/967
f 684/1/959 694/1/974 691/1/973
f 691/1/973 685/1/960 684/1/959
f 694/1/983 684/1/983 683/1/983
f 683/1/983 700/1/983 694/1/983
f 700/1/984 701/1/984 692/1/984
f 692/1/984 694/1/984 700/1/984
f 702/1/985 693/1/985 692/1/986
f 692/1/986 701/1/985 702/1/985
f 702/1/987 703/1/987 704/1/987
f 704/1/987 693/1/987 702/1/987
f 688/1/972 693/1/971 704/1/988
f 704/1/988 705/1/989 688/1/972
f 705/1/990 695/1/991 689/1/966
f 689/1/966 688/1/965 705/1/990
f 706/1/992 707/1/993 708/1/994
f 708/1/994 709/1/995 706/1/992
f 710/1/996 711/1/997 707/1/993
f 707/1/993 706/1/992 710/1/996
f 707/1/998 712/1/999 713/1/1000
f 713/1/1000 708/1/1001 707/1/998
f 707/1/998 711/1/1002 714/1/1003
f 714/1/1003 712/1/999 707/1/998
f 715/1/1004 716/1/1004 717/1/1004
f 717/1/1004 709/1/1005 715/1/1004
f 706/1/1006 709/1/1006 717/1/1006
f 717/1/1006 718/1/1006 706/1/1006
f 706/1/1007 718/1/1007 719/1/1007
f 719/1/1007 710/1/1007 706/1/1007
f 695/1/1008 710/1/1009 719/1/1010
f 719/1/1010 696/1/1008 695/1/1008
f 710/1/996 695/1/991 705/1/990
f 705/1/990 711/1/997 710/1/996
f 704/1/988 714/1/1003 711/1/1002
f 711/1/1002 705/1/989 704/1/988
f 714/1/1011 704/1/1011 703/1/1011
f 703/1/1011 720/1/1011 714/1/1011
f 720/1/1012 721/1/1013 712/1/1013
f 712/1/1013 714/1/1014 720/1/1012
f 721/1/1015 722/1/1015 713/1/1015
f 713/1/1015 712/1/1016 721/1/1015
f 722/1/1017 723/1/1018 724/1/1017
f 724/1/1017 713/1/1019 722/1/1017
f 713/1/1000 724/1/1020 725/1/1021
f 725/1/1021 708/1/1001 713/1/1000
f 708/1/994 725/1/1022 715/1/1023
f 715/1/1023 709/1/995 708/1/994
f 726/1/1024 727/1/1025 728/1/1026
f 728/1/1026 729/1/1027 726/1/1024
f 730/1/1028 731/1/1029 727/1/1025
f 727/1/1025 726/1/1024 730/1/1028
f 727/1/1030 732/1/1031 733/1/1032
f 733/1/1032 728/1/1033 727/1/1030
f 727/1/1030 731/1/1034 734/1/1035
f 734/1/1035 732/1/1031 727/1/1030
f 735/1/1036 736/1/1036 737/1/1036
f 737/1/1036 729/1/1036 735/1/1036
f 726/1/1037 729/1/1038 737/1/1037
f 737/1/1037 738/1/1038 726/1/1037
f 726/1/1039 738/1/1039 739/1/1039
f 739/1/1039 730/1/1040 726/1/1039
f 715/1/1041 730/1/1042 739/1/1042
f 739/1/1042 716/1/1041 715/1/1041
f 730/1/1028 715/1/1023 725/1/1022
f 725/1/1022 731/1/1029 730/1/1028
f 731/1/1034 725/1/1021 724/1/1020
f 724/1/1020 734/1/1035 731/1/1034
f 734/1/1043 724/1/1044 723/1/1044
f 723/1/1044 740/1/1045 734/1/1043
f 740/1/1046 741/1/1047 732/1/1048
f 732/1/1048 734/1/1046 740/1/1046
f 741/1/1049 742/1/1049 733/1/1049
f 733/1/1049 732/1/1050 741/1/1049
f 742/1/1051 743/1/1051 744/1/1052
f 744/1/1052 733/1/1053 742/1/1051
f 728/1/1033 733/1/1032 744/1/1054
f 744/1/1054 745/1/1055 728/1/1033
f 728/1/1026 745/1/1056 735/1/1057
f 735/1/1057 729/1/1027 728/1/1026
f 746/1/1058 747/1/1059 748/1/1060
f 748/1/1060 749/1/1061 746/1/1058
f 750/1/1062 751/1/1063 747/1/1059
f 747/1/1059 746/1/1058 750/1/1062
f 747/1/1064 752/1/1065 753/1/1066
f 753/1/1066 748/1/1067 747/1/1064
f 747/1/1064 751/1/1068 754/1/1069
f 754/1/1069 752/1/1065 747/1/1064
f 755/1/1070 756/1/1071 757/1/1072
f 757/1/1072 749/1/1071 755/1/1070
f 746/1/1073 749/1/1073 757/1/1073
f 757/1/1073 758/1/1073 746/1/1073
f 746/1/1074 758/1/1075 759/1/1074
f 759/1/1074 750/1/1076 746/1/1074
f 735/1/1077 750/1/1078 759/1/1077
f 759/1/1077 736/1/1078 735/1/1077
f 750/1/1062 735/1/1057 745/1/1056
f 745/1/1056 751/1/1063 750/1/1062
f 744/1/1054 754/1/1069 751/1/1068
f 751/1/1068 745/1/1055 744/1/1054
f 754/1/1079 744/1/1080 743/1/1079
f 743/1/1079 760/1/1081 754/1/1079
f 760/1/1082 761/1/1083 752/1/1082
f 752/1/1082 754/1/1084 760/1/1082
f 761/1/1085 762/1/1085 753/1/1085
f 753/1/1085 752/1/1086 761/1/1085
f 762/1/1087 763/1/1088 764/1/1088
f 764/1/1088 753/1/1088 762/1/1087
f 748/1/1067 753/1/1066 764/1/1089
f 764/1/1089 765/1/1090 748/1/1067
f 748/1/1060 765/1/1091 755/1/1092
f 755/1/1092 749/1/1061 748/1/1060
f 766/1/1093 767/1/1094 768/1/1095
f 768/1/1095 769/1/1096 766/1/1093
f 770/1/1097 771/1/1098 767/1/1094
f 767/1/1094 766/1/1093 770/1/1097
f 767/1/1099 772/1/1100 773/1/1101
f 773/1/1101 768/1/1102 767/1/1099
f 767/1/1099 771/1/1103 774/1/1104
f 774/1/1104 772/1/1100 767/1/1099
f 775/1/1105 776/1/1106 777/1/1107
f 777/1/1107 769/1/1108 775/1/1105
f 766/1/1109 769/1/1109 777/1/1109
f 777/1/1109 778/1/1109 766/1/1109
f 766/1/1110 778/1/1110 779/1/1111
f 779/1/1111 770/1/1110 766/1/1110
f 755/1/1112 770/1/1113 779/1/1114
f 779/1/1114 756/1/1115 755/1/1112
f 770/1/1097 755/1/1092 765/1/1091
f 765/1/1091 771/1/1098 770/1/1097
f 764/1/1089 774/1/1104 771/1/1103
f 771/1/1103 765/1/1090 764/1/1089
f 774/1/1116 764/1/1116 763/1/1116
f 763/1/1116 780/1/1116 774/1/1116
f 780/1/1117 781/1/1118 772/1/1117
f 772/1/1117 774/1/1117 780/1/1117
f 781/1/1119 782/1/1119 773/1/1120
f 773/1/1120 772/1/1121 781/1/1119
f 782/1/1122 783/1/1123 784/1/1124
f 784/1/1124 773/1/1125 782/1/1122
f 768/1/1102 773/1/1101 784/1/1126
f 784/1/1126 785/1/1127 768/1/1102
f 768/1/1095 785/1/1128 775/1/1129
f 775/1/1129 769/1/1096 768/1/1095
f 786/1/1130 787/1/1131 788/1/1132
f 788/1/1132 789/1/1133 786/1/1130
f 790/1/1134 791/1/1135 787/1/1131
f 787/1/1131 786/1/1130 790/1/1134
f 787/1/1136 792/1/1137 793/1/1138
f 793/1/1138 788/1/1139 787/1/1136
f 787/1/1136 791/1/1140 794/1/1141
f 794/1/1141 792/1/1137 787/1/1136
f 795/1/1142 796/1/1142 797/1/1142
f 797/1/1142 789/1/1142 795/1/1142
f 786/1/1143 789/1/1143 797/1/1143
f 797/1/1143 798/1/1143 786/1/1143
f 786/1/1144 798/1/1144 799/1/1144
f 799/1/1144 790/1/1144 786/1/1144
f 775/1/1145 790/1/1145 799/1/1146
f 799/1/1146 776/1/1145 775/1/1145
f 790/1/1134 775/1/1129 785/1/1128
f 785/1/1128 791/1/1135 790/1/1134
f 784/1/1126 794/1/1141 791/1/1140
f 791/1/1140 785/1/1127 784/1/1126
f 794/1/1147 784/1/1148 783/1/1149
f 783/1/1149 800/1/1150 794/1/1147
f 800/1/1151 801/1/1151 792/1/1151
f 792/1/1151 794/1/1152 800/1/1151
f 801/1/1153 802/1/1154 793/1/1153
f 793/1/1153 792/1/1153 801/1/1153
f 802/1/1155 803/1/1156 804/1/1156
f 804/1/1156 793/1/1156 802/1/1155
f 788/1/1139 793/1/1138 804/1/1157
f 804/1/1157 805/1/1158 788/1/1139
f 788/1/1132 805/1/1159 795/1/1160
f 795/1/1160 789/1/1133 788/1/1132
f 806/1/1161 807/1/1162 808/1/1163
f 808/1/1163 809/1/1164 806/1/1161
f 810/1/1165 811/1/1166 807/1/1162
f 807/1/1162 806/1/1161 810/1/1165
f 807/1/1167 812/1/1168 813/1/1169
f 813/1/1169 808/1/1170 807/1/1167
f 807/1/1167 811/1/1171 814/1/1172
f 814/1/1172 812/1/1168 807/1/1167
f 815/1/1173 816/1/1174 817/1/1175
f 817/1/1175 809/1/1176 815/1/1173
f 806/1/1177 809/1/1177 817/1/1177
f 817/1/1177 818/1/1177 806/1/1177
f 806/1/1178 818/1/1178 819/1/1178
f 819/1/1178 810/1/1178 806/1/1178
f 795/1/1179 810/1/1179 819/1/1179
f 819/1/1179 796/1/1179 795/1/1179
f 810/1/1165 795/1/1160 805/1/1159
f 805/1/1159 811/1/1166 810/1/1165
f 804/1/1157 814/1/1172 811/1/1171
f 811/1/1171 805/1/1158 804/1/1157
f 820/1/1180 814/1/1181 804/1/1182
f 804/1/1182 803/1/1183 820/1/1180
f 820/1/1184 821/1/1184 812/1/1184
f 812/1/1184 814/1/1184 820/1/1184
f 821/1/1185 822/1/1186 813/1/1185
f 813/1/1185 812/1/1185 821/1/1185
f 822/1/1187 823/1/1188 824/1/1189
f 824/1/1189 813/1/1190 822/1/1187
f 808/1/1170 813/1/1169 824/1/1191
f 824/1/1191 825/1/1192 808/1/1170
f 808/1/1163 825/1/1193 815/1/1194
f 815/1/1194 809/1/1164 808/1/1163
f 826/1/1195 827/1/1196 828/1/1197
f 828/1/1197 829/1/1198 826/1/1195
f 830/1/1199 831/1/1200 827/1/1196
f 827/1/1196 826/1/1195 830/1/1199
f 827/1/1201 832/1/1202 833/1/1203
f 833/1/1203 828/1/1204 827/1/1201
f 827/1/1201 831/1/1205 834/1/1206
f 834/1/1206 832/1/1202 827/1/1201
f 835/1/1207 836/1/1208 837/1/1207
f 837/1/1207 829/1/1209 835/1/1207
f 826/1/1210 829/1/1210 837/1/1211
f 837/1/1211 838/1/1210 826/1/1210
f 826/1/1212 838/1/1212 839/1/1212
f 839/1/1212 830/1/1212 826/1/1212
f 815/1/1213 830/1/1214 839/1/1215
f 839/1/1215 816/1/1215 815/1/1213
f 830/1/1199 815/1/1194 825/1/1193
f 825/1/1193 831/1/1200 830/1/1199
f 824/1/1191 834/1/1206 831/1/1205
f 831/1/1205 825/1/1192 824/1/1191
f 834/1/1216 824/1/1217 823/1/1217
f 823/1/1217 840/1/1218 834/1/1216
f 840/1/1219 841/1/1220 832/1/1221
f 832/1/1221 834/1/1222 840/1/1219
f 841/1/1223 842/1/1224 833/1/1223
f 833/1/1223 832/1/1223 841/1/1223
f 842/1/1225 843/1/1225 844/1/1225
f 844/1/1225 833/1/1225 842/1/1225
f 828/1/1204 833/1/1203 844/1/1226
f 844/1/1226 845/1/1227 828/1/1204
f 828/1/1197 845/1/1228 835/1/1229
f 835/1/1229 829/1/1198 828/1/1197
f 846/1/1230 847/1/1231 848/1/1232
f 848/1/1232 849/1/1233 846/1/1230
f 850/1/1234 851/1/1235 847/1/1231
f 847/1/1231 846/1/1230 850/1/1234
f 847/1/1236 852/1/1237 853/1/1238
f 853/1/1238 848/1/1239 847/1/1236
f 847/1/1236 851/1/1240 854/1/1241
f 854/1/1241 852/1/1237 847/1/1236
f 855/1/1242 856/1/1242 857/1/1243
f 857/1/1243 849/1/1242 855/1/1242
f 846/1/1244 849/1/1245 857/1/1245
f 857/1/1245 858/1/1245 846/1/1244
f 846/1/1246 858/1/1246 859/1/1247
f 859/1/1247 850/1/1248 846/1/1246
f 835/1/1249 850/1/1249 859/1/1249
f 859/1/1249 836/1/1249 835/1/1249
f 850/1/1234 835/1/1229 845/1/1228
f 845/1/1228 851/1/1235 850/1/1234
f 844/1/1226 854/1/1241 851/1/1240
f 851/1/1240 845/1/1227 844/1/1226
f 854/1/1250 844/1/1250 843/1/1250
f 843/1/1250 860/1/1250 854/1/1250
f 860/1/1251 861/1/1252 852/1/1251
f 852/1/1251 854/1/1251 860/1/1251
f 861/1/1253 862/1/1254 853/1/1255
f 853/1/1255 852/1/1256 861/1/1253
f 862/1/1257 863/1/1257 864/1/1257
f 864/1/1257 853/1/1258 862/1/1257
f 848/1/1239 853/1/1238 864/1/1259
f 864/1/1259 865/1/1260 848/1/1239
f 848/1/1232 865/1/1261 855/1/1262
f 855/1/1262 849/1/1233 848/1/1232
f 866/1/1263 867/1/1264 868/1/1265
f 868/1/1265 869/1/1266 866/1/1263
f 870/1/1267 871/1/1268 867/1/1264
f 867/1/1264 866/1/1263 870/1/1267
f 867/1/1269 872/1/1270 873/1/1271
f 873/1/1271 868/1/1272 867/1/1269
f 867/1/1269 871/1/1273 874/1/1274
f 874/1/1274 872/1/1270 867/1/1269
f 875/1/1275 876/1/1275 877/1/1275
f 877/1/1275 869/1/1275 875/1/1275
f 866/1/1276 869/1/1276 877/1/1276
f 877/1/1276 878/1/1276 866/1/1276
f 866/1/1277 878/1/1278 879/1/1279
f 879/1/1279 870/1/1278 866/1/1277
f 855/1/1280 870/1/1280 879/1/1280
f 879/1/1280 856/1/1280 855/1/1280
f 870/1/1267 855/1/1262 865/1/1261
f 865/1/1261 871/1/1268 870/1/1267
f 864/1/1259 874/1/1274 871/1/1273
f 871/1/1273 865/1/1260 864/1/1259
f 874/1/1281 864/1/1281 863/1/1281
f 863/1/1281 880/1/1281 874/1/1281
f 880/1/1282 881/1/1282 872/1/1282
f 872/1/1282 874/1/1282 880/1/1282
f 881/1/1283 882/1/1283 873/1/1283
f 873/1/1283 872/1/1283 881/1/1283
f 882/1/1284 883/1/1284 884/1/1284
f 884/1/1284 873/1/1284 882/1/1284
f 868/1/1272 873/1/1271 884/1/1285
f 884/1/1285 885/1/1286 868/1/1272
f 868/1/1265 885/1/1287 875/1/1288
f 875/1/1288 869/1/1266 868/1/1265
f 886/1/1289 887/1/1290 888/1/1291
f 888/1/1291 889/1/1292 886/1/1289
f 890/1/1293 891/1/1294 887/1/1290
f 887/1/1290 886/1/1289 890/1/1293
f 887/1/1295 892/1/1296 893/1/1297
f 893/1/1297 888/1/1298 887/1/1295
f 887/1/1295 891/1/1299 894/1/1300
f 894/1/1300 892/1/1296 887/1/1295
f 895/1/1301 896/1/1302 897/1/1301
f 897/1/1301 889/1/1303 895/1/1301
f 886/1/1304 889/1/1304 897/1/1304
f 897/1/1304 898/1/1304 886/1/1304
f 886/1/1305 898/1/1305 899/1/1305
f 899/1/1305 890/1/1305 886/1/1305
f 875/1/1306 890/1/1306 899/1/1306
f 899/1/1306 876/1/1306 875/1/1306
f 890/1/1293 875/1/1288 885/1/1287
f 885/1/1287 891/1/1294 890/1/1293
f 884/1/1285 894/1/1300 891/1/1299
f 891/1/1299 885/1/1286 884/1/1285
f 894/1/1307 884/1/1308 883/1/1308
f 883/1/1308 900/1/1308 894/1/1307
f 900/1/1309 901/1/1310 892/1/1311
f 892/1/1311 894/1/1312 900/1/1309
f 901/1/1313 902/1/1314 893/1/1314
f 893/1/1314 892/1/1314 901/1/1313
f 902/1/1315 903/1/1315 904/1/1315
f 904/1/1315 893/1/1315 902/1/1315
f 888/1/1298 893/1/1297 904/1/1316
f 904/1/1316 905/1/1317 888/1/1298
f 888/1/1291 905/1/1318 895/1/1319
f 895/1/1319 889/1/1292 888/1/1291
f 906/1/1320 907/1/1321 908/1/1322
f 908/1/1322 909/1/1323 906/1/1320
f 910/1/1324 911/1/1325 907/1/1321
f 907/1/1321 906/1/1320 910/1/1324
f 907/1/1326 912/1/1327 913/1/1328
f 913/1/1328 908/1/1329 907/1/1326
f 907/1/1326 911/1/1330 914/1/1331
f 914/1/1331 912/1/1327 907/1/1326
f 915/1/1332 916/1/1333 917/1/1333
f 917/1/1333 909/1/1333 915/1/1332
f 906/1/1334 909/1/1335 917/1/1334
f 917/1/1334 918/1/1334 906/1/1334
f 906/1/1336 918/1/1336 919/1/1336
f 919/1/1336 910/1/1337 906/1/1336
f 895/1/1338 910/1/1339 919/1/1338
f 919/1/1338 896/1/1338 895/1/1338
f 910/1/1324 895/1/1319 905/1/1318
f 905/1/1318 911/1/1325 910/1/1324
f 904/1/1316 914/1/1331 911/1/1330
f 911/1/1330 905/1/1317 904/1/1316
f 914/1/1340 904/1/1340 903/1/1340
f 903/1/1340 920/1/1341 914/1/1340
f 920/1/1342 921/1/1343 912/1/1342
f 912/1/1342 914/1/1342 920/1/1342
f 921/1/1344 922/1/1344 913/1/1345
f 913/1/1345 912/1/1345 921/1/1344
f 922/1/1346 923/1/1347 924/1/1347
f 924/1/1347 913/1/1347 922/1/1346
f 908/1/1329 913/1/1328 924/1/1348
f 924/1/1348 925/1/1349 908/1/1329
f 908/1/1322 925/1/1350 915/1/1351
f 915/1/1351 909/1/1323 908/1/1322
f 926/1/1352 927/1/1353 928/1/1354
f 928/1/1354 929/1/1355 926/1/1352
f 930/1/1356 931/1/1357 927/1/1353
f 927/1/1353 926/1/1352 930/1/1356
f 927/1/1358 932/1/1359 933/1/1360
f 933/1/1360 928/1/1361 927/1/1358
f 927/1/1358 931/1/1362 934/1/1363
f 934/1/1363 932/1/1359 927/1/1358
f 935/1/1364 936/1/1364 937/1/1364
f 937/1/1364 929/1/1364 935/1/1364
f 926/1/1365 929/1/1366 937/1/1367
f 937/1/1367 938/1/1365 926/1/1365
f 926/1/1368 938/1/1368 939/1/1369
f 939/1/1369 930/1/1368 926/1/1368
f 915/1/1370 930/1/1371 939/1/1370
f 939/1/1370 916/1/1370 915/1/1370
f 930/1/1356 915/1/1351 925/1/1350
f 925/1/1350 931/1/1357 930/1/1356
f 924/1/1348 934/1/1363 931/1/1362
f 931/1/1362 925/1/1349 924/1/1348
f 934/1/1372 924/1/1373 923/1/1374
f 923/1/1374 940/1/1373 934/1/1372
f 940/1/1375 941/1/1375 932/1/1376
f 932/1/1376 934/1/1377 940/1/1375
f 941/1/1378 942/1/1378 933/1/1378
f 933/1/1378 932/1/1378 941/1/1378
f 942/1/1379 943/1/1379 944/1/1379
f 944/1/1379 933/1/1379 942/1/1379
f 928/1/1361 933/1/1360 944/1/1380
f 944/1/1380 945/1/1381 928/1/1361
f 928/1/1354 945/1/1382 935/1/1383
f 935/1/1383 929/1/1355 928/1/1354
f 946/1/1384 947/1/1385 948/1/1386
f 948/1/1386 949/1/1387 946/1/1384
f 950/1/1388 951/1/1389 947/1/1385
f 947/1/1385 946/1/1384 950/1/1388
f 947/1/1390 952/1/1391 953/1/1392
f 953/1/1392 948/1/1393 947/1/1390
f 947/1/1390 951/1/1394 954/1/1395
f 954/1/1395 952/1/1391 947/1/1390
f 955/1/1396 956/1/1396 957/1/1396
f 957/1/1396 949/1/1396 955/1/1396
f 946/1/1397 949/1/1397 957/1/1398
f 957/1/1398 958/1/1397 946/1/1397
f 946/1/1399 958/1/1400 959/1/1401
f 959/1/1401 950/1/1402 946/1/1399
f 935/1/1403 950/1/1404 959/1/1405
f 959/1/1405 936/1/1403 935/1/1403
f 950/1/1388 935/1/1383 945/1/1382
f 945/1/1382 951/1/1389 950/1/1388
f 944/1/1380 954/1/1395 951/1/1394
f 951/1/1394 945/1/1381 944/1/1380
f 954/1/1406 944/1/1407 943/1/1408
f 943/1/1408 960/1/1409 954/1/1406
f 960/1/1410 961/1/1411 952/1/1410
f 952/1/1410 954/1/1410 960/1/1410
f 961/1/1412 962/1/1412 953/1/1412
f 953/1/1412 952/1/1412 961/1/1412
f 962/1/1413 963/1/1414 964/1/1413
f 964/1/1413 953/1/1413 962/1/1413
f 948/1/1393 953/1/1392 964/1/1415
f 964/1/1415 965/1/1416 948/1/1393
f 948/1/1386 965/1/1417 955/1/1418
f 955/1/1418 949/1/1387 948/1/1386
f 966/1/1419 967/1/1420 968/1/1421
f 968/1/1421 969/1/1422 966/1/1419
f 970/1/1423 971/1/1424 967/1/1420
f 967/1/1420 966/1/1419 970/1/1423
f 967/1/1425 972/1/1426 973/1/1427
f 973/1/1427 968/1/1428 967/1/1425
f 967/1/1425 971/1/1429 974/1/1430
f 974/1/1430 972/1/1426 967/1/1425
f 975/1/1431 976/1/1432 977/1/1433
f 977/1/1433 969/1/1431 975/1/1431
f 966/1/1434 969/1/1435 977/1/1434
f 977/1/1434 978/1/1435 966/1/1434
f 966/1/26 978/1/26 979/1/1436
f 979/1/1436 970/1/26 966/1/26
f 955/1/23 970/1/23 979/1/23
f 979/1/23 956/1/23 955/1/23
f 970/1/1423 955/1/1418 965/1/1417
f 965/1/1417 971/1/1424 970/1/1423
f 964/1/1415 974/1/1430 971/1/1429
f 971/1/1429 965/1/1416 964/1/1415
f 974/1/1437 964/1/1438 963/1/1439
f 963/1/1439 980/1/17 974/1/1437
f 980/1/16 981/1/16 972/1/16
f 972/1/16 974/1/16 980/1/16
f 981/1/1440 982/1/15 973/1/15
f 973/1/15 972/1/15 981/1/1440
f 982/1/13 983/1/13 984/1/13
f 984/1/13 973/1/13 982/1/13
f 968/1/1428 973/1/1427 984/1/1441
f 984/1/1441 985/1/1442 968/1/1428
f 968/1/1421 985/1/1443 975/1/1444
f 975/1/1444 969/1/1422 968/1/1421
f 986/1/1445 987/1/1446 988/1/1447
f 988/1/1447 989/1/1448 986/1/1445
f 990/1/1449 991/1/1450 987/1/1446
f 987/1/1446 986/1/1445 990/1/1449
f 987/1/1451 992/1/1452 993/1/1453
f 993/1/1453 988/1/1454 987/1/1451
f 987/1/1451 991/1/1455 994/1/1456
f 994/1/1456 992/1/1452 987/1/1451
f 995/1/958 996/1/958 997/1/1457
f 997/1/1457 989/1/958 995/1/958
f 986/1/954 989/1/953 997/1/953
f 997/1/953 998/1/954 986/1/954
f 986/1/952 998/1/952 999/1/952
f 999/1/952 990/1/952 986/1/952
f 975/1/1458 990/1/1458 999/1/1458
f 999/1/1458 976/1/951 975/1/1458
f 990/1/1449 975/1/1444 985/1/1443
f 985/1/1443 991/1/1450 990/1/1449
f 984/1/1441 994/1/1456 991/1/1455
f 991/1/1455 985/1/1442 984/1/1441
f 994/1/948 984/1/948 983/1/948
f 983/1/948 1000/1/948 994/1/948
f 1000/1/1459 1001/1/1459 992/1/1459
f 992/1/1459 994/1/1459 1000/1/1459
f 1001/1/943 1002/1/943 993/1/943
f 993/1/943 992/1/945 1001/1/943
f 1002/1/940 1003/1/940 1004/1/940
f 1004/1/940 993/1/940 1002/1/940
f 988/1/1454 993/1/1453 1004/1/1460
f 1004/1/1460 1005/1/1461 988/1/1454
f 988/1/1447 1005/1/1462 995/1/1463
f 995/1/1463 989/1/1448 988/1/1447
f 1006/1/1464 1007/1/1465 1008/1/1466
f 1008/1/1466 1009/1/1467 1006/1/1464
f 1010/1/1468 1011/1/1469 1007/1/1465
f 1007/1/1465 1006/1/1464 1010/1/1468
f 1007/1/1470 1012/1/1471 1013/1/1472
f 1013/1/1472 1008/1/1473 1007/1/1470
f 1007/1/1470 1011/1/1474 1014/1/1475
f 1014/1/1475 1012/1/1471 1007/1/1470
f 1015/1/1476 1016/1/1477 1017/1/1476
f 1017/1/1476 1009/1/987 1015/1/1476
f 1006/1/1478 1009/1/985 1017/1/985
f 1017/1/985 1018/1/985 1006/1/1478
f 1006/1/984 1018/1/984 1019/1/984
f 1019/1/984 1010/1/984 1006/1/984
f 995/1/983 1010/1/983 1019/1/983
f 1019/1/983 996/1/983 995/1/983
f 1010/1/1468 995/1/1463 1005/1/1462
f 1005/1/1462 1011/1/1469 1010/1/1468
f 1004/1/1460 1014/1/1475 1011/1/1474
f 1011/1/1474 1005/1/1461 1004/1/1460
f 1014/1/981 1004/1/981 1003/1/982
f 1003/1/982 1020/1/981 1014/1/981
f 1020/1/1479 1021/1/1479 1012/1/1479
f 1012/1/1479 1014/1/1479 1020/1/1479
f 1021/1/976 1022/1/976 1013/1/976
f 1013/1/976 1012/1/976 1021/1/976
f 1022/1/975 1023/1/975 1024/1/975
f 1024/1/975 1013/1/975 1022/1/975
f 1008/1/1473 1013/1/1472 1024/1/1480
f 1024/1/1480 1025/1/1481 1008/1/1473
f 1008/1/1466 1025/1/1482 1015/1/1483
f 1015/1/1483 1009/1/1467 1008/1/1466
f 1026/1/1484 1027/1/1485 1028/1/1486
f 1028/1/1486 1029/1/1487 1026/1/1484
f 1030/1/1488 1031/1/1489 1027/1/1485
f 1027/1/1485 1026/1/1484 1030/1/1488
f 1027/1/1490 1032/1/1491 1033/1/1492
f 1033/1/1492 1028/1/1493 1027/1/1490
f 1027/1/1490 1031/1/1494 1034/1/1495
f 1034/1/1495 1032/1/1491 1027/1/1490
f 1035/1/1018 1036/1/1018 1037/1/1018
f 1037/1/1018 1029/1/1018 1035/1/1018
f 1026/1/1496 1029/1/1497 1037/1/1497
f 1037/1/1497 1038/1/1496 1026/1/1496
f 1026/1/1013 1038/1/1013 1039/1/1013
f 1039/1/1013 1030/1/1013 1026/1/1013
f 1015/1/1011 1030/1/1011 1039/1/1498
f 1039/1/1498 1016/1/1499 1015/1/1011
f 1030/1/1488 1015/1/1483 1025/1/1482
f 1025/1/1482 1031/1/1489 1030/1/1488
f 1024/1/1480 1034/1/1495 1031/1/1494
f 1031/1/1494 1025/1/1481 1024/1/1480
f 1034/1/1008 1024/1/1500 1023/1/1500
f 1023/1/1500 1040/1/1500 1034/1/1008
f 1040/1/1007 1041/1/1007 1032/1/1007
f 1032/1/1007 1034/1/1007 1040/1/1007
f 1041/1/1006 1042/1/1006 1033/1/1006
f 1033/1/1006 1032/1/1006 1041/1/1006
f 1042/1/1004 1043/1/1004 1044/1/1004
f 1044/1/1004 1033/1/1004 1042/1/1004
f 1028/1/1493 1033/1/1492 1044/1/1501
f 1044/1/1501 1045/1/1502 1028/1/1493
f 1028/1/1486 1045/1/1503 1035/1/1504
f 1035/1/1504 1029/1/1487 1028/1/1486
f 1046/1/1505 1047/1/1506 1048/1/1507
f 1048/1/1507 1049/1/1508 1046/1/1505
f 1050/1/1509 1051/1/1510 1047/1/1506
f 1047/1/1506 1046/1/1505 1050/1/1509
f 1047/1/1511 1052/1/1512 1053/1/1513
f 1053/1/1513 1048/1/1514 1047/1/1511
f 1047/1/1511 1051/1/1515 1054/1/1516
f 1054/1/1516 1052/1/1512 1047/1/1511
f 1055/1/1053 1056/1/1053 1057/1/1053
f 1057/1/1053 1049/1/1053 1055/1/1053
f 1046/1/1517 1049/1/1049 1057/1/1049
f 1057/1/1049 1058/1/1049 1046/1/1517
f 1046/1/1047 1058/1/1047 1059/1/1047
f 1059/1/1047 1050/1/1047 1046/1/1047
f 1035/1/1518 1050/1/1519 1059/1/1519
f 1059/1/1519 1036/1/1519 1035/1/1518
f 1050/1/1509 1035/1/1504 1045/1/1503
f 1045/1/1503 1051/1/1510 1050/1/1509
f 1044/1/1501 1054/1/1516 1051/1/1515
f 1051/1/1515 1045/1/1502 1044/1/1501
f 1054/1/1041 1044/1/1041 1043/1/1041
f 1043/1/1041 1060/1/1041 1054/1/1041
f 1060/1/1039 1061/1/1039 1052/1/1039
f 1052/1/1039 1054/1/1039 1060/1/1039
f 1061/1/1038 1062/1/1038 1053/1/1520
f 1053/1/1520 1052/1/1038 1061/1/1038
f 1062/1/1036 1063/1/1036 1064/1/1036
f 1064/1/1036 1053/1/1036 1062/1/1036
f 1048/1/1514 1053/1/1513 1064/1/1521
f 1064/1/1521 1065/1/1522 1048/1/1514
f 1048/1/1507 1065/1/1523 1055/1/1524
f 1055/1/1524 1049/1/1508 1048/1/1507
f 1066/1/1525 1067/1/1526 1068/1/1527
f 1068/1/1527 1069/1/1528 1066/1/1525
f 1070/1/1529 1071/1/1530 1067/1/1526
f 1067/1/1526 1066/1/1525 1070/1/1529
f 1067/1/1531 1072/1/1532 1073/1/1533
f 1073/1/1533 1068/1/1534 1067/1/1531
f 1067/1/1531 1071/1/1535 1074/1/1536
f 1074/1/1536 1072/1/1532 1067/1/1531
f 1075/1/1088 1076/1/1088 1077/1/1088
f 1077/1/1088 1069/1/1088 1075/1/1088
f 1066/1/1085 1069/1/1085 1077/1/1085
f 1077/1/1085 1078/1/1085 1066/1/1085
f 1066/1/1082 1078/1/1082 1079/1/1537
f 1079/1/1537 1070/1/1537 1066/1/1082
f 1055/1/1538 1070/1/1539 1079/1/1540
f 1079/1/1540 1056/1/1541 1055/1/1538
f 1070/1/1529 1055/1/1524 1065/1/1523
f 1065/1/1523 1071/1/1530 1070/1/1529
f 1064/1/1521 1074/1/1536 1071/1/1535
f 1071/1/1535 1065/1/1522 1064/1/1521
f 1074/1/1077 1064/1/1078 1063/1/1542
f 1063/1/1542 1080/1/1078 1074/1/1077
f 1080/1/1074 1081/1/1074 1072/1/1074
f 1072/1/1074 1074/1/1074 1080/1/1074
f 1081/1/1073 1082/1/1073 1073/1/1543
f 1073/1/1543 1072/1/1073 1081/1/1073
f 1082/1/1544 1083/1/1071 1084/1/1545
f 1084/1/1545 1073/1/1544 1082/1/1544
f 1068/1/1534 1073/1/1533 1084/1/1546
f 1084/1/1546 1085/1/1547 1068/1/1534
f 1068/1/1527 1085/1/1548 1075/1/1549
f 1075/1/1549 1069/1/1528 1068/1/1527
f 1086/1/1550 1087/1/1551 1088/1/1552
f 1088/1/1552 1089/1/1553 1086/1/1550
f 1090/1/1554 1091/1/1555 1087/1/1551
f 1087/1/1551 1086/1/1550 1090/1/1554
f 1087/1/1556 1092/1/1557 1093/1/1558
f 1093/1/1558 1088/1/1559 1087/1/1556
f 1087/1/1556 1091/1/1560 1094/1/1561
f 1094/1/1561 1092/1/1557 1087/1/1556
f 1095/1/1562 1096/1/1563 1097/1/1123
f 1097/1/1123 1089/1/1123 1095/1/1562
f 1086/1/1119 1089/1/1121 1097/1/1119
f 1097/1/1119 1098/1/1119 1086/1/1119
f 1086/1/1564 1098/1/1565 1099/1/1564
f 1099/1/1564 1090/1/1117 1086/1/1564
f 1075/1/1116 1090/1/1116 1099/1/1116
f 1099/1/1116 1076/1/1116 1075/1/1116
f 1090/1/1554 1075/1/1549 1085/1/1548
f 1085/1/1548 1091/1/1555 1090/1/1554
f 1084/1/1546 1094/1/1561 1091/1/1560
f 1091/1/1560 1085/1/1547 1084/1/1546
f 1094/1/1115 1084/1/1115 1083/1/1115
f 1083/1/1115 1100/1/1115 1094/1/1115
f 1100/1/1111 1101/1/1110 1092/1/1110
f 1092/1/1110 1094/1/1110 1100/1/1111
f 1101/1/1109 1102/1/1109 1093/1/1566
f 1093/1/1566 1092/1/1109 1101/1/1109
f 1102/1/1106 1103/1/1106 1104/1/1106
f 1104/1/1106 1093/1/1106 1102/1/1106
f 1088/1/1559 1093/1/1558 1104/1/1567
f 1104/1/1567 1105/1/1568 1088/1/1559
f 1088/1/1552 1105/1/1569 1095/1/1570
f 1095/1/1570 1089/1/1553 1088/1/1552
f 1106/1/1571 1107/1/1572 1108/1/1573
f 1108/1/1573 1109/1/1574 1106/1/1571
f 1110/1/1575 1111/1/1576 1107/1/1572
f 1107/1/1572 1106/1/1571 1110/1/1575
f 1107/1/1577 1112/1/1578 1113/1/1579
f 1113/1/1579 1108/1/1580 1107/1/1577
f 1107/1/1577 1111/1/1581 1114/1/1582
f 1114/1/1582 1112/1/1578 1107/1/1577
f 1115/1/1156 1116/1/1156 1117/1/1156
f 1117/1/1156 1109/1/1156 1115/1/1156
f 1106/1/1153 1109/1/1153 1117/1/1583
f 1117/1/1583 1118/1/1153 1106/1/1153
f 1106/1/1151 1118/1/1151 1119/1/1151
f 1119/1/1151 1110/1/1151 1106/1/1151
f 1095/1/1584 1110/1/1584 1119/1/1584
f 1119/1/1584 1096/1/1584 1095/1/1584
f 1110/1/1575 1095/1/1570 1105/1/1569
f 1105/1/1569 1111/1/1576 1110/1/1575
f 1104/1/1567 1114/1/1582 1111/1/1581
f 1111/1/1581 1105/1/1568 1104/1/1567
f 1114/1/1145 1104/1/1145 1103/1/1145
f 1103/1/1145 1120/1/1146 1114/1/1145
f 1120/1/1585 1121/1/1144 1112/1/1144
f 1112/1/1144 1114/1/1144 1120/1/1585
f 1121/1/1143 1122/1/1143 1113/1/1143
f 1113/1/1143 1112/1/1143 1121/1/1143
f 1122/1/1142 1123/1/1142 1124/1/1142
f 1124/1/1142 1113/1/1142 1122/1/1142
f 1108/1/1580 1113/1/1579 1124/1/1586
f 1124/1/1586 1125/1/1587 1108/1/1580
f 1108/1/1573 1125/1/1588 1115/1/1589
f 1115/1/1589 1109/1/1574 1108/1/1573
f 1126/1/1590 1127/1/1591 1128/1/1592
f 1128/1/1592 1129/1/1593 1126/1/1590
f 1130/1/1594 1131/1/1595 1127/1/1591
f 1127/1/1591 1126/1/1590 1130/1/1594
f 1127/1/1596 1132/1/1597 1133/1/1598
f 1133/1/1598 1128/1/1599 1127/1/1596
f 1127/1/1596 1131/1/1600 1134/1/1601
f 1134/1/1601 1132/1/1597 1127/1/1596
f 1135/1/1188 1136/1/1188 1137/1/1602
f 1137/1/1602 1129/1/1602 1135/1/1188
f 1126/1/1185 1129/1/1603 1137/1/1604
f 1137/1/1604 1138/1/1604 1126/1/1185
f 1126/1/1184 1138/1/1184 1139/1/1184
f 1139/1/1184 1130/1/1184 1126/1/1184
f 1115/1/1182 1130/1/1182 1139/1/1182
f 1139/1/1182 1116/1/1605 1115/1/1182
f 1130/1/1594 1115/1/1589 1125/1/1588
f 1125/1/1588 1131/1/1595 1130/1/1594
f 1124/1/1586 1134/1/1601 1131/1/1600
f 1131/1/1600 1125/1/1587 1124/1/1586
f 1134/1/1179 1124/1/1179 1123/1/1179
f 1123/1/1179 1140/1/1179 1134/1/1179
f 1140/1/1178 1141/1/1178 1132/1/1178
f 1132/1/1178 1134/1/1178 1140/1/1178
f 1141/1/1177 1142/1/1177 1133/1/1177
f 1133/1/1177 1132/1/1177 1141/1/1177
f 1142/1/1606 1143/1/1606 1144/1/1606
f 1144/1/1606 1133/1/1607 1142/1/1606
f 1128/1/1599 1133/1/1598 1144/1/1608
f 1144/1/1608 1145/1/1609 1128/1/1599
f 1128/1/1592 1145/1/1610 1135/1/1611
f 1135/1/1611 1129/1/1593 1128/1/1592
f 1146/1/1612 1147/1/1613 1148/1/1614
f 1148/1/1614 1149/1/1615 1146/1/1612
f 1150/1/1616 1151/1/1617 1147/1/1613
f 1147/1/1613 1146/1/1612 1150/1/1616
f 1147/1/1618 1152/1/1619 1153/1/1620
f 1153/1/1620 1148/1/1621 1147/1/1618
f 1147/1/1618 1151/1/1622 1154/1/1623
f 1154/1/1623 1152/1/1619 1147/1/1618
f 1155/1/1225 1156/1/1225 1157/1/1225
f 1157/1/1225 1149/1/1225 1155/1/1225
f 1146/1/1624 1149/1/1625 1157/1/1626
f 1157/1/1626 1158/1/1223 1146/1/1624
f 1146/1/1219 1158/1/1219 1159/1/1219
f 1159/1/1219 1150/1/1219 1146/1/1219
f 1135/1/1217 1150/1/1217 1159/1/1217
f 1159/1/1217 1136/1/1217 1135/1/1217
f 1150/1/1616 1135/1/1611 1145/1/1610
f 1145/1/1610 1151/1/1617 1150/1/1616
f 1144/1/1608 1154/1/1623 1151/1/1622
f 1151/1/1622 1145/1/1609 1144/1/1608
f 1154/1/1215 1144/1/1215 1143/1/1215
f 1143/1/1215 1160/1/1215 1154/1/1215
f 1160/1/1627 1161/1/1212 1152/1/1212
f 1152/1/1212 1154/1/1212 1160/1/1627
f 1161/1/1210 1162/1/1210 1153/1/1210
f 1153/1/1210 1152/1/1210 1161/1/1210
f 1162/1/1628 1163/1/1208 1164/1/1629
f 1164/1/1629 1153/1/1208 1162/1/1628
f 1148/1/1621 1153/1/1620 1164/1/1630
f 1164/1/1630 1165/1/1631 1148/1/1621
f 1148/1/1614 1165/1/1632 1155/1/1633
f 1155/1/1633 1149/1/1615 1148/1/1614
f 1166/1/1634 1167/1/1635 1168/1/1636
f 1168/1/1636 1169/1/1637 1166/1/1634
f 1170/1/1638 1171/1/1639 1167/1/1635
f 1167/1/1635 1166/1/1634 1170/1/1638
f 1167/1/1640 1172/1/1641 1173/1/1642
f 1173/1/1642 1168/1/1643 1167/1/1640
f 1167/1/1640 1171/1/1644 1174/1/1645
f 1174/1/1645 1172/1/1641 1167/1/1640
f 1175/1/1646 1176/1/1647 1177/1/1648
f 1177/1/1648 1169/1/1257 1175/1/1646
f 1166/1/1253 1169/1/1256 1177/1/1649
f 1177/1/1649 1178/1/1253 1166/1/1253
f 1166/1/1251 1178/1/1650 1179/1/1251
f 1179/1/1251 1170/1/1251 1166/1/1251
f 1155/1/1250 1170/1/1250 1179/1/1250
f 1179/1/1250 1156/1/1250 1155/1/1250
f 1170/1/1638 1155/1/1633 1165/1/1632
f 1165/1/1632 1171/1/1639 1170/1/1638
f 1164/1/1630 1174/1/1645 1171/1/1644
f 1171/1/1644 1165/1/1631 1164/1/1630
f 1174/1/1651 1164/1/1652 1163/1/1651
f 1163/1/1651 1180/1/1652 1174/1/1651
f 1180/1/1246 1181/1/1246 1172/1/1246
f 1172/1/1246 1174/1/1246 1180/1/1246
f 1181/1/1653 1182/1/1653 1173/1/1245
f 1173/1/1245 1172/1/1653 1181/1/1653
f 1182/1/1654 1183/1/1242 1184/1/1655
f 1184/1/1655 1173/1/1656 1182/1/1654
f 1168/1/1643 1173/1/1642 1184/1/1657
f 1184/1/1657 1185/1/1658 1168/1/1643
f 1168/1/1636 1185/1/1659 1175/1/1660
f 1175/1/1660 1169/1/1637 1168/1/1636
f 1186/1/1661 1187/1/1662 1188/1/1663
f 1188/1/1663 1189/1/1664 1186/1/1661
f 1190/1/1665 1191/1/1666 1187/1/1662
f 1187/1/1662 1186/1/1661 1190/1/1665
f 1187/1/1667 1192/1/1668 1193/1/1669
f 1193/1/1669 1188/1/1670 1187/1/1667
f 1187/1/1667 1191/1/1671 1194/1/1672
f 1194/1/1672 1192/1/1668 1187/1/1667
f 1195/1/1284 1196/1/1284 1197/1/1673
f 1197/1/1673 1189/1/1284 1195/1/1284
f 1186/1/1674 1189/1/1283 1197/1/1283
f 1197/1/1283 1198/1/1675 1186/1/1674
f 1186/1/1676 1198/1/1282 1199/1/1282
f 1199/1/1282 1190/1/1282 1186/1/1676
f 1175/1/1281 1190/1/1281 1199/1/1281
f 1199/1/1281 1176/1/1281 1175/1/1281
f 1190/1/1665 1175/1/1660 1185/1/1659
f 1185/1/1659 1191/1/1666 1190/1/1665
f 1184/1/1657 1194/1/1672 1191/1/1671
f 1191/1/1671 1185/1/1658 1184/1/1657
f 1194/1/1280 1184/1/1280 1183/1/1280
f 1183/1/1280 1200/1/1280 1194/1/1280
f 1200/1/1677 1201/1/1278 1192/1/1278
f 1192/1/1278 1194/1/1278 1200/1/1677
f 1201/1/1276 1202/1/1276 1193/1/1276
f 1193/1/1276 1192/1/1276 1201/1/1276
f 1202/1/1678 1203/1/1679 1204/1/1679
f 1204/1/1679 1193/1/1679 1202/1/1678
f 1188/1/1670 1193/1/1669 1204/1/1680
f 1204/1/1680 1205/1/1681 1188/1/1670
f 1188/1/1663 1205/1/1682 1195/1/1683
f 1195/1/1683 1189/1/1664 1188/1/1663
f 1206/1/1684 1207/1/1685 1208/1/1686
f 1208/1/1686 1209/1/1687 1206/1/1684
f 1210/1/1688 1211/1/1689 1207/1/1685
f 1207/1/1685 1206/1/1684 1210/1/1688
f 1207/1/1690 1212/1/1691 1213/1/1692
f 1213/1/1692 1208/1/1693 1207/1/1690
f 1207/1/1690 1211/1/1694 1214/1/1695
f 1214/1/1695 1212/1/1691 1207/1/1690
f 1215/1/1696 1216/1/1696 1217/1/1697
f 1217/1/1697 1209/1/1315 1215/1/1696
f 1206/1/1314 1209/1/1314 1217/1/1314
f 1217/1/1314 1218/1/1314 1206/1/1314
f 1206/1/1698 1218/1/1698 1219/1/1698
f 1219/1/1698 1210/1/1698 1206/1/1698
f 1195/1/1308 1210/1/1308 1219/1/1308
f 1219/1/1308 1196/1/1308 1195/1/1308
f 1210/1/1688 1195/1/1683 1205/1/1682
f 1205/1/1682 1211/1/1689 1210/1/1688
f 1204/1/1680 1214/1/1695 1211/1/1694
f 1211/1/1694 1205/1/1681 1204/1/1680
f 1214/1/1306 1204/1/1306 1203/1/1306
f 1203/1/1306 1220/1/1306 1214/1/1306
f 1220/1/1305 1221/1/1305 1212/1/1305
f 1212/1/1305 1214/1/1305 1220/1/1305
f 1221/1/1304 1222/1/1304 1213/1/1304
f 1213/1/1304 1212/1/1304 1221/1/1304
f 1222/1/1302 1223/1/1302 1224/1/1302
f 1224/1/1302 1213/1/1302 1222/1/1302
f 1208/1/1693 1213/1/1692 1224/1/1699
f 1224/1/1699 1225/1/1700 1208/1/1693
f 1208/1/1686 1225/1/1701 1215/1/1702
f 1215/1/1702 1209/1/1687 1208/1/1686
f 1226/1/1703 1227/1/1704 1228/1/1705
f 1228/1/1705 1229/1/1706 1226/1/1703
f 1230/1/1707 1231/1/1708 1227/1/1704
f 1227/1/1704 1226/1/1703 1230/1/1707
f 1227/1/1709 1232/1/1710 1233/1/1711
f 1233/1/1711 1228/1/1712 1227/1/1709
f 1227/1/1709 1231/1/1713 1234/1/1714
f 1234/1/1714 1232/1/1710 1227/1/1709
f 1235/1/1715 1236/1/1347 1237/1/1347
f 1237/1/1347 1229/1/1347 1235/1/1715
f 1226/1/1344 1229/1/1344 1237/1/1344
f 1237/1/1344 1238/1/1716 1226/1/1344
f 1226/1/1342 1238/1/1342 1239/1/1342
f 1239/1/1342 1230/1/1342 1226/1/1342
f 1215/1/1340 1230/1/1340 1239/1/1340
f 1239/1/1340 1216/1/1717 1215/1/1340
f 1230/1/1707 1215/1/1702 1225/1/1701
f 1225/1/1701 1231/1/1708 1230/1/1707
f 1224/1/1699 1234/1/1714 1231/1/1713
f 1231/1/1713 1225/1/1700 1224/1/1699
f 1234/1/1718 1224/1/1719 1223/1/1718
f 1223/1/1718 1240/1/1720 1234/1/1718
f 1240/1/1336 1241/1/1336 1232/1/1336
f 1232/1/1336 1234/1/1721 1240/1/1336
f 1241/1/1722 1242/1/1723 1233/1/1722
f 1233/1/1722 1232/1/1722 1241/1/1722
f 1242/1/1333 1243/1/1333 1244/1/1333
f 1244/1/1333 1233/1/1333 1242/1/1333
f 1228/1/1712 1233/1/1711 1244/1/1724
f 1244/1/1724 1245/1/1725 1228/1/1712
f 1228/1/1705 1245/1/1726 1235/1/1727
f 1235/1/1727 1229/1/1706 1228/1/1705
f 1246/1/1728 1247/1/1729 1248/1/1730
f 1248/1/1730 1249/1/1731 1246/1/1728
f 1250/1/1732 1251/1/1733 1247/1/1729
f 1247/1/1729 1246/1/1728 1250/1/1732
f 1247/1/1734 1252/1/1735 1253/1/1736
f 1253/1/1736 1248/1/1737 1247/1/1734
f 1247/1/1734 1251/1/1738 1254/1/1739
f 1254/1/1739 1252/1/1735 1247/1/1734
f 1255/1/1379 1256/1/1740 1257/1/1379
f 1257/1/1379 1249/1/1741 1255/1/1379
f 1246/1/1378 1249/1/1378 1257/1/1378
f 1257/1/1378 1258/1/1378 1246/1/1378
f 1246/1/1375 1258/1/1375 1259/1/1742
f 1259/1/1742 1250/1/1377 1246/1/1375
f 1235/1/1743 1250/1/1373 1259/1/1744
f 1259/1/1744 1236/1/1373 1235/1/1743
f 1250/1/1732 1235/1/1727 1245/1/1726
f 1245/1/1726 1251/1/1733 1250/1/1732
f 1244/1/1724 1254/1/1739 1251/1/1738
f 1251/1/1738 1245/1/1725 1244/1/1724
f 1254/1/1370 1244/1/1745 1243/1/1370
f 1243/1/1370 1260/1/1370 1254/1/1370
f 1260/1/1746 1261/1/1368 1252/1/1746
f 1252/1/1746 1254/1/1746 1260/1/1746
f 1261/1/1365 1262/1/1747 1253/1/1365
f 1253/1/1365 1252/1/1365 1261/1/1365
f 1262/1/1748 1263/1/1749 1264/1/1364
f 1264/1/1364 1253/1/1364 1262/1/1748
f 1248/1/1737 1253/1/1736 1264/1/1750
f 1264/1/1750 1265/1/1751 1248/1/1737
f 1248/1/1730 1265/1/1752 1255/1/1753
f 1255/1/1753 1249/1/1731 1248/1/1730
f 1266/1/1754 1267/1/1755 1268/1/1756
f 1268/1/1756 1269/1/1757 1266/1/1754
f 1270/1/1758 1271/1/1759 1267/1/1755
f 1267/1/1755 1266/1/1754 1270/1/1758
f 1267/1/1760 1272/1/1761 1273/1/1762
f 1273/1/1762 1268/1/1763 1267/1/1760
f 1267/1/1760 1271/1/1764 1274/1/1765
f 1274/1/1765 1272/1/1761 1267/1/1760
f 16/1/1413 15/1/1413 1275/1/1413
f 1275/1/1413 1269/1/1766 16/1/1413
f 1266/1/1412 1269/1/1412 1275/1/1412
f 1275/1/1412 1276/1/1412 1266/1/1412
f 1266/1/1410 1276/1/1767 1277/1/1768
f 1277/1/1768 1270/1/1410 1266/1/1410
f 1255/1/1769 1270/1/1770 1277/1/1409
f 1277/1/1409 1256/1/1408 1255/1/1769
f 1270/1/1758 1255/1/1753 1265/1/1752
f 1265/1/1752 1271/1/1759 1270/1/1758
f 1264/1/1750 1274/1/1765 1271/1/1764
f 1271/1/1764 1265/1/1751 1264/1/1750
f 1274/1/1403 1264/1/1771 1263/1/1772
f 1263/1/1772 1278/1/1773 1274/1/1403
f 1278/1/1402 1279/1/1400 1272/1/1400
f 1272/1/1400 1274/1/1400 1278/1/1402
f 1279/1/1774 1280/1/1397 1273/1/1775
f 1273/1/1775 1272/1/1776 1279/1/1774
f 18/1/1396 1273/1/1396 1280/1/1396
f 1280/1/1396 20/1/1777 18/1/1396
f 1273/1/1762 18/1/21 17/1/20
f 17/1/20 1268/1/1763 1273/1/1762
f 1268/1/1756 17/1/18 16/1/19
f 16/1/19 1269/1/1757 1268/1/1756
f 1281/1/1778 1282/1/1778 1283/1/1778
f 1283/1/1778 1284/1/1778 1281/1/1778
f 1285/1/1779 1286/1/1779 1282/1/1779
f 1282/1/1779 1281/1/1779 1285/1/1779
f 1282/1/1780 1287/1/1781 1288/1/1781
f 1288/1/1781 1283/1/1781 1282/1/1780
f 1289/1/1782 1287/1/1783 1282/1/1784
f 1282/1/1784 1286/1/1782 1289/1/1782
f 1290/1/1785 526/1/1786 548/1/1785
f 548/1/1785 1284/1/1785 1290/1/1785
f 1284/1/1787 548/1/1787 547/1/1787
f 547/1/1787 1281/1/1787 1284/1/1787
f 1285/1/1788 1281/1/1788 547/1/1788
f 547/1/1788 545/1/1788 1285/1/1788
f 1285/1/1789 545/1/1789 546/1/1789
f 546/1/1789 1291/1/1789 1285/1/1789
f 1285/1/1790 1291/1/1790 1292/1/1790
f 1292/1/1790 1286/1/1790 1285/1/1790
f 1293/1/1791 1289/1/1792 1286/1/1793
f 1286/1/1793 1292/1/1793 1293/1/1791
f 1289/1/1794 1293/1/1794 1163/1/1795
f 1163/1/1795 1162/1/1794 1289/1/1794
f 1289/1/1796 1162/1/1796 1161/1/1796
f 1161/1/1796 1287/1/1797 1289/1/1796
f 1161/1/1798 1160/1/1799 1288/1/1799
f 1288/1/1799 1287/1/1800 1161/1/1798
f 1160/1/1801 1143/1/1801 1294/1/1801
f 1294/1/1801 1288/1/1801 1160/1/1801
f 1283/1/1802 1288/1/1802 1294/1/1802
f 1294/1/1802 1295/1/1802 1283/1/1802
f 1283/1/1803 1295/1/1803 1290/1/1803
f 1290/1/1803 1284/1/1803 1283/1/1803
f 1296/1/1804 1297/1/1804 1298/1/1804
f 1298/1/1804 1299/1/1804 1296/1/1804
f 1300/1/1805 1301/1/1806 1297/1/1805
f 1297/1/1805 1296/1/1807 1300/1/1805
f 1297/1/1808 1302/1/1809 1303/1/1808
f 1303/1/1808 1298/1/1808 1297/1/1808
f 1301/1/1810 1304/1/1811 1302/1/1812
f 1302/1/1812 1297/1/1813 1301/1/1810
f 49/1/1814 660/1/1815 1299/1/1816
f 1299/1/1816 1305/1/1817 49/1/1814
f 665/1/1818 1296/1/1818 1299/1/1818
f 1299/1/1818 660/1/1818 665/1/1818
f 665/1/1819 664/1/1819 1300/1/1819
f 1300/1/1819 1296/1/1819 665/1/1819
f 664/1/1820 641/1/1821 1306/1/1820
f 1306/1/1820 1300/1/1820 664/1/1820
f 1300/1/1822 1306/1/1823 1307/1/1822
f 1307/1/1822 1301/1/1822 1300/1/1822
f 1308/1/1824 1304/1/1825 1301/1/1825
f 1301/1/1825 1307/1/1826 1308/1/1824
f 1304/1/1827 1308/1/1827 1256/1/1827
f 1256/1/1827 1277/1/1827 1304/1/1827
f 1304/1/1828 1277/1/1828 1276/1/1828
f 1276/1/1828 1302/1/1829 1304/1/1828
f 1302/1/1830 1276/1/1831 1275/1/1831
f 1275/1/1831 1303/1/1832 1302/1/1830
f 1275/1/1833 15/1/1834 1309/1/1835
f 1309/1/1835 1303/1/1836 1275/1/1833
f 1303/1/1837 1309/1/1837 1310/1/1837
f 1310/1/1837 1298/1/1838 1303/1/1837
f 1298/1/1839 1310/1/1839 1305/1/1839
f 1305/1/1839 1299/1/1840 1298/1/1839
f 1311/1/1841 1312/1/1842 1313/1/1841
f 1313/1/1841 1314/1/1841 1311/1/1841
f 1315/1/1843 1316/1/1844 1312/1/1845
f 1312/1/1845 1311/1/1846 1315/1/1843
f 1312/1/1847 1317/1/1847 1318/1/1847
f 1318/1/1847 1313/1/1848 1312/1/1847
f 1312/1/1849 1316/1/1850 1319/1/1851
f 1319/1/1851 1317/1/1851 1312/1/1849
f 1314/1/1852 1320/1/1853 141/1/1853
f 141/1/1853 140/1/1853 1314/1/1852
f 1314/1/1854 140/1/1854 150/1/1854
f 150/1/1854 1311/1/1854 1314/1/1854
f 1315/1/1855 1311/1/1855 150/1/1855
f 150/1/1855 149/1/1855 1315/1/1855
f 149/1/1856 121/1/1856 1321/1/1856
f 1321/1/1856 1315/1/1856 149/1/1856
f 1315/1/1857 1321/1/1858 1322/1/1859
f 1322/1/1859 1316/1/1858 1315/1/1857
f 1323/1/1860 1319/1/1861 1316/1/1860
f 1316/1/1860 1322/1/1862 1323/1/1860
f 736/1/1863 759/1/1864 1319/1/1864
f 1319/1/1864 1323/1/1864 736/1/1863
f 1319/1/1865 759/1/1865 758/1/1865
f 758/1/1865 1317/1/1865 1319/1/1865
f 758/1/1866 757/1/1867 1318/1/1867
f 1318/1/1867 1317/1/1867 758/1/1866
f 757/1/1868 756/1/1868 1324/1/1868
f 1324/1/1868 1318/1/1869 757/1/1868
f 1325/1/1870 1313/1/1870 1318/1/1870
f 1318/1/1870 1324/1/1870 1325/1/1870
f 1313/1/1871 1325/1/1872 1320/1/1872
f 1320/1/1872 1314/1/1872 1313/1/1871
f 1326/1/1873 1327/1/1873 1328/1/1873
f 1328/1/1873 1329/1/1873 1326/1/1873
f 1330/1/1874 1331/1/1875 1327/1/1874
f 1327/1/1874 1326/1/1874 1330/1/1874
f 1327/1/1876 1332/1/1877 1333/1/1876
f 1333/1/1876 1328/1/1876 1327/1/1876
f 1334/1/1878 1332/1/1879 1327/1/1879
f 1327/1/1879 1331/1/1879 1334/1/1878
f 1329/1/1880 1291/1/1880 546/1/1880
f 546/1/1880 568/1/1880 1329/1/1880
f 1329/1/1881 568/1/1881 567/1/1881
f 567/1/1881 1326/1/1881 1329/1/1881
f 1330/1/1882 1326/1/1882 567/1/1882
f 567/1/1882 565/1/1883 1330/1/1882
f 1335/1/1884 1330/1/1885 565/1/1886
f 565/1/1886 566/1/1885 1335/1/1884
f 1335/1/1887 1336/1/1888 1331/1/1889
f 1331/1/1889 1330/1/1887 1335/1/1887
f 1337/1/1890 1334/1/1891 1331/1/1892
f 1331/1/1892 1336/1/1893 1337/1/1890
f 1334/1/1894 1337/1/1895 1183/1/1894
f 1183/1/1894 1182/1/1896 1334/1/1894
f 1334/1/1897 1182/1/1898 1181/1/1899
f 1181/1/1899 1332/1/1900 1334/1/1897
f 1181/1/1901 1180/1/1901 1333/1/1902
f 1333/1/1902 1332/1/1903 1181/1/1901
f 1163/1/1904 1293/1/1905 1333/1/1906
f 1333/1/1906 1180/1/1905 1163/1/1904
f 1328/1/1907 1333/1/1908 1293/1/1909
f 1293/1/1909 1292/1/1908 1328/1/1907
f 1329/1/1910 1328/1/1910 1292/1/1910
f 1292/1/1910 1291/1/1910 1329/1/1910
f 1338/1/1911 1339/1/1911 1340/1/1911
f 1340/1/1911 1341/1/1911 1338/1/1911
f 1342/1/1912 1343/1/1913 1339/1/1914
f 1339/1/1914 1338/1/1912 1342/1/1912
f 1339/1/1915 1344/1/1916 1345/1/1917
f 1345/1/1917 1340/1/1915 1339/1/1915
f 1343/1/1918 1346/1/1918 1344/1/1919
f 1344/1/1919 1339/1/1920 1343/1/1918
f 1347/1/1921 45/1/1921 43/1/1921
f 43/1/1921 1341/1/1921 1347/1/1921
f 42/1/1922 1338/1/1923 1341/1/1923
f 1341/1/1923 43/1/1923 42/1/1922
f 41/1/1924 1342/1/1925 1338/1/1924
f 1338/1/1924 42/1/1926 41/1/1924
f 1348/1/1927 1342/1/1928 41/1/1927
f 41/1/1927 40/1/1927 1348/1/1927
f 1348/1/1929 1349/1/1930 1343/1/1930
f 1343/1/1930 1342/1/1930 1348/1/1929
f 1350/1/1931 1346/1/1931 1343/1/1932
f 1343/1/1932 1349/1/1932 1350/1/1931
f 1350/1/1933 23/1/1933 22/1/1933
f 22/1/1933 1346/1/1933 1350/1/1933
f 1344/1/1934 1346/1/1935 22/1/1934
f 22/1/1934 21/1/1934 1344/1/1934
f 1345/1/1936 1344/1/1937 21/1/1938
f 21/1/1938 19/1/1936 1345/1/1936
f 19/1/1939 20/1/1940 1351/1/1940
f 1351/1/1940 1345/1/1940 19/1/1939
f 1340/1/1941 1345/1/1941 1351/1/1941
f 1351/1/1941 1352/1/1941 1340/1/1941
f 1352/1/1942 1347/1/1943 1341/1/1943
f 1341/1/1943 1340/1/1943 1352/1/1942
f 1353/1/1944 1354/1/1944 1355/1/1944
f 1355/1/1944 1356/1/1944 1353/1/1944
f 1357/1/1945 1358/1/1946 1354/1/1947
f 1354/1/1947 1353/1/1948 1357/1/1945
f 1354/1/1949 1359/1/1950 1360/1/1950
f 1360/1/1950 1355/1/1950 1354/1/1949
f 1358/1/1951 1361/1/1952 1359/1/1951
f 1359/1/1951 1354/1/1953 1358/1/1951
f 1362/1/1954 161/1/1955 160/1/1954
f 160/1/1954 1356/1/1954 1362/1/1954
f 170/1/1956 1353/1/1957 1356/1/1957
f 1356/1/1957 160/1/1958 170/1/1956
f 170/1/1959 169/1/1959 1357/1/1959
f 1357/1/1959 1353/1/1959 170/1/1959
f 1320/1/1960 1357/1/1960 169/1/1960
f 169/1/1960 141/1/1960 1320/1/1960
f 1358/1/1961 1357/1/1961 1320/1/1961
f 1320/1/1961 1325/1/1961 1358/1/1961
f 1358/1/1962 1325/1/1963 1324/1/1962
f 1324/1/1962 1361/1/1964 1358/1/1962
f 756/1/1965 779/1/1966 1361/1/1966
f 1361/1/1966 1324/1/1967 756/1/1965
f 1361/1/1968 779/1/1969 778/1/1968
f 778/1/1968 1359/1/1970 1361/1/1968
f 1359/1/1971 778/1/1972 777/1/1973
f 777/1/1973 1360/1/1973 1359/1/1971
f 776/1/1974 1363/1/1974 1360/1/1975
f 1360/1/1975 777/1/1974 776/1/1974
f 1364/1/1976 1355/1/1977 1360/1/1977
f 1360/1/1977 1363/1/1976 1364/1/1976
f 1364/1/1978 1362/1/1978 1356/1/1978
f 1356/1/1978 1355/1/1978 1364/1/1978
f 1365/1/1979 1366/1/1980 1367/1/1981
f 1367/1/1981 1368/1/1980 1365/1/1979
f 1369/1/1982 1370/1/1982 1366/1/1982
f 1366/1/1982 1365/1/1982 1369/1/1982
f 1366/1/1983 1371/1/1983 1372/1/1983
f 1372/1/1983 1367/1/1983 1366/1/1983
f 1373/1/1984 1371/1/1984 1366/1/1984
f 1366/1/1984 1370/1/1985 1373/1/1984
f 1335/1/1986 566/1/1986 588/1/1986
f 588/1/1986 1368/1/1986 1335/1/1986
f 1368/1/1987 588/1/1987 587/1/1987
f 587/1/1987 1365/1/1987 1368/1/1987
f 1369/1/1988 1365/1/1988 587/1/1988
f 587/1/1988 585/1/1988 1369/1/1988
f 1374/1/1989 1369/1/1989 585/1/1989
f 585/1/1989 586/1/1990 1374/1/1989
f 1374/1/1991 1375/1/1992 1370/1/1993
f 1370/1/1993 1369/1/1993 1374/1/1991
f 1375/1/1994 1376/1/1995 1373/1/1996
f 1373/1/1996 1370/1/1995 1375/1/1994
f 1373/1/1997 1376/1/1998 1203/1/1997
f 1203/1/1997 1202/1/1997 1373/1/1997
f 1373/1/1999 1202/1/1999 1201/1/1999
f 1201/1/1999 1371/1/1999 1373/1/1999
f 1201/1/2000 1200/1/2001 1372/1/2001
f 1372/1/2001 1371/1/2001 1201/1/2000
f 1200/1/2002 1183/1/2003 1337/1/2004
f 1337/1/2004 1372/1/2003 1200/1/2002
f 1337/1/2005 1336/1/2005 1367/1/2005
f 1367/1/2005 1372/1/2005 1337/1/2005
f 1335/1/2006 1368/1/2007 1367/1/2007
f 1367/1/2007 1336/1/2006 1335/1/2006
f 1377/1/2008 1378/1/2008 1379/1/2009
f 1379/1/2009 1380/1/2009 1377/1/2008
f 1381/1/2010 1382/1/2011 1378/1/2012
f 1378/1/2012 1377/1/2011 1381/1/2010
f 1378/1/2013 1383/1/2014 1384/1/2015
f 1384/1/2015 1379/1/2014 1378/1/2013
f 1382/1/2016 1385/1/2017 1383/1/2018
f 1383/1/2018 1378/1/2018 1382/1/2016
f 1348/1/2019 40/1/2019 68/1/2020
f 68/1/2020 1380/1/2020 1348/1/2019
f 67/1/2021 1377/1/2021 1380/1/2021
f 1380/1/2021 68/1/2021 67/1/2021
f 66/1/2022 1381/1/2022 1377/1/2022
f 1377/1/2022 67/1/2022 66/1/2022
f 66/1/2023 65/1/2024 1386/1/2025
f 1386/1/2025 1381/1/2026 66/1/2023
f 1386/1/2027 1387/1/2027 1382/1/2028
f 1382/1/2028 1381/1/2027 1386/1/2027
f 1388/1/2029 1385/1/2029 1382/1/2029
f 1382/1/2029 1387/1/2029 1388/1/2029
f 1385/1/2030 1388/1/2031 683/1/2032
f 683/1/2032 682/1/2031 1385/1/2030
f 1383/1/2033 1385/1/2033 682/1/2034
f 682/1/2034 681/1/2034 1383/1/2033
f 1384/1/2035 1383/1/2035 681/1/2036
f 681/1/2036 680/1/2035 1384/1/2035
f 680/1/2037 23/1/2037 1350/1/2037
f 1350/1/2037 1384/1/2037 680/1/2037
f 1349/1/2038 1379/1/2038 1384/1/2038
f 1384/1/2038 1350/1/2038 1349/1/2038
f 1380/1/2039 1379/1/2040 1349/1/2039
f 1349/1/2039 1348/1/2039 1380/1/2039
f 1389/1/2041 1390/1/2042 1391/1/2042
f 1391/1/2042 1392/1/2042 1389/1/2041
f 1393/1/2043 1394/1/2044 1390/1/2045
f 1390/1/2045 1389/1/2043 1393/1/2043
f 1390/1/2046 1395/1/2047 1396/1/2048
f 1396/1/2048 1391/1/2047 1390/1/2046
f 1394/1/2049 1397/1/2050 1395/1/2049
f 1395/1/2049 1390/1/2049 1394/1/2049
f 1392/1/2051 1398/1/2051 181/1/2051
f 181/1/2051 180/1/2051 1392/1/2051
f 190/1/2052 1389/1/2052 1392/1/2052
f 1392/1/2052 180/1/2052 190/1/2052
f 190/1/2053 189/1/2053 1393/1/2053
f 1393/1/2053 1389/1/2053 190/1/2053
f 161/1/2054 1362/1/2055 1393/1/2056
f 1393/1/2056 189/1/2056 161/1/2054
f 1362/1/2057 1364/1/2057 1394/1/2057
f 1394/1/2057 1393/1/2058 1362/1/2057
f 1397/1/2059 1394/1/2059 1364/1/2059
f 1364/1/2059 1363/1/2059 1397/1/2059
f 1397/1/2060 1363/1/2060 776/1/2060
f 776/1/2060 799/1/2061 1397/1/2060
f 1397/1/2062 799/1/2063 798/1/2063
f 798/1/2063 1395/1/2062 1397/1/2062
f 1395/1/2064 798/1/2065 797/1/2066
f 797/1/2066 1396/1/2067 1395/1/2064
f 797/1/2068 796/1/2068 1399/1/2068
f 1399/1/2068 1396/1/2068 797/1/2068
f 1391/1/2069 1396/1/2070 1399/1/2069
f 1399/1/2069 1400/1/2069 1391/1/2069
f 1400/1/2071 1398/1/2072 1392/1/2073
f 1392/1/2073 1391/1/2072 1400/1/2071
f 1401/1/2074 1402/1/2074 1403/1/2074
f 1403/1/2074 1404/1/2074 1401/1/2074
f 1405/1/2075 1406/1/2076 1402/1/2077
f 1402/1/2077 1401/1/2078 1405/1/2075
f 1402/1/2079 1407/1/2079 1408/1/2079
f 1408/1/2079 1403/1/2079 1402/1/2079
f 1409/1/2080 1407/1/2080 1402/1/2080
f 1402/1/2080 1406/1/2080 1409/1/2080
f 1374/1/2081 586/1/2081 608/1/2081
f 608/1/2081 1404/1/2081 1374/1/2081
f 1404/1/2082 608/1/2082 607/1/2083
f 607/1/2083 1401/1/2082 1404/1/2082
f 1405/1/2084 1401/1/2085 607/1/2086
f 607/1/2086 605/1/2087 1405/1/2084
f 1410/1/2088 1405/1/2088 605/1/2088
f 605/1/2088 606/1/2088 1410/1/2088
f 1410/1/2089 1411/1/2090 1406/1/2090
f 1406/1/2090 1405/1/2090 1410/1/2089
f 1409/1/2091 1406/1/2091 1411/1/2092
f 1411/1/2092 1412/1/2091 1409/1/2091
f 1409/1/2093 1412/1/2093 1223/1/2093
f 1223/1/2093 1222/1/2093 1409/1/2093
f 1409/1/2094 1222/1/2094 1221/1/2094
f 1221/1/2094 1407/1/2094 1409/1/2094
f 1221/1/2095 1220/1/2096 1408/1/2096
f 1408/1/2096 1407/1/2096 1221/1/2095
f 1203/1/2097 1376/1/2097 1408/1/2097
f 1408/1/2097 1220/1/2097 1203/1/2097
f 1375/1/2098 1403/1/2099 1408/1/2100
f 1408/1/2100 1376/1/2099 1375/1/2098
f 1404/1/2101 1403/1/2102 1375/1/2103
f 1375/1/2103 1374/1/2103 1404/1/2101
f 1413/1/2104 1414/1/2105 1415/1/2106
f 1415/1/2106 1416/1/2107 1413/1/2104
f 1417/1/2108 1418/1/2108 1414/1/2108
f 1414/1/2108 1413/1/2108 1417/1/2108
f 1414/1/2109 1419/1/2110 1420/1/2111
f 1420/1/2111 1415/1/2112 1414/1/2109
f 1418/1/2113 1421/1/2114 1419/1/2113
f 1419/1/2113 1414/1/2114 1418/1/2113
f 1386/1/2115 65/1/2115 88/1/2116
f 88/1/2116 1416/1/2116 1386/1/2115
f 1416/1/2117 88/1/2117 87/1/2117
f 87/1/2117 1413/1/2117 1416/1/2117
f 86/1/2118 1417/1/2119 1413/1/2118
f 1413/1/2118 87/1/2118 86/1/2118
f 86/1/2120 85/1/2120 1422/1/2120
f 1422/1/2120 1417/1/2120 86/1/2120
f 1422/1/2121 1423/1/2121 1418/1/2122
f 1418/1/2122 1417/1/2121 1422/1/2121
f 1421/1/2123 1418/1/2124 1423/1/2125
f 1423/1/2125 1424/1/2124 1421/1/2123
f 1421/1/2126 1424/1/2127 703/1/2127
f 703/1/2127 702/1/2128 1421/1/2126
f 1419/1/2129 1421/1/2130 702/1/2129
f 702/1/2129 701/1/2129 1419/1/2129
f 701/1/2131 700/1/2131 1420/1/2131
f 1420/1/2131 1419/1/2131 701/1/2131
f 700/1/2132 683/1/2133 1388/1/2134
f 1388/1/2134 1420/1/2133 700/1/2132
f 1387/1/2135 1415/1/2135 1420/1/2135
f 1420/1/2135 1388/1/2135 1387/1/2135
f 1415/1/2136 1387/1/2137 1386/1/2137
f 1386/1/2137 1416/1/2137 1415/1/2136
f 1425/1/2138 1426/1/2138 1427/1/2138
f 1427/1/2138 1428/1/2138 1425/1/2138
f 1429/1/2139 1430/1/2139 1426/1/2139
f 1426/1/2139 1425/1/2140 1429/1/2139
f 1426/1/2141 1431/1/2141 1432/1/2141
f 1432/1/2141 1427/1/2141 1426/1/2141
f 1430/1/2142 1433/1/2142 1431/1/2143
f 1431/1/2143 1426/1/2142 1430/1/2142
f 201/1/2144 200/1/2145 1428/1/2146
f 1428/1/2146 1434/1/2147 201/1/2144
f 210/1/2148 1425/1/2148 1428/1/2149
f 1428/1/2149 200/1/2148 210/1/2148
f 210/1/2150 209/1/2150 1429/1/2151
f 1429/1/2151 1425/1/2150 210/1/2150
f 1429/1/2152 209/1/2153 181/1/2153
f 181/1/2153 1398/1/2153 1429/1/2152
f 1430/1/2154 1429/1/2155 1398/1/2156
f 1398/1/2156 1400/1/2155 1430/1/2154
f 1399/1/2157 1433/1/2158 1430/1/2158
f 1430/1/2158 1400/1/2158 1399/1/2157
f 819/1/2159 1433/1/2159 1399/1/2159
f 1399/1/2159 796/1/2160 819/1/2159
f 1433/1/2161 819/1/2162 818/1/2163
f 818/1/2163 1431/1/2161 1433/1/2161
f 1431/1/2164 818/1/2165 817/1/2164
f 817/1/2164 1432/1/2164 1431/1/2164
f 817/1/2166 816/1/2167 1435/1/2167
f 1435/1/2167 1432/1/2168 817/1/2166
f 1427/1/2169 1432/1/2169 1435/1/2170
f 1435/1/2170 1436/1/2171 1427/1/2169
f 1436/1/2172 1434/1/2172 1428/1/2172
f 1428/1/2172 1427/1/2172 1436/1/2172
f 1437/1/2173 1438/1/2173 1439/1/2173
f 1439/1/2173 1440/1/2174 1437/1/2173
f 1441/1/2175 1442/1/2175 1438/1/2175
f 1438/1/2175 1437/1/2176 1441/1/2175
f 1438/1/2177 1443/1/2178 1444/1/2179
f 1444/1/2179 1439/1/2178 1438/1/2177
f 1445/1/2180 1443/1/2180 1438/1/2180
f 1438/1/2180 1442/1/2180 1445/1/2180
f 1410/1/2181 606/1/2182 628/1/2183
f 628/1/2183 1440/1/2184 1410/1/2181
f 1440/1/2185 628/1/2186 627/1/2187
f 627/1/2187 1437/1/2188 1440/1/2185
f 1441/1/2189 1437/1/2190 627/1/2190
f 627/1/2190 625/1/2191 1441/1/2189
f 1446/1/2192 1441/1/2193 625/1/2194
f 625/1/2194 626/1/2195 1446/1/2192
f 1446/1/2196 1447/1/2196 1442/1/2196
f 1442/1/2196 1441/1/2196 1446/1/2196
f 1445/1/2197 1442/1/2197 1447/1/2197
f 1447/1/2197 1448/1/2197 1445/1/2197
f 1445/1/2198 1448/1/2198 1243/1/2198
f 1243/1/2198 1242/1/2198 1445/1/2198
f 1445/1/2199 1242/1/2200 1241/1/2201
f 1241/1/2201 1443/1/2202 1445/1/2199
f 1241/1/2203 1240/1/2204 1444/1/2204
f 1444/1/2204 1443/1/2204 1241/1/2203
f 1240/1/2205 1223/1/2205 1412/1/2205
f 1412/1/2205 1444/1/2205 1240/1/2205
f 1439/1/2206 1444/1/2206 1412/1/2206
f 1412/1/2206 1411/1/2206 1439/1/2206
f 1440/1/2207 1439/1/2208 1411/1/2207
f 1411/1/2207 1410/1/2207 1440/1/2207
f 1449/1/2209 1450/1/2209 1451/1/2210
f 1451/1/2210 1452/1/2209 1449/1/2209
f 1453/1/2211 1454/1/2211 1450/1/2211
f 1450/1/2211 1449/1/2211 1453/1/2211
f 1450/1/2212 1455/1/2212 1456/1/2212
f 1456/1/2212 1451/1/2212 1450/1/2212
f 1454/1/2213 1457/1/2213 1455/1/2213
f 1455/1/2213 1450/1/2213 1454/1/2213
f 1452/1/2214 1422/1/2214 85/1/2215
f 85/1/2215 108/1/2214 1452/1/2214
f 107/1/2216 1449/1/2217 1452/1/2217
f 1452/1/2217 108/1/2216 107/1/2216
f 105/1/2218 1453/1/2218 1449/1/2218
f 1449/1/2218 107/1/2218 105/1/2218
f 1458/1/2219 1453/1/2219 105/1/2219
f 105/1/2219 106/1/2219 1458/1/2219
f 1458/1/2220 1459/1/2221 1454/1/2220
f 1454/1/2220 1453/1/2220 1458/1/2220
f 1457/1/2222 1454/1/2222 1459/1/2222
f 1459/1/2222 1460/1/2222 1457/1/2222
f 1457/1/2223 1460/1/2224 723/1/2225
f 723/1/2225 722/1/2223 1457/1/2223
f 1455/1/2226 1457/1/2227 722/1/2228
f 722/1/2228 721/1/2227 1455/1/2226
f 1456/1/2229 1455/1/2230 721/1/2231
f 721/1/2231 720/1/2230 1456/1/2229
f 720/1/2232 703/1/2233 1424/1/2234
f 1424/1/2234 1456/1/2235 720/1/2232
f 1423/1/2236 1451/1/2237 1456/1/2238
f 1456/1/2238 1424/1/2239 1423/1/2236
f 1452/1/2240 1451/1/2241 1423/1/2241
f 1423/1/2241 1422/1/2242 1452/1/2240
f 1461/1/2243 1462/1/2244 1463/1/2245
f 1463/1/2245 1464/1/2244 1461/1/2243
f 1465/1/1778 1466/1/1778 1462/1/1778
f 1462/1/1778 1461/1/1778 1465/1/1778
f 1462/1/2246 1467/1/2246 1468/1/2247
f 1468/1/2247 1463/1/1783 1462/1/2246
f 1466/1/1780 1469/1/1780 1467/1/2248
f 1467/1/2248 1462/1/1780 1466/1/1780
f 1464/1/1789 1470/1/1789 221/1/1789
f 221/1/1789 220/1/1789 1464/1/1789
f 230/1/1788 1461/1/2249 1464/1/1788
f 1464/1/1788 220/1/1788 230/1/1788
f 230/1/1787 229/1/1787 1465/1/2250
f 1465/1/2250 1461/1/1787 230/1/1787
f 1434/1/1785 1465/1/1785 229/1/1785
f 229/1/1785 201/1/2251 1434/1/1785
f 1466/1/1803 1465/1/1803 1434/1/1803
f 1434/1/1803 1436/1/1803 1466/1/1803
f 1435/1/1802 1469/1/1802 1466/1/1802
f 1466/1/1802 1436/1/1802 1435/1/1802
f 839/1/1801 1469/1/1801 1435/1/1801
f 1435/1/1801 816/1/1801 839/1/1801
f 1469/1/2252 839/1/2253 838/1/2254
f 838/1/2254 1467/1/2255 1469/1/2252
f 1467/1/2256 838/1/1796 837/1/1796
f 837/1/1796 1468/1/1796 1467/1/2256
f 837/1/2257 836/1/2258 1471/1/2259
f 1471/1/2259 1468/1/1794 837/1/2257
f 1463/1/1793 1468/1/2260 1471/1/1793
f 1471/1/1793 1472/1/1793 1463/1/1793
f 1472/1/1790 1470/1/1790 1464/1/1790
f 1464/1/1790 1463/1/2261 1472/1/1790
f 1473/1/2262 1474/1/2263 1475/1/2262
f 1475/1/2262 1476/1/2262 1473/1/2262
f 1477/1/2264 1478/1/2265 1474/1/2265
f 1474/1/2265 1473/1/2265 1477/1/2264
f 1474/1/2266 1479/1/2266 1480/1/2266
f 1480/1/2266 1475/1/2267 1474/1/2266
f 1481/1/2268 1479/1/2269 1474/1/2269
f 1474/1/2269 1478/1/2270 1481/1/2268
f 1446/1/2271 626/1/2271 648/1/2271
f 648/1/2271 1476/1/2271 1446/1/2271
f 1476/1/2272 648/1/2273 647/1/2274
f 647/1/2274 1473/1/2275 1476/1/2272
f 1477/1/2276 1473/1/2276 647/1/2277
f 647/1/2277 645/1/2276 1477/1/2276
f 1482/1/2278 1477/1/2279 645/1/2278
f 645/1/2278 646/1/2279 1482/1/2278
f 1482/1/2280 1483/1/2280 1478/1/2280
f 1478/1/2280 1477/1/2280 1482/1/2280
f 1481/1/2281 1478/1/2281 1483/1/2281
f 1483/1/2281 1484/1/2281 1481/1/2281
f 1481/1/2282 1484/1/2282 1263/1/2282
f 1263/1/2282 1262/1/2282 1481/1/2282
f 1481/1/2283 1262/1/2283 1261/1/2283
f 1261/1/2283 1479/1/2283 1481/1/2283
f 1261/1/2284 1260/1/2285 1480/1/2286
f 1480/1/2286 1479/1/2284 1261/1/2284
f 1260/1/2287 1243/1/2288 1448/1/2287
f 1448/1/2287 1480/1/2289 1260/1/2287
f 1475/1/2290 1480/1/2290 1448/1/2290
f 1448/1/2290 1447/1/2290 1475/1/2290
f 1476/1/2291 1475/1/2292 1447/1/2291
f 1447/1/2291 1446/1/2291 1476/1/2291
f 1485/1/2293 1486/1/2294 1487/1/2295
f 1487/1/2295 1488/1/2296 1485/1/2293
f 1489/1/2297 1490/1/2297 1486/1/2297
f 1486/1/2297 1485/1/2297 1489/1/2297
f 1486/1/2298 1491/1/2299 1492/1/2298
f 1492/1/2298 1487/1/2298 1486/1/2298
f 1490/1/2300 1493/1/2300 1491/1/2300
f 1491/1/2300 1486/1/2300 1490/1/2300
f 1458/1/2301 106/1/2301 128/1/2301
f 128/1/2301 1488/1/2301 1458/1/2301
f 127/1/2302 1485/1/2302 1488/1/2303
f 1488/1/2303 128/1/2304 127/1/2302
f 126/1/2305 1489/1/2306 1485/1/2307
f 1485/1/2307 127/1/2307 126/1/2305
f 1494/1/2308 1489/1/2308 126/1/2309
f 126/1/2309 125/1/2308 1494/1/2308
f 1494/1/2310 1495/1/2310 1490/1/2311
f 1490/1/2311 1489/1/2310 1494/1/2310
f 1493/1/2312 1490/1/2312 1495/1/2312
f 1495/1/2312 1496/1/2312 1493/1/2312
f 1493/1/2313 1496/1/2314 743/1/2314
f 743/1/2314 742/1/2313 1493/1/2313
f 1491/1/2315 1493/1/2315 742/1/2315
f 742/1/2315 741/1/2315 1491/1/2315
f 1492/1/2316 1491/1/2316 741/1/2316
f 741/1/2316 740/1/2316 1492/1/2316
f 740/1/2317 723/1/2318 1460/1/2317
f 1460/1/2317 1492/1/2319 740/1/2317
f 1459/1/2320 1487/1/2320 1492/1/2321
f 1492/1/2321 1460/1/2322 1459/1/2320
f 1488/1/2323 1487/1/2324 1459/1/2325
f 1459/1/2325 1458/1/2326 1488/1/2323
f 1497/1/1874 1498/1/1874 1499/1/2327
f 1499/1/2327 1500/1/2328 1497/1/1874
f 1501/1/2329 1502/1/2330 1498/1/2331
f 1498/1/2331 1497/1/2332 1501/1/2329
f 1498/1/2333 1503/1/2334 1504/1/2335
f 1504/1/2335 1499/1/1879 1498/1/2333
f 1502/1/1876 1505/1/1876 1503/1/1876
f 1503/1/1876 1498/1/1876 1502/1/1876
f 1500/1/1885 1506/1/1885 241/1/1885
f 241/1/1885 240/1/1885 1500/1/1885
f 250/1/1882 1497/1/2336 1500/1/2337
f 1500/1/2337 240/1/1882 250/1/1882
f 250/1/1881 249/1/1881 1501/1/1881
f 1501/1/1881 1497/1/1881 250/1/1881
f 1470/1/2338 1501/1/1880 249/1/1880
f 249/1/1880 221/1/1880 1470/1/2338
f 1502/1/1910 1501/1/1910 1470/1/2339
f 1470/1/2339 1472/1/1910 1502/1/1910
f 1471/1/1908 1505/1/1908 1502/1/2340
f 1502/1/2340 1472/1/1908 1471/1/1908
f 859/1/2341 1505/1/1906 1471/1/1906
f 1471/1/1906 836/1/2342 859/1/2341
f 1505/1/1902 859/1/1902 858/1/1902
f 858/1/1902 1503/1/1901 1505/1/1902
f 1503/1/2343 858/1/2343 857/1/2343
f 857/1/2343 1504/1/2344 1503/1/2343
f 857/1/1896 856/1/1896 1507/1/1896
f 1507/1/1896 1504/1/1896 857/1/1896
f 1499/1/2345 1504/1/1891 1507/1/2345
f 1507/1/2345 1508/1/2345 1499/1/2345
f 1508/1/1887 1506/1/1887 1500/1/1887
f 1500/1/1887 1499/1/1887 1508/1/1887
f 1509/1/2346 1510/1/2347 1511/1/2346
f 1511/1/2346 1512/1/2348 1509/1/2346
f 1513/1/2349 1514/1/2349 1510/1/2349
f 1510/1/2349 1509/1/2350 1513/1/2349
f 1510/1/2351 1515/1/2352 1516/1/2353
f 1516/1/2353 1511/1/2354 1510/1/2351
f 1517/1/2355 1515/1/2355 1510/1/2356
f 1510/1/2356 1514/1/2355 1517/1/2355
f 1482/1/2357 646/1/2358 663/1/2359
f 663/1/2359 1512/1/2360 1482/1/2357
f 1512/1/2361 663/1/2362 662/1/2362
f 662/1/2362 1509/1/2363 1512/1/2361
f 1513/1/2364 1509/1/2364 662/1/2364
f 662/1/2364 661/1/2364 1513/1/2364
f 1347/1/2365 1513/1/2366 661/1/2365
f 661/1/2365 45/1/2365 1347/1/2365
f 1352/1/2367 1514/1/2367 1513/1/2367
f 1513/1/2367 1347/1/2367 1352/1/2367
f 1351/1/2368 1517/1/2369 1514/1/2369
f 1514/1/2369 1352/1/2368 1351/1/2368
f 1517/1/2370 1351/1/2371 20/1/2370
f 20/1/2370 1280/1/2370 1517/1/2370
f 1517/1/2372 1280/1/2372 1279/1/2372
f 1279/1/2372 1515/1/2372 1517/1/2372
f 1279/1/2373 1278/1/2374 1516/1/2375
f 1516/1/2375 1515/1/2373 1279/1/2373
f 1278/1/2376 1263/1/2376 1484/1/2376
f 1484/1/2376 1516/1/2376 1278/1/2376
f 1511/1/2377 1516/1/2377 1484/1/2377
f 1484/1/2377 1483/1/2377 1511/1/2377
f 1512/1/2378 1511/1/2379 1483/1/2378
f 1483/1/2378 1482/1/2378 1512/1/2378
f 1518/1/2380 1519/1/2380 1520/1/2380
f 1520/1/2380 1521/1/2380 1518/1/2380
f 1522/1/2381 1523/1/2382 1519/1/2383
f 1519/1/2383 1518/1/2381 1522/1/2381
f 1519/1/2384 1524/1/2384 1525/1/2384
f 1525/1/2384 1520/1/2385 1519/1/2384
f 1523/1/2386 1526/1/2386 1524/1/2387
f 1524/1/2387 1519/1/2388 1523/1/2386
f 1494/1/2389 125/1/2389 148/1/2389
f 148/1/2389 1521/1/2389 1494/1/2389
f 147/1/2390 1518/1/2391 1521/1/2392
f 1521/1/2392 148/1/2392 147/1/2390
f 146/1/2393 1522/1/2393 1518/1/2394
f 1518/1/2394 147/1/2395 146/1/2393
f 146/1/2396 145/1/2397 1527/1/2398
f 1527/1/2398 1522/1/2399 146/1/2396
f 1527/1/2400 1528/1/2400 1523/1/2400
f 1523/1/2400 1522/1/2400 1527/1/2400
f 1523/1/2401 1528/1/2402 1529/1/2402
f 1529/1/2402 1526/1/2402 1523/1/2401
f 763/1/2403 762/1/2404 1526/1/2403
f 1526/1/2403 1529/1/2403 763/1/2403
f 1524/1/2405 1526/1/2405 762/1/2405
f 762/1/2405 761/1/2405 1524/1/2405
f 1525/1/2406 1524/1/2407 761/1/2407
f 761/1/2407 760/1/2407 1525/1/2406
f 760/1/2408 743/1/2408 1496/1/2408
f 1496/1/2408 1525/1/2408 760/1/2408
f 1495/1/2409 1520/1/2409 1525/1/2409
f 1525/1/2409 1496/1/2409 1495/1/2409
f 1521/1/2410 1520/1/2411 1495/1/2410
f 1495/1/2410 1494/1/2410 1521/1/2410
f 1530/1/2412 1531/1/2412 1532/1/2412
f 1532/1/2412 1533/1/2412 1530/1/2412
f 1534/1/1980 1535/1/1980 1531/1/1980
f 1531/1/1980 1530/1/1980 1534/1/1980
f 1531/1/1985 1536/1/1985 1537/1/1984
f 1537/1/1984 1532/1/1984 1531/1/1985
f 1535/1/1983 1538/1/1983 1536/1/1983
f 1536/1/1983 1531/1/1983 1535/1/1983
f 1533/1/2413 1539/1/1989 261/1/1989
f 261/1/1989 260/1/1989 1533/1/2413
f 270/1/1988 1530/1/2414 1533/1/1988
f 1533/1/1988 260/1/1988 270/1/1988
f 270/1/1987 269/1/1987 1534/1/1987
f 1534/1/1987 1530/1/1987 270/1/1987
f 1506/1/1986 1534/1/1986 269/1/1986
f 269/1/1986 241/1/2415 1506/1/1986
f 1535/1/2416 1534/1/2007 1506/1/2417
f 1506/1/2417 1508/1/2006 1535/1/2416
f 1507/1/2418 1538/1/2005 1535/1/2005
f 1535/1/2005 1508/1/2005 1507/1/2418
f 879/1/2003 1538/1/2003 1507/1/2003
f 1507/1/2003 856/1/2003 879/1/2003
f 1538/1/2419 879/1/2001 878/1/2420
f 878/1/2420 1536/1/2001 1538/1/2419
f 1536/1/2421 878/1/1999 877/1/2421
f 877/1/2421 1537/1/2422 1536/1/2421
f 1537/1/1997 877/1/2423 876/1/1997
f 876/1/1997 1540/1/1997 1537/1/1997
f 1537/1/2424 1540/1/1995 1541/1/2425
f 1541/1/2425 1532/1/1995 1537/1/2424
f 1532/1/2426 1541/1/2427 1539/1/1993
f 1539/1/1993 1533/1/1992 1532/1/2426
f 1542/1/2428 1543/1/2429 1544/1/2430
f 1544/1/2430 1545/1/2428 1542/1/2428
f 1546/1/2431 1547/1/2432 1543/1/2433
f 1543/1/2433 1542/1/2431 1546/1/2431
f 1543/1/2434 1548/1/2435 1549/1/2434
f 1549/1/2434 1544/1/2434 1543/1/2434
f 1550/1/2436 1548/1/2436 1543/1/2436
f 1543/1/2436 1547/1/2436 1550/1/2436
f 1527/1/2437 145/1/2437 168/1/2437
f 168/1/2437 1545/1/2437 1527/1/2437
f 1545/1/2438 168/1/2438 167/1/2438
f 167/1/2438 1542/1/2439 1545/1/2438
f 1546/1/2440 1542/1/2441 167/1/2442
f 167/1/2442 166/1/2441 1546/1/2440
f 1551/1/2443 1546/1/2443 166/1/2443
f 166/1/2443 165/1/2443 1551/1/2443
f 1551/1/2444 1552/1/2444 1547/1/2444
f 1547/1/2444 1546/1/2444 1551/1/2444
f 1550/1/2445 1547/1/2445 1552/1/2445
f 1552/1/2445 1553/1/2446 1550/1/2445
f 783/1/2447 782/1/2447 1550/1/2447
f 1550/1/2447 1553/1/2448 783/1/2447
f 1550/1/2449 782/1/2450 781/1/2451
f 781/1/2451 1548/1/2450 1550/1/2449
f 781/1/2452 780/1/2452 1549/1/2452
f 1549/1/2452 1548/1/2452 781/1/2452
f 780/1/2453 763/1/2454 1529/1/2453
f 1529/1/2453 1549/1/2455 780/1/2453
f 1544/1/2456 1549/1/2456 1529/1/2456
f 1529/1/2456 1528/1/2456 1544/1/2456
f 1545/1/2457 1544/1/2457 1528/1/2457
f 1528/1/2457 1527/1/2457 1545/1/2457
f 1554/1/2078 1555/1/2078 1556/1/2458
f 1556/1/2458 1557/1/2078 1554/1/2078
f 1558/1/2074 1559/1/2074 1555/1/2074
f 1555/1/2074 1554/1/2074 1558/1/2074
f 1555/1/2080 1560/1/2080 1561/1/2080
f 1561/1/2080 1556/1/2080 1555/1/2080
f 1559/1/2079 1562/1/2079 1560/1/2079
f 1560/1/2079 1555/1/2079 1559/1/2079
f 1557/1/2088 1563/1/2088 281/1/2088
f 281/1/2088 280/1/2088 1557/1/2088
f 290/1/2085 1554/1/2085 1557/1/2085
f 1557/1/2085 280/1/2085 290/1/2085
f 290/1/2082 289/1/2082 1558/1/2082
f 1558/1/2082 1554/1/2082 290/1/2082
f 289/1/2459 261/1/2459 1539/1/2460
f 1539/1/2460 1558/1/2461 289/1/2459
f 1559/1/2103 1558/1/2103 1539/1/2103
f 1539/1/2103 1541/1/2103 1559/1/2103
f 1540/1/2099 1562/1/2462 1559/1/2462
f 1559/1/2462 1541/1/2462 1540/1/2099
f 1540/1/2097 876/1/2097 899/1/2097
f 899/1/2097 1562/1/2097 1540/1/2097
f 1562/1/2096 899/1/2463 898/1/2096
f 898/1/2096 1560/1/2096 1562/1/2096
f 1560/1/2094 898/1/2094 897/1/2464
f 897/1/2464 1561/1/2094 1560/1/2094
f 1561/1/2093 897/1/2093 896/1/2093
f 896/1/2093 1564/1/2093 1561/1/2093
f 1565/1/2091 1556/1/2091 1561/1/2091
f 1561/1/2091 1564/1/2091 1565/1/2091
f 1556/1/2090 1565/1/2090 1563/1/2090
f 1563/1/2090 1557/1/2090 1556/1/2090
f 1566/1/2465 1567/1/2466 1568/1/2466
f 1568/1/2466 1569/1/2466 1566/1/2465
f 1570/1/2467 1571/1/2468 1567/1/2467
f 1567/1/2467 1566/1/2467 1570/1/2467
f 1567/1/2469 1572/1/2469 1573/1/2470
f 1573/1/2470 1568/1/2469 1567/1/2469
f 1574/1/2471 1572/1/2472 1567/1/2472
f 1567/1/2472 1571/1/2473 1574/1/2471
f 1551/1/2474 165/1/2475 188/1/2474
f 188/1/2474 1569/1/2474 1551/1/2474
f 1569/1/2476 188/1/2476 187/1/2477
f 187/1/2477 1566/1/2476 1569/1/2476
f 1570/1/2478 1566/1/2478 187/1/2479
f 187/1/2479 185/1/2480 1570/1/2478
f 1570/1/2481 185/1/2481 186/1/2481
f 186/1/2481 1575/1/2481 1570/1/2481
f 1575/1/2482 1576/1/2482 1571/1/2482
f 1571/1/2482 1570/1/2483 1575/1/2482
f 1574/1/2484 1571/1/2484 1576/1/2484
f 1576/1/2484 1577/1/2485 1574/1/2484
f 803/1/2486 802/1/2487 1574/1/2488
f 1574/1/2488 1577/1/2489 803/1/2486
f 1574/1/2490 802/1/2491 801/1/2492
f 801/1/2492 1572/1/2493 1574/1/2490
f 801/1/2494 800/1/2494 1573/1/2494
f 1573/1/2494 1572/1/2494 801/1/2494
f 800/1/2495 783/1/2495 1553/1/2495
f 1553/1/2495 1573/1/2495 800/1/2495
f 1552/1/2496 1568/1/2497 1573/1/2497
f 1573/1/2497 1553/1/2498 1552/1/2496
f 1568/1/2499 1552/1/2500 1551/1/2501
f 1551/1/2501 1569/1/2500 1568/1/2499
f 1578/1/2175 1579/1/2175 1580/1/2175
f 1580/1/2175 1581/1/2176 1578/1/2175
f 1582/1/2174 1583/1/2174 1579/1/2502
f 1579/1/2502 1578/1/2174 1582/1/2174
f 1579/1/2180 1584/1/2180 1585/1/2180
f 1585/1/2180 1580/1/2180 1579/1/2180
f 1583/1/2178 1586/1/2178 1584/1/2178
f 1584/1/2178 1579/1/2178 1583/1/2178
f 1581/1/2503 1587/1/2503 301/1/2503
f 301/1/2503 300/1/2195 1581/1/2503
f 310/1/2504 1578/1/2504 1581/1/2505
f 1581/1/2505 300/1/2190 310/1/2504
f 310/1/2186 309/1/2187 1582/1/2186
f 1582/1/2186 1578/1/2186 310/1/2186
f 309/1/2184 281/1/2184 1563/1/2184
f 1563/1/2184 1582/1/2184 309/1/2184
f 1583/1/2506 1582/1/2208 1563/1/2208
f 1563/1/2208 1565/1/2207 1583/1/2506
f 1564/1/2206 1586/1/2206 1583/1/2206
f 1583/1/2206 1565/1/2206 1564/1/2206
f 1564/1/2507 896/1/2508 919/1/2509
f 919/1/2509 1586/1/2510 1564/1/2507
f 1586/1/2203 919/1/2511 918/1/2203
f 918/1/2203 1584/1/2512 1586/1/2203
f 1584/1/2202 918/1/2202 917/1/2513
f 917/1/2513 1585/1/2202 1584/1/2202
f 1585/1/2514 917/1/2515 916/1/2516
f 916/1/2516 1588/1/2198 1585/1/2514
f 1589/1/2517 1580/1/2197 1585/1/2197
f 1585/1/2197 1588/1/2197 1589/1/2517
f 1580/1/2196 1589/1/2196 1587/1/2518
f 1587/1/2518 1581/1/2519 1580/1/2196
f 1590/1/2520 1591/1/2521 1592/1/2520
f 1592/1/2520 1593/1/2520 1590/1/2520
f 1594/1/2522 1595/1/2522 1591/1/2523
f 1591/1/2523 1590/1/2522 1594/1/2522
f 1591/1/2524 1596/1/2524 1597/1/2524
f 1597/1/2524 1592/1/2524 1591/1/2524
f 1598/1/2525 1596/1/2526 1591/1/2526
f 1591/1/2526 1595/1/2526 1598/1/2525
f 1575/1/2527 186/1/2527 208/1/2527
f 208/1/2527 1593/1/2527 1575/1/2527
f 1593/1/2528 208/1/2528 207/1/2529
f 207/1/2529 1590/1/2530 1593/1/2528
f 1594/1/2531 1590/1/2531 207/1/2531
f 207/1/2531 205/1/2532 1594/1/2531
f 1594/1/2533 205/1/2533 206/1/2533
f 206/1/2533 1599/1/2533 1594/1/2533
f 1599/1/2534 1600/1/2535 1595/1/2535
f 1595/1/2535 1594/1/2535 1599/1/2534
f 1598/1/2536 1595/1/2537 1600/1/2537
f 1600/1/2537 1601/1/2537 1598/1/2536
f 823/1/2538 822/1/2538 1598/1/2538
f 1598/1/2538 1601/1/2538 823/1/2538
f 1598/1/2539 822/1/2540 821/1/2539
f 821/1/2539 1596/1/2539 1598/1/2539
f 821/1/2541 820/1/2542 1597/1/2543
f 1597/1/2543 1596/1/2544 821/1/2541
f 820/1/2545 803/1/2546 1577/1/2547
f 1577/1/2547 1597/1/2548 820/1/2545
f 1576/1/2549 1592/1/2549 1597/1/2549
f 1597/1/2549 1577/1/2549 1576/1/2549
f 1575/1/2550 1593/1/2550 1592/1/2550
f 1592/1/2550 1576/1/2550 1575/1/2550
f 1602/1/2265 1603/1/2265 1604/1/2551
f 1604/1/2551 1605/1/2265 1602/1/2265
f 1606/1/2263 1607/1/2552 1603/1/2552
f 1603/1/2552 1602/1/2263 1606/1/2263
f 1603/1/2269 1608/1/2269 1609/1/2270
f 1609/1/2270 1604/1/2269 1603/1/2269
f 1607/1/2266 1610/1/2266 1608/1/2266
f 1608/1/2266 1603/1/2266 1607/1/2266
f 1605/1/2278 1611/1/2278 321/1/2278
f 321/1/2278 320/1/2553 1605/1/2278
f 330/1/2554 1602/1/2276 1605/1/2554
f 1605/1/2554 320/1/2555 330/1/2554
f 330/1/2272 329/1/2275 1606/1/2556
f 1606/1/2556 1602/1/2557 330/1/2272
f 329/1/2271 301/1/2558 1587/1/2271
f 1587/1/2271 1606/1/2271 329/1/2271
f 1607/1/2291 1606/1/2559 1587/1/2560
f 1587/1/2560 1589/1/2291 1607/1/2291
f 1588/1/2290 1610/1/2561 1607/1/2290
f 1607/1/2290 1589/1/2290 1588/1/2290
f 1588/1/2562 916/1/2288 939/1/2562
f 939/1/2562 1610/1/2288 1588/1/2562
f 1610/1/2563 939/1/2564 938/1/2563
f 938/1/2563 1608/1/2563 1610/1/2563
f 1608/1/2283 938/1/2283 937/1/2283
f 937/1/2283 1609/1/2283 1608/1/2283
f 1609/1/2282 937/1/2565 936/1/2282
f 936/1/2282 1612/1/2282 1609/1/2282
f 1609/1/2281 1612/1/2281 1613/1/2281
f 1613/1/2281 1604/1/2281 1609/1/2281
f 1604/1/2280 1613/1/2566 1611/1/2280
f 1611/1/2280 1605/1/2280 1604/1/2280
f 1614/1/2567 1615/1/2568 1616/1/2569
f 1616/1/2569 1617/1/2570 1614/1/2567
f 1618/1/2571 1619/1/2572 1615/1/2573
f 1615/1/2573 1614/1/2574 1618/1/2571
f 1615/1/2575 1620/1/2575 1621/1/2575
f 1621/1/2575 1616/1/2575 1615/1/2575
f 1622/1/2576 1620/1/2577 1615/1/2576
f 1615/1/2576 1619/1/2576 1622/1/2576
f 1599/1/2578 206/1/2579 228/1/2580
f 228/1/2580 1617/1/2579 1599/1/2578
f 1617/1/2581 228/1/2582 227/1/2583
f 227/1/2583 1614/1/2582 1617/1/2581
f 1618/1/2584 1614/1/2584 227/1/2584
f 227/1/2584 225/1/2584 1618/1/2584
f 1618/1/2585 225/1/2585 226/1/2585
f 226/1/2585 1623/1/2585 1618/1/2585
f 1623/1/2586 1624/1/2587 1619/1/2586
f 1619/1/2586 1618/1/2586 1623/1/2586
f 1622/1/2588 1619/1/2588 1624/1/2588
f 1624/1/2588 1625/1/2588 1622/1/2588
f 843/1/2589 842/1/2589 1622/1/2589
f 1622/1/2589 1625/1/2589 843/1/2589
f 1622/1/2590 842/1/2590 841/1/2591
f 841/1/2591 1620/1/2591 1622/1/2590
f 841/1/2592 840/1/2593 1621/1/2594
f 1621/1/2594 1620/1/2593 841/1/2592
f 840/1/2595 823/1/2596 1601/1/2597
f 1601/1/2597 1621/1/2598 840/1/2595
f 1600/1/2599 1616/1/2600 1621/1/2601
f 1621/1/2601 1601/1/2599 1600/1/2599
f 1616/1/2602 1600/1/2602 1599/1/2602
f 1599/1/2602 1617/1/2602 1616/1/2602
f 1626/1/2349 1627/1/2349 1628/1/2349
f 1628/1/2349 1629/1/2349 1626/1/2349
f 1630/1/2603 1631/1/2604 1627/1/2347
f 1627/1/2347 1626/1/2347 1630/1/2603
f 1627/1/2355 1632/1/2355 1633/1/2355
f 1633/1/2355 1628/1/2355 1627/1/2355
f 1631/1/2353 1634/1/2605 1632/1/2351
f 1632/1/2351 1627/1/2351 1631/1/2353
f 1629/1/2365 1635/1/2365 341/1/2365
f 341/1/2365 340/1/2365 1629/1/2365
f 350/1/2606 1626/1/2364 1629/1/2607
f 1629/1/2607 340/1/2364 350/1/2606
f 350/1/2363 349/1/2363 1630/1/2363
f 1630/1/2363 1626/1/2363 350/1/2363
f 349/1/2360 321/1/2358 1611/1/2608
f 1611/1/2608 1630/1/2609 349/1/2360
f 1631/1/2378 1630/1/2378 1611/1/2378
f 1611/1/2378 1613/1/2378 1631/1/2378
f 1612/1/2377 1634/1/2377 1631/1/2377
f 1631/1/2377 1613/1/2377 1612/1/2377
f 1612/1/2610 936/1/2611 959/1/2612
f 959/1/2612 1634/1/2613 1612/1/2610
f 1634/1/2614 959/1/2373 958/1/2373
f 958/1/2373 1632/1/2373 1634/1/2614
f 1632/1/2615 958/1/2372 957/1/2372
f 957/1/2372 1633/1/2372 1632/1/2615
f 1633/1/2370 957/1/2370 956/1/2370
f 956/1/2370 1636/1/2370 1633/1/2370
f 1637/1/2368 1628/1/2368 1633/1/2368
f 1633/1/2368 1636/1/2368 1637/1/2368
f 1628/1/2367 1637/1/2367 1635/1/2616
f 1635/1/2616 1629/1/2367 1628/1/2367
f 1638/1/2617 1639/1/2617 1640/1/2617
f 1640/1/2617 1641/1/2618 1638/1/2617
f 1642/1/2619 1643/1/2620 1639/1/2621
f 1639/1/2621 1638/1/2621 1642/1/2619
f 1639/1/2622 1644/1/2623 1645/1/2624
f 1645/1/2624 1640/1/2623 1639/1/2622
f 1646/1/2625 1644/1/2626 1639/1/2627
f 1639/1/2627 1643/1/2628 1646/1/2625
f 1623/1/2629 226/1/2630 248/1/2629
f 248/1/2629 1641/1/2629 1623/1/2629
f 1641/1/2631 248/1/2632 247/1/2633
f 247/1/2633 1638/1/2631 1641/1/2631
f 1642/1/2634 1638/1/2634 247/1/2635
f 247/1/2635 245/1/2634 1642/1/2634
f 1642/1/2636 245/1/2637 246/1/2636
f 246/1/2636 1647/1/2638 1642/1/2636
f 1647/1/2639 1648/1/2639 1643/1/2639
f 1643/1/2639 1642/1/2639 1647/1/2639
f 1646/1/2640 1643/1/2640 1648/1/2640
f 1648/1/2640 1649/1/2640 1646/1/2640
f 863/1/2641 862/1/2642 1646/1/2643
f 1646/1/2643 1649/1/2641 863/1/2641
f 1646/1/2644 862/1/2645 861/1/2644
f 861/1/2644 1644/1/2644 1646/1/2644
f 861/1/2646 860/1/2646 1645/1/2646
f 1645/1/2646 1644/1/2646 861/1/2646
f 860/1/2647 843/1/2647 1625/1/2648
f 1625/1/2648 1645/1/2647 860/1/2647
f 1624/1/2649 1640/1/2649 1645/1/2649
f 1645/1/2649 1625/1/2649 1624/1/2649
f 1640/1/2650 1624/1/2651 1623/1/2651
f 1623/1/2651 1641/1/2651 1640/1/2650
f 1650/1/2652 1651/1/1912 1652/1/1912
f 1652/1/1912 1653/1/1912 1650/1/2652
f 1654/1/1911 1655/1/1911 1651/1/1911
f 1651/1/1911 1650/1/1911 1654/1/1911
f 1651/1/1919 1656/1/2653 1657/1/1919
f 1657/1/1919 1652/1/2654 1651/1/1919
f 1655/1/1915 1658/1/1915 1656/1/2655
f 1656/1/2655 1651/1/1915 1655/1/1915
f 1653/1/1927 1659/1/2656 361/1/1927
f 361/1/1927 360/1/1927 1653/1/1927
f 370/1/2657 1650/1/2658 1653/1/2658
f 1653/1/2658 360/1/2658 370/1/2657
f 370/1/1923 369/1/1923 1654/1/1923
f 1654/1/1923 1650/1/1923 370/1/1923
f 369/1/1921 341/1/1921 1635/1/1921
f 1635/1/1921 1654/1/1921 369/1/1921
f 1655/1/2659 1654/1/2659 1635/1/2659
f 1635/1/2659 1637/1/2659 1655/1/2659
f 1636/1/1941 1658/1/1941 1655/1/1941
f 1655/1/1941 1637/1/1941 1636/1/1941
f 1636/1/1940 956/1/1940 979/1/1940
f 979/1/1940 1658/1/1940 1636/1/1940
f 1658/1/1936 979/1/1936 978/1/1936
f 978/1/1936 1656/1/1936 1658/1/1936
f 1656/1/2660 978/1/2661 977/1/2662
f 977/1/2662 1657/1/2661 1656/1/2660
f 1657/1/2663 977/1/1933 976/1/2664
f 976/1/2664 1660/1/2665 1657/1/2663
f 1661/1/1931 1652/1/1931 1657/1/2666
f 1657/1/2666 1660/1/1931 1661/1/1931
f 1652/1/1930 1661/1/1930 1659/1/2667
f 1659/1/2667 1653/1/1930 1652/1/1930
f 1662/1/2668 1663/1/2668 1664/1/2668
f 1664/1/2668 1665/1/2669 1662/1/2668
f 1666/1/2670 1667/1/2670 1663/1/2670
f 1663/1/2670 1662/1/2671 1666/1/2670
f 1663/1/2672 1668/1/2672 1669/1/2672
f 1669/1/2672 1664/1/2672 1663/1/2672
f 1670/1/2673 1668/1/2674 1663/1/2674
f 1663/1/2674 1667/1/2673 1670/1/2673
f 1647/1/2675 246/1/2675 268/1/2675
f 268/1/2675 1665/1/2675 1647/1/2675
f 1665/1/2676 268/1/2677 267/1/2678
f 267/1/2678 1662/1/2677 1665/1/2676
f 1666/1/2679 1662/1/2679 267/1/2679
f 267/1/2679 265/1/2679 1666/1/2679
f 1666/1/2680 265/1/2681 266/1/2682
f 266/1/2682 1671/1/2683 1666/1/2680
f 1671/1/2684 1672/1/2684 1667/1/2685
f 1667/1/2685 1666/1/2684 1671/1/2684
f 1670/1/2686 1667/1/2687 1672/1/2688
f 1672/1/2688 1673/1/2686 1670/1/2686
f 883/1/2689 882/1/2690 1670/1/2691
f 1670/1/2691 1673/1/2692 883/1/2689
f 1670/1/2693 882/1/2693 881/1/2693
f 881/1/2693 1668/1/2694 1670/1/2693
f 881/1/2695 880/1/2696 1669/1/2695
f 1669/1/2695 1668/1/2695 881/1/2695
f 880/1/2697 863/1/2698 1649/1/2698
f 1649/1/2698 1669/1/2697 880/1/2697
f 1648/1/2699 1664/1/2699 1669/1/2700
f 1669/1/2700 1649/1/2699 1648/1/2699
f 1647/1/2701 1665/1/2701 1664/1/2701
f 1664/1/2701 1648/1/2701 1647/1/2701
f 1674/1/2011 1675/1/2011 1676/1/2011
f 1676/1/2011 1677/1/2011 1674/1/2011
f 1678/1/2702 1679/1/2009 1675/1/2703
f 1675/1/2703 1674/1/2009 1678/1/2702
f 1675/1/2018 1680/1/2018 1681/1/2018
f 1681/1/2018 1676/1/2017 1675/1/2018
f 1679/1/2014 1682/1/2704 1680/1/2705
f 1680/1/2705 1675/1/2706 1679/1/2014
f 1677/1/2707 1683/1/2024 381/1/2708
f 381/1/2708 380/1/2709 1677/1/2707
f 390/1/2022 1674/1/2022 1677/1/2022
f 1677/1/2022 380/1/2710 390/1/2022
f 390/1/2021 389/1/2021 1678/1/2021
f 1678/1/2021 1674/1/2021 390/1/2021
f 389/1/2020 361/1/2020 1659/1/2020
f 1659/1/2020 1678/1/2020 389/1/2020
f 1679/1/2039 1678/1/2039 1659/1/2039
f 1659/1/2039 1661/1/2039 1679/1/2039
f 1660/1/2711 1682/1/2712 1679/1/2713
f 1679/1/2713 1661/1/2714 1660/1/2711
f 1660/1/2715 976/1/2716 999/1/2717
f 999/1/2717 1682/1/2717 1660/1/2715
f 1682/1/2035 999/1/2035 998/1/2035
f 998/1/2035 1680/1/2035 1682/1/2035
f 1680/1/2034 998/1/2034 997/1/2034
f 997/1/2034 1681/1/2034 1680/1/2034
f 1681/1/2718 997/1/2718 996/1/2718
f 996/1/2718 1684/1/2718 1681/1/2718
f 1685/1/2719 1676/1/2029 1681/1/2029
f 1681/1/2029 1684/1/2029 1685/1/2719
f 1676/1/2027 1685/1/2027 1683/1/2027
f 1683/1/2027 1677/1/2027 1676/1/2027
f 1686/1/2720 1687/1/2720 1688/1/2721
f 1688/1/2721 1689/1/2720 1686/1/2720
f 1690/1/2722 1691/1/2722 1687/1/2722
f 1687/1/2722 1686/1/2722 1690/1/2722
f 1687/1/2723 1692/1/2724 1693/1/2725
f 1693/1/2725 1688/1/2726 1687/1/2723
f 1694/1/2727 1692/1/2728 1687/1/2727
f 1687/1/2727 1691/1/2727 1694/1/2727
f 1671/1/2729 266/1/2730 288/1/2730
f 288/1/2730 1689/1/2730 1671/1/2729
f 1689/1/2731 288/1/2732 287/1/2732
f 287/1/2732 1686/1/2732 1689/1/2731
f 1690/1/2733 1686/1/2734 287/1/2734
f 287/1/2734 285/1/2734 1690/1/2733
f 1690/1/2735 285/1/2735 286/1/2735
f 286/1/2735 1695/1/2736 1690/1/2735
f 1695/1/2737 1696/1/2737 1691/1/2737
f 1691/1/2737 1690/1/2737 1695/1/2737
f 1694/1/2738 1691/1/2739 1696/1/2738
f 1696/1/2738 1697/1/2740 1694/1/2738
f 903/1/2741 902/1/2741 1694/1/2741
f 1694/1/2741 1697/1/2741 903/1/2741
f 1694/1/2742 902/1/2742 901/1/2742
f 901/1/2742 1692/1/2743 1694/1/2742
f 901/1/2744 900/1/2745 1693/1/2745
f 1693/1/2745 1692/1/2746 901/1/2744
f 900/1/2747 883/1/2748 1673/1/2749
f 1673/1/2749 1693/1/2750 900/1/2747
f 1672/1/2751 1688/1/2751 1693/1/2751
f 1693/1/2751 1673/1/2751 1672/1/2751
f 1671/1/2752 1689/1/2752 1688/1/2752
f 1688/1/2752 1672/1/2752 1671/1/2752
f 1698/1/2108 1699/1/2108 1700/1/2108
f 1700/1/2108 1701/1/2753 1698/1/2108
f 1702/1/2754 1703/1/2754 1699/1/2754
f 1699/1/2754 1698/1/2754 1702/1/2754
f 1699/1/2113 1704/1/2113 1705/1/2113
f 1705/1/2113 1700/1/2113 1699/1/2113
f 1703/1/2112 1706/1/2112 1704/1/2112
f 1704/1/2112 1699/1/2112 1703/1/2112
f 1701/1/2755 1707/1/2120 401/1/2755
f 401/1/2755 400/1/2756 1701/1/2755
f 410/1/2757 1698/1/2758 1701/1/2758
f 1701/1/2758 400/1/2758 410/1/2757
f 410/1/2759 409/1/2760 1702/1/2760
f 1702/1/2760 1698/1/2117 410/1/2759
f 409/1/2761 381/1/2762 1683/1/2761
f 1683/1/2761 1702/1/2115 409/1/2761
f 1703/1/2137 1702/1/2136 1683/1/2136
f 1683/1/2136 1685/1/2137 1703/1/2137
f 1684/1/2135 1706/1/2135 1703/1/2763
f 1703/1/2763 1685/1/2135 1684/1/2135
f 1684/1/2764 996/1/2765 1019/1/2133
f 1019/1/2133 1706/1/2133 1684/1/2764
f 1706/1/2131 1019/1/2131 1018/1/2131
f 1018/1/2131 1704/1/2131 1706/1/2131
f 1704/1/2130 1018/1/2130 1017/1/2129
f 1017/1/2129 1705/1/2129 1704/1/2130
f 1705/1/2766 1017/1/2766 1016/1/2767
f 1016/1/2767 1708/1/2128 1705/1/2766
f 1709/1/2768 1700/1/2124 1705/1/2123
f 1705/1/2123 1708/1/2124 1709/1/2768
f 1700/1/2769 1709/1/2121 1707/1/2770
f 1707/1/2770 1701/1/2121 1700/1/2769
f 1710/1/2771 1711/1/2771 1712/1/2771
f 1712/1/2771 1713/1/2771 1710/1/2771
f 1714/1/2772 1715/1/2773 1711/1/2774
f 1711/1/2774 1710/1/2775 1714/1/2772
f 1711/1/2776 1716/1/2777 1717/1/2778
f 1717/1/2778 1712/1/2779 1711/1/2776
f 1718/1/2780 1716/1/2781 1711/1/2782
f 1711/1/2782 1715/1/2783 1718/1/2780
f 1695/1/2784 286/1/2785 308/1/2785
f 308/1/2785 1713/1/2786 1695/1/2784
f 1713/1/2787 308/1/2788 307/1/2789
f 307/1/2789 1710/1/2790 1713/1/2787
f 1714/1/2791 1710/1/2791 307/1/2791
f 307/1/2791 305/1/2791 1714/1/2791
f 1714/1/2792 305/1/2793 306/1/2792
f 306/1/2792 1719/1/2794 1714/1/2792
f 1719/1/2795 1720/1/2796 1715/1/2795
f 1715/1/2795 1714/1/2795 1719/1/2795
f 1718/1/2797 1715/1/2797 1720/1/2797
f 1720/1/2797 1721/1/2797 1718/1/2797
f 923/1/2798 922/1/2799 1718/1/2799
f 1718/1/2799 1721/1/2800 923/1/2798
f 1718/1/2801 922/1/2801 921/1/2801
f 921/1/2801 1716/1/2801 1718/1/2801
f 921/1/2802 920/1/2803 1717/1/2804
f 1717/1/2804 1716/1/2805 921/1/2802
f 920/1/2806 903/1/2806 1697/1/2807
f 1697/1/2807 1717/1/2806 920/1/2806
f 1696/1/2808 1712/1/2809 1717/1/2810
f 1717/1/2810 1697/1/2811 1696/1/2808
f 1712/1/2812 1696/1/2813 1695/1/2814
f 1695/1/2814 1713/1/2813 1712/1/2812
f 1722/1/2211 1723/1/2211 1724/1/2211
f 1724/1/2211 1725/1/2211 1722/1/2211
f 1726/1/2815 1727/1/2209 1723/1/2209
f 1723/1/2209 1722/1/2209 1726/1/2815
f 1723/1/2213 1728/1/2213 1729/1/2213
f 1729/1/2213 1724/1/2213 1723/1/2213
f 1727/1/2212 1730/1/2212 1728/1/2212
f 1728/1/2212 1723/1/2212 1727/1/2212
f 1725/1/2816 1731/1/2817 421/1/2818
f 421/1/2818 420/1/2819 1725/1/2816
f 430/1/2218 1722/1/2218 1725/1/2218
f 1725/1/2218 420/1/2218 430/1/2218
f 430/1/2216 429/1/2216 1726/1/2216
f 1726/1/2216 1722/1/2216 430/1/2216
f 429/1/2820 401/1/2214 1707/1/2821
f 1707/1/2821 1726/1/2214 429/1/2820
f 1727/1/2822 1726/1/2241 1707/1/2823
f 1707/1/2823 1709/1/2241 1727/1/2822
f 1708/1/2239 1730/1/2238 1727/1/2238
f 1727/1/2238 1709/1/2238 1708/1/2239
f 1708/1/2824 1016/1/2824 1039/1/2824
f 1039/1/2824 1730/1/2824 1708/1/2824
f 1730/1/2825 1039/1/2826 1038/1/2827
f 1038/1/2827 1728/1/2828 1730/1/2825
f 1728/1/2227 1038/1/2227 1037/1/2227
f 1037/1/2227 1729/1/2227 1728/1/2227
f 1729/1/2829 1037/1/2830 1036/1/2831
f 1036/1/2831 1732/1/2832 1729/1/2829
f 1733/1/2222 1724/1/2222 1729/1/2222
f 1729/1/2222 1732/1/2222 1733/1/2222
f 1724/1/2220 1733/1/2220 1731/1/2220
f 1731/1/2220 1725/1/2220 1724/1/2220
f 1734/1/2833 1735/1/2834 1736/1/2835
f 1736/1/2835 1737/1/2836 1734/1/2833
f 1738/1/2837 1739/1/2838 1735/1/2839
f 1735/1/2839 1734/1/2838 1738/1/2837
f 1735/1/2840 1740/1/2841 1741/1/2842
f 1741/1/2842 1736/1/2843 1735/1/2840
f 1742/1/2844 1740/1/2844 1735/1/2845
f 1735/1/2845 1739/1/2844 1742/1/2844
f 1719/1/2846 306/1/2847 328/1/2846
f 328/1/2846 1737/1/2848 1719/1/2846
f 1737/1/2849 328/1/2849 327/1/2849
f 327/1/2849 1734/1/2849 1737/1/2849
f 1738/1/2850 1734/1/2850 327/1/2850
f 327/1/2850 325/1/2850 1738/1/2850
f 1738/1/2851 325/1/2852 326/1/2852
f 326/1/2852 1743/1/2852 1738/1/2851
f 1743/1/2853 1744/1/2853 1739/1/2853
f 1739/1/2853 1738/1/2853 1743/1/2853
f 1742/1/2854 1739/1/2854 1744/1/2854
f 1744/1/2854 1745/1/2854 1742/1/2854
f 943/1/2855 942/1/2856 1742/1/2857
f 1742/1/2857 1745/1/2855 943/1/2855
f 1742/1/2858 942/1/2858 941/1/2858
f 941/1/2858 1740/1/2858 1742/1/2858
f 941/1/2859 940/1/2859 1741/1/2859
f 1741/1/2859 1740/1/2859 941/1/2859
f 940/1/2860 923/1/2861 1721/1/2862
f 1721/1/2862 1741/1/2860 940/1/2860
f 1720/1/2863 1736/1/2863 1741/1/2864
f 1741/1/2864 1721/1/2865 1720/1/2863
f 1736/1/2866 1720/1/2866 1719/1/2866
f 1719/1/2866 1737/1/2866 1736/1/2866
f 1746/1/2297 1747/1/2297 1748/1/2867
f 1748/1/2867 1749/1/2297 1746/1/2297
f 1750/1/2868 1751/1/2868 1747/1/2868
f 1747/1/2868 1746/1/2869 1750/1/2868
f 1747/1/2300 1752/1/2300 1753/1/2870
f 1753/1/2870 1748/1/2300 1747/1/2300
f 1751/1/2299 1754/1/2871 1752/1/2299
f 1752/1/2299 1747/1/2298 1751/1/2299
f 1749/1/2308 1755/1/2872 441/1/2873
f 441/1/2873 440/1/2308 1749/1/2308
f 450/1/2307 1746/1/2874 1749/1/2307
f 1749/1/2307 440/1/2307 450/1/2307
f 450/1/2302 449/1/2302 1750/1/2875
f 1750/1/2875 1746/1/2302 450/1/2302
f 449/1/2876 421/1/2876 1731/1/2876
f 1731/1/2876 1750/1/2876 449/1/2876
f 1751/1/2877 1750/1/2878 1731/1/2324
f 1731/1/2324 1733/1/2877 1751/1/2877
f 1732/1/2321 1754/1/2320 1751/1/2321
f 1751/1/2321 1733/1/2321 1732/1/2321
f 1732/1/2879 1036/1/2319 1059/1/2317
f 1059/1/2317 1754/1/2880 1732/1/2879
f 1754/1/2881 1059/1/2882 1058/1/2316
f 1058/1/2316 1752/1/2316 1754/1/2881
f 1752/1/2315 1058/1/2315 1057/1/2315
f 1057/1/2315 1753/1/2315 1752/1/2315
f 1753/1/2314 1057/1/2313 1056/1/2314
f 1056/1/2314 1756/1/2314 1753/1/2314
f 1757/1/2883 1748/1/2884 1753/1/2885
f 1753/1/2885 1756/1/2886 1757/1/2883
f 1748/1/2887 1757/1/2310 1755/1/2888
f 1755/1/2888 1749/1/2310 1748/1/2887
f 1758/1/2889 1759/1/2889 1760/1/2889
f 1760/1/2889 1761/1/1807 1758/1/2889
f 1762/1/1804 1763/1/1804 1759/1/1804
f 1759/1/1804 1758/1/1804 1762/1/1804
f 1759/1/1812 1764/1/2890 1765/1/1812
f 1765/1/1812 1760/1/2891 1759/1/1812
f 1766/1/2892 1764/1/1809 1759/1/1808
f 1759/1/1808 1763/1/1808 1766/1/2892
f 1743/1/1821 326/1/1821 348/1/1821
f 348/1/1821 1761/1/1820 1743/1/1821
f 1761/1/2893 348/1/1819 347/1/1819
f 347/1/1819 1758/1/1819 1761/1/2893
f 1762/1/1818 1758/1/2894 347/1/1818
f 347/1/1818 345/1/1818 1762/1/1818
f 1762/1/1817 345/1/1817 346/1/1817
f 346/1/1817 1767/1/1817 1762/1/1817
f 1767/1/2895 1768/1/1839 1763/1/1839
f 1763/1/1839 1762/1/1839 1767/1/2895
f 1766/1/1837 1763/1/1837 1768/1/1837
f 1768/1/1837 1769/1/1837 1766/1/1837
f 963/1/2896 962/1/2896 1766/1/2896
f 1766/1/2896 1769/1/2896 963/1/2896
f 1766/1/1831 962/1/1831 961/1/1831
f 961/1/1831 1764/1/1831 1766/1/1831
f 961/1/2897 960/1/2897 1765/1/2897
f 1765/1/2897 1764/1/2898 961/1/2897
f 960/1/2899 943/1/1827 1745/1/2900
f 1745/1/2900 1765/1/2901 960/1/2899
f 1744/1/1824 1760/1/1824 1765/1/1824
f 1765/1/1824 1745/1/1824 1744/1/1824
f 1743/1/1822 1761/1/1822 1760/1/1822
f 1760/1/1822 1744/1/1822 1743/1/1822
f 1770/1/2381 1771/1/2381 1772/1/2902
f 1772/1/2902 1773/1/2382 1770/1/2381
f 1774/1/2903 1775/1/2904 1771/1/2903
f 1771/1/2903 1770/1/2905 1774/1/2903
f 1771/1/2906 1776/1/2386 1777/1/2386
f 1777/1/2386 1772/1/2386 1771/1/2906
f 1775/1/2384 1778/1/2384 1776/1/2384
f 1776/1/2384 1771/1/2907 1775/1/2384
f 1773/1/2908 1779/1/2909 461/1/2909
f 461/1/2909 460/1/2910 1773/1/2908
f 470/1/2395 1770/1/2395 1773/1/2395
f 1773/1/2395 460/1/2911 470/1/2395
f 470/1/2392 469/1/2392 1774/1/2392
f 1774/1/2392 1770/1/2392 470/1/2392
f 469/1/2912 441/1/2913 1755/1/2389
f 1755/1/2389 1774/1/2914 469/1/2912
f 1775/1/2410 1774/1/2915 1755/1/2410
f 1755/1/2410 1757/1/2410 1775/1/2410
f 1756/1/2409 1778/1/2409 1775/1/2409
f 1775/1/2409 1757/1/2409 1756/1/2409
f 1756/1/2408 1056/1/2408 1079/1/2408
f 1079/1/2408 1778/1/2408 1756/1/2408
f 1778/1/2407 1079/1/2407 1078/1/2407
f 1078/1/2407 1776/1/2407 1778/1/2407
f 1776/1/2405 1078/1/2405 1077/1/2405
f 1077/1/2405 1777/1/2405 1776/1/2405
f 1777/1/2916 1077/1/2404 1076/1/2917
f 1076/1/2917 1780/1/2404 1777/1/2916
f 1781/1/2402 1772/1/2402 1777/1/2402
f 1777/1/2402 1780/1/2402 1781/1/2402
f 1772/1/2400 1781/1/2400 1779/1/2400
f 1779/1/2400 1773/1/2400 1772/1/2400
f 1782/1/2918 1783/1/2919 1784/1/2920
f 1784/1/2920 1785/1/2918 1782/1/2918
f 1786/1/2921 1787/1/2921 1783/1/2921
f 1783/1/2921 1782/1/2921 1786/1/2921
f 1783/1/2922 1788/1/2923 1789/1/2923
f 1789/1/2923 1784/1/2923 1783/1/2922
f 1790/1/2924 1788/1/2924 1783/1/2924
f 1783/1/2924 1787/1/2925 1790/1/2924
f 1767/1/2926 346/1/2927 368/1/2927
f 368/1/2927 1785/1/2927 1767/1/2926
f 1785/1/2928 368/1/2928 367/1/2929
f 367/1/2929 1782/1/2928 1785/1/2928
f 1786/1/2930 1782/1/2931 367/1/2930
f 367/1/2930 365/1/2932 1786/1/2930
f 1786/1/2933 365/1/2934 366/1/2935
f 366/1/2935 1791/1/2935 1786/1/2933
f 1791/1/2936 1792/1/2936 1787/1/2936
f 1787/1/2936 1786/1/2936 1791/1/2936
f 1790/1/2937 1787/1/2937 1792/1/2937
f 1792/1/2937 1793/1/2938 1790/1/2937
f 983/1/2939 982/1/2940 1790/1/2941
f 1790/1/2941 1793/1/2942 983/1/2939
f 1790/1/2943 982/1/2943 981/1/2943
f 981/1/2943 1788/1/2943 1790/1/2943
f 981/1/2944 980/1/2945 1789/1/2945
f 1789/1/2945 1788/1/2945 981/1/2944
f 980/1/2946 963/1/2946 1769/1/2946
f 1769/1/2946 1789/1/2946 980/1/2946
f 1768/1/2947 1784/1/2947 1789/1/2947
f 1789/1/2947 1769/1/2947 1768/1/2947
f 1767/1/2948 1785/1/2948 1784/1/2948
f 1784/1/2948 1768/1/2948 1767/1/2948
f 1794/1/2432 1795/1/2432 1796/1/2432
f 1796/1/2432 1797/1/2432 1794/1/2432
f 1798/1/2430 1799/1/2430 1795/1/2430
f 1795/1/2430 1794/1/2428 1798/1/2430
f 1795/1/2436 1800/1/2436 1801/1/2436
f 1801/1/2436 1796/1/2949 1795/1/2436
f 1799/1/2434 1802/1/2950 1800/1/2434
f 1800/1/2434 1795/1/2951 1799/1/2434
f 1797/1/2443 1803/1/2952 481/1/2953
f 481/1/2953 480/1/2443 1797/1/2443
f 490/1/2441 1794/1/2441 1797/1/2441
f 1797/1/2441 480/1/2441 490/1/2441
f 490/1/2438 489/1/2438 1798/1/2438
f 1798/1/2438 1794/1/2438 490/1/2438
f 489/1/2437 461/1/2437 1779/1/2437
f 1779/1/2437 1798/1/2437 489/1/2437
f 1799/1/2457 1798/1/2457 1779/1/2457
f 1779/1/2457 1781/1/2457 1799/1/2457
f 1780/1/2456 1802/1/2456 1799/1/2456
f 1799/1/2456 1781/1/2456 1780/1/2456
f 1780/1/2453 1076/1/2453 1099/1/2954
f 1099/1/2954 1802/1/2453 1780/1/2453
f 1802/1/2955 1099/1/2956 1098/1/2957
f 1098/1/2957 1800/1/2956 1802/1/2955
f 1800/1/2958 1098/1/2450 1097/1/2450
f 1097/1/2450 1801/1/2450 1800/1/2958
f 1801/1/2447 1097/1/2447 1096/1/2447
f 1096/1/2447 1804/1/2447 1801/1/2447
f 1801/1/2959 1804/1/2960 1805/1/2959
f 1805/1/2959 1796/1/2446 1801/1/2959
f 1796/1/2961 1805/1/2962 1803/1/2961
f 1803/1/2961 1797/1/2444 1796/1/2961
f 1806/1/2963 1807/1/2963 1808/1/2964
f 1808/1/2964 1809/1/2963 1806/1/2963
f 1810/1/2965 1811/1/2965 1807/1/2965
f 1807/1/2965 1806/1/2965 1810/1/2965
f 1807/1/2966 1812/1/2966 1813/1/2967
f 1813/1/2967 1808/1/2966 1807/1/2966
f 1814/1/2968 1812/1/2968 1807/1/2968
f 1807/1/2968 1811/1/2968 1814/1/2968
f 1791/1/2969 366/1/2969 388/1/2969
f 388/1/2969 1809/1/2969 1791/1/2969
f 1809/1/2970 388/1/2970 387/1/2970
f 387/1/2970 1806/1/2971 1809/1/2970
f 1810/1/2972 1806/1/2973 387/1/2974
f 387/1/2974 385/1/2975 1810/1/2972
f 1810/1/2976 385/1/2977 386/1/2976
f 386/1/2976 1815/1/2976 1810/1/2976
f 1815/1/2978 1816/1/2978 1811/1/2979
f 1811/1/2979 1810/1/2980 1815/1/2978
f 1814/1/2981 1811/1/2981 1816/1/2982
f 1816/1/2982 1817/1/2981 1814/1/2981
f 1003/1/2983 1002/1/2983 1814/1/2984
f 1814/1/2984 1817/1/2983 1003/1/2983
f 1814/1/2985 1002/1/2986 1001/1/2987
f 1001/1/2987 1812/1/2988 1814/1/2985
f 1001/1/2989 1000/1/2990 1813/1/2990
f 1813/1/2990 1812/1/2990 1001/1/2989
f 1000/1/2991 983/1/2991 1793/1/2991
f 1793/1/2991 1813/1/2991 1000/1/2991
f 1792/1/2992 1808/1/2992 1813/1/2992
f 1813/1/2992 1793/1/2992 1792/1/2992
f 1808/1/2993 1792/1/2993 1791/1/2993
f 1791/1/2993 1809/1/2993 1808/1/2993
f 1818/1/2994 1819/1/2995 1820/1/2467
f 1820/1/2467 1821/1/2995 1818/1/2994
f 1822/1/2466 1823/1/2466 1819/1/2466
f 1819/1/2466 1818/1/2466 1822/1/2466
f 1819/1/2996 1824/1/2472 1825/1/2472
f 1825/1/2472 1820/1/2472 1819/1/2996
f 1823/1/2997 1826/1/2997 1824/1/2997
f 1824/1/2997 1819/1/2997 1823/1/2997
f 1821/1/2481 1827/1/2481 501/1/2481
f 501/1/2481 500/1/2481 1821/1/2481
f 510/1/2998 1818/1/2478 1821/1/2480
f 1821/1/2480 500/1/2478 510/1/2998
f 510/1/2999 509/1/3000 1822/1/2999
f 1822/1/2999 1818/1/2476 510/1/2999
f 509/1/3001 481/1/3002 1803/1/3002
f 1803/1/3002 1822/1/3001 509/1/3001
f 1823/1/2500 1822/1/3003 1803/1/2500
f 1803/1/2500 1805/1/2500 1823/1/2500
f 1804/1/2497 1826/1/2498 1823/1/2497
f 1823/1/2497 1805/1/2497 1804/1/2497
f 1804/1/2495 1096/1/2495 1119/1/2495
f 1119/1/2495 1826/1/2495 1804/1/2495
f 1826/1/2494 1119/1/2494 1118/1/3004
f 1118/1/3004 1824/1/2494 1826/1/2494
f 1824/1/3005 1118/1/3005 1117/1/3006
f 1117/1/3006 1825/1/3005 1824/1/3005
f 1825/1/3007 1117/1/3007 1116/1/3007
f 1116/1/3007 1828/1/3007 1825/1/3007
f 1825/1/3008 1828/1/2484 1829/1/2484
f 1829/1/2484 1820/1/2484 1825/1/3008
f 1820/1/2482 1829/1/2482 1827/1/2482
f 1827/1/2482 1821/1/2482 1820/1/2482
f 1830/1/3009 1831/1/3010 1832/1/3009
f 1832/1/3009 1833/1/3011 1830/1/3009
f 1834/1/3012 1835/1/3013 1831/1/3014
f 1831/1/3014 1830/1/3015 1834/1/3012
f 1831/1/3016 1836/1/3016 1837/1/3016
f 1837/1/3016 1832/1/3016 1831/1/3016
f 1838/1/3017 1836/1/3018 1831/1/3017
f 1831/1/3017 1835/1/3019 1838/1/3017
f 1815/1/3020 386/1/3021 408/1/3020
f 408/1/3020 1833/1/3020 1815/1/3020
f 1833/1/3022 408/1/3022 407/1/3022
f 407/1/3022 1830/1/3022 1833/1/3022
f 1834/1/3023 1830/1/3023 407/1/3023
f 407/1/3023 405/1/3023 1834/1/3023
f 1834/1/3024 405/1/3025 406/1/3026
f 406/1/3026 1839/1/3027 1834/1/3024
f 1839/1/3028 1840/1/3028 1835/1/3029
f 1835/1/3029 1834/1/3030 1839/1/3028
f 1838/1/3031 1835/1/3031 1840/1/3032
f 1840/1/3032 1841/1/3031 1838/1/3031
f 1023/1/3033 1022/1/3034 1838/1/3033
f 1838/1/3033 1841/1/3033 1023/1/3033
f 1838/1/3035 1022/1/3036 1021/1/3037
f 1021/1/3037 1836/1/3038 1838/1/3035
f 1021/1/3039 1020/1/3040 1837/1/3039
f 1837/1/3039 1836/1/3039 1021/1/3039
f 1020/1/3041 1003/1/3041 1817/1/3041
f 1817/1/3041 1837/1/3041 1020/1/3041
f 1816/1/3042 1832/1/3042 1837/1/3042
f 1837/1/3042 1817/1/3042 1816/1/3042
f 1815/1/3043 1833/1/3043 1832/1/3043
f 1832/1/3043 1816/1/3043 1815/1/3043
f 1842/1/2522 1843/1/2522 1844/1/2522
f 1844/1/2522 1845/1/2522 1842/1/2522
f 1846/1/3044 1847/1/2520 1843/1/3045
f 1843/1/3045 1842/1/2520 1846/1/3044
f 1843/1/2526 1848/1/2526 1849/1/2526
f 1849/1/2526 1844/1/2526 1843/1/2526
f 1847/1/2524 1850/1/2524 1848/1/3046
f 1848/1/3046 1843/1/2524 1847/1/2524
f 1845/1/3047 1851/1/3048 521/1/3049
f 521/1/3049 520/1/3050 1845/1/3047
f 530/1/3051 1842/1/2531 1845/1/3052
f 1845/1/3052 520/1/3053 530/1/3051
f 530/1/2529 529/1/2529 1846/1/2529
f 1846/1/2529 1842/1/2529 530/1/2529
f 529/1/2527 501/1/2527 1827/1/2527
f 1827/1/2527 1846/1/2527 529/1/2527
f 1847/1/2550 1846/1/2550 1827/1/2550
f 1827/1/2550 1829/1/2550 1847/1/2550
f 1828/1/2549 1850/1/2549 1847/1/2549
f 1847/1/2549 1829/1/2549 1828/1/2549
f 1828/1/3054 1116/1/3054 1139/1/3054
f 1139/1/3054 1850/1/3054 1828/1/3054
f 1850/1/2542 1139/1/2542 1138/1/3055
f 1138/1/3055 1848/1/2542 1850/1/2542
f 1848/1/2540 1138/1/2540 1137/1/2540
f 1137/1/2540 1849/1/3056 1848/1/2540
f 1849/1/3057 1137/1/2538 1136/1/3058
f 1136/1/3058 1852/1/3059 1849/1/3057
f 1853/1/2537 1844/1/2537 1849/1/2537
f 1849/1/2537 1852/1/3060 1853/1/2537
f 1844/1/2534 1853/1/2535 1851/1/2534
f 1851/1/2534 1845/1/2535 1844/1/2534
f 1854/1/3061 1855/1/3062 1856/1/3061
f 1856/1/3061 1857/1/3063 1854/1/3061
f 1858/1/3064 1859/1/3064 1855/1/3064
f 1855/1/3064 1854/1/3064 1858/1/3064
f 1855/1/3065 1860/1/3065 1861/1/3065
f 1861/1/3065 1856/1/3065 1855/1/3065
f 1862/1/3066 1860/1/3066 1855/1/3066
f 1855/1/3066 1859/1/3066 1862/1/3066
f 1839/1/3067 406/1/3068 428/1/3067
f 428/1/3067 1857/1/3067 1839/1/3067
f 1857/1/3069 428/1/3069 427/1/3069
f 427/1/3069 1854/1/3069 1857/1/3069
f 1858/1/3070 1854/1/3070 427/1/3071
f 427/1/3071 425/1/3070 1858/1/3070
f 1858/1/3072 425/1/3072 426/1/3072
f 426/1/3072 1863/1/3072 1858/1/3072
f 1863/1/3073 1864/1/3073 1859/1/3073
f 1859/1/3073 1858/1/3073 1863/1/3073
f 1862/1/3074 1859/1/3074 1864/1/3074
f 1864/1/3074 1865/1/3074 1862/1/3074
f 1043/1/3075 1042/1/3076 1862/1/3076
f 1862/1/3076 1865/1/3076 1043/1/3075
f 1862/1/3077 1042/1/3077 1041/1/3077
f 1041/1/3077 1860/1/3077 1862/1/3077
f 1041/1/3078 1040/1/3079 1861/1/3080
f 1861/1/3080 1860/1/3078 1041/1/3078
f 1040/1/3081 1023/1/3081 1841/1/3082
f 1841/1/3082 1861/1/3081 1040/1/3081
f 1840/1/3083 1856/1/3084 1861/1/3084
f 1861/1/3084 1841/1/3084 1840/1/3083
f 1839/1/3085 1857/1/3085 1856/1/3086
f 1856/1/3086 1840/1/3085 1839/1/3085
f 1866/1/3087 1867/1/3087 1868/1/3087
f 1868/1/3087 1869/1/2574 1866/1/3087
f 1870/1/2570 1871/1/2570 1867/1/2570
f 1867/1/2570 1866/1/2570 1870/1/2570
f 1867/1/3088 1872/1/3089 1873/1/3090
f 1873/1/3090 1868/1/2576 1867/1/3088
f 1871/1/3091 1874/1/3092 1872/1/3092
f 1872/1/3092 1867/1/2575 1871/1/3091
f 1869/1/2585 1875/1/2585 541/1/2585
f 541/1/2585 540/1/2585 1869/1/2585
f 550/1/2584 1866/1/2584 1869/1/3093
f 1869/1/3093 540/1/2584 550/1/2584
f 550/1/3094 549/1/2582 1870/1/3094
f 1870/1/3094 1866/1/3094 550/1/3094
f 549/1/2579 521/1/2579 1851/1/2579
f 1851/1/2579 1870/1/2579 549/1/2579
f 1871/1/2602 1870/1/2602 1851/1/2602
f 1851/1/2602 1853/1/2602 1871/1/2602
f 1852/1/2599 1874/1/2599 1871/1/2599
f 1871/1/2599 1853/1/2599 1852/1/2599
f 1852/1/3095 1136/1/2598 1159/1/2598
f 1159/1/2598 1874/1/2598 1852/1/3095
f 1874/1/2593 1159/1/2593 1158/1/3096
f 1158/1/3096 1872/1/2593 1874/1/2593
f 1872/1/3097 1158/1/3097 1157/1/3098
f 1157/1/3098 1873/1/3097 1872/1/3097
f 1873/1/2589 1157/1/2589 1156/1/2589
f 1156/1/2589 1876/1/2589 1873/1/2589
f 1877/1/2588 1868/1/2588 1873/1/2588
f 1873/1/2588 1876/1/2588 1877/1/2588
f 1868/1/2586 1877/1/2586 1875/1/2586
f 1875/1/2586 1869/1/2586 1868/1/2586
f 1878/1/3099 1879/1/3100 1880/1/3101
f 1880/1/3101 1881/1/3101 1878/1/3099
f 1882/1/3102 1883/1/3102 1879/1/3102
f 1879/1/3102 1878/1/3102 1882/1/3102
f 1879/1/3103 1884/1/3104 1885/1/3103
f 1885/1/3103 1880/1/3105 1879/1/3103
f 1886/1/3106 1884/1/3107 1879/1/3107
f 1879/1/3107 1883/1/3107 1886/1/3106
f 1863/1/3108 426/1/3109 448/1/3108
f 448/1/3108 1881/1/3108 1863/1/3108
f 1881/1/3110 448/1/3110 447/1/3111
f 447/1/3111 1878/1/3112 1881/1/3110
f 1882/1/3113 1878/1/3113 447/1/3113
f 447/1/3113 445/1/3113 1882/1/3113
f 1882/1/3114 445/1/3114 446/1/3114
f 446/1/3114 1887/1/3115 1882/1/3114
f 1887/1/3116 1888/1/3117 1883/1/3118
f 1883/1/3118 1882/1/3117 1887/1/3116
f 1886/1/3119 1883/1/3119 1888/1/3120
f 1888/1/3120 1889/1/3119 1886/1/3119
f 1063/1/3121 1062/1/3122 1886/1/3122
f 1886/1/3122 1889/1/3123 1063/1/3121
f 1886/1/3124 1062/1/3124 1061/1/3124
f 1061/1/3124 1884/1/3124 1886/1/3124
f 1061/1/3125 1060/1/3126 1885/1/3127
f 1885/1/3127 1884/1/3128 1061/1/3125
f 1060/1/3129 1043/1/3129 1865/1/3129
f 1865/1/3129 1885/1/3130 1060/1/3129
f 1864/1/3131 1880/1/3132 1885/1/3133
f 1885/1/3133 1865/1/3133 1864/1/3131
f 1880/1/3134 1864/1/3134 1863/1/3135
f 1863/1/3135 1881/1/3134 1880/1/3134
f 1890/1/3136 1891/1/3136 1892/1/2620
f 1892/1/2620 1893/1/2620 1890/1/3136
f 1894/1/2618 1895/1/3137 1891/1/2617
f 1891/1/2617 1890/1/2617 1894/1/2618
f 1891/1/3138 1896/1/3139 1897/1/3140
f 1897/1/3140 1892/1/3139 1891/1/3138
f 1895/1/3141 1898/1/3141 1896/1/3141
f 1896/1/3141 1891/1/3141 1895/1/3141
f 1893/1/2638 1899/1/2638 561/1/2638
f 561/1/2638 560/1/2638 1893/1/2638
f 570/1/2634 1890/1/2634 1893/1/2634
f 1893/1/2634 560/1/2634 570/1/2634
f 570/1/2631 569/1/2631 1894/1/2631
f 1894/1/2631 1890/1/2631 570/1/2631
f 569/1/2629 541/1/2629 1875/1/3142
f 1875/1/3142 1894/1/3143 569/1/2629
f 1895/1/2651 1894/1/2651 1875/1/2651
f 1875/1/2651 1877/1/2651 1895/1/2651
f 1876/1/2649 1898/1/3144 1895/1/2649
f 1895/1/2649 1877/1/2649 1876/1/2649
f 1876/1/2647 1156/1/2647 1179/1/2648
f 1179/1/2648 1898/1/2647 1876/1/2647
f 1898/1/2646 1179/1/2646 1178/1/2646
f 1178/1/2646 1896/1/2646 1898/1/2646
f 1896/1/2644 1178/1/2644 1177/1/2644
f 1177/1/2644 1897/1/2644 1896/1/2644
f 1897/1/2641 1177/1/2641 1176/1/2641
f 1176/1/2641 1900/1/2641 1897/1/2641
f 1897/1/3145 1900/1/2640 1901/1/3145
f 1901/1/3145 1892/1/3146 1897/1/3145
f 1892/1/3147 1901/1/2639 1899/1/3148
f 1899/1/3148 1893/1/3149 1892/1/3147
f 1902/1/2921 1903/1/2921 1904/1/2921
f 1904/1/2921 1905/1/3150 1902/1/2921
f 1906/1/2918 1907/1/2918 1903/1/2918
f 1903/1/2918 1902/1/3151 1906/1/2918
f 1903/1/3152 1908/1/3153 1909/1/3152
f 1909/1/3152 1904/1/3154 1903/1/3152
f 1903/1/2923 1907/1/2923 1910/1/2923
f 1910/1/2923 1908/1/2923 1903/1/2923
f 1905/1/3155 1911/1/3156 37/1/3157
f 37/1/3157 36/1/2935 1905/1/3155
f 1905/1/3158 36/1/2931 50/1/3159
f 50/1/3159 1902/1/3159 1905/1/3158
f 48/1/2928 1906/1/3160 1902/1/2928
f 1902/1/2928 50/1/2928 48/1/2928
f 1305/1/3161 1906/1/2927 48/1/3161
f 48/1/3161 49/1/2927 1305/1/3161
f 1906/1/2948 1305/1/2948 1310/1/3162
f 1310/1/3162 1907/1/2948 1906/1/2948
f 1907/1/2947 1310/1/2947 1309/1/2947
f 1309/1/2947 1910/1/2947 1907/1/2947
f 15/1/3163 14/1/2946 1910/1/3164
f 1910/1/3164 1309/1/2946 15/1/3163
f 1910/1/3165 14/1/2945 13/1/2945
f 13/1/2945 1908/1/2945 1910/1/3165
f 1909/1/2943 1908/1/2943 13/1/2943
f 13/1/2943 12/1/2943 1909/1/2943
f 12/1/3166 11/1/3166 1912/1/3166
f 1912/1/3166 1909/1/3166 12/1/3166
f 1904/1/2937 1909/1/2937 1912/1/2937
f 1912/1/2937 1913/1/2937 1904/1/2937
f 1904/1/2936 1913/1/2936 1911/1/2936
f 1911/1/2936 1905/1/2936 1904/1/2936
f 1914/1/1846 1915/1/1843 1916/1/1846
f 1916/1/1846 1917/1/1843 1914/1/1846
f 1918/1/3167 1919/1/3168 1915/1/3169
f 1915/1/3169 1914/1/3167 1918/1/3167
f 1915/1/3170 1920/1/3170 1921/1/3170
f 1921/1/3170 1916/1/3171 1915/1/3170
f 1922/1/1847 1920/1/3172 1915/1/1847
f 1915/1/1847 1919/1/1847 1922/1/1847
f 1887/1/1856 446/1/1856 468/1/1856
f 468/1/1856 1917/1/1856 1887/1/1856
f 1917/1/3173 468/1/1855 467/1/1855
f 467/1/1855 1914/1/1855 1917/1/3173
f 1918/1/1854 1914/1/3174 467/1/1854
f 467/1/1854 465/1/1854 1918/1/1854
f 1923/1/1853 1918/1/1853 465/1/3175
f 465/1/3175 466/1/3175 1923/1/1853
f 1923/1/1872 1924/1/1872 1919/1/1872
f 1919/1/1872 1918/1/1872 1923/1/1872
f 1922/1/3176 1919/1/1870 1924/1/1870
f 1924/1/1870 1925/1/1870 1922/1/3176
f 1922/1/3177 1925/1/1868 1083/1/1868
f 1083/1/1868 1082/1/3178 1922/1/3177
f 1922/1/1867 1082/1/1867 1081/1/1867
f 1081/1/1867 1920/1/1867 1922/1/1867
f 1081/1/1865 1080/1/1865 1921/1/1865
f 1921/1/1865 1920/1/1865 1081/1/1865
f 1080/1/3179 1063/1/1864 1889/1/3180
f 1889/1/3180 1921/1/3181 1080/1/3179
f 1889/1/1861 1888/1/1861 1916/1/3182
f 1916/1/3182 1921/1/3182 1889/1/1861
f 1887/1/1858 1917/1/1858 1916/1/1859
f 1916/1/1859 1888/1/1858 1887/1/1858
f 1926/1/3183 1927/1/3184 1928/1/3185
f 1928/1/3185 1929/1/3186 1926/1/3183
f 1930/1/2668 1931/1/2668 1927/1/2668
f 1927/1/2668 1926/1/2668 1930/1/2668
f 1927/1/3187 1932/1/3188 1933/1/3189
f 1933/1/3189 1928/1/2673 1927/1/3187
f 1931/1/2672 1934/1/2672 1932/1/2672
f 1932/1/2672 1927/1/2672 1931/1/2672
f 1929/1/3190 1935/1/2681 581/1/3190
f 581/1/3190 580/1/3191 1929/1/3190
f 590/1/2679 1926/1/2679 1929/1/2679
f 1929/1/2679 580/1/2679 590/1/2679
f 590/1/2677 589/1/2677 1930/1/2677
f 1930/1/2677 1926/1/2677 590/1/2677
f 589/1/2675 561/1/2675 1899/1/2675
f 1899/1/2675 1930/1/2675 589/1/2675
f 1931/1/2701 1930/1/2701 1899/1/2701
f 1899/1/2701 1901/1/2701 1931/1/2701
f 1900/1/2699 1934/1/2699 1931/1/2699
f 1931/1/2699 1901/1/2699 1900/1/2699
f 1900/1/2697 1176/1/2697 1199/1/2697
f 1199/1/2697 1934/1/2697 1900/1/2697
f 1934/1/2695 1199/1/2695 1198/1/2695
f 1198/1/2695 1932/1/2695 1934/1/2695
f 1932/1/2693 1198/1/2694 1197/1/3192
f 1197/1/3192 1933/1/2694 1932/1/2693
f 1197/1/3193 1196/1/3194 1936/1/3195
f 1936/1/3195 1933/1/2690 1197/1/3193
f 1928/1/2688 1933/1/2686 1936/1/2688
f 1936/1/2688 1937/1/2688 1928/1/2688
f 1929/1/2684 1928/1/3196 1937/1/2684
f 1937/1/2684 1935/1/2685 1929/1/2684
f 1938/1/2965 1939/1/2965 1940/1/2965
f 1940/1/2965 1941/1/3197 1938/1/2965
f 1942/1/3198 1943/1/2963 1939/1/3199
f 1939/1/3199 1938/1/2963 1942/1/3198
f 1939/1/3200 1944/1/2968 1945/1/3200
f 1945/1/3200 1940/1/2968 1939/1/3200
f 1939/1/2966 1943/1/2966 1946/1/3201
f 1946/1/3201 1944/1/2966 1939/1/2966
f 61/1/2976 60/1/2976 1941/1/2976
f 1941/1/2976 1947/1/2976 61/1/2976
f 1941/1/2975 60/1/2975 70/1/2975
f 70/1/2975 1938/1/2975 1941/1/2975
f 70/1/2970 69/1/2970 1942/1/2970
f 1942/1/2970 1938/1/2970 70/1/2970
f 1942/1/2969 69/1/3202 37/1/2969
f 37/1/2969 1911/1/2969 1942/1/2969
f 1913/1/2993 1943/1/2993 1942/1/2993
f 1942/1/2993 1911/1/2993 1913/1/2993
f 1912/1/3203 1946/1/2992 1943/1/3204
f 1943/1/3204 1913/1/3205 1912/1/3203
f 11/1/2991 679/1/2991 1946/1/3206
f 1946/1/3206 1912/1/2991 11/1/2991
f 1946/1/2990 679/1/2990 678/1/2990
f 678/1/2990 1944/1/2990 1946/1/2990
f 1945/1/2988 1944/1/2988 678/1/2988
f 678/1/2988 675/1/2988 1945/1/2988
f 675/1/2983 677/1/2983 1948/1/2983
f 1948/1/2983 1945/1/2983 675/1/2983
f 1940/1/3207 1945/1/2981 1948/1/3208
f 1948/1/3208 1949/1/2981 1940/1/3207
f 1940/1/2980 1949/1/2978 1947/1/2978
f 1947/1/2978 1941/1/3209 1940/1/2980
f 1950/1/3210 1951/1/3210 1952/1/3210
f 1952/1/3210 1953/1/3210 1950/1/3210
f 1954/1/1944 1955/1/3211 1951/1/1944
f 1951/1/1944 1950/1/1944 1954/1/1944
f 1951/1/3212 1956/1/3212 1957/1/3213
f 1957/1/3213 1952/1/3212 1951/1/3212
f 1958/1/3214 1956/1/3215 1951/1/3214
f 1951/1/3214 1955/1/1950 1958/1/3214
f 1923/1/3216 466/1/1960 488/1/1960
f 488/1/1960 1953/1/1960 1923/1/3216
f 1953/1/1959 488/1/1959 487/1/1959
f 487/1/1959 1950/1/1959 1953/1/1959
f 1954/1/1957 1950/1/1957 487/1/1957
f 487/1/1957 485/1/1957 1954/1/1957
f 1959/1/1954 1954/1/1954 485/1/1954
f 485/1/1954 486/1/1954 1959/1/1954
f 1959/1/3217 1960/1/1978 1955/1/3218
f 1955/1/3218 1954/1/1978 1959/1/3217
f 1958/1/1976 1955/1/1977 1960/1/1976
f 1960/1/1976 1961/1/1976 1958/1/1976
f 1958/1/1974 1961/1/1974 1103/1/1974
f 1103/1/1974 1102/1/1974 1958/1/1974
f 1958/1/3219 1102/1/3219 1101/1/3220
f 1101/1/3220 1956/1/3219 1958/1/3219
f 1101/1/1969 1100/1/1969 1957/1/1969
f 1957/1/1969 1956/1/3221 1101/1/1969
f 1100/1/1966 1083/1/1966 1925/1/1966
f 1925/1/1966 1957/1/1966 1100/1/1966
f 1952/1/1962 1957/1/1962 1925/1/1962
f 1925/1/1962 1924/1/1962 1952/1/1962
f 1953/1/3222 1952/1/1961 1924/1/1961
f 1924/1/1961 1923/1/1961 1953/1/3222
f 1962/1/3223 1963/1/2722 1964/1/3224
f 1964/1/3224 1965/1/2722 1962/1/3223
f 1966/1/2720 1967/1/2720 1963/1/2720
f 1963/1/2720 1962/1/2720 1966/1/2720
f 1963/1/3225 1968/1/2727 1969/1/2727
f 1969/1/2727 1964/1/2727 1963/1/3225
f 1967/1/2725 1970/1/2725 1968/1/2725
f 1968/1/2725 1963/1/2725 1967/1/2725
f 1965/1/2735 1971/1/2735 601/1/2735
f 601/1/2735 600/1/2735 1965/1/2735
f 610/1/2733 1962/1/2734 1965/1/3226
f 1965/1/3226 600/1/3226 610/1/2733
f 610/1/2732 609/1/3227 1966/1/2732
f 1966/1/2732 1962/1/2732 610/1/2732
f 609/1/3228 581/1/2730 1935/1/3228
f 1935/1/3228 1966/1/3229 609/1/3228
f 1966/1/2752 1935/1/2752 1937/1/2752
f 1937/1/2752 1967/1/2752 1966/1/2752
f 1936/1/2751 1970/1/2751 1967/1/2751
f 1967/1/2751 1937/1/2751 1936/1/2751
f 1219/1/3230 1970/1/3230 1936/1/3230
f 1936/1/3230 1196/1/3230 1219/1/3230
f 1970/1/2745 1219/1/2745 1218/1/2745
f 1218/1/2745 1968/1/2744 1970/1/2745
f 1968/1/3231 1218/1/3232 1217/1/3233
f 1217/1/3233 1969/1/3234 1968/1/3231
f 1217/1/2741 1216/1/2741 1972/1/2741
f 1972/1/2741 1969/1/2741 1217/1/2741
f 1964/1/2740 1969/1/2740 1972/1/2740
f 1972/1/2740 1973/1/2740 1964/1/2740
f 1965/1/2737 1964/1/2737 1973/1/2737
f 1973/1/2737 1971/1/2737 1965/1/2737
f 1974/1/3235 1975/1/3013 1976/1/3236
f 1976/1/3236 1977/1/3013 1974/1/3235
f 1978/1/3011 1979/1/3011 1975/1/3011
f 1975/1/3011 1974/1/3011 1978/1/3011
f 1975/1/3237 1980/1/3237 1981/1/3237
f 1981/1/3237 1976/1/3237 1975/1/3237
f 1975/1/3016 1979/1/3016 1982/1/3016
f 1982/1/3016 1980/1/3016 1975/1/3016
f 1977/1/3025 1983/1/3025 81/1/3025
f 81/1/3025 80/1/3025 1977/1/3025
f 1977/1/3238 80/1/3239 90/1/3238
f 90/1/3238 1974/1/3023 1977/1/3238
f 1974/1/3022 90/1/3022 89/1/3022
f 89/1/3022 1978/1/3022 1974/1/3022
f 89/1/3020 61/1/3020 1947/1/3240
f 1947/1/3240 1978/1/3020 89/1/3020
f 1949/1/3043 1979/1/3043 1978/1/3043
f 1978/1/3043 1947/1/3043 1949/1/3043
f 1948/1/3241 1982/1/3042 1979/1/3042
f 1979/1/3042 1949/1/3042 1948/1/3241
f 699/1/3041 1982/1/3041 1948/1/3041
f 1948/1/3041 677/1/3041 699/1/3041
f 1982/1/3040 699/1/3040 698/1/3040
f 698/1/3040 1980/1/3040 1982/1/3040
f 1981/1/3035 1980/1/3035 698/1/3035
f 698/1/3035 697/1/3035 1981/1/3035
f 697/1/3033 696/1/3033 1984/1/3033
f 1984/1/3033 1981/1/3033 697/1/3033
f 1976/1/3031 1981/1/3031 1984/1/3031
f 1984/1/3031 1985/1/3031 1976/1/3031
f 1976/1/3028 1985/1/3028 1983/1/3028
f 1983/1/3028 1977/1/3028 1976/1/3028
f 1986/1/3242 1987/1/2043 1988/1/2044
f 1988/1/2044 1989/1/2043 1986/1/3242
f 1990/1/2042 1991/1/2042 1987/1/3243
f 1987/1/3243 1986/1/2042 1990/1/2042
f 1987/1/2049 1992/1/2049 1993/1/2050
f 1993/1/2050 1988/1/3244 1987/1/2049
f 1994/1/2047 1992/1/3245 1987/1/3245
f 1987/1/3245 1991/1/3245 1994/1/2047
f 1959/1/2054 486/1/2055 508/1/2056
f 508/1/2056 1989/1/2056 1959/1/2054
f 1989/1/2053 508/1/2053 507/1/2053
f 507/1/2053 1986/1/2053 1989/1/2053
f 1990/1/2052 1986/1/3246 507/1/2052
f 507/1/2052 505/1/2052 1990/1/2052
f 1995/1/2051 1990/1/2051 505/1/2051
f 505/1/2051 506/1/3247 1995/1/2051
f 1995/1/2071 1996/1/2072 1991/1/2071
f 1991/1/2071 1990/1/3248 1995/1/2071
f 1994/1/2070 1991/1/2069 1996/1/3249
f 1996/1/3249 1997/1/2069 1994/1/2070
f 1994/1/2068 1997/1/2068 1123/1/2068
f 1123/1/2068 1122/1/2068 1994/1/2068
f 1994/1/2065 1122/1/2066 1121/1/2065
f 1121/1/2065 1992/1/2067 1994/1/2065
f 1121/1/3250 1120/1/3251 1993/1/3252
f 1993/1/3252 1992/1/3253 1121/1/3250
f 1120/1/2060 1103/1/2060 1961/1/2060
f 1961/1/2060 1993/1/2060 1120/1/2060
f 1988/1/3254 1993/1/3255 1961/1/3254
f 1961/1/3254 1960/1/3254 1988/1/3254
f 1989/1/2057 1988/1/2057 1960/1/2057
f 1960/1/2057 1959/1/2057 1989/1/2057
f 1998/1/2773 1999/1/2773 2000/1/3256
f 2000/1/3256 2001/1/3256 1998/1/2773
f 2002/1/2771 2003/1/2771 1999/1/2771
f 1999/1/2771 1998/1/2771 2002/1/2771
f 1999/1/3257 2004/1/2780 2005/1/3258
f 2005/1/3258 2000/1/3257 1999/1/3257
f 2003/1/2778 2006/1/2776 2004/1/2776
f 2004/1/2776 1999/1/2776 2003/1/2778
f 2001/1/3259 2007/1/2792 621/1/3260
f 621/1/3260 620/1/2792 2001/1/3259
f 630/1/2791 1998/1/2791 2001/1/2791
f 2001/1/2791 620/1/2791 630/1/2791
f 630/1/2790 629/1/2790 2002/1/2790
f 2002/1/2790 1998/1/2790 630/1/2790
f 629/1/2785 601/1/2785 1971/1/2785
f 1971/1/2785 2002/1/2785 629/1/2785
f 2002/1/2813 1971/1/2813 1973/1/2813
f 1973/1/2813 2003/1/2813 2002/1/2813
f 1972/1/2811 2006/1/2811 2003/1/2811
f 2003/1/2811 1973/1/2811 1972/1/2811
f 1239/1/2806 2006/1/2806 1972/1/2806
f 1972/1/2806 1216/1/2806 1239/1/2806
f 2006/1/2802 1239/1/2805 1238/1/2805
f 1238/1/2805 2004/1/2805 2006/1/2802
f 2004/1/3261 1238/1/3261 1237/1/3261
f 1237/1/3261 2005/1/3262 2004/1/3261
f 1237/1/2800 1236/1/2799 2008/1/2799
f 2008/1/2799 2005/1/2799 1237/1/2800
f 2000/1/3263 2005/1/2797 2008/1/2797
f 2008/1/2797 2009/1/2797 2000/1/3263
f 2001/1/3264 2000/1/2795 2009/1/2795
f 2009/1/2795 2007/1/2795 2001/1/3264
f 2010/1/3064 2011/1/3064 2012/1/3265
f 2012/1/3265 2013/1/3064 2010/1/3064
f 2014/1/3062 2015/1/3061 2011/1/3062
f 2011/1/3062 2010/1/3062 2014/1/3062
f 2011/1/3066 2016/1/3066 2017/1/3066
f 2017/1/3066 2012/1/3066 2011/1/3066
f 2011/1/3065 2015/1/3065 2018/1/3065
f 2018/1/3065 2016/1/3065 2011/1/3065
f 2013/1/3266 2019/1/3267 101/1/3266
f 101/1/3266 100/1/3268 2013/1/3266
f 2013/1/3070 100/1/3070 110/1/3070
f 110/1/3070 2010/1/3070 2013/1/3070
f 2014/1/3069 2010/1/3069 110/1/3069
f 110/1/3069 109/1/3069 2014/1/3069
f 109/1/3067 81/1/3067 1983/1/3067
f 1983/1/3067 2014/1/3067 109/1/3067
f 1985/1/3269 2015/1/3269 2014/1/3269
f 2014/1/3269 1983/1/3269 1985/1/3269
f 1984/1/3084 2018/1/3084 2015/1/3084
f 2015/1/3084 1985/1/3084 1984/1/3084
f 719/1/3081 2018/1/3081 1984/1/3081
f 1984/1/3081 696/1/3081 719/1/3081
f 2018/1/3078 719/1/3078 718/1/3078
f 718/1/3078 2016/1/3078 2018/1/3078
f 718/1/3077 717/1/3077 2017/1/3077
f 2017/1/3077 2016/1/3077 718/1/3077
f 717/1/3076 716/1/3076 2020/1/3076
f 2020/1/3076 2017/1/3076 717/1/3076
f 2012/1/3074 2017/1/3074 2020/1/3074
f 2020/1/3074 2021/1/3074 2012/1/3074
f 2012/1/3073 2021/1/3073 2019/1/3073
f 2019/1/3073 2013/1/3073 2012/1/3073
f 2022/1/3270 2023/1/2139 2024/1/2139
f 2024/1/2139 2025/1/2139 2022/1/3270
f 2026/1/3271 2027/1/2138 2023/1/3272
f 2023/1/3272 2022/1/2138 2026/1/3271
f 2023/1/3273 2028/1/3273 2029/1/3273
f 2029/1/3273 2024/1/3273 2023/1/3273
f 2030/1/2141 2028/1/2141 2023/1/3274
f 2023/1/3274 2027/1/2141 2030/1/2141
f 1995/1/2153 506/1/2153 528/1/2153
f 528/1/2153 2025/1/2153 1995/1/2153
f 2025/1/3275 528/1/3275 527/1/3275
f 527/1/3275 2022/1/2150 2025/1/3275
f 2026/1/2148 2022/1/2148 527/1/2148
f 527/1/2148 525/1/2148 2026/1/2148
f 525/1/2145 526/1/2145 1290/1/2145
f 1290/1/2145 2026/1/2145 525/1/2145
f 1295/1/2172 2027/1/2172 2026/1/3276
f 2026/1/3276 1290/1/2172 1295/1/2172
f 2030/1/3277 2027/1/3277 1295/1/3277
f 1295/1/3277 1294/1/3277 2030/1/3277
f 2030/1/3278 1294/1/2167 1143/1/2167
f 1143/1/2167 1142/1/3279 2030/1/3278
f 2030/1/2165 1142/1/3280 1141/1/3281
f 1141/1/3281 2028/1/3282 2030/1/2165
f 1141/1/3283 1140/1/3283 2029/1/2162
f 2029/1/2162 2028/1/2161 1141/1/3283
f 1140/1/2159 1123/1/2159 1997/1/2159
f 1997/1/2159 2029/1/2159 1140/1/2159
f 2024/1/2158 2029/1/3284 1997/1/3284
f 1997/1/3284 1996/1/3285 2024/1/2158
f 2025/1/2155 2024/1/2155 1996/1/2155
f 1996/1/2155 1995/1/2155 2025/1/2155
f 2031/1/3286 2032/1/2838 2033/1/3287
f 2033/1/3287 2034/1/2838 2031/1/3286
f 2035/1/2834 2036/1/2834 2032/1/3288
f 2032/1/3288 2031/1/2834 2035/1/2834
f 2032/1/2844 2037/1/2844 2038/1/2844
f 2038/1/2844 2033/1/3289 2032/1/2844
f 2036/1/3290 2039/1/3290 2037/1/3291
f 2037/1/3291 2032/1/3291 2036/1/3290
f 2034/1/3292 1306/1/3293 641/1/2851
f 641/1/2851 640/1/2852 2034/1/3292
f 650/1/2850 2031/1/2850 2034/1/2850
f 2034/1/2850 640/1/3294 650/1/2850
f 650/1/3295 649/1/2849 2035/1/2849
f 2035/1/2849 2031/1/2849 650/1/3295
f 649/1/2848 621/1/2848 2007/1/2848
f 2007/1/2848 2035/1/2848 649/1/2848
f 2035/1/2866 2007/1/2866 2009/1/2866
f 2009/1/2866 2036/1/2866 2035/1/2866
f 2008/1/2865 2039/1/2865 2036/1/2865
f 2036/1/2865 2009/1/2865 2008/1/2865
f 1259/1/2860 2039/1/2860 2008/1/2860
f 2008/1/2860 1236/1/3296 1259/1/2860
f 2039/1/2859 1259/1/2859 1258/1/2859
f 1258/1/2859 2037/1/2859 2039/1/2859
f 2037/1/3297 1258/1/3298 1257/1/3299
f 1257/1/3299 2038/1/3300 2037/1/3297
f 1257/1/2857 1256/1/3301 1308/1/2855
f 1308/1/2855 2038/1/3302 1257/1/2857
f 2038/1/3303 1308/1/2854 1307/1/3304
f 1307/1/3304 2033/1/3305 2038/1/3303
f 2034/1/2853 2033/1/2853 1307/1/2853
f 1307/1/2853 1306/1/2853 2034/1/2853
f 2040/1/3102 2041/1/3102 2042/1/3306
f 2042/1/3306 2043/1/3102 2040/1/3102
f 2044/1/3101 2045/1/3101 2041/1/3100
f 2041/1/3100 2040/1/3101 2044/1/3101
f 2041/1/3107 2046/1/3107 2047/1/3107
f 2047/1/3107 2042/1/3107 2041/1/3107
f 2041/1/3307 2045/1/3103 2048/1/3308
f 2048/1/3308 2046/1/3309 2041/1/3307
f 2043/1/3310 1321/1/3311 121/1/3312
f 121/1/3312 120/1/3313 2043/1/3310
f 2043/1/3113 120/1/3113 130/1/3113
f 130/1/3113 2040/1/3113 2043/1/3113
f 2044/1/3112 2040/1/3314 130/1/3112
f 130/1/3112 129/1/3112 2044/1/3112
f 129/1/3315 101/1/3108 2019/1/3316
f 2019/1/3316 2044/1/3108 129/1/3315
f 2021/1/3317 2045/1/3134 2044/1/3317
f 2044/1/3317 2019/1/3318 2021/1/3317
f 2020/1/3319 2048/1/3320 2045/1/3133
f 2045/1/3133 2021/1/3132 2020/1/3319
f 739/1/3129 2048/1/3129 2020/1/3129
f 2020/1/3129 716/1/3129 739/1/3129
f 2048/1/3321 739/1/3322 738/1/3323
f 738/1/3323 2046/1/3323 2048/1/3321
f 738/1/3124 737/1/3124 2047/1/3324
f 2047/1/3324 2046/1/3124 738/1/3124
f 737/1/3325 736/1/3122 1323/1/3122
f 1323/1/3122 2047/1/3122 737/1/3325
f 1323/1/3119 1322/1/3119 2042/1/3119
f 2042/1/3119 2047/1/3120 1323/1/3119
f 2043/1/3117 2042/1/3117 1322/1/3117
f 1322/1/3117 1321/1/3116 2043/1/3117
f 2049/1/3326 2050/1/3327 2051/1/3328
f 2051/1/3328 2052/1/3329 2053/1/3326
f 2049/1/3326 2051/1/3328 2053/1/3326
f 2053/1/3326 2054/1/3330 2055/1/3331
f 2055/1/3331 2056/1/3327 2057/1/3332
f 2053/1/3326 2055/1/3331 2057/1/3332
f 2049/1/3326 2053/1/3326 2057/1/3332
f 2057/1/3332 2058/1/3327 2059/1/3333
f 2059/1/3333 2060/1/3334 2061/1/3327
f 2057/1/3332 2059/1/3333 2061/1/3327
f 2061/1/3327 2062/1/3333 2063/1/3333
f 2063/1/3333 2064/1/3327 2065/1/3335
f 2061/1/3327 2063/1/3333 2065/1/3335
f 2057/1/3332 2061/1/3327 2065/1/3335
f 2065/1/3335 2066/1/3327 2067/1/3329
f 2067/1/3329 2068/1/3327 2069/1/3327
f 2065/1/3335 2067/1/3329 2069/1/3327
f 2069/1/3327 2070/1/3336 2071/1/3327
f 2071/1/3327 2072/1/3327 2073/1/3334
f 2069/1/3327 2071/1/3327 2073/1/3334
f 2065/1/3335 2069/1/3327 2073/1/3334
f 2057/1/3332 2065/1/3335 2073/1/3334
f 2049/1/3326 2057/1/3332 2073/1/3334
f 2074/1/3327 2075/1/3327 2076/1/3337
f 2073/1/3334 2074/1/3327 2076/1/3337
f 2073/1/3334 2076/1/3337 2077/1/3327
f 2049/1/3326 2073/1/3334 2077/1/3327
f 2078/1/3338 2049/1/3326 2077/1/3327
f 2078/1/3338 2077/1/3327 2079/1/3327
f 2078/1/3338 2079/1/3327 2080/1/3327
f 2081/1/3339 2082/1/3340 2083/1/3341
f 2083/1/3341 2084/1/3342 2081/1/3339
f 2067/1/3343 2085/1/3344 2086/1/3343
f 2086/1/3343 2068/1/3345 2067/1/3343
f 2087/1/3346 2049/1/3347 2078/1/3346
f 2078/1/3346 2088/1/3348 2087/1/3346
f 2053/1/3349 2089/1/3350 2090/1/3350
f 2090/1/3350 2054/1/3351 2053/1/3349
f 2066/1/3352 2091/1/3353 2085/1/3354
f 2085/1/3354 2067/1/3353 2066/1/3352
f 2088/1/3355 2078/1/3356 2080/1/3355
f 2080/1/3355 2092/1/3355 2088/1/3355
f 2052/1/3357 2093/1/3358 2089/1/3359
f 2089/1/3359 2053/1/3360 2052/1/3357
f 2065/1/3361 2094/1/3362 2091/1/3361
f 2091/1/3361 2066/1/3363 2065/1/3361
f 2092/1/3364 2080/1/3365 2079/1/3366
f 2079/1/3366 2095/1/3367 2092/1/3364
f 2051/1/3368 2096/1/3369 2093/1/3368
f 2093/1/3368 2052/1/3370 2051/1/3368
f 2064/1/3371 2097/1/3371 2094/1/3371
f 2094/1/3371 2065/1/3371 2064/1/3371
f 2079/1/3372 2077/1/3372 2098/1/3372
f 2098/1/3372 2095/1/3372 2079/1/3372
f 2050/1/3373 2099/1/3374 2096/1/3373
f 2096/1/3373 2051/1/3374 2050/1/3373
f 2063/1/3375 2100/1/3376 2097/1/3377
f 2097/1/3377 2064/1/3378 2063/1/3375
f 2076/1/3379 2101/1/3379 2098/1/3379
f 2098/1/3379 2077/1/3379 2076/1/3379
f 2050/1/3380 2049/1/3380 2087/1/3380
f 2087/1/3380 2099/1/3380 2050/1/3380
f 2062/1/3381 2102/1/3382 2100/1/3381
f 2100/1/3381 2063/1/3383 2062/1/3381
f 2103/1/3384 2101/1/3385 2076/1/3386
f 2076/1/3386 2075/1/3387 2103/1/3384
f 2061/1/3388 2104/1/3389 2102/1/3388
f 2102/1/3388 2062/1/3388 2061/1/3388
f 2074/1/3390 2105/1/3390 2103/1/3390
f 2103/1/3390 2075/1/3390 2074/1/3390
f 2060/1/3391 2106/1/3392 2104/1/3391
f 2104/1/3391 2061/1/3393 2060/1/3391
f 2084/1/3394 2105/1/3395 2074/1/3396
f 2074/1/3396 2073/1/3395 2084/1/3394
f 2059/1/3397 2107/1/3398 2106/1/3399
f 2106/1/3399 2060/1/3399 2059/1/3397
f 2084/1/3400 2073/1/3401 2072/1/3400
f 2072/1/3400 2081/1/3402 2084/1/3400
f 2058/1/3403 2108/1/3404 2107/1/3405
f 2107/1/3405 2059/1/3406 2058/1/3403
f 2072/1/3407 2071/1/3408 2109/1/3408
f 2109/1/3408 2081/1/3408 2072/1/3407
f 2057/1/3409 2110/1/3410 2108/1/3411
f 2108/1/3411 2058/1/3412 2057/1/3409
f 2070/1/3413 2111/1/3414 2109/1/3415
f 2109/1/3415 2071/1/3416 2070/1/3413
f 2056/1/3417 2112/1/3418 2110/1/3419
f 2110/1/3419 2057/1/3420 2056/1/3417
f 2069/1/3421 2113/1/3421 2111/1/3421
f 2111/1/3421 2070/1/3421 2069/1/3421
f 2055/1/3422 2114/1/3423 2112/1/3424
f 2112/1/3424 2056/1/3425 2055/1/3422
f 2068/1/3426 2086/1/3427 2113/1/3426
f 2113/1/3426 2069/1/3426 2068/1/3426
f 2054/1/3428 2090/1/3428 2114/1/3428
f 2114/1/3428 2055/1/3428 2054/1/3428
f 2115/1/3429 2116/1/3429 2117/1/3430
f 2117/1/3430 2118/1/3429 2115/1/3429
f 2108/1/3431 2119/1/3432 2120/1/3433
f 2120/1/3433 2107/1/3434 2108/1/3431
f 2109/1/3435 2121/1/3436 2082/1/3436
f 2082/1/3436 2081/1/3436 2109/1/3435
f 2110/1/3437 2122/1/3438 2119/1/3438
f 2119/1/3438 2108/1/3439 2110/1/3437
f 2111/1/3440 2118/1/3440 2121/1/3440
f 2121/1/3440 2109/1/3440 2111/1/3440
f 2112/1/3441 2123/1/3441 2122/1/3442
f 2122/1/3442 2110/1/3442 2112/1/3441
f 2113/1/3443 2115/1/3444 2118/1/3445
f 2118/1/3445 2111/1/3446 2113/1/3443
f 2114/1/3447 2124/1/3448 2123/1/3449
f 2123/1/3449 2112/1/3448 2114/1/3447
f 2086/1/3450 2125/1/3451 2115/1/3452
f 2115/1/3452 2113/1/3453 2086/1/3450
f 2090/1/3454 2126/1/3455 2124/1/3454
f 2124/1/3454 2114/1/3454 2090/1/3454
f 2085/1/3456 2127/1/3457 2125/1/3458
f 2125/1/3458 2086/1/3459 2085/1/3456
f 2088/1/3460 2128/1/3461 2129/1/3462
f 2129/1/3462 2087/1/3462 2088/1/3460
f 2089/1/3463 2130/1/3464 2126/1/3465
f 2126/1/3465 2090/1/3466 2089/1/3463
f 2091/1/3467 2131/1/3468 2127/1/3467
f 2127/1/3467 2085/1/3469 2091/1/3467
f 2092/1/3470 2132/1/3471 2128/1/3472
f 2128/1/3472 2088/1/3473 2092/1/3470
f 2093/1/3474 2133/1/3475 2130/1/3476
f 2130/1/3476 2089/1/3477 2093/1/3474
f 2094/1/3478 2134/1/3479 2131/1/3480
f 2131/1/3480 2091/1/3481 2094/1/3478
f 2095/1/3482 2135/1/3483 2132/1/3484
f 2132/1/3484 2092/1/3485 2095/1/3482
f 2096/1/3486 2136/1/3486 2133/1/3487
f 2133/1/3487 2093/1/3487 2096/1/3486
f 2097/1/3488 2137/1/3489 2134/1/3490
f 2134/1/3490 2094/1/3491 2097/1/3488
f 2098/1/3492 2138/1/3493 2135/1/3494
f 2135/1/3494 2095/1/3495 2098/1/3492
f 2099/1/3496 2139/1/3497 2136/1/3498
f 2136/1/3498 2096/1/3499 2099/1/3496
f 2100/1/3500 2140/1/3501 2137/1/3502
f 2137/1/3502 2097/1/3503 2100/1/3500
f 2101/1/3504 2141/1/3505 2138/1/3506
f 2138/1/3506 2098/1/3507 2101/1/3504
f 2099/1/3508 2087/1/3509 2129/1/3508
f 2129/1/3508 2139/1/3510 2099/1/3508
f 2102/1/3511 2142/1/3511 2140/1/3511
f 2140/1/3511 2100/1/3512 2102/1/3511
f 2103/1/3513 2143/1/3514 2141/1/3515
f 2141/1/3515 2101/1/3516 2103/1/3513
f 2104/1/3517 2144/1/3518 2142/1/3519
f 2142/1/3519 2102/1/3520 2104/1/3517
f 2105/1/3521 2145/1/3522 2143/1/3522
f 2143/1/3522 2103/1/3522 2105/1/3521
f 2106/1/3523 2146/1/3524 2144/1/3525
f 2144/1/3525 2104/1/3526 2106/1/3523
f 2084/1/3527 2083/1/3528 2145/1/3529
f 2145/1/3529 2105/1/3528 2084/1/3527
f 2107/1/3530 2120/1/3531 2146/1/3532
f 2146/1/3532 2106/1/3533 2107/1/3530
f 2147/1/3534 2148/1/3354 2149/1/3353
f 2149/1/3353 2150/1/3353 2147/1/3534
f 2124/1/3535 2151/1/3536 2152/1/3537
f 2152/1/3537 2123/1/3536 2124/1/3535
f 2125/1/3538 2153/1/3539 2116/1/3540
f 2116/1/3540 2115/1/3540 2125/1/3538
f 2126/1/3541 2154/1/3542 2151/1/3543
f 2151/1/3543 2124/1/3543 2126/1/3541
f 2127/1/3544 2147/1/3545 2153/1/3544
f 2153/1/3544 2125/1/3546 2127/1/3544
f 2128/1/3547 2155/1/3548 2156/1/3549
f 2156/1/3549 2129/1/3550 2128/1/3547
f 2130/1/3551 2157/1/3552 2154/1/3553
f 2154/1/3553 2126/1/3554 2130/1/3551
f 2131/1/3555 2148/1/3556 2147/1/3555
f 2147/1/3555 2127/1/3557 2131/1/3555
f 2132/1/3558 2158/1/3559 2155/1/3560
f 2155/1/3560 2128/1/3561 2132/1/3558
f 2133/1/3562 2159/1/3563 2157/1/3564
f 2157/1/3564 2130/1/3565 2133/1/3562
f 2134/1/3566 2160/1/3567 2148/1/3568
f 2148/1/3568 2131/1/3569 2134/1/3566
f 2135/1/3570 2161/1/3571 2158/1/3570
f 2158/1/3570 2132/1/3572 2135/1/3570
f 2136/1/3573 2162/1/3574 2159/1/3575
f 2159/1/3575 2133/1/3575 2136/1/3573
f 2137/1/3576 2163/1/3577 2160/1/3578
f 2160/1/3578 2134/1/3579 2137/1/3576
f 2138/1/3580 2164/1/3581 2161/1/3582
f 2161/1/3582 2135/1/3583 2138/1/3580
f 2139/1/3584 2165/1/3585 2162/1/3584
f 2162/1/3584 2136/1/3585 2139/1/3584
f 2140/1/3586 2166/1/3587 2163/1/3588
f 2163/1/3588 2137/1/3587 2140/1/3586
f 2141/1/3589 2167/1/3590 2164/1/3590
f 2164/1/3590 2138/1/3591 2141/1/3589
f 2139/1/3592 2129/1/3593 2156/1/3594
f 2156/1/3594 2165/1/3595 2139/1/3592
f 2142/1/3596 2168/1/3596 2166/1/3596
f 2166/1/3596 2140/1/3596 2142/1/3596
f 2143/1/3597 2169/1/3597 2167/1/3597
f 2167/1/3597 2141/1/3598 2143/1/3597
f 2144/1/3599 2170/1/3600 2168/1/3601
f 2168/1/3601 2142/1/3600 2144/1/3599
f 2145/1/3602 2171/1/3603 2169/1/3604
f 2169/1/3604 2143/1/3604 2145/1/3602
f 2146/1/3605 2172/1/3606 2170/1/3606
f 2170/1/3606 2144/1/3607 2146/1/3605
f 2083/1/3608 2173/1/3609 2171/1/3609
f 2171/1/3609 2145/1/3610 2083/1/3608
f 2120/1/3611 2174/1/3612 2172/1/3613
f 2172/1/3613 2146/1/3614 2120/1/3611
f 2082/1/3615 2175/1/3616 2173/1/3616
f 2173/1/3616 2083/1/3616 2082/1/3615
f 2119/1/3617 2176/1/3617 2174/1/3617
f 2174/1/3617 2120/1/3617 2119/1/3617
f 2121/1/3618 2177/1/3619 2175/1/3620
f 2175/1/3620 2082/1/3621 2121/1/3618
f 2122/1/3622 2178/1/3623 2176/1/3624
f 2176/1/3624 2119/1/3624 2122/1/3622
f 2118/1/3625 2117/1/3626 2177/1/3625
f 2177/1/3625 2121/1/3625 2118/1/3625
f 2123/1/3627 2152/1/3627 2178/1/3627
f 2178/1/3627 2122/1/3628 2123/1/3627
f 2179/1/3629 2180/1/3630 2181/1/3631
f 2181/1/3631 2182/1/3632 2179/1/3629
f 2158/1/3355 2183/1/3355 2184/1/3356
f 2184/1/3356 2155/1/3356 2158/1/3355
f 2185/1/3633 2186/1/3634 2157/1/3635
f 2157/1/3635 2159/1/3636 2185/1/3633
f 2148/1/3637 2160/1/3638 2187/1/3639
f 2187/1/3639 2149/1/3640 2148/1/3637
f 2161/1/3641 2188/1/3367 2183/1/3642
f 2183/1/3642 2158/1/3643 2161/1/3641
f 2159/1/3644 2162/1/3645 2189/1/3646
f 2189/1/3646 2185/1/3647 2159/1/3644
f 2160/1/3648 2163/1/3649 2182/1/3648
f 2182/1/3648 2187/1/3650 2160/1/3648
f 2164/1/3651 2190/1/3652 2188/1/3653
f 2188/1/3653 2161/1/3651 2164/1/3651
f 2162/1/3373 2165/1/3374 2191/1/3654
f 2191/1/3654 2189/1/3373 2162/1/3373
f 2163/1/3375 2166/1/3376 2179/1/3655
f 2179/1/3655 2182/1/3375 2163/1/3375
f 2167/1/3656 2192/1/3657 2190/1/3658
f 2190/1/3658 2164/1/3659 2167/1/3656
f 2191/1/3660 2165/1/3661 2156/1/3662
f 2156/1/3662 2193/1/3663 2191/1/3660
f 2166/1/3664 2168/1/3665 2194/1/3664
f 2194/1/3664 2179/1/3666 2166/1/3664
f 2169/1/3667 2195/1/3668 2192/1/3667
f 2192/1/3667 2167/1/3669 2169/1/3667
f 2196/1/3388 2194/1/3670 2168/1/3670
f 2168/1/3670 2170/1/3388 2196/1/3388
f 2171/1/3671 2197/1/3672 2195/1/3673
f 2195/1/3673 2169/1/3674 2171/1/3671
f 2170/1/3675 2172/1/3676 2198/1/3675
f 2198/1/3675 2196/1/3677 2170/1/3675
f 2171/1/3396 2173/1/3396 2199/1/3396
f 2199/1/3396 2197/1/3396 2171/1/3396
f 2172/1/3678 2174/1/3679 2200/1/3678
f 2200/1/3678 2198/1/3680 2172/1/3678
f 2173/1/3402 2175/1/3402 2201/1/3402
f 2201/1/3402 2199/1/3402 2173/1/3402
f 2202/1/3681 2200/1/3681 2174/1/3682
f 2174/1/3682 2176/1/3683 2202/1/3681
f 2201/1/3684 2175/1/3685 2177/1/3686
f 2177/1/3686 2203/1/3687 2201/1/3684
f 2176/1/3410 2178/1/3410 2204/1/3410
f 2204/1/3410 2202/1/3410 2176/1/3410
f 2177/1/3688 2117/1/3689 2205/1/3688
f 2205/1/3688 2203/1/3690 2177/1/3688
f 2178/1/3420 2152/1/3420 2206/1/3420
f 2206/1/3420 2204/1/3420 2178/1/3420
f 2205/1/3691 2117/1/3692 2116/1/3693
f 2116/1/3693 2207/1/3694 2205/1/3691
f 2208/1/3695 2206/1/3696 2152/1/3697
f 2152/1/3697 2151/1/3698 2208/1/3695
f 2207/1/3699 2116/1/3427 2153/1/3427
f 2153/1/3427 2209/1/3427 2207/1/3699
f 2151/1/3700 2154/1/3701 2210/1/3702
f 2210/1/3702 2208/1/3703 2151/1/3700
f 2150/1/3704 2209/1/3705 2153/1/3706
f 2153/1/3706 2147/1/3707 2150/1/3704
f 2155/1/3708 2184/1/3708 2193/1/3708
f 2193/1/3708 2156/1/3346 2155/1/3708
f 2154/1/3709 2157/1/3710 2186/1/3711
f 2186/1/3711 2210/1/3350 2154/1/3709
f 2211/1/3712 2212/1/3713 2213/1/3713
f 2213/1/3713 2214/1/3714 2211/1/3712
f 2192/1/3715 2215/1/3716 2216/1/3717
f 2216/1/3717 2190/1/3718 2192/1/3715
f 2217/1/3719 2191/1/3719 2193/1/3719
f 2193/1/3719 2218/1/3720 2217/1/3719
f 2180/1/3721 2179/1/3722 2194/1/3722
f 2194/1/3722 2219/1/3721 2180/1/3721
f 2220/1/3723 2215/1/3724 2192/1/3725
f 2192/1/3725 2195/1/3726 2220/1/3723
f 2196/1/3727 2214/1/3728 2219/1/3729
f 2219/1/3729 2194/1/3730 2196/1/3727
f 2197/1/3731 2221/1/3732 2220/1/3733
f 2220/1/3733 2195/1/3732 2197/1/3731
f 2198/1/3734 2211/1/3735 2214/1/3736
f 2214/1/3736 2196/1/3737 2198/1/3734
f 2199/1/3738 2222/1/3738 2221/1/3738
f 2221/1/3738 2197/1/3739 2199/1/3738
f 2223/1/3740 2211/1/3741 2198/1/3742
f 2198/1/3742 2200/1/3741 2223/1/3740
f 2201/1/3743 2224/1/3744 2222/1/3745
f 2222/1/3745 2199/1/3746 2201/1/3743
f 2202/1/3747 2225/1/3748 2223/1/3747
f 2223/1/3747 2200/1/3749 2202/1/3747
f 2226/1/3750 2224/1/3751 2201/1/3752
f 2201/1/3752 2203/1/3753 2226/1/3750
f 2204/1/3754 2227/1/3755 2225/1/3754
f 2225/1/3754 2202/1/3756 2204/1/3754
f 2205/1/3757 2228/1/3758 2226/1/3759
f 2226/1/3759 2203/1/3760 2205/1/3757
f 2229/1/3761 2227/1/3762 2204/1/3763
f 2204/1/3763 2206/1/3761 2229/1/3761
f 2207/1/3764 2230/1/3765 2228/1/3766
f 2228/1/3766 2205/1/3767 2207/1/3764
f 2208/1/3768 2231/1/3769 2229/1/3770
f 2229/1/3770 2206/1/3771 2208/1/3768
f 2232/1/3772 2230/1/3773 2207/1/3774
f 2207/1/3774 2209/1/3774 2232/1/3772
f 2210/1/3775 2233/1/3776 2231/1/3777
f 2231/1/3777 2208/1/3778 2210/1/3775
f 2150/1/3779 2234/1/3780 2232/1/3781
f 2232/1/3781 2209/1/3782 2150/1/3779
f 2184/1/3783 2235/1/3784 2218/1/3785
f 2218/1/3785 2193/1/3786 2184/1/3783
f 2233/1/3787 2210/1/3788 2186/1/3789
f 2186/1/3789 2236/1/3790 2233/1/3787
f 2149/1/3791 2237/1/3792 2234/1/3793
f 2234/1/3793 2150/1/3794 2149/1/3791
f 2183/1/3795 2238/1/3796 2235/1/3797
f 2235/1/3797 2184/1/3798 2183/1/3795
f 2185/1/3799 2239/1/3800 2236/1/3801
f 2236/1/3801 2186/1/3802 2185/1/3799
f 2240/1/3803 2237/1/3803 2149/1/3803
f 2149/1/3803 2187/1/3803 2240/1/3803
f 2241/1/3804 2238/1/3805 2183/1/3806
f 2183/1/3806 2188/1/3807 2241/1/3804
f 2189/1/3808 2242/1/3809 2239/1/3809
f 2239/1/3809 2185/1/3808 2189/1/3808
f 2182/1/3810 2181/1/3811 2240/1/3810
f 2240/1/3810 2187/1/3812 2182/1/3810
f 2190/1/3813 2216/1/3814 2241/1/3815
f 2241/1/3815 2188/1/3815 2190/1/3813
f 2217/1/3816 2242/1/3817 2189/1/3818
f 2189/1/3818 2191/1/3819 2217/1/3816
f 2243/1/3820 2244/1/3410 2245/1/3820
f 2245/1/3820 2246/1/3821 2243/1/3820
f 2247/1/3822 2221/1/3823 2222/1/3824
f 2222/1/3824 2248/1/3825 2247/1/3822
f 2223/1/3826 2249/1/3827 2212/1/3828
f 2212/1/3828 2211/1/3828 2223/1/3826
f 2224/1/3829 2250/1/3830 2248/1/3831
f 2248/1/3831 2222/1/3832 2224/1/3829
f 2249/1/3833 2223/1/3834 2225/1/3835
f 2225/1/3835 2245/1/3836 2249/1/3833
f 2226/1/3837 2251/1/3838 2250/1/3837
f 2250/1/3837 2224/1/3837 2226/1/3837
f 2227/1/3839 2246/1/3840 2245/1/3841
f 2245/1/3841 2225/1/3841 2227/1/3839
f 2252/1/3842 2251/1/3843 2226/1/3843
f 2226/1/3843 2228/1/3844 2252/1/3842
f 2229/1/3845 2253/1/3846 2246/1/3847
f 2246/1/3847 2227/1/3848 2229/1/3845
f 2230/1/3849 2254/1/3850 2252/1/3849
f 2252/1/3849 2228/1/3851 2230/1/3849
f 2253/1/3852 2229/1/3853 2231/1/3854
f 2231/1/3854 2255/1/3855 2253/1/3852
f 2232/1/3856 2256/1/3857 2254/1/3858
f 2254/1/3858 2230/1/3859 2232/1/3856
f 2233/1/3860 2257/1/3861 2255/1/3862
f 2255/1/3862 2231/1/3863 2233/1/3860
f 2258/1/3864 2256/1/3865 2232/1/3866
f 2232/1/3866 2234/1/3865 2258/1/3864
f 2218/1/3867 2235/1/3868 2259/1/3869
f 2259/1/3869 2260/1/3870 2218/1/3867
f 2236/1/3871 2261/1/3872 2257/1/3873
f 2257/1/3873 2233/1/3874 2236/1/3871
f 2237/1/3875 2262/1/3876 2258/1/3877
f 2258/1/3877 2234/1/3878 2237/1/3875
f 2238/1/3879 2263/1/3880 2259/1/3881
f 2259/1/3881 2235/1/3882 2238/1/3879
f 2264/1/3883 2261/1/3884 2236/1/3885
f 2236/1/3885 2239/1/3886 2264/1/3883
f 2240/1/3887 2265/1/3888 2262/1/3888
f 2262/1/3888 2237/1/3888 2240/1/3887
f 2241/1/3889 2266/1/3890 2263/1/3891
f 2263/1/3891 2238/1/3892 2241/1/3889
f 2242/1/3893 2267/1/3894 2264/1/3895
f 2264/1/3895 2239/1/3896 2242/1/3893
f 2265/1/3897 2240/1/3898 2181/1/3899
f 2181/1/3899 2268/1/3898 2265/1/3897
f 2216/1/3900 2269/1/3901 2266/1/3902
f 2266/1/3902 2241/1/3903 2216/1/3900
f 2217/1/3904 2270/1/3904 2267/1/3905
f 2267/1/3905 2242/1/3905 2217/1/3904
f 2180/1/3906 2271/1/3907 2268/1/3908
f 2268/1/3908 2181/1/3909 2180/1/3906
f 2269/1/3910 2216/1/3911 2215/1/3910
f 2215/1/3910 2272/1/3912 2269/1/3910
f 2260/1/3913 2270/1/3914 2217/1/3915
f 2217/1/3915 2218/1/3916 2260/1/3913
f 2219/1/3917 2273/1/3918 2271/1/3919
f 2271/1/3919 2180/1/3920 2219/1/3917
f 2220/1/3921 2274/1/3922 2272/1/3923
f 2272/1/3923 2215/1/3922 2220/1/3921
f 2273/1/3924 2219/1/3925 2214/1/3926
f 2214/1/3926 2213/1/3927 2273/1/3924
f 2221/1/3928 2247/1/3929 2274/1/3929
f 2274/1/3929 2220/1/3929 2221/1/3928
f 2275/1/3930 2276/1/3930 2277/1/3931
f 2277/1/3931 2278/1/3930 2275/1/3930
f 2252/1/3932 2279/1/3933 2280/1/3934
f 2280/1/3934 2251/1/3935 2252/1/3932
f 2253/1/3936 2281/1/3937 2243/1/3938
f 2243/1/3938 2246/1/3939 2253/1/3936
f 2282/1/3940 2279/1/3941 2252/1/3942
f 2252/1/3942 2254/1/3943 2282/1/3940
f 2255/1/3944 2278/1/3945 2281/1/3945
f 2281/1/3945 2253/1/3698 2255/1/3944
f 2256/1/3427 2283/1/3427 2282/1/3427
f 2282/1/3427 2254/1/3427 2256/1/3427
f 2275/1/3946 2278/1/3700 2255/1/3947
f 2255/1/3947 2257/1/3948 2275/1/3946
f 2258/1/3949 2284/1/3950 2283/1/3951
f 2283/1/3951 2256/1/3952 2258/1/3949
f 2260/1/3346 2259/1/3346 2285/1/3346
f 2285/1/3346 2286/1/3953 2260/1/3346
f 2261/1/3954 2287/1/3955 2275/1/3954
f 2275/1/3954 2257/1/3956 2261/1/3954
f 2288/1/3957 2284/1/3957 2258/1/3957
f 2258/1/3957 2262/1/3957 2288/1/3957
f 2285/1/3958 2259/1/3958 2263/1/3958
f 2263/1/3958 2289/1/3958 2285/1/3958
f 2264/1/3959 2290/1/3960 2287/1/3961
f 2287/1/3961 2261/1/3962 2264/1/3959
f 2265/1/3963 2291/1/3964 2288/1/3637
f 2288/1/3637 2262/1/3963 2265/1/3963
f 2289/1/3965 2263/1/3367 2266/1/3966
f 2266/1/3966 2292/1/3967 2289/1/3965
f 2293/1/3968 2290/1/3968 2264/1/3968
f 2264/1/3968 2267/1/3969 2293/1/3968
f 2268/1/3970 2294/1/3971 2291/1/3371
f 2291/1/3371 2265/1/3970 2268/1/3970
f 2269/1/3652 2295/1/3652 2292/1/3652
f 2292/1/3652 2266/1/3972 2269/1/3652
f 2270/1/3973 2296/1/3973 2293/1/3974
f 2293/1/3974 2267/1/3973 2270/1/3973
f 2297/1/3975 2294/1/3375 2268/1/3975
f 2268/1/3975 2271/1/3975 2297/1/3975
f 2272/1/3976 2298/1/3977 2295/1/3978
f 2295/1/3978 2269/1/3656 2272/1/3976
f 2286/1/3979 2296/1/3980 2270/1/3979
f 2270/1/3979 2260/1/3979 2286/1/3979
f 2273/1/3981 2299/1/3982 2297/1/3983
f 2297/1/3983 2271/1/3984 2273/1/3981
f 2298/1/3985 2272/1/3668 2274/1/3985
f 2274/1/3985 2300/1/3986 2298/1/3985
f 2213/1/3987 2301/1/3988 2299/1/3989
f 2299/1/3989 2273/1/3990 2213/1/3987
f 2247/1/3991 2302/1/3991 2300/1/3991
f 2300/1/3991 2274/1/3991 2247/1/3991
f 2303/1/3391 2301/1/3992 2213/1/3391
f 2213/1/3391 2212/1/3993 2303/1/3391
f 2248/1/3994 2304/1/3995 2302/1/3996
f 2302/1/3996 2247/1/3997 2248/1/3994
f 2249/1/3998 2305/1/3999 2303/1/3998
f 2303/1/3998 2212/1/4000 2249/1/3998
f 2306/1/4001 2304/1/4002 2248/1/4003
f 2248/1/4003 2250/1/4001 2306/1/4001
f 2245/1/3681 2244/1/3681 2305/1/4004
f 2305/1/4004 2249/1/3681 2245/1/3681
f 2251/1/3407 2280/1/4005 2306/1/4005
f 2306/1/4005 2250/1/3407 2251/1/3407
f 2307/1/4006 2308/1/4007 2309/1/4008
f 2309/1/4008 2310/1/4009 2307/1/4006
f 2284/1/4010 2311/1/4010 2312/1/4011
f 2312/1/4011 2283/1/4010 2284/1/4010
f 2313/1/4012 2314/1/4013 2286/1/4014
f 2286/1/4014 2285/1/4013 2313/1/4012
f 2315/1/4015 2276/1/4016 2275/1/4017
f 2275/1/4017 2287/1/4016 2315/1/4015
f 2288/1/4018 2316/1/4018 2311/1/4019
f 2311/1/4019 2284/1/4018 2288/1/4018
f 2289/1/4020 2317/1/4021 2313/1/4021
f 2313/1/4021 2285/1/4021 2289/1/4020
f 2290/1/4022 2318/1/4022 2315/1/4023
f 2315/1/4023 2287/1/4022 2290/1/4022
f 2319/1/4024 2316/1/4025 2288/1/4025
f 2288/1/4025 2291/1/4025 2319/1/4024
f 2292/1/4026 2320/1/4026 2317/1/4027
f 2317/1/4027 2289/1/4026 2292/1/4026
f 2293/1/4028 2321/1/4029 2318/1/4029
f 2318/1/4029 2290/1/4029 2293/1/4028
f 2294/1/4030 2322/1/4030 2319/1/4031
f 2319/1/4031 2291/1/4030 2294/1/4030
f 2323/1/4032 2320/1/4032 2292/1/4033
f 2292/1/4033 2295/1/4032 2323/1/4032
f 2321/1/4034 2293/1/4035 2296/1/4036
f 2296/1/4036 2324/1/4035 2321/1/4034
f 2297/1/4037 2325/1/4038 2322/1/4039
f 2322/1/4039 2294/1/4038 2297/1/4037
f 2298/1/4040 2326/1/4041 2323/1/4042
f 2323/1/4042 2295/1/4041 2298/1/4040
f 2314/1/4043 2324/1/4044 2296/1/4044
f 2296/1/4044 2286/1/4044 2314/1/4043
f 2325/1/4045 2297/1/4045 2299/1/4045
f 2299/1/4045 2327/1/4045 2325/1/4045
f 2300/1/4046 2328/1/4047 2326/1/4047
f 2326/1/4047 2298/1/4047 2300/1/4046
f 2301/1/4048 2329/1/4048 2327/1/4049
f 2327/1/4049 2299/1/4048 2301/1/4048
f 2330/1/4050 2328/1/4050 2300/1/4050
f 2300/1/4050 2302/1/4050 2330/1/4050
f 2303/1/4051 2331/1/4052 2329/1/4052
f 2329/1/4052 2301/1/4052 2303/1/4051
f 2304/1/4053 2332/1/4053 2330/1/4054
f 2330/1/4054 2302/1/4053 2304/1/4053
f 2309/1/4055 2331/1/4056 2303/1/4057
f 2303/1/4057 2305/1/4056 2309/1/4055
f 2306/1/4058 2333/1/4058 2332/1/4059
f 2332/1/4059 2304/1/4058 2306/1/4058
f 2244/1/4060 2310/1/4061 2309/1/4062
f 2309/1/4062 2305/1/4061 2244/1/4060
f 2333/1/4063 2306/1/4063 2280/1/4064
f 2280/1/4064 2334/1/4063 2333/1/4063
f 2243/1/4065 2335/1/4066 2310/1/4067
f 2310/1/4067 2244/1/4068 2243/1/4065
f 2279/1/4069 2336/1/4069 2334/1/4069
f 2334/1/4069 2280/1/4069 2279/1/4069
f 2335/1/4070 2243/1/4071 2281/1/4072
f 2281/1/4072 2337/1/4073 2335/1/4070
f 2282/1/4074 2338/1/4075 2336/1/4075
f 2336/1/4075 2279/1/4075 2282/1/4074
f 2278/1/4076 2277/1/4077 2337/1/4078
f 2337/1/4078 2281/1/4077 2278/1/4076
f 2312/1/4079 2338/1/4080 2282/1/4080
f 2282/1/4080 2283/1/4080 2312/1/4079
f 2339/1/4081 2340/1/4082 2341/1/4083
f 2341/1/4083 2342/1/4084 2339/1/4081
f 2334/1/4085 2343/1/4086 2344/1/4087
f 2344/1/4087 2333/1/4087 2334/1/4085
f 2335/1/4088 2345/1/4089 2307/1/4090
f 2307/1/4090 2310/1/4089 2335/1/4088
f 2346/1/4091 2343/1/4092 2334/1/4093
f 2334/1/4093 2336/1/4094 2346/1/4091
f 2337/1/4095 2342/1/4096 2345/1/4096
f 2345/1/4096 2335/1/4097 2337/1/4095
f 2338/1/4098 2347/1/4099 2346/1/4100
f 2346/1/4100 2336/1/4101 2338/1/4098
f 2342/1/4102 2337/1/4103 2277/1/4104
f 2277/1/4104 2339/1/4105 2342/1/4102
f 2312/1/4106 2348/1/4107 2347/1/4108
f 2347/1/4108 2338/1/4109 2312/1/4106
f 2276/1/4110 2349/1/4110 2339/1/4110
f 2339/1/4110 2277/1/4110 2276/1/4110
f 2348/1/4111 2312/1/4112 2311/1/4113
f 2311/1/4113 2350/1/4114 2348/1/4111
f 2314/1/4115 2313/1/4116 2351/1/4117
f 2351/1/4117 2352/1/4118 2314/1/4115
f 2315/1/4119 2353/1/4120 2349/1/4121
f 2349/1/4121 2276/1/4122 2315/1/4119
f 2316/1/4123 2354/1/4124 2350/1/4125
f 2350/1/4125 2311/1/4126 2316/1/4123
f 2317/1/4127 2355/1/4128 2351/1/4127
f 2351/1/4127 2313/1/4129 2317/1/4127
f 2356/1/4130 2353/1/4131 2315/1/4132
f 2315/1/4132 2318/1/4133 2356/1/4130
f 2319/1/4134 2357/1/4135 2354/1/4136
f 2354/1/4136 2316/1/4137 2319/1/4134
f 2320/1/4138 2358/1/4139 2355/1/4140
f 2355/1/4140 2317/1/4141 2320/1/4138
f 2321/1/4142 2359/1/4143 2356/1/4142
f 2356/1/4142 2318/1/4144 2321/1/4142
f 2360/1/4145 2357/1/4146 2319/1/4147
f 2319/1/4147 2322/1/4148 2360/1/4145
f 2323/1/4149 2361/1/4150 2358/1/4151
f 2358/1/4151 2320/1/4152 2323/1/4149
f 2324/1/4153 2362/1/4154 2359/1/4155
f 2359/1/4155 2321/1/4156 2324/1/4153
f 2325/1/4157 2363/1/4158 2360/1/4159
f 2360/1/4159 2322/1/4160 2325/1/4157
f 2361/1/4161 2323/1/4162 2326/1/4163
f 2326/1/4163 2364/1/4162 2361/1/4161
f 2352/1/4164 2362/1/4165 2324/1/4166
f 2324/1/4166 2314/1/4165 2352/1/4164
f 2327/1/4167 2365/1/4168 2363/1/4169
f 2363/1/4169 2325/1/4167 2327/1/4167
f 2328/1/4170 2366/1/4171 2364/1/4172
f 2364/1/4172 2326/1/4171 2328/1/4170
f 2365/1/4173 2327/1/4174 2329/1/4175
f 2329/1/4175 2367/1/4176 2365/1/4173
f 2330/1/4177 2368/1/4178 2366/1/4178
f 2366/1/4178 2328/1/4177 2330/1/4177
f 2331/1/4179 2369/1/4180 2367/1/4181
f 2367/1/4181 2329/1/4182 2331/1/4179
f 2370/1/4183 2368/1/4184 2330/1/4183
f 2330/1/4183 2332/1/4185 2370/1/4183
f 2309/1/4186 2308/1/4186 2369/1/4186
f 2369/1/4186 2331/1/4187 2309/1/4186
f 2333/1/4188 2344/1/4189 2370/1/4190
f 2370/1/4190 2332/1/4189 2333/1/4188
f 2371/1/4191 2372/1/4192 2373/1/4193
f 2373/1/4193 2374/1/4192 2371/1/4191
f 2348/1/4194 2375/1/4195 2376/1/4194
f 2376/1/4194 2347/1/4196 2348/1/4194
f 2339/1/4197 2349/1/4198 2377/1/4197
f 2377/1/4197 2340/1/4199 2339/1/4197
f 2350/1/4200 2378/1/4201 2375/1/4200
f 2375/1/4200 2348/1/4201 2350/1/4200
f 2352/1/4202 2351/1/4203 2379/1/4202
f 2379/1/4202 2380/1/4204 2352/1/4202
f 2377/1/4205 2349/1/4206 2353/1/4207
f 2353/1/4207 2372/1/4208 2377/1/4205
f 2350/1/4209 2354/1/4210 2381/1/4210
f 2381/1/4210 2378/1/4210 2350/1/4209
f 2379/1/4211 2351/1/4212 2355/1/4211
f 2355/1/4211 2382/1/4213 2379/1/4211
f 2356/1/4214 2373/1/4215 2372/1/4215
f 2372/1/4215 2353/1/4214 2356/1/4214
f 2381/1/4216 2354/1/4217 2357/1/4216
f 2357/1/4216 2383/1/4218 2381/1/4216
f 2382/1/4219 2355/1/4219 2358/1/4219
f 2358/1/4219 2384/1/4220 2382/1/4219
f 2356/1/4221 2359/1/4222 2385/1/4221
f 2385/1/4221 2373/1/4223 2356/1/4221
f 2360/1/4224 2386/1/4225 2383/1/4224
f 2383/1/4224 2357/1/4226 2360/1/4224
f 2361/1/4227 2387/1/4228 2384/1/4228
f 2384/1/4228 2358/1/4228 2361/1/4227
f 2385/1/4229 2359/1/4230 2362/1/4231
f 2362/1/4231 2388/1/4232 2385/1/4229
f 2360/1/4233 2363/1/4234 2389/1/4235
f 2389/1/4235 2386/1/4236 2360/1/4233
f 2364/1/4237 2390/1/4238 2387/1/4237
f 2387/1/4237 2361/1/4239 2364/1/4237
f 2362/1/4240 2352/1/4241 2380/1/4240
f 2380/1/4240 2388/1/4242 2362/1/4240
f 2389/1/4243 2363/1/4244 2365/1/4245
f 2365/1/4245 2391/1/4246 2389/1/4243
f 2390/1/4247 2364/1/4248 2366/1/4249
f 2366/1/4249 2392/1/4250 2390/1/4247
f 2367/1/4251 2393/1/4252 2391/1/4251
f 2391/1/4251 2365/1/4253 2367/1/4251
f 2368/1/4254 2394/1/4255 2392/1/4254
f 2392/1/4254 2366/1/4256 2368/1/4254
f 2367/1/4257 2369/1/4258 2395/1/4259
f 2395/1/4259 2393/1/4260 2367/1/4257
f 2370/1/4261 2396/1/4262 2394/1/4261
f 2394/1/4261 2368/1/4263 2370/1/4261
f 2395/1/4264 2369/1/4265 2308/1/4264
f 2308/1/4264 2397/1/4266 2395/1/4264
f 2370/1/4267 2344/1/4268 2398/1/4267
f 2398/1/4267 2396/1/4269 2370/1/4267
f 2307/1/4270 2399/1/4271 2397/1/4270
f 2397/1/4270 2308/1/4272 2307/1/4270
f 2398/1/4273 2344/1/4274 2343/1/4273
f 2343/1/4273 2400/1/4275 2398/1/4273
f 2307/1/4276 2345/1/4277 2401/1/4276
f 2401/1/4276 2399/1/4278 2307/1/4276
f 2402/1/4279 2400/1/4280 2343/1/4281
f 2343/1/4281 2346/1/4282 2402/1/4279
f 2401/1/4283 2345/1/4284 2342/1/4285
f 2342/1/4285 2341/1/4286 2401/1/4283
f 2402/1/4287 2346/1/4288 2347/1/4289
f 2347/1/4289 2376/1/4290 2402/1/4287
f 2403/1/4291 2404/1/4292 2405/1/4293
f 2405/1/4293 2406/1/4291 2403/1/4291
f 2383/1/4294 2407/1/4295 2408/1/4296
f 2408/1/4296 2381/1/4295 2383/1/4294
f 2384/1/4297 2409/1/4297 2410/1/4297
f 2410/1/4297 2382/1/4297 2384/1/4297
f 2385/1/4298 2411/1/4299 2374/1/4300
f 2374/1/4300 2373/1/4299 2385/1/4298
f 2407/1/4301 2383/1/4301 2386/1/4302
f 2386/1/4302 2412/1/4301 2407/1/4301
f 2384/1/4303 2387/1/4303 2413/1/4303
f 2413/1/4303 2409/1/4303 2384/1/4303
f 2388/1/4304 2405/1/4305 2411/1/4306
f 2411/1/4306 2385/1/4305 2388/1/4304
f 2389/1/4307 2414/1/4307 2412/1/4308
f 2412/1/4308 2386/1/4307 2389/1/4307
f 2413/1/4309 2387/1/4310 2390/1/4310
f 2390/1/4310 2415/1/4310 2413/1/4309
f 2406/1/4311 2405/1/4311 2388/1/4311
f 2388/1/4311 2380/1/4311 2406/1/4311
f 2391/1/4312 2416/1/4313 2414/1/4314
f 2414/1/4314 2389/1/4313 2391/1/4312
f 2392/1/4315 2417/1/4315 2415/1/4315
f 2415/1/4315 2390/1/4315 2392/1/4315
f 2416/1/4316 2391/1/4317 2393/1/4318
f 2393/1/4318 2418/1/4317 2416/1/4316
f 2392/1/4319 2394/1/4319 2419/1/4319
f 2419/1/4319 2417/1/4319 2392/1/4319
f 2395/1/4320 2420/1/4320 2418/1/4320
f 2418/1/4320 2393/1/4321 2395/1/4320
f 2419/1/4322 2394/1/4323 2396/1/4324
f 2396/1/4324 2421/1/4323 2419/1/4322
f 2397/1/4325 2422/1/4326 2420/1/4327
f 2420/1/4327 2395/1/4326 2397/1/4325
f 2398/1/4328 2423/1/4329 2421/1/4330
f 2421/1/4330 2396/1/4328 2398/1/4328
f 2422/1/4331 2397/1/4332 2399/1/4333
f 2399/1/4333 2424/1/4332 2422/1/4331
f 2400/1/4334 2425/1/4334 2423/1/4334
f 2423/1/4334 2398/1/4334 2400/1/4334
f 2401/1/4335 2426/1/4336 2424/1/4337
f 2424/1/4337 2399/1/4336 2401/1/4335
f 2400/1/4338 2402/1/4338 2427/1/4338
f 2427/1/4338 2425/1/4338 2400/1/4338
f 2341/1/4339 2428/1/4340 2426/1/4341
f 2426/1/4341 2401/1/4340 2341/1/4339
f 2429/1/4342 2427/1/4343 2402/1/4343
f 2402/1/4343 2376/1/4343 2429/1/4342
f 2428/1/4344 2341/1/4345 2340/1/4344
f 2340/1/4344 2430/1/4345 2428/1/4344
f 2429/1/4346 2376/1/4346 2375/1/4346
f 2375/1/4346 2431/1/4346 2429/1/4346
f 2377/1/4347 2432/1/4348 2430/1/4349
f 2430/1/4349 2340/1/4348 2377/1/4347
f 2431/1/4350 2375/1/4351 2378/1/4351
f 2378/1/4351 2433/1/4351 2431/1/4350
f 2379/1/4352 2434/1/4353 2406/1/4354
f 2406/1/4354 2380/1/4353 2379/1/4352
f 2372/1/4355 2371/1/4356 2432/1/4357
f 2432/1/4357 2377/1/4356 2372/1/4355
f 2381/1/4358 2408/1/4358 2433/1/4358
f 2433/1/4358 2378/1/4358 2381/1/4358
f 2434/1/4359 2379/1/4359 2382/1/4360
f 2382/1/4360 2410/1/4360 2434/1/4359
f 2435/1/4361 2436/1/4362 2437/1/4363
f 2437/1/4363 2438/1/4364 2435/1/4361
f 2416/1/4365 2439/1/4366 2440/1/4366
f 2440/1/4366 2414/1/4366 2416/1/4365
f 2441/1/4367 2415/1/4368 2417/1/4369
f 2417/1/4369 2442/1/4370 2441/1/4367
f 2418/1/4371 2443/1/4372 2439/1/4373
f 2439/1/4373 2416/1/4374 2418/1/4371
f 2419/1/4375 2444/1/4376 2442/1/4377
f 2442/1/4377 2417/1/4378 2419/1/4375
f 2443/1/4379 2418/1/4379 2420/1/4380
f 2420/1/4380 2438/1/4381 2443/1/4379
f 2421/1/4382 2445/1/4383 2444/1/4384
f 2444/1/4384 2419/1/4385 2421/1/4382
f 2422/1/4386 2435/1/4387 2438/1/4387
f 2438/1/4387 2420/1/4387 2422/1/4386
f 2445/1/4388 2421/1/4389 2423/1/4390
f 2423/1/4390 2446/1/4389 2445/1/4388
f 2424/1/4391 2447/1/4392 2435/1/4391
f 2435/1/4391 2422/1/4393 2424/1/4391
f 2425/1/4394 2448/1/4395 2446/1/4394
f 2446/1/4394 2423/1/4394 2425/1/4394
f 2447/1/4396 2424/1/4397 2426/1/4398
f 2426/1/4398 2449/1/4396 2447/1/4396
f 2427/1/4399 2450/1/4400 2448/1/4401
f 2448/1/4401 2425/1/4402 2427/1/4399
f 2428/1/4403 2451/1/4404 2449/1/4405
f 2449/1/4405 2426/1/4406 2428/1/4403
f 2450/1/4407 2427/1/4408 2429/1/4409
f 2429/1/4409 2452/1/4410 2450/1/4407
f 2430/1/4411 2453/1/4412 2451/1/4413
f 2451/1/4413 2428/1/4414 2430/1/4411
f 2431/1/4415 2454/1/4416 2452/1/4417
f 2452/1/4417 2429/1/4418 2431/1/4415
f 2453/1/4419 2430/1/4420 2432/1/4421
f 2432/1/4421 2455/1/4422 2453/1/4419
f 2433/1/4423 2456/1/4424 2454/1/4425
f 2454/1/4425 2431/1/4424 2433/1/4423
f 2406/1/4426 2434/1/4427 2457/1/4428
f 2457/1/4428 2403/1/4427 2406/1/4426
f 2371/1/4429 2458/1/4429 2455/1/4430
f 2455/1/4430 2432/1/4431 2371/1/4429
f 2456/1/4432 2433/1/4433 2408/1/4434
f 2408/1/4434 2459/1/4435 2456/1/4432
f 2410/1/4436 2460/1/4437 2457/1/4438
f 2457/1/4438 2434/1/4439 2410/1/4436
f 2374/1/4440 2461/1/4441 2458/1/4442
f 2458/1/4442 2371/1/4443 2374/1/4440
f 2407/1/4444 2462/1/4444 2459/1/4445
f 2459/1/4445 2408/1/4444 2407/1/4444
f 2460/1/4446 2410/1/4447 2409/1/4448
f 2409/1/4448 2463/1/4449 2460/1/4446
f 2461/1/4450 2374/1/4450 2411/1/4451
f 2411/1/4451 2464/1/4450 2461/1/4450
f 2412/1/4452 2465/1/4453 2462/1/4454
f 2462/1/4454 2407/1/4454 2412/1/4452
f 2413/1/4455 2466/1/4455 2463/1/4455
f 2463/1/4455 2409/1/4456 2413/1/4455
f 2405/1/4457 2404/1/4457 2464/1/4458
f 2464/1/4458 2411/1/4459 2405/1/4457
f 2465/1/4460 2412/1/4460 2414/1/4461
f 2414/1/4461 2440/1/4462 2465/1/4460
f 2415/1/4463 2441/1/4464 2466/1/4465
f 2466/1/4465 2413/1/4466 2415/1/4463
f 2467/1/4467 2468/1/4467 2469/1/4468
f 2469/1/4468 2470/1/4467 2467/1/4467
f 2471/1/4469 2472/1/4470 2445/1/4469
f 2445/1/4469 2446/1/4471 2471/1/4469
f 2447/1/4472 2473/1/4473 2436/1/4474
f 2436/1/4474 2435/1/4474 2447/1/4472
f 2448/1/4475 2474/1/4476 2471/1/4477
f 2471/1/4477 2446/1/4478 2448/1/4475
f 2468/1/4479 2473/1/4480 2447/1/4479
f 2447/1/4479 2449/1/4481 2468/1/4479
f 2450/1/4482 2475/1/4483 2474/1/4482
f 2474/1/4482 2448/1/4482 2450/1/4482
f 2451/1/4484 2469/1/4485 2468/1/4484
f 2468/1/4484 2449/1/4486 2451/1/4484
f 2476/1/4487 2475/1/4488 2450/1/4489
f 2450/1/4489 2452/1/4490 2476/1/4487
f 2453/1/4491 2477/1/4492 2469/1/4491
f 2469/1/4491 2451/1/4492 2453/1/4491
f 2454/1/4493 2478/1/4494 2476/1/4493
f 2476/1/4493 2452/1/4495 2454/1/4493
f 2479/1/4496 2477/1/4497 2453/1/4498
f 2453/1/4498 2455/1/4499 2479/1/4496
f 2456/1/4500 2480/1/4501 2478/1/4502
f 2478/1/4502 2454/1/4503 2456/1/4500
f 2481/1/4504 2403/1/4505 2457/1/4506
f 2457/1/4506 2482/1/4507 2481/1/4504
f 2458/1/4508 2483/1/4509 2479/1/4509
f 2479/1/4509 2455/1/4510 2458/1/4508
f 2484/1/4511 2480/1/4512 2456/1/4513
f 2456/1/4513 2459/1/4514 2484/1/4511
f 2482/1/4515 2457/1/4516 2460/1/4515
f 2460/1/4515 2485/1/4517 2482/1/4515
f 2461/1/4518 2486/1/4519 2483/1/4519
f 2483/1/4519 2458/1/4518 2461/1/4518
f 2462/1/4520 2487/1/4521 2484/1/4522
f 2484/1/4522 2459/1/4523 2462/1/4520
f 2463/1/4524 2488/1/4525 2485/1/4526
f 2485/1/4526 2460/1/4527 2463/1/4524
f 2489/1/4528 2486/1/4529 2461/1/4528
f 2461/1/4528 2464/1/4530 2489/1/4528
f 2465/1/4531 2490/1/4531 2487/1/4531
f 2487/1/4531 2462/1/4531 2465/1/4531
f 2488/1/4532 2463/1/4533 2466/1/4532
f 2466/1/4532 2491/1/4534 2488/1/4532
f 2404/1/4535 2492/1/4535 2489/1/4535
f 2489/1/4535 2464/1/4535 2404/1/4535
f 2493/1/4536 2490/1/4536 2465/1/4536
f 2465/1/4536 2440/1/4536 2493/1/4536
f 2441/1/4537 2494/1/4537 2491/1/4537
f 2491/1/4537 2466/1/4538 2441/1/4537
f 2481/1/4539 2492/1/4539 2404/1/4540
f 2404/1/4540 2403/1/4541 2481/1/4539
f 2439/1/4542 2495/1/4543 2493/1/4542
f 2493/1/4542 2440/1/4544 2439/1/4542
f 2442/1/4545 2496/1/4546 2494/1/4547
f 2494/1/4547 2441/1/4545 2442/1/4545
f 2443/1/4548 2497/1/4548 2495/1/4548
f 2495/1/4548 2439/1/4548 2443/1/4548
f 2496/1/4549 2442/1/4550 2444/1/4549
f 2444/1/4549 2498/1/4551 2496/1/4549
f 2437/1/4552 2497/1/4553 2443/1/4554
f 2443/1/4554 2438/1/4552 2437/1/4552
f 2445/1/4555 2472/1/4556 2498/1/4557
f 2498/1/4557 2444/1/4558 2445/1/4555
f 2499/1/4559 2500/1/4560 2501/1/4560
f 2501/1/4560 2502/1/4561 2499/1/4559
f 2476/1/4562 2503/1/4562 2504/1/4562
f 2504/1/4562 2475/1/4562 2476/1/4562
f 2477/1/4563 2505/1/4563 2470/1/4564
f 2470/1/4564 2469/1/4564 2477/1/4563
f 2506/1/4565 2503/1/4566 2476/1/4567
f 2476/1/4567 2478/1/4566 2506/1/4565
f 2479/1/4568 2507/1/4569 2505/1/4569
f 2505/1/4569 2477/1/4569 2479/1/4568
f 2480/1/4570 2508/1/4571 2506/1/4572
f 2506/1/4572 2478/1/4571 2480/1/4570
f 2500/1/4573 2499/1/4573 2481/1/4574
f 2481/1/4574 2482/1/4573 2500/1/4573
f 2509/1/4575 2507/1/4575 2479/1/4576
f 2479/1/4576 2483/1/4575 2509/1/4575
f 2484/1/4577 2510/1/4578 2508/1/4579
f 2508/1/4579 2480/1/4578 2484/1/4577
f 2485/1/4580 2511/1/4580 2500/1/4580
f 2500/1/4580 2482/1/4580 2485/1/4580
f 2486/1/4581 2512/1/4581 2509/1/4581
f 2509/1/4581 2483/1/4581 2486/1/4581
f 2513/1/4582 2510/1/4582 2484/1/4583
f 2484/1/4583 2487/1/4582 2513/1/4582
f 2488/1/4584 2514/1/4585 2511/1/4586
f 2511/1/4586 2485/1/4585 2488/1/4584
f 2489/1/4587 2515/1/4588 2512/1/4588
f 2512/1/4588 2486/1/4588 2489/1/4587
f 2490/1/4589 2516/1/4589 2513/1/4590
f 2513/1/4590 2487/1/4589 2490/1/4589
f 2517/1/4591 2514/1/4592 2488/1/4593
f 2488/1/4593 2491/1/4592 2517/1/4591
f 2518/1/4594 2515/1/4594 2489/1/4595
f 2489/1/4595 2492/1/4594 2518/1/4594
f 2493/1/4596 2519/1/4597 2516/1/4597
f 2516/1/4597 2490/1/4597 2493/1/4596
f 2494/1/4598 2520/1/4598 2517/1/4599
f 2517/1/4599 2491/1/4598 2494/1/4598
f 2518/1/4600 2492/1/4600 2481/1/4601
f 2481/1/4601 2499/1/4600 2518/1/4600
f 2519/1/4602 2493/1/4602 2495/1/4603
f 2495/1/4603 2521/1/4602 2519/1/4602
f 2496/1/4604 2522/1/4605 2520/1/4606
f 2520/1/4606 2494/1/4605 2496/1/4604
f 2497/1/4607 2523/1/4607 2521/1/4607
f 2521/1/4607 2495/1/4607 2497/1/4607
f 2524/1/4608 2522/1/4609 2496/1/4610
f 2496/1/4610 2498/1/4609 2524/1/4608
f 2437/1/4611 2525/1/4611 2523/1/4611
f 2523/1/4611 2497/1/4611 2437/1/4611
f 2472/1/4612 2526/1/4613 2524/1/4613
f 2524/1/4613 2498/1/4613 2472/1/4612
f 2525/1/4614 2437/1/4615 2436/1/4616
f 2436/1/4616 2527/1/4615 2525/1/4614
f 2471/1/4617 2528/1/4617 2526/1/4618
f 2526/1/4618 2472/1/4617 2471/1/4617
f 2473/1/4619 2529/1/4619 2527/1/4620
f 2527/1/4620 2436/1/4621 2473/1/4619
f 2530/1/4622 2528/1/4623 2471/1/4623
f 2471/1/4623 2474/1/4623 2530/1/4622
f 2468/1/4624 2467/1/4625 2529/1/4626
f 2529/1/4626 2473/1/4627 2468/1/4624
f 2475/1/4628 2504/1/4628 2530/1/4628
f 2530/1/4628 2474/1/4628 2475/1/4628
f 2531/1/4629 2532/1/4630 2533/1/4631
f 2533/1/4631 2534/1/4629 2531/1/4629
f 2509/1/4632 2535/1/4633 2536/1/4634
f 2536/1/4634 2507/1/4634 2509/1/4632
f 2510/1/4635 2537/1/4636 2538/1/4637
f 2538/1/4637 2508/1/4638 2510/1/4635
f 2511/1/4639 2539/1/4640 2501/1/4641
f 2501/1/4641 2500/1/4642 2511/1/4639
f 2540/1/4643 2535/1/4644 2509/1/4643
f 2509/1/4643 2512/1/4645 2540/1/4643
f 2513/1/4646 2541/1/4647 2537/1/4647
f 2537/1/4647 2510/1/4648 2513/1/4646
f 2514/1/4649 2534/1/4650 2539/1/4651
f 2539/1/4651 2511/1/4652 2514/1/4649
f 2515/1/4653 2542/1/4653 2540/1/4654
f 2540/1/4654 2512/1/4655 2515/1/4653
f 2541/1/4656 2513/1/4656 2516/1/4657
f 2516/1/4657 2543/1/4658 2541/1/4656
f 2517/1/4659 2531/1/4660 2534/1/4661
f 2534/1/4661 2514/1/4662 2517/1/4659
f 2518/1/4663 2544/1/4664 2542/1/4665
f 2542/1/4665 2515/1/4666 2518/1/4663
f 2519/1/4667 2545/1/4668 2543/1/4669
f 2543/1/4669 2516/1/4669 2519/1/4667
f 2531/1/4670 2517/1/4670 2520/1/4671
f 2520/1/4671 2546/1/4670 2531/1/4670
f 2544/1/4672 2518/1/4673 2499/1/4672
f 2499/1/4672 2502/1/4672 2544/1/4672
f 2521/1/4674 2547/1/4675 2545/1/4676
f 2545/1/4676 2519/1/4677 2521/1/4674
f 2522/1/4678 2548/1/4679 2546/1/4680
f 2546/1/4680 2520/1/4681 2522/1/4678
f 2549/1/4682 2547/1/4683 2521/1/4684
f 2521/1/4684 2523/1/4684 2549/1/4682
f 2524/1/4685 2550/1/4686 2548/1/4687
f 2548/1/4687 2522/1/4688 2524/1/4685
f 2525/1/4689 2551/1/4689 2549/1/4690
f 2549/1/4690 2523/1/4691 2525/1/4689
f 2552/1/4692 2550/1/4693 2524/1/4694
f 2524/1/4694 2526/1/4695 2552/1/4692
f 2527/1/4696 2553/1/4697 2551/1/4696
f 2551/1/4696 2525/1/4698 2527/1/4696
f 2528/1/4699 2554/1/4700 2552/1/4699
f 2552/1/4699 2526/1/4701 2528/1/4699
f 2553/1/4702 2527/1/4703 2529/1/4704
f 2529/1/4704 2555/1/4705 2553/1/4702
f 2530/1/4706 2556/1/4707 2554/1/4708
f 2554/1/4708 2528/1/4709 2530/1/4706
f 2467/1/4710 2557/1/4711 2555/1/4712
f 2555/1/4712 2529/1/4713 2467/1/4710
f 2558/1/4714 2556/1/4715 2530/1/4716
f 2530/1/4716 2504/1/4714 2558/1/4714
f 2470/1/4717 2559/1/4718 2557/1/4717
f 2557/1/4717 2467/1/4717 2470/1/4717
f 2503/1/4719 2560/1/4720 2558/1/4721
f 2558/1/4721 2504/1/4722 2503/1/4719
f 2561/1/4723 2559/1/4724 2470/1/4725
f 2470/1/4725 2505/1/4726 2561/1/4723
f 2506/1/4727 2562/1/4727 2560/1/4727
f 2560/1/4727 2503/1/4728 2506/1/4727
f 2507/1/4729 2536/1/4730 2561/1/4731
f 2561/1/4731 2505/1/4732 2507/1/4729
f 2562/1/4733 2506/1/4734 2508/1/4735
f 2508/1/4735 2538/1/4736 2562/1/4733
f 2563/1/4737 2564/1/4737 2565/1/4737
f 2565/1/4737 2566/1/4737 2563/1/4737
f 2544/1/4738 2567/1/4738 2568/1/4739
f 2568/1/4739 2542/1/4740 2544/1/4738
f 2569/1/4741 2570/1/4741 2543/1/4741
f 2543/1/4741 2545/1/4741 2569/1/4741
f 2546/1/4742 2571/1/4742 2532/1/4742
f 2532/1/4742 2531/1/4742 2546/1/4742
f 2572/1/4743 2567/1/4743 2544/1/4743
f 2544/1/4743 2502/1/4743 2572/1/4743
f 2547/1/4744 2573/1/4745 2569/1/4744
f 2569/1/4744 2545/1/4746 2547/1/4744
f 2571/1/4747 2546/1/4748 2548/1/4749
f 2548/1/4749 2565/1/4750 2571/1/4747
f 2549/1/4751 2574/1/4752 2573/1/4752
f 2573/1/4752 2547/1/4753 2549/1/4751
f 2550/1/4754 2566/1/4755 2565/1/4756
f 2565/1/4756 2548/1/4757 2550/1/4754
f 2575/1/4758 2574/1/4759 2549/1/4760
f 2549/1/4760 2551/1/4759 2575/1/4758
f 2552/1/4761 2576/1/4762 2566/1/4763
f 2566/1/4763 2550/1/4762 2552/1/4761
f 2553/1/4764 2577/1/4765 2575/1/4765
f 2575/1/4765 2551/1/4765 2553/1/4764
f 2578/1/4766 2576/1/4767 2552/1/4768
f 2552/1/4768 2554/1/4769 2578/1/4766
f 2555/1/4770 2579/1/4771 2577/1/4770
f 2577/1/4770 2553/1/4771 2555/1/4770
f 2556/1/4772 2580/1/4773 2578/1/4772
f 2578/1/4772 2554/1/4774 2556/1/4772
f 2581/1/4775 2579/1/4776 2555/1/4777
f 2555/1/4777 2557/1/4778 2581/1/4775
f 2558/1/4779 2582/1/4780 2580/1/4781
f 2580/1/4781 2556/1/4781 2558/1/4779
f 2559/1/4782 2583/1/4783 2581/1/4782
f 2581/1/4782 2557/1/4784 2559/1/4782
f 2584/1/4785 2582/1/4785 2558/1/4785
f 2558/1/4785 2560/1/4785 2584/1/4785
f 2561/1/4786 2585/1/4787 2583/1/4786
f 2583/1/4786 2559/1/4786 2561/1/4786
f 2562/1/4788 2586/1/4789 2584/1/4788
f 2584/1/4788 2560/1/4788 2562/1/4788
f 2587/1/4790 2585/1/4790 2561/1/4790
f 2561/1/4790 2536/1/4791 2587/1/4790
f 2538/1/4792 2588/1/4793 2586/1/4792
f 2586/1/4792 2562/1/4794 2538/1/4792
f 2502/1/4795 2501/1/4795 2589/1/4795
f 2589/1/4795 2572/1/4796 2502/1/4795
f 2535/1/4797 2590/1/4798 2587/1/4799
f 2587/1/4799 2536/1/4799 2535/1/4797
f 2591/1/4800 2588/1/4801 2538/1/4802
f 2538/1/4802 2537/1/4802 2591/1/4800
f 2592/1/4803 2589/1/4804 2501/1/4803
f 2501/1/4803 2539/1/4803 2592/1/4803
f 2540/1/4805 2593/1/4806 2590/1/4807
f 2590/1/4807 2535/1/4808 2540/1/4805
f 2541/1/4809 2594/1/4810 2591/1/4809
f 2591/1/4809 2537/1/4809 2541/1/4809
f 2533/1/4811 2592/1/4812 2539/1/4811
f 2539/1/4811 2534/1/4813 2533/1/4811
f 2568/1/4814 2593/1/4815 2540/1/4814
f 2540/1/4814 2542/1/4816 2568/1/4814
f 2543/1/4817 2570/1/4817 2594/1/4817
f 2594/1/4817 2541/1/4817 2543/1/4817
f 2595/1/4818 2596/1/4819 2597/1/4820
f 2597/1/4820 2598/1/4821 2595/1/4818
f 2575/1/4822 2599/1/4822 2600/1/4822
f 2600/1/4822 2574/1/4822 2575/1/4822
f 2576/1/4823 2601/1/4824 2563/1/4825
f 2563/1/4825 2566/1/4825 2576/1/4823
f 2599/1/4826 2575/1/4827 2577/1/4828
f 2577/1/4828 2602/1/4827 2599/1/4826
f 2578/1/4829 2598/1/4830 2601/1/4831
f 2601/1/4831 2576/1/4829 2578/1/4829
f 2579/1/4832 2603/1/4833 2602/1/4834
f 2602/1/4834 2577/1/4833 2579/1/4832
f 2595/1/4835 2598/1/4835 2578/1/4835
f 2578/1/4835 2580/1/4835 2595/1/4835
f 2581/1/4836 2604/1/4837 2603/1/4838
f 2603/1/4838 2579/1/4839 2581/1/4836
f 2582/1/4840 2605/1/4841 2595/1/4841
f 2595/1/4841 2580/1/4841 2582/1/4840
f 2606/1/4842 2604/1/4843 2581/1/4844
f 2581/1/4844 2583/1/4845 2606/1/4842
f 2584/1/4846 2607/1/4846 2605/1/4847
f 2605/1/4847 2582/1/4846 2584/1/4846
f 2585/1/4848 2608/1/4849 2606/1/4850
f 2606/1/4850 2583/1/4849 2585/1/4848
f 2609/1/4851 2607/1/4851 2584/1/4851
f 2584/1/4851 2586/1/4851 2609/1/4851
f 2587/1/4852 2610/1/4852 2608/1/4853
f 2608/1/4853 2585/1/4852 2587/1/4852
f 2588/1/4854 2611/1/4854 2609/1/4855
f 2609/1/4855 2586/1/4854 2588/1/4854
f 2612/1/4856 2613/1/4857 2572/1/4858
f 2572/1/4858 2589/1/4857 2612/1/4856
f 2614/1/4859 2610/1/4859 2587/1/4860
f 2587/1/4860 2590/1/4859 2614/1/4859
f 2591/1/4861 2615/1/4861 2611/1/4862
f 2611/1/4862 2588/1/4861 2591/1/4861
f 2592/1/4863 2616/1/4864 2612/1/4865
f 2612/1/4865 2589/1/4864 2592/1/4863
f 2593/1/4866 2617/1/4867 2614/1/4868
f 2614/1/4868 2590/1/4867 2593/1/4866
f 2615/1/4869 2591/1/4870 2594/1/4869
f 2594/1/4869 2618/1/4870 2615/1/4869
f 2533/1/4871 2619/1/4871 2616/1/4872
f 2616/1/4872 2592/1/4871 2533/1/4871
f 2568/1/4873 2620/1/4874 2617/1/4875
f 2617/1/4875 2593/1/4874 2568/1/4873
f 2570/1/4876 2621/1/4877 2618/1/4877
f 2618/1/4877 2594/1/4877 2570/1/4876
f 2622/1/4878 2619/1/4879 2533/1/4879
f 2533/1/4879 2532/1/4879 2622/1/4878
f 2623/1/4880 2620/1/4881 2568/1/4882
f 2568/1/4882 2567/1/4881 2623/1/4880
f 2569/1/4883 2624/1/4884 2621/1/4885
f 2621/1/4885 2570/1/4884 2569/1/4883
f 2571/1/4886 2625/1/4886 2622/1/4887
f 2622/1/4887 2532/1/4886 2571/1/4886
f 2613/1/4888 2623/1/4889 2567/1/4890
f 2567/1/4890 2572/1/4889 2613/1/4888
f 2624/1/4891 2569/1/4892 2573/1/4893
f 2573/1/4893 2626/1/4892 2624/1/4891
f 2565/1/4894 2564/1/4895 2625/1/4895
f 2625/1/4895 2571/1/4895 2565/1/4894
f 2574/1/4896 2600/1/4897 2626/1/4896
f 2626/1/4896 2573/1/4897 2574/1/4896
f 2627/1/4898 2628/1/4899 2629/1/4900
f 2629/1/4900 2630/1/4901 2627/1/4898
f 2604/1/4902 2631/1/4903 2632/1/4904
f 2632/1/4904 2603/1/4903 2604/1/4902
f 2633/1/4905 2596/1/4906 2595/1/4907
f 2595/1/4907 2605/1/4908 2633/1/4905
f 2606/1/4909 2634/1/4910 2631/1/4911
f 2631/1/4911 2604/1/4911 2606/1/4909
f 2607/1/4912 2630/1/4913 2633/1/4914
f 2633/1/4914 2605/1/4915 2607/1/4912
f 2634/1/4916 2606/1/4916 2608/1/4917
f 2608/1/4917 2635/1/4916 2634/1/4916
f 2609/1/4918 2627/1/4919 2630/1/4920
f 2630/1/4920 2607/1/4920 2609/1/4918
f 2610/1/4921 2636/1/4922 2635/1/4923
f 2635/1/4923 2608/1/4924 2610/1/4921
f 2627/1/4925 2609/1/4926 2611/1/4925
f 2611/1/4925 2637/1/4927 2627/1/4925
f 2613/1/4928 2612/1/4929 2638/1/4930
f 2638/1/4930 2639/1/4931 2613/1/4928
f 2614/1/4932 2640/1/4932 2636/1/4933
f 2636/1/4933 2610/1/4932 2614/1/4932
f 2615/1/4934 2641/1/4935 2637/1/4934
f 2637/1/4934 2611/1/4936 2615/1/4934
f 2616/1/4937 2642/1/4938 2638/1/4939
f 2638/1/4939 2612/1/4939 2616/1/4937
f 2643/1/4940 2640/1/4941 2614/1/4942
f 2614/1/4942 2617/1/4943 2643/1/4940
f 2618/1/4944 2644/1/4945 2641/1/4946
f 2641/1/4946 2615/1/4945 2618/1/4944
f 2619/1/4947 2645/1/4948 2642/1/4947
f 2642/1/4947 2616/1/4949 2619/1/4947
f 2620/1/4950 2646/1/4951 2643/1/4950
f 2643/1/4950 2617/1/4952 2620/1/4950
f 2647/1/4953 2644/1/4954 2618/1/4955
f 2618/1/4955 2621/1/4956 2647/1/4953
f 2622/1/4957 2648/1/4958 2645/1/4959
f 2645/1/4959 2619/1/4960 2622/1/4957
f 2623/1/4961 2649/1/4962 2646/1/4961
f 2646/1/4961 2620/1/4963 2623/1/4961
f 2624/1/4964 2650/1/4964 2647/1/4965
f 2647/1/4965 2621/1/4966 2624/1/4964
f 2648/1/4967 2622/1/4968 2625/1/4969
f 2625/1/4969 2651/1/4970 2648/1/4967
f 2639/1/4971 2649/1/4972 2623/1/4973
f 2623/1/4973 2613/1/4974 2639/1/4971
f 2626/1/4975 2652/1/4975 2650/1/4976
f 2650/1/4976 2624/1/4977 2626/1/4975
f 2564/1/4978 2653/1/4979 2651/1/4980
f 2651/1/4980 2625/1/4979 2564/1/4978
f 2654/1/4981 2652/1/4982 2626/1/4983
f 2626/1/4983 2600/1/4984 2654/1/4981
f 2563/1/4985 2655/1/4986 2653/1/4987
f 2653/1/4987 2564/1/4988 2563/1/4985
f 2599/1/4989 2656/1/4990 2654/1/4989
f 2654/1/4989 2600/1/4991 2599/1/4989
f 2657/1/4992 2655/1/4992 2563/1/4993
f 2563/1/4993 2601/1/4993 2657/1/4992
f 2602/1/4994 2658/1/4995 2656/1/4996
f 2656/1/4996 2599/1/4997 2602/1/4994
f 2598/1/4998 2597/1/4999 2657/1/5000
f 2657/1/5000 2601/1/4999 2598/1/4998
f 2658/1/5001 2602/1/5001 2603/1/5002
f 2603/1/5002 2632/1/5003 2658/1/5001
f 2659/1/5004 2660/1/5004 2661/1/5004
f 2661/1/5004 2662/1/5004 2659/1/5004
f 2635/1/5005 2636/1/5006 2663/1/5007
f 2663/1/5007 2664/1/5008 2635/1/5005
f 2637/1/5009 2665/1/5010 2628/1/5011
f 2628/1/5011 2627/1/5012 2637/1/5009
f 2639/1/5013 2638/1/5013 2666/1/5013
f 2666/1/5013 2667/1/5013 2639/1/5013
f 2663/1/5014 2636/1/5015 2640/1/5014
f 2640/1/5014 2668/1/5016 2663/1/5014
f 2637/1/5017 2641/1/5017 2662/1/5017
f 2662/1/5017 2665/1/5017 2637/1/5017
f 2666/1/5018 2638/1/5018 2642/1/5019
f 2642/1/5019 2669/1/5020 2666/1/5018
f 2643/1/5021 2670/1/5022 2668/1/5023
f 2668/1/5023 2640/1/5024 2643/1/5021
f 2662/1/5025 2641/1/5026 2644/1/5025
f 2644/1/5025 2659/1/5027 2662/1/5025
f 2671/1/5028 2669/1/5029 2642/1/5030
f 2642/1/5030 2645/1/5031 2671/1/5028
f 2643/1/5032 2646/1/5033 2672/1/5034
f 2672/1/5034 2670/1/5035 2643/1/5032
f 2647/1/5036 2673/1/5037 2659/1/5038
f 2659/1/5038 2644/1/5037 2647/1/5036
f 2648/1/5039 2674/1/5040 2671/1/5041
f 2671/1/5041 2645/1/5042 2648/1/5039
f 2672/1/5043 2646/1/5043 2649/1/5043
f 2649/1/5043 2675/1/5044 2672/1/5043
f 2647/1/5045 2650/1/5045 2676/1/5045
f 2676/1/5045 2673/1/5045 2647/1/5045
f 2651/1/5046 2677/1/5047 2674/1/5048
f 2674/1/5048 2648/1/5048 2651/1/5046
f 2649/1/5049 2639/1/5050 2667/1/5050
f 2667/1/5050 2675/1/5051 2649/1/5049
f 2676/1/5052 2650/1/5053 2652/1/5054
f 2652/1/5054 2678/1/5055 2676/1/5052
f 2679/1/5056 2677/1/5057 2651/1/5058
f 2651/1/5058 2653/1/5059 2679/1/5056
f 2654/1/5060 2680/1/5060 2678/1/5060
f 2678/1/5060 2652/1/5060 2654/1/5060
f 2655/1/5061 2681/1/5062 2679/1/5063
f 2679/1/5063 2653/1/5061 2655/1/5061
f 2654/1/5064 2656/1/5065 2682/1/5065
f 2682/1/5065 2680/1/5066 2654/1/5064
f 2657/1/5067 2683/1/5068 2681/1/5069
f 2681/1/5069 2655/1/5070 2657/1/5067
f 2682/1/5071 2656/1/5072 2658/1/5071
f 2658/1/5071 2684/1/5073 2682/1/5071
f 2657/1/5074 2597/1/5075 2685/1/5076
f 2685/1/5076 2683/1/5077 2657/1/5074
f 2632/1/5078 2686/1/5078 2684/1/5078
f 2684/1/5078 2658/1/5078 2632/1/5078
f 2685/1/5079 2597/1/5080 2596/1/5079
f 2596/1/5079 2687/1/5080 2685/1/5079
f 2632/1/5081 2631/1/5082 2688/1/5083
f 2688/1/5083 2686/1/5084 2632/1/5081
f 2689/1/5085 2687/1/5086 2596/1/5087
f 2596/1/5087 2633/1/5088 2689/1/5085
f 2688/1/5089 2631/1/5090 2634/1/5091
f 2634/1/5091 2690/1/5092 2688/1/5089
f 2689/1/5093 2633/1/5094 2630/1/5095
f 2630/1/5095 2629/1/5096 2689/1/5093
f 2635/1/5097 2664/1/5098 2690/1/5097
f 2690/1/5097 2634/1/5097 2635/1/5097
f 2691/1/5099 2692/1/5100 2693/1/5100
f 2693/1/5100 2694/1/5101 2691/1/5099
f 2671/1/5102 2695/1/5102 2696/1/5102
f 2696/1/5102 2669/1/5102 2671/1/5102
f 2672/1/5103 2697/1/5103 2698/1/5104
f 2698/1/5104 2670/1/5103 2672/1/5103
f 2660/1/5105 2659/1/5106 2673/1/5107
f 2673/1/5107 2699/1/5106 2660/1/5105
f 2671/1/5108 2674/1/5108 2700/1/5108
f 2700/1/5108 2695/1/5108 2671/1/5108
f 2675/1/5109 2701/1/5110 2697/1/5111
f 2697/1/5111 2672/1/5110 2675/1/5109
f 2676/1/5112 2694/1/5113 2699/1/5114
f 2699/1/5114 2673/1/5113 2676/1/5112
f 2700/1/5115 2674/1/5115 2677/1/5115
f 2677/1/5115 2702/1/5115 2700/1/5115
f 2703/1/5116 2701/1/5117 2675/1/5118
f 2675/1/5118 2667/1/5117 2703/1/5116
f 2678/1/5119 2691/1/5119 2694/1/5120
f 2694/1/5120 2676/1/5119 2678/1/5119
f 2679/1/5121 2704/1/5121 2702/1/5121
f 2702/1/5121 2677/1/5121 2679/1/5121
f 2691/1/5122 2678/1/5122 2680/1/5123
f 2680/1/5123 2705/1/5122 2691/1/5122
f 2679/1/5124 2681/1/5124 2706/1/5124
f 2706/1/5124 2704/1/5124 2679/1/5124
f 2682/1/5125 2707/1/5126 2705/1/5127
f 2705/1/5127 2680/1/5126 2682/1/5125
f 2706/1/5128 2681/1/5129 2683/1/5129
f 2683/1/5129 2708/1/5129 2706/1/5128
f 2684/1/5130 2709/1/5131 2707/1/5132
f 2707/1/5132 2682/1/5131 2684/1/5130
f 2685/1/5133 2710/1/5133 2708/1/5134
f 2708/1/5134 2683/1/5133 2685/1/5133
f 2709/1/5135 2684/1/5136 2686/1/5137
f 2686/1/5137 2711/1/5136 2709/1/5135
f 2687/1/5138 2712/1/5138 2710/1/5138
f 2710/1/5138 2685/1/5138 2687/1/5138
f 2688/1/5139 2713/1/5139 2711/1/5139
f 2711/1/5139 2686/1/5140 2688/1/5139
f 2687/1/5141 2689/1/5141 2714/1/5141
f 2714/1/5141 2712/1/5141 2687/1/5141
f 2690/1/5142 2715/1/5143 2713/1/5144
f 2713/1/5144 2688/1/5145 2690/1/5142
f 2716/1/5146 2714/1/5146 2689/1/5146
f 2689/1/5146 2629/1/5146 2716/1/5146
f 2715/1/5147 2690/1/5148 2664/1/5148
f 2664/1/5148 2717/1/5148 2715/1/5147
f 2716/1/5149 2629/1/5149 2628/1/5149
f 2628/1/5149 2718/1/5149 2716/1/5149
f 2663/1/5150 2719/1/5151 2717/1/5152
f 2717/1/5152 2664/1/5151 2663/1/5150
f 2718/1/5153 2628/1/5153 2665/1/5153
f 2665/1/5153 2720/1/5153 2718/1/5153
f 2666/1/5154 2721/1/5154 2703/1/5154
f 2703/1/5154 2667/1/5154 2666/1/5154
f 2668/1/5155 2722/1/5156 2719/1/5157
f 2719/1/5157 2663/1/5158 2668/1/5155
f 2662/1/5159 2661/1/5159 2720/1/5159
f 2720/1/5159 2665/1/5159 2662/1/5159
f 2721/1/5160 2666/1/5160 2669/1/5160
f 2669/1/5160 2696/1/5160 2721/1/5160
f 2722/1/5161 2668/1/5162 2670/1/5162
f 2670/1/5162 2698/1/5161 2722/1/5161
f 2723/1/5163 2724/1/5164 2725/1/5165
f 2725/1/5165 2726/1/5166 2723/1/5163
f 2727/1/5167 2702/1/5168 2704/1/5169
f 2704/1/5169 2728/1/5169 2727/1/5167
f 2705/1/5170 2729/1/5170 2692/1/5171
f 2692/1/5171 2691/1/5172 2705/1/5170
f 2706/1/5173 2730/1/5174 2728/1/5175
f 2728/1/5175 2704/1/5176 2706/1/5173
f 2729/1/5177 2705/1/5178 2707/1/5177
f 2707/1/5177 2726/1/5178 2729/1/5177
f 2708/1/5179 2731/1/5180 2730/1/5181
f 2730/1/5181 2706/1/5182 2708/1/5179
f 2709/1/5183 2723/1/5184 2726/1/5185
f 2726/1/5185 2707/1/5186 2709/1/5183
f 2731/1/5187 2708/1/5188 2710/1/5189
f 2710/1/5189 2732/1/5190 2731/1/5187
f 2711/1/5191 2733/1/5192 2723/1/5193
f 2723/1/5193 2709/1/5193 2711/1/5191
f 2712/1/5194 2734/1/5195 2732/1/5196
f 2732/1/5196 2710/1/5197 2712/1/5194
f 2733/1/5198 2711/1/5198 2713/1/5198
f 2713/1/5198 2735/1/5199 2733/1/5198
f 2714/1/5200 2736/1/5201 2734/1/5202
f 2734/1/5202 2712/1/5203 2714/1/5200
f 2715/1/5204 2737/1/5204 2735/1/5205
f 2735/1/5205 2713/1/5206 2715/1/5204
f 2736/1/5207 2714/1/5208 2716/1/5209
f 2716/1/5209 2738/1/5210 2736/1/5207
f 2717/1/5211 2739/1/5212 2737/1/5211
f 2737/1/5211 2715/1/5213 2717/1/5211
f 2718/1/5214 2740/1/5215 2738/1/5216
f 2738/1/5216 2716/1/5215 2718/1/5214
f 2739/1/5217 2717/1/5218 2719/1/5219
f 2719/1/5219 2741/1/5220 2739/1/5217
f 2720/1/5221 2742/1/5221 2740/1/5222
f 2740/1/5222 2718/1/5221 2720/1/5221
f 2703/1/5223 2721/1/5223 2743/1/5223
f 2743/1/5223 2744/1/5224 2703/1/5223
f 2722/1/5225 2745/1/5226 2741/1/5227
f 2741/1/5227 2719/1/5227 2722/1/5225
f 2742/1/5228 2720/1/5229 2661/1/5230
f 2661/1/5230 2746/1/5231 2742/1/5228
f 2696/1/5232 2747/1/5232 2743/1/5233
f 2743/1/5233 2721/1/5232 2696/1/5232
f 2698/1/5234 2748/1/5235 2745/1/5236
f 2745/1/5236 2722/1/5237 2698/1/5234
f 2660/1/5238 2749/1/5239 2746/1/5239
f 2746/1/5239 2661/1/5238 2660/1/5238
f 2747/1/5240 2696/1/5241 2695/1/5242
f 2695/1/5242 2750/1/5242 2747/1/5240
f 2748/1/5243 2698/1/5244 2697/1/5245
f 2697/1/5245 2751/1/5243 2748/1/5243
f 2699/1/5246 2752/1/5246 2749/1/5247
f 2749/1/5247 2660/1/5247 2699/1/5246
f 2700/1/5248 2753/1/5249 2750/1/5248
f 2750/1/5248 2695/1/5250 2700/1/5248
f 2701/1/5251 2754/1/5252 2751/1/5253
f 2751/1/5253 2697/1/5254 2701/1/5251
f 2752/1/5255 2699/1/5255 2694/1/5256
f 2694/1/5256 2693/1/5257 2752/1/5255
f 2702/1/5258 2727/1/5259 2753/1/5260
f 2753/1/5260 2700/1/5261 2702/1/5258
f 2744/1/5262 2754/1/5263 2701/1/5262
f 2701/1/5262 2703/1/5262 2744/1/5262
f 2755/1/5264 2756/1/5265 2757/1/5266
f 2757/1/5266 2758/1/5267 2755/1/5264
f 2732/1/5268 2759/1/5269 2760/1/5269
f 2760/1/5269 2731/1/5270 2732/1/5268
f 2733/1/5271 2761/1/5272 2724/1/5271
f 2724/1/5271 2723/1/5271 2733/1/5271
f 2734/1/5273 2762/1/5273 2759/1/5274
f 2759/1/5274 2732/1/5275 2734/1/5273
f 2735/1/5276 2758/1/5276 2761/1/5276
f 2761/1/5276 2733/1/5276 2735/1/5276
f 2763/1/5277 2762/1/5278 2734/1/5279
f 2734/1/5279 2736/1/5278 2763/1/5277
f 2737/1/5280 2755/1/5281 2758/1/5281
f 2758/1/5281 2735/1/5282 2737/1/5280
f 2738/1/5283 2764/1/5284 2763/1/5283
f 2763/1/5283 2736/1/5285 2738/1/5283
f 2765/1/5286 2755/1/5287 2737/1/5288
f 2737/1/5288 2739/1/5287 2765/1/5286
f 2764/1/5289 2738/1/5290 2740/1/5291
f 2740/1/5291 2766/1/5292 2764/1/5289
f 2767/1/5293 2765/1/5294 2739/1/5295
f 2739/1/5295 2741/1/5294 2767/1/5293
f 2742/1/5296 2768/1/5297 2766/1/5298
f 2766/1/5298 2740/1/5299 2742/1/5296
f 2769/1/5300 2744/1/5301 2743/1/5302
f 2743/1/5302 2770/1/5303 2769/1/5300
f 2771/1/5304 2767/1/5305 2741/1/5306
f 2741/1/5306 2745/1/5307 2771/1/5304
f 2746/1/5308 2772/1/5308 2768/1/5308
f 2768/1/5308 2742/1/5309 2746/1/5308
f 2770/1/5310 2743/1/5311 2747/1/5310
f 2747/1/5310 2773/1/5310 2770/1/5310
f 2771/1/5312 2745/1/5313 2748/1/5312
f 2748/1/5312 2774/1/5314 2771/1/5312
f 2749/1/5315 2775/1/5316 2772/1/5317
f 2772/1/5317 2746/1/5318 2749/1/5315
f 2750/1/5319 2776/1/5320 2773/1/5321
f 2773/1/5321 2747/1/5322 2750/1/5319
f 2751/1/5323 2777/1/5324 2774/1/5324
f 2774/1/5324 2748/1/5325 2751/1/5323
f 2752/1/5326 2778/1/5326 2775/1/5327
f 2775/1/5327 2749/1/5326 2752/1/5326
f 2776/1/5328 2750/1/5329 2753/1/5330
f 2753/1/5330 2779/1/5331 2776/1/5328
f 2754/1/5332 2780/1/5332 2777/1/5332
f 2777/1/5332 2751/1/5332 2754/1/5332
f 2693/1/5333 2781/1/5333 2778/1/5333
f 2778/1/5333 2752/1/5333 2693/1/5333
f 2727/1/5334 2782/1/5335 2779/1/5334
f 2779/1/5334 2753/1/5336 2727/1/5334
f 2769/1/5337 2780/1/5338 2754/1/5337
f 2754/1/5337 2744/1/5338 2769/1/5337
f 2692/1/5339 2783/1/5340 2781/1/5341
f 2781/1/5341 2693/1/5342 2692/1/5339
f 2728/1/5343 2784/1/5344 2782/1/5343
f 2782/1/5343 2727/1/5343 2728/1/5343
f 2729/1/5345 2785/1/5346 2783/1/5345
f 2783/1/5345 2692/1/5347 2729/1/5345
f 2784/1/5348 2728/1/5348 2730/1/5348
f 2730/1/5348 2786/1/5348 2784/1/5348
f 2726/1/5349 2725/1/5350 2785/1/5351
f 2785/1/5351 2729/1/5352 2726/1/5349
f 2760/1/5353 2786/1/5354 2730/1/5355
f 2730/1/5355 2731/1/5356 2760/1/5353
f 2787/1/5357 2788/1/5358 2789/1/5359
f 2789/1/5359 2790/1/5360 2787/1/5357
f 2791/1/5361 2792/1/5361 2763/1/5361
f 2763/1/5361 2764/1/5361 2791/1/5361
f 2793/1/5362 2756/1/5363 2755/1/5364
f 2755/1/5364 2765/1/5363 2793/1/5362
f 2766/1/5365 2794/1/5365 2791/1/5365
f 2791/1/5365 2764/1/5365 2766/1/5365
f 2795/1/5366 2793/1/5367 2765/1/5368
f 2765/1/5368 2767/1/5367 2795/1/5366
f 2768/1/5369 2796/1/5369 2794/1/5369
f 2794/1/5369 2766/1/5369 2768/1/5369
f 2769/1/5370 2770/1/5370 2797/1/5370
f 2797/1/5370 2798/1/5370 2769/1/5370
f 2771/1/5371 2799/1/5372 2795/1/5373
f 2795/1/5373 2767/1/5372 2771/1/5371
f 2796/1/5374 2768/1/5374 2772/1/5374
f 2772/1/5374 2800/1/5374 2796/1/5374
f 2773/1/5375 2801/1/5375 2797/1/5375
f 2797/1/5375 2770/1/5375 2773/1/5375
f 2799/1/5376 2771/1/5376 2774/1/5376
f 2774/1/5376 2802/1/5376 2799/1/5376
f 2775/1/5377 2803/1/5377 2800/1/5377
f 2800/1/5377 2772/1/5377 2775/1/5377
f 2776/1/5378 2804/1/5378 2801/1/5378
f 2801/1/5378 2773/1/5378 2776/1/5378
f 2805/1/5379 2802/1/5379 2774/1/5379
f 2774/1/5379 2777/1/5379 2805/1/5379
f 2788/1/5380 2803/1/5380 2775/1/5380
f 2775/1/5380 2778/1/5380 2788/1/5380
f 2779/1/5381 2806/1/5381 2804/1/5381
f 2804/1/5381 2776/1/5381 2779/1/5381
f 2780/1/5382 2807/1/5382 2805/1/5382
f 2805/1/5382 2777/1/5382 2780/1/5382
f 2788/1/5383 2778/1/5384 2781/1/5384
f 2781/1/5384 2789/1/5384 2788/1/5383
f 2782/1/5385 2808/1/5385 2806/1/5385
f 2806/1/5385 2779/1/5385 2782/1/5385
f 2798/1/5386 2807/1/5386 2780/1/5386
f 2780/1/5386 2769/1/5386 2798/1/5386
f 2783/1/5387 2809/1/5387 2789/1/5387
f 2789/1/5387 2781/1/5387 2783/1/5387
f 2808/1/5388 2782/1/5389 2784/1/5389
f 2784/1/5389 2810/1/5389 2808/1/5388
f 2809/1/5390 2783/1/5390 2785/1/5390
f 2785/1/5390 2811/1/5390 2809/1/5390
f 2786/1/5391 2812/1/5391 2810/1/5391
f 2810/1/5391 2784/1/5391 2786/1/5391
f 2811/1/5392 2785/1/5393 2725/1/5394
f 2725/1/5394 2813/1/5393 2811/1/5392
f 2814/1/5395 2812/1/5395 2786/1/5395
f 2786/1/5395 2760/1/5395 2814/1/5395
f 2815/1/5396 2813/1/5397 2725/1/5398
f 2725/1/5398 2724/1/5397 2815/1/5396
f 2816/1/5399 2814/1/5399 2760/1/5400
f 2760/1/5400 2759/1/5399 2816/1/5399
f 2761/1/5401 2817/1/5402 2815/1/5403
f 2815/1/5403 2724/1/5404 2761/1/5401
f 2762/1/5405 2818/1/5405 2816/1/5405
f 2816/1/5405 2759/1/5405 2762/1/5405
f 2817/1/5406 2761/1/5407 2758/1/5408
f 2758/1/5408 2757/1/5409 2817/1/5406
f 2762/1/5410 2763/1/5410 2792/1/5411
f 2792/1/5411 2818/1/5410 2762/1/5410
f 2819/1/5412 2820/1/5413 2821/1/5414
f 2821/1/5414 2822/1/5415 2819/1/5412
f 2808/1/5416 2823/1/5417 2824/1/5418
f 2824/1/5418 2806/1/5419 2808/1/5416
f 2807/1/5420 2798/1/5421 2825/1/5421
f 2825/1/5421 2826/1/5420 2807/1/5420
f 2827/1/5422 2790/1/5423 2789/1/5424
f 2789/1/5424 2809/1/5425 2827/1/5422
f 2808/1/5426 2810/1/5426 2828/1/5427
f 2828/1/5427 2823/1/5426 2808/1/5426
f 2811/1/5428 2820/1/5429 2827/1/5428
f 2827/1/5428 2809/1/5429 2811/1/5428
f 2829/1/5430 2828/1/5430 2810/1/5431
f 2810/1/5431 2812/1/5430 2829/1/5430
f 2813/1/5432 2821/1/5433 2820/1/5434
f 2820/1/5434 2811/1/5435 2813/1/5432
f 2814/1/5436 2830/1/5437 2829/1/5438
f 2829/1/5438 2812/1/5439 2814/1/5436
f 2821/1/5440 2813/1/5441 2815/1/5442
f 2815/1/5442 2831/1/5443 2821/1/5440
f 2816/1/5444 2832/1/5445 2830/1/5446
f 2830/1/5446 2814/1/5447 2816/1/5444
f 2817/1/5448 2833/1/5449 2831/1/5450
f 2831/1/5450 2815/1/5451 2817/1/5448
f 2816/1/5452 2818/1/5453 2834/1/5453
f 2834/1/5453 2832/1/5452 2816/1/5452
f 2817/1/5454 2757/1/5454 2835/1/5455
f 2835/1/5455 2833/1/5456 2817/1/5454
f 2792/1/5457 2836/1/5457 2834/1/5457
f 2834/1/5457 2818/1/5457 2792/1/5457
f 2837/1/5458 2835/1/5459 2757/1/5460
f 2757/1/5460 2756/1/5459 2837/1/5458
f 2838/1/5461 2836/1/5462 2792/1/5463
f 2792/1/5463 2791/1/5462 2838/1/5461
f 2837/1/5464 2756/1/5464 2793/1/5464
f 2793/1/5464 2839/1/5465 2837/1/5464
f 2840/1/5466 2838/1/5467 2791/1/5468
f 2791/1/5468 2794/1/5467 2840/1/5466
f 2795/1/5469 2841/1/5470 2839/1/5471
f 2839/1/5471 2793/1/5472 2795/1/5469
f 2794/1/5473 2796/1/5473 2842/1/5473
f 2842/1/5473 2840/1/5473 2794/1/5473
f 2843/1/5474 2825/1/5475 2798/1/5474
f 2798/1/5474 2797/1/5474 2843/1/5474
f 2795/1/5476 2799/1/5477 2844/1/5476
f 2844/1/5476 2841/1/5476 2795/1/5476
f 2842/1/5478 2796/1/5479 2800/1/5480
f 2800/1/5480 2845/1/5481 2842/1/5478
f 2843/1/5482 2797/1/5482 2801/1/5483
f 2801/1/5483 2846/1/5484 2843/1/5482
f 2802/1/5485 2847/1/5486 2844/1/5486
f 2844/1/5486 2799/1/5487 2802/1/5485
f 2800/1/5488 2803/1/5489 2848/1/5489
f 2848/1/5489 2845/1/5489 2800/1/5488
f 2801/1/5490 2804/1/5491 2849/1/5490
f 2849/1/5490 2846/1/5490 2801/1/5490
f 2850/1/5492 2847/1/5493 2802/1/5494
f 2802/1/5494 2805/1/5495 2850/1/5492
f 2788/1/5496 2787/1/5496 2848/1/5496
f 2848/1/5496 2803/1/5496 2788/1/5496
f 2824/1/5497 2849/1/5498 2804/1/5499
f 2804/1/5499 2806/1/5500 2824/1/5497
f 2826/1/5501 2850/1/5502 2805/1/5503
f 2805/1/5503 2807/1/5504 2826/1/5501
f 2851/1/5505 2852/1/5506 2853/1/5507
f 2853/1/5507 2854/1/5506 2851/1/5505
f 2855/1/5508 2829/1/5509 2830/1/5510
f 2830/1/5510 2856/1/5511 2855/1/5508
f 2821/1/5512 2831/1/5513 2857/1/5514
f 2857/1/5514 2822/1/5515 2821/1/5512
f 2858/1/5516 2856/1/5517 2830/1/5518
f 2830/1/5518 2832/1/5519 2858/1/5516
f 2852/1/5520 2857/1/5521 2831/1/5522
f 2831/1/5522 2833/1/5520 2852/1/5520
f 2832/1/5523 2834/1/5524 2859/1/5525
f 2859/1/5525 2858/1/5526 2832/1/5523
f 2835/1/5527 2853/1/5528 2852/1/5529
f 2852/1/5529 2833/1/5528 2835/1/5527
f 2860/1/5530 2859/1/5531 2834/1/5532
f 2834/1/5532 2836/1/5533 2860/1/5530
f 2837/1/5534 2861/1/5535 2853/1/5536
f 2853/1/5536 2835/1/5537 2837/1/5534
f 2838/1/5538 2862/1/5539 2860/1/5540
f 2860/1/5540 2836/1/5541 2838/1/5538
f 2861/1/5542 2837/1/5543 2839/1/5544
f 2839/1/5544 2863/1/5545 2861/1/5542
f 2840/1/5546 2864/1/5547 2862/1/5548
f 2862/1/5548 2838/1/5549 2840/1/5546
f 2863/1/5550 2839/1/5551 2841/1/5550
f 2841/1/5550 2865/1/5552 2863/1/5550
f 2864/1/5553 2840/1/5554 2842/1/5555
f 2842/1/5555 2866/1/5556 2864/1/5553
f 2867/1/5557 2868/1/5558 2825/1/5559
f 2825/1/5559 2843/1/5557 2867/1/5557
f 2841/1/5560 2844/1/5561 2869/1/5562
f 2869/1/5562 2865/1/5563 2841/1/5560
f 2870/1/5564 2866/1/5565 2842/1/5566
f 2842/1/5566 2845/1/5567 2870/1/5564
f 2871/1/5568 2867/1/5569 2843/1/5570
f 2843/1/5570 2846/1/5568 2871/1/5568
f 2872/1/5571 2869/1/5572 2844/1/5572
f 2844/1/5572 2847/1/5571 2872/1/5571
f 2845/1/5573 2848/1/5574 2873/1/5573
f 2873/1/5573 2870/1/5575 2845/1/5573
f 2849/1/5576 2874/1/5576 2871/1/5577
f 2871/1/5577 2846/1/5577 2849/1/5576
f 2850/1/5578 2875/1/5579 2872/1/5580
f 2872/1/5580 2847/1/5581 2850/1/5578
f 2876/1/5582 2873/1/5583 2848/1/5582
f 2848/1/5582 2787/1/5584 2876/1/5582
f 2874/1/5585 2849/1/5586 2824/1/5587
f 2824/1/5587 2877/1/5588 2874/1/5585
f 2826/1/5589 2878/1/5590 2875/1/5589
f 2875/1/5589 2850/1/5589 2826/1/5589
f 2790/1/5591 2879/1/5591 2876/1/5592
f 2876/1/5592 2787/1/5593 2790/1/5591
f 2880/1/5594 2877/1/5595 2824/1/5596
f 2824/1/5596 2823/1/5597 2880/1/5594
f 2878/1/5598 2826/1/5599 2825/1/5598
f 2825/1/5598 2868/1/5599 2878/1/5598
f 2827/1/5600 2881/1/5601 2879/1/5600
f 2879/1/5600 2790/1/5602 2827/1/5600
f 2828/1/5603 2882/1/5604 2880/1/5605
f 2880/1/5605 2823/1/5606 2828/1/5603
f 2881/1/5607 2827/1/5608 2820/1/5607
f 2820/1/5607 2819/1/5607 2881/1/5607
f 2829/1/5609 2855/1/5610 2882/1/5611
f 2882/1/5611 2828/1/5612 2829/1/5609
f 2883/1/5613 2884/1/5613 2885/1/5614
f 2883/1/5613 2885/1/5614 2886/1/5615
f 2886/1/5615 2887/1/5614 2888/1/5614
f 2886/1/5615 2888/1/5614 2889/1/5616
f 2883/1/5613 2886/1/5615 2889/1/5616
f 2889/1/5616 2890/1/5614 2891/1/5617
f 2889/1/5616 2891/1/5617 2892/1/5618
f 2893/1/5614 2894/1/5614 2895/1/5619
f 2892/1/5618 2893/1/5614 2895/1/5619
f 2889/1/5616 2892/1/5618 2895/1/5619
f 2883/1/5613 2889/1/5616 2895/1/5619
f 2895/1/5619 2896/1/5620 2897/1/5614
f 2895/1/5619 2897/1/5614 2898/1/5621
f 2899/1/5617 2900/1/5622 2901/1/5623
f 2898/1/5621 2899/1/5617 2901/1/5623
f 2895/1/5619 2898/1/5621 2901/1/5623
f 2883/1/5613 2895/1/5619 2901/1/5623
f 2901/1/5623 2902/1/5624 2903/1/5625
f 2901/1/5623 2903/1/5625 2904/1/5626
f 2901/1/5623 2904/1/5626 2851/1/5627
f 2883/1/5613 2901/1/5623 2851/1/5627
f 2905/1/5614 2906/1/5614 2907/1/5614
f 2854/1/5614 2905/1/5614 2907/1/5614
f 2851/1/5627 2854/1/5614 2907/1/5614
f 2851/1/5627 2907/1/5614 2908/1/5628
f 2883/1/5613 2851/1/5627 2908/1/5628
f 2908/1/5628 2909/1/5620 2910/1/5614
f 2908/1/5628 2910/1/5614 2911/1/5629
f 2908/1/5628 2911/1/5629 2912/1/5614
f 2883/1/5613 2908/1/5628 2912/1/5614
f 2860/1/5630 2893/1/5630 2892/1/5630
f 2892/1/5630 2859/1/5630 2860/1/5630
f 2905/1/5631 2854/1/5632 2853/1/5633
f 2853/1/5633 2861/1/5632 2905/1/5631
f 2893/1/5634 2860/1/5634 2862/1/5634
f 2862/1/5634 2894/1/5634 2893/1/5634
f 2861/1/5635 2863/1/5636 2906/1/5636
f 2906/1/5636 2905/1/5636 2861/1/5635
f 2895/1/5637 2894/1/5637 2862/1/5637
f 2862/1/5637 2864/1/5637 2895/1/5637
f 2907/1/5638 2906/1/5639 2863/1/5640
f 2863/1/5640 2865/1/5639 2907/1/5638
f 2864/1/5641 2866/1/5642 2896/1/5641
f 2896/1/5641 2895/1/5641 2864/1/5641
f 2883/1/5643 2912/1/5643 2868/1/5643
f 2868/1/5643 2867/1/5643 2883/1/5643
f 2869/1/5644 2908/1/5644 2907/1/5644
f 2907/1/5644 2865/1/5644 2869/1/5644
f 2897/1/5645 2896/1/5645 2866/1/5645
f 2866/1/5645 2870/1/5645 2897/1/5645
f 2867/1/5646 2871/1/5646 2884/1/5646
f 2884/1/5646 2883/1/5646 2867/1/5646
f 2872/1/5647 2909/1/5648 2908/1/5648
f 2908/1/5648 2869/1/5648 2872/1/5647
f 2873/1/5649 2898/1/5649 2897/1/5649
f 2897/1/5649 2870/1/5649 2873/1/5649
f 2885/1/5650 2884/1/5650 2871/1/5650
f 2871/1/5650 2874/1/5650 2885/1/5650
f 2909/1/5651 2872/1/5651 2875/1/5652
f 2875/1/5652 2910/1/5651 2909/1/5651
f 2876/1/5653 2899/1/5653 2898/1/5653
f 2898/1/5653 2873/1/5653 2876/1/5653
f 2877/1/5654 2886/1/5654 2885/1/5654
f 2885/1/5654 2874/1/5654 2877/1/5654
f 2911/1/5655 2910/1/5655 2875/1/5655
f 2875/1/5655 2878/1/5655 2911/1/5655
f 2899/1/5656 2876/1/5656 2879/1/5656
f 2879/1/5656 2900/1/5656 2899/1/5656
f 2880/1/5657 2887/1/5657 2886/1/5657
f 2886/1/5657 2877/1/5657 2880/1/5657
f 2868/1/5658 2912/1/5658 2911/1/5658
f 2911/1/5658 2878/1/5658 2868/1/5658
f 2901/1/5659 2900/1/5659 2879/1/5659
f 2879/1/5659 2881/1/5659 2901/1/5659
f 2887/1/5660 2880/1/5660 2882/1/5660
f 2882/1/5660 2888/1/5660 2887/1/5660
f 2881/1/5661 2819/1/5662 2902/1/5662
f 2902/1/5662 2901/1/5662 2881/1/5661
f 2889/1/5663 2888/1/5663 2882/1/5663
f 2882/1/5663 2855/1/5663 2889/1/5663
f 2903/1/5664 2902/1/5664 2819/1/5664
f 2819/1/5664 2822/1/5664 2903/1/5664
f 2855/1/5665 2856/1/5665 2890/1/5665
f 2890/1/5665 2889/1/5665 2855/1/5665
f 2857/1/5666 2904/1/5667 2903/1/5668
f 2903/1/5668 2822/1/5667 2857/1/5666
f 2891/1/5669 2890/1/5670 2856/1/5670
f 2856/1/5670 2858/1/5670 2891/1/5669
f 2852/1/5671 2851/1/5672 2904/1/5672
f 2904/1/5672 2857/1/5672 2852/1/5671
f 2859/1/5673 2892/1/5673 2891/1/5673
f 2891/1/5673 2858/1/5673 2859/1/5673
f 2913/1/5674 2914/1/5674 2915/1/5674
f 2915/1/5674 2916/1/5674 2917/1/5674
f 2913/1/5674 2915/1/5674 2917/1/5674
f 2917/1/5674 2918/1/5674 2919/1/5674
f 2919/1/5674 2920/1/5674 2921/1/5674
f 2917/1/5674 2919/1/5674 2921/1/5674
f 2913/1/5674 2917/1/5674 2921/1/5674
f 2921/1/5674 2922/1/5674 2923/1/5674
f 2923/1/5674 2924/1/5674 2925/1/5674
f 2921/1/5674 2923/1/5674 2925/1/5674
f 2925/1/5674 2926/1/5674 2927/1/5674
f 2927/1/5674 2928/1/5674 2929/1/5674
f 2925/1/5674 2927/1/5674 2929/1/5674
f 2921/1/5674 2925/1/5674 2929/1/5674
f 2929/1/5674 2930/1/5674 2931/1/5674
f 2931/1/5674 2932/1/5674 2933/1/5674
f 2929/1/5674 2931/1/5674 2933/1/5674
f 2933/1/5674 2934/1/5674 2935/1/5674
f 2935/1/5674 2936/1/5674 2937/1/5674
f 2933/1/5674 2935/1/5674 2937/1/5674
f 2929/1/5674 2933/1/5674 2937/1/5674
f 2921/1/5674 2929/1/5674 2937/1/5674
f 2913/1/5674 2921/1/5674 2937/1/5674
f 2938/1/5674 2939/1/5674 2940/1/5674
f 2937/1/5674 2938/1/5674 2940/1/5674
f 2937/1/5674 2940/1/5674 2941/1/5674
f 2913/1/5674 2937/1/5674 2941/1/5674
f 2942/1/5674 2913/1/5674 2941/1/5674
f 2942/1/5674 2941/1/5674 2943/1/5674
f 2942/1/5674 2943/1/5674 2944/1/5674
f 2945/1/5675 2946/1/5675 2947/1/5675
f 2947/1/5675 2948/1/5675 2945/1/5675
f 2949/1/5676 2937/1/5677 2936/1/5678
f 2936/1/5678 2950/1/5679 2949/1/5676
f 2922/1/5680 2951/1/5681 2952/1/5682
f 2952/1/5682 2923/1/5681 2922/1/5680
f 2936/1/5683 2935/1/5684 2953/1/5685
f 2953/1/5685 2950/1/5686 2936/1/5683
f 2921/1/5687 2954/1/5688 2951/1/5687
f 2951/1/5687 2922/1/5689 2921/1/5687
f 2934/1/5690 2955/1/5691 2953/1/5692
f 2953/1/5692 2935/1/5693 2934/1/5690
f 2920/1/5694 2956/1/5695 2954/1/5696
f 2954/1/5696 2921/1/5697 2920/1/5694
f 2933/1/5698 2957/1/5699 2955/1/5700
f 2955/1/5700 2934/1/5701 2933/1/5698
f 2919/1/5702 2958/1/5703 2956/1/5704
f 2956/1/5704 2920/1/5705 2919/1/5702
f 2932/1/5706 2959/1/5707 2957/1/5708
f 2957/1/5708 2933/1/5709 2932/1/5706
f 2918/1/5710 2960/1/5711 2958/1/5712
f 2958/1/5712 2919/1/5710 2918/1/5710
f 2931/1/5713 2961/1/5714 2959/1/5715
f 2959/1/5715 2932/1/5716 2931/1/5713
f 2962/1/5717 2913/1/5718 2942/1/5718
f 2942/1/5718 2963/1/5719 2962/1/5717
f 2917/1/5720 2964/1/5721 2960/1/5720
f 2960/1/5720 2918/1/5720 2917/1/5720
f 2930/1/5722 2965/1/5723 2961/1/5724
f 2961/1/5724 2931/1/5725 2930/1/5722
f 2963/1/5726 2942/1/5727 2944/1/5728
f 2944/1/5728 2966/1/5729 2963/1/5726
f 2916/1/5730 2967/1/5730 2964/1/5730
f 2964/1/5730 2917/1/5731 2916/1/5730
f 2929/1/5732 2968/1/5733 2965/1/5732
f 2965/1/5732 2930/1/5732 2929/1/5732
f 2966/1/5734 2944/1/5735 2943/1/5734
f 2943/1/5734 2948/1/5736 2966/1/5734
f 2915/1/5737 2969/1/5738 2967/1/5739
f 2967/1/5739 2916/1/5740 2915/1/5737
f 2928/1/5741 2970/1/5742 2968/1/5743
f 2968/1/5743 2929/1/5744 2928/1/5741
f 2943/1/5745 2941/1/5746 2945/1/5747
f 2945/1/5747 2948/1/5748 2943/1/5745
f 2914/1/5749 2971/1/5750 2969/1/5750
f 2969/1/5750 2915/1/5751 2914/1/5749
f 2927/1/5752 2972/1/5752 2970/1/5753
f 2970/1/5753 2928/1/5752 2927/1/5752
f 2940/1/5754 2973/1/5755 2945/1/5756
f 2945/1/5756 2941/1/5757 2940/1/5754
f 2914/1/5758 2913/1/5759 2962/1/5758
f 2962/1/5758 2971/1/5760 2914/1/5758
f 2926/1/5761 2974/1/5762 2972/1/5763
f 2972/1/5763 2927/1/5764 2926/1/5761
f 2975/1/5765 2973/1/5766 2940/1/5767
f 2940/1/5767 2939/1/5768 2975/1/5765
f 2925/1/5769 2976/1/5770 2974/1/5771
f 2974/1/5771 2926/1/5772 2925/1/5769
f 2938/1/5773 2977/1/5774 2975/1/5775
f 2975/1/5775 2939/1/5773 2938/1/5773
f 2924/1/5776 2978/1/5777 2976/1/5778
f 2976/1/5778 2925/1/5779 2924/1/5776
f 2949/1/5780 2977/1/5781 2938/1/5782
f 2938/1/5782 2937/1/5783 2949/1/5780
f 2923/1/5784 2952/1/5785 2978/1/5786
f 2978/1/5786 2924/1/5787 2923/1/5784
f 2979/1/5788 2980/1/5788 2947/1/5788
f 2947/1/5788 2946/1/5788 2981/1/5788
f 2979/1/5788 2947/1/5788 2981/1/5788
f 2981/1/5788 2982/1/5788 2983/1/5788
f 2981/1/5788 2983/1/5788 2984/1/5788
f 2979/1/5788 2981/1/5788 2984/1/5788
f 2979/1/5788 2984/1/5788 2985/1/5788
f 2985/1/5788 2986/1/5788 2987/1/5788
f 2987/1/5788 2988/1/5788 2989/1/5788
f 2985/1/5788 2987/1/5788 2989/1/5788
f 2989/1/5788 2990/1/5788 2991/1/5788
f 2991/1/5788 2992/1/5788 2993/1/5788
f 2989/1/5788 2991/1/5788 2993/1/5788
f 2985/1/5788 2989/1/5788 2993/1/5788
f 2993/1/5788 2994/1/5788 2995/1/5788
f 2995/1/5788 2996/1/5788 2997/1/5788
f 2993/1/5788 2995/1/5788 2997/1/5788
f 2997/1/5788 2998/1/5788 2999/1/5788
f 2999/1/5788 3000/1/5788 3001/1/5788
f 2997/1/5788 2999/1/5788 3001/1/5788
f 2993/1/5788 2997/1/5788 3001/1/5788
f 2985/1/5788 2993/1/5788 3001/1/5788
f 3001/1/5788 3002/1/5788 3003/1/5788
f 3003/1/5788 3004/1/5788 3005/1/5788
f 3001/1/5788 3003/1/5788 3005/1/5788
f 3005/1/5788 3006/1/5788 3007/1/5788
f 3005/1/5788 3007/1/5788 3008/1/5788
f 3001/1/5788 3005/1/5788 3008/1/5788
f 2985/1/5788 3001/1/5788 3008/1/5788
f 2979/1/5788 2985/1/5788 3008/1/5788
f 2971/1/5789 3007/1/5790 3006/1/5789
f 3006/1/5789 2969/1/5791 2971/1/5789
f 2972/1/5792 2994/1/5793 2993/1/5794
f 2993/1/5794 2970/1/5792 2972/1/5792
f 2973/1/5795 2981/1/5795 2946/1/5795
f 2946/1/5795 2945/1/5795 2973/1/5795
f 2971/1/5796 2962/1/5796 3008/1/5796
f 3008/1/5796 3007/1/5796 2971/1/5796
f 2974/1/5797 2995/1/5797 2994/1/5797
f 2994/1/5797 2972/1/5797 2974/1/5797
f 2975/1/5798 2982/1/5798 2981/1/5798
f 2981/1/5798 2973/1/5798 2975/1/5798
f 2976/1/5799 2996/1/5799 2995/1/5799
f 2995/1/5799 2974/1/5799 2976/1/5799
f 2977/1/5800 2983/1/5801 2982/1/5800
f 2982/1/5800 2975/1/5801 2977/1/5800
f 2978/1/5802 2997/1/5803 2996/1/5802
f 2996/1/5802 2976/1/5802 2978/1/5802
f 2949/1/5804 2984/1/5804 2983/1/5804
f 2983/1/5804 2977/1/5805 2949/1/5804
f 2952/1/5806 2998/1/5806 2997/1/5806
f 2997/1/5806 2978/1/5806 2952/1/5806
f 2950/1/5807 2985/1/5808 2984/1/5807
f 2984/1/5807 2949/1/5809 2950/1/5807
f 2951/1/5810 2999/1/5810 2998/1/5810
f 2998/1/5810 2952/1/5811 2951/1/5810
f 2953/1/5812 2986/1/5813 2985/1/5814
f 2985/1/5814 2950/1/5813 2953/1/5812
f 2954/1/5815 3000/1/5816 2999/1/5815
f 2999/1/5815 2951/1/5815 2954/1/5815
f 2955/1/5817 2987/1/5817 2986/1/5817
f 2986/1/5817 2953/1/5817 2955/1/5817
f 2956/1/5818 3001/1/5819 3000/1/5818
f 3000/1/5818 2954/1/5818 2956/1/5818
f 2957/1/5820 2988/1/5821 2987/1/5821
f 2987/1/5821 2955/1/5822 2957/1/5820
f 2958/1/5823 3002/1/5823 3001/1/5823
f 3001/1/5823 2956/1/5824 2958/1/5823
f 2959/1/5825 2989/1/5825 2988/1/5825
f 2988/1/5825 2957/1/5825 2959/1/5825
f 2960/1/5826 3003/1/5826 3002/1/5826
f 3002/1/5826 2958/1/5826 2960/1/5826
f 2961/1/5827 2990/1/5827 2989/1/5827
f 2989/1/5827 2959/1/5827 2961/1/5827
f 2963/1/5828 2979/1/5828 3008/1/5828
f 3008/1/5828 2962/1/5828 2963/1/5828
f 2964/1/5829 3004/1/5829 3003/1/5829
f 3003/1/5829 2960/1/5829 2964/1/5829
f 2965/1/5830 2991/1/5831 2990/1/5831
f 2990/1/5831 2961/1/5831 2965/1/5830
f 2966/1/5832 2980/1/5833 2979/1/5834
f 2979/1/5834 2963/1/5832 2966/1/5832
f 2967/1/5835 3005/1/5835 3004/1/5835
f 3004/1/5835 2964/1/5835 2967/1/5835
f 2968/1/5836 2992/1/5836 2991/1/5836
f 2991/1/5836 2965/1/5836 2968/1/5836
f 2948/1/5837 2947/1/5837 2980/1/5838
f 2980/1/5838 2966/1/5839 2948/1/5837
f 2969/1/5840 3006/1/5841 3005/1/5842
f 3005/1/5842 2967/1/5842 2969/1/5840
f 2970/1/5843 2993/1/5843 2992/1/5843
f 2992/1/5843 2968/1/5843 2970/1/5843
f 3009/1/5674 3010/1/5674 3011/1/5674
f 3011/1/5674 3012/1/5674 3013/1/5674
f 3009/1/5674 3011/1/5674 3013/1/5674
f 3013/1/5674 3014/1/5674 3015/1/5674
f 3015/1/5674 3016/1/5674 3017/1/5674
f 3013/1/5674 3015/1/5674 3017/1/5674
f 3009/1/5674 3013/1/5674 3017/1/5674
f 3017/1/5674 3018/1/5674 3019/1/5674
f 3019/1/5674 3020/1/5674 3021/1/5674
f 3017/1/5674 3019/1/5674 3021/1/5674
f 3021/1/5674 3022/1/5674 3023/1/5674
f 3023/1/5674 3024/1/5674 3025/1/5674
f 3021/1/5674 3023/1/5674 3025/1/5674
f 3017/1/5674 3021/1/5674 3025/1/5674
f 3025/1/5674 3026/1/5674 3027/1/5674
f 3027/1/5674 3028/1/5674 3029/1/5674
f 3025/1/5674 3027/1/5674 3029/1/5674
f 3029/1/5674 3030/1/5674 3031/1/5674
f 3031/1/5674 3032/1/5674 3033/1/5674
f 3029/1/5674 3031/1/5674 3033/1/5674
f 3025/1/5674 3029/1/5674 3033/1/5674
f 3017/1/5674 3025/1/5674 3033/1/5674
f 3009/1/5674 3017/1/5674 3033/1/5674
f 3034/1/5674 3035/1/5674 3036/1/5674
f 3033/1/5674 3034/1/5674 3036/1/5674
f 3033/1/5674 3036/1/5674 3037/1/5674
f 3009/1/5674 3033/1/5674 3037/1/5674
f 3038/1/5674 3009/1/5674 3037/1/5674
f 3038/1/5674 3037/1/5674 3039/1/5674
f 3038/1/5674 3039/1/5674 3040/1/5674
f 3041/1/5788 3042/1/5788 3043/1/5788
f 3043/1/5788 3044/1/5788 3045/1/5788
f 3041/1/5788 3043/1/5788 3045/1/5788
f 3045/1/5788 3046/1/5788 3047/1/5788
f 3047/1/5788 3048/1/5788 3049/1/5788
f 3045/1/5788 3047/1/5788 3049/1/5788
f 3041/1/5788 3045/1/5788 3049/1/5788
f 3049/1/5788 3050/1/5788 3051/1/5788
f 3051/1/5788 3052/1/5788 3053/1/5788
f 3049/1/5788 3051/1/5788 3053/1/5788
f 3053/1/5788 3054/1/5788 3055/1/5788
f 3055/1/5788 3056/1/5788 3057/1/5788
f 3053/1/5788 3055/1/5788 3057/1/5788
f 3049/1/5788 3053/1/5788 3057/1/5788
f 3041/1/5788 3049/1/5788 3057/1/5788
f 3057/1/5788 3058/1/5788 3059/1/5788
f 3059/1/5788 3060/1/5788 3061/1/5788
f 3057/1/5788 3059/1/5788 3061/1/5788
f 3061/1/5788 3062/1/5788 3063/1/5788
f 3063/1/5788 3064/1/5788 3065/1/5788
f 3061/1/5788 3063/1/5788 3065/1/5788
f 3057/1/5788 3061/1/5788 3065/1/5788
f 3065/1/5788 3066/1/5788 3067/1/5788
f 3067/1/5788 3068/1/5788 3069/1/5788
f 3065/1/5788 3067/1/5788 3069/1/5788
f 3069/1/5788 3070/1/5788 3071/1/5788
f 3069/1/5788 3071/1/5788 3072/1/5788
f 3065/1/5788 3069/1/5788 3072/1/5788
f 3057/1/5788 3065/1/5788 3072/1/5788
f 3041/1/5788 3057/1/5788 3072/1/5788
f 3034/1/5844 3047/1/5845 3046/1/5846
f 3046/1/5846 3035/1/5847 3034/1/5844
f 3020/1/5848 3061/1/5849 3060/1/5849
f 3060/1/5849 3021/1/5850 3020/1/5848
f 3048/1/5851 3047/1/5852 3034/1/5853
f 3034/1/5853 3033/1/5854 3048/1/5851
f 3019/1/5855 3062/1/5856 3061/1/5857
f 3061/1/5857 3020/1/5858 3019/1/5855
f 3048/1/5859 3033/1/5860 3032/1/5861
f 3032/1/5861 3049/1/5862 3048/1/5859
f 3018/1/5863 3063/1/5864 3062/1/5865
f 3062/1/5865 3019/1/5865 3018/1/5863
f 3032/1/5866 3031/1/5867 3050/1/5868
f 3050/1/5868 3049/1/5869 3032/1/5866
f 3017/1/5870 3064/1/5871 3063/1/5872
f 3063/1/5872 3018/1/5872 3017/1/5870
f 3030/1/5873 3051/1/5873 3050/1/5873
f 3050/1/5873 3031/1/5874 3030/1/5873
f 3016/1/5875 3065/1/5876 3064/1/5876
f 3064/1/5876 3017/1/5877 3016/1/5875
f 3029/1/5878 3052/1/5879 3051/1/5880
f 3051/1/5880 3030/1/5879 3029/1/5878
f 3015/1/5881 3066/1/5881 3065/1/5882
f 3065/1/5882 3016/1/5883 3015/1/5881
f 3028/1/5884 3053/1/5885 3052/1/5886
f 3052/1/5886 3029/1/5884 3028/1/5884
f 3014/1/5887 3067/1/5888 3066/1/5889
f 3066/1/5889 3015/1/5890 3014/1/5887
f 3027/1/5891 3054/1/5892 3053/1/5893
f 3053/1/5893 3028/1/5894 3027/1/5891
f 3072/1/5895 3009/1/5896 3038/1/5897
f 3038/1/5897 3041/1/5898 3072/1/5895
f 3013/1/5899 3068/1/5900 3067/1/5901
f 3067/1/5901 3014/1/5902 3013/1/5899
f 3026/1/5903 3055/1/5904 3054/1/5905
f 3054/1/5905 3027/1/5906 3026/1/5903
f 3041/1/5907 3038/1/5908 3040/1/5909
f 3040/1/5909 3042/1/5910 3041/1/5907
f 3012/1/5911 3069/1/5912 3068/1/5913
f 3068/1/5913 3013/1/5914 3012/1/5911
f 3025/1/5915 3056/1/5916 3055/1/5916
f 3055/1/5916 3026/1/5915 3025/1/5915
f 3042/1/5917 3040/1/5917 3039/1/5918
f 3039/1/5918 3043/1/5918 3042/1/5917
f 3011/1/5919 3070/1/5920 3069/1/5921
f 3069/1/5921 3012/1/5922 3011/1/5919
f 3024/1/5923 3057/1/5924 3056/1/5925
f 3056/1/5925 3025/1/5924 3024/1/5923
f 3039/1/5926 3037/1/5927 3044/1/5928
f 3044/1/5928 3043/1/5928 3039/1/5926
f 3010/1/5929 3071/1/5930 3070/1/5931
f 3070/1/5931 3011/1/5932 3010/1/5929
f 3023/1/5933 3058/1/5934 3057/1/5935
f 3057/1/5935 3024/1/5936 3023/1/5933
f 3036/1/5937 3045/1/5938 3044/1/5939
f 3044/1/5939 3037/1/5938 3036/1/5937
f 3010/1/5940 3009/1/5941 3072/1/5942
f 3072/1/5942 3071/1/5943 3010/1/5940
f 3022/1/5944 3059/1/5945 3058/1/5946
f 3058/1/5946 3023/1/5947 3022/1/5944
f 3046/1/5948 3045/1/5948 3036/1/5949
f 3036/1/5949 3035/1/5948 3046/1/5948
f 3021/1/5950 3060/1/5951 3059/1/5952
f 3059/1/5952 3022/1/5953 3021/1/5950
f 3073/1/5674 3074/1/5674 3075/1/5674
f 3075/1/5674 3076/1/5674 3077/1/5674
f 3073/1/5674 3075/1/5674 3077/1/5674
f 3077/1/5674 3078/1/5674 3079/1/5674
f 3079/1/5674 3080/1/5674 3081/1/5674
f 3077/1/5674 3079/1/5674 3081/1/5674
f 3073/1/5674 3077/1/5674 3081/1/5674
f 3081/1/5674 3082/1/5674 3083/1/5674
f 3083/1/5674 3084/1/5674 3085/1/5674
f 3081/1/5674 3083/1/5674 3085/1/5674
f 3085/1/5674 3086/1/5674 3087/1/5674
f 3087/1/5674 3088/1/5674 3089/1/5674
f 3085/1/5674 3087/1/5674 3089/1/5674
f 3081/1/5674 3085/1/5674 3089/1/5674
f 3089/1/5674 3090/1/5674 3091/1/5674
f 3091/1/5674 3092/1/5674 3093/1/5674
f 3089/1/5674 3091/1/5674 3093/1/5674
f 3093/1/5674 3094/1/5674 3095/1/5674
f 3095/1/5674 3096/1/5674 3097/1/5674
f 3093/1/5674 3095/1/5674 3097/1/5674
f 3089/1/5674 3093/1/5674 3097/1/5674
f 3081/1/5674 3089/1/5674 3097/1/5674
f 3073/1/5674 3081/1/5674 3097/1/5674
f 3098/1/5674 3099/1/5674 3100/1/5674
f 3097/1/5674 3098/1/5674 3100/1/5674
f 3097/1/5674 3100/1/5674 3101/1/5674
f 3073/1/5674 3097/1/5674 3101/1/5674
f 3102/1/5674 3073/1/5674 3101/1/5674
f 3102/1/5674 3101/1/5674 3103/1/5674
f 3102/1/5674 3103/1/5674 3104/1/5674
f 3105/1/5954 3106/1/5954 3107/1/5954
f 3107/1/5954 3108/1/5955 3105/1/5954
f 3075/1/5956 3109/1/5957 3110/1/5958
f 3110/1/5958 3076/1/5959 3075/1/5956
f 3088/1/5960 3111/1/5961 3112/1/5960
f 3112/1/5960 3089/1/5962 3088/1/5960
f 3103/1/5963 3101/1/5964 3113/1/5964
f 3113/1/5964 3114/1/5965 3103/1/5963
f 3074/1/5966 3115/1/5967 3109/1/5966
f 3109/1/5966 3075/1/5967 3074/1/5966
f 3087/1/5968 3116/1/5969 3111/1/5970
f 3111/1/5970 3088/1/5971 3087/1/5968
f 3100/1/5972 3117/1/5973 3113/1/5974
f 3113/1/5974 3101/1/5972 3100/1/5972
f 3074/1/5975 3073/1/5976 3118/1/5977
f 3118/1/5977 3115/1/5978 3074/1/5975
f 3086/1/5979 3119/1/5980 3116/1/5981
f 3116/1/5981 3087/1/5982 3086/1/5979
f 3120/1/5983 3117/1/5984 3100/1/5985
f 3100/1/5985 3099/1/5984 3120/1/5983
f 3085/1/5986 3121/1/5987 3119/1/5988
f 3119/1/5988 3086/1/5987 3085/1/5986
f 3098/1/5989 3122/1/5990 3120/1/5991
f 3120/1/5991 3099/1/5992 3098/1/5989
f 3084/1/5993 3123/1/5994 3121/1/5995
f 3121/1/5995 3085/1/5996 3084/1/5993
f 3124/1/5997 3122/1/5998 3098/1/5997
f 3098/1/5997 3097/1/5999 3124/1/5997
f 3083/1/6000 3125/1/6001 3123/1/6002
f 3123/1/6002 3084/1/6003 3083/1/6000
f 3124/1/6004 3097/1/6004 3096/1/6005
f 3096/1/6005 3126/1/6005 3124/1/6004
f 3082/1/6006 3127/1/6007 3125/1/6008
f 3125/1/6008 3083/1/6009 3082/1/6006
f 3096/1/6010 3095/1/6011 3128/1/6012
f 3128/1/6012 3126/1/6013 3096/1/6010
f 3081/1/6014 3108/1/6015 3127/1/6014
f 3127/1/6014 3082/1/6016 3081/1/6014
f 3094/1/6017 3129/1/6018 3128/1/6017
f 3128/1/6017 3095/1/6017 3094/1/6017
f 3080/1/6019 3105/1/6019 3108/1/6020
f 3108/1/6020 3081/1/6021 3080/1/6019
f 3093/1/6022 3130/1/6023 3129/1/6024
f 3129/1/6024 3094/1/6025 3093/1/6022
f 3079/1/6026 3131/1/6026 3105/1/6027
f 3105/1/6027 3080/1/6028 3079/1/6026
f 3092/1/6029 3132/1/6030 3130/1/6031
f 3130/1/6031 3093/1/6030 3092/1/6029
f 3078/1/6032 3133/1/6033 3131/1/6034
f 3131/1/6034 3079/1/6035 3078/1/6032
f 3091/1/6036 3134/1/6037 3132/1/6036
f 3132/1/6036 3092/1/6038 3091/1/6036
f 3118/1/6039 3073/1/6040 3102/1/6039
f 3102/1/6039 3135/1/6041 3118/1/6039
f 3077/1/6042 3136/1/6043 3133/1/6044
f 3133/1/6044 3078/1/6045 3077/1/6042
f 3090/1/6046 3137/1/6046 3134/1/6047
f 3134/1/6047 3091/1/6048 3090/1/6046
f 3135/1/6049 3102/1/6050 3104/1/6051
f 3104/1/6051 3138/1/6051 3135/1/6049
f 3076/1/6052 3110/1/6053 3136/1/6054
f 3136/1/6054 3077/1/6055 3076/1/6052
f 3089/1/6056 3112/1/6057 3137/1/6058
f 3137/1/6058 3090/1/6059 3089/1/6056
f 3138/1/6060 3104/1/6061 3103/1/6062
f 3103/1/6062 3114/1/6063 3138/1/6060
f 3139/1/5788 3140/1/5788 3141/1/5788
f 3141/1/5788 3142/1/5788 3143/1/5788
f 3139/1/5788 3141/1/5788 3143/1/5788
f 3143/1/5788 3144/1/5788 3145/1/5788
f 3143/1/5788 3145/1/5788 3146/1/5788
f 3139/1/5788 3143/1/5788 3146/1/5788
f 3139/1/5788 3146/1/5788 3147/1/5788
f 3147/1/5788 3148/1/5788 3149/1/5788
f 3149/1/5788 3150/1/5788 3151/1/5788
f 3147/1/5788 3149/1/5788 3151/1/5788
f 3151/1/5788 3152/1/5788 3153/1/5788
f 3153/1/5788 3154/1/5788 3155/1/5788
f 3151/1/5788 3153/1/5788 3155/1/5788
f 3147/1/5788 3151/1/5788 3155/1/5788
f 3155/1/5788 3156/1/5788 3157/1/5788
f 3157/1/5788 3158/1/5788 3159/1/5788
f 3155/1/5788 3157/1/5788 3159/1/5788
f 3159/1/5788 3160/1/5788 3161/1/5788
f 3161/1/5788 3107/1/5788 3106/1/5788
f 3159/1/5788 3161/1/5788 3106/1/5788
f 3155/1/5788 3159/1/5788 3106/1/5788
f 3147/1/5788 3155/1/5788 3106/1/5788
f 3106/1/5788 3162/1/5788 3163/1/5788
f 3163/1/5788 3164/1/5788 3165/1/5788
f 3106/1/5788 3163/1/5788 3165/1/5788
f 3165/1/5788 3166/1/5788 3167/1/5788
f 3165/1/5788 3167/1/5788 3168/1/5788
f 3106/1/5788 3165/1/5788 3168/1/5788
f 3147/1/5788 3106/1/5788 3168/1/5788
f 3139/1/5788 3147/1/5788 3168/1/5788
f 3130/1/5821 3150/1/5821 3149/1/5821
f 3149/1/5821 3129/1/5821 3130/1/5821
f 3131/1/6064 3162/1/6064 3106/1/6064
f 3106/1/6064 3105/1/6064 3131/1/6064
f 3132/1/5825 3151/1/5825 3150/1/5825
f 3150/1/5825 3130/1/5825 3132/1/5825
f 3133/1/6065 3163/1/6065 3162/1/6065
f 3162/1/6065 3131/1/6065 3133/1/6065
f 3134/1/6066 3152/1/6066 3151/1/6066
f 3151/1/6066 3132/1/6066 3134/1/6066
f 3135/1/6067 3139/1/6067 3168/1/6067
f 3168/1/6067 3118/1/6067 3135/1/6067
f 3136/1/5829 3164/1/5829 3163/1/5829
f 3163/1/5829 3133/1/5829 3136/1/5829
f 3137/1/6068 3153/1/6068 3152/1/6068
f 3152/1/6068 3134/1/6068 3137/1/6068
f 3138/1/6069 3140/1/6069 3139/1/6069
f 3139/1/6069 3135/1/6069 3138/1/6069
f 3110/1/6070 3165/1/6070 3164/1/6070
f 3164/1/6070 3136/1/6070 3110/1/6070
f 3112/1/6071 3154/1/6071 3153/1/6071
f 3153/1/6071 3137/1/6071 3112/1/6071
f 3114/1/5839 3141/1/5839 3140/1/5839
f 3140/1/5839 3138/1/5839 3114/1/5839
f 3109/1/5840 3166/1/6072 3165/1/5840
f 3165/1/5840 3110/1/6073 3109/1/5840
f 3111/1/6074 3155/1/6074 3154/1/6074
f 3154/1/6074 3112/1/6074 3111/1/6074
f 3113/1/6075 3142/1/6075 3141/1/6075
f 3141/1/6075 3114/1/6076 3113/1/6075
f 3115/1/6077 3167/1/6077 3166/1/6077
f 3166/1/6077 3109/1/6077 3115/1/6077
f 3116/1/6078 3156/1/6078 3155/1/6078
f 3155/1/6078 3111/1/6078 3116/1/6078
f 3117/1/5795 3143/1/5795 3142/1/5795
f 3142/1/5795 3113/1/5795 3117/1/5795
f 3115/1/6079 3118/1/6079 3168/1/6079
f 3168/1/6079 3167/1/6080 3115/1/6079
f 3119/1/6081 3157/1/6081 3156/1/6081
f 3156/1/6081 3116/1/6081 3119/1/6081
f 3120/1/6082 3144/1/6082 3143/1/6082
f 3143/1/6082 3117/1/6082 3120/1/6082
f 3121/1/5799 3158/1/5799 3157/1/5799
f 3157/1/5799 3119/1/5799 3121/1/5799
f 3122/1/6083 3145/1/6083 3144/1/6083
f 3144/1/6083 3120/1/6083 3122/1/6083
f 3123/1/5802 3159/1/5802 3158/1/5802
f 3158/1/5802 3121/1/5802 3123/1/5802
f 3124/1/6084 3146/1/6084 3145/1/6084
f 3145/1/6084 3122/1/6084 3124/1/6084
f 3125/1/6085 3160/1/6085 3159/1/6085
f 3159/1/6085 3123/1/6085 3125/1/6085
f 3126/1/5809 3147/1/5809 3146/1/5809
f 3146/1/5809 3124/1/5809 3126/1/5809
f 3127/1/6086 3161/1/6086 3160/1/6086
f 3160/1/6086 3125/1/6086 3127/1/6086
f 3128/1/5814 3148/1/5814 3147/1/5814
f 3147/1/5814 3126/1/5814 3128/1/5814
f 3108/1/5816 3107/1/5816 3161/1/5816
f 3161/1/5816 3127/1/5816 3108/1/5816
f 3129/1/6087 3149/1/6087 3148/1/6087
f 3148/1/6087 3128/1/6087 3129/1/6087
