# Blender 5.0.1
# www.blender.org
mtllib goddard_pata_largo.mtl
o C_rculo_001
v -0.130547 0.090596 -0.422584
v -0.127947 0.089196 -0.410284
v -0.109247 0.097196 -0.412784
v -0.111247 0.098896 -0.425184
v -0.090447 0.105196 -0.414284
v -0.091847 0.107096 -0.426684
v -0.111447 0.096196 -0.437484
v -0.131347 0.087696 -0.434884
v -0.091547 0.104696 -0.439084
v -0.146547 0.081196 -0.406784
v -0.141947 0.075496 -0.396684
v -0.123847 0.083296 -0.400084
v -0.105547 0.091096 -0.402484
v -0.087147 0.098896 -0.403984
v -0.068747 0.106696 -0.404484
v -0.071547 0.113196 -0.414784
v -0.072447 0.115396 -0.427184
v -0.071547 0.113196 -0.439684
v -0.089247 0.097996 -0.449384
v -0.068747 0.106696 -0.449984
v -0.109647 0.089296 -0.447784
v -0.129947 0.080596 -0.445084
v -0.150147 0.071996 -0.441284
v -0.151047 0.079296 -0.431184
v -0.149747 0.082496 -0.418984
v -0.103447 0.027096 -0.422584
v -0.084147 0.035296 -0.425184
v -0.083947 0.037896 -0.412784
v -0.102747 0.029896 -0.410284
v -0.106047 0.028496 -0.434884
v -0.086247 0.036996 -0.437484
v -0.064747 0.043596 -0.426684
v -0.065147 0.045996 -0.414284
v -0.066247 0.045496 -0.439084
v -0.121347 0.021996 -0.406784
v -0.104147 0.036996 -0.400084
v -0.122247 0.029296 -0.396684
v -0.122647 0.018896 -0.418984
v -0.125747 0.020096 -0.431184
v -0.130447 0.025796 -0.441284
v -0.110247 0.034396 -0.445084
v -0.089947 0.043096 -0.447784
v -0.069547 0.051796 -0.449384
v -0.046247 0.053996 -0.439684
v -0.049047 0.060496 -0.449984
v -0.045347 0.051796 -0.427184
v -0.046247 0.053996 -0.414784
v -0.067447 0.052696 -0.403984
v -0.049047 0.060496 -0.404484
v -0.085847 0.044796 -0.402484
v -0.178847 -0.005104 -0.402084
v -0.160347 0.002796 -0.408684
v -0.157947 0.006396 -0.396784
v -0.175847 -0.001304 -0.390384
v -0.183647 -0.004504 -0.413784
v -0.164647 0.003596 -0.420584
v -0.141647 0.010796 -0.414284
v -0.139747 0.014096 -0.402284
v -0.145347 0.011796 -0.426384
v -0.175447 0.006596 -0.380684
v -0.192647 -0.000704 -0.373484
v -0.193547 -0.008804 -0.382984
v -0.196947 -0.012804 -0.394484
v -0.202247 -0.012504 -0.405884
v -0.208647 -0.007504 -0.415484
v -0.189547 0.000596 -0.423484
v -0.170147 0.008896 -0.430484
v -0.150347 0.017296 -0.436384
v -0.140247 0.021596 -0.392284
v -0.157947 0.014096 -0.386884
v -0.249047 -0.035004 -0.365984
v -0.232147 -0.027804 -0.376384
v -0.227647 -0.023304 -0.365384
v -0.244047 -0.030304 -0.355284
v -0.255847 -0.035304 -0.376584
v -0.238447 -0.027904 -0.387384
v -0.214747 -0.020404 -0.385884
v -0.210747 -0.016104 -0.374684
v -0.220547 -0.020304 -0.397084
v -0.241947 -0.021804 -0.346484
v -0.257547 -0.028404 -0.335784
v -0.260047 -0.037104 -0.344284
v -0.265447 -0.042004 -0.354684
v -0.272747 -0.042604 -0.364984
v -0.280747 -0.038304 -0.373584
v -0.263447 -0.030904 -0.385484
v -0.245647 -0.023304 -0.396384
v -0.227347 -0.015504 -0.406384
v -0.209447 -0.007904 -0.365284
v -0.225947 -0.014904 -0.356284
v -0.311447 -0.061604 -0.315684
v -0.296647 -0.055304 -0.329484
v -0.290347 -0.050104 -0.319884
v -0.304647 -0.056204 -0.306484
v -0.320047 -0.062704 -0.324884
v -0.304847 -0.056304 -0.339084
v -0.281347 -0.048804 -0.342484
v -0.275447 -0.043704 -0.332484
v -0.289047 -0.049504 -0.352484
v -0.301047 -0.046904 -0.298784
v -0.314447 -0.052604 -0.284984
v -0.318347 -0.062004 -0.292284
v -0.325547 -0.067604 -0.301084
v -0.334547 -0.068904 -0.309884
v -0.329147 -0.058904 -0.332484
v -0.343947 -0.065204 -0.317184
v -0.313647 -0.052304 -0.347084
v -0.297547 -0.045404 -0.360684
v -0.272547 -0.034804 -0.324184
v -0.287147 -0.041004 -0.311884
v -0.363547 -0.083804 -0.253084
v -0.351647 -0.078704 -0.269784
v -0.343647 -0.072804 -0.261884
v -0.355347 -0.077804 -0.245684
v -0.373647 -0.085604 -0.260484
v -0.361347 -0.080304 -0.277684
v -0.338947 -0.073304 -0.285784
v -0.331347 -0.067504 -0.277384
v -0.348347 -0.074804 -0.294084
v -0.350447 -0.068004 -0.239584
v -0.361047 -0.072504 -0.223184
v -0.366147 -0.082404 -0.228884
v -0.374747 -0.088604 -0.235784
v -0.385247 -0.090504 -0.242684
v -0.395847 -0.087404 -0.248484
v -0.384047 -0.082304 -0.266684
v -0.371447 -0.077004 -0.284184
v -0.358147 -0.071304 -0.301084
v -0.327147 -0.058104 -0.270484
v -0.339147 -0.063204 -0.255384
v -0.403547 -0.100904 -0.180684
v -0.394747 -0.097104 -0.199584
v -0.385547 -0.090704 -0.193684
v -0.394047 -0.094304 -0.175384
v -0.414747 -0.103104 -0.185984
v -0.405747 -0.099304 -0.205384
v -0.385147 -0.093104 -0.217984
v -0.376247 -0.086704 -0.211584
v -0.395947 -0.095104 -0.224384
v -0.388247 -0.084104 -0.170984
v -0.395747 -0.087304 -0.152684
v -0.401747 -0.097604 -0.156584
v -0.411347 -0.104204 -0.161384
v -0.422847 -0.106604 -0.166084
v -0.434447 -0.103804 -0.170084
v -0.426147 -0.100304 -0.190384
v -0.416947 -0.096304 -0.210284
v -0.406847 -0.092004 -0.229684
v -0.370947 -0.076704 -0.206284
v -0.380047 -0.080604 -0.188884
v -0.429647 -0.112004 -0.101184
v -0.424447 -0.109804 -0.121584
v -0.414447 -0.103004 -0.117984
v -0.419547 -0.105104 -0.098184
v -0.441647 -0.114604 -0.104184
v -0.436347 -0.112304 -0.125184
v -0.418347 -0.107204 -0.141584
v -0.408547 -0.100504 -0.137484
v -0.430047 -0.109604 -0.145784
v -0.413047 -0.094704 -0.095684
v -0.417147 -0.096404 -0.076084
v -0.423647 -0.106904 -0.078084
v -0.433947 -0.113804 -0.080584
v -0.446047 -0.116504 -0.082984
v -0.458147 -0.113904 -0.084984
v -0.453647 -0.112004 -0.106684
v -0.448147 -0.109704 -0.128184
v -0.441747 -0.106904 -0.149284
v -0.402347 -0.090104 -0.133984
v -0.408147 -0.092604 -0.114984
v -0.441047 -0.116904 -0.017684
v -0.439647 -0.116304 -0.038784
v -0.429147 -0.109304 -0.037484
v -0.430547 -0.109804 -0.017084
v -0.453447 -0.119604 -0.018284
v -0.451947 -0.119004 -0.039984
v -0.437247 -0.115304 -0.059684
v -0.426847 -0.108304 -0.057884
v -0.449447 -0.117904 -0.061584
v -0.423847 -0.099304 -0.016584
v -0.424347 -0.099504 0.003516
v -0.431047 -0.110004 0.003516
v -0.441547 -0.117104 0.003516
v -0.453947 -0.119804 0.003516
v -0.465647 -0.117104 -0.018784
v -0.466147 -0.117304 0.003516
v -0.464147 -0.116504 -0.040984
v -0.461647 -0.115404 -0.063084
v -0.420247 -0.097804 -0.056384
v -0.422547 -0.098704 -0.036484
v -0.437247 -0.115304 0.066716
v -0.439647 -0.116304 0.045716
v -0.429147 -0.109304 0.044516
v -0.426847 -0.108304 0.064816
v -0.449447 -0.117904 0.068516
v -0.451947 -0.119004 0.046916
v -0.441047 -0.116904 0.024616
v -0.430547 -0.109804 0.024016
v -0.453447 -0.119604 0.025216
v -0.420247 -0.097804 0.063316
v -0.417147 -0.096404 0.083116
v -0.423647 -0.106904 0.085116
v -0.433947 -0.113804 0.087516
v -0.446047 -0.116504 0.089916
v -0.461647 -0.115404 0.070016
v -0.458147 -0.113904 0.091916
v -0.464147 -0.116504 0.047916
v -0.465647 -0.117104 0.025716
v -0.423847 -0.099304 0.023516
v -0.422547 -0.098704 0.043416
v -0.418347 -0.107204 0.148616
v -0.424447 -0.109804 0.128516
v -0.414447 -0.103004 0.124916
v -0.408547 -0.100504 0.144416
v -0.430047 -0.109604 0.152816
v -0.436347 -0.112304 0.132116
v -0.429647 -0.112004 0.108116
v -0.419547 -0.105104 0.105116
v -0.441647 -0.114604 0.111116
v -0.402347 -0.090104 0.140916
v -0.395747 -0.087304 0.159616
v -0.401747 -0.097604 0.163516
v -0.411347 -0.104204 0.168316
v -0.422847 -0.106604 0.173016
v -0.441747 -0.106904 0.156216
v -0.434447 -0.103804 0.177016
v -0.448147 -0.109704 0.135116
v -0.453647 -0.112004 0.113616
v -0.413047 -0.094704 0.102616
v -0.408147 -0.092604 0.121916
v -0.385147 -0.093104 0.224916
v -0.394747 -0.097104 0.206516
v -0.385547 -0.090704 0.200616
v -0.376247 -0.086704 0.218516
v -0.395947 -0.095104 0.231316
v -0.405747 -0.099304 0.212416
v -0.403547 -0.100904 0.187616
v -0.394047 -0.094304 0.182316
v -0.414747 -0.103104 0.192916
v -0.370947 -0.076704 0.213216
v -0.361047 -0.072504 0.230116
v -0.366147 -0.082404 0.235816
v -0.374747 -0.088604 0.242816
v -0.385247 -0.090504 0.249716
v -0.406847 -0.092004 0.236616
v -0.395847 -0.087404 0.255416
v -0.416947 -0.096304 0.217216
v -0.426147 -0.100304 0.197316
v -0.388247 -0.084104 0.177916
v -0.380047 -0.080604 0.195816
v -0.338947 -0.073304 0.292716
v -0.351647 -0.078704 0.276716
v -0.343647 -0.072804 0.268816
v -0.331347 -0.067504 0.284416
v -0.348347 -0.074804 0.301116
v -0.361347 -0.080304 0.284616
v -0.363547 -0.083804 0.260016
v -0.355347 -0.077804 0.252616
v -0.373647 -0.085604 0.267416
v -0.327147 -0.058104 0.277416
v -0.314447 -0.052604 0.291916
v -0.318347 -0.062004 0.299216
v -0.325547 -0.067604 0.308016
v -0.334547 -0.068904 0.316816
v -0.358147 -0.071304 0.308016
v -0.343947 -0.065204 0.324116
v -0.371447 -0.077004 0.291116
v -0.384047 -0.082304 0.273616
v -0.350447 -0.068004 0.246516
v -0.339147 -0.063204 0.262316
v -0.281347 -0.048804 0.349416
v -0.296647 -0.055304 0.336416
v -0.290347 -0.050104 0.326816
v -0.275447 -0.043704 0.339416
v -0.289047 -0.049504 0.359416
v -0.304847 -0.056304 0.346016
v -0.311447 -0.061604 0.322616
v -0.304647 -0.056204 0.313416
v -0.320047 -0.062704 0.331816
v -0.272547 -0.034804 0.331116
v -0.257547 -0.028404 0.342716
v -0.260047 -0.037104 0.351216
v -0.265447 -0.042004 0.361616
v -0.272747 -0.042604 0.371916
v -0.297547 -0.045404 0.367716
v -0.280747 -0.038304 0.380516
v -0.313647 -0.052304 0.354016
v -0.329147 -0.058904 0.339416
v -0.301047 -0.046904 0.305716
v -0.287147 -0.041004 0.318816
v -0.214747 -0.020404 0.392816
v -0.232147 -0.027804 0.383316
v -0.227647 -0.023304 0.372316
v -0.210747 -0.016104 0.381616
v -0.220547 -0.020304 0.404116
v -0.238447 -0.027904 0.394316
v -0.249047 -0.035004 0.372916
v -0.244047 -0.030304 0.362216
v -0.255847 -0.035304 0.383616
v -0.209447 -0.007904 0.372316
v -0.192647 -0.000704 0.380416
v -0.193547 -0.008804 0.389916
v -0.196947 -0.012804 0.401416
v -0.202247 -0.012504 0.412916
v -0.227347 -0.015504 0.413416
v -0.208647 -0.007504 0.422416
v -0.245647 -0.023304 0.403416
v -0.263447 -0.030904 0.392416
v -0.241947 -0.021804 0.353416
v -0.225947 -0.014904 0.363316
v -0.141647 0.010796 0.421316
v -0.160347 0.002796 0.415616
v -0.157947 0.006396 0.403716
v -0.139747 0.014096 0.409216
v -0.145347 0.011796 0.433316
v -0.164647 0.003596 0.427516
v -0.178847 -0.005104 0.409016
v -0.175847 -0.001304 0.397316
v -0.183647 -0.004504 0.420716
v -0.140247 0.021596 0.399216
v -0.122247 0.029296 0.403616
v -0.121347 0.021996 0.413716
v -0.122647 0.018896 0.425916
v -0.125747 0.020096 0.438116
v -0.150347 0.017296 0.443316
v -0.130447 0.025796 0.448216
v -0.170147 0.008896 0.437416
v -0.189547 0.000596 0.430416
v -0.175447 0.006596 0.387616
v -0.157947 0.014096 0.393916
v -0.064747 0.043596 0.433616
v -0.084147 0.035296 0.432116
v -0.083947 0.037896 0.419716
v -0.065147 0.045996 0.421216
v -0.066247 0.045496 0.446116
v -0.086247 0.036996 0.444516
v -0.103447 0.027096 0.429516
v -0.102747 0.029896 0.417216
v -0.106047 0.028496 0.441816
v -0.067447 0.052696 0.410916
v -0.049047 0.060496 0.411416
v -0.046247 0.053996 0.421716
v -0.045347 0.051796 0.434216
v -0.046247 0.053996 0.446616
v -0.069547 0.051796 0.456416
v -0.049047 0.060496 0.456916
v -0.089947 0.043096 0.454716
v -0.110247 0.034396 0.452016
v -0.104147 0.036996 0.407016
v -0.085847 0.044796 0.409516
v 0.012753 0.076596 0.429516
v -0.006547 0.068396 0.432116
v -0.008547 0.070096 0.419716
v 0.010153 0.078096 0.417216
v 0.013553 0.079496 0.441816
v -0.006347 0.070996 0.444516
v -0.025947 0.060096 0.433616
v -0.027347 0.062096 0.421216
v -0.026247 0.062496 0.446116
v 0.006053 0.083996 0.407016
v 0.024153 0.091696 0.403616
v 0.028753 0.085996 0.413716
v 0.031953 0.084796 0.425916
v 0.033253 0.087896 0.438116
v 0.012153 0.086596 0.452016
v 0.032353 0.095196 0.448216
v -0.008147 0.077896 0.454716
v -0.028547 0.069196 0.456416
v -0.030647 0.068396 0.410916
v -0.012247 0.076196 0.409516
v 0.088153 0.108796 0.409016
v 0.069653 0.100896 0.415616
v 0.065453 0.101596 0.403716
v 0.083353 0.109296 0.397316
v 0.091053 0.112596 0.420716
v 0.072053 0.104496 0.427516
v 0.050953 0.092896 0.421316
v 0.047253 0.093896 0.409216
v 0.052753 0.096196 0.433316
v 0.077353 0.114396 0.387616
v 0.094553 0.121696 0.380416
v 0.100953 0.116796 0.389916
v 0.106253 0.116496 0.401416
v 0.109753 0.120496 0.412916
v 0.091453 0.120396 0.430416
v 0.110553 0.128596 0.422416
v 0.072053 0.112096 0.437416
v 0.052353 0.103696 0.443316
v 0.042153 0.099396 0.399216
v 0.059853 0.106996 0.393916
v 0.158353 0.138696 0.372916
v 0.141453 0.131496 0.383316
v 0.135153 0.131296 0.372316
v 0.151553 0.138296 0.362216
v 0.163253 0.143396 0.383616
v 0.145853 0.135896 0.394316
v 0.124053 0.124096 0.392816
v 0.118253 0.124096 0.381616
v 0.128053 0.128296 0.404116
v 0.143853 0.142796 0.353416
v 0.159453 0.149396 0.342716
v 0.167453 0.145096 0.351216
v 0.174753 0.145696 0.361616
v 0.180153 0.150596 0.371916
v 0.165353 0.151896 0.392416
v 0.182653 0.159296 0.380516
v 0.147553 0.144296 0.403416
v 0.129253 0.136496 0.413416
v 0.111453 0.128896 0.372316
v 0.127853 0.135896 0.363316
v 0.220753 0.165296 0.322616
v 0.205953 0.158996 0.336416
v 0.197853 0.158096 0.326816
v 0.212153 0.164196 0.313416
v 0.227453 0.170696 0.331816
v 0.212353 0.164296 0.346016
v 0.190653 0.152496 0.349416
v 0.182953 0.151696 0.339416
v 0.196553 0.157496 0.359416
v 0.202953 0.167996 0.305716
v 0.216353 0.173696 0.291916
v 0.225753 0.169996 0.299216
v 0.234853 0.171296 0.308016
v 0.241953 0.176896 0.316816
v 0.231053 0.179896 0.339416
v 0.245853 0.186296 0.324116
v 0.215553 0.173296 0.354016
v 0.199453 0.166496 0.367716
v 0.174553 0.155796 0.331116
v 0.189053 0.161996 0.318816
v 0.272853 0.187496 0.260016
v 0.260953 0.182396 0.276716
v 0.251153 0.180796 0.268816
v 0.262753 0.185796 0.252616
v 0.281153 0.193596 0.267416
v 0.268853 0.188396 0.284616
v 0.248253 0.176996 0.292716
v 0.238853 0.175596 0.284416
v 0.255753 0.182796 0.301116
v 0.252353 0.188996 0.246516
v 0.262953 0.193596 0.230116
v 0.273653 0.190396 0.235816
v 0.284053 0.192296 0.242816
v 0.292653 0.198496 0.249716
v 0.285953 0.203396 0.273616
v 0.297753 0.208396 0.255416
v 0.273353 0.197996 0.291116
v 0.260053 0.192296 0.308016
v 0.229053 0.179096 0.277416
v 0.241053 0.184196 0.262316
v 0.312853 0.204496 0.187616
v 0.304053 0.200796 0.206516
v 0.293053 0.198696 0.200616
v 0.301553 0.202296 0.182316
v 0.322253 0.211096 0.192916
v 0.313253 0.207296 0.212416
v 0.294453 0.196696 0.224916
v 0.283753 0.194696 0.218516
v 0.303353 0.203096 0.231316
v 0.290253 0.205196 0.177916
v 0.297653 0.208296 0.159616
v 0.309253 0.205596 0.163516
v 0.320653 0.207896 0.168316
v 0.330353 0.214596 0.173016
v 0.328053 0.221296 0.197316
v 0.336353 0.224796 0.177016
v 0.318853 0.217396 0.217216
v 0.308753 0.213096 0.236616
v 0.272853 0.197796 0.213216
v 0.281953 0.201596 0.195816
v 0.338953 0.215696 0.108116
v 0.333753 0.213496 0.128516
v 0.321953 0.210996 0.124916
v 0.326953 0.213096 0.105116
v 0.349153 0.222596 0.111116
v 0.343853 0.220296 0.132116
v 0.327653 0.210896 0.148616
v 0.315953 0.208496 0.144416
v 0.337553 0.217696 0.152816
v 0.314953 0.215696 0.102616
v 0.319053 0.217396 0.083116
v 0.331053 0.214896 0.085116
v 0.343253 0.217496 0.087516
v 0.353553 0.224496 0.089916
v 0.355553 0.232996 0.113616
v 0.360053 0.234896 0.091916
v 0.350153 0.230696 0.135116
v 0.343653 0.227996 0.156216
v 0.304353 0.211196 0.140916
v 0.310053 0.213596 0.121916
v 0.350353 0.220596 0.024616
v 0.348953 0.219996 0.045716
v 0.336653 0.217296 0.044516
v 0.338053 0.217896 0.024016
v 0.360853 0.227596 0.025216
v 0.359353 0.226996 0.046916
v 0.346553 0.218896 0.066716
v 0.334353 0.216296 0.064816
v 0.356953 0.225896 0.068516
v 0.325753 0.220296 0.023516
v 0.326253 0.220496 0.003516
v 0.338453 0.218096 0.003516
v 0.350853 0.220796 0.003516
v 0.361353 0.227796 0.003516
v 0.367553 0.238096 0.025716
v 0.368053 0.238396 0.003516
v 0.366053 0.237496 0.047916
v 0.363553 0.236396 0.070016
v 0.322153 0.218796 0.063316
v 0.324453 0.219696 0.043416
v 0.346553 0.218896 -0.059684
v 0.348953 0.219996 -0.038784
v 0.336653 0.217296 -0.037484
v 0.334353 0.216296 -0.057884
v 0.356953 0.225896 -0.061584
v 0.359353 0.226996 -0.039984
v 0.350353 0.220596 -0.017684
v 0.338053 0.217896 -0.017084
v 0.360853 0.227596 -0.018284
v 0.322153 0.218796 -0.056384
v 0.319053 0.217396 -0.076084
v 0.331053 0.214896 -0.078084
v 0.343253 0.217496 -0.080584
v 0.353553 0.224496 -0.082984
v 0.363553 0.236396 -0.063084
v 0.360053 0.234896 -0.084984
v 0.366053 0.237496 -0.040984
v 0.367553 0.238096 -0.018784
v 0.325753 0.220296 -0.016584
v 0.324453 0.219696 -0.036484
v 0.327653 0.210896 -0.141584
v 0.333753 0.213496 -0.121584
v 0.321953 0.210996 -0.117984
v 0.315953 0.208496 -0.137484
v 0.337553 0.217696 -0.145784
v 0.343853 0.220296 -0.125184
v 0.338953 0.215696 -0.101184
v 0.326953 0.213096 -0.098184
v 0.349153 0.222596 -0.104184
v 0.304353 0.211196 -0.133984
v 0.297653 0.208296 -0.152684
v 0.309253 0.205596 -0.156584
v 0.320653 0.207896 -0.161384
v 0.330353 0.214596 -0.166084
v 0.343653 0.227996 -0.149284
v 0.336353 0.224796 -0.170084
v 0.350153 0.230696 -0.128184
v 0.355553 0.232996 -0.106684
v 0.314953 0.215696 -0.095684
v 0.310053 0.213596 -0.114984
v 0.294453 0.196696 -0.217984
v 0.304053 0.200796 -0.199584
v 0.293053 0.198696 -0.193684
v 0.283753 0.194696 -0.211584
v 0.303353 0.203096 -0.224384
v 0.313253 0.207296 -0.205384
v 0.312853 0.204496 -0.180684
v 0.301553 0.202296 -0.175384
v 0.322253 0.211096 -0.185984
v 0.272853 0.197796 -0.206284
v 0.262953 0.193596 -0.223184
v 0.273653 0.190396 -0.228884
v 0.284053 0.192296 -0.235784
v 0.292653 0.198496 -0.242684
v 0.308753 0.213096 -0.229684
v 0.297753 0.208396 -0.248484
v 0.318853 0.217396 -0.210284
v 0.328053 0.221296 -0.190384
v 0.290253 0.205196 -0.170984
v 0.281953 0.201596 -0.188884
v 0.248253 0.176996 -0.285784
v 0.260953 0.182396 -0.269784
v 0.251153 0.180796 -0.261884
v 0.238853 0.175596 -0.277384
v 0.255753 0.182796 -0.294084
v 0.268853 0.188396 -0.277684
v 0.272853 0.187496 -0.253084
v 0.262753 0.185796 -0.245684
v 0.281153 0.193596 -0.260484
v 0.229053 0.179096 -0.270484
v 0.216353 0.173696 -0.284984
v 0.225753 0.169996 -0.292284
v 0.234853 0.171296 -0.301084
v 0.241953 0.176896 -0.309884
v 0.260053 0.192296 -0.301084
v 0.245853 0.186296 -0.317184
v 0.273353 0.197996 -0.284184
v 0.285953 0.203396 -0.266684
v 0.252353 0.188996 -0.239584
v 0.241053 0.184196 -0.255384
v 0.190653 0.152496 -0.342484
v 0.205953 0.158996 -0.329484
v 0.197853 0.158096 -0.319884
v 0.182953 0.151696 -0.332484
v 0.196553 0.157496 -0.352484
v 0.212353 0.164296 -0.339084
v 0.220753 0.165296 -0.315684
v 0.212153 0.164196 -0.306484
v 0.227453 0.170696 -0.324884
v 0.174553 0.155796 -0.324184
v 0.159453 0.149396 -0.335784
v 0.167453 0.145096 -0.344284
v 0.174753 0.145696 -0.354684
v 0.180153 0.150596 -0.364984
v 0.199453 0.166496 -0.360684
v 0.182653 0.159296 -0.373584
v 0.215553 0.173296 -0.347084
v 0.231053 0.179896 -0.332484
v 0.202953 0.167996 -0.298784
v 0.189053 0.161996 -0.311884
v 0.124053 0.124096 -0.385884
v 0.141453 0.131496 -0.376384
v 0.135153 0.131296 -0.365384
v 0.118253 0.124096 -0.374684
v 0.128053 0.128296 -0.397084
v 0.145853 0.135896 -0.387384
v 0.158353 0.138696 -0.365984
v 0.151553 0.138296 -0.355284
v 0.163253 0.143396 -0.376584
v 0.111453 0.128896 -0.365284
v 0.094553 0.121696 -0.373484
v 0.100953 0.116796 -0.382984
v 0.106253 0.116496 -0.394484
v 0.109753 0.120496 -0.405884
v 0.129253 0.136496 -0.406384
v 0.110553 0.128596 -0.415484
v 0.147553 0.144296 -0.396384
v 0.165353 0.151896 -0.385484
v 0.143853 0.142796 -0.346484
v 0.127853 0.135896 -0.356284
v 0.050953 0.092896 -0.414284
v 0.069653 0.100896 -0.408684
v 0.065453 0.101596 -0.396784
v 0.047253 0.093896 -0.402284
v 0.052753 0.096196 -0.426384
v 0.072053 0.104496 -0.420584
v 0.088153 0.108796 -0.402084
v 0.083353 0.109296 -0.390384
v 0.091053 0.112596 -0.413784
v 0.042153 0.099396 -0.392284
v 0.024153 0.091696 -0.396684
v 0.028753 0.085996 -0.406784
v 0.031953 0.084796 -0.418984
v 0.033253 0.087896 -0.431184
v 0.052353 0.103696 -0.436384
v 0.032353 0.095196 -0.441284
v 0.072053 0.112096 -0.430484
v 0.091453 0.120396 -0.423484
v 0.077353 0.114396 -0.380684
v 0.059853 0.106996 -0.386884
v -0.025947 0.060096 -0.426684
v -0.006547 0.068396 -0.425184
v -0.008547 0.070096 -0.412784
v -0.027347 0.062096 -0.414284
v -0.026247 0.062496 -0.439084
v -0.006347 0.070996 -0.437484
v 0.012753 0.076596 -0.422584
v 0.010153 0.078096 -0.410284
v 0.013553 0.079496 -0.434884
v -0.030647 0.068396 -0.403984
v -0.028547 0.069196 -0.449384
v -0.008147 0.077896 -0.447784
v 0.012153 0.086596 -0.445084
v 0.006053 0.083996 -0.400084
v -0.012247 0.076196 -0.402484
v -0.183247 0.065596 -0.396784
v -0.187447 0.066396 -0.408684
v -0.205947 0.058496 -0.402084
v -0.201147 0.057996 -0.390384
v -0.165047 0.073396 -0.402284
v -0.168747 0.074396 -0.414284
v -0.189847 0.062796 -0.420584
v -0.208847 0.054696 -0.413784
v -0.170547 0.070996 -0.426384
v -0.195147 0.052796 -0.380684
v -0.218747 0.050496 -0.382984
v -0.212347 0.045496 -0.373484
v -0.177647 0.060296 -0.386884
v -0.159947 0.067896 -0.392284
v -0.170147 0.063496 -0.436384
v -0.189847 0.055096 -0.430484
v -0.209247 0.046796 -0.423484
v -0.228347 0.038696 -0.415484
v -0.227547 0.046696 -0.405884
v -0.224047 0.050796 -0.394484
v -0.252947 0.035896 -0.365384
v -0.259247 0.035796 -0.376384
v -0.276147 0.028596 -0.365984
v -0.269347 0.028896 -0.355284
v -0.236047 0.043096 -0.374684
v -0.241847 0.043196 -0.385884
v -0.263647 0.031296 -0.387384
v -0.281047 0.023896 -0.376584
v -0.245847 0.038896 -0.397084
v -0.285247 0.022096 -0.344284
v -0.277247 0.017796 -0.335784
v -0.261647 0.024496 -0.346484
v -0.245647 0.031296 -0.356284
v -0.229247 0.038296 -0.365284
v -0.247047 0.030696 -0.406384
v -0.265347 0.022896 -0.396384
v -0.283147 0.015296 -0.385484
v -0.300447 0.007896 -0.373584
v -0.297947 0.016696 -0.364984
v -0.292547 0.021596 -0.354684
v -0.315647 0.009196 -0.319884
v -0.323747 0.008196 -0.329484
v -0.338547 0.001996 -0.315684
v -0.329947 0.003096 -0.306484
v -0.300747 0.015496 -0.332484
v -0.308447 0.014796 -0.342484
v -0.330147 0.002996 -0.339084
v -0.345247 -0.003504 -0.324884
v -0.314347 0.009696 -0.352484
v -0.343547 -0.002804 -0.292284
v -0.334147 -0.006404 -0.284984
v -0.320747 -0.000704 -0.298784
v -0.306847 0.005196 -0.311884
v -0.292347 0.011396 -0.324184
v -0.317247 0.000796 -0.360684
v -0.333347 -0.006104 -0.347084
v -0.348847 -0.012704 -0.332484
v -0.363647 -0.019004 -0.317184
v -0.359747 -0.009704 -0.309884
v -0.352647 -0.004004 -0.301084
v -0.368947 -0.013604 -0.261884
v -0.378747 -0.015204 -0.269784
v -0.390647 -0.020304 -0.253084
v -0.380547 -0.018504 -0.245684
v -0.356647 -0.008304 -0.277384
v -0.366047 -0.009804 -0.285784
v -0.386647 -0.021104 -0.277684
v -0.398947 -0.026404 -0.260484
v -0.373547 -0.015504 -0.294084
v -0.391447 -0.023204 -0.228884
v -0.380747 -0.026304 -0.223184
v -0.370147 -0.021804 -0.239584
v -0.358847 -0.016904 -0.255384
v -0.346847 -0.011804 -0.270484
v -0.377847 -0.025004 -0.301084
v -0.391147 -0.030704 -0.284184
v -0.403747 -0.036104 -0.266684
v -0.415547 -0.041104 -0.248484
v -0.410447 -0.031304 -0.242684
v -0.401847 -0.025004 -0.235784
v -0.410847 -0.031404 -0.193684
v -0.421847 -0.033604 -0.199584
v -0.430647 -0.037304 -0.180684
v -0.419347 -0.035104 -0.175384
v -0.401547 -0.027504 -0.211584
v -0.412247 -0.029504 -0.217984
v -0.431047 -0.040004 -0.205384
v -0.440047 -0.043904 -0.185984
v -0.421147 -0.035804 -0.224384
v -0.427047 -0.038304 -0.156584
v -0.415447 -0.041104 -0.152684
v -0.408047 -0.037904 -0.170984
v -0.399747 -0.034404 -0.188884
v -0.390647 -0.030504 -0.206284
v -0.426547 -0.045804 -0.229684
v -0.436647 -0.050104 -0.210284
v -0.445847 -0.054004 -0.190384
v -0.454147 -0.057604 -0.170084
v -0.448147 -0.047304 -0.166084
v -0.438447 -0.040704 -0.161384
v -0.439747 -0.043704 -0.117984
v -0.451547 -0.046204 -0.121584
v -0.456747 -0.048504 -0.101184
v -0.444747 -0.045904 -0.098184
v -0.433747 -0.041204 -0.137484
v -0.445447 -0.043604 -0.141584
v -0.461647 -0.053104 -0.125184
v -0.466947 -0.055404 -0.104184
v -0.455347 -0.050404 -0.145784
v -0.448847 -0.047704 -0.078084
v -0.436847 -0.050204 -0.076084
v -0.432747 -0.048504 -0.095684
v -0.427847 -0.046404 -0.114984
v -0.422147 -0.043904 -0.133984
v -0.461447 -0.060704 -0.149284
v -0.467947 -0.063404 -0.128184
v -0.473347 -0.065804 -0.106684
v -0.477847 -0.067704 -0.084984
v -0.471347 -0.057204 -0.082984
v -0.461047 -0.050304 -0.080584
v -0.454447 -0.050004 -0.037484
v -0.466747 -0.052704 -0.038784
v -0.468147 -0.053304 -0.017684
v -0.455847 -0.050604 -0.017084
v -0.452147 -0.049004 -0.057884
v -0.464347 -0.051704 -0.059684
v -0.477247 -0.059704 -0.039984
v -0.478647 -0.060404 -0.018284
v -0.474747 -0.058704 -0.061584
v -0.456247 -0.050804 0.003516
v -0.444047 -0.053304 0.003516
v -0.443547 -0.053104 -0.016584
v -0.442247 -0.052504 -0.036484
v -0.439947 -0.051504 -0.056384
v -0.481347 -0.069204 -0.063084
v -0.483847 -0.070204 -0.040984
v -0.485347 -0.070904 -0.018784
v -0.485847 -0.071104 0.003516
v -0.479147 -0.060604 0.003516
v -0.468647 -0.053504 0.003516
v -0.454447 -0.050004 0.044516
v -0.466747 -0.052704 0.045716
v -0.464347 -0.051704 0.066716
v -0.452147 -0.049004 0.064816
v -0.455847 -0.050604 0.024016
v -0.468147 -0.053304 0.024616
v -0.477247 -0.059704 0.046916
v -0.474747 -0.058704 0.068516
v -0.478647 -0.060404 0.025216
v -0.448847 -0.047704 0.085116
v -0.436847 -0.050204 0.083116
v -0.439947 -0.051504 0.063316
v -0.442247 -0.052504 0.043416
v -0.443547 -0.053104 0.023516
v -0.485347 -0.070904 0.025716
v -0.483847 -0.070204 0.047916
v -0.481347 -0.069204 0.070016
v -0.477847 -0.067704 0.091916
v -0.471347 -0.057204 0.089916
v -0.461047 -0.050304 0.087516
v -0.439747 -0.043704 0.124916
v -0.451547 -0.046204 0.128516
v -0.445447 -0.043604 0.148616
v -0.433747 -0.041204 0.144416
v -0.444747 -0.045904 0.105116
v -0.456747 -0.048504 0.108116
v -0.461647 -0.053104 0.132116
v -0.455347 -0.050404 0.152816
v -0.466947 -0.055404 0.111116
v -0.427047 -0.038304 0.163516
v -0.415447 -0.041104 0.159616
v -0.422147 -0.043904 0.140916
v -0.427847 -0.046404 0.121916
v -0.432747 -0.048504 0.102616
v -0.473347 -0.065804 0.113616
v -0.467947 -0.063404 0.135116
v -0.461447 -0.060704 0.156216
v -0.454147 -0.057604 0.177016
v -0.448147 -0.047304 0.173016
v -0.438447 -0.040704 0.168316
v -0.410847 -0.031404 0.200616
v -0.421847 -0.033604 0.206516
v -0.412247 -0.029504 0.224916
v -0.401547 -0.027504 0.218516
v -0.419347 -0.035104 0.182316
v -0.430647 -0.037304 0.187616
v -0.431047 -0.040004 0.212416
v -0.421147 -0.035804 0.231316
v -0.440047 -0.043904 0.192916
v -0.391447 -0.023204 0.235816
v -0.380747 -0.026304 0.230116
v -0.390647 -0.030504 0.213216
v -0.399747 -0.034404 0.195816
v -0.408047 -0.037904 0.177916
v -0.445847 -0.054004 0.197316
v -0.436647 -0.050104 0.217216
v -0.426547 -0.045804 0.236616
v -0.415547 -0.041104 0.255416
v -0.410447 -0.031304 0.249716
v -0.401847 -0.025004 0.242716
v -0.368947 -0.013604 0.268816
v -0.378747 -0.015204 0.276716
v -0.366047 -0.009804 0.292716
v -0.356647 -0.008304 0.284416
v -0.380547 -0.018504 0.252616
v -0.390647 -0.020304 0.260016
v -0.386647 -0.021104 0.284616
v -0.373547 -0.015504 0.301116
v -0.398947 -0.026404 0.267416
v -0.343547 -0.002804 0.299216
v -0.334147 -0.006404 0.291916
v -0.346847 -0.011804 0.277416
v -0.358847 -0.016904 0.262316
v -0.370147 -0.021804 0.246516
v -0.403747 -0.036104 0.273616
v -0.391147 -0.030704 0.291116
v -0.377847 -0.025004 0.308016
v -0.363647 -0.019004 0.324116
v -0.359747 -0.009704 0.316816
v -0.352647 -0.004004 0.308016
v -0.315647 0.009196 0.326816
v -0.323747 0.008196 0.336416
v -0.308447 0.014796 0.349416
v -0.300747 0.015496 0.339416
v -0.329947 0.003096 0.313416
v -0.338547 0.001996 0.322616
v -0.330147 0.002996 0.346016
v -0.314347 0.009696 0.359416
v -0.345247 -0.003504 0.331816
v -0.285247 0.022096 0.351216
v -0.277247 0.017796 0.342716
v -0.292347 0.011396 0.331116
v -0.306847 0.005196 0.318816
v -0.320747 -0.000704 0.305716
v -0.348847 -0.012704 0.339416
v -0.333347 -0.006104 0.354016
v -0.317247 0.000796 0.367716
v -0.300447 0.007896 0.380516
v -0.297947 0.016696 0.371916
v -0.292547 0.021596 0.361616
v -0.252947 0.035896 0.372316
v -0.259247 0.035796 0.383316
v -0.241847 0.043196 0.392816
v -0.236047 0.043096 0.381616
v -0.269347 0.028896 0.362216
v -0.276147 0.028596 0.372916
v -0.263647 0.031296 0.394316
v -0.245847 0.038896 0.404116
v -0.281047 0.023896 0.383616
v -0.218747 0.050496 0.389916
v -0.212347 0.045496 0.380416
v -0.229247 0.038296 0.372316
v -0.245647 0.031296 0.363316
v -0.261647 0.024496 0.353416
v -0.283147 0.015296 0.392416
v -0.265347 0.022896 0.403416
v -0.247047 0.030696 0.413416
v -0.228347 0.038696 0.422416
v -0.227547 0.046696 0.412916
v -0.224047 0.050796 0.401416
v -0.183247 0.065596 0.403716
v -0.187447 0.066396 0.415616
v -0.168747 0.074396 0.421316
v -0.165047 0.073396 0.409216
v -0.201147 0.057996 0.397316
v -0.205947 0.058496 0.409016
v -0.189847 0.062796 0.427516
v -0.170547 0.070996 0.433316
v -0.208847 0.054696 0.420716
v -0.146547 0.081196 0.413716
v -0.141947 0.075496 0.403616
v -0.159947 0.067896 0.399216
v -0.177647 0.060296 0.393916
v -0.195147 0.052796 0.387616
v -0.209247 0.046796 0.430416
v -0.189847 0.055096 0.437416
v -0.170147 0.063496 0.443316
v -0.150147 0.071996 0.448216
v -0.151047 0.079296 0.438116
v -0.149747 0.082496 0.425916
v -0.109247 0.097196 0.419716
v -0.111247 0.098896 0.432116
v -0.091847 0.107096 0.433616
v -0.090447 0.105196 0.421216
v -0.127947 0.089196 0.417216
v -0.130547 0.090596 0.429516
v -0.111447 0.096196 0.444516
v -0.091547 0.104696 0.446116
v -0.131347 0.087696 0.441816
v -0.071547 0.113196 0.421716
v -0.068747 0.106696 0.411416
v -0.087147 0.098896 0.410916
v -0.105547 0.091096 0.409516
v -0.123847 0.083296 0.407016
v -0.129947 0.080596 0.452016
v -0.109647 0.089296 0.454716
v -0.089247 0.097996 0.456416
v -0.068747 0.106696 0.456916
v -0.071547 0.113196 0.446616
v -0.072447 0.115396 0.434216
v -0.033847 0.129296 0.419716
v -0.033647 0.131996 0.432116
v -0.014347 0.140196 0.429516
v -0.015047 0.137296 0.417216
v -0.052647 0.121296 0.421216
v -0.053047 0.123696 0.433616
v -0.031547 0.130296 0.444516
v -0.011747 0.138696 0.441816
v -0.051547 0.121796 0.446116
v 0.003553 0.145296 0.413716
v 0.004453 0.137996 0.403616
v -0.013647 0.130196 0.407016
v -0.031947 0.122396 0.409516
v -0.050347 0.114596 0.410916
v -0.048247 0.115496 0.456416
v -0.027847 0.124196 0.454716
v -0.007547 0.132796 0.452016
v 0.012653 0.141396 0.448216
v 0.007953 0.147196 0.438116
v 0.004853 0.148396 0.425916
v 0.040153 0.160896 0.403716
v 0.042553 0.164396 0.415616
v 0.061053 0.172296 0.409016
v 0.058053 0.168496 0.397316
v 0.021953 0.153096 0.409216
v 0.023853 0.156496 0.421316
v 0.046853 0.163696 0.427516
v 0.065753 0.171796 0.420716
v 0.027553 0.155496 0.433316
v 0.075753 0.175996 0.389916
v 0.074853 0.167996 0.380416
v 0.057653 0.160596 0.387616
v 0.040153 0.153196 0.393916
v 0.022453 0.145596 0.399216
v 0.032553 0.149996 0.443316
v 0.052353 0.158396 0.437416
v 0.071753 0.166696 0.430416
v 0.090853 0.174796 0.422416
v 0.084453 0.179796 0.412916
v 0.079153 0.180096 0.401416
v 0.109853 0.190596 0.372316
v 0.114353 0.194996 0.383316
v 0.131253 0.202296 0.372916
v 0.126253 0.197596 0.362216
v 0.092953 0.183396 0.381616
v 0.096953 0.187596 0.392816
v 0.120653 0.195196 0.394316
v 0.138053 0.202596 0.383616
v 0.102753 0.187596 0.404116
v 0.142253 0.204396 0.351216
v 0.139753 0.195596 0.342716
v 0.124153 0.188996 0.353416
v 0.108153 0.182196 0.363316
v 0.091653 0.175196 0.372316
v 0.109553 0.182796 0.413416
v 0.127853 0.190596 0.403416
v 0.145653 0.198196 0.392416
v 0.162953 0.205496 0.380516
v 0.154953 0.209796 0.371916
v 0.147653 0.209296 0.361616
v 0.172553 0.217296 0.326816
v 0.178853 0.222596 0.336416
v 0.193653 0.228896 0.322616
v 0.186853 0.223396 0.313416
v 0.157653 0.210996 0.339416
v 0.163553 0.215996 0.349416
v 0.187053 0.223496 0.346016
v 0.202253 0.229996 0.331816
v 0.171253 0.216796 0.359416
v 0.200553 0.229196 0.299216
v 0.196653 0.219896 0.291916
v 0.183253 0.214196 0.305716
v 0.169353 0.208296 0.318816
v 0.154753 0.202096 0.331116
v 0.179753 0.212696 0.367716
v 0.195853 0.219596 0.354016
v 0.211353 0.226196 0.339416
v 0.226153 0.232496 0.324116
v 0.216753 0.236096 0.316816
v 0.207753 0.234896 0.308016
v 0.225853 0.240096 0.268816
v 0.233853 0.245996 0.276716
v 0.245753 0.251096 0.260016
v 0.237553 0.244996 0.252616
v 0.213553 0.234796 0.284416
v 0.221153 0.240596 0.292716
v 0.243553 0.247596 0.284616
v 0.255853 0.252796 0.267416
v 0.230553 0.241996 0.301116
v 0.248353 0.249596 0.235816
v 0.243253 0.239796 0.230116
v 0.232653 0.235296 0.246516
v 0.221353 0.230396 0.262316
v 0.209353 0.225296 0.277416
v 0.240353 0.238496 0.308016
v 0.253653 0.244196 0.291116
v 0.266253 0.249596 0.273616
v 0.278053 0.254596 0.255416
v 0.267453 0.257796 0.249716
v 0.256953 0.255896 0.242816
v 0.267753 0.257896 0.200616
v 0.276953 0.264396 0.206516
v 0.285753 0.268096 0.187616
v 0.276253 0.261496 0.182316
v 0.258453 0.253996 0.218516
v 0.267353 0.260296 0.224916
v 0.287953 0.266496 0.212416
v 0.296953 0.270396 0.192916
v 0.278153 0.262296 0.231316
v 0.283953 0.264796 0.163516
v 0.277953 0.254596 0.159616
v 0.270453 0.251396 0.177916
v 0.262253 0.247896 0.195816
v 0.253153 0.243996 0.213216
v 0.289053 0.259296 0.236616
v 0.299153 0.263596 0.217216
v 0.308353 0.267496 0.197316
v 0.316653 0.271096 0.177016
v 0.305053 0.273796 0.173016
v 0.293553 0.271496 0.168316
v 0.296653 0.270196 0.124916
v 0.306653 0.277096 0.128516
v 0.311853 0.279296 0.108116
v 0.301753 0.272396 0.105116
v 0.290753 0.267696 0.144416
v 0.300553 0.274496 0.148616
v 0.318553 0.279596 0.132116
v 0.323853 0.281796 0.111116
v 0.312253 0.276896 0.152816
v 0.305853 0.274096 0.085116
v 0.299353 0.263696 0.083116
v 0.295253 0.261996 0.102616
v 0.290353 0.259896 0.121916
v 0.284553 0.257396 0.140916
v 0.323953 0.274196 0.156216
v 0.330353 0.276896 0.135116
v 0.335853 0.279296 0.113616
v 0.340353 0.281196 0.091916
v 0.328253 0.283696 0.089916
v 0.316153 0.281096 0.087516
v 0.311353 0.276496 0.044516
v 0.321853 0.283496 0.045716
v 0.323253 0.284096 0.024616
v 0.312753 0.277096 0.024016
v 0.309053 0.275496 0.064816
v 0.319453 0.282496 0.066716
v 0.334153 0.286196 0.046916
v 0.335653 0.286796 0.025216
v 0.331653 0.285196 0.068516
v 0.313253 0.277296 0.003516
v 0.306553 0.266796 0.003516
v 0.306053 0.266596 0.023516
v 0.304753 0.265996 0.043416
v 0.302453 0.264996 0.063316
v 0.343853 0.282696 0.070016
v 0.346353 0.283696 0.047916
v 0.347853 0.284396 0.025716
v 0.348353 0.284596 0.003516
v 0.336153 0.286996 0.003516
v 0.323753 0.284296 0.003516
v 0.311353 0.276496 -0.037484
v 0.321853 0.283496 -0.038784
v 0.319453 0.282496 -0.059684
v 0.309053 0.275496 -0.057884
v 0.312753 0.277096 -0.017084
v 0.323253 0.284096 -0.017684
v 0.334153 0.286196 -0.039984
v 0.331653 0.285196 -0.061584
v 0.335653 0.286796 -0.018284
v 0.305853 0.274096 -0.078084
v 0.299353 0.263696 -0.076084
v 0.302453 0.264996 -0.056384
v 0.304753 0.265996 -0.036484
v 0.306053 0.266596 -0.016584
v 0.347853 0.284396 -0.018784
v 0.346353 0.283696 -0.040984
v 0.343853 0.282696 -0.063084
v 0.340353 0.281196 -0.084984
v 0.328253 0.283696 -0.082984
v 0.316153 0.281096 -0.080584
v 0.296653 0.270196 -0.117984
v 0.306653 0.277096 -0.121584
v 0.300553 0.274496 -0.141584
v 0.290753 0.267696 -0.137484
v 0.301753 0.272396 -0.098184
v 0.311853 0.279296 -0.101184
v 0.318553 0.279596 -0.125184
v 0.312253 0.276896 -0.145784
v 0.323853 0.281796 -0.104184
v 0.283953 0.264796 -0.156584
v 0.277953 0.254596 -0.152684
v 0.284553 0.257396 -0.133984
v 0.290353 0.259896 -0.114984
v 0.295253 0.261996 -0.095684
v 0.335853 0.279296 -0.106684
v 0.330353 0.276896 -0.128184
v 0.323953 0.274196 -0.149284
v 0.316653 0.271096 -0.170084
v 0.305053 0.273796 -0.166084
v 0.293553 0.271496 -0.161384
v 0.267753 0.257896 -0.193684
v 0.276953 0.264396 -0.199584
v 0.267353 0.260296 -0.217984
v 0.258453 0.253996 -0.211584
v 0.276253 0.261496 -0.175384
v 0.285753 0.268096 -0.180684
v 0.287953 0.266496 -0.205384
v 0.278153 0.262296 -0.224384
v 0.296953 0.270396 -0.185984
v 0.248353 0.249596 -0.228884
v 0.243253 0.239796 -0.223184
v 0.253153 0.243996 -0.206284
v 0.262253 0.247896 -0.188884
v 0.270453 0.251396 -0.170984
v 0.308353 0.267496 -0.190384
v 0.299153 0.263596 -0.210284
v 0.289053 0.259296 -0.229684
v 0.278053 0.254596 -0.248484
v 0.267453 0.257796 -0.242684
v 0.256953 0.255896 -0.235784
v 0.225853 0.240096 -0.261884
v 0.233853 0.245996 -0.269784
v 0.221153 0.240596 -0.285784
v 0.213553 0.234796 -0.277384
v 0.237553 0.244996 -0.245684
v 0.245753 0.251096 -0.253084
v 0.243553 0.247596 -0.277684
v 0.230553 0.241996 -0.294084
v 0.255853 0.252796 -0.260484
v 0.200553 0.229196 -0.292284
v 0.196653 0.219896 -0.284984
v 0.209353 0.225296 -0.270484
v 0.221353 0.230396 -0.255384
v 0.232653 0.235296 -0.239584
v 0.266253 0.249596 -0.266684
v 0.253653 0.244196 -0.284184
v 0.240353 0.238496 -0.301084
v 0.226153 0.232496 -0.317184
v 0.216753 0.236096 -0.309884
v 0.207753 0.234896 -0.301084
v 0.172553 0.217296 -0.319884
v 0.178853 0.222596 -0.329484
v 0.163553 0.215996 -0.342484
v 0.157653 0.210996 -0.332484
v 0.186853 0.223396 -0.306484
v 0.193653 0.228896 -0.315684
v 0.187053 0.223496 -0.339084
v 0.171253 0.216796 -0.352484
v 0.202253 0.229996 -0.324884
v 0.142253 0.204396 -0.344284
v 0.139753 0.195596 -0.335784
v 0.154753 0.202096 -0.324184
v 0.169353 0.208296 -0.311884
v 0.183253 0.214196 -0.298784
v 0.211353 0.226196 -0.332484
v 0.195853 0.219596 -0.347084
v 0.179753 0.212696 -0.360684
v 0.162953 0.205496 -0.373584
v 0.154953 0.209796 -0.364984
v 0.147653 0.209296 -0.354684
v 0.109853 0.190596 -0.365384
v 0.114353 0.194996 -0.376384
v 0.096953 0.187596 -0.385884
v 0.092953 0.183396 -0.374684
v 0.126253 0.197596 -0.355284
v 0.131253 0.202296 -0.365984
v 0.120653 0.195196 -0.387384
v 0.102753 0.187596 -0.397084
v 0.138053 0.202596 -0.376584
v 0.075753 0.175996 -0.382984
v 0.074853 0.167996 -0.373484
v 0.091653 0.175196 -0.365284
v 0.108153 0.182196 -0.356284
v 0.124153 0.188996 -0.346484
v 0.145653 0.198196 -0.385484
v 0.127853 0.190596 -0.396384
v 0.109553 0.182796 -0.406384
v 0.090853 0.174796 -0.415484
v 0.084453 0.179796 -0.405884
v 0.079153 0.180096 -0.394484
v 0.040153 0.160896 -0.396784
v 0.042553 0.164396 -0.408684
v 0.023853 0.156496 -0.414284
v 0.021953 0.153096 -0.402284
v 0.058053 0.168496 -0.390384
v 0.061053 0.172296 -0.402084
v 0.046853 0.163696 -0.420584
v 0.027553 0.155496 -0.426384
v 0.065753 0.171796 -0.413784
v 0.003553 0.145296 -0.406784
v 0.004453 0.137996 -0.396684
v 0.022453 0.145596 -0.392284
v 0.040153 0.153196 -0.386884
v 0.057653 0.160596 -0.380684
v 0.071753 0.166696 -0.423484
v 0.052353 0.158396 -0.430484
v 0.032553 0.149996 -0.436384
v 0.012653 0.141396 -0.441284
v 0.007953 0.147196 -0.431184
v 0.004853 0.148396 -0.418984
v -0.033847 0.129296 -0.412784
v -0.033647 0.131996 -0.425184
v -0.053047 0.123696 -0.426684
v -0.052647 0.121296 -0.414284
v -0.015047 0.137296 -0.410284
v -0.014347 0.140196 -0.422584
v -0.031547 0.130296 -0.437484
v -0.051547 0.121796 -0.439084
v -0.011747 0.138696 -0.434884
v -0.050347 0.114596 -0.403984
v -0.031947 0.122396 -0.402484
v -0.013647 0.130196 -0.400084
v -0.007547 0.132796 -0.445084
v -0.027847 0.124196 -0.447784
v -0.048247 0.115496 -0.449384
v 0.351253 0.243596 -0.129984
v 0.347753 0.256996 -0.130584
v 0.353353 0.259396 -0.108784
v 0.356853 0.245896 -0.108284
v 0.344753 0.240796 -0.151484
v 0.341253 0.254196 -0.152184
v 0.340453 0.268896 -0.129984
v 0.346053 0.271196 -0.108284
v 0.333953 0.266096 -0.151484
v 0.361353 0.247896 -0.086184
v 0.337253 0.237596 -0.172484
v 0.333753 0.250996 -0.173284
v 0.326553 0.262896 -0.172484
v 0.350553 0.273196 -0.086184
v 0.357853 0.261296 -0.086684
v -0.017347 0.086396 -0.396184
v -0.022847 0.098996 -0.394084
v -0.040847 0.091296 -0.395484
v -0.035347 0.078696 -0.397584
v 0.000653 0.094096 -0.393784
v -0.004947 0.106596 -0.391684
v -0.028047 0.111696 -0.396184
v -0.046147 0.103996 -0.397584
v -0.010047 0.119396 -0.393784
v -0.053547 0.070996 -0.398084
v 0.018553 0.101696 -0.390384
v 0.012753 0.114196 -0.388284
v 0.007753 0.126996 -0.390384
v -0.064247 0.096296 -0.398084
v -0.058947 0.083596 -0.395984
v -0.379247 -0.067904 -0.185784
v -0.382947 -0.054504 -0.184784
v -0.391047 -0.058004 -0.167284
v -0.387447 -0.071404 -0.168184
v -0.370347 -0.064104 -0.202984
v -0.374047 -0.050804 -0.201884
v -0.390047 -0.042604 -0.185784
v -0.398247 -0.046104 -0.168184
v -0.381147 -0.038804 -0.202984
v -0.394747 -0.074504 -0.150184
v -0.360647 -0.060004 -0.219584
v -0.364447 -0.046604 -0.218484
v -0.371447 -0.034704 -0.219584
v -0.405547 -0.049204 -0.150184
v -0.398347 -0.061104 -0.149384
v 0.319553 0.229996 -0.213284
v 0.315853 0.243396 -0.214284
v 0.325253 0.247396 -0.194084
v 0.328853 0.233996 -0.193084
v 0.309353 0.225696 -0.232884
v 0.305553 0.238996 -0.233984
v 0.308753 0.255296 -0.213284
v 0.318053 0.259296 -0.193084
v 0.298553 0.250996 -0.232884
v 0.298153 0.220896 -0.251984
v 0.294453 0.234296 -0.253184
v 0.287453 0.246196 -0.251984
v -0.094947 0.053296 -0.454184
v -0.100547 0.065896 -0.456284
v -0.079747 0.074696 -0.457984
v -0.074247 0.062096 -0.455784
v -0.115547 0.044496 -0.451384
v -0.121247 0.056996 -0.453484
v -0.105747 0.078596 -0.454184
v -0.085047 0.087396 -0.455784
v -0.126347 0.069796 -0.451384
v -0.053547 0.070996 -0.456384
v -0.136047 0.035796 -0.447484
v -0.141847 0.048296 -0.449584
v -0.146847 0.061096 -0.447484
v -0.064247 0.096296 -0.456384
v -0.058947 0.083596 -0.458484
v -0.407047 -0.079704 -0.113084
v -0.410547 -0.066304 -0.112484
v -0.415347 -0.068304 -0.093584
v -0.411847 -0.081804 -0.094084
v -0.401347 -0.077304 -0.131784
v -0.404847 -0.063904 -0.131084
v -0.417747 -0.054504 -0.113084
v -0.422647 -0.056504 -0.094084
v -0.412047 -0.052004 -0.131784
v -0.415847 -0.083504 -0.074884
v -0.426547 -0.058204 -0.074884
v -0.419247 -0.070004 -0.074484
v 0.273453 0.210396 -0.288284
v 0.269553 0.223696 -0.289584
v 0.282453 0.229196 -0.271684
v 0.286253 0.215796 -0.270484
v 0.259953 0.204596 -0.305284
v 0.255953 0.217896 -0.306784
v 0.262653 0.235696 -0.288284
v 0.275453 0.241096 -0.270484
v 0.249153 0.229896 -0.305284
v 0.245553 0.198496 -0.321684
v 0.241553 0.211696 -0.323184
v 0.234853 0.223796 -0.321684
v -0.176247 0.018596 -0.436584
v -0.182247 0.030996 -0.438584
v -0.162147 0.039596 -0.444684
v -0.156247 0.027196 -0.442584
v -0.196047 0.010196 -0.429484
v -0.202047 0.022596 -0.431484
v -0.187047 0.043896 -0.436584
v -0.167047 0.052396 -0.442584
v -0.206747 0.035496 -0.429484
v -0.215347 0.001996 -0.421384
v -0.221547 0.014296 -0.423284
v -0.226147 0.027296 -0.421384
v -0.421147 -0.085804 -0.035884
v -0.424547 -0.072304 -0.035684
v -0.425847 -0.072904 -0.016084
v -0.422447 -0.086304 -0.016184
v -0.418947 -0.084804 -0.055484
v -0.422347 -0.071304 -0.055084
v -0.431947 -0.060504 -0.035884
v -0.433247 -0.061004 -0.016184
v -0.429647 -0.059504 -0.055484
v -0.422947 -0.086504 0.003516
v -0.433647 -0.061204 0.003516
v -0.426347 -0.073004 0.003516
v 0.214853 0.185396 -0.351984
v 0.210653 0.198596 -0.353584
v 0.226453 0.205296 -0.338784
v 0.230553 0.192096 -0.337284
v 0.198453 0.178396 -0.365884
v 0.194253 0.191596 -0.367584
v 0.204053 0.210696 -0.351984
v 0.219753 0.217396 -0.337284
v 0.187653 0.203696 -0.365884
v 0.181453 0.171196 -0.378884
v 0.177153 0.184296 -0.380684
v 0.170753 0.196496 -0.378884
v -0.252947 -0.014004 -0.402084
v -0.259247 -0.001804 -0.403984
v -0.240547 0.006196 -0.414184
v -0.234347 -0.006104 -0.412184
v -0.270947 -0.021704 -0.390984
v -0.277347 -0.009504 -0.392784
v -0.263647 0.011196 -0.402084
v -0.245147 0.019196 -0.412184
v -0.281747 0.003496 -0.390984
v -0.288547 -0.029204 -0.378884
v -0.294947 -0.017004 -0.380684
v -0.299247 -0.003904 -0.378884
v -0.421147 -0.085804 0.042816
v -0.424547 -0.072304 0.042616
v -0.422347 -0.071304 0.062116
v -0.418947 -0.084804 0.062416
v -0.422447 -0.086304 0.023216
v -0.425847 -0.072904 0.023116
v -0.431947 -0.060504 0.042816
v -0.429647 -0.059504 0.062416
v -0.433247 -0.061004 0.023216
v -0.415847 -0.083504 0.081816
v -0.426547 -0.058204 0.081816
v -0.419247 -0.070004 0.081416
v 0.145853 0.155996 -0.402084
v 0.141453 0.168996 -0.403984
v 0.159553 0.176796 -0.392784
v 0.163953 0.163696 -0.390984
v 0.127353 0.148096 -0.412184
v 0.122753 0.161096 -0.414184
v 0.135153 0.181296 -0.402084
v 0.153153 0.188996 -0.390984
v 0.116553 0.173396 -0.412184
v 0.108353 0.139996 -0.421384
v 0.103753 0.152996 -0.423284
v 0.097553 0.165296 -0.421384
v -0.321847 -0.043404 -0.351984
v -0.328447 -0.031304 -0.353584
v -0.312047 -0.024304 -0.367584
v -0.305447 -0.036504 -0.365884
v -0.337547 -0.050104 -0.337284
v -0.344247 -0.038104 -0.338784
v -0.332647 -0.018104 -0.351984
v -0.316247 -0.011204 -0.365884
v -0.348347 -0.024804 -0.337284
v -0.352647 -0.056504 -0.321684
v -0.359347 -0.044504 -0.323184
v -0.363347 -0.031304 -0.321684
v -0.407047 -0.079704 0.120016
v -0.410547 -0.066304 0.119416
v -0.404847 -0.063904 0.138016
v -0.401347 -0.077304 0.138716
v -0.411847 -0.081804 0.101016
v -0.415347 -0.068304 0.100516
v -0.417747 -0.054504 0.120016
v -0.412047 -0.052004 0.138716
v -0.422647 -0.056504 0.101016
v -0.394747 -0.074504 0.157116
v -0.405547 -0.049204 0.157116
v -0.398347 -0.061104 0.156316
v 0.069253 0.123296 -0.436584
v 0.064453 0.136196 -0.438584
v 0.084253 0.144696 -0.431484
v 0.088953 0.131696 -0.429484
v 0.049253 0.114796 -0.442584
v 0.044353 0.127696 -0.444684
v 0.058453 0.148596 -0.436584
v 0.078253 0.156996 -0.429484
v 0.038453 0.140096 -0.442584
v 0.029053 0.106196 -0.447484
v 0.024053 0.118996 -0.449584
v 0.018253 0.131496 -0.447484
v -0.380447 -0.068404 -0.288284
v -0.387347 -0.056404 -0.289584
v -0.373747 -0.050604 -0.306784
v -0.366947 -0.062604 -0.305284
v -0.393247 -0.073904 -0.270484
v -0.400247 -0.061904 -0.271684
v -0.391247 -0.043104 -0.288284
v -0.377747 -0.037404 -0.305284
v -0.404047 -0.048604 -0.270484
v -0.405247 -0.079004 -0.251984
v -0.412247 -0.067004 -0.253184
v -0.415947 -0.053704 -0.251984
v -0.379247 -0.067904 0.192816
v -0.382947 -0.054504 0.191816
v -0.374047 -0.050804 0.208816
v -0.370347 -0.064104 0.209916
v -0.387447 -0.071404 0.175216
v -0.391047 -0.058004 0.174216
v -0.390047 -0.042604 0.192816
v -0.381147 -0.038804 0.209916
v -0.398247 -0.046104 0.175216
v -0.360647 -0.060004 0.226616
v -0.371447 -0.034704 0.226616
v -0.364447 -0.046604 0.225416
v -0.012047 0.088696 -0.454184
v -0.017247 0.101396 -0.456284
v 0.003453 0.110196 -0.453484
v 0.008553 0.097396 -0.451384
v -0.032747 0.079796 -0.455784
v -0.038047 0.092496 -0.457984
v -0.022847 0.113896 -0.454184
v -0.002247 0.122696 -0.451384
v -0.043547 0.105096 -0.455784
v -0.426547 -0.088104 -0.213284
v -0.433647 -0.076204 -0.214284
v -0.423347 -0.071804 -0.233984
v -0.416347 -0.083704 -0.232884
v -0.435847 -0.092104 -0.193084
v -0.443047 -0.080204 -0.194084
v -0.437347 -0.062804 -0.213284
v -0.427147 -0.058404 -0.232884
v -0.446647 -0.066804 -0.193084
v -0.444347 -0.095604 -0.172484
v -0.451547 -0.083804 -0.173284
v -0.455047 -0.070404 -0.172484
v -0.339047 -0.050804 0.258216
v -0.342947 -0.037504 0.256916
v -0.331147 -0.032504 0.271716
v -0.327247 -0.045704 0.273116
v -0.350247 -0.055504 0.242716
v -0.354047 -0.042204 0.241416
v -0.349847 -0.025504 0.258216
v -0.337947 -0.020404 0.273116
v -0.360947 -0.030204 0.242716
v -0.314747 -0.040404 0.287416
v -0.325447 -0.015104 0.287416
v -0.318747 -0.027204 0.285916
v -0.458247 -0.101604 -0.129984
v -0.465547 -0.089804 -0.130584
v -0.459047 -0.087004 -0.152184
v -0.451747 -0.098804 -0.151484
v -0.463847 -0.104004 -0.108284
v -0.471147 -0.092104 -0.108784
v -0.469047 -0.076304 -0.129984
v -0.462547 -0.073504 -0.151484
v -0.474647 -0.078704 -0.108284
v -0.468347 -0.105904 -0.086184
v -0.475647 -0.094104 -0.086684
v -0.479147 -0.080604 -0.086184
v -0.287847 -0.028904 0.313916
v -0.292047 -0.015804 0.312216
v -0.277747 -0.009704 0.324316
v -0.273547 -0.022804 0.326016
v -0.301547 -0.034804 0.301016
v -0.305647 -0.021604 0.299416
v -0.298647 -0.003604 0.313916
v -0.284347 0.002396 0.326016
v -0.312347 -0.009504 0.301016
v -0.258747 -0.016504 0.337416
v -0.269547 0.008796 0.337416
v -0.263047 -0.003404 0.335616
v -0.474447 -0.108504 -0.041584
v -0.481847 -0.096704 -0.041784
v -0.479247 -0.095604 -0.064284
v -0.471947 -0.107404 -0.063984
v -0.475947 -0.109204 -0.019084
v -0.483347 -0.097304 -0.019184
v -0.485247 -0.083204 -0.041584
v -0.482747 -0.082104 -0.063984
v -0.486747 -0.083904 -0.019084
v -0.476547 -0.109404 0.003516
v -0.483847 -0.097604 0.003516
v -0.487247 -0.084104 0.003516
v -0.227647 -0.003304 0.357616
v -0.232147 0.009796 0.355716
v -0.216047 0.016596 0.364616
v -0.211447 0.003596 0.366516
v -0.243447 -0.010004 0.347916
v -0.247847 0.003096 0.346116
v -0.238447 0.021996 0.357616
v -0.222247 0.028896 0.366516
v -0.254247 0.015296 0.347916
v -0.194847 0.010696 0.374516
v -0.205647 0.035996 0.374516
v -0.199547 0.023696 0.372516
v -0.474447 -0.108504 0.048516
v -0.481847 -0.096704 0.048716
v -0.483347 -0.097304 0.026116
v -0.475947 -0.109204 0.026016
v -0.471947 -0.107404 0.070916
v -0.479247 -0.095604 0.071216
v -0.485247 -0.083204 0.048516
v -0.486747 -0.083904 0.026016
v -0.482747 -0.082104 0.070916
v -0.468347 -0.105904 0.093216
v -0.475647 -0.094104 0.093616
v -0.479147 -0.080604 0.093216
v -0.160747 0.025296 0.387716
v -0.165547 0.038096 0.385716
v -0.148147 0.045596 0.390916
v -0.143247 0.032696 0.393016
v -0.177947 0.017896 0.381616
v -0.182647 0.030796 0.379616
v -0.171547 0.050496 0.387716
v -0.154047 0.057996 0.393016
v -0.188747 0.043196 0.381616
v -0.125547 0.040296 0.397316
v -0.136347 0.065496 0.397316
v -0.130547 0.053096 0.395216
v -0.458247 -0.101604 0.136916
v -0.465547 -0.089804 0.137616
v -0.471147 -0.092104 0.115716
v -0.463847 -0.104004 0.115216
v -0.451747 -0.098804 0.158416
v -0.459047 -0.087004 0.159116
v -0.469047 -0.076304 0.136916
v -0.474647 -0.078704 0.115216
v -0.462547 -0.073504 0.158416
v -0.444347 -0.095604 0.179416
v -0.451547 -0.083804 0.180216
v -0.455047 -0.070404 0.179416
v -0.089747 0.055496 0.403116
v -0.094947 0.068296 0.401016
v -0.076947 0.075896 0.402416
v -0.071647 0.063296 0.404616
v -0.107747 0.047896 0.400716
v -0.112847 0.060596 0.398616
v -0.100447 0.080796 0.403116
v -0.082447 0.088496 0.404616
v -0.118447 0.073196 0.400716
v -0.053547 0.070996 0.405016
v -0.064247 0.096296 0.405016
v -0.058947 0.083596 0.402916
v -0.426547 -0.088104 0.220216
v -0.433647 -0.076204 0.221216
v -0.443047 -0.080204 0.201016
v -0.435847 -0.092104 0.200116
v -0.416347 -0.083704 0.239916
v -0.423347 -0.071804 0.241016
v -0.437347 -0.062804 0.220216
v -0.446647 -0.066804 0.200116
v -0.427147 -0.058404 0.239916
v -0.405247 -0.079004 0.258916
v -0.412247 -0.067004 0.260116
v -0.415947 -0.053704 0.258916
v -0.017347 0.086396 0.403116
v -0.022847 0.098996 0.401016
v -0.004947 0.106596 0.398616
v 0.000653 0.094096 0.400716
v -0.035347 0.078696 0.404616
v -0.040847 0.091296 0.402416
v -0.028047 0.111696 0.403116
v -0.010047 0.119396 0.400716
v -0.046147 0.103996 0.404616
v 0.018553 0.101696 0.397316
v 0.007753 0.126996 0.397316
v 0.012753 0.114196 0.395216
v -0.380447 -0.068404 0.295216
v -0.387347 -0.056404 0.296516
v -0.400247 -0.061904 0.278716
v -0.393247 -0.073904 0.277416
v -0.366947 -0.062604 0.312316
v -0.373747 -0.050604 0.313716
v -0.391247 -0.043104 0.295216
v -0.404047 -0.048604 0.277416
v -0.377747 -0.037404 0.312316
v -0.352647 -0.056504 0.328616
v -0.359347 -0.044504 0.330116
v -0.363347 -0.031304 0.328616
v 0.053753 0.116696 0.387716
v 0.047753 0.129096 0.385716
v 0.064853 0.136396 0.379616
v 0.070953 0.123996 0.381616
v 0.036253 0.109296 0.393016
v 0.030353 0.121696 0.390916
v 0.042953 0.141996 0.387716
v 0.060153 0.149296 0.381616
v 0.025453 0.134496 0.393016
v 0.087853 0.131296 0.374516
v 0.077053 0.156496 0.374516
v 0.081753 0.143596 0.372516
v -0.321847 -0.043404 0.358916
v -0.328447 -0.031304 0.360616
v -0.344247 -0.038104 0.345816
v -0.337547 -0.050104 0.344216
v -0.305447 -0.036504 0.372816
v -0.312047 -0.024304 0.374516
v -0.332647 -0.018104 0.358916
v -0.348347 -0.024804 0.344216
v -0.316247 -0.011204 0.372816
v -0.288547 -0.029204 0.385816
v -0.294947 -0.017004 0.387616
v -0.299247 -0.003904 0.385816
v 0.120653 0.145196 0.357616
v 0.114353 0.157496 0.355716
v 0.130053 0.164196 0.346116
v 0.136453 0.151996 0.347916
v 0.104453 0.138296 0.366516
v 0.098253 0.150596 0.364616
v 0.109853 0.170496 0.357616
v 0.125653 0.177196 0.347916
v 0.093653 0.163596 0.366516
v 0.151753 0.158496 0.337416
v 0.140953 0.183796 0.337416
v 0.145253 0.170696 0.335616
v -0.252947 -0.014004 0.409016
v -0.259247 -0.001804 0.410916
v -0.277347 -0.009504 0.399716
v -0.270947 -0.021704 0.397916
v -0.234347 -0.006104 0.419116
v -0.240547 0.006196 0.421116
v -0.263647 0.011196 0.409016
v -0.281747 0.003496 0.397916
v -0.245147 0.019196 0.419116
v -0.215347 0.001996 0.428316
v -0.221547 0.014296 0.430316
v -0.226147 0.027296 0.428316
v 0.180853 0.170896 0.313916
v 0.174253 0.182996 0.312216
v 0.187853 0.188796 0.299416
v 0.194553 0.176796 0.301016
v 0.166553 0.164796 0.326016
v 0.159953 0.176996 0.324316
v 0.170053 0.196196 0.313916
v 0.183753 0.201996 0.301016
v 0.155753 0.190096 0.326016
v 0.207653 0.182396 0.287416
v 0.196953 0.207596 0.287416
v 0.200953 0.194396 0.285916
v -0.176247 0.018596 0.443516
v -0.182247 0.030996 0.445516
v -0.202047 0.022596 0.438416
v -0.196047 0.010196 0.436416
v -0.156247 0.027196 0.449516
v -0.162147 0.039596 0.451616
v -0.187047 0.043896 0.443516
v -0.206747 0.035496 0.436416
v -0.167047 0.052396 0.449516
v -0.136047 0.035796 0.454516
v -0.141847 0.048296 0.456616
v -0.146847 0.061096 0.454516
v 0.232053 0.192696 0.258216
v 0.225153 0.204696 0.256916
v 0.236253 0.209496 0.241416
v 0.243153 0.197496 0.242716
v 0.220153 0.187696 0.273116
v 0.213353 0.199696 0.271716
v 0.221253 0.217996 0.258216
v 0.232453 0.222796 0.242716
v 0.209453 0.212996 0.273116
v 0.253653 0.201896 0.226616
v 0.242853 0.227196 0.226616
v 0.246653 0.213896 0.225416
v -0.094947 0.053296 0.461116
v -0.100547 0.065896 0.463216
v -0.121247 0.056996 0.460416
v -0.115547 0.044496 0.458316
v -0.074247 0.062096 0.462716
v -0.079747 0.074696 0.464916
v -0.105747 0.078596 0.461116
v -0.126347 0.069796 0.458316
v -0.085047 0.087396 0.462716
v -0.053547 0.070996 0.463316
v -0.058947 0.083596 0.465416
v -0.064247 0.096296 0.463316
v 0.272253 0.209896 0.192816
v 0.265153 0.221796 0.191816
v 0.273253 0.225296 0.174216
v 0.280453 0.213396 0.175216
v 0.263353 0.206096 0.209916
v 0.256253 0.217996 0.208816
v 0.261453 0.235196 0.192816
v 0.269653 0.238596 0.175216
v 0.252553 0.231396 0.209916
v 0.287753 0.216496 0.157116
v 0.276953 0.241796 0.157116
v 0.280553 0.228396 0.156316
v -0.012047 0.088696 0.461116
v -0.017247 0.101396 0.463216
v -0.038047 0.092496 0.464916
v -0.032747 0.079796 0.462716
v 0.008553 0.097396 0.458316
v 0.003453 0.110196 0.460416
v -0.022847 0.113896 0.461116
v -0.043547 0.105096 0.462716
v -0.002247 0.122696 0.458316
v 0.029053 0.106196 0.454516
v 0.024053 0.118996 0.456616
v 0.018253 0.131496 0.454516
v 0.299953 0.221696 0.120016
v 0.292753 0.233496 0.119416
v 0.297553 0.235596 0.100516
v 0.304853 0.223796 0.101016
v 0.294253 0.219296 0.138716
v 0.287053 0.231096 0.138016
v 0.289253 0.246996 0.120016
v 0.294053 0.249096 0.101016
v 0.283553 0.244596 0.138716
v 0.308753 0.225496 0.081816
v 0.298053 0.250696 0.081816
v 0.301453 0.237296 0.081416
v 0.069253 0.123296 0.443516
v 0.064453 0.136196 0.445516
v 0.044353 0.127696 0.451616
v 0.049253 0.114796 0.449516
v 0.088953 0.131696 0.436416
v 0.084253 0.144696 0.438416
v 0.058453 0.148596 0.443516
v 0.038453 0.140096 0.449516
v 0.078253 0.156996 0.436416
v 0.108353 0.139996 0.428316
v 0.103753 0.152996 0.430316
v 0.097553 0.165296 0.428316
v 0.314153 0.227696 0.042816
v 0.306753 0.239496 0.042616
v 0.308053 0.240096 0.023116
v 0.315453 0.228296 0.023216
v 0.311853 0.226796 0.062416
v 0.304553 0.238596 0.062116
v 0.303353 0.252996 0.042816
v 0.304653 0.253596 0.023216
v 0.301153 0.252096 0.062416
v 0.315853 0.228496 0.003516
v 0.305153 0.253796 0.003516
v 0.308553 0.240296 0.003516
v 0.145853 0.155996 0.409016
v 0.141453 0.168996 0.410916
v 0.122753 0.161096 0.421116
v 0.127353 0.148096 0.419116
v 0.163953 0.163696 0.397916
v 0.159553 0.176796 0.399716
v 0.135153 0.181296 0.409016
v 0.116553 0.173396 0.419116
v 0.153153 0.188996 0.397916
v 0.181453 0.171196 0.385816
v 0.177153 0.184296 0.387616
v 0.170753 0.196496 0.385816
v 0.314153 0.227696 -0.035884
v 0.306753 0.239496 -0.035684
v 0.304553 0.238596 -0.055084
v 0.311853 0.226796 -0.055484
v 0.315453 0.228296 -0.016184
v 0.308053 0.240096 -0.016084
v 0.303353 0.252996 -0.035884
v 0.301153 0.252096 -0.055484
v 0.304653 0.253596 -0.016184
v 0.308753 0.225496 -0.074884
v 0.298053 0.250696 -0.074884
v 0.301453 0.237296 -0.074484
v 0.214853 0.185396 0.358916
v 0.210653 0.198596 0.360616
v 0.194253 0.191596 0.374516
v 0.198453 0.178396 0.372816
v 0.230553 0.192096 0.344216
v 0.226453 0.205296 0.345816
v 0.204053 0.210696 0.358916
v 0.187653 0.203696 0.372816
v 0.219753 0.217396 0.344216
v 0.245553 0.198496 0.328616
v 0.241553 0.211696 0.330116
v 0.234853 0.223796 0.328616
v 0.299953 0.221696 -0.113084
v 0.292753 0.233496 -0.112484
v 0.287053 0.231096 -0.131084
v 0.294253 0.219296 -0.131784
v 0.304853 0.223796 -0.094084
v 0.297553 0.235596 -0.093584
v 0.289253 0.246996 -0.113084
v 0.283553 0.244596 -0.131784
v 0.294053 0.249096 -0.094084
v 0.287753 0.216496 -0.150184
v 0.276953 0.241796 -0.150184
v 0.280553 0.228396 -0.149384
v 0.273453 0.210396 0.295216
v 0.269553 0.223696 0.296516
v 0.255953 0.217896 0.313716
v 0.259953 0.204596 0.312316
v 0.286253 0.215796 0.277416
v 0.282453 0.229196 0.278716
v 0.262653 0.235696 0.295216
v 0.249153 0.229896 0.312316
v 0.275453 0.241096 0.277416
v 0.298153 0.220896 0.258916
v 0.294453 0.234296 0.260116
v 0.287453 0.246196 0.258916
v 0.272253 0.209896 -0.185784
v 0.265153 0.221796 -0.184784
v 0.256253 0.217996 -0.201884
v 0.263353 0.206096 -0.202984
v 0.280453 0.213396 -0.168184
v 0.273253 0.225296 -0.167284
v 0.261453 0.235196 -0.185784
v 0.252553 0.231396 -0.202984
v 0.269653 0.238596 -0.168184
v 0.253653 0.201896 -0.219584
v 0.242853 0.227196 -0.219584
v 0.246653 0.213896 -0.218484
v -0.089747 0.055496 -0.396184
v -0.094947 0.068296 -0.394084
v -0.112847 0.060596 -0.391684
v -0.107747 0.047896 -0.393784
v -0.071647 0.063296 -0.397584
v -0.076947 0.075896 -0.395484
v -0.100447 0.080796 -0.396184
v -0.118447 0.073196 -0.393784
v -0.082447 0.088496 -0.397584
v -0.125547 0.040296 -0.390384
v -0.136347 0.065496 -0.390384
v -0.130547 0.053096 -0.388284
v 0.319553 0.229996 0.220216
v 0.315853 0.243396 0.221216
v 0.305553 0.238996 0.241016
v 0.309353 0.225696 0.239916
v 0.328853 0.233996 0.200116
v 0.325253 0.247396 0.201016
v 0.308753 0.255296 0.220216
v 0.298553 0.250996 0.239916
v 0.318053 0.259296 0.200116
v 0.337253 0.237596 0.179416
v 0.333753 0.250996 0.180216
v 0.326553 0.262896 0.179416
v 0.232053 0.192696 -0.251284
v 0.225153 0.204696 -0.249884
v 0.213353 0.199696 -0.264784
v 0.220153 0.187696 -0.266184
v 0.243153 0.197496 -0.235784
v 0.236253 0.209496 -0.234484
v 0.221253 0.217996 -0.251284
v 0.209453 0.212996 -0.266184
v 0.232453 0.222796 -0.235784
v 0.207653 0.182396 -0.280484
v 0.196953 0.207596 -0.280484
v 0.200953 0.194396 -0.278984
v -0.160747 0.025296 -0.380784
v -0.165547 0.038096 -0.378784
v -0.182647 0.030796 -0.372584
v -0.177947 0.017896 -0.374584
v -0.143247 0.032696 -0.386084
v -0.148147 0.045596 -0.383984
v -0.171547 0.050496 -0.380784
v -0.188747 0.043196 -0.374584
v -0.154047 0.057996 -0.386084
v -0.194847 0.010696 -0.367484
v -0.205647 0.035996 -0.367484
v -0.199547 0.023696 -0.365584
v 0.351253 0.243596 0.136916
v 0.347753 0.256996 0.137616
v 0.341253 0.254196 0.159116
v 0.344753 0.240796 0.158416
v 0.356853 0.245896 0.115216
v 0.353353 0.259396 0.115716
v 0.340453 0.268896 0.136916
v 0.333953 0.266096 0.158416
v 0.346053 0.271196 0.115216
v 0.361353 0.247896 0.093216
v 0.357853 0.261296 0.093616
v 0.350553 0.273196 0.093216
v 0.180853 0.170896 -0.306984
v 0.174253 0.182996 -0.305284
v 0.159953 0.176996 -0.317384
v 0.166553 0.164796 -0.319084
v 0.194553 0.176796 -0.294084
v 0.187853 0.188796 -0.292484
v 0.170053 0.196196 -0.306984
v 0.155753 0.190096 -0.319084
v 0.183753 0.201996 -0.294084
v 0.151753 0.158496 -0.330384
v 0.140953 0.183796 -0.330384
v 0.145253 0.170696 -0.328684
v -0.227647 -0.003304 -0.350684
v -0.232147 0.009796 -0.348784
v -0.247847 0.003096 -0.339184
v -0.243447 -0.010004 -0.340984
v -0.211447 0.003596 -0.359584
v -0.216047 0.016596 -0.357584
v -0.238447 0.021996 -0.350684
v -0.254247 0.015296 -0.340984
v -0.222247 0.028896 -0.359584
v -0.258747 -0.016504 -0.330384
v -0.269547 0.008796 -0.330384
v -0.263047 -0.003404 -0.328684
v 0.367453 0.250496 0.048516
v 0.364053 0.263896 0.048716
v 0.361453 0.262896 0.071216
v 0.364953 0.249396 0.070916
v 0.368953 0.251096 0.026016
v 0.365553 0.264596 0.026116
v 0.356653 0.275796 0.048516
v 0.354153 0.274696 0.070916
v 0.358153 0.276396 0.026016
v 0.369453 0.251296 0.003516
v 0.366053 0.264796 0.003516
v 0.358753 0.276596 0.003516
v 0.120653 0.145196 -0.350684
v 0.114353 0.157496 -0.348784
v 0.098253 0.150596 -0.357584
v 0.104453 0.138296 -0.359584
v 0.136453 0.151996 -0.340984
v 0.130053 0.164196 -0.339184
v 0.109853 0.170496 -0.350684
v 0.093653 0.163596 -0.359584
v 0.125653 0.177196 -0.340984
v 0.087853 0.131296 -0.367484
v 0.077053 0.156496 -0.367484
v 0.081753 0.143596 -0.365584
v -0.287847 -0.028904 -0.306984
v -0.292047 -0.015804 -0.305284
v -0.305647 -0.021604 -0.292484
v -0.301547 -0.034804 -0.294084
v -0.273547 -0.022804 -0.319084
v -0.277747 -0.009704 -0.317384
v -0.298647 -0.003604 -0.306984
v -0.312347 -0.009504 -0.294084
v -0.284347 0.002396 -0.319084
v -0.314747 -0.040404 -0.280484
v -0.325447 -0.015104 -0.280484
v -0.318747 -0.027204 -0.278984
v 0.367453 0.250496 -0.041584
v 0.364053 0.263896 -0.041784
v 0.365553 0.264596 -0.019184
v 0.368953 0.251096 -0.019084
v 0.364953 0.249396 -0.063984
v 0.361453 0.262896 -0.064284
v 0.356653 0.275796 -0.041584
v 0.358153 0.276396 -0.019084
v 0.354153 0.274696 -0.063984
v 0.053753 0.116696 -0.380784
v 0.047753 0.129096 -0.378784
v 0.030353 0.121696 -0.383984
v 0.036253 0.109296 -0.386084
v 0.070953 0.123996 -0.374584
v 0.064853 0.136396 -0.372584
v 0.042953 0.141996 -0.380784
v 0.025453 0.134496 -0.386084
v 0.060153 0.149296 -0.374584
v -0.339047 -0.050804 -0.251284
v -0.342947 -0.037504 -0.249884
v -0.354047 -0.042204 -0.234484
v -0.350247 -0.055504 -0.235784
v -0.327247 -0.045704 -0.266184
v -0.331147 -0.032504 -0.264784
v -0.349847 -0.025504 -0.251284
v -0.360947 -0.030204 -0.235784
v -0.337947 -0.020404 -0.266184
v -0.066147 0.074096 -0.405384
v 0.005753 0.104896 -0.397684
v 0.074853 0.134396 -0.374884
v 0.138553 0.161696 -0.337884
v 0.194453 0.185596 -0.287984
v 0.240253 0.205196 -0.227284
v 0.274353 0.219796 -0.157984
v 0.295253 0.228696 -0.082784
v 0.302353 0.231796 -0.004584
v 0.295253 0.228696 0.073616
v 0.274353 0.219796 0.148816
v 0.240253 0.205196 0.218116
v 0.194453 0.185596 0.278916
v 0.138553 0.161696 0.328716
v 0.074853 0.134396 0.365816
v 0.005753 0.104896 0.388616
v -0.066147 0.074096 0.396316
v -0.138047 0.043296 0.388616
v -0.207247 0.013796 0.365816
v -0.270947 -0.013504 0.328716
v -0.326747 -0.037404 0.278916
v -0.372647 -0.057004 0.218116
v -0.406647 -0.071604 0.148816
v -0.427647 -0.080504 0.073616
v -0.434747 -0.083604 -0.004584
v -0.427647 -0.080504 -0.082784
v -0.406647 -0.071604 -0.157984
v -0.372647 -0.057004 -0.227284
v -0.326747 -0.037404 -0.287984
v -0.138047 0.043296 -0.397684
v -0.270947 -0.013504 -0.337884
v -0.207247 0.013796 -0.374884
v -0.375947 -0.201404 0.073616
v -0.329347 -0.220604 0.066616
v -0.335747 -0.223404 -0.004584
v -0.382947 -0.204504 -0.004584
v -0.155447 -0.107104 0.365816
v -0.219247 -0.134404 0.328716
v -0.014447 -0.046804 -0.405384
v -0.086347 -0.077504 -0.397684
v 0.246153 0.064696 -0.287984
v 0.291953 0.084296 -0.227284
v -0.086347 -0.077504 0.388616
v -0.155447 -0.107104 -0.374884
v 0.190353 0.040796 -0.337884
v -0.014447 -0.046804 0.396316
v -0.219247 -0.134404 -0.337884
v 0.126553 0.013596 -0.374884
v 0.057453 -0.016004 0.388616
v -0.275047 -0.158304 -0.287984
v 0.057453 -0.016004 -0.397684
v 0.126553 0.013596 0.365816
v -0.320847 -0.177904 -0.227284
v 0.190353 0.040796 0.328716
v -0.354947 -0.192504 -0.157984
v 0.246153 0.064696 0.278916
v -0.375947 -0.201404 -0.082784
v 0.291953 0.084296 0.218116
v 0.326053 0.098896 0.148816
v 0.347053 0.107896 0.073616
v -0.354947 -0.192504 0.148816
v 0.354053 0.110896 -0.004584
v -0.320847 -0.177904 0.218116
v 0.347053 0.107896 -0.082784
v -0.275047 -0.158304 0.278916
v 0.326053 0.098896 -0.157984
v -0.237547 -0.181304 0.253516
v -0.249147 -0.207404 0.274416
v -0.294247 -0.226704 0.214616
v -0.279247 -0.199204 0.198216
v 0.328753 0.060896 0.066616
v 0.309653 0.052796 0.135116
v -0.310247 -0.212504 0.135116
v 0.335153 0.063696 -0.004584
v 0.328753 0.060896 -0.075684
v 0.309653 0.052796 -0.144184
v -0.186647 -0.159604 0.298816
v 0.278653 0.039496 -0.207284
v -0.128647 -0.134804 0.332616
v -0.065747 -0.107904 -0.362484
v -0.000347 -0.079904 -0.369484
v 0.236953 0.021596 -0.262584
v -0.065747 -0.107904 0.353316
v -0.128647 -0.134804 -0.341684
v 0.186053 -0.000104 -0.307984
v -0.000347 -0.079904 0.360316
v -0.186647 -0.159604 -0.307984
v 0.128053 -0.024904 -0.341684
v 0.065153 -0.051804 0.353316
v -0.237547 -0.181304 -0.262584
v 0.065153 -0.051804 -0.362484
v 0.128053 -0.024904 0.332616
v -0.279247 -0.199204 -0.207284
v 0.186053 -0.000104 0.298816
v -0.310247 -0.212504 -0.144184
v 0.236953 0.021596 0.253516
v -0.329347 -0.220604 -0.075684
v 0.278653 0.039496 0.198216
v -0.131447 -0.157004 0.359916
v -0.063447 -0.127904 0.382316
v -0.003847 -0.267304 0.382316
v -0.071847 -0.296404 0.359916
v 0.342353 0.045696 -0.155484
v 0.363053 0.054496 -0.081484
v -0.194147 -0.183904 0.323416
v 0.308853 0.031296 -0.223684
v -0.063447 -0.127904 -0.391384
v 0.007353 -0.097704 -0.398984
v 0.263753 0.011996 -0.283484
v -0.131447 -0.157004 -0.368984
v 0.208853 -0.011504 -0.332484
v 0.007353 -0.097704 0.389916
v -0.194147 -0.183904 -0.332484
v 0.146153 -0.038304 -0.368984
v 0.078053 -0.067404 0.382316
v -0.249147 -0.207404 -0.283484
v 0.078053 -0.067404 -0.391384
v 0.146153 -0.038304 0.359916
v -0.294247 -0.226704 -0.223684
v 0.208853 -0.011504 0.323416
v -0.327747 -0.241004 -0.155484
v 0.263753 0.011996 0.274416
v -0.348347 -0.249804 -0.081484
v 0.308853 0.031296 0.214616
v -0.355347 -0.252804 -0.004584
v 0.342353 0.045696 0.146416
v -0.348347 -0.249804 0.072416
v 0.363053 0.054496 0.072416
v -0.327747 -0.241004 0.146416
v 0.369953 0.057496 -0.004584
v 0.205753 -0.177704 0.359916
v 0.207253 -0.222404 0.320916
v 0.146553 -0.248404 0.340916
v 0.137753 -0.206804 0.382316
v -0.071847 -0.296404 -0.368984
v -0.003847 -0.267304 -0.391384
v 0.268453 -0.150804 -0.332484
v 0.323353 -0.127304 -0.283484
v 0.066953 -0.237004 0.389916
v -0.134547 -0.323204 -0.332484
v 0.205753 -0.177704 -0.368984
v -0.189447 -0.346804 -0.283484
v 0.137753 -0.206804 -0.391384
v -0.234547 -0.366104 -0.223684
v 0.066953 -0.237004 -0.398984
v 0.268453 -0.150804 0.323416
v -0.268147 -0.380404 -0.155484
v 0.323353 -0.127304 0.274416
v -0.288747 -0.389204 -0.081484
v 0.368453 -0.108004 0.214616
v -0.295747 -0.392204 -0.004584
v 0.402053 -0.093704 0.146416
v -0.288747 -0.389204 0.072416
v 0.422653 -0.084904 0.072416
v -0.268147 -0.380404 0.146416
v 0.429653 -0.081904 -0.004584
v -0.234547 -0.366104 0.214616
v 0.422653 -0.084904 -0.081484
v -0.189447 -0.346804 0.274416
v 0.402053 -0.093704 -0.155484
v -0.134547 -0.323204 0.323416
v 0.368453 -0.108004 -0.223684
v 0.352653 -0.160204 0.191116
v 0.403453 -0.191904 0.214016
v 0.358453 -0.211104 0.273616
v 0.312353 -0.177404 0.244516
v -0.185947 -0.390604 -0.200284
v -0.145647 -0.373404 -0.253584
v 0.146553 -0.248404 -0.350084
v 0.083353 -0.275404 -0.356784
v 0.263253 -0.198404 0.288316
v -0.215847 -0.403404 -0.139384
v -0.234247 -0.411304 -0.073284
v -0.240547 -0.413904 -0.004584
v 0.382553 -0.147404 0.130216
v -0.234247 -0.411304 0.064216
v 0.400953 -0.139504 0.064216
v -0.215847 -0.403404 0.130216
v 0.407253 -0.136804 -0.004584
v -0.185947 -0.390604 0.191116
v 0.400953 -0.139504 -0.073284
v -0.145647 -0.373404 0.244516
v 0.382553 -0.147404 -0.139384
v -0.096547 -0.352404 0.288316
v 0.352653 -0.160204 -0.200284
v -0.040547 -0.328404 0.320916
v 0.020153 -0.302404 -0.350084
v 0.312353 -0.177404 -0.253584
v 0.020153 -0.302404 0.340916
v -0.040547 -0.328404 -0.329984
v 0.263253 -0.198404 -0.297484
v 0.083353 -0.275404 0.347716
v -0.096547 -0.352404 -0.297484
v 0.207253 -0.222404 -0.329984
v 0.523353 -0.303504 -0.004584
v 0.516353 -0.306504 0.072216
v 0.457453 -0.168804 0.072216
v 0.464353 -0.165804 -0.004584
v -0.252047 -0.472304 -0.081284
v -0.259047 -0.475304 -0.004584
v 0.436853 -0.177604 0.146016
v -0.252047 -0.472304 0.072216
v -0.231547 -0.463504 0.146016
v -0.198047 -0.449204 0.214016
v 0.457453 -0.168804 -0.081284
v -0.153047 -0.430004 0.273616
v 0.436853 -0.177604 -0.155084
v -0.098247 -0.406504 0.322616
v 0.403453 -0.191904 -0.223084
v -0.035747 -0.379804 0.358916
v 0.032153 -0.350704 -0.390384
v 0.102653 -0.320604 -0.397984
v 0.358453 -0.211104 -0.282784
v 0.032153 -0.350704 0.381316
v -0.035747 -0.379804 -0.367984
v 0.303653 -0.234604 -0.331684
v 0.102653 -0.320604 0.388916
v -0.098247 -0.406504 -0.331684
v 0.241153 -0.261304 -0.367984
v 0.173253 -0.290404 0.381316
v -0.153047 -0.430004 -0.282784
v 0.173253 -0.290404 -0.390384
v 0.241153 -0.261304 0.358916
v -0.198047 -0.449204 -0.223084
v 0.303653 -0.234604 0.322616
v -0.231547 -0.463504 -0.155084
v 0.462353 -0.329604 -0.223084
v 0.446353 -0.409504 -0.192484
v 0.475653 -0.398804 -0.133984
v 0.495753 -0.315304 -0.155084
v -0.139147 -0.586904 0.214016
v -0.172547 -0.601204 0.146016
v 0.516353 -0.306504 -0.081284
v -0.094147 -0.567704 0.273616
v -0.039347 -0.544204 0.322616
v 0.023153 -0.517504 0.358916
v 0.091053 -0.488504 -0.390384
v 0.161553 -0.458304 -0.397984
v 0.417353 -0.348804 -0.282784
v 0.091053 -0.488504 0.381316
v 0.023153 -0.517504 -0.367984
v 0.362553 -0.372304 -0.331684
v 0.161553 -0.458304 0.388916
v -0.039347 -0.544204 -0.331684
v 0.300053 -0.399004 -0.367984
v 0.232153 -0.428104 0.381316
v -0.094147 -0.567704 -0.282784
v 0.232153 -0.428104 -0.390384
v 0.300053 -0.399004 0.358916
v -0.139147 -0.586904 -0.223084
v 0.362553 -0.372304 0.322616
v -0.172547 -0.601204 -0.155084
v 0.417353 -0.348804 0.273616
v -0.193147 -0.610004 -0.081284
v 0.462353 -0.329604 0.214016
v -0.200147 -0.613004 -0.004584
v 0.495753 -0.315304 0.146016
v -0.193147 -0.610004 0.072216
v 0.555053 -0.413604 0.071416
v 0.534253 -0.421304 0.144516
v 0.475653 -0.398804 0.124916
v 0.493753 -0.392204 0.061416
v 0.060653 -0.551004 0.308016
v 0.005653 -0.571104 0.276816
v 0.120253 -0.529104 -0.336384
v 0.182153 -0.506404 -0.342884
v 0.406853 -0.424004 -0.243784
v 0.120253 -0.529104 0.327316
v 0.060653 -0.551004 -0.317184
v 0.358653 -0.441704 -0.285884
v 0.182153 -0.506404 0.333816
v 0.005653 -0.571104 -0.285884
v 0.303753 -0.461804 -0.317184
v 0.244153 -0.483704 0.327316
v -0.042447 -0.588704 -0.243784
v 0.244153 -0.483704 -0.336384
v 0.303753 -0.461804 0.308016
v -0.081947 -0.603204 -0.192484
v 0.358653 -0.441704 0.276816
v -0.111347 -0.614004 -0.133984
v 0.406853 -0.424004 0.234716
v -0.129347 -0.620604 -0.070584
v 0.446353 -0.409504 0.183416
v -0.135447 -0.622804 -0.004584
v -0.129347 -0.620604 0.061416
v -0.111347 -0.614004 0.124916
v 0.499853 -0.389904 -0.004584
v -0.081947 -0.603204 0.183416
v 0.493753 -0.392204 -0.070584
v -0.042447 -0.588704 0.234716
v 0.534253 -0.421304 -0.153584
v 0.582553 -0.553204 -0.153584
v 0.603353 -0.545504 -0.080484
v 0.555053 -0.413604 -0.080484
v -0.141447 -0.669004 0.144516
v -0.162247 -0.676604 0.071416
v 0.562053 -0.411004 -0.004584
v -0.107647 -0.656604 0.211816
v -0.062147 -0.639904 0.270816
v -0.006747 -0.619604 0.319316
v 0.500453 -0.433604 -0.220884
v 0.056453 -0.596404 0.355316
v 0.125053 -0.571304 -0.386584
v 0.196353 -0.545104 -0.393984
v 0.454953 -0.450304 -0.279984
v 0.125053 -0.571304 0.377416
v 0.056453 -0.596404 -0.364384
v 0.399553 -0.470604 -0.328384
v 0.196353 -0.545104 0.384916
v -0.006747 -0.619604 -0.328384
v 0.336353 -0.493804 -0.364384
v 0.267753 -0.519004 0.377416
v -0.062147 -0.639904 -0.279984
v 0.267753 -0.519004 -0.386584
v 0.336353 -0.493804 0.355316
v -0.107647 -0.656604 -0.220884
v 0.399553 -0.470604 0.319316
v -0.141447 -0.669004 -0.153584
v 0.454953 -0.450304 0.270816
v -0.162247 -0.676604 -0.080484
v 0.500453 -0.433604 0.211816
v -0.169347 -0.679204 -0.004584
v 0.490953 -0.664704 -0.240384
v 0.503353 -0.582204 -0.279984
v 0.447953 -0.602604 -0.328384
v 0.442553 -0.679304 -0.281784
v 0.041553 -0.751504 0.319316
v -0.013847 -0.771804 0.270816
v 0.548753 -0.565604 -0.220884
v 0.104853 -0.728304 0.355316
v 0.173453 -0.703204 -0.386584
v 0.244753 -0.677004 -0.393984
v 0.173453 -0.703204 0.377416
v 0.104853 -0.728304 -0.364384
v 0.244753 -0.677004 0.384916
v 0.041553 -0.751504 -0.328384
v 0.384653 -0.625704 -0.364384
v 0.316053 -0.650904 0.377416
v -0.013847 -0.771804 -0.279984
v 0.316053 -0.650904 -0.386584
v 0.384653 -0.625704 0.355316
v -0.059347 -0.788504 -0.220884
v 0.447953 -0.602604 0.319316
v -0.093147 -0.800904 -0.153584
v 0.503353 -0.582204 0.270816
v -0.113947 -0.808504 -0.080484
v 0.548753 -0.565604 0.211816
v -0.120947 -0.811104 -0.004584
v 0.582553 -0.553204 0.144516
v -0.113947 -0.808504 0.071416
v 0.603353 -0.545504 0.071416
v -0.093147 -0.800904 0.144516
v 0.610453 -0.543004 -0.004584
v -0.059347 -0.788504 0.211816
v 0.276553 -0.770604 -0.381684
v 0.347053 -0.749304 -0.374484
v 0.327453 -0.714004 -0.331584
v 0.265153 -0.732804 -0.337984
v 0.265153 -0.732804 0.328916
v 0.202853 -0.751504 0.322516
v 0.087753 -0.786204 -0.281784
v 0.142953 -0.769604 -0.312584
v 0.387353 -0.695904 -0.312584
v 0.327453 -0.714004 0.322516
v 0.039453 -0.800804 -0.240384
v 0.387353 -0.695904 0.303516
v -0.000247 -0.812804 -0.189784
v 0.442553 -0.679304 0.272716
v -0.029747 -0.821704 -0.132184
v 0.490953 -0.664704 0.231216
v -0.047947 -0.827104 -0.069584
v 0.530653 -0.652804 0.180716
v -0.054147 -0.829004 -0.004584
v 0.560153 -0.643904 0.123016
v -0.047947 -0.827104 0.060516
v 0.578353 -0.638404 0.060516
v -0.029747 -0.821704 0.123016
v 0.584453 -0.636504 -0.004584
v -0.000247 -0.812804 0.180716
v 0.578353 -0.638404 -0.069584
v 0.039453 -0.800804 0.231216
v 0.560153 -0.643904 -0.132184
v 0.087753 -0.786204 0.272716
v 0.530653 -0.652804 -0.189784
v 0.142953 -0.769604 0.303516
v 0.202853 -0.751504 -0.331584
v 0.610153 -0.670004 0.139816
v 0.647453 -0.793704 0.139816
v 0.614053 -0.803804 0.205016
v 0.576853 -0.680104 0.205016
v 0.477153 -0.710104 0.309016
v 0.414753 -0.728904 0.343916
v -0.023647 -0.861104 -0.214084
v -0.057047 -0.871104 -0.148884
v 0.531953 -0.693604 0.262116
v -0.077547 -0.877304 -0.078084
v -0.084547 -0.879404 -0.004584
v -0.077547 -0.877304 0.069016
v 0.630753 -0.663804 0.069016
v -0.057047 -0.871104 0.139816
v 0.637653 -0.661704 -0.004584
v -0.023647 -0.861104 0.205016
v 0.630753 -0.663804 -0.078084
v 0.021253 -0.847504 0.262116
v 0.610153 -0.670004 -0.148884
v 0.075953 -0.831004 0.309016
v 0.576853 -0.680104 -0.214084
v 0.138353 -0.812204 0.343916
v 0.206153 -0.791804 -0.374484
v 0.531953 -0.693604 -0.271184
v 0.206153 -0.791804 0.365316
v 0.138353 -0.812204 -0.352984
v 0.477153 -0.710104 -0.318084
v 0.276553 -0.770604 0.372616
v 0.075953 -0.831004 -0.318084
v 0.414753 -0.728904 -0.352984
v 0.347053 -0.749304 0.365316
v 0.021253 -0.847504 -0.271184
v 0.636053 -0.873104 -0.004584
v 0.674953 -0.785404 -0.004584
v 0.668053 -0.787504 -0.078084
v 0.630153 -0.874404 -0.066084
v -0.040347 -1.001004 0.069016
v -0.047247 -1.003104 -0.004584
v 0.668053 -0.787504 0.069016
v -0.019747 -0.994804 0.139816
v 0.013653 -0.984704 0.205016
v 0.058553 -0.971204 0.262116
v 0.647453 -0.793704 -0.148884
v 0.113253 -0.954704 0.309016
v 0.614053 -0.803804 -0.214084
v 0.175653 -0.935904 0.343916
v 0.313853 -0.894304 -0.381684
v 0.243453 -0.915504 -0.374484
v 0.569153 -0.817304 -0.271184
v 0.243453 -0.915504 0.365316
v 0.175653 -0.935904 -0.352984
v 0.514453 -0.833804 -0.318084
v 0.313853 -0.894304 0.372616
v 0.113253 -0.954704 -0.318084
v 0.452053 -0.852604 -0.352984
v 0.384253 -0.873004 0.365316
v 0.058553 -0.971204 -0.271184
v 0.384253 -0.873004 -0.374484
v 0.452053 -0.852604 0.343916
v 0.013653 -0.984704 -0.214084
v 0.514453 -0.833804 0.309016
v -0.019747 -0.994804 -0.148884
v 0.569153 -0.817304 0.262116
v -0.040347 -1.001004 -0.078084
v 0.327553 -0.939604 -0.320184
v 0.267353 -0.952604 -0.314084
v 0.270353 -1.012204 -0.362184
v 0.339953 -0.997204 -0.369184
v 0.109353 -0.986704 0.218616
v 0.070953 -0.994904 0.170816
v 0.612553 -0.878204 -0.125284
v 0.156153 -0.976604 0.257916
v 0.584053 -0.884304 -0.179884
v 0.209453 -0.965104 0.287016
v 0.545653 -0.892604 -0.227684
v 0.267353 -0.952604 0.305016
v 0.209453 -0.965104 -0.296084
v 0.498953 -0.902704 -0.266984
v 0.327553 -0.939604 0.311016
v 0.156153 -0.976604 -0.266984
v 0.445553 -0.914204 -0.296084
v 0.387753 -0.926704 0.305016
v 0.109353 -0.986704 -0.227684
v 0.387753 -0.926704 -0.314084
v 0.445553 -0.914204 0.287016
v 0.070953 -0.994904 -0.179884
v 0.498953 -0.902704 0.257916
v 0.042453 -1.001104 -0.125284
v 0.545653 -0.892604 0.218616
v 0.024953 -1.004904 -0.066084
v 0.584053 -0.884304 0.170816
v 0.019053 -1.006104 -0.004584
v 0.612553 -0.878204 0.116216
v 0.024953 -1.004904 0.057016
v 0.630153 -0.874404 0.057016
v 0.042453 -1.001104 0.116216
v 0.087853 -1.051504 -0.262384
v 0.115053 -1.177504 -0.262384
v 0.169053 -1.165904 -0.307784
v 0.141853 -1.039904 -0.307784
v 0.592053 -0.942804 -0.262384
v 0.636353 -0.933304 -0.207184
v 0.270353 -1.012204 0.353116
v 0.203553 -1.026604 0.332416
v 0.203553 -1.026604 -0.341484
v 0.537953 -0.954504 -0.307784
v 0.339953 -0.997204 0.360116
v 0.476353 -0.967804 -0.341484
v 0.409453 -0.982204 0.353116
v 0.409453 -0.982204 -0.362184
v 0.476353 -0.967804 0.332416
v 0.043553 -1.061104 -0.207184
v 0.537953 -0.954504 0.298716
v 0.010553 -1.068204 -0.144084
v 0.592053 -0.942804 0.253316
v -0.009747 -1.072604 -0.075684
v 0.636353 -0.933304 0.198016
v -0.016547 -1.074104 -0.004584
v 0.669253 -0.926204 0.135016
v -0.009747 -1.072604 0.066616
v 0.689553 -0.921804 0.066616
v 0.010553 -1.068204 0.135016
v 0.696453 -0.920304 -0.004584
v 0.043553 -1.061104 0.198016
v 0.689553 -0.921804 -0.075684
v 0.087853 -1.051504 0.253316
v 0.669253 -0.926204 -0.144084
v 0.141853 -1.039904 0.298716
v 0.077253 -1.200204 -0.064184
v 0.094353 -1.197204 -0.121484
v 0.037753 -1.194204 -0.144084
v 0.017453 -1.198504 -0.075684
v 0.436653 -1.108204 -0.362184
v 0.503553 -1.093704 -0.341484
v 0.503553 -1.093704 0.332416
v 0.436653 -1.108204 0.353116
v 0.070653 -1.187104 -0.207184
v 0.367053 -1.123204 -0.369184
v 0.565153 -1.080404 0.298716
v 0.619153 -1.068804 0.253316
v 0.663553 -1.059204 0.198016
v 0.010553 -1.200004 -0.004584
v 0.696453 -1.052104 0.135016
v 0.017453 -1.198504 0.066616
v 0.716753 -1.047804 0.066616
v 0.037753 -1.194204 0.135016
v 0.723553 -1.046304 -0.004584
v 0.070653 -1.187104 0.198016
v 0.716753 -1.047804 -0.075684
v 0.115053 -1.177504 0.253316
v 0.696453 -1.052104 -0.144084
v 0.169053 -1.165904 0.298716
v 0.663553 -1.059204 -0.207184
v 0.230653 -1.152604 0.332416
v 0.297553 -1.138104 -0.362184
v 0.619153 -1.068804 -0.262384
v 0.297553 -1.138104 0.353116
v 0.230653 -1.152604 -0.341484
v 0.565153 -1.080404 -0.307784
v 0.367053 -1.123204 0.360116
v 0.094353 -1.197204 0.112416
v 0.054453 -1.238104 0.131616
v 0.034553 -1.241604 0.064916
v 0.077253 -1.200204 0.055116
v 0.623053 -1.105504 0.165316
v 0.585653 -1.112004 0.211616
v 0.071453 -1.201204 -0.004584
v 0.650953 -1.100704 0.112416
v 0.668053 -1.097704 0.055116
v 0.673853 -1.096704 -0.004584
v 0.122253 -1.192404 0.165316
v 0.668053 -1.097704 -0.064184
v 0.159653 -1.185904 0.211616
v 0.650953 -1.100704 -0.121484
v 0.205353 -1.178004 0.249616
v 0.623053 -1.105504 -0.174384
v 0.257353 -1.168904 0.277916
v 0.313853 -1.159104 -0.304384
v 0.372653 -1.148904 -0.310184
v 0.585653 -1.112004 -0.220684
v 0.313853 -1.159104 0.295316
v 0.257353 -1.168904 -0.286984
v 0.539953 -1.119904 -0.258684
v 0.372653 -1.148904 0.301116
v 0.205353 -1.178004 -0.258684
v 0.487953 -1.129004 -0.286984
v 0.431453 -1.138804 0.295316
v 0.159653 -1.185904 -0.220684
v 0.431453 -1.138804 -0.304384
v 0.487953 -1.129004 0.277916
v 0.122253 -1.192404 -0.174384
v 0.539953 -1.119904 0.249616
v 0.183653 -1.215704 0.291316
v 0.205253 -1.340704 0.291316
v 0.152153 -1.349904 0.247016
v 0.130453 -1.225004 0.247016
v 0.728953 -1.121204 -0.004584
v 0.722253 -1.122304 0.064916
v 0.086853 -1.232504 0.193116
v 0.722253 -1.122304 -0.073984
v 0.702253 -1.125804 -0.140684
v 0.669853 -1.131404 -0.202184
v 0.244253 -1.205204 0.324216
v 0.309953 -1.193804 -0.353484
v 0.378353 -1.182004 -0.360384
v 0.626253 -1.139004 -0.256184
v 0.309953 -1.193804 0.344416
v 0.244253 -1.205204 -0.333284
v 0.573153 -1.148204 -0.300384
v 0.378353 -1.182004 0.351316
v 0.183653 -1.215704 -0.300384
v 0.512553 -1.158704 -0.333284
v 0.446753 -1.170104 0.344416
v 0.130453 -1.225004 -0.256184
v 0.446753 -1.170104 -0.353484
v 0.512553 -1.158704 0.324216
v 0.086853 -1.232504 -0.202184
v 0.573153 -1.148204 0.291316
v 0.054453 -1.238104 -0.140684
v 0.626253 -1.139004 0.247016
v 0.034553 -1.241604 -0.073984
v 0.669853 -1.131404 0.193116
v 0.027753 -1.242804 -0.004584
v 0.702253 -1.125804 0.131616
v 0.400053 -1.306904 0.351316
v 0.408453 -1.355604 0.305516
v 0.348153 -1.359104 0.299516
v 0.331653 -1.318704 0.344416
v 0.691553 -1.256304 -0.202184
v 0.723953 -1.250704 -0.140684
v 0.265853 -1.330104 0.324216
v 0.331653 -1.318704 -0.353484
v 0.400053 -1.306904 -0.360384
v 0.647953 -1.263904 -0.256184
v 0.265853 -1.330104 -0.333284
v 0.594853 -1.273104 -0.300384
v 0.205253 -1.340704 -0.300384
v 0.534153 -1.283604 -0.333284
v 0.468453 -1.295004 0.344416
v 0.152153 -1.349904 -0.256184
v 0.468453 -1.295004 -0.353484
v 0.534153 -1.283604 0.324216
v 0.108553 -1.357404 -0.202184
v 0.594853 -1.273104 0.291316
v 0.076153 -1.363004 -0.140684
v 0.647953 -1.263904 0.247016
v 0.056153 -1.366504 -0.073984
v 0.691553 -1.256304 0.193116
v 0.049453 -1.367704 -0.004584
v 0.723953 -1.250704 0.131616
v 0.056153 -1.366504 0.064916
v 0.743853 -1.247304 0.064916
v 0.076153 -1.363004 0.131616
v 0.750653 -1.246104 -0.004584
v 0.108553 -1.357404 0.193116
v 0.743853 -1.247304 -0.073984
v 0.580453 -1.345904 0.253216
v 0.604553 -1.368204 0.287316
v 0.543953 -1.371604 0.319716
v 0.526953 -1.348904 0.281916
v 0.236553 -1.365404 -0.262384
v 0.290053 -1.362404 -0.290984
v 0.526953 -1.348904 -0.290984
v 0.580453 -1.345904 -0.262384
v 0.468853 -1.352204 0.299516
v 0.189653 -1.368104 -0.223784
v 0.468853 -1.352204 -0.308684
v 0.151153 -1.370304 -0.176784
v 0.408453 -1.355604 -0.314584
v 0.122553 -1.371904 -0.123184
v 0.627353 -1.343204 0.214716
v 0.104853 -1.372904 -0.064984
v 0.665853 -1.341004 0.167716
v 0.098953 -1.373304 -0.004584
v 0.694453 -1.339404 0.114116
v 0.104853 -1.372904 0.055916
v 0.712053 -1.338404 0.055916
v 0.122553 -1.371904 0.114116
v 0.718053 -1.338004 -0.004584
v 0.151153 -1.370304 0.167716
v 0.712053 -1.338404 -0.064984
v 0.189653 -1.368104 0.214716
v 0.694453 -1.339404 -0.123184
v 0.236553 -1.365404 0.253216
v 0.665853 -1.341004 -0.176784
v 0.290053 -1.362404 0.281916
v 0.348153 -1.359104 -0.308684
v 0.627353 -1.343204 -0.223784
v 0.733653 -1.360804 0.129816
v 0.740653 -1.483804 0.129816
v 0.708253 -1.485704 0.190516
v 0.701253 -1.362704 0.190516
v 0.118453 -1.395904 -0.199584
v 0.086053 -1.397704 -0.138884
v 0.657653 -1.365204 0.243716
v 0.066153 -1.398804 -0.072984
v 0.059353 -1.399204 -0.004584
v 0.066153 -1.398804 0.063916
v 0.753553 -1.359704 0.063916
v 0.086053 -1.397704 0.129816
v 0.760253 -1.359304 -0.004584
v 0.118453 -1.395904 0.190516
v 0.753553 -1.359704 -0.072984
v 0.162053 -1.393404 0.243716
v 0.733653 -1.360804 -0.138884
v 0.215153 -1.390404 0.287316
v 0.701253 -1.362704 -0.199584
v 0.275753 -1.386904 0.319716
v 0.341453 -1.383204 -0.348784
v 0.409853 -1.379304 -0.355584
v 0.657653 -1.365204 -0.252784
v 0.341453 -1.383204 0.339716
v 0.275753 -1.386904 -0.328884
v 0.604553 -1.368204 -0.296384
v 0.409853 -1.379304 0.346516
v 0.215153 -1.390404 -0.296384
v 0.543953 -1.371604 -0.328884
v 0.478253 -1.375404 0.339716
v 0.162053 -1.393404 -0.252784
v 0.478253 -1.375404 -0.348784
v 0.760553 -1.482704 -0.072984
v 0.725053 -1.537704 -0.065484
v 0.731053 -1.537704 -0.004584
v 0.767353 -1.482304 -0.004584
v 0.073153 -1.521804 0.063916
v 0.066353 -1.522204 -0.004584
v 0.760553 -1.482704 0.063916
v 0.093053 -1.520704 0.129816
v 0.125453 -1.518904 0.190516
v 0.169053 -1.516404 0.243716
v 0.740653 -1.483804 -0.138884
v 0.222153 -1.513404 0.287316
v 0.708253 -1.485704 -0.199584
v 0.282753 -1.509904 0.319716
v 0.416853 -1.502304 -0.355584
v 0.348453 -1.506204 -0.348784
v 0.664653 -1.488204 -0.252784
v 0.348453 -1.506204 0.339716
v 0.282753 -1.509904 -0.328884
v 0.611553 -1.491204 -0.296384
v 0.416853 -1.502304 0.346516
v 0.222153 -1.513404 -0.296384
v 0.550953 -1.494604 -0.328884
v 0.485253 -1.498404 0.339716
v 0.169053 -1.516404 -0.252784
v 0.485253 -1.498404 -0.348784
v 0.550953 -1.494604 0.319716
v 0.125453 -1.518904 -0.199584
v 0.611553 -1.491204 0.287316
v 0.093053 -1.520704 -0.138884
v 0.664653 -1.488204 0.243716
v 0.073153 -1.521804 -0.072984
v 0.610453 -1.571604 0.282016
v 0.550853 -1.571804 0.313816
v 0.538353 -1.538204 0.283816
v 0.592353 -1.538104 0.255016
v 0.198153 -1.539104 0.216216
v 0.159353 -1.539204 0.168916
v 0.707253 -1.537804 -0.123984
v 0.245453 -1.538904 0.255016
v 0.678453 -1.537804 -0.177984
v 0.299453 -1.538804 0.283816
v 0.358053 -1.538704 -0.310684
v 0.418953 -1.538504 -0.316684
v 0.639653 -1.537904 -0.225284
v 0.358053 -1.538704 0.301616
v 0.299453 -1.538804 -0.292984
v 0.592353 -1.538104 -0.264084
v 0.418953 -1.538504 0.307616
v 0.245453 -1.538904 -0.264084
v 0.538353 -1.538204 -0.292984
v 0.479853 -1.538304 0.301616
v 0.198153 -1.539104 -0.225284
v 0.479853 -1.538304 -0.310684
v 0.159353 -1.539204 -0.177984
v 0.130553 -1.539204 -0.123984
v 0.639653 -1.537904 0.216216
v 0.112753 -1.539304 -0.065484
v 0.678453 -1.537804 0.168916
v 0.106753 -1.539304 -0.004584
v 0.707253 -1.537804 0.114916
v 0.112753 -1.539304 0.056316
v 0.725053 -1.537704 0.056316
v 0.130553 -1.539204 0.114916
v 0.705553 -1.571404 0.186916
v 0.737353 -1.571304 0.127316
v 0.737653 -1.636904 0.127316
v 0.705853 -1.637004 0.186916
v 0.100553 -1.572904 -0.136384
v 0.132453 -1.572804 -0.195984
v 0.662653 -1.571504 0.239116
v 0.080953 -1.573004 -0.071784
v 0.074353 -1.573004 -0.004584
v 0.080953 -1.573004 0.062716
v 0.756953 -1.571204 0.062716
v 0.100553 -1.572904 0.127316
v 0.763653 -1.571204 -0.004584
v 0.132453 -1.572804 0.186916
v 0.756953 -1.571204 -0.071784
v 0.175353 -1.572704 0.239116
v 0.737353 -1.571304 -0.136384
v 0.227553 -1.572604 0.282016
v 0.705553 -1.571404 -0.195984
v 0.287153 -1.572404 0.313816
v 0.351753 -1.572304 -0.342584
v 0.418953 -1.572104 -0.349184
v 0.662653 -1.571504 -0.248184
v 0.351753 -1.572304 0.333416
v 0.287153 -1.572404 -0.322984
v 0.610453 -1.571604 -0.291084
v 0.418953 -1.572104 0.340116
v 0.227553 -1.572604 -0.291084
v 0.550853 -1.571804 -0.322984
v 0.486253 -1.571904 0.333416
v 0.175353 -1.572704 -0.248184
v 0.486253 -1.571904 -0.342584
v 0.352053 -1.637904 -0.342584
v 0.287353 -1.638104 -0.322984
v 0.227853 -1.638204 -0.291084
v 0.175553 -1.638404 -0.248184
v 0.132753 -1.638504 -0.195984
v 0.100853 -1.638604 -0.136384
v 0.081253 -1.638604 -0.071784
v 0.074653 -1.638604 -0.004584
v 0.081253 -1.638604 0.062716
v 0.100853 -1.638604 0.127316
v 0.132753 -1.638504 0.186916
v 0.175553 -1.638404 0.239116
v 0.227853 -1.638204 0.282016
v 0.287353 -1.638104 0.313816
v 0.352053 -1.637904 0.333416
v 0.419253 -1.637804 0.340116
v 0.486553 -1.637604 0.333416
v 0.551153 -1.637404 0.313816
v 0.610753 -1.637304 0.282016
v 0.662953 -1.637104 0.239116
v 0.757253 -1.636904 0.062716
v 0.763953 -1.636904 -0.004584
v 0.757253 -1.636904 -0.071784
v 0.737653 -1.636904 -0.136384
v 0.705853 -1.637004 -0.195984
v 0.662953 -1.637104 -0.248184
v 0.610753 -1.637304 -0.291084
v 0.551153 -1.637404 -0.322984
v 0.486553 -1.637604 -0.342584
v 0.419253 -1.637804 -0.349184
v 0.420553 -1.880204 -0.490384
v 0.514053 -1.880204 -0.481184
v 0.603953 -1.880204 -0.453884
v 0.686853 -1.880204 -0.409584
v 0.759453 -1.880204 -0.349984
v 0.819153 -1.880204 -0.277384
v 0.863353 -1.880204 -0.194484
v 0.890653 -1.880204 -0.104584
v 0.899853 -1.880204 -0.011084
v 0.890653 -1.880204 0.082516
v 0.863353 -1.880204 0.172416
v 0.819153 -1.880204 0.255216
v 0.759453 -1.880204 0.327916
v 0.686853 -1.880204 0.387516
v 0.603953 -1.880204 0.431816
v 0.514053 -1.880204 0.459116
v 0.420553 -1.880204 0.468316
v 0.327053 -1.880204 0.459116
v 0.237153 -1.880204 0.431816
v 0.154253 -1.880204 0.387516
v 0.081653 -1.880204 0.327916
v 0.021953 -1.880204 0.255216
v -0.022347 -1.880204 0.172416
v -0.049547 -1.880204 0.082516
v -0.058747 -1.880204 -0.011084
v -0.049547 -1.880204 -0.104584
v -0.022347 -1.880204 -0.194484
v 0.021953 -1.880204 -0.277384
v 0.081653 -1.880204 -0.349984
v 0.327053 -1.880204 -0.481184
v 0.154253 -1.880204 -0.409584
v 0.237153 -1.880204 -0.453884
v 0.925553 -1.901604 -0.111484
v 0.925553 -2.002404 -0.111484
v 0.935453 -2.002404 -0.011084
v 0.935453 -1.901604 -0.011084
v 0.617553 -1.901604 -0.486684
v 0.706553 -1.901604 -0.439184
v 0.520953 -1.901604 0.493916
v 0.420553 -1.901604 0.503816
v 0.056453 -1.901604 -0.375084
v 0.134553 -1.901604 -0.439184
v 0.520953 -1.901604 -0.515984
v 0.617553 -1.901604 0.464616
v -0.007547 -1.901604 -0.297084
v 0.420553 -1.901604 -0.525884
v 0.706553 -1.901604 0.417016
v -0.055147 -1.901604 -0.208084
v 0.784653 -1.901604 0.353016
v -0.084447 -1.901604 -0.111484
v 0.848653 -1.901604 0.275016
v -0.094347 -1.901604 -0.011084
v 0.896253 -1.901604 0.186016
v -0.084447 -1.901604 0.089416
v 0.925553 -1.901604 0.089416
v -0.055147 -1.901604 0.186016
v -0.007547 -1.901604 0.275016
v 0.056453 -1.901604 0.353016
v 0.896253 -1.901604 -0.208084
v 0.134553 -1.901604 0.417016
v 0.848653 -1.901604 -0.297084
v 0.223553 -1.901604 0.464616
v 0.320153 -1.901604 -0.515984
v 0.784653 -1.901604 -0.375084
v 0.320153 -1.901604 0.493916
v 0.223553 -1.901604 -0.486684
v 0.320153 -2.002404 -0.515984
v 0.223553 -2.002404 -0.486684
v 0.134553 -2.002404 -0.439184
v 0.056453 -2.002404 -0.375084
v -0.007547 -2.002404 -0.297084
v -0.055147 -2.002404 -0.208084
v -0.084447 -2.002404 -0.111484
v -0.094347 -2.002404 -0.011084
v -0.084447 -2.002404 0.089416
v -0.055147 -2.002404 0.186016
v -0.007547 -2.002404 0.275016
v 0.056453 -2.002404 0.353016
v 0.134553 -2.002404 0.417016
v 0.223553 -2.002404 0.464616
v 0.320153 -2.002404 0.493916
v 0.420553 -2.002404 0.503816
v 0.520953 -2.002404 0.493916
v 0.617553 -2.002404 0.464616
v 0.706553 -2.002404 0.417016
v 0.784653 -2.002404 0.353016
v 0.848653 -2.002404 0.275016
v 0.896253 -2.002404 0.186016
v 0.925553 -2.002404 0.089416
v 0.896253 -2.002404 -0.208084
v 0.848653 -2.002404 -0.297084
v 0.784653 -2.002404 -0.375084
v 0.706553 -2.002404 -0.439184
v 0.617553 -2.002404 -0.486684
v 0.520953 -2.002404 -0.515984
v 0.420553 -2.002404 -0.525884
v 0.419353 -1.702304 -0.388784
v 0.492953 -1.702304 -0.381484
v 0.563753 -1.702304 -0.360084
v 0.628953 -1.702304 -0.325184
v 0.686153 -1.702304 -0.278284
v 0.733053 -1.702304 -0.221084
v 0.767953 -1.702304 -0.155784
v 0.789453 -1.702304 -0.084984
v 0.796653 -1.702304 -0.011384
v 0.789453 -1.702304 0.062216
v 0.767953 -1.702304 0.133016
v 0.733053 -1.702304 0.198216
v 0.686153 -1.702304 0.255416
v 0.628953 -1.702304 0.302416
v 0.563753 -1.702304 0.337216
v 0.492953 -1.702304 0.358716
v 0.419353 -1.702304 0.365916
v 0.345653 -1.702304 0.358716
v 0.274853 -1.702304 0.337216
v 0.209653 -1.702304 0.302416
v 0.152453 -1.702304 0.255416
v 0.105553 -1.702304 0.198216
v 0.070653 -1.702304 0.133016
v 0.049153 -1.702304 0.062216
v 0.041953 -1.702304 -0.011384
v 0.049153 -1.702304 -0.084984
v 0.070653 -1.702304 -0.155784
v 0.105553 -1.702304 -0.221084
v 0.152453 -1.702304 -0.278284
v 0.345653 -1.702304 -0.381484
v 0.209653 -1.702304 -0.325184
v 0.274853 -1.702304 -0.360084
v 0.326253 -1.881504 -0.479084
v 0.236853 -1.881504 -0.451984
v 0.154353 -1.881504 -0.407884
v 0.082153 -1.881504 -0.348584
v 0.022853 -1.881504 -0.276384
v -0.021247 -1.881504 -0.193884
v -0.048347 -1.881504 -0.104484
v -0.057547 -1.881504 -0.011384
v -0.048347 -1.881504 0.081616
v -0.021247 -1.881504 0.171116
v 0.022853 -1.881504 0.253516
v 0.082153 -1.881504 0.325816
v 0.154353 -1.881504 0.385116
v 0.236853 -1.881504 0.429116
v 0.326253 -1.881504 0.456316
v 0.419353 -1.881504 0.465416
v 0.512353 -1.881504 0.456316
v 0.601753 -1.881504 0.429116
v 0.684253 -1.881504 0.385116
v 0.756453 -1.881504 0.325816
v 0.815853 -1.881504 0.253516
v 0.859853 -1.881504 0.171116
v 0.887053 -1.881504 0.081616
v 0.896153 -1.881504 -0.011384
v 0.887053 -1.881504 -0.104484
v 0.859853 -1.881504 -0.193884
v 0.815853 -1.881504 -0.276384
v 0.756453 -1.881504 -0.348584
v 0.684253 -1.881504 -0.407884
v 0.601753 -1.881504 -0.451984
v 0.512353 -1.881504 -0.479084
v 0.419353 -1.881504 -0.488284
v 0.419953 -1.637704 -0.371284
v 0.489753 -1.637704 -0.364384
v 0.556953 -1.637704 -0.343984
v 0.618853 -1.637704 -0.310884
v 0.673153 -1.637704 -0.266384
v 0.717753 -1.637704 -0.212084
v 0.750853 -1.637704 -0.150184
v 0.771153 -1.637704 -0.082984
v 0.778053 -1.637704 -0.013084
v 0.771153 -1.637704 0.056816
v 0.750853 -1.637704 0.124016
v 0.717753 -1.637704 0.185916
v 0.673153 -1.637704 0.240216
v 0.618853 -1.637704 0.284716
v 0.556953 -1.637704 0.317816
v 0.489753 -1.637704 0.338216
v 0.419953 -1.637704 0.345116
v 0.350053 -1.637704 0.338216
v 0.282853 -1.637704 0.317816
v 0.220953 -1.637704 0.284716
v 0.166653 -1.637704 0.240216
v 0.122153 -1.637704 0.185916
v 0.089053 -1.637704 0.124016
v 0.068653 -1.637704 0.056816
v 0.061753 -1.637704 -0.013084
v 0.068653 -1.637704 -0.082984
v 0.089053 -1.637704 -0.150184
v 0.122153 -1.637704 -0.212084
v 0.166653 -1.637704 -0.266384
v 0.350053 -1.637704 -0.364384
v 0.220953 -1.637704 -0.310884
v 0.282853 -1.637704 -0.343984
v 0.152153 -1.668604 -0.280784
v 0.152153 -1.703404 -0.280784
v 0.209553 -1.703404 -0.327884
v 0.209553 -1.668604 -0.327884
v 0.041253 -1.668604 -0.013084
v 0.048553 -1.668604 0.060816
v 0.791253 -1.668604 0.060816
v 0.769753 -1.668604 0.131816
v 0.070053 -1.668604 0.131816
v 0.798553 -1.668604 -0.013084
v 0.105053 -1.668604 0.197316
v 0.791253 -1.668604 -0.086984
v 0.152153 -1.668604 0.254716
v 0.769753 -1.668604 -0.157984
v 0.209553 -1.668604 0.301716
v 0.734753 -1.668604 -0.223484
v 0.275053 -1.668604 0.336716
v 0.419953 -1.668604 -0.391784
v 0.346053 -1.668604 -0.384484
v 0.687653 -1.668604 -0.280784
v 0.346053 -1.668604 0.358316
v 0.275053 -1.668604 -0.362884
v 0.630253 -1.668604 -0.327884
v 0.419953 -1.668604 0.365616
v 0.564853 -1.668604 -0.362884
v 0.493753 -1.668604 0.358316
v 0.493753 -1.668604 -0.384484
v 0.564853 -1.668604 0.336716
v 0.105053 -1.668604 -0.223484
v 0.630253 -1.668604 0.301716
v 0.070053 -1.668604 -0.157984
v 0.687653 -1.668604 0.254716
v 0.048553 -1.668604 -0.086984
v 0.734753 -1.668604 0.197316
v 0.346053 -1.703404 -0.384484
v 0.275053 -1.703404 -0.362884
v 0.105053 -1.703404 -0.223484
v 0.070053 -1.703404 -0.157984
v 0.048553 -1.703404 -0.086984
v 0.041253 -1.703404 -0.013084
v 0.048553 -1.703404 0.060816
v 0.070053 -1.703404 0.131816
v 0.105053 -1.703404 0.197316
v 0.152153 -1.703404 0.254716
v 0.209553 -1.703404 0.301716
v 0.275053 -1.703404 0.336716
v 0.346053 -1.703404 0.358316
v 0.419953 -1.703404 0.365616
v 0.493753 -1.703404 0.358316
v 0.564853 -1.703404 0.336716
v 0.630253 -1.703404 0.301716
v 0.687653 -1.703404 0.254716
v 0.734753 -1.703404 0.197316
v 0.769753 -1.703404 0.131816
v 0.791253 -1.703404 0.060816
v 0.798553 -1.703404 -0.013084
v 0.791253 -1.703404 -0.086984
v 0.769753 -1.703404 -0.157984
v 0.734753 -1.703404 -0.223484
v 0.687653 -1.703404 -0.280784
v 0.630253 -1.703404 -0.327884
v 0.564853 -1.703404 -0.362884
v 0.493753 -1.703404 -0.384484
v 0.419953 -1.703404 -0.391784
v 0.868053 -1.929304 -0.276484
v 0.871953 -1.929304 -0.277984
v 0.871953 -2.003704 -0.277984
v 0.868053 -2.003704 -0.276484
v 0.876053 -1.929304 -0.278684
v 0.876053 -2.003704 -0.278684
v 0.880253 -1.929304 -0.278584
v 0.880253 -2.003704 -0.278584
v 0.884353 -1.929304 -0.277684
v 0.884353 -2.003704 -0.277684
v 0.888153 -1.929304 -0.275884
v 0.888153 -2.003704 -0.275884
v 0.891553 -2.003704 -0.273484
v 0.891553 -1.929304 -0.273484
v 0.894453 -2.003704 -0.270484
v 0.894453 -1.929304 -0.270484
v 0.896653 -1.929304 -0.266884
v 0.896653 -2.003704 -0.266884
v 0.898153 -2.003704 -0.262984
v 0.898153 -1.929304 -0.262984
v 0.898853 -2.003704 -0.258884
v 0.898853 -1.929304 -0.258884
v 0.898753 -2.003704 -0.254684
v 0.898753 -1.929304 -0.254684
v 0.897753 -1.929304 -0.250584
v 0.897753 -2.003704 -0.250584
v 0.896053 -2.003704 -0.246784
v 0.896053 -1.929304 -0.246784
v 0.893653 -2.003704 -0.243384
v 0.893653 -1.929304 -0.243384
v 0.890553 -2.003704 -0.240484
v 0.890553 -1.929304 -0.240484
v 0.887053 -2.003704 -0.238284
v 0.887053 -1.929304 -0.238284
v 0.883153 -2.003704 -0.236784
v 0.883153 -1.929304 -0.236784
v 0.879053 -2.003704 -0.236084
v 0.879053 -1.929304 -0.236084
v 0.874853 -2.003704 -0.236184
v 0.874853 -1.929304 -0.236184
v 0.870753 -1.929304 -0.237184
v 0.870753 -2.003704 -0.237184
v 0.866953 -1.929304 -0.238884
v 0.866953 -2.003704 -0.238884
v 0.863553 -2.003704 -0.241284
v 0.863553 -1.929304 -0.241284
v 0.860653 -2.003704 -0.244384
v 0.860653 -1.929304 -0.244384
v 0.858453 -1.929304 -0.247884
v 0.858453 -2.003704 -0.247884
v 0.856953 -1.929304 -0.251784
v 0.856953 -2.003704 -0.251784
v 0.856253 -2.003704 -0.255984
v 0.856253 -1.929304 -0.255984
v 0.856353 -1.929304 -0.260084
v 0.856353 -2.003704 -0.260084
v 0.857353 -2.003704 -0.264184
v 0.857353 -1.929304 -0.264184
v 0.859053 -2.003704 -0.267984
v 0.859053 -1.929304 -0.267984
v 0.861453 -1.929304 -0.271384
v 0.861453 -2.003704 -0.271384
v 0.888153 -1.910904 -0.262684
v 0.889253 -1.911104 -0.259984
v 0.864553 -1.929304 -0.274284
v 0.864553 -2.003704 -0.274284
v 0.877953 -1.914904 -0.271384
v 0.863553 -1.904104 -0.264184
v 0.863653 -1.902104 -0.262184
v 0.880353 -1.913604 -0.270484
v 0.879553 -1.923304 -0.243184
v 0.881953 -1.921604 -0.243384
v 0.865053 -1.927304 -0.260384
v 0.865253 -1.928104 -0.257584
v 0.882653 -1.912404 -0.269084
v 0.887653 -1.916404 -0.247184
v 0.888853 -1.914904 -0.249284
v 0.868453 -1.928604 -0.249684
v 0.870253 -1.928104 -0.247484
v 0.870953 -1.919804 -0.270684
v 0.873153 -1.918104 -0.271384
v 0.869053 -1.921604 -0.269384
v 0.889853 -1.911604 -0.257184
v 0.877153 -1.924804 -0.243484
v 0.865453 -1.926104 -0.263084
v 0.884853 -1.911604 -0.267284
v 0.886053 -1.918104 -0.245484
v 0.866953 -1.928804 -0.252184
v 0.875553 -1.916404 -0.271684
v 0.889953 -1.912404 -0.254384
v 0.874753 -1.926104 -0.244284
v 0.866153 -1.924804 -0.265484
v 0.886653 -1.911104 -0.265184
v 0.884153 -1.919804 -0.244184
v 0.865853 -1.928604 -0.254884
v 0.889653 -1.913604 -0.251784
v 0.872453 -1.927304 -0.245684
v 0.867453 -1.923304 -0.267584
v 0.864553 -1.909004 -0.267184
v 0.865453 -1.911704 -0.267884
v 0.866653 -1.914304 -0.268184
v 0.867953 -1.916804 -0.267884
v 0.869553 -1.919204 -0.267184
v 0.871153 -1.921204 -0.265884
v 0.872753 -1.922904 -0.264184
v 0.874453 -1.924204 -0.262184
v 0.875953 -1.924904 -0.259784
v 0.877353 -1.925204 -0.257284
v 0.878553 -1.924904 -0.254684
v 0.879453 -1.924204 -0.251984
v 0.880053 -1.922904 -0.249484
v 0.880453 -1.921204 -0.247184
v 0.880453 -1.919204 -0.245084
v 0.880153 -1.916804 -0.243384
v 0.879553 -1.914304 -0.242184
v 0.878553 -1.911704 -0.241384
v 0.877453 -1.909004 -0.241184
v 0.876053 -1.906504 -0.241384
v 0.874553 -1.904104 -0.242184
v 0.872953 -1.902104 -0.243384
v 0.871253 -1.900404 -0.245084
v 0.869653 -1.899104 -0.247184
v 0.868053 -1.898404 -0.249484
v 0.866653 -1.898104 -0.251984
v 0.865553 -1.898404 -0.254684
v 0.864553 -1.899104 -0.257284
v 0.863953 -1.900404 -0.259784
v 0.863953 -1.906504 -0.265884
v 0.909353 -1.929304 0.181616
v 0.909353 -2.003704 0.181616
v 0.906453 -2.003704 0.178616
v 0.906453 -1.929304 0.178616
v 0.911653 -2.003704 0.185116
v 0.911653 -1.929304 0.185116
v 0.913253 -1.929304 0.188916
v 0.913253 -2.003704 0.188916
v 0.913953 -2.003704 0.193116
v 0.913953 -1.929304 0.193116
v 0.913953 -1.929304 0.197216
v 0.913953 -2.003704 0.197216
v 0.913053 -2.003704 0.201316
v 0.913053 -1.929304 0.201316
v 0.911453 -2.003704 0.205216
v 0.911453 -1.929304 0.205216
v 0.909053 -1.929304 0.208616
v 0.909053 -2.003704 0.208616
v 0.906053 -2.003704 0.211616
v 0.906053 -1.929304 0.211616
v 0.902553 -1.929304 0.213816
v 0.902553 -2.003704 0.213816
v 0.898653 -1.929304 0.215416
v 0.898653 -2.003704 0.215416
v 0.894553 -2.003704 0.216216
v 0.894553 -1.929304 0.216216
v 0.890353 -1.929304 0.216116
v 0.890353 -2.003704 0.216116
v 0.886253 -1.929304 0.215316
v 0.886253 -2.003704 0.215316
v 0.882453 -2.003704 0.213616
v 0.882453 -1.929304 0.213616
v 0.878953 -1.929304 0.211316
v 0.878953 -2.003704 0.211316
v 0.876053 -1.929304 0.208316
v 0.876053 -2.003704 0.208316
v 0.873753 -2.003704 0.204816
v 0.873753 -1.929304 0.204816
v 0.872253 -2.003704 0.200916
v 0.872253 -1.929304 0.200916
v 0.871453 -1.929304 0.196816
v 0.871453 -2.003704 0.196816
v 0.871453 -2.003704 0.192616
v 0.871453 -1.929304 0.192616
v 0.872353 -1.929304 0.188516
v 0.872353 -2.003704 0.188516
v 0.874053 -1.929304 0.184616
v 0.874053 -2.003704 0.184616
v 0.876353 -2.003704 0.181216
v 0.876353 -1.929304 0.181216
v 0.879353 -2.003704 0.178316
v 0.879353 -1.929304 0.178316
v 0.882853 -1.929304 0.176016
v 0.882853 -2.003704 0.176016
v 0.886753 -2.003704 0.174416
v 0.886753 -1.929304 0.174416
v 0.890853 -1.929304 0.173616
v 0.890853 -2.003704 0.173616
v 0.895053 -1.929304 0.173716
v 0.895053 -2.003704 0.173716
v 0.899153 -2.003704 0.174616
v 0.899153 -1.929304 0.174616
v 0.899753 -1.911104 0.204616
v 0.901753 -1.910904 0.202516
v 0.902953 -1.929304 0.176216
v 0.902953 -2.003704 0.176216
v 0.905853 -1.913604 0.192316
v 0.905653 -1.914904 0.189716
v 0.893353 -1.904104 0.179416
v 0.891453 -1.902104 0.180216
v 0.880453 -1.923304 0.202516
v 0.881653 -1.921604 0.204516
v 0.890453 -1.927304 0.182316
v 0.887953 -1.928104 0.183616
v 0.905553 -1.912404 0.194916
v 0.889853 -1.914904 0.208616
v 0.887353 -1.916404 0.208316
v 0.880753 -1.928104 0.192216
v 0.881953 -1.928604 0.189716
v 0.902253 -1.919804 0.183616
v 0.903853 -1.918104 0.185316
v 0.900253 -1.921604 0.182316
v 0.897453 -1.911604 0.206316
v 0.879753 -1.924804 0.200116
v 0.893053 -1.926104 0.181516
v 0.904753 -1.911604 0.197616
v 0.885153 -1.918104 0.207516
v 0.883653 -1.928804 0.187316
v 0.904953 -1.916404 0.187316
v 0.894953 -1.912404 0.207516
v 0.879553 -1.926104 0.197616
v 0.895553 -1.924804 0.181316
v 0.903453 -1.911104 0.200116
v 0.883253 -1.919804 0.206216
v 0.885653 -1.928604 0.185316
v 0.892353 -1.913604 0.208316
v 0.879953 -1.927304 0.194916
v 0.898053 -1.923304 0.181516
v 0.898253 -1.914304 0.180616
v 0.898553 -1.916804 0.181916
v 0.898453 -1.919204 0.183616
v 0.897953 -1.921204 0.185616
v 0.897053 -1.922904 0.187816
v 0.895853 -1.924204 0.190116
v 0.894353 -1.924904 0.192516
v 0.892553 -1.925204 0.194816
v 0.890553 -1.924904 0.196916
v 0.888553 -1.924204 0.198816
v 0.886453 -1.922904 0.200416
v 0.884453 -1.921204 0.201716
v 0.882653 -1.919204 0.202516
v 0.880953 -1.916804 0.202916
v 0.879553 -1.914304 0.202816
v 0.878453 -1.911704 0.202316
v 0.877753 -1.909004 0.201316
v 0.877453 -1.906504 0.200016
v 0.877553 -1.904104 0.198216
v 0.878053 -1.902104 0.196316
v 0.878953 -1.900404 0.194116
v 0.880153 -1.899104 0.191816
v 0.881653 -1.898404 0.189416
v 0.883453 -1.898104 0.187116
v 0.885353 -1.898404 0.185016
v 0.887453 -1.899104 0.183116
v 0.889453 -1.900404 0.181516
v 0.895053 -1.906504 0.179016
v 0.897453 -1.911704 0.179616
v 0.896453 -1.909004 0.179116
v 0.941053 -1.929304 -0.056684
v 0.941053 -2.003704 -0.056684
v 0.936853 -2.003704 -0.056884
v 0.936853 -1.929304 -0.056884
v 0.945053 -2.003704 -0.055584
v 0.945053 -1.929304 -0.055584
v 0.948853 -1.929304 -0.053784
v 0.948853 -2.003704 -0.053784
v 0.952153 -1.929304 -0.051284
v 0.952153 -2.003704 -0.051284
v 0.954953 -2.003704 -0.048084
v 0.954953 -1.929304 -0.048084
v 0.957053 -1.929304 -0.044484
v 0.957053 -2.003704 -0.044484
v 0.958453 -1.929304 -0.040584
v 0.958453 -2.003704 -0.040584
v 0.958953 -2.003704 -0.036384
v 0.958953 -1.929304 -0.036384
v 0.958753 -1.929304 -0.032184
v 0.958753 -2.003704 -0.032184
v 0.957653 -1.929304 -0.028184
v 0.957653 -2.003704 -0.028184
v 0.955853 -2.003704 -0.024384
v 0.955853 -1.929304 -0.024384
v 0.953253 -1.929304 -0.021084
v 0.953253 -2.003704 -0.021084
v 0.950153 -1.929304 -0.018284
v 0.950153 -2.003704 -0.018284
v 0.946553 -2.003704 -0.016184
v 0.946553 -1.929304 -0.016184
v 0.942553 -2.003704 -0.014784
v 0.942553 -1.929304 -0.014784
v 0.938453 -1.929304 -0.014284
v 0.938453 -2.003704 -0.014284
v 0.934253 -2.003704 -0.014484
v 0.934253 -1.929304 -0.014484
v 0.930253 -2.003704 -0.015584
v 0.930253 -1.929304 -0.015584
v 0.926453 -1.929304 -0.017384
v 0.926453 -2.003704 -0.017384
v 0.923153 -2.003704 -0.019884
v 0.923153 -1.929304 -0.019884
v 0.920353 -1.929304 -0.023084
v 0.920353 -2.003704 -0.023084
v 0.918253 -1.929304 -0.026684
v 0.918253 -2.003704 -0.026684
v 0.916853 -2.003704 -0.030584
v 0.916853 -1.929304 -0.030584
v 0.916353 -2.003704 -0.034784
v 0.916353 -1.929304 -0.034784
v 0.916553 -1.929304 -0.038984
v 0.916553 -2.003704 -0.038984
v 0.917653 -2.003704 -0.042984
v 0.917653 -1.929304 -0.042984
v 0.919453 -1.929304 -0.046784
v 0.919453 -2.003704 -0.046784
v 0.921953 -1.929304 -0.050084
v 0.921953 -2.003704 -0.050084
v 0.925153 -2.003704 -0.052884
v 0.925153 -1.929304 -0.052884
v 0.928753 -1.929304 -0.054984
v 0.928753 -2.003704 -0.054984
v 0.949453 -1.910904 -0.035984
v 0.949353 -1.911104 -0.033184
v 0.932653 -1.929304 -0.056384
v 0.932653 -2.003704 -0.056384
v 0.943753 -1.914904 -0.048084
v 0.927753 -1.904104 -0.047484
v 0.926853 -1.902104 -0.045684
v 0.945553 -1.913604 -0.046384
v 0.933653 -1.923304 -0.021784
v 0.935853 -1.921604 -0.020984
v 0.927553 -1.927304 -0.043384
v 0.926553 -1.928104 -0.040784
v 0.947153 -1.912404 -0.044184
v 0.944653 -1.914904 -0.023584
v 0.942653 -1.916404 -0.022084
v 0.926953 -1.928104 -0.029484
v 0.926153 -1.928604 -0.032284
v 0.939353 -1.918104 -0.050184
v 0.937053 -1.919804 -0.050384
v 0.934753 -1.921604 -0.049984
v 0.948753 -1.911604 -0.030384
v 0.931553 -1.924804 -0.023084
v 0.928853 -1.926104 -0.045684
v 0.948353 -1.911604 -0.041684
v 0.940453 -1.918104 -0.021184
v 0.925853 -1.928804 -0.035184
v 0.941653 -1.916404 -0.049384
v 0.947753 -1.912404 -0.027784
v 0.929653 -1.926104 -0.024784
v 0.930653 -1.924804 -0.047584
v 0.949153 -1.911104 -0.038884
v 0.938253 -1.919804 -0.020784
v 0.925953 -1.928604 -0.037984
v 0.946353 -1.913604 -0.025484
v 0.928153 -1.927304 -0.026984
v 0.932653 -1.923304 -0.049084
v 0.929753 -1.909004 -0.049784
v 0.930953 -1.911704 -0.050084
v 0.932053 -1.914304 -0.049884
v 0.933253 -1.916804 -0.049084
v 0.934353 -1.919204 -0.047784
v 0.935253 -1.921204 -0.045984
v 0.936053 -1.922904 -0.043784
v 0.936753 -1.924204 -0.041184
v 0.937153 -1.924904 -0.038484
v 0.937453 -1.925204 -0.035584
v 0.937453 -1.924904 -0.032684
v 0.937153 -1.924204 -0.029884
v 0.936753 -1.922904 -0.027284
v 0.936053 -1.921204 -0.025084
v 0.935253 -1.919204 -0.023184
v 0.934253 -1.916804 -0.021784
v 0.933153 -1.914304 -0.020884
v 0.932053 -1.911704 -0.020584
v 0.930853 -1.909004 -0.020784
v 0.929753 -1.906504 -0.021584
v 0.928653 -1.904104 -0.022884
v 0.927653 -1.902104 -0.024784
v 0.926853 -1.900404 -0.026984
v 0.926253 -1.899104 -0.029484
v 0.925753 -1.898404 -0.032284
v 0.925553 -1.898104 -0.035084
v 0.925553 -1.898404 -0.037984
v 0.925753 -1.899104 -0.040784
v 0.926253 -1.900404 -0.043384
v 0.928653 -1.906504 -0.048884
vn -0.3579 0.9150 0.1860
vn -0.3590 0.9147 0.1856
vn -0.3652 0.9122 0.1860
vn -0.3706 0.9095 0.1881
vn -0.3774 0.9067 0.1884
vn -0.3769 0.9070 0.1878
vn -0.4020 0.8972 -0.1828
vn -0.4020 0.8970 -0.1837
vn -0.4069 0.8947 -0.1840
vn -0.4133 0.8925 -0.1808
vn -0.3966 0.8986 -0.1877
vn -0.3950 0.8992 -0.1881
vn -0.2344 0.7964 0.5575
vn -0.2343 0.7964 0.5575
vn -0.2597 0.7856 0.5616
vn -0.2597 0.7856 0.5615
vn -0.2851 0.7749 0.5642
vn -0.2851 0.7748 0.5643
vn -0.2850 0.7748 0.5643
vn -0.3106 0.7639 0.5657
vn -0.3107 0.7639 0.5656
vn -0.3105 0.7639 0.5657
vn -0.3818 0.9056 0.1847
vn -0.3885 0.9028 0.1847
vn -0.3820 0.9051 -0.1869
vn -0.3826 0.9053 -0.1845
vn -0.3360 0.7530 -0.5657
vn -0.3362 0.7530 -0.5656
vn -0.3363 0.7528 -0.5659
vn -0.3617 0.7421 -0.5643
vn -0.3871 0.7313 -0.5616
vn -0.3871 0.7313 -0.5615
vn -0.3870 0.7313 -0.5616
vn -0.4119 0.7205 -0.5579
vn -0.4122 0.7206 -0.5575
vn -0.4123 0.7205 -0.5576
vn -0.4120 0.7204 -0.5580
vn -0.4189 0.8899 -0.1807
vn -0.4190 0.8898 -0.1811
vn -0.3529 0.9180 0.1810
vn -0.3526 0.9180 0.1815
vn 0.4110 -0.8924 0.1862
vn 0.3997 -0.8974 0.1871
vn 0.4037 -0.8956 0.1870
vn 0.4110 -0.8924 0.1860
vn 0.3622 -0.9133 -0.1865
vn 0.3684 -0.9115 -0.1831
vn 0.3678 -0.9119 -0.1823
vn 0.3580 -0.9151 -0.1857
vn 0.3914 -0.9018 0.1831
vn 0.3977 -0.8986 0.1856
vn 0.3726 -0.9090 -0.1870
vn 0.3804 -0.9056 -0.1875
vn 0.4124 -0.7205 0.5575
vn 0.4125 -0.7205 0.5575
vn 0.4126 -0.7204 0.5575
vn 0.4158 -0.8906 0.1844
vn 0.4211 -0.8880 0.1848
vn 0.3541 -0.9168 -0.1845
vn 0.3490 -0.9188 -0.1843
vn 0.2343 -0.7966 -0.5572
vn 0.2344 -0.7965 -0.5574
vn 0.2343 -0.7964 -0.5575
vn 0.2597 -0.7856 -0.5616
vn 0.2849 -0.7750 -0.5640
vn 0.2849 -0.7748 -0.5644
vn 0.2852 -0.7749 -0.5641
vn 0.2851 -0.7748 -0.5643
vn 0.3106 -0.7639 -0.5657
vn 0.3886 -0.9022 -0.1870
vn 0.3882 -0.9029 -0.1843
vn 0.3866 -0.9038 0.1836
vn 0.3864 -0.9039 0.1835
vn 0.3360 -0.7530 0.5657
vn 0.3361 -0.7530 0.5657
vn 0.3362 -0.7530 0.5657
vn 0.3617 -0.7421 0.5643
vn 0.3871 -0.7313 0.5616
vn 0.3870 -0.7313 0.5616
vn 0.4436 -0.8784 0.1781
vn 0.4306 -0.8846 0.1792
vn 0.4386 -0.8812 0.1765
vn 0.4434 -0.8785 0.1776
vn 0.3282 -0.9285 -0.1737
vn 0.3364 -0.9250 -0.1766
vn 0.3363 -0.9251 -0.1764
vn 0.3282 -0.9285 -0.1739
vn 0.4270 -0.8857 0.1825
vn 0.4269 -0.8856 0.1831
vn 0.3462 -0.9211 -0.1779
vn 0.3426 -0.9226 -0.1771
vn 0.5107 -0.6786 0.5279
vn 0.4497 -0.8757 0.1759
vn 0.4545 -0.8743 0.1705
vn 0.3202 -0.9321 -0.1692
vn 0.3187 -0.9326 -0.1691
vn 0.1361 -0.8383 -0.5279
vn 0.1601 -0.8281 -0.5373
vn 0.1845 -0.8177 -0.5453
vn 0.2092 -0.8071 -0.5521
vn 0.2093 -0.8071 -0.5520
vn 0.4375 -0.7098 0.5521
vn 0.4374 -0.7098 0.5521
vn 0.4620 -0.6994 0.5453
vn 0.4622 -0.6993 0.5453
vn 0.4867 -0.6888 0.5373
vn 0.4867 -0.6888 0.5372
vn 0.4866 -0.6889 0.5373
vn 0.4866 -0.6888 0.5373
vn 0.4742 -0.8666 0.1556
vn 0.4623 -0.8714 0.1643
vn 0.4693 -0.8682 0.1613
vn 0.4768 -0.8642 0.1607
vn 0.2982 -0.9415 -0.1570
vn 0.3073 -0.9376 -0.1628
vn 0.3070 -0.9378 -0.1624
vn 0.2984 -0.9413 -0.1578
vn 0.4579 -0.8734 0.1659
vn 0.4581 -0.8734 0.1653
vn 0.3141 -0.9348 -0.1657
vn 0.3140 -0.9349 -0.1656
vn 0.6018 -0.6397 0.4781
vn 0.4773 -0.8649 0.1556
vn 0.4814 -0.8633 0.1513
vn 0.2873 -0.9451 -0.1560
vn 0.2885 -0.9447 -0.1562
vn 0.0449 -0.8772 -0.4781
vn 0.0449 -0.8771 -0.4782
vn 0.0450 -0.8772 -0.4781
vn 0.0668 -0.8678 -0.4924
vn 0.0893 -0.8582 -0.5055
vn 0.0893 -0.8582 -0.5054
vn 0.1124 -0.8484 -0.5173
vn 0.1126 -0.8484 -0.5173
vn 0.1123 -0.8484 -0.5173
vn 0.5343 -0.6685 0.5173
vn 0.5574 -0.6587 0.5054
vn 0.5799 -0.6491 0.4923
vn 0.4999 -0.8546 0.1405
vn 0.4928 -0.8576 0.1473
vn 0.4965 -0.8560 0.1441
vn 0.5028 -0.8534 0.1376
vn 0.2701 -0.9523 -0.1417
vn 0.2757 -0.9502 -0.1453
vn 0.2753 -0.9502 -0.1460
vn 0.2738 -0.9521 -0.1361
vn 0.4856 -0.8617 0.1471
vn 0.4843 -0.8621 0.1488
vn 0.2822 -0.9469 -0.1538
vn 0.2856 -0.9470 -0.1474
vn 0.6823 -0.6054 0.4099
vn 0.6822 -0.6053 0.4101
vn 0.6823 -0.6053 0.4099
vn 0.6823 -0.6054 0.4098
vn 0.5084 -0.8509 0.1322
vn 0.5084 -0.8509 0.1326
vn 0.2653 -0.9546 -0.1354
vn 0.2609 -0.9565 -0.1307
vn -0.0355 -0.9115 -0.4098
vn -0.0166 -0.9034 -0.4285
vn 0.0031 -0.8950 -0.4461
vn 0.0237 -0.8863 -0.4626
vn 0.0237 -0.8862 -0.4626
vn 0.6231 -0.6307 0.4626
vn 0.6436 -0.6219 0.4461
vn 0.6434 -0.6217 0.4466
vn 0.6634 -0.6134 0.4285
vn 0.5225 -0.8450 0.1138
vn 0.5172 -0.8473 0.1205
vn 0.5195 -0.8463 0.1179
vn 0.5255 -0.8436 0.1102
vn 0.2455 -0.9629 -0.1118
vn 0.2501 -0.9608 -0.1199
vn 0.2506 -0.9606 -0.1198
vn 0.2460 -0.9628 -0.1117
vn 0.5151 -0.8479 0.1259
vn 0.5141 -0.8483 0.1266
vn 0.2556 -0.9587 -0.1246
vn 0.2587 -0.9574 -0.1280
vn 0.7490 -0.5770 0.3257
vn 0.7489 -0.5772 0.3257
vn 0.7489 -0.5771 0.3257
vn 0.7489 -0.5770 0.3258
vn 0.5298 -0.8416 0.1050
vn 0.5291 -0.8419 0.1062
vn 0.2411 -0.9653 -0.1002
vn 0.2445 -0.9645 -0.0996
vn -0.1022 -0.9399 -0.3258
vn -0.1021 -0.9399 -0.3258
vn -0.1023 -0.9399 -0.3258
vn -0.0869 -0.9334 -0.3482
vn -0.0867 -0.9334 -0.3481
vn -0.0708 -0.9265 -0.3696
vn -0.0536 -0.9192 -0.3901
vn -0.0536 -0.9192 -0.3902
vn 0.7004 -0.5977 0.3901
vn 0.7003 -0.5978 0.3901
vn 0.7002 -0.5982 0.3899
vn 0.7176 -0.5902 0.3698
vn 0.7175 -0.5904 0.3696
vn 0.7337 -0.5835 0.3482
vn 0.7334 -0.5836 0.3485
vn 0.7337 -0.5835 0.3481
vn 0.5408 -0.8371 0.0826
vn 0.5365 -0.8390 0.0903
vn 0.5382 -0.8383 0.0870
vn 0.5426 -0.8364 0.0774
vn 0.2273 -0.9708 -0.0771
vn 0.2329 -0.9684 -0.0888
vn 0.2324 -0.9685 -0.0896
vn 0.2328 -0.9694 -0.0779
vn 0.5308 -0.8423 0.0939
vn 0.5316 -0.8420 0.0917
vn 0.2414 -0.9659 -0.0933
vn 0.2410 -0.9659 -0.0948
vn 0.7992 -0.5556 0.2293
vn 0.7992 -0.5555 0.2295
vn 0.7993 -0.5555 0.2293
vn 0.5454 -0.8351 0.0722
vn 0.5456 -0.8349 0.0723
vn 0.2249 -0.9716 -0.0730
vn 0.2254 -0.9716 -0.0722
vn -0.1526 -0.9613 -0.2293
vn -0.1528 -0.9613 -0.2291
vn -0.1525 -0.9613 -0.2293
vn -0.1415 -0.9567 -0.2545
vn -0.1415 -0.9567 -0.2544
vn -0.1295 -0.9515 -0.2789
vn -0.1164 -0.9459 -0.3027
vn -0.1164 -0.9460 -0.3027
vn -0.1164 -0.9460 -0.3026
vn 0.7631 -0.5709 0.3027
vn 0.7632 -0.5709 0.3027
vn 0.7763 -0.5654 0.2789
vn 0.7763 -0.5653 0.2789
vn 0.7883 -0.5602 0.2544
vn 0.5493 -0.8344 0.0456
vn 0.5501 -0.8331 0.0579
vn 0.5505 -0.8333 0.0504
vn 0.5514 -0.8332 0.0420
vn 0.2170 -0.9751 -0.0459
vn 0.2221 -0.9737 -0.0507
vn 0.2215 -0.9739 -0.0502
vn 0.2173 -0.9750 -0.0465
vn 0.5489 -0.8334 0.0642
vn 0.5490 -0.8334 0.0638
vn 0.2279 -0.9717 -0.0624
vn 0.2267 -0.9720 -0.0613
vn 0.8312 -0.5420 0.1240
vn 0.8312 -0.5419 0.1240
vn 0.8313 -0.5419 0.1236
vn 0.8313 -0.5419 0.1240
vn 0.5545 -0.8313 0.0376
vn 0.5546 -0.8312 0.0384
vn 0.2156 -0.9758 -0.0366
vn 0.2161 -0.9757 -0.0366
vn -0.1845 -0.9750 -0.1240
vn -0.1845 -0.9749 -0.1244
vn -0.1783 -0.9723 -0.1509
vn -0.1782 -0.9724 -0.1508
vn -0.1708 -0.9692 -0.1775
vn -0.1708 -0.9692 -0.1773
vn -0.1622 -0.9655 -0.2036
vn 0.8091 -0.5513 0.2036
vn 0.8090 -0.5514 0.2036
vn 0.8177 -0.5476 0.1775
vn 0.8178 -0.5473 0.1776
vn 0.8178 -0.5474 0.1775
vn 0.8251 -0.5445 0.1509
vn 0.8250 -0.5446 0.1509
vn 0.8251 -0.5444 0.1509
vn 0.5544 -0.8322 0.0105
vn 0.5570 -0.8302 0.0211
vn 0.5577 -0.8299 0.0154
vn 0.5557 -0.8314 0.0066
vn 0.2173 -0.9760 -0.0111
vn 0.2115 -0.9772 -0.0179
vn 0.2149 -0.9765 -0.0183
vn 0.2177 -0.9760 -0.0098
vn 0.5540 -0.8320 0.0305
vn 0.5560 -0.8306 0.0300
vn 0.2179 -0.9757 -0.0245
vn 0.2177 -0.9757 -0.0262
vn 0.8437 -0.5366 0.0139
vn 0.8436 -0.5368 0.0139
vn 0.5550 -0.8319 -0.0000
vn 0.5549 -0.8319 -0.0000
vn 0.2175 -0.9761 -0.0001
vn 0.2174 -0.9761 -0.0000
vn -0.1970 -0.9803 -0.0139
vn -0.1957 -0.9798 -0.0416
vn -0.1932 -0.9787 -0.0693
vn -0.1895 -0.9771 -0.0967
vn 0.8362 -0.5398 0.0967
vn 0.8362 -0.5398 0.0966
vn 0.8400 -0.5382 0.0692
vn 0.8425 -0.5371 0.0416
vn 0.5572 -0.8299 -0.0281
vn 0.5569 -0.8304 -0.0152
vn 0.5575 -0.8300 -0.0192
vn 0.5546 -0.8316 -0.0309
vn 0.2180 -0.9756 0.0248
vn 0.2115 -0.9772 0.0180
vn 0.2149 -0.9765 0.0182
vn 0.2176 -0.9757 0.0262
vn 0.5547 -0.8320 -0.0090
vn 0.5545 -0.8321 -0.0083
vn 0.2173 -0.9760 0.0112
vn 0.2177 -0.9760 0.0097
vn 0.8362 -0.5398 -0.0967
vn 0.5545 -0.8313 -0.0377
vn 0.5546 -0.8312 -0.0386
vn 0.2156 -0.9758 0.0366
vn 0.2161 -0.9757 0.0367
vn -0.1895 -0.9771 0.0967
vn -0.1932 -0.9787 0.0692
vn -0.1957 -0.9798 0.0417
vn -0.1970 -0.9803 0.0139
vn 0.8437 -0.5366 -0.0139
vn 0.8437 -0.5366 -0.0138
vn 0.8425 -0.5371 -0.0416
vn 0.8400 -0.5381 -0.0692
vn 0.8402 -0.5379 -0.0687
vn 0.8400 -0.5382 -0.0692
vn 0.5491 -0.8336 -0.0605
vn 0.5505 -0.8333 -0.0505
vn 0.5514 -0.8324 -0.0557
vn 0.5472 -0.8344 -0.0661
vn 0.2279 -0.9717 0.0623
vn 0.2223 -0.9737 0.0507
vn 0.2217 -0.9738 0.0500
vn 0.2267 -0.9720 0.0613
vn 0.5499 -0.8341 -0.0440
vn 0.5498 -0.8342 -0.0428
vn 0.2170 -0.9751 0.0459
vn 0.2173 -0.9750 0.0465
vn 0.8091 -0.5513 -0.2036
vn 0.8093 -0.5511 -0.2034
vn 0.8090 -0.5514 -0.2036
vn 0.5454 -0.8351 -0.0722
vn 0.5455 -0.8350 -0.0723
vn 0.2248 -0.9717 0.0728
vn 0.2254 -0.9716 0.0722
vn -0.1622 -0.9655 0.2036
vn -0.1709 -0.9692 0.1775
vn -0.1709 -0.9692 0.1774
vn -0.1782 -0.9724 0.1508
vn -0.1783 -0.9723 0.1509
vn -0.1845 -0.9750 0.1240
vn -0.1846 -0.9750 0.1240
vn 0.8312 -0.5419 -0.1240
vn 0.8250 -0.5446 -0.1509
vn 0.8180 -0.5471 -0.1775
vn 0.8178 -0.5475 -0.1775
vn 0.8177 -0.5476 -0.1775
vn 0.5311 -0.8423 -0.0921
vn 0.5382 -0.8384 -0.0863
vn 0.5370 -0.8388 -0.0898
vn 0.5300 -0.8423 -0.0980
vn 0.2420 -0.9657 0.0940
vn 0.2330 -0.9684 0.0887
vn 0.2325 -0.9685 0.0894
vn 0.2410 -0.9659 0.0950
vn 0.5420 -0.8364 -0.0814
vn 0.5420 -0.8365 -0.0807
vn 0.2267 -0.9708 0.0782
vn 0.2328 -0.9694 0.0779
vn 0.7631 -0.5710 -0.3027
vn 0.5295 -0.8418 -0.1048
vn 0.5292 -0.8419 -0.1057
vn 0.2410 -0.9653 0.1003
vn 0.2439 -0.9647 0.0994
vn -0.1165 -0.9459 0.3027
vn -0.1164 -0.9460 0.3027
vn -0.1295 -0.9515 0.2789
vn -0.1295 -0.9516 0.2789
vn -0.1415 -0.9567 0.2544
vn -0.1525 -0.9613 0.2294
vn -0.1525 -0.9613 0.2293
vn 0.7992 -0.5556 -0.2293
vn 0.7993 -0.5555 -0.2293
vn 0.7992 -0.5555 -0.2294
vn 0.7883 -0.5602 -0.2544
vn 0.7763 -0.5654 -0.2789
vn 0.5158 -0.8477 -0.1240
vn 0.5197 -0.8462 -0.1175
vn 0.5175 -0.8472 -0.1205
vn 0.5102 -0.8504 -0.1283
vn 0.2571 -0.9580 0.1268
vn 0.2506 -0.9605 0.1206
vn 0.2509 -0.9605 0.1200
vn 0.2572 -0.9581 0.1264
vn 0.5239 -0.8443 -0.1129
vn 0.5240 -0.8442 -0.1126
vn 0.2454 -0.9630 0.1117
vn 0.2459 -0.9628 0.1116
vn 0.7004 -0.5977 -0.3901
vn 0.7003 -0.5976 -0.3905
vn 0.5084 -0.8509 -0.1320
vn 0.5085 -0.8508 -0.1324
vn 0.2617 -0.9559 0.1332
vn 0.2614 -0.9561 0.1325
vn -0.0536 -0.9192 0.3901
vn -0.0536 -0.9192 0.3902
vn -0.0708 -0.9265 0.3696
vn -0.0869 -0.9334 0.3481
vn -0.1022 -0.9399 0.3258
vn 0.7489 -0.5770 -0.3258
vn 0.7490 -0.5770 -0.3258
vn 0.7338 -0.5834 -0.3481
vn 0.7337 -0.5835 -0.3481
vn 0.7338 -0.5834 -0.3482
vn 0.7175 -0.5904 -0.3696
vn 0.7177 -0.5902 -0.3696
vn 0.4892 -0.8600 -0.1452
vn 0.4967 -0.8560 -0.1434
vn 0.4927 -0.8576 -0.1473
vn 0.4844 -0.8617 -0.1509
vn 0.2818 -0.9471 0.1536
vn 0.2757 -0.9502 0.1453
vn 0.2753 -0.9502 0.1460
vn 0.2855 -0.9470 0.1474
vn 0.5016 -0.8538 -0.1392
vn 0.5017 -0.8538 -0.1392
vn 0.2701 -0.9524 0.1416
vn 0.2739 -0.9520 0.1363
vn 0.6231 -0.6307 -0.4626
vn 0.4790 -0.8645 -0.1526
vn 0.4785 -0.8647 -0.1526
vn 0.2875 -0.9449 0.1564
vn 0.2886 -0.9446 0.1563
vn 0.0236 -0.8862 0.4627
vn 0.0236 -0.8862 0.4626
vn 0.0030 -0.8950 0.4461
vn 0.0031 -0.8950 0.4461
vn -0.0166 -0.9034 0.4285
vn -0.0355 -0.9115 0.4098
vn -0.0356 -0.9115 0.4098
vn 0.6823 -0.6054 -0.4098
vn 0.6823 -0.6054 -0.4099
vn 0.6633 -0.6135 -0.4285
vn 0.6633 -0.6136 -0.4285
vn 0.6435 -0.6220 -0.4461
vn 0.6436 -0.6219 -0.4461
vn 0.6435 -0.6219 -0.4463
vn 0.4602 -0.8723 -0.1653
vn 0.4693 -0.8681 -0.1617
vn 0.4623 -0.8713 -0.1645
vn 0.4555 -0.8743 -0.1678
vn 0.3160 -0.9339 0.1670
vn 0.3073 -0.9376 0.1627
vn 0.3072 -0.9377 0.1625
vn 0.3164 -0.9335 0.1689
vn 0.4754 -0.8646 -0.1630
vn 0.4736 -0.8669 -0.1555
vn 0.2979 -0.9417 0.1564
vn 0.2987 -0.9413 0.1573
vn 0.5343 -0.6685 -0.5173
vn 0.5343 -0.6685 -0.5172
vn 0.5343 -0.6683 -0.5176
vn 0.4537 -0.8745 -0.1718
vn 0.4540 -0.8742 -0.1720
vn 0.3190 -0.9326 0.1688
vn 0.3170 -0.9329 0.1708
vn 0.1124 -0.8484 0.5172
vn 0.1124 -0.8484 0.5173
vn 0.0893 -0.8583 0.5054
vn 0.0893 -0.8582 0.5054
vn 0.0899 -0.8584 0.5050
vn 0.0668 -0.8679 0.4922
vn 0.0668 -0.8680 0.4921
vn 0.0450 -0.8771 0.4781
vn 0.0449 -0.8772 0.4781
vn 0.0454 -0.8771 0.4782
vn 0.6018 -0.6397 -0.4781
vn 0.6017 -0.6397 -0.4782
vn 0.5800 -0.6491 -0.4923
vn 0.5799 -0.6491 -0.4923
vn 0.5574 -0.6588 -0.5052
vn 0.5574 -0.6588 -0.5053
vn 0.5574 -0.6587 -0.5054
vn 0.4291 -0.8848 -0.1815
vn 0.4338 -0.8838 -0.1753
vn 0.4318 -0.8840 -0.1793
vn 0.4257 -0.8863 -0.1825
vn 0.3453 -0.9215 0.1779
vn 0.3364 -0.9250 0.1765
vn 0.3363 -0.9251 0.1764
vn 0.3441 -0.9219 0.1778
vn 0.4437 -0.8784 -0.1775
vn 0.4439 -0.8782 -0.1780
vn 0.3281 -0.9286 0.1735
vn 0.3282 -0.9285 0.1739
vn 0.4376 -0.7096 -0.5522
vn 0.4375 -0.7097 -0.5522
vn 0.4375 -0.7098 -0.5521
vn 0.4374 -0.7098 -0.5521
vn 0.4177 -0.8894 -0.1859
vn 0.4187 -0.8890 -0.1853
vn 0.3520 -0.9174 0.1854
vn 0.3523 -0.9174 0.1850
vn 0.2093 -0.8071 0.5521
vn 0.2093 -0.8071 0.5520
vn 0.2094 -0.8071 0.5521
vn 0.1845 -0.8177 0.5453
vn 0.1601 -0.8281 0.5373
vn 0.1601 -0.8280 0.5373
vn 0.1601 -0.8281 0.5372
vn 0.1361 -0.8383 0.5279
vn 0.1361 -0.8384 0.5278
vn 0.5107 -0.6786 -0.5279
vn 0.4866 -0.6889 -0.5373
vn 0.4866 -0.6888 -0.5373
vn 0.4622 -0.6993 -0.5453
vn 0.3980 -0.8985 -0.1854
vn 0.4043 -0.8954 -0.1867
vn 0.3998 -0.8973 -0.1872
vn 0.3902 -0.9019 -0.1852
vn 0.3786 -0.9062 0.1885
vn 0.3684 -0.9116 0.1824
vn 0.3655 -0.9126 0.1831
vn 0.3774 -0.9067 0.1883
vn 0.4107 -0.8926 -0.1861
vn 0.4109 -0.8925 -0.1862
vn 0.3595 -0.9143 0.1866
vn 0.3600 -0.9142 0.1862
vn 0.3360 -0.7530 -0.5657
vn 0.3361 -0.7530 -0.5657
vn 0.3362 -0.7530 -0.5657
vn 0.3870 -0.9038 -0.1826
vn 0.3869 -0.9038 -0.1831
vn 0.3886 -0.9026 0.1853
vn 0.3867 -0.9037 0.1838
vn 0.3106 -0.7639 0.5656
vn 0.3106 -0.7639 0.5657
vn 0.3107 -0.7640 0.5655
vn 0.2851 -0.7748 0.5643
vn 0.2852 -0.7748 0.5643
vn 0.2597 -0.7856 0.5616
vn 0.2602 -0.7854 0.5616
vn 0.2598 -0.7855 0.5617
vn 0.2344 -0.7964 0.5575
vn 0.2344 -0.7964 0.5576
vn 0.2343 -0.7966 0.5572
vn 0.4124 -0.7205 -0.5575
vn 0.4123 -0.7205 -0.5575
vn 0.3871 -0.7312 -0.5617
vn 0.3872 -0.7312 -0.5616
vn 0.3871 -0.7313 -0.5616
vn 0.3617 -0.7421 -0.5643
vn 0.3628 -0.9138 -0.1824
vn 0.3723 -0.9093 -0.1860
vn 0.3640 -0.9128 -0.1852
vn 0.3581 -0.9157 -0.1822
vn 0.4109 -0.8922 0.1876
vn 0.4018 -0.8964 0.1873
vn 0.4019 -0.8963 0.1876
vn 0.4136 -0.8912 0.1861
vn 0.3763 -0.9081 -0.1837
vn 0.3759 -0.9083 -0.1834
vn 0.3931 -0.9000 0.1884
vn 0.3931 -0.9001 0.1880
vn 0.2344 -0.7964 -0.5575
vn 0.2344 -0.7963 -0.5576
vn 0.2344 -0.7964 -0.5576
vn 0.3558 -0.9164 -0.1833
vn 0.3530 -0.9184 -0.1788
vn 0.4195 -0.8885 0.1861
vn 0.4196 -0.8885 0.1859
vn 0.4123 -0.7205 0.5576
vn 0.4122 -0.7206 0.5575
vn 0.3871 -0.7312 0.5616
vn 0.3618 -0.7421 0.5643
vn 0.3362 -0.7529 0.5657
vn 0.3107 -0.7638 -0.5657
vn 0.3105 -0.7639 -0.5657
vn 0.2851 -0.7748 -0.5642
vn 0.2597 -0.7856 -0.5615
vn 0.2595 -0.7856 -0.5617
vn 0.3289 -0.9273 -0.1785
vn 0.3370 -0.9241 -0.1803
vn 0.3334 -0.9256 -0.1792
vn 0.3242 -0.9298 -0.1745
vn 0.4464 -0.8776 0.1748
vn 0.4325 -0.8841 0.1770
vn 0.4321 -0.8842 0.1775
vn 0.4439 -0.8795 0.1713
vn 0.3425 -0.9227 -0.1771
vn 0.3430 -0.9210 -0.1846
vn 0.4248 -0.8865 0.1834
vn 0.4256 -0.8860 0.1838
vn 0.1361 -0.8383 -0.5280
vn 0.3222 -0.9306 -0.1735
vn 0.3205 -0.9310 -0.1748
vn 0.4521 -0.8750 0.1735
vn 0.4520 -0.8750 0.1733
vn 0.4377 -0.7101 0.5515
vn 0.4379 -0.7097 0.5519
vn 0.4374 -0.7100 0.5519
vn 0.4374 -0.7099 0.5520
vn 0.2093 -0.8071 -0.5521
vn 0.2094 -0.8071 -0.5520
vn 0.1845 -0.8175 -0.5455
vn 0.1601 -0.8280 -0.5373
vn 0.2980 -0.9407 -0.1619
vn 0.3055 -0.9376 -0.1662
vn 0.3025 -0.9389 -0.1645
vn 0.2949 -0.9421 -0.1598
vn 0.4719 -0.8674 0.1578
vn 0.4656 -0.8692 0.1665
vn 0.4658 -0.8690 0.1669
vn 0.4725 -0.8671 0.1577
vn 0.3114 -0.9350 -0.1696
vn 0.3115 -0.9349 -0.1699
vn 0.4592 -0.8719 0.1699
vn 0.4592 -0.8720 0.1697
vn 0.0449 -0.8771 -0.4781
vn 0.2890 -0.9445 -0.1562
vn 0.4806 -0.8637 0.1519
vn 0.4806 -0.8636 0.1527
vn 0.6018 -0.6397 0.4780
vn 0.5800 -0.6492 0.4921
vn 0.5573 -0.6588 0.5054
vn 0.5343 -0.6685 0.5174
vn 0.1124 -0.8484 -0.5174
vn 0.1125 -0.8484 -0.5173
vn 0.0668 -0.8679 -0.4923
vn 0.2738 -0.9515 -0.1402
vn 0.2786 -0.9489 -0.1480
vn 0.2743 -0.9512 -0.1412
vn 0.2680 -0.9540 -0.1342
vn 0.5033 -0.8534 0.1355
vn 0.4909 -0.8589 0.1458
vn 0.4952 -0.8562 0.1471
vn 0.5036 -0.8529 0.1374
vn 0.2824 -0.9474 -0.1508
vn 0.2821 -0.9474 -0.1510
vn 0.4886 -0.8593 0.1514
vn 0.4881 -0.8597 0.1509
vn -0.0360 -0.9115 -0.4098
vn 0.2638 -0.9561 -0.1277
vn 0.2667 -0.9551 -0.1290
vn 0.5042 -0.8538 0.1297
vn 0.5040 -0.8538 0.1302
vn 0.6825 -0.6053 0.4096
vn 0.6825 -0.6054 0.4096
vn 0.6824 -0.6054 0.4096
vn 0.6633 -0.6136 0.4284
vn 0.6632 -0.6136 0.4286
vn 0.6633 -0.6135 0.4286
vn 0.6633 -0.6135 0.4285
vn 0.6437 -0.6219 0.4460
vn 0.6436 -0.6220 0.4460
vn 0.6435 -0.6221 0.4460
vn 0.0032 -0.8950 -0.4461
vn 0.0036 -0.8950 -0.4461
vn -0.0165 -0.9034 -0.4285
vn -0.0164 -0.9034 -0.4284
vn 0.2504 -0.9618 -0.1108
vn 0.2559 -0.9592 -0.1202
vn 0.2531 -0.9607 -0.1141
vn 0.2472 -0.9629 -0.1078
vn 0.5194 -0.8472 0.1119
vn 0.5167 -0.8482 0.1168
vn 0.5164 -0.8484 0.1166
vn 0.5217 -0.8455 0.1142
vn 0.2602 -0.9576 -0.1239
vn 0.2606 -0.9575 -0.1237
vn 0.5109 -0.8508 0.1232
vn 0.5111 -0.8507 0.1230
vn -0.1020 -0.9399 -0.3259
vn 0.2415 -0.9646 -0.1057
vn 0.2419 -0.9644 -0.1069
vn 0.5298 -0.8415 0.1060
vn 0.5293 -0.8419 0.1056
vn 0.7337 -0.5834 0.3482
vn 0.7176 -0.5904 0.3694
vn 0.7004 -0.5977 0.3902
vn -0.0708 -0.9265 -0.3695
vn -0.0869 -0.9334 -0.3481
vn -0.0870 -0.9334 -0.3481
vn 0.2329 -0.9692 -0.0805
vn 0.2372 -0.9673 -0.0898
vn 0.2349 -0.9684 -0.0844
vn 0.2309 -0.9700 -0.0767
vn 0.5375 -0.8395 0.0792
vn 0.5374 -0.8391 0.0845
vn 0.5360 -0.8400 0.0846
vn 0.5380 -0.8393 0.0790
vn 0.2420 -0.9654 -0.0968
vn 0.2425 -0.9654 -0.0960
vn 0.5303 -0.8427 0.0935
vn 0.5307 -0.8423 0.0940
vn 0.2282 -0.9712 -0.0682
vn 0.2284 -0.9711 -0.0687
vn 0.5421 -0.8370 0.0741
vn 0.5431 -0.8364 0.0746
vn 0.7994 -0.5555 0.2288
vn 0.7991 -0.5557 0.2293
vn 0.7883 -0.5603 0.2544
vn 0.7762 -0.5654 0.2789
vn 0.7762 -0.5653 0.2790
vn 0.7632 -0.5708 0.3027
vn 0.7631 -0.5709 0.3029
vn -0.1295 -0.9516 -0.2789
vn -0.1296 -0.9515 -0.2789
vn -0.1293 -0.9516 -0.2789
vn 0.2187 -0.9746 -0.0483
vn 0.2221 -0.9733 -0.0579
vn 0.2183 -0.9744 -0.0535
vn 0.2163 -0.9753 -0.0438
vn 0.5545 -0.8310 0.0452
vn 0.5505 -0.8331 0.0543
vn 0.5510 -0.8328 0.0544
vn 0.5537 -0.8316 0.0433
vn 0.2267 -0.9720 -0.0612
vn 0.2272 -0.9719 -0.0613
vn 0.5497 -0.8330 0.0627
vn 0.5440 -0.8365 0.0656
vn -0.1843 -0.9750 -0.1244
vn -0.1846 -0.9750 -0.1240
vn -0.1843 -0.9750 -0.1241
vn 0.2194 -0.9750 -0.0346
vn 0.2202 -0.9748 -0.0348
vn 0.5512 -0.8337 0.0347
vn 0.5514 -0.8335 0.0354
vn 0.8311 -0.5420 0.1243
vn 0.8315 -0.5415 0.1240
vn 0.8314 -0.5417 0.1241
vn 0.8250 -0.5446 0.1508
vn 0.8176 -0.5477 0.1775
vn 0.8176 -0.5477 0.1776
vn 0.8090 -0.5514 0.2035
vn -0.1623 -0.9655 -0.2036
vn -0.1709 -0.9692 -0.1775
vn 0.2138 -0.9768 -0.0135
vn 0.2135 -0.9767 -0.0230
vn 0.2134 -0.9769 -0.0146
vn 0.2141 -0.9768 -0.0046
vn 0.5588 -0.8293 0.0085
vn 0.5534 -0.8327 0.0198
vn 0.5544 -0.8320 0.0214
vn 0.5586 -0.8294 0.0091
vn 0.2176 -0.9757 -0.0262
vn 0.2180 -0.9756 -0.0258
vn 0.5527 -0.8328 0.0296
vn 0.5537 -0.8321 0.0304
vn 0.2175 -0.9761 -0.0000
vn 0.2178 -0.9760 -0.0001
vn 0.5589 -0.8292 -0.0000
vn 0.8438 -0.5365 0.0140
vn 0.8400 -0.5382 0.0691
vn 0.8363 -0.5397 0.0968
vn 0.8363 -0.5396 0.0967
vn 0.8364 -0.5395 0.0967
vn -0.1932 -0.9787 -0.0692
vn -0.1957 -0.9798 -0.0417
vn 0.2171 -0.9758 0.0244
vn 0.2140 -0.9767 0.0149
vn 0.2113 -0.9772 0.0200
vn 0.2181 -0.9755 0.0292
vn 0.5529 -0.8327 -0.0300
vn 0.5534 -0.8327 -0.0200
vn 0.5545 -0.8319 -0.0215
vn 0.5544 -0.8317 -0.0306
vn 0.2108 -0.9775 0.0112
vn 0.2101 -0.9776 0.0086
vn 0.5589 -0.8292 -0.0086
vn 0.5586 -0.8294 -0.0091
vn 0.2195 -0.9750 0.0345
vn 0.2203 -0.9748 0.0347
vn 0.5512 -0.8337 -0.0348
vn 0.5514 -0.8335 -0.0354
vn 0.8360 -0.5400 -0.0972
vn 0.8362 -0.5397 -0.0970
vn 0.8362 -0.5398 -0.0968
vn 0.8437 -0.5366 -0.0140
vn -0.1933 -0.9787 0.0692
vn 0.2253 -0.9725 0.0592
vn 0.2184 -0.9745 0.0520
vn 0.2221 -0.9733 0.0578
vn 0.2265 -0.9718 0.0651
vn 0.5497 -0.8330 -0.0625
vn 0.5505 -0.8330 -0.0543
vn 0.5509 -0.8328 -0.0543
vn 0.5434 -0.8370 -0.0643
vn 0.2168 -0.9751 0.0469
vn 0.5545 -0.8310 -0.0452
vn 0.5537 -0.8316 -0.0432
vn -0.1623 -0.9655 0.2036
vn 0.2282 -0.9712 0.0682
vn 0.2285 -0.9711 0.0688
vn 0.5422 -0.8370 -0.0740
vn 0.5430 -0.8364 -0.0745
vn 0.8176 -0.5477 -0.1775
vn 0.8250 -0.5446 -0.1508
vn 0.8313 -0.5418 -0.1241
vn 0.8312 -0.5420 -0.1240
vn 0.8312 -0.5419 -0.1241
vn -0.1844 -0.9750 0.1240
vn -0.1843 -0.9750 0.1243
vn -0.1847 -0.9749 0.1245
vn -0.1783 -0.9723 0.1510
vn 0.2377 -0.9670 0.0915
vn 0.2351 -0.9683 0.0845
vn 0.2374 -0.9673 0.0897
vn 0.2410 -0.9654 0.0995
vn 0.5305 -0.8425 -0.0934
vn 0.5361 -0.8399 -0.0845
vn 0.5356 -0.8402 -0.0850
vn 0.5309 -0.8422 -0.0939
vn 0.2322 -0.9695 0.0785
vn 0.2325 -0.9694 0.0784
vn 0.5376 -0.8395 -0.0790
vn 0.5381 -0.8392 -0.0790
vn -0.1164 -0.9459 0.3027
vn 0.2418 -0.9645 0.1062
vn 0.2437 -0.9639 0.1072
vn 0.5296 -0.8416 -0.1062
vn 0.5292 -0.8419 -0.1056
vn 0.7627 -0.5716 -0.3026
vn 0.7630 -0.5711 -0.3027
vn 0.7628 -0.5712 -0.3031
vn 0.7631 -0.5710 -0.3026
vn 0.7762 -0.5655 -0.2788
vn 0.7762 -0.5654 -0.2789
vn 0.7762 -0.5656 -0.2787
vn 0.7884 -0.5601 -0.2545
vn 0.7884 -0.5602 -0.2544
vn 0.7885 -0.5600 -0.2544
vn 0.7991 -0.5557 -0.2292
vn 0.7992 -0.5556 -0.2294
vn -0.1524 -0.9613 0.2293
vn 0.2589 -0.9582 0.1219
vn 0.2518 -0.9610 0.1145
vn 0.2567 -0.9591 0.1193
vn 0.2613 -0.9570 0.1263
vn 0.5110 -0.8507 -0.1234
vn 0.5168 -0.8481 -0.1168
vn 0.5165 -0.8483 -0.1166
vn 0.5112 -0.8506 -0.1234
vn 0.2492 -0.9623 0.1092
vn 0.2496 -0.9622 0.1087
vn 0.5199 -0.8467 -0.1128
vn 0.5217 -0.8455 -0.1140
vn -0.0538 -0.9191 0.3902
vn -0.0540 -0.9194 0.3897
vn -0.0536 -0.9192 0.3900
vn 0.2662 -0.9554 0.1279
vn 0.2672 -0.9549 0.1295
vn 0.5041 -0.8538 -0.1301
vn 0.5039 -0.8538 -0.1308
vn 0.7489 -0.5771 -0.3258
vn -0.1017 -0.9401 0.3255
vn -0.0869 -0.9334 0.3482
vn 0.2809 -0.9481 0.1493
vn 0.2743 -0.9514 0.1400
vn 0.2790 -0.9489 0.1475
vn 0.2836 -0.9469 0.1516
vn 0.4886 -0.8593 -0.1514
vn 0.4908 -0.8590 -0.1457
vn 0.4952 -0.8562 -0.1471
vn 0.4882 -0.8596 -0.1509
vn 0.2740 -0.9520 0.1364
vn 0.2741 -0.9519 0.1367
vn 0.5032 -0.8535 -0.1354
vn 0.5037 -0.8529 -0.1374
vn 0.0237 -0.8862 0.4626
vn 0.0237 -0.8863 0.4626
vn 0.0237 -0.8862 0.4627
vn 0.2890 -0.9445 0.1563
vn 0.2891 -0.9445 0.1562
vn 0.4807 -0.8636 -0.1521
vn 0.4807 -0.8635 -0.1528
vn 0.6229 -0.6311 -0.4622
vn 0.6434 -0.6219 -0.4464
vn 0.6634 -0.6137 -0.4282
vn 0.6636 -0.6133 -0.4283
vn 0.6634 -0.6135 -0.4284
vn -0.0355 -0.9115 0.4097
vn -0.0165 -0.9034 0.4285
vn 0.0032 -0.8950 0.4461
vn 0.3100 -0.9357 0.1687
vn 0.3025 -0.9389 0.1645
vn 0.3055 -0.9376 0.1662
vn 0.3133 -0.9343 0.1703
vn 0.4594 -0.8718 -0.1701
vn 0.4656 -0.8692 -0.1665
vn 0.4655 -0.8691 -0.1671
vn 0.4593 -0.8719 -0.1699
vn 0.2963 -0.9414 0.1612
vn 0.2963 -0.9414 0.1611
vn 0.4722 -0.8672 -0.1579
vn 0.4727 -0.8669 -0.1581
vn 0.3223 -0.9306 0.1736
vn 0.3205 -0.9310 0.1749
vn 0.4524 -0.8747 -0.1738
vn 0.4524 -0.8748 -0.1735
vn 0.5343 -0.6685 -0.5174
vn 0.5799 -0.6491 -0.4924
vn 0.5801 -0.6491 -0.4922
vn 0.0449 -0.8771 0.4781
vn 0.0670 -0.8678 0.4924
vn 0.0668 -0.8679 0.4923
vn 0.0670 -0.8678 0.4925
vn 0.0671 -0.8677 0.4925
vn 0.0893 -0.8583 0.5053
vn 0.0890 -0.8583 0.5053
vn 0.3416 -0.9230 0.1771
vn 0.3331 -0.9258 0.1785
vn 0.3363 -0.9243 0.1804
vn 0.3469 -0.9204 0.1805
vn 0.4260 -0.8859 -0.1835
vn 0.4325 -0.8841 -0.1770
vn 0.4319 -0.8842 -0.1779
vn 0.4266 -0.8857 -0.1833
vn 0.3263 -0.9282 0.1786
vn 0.3257 -0.9286 0.1777
vn 0.4464 -0.8778 -0.1737
vn 0.4439 -0.8795 -0.1713
vn 0.2095 -0.8071 0.5520
vn 0.2096 -0.8072 0.5519
vn 0.2094 -0.8071 0.5520
vn 0.3559 -0.9164 0.1833
vn 0.3535 -0.9181 0.1792
vn 0.4190 -0.8887 -0.1860
vn 0.4196 -0.8885 -0.1859
vn 0.4374 -0.7098 -0.5522
vn 0.4374 -0.7100 -0.5519
vn 0.4370 -0.7100 -0.5522
vn 0.5108 -0.6787 -0.5277
vn 0.1361 -0.8383 0.5280
vn 0.1843 -0.8177 0.5453
vn 0.1845 -0.8178 0.5452
vn 0.3761 -0.9083 0.1834
vn 0.3649 -0.9125 0.1850
vn 0.3727 -0.9088 0.1876
vn 0.3767 -0.9080 0.1835
vn 0.3964 -0.8987 -0.1877
vn 0.4018 -0.8962 -0.1881
vn 0.4019 -0.8961 -0.1882
vn 0.3907 -0.9012 -0.1878
vn 0.3609 -0.9147 0.1820
vn 0.3612 -0.9147 0.1814
vn 0.4116 -0.8919 -0.1876
vn 0.4136 -0.8912 -0.1862
vn 0.3363 -0.7528 -0.5659
vn 0.3361 -0.7529 -0.5659
vn 0.3362 -0.7529 -0.5658
vn 0.3366 -0.7530 -0.5654
vn 0.3616 -0.7421 -0.5644
vn 0.3870 -0.7313 -0.5616
vn 0.3871 -0.7313 -0.5615
vn 0.4123 -0.7206 -0.5574
vn 0.4120 -0.7207 -0.5576
vn 0.4124 -0.7206 -0.5574
vn 0.2344 -0.7965 0.5574
vn 0.2850 -0.7748 0.5643
vn 0.2851 -0.7748 0.5642
vn -0.3331 0.9263 0.1759
vn -0.3382 0.9244 0.1763
vn -0.3310 0.9269 0.1771
vn -0.3234 0.9297 0.1763
vn -0.3428 0.9225 0.1777
vn -0.3466 0.9206 0.1797
vn -0.4349 0.8833 -0.1750
vn -0.4362 0.8827 -0.1748
vn -0.4420 0.8803 -0.1721
vn -0.4437 0.8797 -0.1712
vn -0.4249 0.8872 -0.1798
vn -0.4286 0.8857 -0.1786
vn -0.1361 0.8383 0.5279
vn -0.1604 0.8280 0.5373
vn -0.1601 0.8281 0.5372
vn -0.1601 0.8281 0.5373
vn -0.1845 0.8177 0.5453
vn -0.2093 0.8071 0.5521
vn -0.4375 0.7098 -0.5521
vn -0.4375 0.7099 -0.5519
vn -0.4374 0.7098 -0.5521
vn -0.4622 0.6993 -0.5453
vn -0.4622 0.6992 -0.5453
vn -0.4865 0.6889 -0.5373
vn -0.4866 0.6888 -0.5373
vn -0.4866 0.6889 -0.5373
vn -0.4866 0.6888 -0.5374
vn -0.5106 0.6787 -0.5279
vn -0.5107 0.6786 -0.5279
vn -0.4519 0.8758 -0.1696
vn -0.4483 0.8773 -0.1715
vn -0.3161 0.9332 0.1706
vn -0.3164 0.9331 0.1710
vn -0.3032 0.9393 0.1608
vn -0.3082 0.9370 0.1646
vn -0.3006 0.9404 0.1593
vn -0.2960 0.9422 0.1567
vn -0.3138 0.9350 0.1652
vn -0.3139 0.9349 0.1656
vn -0.4655 0.8700 -0.1624
vn -0.4654 0.8701 -0.1624
vn -0.4713 0.8675 -0.1593
vn -0.4745 0.8661 -0.1573
vn -0.4561 0.8740 -0.1674
vn -0.4603 0.8722 -0.1657
vn -0.0448 0.8773 0.4779
vn -0.0449 0.8772 0.4781
vn -0.0447 0.8774 0.4777
vn -0.0671 0.8677 0.4925
vn -0.0670 0.8677 0.4925
vn -0.0894 0.8583 0.5053
vn -0.0890 0.8583 0.5053
vn -0.0893 0.8583 0.5054
vn -0.1125 0.8484 0.5173
vn -0.1123 0.8485 0.5172
vn -0.1124 0.8484 0.5173
vn -0.5343 0.6685 -0.5173
vn -0.5574 0.6587 -0.5054
vn -0.5804 0.6489 -0.4920
vn -0.5800 0.6491 -0.4922
vn -0.5799 0.6491 -0.4923
vn -0.6017 0.6399 -0.4781
vn -0.6019 0.6396 -0.4781
vn -0.6019 0.6395 -0.4782
vn -0.6017 0.6398 -0.4781
vn -0.4793 0.8642 -0.1529
vn -0.4791 0.8643 -0.1532
vn -0.2914 0.9444 0.1524
vn -0.2914 0.9444 0.1526
vn -0.2750 0.9506 0.1441
vn -0.2777 0.9495 0.1461
vn -0.2712 0.9531 0.1341
vn -0.2690 0.9536 0.1355
vn -0.2819 0.9482 0.1464
vn -0.2830 0.9478 0.1470
vn -0.4951 0.8565 -0.1458
vn -0.4946 0.8569 -0.1451
vn -0.4997 0.8554 -0.1363
vn -0.5000 0.8552 -0.1366
vn -0.4845 0.8617 -0.1507
vn -0.4910 0.8588 -0.1464
vn 0.0355 0.9115 0.4098
vn 0.0166 0.9034 0.4285
vn 0.0164 0.9034 0.4284
vn 0.0168 0.9035 0.4283
vn -0.0030 0.8950 0.4461
vn -0.0031 0.8950 0.4461
vn -0.0237 0.8862 0.4626
vn -0.0236 0.8862 0.4627
vn -0.6231 0.6307 -0.4626
vn -0.6436 0.6219 -0.4460
vn -0.6436 0.6219 -0.4461
vn -0.6435 0.6219 -0.4463
vn -0.6633 0.6135 -0.4285
vn -0.6825 0.6052 -0.4097
vn -0.6822 0.6056 -0.4097
vn -0.6823 0.6055 -0.4097
vn -0.6825 0.6054 -0.4095
vn -0.5068 0.8523 -0.1296
vn -0.5047 0.8531 -0.1324
vn -0.2642 0.9558 0.1294
vn -0.2663 0.9548 0.1323
vn -0.2505 0.9612 0.1152
vn -0.2546 0.9592 0.1228
vn -0.2458 0.9626 0.1137
vn -0.2461 0.9628 0.1120
vn -0.2554 0.9587 0.1254
vn -0.2568 0.9583 0.1256
vn -0.5185 0.8465 -0.1208
vn -0.5183 0.8466 -0.1208
vn -0.5211 0.8458 -0.1143
vn -0.5244 0.8448 -0.1065
vn -0.5117 0.8494 -0.1293
vn -0.5147 0.8484 -0.1236
vn 0.1020 0.9399 0.3258
vn 0.1021 0.9399 0.3259
vn 0.0869 0.9334 0.3481
vn 0.0871 0.9334 0.3481
vn 0.0708 0.9265 0.3696
vn 0.0536 0.9191 0.3902
vn 0.0536 0.9192 0.3902
vn -0.7004 0.5977 -0.3902
vn -0.7175 0.5905 -0.3696
vn -0.7175 0.5904 -0.3696
vn -0.7337 0.5835 -0.3481
vn -0.7339 0.5835 -0.3479
vn -0.7489 0.5770 -0.3258
vn -0.5263 0.8442 -0.1013
vn -0.5265 0.8440 -0.1022
vn -0.2434 0.9646 0.1012
vn -0.2453 0.9638 0.1045
vn -0.2320 0.9688 0.0874
vn -0.2344 0.9679 0.0904
vn -0.2329 0.9695 0.0763
vn -0.2323 0.9695 0.0787
vn -0.2385 0.9668 0.0919
vn -0.2377 0.9669 0.0928
vn -0.5378 0.8384 -0.0888
vn -0.5375 0.8386 -0.0887
vn -0.5368 0.8399 -0.0802
vn -0.5412 0.8374 -0.0760
vn -0.5326 0.8406 -0.0989
vn -0.5343 0.8400 -0.0943
vn 0.1527 0.9613 0.2292
vn 0.1526 0.9613 0.2293
vn 0.1526 0.9613 0.2294
vn 0.1525 0.9613 0.2293
vn 0.1415 0.9567 0.2544
vn 0.1295 0.9515 0.2789
vn 0.1295 0.9516 0.2788
vn 0.1164 0.9460 0.3027
vn -0.7631 0.5710 -0.3027
vn -0.7630 0.5712 -0.3027
vn -0.7761 0.5656 -0.2788
vn -0.7762 0.5656 -0.2787
vn -0.7761 0.5656 -0.2789
vn -0.7883 0.5602 -0.2544
vn -0.7992 0.5556 -0.2293
vn -0.7993 0.5555 -0.2292
vn -0.7992 0.5558 -0.2289
vn -0.7992 0.5557 -0.2293
vn -0.5452 0.8352 -0.0720
vn -0.5446 0.8356 -0.0718
vn -0.2252 0.9718 0.0697
vn -0.2262 0.9713 0.0734
vn -0.2194 0.9743 0.0511
vn -0.2191 0.9740 0.0577
vn -0.2171 0.9752 0.0439
vn -0.2174 0.9751 0.0444
vn -0.2256 0.9720 0.0656
vn -0.2263 0.9720 0.0635
vn -0.5477 0.8347 -0.0571
vn -0.5470 0.8352 -0.0561
vn -0.5518 0.8325 -0.0497
vn -0.5540 0.8315 -0.0425
vn -0.5468 0.8346 -0.0669
vn -0.5476 0.8347 -0.0580
vn 0.1844 0.9750 0.1240
vn 0.1845 0.9750 0.1240
vn 0.1845 0.9750 0.1241
vn 0.1783 0.9723 0.1509
vn 0.1708 0.9692 0.1775
vn 0.1709 0.9692 0.1775
vn 0.1623 0.9655 0.2036
vn 0.1624 0.9655 0.2036
vn -0.8090 0.5514 -0.2036
vn -0.8091 0.5513 -0.2036
vn -0.8176 0.5477 -0.1776
vn -0.8176 0.5477 -0.1775
vn -0.8250 0.5446 -0.1509
vn -0.8312 0.5419 -0.1241
vn -0.8312 0.5419 -0.1240
vn -0.5555 0.8307 -0.0361
vn -0.5552 0.8309 -0.0363
vn -0.2203 0.9748 0.0357
vn -0.2185 0.9750 0.0395
vn -0.2132 0.9769 0.0146
vn -0.2133 0.9768 0.0216
vn -0.2108 0.9775 0.0071
vn -0.2115 0.9774 0.0066
vn -0.2138 0.9765 0.0287
vn -0.2140 0.9764 0.0280
vn -0.5583 0.8294 -0.0195
vn -0.5576 0.8299 -0.0191
vn -0.5550 0.8318 -0.0118
vn -0.5552 0.8317 -0.0069
vn -0.5550 0.8313 -0.0316
vn -0.5562 0.8307 -0.0231
vn 0.1970 0.9803 0.0139
vn 0.1971 0.9803 0.0139
vn 0.1958 0.9798 0.0417
vn 0.1957 0.9798 0.0417
vn 0.1932 0.9787 0.0691
vn 0.1932 0.9787 0.0692
vn 0.1933 0.9787 0.0692
vn 0.1895 0.9771 0.0967
vn -0.8364 0.5396 -0.0967
vn -0.8363 0.5397 -0.0967
vn -0.8363 0.5396 -0.0967
vn -0.8400 0.5382 -0.0692
vn -0.8425 0.5371 -0.0416
vn -0.8437 0.5366 -0.0139
vn -0.8436 0.5368 -0.0139
vn -0.5549 0.8319 -0.0000
vn -0.2161 0.9764 -0.0037
vn -0.2153 0.9765 0.0039
vn -0.2133 0.9767 -0.0217
vn -0.2127 0.9770 -0.0146
vn -0.2140 0.9764 -0.0288
vn -0.2144 0.9763 -0.0283
vn -0.2102 0.9776 -0.0091
vn -0.2109 0.9774 -0.0111
vn -0.5583 0.8294 0.0195
vn -0.5576 0.8299 0.0191
vn -0.5560 0.8309 0.0230
vn -0.5547 0.8314 0.0316
vn -0.5552 0.8317 0.0069
vn -0.5550 0.8318 0.0118
vn 0.1895 0.9771 -0.0967
vn 0.1932 0.9787 -0.0692
vn 0.1932 0.9787 -0.0691
vn 0.1957 0.9798 -0.0417
vn 0.1959 0.9797 -0.0417
vn 0.1970 0.9803 -0.0139
vn -0.8437 0.5366 0.0139
vn -0.8438 0.5366 0.0139
vn -0.8425 0.5371 0.0416
vn -0.8400 0.5382 0.0693
vn -0.8400 0.5382 0.0692
vn -0.8361 0.5399 0.0967
vn -0.8362 0.5398 0.0967
vn -0.5555 0.8307 0.0360
vn -0.5551 0.8310 0.0362
vn -0.2200 0.9747 -0.0393
vn -0.2182 0.9754 -0.0323
vn -0.2199 0.9738 -0.0584
vn -0.2198 0.9742 -0.0511
vn -0.2250 0.9721 -0.0663
vn -0.2270 0.9719 -0.0622
vn -0.2170 0.9752 -0.0439
vn -0.2170 0.9751 -0.0448
vn -0.5477 0.8348 0.0568
vn -0.5470 0.8353 0.0560
vn -0.5476 0.8347 0.0581
vn -0.5471 0.8344 0.0668
vn -0.5539 0.8315 0.0425
vn -0.5516 0.8326 0.0497
vn 0.1623 0.9655 -0.2036
vn 0.1624 0.9655 -0.2036
vn 0.1627 0.9654 -0.2037
vn 0.1709 0.9692 -0.1775
vn 0.1783 0.9723 -0.1509
vn 0.1844 0.9750 -0.1240
vn 0.1845 0.9750 -0.1241
vn 0.1845 0.9750 -0.1243
vn 0.1845 0.9750 -0.1240
vn -0.8312 0.5419 0.1241
vn -0.8312 0.5419 0.1240
vn -0.8250 0.5446 0.1508
vn -0.8250 0.5446 0.1509
vn -0.8175 0.5479 0.1776
vn -0.8176 0.5477 0.1775
vn -0.8091 0.5513 0.2036
vn -0.8090 0.5514 0.2035
vn -0.8090 0.5514 0.2036
vn -0.5452 0.8352 0.0719
vn -0.5446 0.8356 0.0718
vn -0.2270 0.9711 -0.0738
vn -0.2254 0.9717 -0.0707
vn -0.2335 0.9682 -0.0899
vn -0.2320 0.9689 -0.0862
vn -0.2421 0.9654 -0.0969
vn -0.2404 0.9657 -0.0980
vn -0.2322 0.9697 -0.0759
vn -0.2322 0.9695 -0.0785
vn -0.5378 0.8384 0.0887
vn -0.5374 0.8387 0.0886
vn -0.5342 0.8401 0.0943
vn -0.5325 0.8406 0.0988
vn -0.5412 0.8374 0.0760
vn -0.5367 0.8399 0.0804
vn 0.1164 0.9460 -0.3027
vn 0.1162 0.9460 -0.3027
vn 0.1295 0.9515 -0.2789
vn 0.1295 0.9516 -0.2788
vn 0.1295 0.9515 -0.2790
vn 0.1415 0.9567 -0.2544
vn 0.1525 0.9613 -0.2294
vn 0.1525 0.9613 -0.2293
vn 0.1526 0.9613 -0.2293
vn -0.7991 0.5557 0.2293
vn -0.7992 0.5556 0.2294
vn -0.7991 0.5557 0.2294
vn -0.7992 0.5556 0.2293
vn -0.7883 0.5602 0.2544
vn -0.7762 0.5654 0.2789
vn -0.7761 0.5657 0.2787
vn -0.7761 0.5655 0.2790
vn -0.7763 0.5654 0.2789
vn -0.7631 0.5710 0.3027
vn -0.5264 0.8442 0.1009
vn -0.5264 0.8441 0.1021
vn -0.2451 0.9639 -0.1036
vn -0.2426 0.9649 -0.1009
vn -0.2551 0.9593 -0.1212
vn -0.2494 0.9616 -0.1145
vn -0.2549 0.9587 -0.1263
vn -0.2570 0.9581 -0.1267
vn -0.2467 0.9624 -0.1139
vn -0.2467 0.9625 -0.1125
vn -0.5184 0.8466 0.1207
vn -0.5181 0.8468 0.1208
vn -0.5146 0.8485 0.1238
vn -0.5124 0.8491 0.1285
vn -0.5248 0.8445 0.1067
vn -0.5212 0.8457 0.1144
vn 0.0536 0.9192 -0.3902
vn 0.0707 0.9265 -0.3696
vn 0.0869 0.9334 -0.3481
vn 0.1018 0.9400 -0.3256
vn 0.1022 0.9399 -0.3259
vn -0.7489 0.5771 0.3258
vn -0.7489 0.5770 0.3258
vn -0.7337 0.5835 0.3481
vn -0.7338 0.5834 0.3481
vn -0.7175 0.5904 0.3696
vn -0.7175 0.5903 0.3696
vn -0.7004 0.5977 0.3902
vn -0.5055 0.8529 0.1306
vn -0.5057 0.8527 0.1310
vn -0.2658 0.9550 -0.1317
vn -0.2635 0.9559 -0.1294
vn -0.2770 0.9497 -0.1461
vn -0.2745 0.9508 -0.1435
vn -0.2857 0.9471 -0.1462
vn -0.2860 0.9466 -0.1486
vn -0.2736 0.9518 -0.1388
vn -0.2725 0.9520 -0.1393
vn -0.4951 0.8565 0.1458
vn -0.4946 0.8569 0.1451
vn -0.4912 0.8586 0.1467
vn -0.4845 0.8617 0.1508
vn -0.5013 0.8546 0.1358
vn -0.4981 0.8561 0.1379
vn -0.0237 0.8862 -0.4627
vn -0.0237 0.8862 -0.4626
vn -0.0237 0.8862 -0.4628
vn -0.0242 0.8861 -0.4628
vn -0.0031 0.8950 -0.4461
vn 0.0166 0.9034 -0.4285
vn 0.0167 0.9034 -0.4284
vn 0.0165 0.9034 -0.4285
vn 0.0355 0.9115 -0.4098
vn 0.0354 0.9115 -0.4098
vn -0.6822 0.6056 0.4098
vn -0.6823 0.6055 0.4097
vn -0.6823 0.6055 0.4098
vn -0.6822 0.6055 0.4099
vn -0.6634 0.6134 0.4285
vn -0.6634 0.6135 0.4285
vn -0.6634 0.6135 0.4284
vn -0.6436 0.6217 0.4463
vn -0.6436 0.6219 0.4461
vn -0.6436 0.6220 0.4460
vn -0.6231 0.6307 0.4626
vn -0.6230 0.6307 0.4626
vn -0.4792 0.8643 0.1530
vn -0.4792 0.8643 0.1531
vn -0.2931 0.9435 -0.1544
vn -0.2890 0.9452 -0.1520
vn -0.3082 0.9370 -0.1643
vn -0.3031 0.9393 -0.1608
vn -0.3136 0.9351 -0.1650
vn -0.3129 0.9353 -0.1651
vn -0.2986 0.9413 -0.1572
vn -0.2987 0.9413 -0.1573
vn -0.4654 0.8701 0.1622
vn -0.4654 0.8701 0.1624
vn -0.4608 0.8720 0.1654
vn -0.4552 0.8745 0.1676
vn -0.4745 0.8661 0.1570
vn -0.4710 0.8676 0.1593
vn -0.1124 0.8484 -0.5173
vn -0.0893 0.8582 -0.5055
vn -0.0893 0.8582 -0.5054
vn -0.0669 0.8678 -0.4924
vn -0.0668 0.8678 -0.4923
vn -0.0670 0.8677 -0.4925
vn -0.0448 0.8773 -0.4779
vn -0.0447 0.8774 -0.4778
vn -0.0449 0.8771 -0.4782
vn -0.6018 0.6397 0.4781
vn -0.6019 0.6397 0.4781
vn -0.6019 0.6396 0.4781
vn -0.5799 0.6490 0.4925
vn -0.5799 0.6491 0.4922
vn -0.5799 0.6491 0.4923
vn -0.5575 0.6586 0.5054
vn -0.5574 0.6586 0.5055
vn -0.5574 0.6587 0.5054
vn -0.5343 0.6685 0.5173
vn -0.5344 0.6685 0.5173
vn -0.5343 0.6686 0.5172
vn -0.4501 0.8768 0.1693
vn -0.4502 0.8767 0.1696
vn -0.3233 0.9302 -0.1739
vn -0.3163 0.9333 -0.1700
vn -0.3389 0.9240 -0.1773
vn -0.3335 0.9263 -0.1754
vn -0.3451 0.9215 -0.1781
vn -0.3469 0.9205 -0.1796
vn -0.3287 0.9273 -0.1792
vn -0.3263 0.9282 -0.1786
vn -0.4347 0.8834 0.1752
vn -0.4363 0.8826 0.1749
vn -0.4284 0.8857 0.1788
vn -0.4250 0.8871 0.1799
vn -0.4463 0.8781 0.1724
vn -0.4392 0.8809 0.1762
vn -0.2093 0.8071 -0.5521
vn -0.1846 0.8177 -0.5453
vn -0.1848 0.8177 -0.5452
vn -0.1845 0.8177 -0.5453
vn -0.1601 0.8281 -0.5373
vn -0.1361 0.8383 -0.5279
vn -0.1361 0.8383 -0.5280
vn -0.5107 0.6785 0.5281
vn -0.5106 0.6784 0.5283
vn -0.5105 0.6783 0.5284
vn -0.4866 0.6888 0.5373
vn -0.4867 0.6888 0.5373
vn -0.4866 0.6888 0.5374
vn -0.4622 0.6993 0.5453
vn -0.4374 0.7099 0.5521
vn -0.4376 0.7097 0.5521
vn -0.4374 0.7099 0.5520
vn -0.4374 0.7098 0.5521
vn -0.4190 0.8898 0.1809
vn -0.4191 0.8897 0.1812
vn -0.3540 0.9175 -0.1815
vn -0.3504 0.9189 -0.1810
vn -0.3715 0.9094 -0.1871
vn -0.3652 0.9120 -0.1870
vn -0.3775 0.9067 -0.1881
vn -0.3773 0.9069 -0.1877
vn -0.3586 0.9146 -0.1870
vn -0.3600 0.9142 -0.1862
vn -0.4014 0.8976 0.1823
vn -0.4017 0.8973 0.1832
vn -0.3965 0.8988 0.1869
vn -0.3927 0.9002 0.1883
vn -0.4138 0.8922 0.1811
vn -0.4069 0.8947 0.1845
vn -0.3106 0.7639 -0.5657
vn -0.2851 0.7748 -0.5643
vn -0.2591 0.7856 -0.5619
vn -0.2597 0.7856 -0.5616
vn -0.2598 0.7857 -0.5615
vn -0.2344 0.7964 -0.5575
vn -0.4118 0.7205 0.5579
vn -0.4120 0.7207 0.5576
vn -0.4119 0.7206 0.5577
vn -0.4124 0.7205 0.5575
vn -0.3872 0.7312 0.5616
vn -0.3871 0.7313 0.5616
vn -0.3617 0.7421 0.5643
vn -0.3360 0.7530 0.5657
vn -0.3362 0.7530 0.5657
vn -0.3361 0.7531 0.5657
vn -0.3822 0.9053 0.1853
vn -0.3842 0.9048 0.1838
vn -0.3884 0.9032 -0.1829
vn -0.3814 0.9054 -0.1864
vn -0.4045 0.8959 -0.1836
vn -0.4002 0.8979 -0.1834
vn -0.4098 0.8939 -0.1816
vn -0.4096 0.8939 -0.1821
vn -0.3921 0.9014 -0.1835
vn -0.3915 0.9016 -0.1841
vn -0.3706 0.9106 0.1830
vn -0.3704 0.9106 0.1834
vn -0.3622 0.9141 0.1823
vn -0.3578 0.9158 0.1823
vn -0.3773 0.9067 0.1886
vn -0.3739 0.9085 0.1866
vn -0.4123 0.7205 -0.5575
vn -0.3873 0.7312 -0.5616
vn -0.3871 0.7312 -0.5616
vn -0.3616 0.7421 -0.5644
vn -0.3616 0.7421 -0.5643
vn -0.3613 0.7426 -0.5640
vn -0.3361 0.7530 -0.5657
vn -0.3362 0.7530 -0.5657
vn -0.2595 0.7856 0.5616
vn -0.3493 0.9186 0.1849
vn -0.3509 0.9180 0.1849
vn -0.4225 0.8878 -0.1826
vn -0.4147 0.8911 -0.1845
vn -0.4369 0.8815 -0.1790
vn -0.4335 0.8830 -0.1801
vn -0.4444 0.8780 -0.1777
vn -0.4445 0.8782 -0.1766
vn -0.4302 0.8844 -0.1810
vn -0.4286 0.8858 -0.1781
vn -0.3351 0.9246 0.1812
vn -0.3345 0.9249 0.1807
vn -0.3283 0.9277 0.1777
vn -0.3248 0.9294 0.1755
vn -0.3467 0.9204 0.1808
vn -0.3446 0.9216 0.1787
vn -0.5107 0.6786 -0.5280
vn -0.4622 0.6992 -0.5454
vn -0.4374 0.7098 -0.5522
vn -0.4372 0.7098 -0.5523
vn -0.1360 0.8383 0.5279
vn -0.3184 0.9317 0.1746
vn -0.3211 0.9306 0.1758
vn -0.4516 0.8759 -0.1699
vn -0.4486 0.8770 -0.1720
vn -0.4679 0.8683 -0.1648
vn -0.4648 0.8697 -0.1661
vn -0.4732 0.8657 -0.1632
vn -0.4768 0.8642 -0.1606
vn -0.4601 0.8715 -0.1700
vn -0.4598 0.8717 -0.1693
vn -0.3037 0.9382 0.1658
vn -0.3041 0.9381 0.1656
vn -0.3014 0.9402 0.1590
vn -0.2956 0.9423 0.1573
vn -0.3132 0.9343 0.1702
vn -0.3101 0.9356 0.1686
vn -0.6018 0.6397 -0.4781
vn -0.6018 0.6397 -0.4782
vn -0.5799 0.6491 -0.4924
vn -0.5574 0.6588 -0.5052
vn -0.5574 0.6586 -0.5055
vn -0.1124 0.8483 0.5174
vn -0.0895 0.8583 0.5053
vn -0.0899 0.8584 0.5051
vn -0.0893 0.8582 0.5055
vn -0.0668 0.8678 0.4924
vn -0.0668 0.8679 0.4922
vn -0.0668 0.8678 0.4925
vn -0.0449 0.8772 0.4780
vn -0.0448 0.8772 0.4781
vn -0.2925 0.9439 0.1532
vn -0.2918 0.9441 0.1537
vn -0.4831 0.8624 -0.1513
vn -0.4773 0.8649 -0.1555
vn -0.4951 0.8573 -0.1413
vn -0.4912 0.8591 -0.1437
vn -0.4994 0.8556 -0.1358
vn -0.4995 0.8556 -0.1355
vn -0.4887 0.8592 -0.1515
vn -0.4881 0.8597 -0.1508
vn -0.2778 0.9503 0.1403
vn -0.2786 0.9498 0.1420
vn -0.2732 0.9517 0.1399
vn -0.2710 0.9532 0.1344
vn -0.2833 0.9469 0.1518
vn -0.2809 0.9481 0.1490
vn -0.6823 0.6054 -0.4098
vn -0.6633 0.6135 -0.4286
vn -0.0237 0.8862 0.4627
vn -0.0237 0.8863 0.4626
vn -0.0031 0.8951 0.4459
vn -0.0031 0.8950 0.4460
vn 0.0165 0.9034 0.4285
vn -0.2658 0.9551 0.1306
vn -0.2655 0.9552 0.1307
vn -0.5068 0.8524 -0.1288
vn -0.5040 0.8535 -0.1323
vn -0.5198 0.8461 -0.1180
vn -0.5172 0.8473 -0.1206
vn -0.5217 0.8462 -0.1085
vn -0.5222 0.8458 -0.1091
vn -0.5122 0.8491 -0.1290
vn -0.5153 0.8482 -0.1228
vn -0.2570 0.9593 0.1172
vn -0.2505 0.9606 0.1205
vn -0.2505 0.9618 0.1108
vn -0.2473 0.9629 0.1079
vn -0.2612 0.9571 0.1255
vn -0.2577 0.9585 0.1217
vn -0.7004 0.5976 -0.3902
vn -0.7001 0.5979 -0.3904
vn -0.7005 0.5978 -0.3897
vn 0.0536 0.9192 0.3900
vn 0.0536 0.9192 0.3901
vn 0.0537 0.9193 0.3900
vn 0.0706 0.9264 0.3697
vn 0.0707 0.9264 0.3698
vn 0.0704 0.9264 0.3699
vn 0.0869 0.9334 0.3480
vn 0.1021 0.9399 0.3258
vn -0.2458 0.9640 0.1014
vn -0.2468 0.9637 0.1018
vn -0.5270 0.8439 -0.1005
vn -0.5257 0.8442 -0.1049
vn -0.5379 0.8387 -0.0847
vn -0.5388 0.8378 -0.0880
vn -0.5432 0.8357 -0.0809
vn -0.5425 0.8362 -0.0802
vn -0.5345 0.8396 -0.0970
vn -0.5338 0.8401 -0.0965
vn -0.2355 0.9682 0.0843
vn -0.2355 0.9681 0.0853
vn -0.2303 0.9696 0.0823
vn -0.2283 0.9704 0.0789
vn -0.2411 0.9656 0.0978
vn -0.2397 0.9664 0.0928
vn -0.7991 0.5557 -0.2293
vn -0.7763 0.5653 -0.2789
vn -0.7632 0.5709 -0.3028
vn -0.7632 0.5709 -0.3027
vn -0.7633 0.5708 -0.3027
vn 0.1163 0.9460 0.3027
vn 0.1295 0.9516 0.2789
vn 0.1414 0.9567 0.2545
vn 0.1416 0.9567 0.2544
vn 0.1525 0.9613 0.2294
vn -0.2289 0.9710 0.0688
vn -0.2284 0.9711 0.0696
vn -0.5425 0.8372 -0.0692
vn -0.5415 0.8375 -0.0735
vn -0.5487 0.8344 -0.0517
vn -0.5476 0.8349 -0.0554
vn -0.5498 0.8341 -0.0442
vn -0.5498 0.8341 -0.0443
vn -0.5451 0.8360 -0.0621
vn -0.5451 0.8360 -0.0622
vn -0.2244 0.9730 0.0550
vn -0.2236 0.9730 0.0567
vn -0.2213 0.9741 0.0470
vn -0.2203 0.9745 0.0428
vn -0.2271 0.9717 0.0643
vn -0.2243 0.9727 0.0592
vn -0.8312 0.5420 -0.1240
vn -0.8249 0.5447 -0.1509
vn -0.8176 0.5478 -0.1775
vn -0.8089 0.5515 -0.2036
vn 0.1622 0.9655 0.2036
vn -0.2210 0.9747 0.0345
vn -0.2201 0.9747 0.0388
vn -0.5524 0.8329 -0.0332
vn -0.5514 0.8334 -0.0384
vn -0.5577 0.8299 -0.0163
vn -0.5570 0.8302 -0.0212
vn -0.5586 0.8294 -0.0090
vn -0.5586 0.8294 -0.0088
vn -0.5547 0.8316 -0.0273
vn -0.5555 0.8312 -0.0235
vn -0.2133 0.9768 0.0207
vn -0.2137 0.9767 0.0208
vn -0.2154 0.9764 0.0130
vn -0.2162 0.9763 0.0055
vn -0.2144 0.9763 0.0298
vn -0.2140 0.9765 0.0252
vn -0.8437 0.5366 -0.0138
vn -0.8400 0.5382 -0.0693
vn -0.8401 0.5381 -0.0692
vn -0.8399 0.5384 -0.0694
vn -0.8362 0.5399 -0.0964
vn -0.8362 0.5398 -0.0967
vn -0.8362 0.5399 -0.0966
vn -0.8361 0.5401 -0.0963
vn 0.1893 0.9771 0.0967
vn 0.1894 0.9771 0.0967
vn 0.1889 0.9772 0.0968
vn 0.1953 0.9799 0.0418
vn -0.2175 0.9761 -0.0000
vn -0.2174 0.9761 -0.0000
vn -0.5582 0.8297 0.0028
vn -0.5582 0.8297 -0.0029
vn -0.5573 0.8301 0.0209
vn -0.5574 0.8301 0.0158
vn -0.5540 0.8319 0.0312
vn -0.5538 0.8321 0.0306
vn -0.5586 0.8294 0.0090
vn -0.5586 0.8294 0.0091
vn -0.2132 0.9768 -0.0207
vn -0.2137 0.9767 -0.0208
vn -0.2141 0.9765 -0.0252
vn -0.2145 0.9763 -0.0297
vn -0.2160 0.9764 -0.0054
vn -0.2153 0.9765 -0.0131
vn -0.8362 0.5399 0.0966
vn -0.8360 0.5402 0.0963
vn -0.8362 0.5399 0.0965
vn -0.8362 0.5398 0.0966
vn -0.8400 0.5381 0.0692
vn -0.8426 0.5370 0.0416
vn -0.8425 0.5371 0.0413
vn -0.8436 0.5367 0.0141
vn -0.8436 0.5368 0.0139
vn -0.8436 0.5367 0.0140
vn -0.8437 0.5366 0.0140
vn 0.1957 0.9798 -0.0416
vn 0.1957 0.9798 -0.0418
vn 0.1893 0.9771 -0.0967
vn -0.2212 0.9746 -0.0349
vn -0.2199 0.9747 -0.0389
vn -0.5512 0.8335 0.0379
vn -0.5524 0.8329 0.0331
vn -0.5476 0.8349 0.0555
vn -0.5486 0.8345 0.0517
vn -0.5452 0.8360 0.0621
vn -0.5453 0.8359 0.0620
vn -0.5499 0.8341 0.0442
vn -0.5499 0.8341 0.0440
vn -0.2245 0.9729 -0.0548
vn -0.2237 0.9730 -0.0567
vn -0.2243 0.9727 -0.0591
vn -0.2269 0.9718 -0.0643
vn -0.2204 0.9745 -0.0428
vn -0.2213 0.9741 -0.0470
vn -0.8176 0.5478 0.1775
vn -0.8312 0.5420 0.1240
vn 0.1709 0.9692 -0.1773
vn 0.1622 0.9655 -0.2036
vn 0.1621 0.9655 -0.2039
vn -0.2291 0.9710 -0.0689
vn -0.2285 0.9710 -0.0697
vn -0.5415 0.8375 0.0735
vn -0.5429 0.8370 0.0686
vn -0.5362 0.8390 0.0926
vn -0.5383 0.8385 0.0842
vn -0.5343 0.8397 0.0974
vn -0.5335 0.8402 0.0970
vn -0.5424 0.8361 0.0823
vn -0.5420 0.8364 0.0815
vn -0.2360 0.9680 -0.0849
vn -0.2356 0.9681 -0.0858
vn -0.2396 0.9664 -0.0928
vn -0.2412 0.9656 -0.0977
vn -0.2283 0.9704 -0.0789
vn -0.2303 0.9696 -0.0823
vn -0.7763 0.5653 0.2789
vn -0.7884 0.5602 0.2544
vn -0.7881 0.5606 0.2543
vn -0.7992 0.5557 0.2293
vn 0.1414 0.9567 -0.2544
vn 0.1295 0.9516 -0.2789
vn 0.1163 0.9460 -0.3025
vn 0.1164 0.9459 -0.3027
vn -0.2458 0.9640 -0.1015
vn -0.2468 0.9637 -0.1020
vn -0.5257 0.8443 0.1041
vn -0.5276 0.8435 0.1004
vn -0.5179 0.8470 0.1201
vn -0.5199 0.8461 0.1171
vn -0.5119 0.8494 0.1282
vn -0.5114 0.8498 0.1275
vn -0.5208 0.8466 0.1096
vn -0.5212 0.8463 0.1104
vn -0.2559 0.9598 -0.1153
vn -0.2500 0.9608 -0.1199
vn -0.2581 0.9584 -0.1220
vn -0.2610 0.9571 -0.1256
vn -0.2473 0.9629 -0.1079
vn -0.2506 0.9617 -0.1109
vn -0.7005 0.5976 0.3900
vn -0.7004 0.5977 0.3901
vn 0.1022 0.9399 -0.3258
vn 0.0865 0.9334 -0.3483
vn 0.0708 0.9265 -0.3696
vn 0.0536 0.9192 -0.3901
vn -0.2658 0.9551 -0.1306
vn -0.2655 0.9552 -0.1307
vn -0.5042 0.8535 0.1317
vn -0.5072 0.8522 0.1287
vn -0.4911 0.8590 0.1446
vn -0.4941 0.8578 0.1415
vn -0.4889 0.8591 0.1515
vn -0.4883 0.8596 0.1507
vn -0.4995 0.8556 0.1359
vn -0.4994 0.8557 0.1355
vn -0.2778 0.9503 -0.1403
vn -0.2786 0.9499 -0.1420
vn -0.2809 0.9481 -0.1490
vn -0.2833 0.9469 -0.1518
vn -0.2710 0.9532 -0.1344
vn -0.2732 0.9517 -0.1399
vn -0.6231 0.6307 0.4625
vn -0.6633 0.6135 0.4285
vn -0.6823 0.6054 0.4098
vn 0.0357 0.9116 -0.4096
vn 0.0355 0.9115 -0.4097
vn 0.0356 0.9115 -0.4098
vn 0.0165 0.9033 -0.4286
vn 0.0166 0.9033 -0.4286
vn -0.0237 0.8863 -0.4625
vn -0.0237 0.8863 -0.4626
vn -0.2923 0.9440 -0.1531
vn -0.2918 0.9441 -0.1537
vn -0.4786 0.8646 0.1530
vn -0.4831 0.8622 0.1524
vn -0.4651 0.8695 0.1662
vn -0.4681 0.8682 0.1646
vn -0.4593 0.8717 0.1707
vn -0.4586 0.8722 0.1701
vn -0.4721 0.8664 0.1626
vn -0.4713 0.8671 0.1615
vn -0.3037 0.9382 -0.1659
vn -0.3041 0.9381 -0.1656
vn -0.3100 0.9356 -0.1687
vn -0.3133 0.9342 -0.1704
vn -0.2958 0.9422 -0.1574
vn -0.3003 0.9406 -0.1585
vn -0.5797 0.6491 0.4925
vn -0.5797 0.6493 0.4923
vn -0.5799 0.6491 0.4924
vn -0.0449 0.8772 -0.4780
vn -0.0668 0.8678 -0.4924
vn -0.0668 0.8677 -0.4925
vn -0.1124 0.8484 -0.5172
vn -0.1123 0.8485 -0.5172
vn -0.1125 0.8484 -0.5173
vn -0.3184 0.9316 -0.1754
vn -0.3220 0.9315 -0.1692
vn -0.4492 0.8769 0.1710
vn -0.4526 0.8753 0.1700
vn -0.4341 0.8827 0.1803
vn -0.4372 0.8815 0.1785
vn -0.4287 0.8859 0.1772
vn -0.4266 0.8867 0.1782
vn -0.4430 0.8786 0.1782
vn -0.4425 0.8790 0.1774
vn -0.3349 0.9247 -0.1810
vn -0.3344 0.9249 -0.1807
vn -0.3456 0.9209 -0.1804
vn -0.3467 0.9203 -0.1814
vn -0.3247 0.9294 -0.1755
vn -0.3285 0.9276 -0.1777
vn -0.4375 0.7098 0.5521
vn -0.4373 0.7098 0.5521
vn -0.4375 0.7098 0.5520
vn -0.5107 0.6786 0.5280
vn -0.5107 0.6786 0.5279
vn -0.1361 0.8384 -0.5278
vn -0.3501 0.9182 -0.1855
vn -0.3512 0.9178 -0.1850
vn -0.4153 0.8909 0.1837
vn -0.4218 0.8875 0.1855
vn -0.4000 0.8979 0.1835
vn -0.4043 0.8961 0.1833
vn -0.3929 0.9012 0.1831
vn -0.3926 0.9014 0.1828
vn -0.4102 0.8938 0.1815
vn -0.4106 0.8935 0.1817
vn -0.3696 0.9110 -0.1829
vn -0.3695 0.9110 -0.1834
vn -0.3737 0.9087 -0.1861
vn -0.3745 0.9080 -0.1876
vn -0.3578 0.9158 -0.1823
vn -0.3621 0.9141 -0.1824
vn -0.3361 0.7530 0.5657
vn -0.3617 0.7421 0.5644
vn -0.3870 0.7313 0.5616
vn -0.4125 0.7204 0.5575
vn -0.2344 0.7963 -0.5577
vn -0.2344 0.7963 -0.5576
vn -0.2344 0.7962 -0.5578
vn -0.2596 0.7858 -0.5614
vn -0.2596 0.7857 -0.5615
vn -0.2851 0.7749 -0.5642
vn -0.3107 0.7637 -0.5658
vn -0.3106 0.7638 -0.5658
vn -0.3106 0.7639 -0.5656
vn 0.9361 0.2326 -0.2638
vn 0.9361 0.2326 -0.2637
vn 0.9362 0.2326 -0.2636
vn 0.9233 0.2271 -0.3098
vn 0.9232 0.2271 -0.3099
vn 0.9233 0.2271 -0.3097
vn 0.8160 0.5145 -0.2636
vn 0.8160 0.5145 -0.2637
vn 0.8030 0.5091 -0.3098
vn 0.8030 0.5090 -0.3100
vn 0.8031 0.5090 -0.3098
vn 0.8030 0.5090 -0.3099
vn 0.9746 -0.1165 -0.1912
vn 0.9746 -0.1166 -0.1911
vn 0.9651 -0.1206 -0.2326
vn 0.9651 -0.1207 -0.2326
vn 0.9536 -0.1255 -0.2735
vn 0.9537 -0.1255 -0.2735
vn 0.9404 -0.1312 -0.3138
vn 0.9082 0.2207 -0.3556
vn 0.7883 0.5021 -0.3556
vn 0.7880 0.5026 -0.3556
vn 0.7880 0.5030 -0.3551
vn 0.7881 0.5025 -0.3556
vn 0.5564 0.7694 -0.3138
vn 0.5697 0.7750 -0.2735
vn 0.5811 0.7799 -0.2326
vn 0.5811 0.7799 -0.2327
vn 0.5906 0.7840 -0.1911
vn 0.8268 0.5191 -0.2166
vn 0.9470 0.2372 -0.2166
vn 0.9470 0.2372 -0.2165
vn -0.0068 -0.1695 0.9855
vn -0.0511 -0.1884 0.9808
vn -0.0517 -0.1879 0.9808
vn -0.0511 -0.1883 0.9808
vn -0.1270 0.1124 0.9855
vn -0.1711 0.0933 0.9808
vn -0.1713 0.0935 0.9808
vn 0.1723 -0.4587 0.8717
vn 0.1330 -0.4755 0.8696
vn 0.1330 -0.4759 0.8694
vn 0.0938 -0.4921 0.8655
vn 0.0938 -0.4921 0.8654
vn 0.0549 -0.5087 0.8592
vn 0.0551 -0.5090 0.8590
vn 0.0544 -0.5092 0.8589
vn -0.0953 -0.2072 0.9736
vn -0.0953 -0.2072 0.9737
vn -0.2155 0.0747 0.9736
vn -0.3292 0.3918 0.8592
vn -0.3291 0.3918 0.8592
vn -0.3292 0.3918 0.8591
vn -0.3292 0.3917 0.8592
vn -0.2902 0.4084 0.8654
vn -0.2902 0.4084 0.8655
vn -0.2510 0.4251 0.8697
vn -0.2510 0.4251 0.8696
vn -0.2118 0.4420 0.8717
vn -0.2117 0.4419 0.8717
vn -0.2119 0.4420 0.8716
vn -0.2122 0.4421 0.8715
vn -0.0824 0.1314 0.9879
vn 0.0377 -0.1505 0.9879
vn 0.8720 0.2054 0.4443
vn 0.8720 0.2053 0.4444
vn 0.8510 0.1963 0.4871
vn 0.7518 0.4872 0.4444
vn 0.7518 0.4871 0.4444
vn 0.7308 0.4782 0.4871
vn 0.9252 -0.1378 0.3536
vn 0.9253 -0.1376 0.3534
vn 0.9253 -0.1377 0.3534
vn 0.9253 -0.1376 0.3535
vn 0.9085 -0.1448 0.3921
vn 0.8899 -0.1527 0.4298
vn 0.8697 -0.1614 0.4665
vn 0.8697 -0.1613 0.4665
vn 0.8281 0.1865 0.5286
vn 0.8281 0.1866 0.5286
vn 0.8282 0.1865 0.5285
vn 0.7080 0.4682 0.5287
vn 0.7079 0.4682 0.5288
vn 0.7079 0.4684 0.5287
vn 0.7079 0.4684 0.5286
vn 0.4855 0.7391 0.4669
vn 0.4857 0.7393 0.4665
vn 0.4855 0.7393 0.4665
vn 0.5059 0.7479 0.4298
vn 0.5245 0.7557 0.3921
vn 0.5245 0.7558 0.3921
vn 0.5413 0.7629 0.3534
vn 0.5413 0.7630 0.3534
vn 0.7709 0.4953 0.4005
vn 0.8911 0.2134 0.4005
vn 0.8911 0.2135 0.4005
vn 0.8718 0.2052 -0.4448
vn 0.8720 0.2053 -0.4443
vn 0.8511 0.1963 -0.4870
vn 0.8510 0.1963 -0.4870
vn 0.7519 0.4870 -0.4443
vn 0.7519 0.4871 -0.4443
vn 0.7518 0.4871 -0.4443
vn 0.7308 0.4782 -0.4871
vn 0.9253 -0.1377 -0.3534
vn 0.9253 -0.1377 -0.3533
vn 0.9085 -0.1448 -0.3921
vn 0.9085 -0.1446 -0.3921
vn 0.8899 -0.1527 -0.4298
vn 0.8899 -0.1526 -0.4298
vn 0.8900 -0.1525 -0.4298
vn 0.8697 -0.1613 -0.4665
vn 0.8281 0.1865 -0.5286
vn 0.7079 0.4684 -0.5286
vn 0.4857 0.7392 -0.4665
vn 0.4857 0.7391 -0.4667
vn 0.4857 0.7391 -0.4666
vn 0.5059 0.7479 -0.4298
vn 0.5245 0.7558 -0.3921
vn 0.5413 0.7629 -0.3534
vn 0.7709 0.4953 -0.4005
vn 0.7709 0.4952 -0.4005
vn 0.8911 0.2134 -0.4005
vn -0.0068 -0.1695 -0.9855
vn -0.0512 -0.1884 -0.9808
vn -0.0511 -0.1884 -0.9808
vn -0.1270 0.1124 -0.9855
vn -0.1713 0.0935 -0.9808
vn -0.1713 0.0934 -0.9808
vn 0.1723 -0.4587 -0.8717
vn 0.1330 -0.4755 -0.8696
vn 0.0939 -0.4926 -0.8652
vn 0.0938 -0.4921 -0.8655
vn 0.0549 -0.5088 -0.8591
vn -0.0954 -0.2072 -0.9736
vn -0.0953 -0.2072 -0.9736
vn -0.0952 -0.2072 -0.9737
vn -0.2155 0.0747 -0.9737
vn -0.2155 0.0747 -0.9736
vn -0.2158 0.0750 -0.9736
vn -0.3290 0.3919 -0.8592
vn -0.3291 0.3919 -0.8591
vn -0.3290 0.3917 -0.8592
vn -0.2902 0.4085 -0.8654
vn -0.2901 0.4084 -0.8655
vn -0.2902 0.4084 -0.8655
vn -0.2510 0.4251 -0.8696
vn -0.2117 0.4419 -0.8717
vn -0.0824 0.1314 -0.9879
vn -0.0819 0.1319 -0.9879
vn 0.0378 -0.1507 -0.9879
vn 0.0376 -0.1505 -0.9879
vn 0.0377 -0.1505 -0.9879
vn 0.9361 0.2326 0.2637
vn 0.9362 0.2326 0.2636
vn 0.9232 0.2271 0.3100
vn 0.9232 0.2271 0.3099
vn 0.8160 0.5145 0.2636
vn 0.8160 0.5144 0.2636
vn 0.8160 0.5145 0.2635
vn 0.8030 0.5090 0.3100
vn 0.9746 -0.1166 0.1911
vn 0.9651 -0.1207 0.2326
vn 0.9536 -0.1256 0.2735
vn 0.9404 -0.1312 0.3138
vn 0.9082 0.2207 0.3556
vn 0.7880 0.5026 0.3556
vn 0.5564 0.7694 0.3138
vn 0.5697 0.7750 0.2735
vn 0.5814 0.7798 0.2323
vn 0.5815 0.7796 0.2325
vn 0.5813 0.7799 0.2322
vn 0.5811 0.7800 0.2323
vn 0.5906 0.7840 0.1911
vn 0.5906 0.7839 0.1915
vn 0.8268 0.5191 0.2166
vn 0.8268 0.5193 0.2164
vn 0.8268 0.5191 0.2165
vn 0.9470 0.2371 0.2166
vn 0.9470 0.2372 0.2166
vn 0.9470 0.2372 0.2165
vn 0.7767 0.1645 -0.6080
vn 0.7767 0.1646 -0.6080
vn 0.7767 0.1647 -0.6080
vn 0.7484 0.1529 -0.6454
vn 0.7484 0.1526 -0.6454
vn 0.6565 0.4465 -0.6080
vn 0.6566 0.4466 -0.6078
vn 0.6283 0.4346 -0.6453
vn 0.6282 0.4344 -0.6455
vn 0.6282 0.4344 -0.6454
vn 0.8477 -0.1709 -0.5022
vn 0.8478 -0.1707 -0.5021
vn 0.8243 -0.1807 -0.5365
vn 0.7994 -0.1913 -0.5695
vn 0.7729 -0.2026 -0.6013
vn 0.7184 0.1398 -0.6815
vn 0.7183 0.1398 -0.6815
vn 0.7185 0.1398 -0.6814
vn 0.7185 0.1398 -0.6813
vn 0.5983 0.4217 -0.6814
vn 0.5982 0.4216 -0.6814
vn 0.3890 0.6979 -0.6013
vn 0.3890 0.6981 -0.6011
vn 0.3890 0.6980 -0.6013
vn 0.4155 0.7093 -0.5695
vn 0.4154 0.7093 -0.5695
vn 0.4153 0.7094 -0.5695
vn 0.4403 0.7200 -0.5365
vn 0.4403 0.7199 -0.5365
vn 0.4403 0.7198 -0.5367
vn 0.4639 0.7299 -0.5021
vn 0.4641 0.7298 -0.5021
vn 0.4638 0.7299 -0.5021
vn 0.6828 0.4583 -0.5690
vn 0.6828 0.4582 -0.5690
vn 0.6829 0.4581 -0.5690
vn 0.8033 0.1759 -0.5690
vn -0.1822 -0.2443 -0.9524
vn -0.1824 -0.2443 -0.9524
vn -0.1824 -0.2442 -0.9524
vn -0.2250 -0.2624 -0.9384
vn -0.2250 -0.2625 -0.9383
vn -0.3026 0.0375 -0.9524
vn -0.3453 0.0192 -0.9383
vn -0.3455 0.0194 -0.9382
vn -0.3452 0.0193 -0.9383
vn -0.3452 0.0194 -0.9383
vn 0.0162 -0.5252 -0.8508
vn -0.0220 -0.5415 -0.8404
vn -0.0219 -0.5415 -0.8404
vn -0.0597 -0.5577 -0.8279
vn -0.0599 -0.5581 -0.8276
vn -0.0966 -0.5733 -0.8136
vn -0.0965 -0.5732 -0.8137
vn -0.0967 -0.5734 -0.8136
vn -0.2670 -0.2804 -0.9220
vn -0.3872 0.0014 -0.9220
vn -0.3872 0.0015 -0.9220
vn -0.4806 0.3272 -0.8136
vn -0.4807 0.3272 -0.8136
vn -0.4436 0.3429 -0.8280
vn -0.4436 0.3430 -0.8280
vn -0.4060 0.3591 -0.8404
vn -0.3678 0.3754 -0.8508
vn -0.3678 0.3753 -0.8508
vn -0.2593 0.0560 -0.9642
vn -0.1391 -0.2259 -0.9642
vn -0.1392 -0.2259 -0.9642
vn 0.9666 0.2456 0.0727
vn 0.9623 0.2437 0.1209
vn 0.8464 0.5275 0.0727
vn 0.8464 0.5275 0.0726
vn 0.8465 0.5275 0.0727
vn 0.8421 0.5256 0.1209
vn 0.9939 -0.1084 0.0215
vn 0.9939 -0.1084 0.0214
vn 0.9939 -0.1084 0.0213
vn 0.9919 -0.1093 0.0640
vn 0.9919 -0.1093 0.0641
vn 0.9920 -0.1093 0.0639
vn 0.9919 -0.1092 0.0642
vn 0.9881 -0.1107 0.1067
vn 0.9881 -0.1109 0.1067
vn 0.9823 -0.1131 0.1491
vn 0.9823 -0.1129 0.1494
vn 0.9823 -0.1132 0.1491
vn 0.9823 -0.1133 0.1490
vn 0.9557 0.2409 0.1689
vn 0.8357 0.5227 0.1686
vn 0.5983 0.7873 0.1490
vn 0.5983 0.7873 0.1488
vn 0.6041 0.7897 0.1068
vn 0.6041 0.7897 0.1067
vn 0.6080 0.7914 0.0641
vn 0.6081 0.7913 0.0642
vn 0.6080 0.7914 0.0642
vn 0.6080 0.7913 0.0642
vn 0.6098 0.7923 0.0214
vn 0.6099 0.7922 0.0214
vn 0.8487 0.5284 0.0243
vn 0.8486 0.5284 0.0243
vn 0.8486 0.5285 0.0243
vn 0.9688 0.2465 0.0243
vn 0.9688 0.2465 0.0244
vn 0.6538 0.1122 -0.7483
vn 0.6194 0.0975 -0.7790
vn 0.5336 0.3941 -0.7483
vn 0.4992 0.3794 -0.7790
vn 0.7452 -0.2145 -0.6314
vn 0.7453 -0.2145 -0.6312
vn 0.7451 -0.2145 -0.6316
vn 0.7159 -0.2270 -0.6602
vn 0.7159 -0.2269 -0.6603
vn 0.7161 -0.2273 -0.6599
vn 0.7157 -0.2267 -0.6605
vn 0.6855 -0.2399 -0.6874
vn 0.6852 -0.2401 -0.6876
vn 0.6544 -0.2530 -0.7126
vn 0.6539 -0.2534 -0.7129
vn 0.5835 0.0822 -0.8079
vn 0.5836 0.0821 -0.8079
vn 0.5835 0.0821 -0.8079
vn 0.5835 0.0821 -0.8080
vn 0.4634 0.3642 -0.8078
vn 0.4634 0.3642 -0.8079
vn 0.4634 0.3641 -0.8079
vn 0.2699 0.6472 -0.7129
vn 0.2699 0.6473 -0.7129
vn 0.3015 0.6607 -0.6874
vn 0.3319 0.6737 -0.6603
vn 0.3319 0.6737 -0.6602
vn 0.3611 0.6861 -0.6316
vn 0.3611 0.6860 -0.6316
vn 0.5667 0.4082 -0.7157
vn 0.6869 0.1263 -0.7157
vn -0.3486 -0.3152 -0.8827
vn -0.3880 -0.3320 -0.8598
vn -0.3879 -0.3320 -0.8598
vn -0.3880 -0.3321 -0.8598
vn -0.4688 -0.0333 -0.8827
vn -0.5077 -0.0504 -0.8601
vn -0.5081 -0.0501 -0.8598
vn -0.5082 -0.0501 -0.8598
vn -0.1331 -0.5889 -0.7972
vn -0.1331 -0.5890 -0.7971
vn -0.1687 -0.6041 -0.7789
vn -0.2034 -0.6189 -0.7587
vn -0.2035 -0.6189 -0.7587
vn -0.2369 -0.6332 -0.7368
vn -0.2371 -0.6333 -0.7367
vn -0.4262 -0.3482 -0.8349
vn -0.4262 -0.3483 -0.8349
vn -0.5464 -0.0665 -0.8349
vn -0.5464 -0.0664 -0.8349
vn -0.5465 -0.0664 -0.8349
vn -0.6211 0.2674 -0.7367
vn -0.6211 0.2673 -0.7367
vn -0.6211 0.2673 -0.7368
vn -0.5873 0.2817 -0.7587
vn -0.5527 0.2965 -0.7789
vn -0.5527 0.2965 -0.7788
vn -0.5171 0.3117 -0.7972
vn -0.4285 -0.0160 -0.9034
vn -0.4285 -0.0161 -0.9034
vn -0.3083 -0.2980 -0.9034
vn -0.3083 -0.2981 -0.9034
vn 0.9623 0.2436 -0.1209
vn 0.9667 0.2456 -0.0727
vn 0.9666 0.2456 -0.0727
vn 0.8421 0.5256 -0.1209
vn 0.8465 0.5275 -0.0727
vn 0.8465 0.5275 -0.0726
vn 0.8464 0.5275 -0.0727
vn 0.9823 -0.1134 -0.1490
vn 0.9823 -0.1133 -0.1490
vn 0.9823 -0.1132 -0.1490
vn 0.9881 -0.1108 -0.1067
vn 0.9881 -0.1109 -0.1067
vn 0.9919 -0.1093 -0.0642
vn 0.9919 -0.1092 -0.0642
vn 0.9939 -0.1084 -0.0214
vn 0.9688 0.2465 -0.0243
vn 0.8486 0.5284 -0.0243
vn 0.8486 0.5284 -0.0244
vn 0.6099 0.7922 -0.0214
vn 0.6080 0.7913 -0.0641
vn 0.6080 0.7913 -0.0642
vn 0.6080 0.7914 -0.0642
vn 0.6041 0.7897 -0.1068
vn 0.6041 0.7897 -0.1067
vn 0.5983 0.7873 -0.1490
vn 0.5984 0.7873 -0.1487
vn 0.8358 0.5225 -0.1689
vn 0.8355 0.5228 -0.1689
vn 0.8359 0.5223 -0.1691
vn 0.8355 0.5228 -0.1690
vn 0.9557 0.2409 -0.1689
vn 0.5081 0.0501 -0.8598
vn 0.5082 0.0501 -0.8598
vn 0.5077 0.0502 -0.8601
vn 0.5081 0.0501 -0.8599
vn 0.4688 0.0333 -0.8827
vn 0.3880 0.3320 -0.8598
vn 0.3879 0.3320 -0.8598
vn 0.3881 0.3319 -0.8598
vn 0.3486 0.3152 -0.8827
vn 0.6212 -0.2672 -0.7367
vn 0.6211 -0.2673 -0.7367
vn 0.5873 -0.2818 -0.7587
vn 0.5873 -0.2817 -0.7587
vn 0.5527 -0.2965 -0.7789
vn 0.5527 -0.2966 -0.7788
vn 0.5171 -0.3117 -0.7971
vn 0.5171 -0.3117 -0.7972
vn 0.4285 0.0161 -0.9034
vn 0.3083 0.2980 -0.9034
vn 0.3084 0.2980 -0.9034
vn 0.1331 0.5889 -0.7972
vn 0.1333 0.5889 -0.7971
vn 0.1687 0.6041 -0.7789
vn 0.1687 0.6040 -0.7789
vn 0.2034 0.6189 -0.7587
vn 0.2371 0.6333 -0.7367
vn 0.2370 0.6333 -0.7367
vn 0.2366 0.6334 -0.7368
vn 0.4262 0.3483 -0.8349
vn 0.5464 0.0665 -0.8349
vn 0.5464 0.0664 -0.8349
vn 0.5465 0.0664 -0.8348
vn -0.4992 -0.3794 -0.7790
vn -0.4993 -0.3794 -0.7790
vn -0.5336 -0.3941 -0.7483
vn -0.6194 -0.0975 -0.7790
vn -0.6538 -0.1122 -0.7483
vn -0.2699 -0.6472 -0.7129
vn -0.2699 -0.6472 -0.7130
vn -0.3016 -0.6607 -0.6874
vn -0.3015 -0.6607 -0.6874
vn -0.3318 -0.6741 -0.6600
vn -0.3319 -0.6737 -0.6603
vn -0.3611 -0.6861 -0.6316
vn -0.3611 -0.6860 -0.6316
vn -0.5667 -0.4081 -0.7157
vn -0.5667 -0.4082 -0.7157
vn -0.6869 -0.1263 -0.7157
vn -0.7451 0.2145 -0.6315
vn -0.7451 0.2145 -0.6316
vn -0.7452 0.2145 -0.6314
vn -0.7160 0.2269 -0.6602
vn -0.7159 0.2269 -0.6603
vn -0.6855 0.2399 -0.6874
vn -0.6855 0.2400 -0.6874
vn -0.6540 0.2534 -0.7128
vn -0.6539 0.2534 -0.7129
vn -0.6542 0.2537 -0.7125
vn -0.5834 -0.0822 -0.8080
vn -0.5837 -0.0823 -0.8078
vn -0.5834 -0.0824 -0.8080
vn -0.5835 -0.0823 -0.8079
vn -0.4635 -0.3640 -0.8079
vn -0.4634 -0.3640 -0.8079
vn -0.4634 -0.3641 -0.8079
vn 0.9232 0.2271 -0.3100
vn 0.9233 0.2270 -0.3099
vn 0.9233 0.2269 -0.3099
vn 0.9362 0.2326 -0.2635
vn 0.8162 0.5142 -0.2635
vn 0.8160 0.5144 -0.2635
vn 0.9404 -0.1311 -0.3139
vn 0.9650 -0.1207 -0.2326
vn 0.9746 -0.1166 -0.1913
vn 0.9470 0.2372 -0.2167
vn 0.8268 0.5191 -0.2165
vn 0.5812 0.7799 -0.2323
vn 0.5810 0.7800 -0.2324
vn 0.5810 0.7800 -0.2325
vn 0.5813 0.7798 -0.2323
vn 0.5701 0.7749 -0.2730
vn 0.7880 0.5025 -0.3557
vn 0.9082 0.2207 -0.3557
vn 0.3453 -0.0194 -0.9383
vn 0.3452 -0.0195 -0.9383
vn 0.3454 -0.0194 -0.9382
vn 0.3026 -0.0376 -0.9524
vn 0.3026 -0.0374 -0.9524
vn 0.2250 0.2624 -0.9384
vn 0.2250 0.2625 -0.9383
vn 0.1824 0.2443 -0.9524
vn 0.1823 0.2443 -0.9524
vn 0.4807 -0.3273 -0.8135
vn 0.4806 -0.3272 -0.8136
vn 0.4436 -0.3429 -0.8280
vn 0.4436 -0.3430 -0.8280
vn 0.4060 -0.3591 -0.8404
vn 0.3678 -0.3753 -0.8508
vn 0.2593 -0.0560 -0.9642
vn 0.1391 0.2259 -0.9642
vn -0.0162 0.5252 -0.8508
vn -0.0162 0.5255 -0.8507
vn -0.0162 0.5253 -0.8508
vn 0.0220 0.5415 -0.8404
vn 0.0220 0.5414 -0.8404
vn 0.0596 0.5576 -0.8280
vn 0.0966 0.5734 -0.8136
vn 0.0966 0.5733 -0.8136
vn 0.0966 0.5734 -0.8135
vn 0.0967 0.5733 -0.8136
vn 0.2669 0.2804 -0.9220
vn 0.2666 0.2800 -0.9222
vn 0.2670 0.2803 -0.9220
vn 0.2670 0.2804 -0.9220
vn 0.3872 -0.0014 -0.9220
vn 0.3873 -0.0015 -0.9220
vn 0.3872 -0.0015 -0.9220
vn -0.6282 -0.4344 -0.6454
vn -0.6280 -0.4346 -0.6456
vn -0.6282 -0.4344 -0.6455
vn -0.6565 -0.4465 -0.6080
vn -0.7485 -0.1525 -0.6454
vn -0.7484 -0.1525 -0.6454
vn -0.7485 -0.1525 -0.6453
vn -0.7767 -0.1646 -0.6080
vn -0.3890 -0.6980 -0.6012
vn -0.4154 -0.7093 -0.5695
vn -0.4403 -0.7199 -0.5365
vn -0.4406 -0.7197 -0.5366
vn -0.4638 -0.7299 -0.5022
vn -0.4638 -0.7299 -0.5021
vn -0.6831 -0.4578 -0.5691
vn -0.8037 -0.1762 -0.5684
vn -0.8033 -0.1759 -0.5690
vn -0.8478 0.1707 -0.5022
vn -0.8478 0.1707 -0.5021
vn -0.8243 0.1807 -0.5365
vn -0.7994 0.1913 -0.5696
vn -0.7995 0.1914 -0.5693
vn -0.7730 0.2026 -0.6012
vn -0.7183 -0.1398 -0.6816
vn -0.7184 -0.1398 -0.6814
vn -0.7185 -0.1398 -0.6814
vn -0.5982 -0.4219 -0.6813
vn -0.5982 -0.4217 -0.6814
vn -0.5983 -0.4217 -0.6814
vn 0.8510 0.1962 -0.4872
vn 0.8510 0.1963 -0.4871
vn 0.8509 0.1963 -0.4872
vn 0.8509 0.1962 -0.4874
vn 0.8721 0.2052 -0.4443
vn 0.8719 0.2051 -0.4446
vn 0.8720 0.2052 -0.4444
vn 0.7309 0.4781 -0.4871
vn 0.7309 0.4780 -0.4871
vn 0.7518 0.4872 -0.4443
vn 0.7518 0.4873 -0.4443
vn 0.8899 -0.1528 -0.4298
vn 0.9253 -0.1380 -0.3532
vn 0.9253 -0.1376 -0.3534
vn 0.7709 0.4953 -0.4004
vn 0.5413 0.7630 -0.3534
vn 0.5245 0.7557 -0.3922
vn 0.4858 0.7392 -0.4665
vn 0.7079 0.4684 -0.5287
vn 0.7080 0.4684 -0.5285
vn 0.7079 0.4685 -0.5286
vn 0.1712 -0.0935 -0.9808
vn 0.1713 -0.0933 -0.9808
vn 0.1713 -0.0935 -0.9808
vn 0.1712 -0.0936 -0.9808
vn 0.1270 -0.1124 -0.9855
vn 0.0510 0.1884 -0.9808
vn 0.0508 0.1884 -0.9808
vn 0.0512 0.1884 -0.9808
vn 0.0513 0.1884 -0.9808
vn 0.0068 0.1695 -0.9855
vn 0.3291 -0.3919 -0.8592
vn 0.3291 -0.3919 -0.8591
vn 0.2901 -0.4082 -0.8656
vn 0.2900 -0.4082 -0.8656
vn 0.2512 -0.4251 -0.8696
vn 0.2510 -0.4251 -0.8697
vn 0.2510 -0.4251 -0.8696
vn 0.2118 -0.4417 -0.8718
vn 0.2118 -0.4419 -0.8717
vn 0.2117 -0.4419 -0.8717
vn 0.0827 -0.1318 -0.9878
vn 0.0824 -0.1314 -0.9879
vn -0.0379 0.1504 -0.9879
vn -0.0377 0.1505 -0.9879
vn -0.0377 0.1506 -0.9879
vn -0.1723 0.4588 -0.8717
vn -0.1723 0.4587 -0.8717
vn -0.1722 0.4587 -0.8717
vn -0.1331 0.4755 -0.8696
vn -0.1330 0.4755 -0.8696
vn -0.0938 0.4922 -0.8654
vn -0.0935 0.4922 -0.8655
vn -0.0549 0.5087 -0.8592
vn -0.0549 0.5085 -0.8593
vn -0.0548 0.5084 -0.8594
vn 0.0955 0.2073 -0.9736
vn 0.0953 0.2072 -0.9736
vn 0.0955 0.2074 -0.9736
vn 0.0953 0.2071 -0.9737
vn 0.2154 -0.0747 -0.9737
vn 0.2154 -0.0748 -0.9737
vn 0.2157 -0.0747 -0.9736
vn -0.7309 -0.4781 -0.4870
vn -0.7308 -0.4782 -0.4870
vn -0.7309 -0.4782 -0.4870
vn -0.7519 -0.4871 -0.4443
vn -0.7518 -0.4871 -0.4443
vn -0.7519 -0.4870 -0.4443
vn -0.8510 -0.1963 -0.4870
vn -0.8720 -0.2053 -0.4443
vn -0.8718 -0.2052 -0.4448
vn -0.4858 -0.7392 -0.4665
vn -0.4857 -0.7392 -0.4665
vn -0.5057 -0.7479 -0.4299
vn -0.5058 -0.7479 -0.4298
vn -0.5059 -0.7479 -0.4298
vn -0.5245 -0.7558 -0.3921
vn -0.5246 -0.7557 -0.3921
vn -0.5245 -0.7557 -0.3922
vn -0.5413 -0.7630 -0.3534
vn -0.7709 -0.4953 -0.4005
vn -0.8911 -0.2134 -0.4005
vn -0.9253 0.1376 -0.3534
vn -0.9085 0.1448 -0.3921
vn -0.8899 0.1527 -0.4298
vn -0.8899 0.1526 -0.4298
vn -0.8697 0.1613 -0.4665
vn -0.8281 -0.1862 -0.5288
vn -0.8281 -0.1865 -0.5286
vn -0.8281 -0.1866 -0.5286
vn -0.7080 -0.4684 -0.5286
vn -0.7079 -0.4684 -0.5286
vn 0.7484 0.1525 -0.6455
vn 0.7484 0.1525 -0.6454
vn 0.7483 0.1524 -0.6456
vn 0.7766 0.1647 -0.6081
vn 0.7731 -0.2024 -0.6011
vn 0.7729 -0.2026 -0.6014
vn 0.7994 -0.1914 -0.5695
vn 0.7993 -0.1913 -0.5696
vn 0.8033 0.1758 -0.5690
vn 0.8031 0.1756 -0.5694
vn 0.6831 0.4578 -0.5691
vn 0.6831 0.4578 -0.5690
vn 0.6830 0.4579 -0.5690
vn 0.4639 0.7298 -0.5021
vn 0.4154 0.7093 -0.5696
vn 0.3890 0.6980 -0.6012
vn 0.5983 0.4216 -0.6814
vn -0.8031 -0.5090 -0.3099
vn -0.8160 -0.5144 -0.2637
vn -0.8160 -0.5144 -0.2636
vn -0.8160 -0.5145 -0.2636
vn -0.9232 -0.2271 -0.3099
vn -0.9362 -0.2326 -0.2636
vn -0.5564 -0.7694 -0.3138
vn -0.5697 -0.7750 -0.2736
vn -0.5696 -0.7750 -0.2736
vn -0.5699 -0.7748 -0.2735
vn -0.5810 -0.7799 -0.2326
vn -0.5811 -0.7799 -0.2326
vn -0.5906 -0.7840 -0.1911
vn -0.8268 -0.5191 -0.2166
vn -0.9470 -0.2372 -0.2166
vn -0.9470 -0.2372 -0.2165
vn -0.9746 0.1166 -0.1911
vn -0.9651 0.1207 -0.2326
vn -0.9536 0.1256 -0.2735
vn -0.9402 0.1315 -0.3143
vn -0.9404 0.1312 -0.3138
vn -0.9082 -0.2207 -0.3556
vn -0.9082 -0.2208 -0.3556
vn -0.7880 -0.5026 -0.3556
vn -0.7880 -0.5027 -0.3556
vn 0.4989 0.3797 -0.7791
vn 0.7160 -0.2269 -0.6602
vn 0.7162 -0.2269 -0.6600
vn 0.7450 -0.2145 -0.6316
vn 0.5667 0.4082 -0.7156
vn 0.3611 0.6862 -0.6315
vn 0.3319 0.6738 -0.6601
vn 0.3015 0.6608 -0.6873
vn 0.3014 0.6608 -0.6874
vn 0.3017 0.6607 -0.6874
vn 0.2700 0.6473 -0.7128
vn 0.5836 0.0822 -0.8079
vn -0.8421 -0.5256 -0.1209
vn -0.8464 -0.5275 -0.0727
vn -0.8465 -0.5275 -0.0726
vn -0.8465 -0.5275 -0.0727
vn -0.9623 -0.2436 -0.1209
vn -0.9623 -0.2437 -0.1209
vn -0.9623 -0.2438 -0.1210
vn -0.9666 -0.2456 -0.0727
vn -0.5985 -0.7871 -0.1492
vn -0.5983 -0.7873 -0.1490
vn -0.5983 -0.7873 -0.1491
vn -0.6041 -0.7897 -0.1068
vn -0.6041 -0.7897 -0.1069
vn -0.6042 -0.7897 -0.1067
vn -0.6079 -0.7914 -0.0641
vn -0.6079 -0.7914 -0.0642
vn -0.6080 -0.7914 -0.0642
vn -0.6099 -0.7922 -0.0214
vn -0.8486 -0.5284 -0.0243
vn -0.8486 -0.5285 -0.0243
vn -0.9688 -0.2465 -0.0243
vn -0.9689 -0.2463 -0.0244
vn -0.9939 0.1084 -0.0214
vn -0.9939 0.1085 -0.0214
vn -0.9919 0.1092 -0.0641
vn -0.9920 0.1087 -0.0639
vn -0.9920 0.1091 -0.0642
vn -0.9920 0.1092 -0.0641
vn -0.9881 0.1109 -0.1067
vn -0.9823 0.1133 -0.1490
vn -0.9823 0.1132 -0.1491
vn -0.9557 -0.2410 -0.1689
vn -0.9557 -0.2409 -0.1689
vn -0.8356 -0.5227 -0.1691
vn -0.8355 -0.5228 -0.1689
vn -0.8355 -0.5228 -0.1690
vn 0.5079 0.0500 -0.8600
vn 0.3879 0.3319 -0.8598
vn 0.5173 -0.3118 -0.7970
vn 0.5174 -0.3117 -0.7970
vn 0.5527 -0.2965 -0.7788
vn 0.5873 -0.2819 -0.7587
vn 0.5874 -0.2817 -0.7587
vn 0.6211 -0.2673 -0.7368
vn 0.5463 0.0666 -0.8350
vn 0.5468 0.0664 -0.8347
vn 0.4262 0.3484 -0.8349
vn 0.4262 0.3481 -0.8350
vn 0.2035 0.6188 -0.7587
vn 0.2034 0.6188 -0.7587
vn 0.1687 0.6041 -0.7788
vn 0.1687 0.6042 -0.7788
vn 0.1330 0.5889 -0.7972
vn 0.1329 0.5889 -0.7972
vn -0.8464 -0.5275 0.0727
vn -0.8464 -0.5276 0.0727
vn -0.8421 -0.5256 0.1209
vn -0.8421 -0.5256 0.1210
vn -0.9667 -0.2456 0.0727
vn -0.9666 -0.2456 0.0727
vn -0.9623 -0.2438 0.1210
vn -0.9623 -0.2437 0.1209
vn -0.6099 -0.7922 0.0214
vn -0.6080 -0.7913 0.0642
vn -0.6082 -0.7912 0.0642
vn -0.6079 -0.7914 0.0642
vn -0.6043 -0.7896 0.1068
vn -0.6043 -0.7896 0.1067
vn -0.6041 -0.7897 0.1068
vn -0.5983 -0.7873 0.1492
vn -0.5983 -0.7873 0.1491
vn -0.5983 -0.7872 0.1495
vn -0.8356 -0.5226 0.1691
vn -0.8356 -0.5227 0.1693
vn -0.8355 -0.5228 0.1691
vn -0.8355 -0.5228 0.1689
vn -0.9557 -0.2409 0.1689
vn -0.9557 -0.2410 0.1689
vn -0.9823 0.1133 0.1490
vn -0.9881 0.1111 0.1067
vn -0.9881 0.1109 0.1067
vn -0.9881 0.1109 0.1066
vn -0.9919 0.1092 0.0642
vn -0.9920 0.1090 0.0638
vn -0.9920 0.1092 0.0641
vn -0.9939 0.1084 0.0214
vn -0.9939 0.1082 0.0214
vn -0.9939 0.1078 0.0212
vn -0.9689 -0.2464 0.0243
vn -0.9689 -0.2461 0.0245
vn -0.9689 -0.2463 0.0244
vn -0.9689 -0.2465 0.0243
vn -0.8486 -0.5284 0.0243
vn -0.8486 -0.5285 0.0243
vn 0.3027 -0.0376 -0.9524
vn 0.3031 -0.0380 -0.9522
vn 0.3452 -0.0194 -0.9383
vn 0.1821 0.2442 -0.9525
vn 0.1825 0.2443 -0.9524
vn 0.2250 0.2625 -0.9384
vn 0.3680 -0.3753 -0.8507
vn 0.3678 -0.3752 -0.8509
vn 0.3679 -0.3754 -0.8507
vn 0.3685 -0.3754 -0.8505
vn 0.4059 -0.3591 -0.8404
vn 0.4058 -0.3592 -0.8404
vn 0.4438 -0.3435 -0.8277
vn 0.4806 -0.3274 -0.8135
vn 0.4806 -0.3273 -0.8136
vn 0.3876 -0.0015 -0.9218
vn 0.0967 0.5734 -0.8136
vn 0.0594 0.5574 -0.8281
vn 0.0594 0.5572 -0.8282
vn -0.0161 0.5253 -0.8508
vn 0.2593 -0.0562 -0.9642
vn 0.2594 -0.0563 -0.9641
vn 0.2593 -0.0561 -0.9642
vn -0.8160 -0.5145 0.2636
vn -0.8030 -0.5090 0.3099
vn -0.9362 -0.2326 0.2636
vn -0.9362 -0.2326 0.2635
vn -0.9361 -0.2328 0.2636
vn -0.9232 -0.2271 0.3099
vn -0.9233 -0.2271 0.3099
vn -0.5906 -0.7840 0.1911
vn -0.5810 -0.7799 0.2326
vn -0.5811 -0.7799 0.2326
vn -0.5811 -0.7799 0.2327
vn -0.5697 -0.7750 0.2736
vn -0.5697 -0.7750 0.2735
vn -0.5564 -0.7694 0.3138
vn -0.7880 -0.5026 0.3556
vn -0.7879 -0.5027 0.3556
vn -0.9082 -0.2207 0.3556
vn -0.9404 0.1312 0.3138
vn -0.9536 0.1256 0.2735
vn -0.9651 0.1207 0.2326
vn -0.9746 0.1166 0.1911
vn -0.9470 -0.2372 0.2166
vn -0.9470 -0.2373 0.2165
vn -0.8268 -0.5191 0.2165
vn -0.8269 -0.5191 0.2162
vn -0.8269 -0.5191 0.2164
vn -0.8268 -0.5191 0.2166
vn 0.1270 -0.1129 -0.9855
vn 0.1711 -0.0933 -0.9808
vn 0.1713 -0.0934 -0.9808
vn 0.0511 0.1882 -0.9808
vn 0.0511 0.1884 -0.9808
vn 0.0511 0.1883 -0.9808
vn 0.2902 -0.4085 -0.8654
vn 0.2902 -0.4084 -0.8654
vn 0.3291 -0.3918 -0.8592
vn 0.3292 -0.3914 -0.8593
vn 0.2155 -0.0747 -0.9737
vn 0.2155 -0.0747 -0.9736
vn 0.0953 0.2072 -0.9737
vn -0.0549 0.5088 -0.8591
vn -0.0938 0.4921 -0.8655
vn -0.0378 0.1505 -0.9879
vn -0.7518 -0.4872 0.4443
vn -0.7518 -0.4871 0.4444
vn -0.7308 -0.4782 0.4871
vn -0.8720 -0.2053 0.4443
vn -0.8720 -0.2053 0.4444
vn -0.8510 -0.1962 0.4871
vn -0.8510 -0.1963 0.4871
vn -0.5413 -0.7630 0.3534
vn -0.5245 -0.7558 0.3921
vn -0.5245 -0.7558 0.3920
vn -0.5246 -0.7557 0.3921
vn -0.5058 -0.7480 0.4296
vn -0.5058 -0.7482 0.4294
vn -0.5059 -0.7480 0.4297
vn -0.5059 -0.7479 0.4298
vn -0.4858 -0.7391 0.4666
vn -0.4857 -0.7392 0.4665
vn -0.4860 -0.7392 0.4662
vn -0.4859 -0.7391 0.4665
vn -0.7080 -0.4684 0.5286
vn -0.7080 -0.4683 0.5286
vn -0.7079 -0.4684 0.5286
vn -0.8281 -0.1866 0.5286
vn -0.8281 -0.1865 0.5286
vn -0.8697 0.1613 0.4665
vn -0.8697 0.1614 0.4665
vn -0.8899 0.1527 0.4298
vn -0.9085 0.1448 0.3921
vn -0.9084 0.1450 0.3921
vn -0.9253 0.1376 0.3534
vn -0.8911 -0.2134 0.4005
vn -0.8911 -0.2131 0.4006
vn -0.8911 -0.2133 0.4005
vn -0.7709 -0.4953 0.4005
vn -0.7709 -0.4954 0.4005
vn -0.0511 -0.1883 -0.9808
vn -0.0510 -0.1883 -0.9808
vn -0.0068 -0.1697 -0.9855
vn -0.1711 0.0933 -0.9808
vn -0.1712 0.0933 -0.9808
vn -0.1711 0.0934 -0.9808
vn -0.1269 0.1124 -0.9855
vn -0.1268 0.1124 -0.9855
vn 0.0549 -0.5087 -0.8592
vn 0.0545 -0.5090 -0.8590
vn 0.0937 -0.4921 -0.8655
vn 0.1329 -0.4761 -0.8693
vn 0.0378 -0.1505 -0.9879
vn -0.2116 0.4419 -0.8718
vn -0.2901 0.4083 -0.8655
vn -0.2902 0.4084 -0.8654
vn -0.2900 0.4082 -0.8656
vn -0.3291 0.3918 -0.8592
vn -0.6565 -0.4465 0.6080
vn -0.6283 -0.4344 0.6454
vn -0.6282 -0.4344 0.6455
vn -0.7767 -0.1646 0.6080
vn -0.7484 -0.1525 0.6454
vn -0.4637 -0.7299 0.5022
vn -0.4638 -0.7299 0.5021
vn -0.4403 -0.7199 0.5365
vn -0.4404 -0.7199 0.5365
vn -0.4404 -0.7198 0.5366
vn -0.4404 -0.7198 0.5365
vn -0.4155 -0.7093 0.5695
vn -0.4155 -0.7092 0.5695
vn -0.4154 -0.7093 0.5695
vn -0.3890 -0.6980 0.6012
vn -0.3889 -0.6981 0.6012
vn -0.5983 -0.4217 0.6814
vn -0.7185 -0.1398 0.6814
vn -0.7184 -0.1398 0.6815
vn -0.7184 -0.1398 0.6814
vn -0.7730 0.2026 0.6012
vn -0.7994 0.1913 0.5696
vn -0.8243 0.1807 0.5365
vn -0.8478 0.1707 0.5021
vn -0.8033 -0.1759 0.5690
vn -0.6831 -0.4578 0.5690
vn -0.6831 -0.4579 0.5689
vn -0.1823 -0.2443 -0.9524
vn -0.3453 0.0194 -0.9383
vn -0.3027 0.0378 -0.9523
vn -0.3026 0.0376 -0.9524
vn -0.3024 0.0375 -0.9524
vn -0.0967 -0.5734 -0.8135
vn -0.0972 -0.5733 -0.8135
vn -0.0596 -0.5576 -0.8280
vn 0.0163 -0.5253 -0.8507
vn -0.1391 -0.2258 -0.9642
vn -0.1391 -0.2257 -0.9642
vn -0.2594 0.0561 -0.9641
vn -0.2594 0.0560 -0.9642
vn -0.2596 0.0564 -0.9641
vn -0.3678 0.3752 -0.8508
vn -0.3677 0.3754 -0.8508
vn -0.4060 0.3592 -0.8403
vn -0.4060 0.3591 -0.8403
vn -0.4806 0.3273 -0.8136
vn -0.3874 0.0015 -0.9219
vn -0.3873 0.0015 -0.9220
vn -0.3876 0.0015 -0.9218
vn -0.3879 0.0016 -0.9217
vn -0.2669 -0.2807 -0.9219
vn -0.2671 -0.2805 -0.9220
vn -0.5336 -0.3941 0.7483
vn -0.4990 -0.3796 0.7790
vn -0.4992 -0.3793 0.7790
vn -0.4992 -0.3795 0.7790
vn -0.4992 -0.3794 0.7790
vn -0.6538 -0.1122 0.7483
vn -0.6538 -0.1121 0.7483
vn -0.6192 -0.0971 0.7792
vn -0.6194 -0.0973 0.7790
vn -0.6190 -0.0973 0.7794
vn -0.3611 -0.6861 0.6316
vn -0.3611 -0.6860 0.6316
vn -0.3319 -0.6737 0.6602
vn -0.3319 -0.6737 0.6603
vn -0.3016 -0.6607 0.6874
vn -0.3015 -0.6607 0.6874
vn -0.3014 -0.6609 0.6873
vn -0.2695 -0.6473 0.7131
vn -0.2694 -0.6476 0.7128
vn -0.2699 -0.6473 0.7129
vn -0.2698 -0.6469 0.7132
vn -0.4634 -0.3641 0.8079
vn -0.5836 -0.0821 0.8079
vn -0.5837 -0.0823 0.8078
vn -0.5836 -0.0820 0.8079
vn -0.5835 -0.0821 0.8079
vn -0.6539 0.2535 0.7129
vn -0.6539 0.2534 0.7129
vn -0.6540 0.2535 0.7128
vn -0.6540 0.2536 0.7128
vn -0.6855 0.2399 0.6874
vn -0.7159 0.2269 0.6603
vn -0.7159 0.2270 0.6603
vn -0.7451 0.2145 0.6315
vn -0.7450 0.2144 0.6316
vn -0.7452 0.2146 0.6314
vn -0.6869 -0.1263 0.7157
vn -0.5668 -0.4082 0.7156
vn -0.5667 -0.4082 0.7157
vn -0.5667 -0.4083 0.7157
vn -0.3879 -0.3320 -0.8599
vn -0.3487 -0.3152 -0.8827
vn -0.3488 -0.3152 -0.8826
vn -0.5080 -0.0501 -0.8599
vn -0.5081 -0.0501 -0.8599
vn -0.2371 -0.6332 -0.7368
vn -0.2034 -0.6187 -0.7589
vn -0.3083 -0.2979 -0.9034
vn -0.3082 -0.2979 -0.9035
vn -0.5171 0.3116 -0.7972
vn -0.5171 0.3115 -0.7972
vn -0.5525 0.2965 -0.7790
vn -0.5875 0.2819 -0.7586
vn -0.5874 0.2817 -0.7587
vn -0.5871 0.2815 -0.7590
vn -0.5872 0.2816 -0.7589
vn -0.6211 0.2677 -0.7366
vn -0.5461 -0.0663 -0.8351
vn -0.5464 -0.0667 -0.8349
vn -0.5464 -0.0666 -0.8349
vn -0.5464 -0.0663 -0.8349
vn -0.4262 -0.3481 -0.8350
vn -0.4263 -0.3489 -0.8346
vn -0.3880 -0.3320 0.8598
vn -0.3879 -0.3320 0.8598
vn -0.3880 -0.3319 0.8598
vn -0.3485 -0.3152 0.8827
vn -0.5081 -0.0501 0.8598
vn -0.4688 -0.0333 0.8827
vn -0.2372 -0.6332 0.7368
vn -0.2370 -0.6331 0.7369
vn -0.2371 -0.6332 0.7368
vn -0.2375 -0.6332 0.7367
vn -0.2034 -0.6189 0.7587
vn -0.2032 -0.6188 0.7588
vn -0.2034 -0.6188 0.7588
vn -0.2033 -0.6188 0.7587
vn -0.1687 -0.6041 0.7789
vn -0.1330 -0.5889 0.7972
vn -0.1331 -0.5888 0.7972
vn -0.1331 -0.5889 0.7972
vn -0.3083 -0.2980 0.9034
vn -0.4285 -0.0161 0.9034
vn -0.5174 0.3116 0.7970
vn -0.5171 0.3117 0.7972
vn -0.5171 0.3116 0.7972
vn -0.5171 0.3117 0.7971
vn -0.5527 0.2965 0.7789
vn -0.5873 0.2817 0.7588
vn -0.5873 0.2817 0.7587
vn -0.5876 0.2817 0.7585
vn -0.6211 0.2675 0.7366
vn -0.6212 0.2677 0.7366
vn -0.6211 0.2675 0.7367
vn -0.6211 0.2673 0.7367
vn -0.5465 -0.0664 0.8349
vn -0.5464 -0.0664 0.8349
vn -0.5464 -0.0666 0.8349
vn -0.4262 -0.3483 0.8349
vn -0.4993 -0.3793 -0.7790
vn -0.6193 -0.0974 -0.7791
vn -0.3610 -0.6862 -0.6315
vn -0.3015 -0.6607 -0.6875
vn -0.2700 -0.6472 -0.7129
vn -0.5835 -0.0822 -0.8079
vn -0.5835 -0.0822 -0.8080
vn -0.7159 0.2268 -0.6603
vn -0.7450 0.2145 -0.6317
vn -0.7450 0.2145 -0.6316
vn -0.6870 -0.1263 -0.7156
vn -0.6871 -0.1263 -0.7155
vn -0.5666 -0.4081 -0.7159
vn -0.2250 -0.2625 0.9383
vn -0.1824 -0.2442 0.9524
vn -0.1824 -0.2443 0.9524
vn -0.1824 -0.2446 0.9523
vn -0.3452 0.0194 0.9383
vn -0.3452 0.0192 0.9383
vn -0.3455 0.0191 0.9382
vn -0.3026 0.0376 0.9524
vn -0.0965 -0.5732 0.8137
vn -0.0966 -0.5733 0.8136
vn -0.0967 -0.5733 0.8136
vn -0.0597 -0.5577 0.8279
vn -0.0593 -0.5574 0.8281
vn -0.0596 -0.5576 0.8280
vn -0.0220 -0.5415 0.8404
vn -0.0220 -0.5414 0.8405
vn 0.0162 -0.5252 0.8508
vn -0.1391 -0.2259 0.9642
vn -0.2593 0.0560 0.9642
vn -0.3678 0.3754 0.8508
vn -0.3678 0.3753 0.8508
vn -0.4060 0.3591 0.8404
vn -0.4436 0.3430 0.8280
vn -0.4436 0.3429 0.8280
vn -0.4806 0.3272 0.8136
vn -0.4804 0.3273 0.8137
vn -0.3872 0.0015 0.9220
vn -0.2671 -0.2803 0.9220
vn -0.2670 -0.2804 0.9220
vn -0.7484 -0.1526 -0.6455
vn -0.7484 -0.1525 -0.6455
vn -0.4638 -0.7298 -0.5022
vn -0.4636 -0.7301 -0.5020
vn -0.4637 -0.7299 -0.5021
vn -0.4405 -0.7199 -0.5363
vn -0.7185 -0.1398 -0.6813
vn -0.7186 -0.1397 -0.6812
vn -0.7187 -0.1398 -0.6811
vn -0.7729 0.2026 -0.6013
vn -0.7994 0.1914 -0.5695
vn -0.7994 0.1913 -0.5695
vn -0.8244 0.1808 -0.5364
vn -0.8033 -0.1761 -0.5689
vn -0.8033 -0.1756 -0.5691
vn -0.6831 -0.4578 -0.5690
vn -0.0512 -0.1884 0.9808
vn -0.0510 -0.1884 0.9808
vn -0.0065 -0.1695 0.9855
vn -0.1713 0.0934 0.9808
vn 0.0551 -0.5088 0.8591
vn 0.0549 -0.5088 0.8591
vn 0.0938 -0.4922 0.8654
vn 0.1723 -0.4588 0.8717
vn 0.1723 -0.4589 0.8716
vn 0.0378 -0.1505 0.9879
vn 0.0377 -0.1506 0.9879
vn -0.2118 0.4418 0.8718
vn -0.2512 0.4251 0.8696
vn -0.2901 0.4082 0.8656
vn -0.2902 0.4085 0.8654
vn -0.2156 0.0747 0.9736
vn -0.7517 -0.4873 -0.4443
vn -0.7518 -0.4872 -0.4443
vn -0.7308 -0.4782 -0.4871
vn -0.7307 -0.4782 -0.4872
vn -0.7308 -0.4781 -0.4871
vn -0.8720 -0.2052 -0.4444
vn -0.8721 -0.2052 -0.4443
vn -0.8720 -0.2052 -0.4443
vn -0.8510 -0.1964 -0.4871
vn -0.8508 -0.1967 -0.4872
vn -0.8510 -0.1963 -0.4871
vn -0.5245 -0.7558 -0.3920
vn -0.5061 -0.7479 -0.4296
vn -0.5060 -0.7478 -0.4297
vn -0.5066 -0.7474 -0.4298
vn -0.4856 -0.7392 -0.4666
vn -0.7081 -0.4684 -0.5284
vn -0.8282 -0.1864 -0.5286
vn -0.8281 -0.1865 -0.5287
vn -0.8697 0.1612 -0.4664
vn -0.8899 0.1528 -0.4298
vn -0.9253 0.1373 -0.3534
vn -0.9253 0.1376 -0.3533
vn -0.8911 -0.2134 -0.4004
vn -0.7709 -0.4953 -0.4004
vn 0.1270 -0.1124 0.9855
vn 0.1713 -0.0935 0.9808
vn 0.0068 0.1695 0.9855
vn 0.0512 0.1884 0.9808
vn 0.0511 0.1884 0.9808
vn 0.0513 0.1884 0.9808
vn 0.2117 -0.4419 0.8717
vn 0.2510 -0.4251 0.8696
vn 0.2510 -0.4251 0.8697
vn 0.2901 -0.4082 0.8656
vn 0.2900 -0.4082 0.8656
vn 0.3288 -0.3920 0.8592
vn 0.3290 -0.3918 0.8592
vn 0.3291 -0.3918 0.8592
vn 0.2155 -0.0747 0.9736
vn 0.0953 0.2072 0.9736
vn 0.0954 0.2072 0.9736
vn -0.0549 0.5087 0.8592
vn -0.0939 0.4922 0.8654
vn -0.0938 0.4922 0.8654
vn -0.0934 0.4922 0.8654
vn -0.0937 0.4922 0.8654
vn -0.1330 0.4755 0.8696
vn -0.1723 0.4587 0.8717
vn -0.0373 0.1507 0.9879
vn -0.0377 0.1505 0.9879
vn 0.0824 -0.1314 0.9879
vn -0.8030 -0.5090 -0.3099
vn -0.8030 -0.5090 -0.3100
vn -0.9361 -0.2327 -0.2637
vn -0.9362 -0.2327 -0.2635
vn -0.9361 -0.2329 -0.2636
vn -0.5811 -0.7799 -0.2327
vn -0.5697 -0.7750 -0.2735
vn -0.7881 -0.5025 -0.3555
vn -0.9082 -0.2207 -0.3555
vn -0.9536 0.1255 -0.2735
vn -0.9651 0.1207 -0.2325
vn -0.9470 -0.2371 -0.2166
vn 0.3026 -0.0376 0.9524
vn 0.3451 -0.0192 0.9384
vn 0.3449 -0.0197 0.9384
vn 0.3451 -0.0195 0.9384
vn 0.3452 -0.0191 0.9383
vn 0.1823 0.2443 0.9524
vn 0.1824 0.2443 0.9524
vn 0.2249 0.2622 0.9385
vn 0.2250 0.2623 0.9384
vn 0.2250 0.2622 0.9384
vn 0.2247 0.2623 0.9385
vn 0.3677 -0.3753 0.8508
vn 0.3678 -0.3752 0.8509
vn 0.3678 -0.3753 0.8508
vn 0.4060 -0.3591 0.8404
vn 0.4436 -0.3430 0.8280
vn 0.4806 -0.3270 0.8137
vn 0.4806 -0.3272 0.8136
vn 0.4804 -0.3275 0.8136
vn 0.4806 -0.3273 0.8136
vn 0.3872 -0.0015 0.9220
vn 0.2670 0.2804 0.9220
vn 0.0967 0.5734 0.8136
vn 0.0967 0.5734 0.8135
vn 0.0596 0.5575 0.8280
vn 0.0596 0.5576 0.8280
vn 0.0220 0.5415 0.8404
vn -0.0162 0.5252 0.8508
vn 0.1391 0.2259 0.9642
vn 0.1391 0.2257 0.9642
vn 0.2593 -0.0560 0.9642
vn -0.6100 -0.7921 -0.0215
vn -0.6099 -0.7922 -0.0218
vn -0.6080 -0.7913 -0.0642
vn -0.6081 -0.7913 -0.0642
vn -0.6042 -0.7896 -0.1067
vn -0.6041 -0.7897 -0.1066
vn -0.6043 -0.7896 -0.1066
vn -0.5989 -0.7869 -0.1488
vn -0.5984 -0.7872 -0.1490
vn -0.5985 -0.7873 -0.1484
vn -0.8356 -0.5228 -0.1689
vn -0.8355 -0.5229 -0.1689
vn -0.8358 -0.5223 -0.1691
vn -0.9881 0.1107 -0.1067
vn -0.9881 0.1109 -0.1066
vn -0.9919 0.1092 -0.0642
vn -0.8487 -0.5283 -0.0243
vn -0.8486 -0.5284 -0.0242
vn 0.4688 0.0333 0.8827
vn 0.4688 0.0332 0.8827
vn 0.5085 0.0505 0.8596
vn 0.5081 0.0502 0.8598
vn 0.5081 0.0501 0.8598
vn 0.3485 0.3152 0.8827
vn 0.3486 0.3152 0.8827
vn 0.3880 0.3320 0.8598
vn 0.3883 0.3317 0.8598
vn 0.3879 0.3320 0.8598
vn 0.5171 -0.3118 0.7972
vn 0.5168 -0.3120 0.7972
vn 0.5170 -0.3117 0.7972
vn 0.5171 -0.3117 0.7972
vn 0.5527 -0.2965 0.7789
vn 0.5876 -0.2817 0.7585
vn 0.5873 -0.2817 0.7587
vn 0.6211 -0.2673 0.7367
vn 0.6211 -0.2673 0.7368
vn 0.5464 0.0663 0.8349
vn 0.5464 0.0664 0.8349
vn 0.5464 0.0665 0.8349
vn 0.4262 0.3483 0.8349
vn 0.4262 0.3481 0.8350
vn 0.2371 0.6333 0.7367
vn 0.2036 0.6189 0.7587
vn 0.2034 0.6190 0.7586
vn 0.2034 0.6188 0.7587
vn 0.2033 0.6189 0.7587
vn 0.1687 0.6040 0.7789
vn 0.1687 0.6041 0.7789
vn 0.1331 0.5889 0.7972
vn 0.3083 0.2980 0.9034
vn 0.4285 0.0161 0.9034
vn -0.8465 -0.5275 0.0727
vn -0.9667 -0.2455 0.0727
vn -0.5983 -0.7873 0.1490
vn -0.5984 -0.7872 0.1489
vn -0.5983 -0.7873 0.1488
vn -0.6042 -0.7897 0.1066
vn -0.6042 -0.7897 0.1067
vn -0.6041 -0.7897 0.1064
vn -0.8487 -0.5284 0.0243
vn -0.9688 -0.2465 0.0243
vn -0.9919 0.1092 0.0641
vn -0.9881 0.1108 0.1067
vn -0.9881 0.1109 0.1068
vn -0.9823 0.1134 0.1490
vn -0.8355 -0.5228 0.1692
vn -0.8357 -0.5227 0.1686
vn 0.6194 0.0975 0.7790
vn 0.6538 0.1122 0.7483
vn 0.6535 0.1123 0.7485
vn 0.6535 0.1118 0.7487
vn 0.6538 0.1124 0.7483
vn 0.4992 0.3794 0.7790
vn 0.5336 0.3941 0.7483
vn 0.5337 0.3940 0.7483
vn 0.6539 -0.2534 0.7129
vn 0.6855 -0.2399 0.6874
vn 0.6855 -0.2400 0.6874
vn 0.7159 -0.2269 0.6603
vn 0.7159 -0.2270 0.6602
vn 0.7451 -0.2145 0.6315
vn 0.7452 -0.2145 0.6314
vn 0.6869 0.1263 0.7157
vn 0.5667 0.4082 0.7157
vn 0.5668 0.4083 0.7156
vn 0.3611 0.6861 0.6316
vn 0.3319 0.6737 0.6602
vn 0.3319 0.6737 0.6603
vn 0.3015 0.6607 0.6874
vn 0.2699 0.6473 0.7129
vn 0.2699 0.6472 0.7129
vn 0.4634 0.3641 0.8079
vn 0.5835 0.0822 0.8079
vn 0.5835 0.0821 0.8079
vn 0.5835 0.0823 0.8079
vn -0.8031 -0.5088 0.3099
vn -0.8031 -0.5089 0.3099
vn -0.9361 -0.2326 0.2637
vn -0.9362 -0.2325 0.2636
vn -0.9362 -0.2324 0.2636
vn -0.5698 -0.7750 0.2735
vn -0.5700 -0.7749 0.2732
vn -0.8268 -0.5191 0.2167
vn -0.8268 -0.5191 0.2169
vn -0.9470 -0.2371 0.2166
vn -0.9470 -0.2373 0.2168
vn -0.9536 0.1255 0.2735
vn -0.9082 -0.2207 0.3557
vn -0.7881 -0.5025 0.3555
vn 0.7484 0.1525 0.6454
vn 0.7767 0.1646 0.6080
vn 0.7766 0.1646 0.6081
vn 0.6283 0.4344 0.6454
vn 0.6282 0.4344 0.6454
vn 0.6565 0.4465 0.6080
vn 0.7730 -0.2026 0.6012
vn 0.7994 -0.1913 0.5695
vn 0.7995 -0.1913 0.5694
vn 0.7994 -0.1913 0.5696
vn 0.8243 -0.1807 0.5365
vn 0.8478 -0.1706 0.5021
vn 0.8478 -0.1707 0.5021
vn 0.8033 0.1759 0.5690
vn 0.6831 0.4578 0.5690
vn 0.4639 0.7299 0.5021
vn 0.4638 0.7299 0.5021
vn 0.4640 0.7298 0.5021
vn 0.4639 0.7298 0.5021
vn 0.4403 0.7199 0.5365
vn 0.4154 0.7093 0.5695
vn 0.4154 0.7094 0.5694
vn 0.3889 0.6980 0.6012
vn 0.3890 0.6980 0.6012
vn 0.3890 0.6980 0.6013
vn 0.5983 0.4217 0.6814
vn 0.7184 0.1398 0.6814
vn 0.7183 0.1398 0.6815
vn 0.7185 0.1398 0.6814
vn -0.7308 -0.4782 0.4870
vn -0.7519 -0.4871 0.4442
vn -0.7518 -0.4872 0.4444
vn -0.7518 -0.4871 0.4443
vn -0.7519 -0.4871 0.4443
vn -0.8511 -0.1963 0.4869
vn -0.8510 -0.1963 0.4870
vn -0.8511 -0.1963 0.4870
vn -0.8720 -0.2054 0.4444
vn -0.8720 -0.2057 0.4443
vn -0.4857 -0.7393 0.4665
vn -0.4856 -0.7393 0.4665
vn -0.5059 -0.7479 0.4297
vn -0.7709 -0.4953 0.4004
vn -0.7709 -0.4952 0.4005
vn -0.8911 -0.2135 0.4005
vn -0.8281 -0.1865 0.5287
vn -0.7079 -0.4683 0.5287
vn 0.1712 -0.0934 0.9808
vn 0.0512 0.1883 0.9808
vn 0.0512 0.1885 0.9807
vn 0.3291 -0.3915 0.8593
vn 0.3292 -0.3918 0.8592
vn 0.3291 -0.3917 0.8592
vn 0.2902 -0.4084 0.8654
vn 0.2507 -0.4256 0.8695
vn 0.2510 -0.4252 0.8696
vn 0.2119 -0.4420 0.8716
vn 0.2122 -0.4421 0.8715
vn 0.2120 -0.4421 0.8716
vn 0.2114 -0.4418 0.8719
vn -0.1723 0.4588 0.8717
vn -0.0938 0.4921 0.8655
vn -0.0938 0.4921 0.8654
vn -0.0938 0.4920 0.8655
vn -0.0551 0.5087 0.8592
vn 0.2155 -0.0747 0.9737
vn 0.8510 0.1963 0.4870
vn 0.8720 0.2052 0.4443
vn 0.8720 0.2052 0.4444
vn 0.8721 0.2052 0.4443
vn 0.7308 0.4782 0.4870
vn 0.7309 0.4782 0.4870
vn 0.7519 0.4871 0.4442
vn 0.7519 0.4872 0.4442
vn 0.9084 -0.1449 0.3921
vn 0.9253 -0.1375 0.3534
vn 0.8911 0.2134 0.4004
vn 0.7708 0.4953 0.4007
vn 0.7709 0.4952 0.4005
vn 0.5413 0.7629 0.3535
vn 0.5058 0.7480 0.4297
vn 0.4857 0.7392 0.4665
vn 0.8281 0.1862 0.5288
vn -0.6284 -0.4346 0.6452
vn -0.6282 -0.4344 0.6454
vn -0.6282 -0.4343 0.6455
vn -0.6282 -0.4345 0.6454
vn -0.7485 -0.1526 0.6454
vn -0.7484 -0.1526 0.6454
vn -0.4406 -0.7200 0.5362
vn -0.4637 -0.7300 0.5021
vn -0.6831 -0.4578 0.5691
vn -0.8482 0.1702 0.5015
vn -0.8479 0.1707 0.5020
vn -0.8243 0.1806 0.5365
vn -0.7994 0.1914 0.5695
vn -0.7994 0.1913 0.5695
vn -0.7730 0.2027 0.6012
vn -0.7732 0.2021 0.6011
vn -0.7187 -0.1398 0.6811
vn -0.7187 -0.1395 0.6812
vn -0.7185 -0.1398 0.6813
vn -0.5982 -0.4217 0.6814
vn 0.3453 -0.0194 0.9383
vn 0.3452 -0.0194 0.9383
vn 0.3455 -0.0194 0.9382
vn 0.3026 -0.0377 0.9524
vn 0.3028 -0.0371 0.9523
vn 0.2250 0.2625 0.9383
vn 0.1825 0.2443 0.9524
vn 0.4436 -0.3431 0.8280
vn 0.4439 -0.3431 0.8278
vn 0.4060 -0.3590 0.8404
vn 0.3685 -0.3754 0.8505
vn 0.3679 -0.3753 0.8508
vn 0.2593 -0.0561 0.9642
vn -0.0161 0.5253 0.8508
vn -0.0160 0.5252 0.8508
vn -0.0162 0.5253 0.8508
vn 0.0221 0.5415 0.8404
vn 0.0592 0.5573 0.8282
vn 0.0966 0.5734 0.8136
vn 0.2678 0.2804 0.9218
vn 0.3873 -0.0015 0.9220
vn 0.3879 -0.0016 0.9217
vn 0.9232 0.2270 0.3100
vn 0.9361 0.2326 0.2639
vn 0.8030 0.5091 0.3099
vn 0.8031 0.5090 0.3099
vn 0.8030 0.5090 0.3099
vn 0.8159 0.5145 0.2636
vn 0.9403 -0.1315 0.3138
vn 0.9536 -0.1255 0.2735
vn 0.9746 -0.1166 0.1914
vn 0.5906 0.7840 0.1910
vn 0.5908 0.7838 0.1915
vn 0.5811 0.7799 0.2326
vn 0.7880 0.5027 0.3554
vn 0.7883 0.5021 0.3556
vn -0.4989 -0.3798 0.7790
vn -0.4989 -0.3795 0.7792
vn -0.6194 -0.0975 0.7790
vn -0.2699 -0.6472 0.7129
vn -0.3611 -0.6861 0.6315
vn -0.5666 -0.4081 0.7158
vn -0.7450 0.2145 0.6316
vn -0.7450 0.2145 0.6317
vn -0.7449 0.2145 0.6317
vn -0.7451 0.2145 0.6316
vn -0.7159 0.2268 0.6603
vn -0.7160 0.2268 0.6603
vn -0.5835 -0.0822 0.8079
vn -0.5836 -0.0822 0.8079
vn -0.4633 -0.3642 0.8079
vn -0.4633 -0.3641 0.8079
vn 0.5081 0.0502 0.8599
vn 0.4689 0.0332 0.8826
vn 0.4689 0.0333 0.8826
vn 0.6207 -0.2673 0.7371
vn 0.5873 -0.2817 0.7588
vn 0.5527 -0.2965 0.7788
vn 0.5171 -0.3115 0.7972
vn 0.2033 0.6188 0.7587
vn 0.2371 0.6332 0.7367
vn 0.9622 0.2439 0.1211
vn 0.9622 0.2439 0.1209
vn 0.9667 0.2455 0.0727
vn 0.9667 0.2455 0.0726
vn 0.8421 0.5256 0.1204
vn 0.8421 0.5255 0.1209
vn 0.9823 -0.1132 0.1492
vn 0.9920 -0.1088 0.0638
vn 0.9920 -0.1092 0.0640
vn 0.9920 -0.1092 0.0641
vn 0.9939 -0.1080 0.0212
vn 0.9939 -0.1080 0.0213
vn 0.9939 -0.1083 0.0214
vn 0.9689 0.2464 0.0243
vn 0.8485 0.5286 0.0243
vn 0.6099 0.7922 0.0215
vn 0.6079 0.7914 0.0642
vn 0.6041 0.7897 0.1066
vn 0.6041 0.7897 0.1065
vn 0.5983 0.7872 0.1495
vn 0.5983 0.7873 0.1492
vn 0.8356 0.5227 0.1689
vn 0.8356 0.5228 0.1690
vn 0.8355 0.5228 0.1689
vn -0.3486 -0.3151 0.8827
vn -0.3481 -0.3148 0.8830
vn -0.3485 -0.3151 0.8827
vn -0.3486 -0.3152 0.8827
vn -0.4689 -0.0333 0.8826
vn -0.4690 -0.0333 0.8826
vn -0.5080 -0.0501 0.8599
vn -0.2033 -0.6189 0.7587
vn -0.2371 -0.6332 0.7367
vn -0.6213 0.2673 0.7366
vn 0.4989 0.3797 0.7791
vn 0.4993 0.3793 0.7790
vn 0.7451 -0.2145 0.6316
vn 0.7450 -0.2145 0.6316
vn 0.7449 -0.2145 0.6318
vn 0.6855 -0.2399 0.6875
vn 0.6539 -0.2533 0.7129
vn 0.5834 0.0822 0.8080
vn 0.2698 0.6472 0.7129
vn 0.3017 0.6606 0.6874
vn 0.3016 0.6608 0.6872
vn 0.3611 0.6861 0.6315
vn 0.9667 0.2455 -0.0727
vn 0.9666 0.2457 -0.0727
vn 0.9623 0.2438 -0.1209
vn 0.9623 0.2437 -0.1209
vn 0.9623 0.2438 -0.1206
vn 0.9623 0.2436 -0.1208
vn 0.8423 0.5254 -0.1207
vn 0.8421 0.5256 -0.1208
vn 0.9939 -0.1083 -0.0213
vn 0.9939 -0.1081 -0.0211
vn 0.9939 -0.1081 -0.0213
vn 0.9939 -0.1086 -0.0214
vn 0.9920 -0.1092 -0.0640
vn 0.9823 -0.1135 -0.1490
vn 0.9823 -0.1134 -0.1489
vn 0.9558 0.2409 -0.1689
vn 0.8356 0.5228 -0.1689
vn 0.8355 0.5229 -0.1689
vn 0.5983 0.7872 -0.1492
vn 0.6041 0.7897 -0.1066
vn 0.6041 0.7897 -0.1065
vn 0.6079 0.7914 -0.0641
vn 0.6079 0.7914 -0.0642
vn 0.6097 0.7923 -0.0211
vn 0.6100 0.7921 -0.0214
vn 0.8487 0.5284 -0.0243
vn 0.8488 0.5282 -0.0244
vn 0.9689 0.2465 -0.0243
vn -0.3026 0.0374 0.9524
vn -0.3026 0.0375 0.9524
vn -0.3453 0.0194 0.9383
vn -0.3457 0.0194 0.9381
vn 0.0162 -0.5253 0.8508
vn -0.0221 -0.5415 0.8404
vn -0.0967 -0.5734 0.8136
vn -0.3873 0.0015 0.9220
vn -0.4435 0.3431 0.8280
vn -0.3677 0.3754 0.8508
vn -0.3676 0.3756 0.8508
vn 0.7485 0.1525 0.6454
vn 0.7485 0.1524 0.6454
vn 0.6565 0.4465 0.6079
vn 0.7994 -0.1914 0.5695
vn 0.7729 -0.2026 0.6014
vn 0.7729 -0.2026 0.6013
vn 0.7728 -0.2027 0.6014
vn 0.7729 -0.2027 0.6013
vn 0.7186 0.1398 0.6813
vn 0.7185 0.1398 0.6813
vn 0.4405 0.7199 0.5364
vn 0.4400 0.7201 0.5364
vn 0.4636 0.7300 0.5021
vn 0.8033 0.1761 0.5689
vn 0.3934 -0.9194 -0.0000
vn 0.3933 -0.9194 0.0001
vn 0.3932 -0.9195 0.0004
vn 0.3933 -0.9194 -0.0000
vn 0.3934 -0.9194 0.0001
vn 0.3934 -0.9194 -0.0001
vn 0.3931 -0.9195 0.0002
vn 0.3930 -0.9195 -0.0000
vn 0.3931 -0.9195 -0.0002
vn 0.3931 -0.9195 -0.0003
vn 0.3932 -0.9195 -0.0004
vn 0.3933 -0.9194 0.0002
vn 0.3929 -0.9196 -0.0000
vn 0.3932 -0.9195 -0.0001
vn 0.3710 0.9260 -0.0698
vn 0.3712 0.9259 -0.0695
vn 0.3709 0.9260 -0.0699
vn 0.3708 0.9261 -0.0699
vn 0.4335 0.1854 -0.8819
vn 0.4334 0.1857 -0.8819
vn 0.4336 0.1856 -0.8818
vn 0.4335 0.1854 -0.8818
vn 0.0901 0.0385 0.9952
vn 0.0901 0.0386 0.9952
vn -0.7107 -0.3039 0.6344
vn 0.2667 0.1142 -0.9570
vn 0.2668 0.1142 -0.9570
vn 0.2666 0.1142 -0.9570
vn 0.2667 0.1142 0.9570
vn 0.2670 0.1142 0.9569
vn 0.2668 0.1143 0.9570
vn -0.5835 -0.2497 0.7728
vn -0.5833 -0.2496 0.7729
vn -0.5833 -0.2496 0.7730
vn -0.5833 -0.2495 0.7730
vn 0.0901 0.0385 -0.9952
vn 0.4335 0.1854 0.8819
vn 0.4337 0.1854 0.8818
vn 0.4336 0.1854 0.8818
vn 0.4333 0.1854 0.8820
vn -0.4334 -0.1854 0.8819
vn -0.4327 -0.1852 0.8823
vn -0.4335 -0.1854 0.8819
vn -0.0901 -0.0385 -0.9952
vn 0.5832 0.2495 0.7731
vn 0.5834 0.2495 0.7729
vn 0.5832 0.2495 0.7730
vn -0.2669 -0.1142 0.9569
vn -0.2669 -0.1141 0.9570
vn -0.2670 -0.1143 0.9569
vn -0.2669 -0.1142 -0.9569
vn -0.2668 -0.1142 -0.9570
vn -0.2670 -0.1142 -0.9569
vn 0.7103 0.3040 0.6349
vn 0.7105 0.3044 0.6344
vn 0.7104 0.3042 0.6347
vn 0.7104 0.3039 0.6348
vn -0.0901 -0.0385 0.9952
vn -0.4338 -0.1857 -0.8817
vn -0.4334 -0.1853 -0.8819
vn -0.4334 -0.1854 -0.8819
vn -0.4339 -0.1857 -0.8816
vn 0.8106 0.3471 0.4716
vn 0.8109 0.3469 0.4713
vn 0.8108 0.3470 0.4713
vn 0.8111 0.3468 0.4710
vn -0.5832 -0.2495 -0.7730
vn -0.5835 -0.2496 -0.7728
vn -0.5829 -0.2494 -0.7733
vn 0.8799 0.3763 0.2902
vn -0.7108 -0.3041 -0.6343
vn -0.7109 -0.3041 -0.6342
vn -0.7106 -0.3041 -0.6344
vn -0.7107 -0.3041 -0.6344
vn 0.9150 0.3915 0.0978
vn 0.9150 0.3914 0.0981
vn 0.9148 0.3917 0.0982
vn 0.9147 0.3919 0.0986
vn -0.8108 -0.3469 -0.4715
vn -0.8106 -0.3466 -0.4719
vn -0.8107 -0.3468 -0.4716
vn 0.9151 0.3911 -0.0980
vn 0.9150 0.3914 -0.0980
vn 0.9150 0.3914 -0.0979
vn 0.9151 0.3913 -0.0974
vn -0.8798 -0.3764 -0.2902
vn -0.8797 -0.3765 -0.2904
vn -0.8797 -0.3768 -0.2902
vn 0.8799 0.3763 -0.2902
vn -0.9148 -0.3919 -0.0980
vn -0.9150 -0.3914 -0.0979
vn -0.9150 -0.3915 -0.0980
vn -0.9148 -0.3918 -0.0983
vn 0.8108 0.3470 -0.4713
vn 0.8107 0.3470 -0.4716
vn 0.8106 0.3471 -0.4716
vn 0.8111 0.3468 -0.4710
vn -0.9149 -0.3916 0.0980
vn -0.9150 -0.3914 0.0980
vn -0.9150 -0.3915 0.0978
vn -0.9150 -0.3914 0.0979
vn 0.7107 0.3043 -0.6342
vn 0.7112 0.3041 -0.6338
vn 0.7110 0.3042 -0.6340
vn 0.7107 0.3041 -0.6344
vn -0.8798 -0.3767 0.2899
vn -0.8798 -0.3766 0.2899
vn -0.8798 -0.3766 0.2902
vn -0.8798 -0.3764 0.2903
vn 0.5832 0.2494 -0.7731
vn -0.8107 -0.3468 0.4716
vn -0.8106 -0.3466 0.4719
vn -0.8108 -0.3468 0.4715
vn -0.8109 -0.3469 0.4713
vn 0.7199 -0.5999 -0.3491
vn 0.7199 -0.5997 -0.3494
vn 0.7198 -0.6002 -0.3487
vn 0.7196 -0.6004 -0.3489
vn -0.9011 0.3816 -0.2061
vn -0.9011 0.3815 -0.2061
vn -0.9011 0.3817 -0.2060
vn -0.9010 0.3817 -0.2059
vn 0.3465 0.9153 -0.2053
vn 0.3463 0.9153 -0.2057
vn 0.3464 0.9153 -0.2055
vn 0.3464 0.9154 -0.2051
vn -0.9261 0.3709 -0.0690
vn -0.9261 0.3709 -0.0693
vn -0.9261 0.3709 -0.0694
vn -0.9260 0.3709 -0.0698
vn 0.2975 0.8942 -0.3344
vn 0.2974 0.8944 -0.3342
vn 0.2974 0.8943 -0.3343
vn 0.2975 0.8941 -0.3347
vn -0.9261 0.3709 0.0693
vn -0.9261 0.3709 0.0695
vn -0.9260 0.3709 0.0699
vn 0.2261 0.8641 -0.4497
vn 0.2258 0.8642 -0.4497
vn 0.2266 0.8640 -0.4497
vn 0.2267 0.8640 -0.4497
vn -0.9010 0.3818 0.2058
vn -0.9009 0.3821 0.2060
vn -0.9011 0.3817 0.2058
vn -0.9010 0.3819 0.2059
vn 0.1359 0.8254 -0.5480
vn 0.1356 0.8255 -0.5479
vn 0.1360 0.8254 -0.5480
vn -0.8522 0.4026 0.3341
vn -0.8525 0.4022 0.3340
vn -0.8521 0.4028 0.3342
vn -0.8521 0.4027 0.3342
vn 0.0301 0.7799 -0.6252
vn 0.0297 0.7799 -0.6252
vn 0.0297 0.7800 -0.6251
vn 0.0297 0.7800 -0.6250
vn -0.2135 0.6758 0.7055
vn -0.7813 0.4328 0.4497
vn -0.7812 0.4330 0.4497
vn -0.7815 0.4324 0.4498
vn -0.7813 0.4331 0.4495
vn -0.0882 0.7291 -0.6787
vn -0.0882 0.7292 -0.6786
vn -0.0881 0.7294 0.6784
vn -0.0882 0.7294 0.6784
vn -0.6909 0.4716 0.5480
vn -0.6911 0.4714 0.5479
vn -0.6910 0.4714 0.5480
vn -0.2135 0.6758 -0.7055
vn -0.2139 0.6759 -0.7053
vn -0.2134 0.6758 -0.7055
vn 0.0297 0.7797 0.6255
vn 0.0301 0.7797 0.6255
vn 0.0299 0.7799 0.6252
vn 0.0298 0.7799 0.6252
vn -0.5846 0.5169 0.6254
vn -0.5845 0.5167 0.6256
vn -0.5846 0.5168 0.6254
vn -0.5847 0.5170 0.6252
vn -0.3415 0.6213 -0.7053
vn -0.3417 0.6214 -0.7051
vn -0.3413 0.6211 -0.7055
vn -0.3413 0.6211 -0.7056
vn 0.1361 0.8255 0.5477
vn 0.1361 0.8254 0.5479
vn 0.1360 0.8256 0.5476
vn -0.4667 0.5674 0.6785
vn -0.4665 0.5677 0.6783
vn -0.4667 0.5673 0.6785
vn -0.4666 0.5675 0.6784
vn -0.4664 0.5676 -0.6785
vn -0.4667 0.5675 -0.6783
vn -0.4666 0.5677 -0.6782
vn -0.4666 0.5675 -0.6785
vn 0.2262 0.8641 0.4497
vn 0.2263 0.8640 0.4497
vn 0.2261 0.8641 0.4497
vn 0.2257 0.8643 0.4494
vn -0.3413 0.6210 0.7056
vn -0.3413 0.6211 0.7055
vn -0.3413 0.6212 0.7055
vn -0.5846 0.5168 -0.6254
vn -0.5847 0.5171 -0.6250
vn -0.5845 0.5172 -0.6252
vn -0.5842 0.5168 -0.6258
vn 0.2970 0.8944 0.3345
vn 0.2969 0.8944 0.3344
vn 0.2974 0.8944 0.3342
vn -0.6909 0.4715 -0.5480
vn -0.6909 0.4715 -0.5481
vn -0.6908 0.4716 -0.5480
vn 0.3463 0.9153 0.2057
vn 0.3462 0.9154 0.2054
vn 0.3463 0.9152 0.2060
vn -0.7813 0.4329 -0.4497
vn -0.7813 0.4328 -0.4497
vn 0.3712 0.9260 0.0695
vn 0.3708 0.9261 0.0698
vn 0.3709 0.9261 0.0699
vn 0.3709 0.9260 0.0699
vn -0.8524 0.4022 -0.3343
vn -0.8521 0.4025 -0.3344
vn -0.8523 0.4024 -0.3342
vn -0.8523 0.4020 -0.3346
vn 0.2671 0.1142 -0.9569
vn 0.2668 0.1141 -0.9570
vn 0.2665 0.1139 -0.9571
vn -0.1559 -0.9748 0.1596
vn -0.1564 -0.9747 0.1597
vn -0.1559 -0.9748 0.1597
vn -0.1557 -0.9748 0.1598
vn 0.6491 -0.6305 -0.4256
vn 0.6494 -0.6303 -0.4254
vn 0.6493 -0.6303 -0.4256
vn 0.6494 -0.6304 -0.4254
vn -0.1177 -0.9586 0.2594
vn -0.1177 -0.9586 0.2593
vn 0.5669 -0.6657 -0.4853
vn 0.5669 -0.6657 -0.4852
vn 0.3776 -0.7468 0.5475
vn 0.3777 -0.7468 0.5474
vn 0.3779 -0.7463 0.5479
vn 0.3780 -0.7465 0.5476
vn -0.0624 -0.9350 0.3491
vn -0.0623 -0.9350 0.3492
vn -0.0625 -0.9350 0.3492
vn -0.0626 -0.9349 0.3493
vn 0.4753 -0.7049 -0.5266
vn 0.4753 -0.7049 -0.5265
vn 0.4753 -0.7049 0.5265
vn 0.4753 -0.7048 0.5266
vn 0.0074 -0.9050 0.4254
vn 0.0072 -0.9051 0.4251
vn 0.3780 -0.7465 -0.5476
vn 0.5675 -0.6653 0.4851
vn 0.5674 -0.6652 0.4854
vn 0.5669 -0.6658 0.4851
vn 0.5669 -0.6657 0.4852
vn 0.0900 -0.8697 0.4853
vn 0.0899 -0.8697 0.4853
vn 0.2792 -0.7885 -0.5479
vn 0.2789 -0.7889 -0.5475
vn 0.2793 -0.7888 -0.5476
vn 0.2789 -0.7889 -0.5476
vn 0.6494 -0.6304 0.4254
vn 0.1816 -0.8305 0.5266
vn 0.1815 -0.8305 0.5267
vn 0.1816 -0.8304 -0.5267
vn 0.1816 -0.8305 -0.5265
vn 0.1816 -0.8305 -0.5266
vn 0.7195 -0.6005 0.3489
vn 0.7195 -0.6005 0.3488
vn 0.7198 -0.6001 0.3490
vn 0.7194 -0.6005 0.3491
vn 0.2789 -0.7889 0.5476
vn 0.0899 -0.8697 -0.4853
vn 0.0900 -0.8697 -0.4853
vn 0.7745 -0.5770 0.2593
vn 0.7745 -0.5769 0.2594
vn 0.7746 -0.5767 0.2596
vn 0.7746 -0.5767 0.2598
vn 0.0069 -0.9050 -0.4253
vn 0.0071 -0.9050 -0.4253
vn 0.0071 -0.9049 -0.4256
vn 0.0069 -0.9048 -0.4257
vn 0.8124 -0.5608 0.1597
vn 0.8127 -0.5605 0.1596
vn 0.8125 -0.5607 0.1597
vn -0.0626 -0.9349 -0.3492
vn -0.0626 -0.9350 -0.3491
vn -0.0625 -0.9350 -0.3491
vn -0.0623 -0.9348 -0.3496
vn 0.8319 -0.5523 0.0539
vn 0.8318 -0.5525 0.0539
vn 0.8319 -0.5523 0.0540
vn 0.8320 -0.5521 0.0535
vn -0.1177 -0.9586 -0.2594
vn -0.1177 -0.9585 -0.2595
vn 0.8320 -0.5522 -0.0539
vn 0.8320 -0.5521 -0.0541
vn 0.8319 -0.5523 -0.0540
vn 0.8319 -0.5523 -0.0539
vn -0.1554 -0.9749 -0.1592
vn -0.1556 -0.9748 -0.1598
vn -0.1558 -0.9748 -0.1595
vn -0.1555 -0.9748 -0.1599
vn 0.8126 -0.5605 -0.1600
vn 0.8125 -0.5606 -0.1597
vn 0.8123 -0.5609 -0.1600
vn 0.8125 -0.5605 -0.1603
vn -0.1749 -0.9831 -0.0541
vn -0.1751 -0.9831 -0.0540
vn -0.1745 -0.9832 -0.0542
vn -0.1743 -0.9832 -0.0543
vn 0.7743 -0.5773 -0.2592
vn 0.7746 -0.5768 -0.2594
vn -0.1750 -0.9831 0.0540
vn -0.1749 -0.9831 0.0539
vn -0.1749 -0.9831 0.0543
vn -0.1750 -0.9831 0.0539
vn -0.4672 0.5720 -0.6742
vn -0.4672 0.5723 -0.6739
vn -0.4672 0.5718 -0.6743
vn 0.2671 0.1142 0.9569
vn 0.2665 0.1139 0.9571
vn 0.2671 0.1143 0.9569
vn -0.5832 -0.2495 0.7731
vn 0.0900 0.0386 -0.9952
vn 0.0903 0.0387 -0.9952
vn 0.0903 0.0386 -0.9952
vn 0.4334 0.1854 0.8819
vn 0.4335 0.1855 0.8819
vn 0.4337 0.1854 0.8817
vn -0.4338 -0.1855 0.8817
vn -0.4333 -0.1854 0.8820
vn -0.0904 -0.0387 -0.9952
vn -0.0903 -0.0387 -0.9952
vn 0.5835 0.2495 0.7729
vn 0.5833 0.2495 0.7730
vn 0.5828 0.2495 0.7734
vn -0.2670 -0.1142 0.9569
vn -0.2668 -0.1141 0.9570
vn -0.2669 -0.1143 -0.9569
vn -0.2670 -0.1143 -0.9569
vn -0.2664 -0.1141 -0.9571
vn 0.7107 0.3044 0.6342
vn 0.7107 0.3039 0.6344
vn -0.0904 -0.0387 0.9952
vn -0.0903 -0.0387 0.9952
vn -0.4335 -0.1854 -0.8819
vn -0.4331 -0.1854 -0.8821
vn 0.8108 0.3471 0.4714
vn 0.8106 0.3466 0.4720
vn 0.8107 0.3468 0.4718
vn -0.5832 -0.2495 -0.7731
vn 0.8799 0.3763 0.2900
vn 0.8800 0.3763 0.2897
vn 0.8799 0.3764 0.2902
vn -0.7108 -0.3041 -0.6342
vn 0.9150 0.3912 0.0986
vn -0.8106 -0.3471 -0.4717
vn -0.8109 -0.3468 -0.4714
vn -0.8107 -0.3469 -0.4716
vn -0.8109 -0.3469 -0.4712
vn 0.9150 0.3913 -0.0981
vn 0.9150 0.3915 -0.0976
vn -0.8798 -0.3766 -0.2901
vn -0.8798 -0.3764 -0.2903
vn -0.8798 -0.3763 -0.2905
vn -0.8797 -0.3761 -0.2908
vn 0.8800 0.3763 -0.2897
vn -0.9149 -0.3916 -0.0976
vn -0.9150 -0.3914 -0.0980
vn -0.9150 -0.3914 -0.0981
vn -0.9150 -0.3913 -0.0981
vn 0.8108 0.3471 -0.4714
vn 0.8108 0.3473 -0.4711
vn 0.8109 0.3470 -0.4713
vn 0.8107 0.3468 -0.4716
vn -0.9150 -0.3914 0.0981
vn -0.9151 -0.3913 0.0974
vn -0.9149 -0.3916 0.0982
vn -0.9150 -0.3914 0.0978
vn 0.7107 0.3044 -0.6342
vn -0.8799 -0.3764 0.2901
vn -0.8800 -0.3763 0.2897
vn -0.8797 -0.3765 0.2905
vn -0.8795 -0.3767 0.2908
vn 0.5828 0.2494 -0.7734
vn 0.5832 0.2495 -0.7730
vn 0.5829 0.2495 -0.7733
vn 0.5830 0.2494 -0.7733
vn -0.8107 -0.3469 0.4717
vn -0.8108 -0.3469 0.4715
vn 0.4334 0.1854 -0.8820
vn 0.4334 0.1854 -0.8819
vn 0.4333 0.1854 -0.8820
vn 0.0903 0.0386 0.9952
vn 0.0903 0.0387 0.9952
vn -0.7108 -0.3041 0.6342
vn -0.2939 -0.8226 -0.4868
vn -0.2938 -0.8226 -0.4869
vn -0.2940 -0.8225 -0.4868
vn 0.2220 0.8666 0.4470
vn 0.2216 0.8666 0.4472
vn 0.2220 0.8665 0.4470
vn 0.2219 0.8664 0.4472
vn -0.3426 0.6252 0.7013
vn -0.3426 0.6252 0.7012
vn -0.3424 0.6252 0.7013
vn -0.5845 0.5217 -0.6215
vn 0.2922 0.8969 0.3320
vn 0.2923 0.8969 0.3320
vn -0.6900 0.4767 -0.5447
vn -0.6899 0.4766 -0.5448
vn -0.6900 0.4765 -0.5448
vn -0.6901 0.4766 -0.5446
vn 0.3410 0.9176 0.2044
vn 0.3412 0.9174 0.2046
vn 0.3410 0.9176 0.2043
vn 0.3409 0.9176 0.2046
vn -0.7799 0.4378 -0.4473
vn -0.7799 0.4378 -0.4474
vn -0.7800 0.4378 -0.4472
vn -0.7800 0.4380 -0.4469
vn 0.3654 0.9283 0.0690
vn 0.3650 0.9285 0.0686
vn 0.3655 0.9282 0.0691
vn 0.3659 0.9281 0.0695
vn -0.8505 0.4079 -0.3322
vn -0.8503 0.4079 -0.3325
vn -0.8504 0.4079 -0.3322
vn 0.3655 0.9282 -0.0689
vn 0.3657 0.9282 -0.0691
vn 0.3654 0.9283 -0.0690
vn 0.3654 0.9283 -0.0692
vn -0.8991 0.3871 -0.2045
vn -0.8991 0.3869 -0.2047
vn -0.8991 0.3870 -0.2046
vn 0.3409 0.9176 -0.2046
vn 0.3412 0.9174 -0.2049
vn 0.3411 0.9174 -0.2048
vn 0.3409 0.9176 -0.2045
vn -0.9238 0.3766 -0.0692
vn -0.9238 0.3766 -0.0694
vn -0.9237 0.3767 -0.0692
vn -0.9239 0.3764 -0.0691
vn 0.2923 0.8968 -0.3322
vn 0.2918 0.8971 -0.3318
vn 0.2921 0.8969 -0.3321
vn -0.9238 0.3766 0.0692
vn -0.9237 0.3768 0.0693
vn -0.9236 0.3770 0.0692
vn 0.2217 0.8666 -0.4470
vn 0.2217 0.8669 -0.4465
vn 0.2213 0.8669 -0.4466
vn -0.8989 0.3877 0.2040
vn -0.8991 0.3871 0.2045
vn -0.8990 0.3873 0.2044
vn -0.8990 0.3873 0.2045
vn 0.1317 0.8281 -0.5450
vn 0.1319 0.8281 -0.5448
vn 0.1317 0.8281 -0.5449
vn 0.1319 0.8282 -0.5447
vn -0.8505 0.4078 0.3323
vn -0.8504 0.4079 0.3322
vn -0.8505 0.4078 0.3321
vn 0.0261 0.7830 -0.6215
vn 0.0262 0.7830 -0.6214
vn 0.0264 0.7830 -0.6215
vn 0.0267 0.7829 -0.6215
vn -0.2156 0.6794 0.7014
vn -0.2156 0.6795 0.7013
vn -0.2155 0.6793 0.7015
vn -0.2153 0.6792 0.7017
vn -0.7799 0.4381 0.4470
vn -0.7800 0.4379 0.4471
vn -0.7799 0.4380 0.4471
vn -0.0915 0.7327 -0.6744
vn -0.0917 0.7327 -0.6743
vn -0.0914 0.7326 -0.6745
vn -0.0908 0.7326 0.6746
vn -0.0913 0.7327 0.6744
vn -0.0908 0.7325 0.6747
vn -0.0910 0.7327 0.6744
vn -0.6901 0.4766 0.5447
vn -0.6901 0.4765 0.5447
vn -0.6903 0.4763 0.5447
vn -0.6901 0.4766 0.5446
vn -0.2152 0.6795 -0.7014
vn -0.2156 0.6795 -0.7013
vn -0.2152 0.6796 -0.7014
vn -0.2153 0.6792 -0.7017
vn 0.0264 0.7829 0.6215
vn 0.0263 0.7829 0.6215
vn 0.0264 0.7829 0.6216
vn 0.0263 0.7830 0.6215
vn -0.5842 0.5217 0.6217
vn -0.5845 0.5216 0.6215
vn -0.5849 0.5215 0.6213
vn -0.5844 0.5217 0.6215
vn -0.3423 0.6252 -0.7014
vn -0.3426 0.6253 -0.7012
vn -0.3426 0.6252 -0.7012
vn 0.1319 0.8282 0.5446
vn 0.1319 0.8283 0.5446
vn 0.1319 0.8282 0.5447
vn -0.4674 0.5716 0.6744
vn -0.4671 0.5719 0.6744
vn -0.4675 0.5717 0.6742
vn -0.4670 0.5716 0.6747
vn -0.9149 -0.3915 -0.0983
vn -0.9148 -0.3918 -0.0979
vn -0.9148 -0.3920 -0.0975
vn 0.9546 -0.2881 0.0753
vn 0.9546 -0.2881 0.0754
vn -0.3709 -0.8552 -0.3621
vn -0.3706 -0.8554 -0.3618
vn 0.9547 -0.2881 -0.0751
vn 0.9547 -0.2880 -0.0752
vn 0.9546 -0.2881 -0.0754
vn 0.9546 -0.2881 -0.0753
vn -0.4236 -0.8780 -0.2230
vn -0.4234 -0.8780 -0.2231
vn -0.4237 -0.8779 -0.2230
vn 0.9276 -0.3000 -0.2226
vn 0.9276 -0.2998 -0.2228
vn 0.9276 -0.2999 -0.2226
vn 0.9276 -0.2999 -0.2227
vn -0.4509 -0.8894 -0.0754
vn -0.4508 -0.8895 -0.0753
vn -0.4510 -0.8893 -0.0758
vn -0.4508 -0.8894 -0.0757
vn 0.8748 -0.3222 -0.3619
vn 0.8746 -0.3224 -0.3620
vn 0.8748 -0.3220 -0.3618
vn -0.4510 -0.8893 0.0758
vn -0.4506 -0.8895 0.0753
vn -0.4509 -0.8894 0.0756
vn -0.4509 -0.8894 0.0754
vn 0.7975 -0.3551 -0.4877
vn 0.7976 -0.3552 -0.4875
vn 0.7976 -0.3551 -0.4876
vn -0.4238 -0.8779 0.2229
vn -0.4237 -0.8779 0.2229
vn -0.4238 -0.8779 0.2230
vn 0.6999 -0.3970 -0.5938
vn 0.6999 -0.3971 -0.5936
vn 0.6998 -0.3970 -0.5939
vn 0.6997 -0.3969 -0.5941
vn -0.3710 -0.8551 0.3620
vn -0.3711 -0.8551 0.3621
vn -0.3710 -0.8552 0.3620
vn -0.3710 -0.8552 0.3619
vn 0.5848 -0.4463 -0.6773
vn 0.5848 -0.4464 -0.6773
vn 0.5853 -0.4460 -0.6771
vn 0.3206 -0.5592 0.7646
vn 0.3211 -0.5592 0.7643
vn 0.3211 -0.5593 0.7642
vn 0.3212 -0.5594 0.7642
vn -0.2940 -0.8221 0.4876
vn -0.2939 -0.8222 0.4874
vn -0.2940 -0.8223 0.4873
vn -0.2941 -0.8220 0.4876
vn 0.4570 -0.5010 -0.7350
vn 0.4572 -0.5011 -0.7348
vn 0.4568 -0.5009 -0.7352
vn 0.4569 -0.5010 0.7350
vn 0.4571 -0.5007 0.7351
vn 0.4569 -0.5011 0.7350
vn -0.1963 -0.7802 0.5939
vn -0.1961 -0.7804 0.5937
vn -0.1962 -0.7804 0.5937
vn -0.1960 -0.7804 0.5937
vn 0.3212 -0.5594 -0.7642
vn 0.5848 -0.4464 0.6773
vn 0.5843 -0.4467 0.6775
vn 0.5852 -0.4464 0.6770
vn -0.0806 -0.7311 0.6775
vn -0.0806 -0.7316 0.6770
vn -0.0806 -0.7310 0.6776
vn -0.0810 -0.7312 0.6774
vn 0.1827 -0.6183 -0.7644
vn 0.1826 -0.6185 -0.7643
vn 0.1827 -0.6184 -0.7643
vn 0.6999 -0.3971 0.5937
vn 0.6999 -0.3972 0.5936
vn 0.7001 -0.3973 0.5933
vn 0.6999 -0.3971 0.5936
vn 0.0469 -0.6763 0.7351
vn 0.0470 -0.6759 0.7355
vn 0.0468 -0.6764 0.7350
vn 0.0467 -0.6769 0.7346
vn 0.0470 -0.6765 -0.7350
vn 0.0468 -0.6765 -0.7350
vn 0.0469 -0.6765 -0.7350
vn 0.0466 -0.6765 -0.7350
vn 0.7976 -0.3553 0.4874
vn 0.7976 -0.3554 0.4873
vn 0.7976 -0.3551 0.4876
vn 0.7977 -0.3553 0.4872
vn 0.1826 -0.6182 0.7645
vn 0.1827 -0.6184 0.7643
vn -0.0806 -0.7315 -0.6770
vn -0.0809 -0.7313 -0.6772
vn -0.0811 -0.7312 -0.6774
vn -0.0810 -0.7312 -0.6773
vn 0.8745 -0.3224 0.3624
vn 0.8746 -0.3224 0.3622
vn 0.8746 -0.3224 0.3620
vn 0.8746 -0.3223 0.3621
vn -0.1962 -0.7803 -0.5938
vn -0.1962 -0.7804 -0.5937
vn -0.1958 -0.7806 -0.5935
vn 0.9277 -0.3001 0.2221
vn 0.9277 -0.2997 0.2227
vn 0.9276 -0.2999 0.2227
vn -0.8745 0.3110 0.3723
vn -0.8744 0.3110 0.3723
vn 0.8107 0.3470 -0.4715
vn 0.8107 0.3469 -0.4716
vn -0.9148 -0.3918 0.0980
vn -0.9149 -0.3915 0.0984
vn -0.9149 -0.3916 0.0979
vn 0.7106 0.3040 -0.6345
vn 0.7107 0.3040 -0.6345
vn -0.8798 -0.3763 0.2904
vn -0.8798 -0.3763 0.2905
vn 0.5833 0.2495 -0.7730
vn 0.5834 0.2495 -0.7729
vn -0.8107 -0.3470 0.4716
vn -0.8107 -0.3469 0.4716
vn 0.4332 0.1853 -0.8821
vn 0.0907 0.0388 0.9951
vn -0.7108 -0.3041 0.6343
vn -0.7111 -0.3042 0.6339
vn 0.2669 0.1141 -0.9569
vn 0.2669 0.1142 -0.9569
vn 0.2669 0.1141 -0.9570
vn 0.2668 0.1140 -0.9570
vn 0.2669 0.1141 0.9569
vn 0.2668 0.1140 0.9570
vn 0.2669 0.1141 0.9570
vn 0.2669 0.1142 0.9569
vn -0.5830 -0.2494 0.7732
vn 0.0907 0.0388 -0.9951
vn 0.4335 0.1855 0.8818
vn 0.4332 0.1853 0.8821
vn -0.4335 -0.1855 0.8818
vn -0.4332 -0.1853 0.8821
vn -0.0906 -0.0387 -0.9951
vn -0.0902 -0.0386 -0.9952
vn -0.0901 -0.0386 -0.9952
vn 0.5830 0.2494 0.7732
vn -0.2671 -0.1143 0.9569
vn -0.2668 -0.1141 -0.9570
vn -0.2672 -0.1145 -0.9568
vn 0.7107 0.3041 0.6344
vn 0.7106 0.3041 0.6345
vn -0.0899 -0.0386 0.9952
vn -0.0901 -0.0386 0.9952
vn -0.0906 -0.0387 0.9951
vn -0.4335 -0.1855 -0.8818
vn -0.4332 -0.1853 -0.8821
vn 0.8106 0.3472 0.4715
vn 0.8107 0.3469 0.4716
vn 0.8105 0.3469 0.4719
vn 0.8107 0.3474 0.4713
vn -0.5833 -0.2495 -0.7730
vn -0.5834 -0.2495 -0.7729
vn -0.5834 -0.2496 -0.7729
vn 0.8798 0.3766 0.2901
vn 0.8798 0.3763 0.2905
vn 0.8798 0.3765 0.2901
vn 0.8798 0.3766 0.2899
vn -0.7106 -0.3040 -0.6345
vn -0.7107 -0.3043 -0.6342
vn -0.7107 -0.3040 -0.6345
vn 0.9150 0.3914 0.0982
vn 0.9149 0.3913 0.0988
vn 0.9150 0.3914 0.0980
vn -0.8109 -0.3469 -0.4713
vn -0.8107 -0.3469 -0.4715
vn 0.9150 0.3914 -0.0982
vn 0.9150 0.3914 -0.0981
vn 0.9149 0.3914 -0.0987
vn -0.8798 -0.3763 -0.2904
vn 0.8799 0.3766 -0.2897
vn 0.8796 0.3769 -0.2904
vn 0.8797 0.3767 -0.2901
vn 0.8798 0.3764 -0.2903
vn -0.2983 -0.9368 -0.1829
vn -0.2983 -0.9367 -0.1835
vn -0.2979 -0.9369 -0.1829
vn -0.2983 -0.9368 -0.1828
vn -0.0224 0.8395 -0.5429
vn -0.0225 0.8395 -0.5429
vn -0.0224 0.8395 -0.5430
vn -0.2115 0.7087 0.6731
vn -0.2114 0.7086 0.6732
vn -0.7921 0.3575 0.4948
vn -0.7921 0.3575 0.4947
vn -0.1085 0.7781 -0.6187
vn -0.1084 0.7781 -0.6187
vn -0.1083 0.7782 0.6186
vn -0.1085 0.7781 0.6187
vn -0.1082 0.7785 0.6183
vn -0.6898 0.4161 0.5925
vn -0.2115 0.7087 -0.6731
vn -0.2115 0.7090 -0.6728
vn -0.0225 0.8395 0.5429
vn -0.5737 0.4840 0.6608
vn -0.3275 0.6340 -0.7005
vn -0.3274 0.6340 -0.7006
vn 0.0447 0.8905 0.4527
vn 0.0445 0.8906 0.4525
vn 0.0447 0.8906 0.4525
vn -0.4505 0.5579 0.6970
vn -0.4505 0.5578 0.6970
vn -0.4505 0.5579 -0.6970
vn 0.0930 0.9306 0.3539
vn 0.0930 0.9305 0.3542
vn -0.3274 0.6340 0.7006
vn -0.5737 0.4840 -0.6608
vn 0.1251 0.9596 0.2519
vn 0.1251 0.9596 0.2522
vn -0.6898 0.4161 -0.5925
vn 0.1440 0.9781 0.1505
vn -0.7921 0.3575 -0.4948
vn 0.1523 0.9871 0.0497
vn 0.1526 0.9870 0.0500
vn 0.1526 0.9870 0.0501
vn -0.8745 0.3110 -0.3723
vn -0.8744 0.3110 -0.3723
vn 0.1528 0.9870 -0.0497
vn 0.1526 0.9870 -0.0500
vn 0.1524 0.9871 -0.0500
vn -0.9321 0.2789 -0.2311
vn -0.9321 0.2788 -0.2312
vn -0.9321 0.2787 -0.2314
vn 0.1440 0.9781 -0.1505
vn -0.9617 0.2626 -0.0783
vn -0.9618 0.2623 -0.0785
vn -0.9617 0.2624 -0.0787
vn -0.9617 0.2626 -0.0781
vn 0.1251 0.9596 -0.2522
vn -0.9617 0.2627 0.0787
vn -0.9618 0.2623 0.0784
vn -0.9618 0.2624 0.0784
vn 0.0930 0.9306 -0.3539
vn 0.0931 0.9306 -0.3540
vn -0.9321 0.2788 0.2312
vn 0.0449 0.8907 -0.4524
vn 0.0445 0.8907 -0.4525
vn 0.0445 0.8907 -0.4523
vn 0.0445 0.8906 -0.4525
vn -0.8986 -0.3290 0.2903
vn 0.8334 -0.5217 -0.1825
vn 0.8333 -0.5216 -0.1829
vn 0.8332 -0.5220 -0.1826
vn -0.3208 -0.9451 -0.0618
vn -0.3206 -0.9452 -0.0619
vn -0.3210 -0.9451 -0.0617
vn 0.7888 -0.5382 -0.2968
vn 0.7890 -0.5377 -0.2972
vn 0.7889 -0.5380 -0.2970
vn -0.3210 -0.9451 0.0617
vn -0.3207 -0.9452 0.0617
vn -0.3208 -0.9451 0.0618
vn 0.7245 -0.5617 -0.3996
vn 0.7246 -0.5613 -0.3999
vn 0.7248 -0.5613 -0.3995
vn -0.2980 -0.9369 0.1830
vn -0.2981 -0.9369 0.1827
vn -0.2985 -0.9367 0.1828
vn -0.2983 -0.9367 0.1835
vn 0.6425 -0.5918 -0.4868
vn 0.6428 -0.5914 -0.4869
vn 0.6424 -0.5919 -0.4867
vn -0.2543 -0.9206 0.2965
vn -0.2546 -0.9206 0.2961
vn -0.2542 -0.9206 0.2966
vn -0.2543 -0.9206 0.2963
vn 0.5461 -0.6273 -0.5553
vn 0.5461 -0.6272 -0.5553
vn 0.3254 -0.7082 0.6266
vn 0.3255 -0.7082 0.6265
vn 0.3253 -0.7081 0.6267
vn -0.1897 -0.8969 0.3995
vn -0.1897 -0.8968 0.3996
vn 0.4389 -0.6667 -0.6024
vn 0.4389 -0.6664 -0.6027
vn 0.4390 -0.6664 -0.6026
vn 0.4390 -0.6664 -0.6027
vn 0.4389 -0.6667 0.6023
vn 0.4389 -0.6668 0.6023
vn 0.4390 -0.6667 0.6023
vn 0.4390 -0.6666 0.6024
vn -0.1072 -0.8669 0.4868
vn -0.1076 -0.8669 0.4868
vn -0.1073 -0.8669 0.4868
vn -0.1068 -0.8670 0.4868
vn 0.3254 -0.7080 -0.6268
vn 0.3253 -0.7081 -0.6267
vn 0.3252 -0.7082 -0.6267
vn 0.5461 -0.6273 0.5552
vn 0.5461 -0.6272 0.5553
vn 0.5460 -0.6272 0.5555
vn 0.5460 -0.6273 0.5553
vn -0.0113 -0.8314 0.5556
vn -0.0114 -0.8313 0.5557
vn -0.0115 -0.8317 0.5552
vn -0.0113 -0.8317 0.5551
vn 0.2093 -0.7506 -0.6268
vn 0.2093 -0.7506 -0.6267
vn 0.2088 -0.7506 -0.6269
vn 0.2090 -0.7504 -0.6271
vn 0.6425 -0.5914 0.4872
vn 0.6424 -0.5916 0.4872
vn 0.6425 -0.5917 0.4869
vn 0.6427 -0.5912 0.4872
vn 0.0959 -0.7922 0.6026
vn 0.0961 -0.7924 0.6024
vn 0.0958 -0.7923 0.6026
vn 0.0960 -0.7923 -0.6026
vn 0.0964 -0.7922 -0.6026
vn 0.0958 -0.7923 -0.6025
vn 0.7245 -0.5617 0.3995
vn 0.7244 -0.5618 0.3995
vn 0.2093 -0.7507 0.6265
vn 0.2095 -0.7508 0.6264
vn 0.2094 -0.7507 0.6265
vn 0.2092 -0.7507 0.6267
vn -0.0113 -0.8316 -0.5553
vn -0.0112 -0.8316 -0.5552
vn -0.0114 -0.8316 -0.5553
vn -0.0110 -0.8317 -0.5551
vn 0.7889 -0.5380 0.2970
vn 0.7889 -0.5381 0.2969
vn 0.7888 -0.5382 0.2969
vn -0.1077 -0.8669 -0.4868
vn -0.1073 -0.8669 -0.4868
vn -0.1078 -0.8668 -0.4868
vn 0.8334 -0.5216 0.1826
vn 0.8332 -0.5218 0.1828
vn 0.8334 -0.5215 0.1826
vn 0.8331 -0.5220 0.1828
vn -0.1895 -0.8968 -0.3998
vn -0.1895 -0.8967 -0.4000
vn -0.1894 -0.8969 -0.3997
vn -0.1895 -0.8970 -0.3994
vn 0.8557 -0.5137 0.0617
vn 0.8558 -0.5137 0.0613
vn 0.8558 -0.5135 0.0616
vn -0.2541 -0.9205 -0.2967
vn -0.2541 -0.9206 -0.2966
vn 0.8555 -0.5140 -0.0622
vn 0.8557 -0.5137 -0.0619
vn 0.8555 -0.5140 -0.0621
vn 0.8554 -0.5142 -0.0619
vn -0.6722 0.4089 0.6172
vn -0.6723 0.4089 0.6172
vn 0.5957 0.2184 -0.7729
vn 0.5960 0.2184 -0.7727
vn 0.5963 0.2184 -0.7725
vn -0.8280 -0.3036 0.4714
vn 0.4426 0.1622 -0.8819
vn 0.4422 0.1623 -0.8821
vn 0.4428 0.1621 -0.8818
vn 0.0919 0.0337 0.9952
vn 0.0920 0.0337 0.9952
vn 0.0921 0.0337 0.9952
vn -0.7258 -0.2661 0.6344
vn -0.7257 -0.2661 0.6344
vn -0.7260 -0.2661 0.6341
vn 0.2726 0.0999 -0.9569
vn 0.2727 0.0999 -0.9569
vn 0.2722 0.0999 -0.9571
vn 0.2730 0.1002 0.9568
vn 0.2725 0.0999 0.9570
vn -0.5954 -0.2184 0.7732
vn -0.5952 -0.2183 0.7733
vn -0.5953 -0.2183 0.7733
vn -0.5954 -0.2185 0.7732
vn 0.0922 0.0338 -0.9952
vn 0.4424 0.1621 0.8820
vn 0.4427 0.1624 0.8818
vn 0.4426 0.1623 0.8819
vn 0.4423 0.1620 0.8821
vn -0.4427 -0.1622 0.8819
vn -0.4428 -0.1621 0.8818
vn -0.4425 -0.1622 0.8820
vn -0.4424 -0.1622 0.8820
vn -0.0922 -0.0338 -0.9952
vn -0.0923 -0.0338 -0.9952
vn 0.5955 0.2181 0.7732
vn 0.5955 0.2181 0.7731
vn -0.2729 -0.0999 0.9568
vn -0.2726 -0.0999 0.9569
vn -0.2725 -0.0999 -0.9570
vn -0.2726 -0.0999 -0.9569
vn -0.2725 -0.0999 -0.9569
vn 0.7256 0.2662 0.6345
vn 0.7257 0.2662 0.6345
vn 0.7261 0.2659 0.6341
vn -0.0920 -0.0337 0.9952
vn -0.0921 -0.0337 0.9952
vn -0.0919 -0.0337 0.9952
vn -0.4425 -0.1622 -0.8820
vn -0.4428 -0.1621 -0.8818
vn -0.4427 -0.1622 -0.8819
vn -0.4424 -0.1622 -0.8820
vn 0.8280 0.3037 0.4714
vn 0.8280 0.3036 0.4714
vn -0.5961 -0.2186 -0.7726
vn -0.5956 -0.2184 -0.7730
vn -0.5960 -0.2187 -0.7726
vn -0.5962 -0.2186 -0.7725
vn 0.8987 0.3291 0.2899
vn -0.7258 -0.2658 -0.6345
vn -0.7256 -0.2655 -0.6348
vn -0.7260 -0.2662 -0.6341
vn -0.7258 -0.2662 -0.6343
vn 0.9343 0.3425 0.0984
vn 0.9343 0.3428 0.0979
vn 0.9343 0.3426 0.0983
vn 0.9344 0.3425 0.0980
vn -0.8280 -0.3036 -0.4714
vn -0.8282 -0.3031 -0.4714
vn -0.8282 -0.3031 -0.4715
vn -0.8280 -0.3037 -0.4713
vn 0.9344 0.3425 -0.0981
vn 0.9344 0.3424 -0.0984
vn 0.9343 0.3426 -0.0982
vn 0.9344 0.3424 -0.0980
vn -0.8986 -0.3290 -0.2903
vn 0.8985 0.3293 -0.2902
vn 0.8987 0.3291 -0.2899
vn -0.9344 -0.3425 -0.0980
vn -0.9344 -0.3426 -0.0978
vn -0.9344 -0.3426 -0.0979
vn -0.9344 -0.3425 -0.0982
vn 0.8280 0.3036 -0.4714
vn 0.8280 0.3037 -0.4713
vn -0.9344 -0.3424 0.0981
vn -0.9344 -0.3426 0.0979
vn -0.9344 -0.3425 0.0982
vn -0.9344 -0.3425 0.0980
vn 0.7256 0.2657 -0.6348
vn 0.7257 0.2660 -0.6345
vn 0.1505 -0.7276 0.6693
vn 0.1506 -0.7276 0.6692
vn -0.1561 0.6844 -0.7122
vn 0.0545 0.8122 0.5808
vn 0.0545 0.8123 0.5807
vn -0.5483 0.4720 0.6904
vn -0.5482 0.4720 0.6904
vn -0.2828 0.6131 -0.7377
vn 0.1311 0.8636 0.4869
vn 0.1313 0.8636 0.4867
vn 0.1315 0.8636 0.4867
vn -0.4159 0.5411 0.7309
vn -0.4159 0.5411 -0.7309
vn 0.1880 0.9046 0.3826
vn 0.1880 0.9046 0.3827
vn 0.1881 0.9047 0.3823
vn -0.2828 0.6131 0.7377
vn -0.5482 0.4720 -0.6904
vn 0.2264 0.9348 0.2737
vn 0.2266 0.9347 0.2739
vn 0.2264 0.9348 0.2738
vn -0.6721 0.4089 -0.6173
vn -0.6722 0.4089 -0.6172
vn 0.2499 0.9543 0.1639
vn 0.2499 0.9543 0.1640
vn -0.7807 0.3549 -0.5143
vn 0.2604 0.9639 0.0551
vn 0.2606 0.9639 0.0546
vn 0.2606 0.9639 0.0547
vn -0.8679 0.3122 -0.3864
vn 0.2605 0.9639 -0.0550
vn 0.2606 0.9639 -0.0546
vn -0.9288 0.2828 -0.2396
vn -0.9288 0.2828 -0.2397
vn 0.2499 0.9543 -0.1640
vn 0.2499 0.9543 -0.1639
vn -0.9601 0.2675 -0.0814
vn -0.9601 0.2677 -0.0812
vn -0.9601 0.2674 -0.0816
vn -0.9601 0.2675 -0.0817
vn 0.2266 0.9347 -0.2738
vn 0.2266 0.9347 -0.2739
vn 0.2267 0.9346 -0.2740
vn -0.9601 0.2676 0.0812
vn -0.9601 0.2677 0.0812
vn -0.9601 0.2676 0.0817
vn -0.9601 0.2675 0.0812
vn 0.1877 0.9047 -0.3824
vn 0.1880 0.9045 -0.3827
vn 0.1878 0.9046 -0.3827
vn 0.1880 0.9046 -0.3827
vn -0.9288 0.2828 0.2396
vn 0.1313 0.8636 -0.4867
vn 0.1316 0.8637 -0.4865
vn -0.8679 0.3122 0.3864
vn 0.0545 0.8123 -0.5807
vn 0.0546 0.8123 -0.5807
vn -0.1562 0.6844 0.7122
vn -0.1561 0.6844 0.7122
vn -0.7807 0.3549 0.5143
vn -0.0422 0.7518 -0.6580
vn -0.0421 0.7518 -0.6580
vn -0.0421 0.7518 0.6580
vn -0.0423 0.7518 0.6580
vn -0.8444 -0.2545 -0.4715
vn -0.8444 -0.2545 -0.4714
vn -0.8444 -0.2544 -0.4715
vn -0.0900 -0.8001 -0.5931
vn -0.0904 -0.8003 -0.5928
vn 0.7811 -0.5380 0.3170
vn 0.7814 -0.5375 0.3170
vn 0.7814 -0.5376 0.3170
vn 0.7813 -0.5377 0.3170
vn -0.1947 -0.8318 -0.5199
vn -0.1945 -0.8318 -0.5199
vn -0.1947 -0.8317 -0.5199
vn -0.1949 -0.8317 -0.5199
vn 0.8296 -0.5232 0.1951
vn 0.8296 -0.5231 0.1954
vn 0.8294 -0.5234 0.1952
vn 0.8297 -0.5229 0.1952
vn -0.2840 -0.8590 -0.4260
vn -0.2842 -0.8587 -0.4265
vn -0.2842 -0.8586 -0.4267
vn -0.2841 -0.8587 -0.4265
vn 0.8545 -0.5152 0.0666
vn 0.8544 -0.5155 0.0660
vn 0.8544 -0.5154 0.0661
vn -0.3543 -0.8798 -0.3170
vn -0.3543 -0.8797 -0.3170
vn 0.8544 -0.5154 -0.0661
vn 0.8544 -0.5154 -0.0663
vn 0.8544 -0.5154 -0.0660
vn -0.4023 -0.8944 -0.1952
vn -0.4020 -0.8946 -0.1953
vn -0.4024 -0.8944 -0.1952
vn -0.4026 -0.8943 -0.1952
vn 0.8296 -0.5231 -0.1952
vn 0.8297 -0.5229 -0.1952
vn 0.8297 -0.5230 -0.1951
vn 0.8297 -0.5229 -0.1951
vn -0.4272 -0.9017 -0.0659
vn -0.4269 -0.9019 -0.0662
vn -0.4272 -0.9018 -0.0659
vn -0.4272 -0.9018 -0.0658
vn 0.7813 -0.5376 -0.3171
vn 0.7812 -0.5377 -0.3173
vn 0.7813 -0.5377 -0.3169
vn 0.7814 -0.5375 -0.3170
vn -0.4268 -0.9019 0.0661
vn -0.4271 -0.9018 0.0659
vn -0.4269 -0.9019 0.0662
vn -0.4271 -0.9017 0.0664
vn 0.7112 -0.5591 -0.4262
vn 0.7113 -0.5586 -0.4266
vn 0.7113 -0.5587 -0.4265
vn -0.4019 -0.8946 0.1953
vn -0.4026 -0.8943 0.1952
vn -0.4019 -0.8946 0.1954
vn -0.4023 -0.8944 0.1953
vn 0.6222 -0.5854 -0.5198
vn 0.6223 -0.5852 -0.5199
vn 0.6220 -0.5855 -0.5199
vn -0.3541 -0.8798 0.3170
vn -0.3538 -0.8800 0.3170
vn -0.3543 -0.8798 0.3170
vn -0.3539 -0.8799 0.3170
vn 0.5171 -0.6174 -0.5928
vn 0.5174 -0.6176 -0.5923
vn 0.5170 -0.6173 -0.5930
vn 0.5167 -0.6170 -0.5935
vn 0.2765 -0.6897 0.6692
vn 0.2765 -0.6896 0.6693
vn 0.2766 -0.6896 0.6693
vn 0.2765 -0.6898 0.6692
vn -0.2844 -0.8586 0.4265
vn -0.2846 -0.8585 0.4267
vn -0.2844 -0.8587 0.4264
vn -0.2842 -0.8586 0.4266
vn 0.4004 -0.6523 -0.6435
vn 0.4005 -0.6523 -0.6435
vn 0.4002 -0.6522 -0.6438
vn 0.4004 -0.6522 -0.6437
vn 0.4007 -0.6526 0.6431
vn 0.4005 -0.6526 0.6432
vn 0.4008 -0.6525 0.6432
vn 0.4011 -0.6521 0.6434
vn -0.1947 -0.8315 0.5204
vn -0.1947 -0.8316 0.5201
vn -0.1948 -0.8316 0.5202
vn -0.1949 -0.8316 0.5200
vn 0.2765 -0.6895 -0.6694
vn 0.2771 -0.6898 -0.6689
vn 0.2763 -0.6894 -0.6696
vn 0.2764 -0.6894 -0.6695
vn 0.5171 -0.6170 0.5932
vn 0.5170 -0.6172 0.5931
vn 0.5171 -0.6173 0.5929
vn 0.5172 -0.6170 0.5931
vn -0.0902 -0.8003 0.5928
vn -0.0902 -0.8002 0.5929
vn -0.0899 -0.8000 0.5932
vn -0.0900 -0.8001 0.5931
vn 0.1507 -0.7278 -0.6691
vn 0.1506 -0.7277 -0.6691
vn 0.1508 -0.7278 -0.6690
vn 0.1506 -0.7276 -0.6692
vn 0.6223 -0.5852 0.5198
vn 0.6222 -0.5853 0.5198
vn 0.6224 -0.5851 0.5198
vn 0.0269 -0.7650 0.6435
vn 0.0267 -0.7649 0.6436
vn 0.0269 -0.7650 0.6434
vn 0.0271 -0.7651 0.6433
vn 0.0271 -0.7651 -0.6434
vn 0.0272 -0.7651 -0.6434
vn 0.7114 -0.5587 0.4264
vn 0.7113 -0.5586 0.4267
vn 0.7116 -0.5587 0.4261
vn 0.7113 -0.5586 0.4266
vn -0.9105 0.4063 0.0767
vn -0.9107 0.4059 0.0766
vn -0.9107 0.4059 0.0767
vn 0.9529 0.2871 -0.0980
vn 0.9528 0.2872 -0.0980
vn 0.9529 0.2868 -0.0984
vn 0.9528 0.2872 -0.0981
vn -0.9161 -0.2762 -0.2907
vn -0.9163 -0.2761 -0.2901
vn 0.9163 0.2760 -0.2902
vn 0.9161 0.2762 -0.2907
vn 0.9162 0.2760 -0.2903
vn 0.9162 0.2761 -0.2903
vn -0.9529 -0.2873 -0.0975
vn -0.9528 -0.2872 -0.0979
vn -0.9528 -0.2872 -0.0980
vn 0.8444 0.2545 -0.4714
vn 0.8441 0.2547 -0.4719
vn 0.8443 0.2546 -0.4715
vn 0.8445 0.2544 -0.4713
vn -0.9528 -0.2872 0.0981
vn -0.9528 -0.2872 0.0980
vn -0.9528 -0.2872 0.0985
vn 0.7398 0.2232 -0.6347
vn 0.7399 0.2233 -0.6346
vn 0.7398 0.2231 -0.6348
vn -0.9162 -0.2761 0.2904
vn -0.9161 -0.2762 0.2907
vn -0.9163 -0.2761 0.2901
vn 0.6075 0.1832 -0.7729
vn -0.8444 -0.2544 0.4715
vn -0.8444 -0.2545 0.4714
vn -0.8444 -0.2544 0.4714
vn 0.4520 0.1363 -0.8816
vn 0.4516 0.1361 -0.8818
vn 0.4514 0.1361 -0.8819
vn 0.0938 0.0283 0.9952
vn 0.0933 0.0281 0.9952
vn 0.0936 0.0282 0.9952
vn -0.7401 -0.2226 0.6346
vn -0.7401 -0.2232 0.6344
vn -0.7401 -0.2231 0.6344
vn -0.7401 -0.2230 0.6344
vn 0.2778 0.0838 -0.9570
vn 0.2779 0.0838 -0.9570
vn 0.2779 0.0838 0.9570
vn 0.2782 0.0839 0.9569
vn 0.2777 0.0838 0.9570
vn -0.6072 -0.1827 0.7733
vn -0.6075 -0.1832 0.7729
vn -0.6076 -0.1833 0.7728
vn -0.6073 -0.1829 0.7732
vn 0.0938 0.0283 -0.9952
vn 0.0935 0.0283 -0.9952
vn 0.0942 0.0283 -0.9952
vn 0.4520 0.1363 0.8816
vn 0.4514 0.1361 0.8819
vn 0.4515 0.1361 0.8818
vn -0.4515 -0.1360 0.8819
vn -0.4513 -0.1360 0.8820
vn -0.4515 -0.1360 0.8818
vn -0.0938 -0.0283 -0.9952
vn -0.0940 -0.0283 -0.9952
vn 0.6075 0.1832 0.7729
vn -0.2778 -0.0838 0.9570
vn -0.2779 -0.0838 0.9569
vn -0.2779 -0.0838 -0.9569
vn -0.2773 -0.0835 -0.9572
vn -0.2778 -0.0838 -0.9570
vn 0.7398 0.2231 0.6347
vn 0.7399 0.2233 0.6346
vn 0.7398 0.2232 0.6347
vn 0.7402 0.2231 0.6343
vn -0.0937 -0.0283 0.9952
vn -0.0938 -0.0283 0.9952
vn -0.0932 -0.0281 0.9953
vn -0.4513 -0.1360 -0.8820
vn -0.4515 -0.1360 -0.8819
vn -0.4515 -0.1360 -0.8818
vn -0.4511 -0.1360 -0.8821
vn 0.8445 0.2544 0.4713
vn 0.8445 0.2545 0.4713
vn 0.8444 0.2545 0.4714
vn -0.6071 -0.1829 -0.7733
vn -0.6076 -0.1827 -0.7729
vn -0.6074 -0.1828 -0.7731
vn -0.6073 -0.1831 -0.7731
vn 0.9163 0.2758 0.2903
vn 0.9162 0.2761 0.2904
vn 0.9164 0.2761 0.2899
vn 0.9162 0.2758 0.2906
vn -0.7401 -0.2230 -0.6344
vn -0.7401 -0.2229 -0.6345
vn -0.7401 -0.2231 -0.6344
vn 0.9528 0.2874 0.0977
vn 0.9528 0.2873 0.0977
vn 0.9528 0.2873 0.0978
vn 0.9528 0.2872 0.0980
vn 0.2083 -0.6081 0.7660
vn 0.2084 -0.6081 0.7660
vn 0.0542 0.9682 -0.2441
vn -0.8789 0.4203 0.2256
vn -0.8790 0.4202 0.2255
vn 0.0372 0.9417 -0.3343
vn -0.8175 0.4482 0.3617
vn -0.0003 0.9041 -0.4274
vn -0.0003 0.9040 -0.4275
vn -0.1490 0.7969 0.5854
vn -0.7300 0.4889 0.4776
vn -0.0625 0.8552 -0.5146
vn -0.0625 0.8552 0.5145
vn -0.0625 0.8552 0.5146
vn -0.6223 0.5404 0.5663
vn -0.1490 0.7969 -0.5854
vn -0.1492 0.7969 -0.5854
vn -0.0000 0.9040 0.4275
vn -0.0003 0.9040 0.4275
vn -0.5016 0.6003 0.6229
vn -0.2561 0.7324 -0.6309
vn 0.0372 0.9417 0.3343
vn 0.0373 0.9417 0.3344
vn -0.3765 0.6655 0.6445
vn -0.3765 0.6655 0.6444
vn -0.3765 0.6655 -0.6444
vn 0.0542 0.9682 0.2441
vn -0.2561 0.7324 0.6309
vn -0.5016 0.6003 -0.6229
vn 0.0566 0.9851 0.1625
vn 0.0571 0.9850 0.1627
vn 0.0567 0.9850 0.1628
vn -0.6223 0.5404 -0.5663
vn 0.0536 0.9943 0.0920
vn 0.0535 0.9943 0.0920
vn -0.7300 0.4889 -0.4776
vn 0.0499 0.9983 0.0296
vn 0.0496 0.9983 0.0290
vn -0.8175 0.4482 -0.3617
vn 0.0499 0.9983 -0.0294
vn 0.0499 0.9983 -0.0296
vn 0.0499 0.9983 -0.0293
vn -0.8790 0.4201 -0.2256
vn -0.8790 0.4202 -0.2255
vn 0.0536 0.9943 -0.0920
vn 0.0535 0.9943 -0.0920
vn 0.0534 0.9944 -0.0916
vn -0.9107 0.4059 -0.0766
vn -0.9108 0.4058 -0.0766
vn 0.0571 0.9850 -0.1628
vn 0.0571 0.9850 -0.1627
vn 0.0575 0.9849 -0.1632
vn 0.6201 0.1337 0.7731
vn 0.6204 0.1338 0.7728
vn -0.4468 -0.7496 0.4883
vn -0.4471 -0.7496 0.4882
vn -0.4468 -0.7497 0.4882
vn -0.4467 -0.7492 0.4890
vn 0.3531 -0.5771 -0.7364
vn 0.3532 -0.5770 -0.7364
vn 0.3530 -0.5770 -0.7365
vn 0.3535 -0.5773 -0.7361
vn 0.3531 -0.5770 0.7365
vn 0.3527 -0.5774 0.7364
vn 0.3530 -0.5771 0.7364
vn 0.3535 -0.5767 0.7366
vn -0.3430 -0.7270 0.5949
vn -0.3425 -0.7271 0.5950
vn -0.3433 -0.7269 0.5948
vn 0.2083 -0.6082 -0.7659
vn 0.2081 -0.6082 -0.7660
vn 0.2082 -0.6082 -0.7660
vn 0.2083 -0.6081 -0.7660
vn 0.4888 -0.5480 0.6788
vn 0.4889 -0.5480 0.6788
vn -0.2196 -0.7006 0.6789
vn -0.2200 -0.7006 0.6787
vn -0.2200 -0.7006 0.6788
vn -0.2202 -0.7005 0.6788
vn 0.0609 -0.6400 -0.7660
vn 0.0608 -0.6399 -0.7660
vn 0.0609 -0.6399 -0.7660
vn 0.0610 -0.6400 -0.7660
vn 0.6119 -0.5211 0.5950
vn 0.6119 -0.5215 0.5946
vn -0.0837 -0.6714 0.7363
vn -0.0835 -0.6711 0.7367
vn -0.0837 -0.6710 0.7367
vn -0.0840 -0.6717 0.7361
vn -0.0838 -0.6714 -0.7364
vn -0.0838 -0.6712 -0.7366
vn -0.0837 -0.6714 -0.7364
vn -0.0842 -0.6712 -0.7365
vn 0.7162 -0.4985 0.4884
vn 0.7161 -0.4986 0.4884
vn 0.7161 -0.4986 0.4885
vn 0.7163 -0.4984 0.4883
vn 0.0606 -0.6399 0.7661
vn 0.0610 -0.6398 0.7661
vn 0.0608 -0.6399 0.7660
vn -0.2200 -0.7005 -0.6789
vn -0.2202 -0.7005 -0.6789
vn -0.2197 -0.7006 -0.6789
vn -0.2202 -0.7005 -0.6788
vn 0.7982 -0.4808 0.3629
vn 0.7979 -0.4811 0.3632
vn 0.7983 -0.4807 0.3629
vn 0.7981 -0.4810 0.3628
vn -0.3426 -0.7271 -0.5949
vn -0.3425 -0.7268 -0.5954
vn -0.3426 -0.7272 -0.5948
vn -0.3428 -0.7270 -0.5950
vn 0.8546 -0.4689 0.2232
vn 0.8546 -0.4687 0.2234
vn 0.8545 -0.4692 0.2230
vn 0.8546 -0.4688 0.2235
vn -0.4471 -0.7496 -0.4882
vn -0.4471 -0.7494 -0.4883
vn -0.4473 -0.7495 -0.4881
vn 0.8832 -0.4629 0.0751
vn 0.8833 -0.4627 0.0753
vn 0.8832 -0.4628 0.0752
vn 0.8833 -0.4626 0.0754
vn -0.5291 -0.7671 -0.3627
vn -0.5291 -0.7671 -0.3628
vn -0.5295 -0.7669 -0.3626
vn -0.5290 -0.7672 -0.3628
vn 0.8833 -0.4628 -0.0751
vn 0.8833 -0.4626 -0.0754
vn 0.8832 -0.4629 -0.0750
vn 0.8834 -0.4625 -0.0756
vn -0.5855 -0.7792 -0.2240
vn -0.5854 -0.7792 -0.2240
vn -0.5855 -0.7793 -0.2234
vn 0.8545 -0.4692 -0.2229
vn 0.8545 -0.4689 -0.2235
vn 0.8545 -0.4691 -0.2230
vn 0.8546 -0.4688 -0.2233
vn -0.6144 -0.7854 -0.0753
vn -0.6142 -0.7856 -0.0756
vn -0.6142 -0.7855 -0.0758
vn -0.6145 -0.7853 -0.0754
vn 0.7983 -0.4805 -0.3632
vn 0.7981 -0.4810 -0.3628
vn 0.7982 -0.4808 -0.3629
vn 0.7981 -0.4811 -0.3628
vn -0.6142 -0.7855 0.0758
vn -0.6143 -0.7854 0.0756
vn -0.6143 -0.7854 0.0754
vn -0.6144 -0.7854 0.0754
vn 0.7162 -0.4985 -0.4884
vn 0.7162 -0.4986 -0.4882
vn 0.7163 -0.4983 -0.4885
vn 0.7162 -0.4986 -0.4883
vn -0.5855 -0.7792 0.2240
vn -0.5855 -0.7792 0.2236
vn -0.5854 -0.7792 0.2240
vn 0.6119 -0.5215 -0.5946
vn 0.6119 -0.5212 -0.5950
vn 0.6119 -0.5215 -0.5947
vn -0.5290 -0.7671 0.3629
vn -0.5290 -0.7671 0.3628
vn -0.5293 -0.7671 0.3625
vn 0.4888 -0.5480 -0.6788
vn 0.4889 -0.5480 -0.6788
vn 0.0213 0.9977 0.0644
vn 0.0211 0.9977 0.0645
vn 0.0215 0.9977 0.0644
vn -0.2833 -0.0612 0.9571
vn -0.2838 -0.0612 0.9569
vn -0.2830 -0.0611 0.9572
vn -0.2836 -0.0612 -0.9570
vn -0.2838 -0.0612 -0.9569
vn 0.7555 0.1631 0.6345
vn 0.7556 0.1629 0.6344
vn 0.7555 0.1630 0.6345
vn 0.7554 0.1631 0.6346
vn -0.0960 -0.0207 0.9952
vn -0.0959 -0.0208 0.9952
vn -0.0957 -0.0206 0.9952
vn -0.0958 -0.0206 0.9952
vn -0.4609 -0.0996 -0.8818
vn 0.8623 0.1859 0.4710
vn 0.8621 0.1857 0.4715
vn 0.8622 0.1857 0.4714
vn 0.8623 0.1859 0.4711
vn -0.6201 -0.1333 -0.7731
vn -0.6201 -0.1337 -0.7730
vn -0.6202 -0.1335 -0.7730
vn 0.9353 0.2020 0.2905
vn 0.9355 0.2015 0.2903
vn 0.9353 0.2020 0.2904
vn 0.9353 0.2019 0.2906
vn -0.7557 -0.1628 -0.6344
vn -0.7554 -0.1625 -0.6347
vn -0.7559 -0.1631 -0.6341
vn -0.7556 -0.1629 -0.6344
vn 0.9728 0.2099 0.0979
vn 0.9728 0.2097 0.0980
vn 0.9728 0.2096 0.0984
vn 0.9728 0.2102 0.0975
vn -0.8621 -0.1863 -0.4712
vn 0.9728 0.2097 -0.0983
vn 0.9728 0.2097 -0.0981
vn 0.9729 0.2096 -0.0981
vn 0.9728 0.2099 -0.0977
vn -0.9353 -0.2020 -0.2905
vn -0.9354 -0.2019 -0.2903
vn -0.9354 -0.2020 -0.2904
vn -0.9354 -0.2018 -0.2904
vn 0.9355 0.2014 -0.2902
vn 0.9355 0.2014 -0.2903
vn 0.9355 0.2015 -0.2902
vn 0.9354 0.2017 -0.2903
vn -0.9729 -0.2098 -0.0978
vn -0.9728 -0.2100 -0.0973
vn -0.9729 -0.2095 -0.0983
vn -0.9729 -0.2095 -0.0982
vn 0.8618 0.1858 -0.4719
vn 0.8621 0.1859 -0.4714
vn 0.8621 0.1861 -0.4714
vn 0.8621 0.1859 -0.4715
vn -0.9728 -0.2097 0.0981
vn -0.9728 -0.2100 0.0975
vn -0.9728 -0.2098 0.0979
vn -0.9728 -0.2096 0.0983
vn 0.7556 0.1627 -0.6345
vn 0.7554 0.1625 -0.6347
vn 0.7558 0.1630 -0.6342
vn 0.7560 0.1632 -0.6339
vn -0.9353 -0.2020 0.2905
vn -0.9354 -0.2021 0.2903
vn -0.9353 -0.2020 0.2904
vn -0.9353 -0.2019 0.2906
vn 0.6203 0.1338 -0.7729
vn 0.6207 0.1340 -0.7725
vn 0.6201 0.1337 -0.7731
vn 0.6202 0.1337 -0.7730
vn -0.8621 -0.1859 0.4714
vn -0.8621 -0.1859 0.4713
vn 0.4606 0.0993 -0.8820
vn 0.4610 0.0992 -0.8818
vn 0.4608 0.0992 -0.8819
vn 0.4607 0.0994 -0.8820
vn 0.0957 0.0206 0.9952
vn 0.0956 0.0207 0.9952
vn 0.0958 0.0206 0.9952
vn -0.7557 -0.1631 0.6342
vn -0.7556 -0.1629 0.6344
vn -0.7556 -0.1631 0.6344
vn -0.7555 -0.1632 0.6344
vn 0.2831 0.0610 -0.9571
vn 0.2834 0.0611 -0.9571
vn 0.2832 0.0611 -0.9571
vn 0.2834 0.0612 -0.9571
vn 0.2831 0.0611 0.9571
vn 0.2835 0.0612 0.9570
vn 0.2837 0.0611 0.9570
vn 0.2834 0.0610 0.9571
vn -0.6202 -0.1336 0.7730
vn -0.6203 -0.1338 0.7729
vn -0.6205 -0.1339 0.7727
vn -0.6201 -0.1338 0.7730
vn 0.0957 0.0206 -0.9952
vn 0.0958 0.0206 -0.9952
vn 0.0956 0.0207 -0.9952
vn 0.4608 0.0992 0.8819
vn 0.4610 0.0992 0.8818
vn 0.4612 0.0993 0.8817
vn 0.4611 0.0994 0.8818
vn -0.4609 -0.0996 0.8818
vn -0.0957 -0.0206 -0.9952
vn -0.0956 -0.0206 -0.9952
vn -0.0958 -0.0206 -0.9952
vn 0.6677 -0.7267 -0.1616
vn 0.6677 -0.7266 -0.1619
vn 0.6677 -0.7268 -0.1612
vn -0.5677 0.7506 -0.3381
vn -0.5675 0.7507 -0.3383
vn 0.0211 0.9996 0.0210
vn 0.0210 0.9996 0.0210
vn -0.6358 0.7272 -0.2586
vn -0.6358 0.7273 -0.2585
vn -0.6358 0.7271 -0.2588
vn 0.0210 0.9996 -0.0210
vn 0.0211 0.9996 -0.0210
vn 0.0209 0.9996 -0.0210
vn -0.6844 0.7108 -0.1623
vn -0.6844 0.7108 -0.1622
vn 0.0209 0.9977 -0.0645
vn 0.0211 0.9977 -0.0645
vn 0.0211 0.9977 -0.0644
vn -0.7096 0.7025 -0.0549
vn -0.7098 0.7022 -0.0556
vn -0.7097 0.7023 -0.0551
vn -0.7097 0.7023 -0.0553
vn 0.0191 0.9935 -0.1123
vn 0.0188 0.9935 -0.1120
vn -0.7097 0.7023 0.0552
vn -0.7097 0.7023 0.0553
vn -0.7096 0.7025 0.0549
vn 0.0120 0.9861 -0.1655
vn -0.6845 0.7107 0.1623
vn -0.6844 0.7108 0.1622
vn -0.6841 0.7110 0.1626
vn -0.0042 0.9747 -0.2236
vn -0.0042 0.9747 -0.2235
vn -0.6359 0.7272 0.2586
vn -0.6358 0.7273 0.2585
vn -0.6354 0.7275 0.2588
vn -0.0332 0.9583 -0.2838
vn -0.0335 0.9583 -0.2838
vn -0.0336 0.9583 -0.2838
vn -0.1395 0.9100 0.3905
vn -0.1394 0.9100 0.3904
vn -0.5675 0.7507 0.3383
vn -0.5675 0.7507 0.3382
vn -0.0783 0.9367 -0.3413
vn -0.0784 0.9367 -0.3413
vn -0.0783 0.9367 0.3413
vn -0.4847 0.7796 0.3966
vn -0.1389 0.9102 -0.3902
vn -0.1394 0.9100 -0.3904
vn -0.0335 0.9583 0.2838
vn -0.0336 0.9583 0.2838
vn -0.3941 0.8120 0.4306
vn -0.3940 0.8120 0.4306
vn -0.3941 0.8122 0.4302
vn -0.2152 0.8793 -0.4249
vn -0.0045 0.9746 0.2239
vn -0.0042 0.9747 0.2236
vn -0.3019 0.8459 0.4397
vn -0.3019 0.8460 0.4395
vn -0.3019 0.8459 0.4396
vn -0.3019 0.8459 -0.4397
vn -0.3019 0.8460 -0.4395
vn -0.3019 0.8459 -0.4396
vn 0.0120 0.9861 0.1655
vn 0.0119 0.9860 0.1662
vn -0.2152 0.8793 0.4249
vn -0.3941 0.8119 -0.4307
vn -0.3940 0.8120 -0.4306
vn 0.0191 0.9935 0.1122
vn 0.0191 0.9935 0.1123
vn -0.4849 0.7796 -0.3964
vn -0.4847 0.7796 -0.3966
vn -0.4847 0.7796 -0.3965
vn 0.6251 0.1084 -0.7730
vn 0.6252 0.1083 -0.7729
vn 0.6249 0.1085 -0.7731
vn 0.6248 0.1086 -0.7732
vn -0.4051 -0.9126 -0.0546
vn -0.4053 -0.9126 -0.0543
vn -0.4051 -0.9127 -0.0544
vn -0.4045 -0.9129 -0.0546
vn 0.6265 -0.7337 -0.2629
vn 0.6260 -0.7341 -0.2630
vn 0.6263 -0.7339 -0.2629
vn 0.6265 -0.7338 -0.2629
vn -0.4051 -0.9126 0.0544
vn -0.4051 -0.9126 0.0548
vn -0.4052 -0.9126 0.0542
vn -0.4051 -0.9126 0.0547
vn 0.5664 -0.7443 -0.3539
vn 0.5663 -0.7440 -0.3546
vn 0.5664 -0.7444 -0.3538
vn 0.5666 -0.7443 -0.3537
vn -0.3840 -0.9090 0.1620
vn -0.3838 -0.9091 0.1619
vn -0.3841 -0.9090 0.1619
vn 0.4903 -0.7576 -0.4309
vn 0.4904 -0.7575 -0.4308
vn 0.4903 -0.7575 -0.4310
vn 0.4904 -0.7574 -0.4311
vn -0.3430 -0.9018 0.2628
vn -0.3430 -0.9019 0.2628
vn -0.3429 -0.9019 0.2627
vn 0.4009 -0.7729 -0.4919
vn 0.4010 -0.7729 -0.4917
vn 0.4009 -0.7729 -0.4918
vn 0.1957 -0.8085 0.5550
vn 0.1955 -0.8084 0.5552
vn -0.2828 -0.8916 0.3537
vn -0.2832 -0.8913 0.3541
vn -0.2831 -0.8914 0.3540
vn -0.2829 -0.8916 0.3537
vn 0.3013 -0.7901 -0.5339
vn 0.3013 -0.7902 -0.5337
vn 0.3013 -0.7901 -0.5337
vn 0.3013 -0.7901 -0.5338
vn 0.3014 -0.7899 0.5341
vn 0.3013 -0.7899 0.5341
vn 0.3014 -0.7898 0.5341
vn 0.3015 -0.7898 0.5342
vn -0.2069 -0.8782 0.4313
vn -0.2068 -0.8782 0.4313
vn 0.1957 -0.8085 -0.5550
vn 0.1958 -0.8085 -0.5549
vn 0.1952 -0.8083 -0.5555
vn 0.1958 -0.8085 -0.5550
vn 0.4009 -0.7728 0.4919
vn 0.4009 -0.7729 0.4918
vn 0.4011 -0.7729 0.4917
vn 0.4011 -0.7728 0.4919
vn -0.1171 -0.8628 0.4918
vn -0.1172 -0.8629 0.4916
vn -0.1170 -0.8626 0.4923
vn 0.0876 -0.8272 -0.5550
vn 0.0879 -0.8270 -0.5553
vn 0.0877 -0.8272 -0.5550
vn 0.0879 -0.8272 -0.5549
vn 0.4903 -0.7575 0.4310
vn 0.4904 -0.7575 0.4309
vn 0.4904 -0.7574 0.4311
vn -0.0174 -0.8457 0.5334
vn -0.0173 -0.8455 0.5336
vn -0.0176 -0.8455 0.5336
vn -0.0174 -0.8457 -0.5334
vn -0.0172 -0.8457 -0.5334
vn -0.0176 -0.8456 -0.5335
vn 0.5664 -0.7445 0.3535
vn 0.5668 -0.7442 0.3534
vn 0.5667 -0.7442 0.3536
vn 0.5665 -0.7442 0.3538
vn 0.0879 -0.8272 0.5549
vn 0.0880 -0.8273 0.5548
vn 0.0877 -0.8272 0.5550
vn 0.0880 -0.8272 0.5550
vn -0.1171 -0.8628 -0.4918
vn -0.1176 -0.8627 -0.4919
vn -0.1172 -0.8628 -0.4918
vn 0.6262 -0.7340 0.2629
vn 0.6260 -0.7341 0.2630
vn 0.6265 -0.7338 0.2629
vn -0.2069 -0.8783 -0.4311
vn -0.2074 -0.8782 -0.4309
vn -0.2069 -0.8782 -0.4312
vn -0.2068 -0.8783 -0.4311
vn 0.6677 -0.7267 0.1618
vn 0.6677 -0.7267 0.1614
vn 0.6677 -0.7266 0.1618
vn 0.6677 -0.7267 0.1617
vn -0.2830 -0.8914 -0.3539
vn -0.2829 -0.8914 -0.3540
vn -0.2831 -0.8914 -0.3539
vn -0.2834 -0.8913 -0.3540
vn 0.6885 -0.7232 0.0549
vn 0.6885 -0.7231 0.0550
vn -0.3430 -0.9019 -0.2628
vn -0.3429 -0.9019 -0.2628
vn -0.3430 -0.9018 -0.2628
vn -0.3430 -0.9018 -0.2627
vn 0.6885 -0.7232 -0.0548
vn 0.6885 -0.7231 -0.0549
vn -0.3840 -0.9090 -0.1621
vn -0.3840 -0.9090 -0.1622
vn -0.3841 -0.9090 -0.1619
vn -0.0142 0.7110 -0.7030
vn -0.0146 0.7110 -0.7030
vn -0.0142 0.7111 -0.7030
vn -0.8689 -0.1510 0.4715
vn 0.4648 0.0803 -0.8818
vn 0.4647 0.0804 -0.8818
vn 0.4647 0.0803 -0.8818
vn 0.4645 0.0805 -0.8819
vn 0.0965 0.0167 0.9952
vn 0.0966 0.0167 0.9952
vn -0.7617 -0.1322 0.6342
vn -0.7617 -0.1323 0.6343
vn -0.7620 -0.1324 0.6339
vn 0.2855 0.0495 -0.9571
vn 0.2856 0.0496 -0.9571
vn 0.2857 0.0495 -0.9570
vn 0.2859 0.0496 -0.9570
vn 0.2857 0.0496 0.9570
vn 0.2856 0.0496 0.9571
vn 0.2855 0.0495 0.9571
vn 0.2857 0.0495 0.9570
vn -0.6253 -0.1084 0.7728
vn -0.6251 -0.1083 0.7730
vn -0.6252 -0.1084 0.7729
vn 0.0965 0.0167 -0.9952
vn 0.0966 0.0167 -0.9952
vn 0.4644 0.0807 0.8819
vn 0.4647 0.0804 0.8818
vn 0.4648 0.0803 0.8818
vn -0.4646 -0.0805 0.8819
vn -0.4648 -0.0804 0.8818
vn -0.4644 -0.0806 0.8820
vn -0.0966 -0.0167 -0.9952
vn 0.6251 0.1084 0.7730
vn 0.6251 0.1085 0.7730
vn 0.6250 0.1084 0.7731
vn 0.6249 0.1084 0.7732
vn -0.2855 -0.0495 0.9571
vn -0.2853 -0.0493 0.9572
vn -0.2860 -0.0497 0.9569
vn -0.2856 -0.0496 0.9571
vn -0.2854 -0.0494 -0.9571
vn -0.2857 -0.0495 -0.9570
vn -0.2855 -0.0495 -0.9571
vn -0.2856 -0.0496 -0.9571
vn 0.7616 0.1321 0.6344
vn -0.0966 -0.0167 0.9952
vn -0.0967 -0.0167 0.9952
vn -0.4644 -0.0806 -0.8820
vn -0.4648 -0.0804 -0.8818
vn -0.4646 -0.0805 -0.8819
vn -0.4641 -0.0806 -0.8821
vn 0.8690 0.1507 0.4713
vn 0.8689 0.1510 0.4715
vn 0.8691 0.1506 0.4712
vn -0.6251 -0.1084 -0.7730
vn -0.6250 -0.1084 -0.7730
vn -0.6252 -0.1084 -0.7729
vn 0.9428 0.1636 0.2903
vn 0.9429 0.1635 0.2903
vn 0.9429 0.1636 0.2902
vn -0.7617 -0.1320 -0.6343
vn -0.7618 -0.1318 -0.6343
vn -0.7614 -0.1323 -0.6346
vn 0.9806 0.1700 0.0981
vn 0.9806 0.1700 0.0980
vn 0.9805 0.1701 0.0981
vn 0.9806 0.1700 0.0979
vn -0.8690 -0.1504 -0.4713
vn -0.8690 -0.1505 -0.4713
vn -0.8691 -0.1503 -0.4713
vn 0.9806 0.1700 -0.0980
vn 0.9805 0.1701 -0.0979
vn 0.9805 0.1704 -0.0975
vn -0.9429 -0.1635 -0.2903
vn -0.9429 -0.1634 -0.2902
vn -0.9429 -0.1632 -0.2902
vn 0.9428 0.1635 -0.2905
vn 0.9429 0.1635 -0.2903
vn 0.9429 0.1633 -0.2903
vn -0.9806 -0.1700 -0.0981
vn -0.9806 -0.1701 -0.0978
vn -0.9805 -0.1701 -0.0979
vn 0.8689 0.1510 -0.4715
vn -0.9806 -0.1700 0.0980
vn -0.9806 -0.1701 0.0977
vn -0.9806 -0.1701 0.0979
vn 0.7616 0.1323 -0.6344
vn -0.9429 -0.1637 0.2901
vn -0.9429 -0.1636 0.2902
vn -0.9429 -0.1635 0.2902
vn -0.9429 -0.1635 0.2903
vn -0.1871 -0.8769 -0.4427
vn -0.1870 -0.8769 -0.4428
vn 0.1644 0.8543 0.4931
vn -0.4563 0.4998 0.7362
vn -0.1506 0.6353 -0.7575
vn -0.1507 0.6353 -0.7574
vn 0.1948 0.9100 0.3659
vn -0.3022 0.5638 0.7687
vn -0.3022 0.5638 -0.7686
vn -0.3022 0.5638 -0.7687
vn 0.1909 0.9500 0.2471
vn -0.1507 0.6353 0.7574
vn -0.4563 0.4998 -0.7362
vn 0.1663 0.9747 0.1495
vn -0.6018 0.4452 -0.6631
vn 0.1377 0.9875 0.0767
vn -0.7292 0.4010 -0.5545
vn 0.1194 0.9926 0.0233
vn 0.1194 0.9926 0.0232
vn -0.8311 0.3677 -0.4173
vn 0.1193 0.9926 -0.0232
vn 0.1194 0.9926 -0.0232
vn -0.9020 0.3454 -0.2589
vn 0.1377 0.9875 -0.0767
vn -0.9384 0.3342 -0.0877
vn -0.9384 0.3343 -0.0878
vn -0.9384 0.3343 -0.0877
vn 0.1663 0.9747 -0.1495
vn -0.9384 0.3342 0.0879
vn -0.9384 0.3342 0.0878
vn -0.9384 0.3342 0.0877
vn -0.9385 0.3341 0.0876
vn 0.1909 0.9500 -0.2471
vn -0.9020 0.3454 0.2589
vn 0.1948 0.9100 -0.3659
vn -0.8311 0.3677 0.4173
vn 0.1644 0.8543 -0.4931
vn -0.0146 0.7110 0.7030
vn -0.7292 0.4010 0.5545
vn 0.0936 0.7861 -0.6110
vn 0.0936 0.7861 0.6110
vn -0.6018 0.4452 0.6631
vn -0.8804 -0.0501 -0.4715
vn 0.4912 -0.8383 0.2366
vn 0.4913 -0.8383 0.2366
vn 0.4911 -0.8383 0.2368
vn 0.4907 -0.8385 0.2371
vn -0.2686 -0.8817 -0.3880
vn -0.2688 -0.8816 -0.3880
vn -0.2687 -0.8816 -0.3880
vn 0.5289 -0.8360 0.1460
vn 0.5290 -0.8360 0.1457
vn 0.5287 -0.8362 0.1461
vn 0.5283 -0.8364 0.1463
vn -0.3380 -0.8856 -0.3185
vn -0.3382 -0.8856 -0.3185
vn -0.3379 -0.8856 -0.3185
vn -0.3378 -0.8857 -0.3185
vn 0.5474 -0.8354 0.0489
vn 0.5480 -0.8351 0.0492
vn 0.5479 -0.8351 0.0492
vn 0.5479 -0.8351 0.0491
vn -0.3928 -0.8887 -0.2367
vn -0.3928 -0.8887 -0.2366
vn -0.3927 -0.8887 -0.2367
vn 0.5479 -0.8351 -0.0492
vn 0.5478 -0.8352 -0.0489
vn 0.5482 -0.8349 -0.0494
vn -0.4303 -0.8909 -0.1456
vn -0.4304 -0.8908 -0.1457
vn -0.4303 -0.8909 -0.1457
vn 0.5287 -0.8361 -0.1460
vn 0.5285 -0.8363 -0.1456
vn 0.5288 -0.8360 -0.1462
vn 0.5288 -0.8361 -0.1461
vn -0.4496 -0.8919 -0.0491
vn -0.4496 -0.8919 -0.0492
vn -0.4497 -0.8919 -0.0490
vn -0.4494 -0.8920 -0.0492
vn 0.4911 -0.8383 -0.2368
vn 0.4912 -0.8383 -0.2367
vn 0.4912 -0.8383 -0.2366
vn 0.4911 -0.8384 -0.2367
vn -0.4494 -0.8919 0.0494
vn -0.4492 -0.8921 0.0492
vn -0.4495 -0.8919 0.0495
vn -0.4496 -0.8919 0.0493
vn 0.4367 -0.8414 -0.3184
vn -0.4304 -0.8908 0.1457
vn -0.4303 -0.8909 0.1456
vn -0.4303 -0.8908 0.1457
vn 0.3672 -0.8453 -0.3881
vn 0.3671 -0.8454 -0.3881
vn 0.3672 -0.8452 -0.3884
vn 0.3672 -0.8453 -0.3880
vn -0.3928 -0.8887 0.2366
vn -0.3928 -0.8887 0.2365
vn 0.2855 -0.8500 -0.4427
vn 0.2858 -0.8499 -0.4427
vn 0.2857 -0.8497 -0.4432
vn 0.2854 -0.8500 -0.4427
vn 0.0983 -0.8606 0.4996
vn 0.0983 -0.8607 0.4996
vn 0.0984 -0.8606 0.4997
vn -0.3380 -0.8856 0.3185
vn -0.3380 -0.8856 0.3186
vn -0.3380 -0.8856 0.3184
vn -0.3379 -0.8857 0.3183
vn 0.1945 -0.8552 -0.4804
vn 0.1947 -0.8552 -0.4804
vn 0.1943 -0.8552 -0.4805
vn 0.1944 -0.8553 -0.4803
vn 0.1945 -0.8552 0.4804
vn 0.1946 -0.8552 0.4804
vn 0.1945 -0.8551 0.4806
vn 0.1947 -0.8552 0.4804
vn -0.2687 -0.8817 0.3879
vn -0.2687 -0.8816 0.3880
vn -0.2687 -0.8816 0.3881
vn 0.0986 -0.8605 -0.4998
vn 0.0983 -0.8607 -0.4996
vn 0.0984 -0.8606 -0.4996
vn 0.2854 -0.8499 0.4430
vn 0.2854 -0.8500 0.4427
vn 0.2855 -0.8500 0.4428
vn 0.2855 -0.8500 0.4427
vn -0.1872 -0.8770 0.4426
vn -0.1873 -0.8770 0.4424
vn -0.1872 -0.8770 0.4425
vn -0.1871 -0.8769 0.4428
vn -0.0002 -0.8662 -0.4997
vn -0.0003 -0.8661 -0.4998
vn -0.0001 -0.8663 -0.4996
vn 0.3671 -0.8452 0.3884
vn 0.3667 -0.8453 0.3885
vn 0.3669 -0.8454 0.3882
vn 0.3671 -0.8454 0.3880
vn -0.0959 -0.8716 0.4807
vn -0.0963 -0.8717 0.4804
vn -0.0960 -0.8719 0.4802
vn -0.0963 -0.8717 0.4805
vn -0.0960 -0.8717 -0.4805
vn -0.0961 -0.8717 -0.4806
vn -0.0959 -0.8717 -0.4805
vn -0.0958 -0.8718 -0.4804
vn 0.4367 -0.8414 0.3184
vn 0.4364 -0.8415 0.3185
vn -0.0000 -0.8663 0.4996
vn -0.0000 -0.8661 0.4999
vn -0.8332 0.5471 0.0805
vn -0.8332 0.5471 0.0803
vn -0.8330 0.5473 0.0808
vn -0.8332 0.5470 0.0803
vn 0.9936 0.0566 -0.0981
vn -0.9554 -0.0544 -0.2904
vn 0.9554 0.0544 -0.2902
vn 0.9554 0.0544 -0.2903
vn 0.9554 0.0544 -0.2901
vn -0.9936 -0.0568 -0.0980
vn -0.9936 -0.0566 -0.0981
vn -0.9936 -0.0567 -0.0981
vn -0.9936 -0.0566 -0.0978
vn 0.8805 0.0501 -0.4715
vn -0.9936 -0.0568 0.0981
vn -0.9936 -0.0566 0.0982
vn -0.9935 -0.0568 0.0986
vn -0.9936 -0.0566 0.0981
vn 0.7717 0.0439 -0.6345
vn -0.9554 -0.0544 0.2904
vn -0.9554 -0.0544 0.2901
vn 0.6330 0.0360 -0.7733
vn 0.6333 0.0361 -0.7730
vn -0.8804 -0.0501 0.4715
vn 0.4701 0.0268 -0.8822
vn 0.4704 0.0268 -0.8820
vn 0.0986 0.0056 0.9951
vn 0.0980 0.0056 0.9952
vn 0.0979 0.0056 0.9952
vn -0.7717 -0.0439 0.6345
vn 0.2903 0.0165 -0.9568
vn 0.2900 0.0165 -0.9569
vn 0.2895 0.0165 -0.9570
vn 0.2901 0.0165 0.9569
vn 0.2899 0.0165 0.9569
vn 0.2898 0.0165 0.9569
vn -0.6332 -0.0361 0.7731
vn -0.6330 -0.0360 0.7733
vn -0.6333 -0.0361 0.7730
vn 0.0980 0.0056 -0.9952
vn 0.0978 0.0056 -0.9952
vn 0.0986 0.0056 -0.9951
vn 0.4707 0.0268 0.8819
vn 0.4713 0.0268 0.8816
vn -0.4707 -0.0268 0.8819
vn -0.4710 -0.0268 0.8817
vn -0.4708 -0.0268 0.8818
vn -0.0979 -0.0056 -0.9952
vn -0.0981 -0.0056 -0.9952
vn -0.0980 -0.0056 -0.9952
vn -0.0978 -0.0056 -0.9952
vn 0.6330 0.0360 0.7733
vn 0.6332 0.0361 0.7731
vn -0.2898 -0.0165 0.9569
vn -0.2896 -0.0165 0.9570
vn -0.2903 -0.0165 -0.9568
vn 0.7717 0.0439 0.6345
vn -0.0981 -0.0056 0.9952
vn -0.0986 -0.0056 0.9951
vn -0.0979 -0.0056 0.9952
vn -0.4702 -0.0268 -0.8822
vn 0.8805 0.0501 0.4715
vn -0.6333 -0.0361 -0.7730
vn -0.6330 -0.0360 -0.7733
vn 0.9554 0.0544 0.2903
vn 0.9555 0.0544 0.2900
vn 0.9555 0.0544 0.2899
vn 0.9554 0.0544 0.2904
vn -0.7717 -0.0439 -0.6345
vn -0.7719 -0.0439 -0.6342
vn 0.9935 0.0566 0.0984
vn 0.9935 0.0566 0.0983
vn 0.9936 0.0566 0.0982
vn 0.9935 0.0566 0.0985
vn -0.3374 -0.6942 -0.6358
vn -0.3380 -0.6941 -0.6356
vn -0.3381 -0.6941 -0.6355
vn 0.3555 0.8803 -0.3141
vn -0.7986 0.5533 0.2368
vn -0.7985 0.5534 0.2368
vn -0.7986 0.5534 0.2367
vn 0.3135 0.8544 -0.4143
vn -0.7310 0.5663 0.3808
vn -0.7311 0.5660 0.3810
vn -0.7310 0.5662 0.3808
vn 0.2478 0.8228 -0.5114
vn 0.0418 0.7486 0.6617
vn -0.6346 0.5847 0.5054
vn -0.6344 0.5852 0.5051
vn 0.1566 0.7869 -0.5969
vn 0.1566 0.7869 0.5969
vn -0.5149 0.6089 0.6034
vn -0.5147 0.6091 0.6034
vn 0.0418 0.7486 -0.6617
vn 0.2478 0.8228 0.5114
vn -0.3787 0.6388 0.6697
vn -0.3784 0.6387 0.6699
vn -0.3784 0.6386 0.6701
vn -0.0911 0.7099 -0.6984
vn 0.3135 0.8544 0.4143
vn -0.2342 0.6727 0.7018
vn -0.2342 0.6728 -0.7018
vn -0.2342 0.6727 -0.7018
vn -0.2342 0.6727 -0.7019
vn 0.3555 0.8803 0.3141
vn -0.0911 0.7099 0.6984
vn -0.3784 0.6387 -0.6700
vn -0.3784 0.6387 -0.6699
vn -0.3782 0.6389 -0.6700
vn 0.3785 0.8998 0.2172
vn -0.5147 0.6090 -0.6035
vn -0.5147 0.6091 -0.6034
vn -0.5147 0.6091 -0.6035
vn 0.3889 0.9125 0.1265
vn 0.3889 0.9126 0.1265
vn -0.6346 0.5848 -0.5053
vn -0.6346 0.5847 -0.5054
vn -0.6344 0.5848 -0.5055
vn 0.3924 0.9189 0.0414
vn -0.7311 0.5659 -0.3811
vn -0.7311 0.5660 -0.3810
vn -0.7312 0.5659 -0.3810
vn 0.3924 0.9189 -0.0414
vn 0.3923 0.9189 -0.0409
vn -0.7985 0.5535 -0.2365
vn -0.7985 0.5535 -0.2368
vn -0.7983 0.5535 -0.2372
vn 0.3889 0.9126 -0.1265
vn 0.3889 0.9125 -0.1265
vn -0.8330 0.5473 -0.0808
vn -0.8331 0.5472 -0.0802
vn -0.8330 0.5473 -0.0807
vn -0.8332 0.5471 -0.0805
vn 0.3785 0.8998 -0.2172
vn -0.8820 -0.0039 -0.4712
vn -0.8820 -0.0039 -0.4713
vn 0.6370 -0.6920 0.3397
vn 0.6372 -0.6918 0.3397
vn 0.6370 -0.6920 0.3398
vn -0.4554 -0.6945 -0.5571
vn -0.4554 -0.6944 -0.5571
vn -0.4555 -0.6940 -0.5576
vn 0.6913 -0.6917 0.2090
vn 0.6911 -0.6920 0.2086
vn 0.6912 -0.6918 0.2088
vn 0.6914 -0.6915 0.2092
vn -0.5553 -0.6947 -0.4572
vn 0.7190 -0.6914 0.0707
vn 0.7191 -0.6913 0.0706
vn 0.7189 -0.6915 0.0707
vn 0.7188 -0.6916 0.0708
vn -0.6339 -0.6949 -0.3396
vn -0.6338 -0.6949 -0.3397
vn -0.6341 -0.6948 -0.3395
vn -0.6338 -0.6949 -0.3398
vn 0.7189 -0.6915 -0.0706
vn 0.7188 -0.6916 -0.0705
vn 0.7189 -0.6915 -0.0707
vn 0.7191 -0.6913 -0.0708
vn -0.6876 -0.6951 -0.2098
vn -0.6878 -0.6950 -0.2097
vn -0.6875 -0.6952 -0.2099
vn -0.6878 -0.6950 -0.2094
vn 0.6914 -0.6915 -0.2091
vn 0.6913 -0.6917 -0.2090
vn 0.6913 -0.6917 -0.2089
vn 0.6912 -0.6919 -0.2086
vn -0.7153 -0.6952 -0.0709
vn -0.7153 -0.6952 -0.0706
vn -0.7152 -0.6954 -0.0708
vn -0.7154 -0.6951 -0.0707
vn 0.6370 -0.6920 -0.3397
vn 0.6370 -0.6920 -0.3398
vn 0.6373 -0.6917 -0.3397
vn -0.7154 -0.6952 0.0708
vn -0.7152 -0.6953 0.0707
vn -0.7152 -0.6953 0.0710
vn -0.7153 -0.6952 0.0706
vn 0.5589 -0.6916 -0.4574
vn 0.5590 -0.6917 -0.4571
vn 0.5591 -0.6916 -0.4572
vn 0.5594 -0.6913 -0.4574
vn -0.6879 -0.6950 0.2093
vn -0.6879 -0.6950 0.2094
vn -0.6878 -0.6950 0.2095
vn -0.6878 -0.6951 0.2093
vn 0.4589 -0.6921 -0.5571
vn 0.4588 -0.6922 -0.5571
vn 0.4591 -0.6920 -0.5571
vn 0.4593 -0.6919 -0.5571
vn -0.6339 -0.6949 0.3397
vn -0.6338 -0.6949 0.3397
vn -0.6339 -0.6949 0.3396
vn -0.6339 -0.6949 0.3395
vn 0.3415 -0.6923 -0.6357
vn 0.3415 -0.6924 -0.6356
vn 0.3414 -0.6923 -0.6357
vn 0.0726 -0.6933 0.7170
vn 0.0725 -0.6934 0.7169
vn 0.0726 -0.6936 0.7167
vn 0.0724 -0.6931 0.7172
vn -0.5553 -0.6947 0.4572
vn 0.2110 -0.6928 -0.6896
vn 0.2107 -0.6928 -0.6896
vn 0.2105 -0.6926 -0.6899
vn 0.2104 -0.6925 -0.6900
vn 0.2108 -0.6927 0.6897
vn 0.2107 -0.6928 0.6897
vn 0.2103 -0.6928 0.6897
vn -0.4554 -0.6945 0.5571
vn -0.4554 -0.6944 0.5571
vn 0.0729 -0.6931 -0.7171
vn 0.0729 -0.6934 -0.7169
vn 0.0732 -0.6931 -0.7171
vn 0.0725 -0.6931 -0.7172
vn 0.3417 -0.6923 0.6356
vn 0.3415 -0.6923 0.6356
vn 0.3417 -0.6922 0.6357
vn 0.3423 -0.6924 0.6352
vn -0.3384 -0.6940 0.6355
vn -0.3377 -0.6945 0.6353
vn -0.3382 -0.6942 0.6354
vn -0.3381 -0.6940 0.6356
vn -0.0689 -0.6934 -0.7173
vn -0.0691 -0.6931 -0.7175
vn -0.0688 -0.6932 -0.7174
vn -0.0690 -0.6934 -0.7172
vn 0.4592 -0.6920 0.5571
vn 0.4590 -0.6921 0.5571
vn 0.4591 -0.6920 0.5571
vn -0.2077 -0.6938 0.6896
vn -0.2075 -0.6937 0.6897
vn -0.2079 -0.6936 0.6897
vn -0.2074 -0.6940 0.6894
vn -0.2076 -0.6937 -0.6897
vn -0.2075 -0.6937 -0.6897
vn -0.2075 -0.6938 -0.6897
vn 0.5591 -0.6916 0.4572
vn 0.5583 -0.6921 0.4575
vn 0.5589 -0.6916 0.4574
vn 0.5590 -0.6916 0.4573
vn -0.0686 -0.6935 0.7171
vn -0.0684 -0.6936 0.7171
vn -0.0688 -0.6935 0.7172
vn -0.0026 1.0000 -0.0000
vn -0.0023 1.0000 0.0005
vn -0.0028 1.0000 -0.0001
vn -0.0023 1.0000 0.0001
vn -0.0024 1.0000 -0.0000
vn -0.0029 1.0000 0.0004
vn -0.0028 1.0000 -0.0000
vn -0.0019 1.0000 -0.0004
vn -0.0022 1.0000 -0.0004
vn -0.0026 1.0000 0.0003
vn -0.0026 1.0000 -0.0002
vn -0.0029 1.0000 0.0002
vn -0.0028 1.0000 0.0003
vn -0.0029 1.0000 -0.0004
vn -0.0028 1.0000 -0.0003
vn -0.0020 1.0000 -0.0000
vn -0.0026 1.0000 0.0004
vn -0.0033 1.0000 0.0001
vn -0.0025 1.0000 -0.0004
vn -0.0029 1.0000 -0.0006
vn 0.9952 0.0046 -0.0976
vn 0.9952 0.0043 -0.0980
vn 0.9952 0.0045 -0.0976
vn -0.9569 -0.0044 -0.2903
vn 0.9569 0.0044 -0.2903
vn -0.9952 -0.0044 -0.0981
vn -0.9952 -0.0044 -0.0980
vn 0.8816 0.0040 -0.4719
vn -0.9952 -0.0044 0.0981
vn -0.9952 -0.0044 0.0980
vn 0.7729 0.0029 -0.6345
vn 0.7730 0.0033 -0.6344
vn 0.7730 0.0034 -0.6343
vn -0.9569 -0.0044 0.2903
vn 0.6342 0.0030 -0.7731
vn 0.6342 0.0029 -0.7732
vn 0.6343 0.0028 -0.7731
vn 0.6345 0.0026 -0.7729
vn -0.8820 -0.0039 0.4712
vn -0.8819 -0.0039 0.4714
vn -0.8820 -0.0039 0.4713
vn 0.4710 0.0018 -0.8821
vn 0.4707 0.0022 -0.8823
vn 0.4713 0.0020 -0.8820
vn 0.4714 0.0021 -0.8819
vn 0.0977 0.0004 0.9952
vn 0.0982 0.0004 0.9952
vn 0.0981 0.0004 0.9952
vn -0.7726 -0.0035 0.6349
vn 0.2901 0.0011 -0.9570
vn 0.2903 0.0013 -0.9569
vn 0.2901 0.0011 0.9570
vn 0.2904 0.0013 0.9569
vn 0.2903 0.0009 0.9569
vn -0.6347 -0.0028 0.7728
vn -0.6343 -0.0028 0.7731
vn -0.6346 -0.0028 0.7729
vn -0.6349 -0.0029 0.7726
vn 0.0980 0.0004 -0.9952
vn 0.0979 0.0004 -0.9952
vn 0.4714 0.0021 0.8819
vn 0.4715 0.0021 0.8819
vn -0.4715 -0.0021 0.8819
vn -0.4716 -0.0021 0.8818
vn -0.0980 -0.0004 -0.9952
vn -0.0979 -0.0004 -0.9952
vn 0.6346 0.0024 0.7729
vn 0.6349 0.0029 0.7726
vn 0.6344 0.0027 0.7730
vn -0.2903 -0.0013 0.9569
vn -0.2903 -0.0013 -0.9569
vn 0.7729 0.0033 0.6345
vn 0.7730 0.0032 0.6344
vn 0.7729 0.0029 0.6345
vn 0.7726 0.0035 0.6349
vn -0.0979 -0.0004 0.9952
vn -0.0982 -0.0004 0.9952
vn -0.0976 -0.0004 0.9952
vn -0.0981 -0.0004 0.9952
vn -0.4712 -0.0021 -0.8820
vn -0.4713 -0.0021 -0.8820
vn -0.4715 -0.0021 -0.8818
vn 0.8816 0.0040 0.4719
vn 0.8819 0.0039 0.4715
vn 0.8819 0.0040 0.4715
vn -0.6347 -0.0028 -0.7728
vn -0.6344 -0.0028 -0.7730
vn -0.6349 -0.0029 -0.7726
vn -0.6347 -0.0029 -0.7728
vn 0.9569 0.0044 0.2903
vn -0.7726 -0.0035 -0.6349
vn 0.9952 0.0046 0.0977
vn -0.0000 -1.0000 -0.0000
vn -0.9952 -0.0000 0.0981
vn -0.2439 -0.8555 0.4568
vn -0.2439 -0.8554 0.4570
vn -0.2439 -0.8556 0.4565
vn -0.2439 -0.8557 0.4564
vn -0.0507 -0.8556 -0.5152
vn -0.0507 -0.8554 -0.5154
vn -0.0507 -0.8556 -0.5151
vn -0.0507 -0.8557 -0.5150
vn 0.3283 -0.8557 0.4000
vn 0.3283 -0.8557 0.3999
vn 0.3284 -0.8556 0.4001
vn -0.1502 -0.8557 0.4953
vn -0.1502 -0.8556 0.4953
vn -0.1504 -0.8556 0.4954
vn -0.1503 -0.8555 0.4955
vn -0.1502 -0.8557 -0.4953
vn -0.1502 -0.8556 -0.4953
vn -0.1502 -0.8555 -0.4955
vn 0.4005 -0.8553 0.3288
vn 0.4001 -0.8556 0.3283
vn 0.3999 -0.8556 0.3286
vn 0.4000 -0.8557 0.3284
vn -0.0507 -0.8556 0.5152
vn -0.0507 -0.8556 0.5151
vn -0.2442 -0.8554 -0.4568
vn -0.2440 -0.8557 -0.4563
vn -0.2442 -0.8553 -0.4569
vn -0.2441 -0.8554 -0.4569
vn 0.4565 -0.8556 0.2441
vn 0.4564 -0.8557 0.2441
vn 0.4569 -0.8554 0.2441
vn -0.3282 -0.8556 -0.4004
vn -0.3280 -0.8557 -0.4003
vn -0.3282 -0.8556 -0.4002
vn -0.3285 -0.8555 -0.4002
vn 0.4953 -0.8557 0.1501
vn 0.4951 -0.8558 0.1502
vn 0.4956 -0.8555 0.1501
vn 0.4949 -0.8558 0.1502
vn -0.4001 -0.8556 -0.3284
vn -0.4002 -0.8556 -0.3284
vn -0.3999 -0.8557 -0.3283
vn -0.3998 -0.8558 -0.3283
vn 0.5149 -0.8558 0.0508
vn 0.5147 -0.8558 0.0508
vn 0.5150 -0.8557 0.0508
vn 0.5149 -0.8557 0.0507
vn -0.4568 -0.8555 -0.2439
vn -0.4560 -0.8559 -0.2439
vn -0.4566 -0.8556 -0.2439
vn -0.4569 -0.8554 -0.2439
vn 0.5146 -0.8559 -0.0506
vn 0.5151 -0.8556 -0.0507
vn 0.5147 -0.8559 -0.0507
vn 0.5148 -0.8558 -0.0507
vn -0.4950 -0.8558 -0.1502
vn -0.4951 -0.8558 -0.1502
vn -0.4953 -0.8556 -0.1502
vn -0.4947 -0.8560 -0.1502
vn 0.4953 -0.8557 -0.1501
vn 0.4959 -0.8553 -0.1500
vn 0.4956 -0.8555 -0.1501
vn 0.4951 -0.8558 -0.1502
vn -0.5150 -0.8557 -0.0507
vn -0.5145 -0.8560 -0.0507
vn -0.5147 -0.8559 -0.0506
vn -0.5155 -0.8554 -0.0507
vn 0.4567 -0.8554 -0.2443
vn 0.4567 -0.8555 -0.2442
vn 0.4568 -0.8554 -0.2444
vn -0.5147 -0.8559 0.0507
vn -0.5147 -0.8558 0.0508
vn -0.5146 -0.8559 0.0507
vn -0.5145 -0.8560 0.0506
vn 0.4000 -0.8557 -0.3282
vn 0.3999 -0.8558 -0.3281
vn 0.4001 -0.8556 -0.3284
vn 0.4001 -0.8557 -0.3283
vn -0.4948 -0.8559 0.1501
vn -0.4950 -0.8558 0.1502
vn -0.4949 -0.8558 0.1503
vn -0.4950 -0.8558 0.1503
vn 0.3285 -0.8553 -0.4007
vn 0.3286 -0.8552 -0.4009
vn 0.3284 -0.8556 -0.4002
vn 0.3283 -0.8557 -0.3999
vn -0.4565 -0.8556 0.2440
vn -0.4565 -0.8556 0.2441
vn -0.4565 -0.8558 0.2436
vn -0.4563 -0.8558 0.2435
vn 0.2442 -0.8555 -0.4566
vn 0.2443 -0.8554 -0.4568
vn 0.2440 -0.8556 -0.4565
vn 0.2440 -0.8557 -0.4563
vn 0.0508 -0.8553 0.5157
vn 0.0507 -0.8556 0.5151
vn 0.0507 -0.8557 0.5150
vn 0.0507 -0.8555 0.5153
vn -0.4000 -0.8556 0.3284
vn -0.4002 -0.8556 0.3284
vn -0.4001 -0.8557 0.3282
vn 0.1503 -0.8555 -0.4955
vn 0.1502 -0.8557 -0.4953
vn 0.1505 -0.8553 -0.4958
vn 0.1502 -0.8556 -0.4954
vn 0.1502 -0.8557 0.4953
vn 0.1502 -0.8556 0.4953
vn 0.1502 -0.8557 0.4952
vn -0.3283 -0.8557 0.4000
vn -0.3284 -0.8556 0.4001
vn -0.3283 -0.8557 0.3999
vn 0.0508 -0.8553 -0.5157
vn 0.0508 -0.8553 -0.5156
vn 0.0507 -0.8554 -0.5155
vn 0.2440 -0.8555 0.4568
vn 0.2440 -0.8556 0.4566
vn 0.2438 -0.8556 0.4566
vn 0.2436 -0.8557 0.4565
vn -0.0000 1.0000 -0.0000
vn 0.7731 -0.0000 -0.6343
vn -0.9569 -0.0000 0.2903
vn 0.6342 -0.0000 -0.7732
vn 0.6338 -0.0000 -0.7735
vn -0.8818 -0.0000 0.4716
vn 0.4716 -0.0000 -0.8818
vn 0.0981 -0.0000 0.9952
vn -0.7731 -0.0000 0.6343
vn 0.2903 -0.0000 -0.9569
vn 0.2903 -0.0000 0.9569
vn -0.6344 -0.0000 0.7730
vn 0.0981 -0.0000 -0.9952
vn 0.4713 -0.0000 0.8820
vn 0.4708 -0.0000 0.8822
vn 0.4711 -0.0000 0.8821
vn -0.4708 -0.0000 0.8822
vn -0.0981 -0.0000 -0.9952
vn 0.6344 -0.0000 0.7730
vn -0.2903 -0.0000 0.9569
vn -0.2903 -0.0000 -0.9569
vn 0.7731 -0.0000 0.6343
vn -0.0981 -0.0000 0.9952
vn -0.4716 -0.0000 -0.8818
vn 0.8818 -0.0000 0.4716
vn -0.6345 -0.0000 -0.7729
vn -0.6338 -0.0000 -0.7735
vn -0.6344 -0.0000 -0.7730
vn 0.9569 -0.0000 0.2903
vn -0.7731 -0.0000 -0.6343
vn 0.9952 -0.0000 0.0981
vn -0.8821 -0.0000 -0.4711
vn -0.8818 -0.0000 -0.4716
vn -0.8821 -0.0000 -0.4710
vn 0.9952 -0.0000 -0.0980
vn -0.9569 -0.0000 -0.2903
vn 0.9569 -0.0000 -0.2903
vn -0.9952 -0.0000 -0.0980
vn 0.8818 -0.0000 -0.4716
vn 0.8821 -0.0000 -0.4711
vn 0.8376 -0.4835 0.2542
vn 0.8375 -0.4837 0.2542
vn 0.8377 -0.4835 0.2540
vn 0.8375 -0.4836 0.2543
vn -0.6767 -0.4836 -0.5551
vn -0.6765 -0.4836 -0.5553
vn -0.6767 -0.4835 -0.5552
vn -0.6769 -0.4836 -0.5550
vn 0.8712 -0.4834 0.0859
vn 0.8712 -0.4834 0.0861
vn 0.8711 -0.4835 0.0858
vn 0.8711 -0.4836 0.0858
vn -0.7719 -0.4836 -0.4127
vn -0.7719 -0.4836 -0.4126
vn -0.7720 -0.4837 -0.4124
vn -0.7721 -0.4835 -0.4125
vn 0.8712 -0.4834 -0.0860
vn 0.8711 -0.4836 -0.0858
vn 0.8711 -0.4836 -0.0860
vn -0.8375 -0.4836 -0.2544
vn -0.8376 -0.4836 -0.2540
vn -0.8375 -0.4836 -0.2545
vn -0.8375 -0.4836 -0.2543
vn 0.8376 -0.4835 -0.2542
vn 0.8375 -0.4836 -0.2543
vn 0.8378 -0.4834 -0.2538
vn 0.8376 -0.4836 -0.2540
vn -0.8711 -0.4836 -0.0858
vn -0.8711 -0.4836 -0.0857
vn -0.8711 -0.4836 -0.0859
vn 0.7717 -0.4836 -0.4131
vn 0.7717 -0.4836 -0.4130
vn 0.7718 -0.4836 -0.4128
vn -0.8711 -0.4836 0.0860
vn -0.8711 -0.4837 0.0851
vn -0.8711 -0.4837 0.0852
vn -0.8711 -0.4836 0.0859
vn 0.6765 -0.4836 -0.5554
vn 0.6768 -0.4836 -0.5551
vn 0.6766 -0.4836 -0.5553
vn -0.8374 -0.4837 0.2544
vn -0.8376 -0.4836 0.2541
vn 0.5556 -0.4836 -0.6763
vn 0.5555 -0.4836 -0.6764
vn 0.5553 -0.4836 -0.6766
vn 0.5557 -0.4837 -0.6763
vn -0.7720 -0.4834 0.4128
vn -0.7720 -0.4837 0.4123
vn -0.7720 -0.4836 0.4125
vn -0.7720 -0.4836 0.4126
vn 0.4126 -0.4836 -0.7720
vn 0.4125 -0.4836 -0.7720
vn 0.4126 -0.4836 -0.7719
vn 0.0857 -0.4836 0.8711
vn 0.0858 -0.4836 0.8711
vn 0.0862 -0.4836 0.8710
vn 0.0856 -0.4835 0.8711
vn -0.6765 -0.4838 0.5552
vn -0.6766 -0.4836 0.5553
vn -0.6766 -0.4835 0.5554
vn 0.2539 -0.4836 -0.8377
vn 0.2540 -0.4836 -0.8376
vn 0.2541 -0.4835 -0.8377
vn 0.2544 -0.4835 -0.8376
vn 0.2541 -0.4836 0.8376
vn 0.2539 -0.4835 0.8377
vn -0.5552 -0.4834 0.6768
vn -0.5555 -0.4836 0.6764
vn -0.5554 -0.4835 0.6765
vn -0.5551 -0.4833 0.6770
vn 0.0854 -0.4836 -0.8711
vn 0.0857 -0.4836 -0.8711
vn 0.0859 -0.4836 -0.8711
vn 0.0858 -0.4836 -0.8711
vn 0.4127 -0.4835 0.7719
vn 0.4127 -0.4836 0.7719
vn 0.4130 -0.4835 0.7718
vn 0.4126 -0.4836 0.7719
vn -0.4130 -0.4836 0.7718
vn -0.4127 -0.4834 0.7720
vn -0.4128 -0.4835 0.7719
vn -0.4126 -0.4836 0.7719
vn -0.0857 -0.4836 -0.8711
vn -0.0852 -0.4837 -0.8711
vn -0.0860 -0.4836 -0.8711
vn -0.0858 -0.4836 -0.8711
vn 0.5552 -0.4834 0.6768
vn 0.5551 -0.4833 0.6770
vn 0.5554 -0.4835 0.6765
vn 0.5555 -0.4836 0.6764
vn -0.2542 -0.4836 0.8375
vn -0.2539 -0.4837 0.8376
vn -0.2538 -0.4836 0.8377
vn -0.2540 -0.4836 0.8376
vn -0.2544 -0.4836 -0.8375
vn -0.2548 -0.4835 -0.8374
vn -0.2547 -0.4835 -0.8375
vn -0.2543 -0.4837 -0.8375
vn 0.6766 -0.4836 0.5553
vn 0.6767 -0.4836 0.5552
vn 0.6765 -0.4835 0.5554
vn 0.6765 -0.4837 0.5554
vn -0.0858 -0.4836 0.8711
vn -0.0859 -0.4836 0.8711
vn -0.4126 -0.4836 -0.7720
vn -0.4127 -0.4836 -0.7719
vn -0.4126 -0.4836 -0.7719
vn -0.4125 -0.4836 -0.7720
vn 0.7719 -0.4836 0.4126
vn 0.7720 -0.4836 0.4126
vn -0.5556 -0.4836 -0.6763
vn -0.5555 -0.4836 -0.6764
vn -0.5556 -0.4836 -0.6764
vn -0.5557 -0.4836 -0.6763
vn 0.6343 -0.0000 0.7731
vn 0.8308 -0.5506 -0.0818
vn 0.8308 -0.5505 -0.0817
vn 0.8305 -0.5509 -0.0820
vn -0.7989 -0.5505 -0.2422
vn -0.7988 -0.5507 -0.2421
vn -0.7989 -0.5505 -0.2423
vn 0.7987 -0.5509 -0.2421
vn 0.7989 -0.5505 -0.2423
vn 0.7989 -0.5505 -0.2422
vn 0.7988 -0.5509 -0.2419
vn -0.8305 -0.5509 -0.0820
vn -0.8305 -0.5510 -0.0820
vn -0.8307 -0.5506 -0.0819
vn -0.8309 -0.5504 -0.0818
vn 0.7362 -0.5506 -0.3935
vn 0.7363 -0.5505 -0.3935
vn 0.7361 -0.5507 -0.3935
vn -0.8308 -0.5506 0.0818
vn -0.8307 -0.5506 0.0819
vn -0.8307 -0.5506 0.0817
vn 0.6452 -0.5507 -0.5295
vn 0.6451 -0.5511 -0.5293
vn 0.6453 -0.5506 -0.5295
vn 0.6453 -0.5506 -0.5296
vn -0.7989 -0.5505 0.2423
vn -0.7988 -0.5506 0.2424
vn -0.7989 -0.5505 0.2421
vn 0.5297 -0.5505 -0.6453
vn 0.5296 -0.5505 -0.6454
vn -0.7364 -0.5502 0.3936
vn -0.7361 -0.5507 0.3935
vn -0.7365 -0.5500 0.3937
vn -0.7365 -0.5499 0.3938
vn 0.3937 -0.5500 -0.7365
vn 0.3935 -0.5503 -0.7364
vn 0.3937 -0.5502 -0.7364
vn 0.3937 -0.5503 -0.7363
vn 0.0818 -0.5505 0.8308
vn 0.0817 -0.5506 0.8308
vn 0.0817 -0.5504 0.8309
vn -0.6453 -0.5504 0.5297
vn -0.6453 -0.5505 0.5296
vn -0.6452 -0.5503 0.5300
vn -0.6454 -0.5506 0.5294
vn 0.2428 -0.5506 -0.7987
vn 0.2423 -0.5505 -0.7989
vn 0.2427 -0.5503 -0.7989
vn 0.2426 -0.5500 -0.7991
vn 0.2422 -0.5505 0.7989
vn 0.2423 -0.5505 0.7989
vn -0.5296 -0.5507 0.6452
vn -0.5296 -0.5505 0.6454
vn -0.5296 -0.5505 0.6453
vn -0.5296 -0.5506 0.6452
vn 0.0820 -0.5509 -0.8305
vn 0.0819 -0.5506 -0.8307
vn 0.0820 -0.5509 -0.8306
vn 0.3935 -0.5504 0.7363
vn 0.3936 -0.5503 0.7364
vn 0.3936 -0.5502 0.7364
vn 0.3935 -0.5503 0.7364
vn -0.3938 -0.5507 0.7360
vn -0.3936 -0.5506 0.7362
vn -0.3938 -0.5505 0.7362
vn -0.3937 -0.5503 0.7363
vn -0.0820 -0.5507 -0.8307
vn -0.0819 -0.5506 -0.8308
vn -0.0821 -0.5509 -0.8305
vn -0.0821 -0.5510 -0.8305
vn 0.5296 -0.5502 0.6456
vn 0.5296 -0.5504 0.6454
vn 0.5296 -0.5506 0.6453
vn 0.5296 -0.5505 0.6454
vn -0.2423 -0.5505 0.7989
vn -0.2426 -0.5509 0.7986
vn -0.2421 -0.5505 0.7989
vn -0.2420 -0.5505 0.7990
vn -0.2426 -0.5507 -0.7987
vn -0.2427 -0.5506 -0.7987
vn -0.2425 -0.5504 -0.7989
vn -0.2423 -0.5505 -0.7989
vn 0.6451 -0.5508 0.5296
vn 0.6453 -0.5506 0.5296
vn 0.6455 -0.5505 0.5295
vn 0.6456 -0.5503 0.5295
vn -0.0819 -0.5506 0.8308
vn -0.0821 -0.5510 0.8305
vn -0.0821 -0.5509 0.8305
vn -0.0822 -0.5509 0.8305
vn -0.3938 -0.5505 -0.7361
vn -0.3937 -0.5505 -0.7362
vn -0.3937 -0.5507 -0.7361
vn -0.3936 -0.5508 -0.7360
vn 0.7362 -0.5506 0.3935
vn 0.7363 -0.5505 0.3935
vn -0.5293 -0.5506 -0.6455
vn -0.5296 -0.5505 -0.6453
vn -0.5290 -0.5507 -0.6457
vn -0.5292 -0.5505 -0.6457
vn 0.7988 -0.5506 0.2423
vn 0.7989 -0.5505 0.2423
vn -0.6452 -0.5506 -0.5296
vn -0.6454 -0.5505 -0.5296
vn -0.6450 -0.5509 -0.5296
vn 0.8307 -0.5507 0.0819
vn 0.8307 -0.5506 0.0819
vn -0.7365 -0.5500 -0.3937
vn -0.7366 -0.5499 -0.3936
vn -0.7364 -0.5502 -0.3937
vn -0.7363 -0.5503 -0.3937
vn -0.2907 -0.0000 0.9568
vn -0.2907 -0.0000 -0.9568
vn 0.7729 -0.0000 0.6346
vn -0.0984 -0.0000 0.9951
vn -0.4718 -0.0000 -0.8817
vn 0.8820 -0.0000 0.4713
vn -0.6345 -0.0000 -0.7730
vn 0.9571 -0.0000 0.2898
vn 0.9952 -0.0000 0.0983
vn 0.9952 -0.0000 0.0978
vn -0.8820 -0.0000 -0.4713
vn 0.9952 -0.0000 -0.0983
vn -0.9571 -0.0000 -0.2898
vn 0.9570 -0.0000 -0.2901
vn -0.9952 -0.0000 -0.0983
vn 0.8820 -0.0000 -0.4713
vn -0.9952 -0.0000 0.0983
vn -0.9952 -0.0000 0.0980
vn -0.9571 -0.0000 0.2898
vn 0.6344 -0.0000 -0.7730
vn -0.8820 -0.0000 0.4713
vn 0.4713 -0.0000 -0.8820
vn 0.0983 -0.0000 0.9952
vn -0.7729 -0.0000 0.6346
vn 0.2911 -0.0000 -0.9567
vn 0.2902 -0.0000 0.9570
vn 0.2904 -0.0000 0.9569
vn 0.2906 -0.0000 0.9568
vn 0.2901 -0.0000 0.9570
vn -0.6343 -0.0000 0.7731
vn 0.0983 -0.0000 -0.9952
vn -0.4718 -0.0000 0.8817
vn -0.0984 -0.0000 -0.9951
vn -0.3549 -0.0000 -0.9349
vn -0.3550 -0.0000 -0.9349
vn -0.1657 -0.0000 -0.9862
vn 0.0299 -0.0000 -0.9996
vn 0.2243 -0.0000 -0.9745
vn 0.4102 -0.0000 -0.9120
vn 0.4101 -0.0000 -0.9120
vn 0.5801 -0.0000 -0.8146
vn 0.5801 -0.0000 -0.8145
vn 0.7279 -0.0000 -0.6857
vn 0.8477 -0.0000 -0.5305
vn 0.9349 -0.0000 -0.3549
vn 0.9349 -0.0000 -0.3550
vn 0.9862 -0.0000 -0.1657
vn 0.9996 -0.0000 0.0299
vn 0.9745 -0.0000 0.2243
vn 0.9121 -0.0000 0.4100
vn 0.9121 -0.0000 0.4101
vn 0.8145 -0.0000 0.5802
vn 0.6857 -0.0000 0.7279
vn 0.5305 -0.0000 0.8477
vn 0.3549 -0.0000 0.9349
vn 0.1657 -0.0000 0.9862
vn -0.0299 -0.0000 0.9996
vn -0.2243 -0.0000 0.9745
vn -0.4101 -0.0000 0.9121
vn -0.4099 -0.0000 0.9121
vn -0.5802 -0.0000 0.8145
vn -0.7279 -0.0000 0.6857
vn -0.8477 -0.0000 0.5304
vn -0.8477 -0.0000 0.5305
vn -0.9349 -0.0000 0.3550
vn -0.9349 -0.0000 0.3549
vn -0.9862 -0.0000 0.1657
vn -0.9862 -0.0000 0.1654
vn -0.9862 -0.0000 0.1656
vn -0.9996 -0.0000 -0.0299
vn -0.9745 -0.0000 -0.2243
vn -0.9121 -0.0000 -0.4101
vn -0.9120 -0.0000 -0.4101
vn -0.9121 -0.0000 -0.4100
vn -0.8146 -0.0000 -0.5801
vn -0.8145 -0.0000 -0.5802
vn 0.8312 0.4607 -0.3113
vn 0.8311 0.4607 -0.3114
vn -0.6857 -0.0000 -0.7279
vn -0.5306 -0.0000 -0.8476
vn -0.5307 -0.0000 -0.8475
vn -0.5305 -0.0000 -0.8477
vn -0.0000 -1.0000 -0.0005
vn -0.0000 -1.0000 0.0006
vn 0.0579 0.6232 -0.7799
vn 0.0580 0.6233 -0.7798
vn 0.0580 0.6232 -0.7799
vn -0.0800 0.7022 0.7075
vn -0.0799 0.7022 0.7075
vn -0.0801 0.7022 0.7075
vn -0.1629 0.9797 0.1168
vn -0.1629 0.9797 0.1166
vn -0.1629 0.9797 0.1167
vn -0.1628 0.9797 0.1171
vn 0.3330 0.4516 -0.8277
vn 0.6770 0.4608 0.5738
vn 0.6770 0.4609 0.5738
vn -0.1179 0.9930 0.0101
vn -0.1180 0.9930 0.0101
vn -0.4226 0.5301 -0.7351
vn -0.4227 0.5301 -0.7351
vn -0.5559 0.6037 -0.5715
vn -0.5559 0.6037 -0.5714
vn -0.5560 0.6037 -0.5713
vn 0.8785 0.4584 -0.1349
vn 0.8784 0.4584 -0.1349
vn -0.2242 0.8074 0.5457
vn -0.2238 0.8075 0.5457
vn -0.2241 0.8075 0.5457
vn -0.2243 0.8074 0.5457
vn -0.2940 0.9504 0.1014
vn 0.4980 0.4548 -0.7383
vn 0.4980 0.4549 -0.7383
vn 0.5216 0.4843 0.7024
vn -0.0648 0.9978 0.0114
vn -0.0647 0.9978 0.0115
vn -0.0648 0.9978 0.0113
vn -0.2447 0.4843 -0.8400
vn -0.2448 0.4843 -0.8400
vn -0.2446 0.4843 -0.8400
vn 0.8892 0.4548 0.0493
vn 0.8892 0.4548 0.0494
vn 0.8892 0.4548 0.0492
vn -0.2815 0.8945 0.3473
vn -0.2814 0.8946 0.3472
vn -0.2814 0.8945 0.3473
vn -0.2813 0.8946 0.3473
vn -0.4467 0.8946 0.0144
vn -0.4467 0.8946 0.0145
vn -0.4467 0.8946 0.0147
vn 0.6383 0.4584 -0.6184
vn 0.3304 0.5301 0.7809
vn 0.3304 0.5302 0.7808
vn -0.0481 0.9978 0.0447
vn -0.0482 0.9978 0.0447
vn -0.0483 0.4608 -0.8862
vn -0.0482 0.4608 -0.8862
vn 0.8607 0.4517 0.2348
vn -0.2584 0.9504 0.1730
vn -0.2584 0.9505 0.1729
vn -0.2585 0.9504 0.1730
vn -0.5702 0.8075 -0.1511
vn -0.5708 0.8069 -0.1518
vn -0.5702 0.8075 -0.1510
vn 0.7503 0.4606 -0.4742
vn 0.7503 0.4607 -0.4742
vn 0.1193 0.6037 0.7882
vn 0.1197 0.6037 0.7882
vn 0.1195 0.6037 0.7882
vn 0.1194 0.6036 0.7883
vn -0.0792 0.9930 0.0879
vn -0.0792 0.9930 0.0880
vn -0.0792 0.9930 0.0878
vn 0.1485 0.4521 -0.8795
vn 0.1484 0.4521 -0.8795
vn 0.7905 0.4521 0.4132
vn -0.1915 0.9797 0.0592
vn -0.1914 0.9797 0.0592
vn -0.6121 0.7021 -0.3639
vn -0.6120 0.7021 -0.3639
vn -0.6122 0.7021 -0.3638
vn -0.6121 0.7021 -0.3638
vn -0.8203 -0.4014 0.4074
vn -0.8203 -0.4014 0.4075
vn -0.8203 -0.4016 0.4072
vn -0.8206 -0.4022 0.4060
vn -0.8202 -0.4015 0.4075
vn -0.8204 -0.4008 0.4078
vn -0.8202 -0.4019 0.4072
vn -0.8202 -0.4017 0.4074
vn -0.8207 -0.4005 0.4076
vn -0.8200 -0.4016 0.4077
vn -0.8204 -0.4013 0.4074
vn -0.8204 -0.4012 0.4075
vn -0.8204 -0.4013 0.4073
vn -0.8206 -0.4011 0.4070
vn -0.8202 -0.4015 0.4074
vn -0.8203 -0.4015 0.4073
vn -0.8209 -0.3999 0.4077
vn -0.8203 -0.4015 0.4074
vn -0.8200 -0.4016 0.4078
vn -0.8206 -0.4009 0.4073
vn -0.9366 -0.1054 -0.3342
vn -0.9367 -0.1054 -0.3340
vn -0.9366 -0.1055 -0.3341
vn -0.2997 -0.1056 0.9482
vn -0.2996 -0.1054 0.9482
vn -0.2994 -0.1056 0.9483
vn 0.1544 0.7313 -0.6644
vn 0.1544 0.7315 -0.6641
vn 0.1544 0.7314 -0.6642
vn -0.5748 -0.0878 -0.8136
vn -0.5748 -0.0880 -0.8136
vn -0.5749 -0.0879 -0.8135
vn -0.5749 -0.0878 -0.8135
vn -0.8931 0.3342 0.3012
vn -0.8931 0.3341 0.3012
vn 0.2405 0.8072 -0.5390
vn -0.7744 0.6269 -0.0856
vn -0.7744 0.6269 -0.0858
vn -0.7743 0.6270 -0.0856
vn 0.3184 0.8550 -0.4094
vn -0.6106 0.7776 -0.1500
vn -0.6107 0.7775 -0.1502
vn 0.3901 0.8780 -0.2773
vn -0.4802 0.8702 -0.1106
vn -0.4803 0.8701 -0.1106
vn -0.4802 0.8701 -0.1107
vn -0.4802 0.8702 -0.1105
vn 0.4567 0.8780 -0.1432
vn 0.4567 0.8780 -0.1433
vn -0.3773 0.9257 -0.0286
vn -0.3774 0.9256 -0.0287
vn -0.3773 0.9256 -0.0287
vn -0.3772 0.9257 -0.0286
vn 0.5186 0.8550 -0.0063
vn 0.5186 0.8550 -0.0064
vn -0.2976 0.9518 0.0748
vn -0.2975 0.9518 0.0749
vn -0.2976 0.9518 0.0749
vn 0.5748 0.8072 0.1340
vn 0.5748 0.8072 0.1341
vn -0.2394 0.9518 0.1918
vn -0.2395 0.9518 0.1918
vn 0.6226 0.7314 0.2783
vn 0.6226 0.7314 0.2784
vn -0.2052 0.9256 0.3180
vn 0.6564 0.6232 0.4251
vn 0.6564 0.6232 0.4252
vn -0.2021 0.8702 0.4494
vn -0.2019 0.8701 0.4495
vn 0.6665 0.4793 0.5711
vn 0.6664 0.4793 0.5711
vn -0.3422 0.0998 -0.9343
vn -0.3421 0.0999 -0.9343
vn -0.2496 0.7775 0.5772
vn -0.2493 0.7775 0.5774
vn -0.2493 0.7775 0.5773
vn -0.2495 0.7775 0.5773
vn 0.6363 0.3009 0.7104
vn 0.6363 0.3011 0.7102
vn 0.6363 0.3010 0.7103
vn -0.1816 0.3010 -0.9362
vn -0.1816 0.3009 -0.9362
vn -0.3996 0.6270 0.6687
vn -0.3996 0.6269 0.6688
vn 0.5377 0.0998 0.8372
vn 0.5378 0.0999 0.8371
vn -0.0525 0.4793 -0.8761
vn -0.0525 0.4794 -0.8760
vn -0.7795 0.3342 0.5298
vn -0.7795 0.3343 0.5297
vn -0.7796 0.3342 0.5297
vn -0.7795 0.3344 0.5297
vn 0.3010 -0.0878 0.9496
vn 0.3009 -0.0877 0.9496
vn 0.3011 -0.0878 0.9495
vn 0.7148 -0.0000 -0.6994
vn 0.7147 -0.0000 -0.6994
vn 0.8375 -0.0000 -0.5465
vn 0.8374 -0.0000 -0.5466
vn 0.9280 -0.0000 -0.3726
vn 0.9828 -0.0000 -0.1844
vn 0.9999 -0.0000 0.0109
vn 0.9786 -0.0000 0.2058
vn 0.9197 -0.0000 0.3926
vn 0.8254 -0.0000 0.5646
vn 0.8254 -0.0000 0.5645
vn 0.6993 -0.0000 0.7148
vn 0.6993 -0.0000 0.7149
vn 0.5465 -0.0000 0.8375
vn 0.3726 -0.0000 0.9280
vn 0.1844 -0.0000 0.9829
vn -0.0109 -0.0000 0.9999
vn -0.2058 -0.0000 0.9786
vn -0.3927 -0.0000 0.9197
vn -0.5646 -0.0000 0.8254
vn -0.7148 -0.0000 0.6993
vn -0.8374 -0.0000 0.5465
vn -0.9280 -0.0000 0.3726
vn -0.9829 -0.0000 0.1844
vn -0.9999 -0.0000 -0.0109
vn -0.9786 -0.0000 -0.2057
vn -0.9196 -0.0000 -0.3928
vn -0.8254 -0.0000 -0.5646
vn -0.6993 -0.0000 -0.7148
vn -0.5465 -0.0000 -0.8375
vn -0.3726 -0.0000 -0.9280
vn -0.1844 -0.0000 -0.9829
vn -0.1844 -0.0000 -0.9828
vn 0.0109 -0.0000 -0.9999
vn 0.2058 -0.0000 -0.9786
vn 0.6179 0.4607 0.6372
vn 0.6179 0.4606 0.6372
vn 0.3928 -0.0000 -0.9196
vn 0.5646 -0.0000 -0.8254
vn 0.5645 -0.0000 -0.8254
vn 0.7379 0.6231 -0.2592
vn 0.7379 0.6231 -0.2593
vn 0.7379 0.6233 -0.2590
vn -0.6804 0.7021 0.2099
vn -0.1721 0.9797 -0.1025
vn -0.1721 0.9797 -0.1026
vn 0.8918 0.4517 -0.0260
vn 0.8918 0.4517 -0.0261
vn -0.2550 0.4607 0.8501
vn -0.0563 0.9930 -0.1041
vn -0.0563 0.9930 -0.1042
vn -0.0563 0.9930 -0.1043
vn 0.5046 0.5300 -0.6815
vn 0.5045 0.5300 -0.6816
vn 0.3013 0.6037 -0.7381
vn 0.3012 0.6037 -0.7381
vn 0.4751 0.4584 0.7511
vn -0.5897 0.8075 0.0129
vn -0.5897 0.8075 0.0128
vn -0.5897 0.8075 0.0132
vn -0.2106 0.9504 -0.2289
vn -0.2105 0.9505 -0.2288
vn -0.2104 0.9504 -0.2289
vn -0.2105 0.9504 -0.2290
vn 0.8759 0.4548 0.1611
vn 0.8759 0.4548 0.1610
vn -0.4351 0.4843 0.7590
vn -0.4349 0.4844 0.7591
vn -0.4350 0.4843 0.7591
vn -0.0364 0.9978 -0.0547
vn -0.0363 0.9978 -0.0547
vn 0.6720 0.4843 -0.5603
vn 0.6720 0.4843 -0.5602
vn 0.6719 0.4843 -0.5604
vn 0.3106 0.4548 0.8347
vn -0.4308 0.8946 -0.1189
vn -0.4308 0.8946 -0.1191
vn -0.1919 0.8946 -0.4036
vn -0.1916 0.8946 -0.4036
vn -0.1921 0.8945 -0.4036
vn -0.1922 0.8945 -0.4036
vn 0.8223 0.4583 0.3374
vn 0.8222 0.4583 0.3375
vn 0.8222 0.4584 0.3375
vn -0.5835 0.5300 0.6153
vn -0.5835 0.5301 0.6152
vn -0.5835 0.5301 0.6153
vn -0.0603 0.9978 -0.0262
vn -0.0602 0.9978 -0.0262
vn 0.7929 0.4608 -0.3987
vn 0.7929 0.4608 -0.3988
vn 0.1292 0.4517 0.8828
vn -0.2619 0.9504 -0.1677
vn -0.2619 0.9504 -0.1676
vn -0.0898 0.8075 -0.5830
vn -0.0896 0.8075 -0.5830
vn -0.0897 0.8075 -0.5830
vn 0.7348 0.4607 0.4978
vn 0.7348 0.4606 0.4979
vn 0.7348 0.4606 0.4978
vn -0.6745 0.6037 0.4249
vn -0.6746 0.6037 0.4248
vn -0.1124 0.9930 -0.0374
vn -0.1123 0.9930 -0.0374
vn 0.8654 0.4521 -0.2161
vn 0.8654 0.4521 -0.2160
vn -0.0624 0.4521 0.8898
vn -0.1309 0.9797 -0.1517
vn -0.1308 0.9797 -0.1518
vn 0.0885 0.7021 -0.7065
vn 0.0883 0.7021 -0.7066
vn 0.0885 0.7022 -0.7065
vn 0.0886 0.7022 -0.7065
vn -0.7016 -0.4014 -0.5887
vn -0.7018 -0.4009 -0.5888
vn -0.7016 -0.4015 -0.5887
vn -0.7016 -0.4014 -0.5888
vn -0.7016 -0.4010 -0.5890
vn -0.7017 -0.4014 -0.5887
vn -0.7018 -0.4014 -0.5885
vn -0.7016 -0.4013 -0.5888
vn -0.7016 -0.4006 -0.5893
vn -0.7015 -0.4013 -0.5889
vn -0.7018 -0.4013 -0.5886
vn -0.7014 -0.4016 -0.5888
vn -0.7020 -0.4011 -0.5885
vn -0.7014 -0.4018 -0.5887
vn -0.7014 -0.4012 -0.5891
vn -0.7015 -0.4013 -0.5890
vn -0.0686 -0.1055 -0.9921
vn -0.0685 -0.1054 -0.9921
vn -0.0686 -0.1054 -0.9921
vn -0.9889 -0.1054 0.1047
vn -0.9889 -0.1055 0.1048
vn 0.6706 0.7313 -0.1243
vn 0.6706 0.7314 -0.1241
vn 0.6706 0.7314 -0.1242
vn 0.5157 -0.0878 -0.8523
vn 0.5157 -0.0881 -0.8522
vn 0.5157 -0.0882 -0.8522
vn -0.6332 0.3343 -0.6981
vn -0.6333 0.3343 -0.6980
vn -0.6334 0.3341 -0.6980
vn -0.6333 0.3342 -0.6980
vn 0.5902 0.8072 0.0047
vn 0.5902 0.8073 0.0048
vn -0.2313 0.6269 -0.7440
vn -0.2311 0.6269 -0.7440
vn 0.5026 0.8550 0.1278
vn 0.5025 0.8550 0.1280
vn -0.1067 0.7775 -0.6197
vn -0.1069 0.7775 -0.6197
vn 0.4101 0.8781 0.2466
vn 0.4102 0.8780 0.2466
vn 0.4102 0.8781 0.2465
vn -0.0908 0.8702 -0.4843
vn -0.0907 0.8702 -0.4843
vn 0.3140 0.8780 0.3612
vn 0.3140 0.8781 0.3611
vn 0.3141 0.8780 0.3611
vn -0.1248 0.9257 -0.3572
vn -0.1247 0.9256 -0.3573
vn 0.2133 0.8550 0.4728
vn 0.2133 0.8550 0.4727
vn -0.1877 0.9518 -0.2427
vn -0.1876 0.9518 -0.2427
vn 0.1071 0.8073 0.5804
vn 0.1071 0.8072 0.5805
vn -0.2717 0.9517 -0.1427
vn -0.2718 0.9517 -0.1426
vn -0.0059 0.7314 0.6819
vn -0.3734 0.9257 -0.0609
vn -0.3734 0.9257 -0.0608
vn -0.3735 0.9256 -0.0608
vn -0.1270 0.6232 0.7717
vn -0.1268 0.6232 0.7717
vn -0.4927 0.8702 -0.0054
vn -0.4927 0.8702 -0.0053
vn -0.4926 0.8702 -0.0055
vn -0.2569 0.4793 0.8392
vn -0.2568 0.4794 0.8392
vn -0.2567 0.4794 0.8392
vn 0.7193 0.0998 -0.6875
vn 0.7193 0.0999 -0.6875
vn -0.6289 0.7775 0.0022
vn -0.6289 0.7775 0.0021
vn -0.6289 0.7775 0.0025
vn -0.6288 0.7776 0.0025
vn -0.3964 0.3010 0.8673
vn -0.3963 0.3010 0.8674
vn -0.3965 0.3010 0.8673
vn 0.7853 0.3010 -0.5410
vn 0.7853 0.3010 -0.5411
vn 0.7854 0.3010 -0.5409
vn -0.7728 0.6269 -0.0987
vn -0.7726 0.6272 -0.0980
vn -0.7729 0.6269 -0.0985
vn -0.5522 0.0998 0.8277
vn 0.7819 0.4794 -0.3985
vn 0.7819 0.4793 -0.3986
vn -0.7974 0.3343 -0.5024
vn -0.7974 0.3344 -0.5024
vn -0.7974 0.3344 -0.5023
vn -0.7498 -0.0878 0.6558
vn -0.7499 -0.0879 0.6557
vn -0.7496 -0.0878 0.6560
vn 0.0602 -0.0000 -0.9982
vn 0.2538 -0.0000 -0.9673
vn 0.2539 -0.0000 -0.9672
vn 0.4375 -0.0000 -0.8992
vn 0.4376 -0.0000 -0.8992
vn 0.6046 -0.0000 -0.7965
vn 0.6039 -0.0000 -0.7971
vn 0.6042 -0.0000 -0.7968
vn 0.6047 -0.0000 -0.7964
vn 0.7484 -0.0000 -0.6632
vn 0.7485 -0.0000 -0.6632
vn 0.8635 -0.0000 -0.5044
vn 0.8634 -0.0000 -0.5045
vn 0.8634 -0.0000 -0.5044
vn 0.9452 -0.0000 -0.3264
vn 0.9907 -0.0000 -0.1357
vn 0.9982 -0.0000 0.0602
vn 0.9673 -0.0000 0.2537
vn 0.8992 -0.0000 0.4376
vn 0.8992 -0.0000 0.4375
vn 0.7965 -0.0000 0.6046
vn 0.6633 -0.0000 0.7483
vn 0.6633 -0.0000 0.7484
vn 0.5045 -0.0000 0.8634
vn 0.5043 -0.0000 0.8635
vn 0.3264 -0.0000 0.9452
vn 0.3265 -0.0000 0.9452
vn 0.1357 -0.0000 0.9908
vn -0.0602 -0.0000 0.9982
vn -0.2538 -0.0000 0.9673
vn -0.4376 -0.0000 0.8992
vn -0.6044 -0.0000 0.7967
vn -0.6041 -0.0000 0.7969
vn -0.6047 -0.0000 0.7964
vn -0.6046 -0.0000 0.7965
vn -0.7484 -0.0000 0.6633
vn -0.7484 -0.0000 0.6632
vn -0.8634 -0.0000 0.5044
vn -0.8634 -0.0000 0.5045
vn -0.8633 -0.0000 0.5046
vn -0.9452 -0.0000 0.3264
vn -0.9907 -0.0000 0.1357
vn -0.9982 -0.0000 -0.0602
vn -0.9673 -0.0000 -0.2538
vn -0.8992 -0.0000 -0.4376
vn -0.7965 -0.0000 -0.6046
vn -0.7971 -0.0000 -0.6039
vn -0.7968 -0.0000 -0.6042
vn -0.7965 -0.0000 -0.6047
vn -0.6632 -0.0000 -0.7484
vn -0.6633 -0.0000 -0.7484
vn -0.5043 -0.0000 -0.8635
vn -0.5045 -0.0000 -0.8634
vn -0.5039 -0.0000 -0.8638
vn 0.8857 0.4606 0.0575
vn 0.8857 0.4606 0.0574
vn -0.3264 -0.0000 -0.9452
vn -0.1357 -0.0000 -0.9907
vn -0.1357 -0.0000 -0.9908
vn -0.0000 -1.0000 0.0005
vn -0.0000 -1.0000 0.0003
vn 0.3730 0.6232 -0.6874
vn 0.3730 0.6231 -0.6875
vn -0.3635 0.7021 0.6123
vn -0.3634 0.7021 0.6124
vn -0.1964 0.9797 0.0396
vn -0.1964 0.9797 0.0395
vn -0.1964 0.9797 0.0397
vn 0.6435 0.4517 -0.6180
vn 0.6435 0.4517 -0.6179
vn 0.3818 0.4608 0.8012
vn -0.1117 0.9930 -0.0393
vn -0.1117 0.9930 -0.0394
vn -0.0837 0.5301 -0.8438
vn -0.0836 0.5301 -0.8438
vn -0.2723 0.6037 -0.7493
vn -0.2724 0.6036 -0.7493
vn -0.2722 0.6037 -0.7493
vn 0.8563 0.4585 0.2376
vn 0.8564 0.4584 0.2376
vn -0.4284 0.8075 0.4055
vn -0.4283 0.8075 0.4055
vn -0.4285 0.8075 0.4055
vn -0.3097 0.9504 -0.0284
vn -0.3097 0.9504 -0.0283
vn -0.3097 0.9504 -0.0282
vn 0.7572 0.4548 -0.4688
vn 0.7572 0.4548 -0.4689
vn 0.1872 0.4843 0.8546
vn 0.1872 0.4842 0.8547
vn -0.0637 0.9978 -0.0162
vn -0.0637 0.9978 -0.0161
vn 0.1219 0.4843 -0.8664
vn 0.1219 0.4842 -0.8664
vn 0.1220 0.4843 -0.8664
vn 0.7906 0.4548 0.4100
vn -0.3991 0.8946 0.2011
vn -0.3991 0.8946 0.2010
vn -0.4132 0.8946 -0.1703
vn -0.4131 0.8946 -0.1704
vn -0.4132 0.8946 -0.1702
vn 0.8359 0.4584 -0.3018
vn -0.0194 0.5301 0.8477
vn -0.0195 0.5301 0.8477
vn -0.0623 0.9978 0.0210
vn -0.0623 0.9978 0.0209
vn 0.3199 0.4608 -0.8279
vn 0.3198 0.4608 -0.8279
vn 0.6884 0.4517 0.5675
vn 0.6885 0.4517 0.5674
vn -0.3067 0.9504 0.0517
vn -0.3066 0.9504 0.0517
vn -0.4578 0.8075 -0.3720
vn -0.4579 0.8075 -0.3719
vn 0.8788 0.4606 -0.1244
vn 0.8788 0.4607 -0.1244
vn -0.2147 0.6037 0.7678
vn -0.2145 0.6037 0.7678
vn -0.2148 0.6037 0.7677
vn -0.1084 0.9930 0.0477
vn -0.1084 0.9930 0.0476
vn 0.4964 0.4521 -0.7411
vn 0.5511 0.4521 0.7013
vn 0.5512 0.4521 0.7013
vn 0.5511 0.4521 0.7014
vn -0.1989 0.9797 -0.0245
vn -0.1988 0.9797 -0.0245
vn -0.4089 0.7022 -0.5829
vn -0.4087 0.7021 -0.5831
vn -0.4087 0.7022 -0.5830
vn -0.4089 0.7021 -0.5830
vn -0.9152 -0.4014 0.0349
vn -0.9152 -0.4014 0.0356
vn -0.9152 -0.4014 0.0350
vn -0.9150 -0.4019 0.0344
vn -0.9152 -0.4014 0.0348
vn -0.9153 -0.4013 0.0350
vn -0.9155 -0.4008 0.0351
vn -0.9151 -0.4018 0.0348
vn -0.9152 -0.4015 0.0348
vn -0.9153 -0.4014 0.0348
vn -0.9152 -0.4015 0.0347
vn -0.9153 -0.4014 0.0345
vn -0.9153 -0.4013 0.0348
vn -0.9152 -0.4014 0.0347
vn -0.9152 -0.4015 0.0343
vn -0.9154 -0.4011 0.0355
vn -0.9151 -0.4016 0.0350
vn -0.9153 -0.4013 0.0347
vn -0.9154 -0.4011 0.0350
vn -0.9148 -0.4024 0.0345
vn -0.9151 -0.4017 0.0347
vn -0.9153 -0.4013 0.0351
vn -0.9152 -0.4016 0.0352
vn -0.7168 -0.1056 -0.6893
vn -0.7168 -0.1056 -0.6892
vn -0.7170 -0.1056 -0.6890
vn -0.6625 -0.1055 0.7416
vn -0.6626 -0.1055 0.7415
vn 0.4136 0.7314 -0.5422
vn 0.4136 0.7313 -0.5424
vn -0.1902 -0.0879 -0.9778
vn -0.1901 -0.0878 -0.9778
vn -0.9380 0.3342 -0.0921
vn -0.9380 0.3342 -0.0920
vn -0.9380 0.3342 -0.0924
vn 0.4406 0.8072 -0.3928
vn -0.6709 0.6269 -0.3961
vn -0.6710 0.6270 -0.3959
vn -0.6710 0.6270 -0.3958
vn 0.4584 0.8550 -0.2425
vn 0.4584 0.8550 -0.2424
vn -0.4952 0.7775 -0.3876
vn -0.4952 0.7775 -0.3877
vn 0.4694 0.8781 -0.0927
vn 0.4695 0.8780 -0.0929
vn 0.4695 0.8780 -0.0928
vn -0.3925 0.8701 -0.2980
vn 0.4752 0.8780 0.0570
vn 0.4752 0.8780 0.0569
vn 0.4752 0.8780 0.0568
vn -0.3323 0.9256 -0.1811
vn -0.3323 0.9257 -0.1810
vn -0.3323 0.9257 -0.1809
vn 0.4755 0.8550 0.2072
vn 0.4755 0.8550 0.2071
vn -0.3021 0.9518 -0.0538
vn 0.4691 0.8072 0.3581
vn 0.4691 0.8072 0.3583
vn 0.4692 0.8072 0.3581
vn -0.2971 0.9518 0.0767
vn -0.2971 0.9518 0.0766
vn 0.4535 0.7314 0.5094
vn 0.4535 0.7314 0.5093
vn 0.4534 0.7313 0.5095
vn -0.3176 0.9256 0.2057
vn -0.3176 0.9257 0.2054
vn -0.3176 0.9257 0.2056
vn 0.4240 0.6232 0.6571
vn 0.4240 0.6231 0.6573
vn 0.4240 0.6231 0.6572
vn 0.4240 0.6233 0.6571
vn -0.3687 0.8702 0.3268
vn -0.3687 0.8702 0.3267
vn -0.3687 0.8702 0.3269
vn 0.3731 0.4795 0.7943
vn 0.3731 0.4794 0.7943
vn 0.0715 0.0998 -0.9924
vn 0.0716 0.0998 -0.9924
vn -0.4644 0.7775 0.4240
vn -0.4644 0.7775 0.4241
vn 0.2885 0.3010 0.9089
vn 0.2884 0.3010 0.9090
vn 0.2188 0.3010 -0.9282
vn -0.6389 0.6270 0.4457
vn -0.6390 0.6269 0.4458
vn -0.6391 0.6269 0.4456
vn -0.6390 0.6269 0.4457
vn 0.1465 0.0998 0.9842
vn 0.1466 0.0998 0.9841
vn 0.3118 0.4794 -0.8204
vn 0.3118 0.4793 -0.8204
vn 0.3118 0.4795 -0.8203
vn -0.9283 0.3342 0.1631
vn -0.9283 0.3341 0.1631
vn -0.9283 0.3342 0.1630
vn -0.1156 -0.0879 0.9894
vn -0.1154 -0.0878 0.9894
vt 0.000000 0.000000
vt 1.000000 1.000000
vt 0.968800 1.000000
vt 0.968800 0.500000
vt 1.000000 0.500000
vt 0.937500 1.000000
vt 0.937500 0.500000
vt 0.906200 1.000000
vt 0.906200 0.500000
vt 0.875000 1.000000
vt 0.875000 0.500000
vt 0.843800 1.000000
vt 0.843800 0.500000
vt 0.812500 0.500000
vt 0.812500 1.000000
vt 0.781200 0.500000
vt 0.781200 1.000000
vt 0.750000 1.000000
vt 0.750000 0.500000
vt 0.718800 0.500000
vt 0.718800 1.000000
vt 0.687500 0.500000
vt 0.687500 1.000000
vt 0.656200 0.500000
vt 0.656200 1.000000
vt 0.625000 1.000000
vt 0.625000 0.500000
vt 0.593800 0.500000
vt 0.593800 1.000000
vt 0.562500 0.500000
vt 0.562500 1.000000
vt 0.531200 0.500000
vt 0.531200 1.000000
vt 0.500000 0.500000
vt 0.500000 1.000000
vt 0.468800 0.500000
vt 0.468800 1.000000
vt 0.437500 0.500000
vt 0.437500 1.000000
vt 0.406200 0.500000
vt 0.406200 1.000000
vt 0.375000 1.000000
vt 0.375000 0.500000
vt 0.343800 1.000000
vt 0.343800 0.500000
vt 0.312500 0.500000
vt 0.312500 1.000000
vt 0.281200 0.500000
vt 0.281200 1.000000
vt 0.250000 1.000000
vt 0.250000 0.500000
vt 0.218800 1.000000
vt 0.218800 0.500000
vt 0.187500 0.500000
vt 0.187500 1.000000
vt 0.156200 1.000000
vt 0.156200 0.500000
vt 0.125000 0.500000
vt 0.125000 1.000000
vt 0.093800 0.500000
vt 0.093800 1.000000
vt 0.062500 1.000000
vt 0.062500 0.500000
vt 0.031200 1.000000
vt 0.031200 0.500000
vt 0.000000 1.000000
vt 0.000000 0.500000
vt 0.796800 0.485400
vt 0.841800 0.471700
vt 0.883300 0.449600
vt 0.919700 0.419700
vt 0.949600 0.383300
vt 0.971700 0.341800
vt 0.985400 0.296800
vt 0.990000 0.250000
vt 0.985400 0.203200
vt 0.971700 0.158200
vt 0.949600 0.116700
vt 0.919700 0.080300
vt 0.883300 0.050400
vt 0.841800 0.028300
vt 0.796800 0.014600
vt 0.750000 0.010000
vt 0.703200 0.014600
vt 0.658200 0.028300
vt 0.616700 0.050400
vt 0.580300 0.080300
vt 0.550400 0.116700
vt 0.528300 0.158200
vt 0.514600 0.203200
vt 0.510000 0.250000
vt 0.514600 0.296800
vt 0.528300 0.341800
vt 0.550400 0.383300
vt 0.580300 0.419700
vt 0.616700 0.449600
vt 0.658200 0.471700
vt 0.750000 0.490000
vt 0.703200 0.485400
vt 0.296800 0.485400
vt 0.250000 0.490000
vt 0.203200 0.485400
vt 0.158200 0.471700
vt 0.116700 0.449600
vt 0.080300 0.419700
vt 0.050400 0.383300
vt 0.028300 0.341800
vt 0.014600 0.296800
vt 0.010000 0.250000
vt 0.014600 0.203200
vt 0.028300 0.158200
vt 0.050400 0.116700
vt 0.080300 0.080300
vt 0.116700 0.050400
vt 0.158200 0.028300
vt 0.203200 0.014600
vt 0.250000 0.010000
vt 0.296800 0.014600
vt 0.341800 0.028300
vt 0.383300 0.050400
vt 0.419700 0.080300
vt 0.449600 0.116700
vt 0.471700 0.158200
vt 0.485400 0.203200
vt 0.490000 0.250000
vt 0.485400 0.296800
vt 0.471700 0.341800
vt 0.449600 0.383300
vt 0.419700 0.419700
vt 0.383300 0.449600
vt 0.341800 0.471700
s 1
g off
usemtl Goddard_None
f 1/1/1 2/1/2 3/1/3
f 3/1/3 4/1/4 1/1/1
f 4/1/4 3/1/3 5/1/5
f 5/1/5 6/1/6 4/1/4
f 4/1/7 7/1/8 8/1/9
f 8/1/9 1/1/10 4/1/7
f 9/1/11 7/1/8 4/1/7
f 4/1/7 6/1/12 9/1/11
f 10/1/13 11/1/13 12/1/13
f 12/1/13 2/1/14 10/1/13
f 13/1/15 3/1/16 2/1/15
f 2/1/15 12/1/15 13/1/15
f 13/1/17 14/1/18 5/1/19
f 5/1/19 3/1/18 13/1/17
f 5/1/20 14/1/21 15/1/22
f 15/1/22 16/1/22 5/1/20
f 17/1/23 6/1/6 5/1/5
f 5/1/5 16/1/24 17/1/23
f 17/1/25 18/1/26 9/1/11
f 9/1/11 6/1/12 17/1/25
f 19/1/27 9/1/28 18/1/29
f 18/1/29 20/1/28 19/1/27
f 9/1/30 19/1/30 21/1/30
f 21/1/30 7/1/30 9/1/30
f 7/1/31 21/1/32 22/1/32
f 22/1/32 8/1/33 7/1/31
f 22/1/34 23/1/35 24/1/36
f 24/1/36 8/1/37 22/1/34
f 1/1/10 8/1/9 24/1/38
f 24/1/38 25/1/39 1/1/10
f 10/1/40 2/1/2 1/1/1
f 1/1/1 25/1/41 10/1/40
f 26/1/42 27/1/43 28/1/44
f 28/1/44 29/1/45 26/1/42
f 30/1/46 31/1/47 27/1/48
f 27/1/48 26/1/49 30/1/46
f 27/1/43 32/1/50 33/1/51
f 33/1/51 28/1/44 27/1/43
f 27/1/48 31/1/47 34/1/52
f 34/1/52 32/1/53 27/1/48
f 35/1/54 29/1/54 36/1/55
f 36/1/55 37/1/56 35/1/54
f 26/1/42 29/1/45 35/1/57
f 35/1/57 38/1/58 26/1/42
f 39/1/59 30/1/46 26/1/49
f 26/1/49 38/1/60 39/1/59
f 30/1/61 39/1/62 40/1/63
f 40/1/63 41/1/61 30/1/61
f 42/1/64 31/1/64 30/1/64
f 30/1/64 41/1/64 42/1/64
f 43/1/65 34/1/66 31/1/67
f 31/1/67 42/1/68 43/1/65
f 44/1/69 34/1/69 43/1/69
f 43/1/69 45/1/69 44/1/69
f 44/1/70 46/1/71 32/1/53
f 32/1/53 34/1/52 44/1/70
f 32/1/50 46/1/72 47/1/73
f 47/1/73 33/1/51 32/1/50
f 48/1/74 33/1/75 47/1/76
f 47/1/76 49/1/76 48/1/74
f 28/1/77 33/1/77 48/1/77
f 48/1/77 50/1/77 28/1/77
f 29/1/78 28/1/79 50/1/79
f 50/1/79 36/1/78 29/1/78
f 51/1/80 52/1/81 53/1/82
f 53/1/82 54/1/83 51/1/80
f 55/1/84 56/1/85 52/1/86
f 52/1/86 51/1/87 55/1/84
f 52/1/81 57/1/88 58/1/89
f 58/1/89 53/1/82 52/1/81
f 52/1/86 56/1/85 59/1/90
f 59/1/90 57/1/91 52/1/86
f 54/1/92 60/1/92 61/1/92
f 61/1/92 62/1/92 54/1/92
f 62/1/93 63/1/94 51/1/80
f 51/1/80 54/1/83 62/1/93
f 55/1/84 51/1/87 63/1/95
f 63/1/95 64/1/96 55/1/84
f 64/1/97 65/1/97 66/1/97
f 66/1/97 55/1/97 64/1/97
f 67/1/98 56/1/98 55/1/98
f 55/1/98 66/1/98 67/1/98
f 68/1/99 59/1/99 56/1/99
f 56/1/99 67/1/99 68/1/99
f 39/1/100 59/1/101 68/1/100
f 68/1/100 40/1/100 39/1/100
f 38/1/60 57/1/91 59/1/90
f 59/1/90 39/1/59 38/1/60
f 38/1/58 35/1/57 58/1/89
f 58/1/89 57/1/88 38/1/58
f 35/1/102 37/1/103 69/1/102
f 69/1/102 58/1/102 35/1/102
f 53/1/104 58/1/105 69/1/105
f 69/1/105 70/1/105 53/1/104
f 54/1/106 53/1/107 70/1/108
f 70/1/108 60/1/109 54/1/106
f 71/1/110 72/1/111 73/1/112
f 73/1/112 74/1/113 71/1/110
f 75/1/114 76/1/115 72/1/116
f 72/1/116 71/1/117 75/1/114
f 72/1/111 77/1/118 78/1/119
f 78/1/119 73/1/112 72/1/111
f 72/1/116 76/1/115 79/1/120
f 79/1/120 77/1/121 72/1/116
f 80/1/122 81/1/122 82/1/122
f 82/1/122 74/1/122 80/1/122
f 71/1/110 74/1/113 82/1/123
f 82/1/123 83/1/124 71/1/110
f 75/1/114 71/1/117 83/1/125
f 83/1/125 84/1/126 75/1/114
f 84/1/127 85/1/128 86/1/129
f 86/1/129 75/1/127 84/1/127
f 87/1/130 76/1/130 75/1/130
f 75/1/130 86/1/130 87/1/130
f 88/1/131 79/1/132 76/1/131
f 76/1/131 87/1/131 88/1/131
f 65/1/133 64/1/134 79/1/135
f 79/1/135 88/1/135 65/1/133
f 63/1/95 77/1/121 79/1/120
f 79/1/120 64/1/96 63/1/95
f 63/1/94 62/1/93 78/1/119
f 78/1/119 77/1/118 63/1/94
f 62/1/136 61/1/136 89/1/136
f 89/1/136 78/1/136 62/1/136
f 78/1/137 89/1/137 90/1/137
f 90/1/137 73/1/137 78/1/137
f 74/1/138 73/1/138 90/1/138
f 90/1/138 80/1/138 74/1/138
f 91/1/139 92/1/140 93/1/141
f 93/1/141 94/1/142 91/1/139
f 95/1/143 96/1/144 92/1/145
f 92/1/145 91/1/146 95/1/143
f 92/1/140 97/1/147 98/1/148
f 98/1/148 93/1/141 92/1/140
f 92/1/145 96/1/144 99/1/149
f 99/1/149 97/1/150 92/1/145
f 94/1/151 100/1/152 101/1/153
f 101/1/153 102/1/154 94/1/151
f 94/1/142 102/1/155 103/1/156
f 103/1/156 91/1/139 94/1/142
f 103/1/157 104/1/158 95/1/143
f 95/1/143 91/1/146 103/1/157
f 105/1/159 95/1/159 104/1/159
f 104/1/159 106/1/159 105/1/159
f 96/1/160 95/1/160 105/1/160
f 105/1/160 107/1/160 96/1/160
f 108/1/161 99/1/161 96/1/161
f 96/1/161 107/1/161 108/1/161
f 85/1/162 84/1/162 99/1/163
f 99/1/163 108/1/163 85/1/162
f 83/1/125 97/1/150 99/1/149
f 99/1/149 84/1/126 83/1/125
f 83/1/124 82/1/123 98/1/148
f 98/1/148 97/1/147 83/1/124
f 82/1/164 81/1/164 109/1/164
f 109/1/164 98/1/164 82/1/164
f 98/1/165 109/1/165 110/1/166
f 110/1/166 93/1/165 98/1/165
f 100/1/167 94/1/167 93/1/167
f 93/1/167 110/1/167 100/1/167
f 111/1/168 112/1/169 113/1/170
f 113/1/170 114/1/171 111/1/168
f 115/1/172 116/1/173 112/1/174
f 112/1/174 111/1/175 115/1/172
f 112/1/169 117/1/176 118/1/177
f 118/1/177 113/1/170 112/1/169
f 112/1/174 116/1/173 119/1/178
f 119/1/178 117/1/179 112/1/174
f 114/1/180 120/1/181 121/1/182
f 121/1/182 122/1/183 114/1/180
f 114/1/171 122/1/184 123/1/185
f 123/1/185 111/1/168 114/1/171
f 115/1/172 111/1/175 123/1/186
f 123/1/186 124/1/187 115/1/172
f 124/1/188 125/1/188 126/1/189
f 126/1/189 115/1/190 124/1/188
f 116/1/191 115/1/191 126/1/192
f 126/1/192 127/1/191 116/1/191
f 128/1/193 119/1/193 116/1/193
f 116/1/193 127/1/193 128/1/193
f 104/1/194 119/1/195 128/1/195
f 128/1/195 106/1/195 104/1/194
f 117/1/179 119/1/178 104/1/158
f 104/1/158 103/1/157 117/1/179
f 103/1/156 102/1/155 118/1/177
f 118/1/177 117/1/176 103/1/156
f 102/1/196 101/1/196 129/1/197
f 129/1/197 118/1/198 102/1/196
f 118/1/199 129/1/200 130/1/200
f 130/1/200 113/1/200 118/1/199
f 120/1/201 114/1/202 113/1/201
f 113/1/201 130/1/203 120/1/201
f 131/1/204 132/1/205 133/1/206
f 133/1/206 134/1/207 131/1/204
f 135/1/208 136/1/209 132/1/210
f 132/1/210 131/1/211 135/1/208
f 132/1/205 137/1/212 138/1/213
f 138/1/213 133/1/206 132/1/205
f 132/1/210 136/1/209 139/1/214
f 139/1/214 137/1/215 132/1/210
f 134/1/216 140/1/217 141/1/216
f 141/1/216 142/1/218 134/1/216
f 134/1/207 142/1/219 143/1/220
f 143/1/220 131/1/204 134/1/207
f 135/1/208 131/1/211 143/1/221
f 143/1/221 144/1/222 135/1/208
f 144/1/223 145/1/224 146/1/225
f 146/1/225 135/1/225 144/1/223
f 136/1/226 135/1/227 146/1/227
f 146/1/227 147/1/227 136/1/226
f 148/1/228 139/1/228 136/1/228
f 136/1/228 147/1/228 148/1/228
f 124/1/229 139/1/230 148/1/229
f 148/1/229 125/1/231 124/1/229
f 123/1/186 137/1/215 139/1/214
f 139/1/214 124/1/187 123/1/186
f 123/1/185 122/1/184 138/1/213
f 138/1/213 137/1/212 123/1/185
f 122/1/232 121/1/232 149/1/233
f 149/1/233 138/1/232 122/1/232
f 138/1/234 149/1/235 150/1/234
f 150/1/234 133/1/235 138/1/234
f 140/1/236 134/1/236 133/1/236
f 133/1/236 150/1/236 140/1/236
f 151/1/237 152/1/238 153/1/239
f 153/1/239 154/1/240 151/1/237
f 155/1/241 156/1/242 152/1/243
f 152/1/243 151/1/244 155/1/241
f 152/1/238 157/1/245 158/1/246
f 158/1/246 153/1/239 152/1/238
f 152/1/243 156/1/242 159/1/247
f 159/1/247 157/1/248 152/1/243
f 154/1/249 160/1/250 161/1/251
f 161/1/251 162/1/252 154/1/249
f 154/1/240 162/1/253 163/1/254
f 163/1/254 151/1/237 154/1/240
f 155/1/241 151/1/244 163/1/255
f 163/1/255 164/1/256 155/1/241
f 164/1/257 165/1/257 166/1/257
f 166/1/257 155/1/258 164/1/257
f 156/1/259 155/1/259 166/1/260
f 166/1/260 167/1/259 156/1/259
f 168/1/261 159/1/262 156/1/261
f 156/1/261 167/1/261 168/1/261
f 144/1/263 159/1/263 168/1/263
f 168/1/263 145/1/263 144/1/263
f 143/1/221 157/1/248 159/1/247
f 159/1/247 144/1/222 143/1/221
f 143/1/220 142/1/219 158/1/246
f 158/1/246 157/1/245 143/1/220
f 142/1/264 141/1/265 169/1/265
f 169/1/265 158/1/265 142/1/264
f 158/1/266 169/1/267 170/1/268
f 170/1/268 153/1/266 158/1/266
f 160/1/269 154/1/270 153/1/270
f 153/1/270 170/1/271 160/1/269
f 171/1/272 172/1/273 173/1/274
f 173/1/274 174/1/275 171/1/272
f 175/1/276 176/1/277 172/1/278
f 172/1/278 171/1/279 175/1/276
f 172/1/273 177/1/280 178/1/281
f 178/1/281 173/1/274 172/1/273
f 172/1/278 176/1/277 179/1/282
f 179/1/282 177/1/283 172/1/278
f 174/1/284 180/1/285 181/1/284
f 181/1/284 182/1/284 174/1/284
f 174/1/275 182/1/286 183/1/287
f 183/1/287 171/1/272 174/1/275
f 175/1/276 171/1/279 183/1/288
f 183/1/288 184/1/289 175/1/276
f 185/1/290 175/1/290 184/1/290
f 184/1/290 186/1/290 185/1/290
f 176/1/291 175/1/291 185/1/291
f 185/1/291 187/1/291 176/1/291
f 188/1/292 179/1/292 176/1/292
f 176/1/292 187/1/292 188/1/292
f 164/1/293 179/1/293 188/1/293
f 188/1/293 165/1/293 164/1/293
f 163/1/255 177/1/283 179/1/282
f 179/1/282 164/1/256 163/1/255
f 163/1/254 162/1/253 178/1/281
f 178/1/281 177/1/280 163/1/254
f 162/1/294 161/1/294 189/1/295
f 189/1/295 178/1/295 162/1/294
f 178/1/296 189/1/296 190/1/296
f 190/1/296 173/1/296 178/1/296
f 180/1/297 174/1/297 173/1/297
f 173/1/297 190/1/297 180/1/297
f 191/1/298 192/1/299 193/1/300
f 193/1/300 194/1/301 191/1/298
f 195/1/302 196/1/303 192/1/304
f 192/1/304 191/1/305 195/1/302
f 192/1/299 197/1/306 198/1/307
f 198/1/307 193/1/300 192/1/299
f 192/1/304 196/1/303 199/1/308
f 199/1/308 197/1/309 192/1/304
f 194/1/310 200/1/310 201/1/310
f 201/1/310 202/1/310 194/1/310
f 194/1/301 202/1/311 203/1/312
f 203/1/312 191/1/298 194/1/301
f 195/1/302 191/1/305 203/1/313
f 203/1/313 204/1/314 195/1/302
f 205/1/315 195/1/315 204/1/315
f 204/1/315 206/1/315 205/1/315
f 196/1/316 195/1/316 205/1/316
f 205/1/316 207/1/316 196/1/316
f 208/1/317 199/1/317 196/1/317
f 196/1/317 207/1/317 208/1/317
f 186/1/318 184/1/318 199/1/318
f 199/1/318 208/1/318 186/1/318
f 183/1/288 197/1/309 199/1/308
f 199/1/308 184/1/289 183/1/288
f 183/1/287 182/1/286 198/1/307
f 198/1/307 197/1/306 183/1/287
f 182/1/319 181/1/320 209/1/319
f 209/1/319 198/1/319 182/1/319
f 198/1/321 209/1/321 210/1/321
f 210/1/321 193/1/321 198/1/321
f 200/1/322 194/1/323 193/1/324
f 193/1/324 210/1/324 200/1/322
f 211/1/325 212/1/326 213/1/327
f 213/1/327 214/1/328 211/1/325
f 215/1/329 216/1/330 212/1/331
f 212/1/331 211/1/332 215/1/329
f 212/1/326 217/1/333 218/1/334
f 218/1/334 213/1/327 212/1/326
f 212/1/331 216/1/330 219/1/335
f 219/1/335 217/1/336 212/1/331
f 214/1/337 220/1/338 221/1/337
f 221/1/337 222/1/339 214/1/337
f 214/1/328 222/1/340 223/1/341
f 223/1/341 211/1/325 214/1/328
f 215/1/329 211/1/332 223/1/342
f 223/1/342 224/1/343 215/1/329
f 225/1/344 215/1/344 224/1/344
f 224/1/344 226/1/344 225/1/344
f 216/1/345 215/1/345 225/1/346
f 225/1/346 227/1/345 216/1/345
f 228/1/347 219/1/347 216/1/347
f 216/1/347 227/1/348 228/1/347
f 206/1/349 204/1/349 219/1/349
f 219/1/349 228/1/350 206/1/349
f 203/1/313 217/1/336 219/1/335
f 219/1/335 204/1/314 203/1/313
f 203/1/312 202/1/311 218/1/334
f 218/1/334 217/1/333 203/1/312
f 202/1/351 201/1/351 229/1/351
f 229/1/351 218/1/351 202/1/351
f 218/1/352 229/1/352 230/1/352
f 230/1/352 213/1/352 218/1/352
f 220/1/353 214/1/354 213/1/354
f 213/1/354 230/1/355 220/1/353
f 231/1/356 232/1/357 233/1/358
f 233/1/358 234/1/359 231/1/356
f 235/1/360 236/1/361 232/1/362
f 232/1/362 231/1/363 235/1/360
f 232/1/357 237/1/364 238/1/365
f 238/1/365 233/1/358 232/1/357
f 232/1/362 236/1/361 239/1/366
f 239/1/366 237/1/367 232/1/362
f 234/1/368 240/1/368 241/1/368
f 241/1/368 242/1/368 234/1/368
f 234/1/359 242/1/369 243/1/370
f 243/1/370 231/1/356 234/1/359
f 235/1/360 231/1/363 243/1/371
f 243/1/371 244/1/372 235/1/360
f 245/1/373 235/1/374 244/1/374
f 244/1/374 246/1/374 245/1/373
f 236/1/375 235/1/376 245/1/375
f 245/1/375 247/1/376 236/1/375
f 248/1/377 239/1/377 236/1/377
f 236/1/377 247/1/377 248/1/377
f 226/1/378 224/1/378 239/1/379
f 239/1/379 248/1/379 226/1/378
f 223/1/342 237/1/367 239/1/366
f 239/1/366 224/1/343 223/1/342
f 223/1/341 222/1/340 238/1/365
f 238/1/365 237/1/364 223/1/341
f 222/1/380 221/1/381 249/1/382
f 249/1/382 238/1/380 222/1/380
f 238/1/383 249/1/383 250/1/383
f 250/1/383 233/1/383 238/1/383
f 240/1/384 234/1/384 233/1/384
f 233/1/384 250/1/384 240/1/384
f 251/1/385 252/1/386 253/1/387
f 253/1/387 254/1/388 251/1/385
f 255/1/389 256/1/390 252/1/391
f 252/1/391 251/1/392 255/1/389
f 252/1/386 257/1/393 258/1/394
f 258/1/394 253/1/387 252/1/386
f 252/1/391 256/1/390 259/1/395
f 259/1/395 257/1/396 252/1/391
f 254/1/397 260/1/397 261/1/398
f 261/1/398 262/1/397 254/1/397
f 254/1/388 262/1/399 263/1/400
f 263/1/400 251/1/385 254/1/388
f 255/1/389 251/1/392 263/1/401
f 263/1/401 264/1/402 255/1/389
f 265/1/403 255/1/403 264/1/404
f 264/1/404 266/1/404 265/1/403
f 256/1/405 255/1/405 265/1/405
f 265/1/405 267/1/405 256/1/405
f 268/1/406 259/1/406 256/1/406
f 256/1/406 267/1/406 268/1/406
f 246/1/407 244/1/407 259/1/407
f 259/1/407 268/1/407 246/1/407
f 243/1/371 257/1/396 259/1/395
f 259/1/395 244/1/372 243/1/371
f 243/1/370 242/1/369 258/1/394
f 258/1/394 257/1/393 243/1/370
f 242/1/408 241/1/408 269/1/408
f 269/1/408 258/1/409 242/1/408
f 258/1/410 269/1/411 270/1/412
f 270/1/412 253/1/411 258/1/410
f 260/1/413 254/1/413 253/1/414
f 253/1/414 270/1/413 260/1/413
f 271/1/415 272/1/416 273/1/417
f 273/1/417 274/1/418 271/1/415
f 275/1/419 276/1/420 272/1/421
f 272/1/421 271/1/422 275/1/419
f 272/1/416 277/1/423 278/1/424
f 278/1/424 273/1/417 272/1/416
f 272/1/421 276/1/420 279/1/425
f 279/1/425 277/1/426 272/1/421
f 274/1/427 280/1/427 281/1/427
f 281/1/427 282/1/427 274/1/427
f 274/1/418 282/1/428 283/1/429
f 283/1/429 271/1/415 274/1/418
f 275/1/419 271/1/422 283/1/430
f 283/1/430 284/1/431 275/1/419
f 285/1/432 275/1/432 284/1/432
f 284/1/432 286/1/433 285/1/432
f 276/1/434 275/1/434 285/1/435
f 285/1/435 287/1/435 276/1/434
f 288/1/436 279/1/436 276/1/436
f 276/1/436 287/1/436 288/1/436
f 266/1/437 264/1/437 279/1/437
f 279/1/437 288/1/438 266/1/437
f 263/1/401 277/1/426 279/1/425
f 279/1/425 264/1/402 263/1/401
f 263/1/400 262/1/399 278/1/424
f 278/1/424 277/1/423 263/1/400
f 262/1/439 261/1/439 289/1/439
f 289/1/439 278/1/440 262/1/439
f 278/1/441 289/1/442 290/1/441
f 290/1/441 273/1/441 278/1/441
f 280/1/443 274/1/444 273/1/445
f 273/1/445 290/1/444 280/1/443
f 291/1/446 292/1/447 293/1/448
f 293/1/448 294/1/449 291/1/446
f 295/1/450 296/1/451 292/1/452
f 292/1/452 291/1/453 295/1/450
f 292/1/447 297/1/454 298/1/455
f 298/1/455 293/1/448 292/1/447
f 292/1/452 296/1/451 299/1/456
f 299/1/456 297/1/457 292/1/452
f 294/1/458 300/1/459 301/1/460
f 301/1/460 302/1/458 294/1/458
f 294/1/449 302/1/461 303/1/462
f 303/1/462 291/1/446 294/1/449
f 295/1/450 291/1/453 303/1/463
f 303/1/463 304/1/464 295/1/450
f 305/1/465 295/1/465 304/1/466
f 304/1/466 306/1/466 305/1/465
f 296/1/467 295/1/468 305/1/467
f 305/1/467 307/1/469 296/1/467
f 308/1/470 299/1/470 296/1/470
f 296/1/470 307/1/471 308/1/470
f 286/1/472 284/1/473 299/1/473
f 299/1/473 308/1/474 286/1/472
f 283/1/430 297/1/457 299/1/456
f 299/1/456 284/1/431 283/1/430
f 283/1/429 282/1/428 298/1/455
f 298/1/455 297/1/454 283/1/429
f 282/1/475 281/1/476 309/1/475
f 309/1/475 298/1/475 282/1/475
f 298/1/477 309/1/478 310/1/478
f 310/1/478 293/1/478 298/1/477
f 300/1/479 294/1/480 293/1/481
f 293/1/481 310/1/481 300/1/479
f 311/1/482 312/1/483 313/1/484
f 313/1/484 314/1/485 311/1/482
f 315/1/486 316/1/487 312/1/488
f 312/1/488 311/1/489 315/1/486
f 312/1/483 317/1/490 318/1/491
f 318/1/491 313/1/484 312/1/483
f 312/1/488 316/1/487 319/1/492
f 319/1/492 317/1/493 312/1/488
f 314/1/494 320/1/495 321/1/496
f 321/1/496 322/1/497 314/1/494
f 314/1/485 322/1/498 323/1/499
f 323/1/499 311/1/482 314/1/485
f 315/1/486 311/1/489 323/1/500
f 323/1/500 324/1/501 315/1/486
f 325/1/502 315/1/503 324/1/502
f 324/1/502 326/1/504 325/1/502
f 316/1/505 315/1/505 325/1/505
f 325/1/505 327/1/505 316/1/505
f 328/1/506 319/1/507 316/1/506
f 316/1/506 327/1/508 328/1/506
f 306/1/509 304/1/509 319/1/510
f 319/1/510 328/1/509 306/1/509
f 303/1/463 317/1/493 319/1/492
f 319/1/492 304/1/464 303/1/463
f 303/1/462 302/1/461 318/1/491
f 318/1/491 317/1/490 303/1/462
f 302/1/511 301/1/511 329/1/511
f 329/1/511 318/1/511 302/1/511
f 318/1/512 329/1/513 330/1/513
f 330/1/513 313/1/513 318/1/512
f 320/1/514 314/1/514 313/1/514
f 313/1/514 330/1/514 320/1/514
f 331/1/515 332/1/516 333/1/517
f 333/1/517 334/1/518 331/1/515
f 335/1/519 336/1/520 332/1/521
f 332/1/521 331/1/522 335/1/519
f 332/1/516 337/1/523 338/1/524
f 338/1/524 333/1/517 332/1/516
f 332/1/521 336/1/520 339/1/525
f 339/1/525 337/1/526 332/1/521
f 334/1/527 340/1/528 341/1/529
f 341/1/529 342/1/529 334/1/527
f 334/1/518 342/1/530 343/1/531
f 343/1/531 331/1/515 334/1/518
f 335/1/519 331/1/522 343/1/532
f 343/1/532 344/1/533 335/1/519
f 345/1/534 335/1/535 344/1/535
f 344/1/535 346/1/536 345/1/534
f 336/1/537 335/1/538 345/1/537
f 345/1/537 347/1/537 336/1/537
f 348/1/539 339/1/540 336/1/541
f 336/1/541 347/1/539 348/1/539
f 326/1/542 324/1/542 339/1/543
f 339/1/543 348/1/544 326/1/542
f 323/1/500 337/1/526 339/1/525
f 339/1/525 324/1/501 323/1/500
f 323/1/499 322/1/498 338/1/524
f 338/1/524 337/1/523 323/1/499
f 322/1/545 321/1/545 349/1/546
f 349/1/546 338/1/545 322/1/545
f 338/1/547 349/1/548 350/1/549
f 350/1/549 333/1/549 338/1/547
f 340/1/550 334/1/550 333/1/550
f 333/1/550 350/1/550 340/1/550
f 351/1/551 352/1/552 353/1/553
f 353/1/553 354/1/554 351/1/551
f 355/1/555 356/1/556 352/1/557
f 352/1/557 351/1/558 355/1/555
f 352/1/552 357/1/559 358/1/560
f 358/1/560 353/1/553 352/1/552
f 352/1/557 356/1/556 359/1/561
f 359/1/561 357/1/562 352/1/557
f 354/1/563 360/1/564 361/1/565
f 361/1/565 362/1/565 354/1/563
f 354/1/554 362/1/566 363/1/567
f 363/1/567 351/1/551 354/1/554
f 355/1/555 351/1/558 363/1/568
f 363/1/568 364/1/569 355/1/555
f 365/1/570 355/1/54 364/1/570
f 364/1/570 366/1/571 365/1/570
f 356/1/78 355/1/79 365/1/79
f 365/1/79 367/1/572 356/1/78
f 368/1/77 359/1/573 356/1/77
f 356/1/77 367/1/77 368/1/77
f 346/1/74 344/1/74 359/1/76
f 359/1/76 368/1/574 346/1/74
f 343/1/532 357/1/562 359/1/561
f 359/1/561 344/1/533 343/1/532
f 343/1/531 342/1/530 358/1/560
f 358/1/560 357/1/559 343/1/531
f 342/1/69 341/1/575 369/1/576
f 369/1/576 358/1/576 342/1/69
f 358/1/577 369/1/68 370/1/68
f 370/1/68 353/1/68 358/1/577
f 360/1/578 354/1/64 353/1/579
f 353/1/579 370/1/64 360/1/578
f 371/1/580 372/1/581 373/1/582
f 373/1/582 374/1/583 371/1/580
f 375/1/584 376/1/585 372/1/586
f 372/1/586 371/1/587 375/1/584
f 372/1/581 377/1/588 378/1/589
f 378/1/589 373/1/582 372/1/581
f 372/1/586 376/1/585 379/1/590
f 379/1/590 377/1/591 372/1/586
f 374/1/97 380/1/592 381/1/97
f 381/1/97 382/1/97 374/1/97
f 374/1/583 382/1/593 383/1/594
f 383/1/594 371/1/580 374/1/583
f 375/1/584 371/1/587 383/1/595
f 383/1/595 384/1/596 375/1/584
f 385/1/92 375/1/92 384/1/92
f 384/1/92 386/1/92 385/1/92
f 376/1/109 375/1/109 385/1/109
f 385/1/109 387/1/109 376/1/109
f 388/1/105 379/1/105 376/1/105
f 376/1/105 387/1/105 388/1/105
f 366/1/597 364/1/598 379/1/599
f 379/1/599 388/1/600 366/1/597
f 363/1/568 377/1/591 379/1/590
f 379/1/590 364/1/569 363/1/568
f 363/1/567 362/1/566 378/1/589
f 378/1/589 377/1/588 363/1/567
f 362/1/601 361/1/601 389/1/601
f 389/1/601 378/1/602 362/1/601
f 378/1/603 389/1/99 390/1/99
f 390/1/99 373/1/99 378/1/603
f 380/1/604 374/1/98 373/1/98
f 373/1/98 390/1/98 380/1/604
f 391/1/605 392/1/606 393/1/607
f 393/1/607 394/1/608 391/1/605
f 395/1/609 396/1/610 392/1/611
f 392/1/611 391/1/612 395/1/609
f 392/1/606 397/1/613 398/1/614
f 398/1/614 393/1/607 392/1/606
f 392/1/611 396/1/610 399/1/615
f 399/1/615 397/1/616 392/1/611
f 394/1/127 400/1/127 401/1/127
f 401/1/127 402/1/617 394/1/127
f 394/1/608 402/1/618 403/1/618
f 403/1/618 391/1/605 394/1/608
f 395/1/609 391/1/612 403/1/619
f 403/1/619 404/1/620 395/1/609
f 405/1/122 395/1/621 404/1/122
f 404/1/122 406/1/122 405/1/122
f 396/1/138 395/1/138 405/1/138
f 405/1/138 407/1/622 396/1/138
f 408/1/137 399/1/137 396/1/623
f 396/1/623 407/1/137 408/1/137
f 386/1/136 384/1/624 399/1/136
f 399/1/136 408/1/136 386/1/136
f 383/1/595 397/1/616 399/1/615
f 399/1/615 384/1/596 383/1/595
f 383/1/594 382/1/593 398/1/614
f 398/1/614 397/1/613 383/1/594
f 382/1/625 381/1/133 409/1/626
f 409/1/626 398/1/133 382/1/625
f 398/1/132 409/1/132 410/1/132
f 410/1/132 393/1/132 398/1/132
f 400/1/627 394/1/627 393/1/130
f 393/1/130 410/1/130 400/1/627
f 411/1/628 412/1/629 413/1/630
f 413/1/630 414/1/631 411/1/628
f 415/1/632 416/1/633 412/1/634
f 412/1/634 411/1/635 415/1/632
f 412/1/629 417/1/636 418/1/637
f 418/1/637 413/1/630 412/1/629
f 412/1/634 416/1/633 419/1/638
f 419/1/638 417/1/639 412/1/634
f 414/1/640 420/1/159 421/1/159
f 421/1/159 422/1/159 414/1/640
f 414/1/631 422/1/641 423/1/642
f 423/1/642 411/1/628 414/1/631
f 415/1/632 411/1/635 423/1/643
f 423/1/643 424/1/644 415/1/632
f 425/1/645 415/1/646 424/1/647
f 424/1/647 426/1/154 425/1/645
f 416/1/648 415/1/649 425/1/650
f 425/1/650 427/1/651 416/1/648
f 428/1/652 419/1/652 416/1/653
f 416/1/653 427/1/654 428/1/652
f 406/1/164 404/1/164 419/1/164
f 419/1/164 428/1/164 406/1/164
f 403/1/619 417/1/639 419/1/638
f 419/1/638 404/1/620 403/1/619
f 403/1/618 402/1/618 418/1/637
f 418/1/637 417/1/636 403/1/618
f 402/1/163 401/1/163 429/1/163
f 429/1/163 418/1/163 402/1/163
f 418/1/655 429/1/656 430/1/655
f 430/1/655 413/1/161 418/1/655
f 420/1/657 414/1/658 413/1/657
f 413/1/657 430/1/160 420/1/657
f 431/1/659 432/1/660 433/1/661
f 433/1/661 434/1/662 431/1/659
f 435/1/663 436/1/664 432/1/665
f 432/1/665 431/1/666 435/1/663
f 432/1/660 437/1/667 438/1/668
f 438/1/668 433/1/661 432/1/660
f 432/1/665 436/1/664 439/1/669
f 439/1/669 437/1/670 432/1/665
f 434/1/671 440/1/188 441/1/188
f 441/1/188 442/1/188 434/1/671
f 434/1/662 442/1/672 443/1/673
f 443/1/673 431/1/659 434/1/662
f 435/1/663 431/1/666 443/1/674
f 443/1/674 444/1/675 435/1/663
f 445/1/183 435/1/183 444/1/183
f 444/1/183 446/1/183 445/1/183
f 436/1/203 435/1/676 445/1/203
f 445/1/203 447/1/203 436/1/203
f 448/1/677 439/1/200 436/1/200
f 436/1/200 447/1/200 448/1/677
f 426/1/678 424/1/196 439/1/196
f 439/1/196 448/1/196 426/1/678
f 423/1/643 437/1/670 439/1/669
f 439/1/669 424/1/644 423/1/643
f 423/1/642 422/1/641 438/1/668
f 438/1/668 437/1/667 423/1/642
f 422/1/195 421/1/194 449/1/194
f 449/1/194 438/1/194 422/1/195
f 438/1/679 449/1/193 450/1/193
f 450/1/193 433/1/193 438/1/679
f 440/1/680 434/1/680 433/1/681
f 433/1/681 450/1/680 440/1/680
f 451/1/682 452/1/683 453/1/684
f 453/1/684 454/1/685 451/1/682
f 455/1/686 456/1/687 452/1/688
f 452/1/688 451/1/689 455/1/686
f 452/1/683 457/1/690 458/1/691
f 458/1/691 453/1/684 452/1/683
f 452/1/688 456/1/687 459/1/692
f 459/1/692 457/1/693 452/1/688
f 454/1/225 460/1/225 461/1/225
f 461/1/225 462/1/225 454/1/225
f 454/1/685 462/1/694 463/1/695
f 463/1/695 451/1/682 454/1/685
f 455/1/686 451/1/689 463/1/696
f 463/1/696 464/1/697 455/1/686
f 465/1/698 455/1/218 464/1/699
f 464/1/699 466/1/216 465/1/698
f 456/1/236 455/1/236 465/1/236
f 465/1/236 467/1/700 456/1/236
f 468/1/701 459/1/701 456/1/702
f 456/1/702 467/1/235 468/1/701
f 446/1/233 444/1/703 459/1/704
f 459/1/704 468/1/233 446/1/233
f 443/1/674 457/1/693 459/1/692
f 459/1/692 444/1/675 443/1/674
f 443/1/673 442/1/672 458/1/691
f 458/1/691 457/1/690 443/1/673
f 442/1/230 441/1/229 469/1/230
f 469/1/230 458/1/230 442/1/230
f 458/1/705 469/1/705 470/1/706
f 470/1/706 453/1/707 458/1/705
f 460/1/227 454/1/227 453/1/227
f 453/1/227 470/1/227 460/1/227
f 471/1/708 472/1/709 473/1/710
f 473/1/710 474/1/711 471/1/708
f 475/1/712 476/1/713 472/1/714
f 472/1/714 471/1/715 475/1/712
f 472/1/709 477/1/716 478/1/717
f 478/1/717 473/1/710 472/1/709
f 472/1/714 476/1/713 479/1/718
f 479/1/718 477/1/719 472/1/714
f 474/1/720 480/1/721 481/1/722
f 481/1/722 482/1/257 474/1/720
f 474/1/711 482/1/723 483/1/724
f 483/1/724 471/1/708 474/1/711
f 475/1/712 471/1/715 483/1/725
f 483/1/725 484/1/726 475/1/712
f 485/1/727 475/1/728 484/1/729
f 484/1/729 486/1/250 485/1/727
f 476/1/730 475/1/730 485/1/730
f 485/1/730 487/1/730 476/1/730
f 488/1/731 479/1/731 476/1/732
f 476/1/732 487/1/731 488/1/731
f 466/1/733 464/1/265 479/1/265
f 479/1/265 488/1/265 466/1/733
f 463/1/696 477/1/719 479/1/718
f 479/1/718 464/1/697 463/1/696
f 463/1/695 462/1/694 478/1/717
f 478/1/717 477/1/716 463/1/695
f 462/1/734 461/1/734 489/1/734
f 489/1/734 478/1/734 462/1/734
f 478/1/735 489/1/735 490/1/735
f 490/1/735 473/1/735 478/1/735
f 480/1/259 474/1/259 473/1/259
f 473/1/259 490/1/259 480/1/259
f 491/1/736 492/1/737 493/1/738
f 493/1/738 494/1/739 491/1/736
f 495/1/740 496/1/741 492/1/742
f 492/1/742 491/1/743 495/1/740
f 492/1/737 497/1/744 498/1/745
f 498/1/745 493/1/738 492/1/737
f 492/1/742 496/1/741 499/1/746
f 499/1/746 497/1/747 492/1/742
f 494/1/290 500/1/290 501/1/290
f 501/1/290 502/1/290 494/1/290
f 494/1/739 502/1/748 503/1/749
f 503/1/749 491/1/736 494/1/739
f 495/1/740 491/1/743 503/1/750
f 503/1/750 504/1/750 495/1/740
f 505/1/751 495/1/284 504/1/284
f 504/1/284 506/1/284 505/1/751
f 496/1/297 495/1/297 505/1/297
f 505/1/297 507/1/297 496/1/297
f 508/1/752 499/1/296 496/1/296
f 496/1/296 507/1/296 508/1/752
f 486/1/753 484/1/294 499/1/754
f 499/1/754 508/1/755 486/1/753
f 483/1/725 497/1/747 499/1/746
f 499/1/746 484/1/726 483/1/725
f 483/1/724 482/1/723 498/1/745
f 498/1/745 497/1/744 483/1/724
f 482/1/293 481/1/293 509/1/293
f 509/1/293 498/1/293 482/1/293
f 498/1/756 509/1/756 510/1/756
f 510/1/756 493/1/756 498/1/756
f 500/1/757 494/1/757 493/1/757
f 493/1/757 510/1/757 500/1/757
f 511/1/758 512/1/759 513/1/760
f 513/1/760 514/1/761 511/1/758
f 515/1/762 516/1/763 512/1/764
f 512/1/764 511/1/765 515/1/762
f 512/1/759 517/1/766 518/1/767
f 518/1/767 513/1/760 512/1/759
f 512/1/764 516/1/763 519/1/768
f 519/1/768 517/1/769 512/1/764
f 514/1/315 520/1/315 521/1/315
f 521/1/315 522/1/315 514/1/315
f 514/1/761 522/1/770 523/1/771
f 523/1/771 511/1/758 514/1/761
f 515/1/762 511/1/765 523/1/772
f 523/1/772 524/1/773 515/1/762
f 525/1/774 515/1/775 524/1/776
f 524/1/776 526/1/310 525/1/774
f 516/1/324 515/1/324 525/1/324
f 525/1/324 527/1/324 516/1/324
f 528/1/321 519/1/321 516/1/321
f 516/1/321 527/1/321 528/1/321
f 506/1/319 504/1/319 519/1/777
f 519/1/777 528/1/319 506/1/319
f 503/1/750 517/1/769 519/1/768
f 519/1/768 504/1/750 503/1/750
f 503/1/749 502/1/748 518/1/767
f 518/1/767 517/1/766 503/1/749
f 502/1/318 501/1/318 529/1/318
f 529/1/318 518/1/318 502/1/318
f 518/1/317 529/1/317 530/1/317
f 530/1/317 513/1/317 518/1/317
f 520/1/316 514/1/778 513/1/316
f 513/1/316 530/1/316 520/1/316
f 531/1/779 532/1/780 533/1/781
f 533/1/781 534/1/782 531/1/779
f 535/1/783 536/1/784 532/1/785
f 532/1/785 531/1/786 535/1/783
f 532/1/780 537/1/336 538/1/787
f 538/1/787 533/1/781 532/1/780
f 532/1/785 536/1/784 539/1/788
f 539/1/788 537/1/789 532/1/785
f 534/1/790 540/1/790 541/1/790
f 541/1/790 542/1/790 534/1/790
f 534/1/782 542/1/791 543/1/792
f 543/1/792 531/1/779 534/1/782
f 535/1/783 531/1/786 543/1/793
f 543/1/793 544/1/794 535/1/783
f 545/1/339 535/1/339 544/1/339
f 544/1/339 546/1/339 545/1/339
f 536/1/795 535/1/795 545/1/795
f 545/1/795 547/1/795 536/1/795
f 548/1/352 539/1/352 536/1/796
f 536/1/796 547/1/796 548/1/352
f 526/1/797 524/1/798 539/1/798
f 539/1/798 548/1/799 526/1/797
f 523/1/772 537/1/789 539/1/788
f 539/1/788 524/1/773 523/1/772
f 523/1/771 522/1/770 538/1/787
f 538/1/787 537/1/336 523/1/771
f 522/1/800 521/1/349 549/1/801
f 549/1/801 538/1/802 522/1/800
f 538/1/803 549/1/348 550/1/348
f 550/1/348 533/1/348 538/1/803
f 540/1/345 534/1/345 533/1/345
f 533/1/345 550/1/345 540/1/345
f 551/1/804 552/1/805 553/1/806
f 553/1/806 554/1/807 551/1/804
f 555/1/808 556/1/809 552/1/810
f 552/1/810 551/1/811 555/1/808
f 552/1/805 557/1/812 558/1/813
f 558/1/813 553/1/806 552/1/805
f 552/1/810 556/1/809 559/1/814
f 559/1/814 557/1/815 552/1/810
f 554/1/816 560/1/374 561/1/816
f 561/1/816 562/1/816 554/1/816
f 554/1/807 562/1/817 563/1/818
f 563/1/818 551/1/804 554/1/807
f 555/1/808 551/1/811 563/1/819
f 563/1/819 564/1/820 555/1/808
f 565/1/821 555/1/822 564/1/823
f 564/1/823 566/1/824 565/1/821
f 556/1/825 555/1/826 565/1/825
f 565/1/825 567/1/827 556/1/825
f 568/1/828 559/1/383 556/1/829
f 556/1/829 567/1/830 568/1/828
f 546/1/831 544/1/380 559/1/832
f 559/1/832 568/1/380 546/1/831
f 543/1/793 557/1/815 559/1/814
f 559/1/814 544/1/794 543/1/793
f 543/1/792 542/1/791 558/1/813
f 558/1/813 557/1/812 543/1/792
f 542/1/379 541/1/379 569/1/833
f 569/1/833 558/1/379 542/1/379
f 558/1/377 569/1/377 570/1/377
f 570/1/377 553/1/377 558/1/377
f 560/1/375 554/1/375 553/1/375
f 553/1/375 570/1/376 560/1/375
f 571/1/834 572/1/835 573/1/836
f 573/1/836 574/1/837 571/1/834
f 575/1/838 576/1/839 572/1/840
f 572/1/840 571/1/841 575/1/838
f 572/1/835 577/1/842 578/1/843
f 578/1/843 573/1/836 572/1/835
f 572/1/840 576/1/839 579/1/844
f 579/1/844 577/1/845 572/1/840
f 574/1/846 580/1/847 581/1/848
f 581/1/848 582/1/403 574/1/846
f 574/1/837 582/1/849 583/1/850
f 583/1/850 571/1/834 574/1/837
f 575/1/838 571/1/841 583/1/851
f 583/1/851 584/1/852 575/1/838
f 585/1/397 575/1/397 584/1/397
f 584/1/397 586/1/397 585/1/397
f 576/1/413 575/1/413 585/1/413
f 585/1/413 587/1/413 576/1/413
f 588/1/411 579/1/411 576/1/411
f 576/1/411 587/1/411 588/1/411
f 566/1/409 564/1/853 579/1/853
f 579/1/853 588/1/408 566/1/409
f 563/1/819 577/1/845 579/1/844
f 579/1/844 564/1/820 563/1/819
f 563/1/818 562/1/817 578/1/843
f 578/1/843 577/1/842 563/1/818
f 562/1/407 561/1/407 589/1/854
f 589/1/854 578/1/407 562/1/407
f 578/1/406 589/1/406 590/1/855
f 590/1/855 573/1/406 578/1/406
f 580/1/405 574/1/405 573/1/405
f 573/1/405 590/1/405 580/1/405
f 591/1/856 592/1/857 593/1/858
f 593/1/858 594/1/859 591/1/856
f 595/1/860 596/1/861 592/1/862
f 592/1/862 591/1/863 595/1/860
f 592/1/857 597/1/864 598/1/865
f 598/1/865 593/1/858 592/1/857
f 592/1/862 596/1/861 599/1/866
f 599/1/866 597/1/867 592/1/862
f 594/1/868 600/1/869 601/1/868
f 601/1/868 602/1/870 594/1/868
f 594/1/859 602/1/871 603/1/872
f 603/1/872 591/1/856 594/1/859
f 595/1/860 591/1/863 603/1/873
f 603/1/873 604/1/874 595/1/860
f 605/1/427 595/1/427 604/1/875
f 604/1/875 606/1/427 605/1/427
f 596/1/876 595/1/444 605/1/444
f 605/1/444 607/1/444 596/1/876
f 608/1/877 599/1/878 596/1/879
f 596/1/879 607/1/441 608/1/877
f 586/1/439 584/1/439 599/1/439
f 599/1/439 608/1/439 586/1/439
f 583/1/851 597/1/867 599/1/866
f 599/1/866 584/1/852 583/1/851
f 583/1/850 582/1/849 598/1/865
f 598/1/865 597/1/864 583/1/850
f 582/1/437 581/1/437 609/1/437
f 609/1/437 598/1/880 582/1/437
f 598/1/881 609/1/436 610/1/436
f 610/1/436 593/1/436 598/1/881
f 600/1/882 594/1/435 593/1/435
f 593/1/435 610/1/435 600/1/882
f 611/1/883 612/1/884 613/1/885
f 613/1/885 614/1/886 611/1/883
f 615/1/887 616/1/888 612/1/889
f 612/1/889 611/1/890 615/1/887
f 612/1/884 617/1/891 618/1/892
f 618/1/892 613/1/885 612/1/884
f 612/1/889 616/1/888 619/1/893
f 619/1/893 617/1/894 612/1/889
f 614/1/466 620/1/466 621/1/466
f 621/1/466 622/1/466 614/1/466
f 614/1/886 622/1/895 623/1/896
f 623/1/896 611/1/883 614/1/886
f 615/1/887 611/1/890 623/1/897
f 623/1/897 624/1/898 615/1/887
f 625/1/899 615/1/899 624/1/458
f 624/1/458 626/1/458 625/1/899
f 616/1/481 615/1/481 625/1/481
f 625/1/481 627/1/481 616/1/481
f 628/1/900 619/1/900 616/1/901
f 616/1/901 627/1/900 628/1/900
f 606/1/475 604/1/475 619/1/475
f 619/1/475 628/1/475 606/1/475
f 603/1/873 617/1/894 619/1/893
f 619/1/893 604/1/874 603/1/873
f 603/1/872 602/1/871 618/1/892
f 618/1/892 617/1/891 603/1/872
f 602/1/473 601/1/473 629/1/473
f 629/1/473 618/1/902 602/1/473
f 618/1/903 629/1/904 630/1/905
f 630/1/905 613/1/906 618/1/903
f 620/1/467 614/1/468 613/1/907
f 613/1/907 630/1/908 620/1/467
f 631/1/909 632/1/910 633/1/911
f 633/1/911 634/1/912 631/1/909
f 635/1/913 636/1/914 632/1/915
f 632/1/915 631/1/916 635/1/913
f 632/1/910 637/1/917 638/1/918
f 638/1/918 633/1/911 632/1/910
f 632/1/915 636/1/914 639/1/919
f 639/1/919 637/1/920 632/1/915
f 634/1/921 640/1/922 641/1/923
f 641/1/923 642/1/923 634/1/921
f 634/1/912 642/1/924 643/1/925
f 643/1/925 631/1/909 634/1/912
f 635/1/913 631/1/916 643/1/926
f 643/1/926 644/1/927 635/1/913
f 645/1/497 635/1/928 644/1/929
f 644/1/929 646/1/930 645/1/497
f 636/1/514 635/1/514 645/1/514
f 645/1/514 647/1/514 636/1/514
f 648/1/512 639/1/512 636/1/513
f 636/1/513 647/1/513 648/1/512
f 626/1/931 624/1/511 639/1/511
f 639/1/511 648/1/511 626/1/931
f 623/1/897 637/1/920 639/1/919
f 639/1/919 624/1/898 623/1/897
f 623/1/896 622/1/895 638/1/918
f 638/1/918 637/1/917 623/1/896
f 622/1/509 621/1/932 649/1/509
f 649/1/509 638/1/509 622/1/509
f 638/1/506 649/1/507 650/1/506
f 650/1/506 633/1/507 638/1/506
f 640/1/933 634/1/934 633/1/505
f 633/1/505 650/1/505 640/1/933
f 651/1/935 652/1/936 653/1/937
f 653/1/937 654/1/938 651/1/935
f 655/1/939 656/1/940 652/1/941
f 652/1/941 651/1/942 655/1/939
f 652/1/936 657/1/943 658/1/944
f 658/1/944 653/1/937 652/1/936
f 652/1/941 656/1/940 659/1/945
f 659/1/945 657/1/946 652/1/941
f 654/1/535 660/1/535 49/1/535
f 49/1/535 47/1/535 654/1/535
f 651/1/935 654/1/938 47/1/73
f 47/1/73 46/1/72 651/1/935
f 651/1/942 46/1/71 44/1/70
f 44/1/70 655/1/939 651/1/942
f 44/1/947 45/1/948 661/1/949
f 661/1/949 655/1/950 44/1/947
f 656/1/550 655/1/951 661/1/550
f 661/1/550 662/1/550 656/1/550
f 663/1/549 659/1/952 656/1/953
f 656/1/953 662/1/953 663/1/549
f 646/1/954 644/1/955 659/1/956
f 659/1/956 663/1/545 646/1/954
f 643/1/926 657/1/946 659/1/945
f 659/1/945 644/1/927 643/1/926
f 643/1/925 642/1/924 658/1/944
f 658/1/944 657/1/943 643/1/925
f 642/1/542 641/1/957 664/1/542
f 664/1/542 658/1/542 642/1/542
f 658/1/539 664/1/539 665/1/539
f 665/1/539 653/1/539 658/1/539
f 660/1/958 654/1/537 653/1/959
f 653/1/959 665/1/537 660/1/958
f 666/1/960 667/1/961 668/1/962
f 668/1/962 669/1/963 666/1/960
f 670/1/964 671/1/965 667/1/961
f 667/1/961 666/1/960 670/1/964
f 667/1/966 672/1/967 673/1/968
f 673/1/968 668/1/969 667/1/966
f 667/1/966 671/1/970 674/1/971
f 674/1/971 672/1/967 667/1/966
f 675/1/972 669/1/972 676/1/972
f 676/1/972 677/1/972 675/1/972
f 678/1/973 666/1/974 669/1/975
f 669/1/975 675/1/975 678/1/973
f 666/1/976 678/1/976 679/1/976
f 679/1/976 670/1/976 666/1/976
f 10/1/977 670/1/977 679/1/977
f 679/1/977 11/1/977 10/1/977
f 10/1/40 25/1/41 671/1/965
f 671/1/965 670/1/964 10/1/40
f 24/1/38 674/1/971 671/1/970
f 671/1/970 25/1/39 24/1/38
f 674/1/978 24/1/978 23/1/979
f 23/1/979 680/1/980 674/1/978
f 680/1/981 681/1/982 672/1/981
f 672/1/981 674/1/981 680/1/981
f 672/1/983 681/1/984 682/1/985
f 682/1/985 673/1/986 672/1/983
f 682/1/987 683/1/988 684/1/988
f 684/1/988 673/1/988 682/1/987
f 673/1/968 684/1/989 685/1/990
f 685/1/990 668/1/969 673/1/968
f 669/1/963 668/1/962 685/1/991
f 685/1/991 676/1/992 669/1/963
f 686/1/993 687/1/994 688/1/995
f 688/1/995 689/1/996 686/1/993
f 690/1/997 691/1/998 687/1/994
f 687/1/994 686/1/993 690/1/997
f 687/1/999 692/1/1000 693/1/1001
f 693/1/1001 688/1/1002 687/1/999
f 687/1/999 691/1/1003 694/1/1004
f 694/1/1004 692/1/1000 687/1/999
f 695/1/1005 696/1/1006 697/1/1005
f 697/1/1005 689/1/1007 695/1/1005
f 697/1/1008 698/1/1008 686/1/1008
f 686/1/1008 689/1/1009 697/1/1008
f 686/1/1010 698/1/1011 699/1/1010
f 699/1/1010 690/1/1012 686/1/1010
f 676/1/1013 690/1/1013 699/1/1014
f 699/1/1014 677/1/1015 676/1/1013
f 690/1/997 676/1/992 685/1/991
f 685/1/991 691/1/998 690/1/997
f 684/1/989 694/1/1004 691/1/1003
f 691/1/1003 685/1/990 684/1/989
f 694/1/1016 684/1/1016 683/1/1016
f 683/1/1016 700/1/1016 694/1/1016
f 700/1/1017 701/1/1017 692/1/1017
f 692/1/1017 694/1/1017 700/1/1017
f 702/1/1018 693/1/1019 692/1/1020
f 692/1/1020 701/1/1020 702/1/1018
f 702/1/1021 703/1/1022 704/1/1023
f 704/1/1023 693/1/1024 702/1/1021
f 688/1/1002 693/1/1001 704/1/1025
f 704/1/1025 705/1/1026 688/1/1002
f 705/1/1027 695/1/1028 689/1/996
f 689/1/996 688/1/995 705/1/1027
f 706/1/1029 707/1/1030 708/1/1031
f 708/1/1031 709/1/1032 706/1/1029
f 710/1/1033 711/1/1034 707/1/1030
f 707/1/1030 706/1/1029 710/1/1033
f 707/1/1035 712/1/1036 713/1/1037
f 713/1/1037 708/1/1038 707/1/1035
f 707/1/1035 711/1/1039 714/1/1040
f 714/1/1040 712/1/1036 707/1/1035
f 715/1/1041 716/1/1041 717/1/1041
f 717/1/1041 709/1/1041 715/1/1041
f 706/1/1042 709/1/1043 717/1/1044
f 717/1/1044 718/1/1042 706/1/1042
f 706/1/1045 718/1/1046 719/1/1046
f 719/1/1046 710/1/1046 706/1/1045
f 695/1/1047 710/1/1047 719/1/1048
f 719/1/1048 696/1/1047 695/1/1047
f 710/1/1033 695/1/1028 705/1/1027
f 705/1/1027 711/1/1034 710/1/1033
f 704/1/1025 714/1/1040 711/1/1039
f 711/1/1039 705/1/1026 704/1/1025
f 714/1/1049 704/1/1049 703/1/1049
f 703/1/1049 720/1/1049 714/1/1049
f 720/1/1050 721/1/1050 712/1/1051
f 712/1/1051 714/1/1052 720/1/1050
f 721/1/1053 722/1/1053 713/1/1053
f 713/1/1053 712/1/1053 721/1/1053
f 722/1/1054 723/1/1055 724/1/1056
f 724/1/1056 713/1/1057 722/1/1054
f 713/1/1037 724/1/1058 725/1/1059
f 725/1/1059 708/1/1038 713/1/1037
f 708/1/1031 725/1/1060 715/1/1061
f 715/1/1061 709/1/1032 708/1/1031
f 726/1/1062 727/1/1063 728/1/1064
f 728/1/1064 729/1/1065 726/1/1062
f 730/1/1066 731/1/1067 727/1/1063
f 727/1/1063 726/1/1062 730/1/1066
f 727/1/1068 732/1/1069 733/1/1070
f 733/1/1070 728/1/1071 727/1/1068
f 727/1/1068 731/1/1072 734/1/1073
f 734/1/1073 732/1/1069 727/1/1068
f 735/1/1074 736/1/1075 737/1/1075
f 737/1/1075 729/1/1075 735/1/1074
f 726/1/1076 729/1/1076 737/1/1077
f 737/1/1077 738/1/1076 726/1/1076
f 726/1/1078 738/1/1078 739/1/1078
f 739/1/1078 730/1/1078 726/1/1078
f 715/1/1079 730/1/1080 739/1/1079
f 739/1/1079 716/1/1080 715/1/1079
f 730/1/1066 715/1/1061 725/1/1060
f 725/1/1060 731/1/1067 730/1/1066
f 731/1/1072 725/1/1059 724/1/1058
f 724/1/1058 734/1/1073 731/1/1072
f 734/1/1081 724/1/1081 723/1/1081
f 723/1/1081 740/1/1081 734/1/1081
f 740/1/1082 741/1/1083 732/1/1083
f 732/1/1083 734/1/1083 740/1/1082
f 741/1/1084 742/1/1084 733/1/1085
f 733/1/1085 732/1/1084 741/1/1084
f 742/1/1086 743/1/1086 744/1/1086
f 744/1/1086 733/1/1086 742/1/1086
f 728/1/1071 733/1/1070 744/1/1087
f 744/1/1087 745/1/1088 728/1/1071
f 728/1/1064 745/1/1089 735/1/1090
f 735/1/1090 729/1/1065 728/1/1064
f 746/1/1091 747/1/1092 748/1/1093
f 748/1/1093 749/1/1094 746/1/1091
f 750/1/1095 751/1/1096 747/1/1092
f 747/1/1092 746/1/1091 750/1/1095
f 747/1/1097 752/1/1098 753/1/1099
f 753/1/1099 748/1/1100 747/1/1097
f 747/1/1097 751/1/1101 754/1/1102
f 754/1/1102 752/1/1098 747/1/1097
f 755/1/1103 756/1/1104 757/1/1105
f 757/1/1105 749/1/1106 755/1/1103
f 746/1/1107 749/1/1107 757/1/1107
f 757/1/1107 758/1/1107 746/1/1107
f 746/1/1108 758/1/1108 759/1/1108
f 759/1/1108 750/1/1109 746/1/1108
f 735/1/1110 750/1/1110 759/1/1110
f 759/1/1110 736/1/1110 735/1/1110
f 750/1/1095 735/1/1090 745/1/1089
f 745/1/1089 751/1/1096 750/1/1095
f 744/1/1087 754/1/1102 751/1/1101
f 751/1/1101 745/1/1088 744/1/1087
f 754/1/1111 744/1/1111 743/1/1111
f 743/1/1111 760/1/1112 754/1/1111
f 760/1/1113 761/1/1114 752/1/1113
f 752/1/1113 754/1/1115 760/1/1113
f 761/1/1116 762/1/1116 753/1/1116
f 753/1/1116 752/1/1116 761/1/1116
f 762/1/1117 763/1/1118 764/1/1119
f 764/1/1119 753/1/1120 762/1/1117
f 748/1/1100 753/1/1099 764/1/1121
f 764/1/1121 765/1/1122 748/1/1100
f 748/1/1093 765/1/1123 755/1/1124
f 755/1/1124 749/1/1094 748/1/1093
f 766/1/1125 767/1/1126 768/1/1127
f 768/1/1127 769/1/1128 766/1/1125
f 770/1/1129 771/1/1130 767/1/1126
f 767/1/1126 766/1/1125 770/1/1129
f 767/1/1131 772/1/1132 773/1/1133
f 773/1/1133 768/1/1134 767/1/1131
f 767/1/1131 771/1/1135 774/1/1136
f 774/1/1136 772/1/1132 767/1/1131
f 775/1/1137 776/1/1138 777/1/1138
f 777/1/1138 769/1/1139 775/1/1137
f 766/1/1140 769/1/1140 777/1/1140
f 777/1/1140 778/1/1140 766/1/1140
f 766/1/1141 778/1/1142 779/1/1141
f 779/1/1141 770/1/1141 766/1/1141
f 755/1/1143 770/1/1143 779/1/1144
f 779/1/1144 756/1/1143 755/1/1143
f 770/1/1129 755/1/1124 765/1/1123
f 765/1/1123 771/1/1130 770/1/1129
f 764/1/1121 774/1/1136 771/1/1135
f 771/1/1135 765/1/1122 764/1/1121
f 774/1/1145 764/1/1145 763/1/1146
f 763/1/1146 780/1/1145 774/1/1145
f 780/1/1147 781/1/1148 772/1/1148
f 772/1/1148 774/1/1148 780/1/1147
f 781/1/1149 782/1/1149 773/1/1149
f 773/1/1149 772/1/1149 781/1/1149
f 782/1/1150 783/1/1151 784/1/1150
f 784/1/1150 773/1/1150 782/1/1150
f 768/1/1134 773/1/1133 784/1/1152
f 784/1/1152 785/1/1153 768/1/1134
f 768/1/1127 785/1/1154 775/1/1155
f 775/1/1155 769/1/1128 768/1/1127
f 786/1/1156 787/1/1157 788/1/1158
f 788/1/1158 789/1/1159 786/1/1156
f 790/1/1160 791/1/1161 787/1/1157
f 787/1/1157 786/1/1156 790/1/1160
f 787/1/1162 792/1/1163 793/1/1164
f 793/1/1164 788/1/1165 787/1/1162
f 787/1/1162 791/1/1166 794/1/1167
f 794/1/1167 792/1/1163 787/1/1162
f 795/1/1168 796/1/1168 797/1/1168
f 797/1/1168 789/1/1169 795/1/1168
f 786/1/1170 789/1/1170 797/1/1170
f 797/1/1170 798/1/1171 786/1/1170
f 786/1/1172 798/1/1173 799/1/1173
f 799/1/1173 790/1/1174 786/1/1172
f 775/1/1175 790/1/1175 799/1/1175
f 799/1/1175 776/1/1175 775/1/1175
f 790/1/1160 775/1/1155 785/1/1154
f 785/1/1154 791/1/1161 790/1/1160
f 784/1/1152 794/1/1167 791/1/1166
f 791/1/1166 785/1/1153 784/1/1152
f 794/1/1176 784/1/1177 783/1/1178
f 783/1/1178 800/1/1176 794/1/1176
f 800/1/1179 801/1/1179 792/1/1179
f 792/1/1179 794/1/1179 800/1/1179
f 801/1/1180 802/1/1180 793/1/1180
f 793/1/1180 792/1/1180 801/1/1180
f 802/1/1181 803/1/1182 804/1/1182
f 804/1/1182 793/1/1182 802/1/1181
f 788/1/1165 793/1/1164 804/1/1183
f 804/1/1183 805/1/1183 788/1/1165
f 788/1/1158 805/1/1184 795/1/1185
f 795/1/1185 789/1/1159 788/1/1158
f 806/1/1186 807/1/1187 808/1/1188
f 808/1/1188 809/1/1189 806/1/1186
f 810/1/1190 811/1/1191 807/1/1187
f 807/1/1187 806/1/1186 810/1/1190
f 807/1/1192 812/1/1193 813/1/1194
f 813/1/1194 808/1/1195 807/1/1192
f 807/1/1192 811/1/1196 814/1/1197
f 814/1/1197 812/1/1193 807/1/1192
f 815/1/1198 816/1/1198 817/1/1198
f 817/1/1198 809/1/1198 815/1/1198
f 806/1/1199 809/1/1199 817/1/1200
f 817/1/1200 818/1/1199 806/1/1199
f 806/1/1201 818/1/1201 819/1/1201
f 819/1/1201 810/1/1202 806/1/1201
f 795/1/1203 810/1/1203 819/1/1203
f 819/1/1203 796/1/1203 795/1/1203
f 810/1/1190 795/1/1185 805/1/1184
f 805/1/1184 811/1/1191 810/1/1190
f 804/1/1183 814/1/1197 811/1/1196
f 811/1/1196 805/1/1183 804/1/1183
f 820/1/1204 814/1/1205 804/1/1204
f 804/1/1204 803/1/1204 820/1/1204
f 820/1/1206 821/1/1206 812/1/1206
f 812/1/1206 814/1/1206 820/1/1206
f 821/1/1207 822/1/1208 813/1/1207
f 813/1/1207 812/1/1207 821/1/1207
f 822/1/1209 823/1/1210 824/1/1210
f 824/1/1210 813/1/1210 822/1/1209
f 808/1/1195 813/1/1194 824/1/1211
f 824/1/1211 825/1/1212 808/1/1195
f 808/1/1188 825/1/1213 815/1/1214
f 815/1/1214 809/1/1189 808/1/1188
f 826/1/1215 827/1/1216 828/1/1217
f 828/1/1217 829/1/1218 826/1/1215
f 830/1/1219 831/1/1220 827/1/1216
f 827/1/1216 826/1/1215 830/1/1219
f 827/1/1221 832/1/1222 833/1/1223
f 833/1/1223 828/1/1224 827/1/1221
f 827/1/1221 831/1/1225 834/1/1226
f 834/1/1226 832/1/1222 827/1/1221
f 835/1/1227 836/1/1227 837/1/1228
f 837/1/1228 829/1/1229 835/1/1227
f 826/1/1230 829/1/1230 837/1/1230
f 837/1/1230 838/1/1230 826/1/1230
f 826/1/1231 838/1/1231 839/1/1231
f 839/1/1231 830/1/1231 826/1/1231
f 815/1/1232 830/1/1233 839/1/1234
f 839/1/1234 816/1/1235 815/1/1232
f 830/1/1219 815/1/1214 825/1/1213
f 825/1/1213 831/1/1220 830/1/1219
f 824/1/1211 834/1/1226 831/1/1225
f 831/1/1225 825/1/1212 824/1/1211
f 834/1/1236 824/1/1237 823/1/1236
f 823/1/1236 840/1/1236 834/1/1236
f 840/1/1238 841/1/1239 832/1/1239
f 832/1/1239 834/1/1238 840/1/1238
f 841/1/1240 842/1/1241 833/1/1241
f 833/1/1241 832/1/1241 841/1/1240
f 842/1/1242 843/1/1243 844/1/1244
f 844/1/1244 833/1/1244 842/1/1242
f 828/1/1224 833/1/1223 844/1/1245
f 844/1/1245 845/1/1246 828/1/1224
f 828/1/1217 845/1/1247 835/1/1248
f 835/1/1248 829/1/1218 828/1/1217
f 846/1/1249 847/1/1250 848/1/1251
f 848/1/1251 849/1/1252 846/1/1249
f 850/1/1253 851/1/1254 847/1/1250
f 847/1/1250 846/1/1249 850/1/1253
f 847/1/1255 852/1/1256 853/1/1257
f 853/1/1257 848/1/1258 847/1/1255
f 847/1/1255 851/1/1259 854/1/1260
f 854/1/1260 852/1/1256 847/1/1255
f 855/1/1261 856/1/1261 857/1/1262
f 857/1/1262 849/1/1261 855/1/1261
f 846/1/1263 849/1/1264 857/1/1264
f 857/1/1264 858/1/1265 846/1/1263
f 846/1/1266 858/1/1266 859/1/1266
f 859/1/1266 850/1/1266 846/1/1266
f 835/1/1267 850/1/1268 859/1/1268
f 859/1/1268 836/1/1269 835/1/1267
f 850/1/1253 835/1/1248 845/1/1247
f 845/1/1247 851/1/1254 850/1/1253
f 844/1/1245 854/1/1260 851/1/1259
f 851/1/1259 845/1/1246 844/1/1245
f 854/1/1270 844/1/1271 843/1/1272
f 843/1/1272 860/1/1273 854/1/1270
f 860/1/1274 861/1/1274 852/1/1274
f 852/1/1274 854/1/1274 860/1/1274
f 861/1/1275 862/1/1276 853/1/1277
f 853/1/1277 852/1/1278 861/1/1275
f 862/1/1279 863/1/1279 864/1/1279
f 864/1/1279 853/1/1279 862/1/1279
f 848/1/1258 853/1/1257 864/1/1280
f 864/1/1280 865/1/1281 848/1/1258
f 848/1/1251 865/1/1282 855/1/1283
f 855/1/1283 849/1/1252 848/1/1251
f 866/1/1284 867/1/1285 868/1/1286
f 868/1/1286 869/1/1287 866/1/1284
f 870/1/1288 871/1/1289 867/1/1285
f 867/1/1285 866/1/1284 870/1/1288
f 867/1/1290 872/1/1291 873/1/1292
f 873/1/1292 868/1/1293 867/1/1290
f 867/1/1290 871/1/1294 874/1/1295
f 874/1/1295 872/1/1291 867/1/1290
f 875/1/1296 876/1/1296 877/1/1296
f 877/1/1296 869/1/1296 875/1/1296
f 866/1/1297 869/1/1297 877/1/1297
f 877/1/1297 878/1/1297 866/1/1297
f 866/1/1298 878/1/1298 879/1/1298
f 879/1/1298 870/1/1298 866/1/1298
f 855/1/1299 870/1/1300 879/1/1300
f 879/1/1300 856/1/1300 855/1/1299
f 870/1/1288 855/1/1283 865/1/1282
f 865/1/1282 871/1/1289 870/1/1288
f 864/1/1280 874/1/1295 871/1/1294
f 871/1/1294 865/1/1281 864/1/1280
f 874/1/1301 864/1/1302 863/1/1301
f 863/1/1301 880/1/1302 874/1/1301
f 880/1/1303 881/1/1303 872/1/1304
f 872/1/1304 874/1/1303 880/1/1303
f 881/1/1305 882/1/1305 873/1/1305
f 873/1/1305 872/1/1306 881/1/1305
f 882/1/1307 883/1/1307 884/1/1307
f 884/1/1307 873/1/1307 882/1/1307
f 868/1/1293 873/1/1292 884/1/1308
f 884/1/1308 885/1/1309 868/1/1293
f 868/1/1286 885/1/1310 875/1/1311
f 875/1/1311 869/1/1287 868/1/1286
f 886/1/1312 887/1/1313 888/1/1314
f 888/1/1314 889/1/1315 886/1/1312
f 890/1/1316 891/1/1317 887/1/1313
f 887/1/1313 886/1/1312 890/1/1316
f 887/1/1318 892/1/1319 893/1/1320
f 893/1/1320 888/1/1321 887/1/1318
f 887/1/1318 891/1/1322 894/1/1323
f 894/1/1323 892/1/1319 887/1/1318
f 895/1/1324 896/1/1325 897/1/1326
f 897/1/1326 889/1/1327 895/1/1324
f 886/1/1328 889/1/1328 897/1/1328
f 897/1/1328 898/1/1328 886/1/1328
f 886/1/1329 898/1/1329 899/1/1330
f 899/1/1330 890/1/1331 886/1/1329
f 875/1/1332 890/1/1333 899/1/1332
f 899/1/1332 876/1/1332 875/1/1332
f 890/1/1316 875/1/1311 885/1/1310
f 885/1/1310 891/1/1317 890/1/1316
f 884/1/1308 894/1/1323 891/1/1322
f 891/1/1322 885/1/1309 884/1/1308
f 894/1/1334 884/1/1335 883/1/1336
f 883/1/1336 900/1/1337 894/1/1334
f 900/1/1338 901/1/1339 892/1/1338
f 892/1/1338 894/1/1340 900/1/1338
f 901/1/1341 902/1/1342 893/1/1343
f 893/1/1343 892/1/1342 901/1/1341
f 902/1/1344 903/1/1344 904/1/1345
f 904/1/1345 893/1/1344 902/1/1344
f 888/1/1321 893/1/1320 904/1/1346
f 904/1/1346 905/1/1347 888/1/1321
f 888/1/1314 905/1/1348 895/1/1349
f 895/1/1349 889/1/1315 888/1/1314
f 906/1/1350 907/1/1351 908/1/1352
f 908/1/1352 909/1/1353 906/1/1350
f 910/1/1354 911/1/1355 907/1/1351
f 907/1/1351 906/1/1350 910/1/1354
f 907/1/1356 912/1/1357 913/1/1358
f 913/1/1358 908/1/1359 907/1/1356
f 907/1/1356 911/1/1360 914/1/1361
f 914/1/1361 912/1/1357 907/1/1356
f 915/1/1362 916/1/1362 917/1/1362
f 917/1/1362 909/1/1362 915/1/1362
f 906/1/1363 909/1/1364 917/1/1363
f 917/1/1363 918/1/1363 906/1/1363
f 906/1/1365 918/1/1366 919/1/1365
f 919/1/1365 910/1/1367 906/1/1365
f 895/1/1368 910/1/1369 919/1/1368
f 919/1/1368 896/1/1370 895/1/1368
f 910/1/1354 895/1/1349 905/1/1348
f 905/1/1348 911/1/1355 910/1/1354
f 904/1/1346 914/1/1361 911/1/1360
f 911/1/1360 905/1/1347 904/1/1346
f 914/1/1371 904/1/1372 903/1/1373
f 903/1/1373 920/1/1371 914/1/1371
f 920/1/1374 921/1/1375 912/1/1376
f 912/1/1376 914/1/1376 920/1/1374
f 921/1/1377 922/1/1378 913/1/1379
f 913/1/1379 912/1/1379 921/1/1377
f 922/1/1380 923/1/1381 924/1/1382
f 924/1/1382 913/1/1380 922/1/1380
f 908/1/1359 913/1/1358 924/1/1383
f 924/1/1383 925/1/1384 908/1/1359
f 908/1/1352 925/1/1385 915/1/1386
f 915/1/1386 909/1/1353 908/1/1352
f 926/1/1387 927/1/1388 928/1/1389
f 928/1/1389 929/1/1390 926/1/1387
f 930/1/1391 931/1/1392 927/1/1388
f 927/1/1388 926/1/1387 930/1/1391
f 927/1/1393 932/1/1394 933/1/1395
f 933/1/1395 928/1/1396 927/1/1393
f 927/1/1393 931/1/1397 934/1/1398
f 934/1/1398 932/1/1394 927/1/1393
f 935/1/1399 936/1/1399 937/1/1399
f 937/1/1399 929/1/1399 935/1/1399
f 926/1/1400 929/1/1401 937/1/1402
f 937/1/1402 938/1/1402 926/1/1400
f 926/1/1403 938/1/1403 939/1/1403
f 939/1/1403 930/1/1403 926/1/1403
f 915/1/1404 930/1/1405 939/1/1404
f 939/1/1404 916/1/1404 915/1/1404
f 930/1/1391 915/1/1386 925/1/1385
f 925/1/1385 931/1/1392 930/1/1391
f 924/1/1383 934/1/1398 931/1/1397
f 931/1/1397 925/1/1384 924/1/1383
f 934/1/1406 924/1/1407 923/1/1408
f 923/1/1408 940/1/1406 934/1/1406
f 940/1/1409 941/1/1410 932/1/1410
f 932/1/1410 934/1/1411 940/1/1409
f 941/1/1412 942/1/1412 933/1/1412
f 933/1/1412 932/1/1412 941/1/1412
f 942/1/1413 943/1/1414 944/1/1415
f 944/1/1415 933/1/1416 942/1/1413
f 928/1/1396 933/1/1395 944/1/1417
f 944/1/1417 945/1/1418 928/1/1396
f 928/1/1389 945/1/1419 935/1/1420
f 935/1/1420 929/1/1390 928/1/1389
f 946/1/1421 947/1/1422 948/1/1423
f 948/1/1423 949/1/1424 946/1/1421
f 950/1/1425 951/1/1426 947/1/1422
f 947/1/1422 946/1/1421 950/1/1425
f 947/1/1427 952/1/1428 953/1/1429
f 953/1/1429 948/1/1430 947/1/1427
f 947/1/1427 951/1/1431 954/1/1432
f 954/1/1432 952/1/1428 947/1/1427
f 955/1/1433 956/1/1433 957/1/1433
f 957/1/1433 949/1/1433 955/1/1433
f 946/1/1434 949/1/1434 957/1/1434
f 957/1/1434 958/1/1434 946/1/1434
f 946/1/1435 958/1/1436 959/1/1437
f 959/1/1437 950/1/1436 946/1/1435
f 935/1/1438 950/1/1438 959/1/1438
f 959/1/1438 936/1/1438 935/1/1438
f 950/1/1425 935/1/1420 945/1/1419
f 945/1/1419 951/1/1426 950/1/1425
f 944/1/1417 954/1/1432 951/1/1431
f 951/1/1431 945/1/1418 944/1/1417
f 954/1/1439 944/1/1440 943/1/1441
f 943/1/1441 960/1/1442 954/1/1439
f 960/1/1443 961/1/1444 952/1/1443
f 952/1/1443 954/1/1444 960/1/1443
f 961/1/1445 962/1/1445 953/1/1445
f 953/1/1445 952/1/1445 961/1/1445
f 962/1/1446 963/1/1447 964/1/1447
f 964/1/1447 953/1/1448 962/1/1446
f 948/1/1430 953/1/1429 964/1/1449
f 964/1/1449 965/1/1450 948/1/1430
f 948/1/1423 965/1/1451 955/1/1452
f 955/1/1452 949/1/1424 948/1/1423
f 966/1/1453 967/1/1454 968/1/1455
f 968/1/1455 969/1/1456 966/1/1453
f 970/1/1457 971/1/1458 967/1/1454
f 967/1/1454 966/1/1453 970/1/1457
f 967/1/1459 972/1/1460 973/1/1461
f 973/1/1461 968/1/1462 967/1/1459
f 967/1/1459 971/1/1463 974/1/1464
f 974/1/1464 972/1/1460 967/1/1459
f 975/1/1465 976/1/1465 977/1/1465
f 977/1/1465 969/1/1465 975/1/1465
f 966/1/31 969/1/1466 977/1/1467
f 977/1/1467 978/1/31 966/1/31
f 966/1/1468 978/1/30 979/1/1469
f 979/1/1469 970/1/1470 966/1/1468
f 955/1/1471 970/1/1472 979/1/1471
f 979/1/1471 956/1/1472 955/1/1471
f 970/1/1457 955/1/1452 965/1/1451
f 965/1/1451 971/1/1458 970/1/1457
f 964/1/1449 974/1/1464 971/1/1463
f 971/1/1463 965/1/1450 964/1/1449
f 974/1/20 964/1/20 963/1/20
f 963/1/20 980/1/20 974/1/20
f 980/1/18 981/1/18 972/1/18
f 972/1/18 974/1/18 980/1/18
f 981/1/15 982/1/15 973/1/1473
f 973/1/1473 972/1/15 981/1/15
f 982/1/13 983/1/13 984/1/13
f 984/1/13 973/1/13 982/1/13
f 968/1/1462 973/1/1461 984/1/1474
f 984/1/1474 985/1/1475 968/1/1462
f 968/1/1455 985/1/1476 975/1/1477
f 975/1/1477 969/1/1456 968/1/1455
f 986/1/1478 987/1/1479 988/1/1480
f 988/1/1480 989/1/1481 986/1/1478
f 990/1/1482 991/1/1483 987/1/1479
f 987/1/1479 986/1/1478 990/1/1482
f 987/1/1484 992/1/1485 993/1/1486
f 993/1/1486 988/1/1487 987/1/1484
f 987/1/1484 991/1/1488 994/1/1489
f 994/1/1489 992/1/1485 987/1/1484
f 995/1/1490 996/1/988 997/1/988
f 997/1/988 989/1/1490 995/1/1490
f 986/1/985 989/1/985 997/1/985
f 997/1/985 998/1/985 986/1/985
f 986/1/981 998/1/1491 999/1/1491
f 999/1/1491 990/1/981 986/1/981
f 975/1/1492 990/1/1493 999/1/1492
f 999/1/1492 976/1/980 975/1/1492
f 990/1/1482 975/1/1477 985/1/1476
f 985/1/1476 991/1/1483 990/1/1482
f 984/1/1474 994/1/1489 991/1/1488
f 991/1/1488 985/1/1475 984/1/1474
f 994/1/977 984/1/977 983/1/977
f 983/1/977 1000/1/977 994/1/977
f 1000/1/976 1001/1/976 992/1/976
f 992/1/976 994/1/976 1000/1/976
f 1001/1/974 1002/1/974 993/1/974
f 993/1/974 992/1/975 1001/1/974
f 1002/1/1494 1003/1/972 1004/1/972
f 1004/1/972 993/1/972 1002/1/1494
f 988/1/1487 993/1/1486 1004/1/1495
f 1004/1/1495 1005/1/1496 988/1/1487
f 988/1/1480 1005/1/1497 995/1/1498
f 995/1/1498 989/1/1481 988/1/1480
f 1006/1/1499 1007/1/1500 1008/1/1501
f 1008/1/1501 1009/1/1502 1006/1/1499
f 1010/1/1503 1011/1/1504 1007/1/1500
f 1007/1/1500 1006/1/1499 1010/1/1503
f 1007/1/1505 1012/1/1506 1013/1/1507
f 1013/1/1507 1008/1/1508 1007/1/1505
f 1007/1/1505 1011/1/1509 1014/1/1510
f 1014/1/1510 1012/1/1506 1007/1/1505
f 1015/1/1511 1016/1/1511 1017/1/1511
f 1017/1/1511 1009/1/1512 1015/1/1511
f 1006/1/1020 1009/1/1020 1017/1/1020
f 1017/1/1020 1018/1/1513 1006/1/1020
f 1006/1/1017 1018/1/1017 1019/1/1514
f 1019/1/1514 1010/1/1515 1006/1/1017
f 995/1/1016 1010/1/1016 1019/1/1016
f 1019/1/1016 996/1/1016 995/1/1016
f 1010/1/1503 995/1/1498 1005/1/1497
f 1005/1/1497 1011/1/1504 1010/1/1503
f 1004/1/1495 1014/1/1510 1011/1/1509
f 1011/1/1509 1005/1/1496 1004/1/1495
f 1014/1/1015 1004/1/1015 1003/1/1015
f 1003/1/1015 1020/1/1516 1014/1/1015
f 1020/1/1517 1021/1/1518 1012/1/1012
f 1012/1/1012 1014/1/1519 1020/1/1517
f 1021/1/1520 1022/1/1520 1013/1/1521
f 1013/1/1521 1012/1/1522 1021/1/1520
f 1022/1/1523 1023/1/1524 1024/1/1523
f 1024/1/1523 1013/1/1523 1022/1/1523
f 1008/1/1508 1013/1/1507 1024/1/1525
f 1024/1/1525 1025/1/1526 1008/1/1508
f 1008/1/1501 1025/1/1527 1015/1/1528
f 1015/1/1528 1009/1/1502 1008/1/1501
f 1026/1/1529 1027/1/1530 1028/1/1531
f 1028/1/1531 1029/1/1532 1026/1/1529
f 1030/1/1533 1031/1/1534 1027/1/1530
f 1027/1/1530 1026/1/1529 1030/1/1533
f 1027/1/1535 1032/1/1536 1033/1/1537
f 1033/1/1537 1028/1/1538 1027/1/1535
f 1027/1/1535 1031/1/1539 1034/1/1540
f 1034/1/1540 1032/1/1536 1027/1/1535
f 1035/1/1541 1036/1/1541 1037/1/1541
f 1037/1/1541 1029/1/1541 1035/1/1541
f 1026/1/1053 1029/1/1053 1037/1/1542
f 1037/1/1542 1038/1/1053 1026/1/1053
f 1026/1/1051 1038/1/1051 1039/1/1051
f 1039/1/1051 1030/1/1051 1026/1/1051
f 1015/1/1049 1030/1/1049 1039/1/1049
f 1039/1/1049 1016/1/1049 1015/1/1049
f 1030/1/1533 1015/1/1528 1025/1/1527
f 1025/1/1527 1031/1/1534 1030/1/1533
f 1024/1/1525 1034/1/1540 1031/1/1539
f 1031/1/1539 1025/1/1526 1024/1/1525
f 1034/1/1543 1024/1/1047 1023/1/1544
f 1023/1/1544 1040/1/1047 1034/1/1543
f 1040/1/1545 1041/1/1546 1032/1/1546
f 1032/1/1546 1034/1/1545 1040/1/1545
f 1041/1/1547 1042/1/1042 1033/1/1042
f 1033/1/1042 1032/1/1042 1041/1/1547
f 1042/1/1041 1043/1/1041 1044/1/1041
f 1044/1/1041 1033/1/1041 1042/1/1041
f 1028/1/1538 1033/1/1537 1044/1/1548
f 1044/1/1548 1045/1/1549 1028/1/1538
f 1028/1/1531 1045/1/1550 1035/1/1551
f 1035/1/1551 1029/1/1532 1028/1/1531
f 1046/1/1552 1047/1/1553 1048/1/1554
f 1048/1/1554 1049/1/1555 1046/1/1552
f 1050/1/1556 1051/1/1557 1047/1/1553
f 1047/1/1553 1046/1/1552 1050/1/1556
f 1047/1/1558 1052/1/1559 1053/1/1560
f 1053/1/1560 1048/1/1561 1047/1/1558
f 1047/1/1558 1051/1/1562 1054/1/1563
f 1054/1/1563 1052/1/1559 1047/1/1558
f 1055/1/1086 1056/1/1086 1057/1/1086
f 1057/1/1086 1049/1/1086 1055/1/1086
f 1046/1/1084 1049/1/1084 1057/1/1084
f 1057/1/1084 1058/1/1084 1046/1/1084
f 1046/1/1083 1058/1/1083 1059/1/1083
f 1059/1/1083 1050/1/1083 1046/1/1083
f 1035/1/1564 1050/1/1565 1059/1/1566
f 1059/1/1566 1036/1/1081 1035/1/1564
f 1050/1/1556 1035/1/1551 1045/1/1550
f 1045/1/1550 1051/1/1557 1050/1/1556
f 1044/1/1548 1054/1/1563 1051/1/1562
f 1051/1/1562 1045/1/1549 1044/1/1548
f 1054/1/1567 1044/1/1568 1043/1/1568
f 1043/1/1568 1060/1/1569 1054/1/1567
f 1060/1/1570 1061/1/1078 1052/1/1571
f 1052/1/1571 1054/1/1572 1060/1/1570
f 1061/1/1573 1062/1/1076 1053/1/1076
f 1053/1/1076 1052/1/1076 1061/1/1573
f 1062/1/1074 1063/1/1574 1064/1/1574
f 1064/1/1574 1053/1/1574 1062/1/1074
f 1048/1/1561 1053/1/1560 1064/1/1575
f 1064/1/1575 1065/1/1576 1048/1/1561
f 1048/1/1554 1065/1/1577 1055/1/1578
f 1055/1/1578 1049/1/1555 1048/1/1554
f 1066/1/1579 1067/1/1580 1068/1/1581
f 1068/1/1581 1069/1/1582 1066/1/1579
f 1070/1/1583 1071/1/1584 1067/1/1580
f 1067/1/1580 1066/1/1579 1070/1/1583
f 1067/1/1585 1072/1/1586 1073/1/1587
f 1073/1/1587 1068/1/1588 1067/1/1585
f 1067/1/1585 1071/1/1589 1074/1/1590
f 1074/1/1590 1072/1/1586 1067/1/1585
f 1075/1/1117 1076/1/1591 1077/1/1591
f 1077/1/1591 1069/1/1117 1075/1/1117
f 1066/1/1116 1069/1/1116 1077/1/1116
f 1077/1/1116 1078/1/1116 1066/1/1116
f 1066/1/1592 1078/1/1592 1079/1/1592
f 1079/1/1592 1070/1/1592 1066/1/1592
f 1055/1/1593 1070/1/1594 1079/1/1595
f 1079/1/1595 1056/1/1594 1055/1/1593
f 1070/1/1583 1055/1/1578 1065/1/1577
f 1065/1/1577 1071/1/1584 1070/1/1583
f 1064/1/1575 1074/1/1590 1071/1/1589
f 1071/1/1589 1065/1/1576 1064/1/1575
f 1074/1/1596 1064/1/1110 1063/1/1110
f 1063/1/1110 1080/1/1110 1074/1/1596
f 1080/1/1108 1081/1/1597 1072/1/1108
f 1072/1/1108 1074/1/1108 1080/1/1108
f 1081/1/1598 1082/1/1107 1073/1/1599
f 1073/1/1599 1072/1/1107 1081/1/1598
f 1082/1/1600 1083/1/1106 1084/1/1106
f 1084/1/1106 1073/1/1106 1082/1/1600
f 1068/1/1588 1073/1/1587 1084/1/1601
f 1084/1/1601 1085/1/1602 1068/1/1588
f 1068/1/1581 1085/1/1603 1075/1/1604
f 1075/1/1604 1069/1/1582 1068/1/1581
f 1086/1/1605 1087/1/1606 1088/1/1607
f 1088/1/1607 1089/1/1608 1086/1/1605
f 1090/1/1609 1091/1/1610 1087/1/1606
f 1087/1/1606 1086/1/1605 1090/1/1609
f 1087/1/1611 1092/1/1612 1093/1/1613
f 1093/1/1613 1088/1/1614 1087/1/1611
f 1087/1/1611 1091/1/1615 1094/1/1616
f 1094/1/1616 1092/1/1612 1087/1/1611
f 1095/1/1617 1096/1/1151 1097/1/1617
f 1097/1/1617 1089/1/1151 1095/1/1617
f 1086/1/1149 1089/1/1618 1097/1/1149
f 1097/1/1149 1098/1/1149 1086/1/1149
f 1086/1/1619 1098/1/1148 1099/1/1619
f 1099/1/1619 1090/1/1619 1086/1/1619
f 1075/1/1620 1090/1/1145 1099/1/1145
f 1099/1/1145 1076/1/1145 1075/1/1620
f 1090/1/1609 1075/1/1604 1085/1/1603
f 1085/1/1603 1091/1/1610 1090/1/1609
f 1084/1/1601 1094/1/1616 1091/1/1615
f 1091/1/1615 1085/1/1602 1084/1/1601
f 1094/1/1621 1084/1/1621 1083/1/1621
f 1083/1/1621 1100/1/1621 1094/1/1621
f 1100/1/1141 1101/1/1141 1092/1/1141
f 1092/1/1141 1094/1/1141 1100/1/1141
f 1101/1/1140 1102/1/1140 1093/1/1140
f 1093/1/1140 1092/1/1140 1101/1/1140
f 1102/1/1138 1103/1/1138 1104/1/1138
f 1104/1/1138 1093/1/1138 1102/1/1138
f 1088/1/1614 1093/1/1613 1104/1/1622
f 1104/1/1622 1105/1/1623 1088/1/1614
f 1088/1/1607 1105/1/1624 1095/1/1625
f 1095/1/1625 1089/1/1608 1088/1/1607
f 1106/1/1626 1107/1/1627 1108/1/1628
f 1108/1/1628 1109/1/1629 1106/1/1626
f 1110/1/1630 1111/1/1631 1107/1/1627
f 1107/1/1627 1106/1/1626 1110/1/1630
f 1107/1/1632 1112/1/1633 1113/1/1634
f 1113/1/1634 1108/1/1635 1107/1/1632
f 1107/1/1632 1111/1/1636 1114/1/1637
f 1114/1/1637 1112/1/1633 1107/1/1632
f 1115/1/1181 1116/1/1638 1117/1/1181
f 1117/1/1181 1109/1/1181 1115/1/1181
f 1106/1/1180 1109/1/1180 1117/1/1180
f 1117/1/1180 1118/1/1180 1106/1/1180
f 1106/1/1639 1118/1/1640 1119/1/1639
f 1119/1/1639 1110/1/1641 1106/1/1639
f 1095/1/1642 1110/1/1643 1119/1/1644
f 1119/1/1644 1096/1/1645 1095/1/1642
f 1110/1/1630 1095/1/1625 1105/1/1624
f 1105/1/1624 1111/1/1631 1110/1/1630
f 1104/1/1622 1114/1/1637 1111/1/1636
f 1111/1/1636 1105/1/1623 1104/1/1622
f 1114/1/1646 1104/1/1175 1103/1/1647
f 1103/1/1647 1120/1/1648 1114/1/1646
f 1120/1/1173 1121/1/1173 1112/1/1173
f 1112/1/1173 1114/1/1173 1120/1/1173
f 1121/1/1649 1122/1/1171 1113/1/1170
f 1113/1/1170 1112/1/1170 1121/1/1649
f 1122/1/1168 1123/1/1168 1124/1/1168
f 1124/1/1168 1113/1/1168 1122/1/1168
f 1108/1/1635 1113/1/1634 1124/1/1650
f 1124/1/1650 1125/1/1651 1108/1/1635
f 1108/1/1628 1125/1/1652 1115/1/1653
f 1115/1/1653 1109/1/1629 1108/1/1628
f 1126/1/1654 1127/1/1655 1128/1/1656
f 1128/1/1656 1129/1/1657 1126/1/1654
f 1130/1/1658 1131/1/1659 1127/1/1655
f 1127/1/1655 1126/1/1654 1130/1/1658
f 1127/1/1660 1132/1/1661 1133/1/1662
f 1133/1/1662 1128/1/1663 1127/1/1660
f 1127/1/1660 1131/1/1664 1134/1/1665
f 1134/1/1665 1132/1/1661 1127/1/1660
f 1135/1/1666 1136/1/1667 1137/1/1668
f 1137/1/1668 1129/1/1669 1135/1/1666
f 1126/1/1208 1129/1/1208 1137/1/1670
f 1137/1/1670 1138/1/1208 1126/1/1208
f 1126/1/1206 1138/1/1671 1139/1/1672
f 1139/1/1672 1130/1/1206 1126/1/1206
f 1115/1/1673 1130/1/1674 1139/1/1675
f 1139/1/1675 1116/1/1676 1115/1/1673
f 1130/1/1658 1115/1/1653 1125/1/1652
f 1125/1/1652 1131/1/1659 1130/1/1658
f 1124/1/1650 1134/1/1665 1131/1/1664
f 1131/1/1664 1125/1/1651 1124/1/1650
f 1134/1/1203 1124/1/1203 1123/1/1203
f 1123/1/1203 1140/1/1203 1134/1/1203
f 1140/1/1677 1141/1/1677 1132/1/1678
f 1132/1/1678 1134/1/1677 1140/1/1677
f 1141/1/1199 1142/1/1199 1133/1/1199
f 1133/1/1199 1132/1/1199 1141/1/1199
f 1142/1/1679 1143/1/1198 1144/1/1198
f 1144/1/1198 1133/1/1198 1142/1/1679
f 1128/1/1663 1133/1/1662 1144/1/1680
f 1144/1/1680 1145/1/1681 1128/1/1663
f 1128/1/1656 1145/1/1682 1135/1/1683
f 1135/1/1683 1129/1/1657 1128/1/1656
f 1146/1/1684 1147/1/1685 1148/1/1686
f 1148/1/1686 1149/1/1687 1146/1/1684
f 1150/1/1688 1151/1/1689 1147/1/1685
f 1147/1/1685 1146/1/1684 1150/1/1688
f 1147/1/1690 1152/1/1691 1153/1/1692
f 1153/1/1692 1148/1/1693 1147/1/1690
f 1147/1/1690 1151/1/1694 1154/1/1695
f 1154/1/1695 1152/1/1691 1147/1/1690
f 1155/1/1244 1156/1/1244 1157/1/1244
f 1157/1/1244 1149/1/1244 1155/1/1244
f 1146/1/1241 1149/1/1696 1157/1/1696
f 1157/1/1696 1158/1/1241 1146/1/1241
f 1146/1/1239 1158/1/1239 1159/1/1239
f 1159/1/1239 1150/1/1239 1146/1/1239
f 1135/1/1237 1150/1/1237 1159/1/1697
f 1159/1/1697 1136/1/1237 1135/1/1237
f 1150/1/1688 1135/1/1683 1145/1/1682
f 1145/1/1682 1151/1/1689 1150/1/1688
f 1144/1/1680 1154/1/1695 1151/1/1694
f 1151/1/1694 1145/1/1681 1144/1/1680
f 1154/1/1235 1144/1/1235 1143/1/1235
f 1143/1/1235 1160/1/1235 1154/1/1235
f 1160/1/1231 1161/1/1231 1152/1/1231
f 1152/1/1231 1154/1/1231 1160/1/1231
f 1161/1/1230 1162/1/1698 1153/1/1230
f 1153/1/1230 1152/1/1230 1161/1/1230
f 1162/1/1699 1163/1/1699 1164/1/1699
f 1164/1/1699 1153/1/1700 1162/1/1699
f 1148/1/1693 1153/1/1692 1164/1/1701
f 1164/1/1701 1165/1/1702 1148/1/1693
f 1148/1/1686 1165/1/1703 1155/1/1704
f 1155/1/1704 1149/1/1687 1148/1/1686
f 1166/1/1705 1167/1/1706 1168/1/1707
f 1168/1/1707 1169/1/1708 1166/1/1705
f 1170/1/1709 1171/1/1710 1167/1/1706
f 1167/1/1706 1166/1/1705 1170/1/1709
f 1167/1/1711 1172/1/1712 1173/1/1713
f 1173/1/1713 1168/1/1714 1167/1/1711
f 1167/1/1711 1171/1/1715 1174/1/1716
f 1174/1/1716 1172/1/1712 1167/1/1711
f 1175/1/1279 1176/1/1279 1177/1/1279
f 1177/1/1279 1169/1/1279 1175/1/1279
f 1166/1/1717 1169/1/1717 1177/1/1717
f 1177/1/1717 1178/1/1717 1166/1/1717
f 1166/1/1718 1178/1/1274 1179/1/1719
f 1179/1/1719 1170/1/1274 1166/1/1718
f 1155/1/1273 1170/1/1720 1179/1/1720
f 1179/1/1720 1156/1/1273 1155/1/1273
f 1170/1/1709 1155/1/1704 1165/1/1703
f 1165/1/1703 1171/1/1710 1170/1/1709
f 1164/1/1701 1174/1/1716 1171/1/1715
f 1171/1/1715 1165/1/1702 1164/1/1701
f 1174/1/1268 1164/1/1268 1163/1/1268
f 1163/1/1268 1180/1/1268 1174/1/1268
f 1180/1/1266 1181/1/1266 1172/1/1721
f 1172/1/1721 1174/1/1266 1180/1/1266
f 1181/1/1722 1182/1/1722 1173/1/1722
f 1173/1/1722 1172/1/1722 1181/1/1722
f 1182/1/1723 1183/1/1261 1184/1/1724
f 1184/1/1724 1173/1/1261 1182/1/1723
f 1168/1/1714 1173/1/1713 1184/1/1725
f 1184/1/1725 1185/1/1726 1168/1/1714
f 1168/1/1707 1185/1/1727 1175/1/1728
f 1175/1/1728 1169/1/1708 1168/1/1707
f 1186/1/1729 1187/1/1730 1188/1/1731
f 1188/1/1731 1189/1/1732 1186/1/1729
f 1190/1/1733 1191/1/1734 1187/1/1730
f 1187/1/1730 1186/1/1729 1190/1/1733
f 1187/1/1735 1192/1/1736 1193/1/1737
f 1193/1/1737 1188/1/1738 1187/1/1735
f 1187/1/1735 1191/1/1739 1194/1/1740
f 1194/1/1740 1192/1/1736 1187/1/1735
f 1195/1/1741 1196/1/1742 1197/1/1742
f 1197/1/1742 1189/1/1742 1195/1/1741
f 1186/1/1305 1189/1/1305 1197/1/1305
f 1197/1/1305 1198/1/1305 1186/1/1305
f 1186/1/1303 1198/1/1303 1199/1/1303
f 1199/1/1303 1190/1/1303 1186/1/1303
f 1175/1/1302 1190/1/1302 1199/1/1302
f 1199/1/1302 1176/1/1301 1175/1/1302
f 1190/1/1733 1175/1/1728 1185/1/1727
f 1185/1/1727 1191/1/1734 1190/1/1733
f 1184/1/1725 1194/1/1740 1191/1/1739
f 1191/1/1739 1185/1/1726 1184/1/1725
f 1194/1/1743 1184/1/1743 1183/1/1743
f 1183/1/1743 1200/1/1743 1194/1/1743
f 1200/1/1298 1201/1/1298 1192/1/1744
f 1192/1/1744 1194/1/1298 1200/1/1298
f 1201/1/1745 1202/1/1745 1193/1/1745
f 1193/1/1745 1192/1/1745 1201/1/1745
f 1202/1/1746 1203/1/1746 1204/1/1746
f 1204/1/1746 1193/1/1746 1202/1/1746
f 1188/1/1738 1193/1/1737 1204/1/1747
f 1204/1/1747 1205/1/1748 1188/1/1738
f 1188/1/1731 1205/1/1749 1195/1/1750
f 1195/1/1750 1189/1/1732 1188/1/1731
f 1206/1/1751 1207/1/1752 1208/1/1753
f 1208/1/1753 1209/1/1754 1206/1/1751
f 1210/1/1755 1211/1/1756 1207/1/1752
f 1207/1/1752 1206/1/1751 1210/1/1755
f 1207/1/1757 1212/1/1758 1213/1/1759
f 1213/1/1759 1208/1/1760 1207/1/1757
f 1207/1/1757 1211/1/1761 1214/1/1762
f 1214/1/1762 1212/1/1758 1207/1/1757
f 1215/1/1344 1216/1/1344 1217/1/1344
f 1217/1/1344 1209/1/1763 1215/1/1344
f 1206/1/1342 1209/1/1342 1217/1/1342
f 1217/1/1342 1218/1/1342 1206/1/1342
f 1206/1/1764 1218/1/1764 1219/1/1764
f 1219/1/1764 1210/1/1764 1206/1/1764
f 1195/1/1336 1210/1/1765 1219/1/1765
f 1219/1/1765 1196/1/1334 1195/1/1336
f 1210/1/1755 1195/1/1750 1205/1/1749
f 1205/1/1749 1211/1/1756 1210/1/1755
f 1204/1/1747 1214/1/1762 1211/1/1761
f 1211/1/1761 1205/1/1748 1204/1/1747
f 1214/1/1766 1204/1/1767 1203/1/1332
f 1203/1/1332 1220/1/1768 1214/1/1766
f 1220/1/1769 1221/1/1329 1212/1/1329
f 1212/1/1329 1214/1/1770 1220/1/1769
f 1221/1/1328 1222/1/1328 1213/1/1328
f 1213/1/1328 1212/1/1328 1221/1/1328
f 1222/1/1771 1223/1/1324 1224/1/1772
f 1224/1/1772 1213/1/1772 1222/1/1771
f 1208/1/1760 1213/1/1759 1224/1/1773
f 1224/1/1773 1225/1/1774 1208/1/1760
f 1208/1/1753 1225/1/1775 1215/1/1776
f 1215/1/1776 1209/1/1754 1208/1/1753
f 1226/1/1777 1227/1/1778 1228/1/1779
f 1228/1/1779 1229/1/1780 1226/1/1777
f 1230/1/1781 1231/1/1782 1227/1/1778
f 1227/1/1778 1226/1/1777 1230/1/1781
f 1227/1/1783 1232/1/1784 1233/1/1785
f 1233/1/1785 1228/1/1786 1227/1/1783
f 1227/1/1783 1231/1/1787 1234/1/1788
f 1234/1/1788 1232/1/1784 1227/1/1783
f 1235/1/1380 1236/1/1380 1237/1/1380
f 1237/1/1380 1229/1/1380 1235/1/1380
f 1226/1/1379 1229/1/1379 1237/1/1379
f 1237/1/1379 1238/1/1379 1226/1/1379
f 1226/1/1789 1238/1/1790 1239/1/1791
f 1239/1/1791 1230/1/1376 1226/1/1789
f 1215/1/1371 1230/1/1371 1239/1/1371
f 1239/1/1371 1216/1/1371 1215/1/1371
f 1230/1/1781 1215/1/1776 1225/1/1775
f 1225/1/1775 1231/1/1782 1230/1/1781
f 1224/1/1773 1234/1/1788 1231/1/1787
f 1231/1/1787 1225/1/1774 1224/1/1773
f 1234/1/1792 1224/1/1370 1223/1/1368
f 1223/1/1368 1240/1/1792 1234/1/1792
f 1240/1/1793 1241/1/1794 1232/1/1793
f 1232/1/1793 1234/1/1793 1240/1/1793
f 1241/1/1364 1242/1/1364 1233/1/1364
f 1233/1/1364 1232/1/1364 1241/1/1364
f 1242/1/1795 1243/1/1796 1244/1/1797
f 1244/1/1797 1233/1/1362 1242/1/1795
f 1228/1/1786 1233/1/1785 1244/1/1798
f 1244/1/1798 1245/1/1799 1228/1/1786
f 1228/1/1779 1245/1/1800 1235/1/1801
f 1235/1/1801 1229/1/1780 1228/1/1779
f 1246/1/1802 1247/1/1803 1248/1/1804
f 1248/1/1804 1249/1/1805 1246/1/1802
f 1250/1/1806 1251/1/1807 1247/1/1803
f 1247/1/1803 1246/1/1802 1250/1/1806
f 1247/1/1808 1252/1/1809 1253/1/1810
f 1253/1/1810 1248/1/1811 1247/1/1808
f 1247/1/1808 1251/1/1812 1254/1/1813
f 1254/1/1813 1252/1/1809 1247/1/1808
f 1255/1/1814 1256/1/1815 1257/1/1814
f 1257/1/1814 1249/1/1816 1255/1/1814
f 1246/1/1412 1249/1/1412 1257/1/1412
f 1257/1/1412 1258/1/1412 1246/1/1412
f 1246/1/1409 1258/1/1410 1259/1/1409
f 1259/1/1409 1250/1/1409 1246/1/1409
f 1235/1/1817 1250/1/1818 1259/1/1818
f 1259/1/1818 1236/1/1818 1235/1/1817
f 1250/1/1806 1235/1/1801 1245/1/1800
f 1245/1/1800 1251/1/1807 1250/1/1806
f 1244/1/1798 1254/1/1813 1251/1/1812
f 1251/1/1812 1245/1/1799 1244/1/1798
f 1254/1/1404 1244/1/1404 1243/1/1819
f 1243/1/1819 1260/1/1405 1254/1/1404
f 1260/1/1403 1261/1/1403 1252/1/1403
f 1252/1/1403 1254/1/1403 1260/1/1403
f 1261/1/1402 1262/1/1402 1253/1/1402
f 1253/1/1402 1252/1/1402 1261/1/1402
f 1262/1/1399 1263/1/1399 1264/1/1399
f 1264/1/1399 1253/1/1399 1262/1/1399
f 1248/1/1811 1253/1/1810 1264/1/1820
f 1264/1/1820 1265/1/1821 1248/1/1811
f 1248/1/1804 1265/1/1822 1255/1/1823
f 1255/1/1823 1249/1/1805 1248/1/1804
f 1266/1/1824 1267/1/1825 1268/1/1826
f 1268/1/1826 1269/1/1827 1266/1/1824
f 1270/1/1828 1271/1/1829 1267/1/1825
f 1267/1/1825 1266/1/1824 1270/1/1828
f 1267/1/1830 1272/1/1831 1273/1/1832
f 1273/1/1832 1268/1/1833 1267/1/1830
f 1267/1/1830 1271/1/1834 1274/1/1835
f 1274/1/1835 1272/1/1831 1267/1/1830
f 16/1/1836 15/1/1447 1275/1/1836
f 1275/1/1836 1269/1/1836 16/1/1836
f 1266/1/1445 1269/1/1837 1275/1/1445
f 1275/1/1445 1276/1/1445 1266/1/1445
f 1266/1/1838 1276/1/1444 1277/1/1838
f 1277/1/1838 1270/1/1443 1266/1/1838
f 1255/1/1442 1270/1/1442 1277/1/1442
f 1277/1/1442 1256/1/1839 1255/1/1442
f 1270/1/1828 1255/1/1823 1265/1/1822
f 1265/1/1822 1271/1/1829 1270/1/1828
f 1264/1/1820 1274/1/1835 1271/1/1834
f 1271/1/1834 1265/1/1821 1264/1/1820
f 1274/1/1840 1264/1/1438 1263/1/1841
f 1263/1/1841 1278/1/1842 1274/1/1840
f 1278/1/1843 1279/1/1436 1272/1/1844
f 1272/1/1844 1274/1/1843 1278/1/1843
f 1279/1/1845 1280/1/1434 1273/1/1434
f 1273/1/1434 1272/1/1434 1279/1/1845
f 18/1/1846 1273/1/1847 1280/1/1848
f 1280/1/1848 20/1/1433 18/1/1846
f 1273/1/1832 18/1/26 17/1/25
f 17/1/25 1268/1/1833 1273/1/1832
f 1268/1/1826 17/1/23 16/1/24
f 16/1/24 1269/1/1827 1268/1/1826
f 1281/1/1849 1282/1/1850 1283/1/1849
f 1283/1/1849 1284/1/1851 1281/1/1849
f 1285/1/1852 1286/1/1853 1282/1/1852
f 1282/1/1852 1281/1/1854 1285/1/1852
f 1282/1/1855 1287/1/1856 1288/1/1855
f 1288/1/1855 1283/1/1855 1282/1/1855
f 1289/1/1857 1287/1/1858 1282/1/1859
f 1282/1/1859 1286/1/1860 1289/1/1857
f 1290/1/1861 526/1/1862 548/1/1862
f 548/1/1862 1284/1/1862 1290/1/1861
f 1284/1/1863 548/1/1864 547/1/1864
f 547/1/1864 1281/1/1864 1284/1/1863
f 1285/1/1865 1281/1/1866 547/1/1865
f 547/1/1865 545/1/1865 1285/1/1865
f 1285/1/1867 545/1/1867 546/1/1867
f 546/1/1867 1291/1/1867 1285/1/1867
f 1285/1/1868 1291/1/1868 1292/1/1868
f 1292/1/1868 1286/1/1868 1285/1/1868
f 1293/1/1869 1289/1/1870 1286/1/1871
f 1286/1/1871 1292/1/1872 1293/1/1869
f 1289/1/1873 1293/1/1873 1163/1/1873
f 1163/1/1873 1162/1/1873 1289/1/1873
f 1289/1/1874 1162/1/1874 1161/1/1874
f 1161/1/1874 1287/1/1874 1289/1/1874
f 1161/1/1875 1160/1/1875 1288/1/1876
f 1288/1/1876 1287/1/1875 1161/1/1875
f 1160/1/1877 1143/1/1877 1294/1/1877
f 1294/1/1877 1288/1/1877 1160/1/1877
f 1283/1/1878 1288/1/1878 1294/1/1878
f 1294/1/1878 1295/1/1878 1283/1/1878
f 1283/1/1879 1295/1/1879 1290/1/1879
f 1290/1/1879 1284/1/1880 1283/1/1879
f 1296/1/1881 1297/1/1881 1298/1/1881
f 1298/1/1881 1299/1/1881 1296/1/1881
f 1300/1/1882 1301/1/1883 1297/1/1884
f 1297/1/1884 1296/1/1882 1300/1/1882
f 1297/1/1885 1302/1/1885 1303/1/1885
f 1303/1/1885 1298/1/1885 1297/1/1885
f 1301/1/1886 1304/1/1887 1302/1/1887
f 1302/1/1887 1297/1/1887 1301/1/1886
f 49/1/1888 660/1/1888 1299/1/1888
f 1299/1/1888 1305/1/1888 49/1/1888
f 665/1/1889 1296/1/1889 1299/1/1890
f 1299/1/1890 660/1/1889 665/1/1889
f 665/1/1891 664/1/1892 1300/1/1891
f 1300/1/1891 1296/1/1891 665/1/1891
f 664/1/1893 641/1/1894 1306/1/1895
f 1306/1/1895 1300/1/1893 664/1/1893
f 1300/1/1896 1306/1/1897 1307/1/1896
f 1307/1/1896 1301/1/1896 1300/1/1896
f 1308/1/1898 1304/1/1898 1301/1/1898
f 1301/1/1898 1307/1/1898 1308/1/1898
f 1304/1/1899 1308/1/1900 1256/1/1901
f 1256/1/1901 1277/1/1902 1304/1/1899
f 1304/1/1903 1277/1/1903 1276/1/1904
f 1276/1/1904 1302/1/1903 1304/1/1903
f 1302/1/1905 1276/1/1905 1275/1/1906
f 1275/1/1906 1303/1/1906 1302/1/1905
f 1275/1/1907 15/1/1908 1309/1/1909
f 1309/1/1909 1303/1/1910 1275/1/1907
f 1303/1/1911 1309/1/1911 1310/1/1911
f 1310/1/1911 1298/1/1911 1303/1/1911
f 1298/1/1912 1310/1/1912 1305/1/1912
f 1305/1/1912 1299/1/1912 1298/1/1912
f 1311/1/1913 1312/1/1913 1313/1/1913
f 1313/1/1913 1314/1/1914 1311/1/1913
f 1315/1/1915 1316/1/1915 1312/1/1915
f 1312/1/1915 1311/1/1915 1315/1/1915
f 1312/1/1916 1317/1/1917 1318/1/1917
f 1318/1/1917 1313/1/1916 1312/1/1916
f 1312/1/1918 1316/1/1918 1319/1/1918
f 1319/1/1918 1317/1/1918 1312/1/1918
f 1314/1/1919 1320/1/1920 141/1/1921
f 141/1/1921 140/1/1922 1314/1/1919
f 1314/1/1923 140/1/1923 150/1/1923
f 150/1/1923 1311/1/1923 1314/1/1923
f 1315/1/1924 1311/1/1924 150/1/1924
f 150/1/1924 149/1/1924 1315/1/1924
f 149/1/1925 121/1/1926 1321/1/1926
f 1321/1/1926 1315/1/1925 149/1/1925
f 1315/1/1927 1321/1/1927 1322/1/1928
f 1322/1/1928 1316/1/1929 1315/1/1927
f 1323/1/1930 1319/1/1931 1316/1/1932
f 1316/1/1932 1322/1/1933 1323/1/1930
f 736/1/1934 759/1/1935 1319/1/1936
f 1319/1/1936 1323/1/1935 736/1/1934
f 1319/1/1937 759/1/1937 758/1/1937
f 758/1/1937 1317/1/1937 1319/1/1937
f 758/1/1938 757/1/1938 1318/1/1939
f 1318/1/1939 1317/1/1939 758/1/1938
f 757/1/1940 756/1/1941 1324/1/1941
f 1324/1/1941 1318/1/1941 757/1/1940
f 1325/1/1942 1313/1/1942 1318/1/1942
f 1318/1/1942 1324/1/1942 1325/1/1942
f 1313/1/1943 1325/1/1944 1320/1/1944
f 1320/1/1944 1314/1/1943 1313/1/1943
f 1326/1/1945 1327/1/1946 1328/1/1946
f 1328/1/1946 1329/1/1946 1326/1/1945
f 1330/1/1947 1331/1/1948 1327/1/1947
f 1327/1/1947 1326/1/1948 1330/1/1947
f 1327/1/1949 1332/1/1950 1333/1/1950
f 1333/1/1950 1328/1/1951 1327/1/1949
f 1334/1/1952 1332/1/1952 1327/1/1952
f 1327/1/1952 1331/1/1952 1334/1/1952
f 1329/1/1953 1291/1/1954 546/1/1953
f 546/1/1953 568/1/1953 1329/1/1953
f 1329/1/1955 568/1/1955 567/1/1956
f 567/1/1956 1326/1/1955 1329/1/1955
f 1330/1/1957 1326/1/1957 567/1/1958
f 567/1/1958 565/1/1959 1330/1/1957
f 1335/1/1960 1330/1/1960 565/1/1960
f 565/1/1960 566/1/1960 1335/1/1960
f 1335/1/1961 1336/1/1961 1331/1/1961
f 1331/1/1961 1330/1/1961 1335/1/1961
f 1337/1/1962 1334/1/1962 1331/1/1962
f 1331/1/1962 1336/1/1962 1337/1/1962
f 1334/1/1963 1337/1/1964 1183/1/1965
f 1183/1/1965 1182/1/1963 1334/1/1963
f 1334/1/1966 1182/1/1966 1181/1/1966
f 1181/1/1966 1332/1/1966 1334/1/1966
f 1181/1/1967 1180/1/1967 1333/1/1967
f 1333/1/1967 1332/1/1967 1181/1/1967
f 1163/1/1968 1293/1/1968 1333/1/1968
f 1333/1/1968 1180/1/1968 1163/1/1968
f 1328/1/1969 1333/1/1969 1293/1/1969
f 1293/1/1969 1292/1/1970 1328/1/1969
f 1329/1/1971 1328/1/1971 1292/1/1971
f 1292/1/1971 1291/1/1971 1329/1/1971
f 1338/1/1972 1339/1/1972 1340/1/1972
f 1340/1/1972 1341/1/1972 1338/1/1972
f 1342/1/1973 1343/1/1974 1339/1/1974
f 1339/1/1974 1338/1/1973 1342/1/1973
f 1339/1/1975 1344/1/1975 1345/1/1975
f 1345/1/1975 1340/1/1975 1339/1/1975
f 1343/1/1976 1346/1/1976 1344/1/1977
f 1344/1/1977 1339/1/1976 1343/1/1976
f 1347/1/1978 45/1/1978 43/1/1978
f 43/1/1978 1341/1/1978 1347/1/1978
f 42/1/1979 1338/1/1979 1341/1/1979
f 1341/1/1979 43/1/1979 42/1/1979
f 41/1/1980 1342/1/1981 1338/1/1981
f 1338/1/1981 42/1/1981 41/1/1980
f 1348/1/1982 1342/1/1982 41/1/1982
f 41/1/1982 40/1/1982 1348/1/1982
f 1348/1/1983 1349/1/1984 1343/1/1984
f 1343/1/1984 1342/1/1985 1348/1/1983
f 1350/1/1986 1346/1/1987 1343/1/1987
f 1343/1/1987 1349/1/1988 1350/1/1986
f 1350/1/1989 23/1/1990 22/1/1991
f 22/1/1991 1346/1/1990 1350/1/1989
f 1344/1/1992 1346/1/1993 22/1/1994
f 22/1/1994 21/1/1993 1344/1/1992
f 1345/1/1995 1344/1/1995 21/1/1995
f 21/1/1995 19/1/1995 1345/1/1995
f 19/1/1996 20/1/1996 1351/1/1996
f 1351/1/1996 1345/1/1996 19/1/1996
f 1340/1/1997 1345/1/1997 1351/1/1998
f 1351/1/1998 1352/1/1997 1340/1/1997
f 1352/1/1999 1347/1/2000 1341/1/2001
f 1341/1/2001 1340/1/2001 1352/1/1999
f 1353/1/2002 1354/1/2003 1355/1/2002
f 1355/1/2002 1356/1/2002 1353/1/2002
f 1357/1/2004 1358/1/2005 1354/1/2004
f 1354/1/2004 1353/1/2004 1357/1/2004
f 1354/1/2006 1359/1/2007 1360/1/2008
f 1360/1/2008 1355/1/2008 1354/1/2006
f 1358/1/2009 1361/1/2009 1359/1/2009
f 1359/1/2009 1354/1/2009 1358/1/2009
f 1362/1/2010 161/1/2010 160/1/2010
f 160/1/2010 1356/1/2010 1362/1/2010
f 170/1/2011 1353/1/2011 1356/1/2011
f 1356/1/2011 160/1/2011 170/1/2011
f 170/1/2012 169/1/2012 1357/1/2012
f 1357/1/2012 1353/1/2012 170/1/2012
f 1320/1/2013 1357/1/2013 169/1/2013
f 169/1/2013 141/1/2013 1320/1/2013
f 1358/1/2014 1357/1/2014 1320/1/2014
f 1320/1/2014 1325/1/2014 1358/1/2014
f 1358/1/2015 1325/1/2015 1324/1/2015
f 1324/1/2015 1361/1/2015 1358/1/2015
f 756/1/2016 779/1/2016 1361/1/2016
f 1361/1/2016 1324/1/2016 756/1/2016
f 1361/1/2017 779/1/2017 778/1/2017
f 778/1/2017 1359/1/2017 1361/1/2017
f 1359/1/2018 778/1/2019 777/1/2020
f 777/1/2020 1360/1/2021 1359/1/2018
f 776/1/2022 1363/1/2022 1360/1/2022
f 1360/1/2022 777/1/2023 776/1/2022
f 1364/1/2024 1355/1/2025 1360/1/2024
f 1360/1/2024 1363/1/2026 1364/1/2024
f 1364/1/2027 1362/1/2028 1356/1/2029
f 1356/1/2029 1355/1/2029 1364/1/2027
f 1365/1/2030 1366/1/2031 1367/1/2032
f 1367/1/2032 1368/1/2031 1365/1/2030
f 1369/1/2033 1370/1/2034 1366/1/2034
f 1366/1/2034 1365/1/2034 1369/1/2033
f 1366/1/2035 1371/1/2035 1372/1/2036
f 1372/1/2036 1367/1/2035 1366/1/2035
f 1373/1/2037 1371/1/2038 1366/1/2038
f 1366/1/2038 1370/1/2039 1373/1/2037
f 1335/1/2040 566/1/2041 588/1/2041
f 588/1/2041 1368/1/2041 1335/1/2040
f 1368/1/2042 588/1/2042 587/1/2042
f 587/1/2042 1365/1/2042 1368/1/2042
f 1369/1/2043 1365/1/2043 587/1/2043
f 587/1/2043 585/1/2043 1369/1/2043
f 1374/1/2044 1369/1/2044 585/1/2044
f 585/1/2044 586/1/2044 1374/1/2044
f 1374/1/2045 1375/1/2046 1370/1/2047
f 1370/1/2047 1369/1/2048 1374/1/2045
f 1375/1/2049 1376/1/2049 1373/1/2050
f 1373/1/2050 1370/1/2049 1375/1/2049
f 1373/1/2051 1376/1/2052 1203/1/2053
f 1203/1/2053 1202/1/2053 1373/1/2051
f 1373/1/2054 1202/1/2055 1201/1/2056
f 1201/1/2056 1371/1/2055 1373/1/2054
f 1201/1/2057 1200/1/2058 1372/1/2059
f 1372/1/2059 1371/1/2058 1201/1/2057
f 1200/1/2060 1183/1/2061 1337/1/2060
f 1337/1/2060 1372/1/2062 1200/1/2060
f 1337/1/2063 1336/1/2064 1367/1/2065
f 1367/1/2065 1372/1/2065 1337/1/2063
f 1335/1/2066 1368/1/2066 1367/1/2066
f 1367/1/2066 1336/1/2066 1335/1/2066
f 1377/1/2067 1378/1/2068 1379/1/2069
f 1379/1/2069 1380/1/2068 1377/1/2067
f 1381/1/2070 1382/1/2071 1378/1/2071
f 1378/1/2071 1377/1/2071 1381/1/2070
f 1378/1/2072 1383/1/2072 1384/1/2072
f 1384/1/2072 1379/1/2072 1378/1/2072
f 1382/1/2073 1385/1/2074 1383/1/2075
f 1383/1/2075 1378/1/2076 1382/1/2073
f 1348/1/2077 40/1/2077 68/1/2077
f 68/1/2077 1380/1/2077 1348/1/2077
f 67/1/2078 1377/1/2079 1380/1/2078
f 1380/1/2078 68/1/2078 67/1/2078
f 66/1/2080 1381/1/2080 1377/1/2080
f 1377/1/2080 67/1/2081 66/1/2080
f 66/1/2082 65/1/2083 1386/1/2082
f 1386/1/2082 1381/1/2084 66/1/2082
f 1386/1/2085 1387/1/2085 1382/1/2085
f 1382/1/2085 1381/1/2085 1386/1/2085
f 1388/1/2086 1385/1/2087 1382/1/2087
f 1382/1/2087 1387/1/2087 1388/1/2086
f 1385/1/2088 1388/1/2089 683/1/2089
f 683/1/2089 682/1/2089 1385/1/2088
f 1383/1/2090 1385/1/2090 682/1/2090
f 682/1/2090 681/1/2091 1383/1/2090
f 1384/1/2092 1383/1/2092 681/1/2092
f 681/1/2092 680/1/2092 1384/1/2092
f 680/1/2093 23/1/2093 1350/1/2094
f 1350/1/2094 1384/1/2094 680/1/2093
f 1349/1/2095 1379/1/2095 1384/1/2095
f 1384/1/2095 1350/1/2095 1349/1/2095
f 1380/1/2096 1379/1/2096 1349/1/2097
f 1349/1/2097 1348/1/2097 1380/1/2096
f 1389/1/2098 1390/1/2098 1391/1/2098
f 1391/1/2098 1392/1/2098 1389/1/2098
f 1393/1/2099 1394/1/2099 1390/1/2099
f 1390/1/2099 1389/1/2099 1393/1/2099
f 1390/1/2100 1395/1/2100 1396/1/2101
f 1396/1/2101 1391/1/2102 1390/1/2100
f 1394/1/2103 1397/1/2103 1395/1/2103
f 1395/1/2103 1390/1/2103 1394/1/2103
f 1392/1/2104 1398/1/2105 181/1/2105
f 181/1/2105 180/1/2106 1392/1/2104
f 190/1/2107 1389/1/2108 1392/1/2109
f 1392/1/2109 180/1/2110 190/1/2107
f 190/1/2111 189/1/2112 1393/1/2112
f 1393/1/2112 1389/1/2112 190/1/2111
f 161/1/2113 1362/1/2114 1393/1/2115
f 1393/1/2115 189/1/2116 161/1/2113
f 1362/1/2117 1364/1/2117 1394/1/2117
f 1394/1/2117 1393/1/2117 1362/1/2117
f 1397/1/2118 1394/1/2118 1364/1/2118
f 1364/1/2118 1363/1/2118 1397/1/2118
f 1397/1/2119 1363/1/2119 776/1/2119
f 776/1/2119 799/1/2120 1397/1/2119
f 1397/1/2121 799/1/2121 798/1/2121
f 798/1/2121 1395/1/2122 1397/1/2121
f 1395/1/2123 798/1/2124 797/1/2125
f 797/1/2125 1396/1/2126 1395/1/2123
f 797/1/2127 796/1/2128 1399/1/2128
f 1399/1/2128 1396/1/2128 797/1/2127
f 1391/1/2129 1396/1/2130 1399/1/2131
f 1399/1/2131 1400/1/2131 1391/1/2129
f 1400/1/2132 1398/1/2132 1392/1/2133
f 1392/1/2133 1391/1/2132 1400/1/2132
f 1401/1/2134 1402/1/2134 1403/1/2134
f 1403/1/2134 1404/1/2134 1401/1/2134
f 1405/1/2135 1406/1/2135 1402/1/2135
f 1402/1/2135 1401/1/2135 1405/1/2135
f 1402/1/2136 1407/1/2136 1408/1/2136
f 1408/1/2136 1403/1/2136 1402/1/2136
f 1409/1/2137 1407/1/2137 1402/1/2137
f 1402/1/2137 1406/1/2137 1409/1/2137
f 1374/1/2138 586/1/2139 608/1/2138
f 608/1/2138 1404/1/2140 1374/1/2138
f 1404/1/2141 608/1/2142 607/1/2143
f 607/1/2143 1401/1/2144 1404/1/2141
f 1405/1/2145 1401/1/2145 607/1/2146
f 607/1/2146 605/1/2145 1405/1/2145
f 1410/1/2147 1405/1/2148 605/1/2148
f 605/1/2148 606/1/2148 1410/1/2147
f 1410/1/2149 1411/1/2150 1406/1/2151
f 1406/1/2151 1405/1/2152 1410/1/2149
f 1409/1/2153 1406/1/2154 1411/1/2155
f 1411/1/2155 1412/1/2155 1409/1/2153
f 1409/1/2156 1412/1/2157 1223/1/2156
f 1223/1/2156 1222/1/2156 1409/1/2156
f 1409/1/2158 1222/1/2158 1221/1/2158
f 1221/1/2158 1407/1/2158 1409/1/2158
f 1221/1/2159 1220/1/2159 1408/1/2160
f 1408/1/2160 1407/1/2159 1221/1/2159
f 1203/1/2161 1376/1/2162 1408/1/2161
f 1408/1/2161 1220/1/2161 1203/1/2161
f 1375/1/2163 1403/1/2163 1408/1/2163
f 1408/1/2163 1376/1/2163 1375/1/2163
f 1404/1/2164 1403/1/2164 1375/1/2164
f 1375/1/2164 1374/1/2164 1404/1/2164
f 1413/1/2165 1414/1/2165 1415/1/2165
f 1415/1/2165 1416/1/2165 1413/1/2165
f 1417/1/2166 1418/1/2167 1414/1/2168
f 1414/1/2168 1413/1/2167 1417/1/2166
f 1414/1/2169 1419/1/2169 1420/1/2169
f 1420/1/2169 1415/1/2169 1414/1/2169
f 1418/1/2170 1421/1/2171 1419/1/2172
f 1419/1/2172 1414/1/2171 1418/1/2170
f 1386/1/2173 65/1/2173 88/1/2174
f 88/1/2174 1416/1/2173 1386/1/2173
f 1416/1/2175 88/1/2175 87/1/2175
f 87/1/2175 1413/1/2175 1416/1/2175
f 86/1/2176 1417/1/2177 1413/1/2176
f 1413/1/2176 87/1/2176 86/1/2176
f 86/1/2178 85/1/2179 1422/1/2179
f 1422/1/2179 1417/1/2179 86/1/2178
f 1422/1/2180 1423/1/2181 1418/1/2181
f 1418/1/2181 1417/1/2181 1422/1/2180
f 1421/1/2182 1418/1/2183 1423/1/2184
f 1423/1/2184 1424/1/2183 1421/1/2182
f 1421/1/2185 1424/1/2186 703/1/2186
f 703/1/2186 702/1/2187 1421/1/2185
f 1419/1/2188 1421/1/2188 702/1/2188
f 702/1/2188 701/1/2188 1419/1/2188
f 701/1/2189 700/1/2189 1420/1/2190
f 1420/1/2190 1419/1/2189 701/1/2189
f 700/1/2191 683/1/2191 1388/1/2191
f 1388/1/2191 1420/1/2191 700/1/2191
f 1387/1/2192 1415/1/2193 1420/1/2193
f 1420/1/2193 1388/1/2193 1387/1/2192
f 1415/1/2194 1387/1/2194 1386/1/2194
f 1386/1/2194 1416/1/2195 1415/1/2194
f 1425/1/2196 1426/1/2196 1427/1/2196
f 1427/1/2196 1428/1/2196 1425/1/2196
f 1429/1/2197 1430/1/2197 1426/1/2198
f 1426/1/2198 1425/1/2198 1429/1/2197
f 1426/1/2199 1431/1/2199 1432/1/2199
f 1432/1/2199 1427/1/2199 1426/1/2199
f 1430/1/2200 1433/1/2201 1431/1/2202
f 1431/1/2202 1426/1/2202 1430/1/2200
f 201/1/2203 200/1/2204 1428/1/2204
f 1428/1/2204 1434/1/2205 201/1/2203
f 210/1/2206 1425/1/2207 1428/1/2207
f 1428/1/2207 200/1/2207 210/1/2206
f 210/1/2208 209/1/2209 1429/1/2208
f 1429/1/2208 1425/1/2208 210/1/2208
f 1429/1/2210 209/1/2210 181/1/2210
f 181/1/2210 1398/1/2210 1429/1/2210
f 1430/1/2211 1429/1/2211 1398/1/2211
f 1398/1/2211 1400/1/2211 1430/1/2211
f 1399/1/2212 1433/1/2213 1430/1/2212
f 1430/1/2212 1400/1/2212 1399/1/2212
f 819/1/2214 1433/1/2214 1399/1/2214
f 1399/1/2214 796/1/2214 819/1/2214
f 1433/1/2215 819/1/2216 818/1/2216
f 818/1/2216 1431/1/2217 1433/1/2215
f 1431/1/2218 818/1/2219 817/1/2219
f 817/1/2219 1432/1/2219 1431/1/2218
f 817/1/2220 816/1/2220 1435/1/2220
f 1435/1/2220 1432/1/2221 817/1/2220
f 1427/1/2222 1432/1/2223 1435/1/2224
f 1435/1/2224 1436/1/2225 1427/1/2222
f 1436/1/2226 1434/1/2226 1428/1/2226
f 1428/1/2226 1427/1/2226 1436/1/2226
f 1437/1/2227 1438/1/2228 1439/1/2229
f 1439/1/2229 1440/1/2230 1437/1/2227
f 1441/1/2231 1442/1/2231 1438/1/2231
f 1438/1/2231 1437/1/2231 1441/1/2231
f 1438/1/2232 1443/1/2233 1444/1/2232
f 1444/1/2232 1439/1/2234 1438/1/2232
f 1445/1/2235 1443/1/2235 1438/1/2235
f 1438/1/2235 1442/1/2235 1445/1/2235
f 1410/1/2236 606/1/2237 628/1/2237
f 628/1/2237 1440/1/2237 1410/1/2236
f 1440/1/2238 628/1/2239 627/1/2239
f 627/1/2239 1437/1/2239 1440/1/2238
f 1441/1/2240 1437/1/2241 627/1/2240
f 627/1/2240 625/1/2241 1441/1/2240
f 1446/1/2242 1441/1/2242 625/1/2243
f 625/1/2243 626/1/2243 1446/1/2242
f 1446/1/2244 1447/1/2244 1442/1/2244
f 1442/1/2244 1441/1/2244 1446/1/2244
f 1445/1/2245 1442/1/2245 1447/1/2246
f 1447/1/2246 1448/1/2245 1445/1/2245
f 1445/1/2247 1448/1/2248 1243/1/2247
f 1243/1/2247 1242/1/2247 1445/1/2247
f 1445/1/2249 1242/1/2250 1241/1/2249
f 1241/1/2249 1443/1/2249 1445/1/2249
f 1241/1/2251 1240/1/2251 1444/1/2251
f 1444/1/2251 1443/1/2251 1241/1/2251
f 1240/1/2252 1223/1/2252 1412/1/2253
f 1412/1/2253 1444/1/2254 1240/1/2252
f 1439/1/2255 1444/1/2255 1412/1/2255
f 1412/1/2255 1411/1/2255 1439/1/2255
f 1440/1/2256 1439/1/2257 1411/1/2258
f 1411/1/2258 1410/1/2257 1440/1/2256
f 1449/1/2259 1450/1/2259 1451/1/2259
f 1451/1/2259 1452/1/2260 1449/1/2259
f 1453/1/2261 1454/1/2261 1450/1/2261
f 1450/1/2261 1449/1/2261 1453/1/2261
f 1450/1/2262 1455/1/2262 1456/1/2262
f 1456/1/2262 1451/1/2262 1450/1/2262
f 1454/1/2263 1457/1/2263 1455/1/2263
f 1455/1/2263 1450/1/2263 1454/1/2263
f 1452/1/2264 1422/1/2265 85/1/2264
f 85/1/2264 108/1/2264 1452/1/2264
f 107/1/2266 1449/1/2267 1452/1/2267
f 1452/1/2267 108/1/2267 107/1/2266
f 105/1/2268 1453/1/2269 1449/1/2269
f 1449/1/2269 107/1/2269 105/1/2268
f 1458/1/2270 1453/1/2270 105/1/2270
f 105/1/2270 106/1/2271 1458/1/2270
f 1458/1/2272 1459/1/2272 1454/1/2273
f 1454/1/2273 1453/1/2272 1458/1/2272
f 1457/1/2274 1454/1/2274 1459/1/2274
f 1459/1/2274 1460/1/2274 1457/1/2274
f 1457/1/2275 1460/1/2276 723/1/2277
f 723/1/2277 722/1/2275 1457/1/2275
f 1455/1/2278 1457/1/2279 722/1/2278
f 722/1/2278 721/1/2278 1455/1/2278
f 1456/1/2280 1455/1/2280 721/1/2281
f 721/1/2281 720/1/2280 1456/1/2280
f 720/1/2282 703/1/2283 1424/1/2284
f 1424/1/2284 1456/1/2283 720/1/2282
f 1423/1/2285 1451/1/2286 1456/1/2287
f 1456/1/2287 1424/1/2288 1423/1/2285
f 1452/1/2289 1451/1/2290 1423/1/2290
f 1423/1/2290 1422/1/2291 1452/1/2289
f 1461/1/2292 1462/1/1853 1463/1/2293
f 1463/1/2293 1464/1/2294 1461/1/2292
f 1465/1/1851 1466/1/1851 1462/1/1851
f 1462/1/1851 1461/1/2295 1465/1/1851
f 1462/1/1860 1467/1/1860 1468/1/1860
f 1468/1/1860 1463/1/1860 1462/1/1860
f 1466/1/2296 1469/1/1855 1467/1/2297
f 1467/1/2297 1462/1/1855 1466/1/2296
f 1464/1/2298 1470/1/1867 221/1/1867
f 221/1/1867 220/1/1867 1464/1/2298
f 230/1/1865 1461/1/1865 1464/1/1865
f 1464/1/1865 220/1/1865 230/1/1865
f 230/1/1864 229/1/2299 1465/1/1864
f 1465/1/1864 1461/1/1864 230/1/1864
f 1434/1/1862 1465/1/1862 229/1/2300
f 229/1/2300 201/1/1862 1434/1/1862
f 1466/1/1879 1465/1/2301 1434/1/1879
f 1434/1/1879 1436/1/1879 1466/1/1879
f 1435/1/1878 1469/1/1878 1466/1/2302
f 1466/1/2302 1436/1/1878 1435/1/1878
f 839/1/1877 1469/1/1877 1435/1/1877
f 1435/1/1877 816/1/1877 839/1/1877
f 1469/1/2303 839/1/2304 838/1/2305
f 838/1/2305 1467/1/2306 1469/1/2303
f 1467/1/1874 838/1/2307 837/1/1874
f 837/1/1874 1468/1/1874 1467/1/1874
f 837/1/1873 836/1/1873 1471/1/1873
f 1471/1/1873 1468/1/1873 837/1/1873
f 1463/1/1870 1468/1/1870 1471/1/1870
f 1471/1/1870 1472/1/2308 1463/1/1870
f 1472/1/2309 1470/1/1868 1464/1/1868
f 1464/1/1868 1463/1/1868 1472/1/2309
f 1473/1/2310 1474/1/2311 1475/1/2311
f 1475/1/2311 1476/1/2312 1473/1/2310
f 1477/1/2313 1478/1/2313 1474/1/2314
f 1474/1/2314 1473/1/2313 1477/1/2313
f 1474/1/2315 1479/1/2316 1480/1/2315
f 1480/1/2315 1475/1/2316 1474/1/2315
f 1481/1/2317 1479/1/2317 1474/1/2318
f 1474/1/2318 1478/1/2317 1481/1/2317
f 1446/1/2319 626/1/2320 648/1/2320
f 648/1/2320 1476/1/2320 1446/1/2319
f 1476/1/2321 648/1/2322 647/1/2322
f 647/1/2322 1473/1/2322 1476/1/2321
f 1477/1/2323 1473/1/2323 647/1/2323
f 647/1/2323 645/1/2323 1477/1/2323
f 1482/1/2324 1477/1/2324 645/1/2324
f 645/1/2324 646/1/2324 1482/1/2324
f 1482/1/2325 1483/1/2325 1478/1/2325
f 1478/1/2325 1477/1/2325 1482/1/2325
f 1481/1/2326 1478/1/2326 1483/1/2326
f 1483/1/2326 1484/1/2326 1481/1/2326
f 1481/1/2327 1484/1/2328 1263/1/2329
f 1263/1/2329 1262/1/2327 1481/1/2327
f 1481/1/2330 1262/1/2331 1261/1/2330
f 1261/1/2330 1479/1/2330 1481/1/2330
f 1261/1/2332 1260/1/2332 1480/1/2332
f 1480/1/2332 1479/1/2332 1261/1/2332
f 1260/1/2333 1243/1/2334 1448/1/2335
f 1448/1/2335 1480/1/2336 1260/1/2333
f 1475/1/2337 1480/1/2338 1448/1/2339
f 1448/1/2339 1447/1/2340 1475/1/2337
f 1476/1/2341 1475/1/2342 1447/1/2343
f 1447/1/2343 1446/1/2343 1476/1/2341
f 1485/1/2344 1486/1/2344 1487/1/2345
f 1487/1/2345 1488/1/2346 1485/1/2344
f 1489/1/2347 1490/1/2347 1486/1/2347
f 1486/1/2347 1485/1/2347 1489/1/2347
f 1486/1/2348 1491/1/2349 1492/1/2348
f 1492/1/2348 1487/1/2350 1486/1/2348
f 1490/1/2351 1493/1/2351 1491/1/2351
f 1491/1/2351 1486/1/2351 1490/1/2351
f 1458/1/2352 106/1/2352 128/1/2352
f 128/1/2352 1488/1/2352 1458/1/2352
f 127/1/2353 1485/1/2353 1488/1/2353
f 1488/1/2353 128/1/2353 127/1/2353
f 126/1/2354 1489/1/2354 1485/1/2355
f 1485/1/2355 127/1/2354 126/1/2354
f 1494/1/2356 1489/1/2357 126/1/2357
f 126/1/2357 125/1/2357 1494/1/2356
f 1494/1/2358 1495/1/2358 1490/1/2358
f 1490/1/2358 1489/1/2358 1494/1/2358
f 1493/1/2359 1490/1/2360 1495/1/2360
f 1495/1/2360 1496/1/2360 1493/1/2359
f 1493/1/2361 1496/1/2362 743/1/2362
f 743/1/2362 742/1/2362 1493/1/2361
f 1491/1/2363 1493/1/2363 742/1/2363
f 742/1/2363 741/1/2363 1491/1/2363
f 1492/1/2364 1491/1/2364 741/1/2365
f 741/1/2365 740/1/2364 1492/1/2364
f 740/1/2366 723/1/2366 1460/1/2366
f 1460/1/2366 1492/1/2366 740/1/2366
f 1459/1/2367 1487/1/2368 1492/1/2369
f 1492/1/2369 1460/1/2367 1459/1/2367
f 1488/1/2370 1487/1/2371 1459/1/2372
f 1459/1/2372 1458/1/2372 1488/1/2370
f 1497/1/2373 1498/1/2374 1499/1/2375
f 1499/1/2375 1500/1/2376 1497/1/2373
f 1501/1/2377 1502/1/2377 1498/1/2378
f 1498/1/2378 1497/1/2379 1501/1/2377
f 1498/1/1952 1503/1/1952 1504/1/2380
f 1504/1/2380 1499/1/2381 1498/1/1952
f 1502/1/2382 1505/1/1951 1503/1/2383
f 1503/1/2383 1498/1/1950 1502/1/2382
f 1500/1/1960 1506/1/1960 241/1/1960
f 241/1/1960 240/1/1960 1500/1/1960
f 250/1/1957 1497/1/1957 1500/1/1957
f 1500/1/1957 240/1/2384 250/1/1957
f 250/1/1955 249/1/1955 1501/1/1955
f 1501/1/1955 1497/1/1955 250/1/1955
f 1470/1/2385 1501/1/2386 249/1/2386
f 249/1/2386 221/1/2386 1470/1/2385
f 1502/1/1971 1501/1/1971 1470/1/1971
f 1470/1/1971 1472/1/1971 1502/1/1971
f 1471/1/2387 1505/1/1969 1502/1/1969
f 1502/1/1969 1472/1/1969 1471/1/2387
f 859/1/2388 1505/1/2388 1471/1/2388
f 1471/1/2388 836/1/2388 859/1/2388
f 1505/1/2389 859/1/2389 858/1/1967
f 858/1/1967 1503/1/1967 1505/1/2389
f 1503/1/1966 858/1/1966 857/1/1966
f 857/1/1966 1504/1/1966 1503/1/1966
f 857/1/2390 856/1/1963 1507/1/1963
f 1507/1/1963 1504/1/1963 857/1/2390
f 1499/1/2391 1504/1/2392 1507/1/1962
f 1507/1/1962 1508/1/2393 1499/1/2391
f 1508/1/1961 1506/1/1961 1500/1/1961
f 1500/1/1961 1499/1/1961 1508/1/1961
f 1509/1/2394 1510/1/2395 1511/1/2396
f 1511/1/2396 1512/1/2397 1509/1/2394
f 1513/1/2398 1514/1/2398 1510/1/2398
f 1510/1/2398 1509/1/2398 1513/1/2398
f 1510/1/2399 1515/1/2400 1516/1/2401
f 1516/1/2401 1511/1/2402 1510/1/2399
f 1517/1/2403 1515/1/2403 1510/1/2403
f 1510/1/2403 1514/1/2403 1517/1/2403
f 1482/1/2404 646/1/2404 663/1/2405
f 663/1/2405 1512/1/2405 1482/1/2404
f 1512/1/2406 663/1/2406 662/1/2406
f 662/1/2406 1509/1/2407 1512/1/2406
f 1513/1/2408 1509/1/2409 662/1/2410
f 662/1/2410 661/1/2410 1513/1/2408
f 1347/1/2411 1513/1/2412 661/1/2412
f 661/1/2412 45/1/2413 1347/1/2411
f 1352/1/2414 1514/1/2415 1513/1/2415
f 1513/1/2415 1347/1/2415 1352/1/2414
f 1351/1/2416 1517/1/2417 1514/1/2418
f 1514/1/2418 1352/1/2417 1351/1/2416
f 1517/1/2419 1351/1/2420 20/1/2420
f 20/1/2420 1280/1/2421 1517/1/2419
f 1517/1/2422 1280/1/2423 1279/1/2423
f 1279/1/2423 1515/1/2423 1517/1/2422
f 1279/1/2424 1278/1/2424 1516/1/2425
f 1516/1/2425 1515/1/2424 1279/1/2424
f 1278/1/2426 1263/1/2427 1484/1/2428
f 1484/1/2428 1516/1/2426 1278/1/2426
f 1511/1/2429 1516/1/2430 1484/1/2431
f 1484/1/2431 1483/1/2432 1511/1/2429
f 1512/1/2433 1511/1/2434 1483/1/2435
f 1483/1/2435 1482/1/2433 1512/1/2433
f 1518/1/2436 1519/1/2437 1520/1/2438
f 1520/1/2438 1521/1/2436 1518/1/2436
f 1522/1/2439 1523/1/2440 1519/1/2441
f 1519/1/2441 1518/1/2439 1522/1/2439
f 1519/1/2442 1524/1/2442 1525/1/2442
f 1525/1/2442 1520/1/2442 1519/1/2442
f 1523/1/2443 1526/1/2443 1524/1/2444
f 1524/1/2444 1519/1/2443 1523/1/2443
f 1494/1/2445 125/1/2446 148/1/2446
f 148/1/2446 1521/1/2445 1494/1/2445
f 147/1/2447 1518/1/2448 1521/1/2449
f 1521/1/2449 148/1/2449 147/1/2447
f 146/1/2450 1522/1/2451 1518/1/2452
f 1518/1/2452 147/1/2450 146/1/2450
f 146/1/2453 145/1/2453 1527/1/2453
f 1527/1/2453 1522/1/2453 146/1/2453
f 1527/1/2454 1528/1/2454 1523/1/2454
f 1523/1/2454 1522/1/2454 1527/1/2454
f 1523/1/2455 1528/1/2455 1529/1/2455
f 1529/1/2455 1526/1/2455 1523/1/2455
f 763/1/2456 762/1/2456 1526/1/2456
f 1526/1/2456 1529/1/2456 763/1/2456
f 1524/1/2457 1526/1/2457 762/1/2457
f 762/1/2457 761/1/2457 1524/1/2457
f 1525/1/2458 1524/1/2458 761/1/2459
f 761/1/2459 760/1/2459 1525/1/2458
f 760/1/2460 743/1/2460 1496/1/2460
f 1496/1/2460 1525/1/2460 760/1/2460
f 1495/1/2461 1520/1/2462 1525/1/2463
f 1525/1/2463 1496/1/2462 1495/1/2461
f 1521/1/2464 1520/1/2465 1495/1/2465
f 1495/1/2465 1494/1/2464 1521/1/2464
f 1530/1/2466 1531/1/2467 1532/1/2467
f 1532/1/2467 1533/1/2468 1530/1/2466
f 1534/1/2469 1535/1/2031 1531/1/2031
f 1531/1/2031 1530/1/2031 1534/1/2469
f 1531/1/2038 1536/1/2038 1537/1/2039
f 1537/1/2039 1532/1/2039 1531/1/2038
f 1535/1/2035 1538/1/2035 1536/1/2035
f 1536/1/2035 1531/1/2035 1535/1/2035
f 1533/1/2470 1539/1/2471 261/1/2044
f 261/1/2044 260/1/2044 1533/1/2470
f 270/1/2043 1530/1/2043 1533/1/2472
f 1533/1/2472 260/1/2473 270/1/2043
f 270/1/2042 269/1/2042 1534/1/2042
f 1534/1/2042 1530/1/2042 270/1/2042
f 1506/1/2041 1534/1/2041 269/1/2041
f 269/1/2041 241/1/2041 1506/1/2041
f 1535/1/2474 1534/1/2066 1506/1/2475
f 1506/1/2475 1508/1/2066 1535/1/2474
f 1507/1/2476 1538/1/2477 1535/1/2477
f 1535/1/2477 1508/1/2478 1507/1/2476
f 879/1/2062 1538/1/2062 1507/1/2479
f 1507/1/2479 856/1/2062 879/1/2062
f 1538/1/2058 879/1/2058 878/1/2058
f 878/1/2058 1536/1/2058 1538/1/2058
f 1536/1/2480 878/1/2055 877/1/2055
f 877/1/2055 1537/1/2055 1536/1/2480
f 1537/1/2481 877/1/2481 876/1/2481
f 876/1/2481 1540/1/2481 1537/1/2481
f 1537/1/2049 1540/1/2482 1541/1/2049
f 1541/1/2049 1532/1/2049 1537/1/2049
f 1532/1/2047 1541/1/2047 1539/1/2047
f 1539/1/2047 1533/1/2047 1532/1/2047
f 1542/1/2483 1543/1/2483 1544/1/2483
f 1544/1/2483 1545/1/2483 1542/1/2483
f 1546/1/2484 1547/1/2485 1543/1/2486
f 1543/1/2486 1542/1/2486 1546/1/2484
f 1543/1/2487 1548/1/2487 1549/1/2487
f 1549/1/2487 1544/1/2487 1543/1/2487
f 1550/1/2488 1548/1/2488 1543/1/2488
f 1543/1/2488 1547/1/2488 1550/1/2488
f 1527/1/2489 145/1/2489 168/1/2489
f 168/1/2489 1545/1/2489 1527/1/2489
f 1545/1/2490 168/1/2491 167/1/2492
f 167/1/2492 1542/1/2492 1545/1/2490
f 1546/1/2493 1542/1/2494 167/1/2494
f 167/1/2494 166/1/2494 1546/1/2493
f 1551/1/2495 1546/1/2495 166/1/2495
f 166/1/2495 165/1/2495 1551/1/2495
f 1551/1/2496 1552/1/2496 1547/1/2496
f 1547/1/2496 1546/1/2496 1551/1/2496
f 1550/1/2497 1547/1/2497 1552/1/2497
f 1552/1/2497 1553/1/2498 1550/1/2497
f 783/1/2499 782/1/2499 1550/1/2499
f 1550/1/2499 1553/1/2499 783/1/2499
f 1550/1/2500 782/1/2500 781/1/2500
f 781/1/2500 1548/1/2500 1550/1/2500
f 781/1/2501 780/1/2501 1549/1/2501
f 1549/1/2501 1548/1/2501 781/1/2501
f 780/1/2502 763/1/2503 1529/1/2503
f 1529/1/2503 1549/1/2503 780/1/2502
f 1544/1/2504 1549/1/2505 1529/1/2504
f 1529/1/2504 1528/1/2504 1544/1/2504
f 1545/1/2506 1544/1/2506 1528/1/2507
f 1528/1/2507 1527/1/2507 1545/1/2506
f 1554/1/2135 1555/1/2135 1556/1/2135
f 1556/1/2135 1557/1/2135 1554/1/2135
f 1558/1/2134 1559/1/2134 1555/1/2134
f 1555/1/2134 1554/1/2134 1558/1/2134
f 1555/1/2508 1560/1/2137 1561/1/2137
f 1561/1/2137 1556/1/2137 1555/1/2508
f 1559/1/2136 1562/1/2136 1560/1/2136
f 1560/1/2136 1555/1/2136 1559/1/2136
f 1557/1/2148 1563/1/2148 281/1/2148
f 281/1/2148 280/1/2148 1557/1/2148
f 290/1/2145 1554/1/2145 1557/1/2145
f 1557/1/2145 280/1/2145 290/1/2145
f 290/1/2509 289/1/2510 1558/1/2509
f 1558/1/2509 1554/1/2509 290/1/2509
f 289/1/2511 261/1/2511 1539/1/2511
f 1539/1/2511 1558/1/2511 289/1/2511
f 1559/1/2164 1558/1/2164 1539/1/2164
f 1539/1/2164 1541/1/2164 1559/1/2164
f 1540/1/2163 1562/1/2512 1559/1/2163
f 1559/1/2163 1541/1/2163 1540/1/2163
f 1540/1/2513 876/1/2161 899/1/2161
f 899/1/2161 1562/1/2161 1540/1/2513
f 1562/1/2159 899/1/2159 898/1/2514
f 898/1/2514 1560/1/2159 1562/1/2159
f 1560/1/2515 898/1/2516 897/1/2517
f 897/1/2517 1561/1/2158 1560/1/2515
f 1561/1/2518 897/1/2157 896/1/2157
f 896/1/2157 1564/1/2157 1561/1/2518
f 1565/1/2155 1556/1/2155 1561/1/2155
f 1561/1/2155 1564/1/2155 1565/1/2155
f 1556/1/2519 1565/1/2149 1563/1/2149
f 1563/1/2149 1557/1/2519 1556/1/2519
f 1566/1/2520 1567/1/2520 1568/1/2520
f 1568/1/2520 1569/1/2520 1566/1/2520
f 1570/1/2521 1571/1/2522 1567/1/2523
f 1567/1/2523 1566/1/2521 1570/1/2521
f 1567/1/2524 1572/1/2525 1573/1/2526
f 1573/1/2526 1568/1/2525 1567/1/2524
f 1574/1/2527 1572/1/2527 1567/1/2527
f 1567/1/2527 1571/1/2527 1574/1/2527
f 1551/1/2528 165/1/2529 188/1/2529
f 188/1/2529 1569/1/2530 1551/1/2528
f 1569/1/2531 188/1/2532 187/1/2531
f 187/1/2531 1566/1/2533 1569/1/2531
f 1570/1/2534 1566/1/2535 187/1/2536
f 187/1/2536 185/1/2535 1570/1/2534
f 1570/1/2537 185/1/2537 186/1/2537
f 186/1/2537 1575/1/2537 1570/1/2537
f 1575/1/2538 1576/1/2539 1571/1/2538
f 1571/1/2538 1570/1/2538 1575/1/2538
f 1574/1/2540 1571/1/2541 1576/1/2540
f 1576/1/2540 1577/1/2540 1574/1/2540
f 803/1/2542 802/1/2542 1574/1/2543
f 1574/1/2543 1577/1/2543 803/1/2542
f 1574/1/2544 802/1/2545 801/1/2546
f 801/1/2546 1572/1/2547 1574/1/2544
f 801/1/2548 800/1/2548 1573/1/2548
f 1573/1/2548 1572/1/2548 801/1/2548
f 800/1/2549 783/1/2550 1553/1/2549
f 1553/1/2549 1573/1/2549 800/1/2549
f 1552/1/2551 1568/1/2551 1573/1/2552
f 1573/1/2552 1553/1/2552 1552/1/2551
f 1568/1/2553 1552/1/2554 1551/1/2555
f 1551/1/2555 1569/1/2554 1568/1/2553
f 1578/1/2231 1579/1/2231 1580/1/2231
f 1580/1/2231 1581/1/2231 1578/1/2231
f 1582/1/2227 1583/1/2227 1579/1/2227
f 1579/1/2227 1578/1/2556 1582/1/2227
f 1579/1/2235 1584/1/2235 1585/1/2235
f 1585/1/2235 1580/1/2235 1579/1/2235
f 1583/1/2233 1586/1/2557 1584/1/2233
f 1584/1/2233 1579/1/2233 1583/1/2233
f 1581/1/2242 1587/1/2242 301/1/2558
f 301/1/2558 300/1/2559 1581/1/2242
f 310/1/2560 1578/1/2560 1581/1/2560
f 1581/1/2560 300/1/2240 310/1/2560
f 310/1/2561 309/1/2562 1582/1/2562
f 1582/1/2562 1578/1/2239 310/1/2561
f 309/1/2563 281/1/2237 1563/1/2237
f 1563/1/2237 1582/1/2237 309/1/2563
f 1583/1/2564 1582/1/2257 1563/1/2565
f 1563/1/2565 1565/1/2257 1583/1/2564
f 1564/1/2566 1586/1/2255 1583/1/2567
f 1583/1/2567 1565/1/2255 1564/1/2566
f 1564/1/2252 896/1/2252 919/1/2253
f 919/1/2253 1586/1/2252 1564/1/2252
f 1586/1/2568 919/1/2568 918/1/2568
f 918/1/2568 1584/1/2569 1586/1/2568
f 1584/1/2570 918/1/2571 917/1/2570
f 917/1/2570 1585/1/2249 1584/1/2570
f 1585/1/2572 917/1/2573 916/1/2572
f 916/1/2572 1588/1/2572 1585/1/2572
f 1589/1/2245 1580/1/2245 1585/1/2245
f 1585/1/2245 1588/1/2245 1589/1/2245
f 1580/1/2244 1589/1/2244 1587/1/2244
f 1587/1/2244 1581/1/2244 1580/1/2244
f 1590/1/2574 1591/1/2574 1592/1/2575
f 1592/1/2575 1593/1/2575 1590/1/2574
f 1594/1/2576 1595/1/2577 1591/1/2576
f 1591/1/2576 1590/1/2576 1594/1/2576
f 1591/1/2578 1596/1/2579 1597/1/2579
f 1597/1/2579 1592/1/2579 1591/1/2578
f 1598/1/2580 1596/1/2581 1591/1/2581
f 1591/1/2581 1595/1/2581 1598/1/2580
f 1575/1/2582 186/1/2582 208/1/2582
f 208/1/2582 1593/1/2582 1575/1/2582
f 1593/1/2583 208/1/2583 207/1/2584
f 207/1/2584 1590/1/2585 1593/1/2583
f 1594/1/2586 1590/1/2587 207/1/2588
f 207/1/2588 205/1/2588 1594/1/2586
f 1594/1/2589 205/1/2590 206/1/2591
f 206/1/2591 1599/1/2589 1594/1/2589
f 1599/1/2592 1600/1/2593 1595/1/2594
f 1595/1/2594 1594/1/2595 1599/1/2592
f 1598/1/2596 1595/1/2597 1600/1/2597
f 1600/1/2597 1601/1/2596 1598/1/2596
f 823/1/2598 822/1/2598 1598/1/2598
f 1598/1/2598 1601/1/2598 823/1/2598
f 1598/1/2599 822/1/2600 821/1/2600
f 821/1/2600 1596/1/2601 1598/1/2599
f 821/1/2602 820/1/2602 1597/1/2603
f 1597/1/2603 1596/1/2604 821/1/2602
f 820/1/2605 803/1/2606 1577/1/2606
f 1577/1/2606 1597/1/2607 820/1/2605
f 1576/1/2608 1592/1/2609 1597/1/2610
f 1597/1/2610 1577/1/2611 1576/1/2608
f 1575/1/2612 1593/1/2612 1592/1/2612
f 1592/1/2612 1576/1/2613 1575/1/2612
f 1602/1/2614 1603/1/2313 1604/1/2615
f 1604/1/2615 1605/1/2313 1602/1/2614
f 1606/1/2616 1607/1/2616 1603/1/2616
f 1603/1/2616 1602/1/2616 1606/1/2616
f 1603/1/2617 1608/1/2317 1609/1/2618
f 1609/1/2618 1604/1/2317 1603/1/2617
f 1607/1/2619 1610/1/2316 1608/1/2316
f 1608/1/2316 1603/1/2316 1607/1/2619
f 1605/1/2620 1611/1/2621 321/1/2622
f 321/1/2622 320/1/2623 1605/1/2620
f 330/1/2323 1602/1/2323 1605/1/2624
f 1605/1/2624 320/1/2625 330/1/2323
f 330/1/2322 329/1/2322 1606/1/2626
f 1606/1/2626 1602/1/2322 330/1/2322
f 329/1/2627 301/1/2628 1587/1/2319
f 1587/1/2319 1606/1/2628 329/1/2627
f 1607/1/2629 1606/1/2342 1587/1/2342
f 1587/1/2342 1589/1/2343 1607/1/2629
f 1588/1/2340 1610/1/2340 1607/1/2340
f 1607/1/2340 1589/1/2340 1588/1/2340
f 1588/1/2630 916/1/2335 939/1/2333
f 939/1/2333 1610/1/2333 1588/1/2630
f 1610/1/2631 939/1/2632 938/1/2631
f 938/1/2631 1608/1/2332 1610/1/2631
f 1608/1/2330 938/1/2330 937/1/2330
f 937/1/2330 1609/1/2330 1608/1/2330
f 1609/1/2327 937/1/2327 936/1/2633
f 936/1/2633 1612/1/2329 1609/1/2327
f 1609/1/2326 1612/1/2326 1613/1/2326
f 1613/1/2326 1604/1/2326 1609/1/2326
f 1604/1/2634 1613/1/2635 1611/1/2634
f 1611/1/2634 1605/1/2636 1604/1/2634
f 1614/1/2637 1615/1/2637 1616/1/2637
f 1616/1/2637 1617/1/2637 1614/1/2637
f 1618/1/2638 1619/1/2638 1615/1/2638
f 1615/1/2638 1614/1/2638 1618/1/2638
f 1615/1/2639 1620/1/2639 1621/1/2640
f 1621/1/2640 1616/1/2641 1615/1/2639
f 1622/1/2642 1620/1/2642 1615/1/2643
f 1615/1/2643 1619/1/2642 1622/1/2642
f 1599/1/2644 206/1/2644 228/1/2644
f 228/1/2644 1617/1/2644 1599/1/2644
f 1617/1/2645 228/1/2646 227/1/2647
f 227/1/2647 1614/1/2646 1617/1/2645
f 1618/1/2648 1614/1/2649 227/1/2649
f 227/1/2649 225/1/2649 1618/1/2648
f 1618/1/2650 225/1/2650 226/1/2650
f 226/1/2650 1623/1/2650 1618/1/2650
f 1623/1/2651 1624/1/2652 1619/1/2651
f 1619/1/2651 1618/1/2651 1623/1/2651
f 1622/1/2653 1619/1/2653 1624/1/2653
f 1624/1/2653 1625/1/2653 1622/1/2653
f 843/1/2654 842/1/2654 1622/1/2654
f 1622/1/2654 1625/1/2654 843/1/2654
f 1622/1/2655 842/1/2655 841/1/2655
f 841/1/2655 1620/1/2655 1622/1/2655
f 841/1/2656 840/1/2656 1621/1/2656
f 1621/1/2656 1620/1/2656 841/1/2656
f 840/1/2657 823/1/2657 1601/1/2657
f 1601/1/2657 1621/1/2657 840/1/2657
f 1600/1/2658 1616/1/2658 1621/1/2659
f 1621/1/2659 1601/1/2658 1600/1/2658
f 1616/1/2660 1600/1/2661 1599/1/2662
f 1599/1/2662 1617/1/2663 1616/1/2660
f 1626/1/2664 1627/1/2398 1628/1/2398
f 1628/1/2398 1629/1/2398 1626/1/2664
f 1630/1/2665 1631/1/2666 1627/1/2394
f 1627/1/2394 1626/1/2396 1630/1/2665
f 1627/1/2403 1632/1/2403 1633/1/2403
f 1633/1/2403 1628/1/2403 1627/1/2403
f 1631/1/2667 1634/1/2668 1632/1/2669
f 1632/1/2669 1627/1/2668 1631/1/2667
f 1629/1/2413 1635/1/2413 341/1/2413
f 341/1/2413 340/1/2413 1629/1/2413
f 350/1/2410 1626/1/2410 1629/1/2410
f 1629/1/2410 340/1/2410 350/1/2410
f 350/1/2670 349/1/2671 1630/1/2670
f 1630/1/2670 1626/1/2670 350/1/2670
f 349/1/2672 321/1/2672 1611/1/2673
f 1611/1/2673 1630/1/2672 349/1/2672
f 1631/1/2674 1630/1/2674 1611/1/2433
f 1611/1/2433 1613/1/2675 1631/1/2674
f 1612/1/2676 1634/1/2432 1631/1/2430
f 1631/1/2430 1613/1/2430 1612/1/2676
f 1612/1/2677 936/1/2677 959/1/2677
f 959/1/2677 1634/1/2677 1612/1/2677
f 1634/1/2678 959/1/2678 958/1/2678
f 958/1/2678 1632/1/2678 1634/1/2678
f 1632/1/2423 958/1/2423 957/1/2423
f 957/1/2423 1633/1/2423 1632/1/2423
f 1633/1/2420 957/1/2420 956/1/2420
f 956/1/2420 1636/1/2420 1633/1/2420
f 1637/1/2679 1628/1/2417 1633/1/2417
f 1633/1/2417 1636/1/2417 1637/1/2679
f 1628/1/2415 1637/1/2415 1635/1/2415
f 1635/1/2415 1629/1/2415 1628/1/2415
f 1638/1/2680 1639/1/2681 1640/1/2680
f 1640/1/2680 1641/1/2680 1638/1/2680
f 1642/1/2682 1643/1/2682 1639/1/2682
f 1639/1/2682 1638/1/2682 1642/1/2682
f 1639/1/2683 1644/1/2683 1645/1/2684
f 1645/1/2684 1640/1/2684 1639/1/2683
f 1646/1/2685 1644/1/2685 1639/1/2685
f 1639/1/2685 1643/1/2686 1646/1/2685
f 1623/1/2687 226/1/2687 248/1/2687
f 248/1/2687 1641/1/2687 1623/1/2687
f 1641/1/2688 248/1/2689 247/1/2689
f 247/1/2689 1638/1/2690 1641/1/2688
f 1642/1/2691 1638/1/2692 247/1/2693
f 247/1/2693 245/1/2694 1642/1/2691
f 1642/1/2695 245/1/2696 246/1/2697
f 246/1/2697 1647/1/2698 1642/1/2695
f 1647/1/2699 1648/1/2700 1643/1/2699
f 1643/1/2699 1642/1/2701 1647/1/2699
f 1646/1/2702 1643/1/2702 1648/1/2702
f 1648/1/2702 1649/1/2703 1646/1/2702
f 863/1/2704 862/1/2705 1646/1/2704
f 1646/1/2704 1649/1/2704 863/1/2704
f 1646/1/2706 862/1/2706 861/1/2706
f 861/1/2706 1644/1/2706 1646/1/2706
f 861/1/2707 860/1/2707 1645/1/2708
f 1645/1/2708 1644/1/2708 861/1/2707
f 860/1/2709 843/1/2709 1625/1/2709
f 1625/1/2709 1645/1/2709 860/1/2709
f 1624/1/2710 1640/1/2711 1645/1/2712
f 1645/1/2712 1625/1/2710 1624/1/2710
f 1640/1/2713 1624/1/2713 1623/1/2713
f 1623/1/2713 1641/1/2714 1640/1/2713
f 1650/1/1974 1651/1/2715 1652/1/1974
f 1652/1/1974 1653/1/2716 1650/1/1974
f 1654/1/1972 1655/1/1972 1651/1/2717
f 1651/1/2717 1650/1/1972 1654/1/1972
f 1651/1/1976 1656/1/2718 1657/1/2719
f 1657/1/2719 1652/1/2720 1651/1/1976
f 1655/1/1975 1658/1/1975 1656/1/2721
f 1656/1/2721 1651/1/2722 1655/1/1975
f 1653/1/1982 1659/1/2723 361/1/2724
f 361/1/2724 360/1/1982 1653/1/1982
f 370/1/1981 1650/1/1981 1653/1/2725
f 1653/1/2725 360/1/1981 370/1/1981
f 370/1/2726 369/1/1979 1654/1/1979
f 1654/1/1979 1650/1/1979 370/1/2726
f 369/1/1978 341/1/1978 1635/1/1978
f 1635/1/1978 1654/1/1978 369/1/1978
f 1655/1/2001 1654/1/2001 1635/1/2727
f 1635/1/2727 1637/1/2001 1655/1/2001
f 1636/1/1997 1658/1/1997 1655/1/1997
f 1655/1/1997 1637/1/1997 1636/1/1997
f 1636/1/2728 956/1/1996 979/1/1996
f 979/1/1996 1658/1/1996 1636/1/2728
f 1658/1/1995 979/1/1995 978/1/1995
f 978/1/1995 1656/1/1995 1658/1/1995
f 1656/1/2729 978/1/2730 977/1/2729
f 977/1/2729 1657/1/2731 1656/1/2729
f 1657/1/2732 977/1/2732 976/1/2732
f 976/1/2732 1660/1/2732 1657/1/2732
f 1661/1/1987 1652/1/1987 1657/1/1987
f 1657/1/1987 1660/1/1987 1661/1/1987
f 1652/1/1984 1661/1/1984 1659/1/1984
f 1659/1/1984 1653/1/1984 1652/1/1984
f 1662/1/2733 1663/1/2733 1664/1/2733
f 1664/1/2733 1665/1/2733 1662/1/2733
f 1666/1/2734 1667/1/2734 1663/1/2734
f 1663/1/2734 1662/1/2735 1666/1/2734
f 1663/1/2736 1668/1/2736 1669/1/2736
f 1669/1/2736 1664/1/2736 1663/1/2736
f 1670/1/2737 1668/1/2737 1663/1/2737
f 1663/1/2737 1667/1/2737 1670/1/2737
f 1647/1/2738 246/1/2739 268/1/2739
f 268/1/2739 1665/1/2739 1647/1/2738
f 1665/1/2740 268/1/2741 267/1/2742
f 267/1/2742 1662/1/2743 1665/1/2740
f 1666/1/2744 1662/1/2745 267/1/2744
f 267/1/2744 265/1/2746 1666/1/2744
f 1666/1/2747 265/1/2747 266/1/2747
f 266/1/2747 1671/1/2748 1666/1/2747
f 1671/1/2749 1672/1/2749 1667/1/2749
f 1667/1/2749 1666/1/2749 1671/1/2749
f 1670/1/2750 1667/1/2750 1672/1/2751
f 1672/1/2751 1673/1/2752 1670/1/2750
f 883/1/2753 882/1/2753 1670/1/2753
f 1670/1/2753 1673/1/2753 883/1/2753
f 1670/1/2754 882/1/2754 881/1/2754
f 881/1/2754 1668/1/2754 1670/1/2754
f 881/1/2755 880/1/2755 1669/1/2755
f 1669/1/2755 1668/1/2755 881/1/2755
f 880/1/2756 863/1/2756 1649/1/2756
f 1649/1/2756 1669/1/2756 880/1/2756
f 1648/1/2757 1664/1/2757 1669/1/2757
f 1669/1/2757 1649/1/2757 1648/1/2757
f 1647/1/2758 1665/1/2758 1664/1/2759
f 1664/1/2759 1648/1/2758 1647/1/2758
f 1674/1/2071 1675/1/2070 1676/1/2070
f 1676/1/2070 1677/1/2071 1674/1/2071
f 1678/1/2068 1679/1/2068 1675/1/2760
f 1675/1/2760 1674/1/2068 1678/1/2068
f 1675/1/2076 1680/1/2076 1681/1/2076
f 1681/1/2076 1676/1/2761 1675/1/2076
f 1679/1/2762 1682/1/2763 1680/1/2764
f 1680/1/2764 1675/1/2763 1679/1/2762
f 1677/1/2084 1683/1/2765 381/1/2084
f 381/1/2084 380/1/2766 1677/1/2084
f 390/1/2767 1674/1/2767 1677/1/2767
f 1677/1/2767 380/1/2767 390/1/2767
f 390/1/2078 389/1/2078 1678/1/2078
f 1678/1/2078 1674/1/2078 390/1/2078
f 389/1/2077 361/1/2768 1659/1/2077
f 1659/1/2077 1678/1/2077 389/1/2077
f 1679/1/2769 1678/1/2096 1659/1/2096
f 1659/1/2096 1661/1/2770 1679/1/2769
f 1660/1/2771 1682/1/2095 1679/1/2772
f 1679/1/2772 1661/1/2773 1660/1/2771
f 1660/1/2774 976/1/2774 999/1/2094
f 999/1/2094 1682/1/2775 1660/1/2774
f 1682/1/2092 999/1/2776 998/1/2777
f 998/1/2777 1680/1/2092 1682/1/2092
f 1680/1/2091 998/1/2091 997/1/2091
f 997/1/2091 1681/1/2091 1680/1/2091
f 1681/1/2088 997/1/2088 996/1/2088
f 996/1/2088 1684/1/2778 1681/1/2088
f 1685/1/2779 1676/1/2780 1681/1/2781
f 1681/1/2781 1684/1/2782 1685/1/2779
f 1676/1/2085 1685/1/2085 1683/1/2783
f 1683/1/2783 1677/1/2784 1676/1/2085
f 1686/1/2785 1687/1/2785 1688/1/2785
f 1688/1/2785 1689/1/2785 1686/1/2785
f 1690/1/2786 1691/1/2787 1687/1/2788
f 1687/1/2788 1686/1/2789 1690/1/2786
f 1687/1/2790 1692/1/2790 1693/1/2790
f 1693/1/2790 1688/1/2791 1687/1/2790
f 1694/1/2792 1692/1/2793 1687/1/2793
f 1687/1/2793 1691/1/2794 1694/1/2792
f 1671/1/2795 266/1/2796 288/1/2795
f 288/1/2795 1689/1/2795 1671/1/2795
f 1689/1/2797 288/1/2798 287/1/2798
f 287/1/2798 1686/1/2798 1689/1/2797
f 1690/1/2799 1686/1/2800 287/1/2799
f 287/1/2799 285/1/2801 1690/1/2799
f 1690/1/2802 285/1/2803 286/1/2804
f 286/1/2804 1695/1/2805 1690/1/2802
f 1695/1/2806 1696/1/2806 1691/1/2806
f 1691/1/2806 1690/1/2806 1695/1/2806
f 1694/1/2807 1691/1/2808 1696/1/2809
f 1696/1/2809 1697/1/2810 1694/1/2807
f 903/1/2811 902/1/2812 1694/1/2813
f 1694/1/2813 1697/1/2814 903/1/2811
f 1694/1/2815 902/1/2815 901/1/2815
f 901/1/2815 1692/1/2815 1694/1/2815
f 901/1/2816 900/1/2816 1693/1/2817
f 1693/1/2817 1692/1/2817 901/1/2816
f 900/1/2818 883/1/2819 1673/1/2820
f 1673/1/2820 1693/1/2818 900/1/2818
f 1672/1/2821 1688/1/2821 1693/1/2821
f 1693/1/2821 1673/1/2821 1672/1/2821
f 1671/1/2822 1689/1/2823 1688/1/2824
f 1688/1/2824 1672/1/2823 1671/1/2822
f 1698/1/2167 1699/1/2825 1700/1/2167
f 1700/1/2167 1701/1/2167 1698/1/2167
f 1702/1/2826 1703/1/2165 1699/1/2826
f 1699/1/2826 1698/1/2827 1702/1/2826
f 1699/1/2171 1704/1/2828 1705/1/2829
f 1705/1/2829 1700/1/2171 1699/1/2171
f 1703/1/2169 1706/1/2169 1704/1/2169
f 1704/1/2169 1699/1/2169 1703/1/2169
f 1701/1/2830 1707/1/2830 401/1/2830
f 401/1/2830 400/1/2179 1701/1/2830
f 410/1/2176 1698/1/2176 1701/1/2176
f 1701/1/2176 400/1/2831 410/1/2176
f 410/1/2175 409/1/2175 1702/1/2175
f 1702/1/2175 1698/1/2175 410/1/2175
f 409/1/2173 381/1/2173 1683/1/2173
f 1683/1/2173 1702/1/2173 409/1/2173
f 1703/1/2832 1702/1/2194 1683/1/2833
f 1683/1/2833 1685/1/2194 1703/1/2832
f 1684/1/2193 1706/1/2193 1703/1/2193
f 1703/1/2193 1685/1/2193 1684/1/2193
f 1684/1/2834 996/1/2834 1019/1/2835
f 1019/1/2835 1706/1/2834 1684/1/2834
f 1706/1/2836 1019/1/2189 1018/1/2190
f 1018/1/2190 1704/1/2190 1706/1/2836
f 1704/1/2837 1018/1/2838 1017/1/2839
f 1017/1/2839 1705/1/2840 1704/1/2837
f 1705/1/2186 1017/1/2186 1016/1/2186
f 1016/1/2186 1708/1/2841 1705/1/2186
f 1709/1/2842 1700/1/2843 1705/1/2844
f 1705/1/2844 1708/1/2845 1709/1/2842
f 1700/1/2846 1709/1/2181 1707/1/2847
f 1707/1/2847 1701/1/2181 1700/1/2846
f 1710/1/2848 1711/1/2849 1712/1/2848
f 1712/1/2848 1713/1/2850 1710/1/2848
f 1714/1/2851 1715/1/2851 1711/1/2851
f 1711/1/2851 1710/1/2851 1714/1/2851
f 1711/1/2852 1716/1/2852 1717/1/2852
f 1717/1/2852 1712/1/2852 1711/1/2852
f 1718/1/2853 1716/1/2853 1711/1/2853
f 1711/1/2853 1715/1/2853 1718/1/2853
f 1695/1/2854 286/1/2855 308/1/2856
f 308/1/2856 1713/1/2857 1695/1/2854
f 1713/1/2858 308/1/2859 307/1/2860
f 307/1/2860 1710/1/2861 1713/1/2858
f 1714/1/2862 1710/1/2862 307/1/2862
f 307/1/2862 305/1/2862 1714/1/2862
f 1714/1/2863 305/1/2864 306/1/2865
f 306/1/2865 1719/1/2863 1714/1/2863
f 1719/1/2866 1720/1/2866 1715/1/2866
f 1715/1/2866 1714/1/2866 1719/1/2866
f 1718/1/2867 1715/1/2867 1720/1/2867
f 1720/1/2867 1721/1/2867 1718/1/2867
f 923/1/2868 922/1/2869 1718/1/2870
f 1718/1/2870 1721/1/2871 923/1/2868
f 1718/1/2872 922/1/2872 921/1/2872
f 921/1/2872 1716/1/2872 1718/1/2872
f 921/1/2873 920/1/2874 1717/1/2875
f 1717/1/2875 1716/1/2874 921/1/2873
f 920/1/2876 903/1/2877 1697/1/2878
f 1697/1/2878 1717/1/2879 920/1/2876
f 1696/1/2880 1712/1/2881 1717/1/2882
f 1717/1/2882 1697/1/2881 1696/1/2880
f 1712/1/2883 1696/1/2883 1695/1/2883
f 1695/1/2883 1713/1/2883 1712/1/2883
f 1722/1/2261 1723/1/2261 1724/1/2261
f 1724/1/2261 1725/1/2261 1722/1/2261
f 1726/1/2884 1727/1/2884 1723/1/2259
f 1723/1/2259 1722/1/2259 1726/1/2884
f 1723/1/2263 1728/1/2263 1729/1/2263
f 1729/1/2263 1724/1/2263 1723/1/2263
f 1727/1/2262 1730/1/2262 1728/1/2262
f 1728/1/2262 1723/1/2885 1727/1/2262
f 1725/1/2270 1731/1/2270 421/1/2886
f 421/1/2886 420/1/2270 1725/1/2270
f 430/1/2269 1722/1/2269 1725/1/2269
f 1725/1/2269 420/1/2269 430/1/2269
f 430/1/2267 429/1/2267 1726/1/2887
f 1726/1/2887 1722/1/2267 430/1/2267
f 429/1/2888 401/1/2264 1707/1/2264
f 1707/1/2264 1726/1/2264 429/1/2888
f 1727/1/2291 1726/1/2291 1707/1/2291
f 1707/1/2291 1709/1/2291 1727/1/2291
f 1708/1/2889 1730/1/2889 1727/1/2889
f 1727/1/2889 1709/1/2890 1708/1/2889
f 1708/1/2283 1016/1/2283 1039/1/2283
f 1039/1/2283 1730/1/2283 1708/1/2283
f 1730/1/2280 1039/1/2280 1038/1/2280
f 1038/1/2280 1728/1/2280 1730/1/2280
f 1728/1/2891 1038/1/2279 1037/1/2891
f 1037/1/2891 1729/1/2891 1728/1/2891
f 1729/1/2892 1037/1/2893 1036/1/2893
f 1036/1/2893 1732/1/2893 1729/1/2892
f 1733/1/2894 1724/1/2274 1729/1/2274
f 1729/1/2274 1732/1/2895 1733/1/2894
f 1724/1/2273 1733/1/2273 1731/1/2896
f 1731/1/2896 1725/1/2273 1724/1/2273
f 1734/1/2897 1735/1/2897 1736/1/2897
f 1736/1/2897 1737/1/2897 1734/1/2897
f 1738/1/2898 1739/1/2899 1735/1/2900
f 1735/1/2900 1734/1/2899 1738/1/2898
f 1735/1/2901 1740/1/2902 1741/1/2901
f 1741/1/2901 1736/1/2903 1735/1/2901
f 1742/1/2904 1740/1/2904 1735/1/2904
f 1735/1/2904 1739/1/2904 1742/1/2904
f 1719/1/2905 306/1/2906 328/1/2905
f 328/1/2905 1737/1/2907 1719/1/2905
f 1737/1/2908 328/1/2909 327/1/2910
f 327/1/2910 1734/1/2910 1737/1/2908
f 1738/1/2911 1734/1/2911 327/1/2911
f 327/1/2911 325/1/2912 1738/1/2911
f 1738/1/2913 325/1/2913 326/1/2913
f 326/1/2913 1743/1/2913 1738/1/2913
f 1743/1/2914 1744/1/2914 1739/1/2914
f 1739/1/2914 1738/1/2914 1743/1/2914
f 1742/1/2915 1739/1/2915 1744/1/2915
f 1744/1/2915 1745/1/2915 1742/1/2915
f 943/1/2916 942/1/2917 1742/1/2916
f 1742/1/2916 1745/1/2916 943/1/2916
f 1742/1/2918 942/1/2918 941/1/2918
f 941/1/2918 1740/1/2918 1742/1/2918
f 941/1/2919 940/1/2919 1741/1/2919
f 1741/1/2919 1740/1/2920 941/1/2919
f 940/1/2921 923/1/2921 1721/1/2922
f 1721/1/2922 1741/1/2921 940/1/2921
f 1720/1/2923 1736/1/2923 1741/1/2923
f 1741/1/2923 1721/1/2923 1720/1/2923
f 1736/1/2924 1720/1/2925 1719/1/2925
f 1719/1/2925 1737/1/2925 1736/1/2924
f 1746/1/2347 1747/1/2347 1748/1/2347
f 1748/1/2347 1749/1/2347 1746/1/2347
f 1750/1/2344 1751/1/2344 1747/1/2346
f 1747/1/2346 1746/1/2344 1750/1/2344
f 1747/1/2351 1752/1/2351 1753/1/2351
f 1753/1/2351 1748/1/2351 1747/1/2351
f 1751/1/2926 1754/1/2927 1752/1/2927
f 1752/1/2927 1747/1/2349 1751/1/2926
f 1749/1/2928 1755/1/2929 441/1/2930
f 441/1/2930 440/1/2357 1749/1/2928
f 450/1/2354 1746/1/2354 1749/1/2931
f 1749/1/2931 440/1/2354 450/1/2354
f 450/1/2353 449/1/2353 1750/1/2353
f 1750/1/2353 1746/1/2353 450/1/2353
f 449/1/2352 421/1/2352 1731/1/2352
f 1731/1/2352 1750/1/2352 449/1/2352
f 1751/1/2372 1750/1/2372 1731/1/2371
f 1731/1/2371 1733/1/2372 1751/1/2372
f 1732/1/2932 1754/1/2933 1751/1/2934
f 1751/1/2934 1733/1/2369 1732/1/2932
f 1732/1/2935 1036/1/2935 1059/1/2935
f 1059/1/2935 1754/1/2935 1732/1/2935
f 1754/1/2936 1059/1/2936 1058/1/2937
f 1058/1/2937 1752/1/2937 1754/1/2936
f 1752/1/2938 1058/1/2363 1057/1/2363
f 1057/1/2363 1753/1/2363 1752/1/2938
f 1753/1/2362 1057/1/2362 1056/1/2362
f 1056/1/2362 1756/1/2362 1753/1/2362
f 1757/1/2939 1748/1/2360 1753/1/2940
f 1753/1/2940 1756/1/2360 1757/1/2939
f 1748/1/2941 1757/1/2941 1755/1/2941
f 1755/1/2941 1749/1/2941 1748/1/2941
f 1758/1/1882 1759/1/1884 1760/1/2942
f 1760/1/2942 1761/1/2943 1758/1/1882
f 1762/1/1881 1763/1/1881 1759/1/2944
f 1759/1/2944 1758/1/1881 1762/1/1881
f 1759/1/1887 1764/1/1887 1765/1/1887
f 1765/1/1887 1760/1/2945 1759/1/1887
f 1766/1/1885 1764/1/1885 1759/1/1885
f 1759/1/1885 1763/1/1885 1766/1/1885
f 1743/1/2946 326/1/1893 348/1/2947
f 348/1/2947 1761/1/2947 1743/1/2946
f 1761/1/2948 348/1/2948 347/1/2948
f 347/1/2948 1758/1/2948 1761/1/2948
f 1762/1/1889 1758/1/1889 347/1/1889
f 347/1/1889 345/1/1889 1762/1/1889
f 1762/1/1888 345/1/1888 346/1/2949
f 346/1/2949 1767/1/2950 1762/1/1888
f 1767/1/2951 1768/1/1912 1763/1/2952
f 1763/1/2952 1762/1/1912 1767/1/2951
f 1766/1/1911 1763/1/1911 1768/1/1911
f 1768/1/1911 1769/1/1911 1766/1/1911
f 963/1/2953 962/1/1908 1766/1/1908
f 1766/1/1908 1769/1/1908 963/1/2953
f 1766/1/1905 962/1/1906 961/1/2954
f 961/1/2954 1764/1/1906 1766/1/1905
f 961/1/1903 960/1/2955 1765/1/2956
f 1765/1/2956 1764/1/1903 961/1/1903
f 960/1/1900 943/1/1900 1745/1/1900
f 1745/1/1900 1765/1/1900 960/1/1900
f 1744/1/1898 1760/1/2957 1765/1/1898
f 1765/1/1898 1745/1/1898 1744/1/1898
f 1743/1/1896 1761/1/1896 1760/1/1896
f 1760/1/1896 1744/1/1896 1743/1/1896
f 1770/1/2958 1771/1/2959 1772/1/2959
f 1772/1/2959 1773/1/2440 1770/1/2958
f 1774/1/2960 1775/1/2960 1771/1/2961
f 1771/1/2961 1770/1/2962 1774/1/2960
f 1771/1/2963 1776/1/2964 1777/1/2965
f 1777/1/2965 1772/1/2965 1771/1/2963
f 1775/1/2966 1778/1/2967 1776/1/2968
f 1776/1/2968 1771/1/2968 1775/1/2966
f 1773/1/2453 1779/1/2453 461/1/2453
f 461/1/2453 460/1/2453 1773/1/2453
f 470/1/2969 1770/1/2450 1773/1/2450
f 1773/1/2450 460/1/2450 470/1/2969
f 470/1/2970 469/1/2449 1774/1/2971
f 1774/1/2971 1770/1/2972 470/1/2970
f 469/1/2446 441/1/2446 1755/1/2973
f 1755/1/2973 1774/1/2446 469/1/2446
f 1775/1/2464 1774/1/2465 1755/1/2974
f 1755/1/2974 1757/1/2464 1775/1/2464
f 1756/1/2462 1778/1/2975 1775/1/2976
f 1775/1/2976 1757/1/2462 1756/1/2462
f 1756/1/2460 1056/1/2460 1079/1/2977
f 1079/1/2977 1778/1/2460 1756/1/2460
f 1778/1/2458 1079/1/2978 1078/1/2458
f 1078/1/2458 1776/1/2458 1778/1/2458
f 1776/1/2457 1078/1/2457 1077/1/2457
f 1077/1/2457 1777/1/2457 1776/1/2457
f 1777/1/2979 1077/1/2456 1076/1/2980
f 1076/1/2980 1780/1/2456 1777/1/2979
f 1781/1/2981 1772/1/2455 1777/1/2455
f 1777/1/2455 1780/1/2455 1781/1/2981
f 1772/1/2454 1781/1/2454 1779/1/2982
f 1779/1/2982 1773/1/2454 1772/1/2454
f 1782/1/2983 1783/1/2983 1784/1/2983
f 1784/1/2983 1785/1/2983 1782/1/2983
f 1786/1/2984 1787/1/2984 1783/1/2984
f 1783/1/2984 1782/1/2984 1786/1/2984
f 1783/1/2985 1788/1/2985 1789/1/2985
f 1789/1/2985 1784/1/2985 1783/1/2985
f 1790/1/2986 1788/1/2987 1783/1/2986
f 1783/1/2986 1787/1/2988 1790/1/2986
f 1767/1/2989 346/1/2989 368/1/2989
f 368/1/2989 1785/1/2989 1767/1/2989
f 1785/1/2990 368/1/2990 367/1/2991
f 367/1/2991 1782/1/2990 1785/1/2990
f 1786/1/2992 1782/1/2993 367/1/2992
f 367/1/2992 365/1/2992 1786/1/2992
f 1786/1/2994 365/1/2995 366/1/2996
f 366/1/2996 1791/1/2996 1786/1/2994
f 1791/1/2997 1792/1/2997 1787/1/2997
f 1787/1/2997 1786/1/2997 1791/1/2997
f 1790/1/2998 1787/1/2999 1792/1/2998
f 1792/1/2998 1793/1/2998 1790/1/2998
f 983/1/3000 982/1/3000 1790/1/3000
f 1790/1/3000 1793/1/3000 983/1/3000
f 1790/1/3001 982/1/3002 981/1/3003
f 981/1/3003 1788/1/3004 1790/1/3001
f 981/1/3005 980/1/3005 1789/1/3005
f 1789/1/3005 1788/1/3005 981/1/3005
f 980/1/3006 963/1/3006 1769/1/3006
f 1769/1/3006 1789/1/3006 980/1/3006
f 1768/1/3007 1784/1/3008 1789/1/3008
f 1789/1/3008 1769/1/3008 1768/1/3007
f 1767/1/3009 1785/1/3009 1784/1/3009
f 1784/1/3009 1768/1/3009 1767/1/3009
f 1794/1/2486 1795/1/2485 1796/1/2486
f 1796/1/2486 1797/1/2486 1794/1/2486
f 1798/1/3010 1799/1/3011 1795/1/2483
f 1795/1/2483 1794/1/3010 1798/1/3010
f 1795/1/3012 1800/1/2488 1801/1/3013
f 1801/1/3013 1796/1/3014 1795/1/3012
f 1799/1/2487 1802/1/2487 1800/1/2487
f 1800/1/2487 1795/1/2487 1799/1/2487
f 1797/1/2495 1803/1/2495 481/1/2495
f 481/1/2495 480/1/2495 1797/1/2495
f 490/1/2494 1794/1/3015 1797/1/3015
f 1797/1/3015 480/1/2494 490/1/2494
f 490/1/3016 489/1/3016 1798/1/3016
f 1798/1/3016 1794/1/3016 490/1/3016
f 489/1/2489 461/1/2489 1779/1/2489
f 1779/1/2489 1798/1/2489 489/1/2489
f 1799/1/2506 1798/1/3017 1779/1/2506
f 1779/1/2506 1781/1/2506 1799/1/2506
f 1780/1/3018 1802/1/2504 1799/1/2504
f 1799/1/2504 1781/1/2504 1780/1/3018
f 1780/1/2503 1076/1/2503 1099/1/2503
f 1099/1/2503 1802/1/2503 1780/1/2503
f 1802/1/3019 1099/1/3019 1098/1/3019
f 1098/1/3019 1800/1/2501 1802/1/3019
f 1800/1/2500 1098/1/2500 1097/1/2500
f 1097/1/2500 1801/1/3020 1800/1/2500
f 1801/1/2499 1097/1/2499 1096/1/2499
f 1096/1/2499 1804/1/2499 1801/1/2499
f 1801/1/2497 1804/1/2497 1805/1/3021
f 1805/1/3021 1796/1/2498 1801/1/2497
f 1796/1/2496 1805/1/2496 1803/1/2496
f 1803/1/2496 1797/1/2496 1796/1/2496
f 1806/1/3022 1807/1/3022 1808/1/3022
f 1808/1/3022 1809/1/3022 1806/1/3022
f 1810/1/3023 1811/1/3024 1807/1/3025
f 1807/1/3025 1806/1/3026 1810/1/3023
f 1807/1/3027 1812/1/3028 1813/1/3028
f 1813/1/3028 1808/1/3028 1807/1/3027
f 1814/1/3029 1812/1/3030 1807/1/3031
f 1807/1/3031 1811/1/3032 1814/1/3029
f 1791/1/3033 366/1/3034 388/1/3035
f 388/1/3035 1809/1/3035 1791/1/3033
f 1809/1/3036 388/1/3036 387/1/3036
f 387/1/3036 1806/1/3036 1809/1/3036
f 1810/1/3037 1806/1/3037 387/1/3037
f 387/1/3037 385/1/3037 1810/1/3037
f 1810/1/3038 385/1/3039 386/1/3040
f 386/1/3040 1815/1/3041 1810/1/3038
f 1815/1/3042 1816/1/3042 1811/1/3042
f 1811/1/3042 1810/1/3042 1815/1/3042
f 1814/1/3043 1811/1/3043 1816/1/3043
f 1816/1/3043 1817/1/3043 1814/1/3043
f 1003/1/3044 1002/1/3045 1814/1/3045
f 1814/1/3045 1817/1/3044 1003/1/3044
f 1814/1/3046 1002/1/3047 1001/1/3047
f 1001/1/3047 1812/1/3047 1814/1/3046
f 1001/1/3048 1000/1/3048 1813/1/3048
f 1813/1/3048 1812/1/3048 1001/1/3048
f 1000/1/3049 983/1/3049 1793/1/3049
f 1793/1/3049 1813/1/3049 1000/1/3049
f 1792/1/3050 1808/1/3050 1813/1/3051
f 1813/1/3051 1793/1/3050 1792/1/3050
f 1808/1/3052 1792/1/3052 1791/1/3052
f 1791/1/3052 1809/1/3052 1808/1/3052
f 1818/1/2523 1819/1/2521 1820/1/2521
f 1820/1/2521 1821/1/2523 1818/1/2523
f 1822/1/2520 1823/1/2520 1819/1/2520
f 1819/1/2520 1818/1/2520 1822/1/2520
f 1819/1/2527 1824/1/2527 1825/1/2527
f 1825/1/2527 1820/1/2527 1819/1/2527
f 1823/1/2525 1826/1/2525 1824/1/2525
f 1824/1/2525 1819/1/2525 1823/1/2525
f 1821/1/3053 1827/1/3054 501/1/2537
f 501/1/2537 500/1/2537 1821/1/3053
f 510/1/3055 1818/1/3056 1821/1/2536
f 1821/1/2536 500/1/2535 510/1/3055
f 510/1/3057 509/1/3058 1822/1/3059
f 1822/1/3059 1818/1/3057 510/1/3057
f 509/1/3060 481/1/2529 1803/1/3061
f 1803/1/3061 1822/1/3062 509/1/3060
f 1823/1/3063 1822/1/3064 1803/1/3065
f 1803/1/3065 1805/1/2555 1823/1/3063
f 1804/1/2552 1826/1/2552 1823/1/2552
f 1823/1/2552 1805/1/2552 1804/1/2552
f 1804/1/2549 1096/1/2549 1119/1/2549
f 1119/1/2549 1826/1/2549 1804/1/2549
f 1826/1/2548 1119/1/2548 1118/1/3066
f 1118/1/3066 1824/1/3067 1826/1/2548
f 1824/1/2544 1118/1/2547 1117/1/2544
f 1117/1/2544 1825/1/3068 1824/1/2544
f 1825/1/2542 1117/1/2542 1116/1/2542
f 1116/1/2542 1828/1/2542 1825/1/2542
f 1825/1/2540 1828/1/2540 1829/1/2540
f 1829/1/2540 1820/1/2540 1825/1/2540
f 1820/1/3069 1829/1/2538 1827/1/3070
f 1827/1/3070 1821/1/2538 1820/1/3069
f 1830/1/3071 1831/1/3071 1832/1/3072
f 1832/1/3072 1833/1/3072 1830/1/3071
f 1834/1/3073 1835/1/3074 1831/1/3074
f 1831/1/3074 1830/1/3075 1834/1/3073
f 1831/1/3076 1836/1/3076 1837/1/3077
f 1837/1/3077 1832/1/3077 1831/1/3076
f 1838/1/3078 1836/1/3079 1831/1/3078
f 1831/1/3078 1835/1/3080 1838/1/3078
f 1815/1/3081 386/1/3082 408/1/3083
f 408/1/3083 1833/1/3084 1815/1/3081
f 1833/1/3085 408/1/3085 407/1/3085
f 407/1/3085 1830/1/3085 1833/1/3085
f 1834/1/3086 1830/1/3087 407/1/3087
f 407/1/3087 405/1/3087 1834/1/3086
f 1834/1/3088 405/1/3089 406/1/3088
f 406/1/3088 1839/1/3088 1834/1/3088
f 1839/1/3090 1840/1/3090 1835/1/3091
f 1835/1/3091 1834/1/3092 1839/1/3090
f 1838/1/3093 1835/1/3093 1840/1/3094
f 1840/1/3094 1841/1/3093 1838/1/3093
f 1023/1/3095 1022/1/3095 1838/1/3095
f 1838/1/3095 1841/1/3095 1023/1/3095
f 1838/1/3096 1022/1/3097 1021/1/3098
f 1021/1/3098 1836/1/3099 1838/1/3096
f 1021/1/3100 1020/1/3101 1837/1/3101
f 1837/1/3101 1836/1/3100 1021/1/3100
f 1020/1/3102 1003/1/3102 1817/1/3102
f 1817/1/3102 1837/1/3102 1020/1/3102
f 1816/1/3103 1832/1/3103 1837/1/3103
f 1837/1/3103 1817/1/3103 1816/1/3103
f 1815/1/3104 1833/1/3104 1832/1/3104
f 1832/1/3104 1816/1/3104 1815/1/3104
f 1842/1/2576 1843/1/2576 1844/1/2576
f 1844/1/2576 1845/1/2576 1842/1/2576
f 1846/1/2574 1847/1/3105 1843/1/3105
f 1843/1/3105 1842/1/2574 1846/1/2574
f 1843/1/2581 1848/1/2581 1849/1/2581
f 1849/1/2581 1844/1/2581 1843/1/2581
f 1847/1/2579 1850/1/2579 1848/1/2579
f 1848/1/2579 1843/1/3106 1847/1/2579
f 1845/1/3107 1851/1/3107 521/1/3108
f 521/1/3108 520/1/3109 1845/1/3107
f 530/1/3110 1842/1/3111 1845/1/3110
f 1845/1/3110 520/1/3112 530/1/3110
f 530/1/2585 529/1/2585 1846/1/2585
f 1846/1/2585 1842/1/2585 530/1/2585
f 529/1/2582 501/1/2582 1827/1/2582
f 1827/1/2582 1846/1/2582 529/1/2582
f 1847/1/2613 1846/1/3113 1827/1/3113
f 1827/1/3113 1829/1/3113 1847/1/2613
f 1828/1/3114 1850/1/3114 1847/1/3114
f 1847/1/3114 1829/1/3114 1828/1/3114
f 1828/1/2605 1116/1/2605 1139/1/2605
f 1139/1/2605 1850/1/2605 1828/1/2605
f 1850/1/2604 1139/1/2602 1138/1/3115
f 1138/1/3115 1848/1/2602 1850/1/2604
f 1848/1/3116 1138/1/3117 1137/1/2600
f 1137/1/2600 1849/1/2600 1848/1/3116
f 1849/1/2598 1137/1/2598 1136/1/2598
f 1136/1/2598 1852/1/3118 1849/1/2598
f 1853/1/2597 1844/1/2596 1849/1/2596
f 1849/1/2596 1852/1/2596 1853/1/2597
f 1844/1/3119 1853/1/3120 1851/1/2594
f 1851/1/2594 1845/1/2594 1844/1/3119
f 1854/1/3121 1855/1/3121 1856/1/3121
f 1856/1/3121 1857/1/3121 1854/1/3121
f 1858/1/3122 1859/1/3123 1855/1/3124
f 1855/1/3124 1854/1/3125 1858/1/3122
f 1855/1/3126 1860/1/3126 1861/1/3126
f 1861/1/3126 1856/1/3126 1855/1/3126
f 1862/1/3127 1860/1/3127 1855/1/3128
f 1855/1/3128 1859/1/3127 1862/1/3127
f 1839/1/3129 406/1/3129 428/1/3129
f 428/1/3129 1857/1/3129 1839/1/3129
f 1857/1/3130 428/1/3131 427/1/3130
f 427/1/3130 1854/1/3130 1857/1/3130
f 1858/1/3132 1854/1/3132 427/1/3133
f 427/1/3133 425/1/3132 1858/1/3132
f 1858/1/3134 425/1/3134 426/1/3135
f 426/1/3135 1863/1/3135 1858/1/3134
f 1863/1/3136 1864/1/3136 1859/1/3136
f 1859/1/3136 1858/1/3136 1863/1/3136
f 1862/1/3137 1859/1/3138 1864/1/3137
f 1864/1/3137 1865/1/3137 1862/1/3137
f 1043/1/3139 1042/1/3139 1862/1/3139
f 1862/1/3139 1865/1/3139 1043/1/3139
f 1862/1/3140 1042/1/3141 1041/1/3141
f 1041/1/3141 1860/1/3141 1862/1/3140
f 1041/1/3142 1040/1/3142 1861/1/3142
f 1861/1/3142 1860/1/3142 1041/1/3142
f 1040/1/3143 1023/1/3144 1841/1/3144
f 1841/1/3144 1861/1/3144 1040/1/3143
f 1840/1/3145 1856/1/3145 1861/1/3145
f 1861/1/3145 1841/1/3145 1840/1/3145
f 1839/1/3146 1857/1/3146 1856/1/3147
f 1856/1/3147 1840/1/3148 1839/1/3146
f 1866/1/3149 1867/1/3150 1868/1/3150
f 1868/1/3150 1869/1/3150 1866/1/3149
f 1870/1/2637 1871/1/2637 1867/1/2637
f 1867/1/2637 1866/1/2637 1870/1/2637
f 1867/1/2642 1872/1/2642 1873/1/2642
f 1873/1/2642 1868/1/2642 1867/1/2642
f 1871/1/2639 1874/1/3151 1872/1/3152
f 1872/1/3152 1867/1/3153 1871/1/2639
f 1869/1/2650 1875/1/2650 541/1/2650
f 541/1/2650 540/1/2650 1869/1/2650
f 550/1/3154 1866/1/3155 1869/1/2649
f 1869/1/2649 540/1/2649 550/1/3154
f 550/1/2646 549/1/2646 1870/1/2646
f 1870/1/2646 1866/1/2646 550/1/2646
f 549/1/2644 521/1/2644 1851/1/2644
f 1851/1/2644 1870/1/2644 549/1/2644
f 1871/1/3156 1870/1/2663 1851/1/3156
f 1851/1/3156 1853/1/3157 1871/1/3156
f 1852/1/3158 1874/1/3159 1871/1/3158
f 1871/1/3158 1853/1/2658 1852/1/3158
f 1852/1/2657 1136/1/2657 1159/1/2657
f 1159/1/2657 1874/1/2657 1852/1/2657
f 1874/1/2656 1159/1/2656 1158/1/2656
f 1158/1/2656 1872/1/2656 1874/1/2656
f 1872/1/3160 1158/1/3160 1157/1/3160
f 1157/1/3160 1873/1/3160 1872/1/3160
f 1873/1/2654 1157/1/2654 1156/1/2654
f 1156/1/2654 1876/1/2654 1873/1/2654
f 1877/1/3161 1868/1/2653 1873/1/2653
f 1873/1/2653 1876/1/2653 1877/1/3161
f 1868/1/3162 1877/1/3162 1875/1/2651
f 1875/1/2651 1869/1/2651 1868/1/3162
f 1878/1/3163 1879/1/3163 1880/1/3163
f 1880/1/3163 1881/1/3163 1878/1/3163
f 1882/1/3164 1883/1/3164 1879/1/3165
f 1879/1/3165 1878/1/3164 1882/1/3164
f 1879/1/3166 1884/1/3167 1885/1/3166
f 1885/1/3166 1880/1/3166 1879/1/3166
f 1886/1/3168 1884/1/3168 1879/1/3168
f 1879/1/3168 1883/1/3168 1886/1/3168
f 1863/1/3169 426/1/3169 448/1/3169
f 448/1/3169 1881/1/3169 1863/1/3169
f 1881/1/3170 448/1/3171 447/1/3170
f 447/1/3170 1878/1/3172 1881/1/3170
f 1882/1/3173 1878/1/3173 447/1/3173
f 447/1/3173 445/1/3173 1882/1/3173
f 1882/1/3174 445/1/3175 446/1/3175
f 446/1/3175 1887/1/3175 1882/1/3174
f 1887/1/3176 1888/1/3176 1883/1/3176
f 1883/1/3176 1882/1/3176 1887/1/3176
f 1886/1/3177 1883/1/3177 1888/1/3177
f 1888/1/3177 1889/1/3177 1886/1/3177
f 1063/1/3178 1062/1/3179 1886/1/3180
f 1886/1/3180 1889/1/3181 1063/1/3178
f 1886/1/3182 1062/1/3182 1061/1/3182
f 1061/1/3182 1884/1/3182 1886/1/3182
f 1061/1/3183 1060/1/3183 1885/1/3184
f 1885/1/3184 1884/1/3183 1061/1/3183
f 1060/1/3185 1043/1/3186 1865/1/3186
f 1865/1/3186 1885/1/3187 1060/1/3185
f 1864/1/3188 1880/1/3188 1885/1/3188
f 1885/1/3188 1865/1/3188 1864/1/3188
f 1880/1/3189 1864/1/3190 1863/1/3189
f 1863/1/3189 1881/1/3191 1880/1/3189
f 1890/1/3192 1891/1/2682 1892/1/2682
f 1892/1/2682 1893/1/2682 1890/1/3192
f 1894/1/3193 1895/1/3194 1891/1/3195
f 1891/1/3195 1890/1/3196 1894/1/3193
f 1891/1/3197 1896/1/3198 1897/1/2686
f 1897/1/2686 1892/1/3199 1891/1/3197
f 1895/1/3200 1898/1/2684 1896/1/3200
f 1896/1/3200 1891/1/3201 1895/1/3200
f 1893/1/3202 1899/1/3203 561/1/3202
f 561/1/3202 560/1/3202 1893/1/3202
f 570/1/3204 1890/1/2694 1893/1/2694
f 1893/1/2694 560/1/2694 570/1/3204
f 570/1/2688 569/1/2688 1894/1/2688
f 1894/1/2688 1890/1/2688 570/1/2688
f 569/1/2687 541/1/2687 1875/1/2687
f 1875/1/2687 1894/1/2687 569/1/2687
f 1895/1/3205 1894/1/2713 1875/1/2713
f 1875/1/2713 1877/1/3206 1895/1/3205
f 1876/1/3207 1898/1/2710 1895/1/3207
f 1895/1/3207 1877/1/2710 1876/1/3207
f 1876/1/2709 1156/1/2709 1179/1/2709
f 1179/1/2709 1898/1/2709 1876/1/2709
f 1898/1/2707 1179/1/2707 1178/1/2707
f 1178/1/2707 1896/1/2707 1898/1/2707
f 1896/1/2706 1178/1/2706 1177/1/2706
f 1177/1/2706 1897/1/2706 1896/1/2706
f 1897/1/2705 1177/1/2705 1176/1/2705
f 1176/1/2705 1900/1/2705 1897/1/2705
f 1897/1/3208 1900/1/3208 1901/1/3208
f 1901/1/3208 1892/1/3208 1897/1/3208
f 1892/1/3209 1901/1/2701 1899/1/2701
f 1899/1/2701 1893/1/2701 1892/1/3209
f 1902/1/2984 1903/1/2984 1904/1/3210
f 1904/1/3210 1905/1/2984 1902/1/2984
f 1906/1/2983 1907/1/2983 1903/1/2983
f 1903/1/2983 1902/1/2983 1906/1/2983
f 1903/1/3211 1908/1/3212 1909/1/2986
f 1909/1/2986 1904/1/2986 1903/1/3211
f 1903/1/2985 1907/1/2985 1910/1/2985
f 1910/1/2985 1908/1/2985 1903/1/2985
f 1905/1/3213 1911/1/3214 37/1/3215
f 37/1/3215 36/1/2996 1905/1/3213
f 1905/1/3216 36/1/3216 50/1/3216
f 50/1/3216 1902/1/3216 1905/1/3216
f 48/1/2991 1906/1/3217 1902/1/3218
f 1902/1/3218 50/1/2990 48/1/2991
f 1305/1/3219 1906/1/3220 48/1/3221
f 48/1/3221 49/1/3222 1305/1/3219
f 1906/1/3009 1305/1/3009 1310/1/3009
f 1310/1/3009 1907/1/3009 1906/1/3009
f 1907/1/3008 1310/1/3008 1309/1/3008
f 1309/1/3008 1910/1/3008 1907/1/3008
f 15/1/3223 14/1/3006 1910/1/3006
f 1910/1/3006 1309/1/3006 15/1/3223
f 1910/1/3005 14/1/3005 13/1/3005
f 13/1/3005 1908/1/3005 1910/1/3005
f 1909/1/3224 1908/1/3225 13/1/3224
f 13/1/3224 12/1/3226 1909/1/3224
f 12/1/3000 11/1/3000 1912/1/3227
f 1912/1/3227 1909/1/3000 12/1/3000
f 1904/1/2998 1909/1/2998 1912/1/2998
f 1912/1/2998 1913/1/2998 1904/1/2998
f 1904/1/2997 1913/1/2997 1911/1/2997
f 1911/1/2997 1905/1/3228 1904/1/2997
f 1914/1/3229 1915/1/3229 1916/1/3229
f 1916/1/3229 1917/1/3229 1914/1/3229
f 1918/1/3230 1919/1/3231 1915/1/3232
f 1915/1/3232 1914/1/3230 1918/1/3230
f 1915/1/3233 1920/1/3233 1921/1/3233
f 1921/1/3233 1916/1/3234 1915/1/3233
f 1922/1/3235 1920/1/3236 1915/1/3235
f 1915/1/3235 1919/1/1917 1922/1/3235
f 1887/1/1925 446/1/1925 468/1/1925
f 468/1/1925 1917/1/1925 1887/1/1925
f 1917/1/1924 468/1/1924 467/1/1924
f 467/1/1924 1914/1/1924 1917/1/1924
f 1918/1/3237 1914/1/1923 467/1/1923
f 467/1/1923 465/1/1923 1918/1/3237
f 1923/1/3238 1918/1/3238 465/1/3238
f 465/1/3238 466/1/1920 1923/1/3238
f 1923/1/1943 1924/1/1943 1919/1/1943
f 1919/1/1943 1918/1/3239 1923/1/1943
f 1922/1/3240 1919/1/3241 1924/1/3241
f 1924/1/3241 1925/1/1942 1922/1/3240
f 1922/1/3242 1925/1/1940 1083/1/3242
f 1083/1/3242 1082/1/3242 1922/1/3242
f 1922/1/1939 1082/1/1939 1081/1/1939
f 1081/1/1939 1920/1/1939 1922/1/1939
f 1081/1/1937 1080/1/3243 1921/1/1937
f 1921/1/1937 1920/1/1937 1081/1/1937
f 1080/1/3244 1063/1/3244 1889/1/3244
f 1889/1/3244 1921/1/3244 1080/1/3244
f 1889/1/1933 1888/1/1933 1916/1/1933
f 1916/1/1933 1921/1/1933 1889/1/1933
f 1887/1/3245 1917/1/1927 1916/1/1927
f 1916/1/1927 1888/1/1927 1887/1/3245
f 1926/1/3246 1927/1/3247 1928/1/3248
f 1928/1/3248 1929/1/3249 1926/1/3246
f 1930/1/2733 1931/1/2733 1927/1/2733
f 1927/1/2733 1926/1/2733 1930/1/2733
f 1927/1/3250 1932/1/3250 1933/1/3250
f 1933/1/3250 1928/1/3251 1927/1/3250
f 1931/1/2736 1934/1/2736 1932/1/2736
f 1932/1/2736 1927/1/2736 1931/1/2736
f 1929/1/2747 1935/1/2747 581/1/2747
f 581/1/2747 580/1/2747 1929/1/2747
f 590/1/2746 1926/1/2746 1929/1/2746
f 1929/1/2746 580/1/2746 590/1/2746
f 590/1/2740 589/1/2740 1930/1/3252
f 1930/1/3252 1926/1/2740 590/1/2740
f 589/1/2739 561/1/2739 1899/1/3253
f 1899/1/3253 1930/1/2739 589/1/2739
f 1931/1/3254 1930/1/3254 1899/1/3254
f 1899/1/3254 1901/1/3254 1931/1/3254
f 1900/1/2757 1934/1/2757 1931/1/2757
f 1931/1/2757 1901/1/2757 1900/1/2757
f 1900/1/2756 1176/1/3255 1199/1/3256
f 1199/1/3256 1934/1/2756 1900/1/2756
f 1934/1/3257 1199/1/2755 1198/1/2755
f 1198/1/2755 1932/1/2755 1934/1/3257
f 1932/1/3258 1198/1/3259 1197/1/3258
f 1197/1/3258 1933/1/3258 1932/1/3258
f 1197/1/2753 1196/1/3260 1936/1/3261
f 1936/1/3261 1933/1/2753 1197/1/2753
f 1928/1/3262 1933/1/3263 1936/1/3264
f 1936/1/3264 1937/1/2751 1928/1/3262
f 1929/1/2749 1928/1/2749 1937/1/3265
f 1937/1/3265 1935/1/3265 1929/1/2749
f 1938/1/3266 1939/1/3267 1940/1/3266
f 1940/1/3266 1941/1/3268 1938/1/3266
f 1942/1/3269 1943/1/3022 1939/1/3270
f 1939/1/3270 1938/1/3022 1942/1/3269
f 1939/1/3271 1944/1/3271 1945/1/3271
f 1945/1/3271 1940/1/3271 1939/1/3271
f 1939/1/3028 1943/1/3028 1946/1/3272
f 1946/1/3272 1944/1/3272 1939/1/3028
f 61/1/3039 60/1/3039 1941/1/3039
f 1941/1/3039 1947/1/3039 61/1/3039
f 1941/1/3273 60/1/3037 70/1/3274
f 70/1/3274 1938/1/3037 1941/1/3273
f 70/1/3275 69/1/3036 1942/1/3036
f 1942/1/3036 1938/1/3275 70/1/3275
f 1942/1/3035 69/1/3276 37/1/3277
f 37/1/3277 1911/1/3034 1942/1/3035
f 1913/1/3052 1943/1/3052 1942/1/3278
f 1942/1/3278 1911/1/3052 1913/1/3052
f 1912/1/3050 1946/1/3050 1943/1/3050
f 1943/1/3050 1913/1/3050 1912/1/3050
f 11/1/3279 679/1/3280 1946/1/3280
f 1946/1/3280 1912/1/3281 11/1/3279
f 1946/1/3282 679/1/3282 678/1/3048
f 678/1/3048 1944/1/3048 1946/1/3282
f 1945/1/3047 1944/1/3047 678/1/3283
f 678/1/3283 675/1/3047 1945/1/3047
f 675/1/3284 677/1/3284 1948/1/3284
f 1948/1/3284 1945/1/3284 675/1/3284
f 1940/1/3043 1945/1/3285 1948/1/3043
f 1948/1/3043 1949/1/3043 1940/1/3043
f 1940/1/3286 1949/1/3042 1947/1/3286
f 1947/1/3286 1941/1/3287 1940/1/3286
f 1950/1/2004 1951/1/3288 1952/1/2004
f 1952/1/2004 1953/1/2004 1950/1/2004
f 1954/1/2003 1955/1/3289 1951/1/2003
f 1951/1/2003 1950/1/2003 1954/1/2003
f 1951/1/3290 1956/1/3291 1957/1/3290
f 1957/1/3290 1952/1/3292 1951/1/3290
f 1958/1/2006 1956/1/2006 1951/1/3293
f 1951/1/3293 1955/1/2006 1958/1/2006
f 1923/1/2013 466/1/2013 488/1/3294
f 488/1/3294 1953/1/2013 1923/1/2013
f 1953/1/3295 488/1/3295 487/1/3295
f 487/1/3295 1950/1/3295 1953/1/3295
f 1954/1/2011 1950/1/2011 487/1/2011
f 487/1/2011 485/1/2011 1954/1/2011
f 1959/1/2010 1954/1/2010 485/1/2010
f 485/1/2010 486/1/3296 1959/1/2010
f 1959/1/2028 1960/1/2028 1955/1/2028
f 1955/1/2028 1954/1/2028 1959/1/2028
f 1958/1/2024 1955/1/2024 1960/1/2024
f 1960/1/2024 1961/1/2024 1958/1/2024
f 1958/1/2022 1961/1/3297 1103/1/3298
f 1103/1/3298 1102/1/2022 1958/1/2022
f 1958/1/3299 1102/1/3299 1101/1/3299
f 1101/1/3299 1956/1/3299 1958/1/3299
f 1101/1/2017 1100/1/2017 1957/1/2017
f 1957/1/2017 1956/1/2017 1101/1/2017
f 1100/1/2016 1083/1/2016 1925/1/2016
f 1925/1/2016 1957/1/2016 1100/1/2016
f 1952/1/3300 1957/1/2015 1925/1/3301
f 1925/1/3301 1924/1/2015 1952/1/3300
f 1953/1/2014 1952/1/2014 1924/1/2014
f 1924/1/2014 1923/1/2014 1953/1/2014
f 1962/1/3302 1963/1/2789 1964/1/3303
f 1964/1/3303 1965/1/2789 1962/1/3302
f 1966/1/2785 1967/1/2785 1963/1/2785
f 1963/1/2785 1962/1/2785 1966/1/2785
f 1963/1/3304 1968/1/3304 1969/1/3304
f 1969/1/3304 1964/1/3304 1963/1/3304
f 1967/1/2790 1970/1/2790 1968/1/2790
f 1968/1/2790 1963/1/2790 1967/1/2790
f 1965/1/3305 1971/1/3305 601/1/2804
f 601/1/2804 600/1/3305 1965/1/3305
f 610/1/2800 1962/1/2800 1965/1/2800
f 1965/1/2800 600/1/2800 610/1/2800
f 610/1/2798 609/1/2798 1966/1/2798
f 1966/1/2798 1962/1/2798 610/1/2798
f 609/1/2796 581/1/2795 1935/1/3306
f 1935/1/3306 1966/1/2795 609/1/2796
f 1966/1/2823 1935/1/2823 1937/1/3307
f 1937/1/3307 1967/1/2823 1966/1/2823
f 1936/1/2821 1970/1/2821 1967/1/2821
f 1967/1/2821 1937/1/2821 1936/1/2821
f 1219/1/3308 1970/1/3309 1936/1/3310
f 1936/1/3310 1196/1/3311 1219/1/3308
f 1970/1/3312 1219/1/2816 1218/1/2816
f 1218/1/2816 1968/1/3313 1970/1/3312
f 1968/1/2815 1218/1/2815 1217/1/2815
f 1217/1/2815 1969/1/2815 1968/1/2815
f 1217/1/2812 1216/1/2812 1972/1/2812
f 1972/1/2812 1969/1/2812 1217/1/2812
f 1964/1/3314 1969/1/3315 1972/1/3315
f 1972/1/3315 1973/1/3314 1964/1/3314
f 1965/1/3316 1964/1/3317 1973/1/3317
f 1973/1/3317 1971/1/3317 1965/1/3316
f 1974/1/3075 1975/1/3075 1976/1/3075
f 1976/1/3075 1977/1/3318 1974/1/3075
f 1978/1/3319 1979/1/3071 1975/1/3071
f 1975/1/3071 1974/1/3320 1978/1/3319
f 1975/1/3080 1980/1/3080 1981/1/3080
f 1981/1/3080 1976/1/3080 1975/1/3080
f 1975/1/3077 1979/1/3077 1982/1/3077
f 1982/1/3077 1980/1/3077 1975/1/3077
f 1977/1/3321 1983/1/3088 81/1/3088
f 81/1/3088 80/1/3088 1977/1/3321
f 1977/1/3322 80/1/3322 90/1/3322
f 90/1/3322 1974/1/3322 1977/1/3322
f 1974/1/3323 90/1/3323 89/1/3085
f 89/1/3085 1978/1/3085 1974/1/3323
f 89/1/3324 61/1/3084 1947/1/3084
f 1947/1/3084 1978/1/3084 89/1/3324
f 1949/1/3104 1979/1/3104 1978/1/3104
f 1978/1/3104 1947/1/3104 1949/1/3104
f 1948/1/3103 1982/1/3103 1979/1/3103
f 1979/1/3103 1949/1/3103 1948/1/3103
f 699/1/3102 1982/1/3102 1948/1/3102
f 1948/1/3102 677/1/3102 699/1/3102
f 1982/1/3101 699/1/3101 698/1/3101
f 698/1/3101 1980/1/3101 1982/1/3101
f 1981/1/3099 1980/1/3099 698/1/3325
f 698/1/3325 697/1/3099 1981/1/3099
f 697/1/3326 696/1/3326 1984/1/3095
f 1984/1/3095 1981/1/3326 697/1/3326
f 1976/1/3093 1981/1/3093 1984/1/3093
f 1984/1/3093 1985/1/3093 1976/1/3093
f 1976/1/3091 1985/1/3091 1983/1/3091
f 1983/1/3091 1977/1/3091 1976/1/3091
f 1986/1/3327 1987/1/2099 1988/1/3328
f 1988/1/3328 1989/1/2099 1986/1/3327
f 1990/1/3329 1991/1/2098 1987/1/3330
f 1987/1/3330 1986/1/2098 1990/1/3329
f 1987/1/2103 1992/1/3331 1993/1/3332
f 1993/1/3332 1988/1/2103 1987/1/2103
f 1994/1/2100 1992/1/2100 1987/1/2100
f 1987/1/2100 1991/1/2100 1994/1/2100
f 1959/1/2115 486/1/3333 508/1/2115
f 508/1/2115 1989/1/2116 1959/1/2115
f 1989/1/2112 508/1/2112 507/1/2112
f 507/1/2112 1986/1/2112 1989/1/2112
f 1990/1/3334 1986/1/3335 507/1/3336
f 507/1/3336 505/1/2110 1990/1/3334
f 1995/1/3337 1990/1/3338 505/1/3339
f 505/1/3339 506/1/2105 1995/1/3337
f 1995/1/3340 1996/1/2132 1991/1/3340
f 1991/1/3340 1990/1/2132 1995/1/3340
f 1994/1/3341 1991/1/2130 1996/1/2130
f 1996/1/2130 1997/1/2129 1994/1/3341
f 1994/1/2128 1997/1/2128 1123/1/3342
f 1123/1/3342 1122/1/2128 1994/1/2128
f 1994/1/2126 1122/1/3343 1121/1/3343
f 1121/1/3343 1992/1/2126 1994/1/2126
f 1121/1/3344 1120/1/3345 1993/1/3344
f 1993/1/3344 1992/1/2122 1121/1/3344
f 1120/1/3346 1103/1/3346 1961/1/3346
f 1961/1/3346 1993/1/3347 1120/1/3346
f 1988/1/3348 1993/1/3349 1961/1/3350
f 1961/1/3350 1960/1/3350 1988/1/3348
f 1989/1/2117 1988/1/2117 1960/1/2117
f 1960/1/2117 1959/1/2117 1989/1/2117
f 1998/1/3351 1999/1/3352 2000/1/3353
f 2000/1/3353 2001/1/3354 1998/1/3351
f 2002/1/2849 2003/1/2849 1999/1/2849
f 1999/1/2849 1998/1/2849 2002/1/2849
f 1999/1/3355 2004/1/3356 2005/1/3355
f 2005/1/3355 2000/1/2853 1999/1/3355
f 2003/1/3357 2006/1/2852 2004/1/3357
f 2004/1/3357 1999/1/2852 2003/1/3357
f 2001/1/2865 2007/1/2865 621/1/2864
f 621/1/2864 620/1/2865 2001/1/2865
f 630/1/2862 1998/1/2862 2001/1/2862
f 2001/1/2862 620/1/2862 630/1/2862
f 630/1/3358 629/1/3358 2002/1/3358
f 2002/1/3358 1998/1/3358 630/1/3358
f 629/1/2856 601/1/2856 1971/1/2856
f 1971/1/2856 2002/1/3359 629/1/2856
f 2002/1/2883 1971/1/2883 1973/1/2883
f 1973/1/2883 2003/1/2883 2002/1/2883
f 1972/1/2881 2006/1/2881 2003/1/2881
f 2003/1/2881 1973/1/2881 1972/1/2881
f 1239/1/3360 2006/1/2879 1972/1/2879
f 1972/1/2879 1216/1/2879 1239/1/3360
f 2006/1/2873 1239/1/2874 1238/1/2873
f 1238/1/2873 2004/1/2873 2006/1/2873
f 2004/1/2872 1238/1/2872 1237/1/2872
f 1237/1/2872 2005/1/2872 2004/1/2872
f 1237/1/2869 1236/1/2869 2008/1/2871
f 2008/1/2871 2005/1/2869 1237/1/2869
f 2000/1/2867 2005/1/2867 2008/1/2867
f 2008/1/2867 2009/1/2867 2000/1/2867
f 2001/1/2866 2000/1/2866 2009/1/2866
f 2009/1/2866 2007/1/2866 2001/1/2866
f 2010/1/3122 2011/1/3122 2012/1/3122
f 2012/1/3122 2013/1/3122 2010/1/3122
f 2014/1/3121 2015/1/3121 2011/1/3121
f 2011/1/3121 2010/1/3121 2014/1/3121
f 2011/1/3127 2016/1/3127 2017/1/3127
f 2017/1/3127 2012/1/3127 2011/1/3127
f 2011/1/3361 2015/1/3126 2018/1/3126
f 2018/1/3126 2016/1/3362 2011/1/3361
f 2013/1/3363 2019/1/3364 101/1/3364
f 101/1/3364 100/1/3365 2013/1/3363
f 2013/1/3132 100/1/3132 110/1/3132
f 110/1/3132 2010/1/3132 2013/1/3132
f 2014/1/3130 2010/1/3366 110/1/3130
f 110/1/3130 109/1/3130 2014/1/3130
f 109/1/3367 81/1/3129 1983/1/3129
f 1983/1/3129 2014/1/3129 109/1/3367
f 1985/1/3146 2015/1/3368 2014/1/3146
f 2014/1/3146 1983/1/3146 1985/1/3146
f 1984/1/3145 2018/1/3145 2015/1/3145
f 2015/1/3145 1985/1/3145 1984/1/3145
f 719/1/3369 2018/1/3144 1984/1/3144
f 1984/1/3144 696/1/3144 719/1/3369
f 2018/1/3370 719/1/3142 718/1/3371
f 718/1/3371 2016/1/3142 2018/1/3370
f 718/1/3141 717/1/3141 2017/1/3141
f 2017/1/3141 2016/1/3141 718/1/3141
f 717/1/3139 716/1/3139 2020/1/3372
f 2020/1/3372 2017/1/3139 717/1/3139
f 2012/1/3137 2017/1/3137 2020/1/3137
f 2020/1/3137 2021/1/3137 2012/1/3137
f 2012/1/3136 2021/1/3136 2019/1/3136
f 2019/1/3136 2013/1/3136 2012/1/3136
f 2022/1/2198 2023/1/2198 2024/1/3373
f 2024/1/3373 2025/1/3374 2022/1/2198
f 2026/1/3375 2027/1/3376 2023/1/3377
f 2023/1/3377 2022/1/3378 2026/1/3375
f 2023/1/2202 2028/1/2202 2029/1/2202
f 2029/1/2202 2024/1/2202 2023/1/2202
f 2030/1/3379 2028/1/3380 2023/1/2199
f 2023/1/2199 2027/1/2199 2030/1/3379
f 1995/1/3381 506/1/3382 528/1/3383
f 528/1/3383 2025/1/3384 1995/1/3381
f 2025/1/2209 528/1/2209 527/1/3385
f 527/1/3385 2022/1/2209 2025/1/2209
f 2026/1/2207 2022/1/2207 527/1/2207
f 527/1/2207 525/1/2207 2026/1/2207
f 525/1/2204 526/1/3386 1290/1/3387
f 1290/1/3387 2026/1/2204 525/1/2204
f 1295/1/2226 2027/1/2226 2026/1/3388
f 2026/1/3388 1290/1/2226 1295/1/2226
f 2030/1/2223 2027/1/2223 1295/1/3389
f 1295/1/3389 1294/1/3390 2030/1/2223
f 2030/1/2220 1294/1/2220 1143/1/2220
f 1143/1/2220 1142/1/3391 2030/1/2220
f 2030/1/3392 1142/1/3393 1141/1/3392
f 1141/1/3392 2028/1/2219 2030/1/3392
f 1141/1/3394 1140/1/3395 2029/1/2216
f 2029/1/2216 2028/1/3395 1141/1/3394
f 1140/1/2214 1123/1/3396 1997/1/3397
f 1997/1/3397 2029/1/2214 1140/1/2214
f 2024/1/2212 2029/1/3398 1997/1/3399
f 1997/1/3399 1996/1/2212 2024/1/2212
f 2025/1/3400 2024/1/2211 1996/1/2211
f 1996/1/2211 1995/1/2211 2025/1/3400
f 2031/1/2899 2032/1/2898 2033/1/2899
f 2033/1/2899 2034/1/2899 2031/1/2899
f 2035/1/2897 2036/1/2897 2032/1/2897
f 2032/1/2897 2031/1/2897 2035/1/2897
f 2032/1/3401 2037/1/2904 2038/1/3402
f 2038/1/3402 2033/1/2904 2032/1/3401
f 2036/1/3403 2039/1/3404 2037/1/3403
f 2037/1/3403 2032/1/2901 2036/1/3403
f 2034/1/3405 1306/1/2913 641/1/3405
f 641/1/3405 640/1/3405 2034/1/3405
f 650/1/3406 2031/1/2911 2034/1/2911
f 2034/1/2911 640/1/2911 650/1/3406
f 650/1/2910 649/1/2910 2035/1/2910
f 2035/1/2910 2031/1/2910 650/1/2910
f 649/1/3407 621/1/3407 2007/1/3407
f 2007/1/3407 2035/1/3407 649/1/3407
f 2035/1/2925 2007/1/2925 2009/1/2925
f 2009/1/2925 2036/1/2925 2035/1/2925
f 2008/1/2923 2039/1/3408 2036/1/2923
f 2036/1/2923 2009/1/2923 2008/1/2923
f 1259/1/2921 2039/1/2921 2008/1/2921
f 2008/1/2921 1236/1/2921 1259/1/2921
f 2039/1/2919 1259/1/2919 1258/1/3409
f 1258/1/3409 2037/1/2919 2039/1/2919
f 2037/1/2918 1258/1/2918 1257/1/2918
f 1257/1/2918 2038/1/2918 2037/1/2918
f 1257/1/3410 1256/1/3411 1308/1/3410
f 1308/1/3410 2038/1/3410 1257/1/3410
f 2038/1/2915 1308/1/2915 1307/1/2915
f 1307/1/2915 2033/1/2915 2038/1/2915
f 2034/1/2914 2033/1/2914 1307/1/2914
f 1307/1/2914 1306/1/2914 2034/1/2914
f 2040/1/3164 2041/1/3164 2042/1/3164
f 2042/1/3164 2043/1/3164 2040/1/3164
f 2044/1/3412 2045/1/3412 2041/1/3163
f 2041/1/3163 2040/1/3413 2044/1/3412
f 2041/1/3414 2046/1/3168 2047/1/3168
f 2047/1/3168 2042/1/3168 2041/1/3414
f 2041/1/3166 2045/1/3167 2048/1/3166
f 2048/1/3166 2046/1/3166 2041/1/3166
f 2043/1/3175 1321/1/3175 121/1/3175
f 121/1/3175 120/1/3175 2043/1/3175
f 2043/1/3173 120/1/3173 130/1/3173
f 130/1/3173 2040/1/3173 2043/1/3173
f 2044/1/3415 2040/1/3170 130/1/3415
f 130/1/3415 129/1/3170 2044/1/3415
f 129/1/3416 101/1/3417 2019/1/3418
f 2019/1/3418 2044/1/3419 129/1/3416
f 2021/1/3420 2045/1/3421 2044/1/3191
f 2044/1/3191 2019/1/3191 2021/1/3420
f 2020/1/3188 2048/1/3188 2045/1/3188
f 2045/1/3188 2021/1/3188 2020/1/3188
f 739/1/3186 2048/1/3186 2020/1/3186
f 2020/1/3186 716/1/3186 739/1/3186
f 2048/1/3183 739/1/3183 738/1/3183
f 738/1/3183 2046/1/3183 2048/1/3183
f 738/1/3422 737/1/3182 2047/1/3423
f 2047/1/3423 2046/1/3182 738/1/3422
f 737/1/3424 736/1/3179 1323/1/3179
f 1323/1/3179 2047/1/3179 737/1/3424
f 1323/1/3177 1322/1/3177 2042/1/3177
f 2042/1/3177 2047/1/3177 1323/1/3177
f 2043/1/3425 2042/1/3176 1322/1/3176
f 1322/1/3176 1321/1/3176 2043/1/3425
f 2049/1/3426 2050/1/3427 2051/1/3428
f 2051/1/3428 2052/1/3429 2053/1/3430
f 2049/1/3426 2051/1/3428 2053/1/3430
f 2053/1/3430 2054/1/3431 2055/1/3432
f 2055/1/3432 2056/1/3429 2057/1/3433
f 2053/1/3430 2055/1/3432 2057/1/3433
f 2049/1/3426 2053/1/3430 2057/1/3433
f 2057/1/3433 2058/1/3429 2059/1/3434
f 2059/1/3434 2060/1/3435 2061/1/3431
f 2057/1/3433 2059/1/3434 2061/1/3431
f 2061/1/3431 2062/1/3429 2063/1/3436
f 2063/1/3436 2064/1/3429 2065/1/3431
f 2061/1/3431 2063/1/3436 2065/1/3431
f 2057/1/3433 2061/1/3431 2065/1/3431
f 2065/1/3431 2066/1/3429 2067/1/3427
f 2067/1/3427 2068/1/3429 2069/1/3437
f 2065/1/3431 2067/1/3427 2069/1/3437
f 2069/1/3437 2070/1/3429 2071/1/3431
f 2071/1/3431 2072/1/3429 2073/1/3438
f 2069/1/3437 2071/1/3431 2073/1/3438
f 2065/1/3431 2069/1/3437 2073/1/3438
f 2057/1/3433 2065/1/3431 2073/1/3438
f 2049/1/3426 2057/1/3433 2073/1/3438
f 2074/1/3429 2075/1/3429 2076/1/3426
f 2073/1/3438 2074/1/3429 2076/1/3426
f 2073/1/3438 2076/1/3426 2077/1/3439
f 2049/1/3426 2073/1/3438 2077/1/3439
f 2078/1/3430 2049/1/3426 2077/1/3439
f 2078/1/3430 2077/1/3439 2079/1/3429
f 2078/1/3430 2079/1/3429 2080/1/3429
f 2081/1/3440 2082/1/3441 2083/1/3442
f 2083/1/3442 2084/1/3443 2081/1/3440
f 2067/1/3444 2085/1/3445 2086/1/3446
f 2086/1/3446 2068/1/3447 2067/1/3444
f 2087/1/3448 2049/1/3448 2078/1/3448
f 2078/1/3448 2088/1/3449 2087/1/3448
f 2053/1/3450 2089/1/3450 2090/1/3450
f 2090/1/3450 2054/1/3450 2053/1/3450
f 2066/1/3451 2091/1/3452 2085/1/3452
f 2085/1/3452 2067/1/3453 2066/1/3451
f 2088/1/3454 2078/1/3455 2080/1/3455
f 2080/1/3455 2092/1/3456 2088/1/3454
f 2052/1/3457 2093/1/3458 2089/1/3459
f 2089/1/3459 2053/1/3460 2052/1/3457
f 2065/1/3461 2094/1/3461 2091/1/3461
f 2091/1/3461 2066/1/3461 2065/1/3461
f 2092/1/3462 2080/1/3463 2079/1/3464
f 2079/1/3464 2095/1/3465 2092/1/3462
f 2051/1/3466 2096/1/3467 2093/1/3468
f 2093/1/3468 2052/1/3468 2051/1/3466
f 2064/1/3469 2097/1/3469 2094/1/3469
f 2094/1/3469 2065/1/3469 2064/1/3469
f 2079/1/3470 2077/1/3471 2098/1/3472
f 2098/1/3472 2095/1/3472 2079/1/3470
f 2050/1/3473 2099/1/3474 2096/1/3473
f 2096/1/3473 2051/1/3475 2050/1/3473
f 2063/1/3476 2100/1/3477 2097/1/3476
f 2097/1/3476 2064/1/3478 2063/1/3476
f 2076/1/3479 2101/1/3480 2098/1/3481
f 2098/1/3481 2077/1/3482 2076/1/3479
f 2050/1/3483 2049/1/3483 2087/1/3483
f 2087/1/3483 2099/1/3483 2050/1/3483
f 2062/1/3484 2102/1/3485 2100/1/3486
f 2100/1/3486 2063/1/3487 2062/1/3484
f 2103/1/3488 2101/1/3489 2076/1/3490
f 2076/1/3490 2075/1/3491 2103/1/3488
f 2061/1/3492 2104/1/3493 2102/1/3494
f 2102/1/3494 2062/1/3492 2061/1/3492
f 2074/1/3495 2105/1/3495 2103/1/3495
f 2103/1/3495 2075/1/3495 2074/1/3495
f 2060/1/3496 2106/1/3497 2104/1/3498
f 2104/1/3498 2061/1/3499 2060/1/3496
f 2084/1/3500 2105/1/3501 2074/1/3502
f 2074/1/3502 2073/1/3503 2084/1/3500
f 2059/1/3504 2107/1/3505 2106/1/3506
f 2106/1/3506 2060/1/3505 2059/1/3504
f 2084/1/3507 2073/1/3508 2072/1/3509
f 2072/1/3509 2081/1/3510 2084/1/3507
f 2058/1/3511 2108/1/3512 2107/1/3513
f 2107/1/3513 2059/1/3511 2058/1/3511
f 2072/1/3514 2071/1/3514 2109/1/3514
f 2109/1/3514 2081/1/3514 2072/1/3514
f 2057/1/3515 2110/1/3516 2108/1/3517
f 2108/1/3517 2058/1/3518 2057/1/3515
f 2070/1/3519 2111/1/3520 2109/1/3521
f 2109/1/3521 2071/1/3522 2070/1/3519
f 2056/1/3523 2112/1/3524 2110/1/3525
f 2110/1/3525 2057/1/3526 2056/1/3523
f 2069/1/3527 2113/1/3528 2111/1/3529
f 2111/1/3529 2070/1/3530 2069/1/3527
f 2055/1/3531 2114/1/3532 2112/1/3533
f 2112/1/3533 2056/1/3534 2055/1/3531
f 2068/1/3535 2086/1/3535 2113/1/3535
f 2113/1/3535 2069/1/3535 2068/1/3535
f 2054/1/3536 2090/1/3537 2114/1/3538
f 2114/1/3538 2055/1/3539 2054/1/3536
f 2115/1/3540 2116/1/3541 2117/1/3542
f 2117/1/3542 2118/1/3543 2115/1/3540
f 2108/1/3544 2119/1/3545 2120/1/3546
f 2120/1/3546 2107/1/3547 2108/1/3544
f 2109/1/3548 2121/1/3549 2082/1/3550
f 2082/1/3550 2081/1/3551 2109/1/3548
f 2110/1/3552 2122/1/3553 2119/1/3554
f 2119/1/3554 2108/1/3555 2110/1/3552
f 2111/1/3556 2118/1/3557 2121/1/3558
f 2121/1/3558 2109/1/3559 2111/1/3556
f 2112/1/3560 2123/1/3560 2122/1/3561
f 2122/1/3561 2110/1/3562 2112/1/3560
f 2113/1/3563 2115/1/3564 2118/1/3565
f 2118/1/3565 2111/1/3566 2113/1/3563
f 2114/1/3567 2124/1/3568 2123/1/3569
f 2123/1/3569 2112/1/3570 2114/1/3567
f 2086/1/3571 2125/1/3572 2115/1/3571
f 2115/1/3571 2113/1/3573 2086/1/3571
f 2090/1/3574 2126/1/3575 2124/1/3576
f 2124/1/3576 2114/1/3577 2090/1/3574
f 2085/1/3578 2127/1/3579 2125/1/3580
f 2125/1/3580 2086/1/3581 2085/1/3578
f 2088/1/3582 2128/1/3582 2129/1/3582
f 2129/1/3582 2087/1/3582 2088/1/3582
f 2089/1/3583 2130/1/3584 2126/1/3585
f 2126/1/3585 2090/1/3586 2089/1/3583
f 2091/1/3587 2131/1/3587 2127/1/3587
f 2127/1/3587 2085/1/3588 2091/1/3587
f 2092/1/3589 2132/1/3589 2128/1/3590
f 2128/1/3590 2088/1/3590 2092/1/3589
f 2093/1/3591 2133/1/3591 2130/1/3592
f 2130/1/3592 2089/1/3593 2093/1/3591
f 2094/1/3594 2134/1/3595 2131/1/3594
f 2131/1/3594 2091/1/3596 2094/1/3594
f 2095/1/3597 2135/1/3598 2132/1/3599
f 2132/1/3599 2092/1/3600 2095/1/3597
f 2096/1/3601 2136/1/3602 2133/1/3603
f 2133/1/3603 2093/1/3604 2096/1/3601
f 2097/1/3605 2137/1/3606 2134/1/3607
f 2134/1/3607 2094/1/3608 2097/1/3605
f 2098/1/3609 2138/1/3610 2135/1/3610
f 2135/1/3610 2095/1/3611 2098/1/3609
f 2099/1/3612 2139/1/3613 2136/1/3614
f 2136/1/3614 2096/1/3615 2099/1/3612
f 2100/1/3616 2140/1/3617 2137/1/3618
f 2137/1/3618 2097/1/3619 2100/1/3616
f 2101/1/3620 2141/1/3621 2138/1/3622
f 2138/1/3622 2098/1/3623 2101/1/3620
f 2099/1/3624 2087/1/3625 2129/1/3625
f 2129/1/3625 2139/1/3626 2099/1/3624
f 2102/1/3627 2142/1/3628 2140/1/3629
f 2140/1/3629 2100/1/3630 2102/1/3627
f 2103/1/3631 2143/1/3632 2141/1/3631
f 2141/1/3631 2101/1/3633 2103/1/3631
f 2104/1/3634 2144/1/3635 2142/1/3636
f 2142/1/3636 2102/1/3634 2104/1/3634
f 2105/1/3637 2145/1/3638 2143/1/3639
f 2143/1/3639 2103/1/3639 2105/1/3637
f 2106/1/3640 2146/1/3640 2144/1/3640
f 2144/1/3640 2104/1/3641 2106/1/3640
f 2084/1/3642 2083/1/3643 2145/1/3644
f 2145/1/3644 2105/1/3645 2084/1/3642
f 2107/1/3646 2120/1/3647 2146/1/3648
f 2146/1/3648 2106/1/3649 2107/1/3646
f 2147/1/3650 2148/1/3650 2149/1/3651
f 2149/1/3651 2150/1/3652 2147/1/3650
f 2124/1/3653 2151/1/3654 2152/1/3655
f 2152/1/3655 2123/1/3656 2124/1/3653
f 2125/1/3657 2153/1/3658 2116/1/3659
f 2116/1/3659 2115/1/3660 2125/1/3657
f 2126/1/3661 2154/1/3661 2151/1/3662
f 2151/1/3662 2124/1/3662 2126/1/3661
f 2127/1/3663 2147/1/3664 2153/1/3664
f 2153/1/3664 2125/1/3664 2127/1/3663
f 2128/1/3665 2155/1/3666 2156/1/3667
f 2156/1/3667 2129/1/3668 2128/1/3665
f 2130/1/3669 2157/1/3670 2154/1/3671
f 2154/1/3671 2126/1/3672 2130/1/3669
f 2131/1/3673 2148/1/3674 2147/1/3674
f 2147/1/3674 2127/1/3674 2131/1/3673
f 2132/1/3675 2158/1/3676 2155/1/3675
f 2155/1/3675 2128/1/3675 2132/1/3675
f 2133/1/3677 2159/1/3677 2157/1/3677
f 2157/1/3677 2130/1/3678 2133/1/3677
f 2134/1/3679 2160/1/3679 2148/1/3679
f 2148/1/3679 2131/1/3679 2134/1/3679
f 2135/1/3680 2161/1/3681 2158/1/3682
f 2158/1/3682 2132/1/3683 2135/1/3680
f 2136/1/3684 2162/1/3685 2159/1/3685
f 2159/1/3685 2133/1/3684 2136/1/3684
f 2137/1/3686 2163/1/3687 2160/1/3688
f 2160/1/3688 2134/1/3689 2137/1/3686
f 2138/1/3690 2164/1/3690 2161/1/3690
f 2161/1/3690 2135/1/3690 2138/1/3690
f 2139/1/3691 2165/1/3691 2162/1/3691
f 2162/1/3691 2136/1/3692 2139/1/3691
f 2140/1/3693 2166/1/3694 2163/1/3695
f 2163/1/3695 2137/1/3695 2140/1/3693
f 2141/1/3696 2167/1/3697 2164/1/3698
f 2164/1/3698 2138/1/3699 2141/1/3696
f 2139/1/3700 2129/1/3700 2156/1/3700
f 2156/1/3700 2165/1/3700 2139/1/3700
f 2142/1/3701 2168/1/3701 2166/1/3701
f 2166/1/3701 2140/1/3702 2142/1/3701
f 2143/1/3703 2169/1/3704 2167/1/3705
f 2167/1/3705 2141/1/3706 2143/1/3703
f 2144/1/3707 2170/1/3708 2168/1/3709
f 2168/1/3709 2142/1/3710 2144/1/3707
f 2145/1/3711 2171/1/3712 2169/1/3713
f 2169/1/3713 2143/1/3713 2145/1/3711
f 2146/1/3714 2172/1/3715 2170/1/3716
f 2170/1/3716 2144/1/3717 2146/1/3714
f 2083/1/3718 2173/1/3719 2171/1/3720
f 2171/1/3720 2145/1/3721 2083/1/3718
f 2120/1/3722 2174/1/3723 2172/1/3722
f 2172/1/3722 2146/1/3722 2120/1/3722
f 2082/1/3724 2175/1/3725 2173/1/3726
f 2173/1/3726 2083/1/3727 2082/1/3724
f 2119/1/3728 2176/1/3729 2174/1/3730
f 2174/1/3730 2120/1/3731 2119/1/3728
f 2121/1/3732 2177/1/3733 2175/1/3734
f 2175/1/3734 2082/1/3735 2121/1/3732
f 2122/1/3736 2178/1/3737 2176/1/3738
f 2176/1/3738 2119/1/3739 2122/1/3736
f 2118/1/3740 2117/1/3741 2177/1/3741
f 2177/1/3741 2121/1/3741 2118/1/3740
f 2123/1/3742 2152/1/3743 2178/1/3744
f 2178/1/3744 2122/1/3745 2123/1/3742
f 2179/1/3746 2180/1/3747 2181/1/3748
f 2181/1/3748 2182/1/3748 2179/1/3746
f 2158/1/3749 2183/1/3750 2184/1/3751
f 2184/1/3751 2155/1/3749 2158/1/3749
f 2185/1/3752 2186/1/3752 2157/1/3752
f 2157/1/3752 2159/1/3752 2185/1/3752
f 2148/1/3753 2160/1/3754 2187/1/3755
f 2187/1/3755 2149/1/3755 2148/1/3753
f 2161/1/3756 2188/1/3757 2183/1/3756
f 2183/1/3756 2158/1/3758 2161/1/3756
f 2159/1/3466 2162/1/3468 2189/1/3759
f 2189/1/3759 2185/1/3760 2159/1/3466
f 2160/1/3761 2163/1/3761 2182/1/3761
f 2182/1/3761 2187/1/3762 2160/1/3761
f 2164/1/3763 2190/1/3764 2188/1/3765
f 2188/1/3765 2161/1/3471 2164/1/3763
f 2162/1/3766 2165/1/3766 2191/1/3766
f 2191/1/3766 2189/1/3767 2162/1/3766
f 2163/1/3768 2166/1/3769 2179/1/3477
f 2179/1/3477 2182/1/3770 2163/1/3768
f 2167/1/3771 2192/1/3772 2190/1/3771
f 2190/1/3771 2164/1/3771 2167/1/3771
f 2191/1/3773 2165/1/3773 2156/1/3773
f 2156/1/3773 2193/1/3774 2191/1/3773
f 2166/1/3486 2168/1/3486 2194/1/3775
f 2194/1/3775 2179/1/3776 2166/1/3486
f 2169/1/3777 2195/1/3778 2192/1/3779
f 2192/1/3779 2167/1/3490 2169/1/3777
f 2196/1/3780 2194/1/3780 2168/1/3780
f 2168/1/3780 2170/1/3780 2196/1/3780
f 2171/1/3781 2197/1/3782 2195/1/3782
f 2195/1/3782 2169/1/3783 2171/1/3781
f 2170/1/3784 2172/1/3784 2198/1/3784
f 2198/1/3784 2196/1/3784 2170/1/3784
f 2171/1/3785 2173/1/3785 2199/1/3785
f 2199/1/3785 2197/1/3785 2171/1/3785
f 2172/1/3786 2174/1/3787 2200/1/3788
f 2200/1/3788 2198/1/3789 2172/1/3786
f 2173/1/3508 2175/1/3790 2201/1/3509
f 2201/1/3509 2199/1/3791 2173/1/3508
f 2202/1/3792 2200/1/3793 2174/1/3794
f 2174/1/3794 2176/1/3795 2202/1/3792
f 2201/1/3796 2175/1/3796 2177/1/3796
f 2177/1/3796 2203/1/3796 2201/1/3796
f 2176/1/3797 2178/1/3798 2204/1/3799
f 2204/1/3799 2202/1/3800 2176/1/3797
f 2177/1/3801 2117/1/3802 2205/1/3803
f 2205/1/3803 2203/1/3804 2177/1/3801
f 2178/1/3805 2152/1/3806 2206/1/3807
f 2206/1/3807 2204/1/3808 2178/1/3805
f 2205/1/3809 2117/1/3809 2116/1/3809
f 2116/1/3809 2207/1/3809 2205/1/3809
f 2208/1/3810 2206/1/3811 2152/1/3812
f 2152/1/3812 2151/1/3813 2208/1/3810
f 2207/1/3814 2116/1/3815 2153/1/3816
f 2153/1/3816 2209/1/3817 2207/1/3814
f 2151/1/3818 2154/1/3819 2210/1/3819
f 2210/1/3819 2208/1/3819 2151/1/3818
f 2150/1/3444 2209/1/3820 2153/1/3821
f 2153/1/3821 2147/1/3822 2150/1/3444
f 2155/1/3823 2184/1/3823 2193/1/3823
f 2193/1/3823 2156/1/3824 2155/1/3823
f 2154/1/3825 2157/1/3825 2186/1/3825
f 2186/1/3825 2210/1/3825 2154/1/3825
f 2211/1/3826 2212/1/3827 2213/1/3826
f 2213/1/3826 2214/1/3828 2211/1/3826
f 2192/1/3829 2215/1/3830 2216/1/3831
f 2216/1/3831 2190/1/3832 2192/1/3829
f 2217/1/3833 2191/1/3833 2193/1/3834
f 2193/1/3834 2218/1/3835 2217/1/3833
f 2180/1/3836 2179/1/3836 2194/1/3836
f 2194/1/3836 2219/1/3836 2180/1/3836
f 2220/1/3837 2215/1/3838 2192/1/3837
f 2192/1/3837 2195/1/3837 2220/1/3837
f 2196/1/3839 2214/1/3840 2219/1/3841
f 2219/1/3841 2194/1/3842 2196/1/3839
f 2197/1/3843 2221/1/3844 2220/1/3845
f 2220/1/3845 2195/1/3846 2197/1/3843
f 2198/1/3847 2211/1/3848 2214/1/3849
f 2214/1/3849 2196/1/3850 2198/1/3847
f 2199/1/3851 2222/1/3852 2221/1/3853
f 2221/1/3853 2197/1/3854 2199/1/3851
f 2223/1/3855 2211/1/3855 2198/1/3856
f 2198/1/3856 2200/1/3857 2223/1/3855
f 2201/1/3858 2224/1/3859 2222/1/3860
f 2222/1/3860 2199/1/3861 2201/1/3858
f 2202/1/3862 2225/1/3863 2223/1/3864
f 2223/1/3864 2200/1/3864 2202/1/3862
f 2226/1/3865 2224/1/3866 2201/1/3867
f 2201/1/3867 2203/1/3868 2226/1/3865
f 2204/1/3869 2227/1/3870 2225/1/3871
f 2225/1/3871 2202/1/3872 2204/1/3869
f 2205/1/3873 2228/1/3873 2226/1/3874
f 2226/1/3874 2203/1/3875 2205/1/3873
f 2229/1/3876 2227/1/3876 2204/1/3877
f 2204/1/3877 2206/1/3878 2229/1/3876
f 2207/1/3879 2230/1/3880 2228/1/3881
f 2228/1/3881 2205/1/3879 2207/1/3879
f 2208/1/3882 2231/1/3883 2229/1/3884
f 2229/1/3884 2206/1/3885 2208/1/3882
f 2232/1/3886 2230/1/3887 2207/1/3888
f 2207/1/3888 2209/1/3889 2232/1/3886
f 2210/1/3890 2233/1/3891 2231/1/3891
f 2231/1/3891 2208/1/3892 2210/1/3890
f 2150/1/3893 2234/1/3894 2232/1/3895
f 2232/1/3895 2209/1/3896 2150/1/3893
f 2184/1/3897 2235/1/3898 2218/1/3899
f 2218/1/3899 2193/1/3900 2184/1/3897
f 2233/1/3901 2210/1/3902 2186/1/3903
f 2186/1/3903 2236/1/3901 2233/1/3901
f 2149/1/3904 2237/1/3905 2234/1/3904
f 2234/1/3904 2150/1/3906 2149/1/3904
f 2183/1/3907 2238/1/3908 2235/1/3909
f 2235/1/3909 2184/1/3910 2183/1/3907
f 2185/1/3911 2239/1/3912 2236/1/3913
f 2236/1/3913 2186/1/3914 2185/1/3911
f 2240/1/3915 2237/1/3916 2149/1/3917
f 2149/1/3917 2187/1/3918 2240/1/3915
f 2241/1/3919 2238/1/3920 2183/1/3921
f 2183/1/3921 2188/1/3922 2241/1/3919
f 2189/1/3923 2242/1/3924 2239/1/3925
f 2239/1/3925 2185/1/3926 2189/1/3923
f 2182/1/3927 2181/1/3928 2240/1/3929
f 2240/1/3929 2187/1/3927 2182/1/3927
f 2190/1/3930 2216/1/3931 2241/1/3932
f 2241/1/3932 2188/1/3932 2190/1/3930
f 2217/1/3933 2242/1/3934 2189/1/3935
f 2189/1/3935 2191/1/3936 2217/1/3933
f 2243/1/3937 2244/1/3799 2245/1/3938
f 2245/1/3938 2246/1/3939 2243/1/3937
f 2247/1/3940 2221/1/3940 2222/1/3940
f 2222/1/3940 2248/1/3941 2247/1/3940
f 2223/1/3942 2249/1/3942 2212/1/3943
f 2212/1/3943 2211/1/3942 2223/1/3942
f 2224/1/3944 2250/1/3945 2248/1/3946
f 2248/1/3946 2222/1/3947 2224/1/3944
f 2249/1/3948 2223/1/3949 2225/1/3948
f 2225/1/3948 2245/1/3950 2249/1/3948
f 2226/1/3951 2251/1/3952 2250/1/3953
f 2250/1/3953 2224/1/3954 2226/1/3951
f 2227/1/3955 2246/1/3956 2245/1/3957
f 2245/1/3957 2225/1/3958 2227/1/3955
f 2252/1/3959 2251/1/3960 2226/1/3959
f 2226/1/3959 2228/1/3961 2252/1/3959
f 2229/1/3962 2253/1/3963 2246/1/3964
f 2246/1/3964 2227/1/3965 2229/1/3962
f 2230/1/3966 2254/1/3967 2252/1/3968
f 2252/1/3968 2228/1/3967 2230/1/3966
f 2253/1/3969 2229/1/3970 2231/1/3969
f 2231/1/3969 2255/1/3971 2253/1/3969
f 2232/1/3972 2256/1/3973 2254/1/3974
f 2254/1/3974 2230/1/3975 2232/1/3972
f 2233/1/3976 2257/1/3977 2255/1/3978
f 2255/1/3978 2231/1/3979 2233/1/3976
f 2258/1/3980 2256/1/3981 2232/1/3981
f 2232/1/3981 2234/1/3982 2258/1/3980
f 2218/1/3983 2235/1/3984 2259/1/3985
f 2259/1/3985 2260/1/3986 2218/1/3983
f 2236/1/3987 2261/1/3988 2257/1/3989
f 2257/1/3989 2233/1/3990 2236/1/3987
f 2237/1/3991 2262/1/3992 2258/1/3991
f 2258/1/3991 2234/1/3993 2237/1/3991
f 2238/1/3994 2263/1/3995 2259/1/3994
f 2259/1/3994 2235/1/3996 2238/1/3994
f 2264/1/3997 2261/1/3998 2236/1/3999
f 2236/1/3999 2239/1/4000 2264/1/3997
f 2240/1/4001 2265/1/4001 2262/1/4001
f 2262/1/4001 2237/1/4001 2240/1/4001
f 2241/1/4002 2266/1/4003 2263/1/4002
f 2263/1/4002 2238/1/4004 2241/1/4002
f 2242/1/4005 2267/1/4006 2264/1/4007
f 2264/1/4007 2239/1/4008 2242/1/4005
f 2265/1/4009 2240/1/4010 2181/1/4010
f 2181/1/4010 2268/1/4011 2265/1/4009
f 2216/1/4012 2269/1/4013 2266/1/4014
f 2266/1/4014 2241/1/4015 2216/1/4012
f 2217/1/4016 2270/1/4017 2267/1/4018
f 2267/1/4018 2242/1/4019 2217/1/4016
f 2180/1/4020 2271/1/4021 2268/1/4022
f 2268/1/4022 2181/1/4023 2180/1/4020
f 2269/1/4024 2216/1/4025 2215/1/4026
f 2215/1/4026 2272/1/4027 2269/1/4024
f 2260/1/4028 2270/1/4029 2217/1/4029
f 2217/1/4029 2218/1/4029 2260/1/4028
f 2219/1/4030 2273/1/4031 2271/1/4032
f 2271/1/4032 2180/1/4033 2219/1/4030
f 2220/1/4034 2274/1/4035 2272/1/4036
f 2272/1/4036 2215/1/4037 2220/1/4034
f 2273/1/4038 2219/1/4039 2214/1/4040
f 2214/1/4040 2213/1/4038 2273/1/4038
f 2221/1/4041 2247/1/4042 2274/1/4043
f 2274/1/4043 2220/1/4043 2221/1/4041
f 2275/1/4044 2276/1/4044 2277/1/4045
f 2277/1/4045 2278/1/4044 2275/1/4044
f 2252/1/4046 2279/1/3520 2280/1/4046
f 2280/1/4046 2251/1/4047 2252/1/4046
f 2253/1/4048 2281/1/3805 2243/1/4049
f 2243/1/4049 2246/1/4050 2253/1/4048
f 2282/1/4051 2279/1/4052 2252/1/4051
f 2252/1/4051 2254/1/4051 2282/1/4051
f 2255/1/4053 2278/1/4054 2281/1/4054
f 2281/1/4054 2253/1/4053 2255/1/4053
f 2256/1/4055 2283/1/4056 2282/1/4056
f 2282/1/4056 2254/1/4055 2256/1/4055
f 2275/1/3539 2278/1/4057 2255/1/3539
f 2255/1/3539 2257/1/4058 2275/1/3539
f 2258/1/4059 2284/1/4059 2283/1/4059
f 2283/1/4059 2256/1/4059 2258/1/4059
f 2260/1/4060 2259/1/4060 2285/1/3449
f 2285/1/3449 2286/1/4060 2260/1/4060
f 2261/1/4061 2287/1/3825 2275/1/3825
f 2275/1/3825 2257/1/4062 2261/1/4061
f 2288/1/4063 2284/1/4064 2258/1/4065
f 2258/1/4065 2262/1/4066 2288/1/4063
f 2285/1/4067 2259/1/4068 2263/1/4069
f 2263/1/4069 2289/1/4070 2285/1/4067
f 2264/1/4071 2290/1/4071 2287/1/4071
f 2287/1/4071 2261/1/4071 2264/1/4071
f 2265/1/3755 2291/1/4072 2288/1/4072
f 2288/1/4072 2262/1/4072 2265/1/3755
f 2289/1/3756 2263/1/4073 2266/1/4074
f 2266/1/4074 2292/1/4074 2289/1/3756
f 2293/1/4075 2290/1/4076 2264/1/4076
f 2264/1/4076 2267/1/4075 2293/1/4075
f 2268/1/4077 2294/1/4078 2291/1/4078
f 2291/1/4078 2265/1/4079 2268/1/4077
f 2269/1/3764 2295/1/3471 2292/1/4080
f 2292/1/4080 2266/1/4080 2269/1/3764
f 2270/1/3767 2296/1/4081 2293/1/3767
f 2293/1/3767 2267/1/3767 2270/1/3767
f 2297/1/4082 2294/1/4083 2268/1/4082
f 2268/1/4082 2271/1/4082 2297/1/4082
f 2272/1/4084 2298/1/4085 2295/1/4084
f 2295/1/4084 2269/1/4084 2272/1/4084
f 2286/1/4086 2296/1/4087 2270/1/4088
f 2270/1/4088 2260/1/4088 2286/1/4086
f 2273/1/4089 2299/1/3486 2297/1/4090
f 2297/1/4090 2271/1/4089 2273/1/4089
f 2298/1/4091 2272/1/4092 2274/1/4093
f 2274/1/4093 2300/1/4094 2298/1/4091
f 2213/1/4095 2301/1/4096 2299/1/4095
f 2299/1/4095 2273/1/4097 2213/1/4095
f 2247/1/4098 2302/1/4099 2300/1/4100
f 2300/1/4100 2274/1/4101 2247/1/4098
f 2303/1/4102 2301/1/4103 2213/1/4104
f 2213/1/4104 2212/1/4104 2303/1/4102
f 2248/1/4105 2304/1/4106 2302/1/4107
f 2302/1/4107 2247/1/3501 2248/1/4105
f 2249/1/4108 2305/1/4109 2303/1/4108
f 2303/1/4108 2212/1/4108 2249/1/4108
f 2306/1/4110 2304/1/4111 2248/1/4111
f 2248/1/4111 2250/1/4112 2306/1/4110
f 2245/1/4113 2244/1/4113 2305/1/4113
f 2305/1/4113 2249/1/4113 2245/1/4113
f 2251/1/4114 2280/1/4115 2306/1/4116
f 2306/1/4116 2250/1/4117 2251/1/4114
f 2307/1/4118 2308/1/4119 2309/1/4120
f 2309/1/4120 2310/1/4121 2307/1/4118
f 2284/1/4122 2311/1/4123 2312/1/4124
f 2312/1/4124 2283/1/4123 2284/1/4122
f 2313/1/4125 2314/1/4125 2286/1/4126
f 2286/1/4126 2285/1/4125 2313/1/4125
f 2315/1/4127 2276/1/4127 2275/1/4128
f 2275/1/4128 2287/1/4127 2315/1/4127
f 2288/1/4129 2316/1/4129 2311/1/4130
f 2311/1/4130 2284/1/4129 2288/1/4129
f 2289/1/4131 2317/1/4132 2313/1/4133
f 2313/1/4133 2285/1/4132 2289/1/4131
f 2290/1/4134 2318/1/4134 2315/1/4134
f 2315/1/4134 2287/1/4134 2290/1/4134
f 2319/1/4135 2316/1/4135 2288/1/4136
f 2288/1/4136 2291/1/4135 2319/1/4135
f 2292/1/4137 2320/1/4137 2317/1/4137
f 2317/1/4137 2289/1/4137 2292/1/4137
f 2293/1/4138 2321/1/4138 2318/1/4138
f 2318/1/4138 2290/1/4138 2293/1/4138
f 2294/1/4139 2322/1/4140 2319/1/4140
f 2319/1/4140 2291/1/4140 2294/1/4139
f 2323/1/4141 2320/1/4142 2292/1/4143
f 2292/1/4143 2295/1/4142 2323/1/4141
f 2321/1/4144 2293/1/4144 2296/1/4145
f 2296/1/4145 2324/1/4144 2321/1/4144
f 2297/1/4146 2325/1/4146 2322/1/4146
f 2322/1/4146 2294/1/4146 2297/1/4146
f 2298/1/4147 2326/1/4147 2323/1/4148
f 2323/1/4148 2295/1/4147 2298/1/4147
f 2314/1/4149 2324/1/4149 2296/1/4149
f 2296/1/4149 2286/1/4149 2314/1/4149
f 2325/1/4150 2297/1/4150 2299/1/4150
f 2299/1/4150 2327/1/4150 2325/1/4150
f 2300/1/4151 2328/1/4152 2326/1/4152
f 2326/1/4152 2298/1/4152 2300/1/4151
f 2301/1/4153 2329/1/4153 2327/1/4153
f 2327/1/4153 2299/1/4153 2301/1/4153
f 2330/1/4154 2328/1/4154 2300/1/4154
f 2300/1/4154 2302/1/4154 2330/1/4154
f 2303/1/4155 2331/1/4155 2329/1/4155
f 2329/1/4155 2301/1/4155 2303/1/4155
f 2304/1/4156 2332/1/4157 2330/1/4158
f 2330/1/4158 2302/1/4157 2304/1/4156
f 2309/1/4159 2331/1/4160 2303/1/4159
f 2303/1/4159 2305/1/4159 2309/1/4159
f 2306/1/4161 2333/1/4162 2332/1/4163
f 2332/1/4163 2304/1/4162 2306/1/4161
f 2244/1/4164 2310/1/4165 2309/1/4166
f 2309/1/4166 2305/1/4165 2244/1/4164
f 2333/1/4167 2306/1/4167 2280/1/4167
f 2280/1/4167 2334/1/4167 2333/1/4167
f 2243/1/4168 2335/1/4169 2310/1/4170
f 2310/1/4170 2244/1/4171 2243/1/4168
f 2279/1/4172 2336/1/4172 2334/1/4172
f 2334/1/4172 2280/1/4172 2279/1/4172
f 2335/1/4173 2243/1/4174 2281/1/4175
f 2281/1/4175 2337/1/4174 2335/1/4173
f 2282/1/4176 2338/1/4176 2336/1/4177
f 2336/1/4177 2279/1/4176 2282/1/4176
f 2278/1/4178 2277/1/4178 2337/1/4178
f 2337/1/4178 2281/1/4178 2278/1/4178
f 2312/1/4179 2338/1/4180 2282/1/4181
f 2282/1/4181 2283/1/4182 2312/1/4179
f 2339/1/4183 2340/1/4183 2341/1/4183
f 2341/1/4183 2342/1/4183 2339/1/4183
f 2334/1/4184 2343/1/4185 2344/1/4184
f 2344/1/4184 2333/1/4186 2334/1/4184
f 2335/1/4187 2345/1/4188 2307/1/4189
f 2307/1/4189 2310/1/4189 2335/1/4187
f 2346/1/4190 2343/1/4190 2334/1/4191
f 2334/1/4191 2336/1/4192 2346/1/4190
f 2337/1/4193 2342/1/4194 2345/1/4195
f 2345/1/4195 2335/1/4193 2337/1/4193
f 2338/1/4196 2347/1/4197 2346/1/4196
f 2346/1/4196 2336/1/4198 2338/1/4196
f 2342/1/4199 2337/1/4200 2277/1/4201
f 2277/1/4201 2339/1/4202 2342/1/4199
f 2312/1/4203 2348/1/4204 2347/1/4203
f 2347/1/4203 2338/1/4205 2312/1/4203
f 2276/1/4206 2349/1/4207 2339/1/4208
f 2339/1/4208 2277/1/4209 2276/1/4206
f 2348/1/4210 2312/1/4211 2311/1/4211
f 2311/1/4211 2350/1/4210 2348/1/4210
f 2314/1/4212 2313/1/4213 2351/1/4212
f 2351/1/4212 2352/1/4214 2314/1/4212
f 2315/1/4215 2353/1/4215 2349/1/4215
f 2349/1/4215 2276/1/4216 2315/1/4215
f 2316/1/4217 2354/1/4218 2350/1/4219
f 2350/1/4219 2311/1/4220 2316/1/4217
f 2317/1/4221 2355/1/4222 2351/1/4223
f 2351/1/4223 2313/1/4224 2317/1/4221
f 2356/1/4225 2353/1/4226 2315/1/4227
f 2315/1/4227 2318/1/4228 2356/1/4225
f 2319/1/4229 2357/1/4230 2354/1/4231
f 2354/1/4231 2316/1/4230 2319/1/4229
f 2320/1/4232 2358/1/4233 2355/1/4234
f 2355/1/4234 2317/1/4235 2320/1/4232
f 2321/1/4236 2359/1/4237 2356/1/4238
f 2356/1/4238 2318/1/4239 2321/1/4236
f 2360/1/4240 2357/1/4241 2319/1/4242
f 2319/1/4242 2322/1/4243 2360/1/4240
f 2323/1/4244 2361/1/4245 2358/1/4246
f 2358/1/4246 2320/1/4247 2323/1/4244
f 2324/1/4248 2362/1/4249 2359/1/4250
f 2359/1/4250 2321/1/4250 2324/1/4248
f 2325/1/4251 2363/1/4252 2360/1/4253
f 2360/1/4253 2322/1/4253 2325/1/4251
f 2361/1/4254 2323/1/4254 2326/1/4254
f 2326/1/4254 2364/1/4255 2361/1/4254
f 2352/1/4256 2362/1/4257 2324/1/4258
f 2324/1/4258 2314/1/4259 2352/1/4256
f 2327/1/4260 2365/1/4261 2363/1/4262
f 2363/1/4262 2325/1/4263 2327/1/4260
f 2328/1/4264 2366/1/4265 2364/1/4265
f 2364/1/4265 2326/1/4266 2328/1/4264
f 2365/1/4267 2327/1/4268 2329/1/4269
f 2329/1/4269 2367/1/4267 2365/1/4267
f 2330/1/4270 2368/1/4271 2366/1/4272
f 2366/1/4272 2328/1/4273 2330/1/4270
f 2331/1/4274 2369/1/4275 2367/1/4276
f 2367/1/4276 2329/1/4277 2331/1/4274
f 2370/1/4278 2368/1/4279 2330/1/4280
f 2330/1/4280 2332/1/4278 2370/1/4278
f 2309/1/4281 2308/1/4282 2369/1/4281
f 2369/1/4281 2331/1/4281 2309/1/4281
f 2333/1/4283 2344/1/4284 2370/1/4285
f 2370/1/4285 2332/1/4286 2333/1/4283
f 2371/1/4287 2372/1/4287 2373/1/4288
f 2373/1/4288 2374/1/4287 2371/1/4287
f 2348/1/4289 2375/1/4289 2376/1/4290
f 2376/1/4290 2347/1/4291 2348/1/4289
f 2339/1/4292 2349/1/4292 2377/1/4292
f 2377/1/4292 2340/1/4292 2339/1/4292
f 2350/1/4293 2378/1/4294 2375/1/4295
f 2375/1/4295 2348/1/4295 2350/1/4293
f 2352/1/4296 2351/1/4297 2379/1/4296
f 2379/1/4296 2380/1/4298 2352/1/4296
f 2377/1/4299 2349/1/4300 2353/1/4301
f 2353/1/4301 2372/1/4299 2377/1/4299
f 2350/1/4302 2354/1/4303 2381/1/4304
f 2381/1/4304 2378/1/4302 2350/1/4302
f 2379/1/4305 2351/1/4306 2355/1/4305
f 2355/1/4305 2382/1/4306 2379/1/4305
f 2356/1/4307 2373/1/4308 2372/1/4309
f 2372/1/4309 2353/1/4310 2356/1/4307
f 2381/1/4311 2354/1/4311 2357/1/4311
f 2357/1/4311 2383/1/4311 2381/1/4311
f 2382/1/4312 2355/1/4313 2358/1/4314
f 2358/1/4314 2384/1/4315 2382/1/4312
f 2356/1/4316 2359/1/4317 2385/1/4318
f 2385/1/4318 2373/1/4319 2356/1/4316
f 2360/1/4320 2386/1/4321 2383/1/4321
f 2383/1/4321 2357/1/4320 2360/1/4320
f 2361/1/4322 2387/1/4322 2384/1/4322
f 2384/1/4322 2358/1/4323 2361/1/4322
f 2385/1/4324 2359/1/4324 2362/1/4324
f 2362/1/4324 2388/1/4325 2385/1/4324
f 2360/1/4326 2363/1/4327 2389/1/4326
f 2389/1/4326 2386/1/4328 2360/1/4326
f 2364/1/4329 2390/1/4330 2387/1/4331
f 2387/1/4331 2361/1/4329 2364/1/4329
f 2362/1/4332 2352/1/4332 2380/1/4333
f 2380/1/4333 2388/1/4334 2362/1/4332
f 2389/1/4335 2363/1/4336 2365/1/4337
f 2365/1/4337 2391/1/4338 2389/1/4335
f 2390/1/4339 2364/1/4340 2366/1/4339
f 2366/1/4339 2392/1/4340 2390/1/4339
f 2367/1/4341 2393/1/4342 2391/1/4343
f 2391/1/4343 2365/1/4344 2367/1/4341
f 2368/1/4345 2394/1/4345 2392/1/4345
f 2392/1/4345 2366/1/4345 2368/1/4345
f 2367/1/4346 2369/1/4347 2395/1/4348
f 2395/1/4348 2393/1/4349 2367/1/4346
f 2370/1/4350 2396/1/4351 2394/1/4352
f 2394/1/4352 2368/1/4353 2370/1/4350
f 2395/1/4354 2369/1/4355 2308/1/4356
f 2308/1/4356 2397/1/4357 2395/1/4354
f 2370/1/4358 2344/1/4359 2398/1/4360
f 2398/1/4360 2396/1/4361 2370/1/4358
f 2307/1/4362 2399/1/4362 2397/1/4362
f 2397/1/4362 2308/1/4362 2307/1/4362
f 2398/1/4363 2344/1/4364 2343/1/4363
f 2343/1/4363 2400/1/4364 2398/1/4363
f 2307/1/4365 2345/1/4366 2401/1/4367
f 2401/1/4367 2399/1/4368 2307/1/4365
f 2402/1/4369 2400/1/4369 2343/1/4369
f 2343/1/4369 2346/1/4370 2402/1/4369
f 2401/1/4371 2345/1/4372 2342/1/4373
f 2342/1/4373 2341/1/4374 2401/1/4371
f 2402/1/4375 2346/1/4376 2347/1/4375
f 2347/1/4375 2376/1/4376 2402/1/4375
f 2403/1/4377 2404/1/4377 2405/1/4377
f 2405/1/4377 2406/1/4378 2403/1/4377
f 2383/1/4379 2407/1/4379 2408/1/4379
f 2408/1/4379 2381/1/4379 2383/1/4379
f 2384/1/4380 2409/1/4381 2410/1/4381
f 2410/1/4381 2382/1/4381 2384/1/4380
f 2385/1/4382 2411/1/4383 2374/1/4383
f 2374/1/4383 2373/1/4383 2385/1/4382
f 2407/1/4384 2383/1/4384 2386/1/4384
f 2386/1/4384 2412/1/4384 2407/1/4384
f 2384/1/4385 2387/1/4386 2413/1/4387
f 2413/1/4387 2409/1/4386 2384/1/4385
f 2388/1/4388 2405/1/4388 2411/1/4388
f 2411/1/4388 2385/1/4388 2388/1/4388
f 2389/1/4389 2414/1/4389 2412/1/4389
f 2412/1/4389 2386/1/4389 2389/1/4389
f 2413/1/4390 2387/1/4391 2390/1/4392
f 2390/1/4392 2415/1/4391 2413/1/4390
f 2406/1/4393 2405/1/4393 2388/1/4393
f 2388/1/4393 2380/1/4393 2406/1/4393
f 2391/1/4394 2416/1/4394 2414/1/4394
f 2414/1/4394 2389/1/4394 2391/1/4394
f 2392/1/4395 2417/1/4396 2415/1/4397
f 2415/1/4397 2390/1/4396 2392/1/4395
f 2416/1/4398 2391/1/4399 2393/1/4399
f 2393/1/4399 2418/1/4398 2416/1/4398
f 2392/1/4400 2394/1/4401 2419/1/4400
f 2419/1/4400 2417/1/4401 2392/1/4400
f 2395/1/4402 2420/1/4402 2418/1/4402
f 2418/1/4402 2393/1/4402 2395/1/4402
f 2419/1/4403 2394/1/4404 2396/1/4405
f 2396/1/4405 2421/1/4404 2419/1/4403
f 2397/1/4406 2422/1/4406 2420/1/4406
f 2420/1/4406 2395/1/4406 2397/1/4406
f 2398/1/4407 2423/1/4408 2421/1/4408
f 2421/1/4408 2396/1/4408 2398/1/4407
f 2422/1/4409 2397/1/4409 2399/1/4410
f 2399/1/4410 2424/1/4409 2422/1/4409
f 2400/1/4411 2425/1/4411 2423/1/4412
f 2423/1/4412 2398/1/4411 2400/1/4411
f 2401/1/4413 2426/1/4414 2424/1/4415
f 2424/1/4415 2399/1/4416 2401/1/4413
f 2400/1/4417 2402/1/4418 2427/1/4419
f 2427/1/4419 2425/1/4418 2400/1/4417
f 2341/1/4420 2428/1/4421 2426/1/4422
f 2426/1/4422 2401/1/4423 2341/1/4420
f 2429/1/4424 2427/1/4425 2402/1/4426
f 2402/1/4426 2376/1/4427 2429/1/4424
f 2428/1/4428 2341/1/4428 2340/1/4428
f 2340/1/4428 2430/1/4428 2428/1/4428
f 2429/1/4429 2376/1/4429 2375/1/4430
f 2375/1/4430 2431/1/4429 2429/1/4429
f 2377/1/4431 2432/1/4431 2430/1/4431
f 2430/1/4431 2340/1/4431 2377/1/4431
f 2431/1/4432 2375/1/4432 2378/1/4433
f 2378/1/4433 2433/1/4432 2431/1/4432
f 2379/1/4434 2434/1/4435 2406/1/4435
f 2406/1/4435 2380/1/4435 2379/1/4434
f 2372/1/4436 2371/1/4436 2432/1/4436
f 2432/1/4436 2377/1/4436 2372/1/4436
f 2381/1/4437 2408/1/4438 2433/1/4438
f 2433/1/4438 2378/1/4438 2381/1/4437
f 2434/1/4439 2379/1/4439 2382/1/4440
f 2382/1/4440 2410/1/4439 2434/1/4439
f 2435/1/4441 2436/1/4442 2437/1/4443
f 2437/1/4443 2438/1/4441 2435/1/4441
f 2416/1/4444 2439/1/4445 2440/1/4444
f 2440/1/4444 2414/1/4444 2416/1/4444
f 2441/1/4446 2415/1/4447 2417/1/4448
f 2417/1/4448 2442/1/4449 2441/1/4446
f 2418/1/4450 2443/1/4451 2439/1/4452
f 2439/1/4452 2416/1/4453 2418/1/4450
f 2419/1/4454 2444/1/4455 2442/1/4456
f 2442/1/4456 2417/1/4457 2419/1/4454
f 2443/1/4458 2418/1/4459 2420/1/4460
f 2420/1/4460 2438/1/4461 2443/1/4458
f 2421/1/4462 2445/1/4463 2444/1/4464
f 2444/1/4464 2419/1/4464 2421/1/4462
f 2422/1/4465 2435/1/4465 2438/1/4465
f 2438/1/4465 2420/1/4466 2422/1/4465
f 2445/1/4467 2421/1/4468 2423/1/4469
f 2423/1/4469 2446/1/4469 2445/1/4467
f 2424/1/4470 2447/1/4471 2435/1/4472
f 2435/1/4472 2422/1/4473 2424/1/4470
f 2425/1/4474 2448/1/4475 2446/1/4476
f 2446/1/4476 2423/1/4477 2425/1/4474
f 2447/1/4478 2424/1/4479 2426/1/4480
f 2426/1/4480 2449/1/4481 2447/1/4478
f 2427/1/4482 2450/1/4483 2448/1/4484
f 2448/1/4484 2425/1/4485 2427/1/4482
f 2428/1/4486 2451/1/4487 2449/1/4488
f 2449/1/4488 2426/1/4489 2428/1/4486
f 2450/1/4490 2427/1/4491 2429/1/4490
f 2429/1/4490 2452/1/4492 2450/1/4490
f 2430/1/4493 2453/1/4494 2451/1/4495
f 2451/1/4495 2428/1/4496 2430/1/4493
f 2431/1/4497 2454/1/4498 2452/1/4497
f 2452/1/4497 2429/1/4499 2431/1/4497
f 2453/1/4500 2430/1/4501 2432/1/4502
f 2432/1/4502 2455/1/4503 2453/1/4500
f 2433/1/4504 2456/1/4505 2454/1/4506
f 2454/1/4506 2431/1/4507 2433/1/4504
f 2406/1/4508 2434/1/4509 2457/1/4510
f 2457/1/4510 2403/1/4511 2406/1/4508
f 2371/1/4512 2458/1/4513 2455/1/4514
f 2455/1/4514 2432/1/4515 2371/1/4512
f 2456/1/4516 2433/1/4517 2408/1/4518
f 2408/1/4518 2459/1/4519 2456/1/4516
f 2410/1/4520 2460/1/4521 2457/1/4522
f 2457/1/4522 2434/1/4523 2410/1/4520
f 2374/1/4524 2461/1/4525 2458/1/4526
f 2458/1/4526 2371/1/4527 2374/1/4524
f 2407/1/4528 2462/1/4529 2459/1/4530
f 2459/1/4530 2408/1/4531 2407/1/4528
f 2460/1/4532 2410/1/4533 2409/1/4534
f 2409/1/4534 2463/1/4535 2460/1/4532
f 2461/1/4536 2374/1/4537 2411/1/4538
f 2411/1/4538 2464/1/4539 2461/1/4536
f 2412/1/4540 2465/1/4541 2462/1/4542
f 2462/1/4542 2407/1/4543 2412/1/4540
f 2413/1/4544 2466/1/4545 2463/1/4544
f 2463/1/4544 2409/1/4546 2413/1/4544
f 2405/1/4547 2404/1/4548 2464/1/4549
f 2464/1/4549 2411/1/4550 2405/1/4547
f 2465/1/4551 2412/1/4551 2414/1/4551
f 2414/1/4551 2440/1/4552 2465/1/4551
f 2415/1/4553 2441/1/4554 2466/1/4555
f 2466/1/4555 2413/1/4556 2415/1/4553
f 2467/1/4557 2468/1/4558 2469/1/4559
f 2469/1/4559 2470/1/4558 2467/1/4557
f 2471/1/4560 2472/1/4561 2445/1/4562
f 2445/1/4562 2446/1/4563 2471/1/4560
f 2447/1/4564 2473/1/4564 2436/1/4564
f 2436/1/4564 2435/1/4565 2447/1/4564
f 2448/1/4566 2474/1/4567 2471/1/4568
f 2471/1/4568 2446/1/4569 2448/1/4566
f 2468/1/4570 2473/1/4570 2447/1/4571
f 2447/1/4571 2449/1/4572 2468/1/4570
f 2450/1/4573 2475/1/4574 2474/1/4575
f 2474/1/4575 2448/1/4576 2450/1/4573
f 2451/1/4577 2469/1/4578 2468/1/4578
f 2468/1/4578 2449/1/4579 2451/1/4577
f 2476/1/4580 2475/1/4581 2450/1/4582
f 2450/1/4582 2452/1/4582 2476/1/4580
f 2453/1/4583 2477/1/4584 2469/1/4585
f 2469/1/4585 2451/1/4585 2453/1/4583
f 2454/1/4586 2478/1/4586 2476/1/4586
f 2476/1/4586 2452/1/4586 2454/1/4586
f 2479/1/4587 2477/1/4588 2453/1/4589
f 2453/1/4589 2455/1/4588 2479/1/4587
f 2456/1/4590 2480/1/4591 2478/1/4592
f 2478/1/4592 2454/1/4592 2456/1/4590
f 2481/1/4593 2403/1/4593 2457/1/4594
f 2457/1/4594 2482/1/4595 2481/1/4593
f 2458/1/4596 2483/1/4597 2479/1/4598
f 2479/1/4598 2455/1/4599 2458/1/4596
f 2484/1/4600 2480/1/4600 2456/1/4601
f 2456/1/4601 2459/1/4600 2484/1/4600
f 2482/1/4602 2457/1/4603 2460/1/4602
f 2460/1/4602 2485/1/4604 2482/1/4602
f 2461/1/4605 2486/1/4606 2483/1/4607
f 2483/1/4607 2458/1/4608 2461/1/4605
f 2462/1/4609 2487/1/4610 2484/1/4609
f 2484/1/4609 2459/1/4611 2462/1/4609
f 2463/1/4612 2488/1/4613 2485/1/4612
f 2485/1/4612 2460/1/4614 2463/1/4612
f 2489/1/4615 2486/1/4616 2461/1/4617
f 2461/1/4617 2464/1/4615 2489/1/4615
f 2465/1/4618 2490/1/4619 2487/1/4618
f 2487/1/4618 2462/1/4619 2465/1/4618
f 2488/1/4620 2463/1/4620 2466/1/4620
f 2466/1/4620 2491/1/4620 2488/1/4620
f 2404/1/4621 2492/1/4622 2489/1/4621
f 2489/1/4621 2464/1/4622 2404/1/4621
f 2493/1/4623 2490/1/4623 2465/1/4624
f 2465/1/4624 2440/1/4625 2493/1/4623
f 2441/1/4626 2494/1/4627 2491/1/4628
f 2491/1/4628 2466/1/4629 2441/1/4626
f 2481/1/4630 2492/1/4631 2404/1/4632
f 2404/1/4632 2403/1/4632 2481/1/4630
f 2439/1/4633 2495/1/4634 2493/1/4635
f 2493/1/4635 2440/1/4636 2439/1/4633
f 2442/1/4637 2496/1/4638 2494/1/4639
f 2494/1/4639 2441/1/4639 2442/1/4637
f 2443/1/4640 2497/1/4641 2495/1/4642
f 2495/1/4642 2439/1/4643 2443/1/4640
f 2496/1/4644 2442/1/4645 2444/1/4646
f 2444/1/4646 2498/1/4647 2496/1/4644
f 2437/1/4648 2497/1/4649 2443/1/4648
f 2443/1/4648 2438/1/4650 2437/1/4648
f 2445/1/4651 2472/1/4652 2498/1/4653
f 2498/1/4653 2444/1/4654 2445/1/4651
f 2499/1/4655 2500/1/4656 2501/1/4655
f 2501/1/4655 2502/1/4655 2499/1/4655
f 2476/1/4657 2503/1/4657 2504/1/4657
f 2504/1/4657 2475/1/4657 2476/1/4657
f 2477/1/4658 2505/1/4659 2470/1/4659
f 2470/1/4659 2469/1/4659 2477/1/4658
f 2506/1/4660 2503/1/4660 2476/1/4660
f 2476/1/4660 2478/1/4660 2506/1/4660
f 2479/1/4661 2507/1/4661 2505/1/4661
f 2505/1/4661 2477/1/4661 2479/1/4661
f 2480/1/4662 2508/1/4663 2506/1/4663
f 2506/1/4663 2478/1/4663 2480/1/4662
f 2500/1/4664 2499/1/4664 2481/1/4664
f 2481/1/4664 2482/1/4664 2500/1/4664
f 2509/1/4665 2507/1/4665 2479/1/4665
f 2479/1/4665 2483/1/4665 2509/1/4665
f 2484/1/4666 2510/1/4666 2508/1/4666
f 2508/1/4666 2480/1/4666 2484/1/4666
f 2485/1/4667 2511/1/4668 2500/1/4667
f 2500/1/4667 2482/1/4668 2485/1/4667
f 2486/1/4669 2512/1/4669 2509/1/4669
f 2509/1/4669 2483/1/4669 2486/1/4669
f 2513/1/4670 2510/1/4670 2484/1/4671
f 2484/1/4671 2487/1/4670 2513/1/4670
f 2488/1/4672 2514/1/4673 2511/1/4673
f 2511/1/4673 2485/1/4673 2488/1/4672
f 2489/1/4674 2515/1/4674 2512/1/4674
f 2512/1/4674 2486/1/4674 2489/1/4674
f 2490/1/4675 2516/1/4675 2513/1/4675
f 2513/1/4675 2487/1/4675 2490/1/4675
f 2517/1/4676 2514/1/4676 2488/1/4677
f 2488/1/4677 2491/1/4676 2517/1/4676
f 2518/1/4678 2515/1/4679 2489/1/4679
f 2489/1/4679 2492/1/4679 2518/1/4678
f 2493/1/4680 2519/1/4680 2516/1/4680
f 2516/1/4680 2490/1/4680 2493/1/4680
f 2494/1/4681 2520/1/4681 2517/1/4681
f 2517/1/4681 2491/1/4681 2494/1/4681
f 2518/1/4682 2492/1/4682 2481/1/4682
f 2481/1/4682 2499/1/4682 2518/1/4682
f 2519/1/4683 2493/1/4683 2495/1/4683
f 2495/1/4683 2521/1/4683 2519/1/4683
f 2496/1/4684 2522/1/4685 2520/1/4686
f 2520/1/4686 2494/1/4685 2496/1/4684
f 2497/1/4687 2523/1/4687 2521/1/4687
f 2521/1/4687 2495/1/4687 2497/1/4687
f 2524/1/4688 2522/1/4689 2496/1/4689
f 2496/1/4689 2498/1/4689 2524/1/4688
f 2437/1/4690 2525/1/4690 2523/1/4690
f 2523/1/4690 2497/1/4690 2437/1/4690
f 2472/1/4691 2526/1/4691 2524/1/4692
f 2524/1/4692 2498/1/4691 2472/1/4691
f 2525/1/4693 2437/1/4693 2436/1/4693
f 2436/1/4693 2527/1/4693 2525/1/4693
f 2471/1/4694 2528/1/4695 2526/1/4696
f 2526/1/4696 2472/1/4695 2471/1/4694
f 2473/1/4697 2529/1/4698 2527/1/4698
f 2527/1/4698 2436/1/4698 2473/1/4697
f 2530/1/4699 2528/1/4700 2471/1/4701
f 2471/1/4701 2474/1/4700 2530/1/4699
f 2468/1/4702 2467/1/4702 2529/1/4703
f 2529/1/4703 2473/1/4702 2468/1/4702
f 2475/1/4704 2504/1/4705 2530/1/4706
f 2530/1/4706 2474/1/4705 2475/1/4704
f 2531/1/4707 2532/1/4707 2533/1/4707
f 2533/1/4707 2534/1/4708 2531/1/4707
f 2509/1/4709 2535/1/4710 2536/1/4711
f 2536/1/4711 2507/1/4712 2509/1/4709
f 2510/1/4713 2537/1/4714 2538/1/4715
f 2538/1/4715 2508/1/4716 2510/1/4713
f 2511/1/4717 2539/1/4718 2501/1/4719
f 2501/1/4719 2500/1/4720 2511/1/4717
f 2540/1/4721 2535/1/4722 2509/1/4721
f 2509/1/4721 2512/1/4723 2540/1/4721
f 2513/1/4724 2541/1/4725 2537/1/4726
f 2537/1/4726 2510/1/4727 2513/1/4724
f 2514/1/4728 2534/1/4729 2539/1/4729
f 2539/1/4729 2511/1/4728 2514/1/4728
f 2515/1/4730 2542/1/4731 2540/1/4732
f 2540/1/4732 2512/1/4733 2515/1/4730
f 2541/1/4734 2513/1/4735 2516/1/4736
f 2516/1/4736 2543/1/4737 2541/1/4734
f 2517/1/4738 2531/1/4738 2534/1/4739
f 2534/1/4739 2514/1/4739 2517/1/4738
f 2518/1/4740 2544/1/4741 2542/1/4742
f 2542/1/4742 2515/1/4743 2518/1/4740
f 2519/1/4744 2545/1/4745 2543/1/4746
f 2543/1/4746 2516/1/4747 2519/1/4744
f 2531/1/4748 2517/1/4749 2520/1/4750
f 2520/1/4750 2546/1/4751 2531/1/4748
f 2544/1/4752 2518/1/4753 2499/1/4754
f 2499/1/4754 2502/1/4754 2544/1/4752
f 2521/1/4755 2547/1/4756 2545/1/4757
f 2545/1/4757 2519/1/4758 2521/1/4755
f 2522/1/4759 2548/1/4760 2546/1/4761
f 2546/1/4761 2520/1/4762 2522/1/4759
f 2549/1/4763 2547/1/4764 2521/1/4765
f 2521/1/4765 2523/1/4766 2549/1/4763
f 2524/1/4767 2550/1/4768 2548/1/4769
f 2548/1/4769 2522/1/4770 2524/1/4767
f 2525/1/4771 2551/1/4772 2549/1/4773
f 2549/1/4773 2523/1/4772 2525/1/4771
f 2552/1/4774 2550/1/4775 2524/1/4776
f 2524/1/4776 2526/1/4777 2552/1/4774
f 2527/1/4778 2553/1/4779 2551/1/4780
f 2551/1/4780 2525/1/4781 2527/1/4778
f 2528/1/4782 2554/1/4783 2552/1/4784
f 2552/1/4784 2526/1/4785 2528/1/4782
f 2553/1/4786 2527/1/4787 2529/1/4787
f 2529/1/4787 2555/1/4788 2553/1/4786
f 2530/1/4789 2556/1/4790 2554/1/4791
f 2554/1/4791 2528/1/4792 2530/1/4789
f 2467/1/4793 2557/1/4794 2555/1/4795
f 2555/1/4795 2529/1/4796 2467/1/4793
f 2558/1/4797 2556/1/4798 2530/1/4799
f 2530/1/4799 2504/1/4800 2558/1/4797
f 2470/1/4801 2559/1/4802 2557/1/4803
f 2557/1/4803 2467/1/4804 2470/1/4801
f 2503/1/4805 2560/1/4806 2558/1/4807
f 2558/1/4807 2504/1/4808 2503/1/4805
f 2561/1/4809 2559/1/4810 2470/1/4810
f 2470/1/4810 2505/1/4811 2561/1/4809
f 2506/1/4812 2562/1/4812 2560/1/4813
f 2560/1/4813 2503/1/4814 2506/1/4812
f 2507/1/4815 2536/1/4816 2561/1/4817
f 2561/1/4817 2505/1/4815 2507/1/4815
f 2562/1/4818 2506/1/4818 2508/1/4818
f 2508/1/4818 2538/1/4819 2562/1/4818
f 2563/1/4820 2564/1/4821 2565/1/4822
f 2565/1/4822 2566/1/4821 2563/1/4820
f 2544/1/4823 2567/1/4824 2568/1/4825
f 2568/1/4825 2542/1/4825 2544/1/4823
f 2569/1/4826 2570/1/4827 2543/1/4827
f 2543/1/4827 2545/1/4826 2569/1/4826
f 2546/1/4828 2571/1/4829 2532/1/4830
f 2532/1/4830 2531/1/4831 2546/1/4828
f 2572/1/4832 2567/1/4833 2544/1/4834
f 2544/1/4834 2502/1/4835 2572/1/4832
f 2547/1/4836 2573/1/4836 2569/1/4836
f 2569/1/4836 2545/1/4836 2547/1/4836
f 2571/1/4837 2546/1/4838 2548/1/4839
f 2548/1/4839 2565/1/4840 2571/1/4837
f 2549/1/4841 2574/1/4842 2573/1/4842
f 2573/1/4842 2547/1/4843 2549/1/4841
f 2550/1/4844 2566/1/4845 2565/1/4846
f 2565/1/4846 2548/1/4847 2550/1/4844
f 2575/1/4848 2574/1/4849 2549/1/4850
f 2549/1/4850 2551/1/4851 2575/1/4848
f 2552/1/4852 2576/1/4853 2566/1/4854
f 2566/1/4854 2550/1/4855 2552/1/4852
f 2553/1/4856 2577/1/4856 2575/1/4856
f 2575/1/4856 2551/1/4856 2553/1/4856
f 2578/1/4857 2576/1/4858 2552/1/4859
f 2552/1/4859 2554/1/4860 2578/1/4857
f 2555/1/4861 2579/1/4862 2577/1/4863
f 2577/1/4863 2553/1/4864 2555/1/4861
f 2556/1/4865 2580/1/4866 2578/1/4867
f 2578/1/4867 2554/1/4868 2556/1/4865
f 2581/1/4869 2579/1/4870 2555/1/4871
f 2555/1/4871 2557/1/4872 2581/1/4869
f 2558/1/4873 2582/1/4874 2580/1/4875
f 2580/1/4875 2556/1/4876 2558/1/4873
f 2559/1/4877 2583/1/4878 2581/1/4879
f 2581/1/4879 2557/1/4880 2559/1/4877
f 2584/1/4881 2582/1/4882 2558/1/4883
f 2558/1/4883 2560/1/4884 2584/1/4881
f 2561/1/4885 2585/1/4886 2583/1/4887
f 2583/1/4887 2559/1/4888 2561/1/4885
f 2562/1/4889 2586/1/4890 2584/1/4891
f 2584/1/4891 2560/1/4892 2562/1/4889
f 2587/1/4893 2585/1/4894 2561/1/4894
f 2561/1/4894 2536/1/4893 2587/1/4893
f 2538/1/4895 2588/1/4896 2586/1/4897
f 2586/1/4897 2562/1/4898 2538/1/4895
f 2502/1/4899 2501/1/4900 2589/1/4901
f 2589/1/4901 2572/1/4901 2502/1/4899
f 2535/1/4902 2590/1/4903 2587/1/4904
f 2587/1/4904 2536/1/4905 2535/1/4902
f 2591/1/4906 2588/1/4907 2538/1/4908
f 2538/1/4908 2537/1/4909 2591/1/4906
f 2592/1/4910 2589/1/4911 2501/1/4912
f 2501/1/4912 2539/1/4913 2592/1/4910
f 2540/1/4914 2593/1/4915 2590/1/4916
f 2590/1/4916 2535/1/4917 2540/1/4914
f 2541/1/4918 2594/1/4919 2591/1/4919
f 2591/1/4919 2537/1/4920 2541/1/4918
f 2533/1/4921 2592/1/4922 2539/1/4923
f 2539/1/4923 2534/1/4924 2533/1/4921
f 2568/1/4925 2593/1/4925 2540/1/4925
f 2540/1/4925 2542/1/4925 2568/1/4925
f 2543/1/4926 2570/1/4927 2594/1/4926
f 2594/1/4926 2541/1/4928 2543/1/4926
f 2595/1/4929 2596/1/4930 2597/1/4929
f 2597/1/4929 2598/1/4931 2595/1/4929
f 2575/1/4932 2599/1/4933 2600/1/4933
f 2600/1/4933 2574/1/4933 2575/1/4932
f 2576/1/4934 2601/1/4934 2563/1/4935
f 2563/1/4935 2566/1/4934 2576/1/4934
f 2599/1/4936 2575/1/4937 2577/1/4938
f 2577/1/4938 2602/1/4937 2599/1/4936
f 2578/1/4939 2598/1/4940 2601/1/4941
f 2601/1/4941 2576/1/4940 2578/1/4939
f 2579/1/4942 2603/1/4943 2602/1/4942
f 2602/1/4942 2577/1/4943 2579/1/4942
f 2595/1/4944 2598/1/4945 2578/1/4946
f 2578/1/4946 2580/1/4945 2595/1/4944
f 2581/1/4947 2604/1/4948 2603/1/4949
f 2603/1/4949 2579/1/4950 2581/1/4947
f 2582/1/4951 2605/1/4951 2595/1/4952
f 2595/1/4952 2580/1/4951 2582/1/4951
f 2606/1/4953 2604/1/4954 2581/1/4955
f 2581/1/4955 2583/1/4954 2606/1/4953
f 2584/1/4956 2607/1/4956 2605/1/4956
f 2605/1/4956 2582/1/4956 2584/1/4956
f 2585/1/4957 2608/1/4958 2606/1/4959
f 2606/1/4959 2583/1/4958 2585/1/4957
f 2609/1/4960 2607/1/4960 2584/1/4961
f 2584/1/4961 2586/1/4960 2609/1/4960
f 2587/1/4962 2610/1/4963 2608/1/4964
f 2608/1/4964 2585/1/4963 2587/1/4962
f 2588/1/4965 2611/1/4966 2609/1/4967
f 2609/1/4967 2586/1/4966 2588/1/4965
f 2612/1/4968 2613/1/4969 2572/1/4969
f 2572/1/4969 2589/1/4969 2612/1/4968
f 2614/1/4970 2610/1/4970 2587/1/4971
f 2587/1/4971 2590/1/4970 2614/1/4970
f 2591/1/4972 2615/1/4972 2611/1/4973
f 2611/1/4973 2588/1/4972 2591/1/4972
f 2592/1/4974 2616/1/4974 2612/1/4974
f 2612/1/4974 2589/1/4974 2592/1/4974
f 2593/1/4975 2617/1/4975 2614/1/4975
f 2614/1/4975 2590/1/4975 2593/1/4975
f 2615/1/4976 2591/1/4977 2594/1/4977
f 2594/1/4977 2618/1/4977 2615/1/4976
f 2533/1/4978 2619/1/4978 2616/1/4979
f 2616/1/4979 2592/1/4978 2533/1/4978
f 2568/1/4980 2620/1/4981 2617/1/4982
f 2617/1/4982 2593/1/4981 2568/1/4980
f 2570/1/4983 2621/1/4983 2618/1/4983
f 2618/1/4983 2594/1/4983 2570/1/4983
f 2622/1/4984 2619/1/4985 2533/1/4985
f 2533/1/4985 2532/1/4985 2622/1/4984
f 2623/1/4986 2620/1/4987 2568/1/4988
f 2568/1/4988 2567/1/4987 2623/1/4986
f 2569/1/4989 2624/1/4990 2621/1/4991
f 2621/1/4991 2570/1/4990 2569/1/4989
f 2571/1/4992 2625/1/4992 2622/1/4993
f 2622/1/4993 2532/1/4992 2571/1/4992
f 2613/1/4994 2623/1/4994 2567/1/4994
f 2567/1/4994 2572/1/4994 2613/1/4994
f 2624/1/4995 2569/1/4996 2573/1/4996
f 2573/1/4996 2626/1/4996 2624/1/4995
f 2565/1/4997 2564/1/4998 2625/1/4998
f 2625/1/4998 2571/1/4998 2565/1/4997
f 2574/1/4999 2600/1/5000 2626/1/5001
f 2626/1/5001 2573/1/5000 2574/1/4999
f 2627/1/5002 2628/1/5003 2629/1/5004
f 2629/1/5004 2630/1/5005 2627/1/5002
f 2604/1/5006 2631/1/5007 2632/1/5008
f 2632/1/5008 2603/1/5009 2604/1/5006
f 2633/1/5010 2596/1/5011 2595/1/5012
f 2595/1/5012 2605/1/5013 2633/1/5010
f 2606/1/5014 2634/1/5015 2631/1/5016
f 2631/1/5016 2604/1/5017 2606/1/5014
f 2607/1/5018 2630/1/5019 2633/1/5020
f 2633/1/5020 2605/1/5021 2607/1/5018
f 2634/1/5022 2606/1/5023 2608/1/5022
f 2608/1/5022 2635/1/5024 2634/1/5022
f 2609/1/5025 2627/1/5026 2630/1/5027
f 2630/1/5027 2607/1/5028 2609/1/5025
f 2610/1/5029 2636/1/5029 2635/1/5030
f 2635/1/5030 2608/1/5031 2610/1/5029
f 2627/1/5032 2609/1/5032 2611/1/5033
f 2611/1/5033 2637/1/5034 2627/1/5032
f 2613/1/5035 2612/1/5036 2638/1/5035
f 2638/1/5035 2639/1/5036 2613/1/5035
f 2614/1/5037 2640/1/5038 2636/1/5039
f 2636/1/5039 2610/1/5040 2614/1/5037
f 2615/1/5041 2641/1/5042 2637/1/5043
f 2637/1/5043 2611/1/5044 2615/1/5041
f 2616/1/5045 2642/1/5046 2638/1/5047
f 2638/1/5047 2612/1/5048 2616/1/5045
f 2643/1/5049 2640/1/5049 2614/1/5049
f 2614/1/5049 2617/1/5050 2643/1/5049
f 2618/1/5051 2644/1/5052 2641/1/5053
f 2641/1/5053 2615/1/5054 2618/1/5051
f 2619/1/5055 2645/1/5056 2642/1/5057
f 2642/1/5057 2616/1/5058 2619/1/5055
f 2620/1/5059 2646/1/5060 2643/1/5059
f 2643/1/5059 2617/1/5061 2620/1/5059
f 2647/1/5062 2644/1/5063 2618/1/5064
f 2618/1/5064 2621/1/5065 2647/1/5062
f 2622/1/5066 2648/1/5067 2645/1/5066
f 2645/1/5066 2619/1/5068 2622/1/5066
f 2623/1/5069 2649/1/5070 2646/1/5069
f 2646/1/5069 2620/1/5071 2623/1/5069
f 2624/1/5072 2650/1/5073 2647/1/5072
f 2647/1/5072 2621/1/5074 2624/1/5072
f 2648/1/5075 2622/1/5076 2625/1/5077
f 2625/1/5077 2651/1/5078 2648/1/5075
f 2639/1/5079 2649/1/5080 2623/1/5081
f 2623/1/5081 2613/1/5082 2639/1/5079
f 2626/1/5083 2652/1/5084 2650/1/5083
f 2650/1/5083 2624/1/5085 2626/1/5083
f 2564/1/5086 2653/1/5087 2651/1/5086
f 2651/1/5086 2625/1/5088 2564/1/5086
f 2654/1/5089 2652/1/5090 2626/1/5091
f 2626/1/5091 2600/1/5092 2654/1/5089
f 2563/1/5093 2655/1/5094 2653/1/5095
f 2653/1/5095 2564/1/5096 2563/1/5093
f 2599/1/5097 2656/1/5098 2654/1/5099
f 2654/1/5099 2600/1/5100 2599/1/5097
f 2657/1/5101 2655/1/5102 2563/1/5101
f 2563/1/5101 2601/1/5101 2657/1/5101
f 2602/1/5103 2658/1/5104 2656/1/5105
f 2656/1/5105 2599/1/5106 2602/1/5103
f 2598/1/5107 2597/1/5108 2657/1/5107
f 2657/1/5107 2601/1/5107 2598/1/5107
f 2658/1/5109 2602/1/5110 2603/1/5109
f 2603/1/5109 2632/1/5111 2658/1/5109
f 2659/1/5112 2660/1/5113 2661/1/5114
f 2661/1/5114 2662/1/5113 2659/1/5112
f 2635/1/5115 2636/1/5115 2663/1/5115
f 2663/1/5115 2664/1/5115 2635/1/5115
f 2637/1/5116 2665/1/5117 2628/1/5118
f 2628/1/5118 2627/1/5119 2637/1/5116
f 2639/1/5120 2638/1/5121 2666/1/5121
f 2666/1/5121 2667/1/5121 2639/1/5120
f 2663/1/5122 2636/1/5123 2640/1/5122
f 2640/1/5122 2668/1/5124 2663/1/5122
f 2637/1/5125 2641/1/5126 2662/1/5127
f 2662/1/5127 2665/1/5128 2637/1/5125
f 2666/1/5129 2638/1/5130 2642/1/5131
f 2642/1/5131 2669/1/5132 2666/1/5129
f 2643/1/5133 2670/1/5134 2668/1/5135
f 2668/1/5135 2640/1/5135 2643/1/5133
f 2662/1/5136 2641/1/5137 2644/1/5136
f 2644/1/5136 2659/1/5137 2662/1/5136
f 2671/1/5138 2669/1/5139 2642/1/5140
f 2642/1/5140 2645/1/5140 2671/1/5138
f 2643/1/5141 2646/1/5142 2672/1/5143
f 2672/1/5143 2670/1/5141 2643/1/5141
f 2647/1/5144 2673/1/5144 2659/1/5144
f 2659/1/5144 2644/1/5144 2647/1/5144
f 2648/1/5145 2674/1/5146 2671/1/5147
f 2671/1/5147 2645/1/5148 2648/1/5145
f 2672/1/5149 2646/1/5150 2649/1/5151
f 2649/1/5151 2675/1/5152 2672/1/5149
f 2647/1/5153 2650/1/5154 2676/1/5155
f 2676/1/5155 2673/1/5156 2647/1/5153
f 2651/1/5157 2677/1/5157 2674/1/5157
f 2674/1/5157 2648/1/5157 2651/1/5157
f 2649/1/5158 2639/1/5158 2667/1/5158
f 2667/1/5158 2675/1/5159 2649/1/5158
f 2676/1/5160 2650/1/5161 2652/1/5162
f 2652/1/5162 2678/1/5163 2676/1/5160
f 2679/1/5164 2677/1/5165 2651/1/5166
f 2651/1/5166 2653/1/5165 2679/1/5164
f 2654/1/5167 2680/1/5168 2678/1/5168
f 2678/1/5168 2652/1/5169 2654/1/5167
f 2655/1/5170 2681/1/5171 2679/1/5171
f 2679/1/5171 2653/1/5172 2655/1/5170
f 2654/1/5173 2656/1/5174 2682/1/5173
f 2682/1/5173 2680/1/5175 2654/1/5173
f 2657/1/5176 2683/1/5177 2681/1/5178
f 2681/1/5178 2655/1/5179 2657/1/5176
f 2682/1/5180 2656/1/5181 2658/1/5181
f 2658/1/5181 2684/1/5182 2682/1/5180
f 2657/1/5183 2597/1/5183 2685/1/5184
f 2685/1/5184 2683/1/5185 2657/1/5183
f 2632/1/5186 2686/1/5187 2684/1/5188
f 2684/1/5188 2658/1/5186 2632/1/5186
f 2685/1/5189 2597/1/5190 2596/1/5191
f 2596/1/5191 2687/1/5190 2685/1/5189
f 2632/1/5192 2631/1/5193 2688/1/5194
f 2688/1/5194 2686/1/5192 2632/1/5192
f 2689/1/5195 2687/1/5195 2596/1/5195
f 2596/1/5195 2633/1/5195 2689/1/5195
f 2688/1/5196 2631/1/5197 2634/1/5198
f 2634/1/5198 2690/1/5196 2688/1/5196
f 2689/1/5199 2633/1/5199 2630/1/5199
f 2630/1/5199 2629/1/5199 2689/1/5199
f 2635/1/5200 2664/1/5201 2690/1/5202
f 2690/1/5202 2634/1/5203 2635/1/5200
f 2691/1/5204 2692/1/5204 2693/1/5204
f 2693/1/5204 2694/1/5205 2691/1/5204
f 2671/1/5206 2695/1/5206 2696/1/5206
f 2696/1/5206 2669/1/5206 2671/1/5206
f 2672/1/5207 2697/1/5207 2698/1/5207
f 2698/1/5207 2670/1/5207 2672/1/5207
f 2660/1/5208 2659/1/5209 2673/1/5209
f 2673/1/5209 2699/1/5209 2660/1/5208
f 2671/1/5210 2674/1/5210 2700/1/5210
f 2700/1/5210 2695/1/5210 2671/1/5210
f 2675/1/5211 2701/1/5211 2697/1/5211
f 2697/1/5211 2672/1/5211 2675/1/5211
f 2676/1/5212 2694/1/5213 2699/1/5213
f 2699/1/5213 2673/1/5212 2676/1/5212
f 2700/1/5214 2674/1/5214 2677/1/5214
f 2677/1/5214 2702/1/5214 2700/1/5214
f 2703/1/5215 2701/1/5215 2675/1/5215
f 2675/1/5215 2667/1/5215 2703/1/5215
f 2678/1/5216 2691/1/5216 2694/1/5216
f 2694/1/5216 2676/1/5216 2678/1/5216
f 2679/1/5217 2704/1/5217 2702/1/5217
f 2702/1/5217 2677/1/5217 2679/1/5217
f 2691/1/5218 2678/1/5218 2680/1/5218
f 2680/1/5218 2705/1/5218 2691/1/5218
f 2679/1/5219 2681/1/5219 2706/1/5219
f 2706/1/5219 2704/1/5219 2679/1/5219
f 2682/1/5220 2707/1/5220 2705/1/5220
f 2705/1/5220 2680/1/5220 2682/1/5220
f 2706/1/5221 2681/1/5222 2683/1/5222
f 2683/1/5222 2708/1/5222 2706/1/5221
f 2684/1/5223 2709/1/5223 2707/1/5223
f 2707/1/5223 2682/1/5223 2684/1/5223
f 2685/1/5224 2710/1/5225 2708/1/5225
f 2708/1/5225 2683/1/5225 2685/1/5224
f 2709/1/5226 2684/1/5226 2686/1/5226
f 2686/1/5226 2711/1/5226 2709/1/5226
f 2687/1/5227 2712/1/5227 2710/1/5227
f 2710/1/5227 2685/1/5227 2687/1/5227
f 2688/1/5228 2713/1/5228 2711/1/5229
f 2711/1/5229 2686/1/5230 2688/1/5228
f 2687/1/5231 2689/1/5231 2714/1/5231
f 2714/1/5231 2712/1/5231 2687/1/5231
f 2690/1/5232 2715/1/5233 2713/1/5234
f 2713/1/5234 2688/1/5235 2690/1/5232
f 2716/1/5236 2714/1/5236 2689/1/5236
f 2689/1/5236 2629/1/5236 2716/1/5236
f 2715/1/5237 2690/1/5237 2664/1/5237
f 2664/1/5237 2717/1/5237 2715/1/5237
f 2716/1/5238 2629/1/5238 2628/1/5238
f 2628/1/5238 2718/1/5238 2716/1/5238
f 2663/1/5239 2719/1/5239 2717/1/5239
f 2717/1/5239 2664/1/5239 2663/1/5239
f 2718/1/5240 2628/1/5240 2665/1/5240
f 2665/1/5240 2720/1/5240 2718/1/5240
f 2666/1/5241 2721/1/5241 2703/1/5241
f 2703/1/5241 2667/1/5241 2666/1/5241
f 2668/1/5242 2722/1/5242 2719/1/5242
f 2719/1/5242 2663/1/5242 2668/1/5242
f 2662/1/5243 2661/1/5243 2720/1/5243
f 2720/1/5243 2665/1/5243 2662/1/5243
f 2721/1/5244 2666/1/5244 2669/1/5244
f 2669/1/5244 2696/1/5244 2721/1/5244
f 2722/1/5245 2668/1/5245 2670/1/5245
f 2670/1/5245 2698/1/5245 2722/1/5245
f 2723/1/5246 2724/1/5246 2725/1/5246
f 2725/1/5246 2726/1/5246 2723/1/5246
f 2727/1/5247 2702/1/5248 2704/1/5249
f 2704/1/5249 2728/1/5250 2727/1/5247
f 2705/1/5251 2729/1/5252 2692/1/5253
f 2692/1/5253 2691/1/5252 2705/1/5251
f 2706/1/5254 2730/1/5255 2728/1/5256
f 2728/1/5256 2704/1/5257 2706/1/5254
f 2729/1/5258 2705/1/5259 2707/1/5260
f 2707/1/5260 2726/1/5261 2729/1/5258
f 2708/1/5262 2731/1/5263 2730/1/5264
f 2730/1/5264 2706/1/5265 2708/1/5262
f 2709/1/5266 2723/1/5267 2726/1/5268
f 2726/1/5268 2707/1/5267 2709/1/5266
f 2731/1/5269 2708/1/5269 2710/1/5270
f 2710/1/5270 2732/1/5271 2731/1/5269
f 2711/1/5272 2733/1/5273 2723/1/5274
f 2723/1/5274 2709/1/5274 2711/1/5272
f 2712/1/5275 2734/1/5276 2732/1/5277
f 2732/1/5277 2710/1/5278 2712/1/5275
f 2733/1/5279 2711/1/5280 2713/1/5281
f 2713/1/5281 2735/1/5282 2733/1/5279
f 2714/1/5283 2736/1/5284 2734/1/5285
f 2734/1/5285 2712/1/5286 2714/1/5283
f 2715/1/5287 2737/1/5288 2735/1/5289
f 2735/1/5289 2713/1/5290 2715/1/5287
f 2736/1/5291 2714/1/5291 2716/1/5291
f 2716/1/5291 2738/1/5291 2736/1/5291
f 2717/1/5292 2739/1/5292 2737/1/5293
f 2737/1/5293 2715/1/5294 2717/1/5292
f 2718/1/5295 2740/1/5296 2738/1/5297
f 2738/1/5297 2716/1/5298 2718/1/5295
f 2739/1/5299 2717/1/5299 2719/1/5300
f 2719/1/5300 2741/1/5300 2739/1/5299
f 2720/1/5301 2742/1/5302 2740/1/5303
f 2740/1/5303 2718/1/5304 2720/1/5301
f 2703/1/5305 2721/1/5305 2743/1/5306
f 2743/1/5306 2744/1/5307 2703/1/5305
f 2722/1/5308 2745/1/5309 2741/1/5310
f 2741/1/5310 2719/1/5311 2722/1/5308
f 2742/1/5312 2720/1/5313 2661/1/5314
f 2661/1/5314 2746/1/5315 2742/1/5312
f 2696/1/5316 2747/1/5317 2743/1/5318
f 2743/1/5318 2721/1/5319 2696/1/5316
f 2698/1/5320 2748/1/5320 2745/1/5321
f 2745/1/5321 2722/1/5322 2698/1/5320
f 2660/1/5323 2749/1/5324 2746/1/5325
f 2746/1/5325 2661/1/5324 2660/1/5323
f 2747/1/5326 2696/1/5327 2695/1/5328
f 2695/1/5328 2750/1/5329 2747/1/5326
f 2748/1/5330 2698/1/5331 2697/1/5332
f 2697/1/5332 2751/1/5333 2748/1/5330
f 2699/1/5334 2752/1/5335 2749/1/5336
f 2749/1/5336 2660/1/5334 2699/1/5334
f 2700/1/5337 2753/1/5338 2750/1/5339
f 2750/1/5339 2695/1/5340 2700/1/5337
f 2701/1/5341 2754/1/5342 2751/1/5343
f 2751/1/5343 2697/1/5344 2701/1/5341
f 2752/1/5345 2699/1/5346 2694/1/5347
f 2694/1/5347 2693/1/5348 2752/1/5345
f 2702/1/5349 2727/1/5350 2753/1/5349
f 2753/1/5349 2700/1/5349 2702/1/5349
f 2744/1/5351 2754/1/5351 2701/1/5351
f 2701/1/5351 2703/1/5352 2744/1/5351
f 2755/1/5353 2756/1/5354 2757/1/5355
f 2757/1/5355 2758/1/5356 2755/1/5353
f 2732/1/5357 2759/1/5357 2760/1/5357
f 2760/1/5357 2731/1/5357 2732/1/5357
f 2733/1/5358 2761/1/5358 2724/1/5358
f 2724/1/5358 2723/1/5358 2733/1/5358
f 2734/1/5359 2762/1/5360 2759/1/5360
f 2759/1/5360 2732/1/5361 2734/1/5359
f 2735/1/5362 2758/1/5363 2761/1/5364
f 2761/1/5364 2733/1/5365 2735/1/5362
f 2763/1/5366 2762/1/5366 2734/1/5366
f 2734/1/5366 2736/1/5366 2763/1/5366
f 2737/1/5367 2755/1/5368 2758/1/5369
f 2758/1/5369 2735/1/5370 2737/1/5367
f 2738/1/5371 2764/1/5371 2763/1/5371
f 2763/1/5371 2736/1/5371 2738/1/5371
f 2765/1/5372 2755/1/5372 2737/1/5373
f 2737/1/5373 2739/1/5372 2765/1/5372
f 2764/1/5374 2738/1/5374 2740/1/5374
f 2740/1/5374 2766/1/5375 2764/1/5374
f 2767/1/5376 2765/1/5376 2739/1/5376
f 2739/1/5376 2741/1/5376 2767/1/5376
f 2742/1/5377 2768/1/5378 2766/1/5377
f 2766/1/5377 2740/1/5378 2742/1/5377
f 2769/1/5379 2744/1/5380 2743/1/5381
f 2743/1/5381 2770/1/5380 2769/1/5379
f 2771/1/5382 2767/1/5382 2741/1/5382
f 2741/1/5382 2745/1/5382 2771/1/5382
f 2746/1/5383 2772/1/5383 2768/1/5384
f 2768/1/5384 2742/1/5385 2746/1/5383
f 2770/1/5386 2743/1/5387 2747/1/5388
f 2747/1/5388 2773/1/5388 2770/1/5386
f 2771/1/5389 2745/1/5390 2748/1/5390
f 2748/1/5390 2774/1/5391 2771/1/5389
f 2749/1/5392 2775/1/5393 2772/1/5392
f 2772/1/5392 2746/1/5394 2749/1/5392
f 2750/1/5395 2776/1/5396 2773/1/5395
f 2773/1/5395 2747/1/5395 2750/1/5395
f 2751/1/5397 2777/1/5398 2774/1/5399
f 2774/1/5399 2748/1/5398 2751/1/5397
f 2752/1/5400 2778/1/5401 2775/1/5402
f 2775/1/5402 2749/1/5403 2752/1/5400
f 2776/1/5404 2750/1/5404 2753/1/5404
f 2753/1/5404 2779/1/5405 2776/1/5404
f 2754/1/5406 2780/1/5406 2777/1/5406
f 2777/1/5406 2751/1/5407 2754/1/5406
f 2693/1/5408 2781/1/5408 2778/1/5408
f 2778/1/5408 2752/1/5408 2693/1/5408
f 2727/1/5409 2782/1/5409 2779/1/5409
f 2779/1/5409 2753/1/5409 2727/1/5409
f 2769/1/5410 2780/1/5411 2754/1/5411
f 2754/1/5411 2744/1/5412 2769/1/5410
f 2692/1/5413 2783/1/5413 2781/1/5413
f 2781/1/5413 2693/1/5413 2692/1/5413
f 2728/1/5414 2784/1/5414 2782/1/5414
f 2782/1/5414 2727/1/5414 2728/1/5414
f 2729/1/5415 2785/1/5416 2783/1/5416
f 2783/1/5416 2692/1/5416 2729/1/5415
f 2784/1/5417 2728/1/5418 2730/1/5419
f 2730/1/5419 2786/1/5420 2784/1/5417
f 2726/1/5421 2725/1/5422 2785/1/5421
f 2785/1/5421 2729/1/5421 2726/1/5421
f 2760/1/5423 2786/1/5424 2730/1/5425
f 2730/1/5425 2731/1/5426 2760/1/5423
f 2787/1/5427 2788/1/5428 2789/1/5429
f 2789/1/5429 2790/1/5428 2787/1/5427
f 2791/1/5430 2792/1/5430 2763/1/5430
f 2763/1/5430 2764/1/5430 2791/1/5430
f 2793/1/5431 2756/1/5432 2755/1/5433
f 2755/1/5433 2765/1/5432 2793/1/5431
f 2766/1/5434 2794/1/5434 2791/1/5434
f 2791/1/5434 2764/1/5434 2766/1/5434
f 2795/1/5435 2793/1/5436 2765/1/5437
f 2765/1/5437 2767/1/5436 2795/1/5435
f 2768/1/5438 2796/1/5438 2794/1/5438
f 2794/1/5438 2766/1/5438 2768/1/5438
f 2769/1/5439 2770/1/5439 2797/1/5439
f 2797/1/5439 2798/1/5439 2769/1/5439
f 2771/1/5440 2799/1/5440 2795/1/5441
f 2795/1/5441 2767/1/5440 2771/1/5440
f 2796/1/5442 2768/1/5442 2772/1/5442
f 2772/1/5442 2800/1/5442 2796/1/5442
f 2773/1/5443 2801/1/5443 2797/1/5443
f 2797/1/5443 2770/1/5443 2773/1/5443
f 2799/1/5444 2771/1/5445 2774/1/5445
f 2774/1/5445 2802/1/5445 2799/1/5444
f 2775/1/5446 2803/1/5446 2800/1/5446
f 2800/1/5446 2772/1/5446 2775/1/5446
f 2776/1/5447 2804/1/5447 2801/1/5447
f 2801/1/5447 2773/1/5447 2776/1/5447
f 2805/1/5448 2802/1/5449 2774/1/5450
f 2774/1/5450 2777/1/5449 2805/1/5448
f 2806/1/5451 2803/1/5451 2775/1/5451
f 2775/1/5451 2778/1/5451 2806/1/5451
f 2779/1/5452 2807/1/5452 2804/1/5452
f 2804/1/5452 2776/1/5452 2779/1/5452
f 2780/1/5453 2808/1/5453 2805/1/5453
f 2805/1/5453 2777/1/5453 2780/1/5453
f 2806/1/5454 2778/1/5455 2781/1/5456
f 2781/1/5456 2789/1/5456 2806/1/5454
f 2782/1/5457 2809/1/5457 2807/1/5457
f 2807/1/5457 2779/1/5457 2782/1/5457
f 2798/1/5458 2808/1/5458 2780/1/5458
f 2780/1/5458 2769/1/5458 2798/1/5458
f 2783/1/5459 2790/1/5460 2789/1/5461
f 2789/1/5461 2781/1/5460 2783/1/5459
f 2809/1/5462 2782/1/5462 2784/1/5462
f 2784/1/5462 2810/1/5462 2809/1/5462
f 2790/1/5463 2783/1/5464 2785/1/5465
f 2785/1/5465 2811/1/5464 2790/1/5463
f 2786/1/5466 2812/1/5466 2810/1/5467
f 2810/1/5467 2784/1/5466 2786/1/5466
f 2811/1/5468 2785/1/5469 2725/1/5470
f 2725/1/5470 2813/1/5469 2811/1/5468
f 2814/1/5471 2812/1/5471 2786/1/5471
f 2786/1/5471 2760/1/5471 2814/1/5471
f 2815/1/5472 2813/1/5473 2725/1/5474
f 2725/1/5474 2724/1/5473 2815/1/5472
f 2816/1/5475 2814/1/5475 2760/1/5476
f 2760/1/5476 2759/1/5475 2816/1/5475
f 2761/1/5477 2817/1/5478 2815/1/5479
f 2815/1/5479 2724/1/5478 2761/1/5477
f 2762/1/5480 2818/1/5481 2816/1/5481
f 2816/1/5481 2759/1/5481 2762/1/5480
f 2817/1/5482 2761/1/5483 2758/1/5484
f 2758/1/5484 2757/1/5485 2817/1/5482
f 2762/1/5486 2763/1/5486 2792/1/5486
f 2792/1/5486 2818/1/5486 2762/1/5486
f 2819/1/5487 2820/1/5487 2821/1/5488
f 2821/1/5488 2822/1/5488 2819/1/5487
f 2809/1/5489 2810/1/5490 2823/1/5489
f 2823/1/5489 2824/1/5491 2809/1/5489
f 2811/1/5492 2825/1/5493 2787/1/5494
f 2787/1/5494 2790/1/5493 2811/1/5492
f 2826/1/5495 2823/1/5496 2810/1/5497
f 2810/1/5497 2812/1/5498 2826/1/5495
f 2813/1/5499 2819/1/5499 2825/1/5499
f 2825/1/5499 2811/1/5499 2813/1/5499
f 2814/1/5500 2827/1/5501 2826/1/5502
f 2826/1/5502 2812/1/5503 2814/1/5500
f 2819/1/5504 2813/1/5505 2815/1/5506
f 2815/1/5506 2820/1/5507 2819/1/5504
f 2816/1/5508 2828/1/5509 2827/1/5510
f 2827/1/5510 2814/1/5511 2816/1/5508
f 2817/1/5512 2829/1/5513 2820/1/5514
f 2820/1/5514 2815/1/5515 2817/1/5512
f 2816/1/5516 2818/1/5517 2830/1/5518
f 2830/1/5518 2828/1/5519 2816/1/5516
f 2817/1/5520 2757/1/5521 2831/1/5522
f 2831/1/5522 2829/1/5523 2817/1/5520
f 2792/1/5524 2832/1/5525 2830/1/5524
f 2830/1/5524 2818/1/5526 2792/1/5524
f 2833/1/5527 2831/1/5528 2757/1/5529
f 2757/1/5529 2756/1/5530 2833/1/5527
f 2834/1/5531 2832/1/5532 2792/1/5533
f 2792/1/5533 2791/1/5534 2834/1/5531
f 2833/1/5535 2756/1/5536 2793/1/5537
f 2793/1/5537 2835/1/5538 2833/1/5535
f 2836/1/5539 2834/1/5540 2791/1/5541
f 2791/1/5541 2794/1/5542 2836/1/5539
f 2795/1/5543 2837/1/5544 2835/1/5545
f 2835/1/5545 2793/1/5546 2795/1/5543
f 2794/1/5547 2796/1/5548 2838/1/5549
f 2838/1/5549 2836/1/5547 2794/1/5547
f 2839/1/5550 2840/1/5551 2798/1/5552
f 2798/1/5552 2797/1/5553 2839/1/5550
f 2795/1/5554 2799/1/5554 2841/1/5554
f 2841/1/5554 2837/1/5554 2795/1/5554
f 2838/1/5555 2796/1/5556 2800/1/5557
f 2800/1/5557 2842/1/5558 2838/1/5555
f 2839/1/5559 2797/1/5560 2801/1/5559
f 2801/1/5559 2843/1/5561 2839/1/5559
f 2802/1/5562 2844/1/5563 2841/1/5562
f 2841/1/5562 2799/1/5563 2802/1/5562
f 2800/1/5564 2803/1/5565 2845/1/5566
f 2845/1/5566 2842/1/5567 2800/1/5564
f 2801/1/5568 2804/1/5569 2846/1/5570
f 2846/1/5570 2843/1/5571 2801/1/5568
f 2847/1/5572 2844/1/5573 2802/1/5574
f 2802/1/5574 2805/1/5575 2847/1/5572
f 2806/1/5576 2848/1/5577 2845/1/5578
f 2845/1/5578 2803/1/5579 2806/1/5576
f 2849/1/5580 2846/1/5581 2804/1/5581
f 2804/1/5581 2807/1/5582 2849/1/5580
f 2850/1/5583 2847/1/5584 2805/1/5585
f 2805/1/5585 2808/1/5586 2850/1/5583
f 2848/1/5587 2806/1/5588 2789/1/5588
f 2789/1/5588 2788/1/5589 2848/1/5587
f 2809/1/5590 2824/1/5591 2849/1/5592
f 2849/1/5592 2807/1/5593 2809/1/5590
f 2808/1/5594 2798/1/5595 2840/1/5594
f 2840/1/5594 2850/1/5596 2808/1/5594
f 2851/1/5597 2852/1/5597 2853/1/5598
f 2853/1/5598 2854/1/5597 2855/1/5599
f 2853/1/5598 2855/1/5599 2856/1/5600
f 2851/1/5597 2853/1/5598 2856/1/5600
f 2857/1/5597 2858/1/5597 2859/1/5601
f 2856/1/5600 2857/1/5597 2859/1/5601
f 2859/1/5601 2860/1/5597 2861/1/5602
f 2859/1/5601 2861/1/5602 2862/1/5603
f 2856/1/5600 2859/1/5601 2862/1/5603
f 2856/1/5600 2862/1/5603 2863/1/5604
f 2856/1/5600 2863/1/5604 2864/1/5605
f 2865/1/5597 2866/1/5597 2867/1/5606
f 2864/1/5605 2865/1/5597 2867/1/5606
f 2864/1/5605 2867/1/5606 2868/1/5607
f 2864/1/5605 2868/1/5607 2869/1/5608
f 2856/1/5600 2864/1/5605 2869/1/5608
f 2856/1/5600 2869/1/5608 2870/1/5609
f 2822/1/5610 2821/1/5597 2871/1/5611
f 2870/1/5609 2822/1/5610 2871/1/5611
f 2870/1/5609 2871/1/5611 2872/1/5612
f 2870/1/5609 2872/1/5612 2873/1/5597
f 2856/1/5600 2870/1/5609 2873/1/5597
f 2856/1/5600 2873/1/5597 2874/1/5613
f 2875/1/5614 2876/1/5597 2877/1/5597
f 2874/1/5613 2875/1/5614 2877/1/5597
f 2874/1/5613 2877/1/5597 2878/1/5615
f 2856/1/5600 2874/1/5613 2878/1/5615
f 2856/1/5600 2878/1/5615 2879/1/5616
f 2856/1/5600 2879/1/5616 2880/1/5607
f 2851/1/5597 2856/1/5600 2880/1/5607
f 2859/1/5617 2858/1/5618 2827/1/5617
f 2827/1/5617 2828/1/5619 2859/1/5617
f 2871/1/5620 2821/1/5620 2820/1/5620
f 2820/1/5620 2829/1/5620 2871/1/5620
f 2828/1/5621 2830/1/5621 2860/1/5621
f 2860/1/5621 2859/1/5621 2828/1/5621
f 2831/1/5622 2872/1/5623 2871/1/5622
f 2871/1/5622 2829/1/5623 2831/1/5622
f 2861/1/5624 2860/1/5624 2830/1/5624
f 2830/1/5624 2832/1/5624 2861/1/5624
f 2833/1/5625 2873/1/5626 2872/1/5626
f 2872/1/5626 2831/1/5625 2833/1/5625
f 2834/1/5627 2862/1/5628 2861/1/5628
f 2861/1/5628 2832/1/5629 2834/1/5627
f 2873/1/5630 2833/1/5630 2835/1/5630
f 2835/1/5630 2874/1/5630 2873/1/5630
f 2836/1/5631 2863/1/5632 2862/1/5633
f 2862/1/5633 2834/1/5634 2836/1/5631
f 2874/1/5635 2835/1/5636 2837/1/5635
f 2837/1/5635 2875/1/5637 2874/1/5635
f 2863/1/5638 2836/1/5639 2838/1/5640
f 2838/1/5640 2864/1/5641 2863/1/5638
f 2851/1/5642 2880/1/5643 2840/1/5644
f 2840/1/5644 2839/1/5642 2851/1/5642
f 2837/1/5645 2841/1/5645 2876/1/5645
f 2876/1/5645 2875/1/5645 2837/1/5645
f 2865/1/5646 2864/1/5647 2838/1/5646
f 2838/1/5646 2842/1/5647 2865/1/5646
f 2852/1/5648 2851/1/5649 2839/1/5648
f 2839/1/5648 2843/1/5650 2852/1/5648
f 2877/1/5651 2876/1/5652 2841/1/5653
f 2841/1/5653 2844/1/5654 2877/1/5651
f 2842/1/5655 2845/1/5656 2866/1/5655
f 2866/1/5655 2865/1/5656 2842/1/5655
f 2846/1/5657 2853/1/5658 2852/1/5657
f 2852/1/5657 2843/1/5657 2846/1/5657
f 2847/1/5659 2878/1/5660 2877/1/5659
f 2877/1/5659 2844/1/5660 2847/1/5659
f 2867/1/5661 2866/1/5662 2845/1/5662
f 2845/1/5662 2848/1/5662 2867/1/5661
f 2853/1/5663 2846/1/5664 2849/1/5663
f 2849/1/5663 2854/1/5665 2853/1/5663
f 2850/1/5666 2879/1/5666 2878/1/5666
f 2878/1/5666 2847/1/5666 2850/1/5666
f 2788/1/5667 2868/1/5667 2867/1/5667
f 2867/1/5667 2848/1/5667 2788/1/5667
f 2855/1/5668 2854/1/5669 2849/1/5670
f 2849/1/5670 2824/1/5671 2855/1/5668
f 2879/1/5672 2850/1/5673 2840/1/5674
f 2840/1/5674 2880/1/5675 2879/1/5672
f 2787/1/5676 2869/1/5677 2868/1/5677
f 2868/1/5677 2788/1/5678 2787/1/5676
f 2823/1/5679 2856/1/5680 2855/1/5681
f 2855/1/5681 2824/1/5679 2823/1/5679
f 2869/1/5682 2787/1/5683 2825/1/5684
f 2825/1/5684 2870/1/5685 2869/1/5682
f 2826/1/5686 2857/1/5686 2856/1/5686
f 2856/1/5686 2823/1/5686 2826/1/5686
f 2870/1/5687 2825/1/5687 2819/1/5687
f 2819/1/5687 2822/1/5687 2870/1/5687
f 2857/1/5688 2826/1/5688 2827/1/5688
f 2827/1/5688 2858/1/5688 2857/1/5688
f 2881/1/5689 2882/1/5689 2883/1/5689
f 2883/1/5689 2884/1/5689 2885/1/5689
f 2881/1/5689 2883/1/5689 2885/1/5689
f 2885/1/5689 2886/1/5689 2887/1/5689
f 2887/1/5689 2888/1/5689 2889/1/5689
f 2885/1/5689 2887/1/5689 2889/1/5689
f 2881/1/5689 2885/1/5689 2889/1/5689
f 2889/1/5689 2890/1/5689 2891/1/5689
f 2891/1/5689 2892/1/5689 2893/1/5689
f 2889/1/5689 2891/1/5689 2893/1/5689
f 2893/1/5689 2894/1/5689 2895/1/5689
f 2895/1/5689 2896/1/5689 2897/1/5689
f 2893/1/5689 2895/1/5689 2897/1/5689
f 2889/1/5689 2893/1/5689 2897/1/5689
f 2897/1/5689 2898/1/5689 2899/1/5689
f 2899/1/5689 2900/1/5689 2901/1/5689
f 2897/1/5689 2899/1/5689 2901/1/5689
f 2901/1/5689 2902/1/5689 2903/1/5689
f 2903/1/5689 2904/1/5689 2905/1/5689
f 2901/1/5689 2903/1/5689 2905/1/5689
f 2897/1/5689 2901/1/5689 2905/1/5689
f 2889/1/5689 2897/1/5689 2905/1/5689
f 2881/1/5689 2889/1/5689 2905/1/5689
f 2906/1/5689 2907/1/5689 2908/1/5689
f 2905/1/5689 2906/1/5689 2908/1/5689
f 2905/1/5689 2908/1/5689 2909/1/5689
f 2881/1/5689 2905/1/5689 2909/1/5689
f 2910/1/5689 2881/1/5689 2909/1/5689
f 2910/1/5689 2909/1/5689 2911/1/5689
f 2910/1/5689 2911/1/5689 2912/1/5689
f 2913/1/5690 2914/1/5690 2915/1/5690
f 2915/1/5690 2916/1/5690 2913/1/5690
f 2883/1/5691 2917/1/5692 2918/1/5693
f 2918/1/5693 2884/1/5694 2883/1/5691
f 2896/1/5695 2919/1/5696 2920/1/5697
f 2920/1/5697 2897/1/5698 2896/1/5695
f 2911/1/5699 2909/1/5700 2921/1/5699
f 2921/1/5699 2922/1/5701 2911/1/5699
f 2882/1/5702 2923/1/5703 2917/1/5704
f 2917/1/5704 2883/1/5705 2882/1/5702
f 2895/1/5706 2924/1/5707 2919/1/5708
f 2919/1/5708 2896/1/5707 2895/1/5706
f 2908/1/5709 2925/1/5710 2921/1/5711
f 2921/1/5711 2909/1/5712 2908/1/5709
f 2882/1/5713 2881/1/5714 2926/1/5713
f 2926/1/5713 2923/1/5714 2882/1/5713
f 2894/1/5715 2927/1/5716 2924/1/5717
f 2924/1/5717 2895/1/5718 2894/1/5715
f 2928/1/5719 2925/1/5720 2908/1/5719
f 2908/1/5719 2907/1/5721 2928/1/5719
f 2893/1/5722 2929/1/5723 2927/1/5724
f 2927/1/5724 2894/1/5725 2893/1/5722
f 2906/1/5726 2930/1/5727 2928/1/5728
f 2928/1/5728 2907/1/5729 2906/1/5726
f 2892/1/5730 2931/1/5731 2929/1/5732
f 2929/1/5732 2893/1/5733 2892/1/5730
f 2932/1/5734 2930/1/5735 2906/1/5736
f 2906/1/5736 2905/1/5737 2932/1/5734
f 2891/1/5738 2933/1/5739 2931/1/5740
f 2931/1/5740 2892/1/5741 2891/1/5738
f 2932/1/5742 2905/1/5743 2904/1/5744
f 2904/1/5744 2934/1/5745 2932/1/5742
f 2890/1/5746 2935/1/5747 2933/1/5748
f 2933/1/5748 2891/1/5749 2890/1/5746
f 2904/1/5750 2903/1/5751 2936/1/5752
f 2936/1/5752 2934/1/5753 2904/1/5750
f 2889/1/5754 2916/1/5755 2935/1/5756
f 2935/1/5756 2890/1/5757 2889/1/5754
f 2902/1/5758 2937/1/5759 2936/1/5758
f 2936/1/5758 2903/1/5760 2902/1/5758
f 2888/1/5761 2913/1/5762 2916/1/5763
f 2916/1/5763 2889/1/5764 2888/1/5761
f 2901/1/5765 2938/1/5766 2937/1/5767
f 2937/1/5767 2902/1/5768 2901/1/5765
f 2887/1/5769 2939/1/5770 2913/1/5771
f 2913/1/5771 2888/1/5772 2887/1/5769
f 2900/1/5773 2940/1/5774 2938/1/5775
f 2938/1/5775 2901/1/5776 2900/1/5773
f 2886/1/5777 2941/1/5778 2939/1/5779
f 2939/1/5779 2887/1/5780 2886/1/5777
f 2899/1/5781 2942/1/5782 2940/1/5783
f 2940/1/5783 2900/1/5784 2899/1/5781
f 2926/1/5785 2881/1/5786 2910/1/5787
f 2910/1/5787 2943/1/5788 2926/1/5785
f 2885/1/5789 2944/1/5790 2941/1/5790
f 2941/1/5790 2886/1/5791 2885/1/5789
f 2898/1/5792 2945/1/5793 2942/1/5794
f 2942/1/5794 2899/1/5795 2898/1/5792
f 2943/1/5796 2910/1/5797 2912/1/5796
f 2912/1/5796 2946/1/5798 2943/1/5796
f 2884/1/5799 2918/1/5800 2944/1/5799
f 2944/1/5799 2885/1/5801 2884/1/5799
f 2897/1/5802 2920/1/5803 2945/1/5804
f 2945/1/5804 2898/1/5804 2897/1/5802
f 2946/1/5805 2912/1/5806 2911/1/5807
f 2911/1/5807 2922/1/5808 2946/1/5805
f 2947/1/5809 2948/1/5809 2949/1/5809
f 2949/1/5809 2950/1/5809 2951/1/5809
f 2947/1/5809 2949/1/5809 2951/1/5809
f 2951/1/5809 2952/1/5809 2953/1/5809
f 2951/1/5809 2953/1/5809 2954/1/5809
f 2947/1/5809 2951/1/5809 2954/1/5809
f 2947/1/5809 2954/1/5809 2955/1/5809
f 2955/1/5809 2956/1/5809 2957/1/5809
f 2957/1/5809 2958/1/5809 2959/1/5809
f 2955/1/5809 2957/1/5809 2959/1/5809
f 2959/1/5809 2960/1/5809 2961/1/5809
f 2961/1/5809 2962/1/5809 2963/1/5809
f 2959/1/5809 2961/1/5809 2963/1/5809
f 2955/1/5809 2959/1/5809 2963/1/5809
f 2963/1/5809 2964/1/5809 2965/1/5809
f 2965/1/5809 2966/1/5809 2967/1/5809
f 2963/1/5809 2965/1/5809 2967/1/5809
f 2967/1/5809 2968/1/5809 2969/1/5809
f 2969/1/5809 2915/1/5809 2914/1/5809
f 2967/1/5809 2969/1/5809 2914/1/5809
f 2963/1/5809 2967/1/5809 2914/1/5809
f 2955/1/5809 2963/1/5809 2914/1/5809
f 2914/1/5809 2970/1/5809 2971/1/5809
f 2971/1/5809 2972/1/5809 2973/1/5809
f 2914/1/5809 2971/1/5809 2973/1/5809
f 2973/1/5809 2974/1/5809 2975/1/5809
f 2973/1/5809 2975/1/5809 2976/1/5809
f 2914/1/5809 2973/1/5809 2976/1/5809
f 2955/1/5809 2914/1/5809 2976/1/5809
f 2947/1/5809 2955/1/5809 2976/1/5809
f 2938/1/5810 2958/1/5810 2957/1/5810
f 2957/1/5810 2937/1/5810 2938/1/5810
f 2939/1/5811 2970/1/5811 2914/1/5811
f 2914/1/5811 2913/1/5811 2939/1/5811
f 2940/1/5812 2959/1/5813 2958/1/5812
f 2958/1/5812 2938/1/5813 2940/1/5812
f 2941/1/5814 2971/1/5814 2970/1/5814
f 2970/1/5814 2939/1/5814 2941/1/5814
f 2942/1/5815 2960/1/5815 2959/1/5815
f 2959/1/5815 2940/1/5815 2942/1/5815
f 2943/1/5816 2947/1/5816 2976/1/5816
f 2976/1/5816 2926/1/5816 2943/1/5816
f 2944/1/5817 2972/1/5817 2971/1/5817
f 2971/1/5817 2941/1/5817 2944/1/5817
f 2945/1/5818 2961/1/5818 2960/1/5818
f 2960/1/5818 2942/1/5818 2945/1/5818
f 2946/1/5819 2948/1/5819 2947/1/5819
f 2947/1/5819 2943/1/5819 2946/1/5819
f 2918/1/5820 2973/1/5820 2972/1/5820
f 2972/1/5820 2944/1/5820 2918/1/5820
f 2920/1/5821 2962/1/5821 2961/1/5821
f 2961/1/5821 2945/1/5821 2920/1/5821
f 2922/1/5822 2949/1/5823 2948/1/5822
f 2948/1/5822 2946/1/5824 2922/1/5822
f 2917/1/5825 2974/1/5825 2973/1/5825
f 2973/1/5825 2918/1/5825 2917/1/5825
f 2919/1/5826 2963/1/5826 2962/1/5826
f 2962/1/5826 2920/1/5826 2919/1/5826
f 2921/1/5827 2950/1/5827 2949/1/5827
f 2949/1/5827 2922/1/5827 2921/1/5827
f 2923/1/5828 2975/1/5828 2974/1/5828
f 2974/1/5828 2917/1/5828 2923/1/5828
f 2924/1/5829 2964/1/5829 2963/1/5829
f 2963/1/5829 2919/1/5829 2924/1/5829
f 2925/1/5830 2951/1/5830 2950/1/5830
f 2950/1/5830 2921/1/5830 2925/1/5830
f 2923/1/5831 2926/1/5831 2976/1/5831
f 2976/1/5831 2975/1/5831 2923/1/5831
f 2927/1/5832 2965/1/5832 2964/1/5832
f 2964/1/5832 2924/1/5832 2927/1/5832
f 2928/1/5833 2952/1/5833 2951/1/5833
f 2951/1/5833 2925/1/5833 2928/1/5833
f 2929/1/5834 2966/1/5835 2965/1/5834
f 2965/1/5834 2927/1/5836 2929/1/5834
f 2930/1/5837 2953/1/5837 2952/1/5837
f 2952/1/5837 2928/1/5837 2930/1/5837
f 2931/1/5838 2967/1/5838 2966/1/5838
f 2966/1/5838 2929/1/5838 2931/1/5838
f 2932/1/5839 2954/1/5839 2953/1/5839
f 2953/1/5839 2930/1/5839 2932/1/5839
f 2933/1/5840 2968/1/5841 2967/1/5841
f 2967/1/5841 2931/1/5842 2933/1/5840
f 2934/1/5843 2955/1/5843 2954/1/5843
f 2954/1/5843 2932/1/5843 2934/1/5843
f 2935/1/5844 2969/1/5844 2968/1/5844
f 2968/1/5844 2933/1/5844 2935/1/5844
f 2936/1/5845 2956/1/5845 2955/1/5845
f 2955/1/5845 2934/1/5845 2936/1/5845
f 2916/1/5846 2915/1/5846 2969/1/5846
f 2969/1/5846 2935/1/5846 2916/1/5846
f 2937/1/5847 2957/1/5848 2956/1/5848
f 2956/1/5848 2936/1/5847 2937/1/5847
f 2977/1/5689 2978/1/5689 2979/1/5689
f 2979/1/5689 2980/1/5689 2981/1/5689
f 2977/1/5689 2979/1/5689 2981/1/5689
f 2981/1/5689 2982/1/5689 2983/1/5689
f 2983/1/5689 2984/1/5689 2985/1/5689
f 2981/1/5689 2983/1/5689 2985/1/5689
f 2977/1/5689 2981/1/5689 2985/1/5689
f 2985/1/5689 2986/1/5689 2987/1/5689
f 2987/1/5689 2988/1/5689 2989/1/5689
f 2985/1/5689 2987/1/5689 2989/1/5689
f 2989/1/5689 2990/1/5689 2991/1/5689
f 2991/1/5689 2992/1/5689 2993/1/5689
f 2989/1/5689 2991/1/5689 2993/1/5689
f 2985/1/5689 2989/1/5689 2993/1/5689
f 2993/1/5689 2994/1/5689 2995/1/5689
f 2995/1/5689 2996/1/5689 2997/1/5689
f 2993/1/5689 2995/1/5689 2997/1/5689
f 2997/1/5689 2998/1/5689 2999/1/5689
f 2999/1/5689 3000/1/5689 3001/1/5689
f 2997/1/5689 2999/1/5689 3001/1/5689
f 2993/1/5689 2997/1/5689 3001/1/5689
f 2985/1/5689 2993/1/5689 3001/1/5689
f 2977/1/5689 2985/1/5689 3001/1/5689
f 3002/1/5689 3003/1/5689 3004/1/5689
f 3001/1/5689 3002/1/5689 3004/1/5689
f 3001/1/5689 3004/1/5689 3005/1/5689
f 2977/1/5689 3001/1/5689 3005/1/5689
f 3006/1/5689 2977/1/5689 3005/1/5689
f 3006/1/5689 3005/1/5689 3007/1/5689
f 3006/1/5689 3007/1/5689 3008/1/5689
f 3009/1/5809 3010/1/5809 3011/1/5809
f 3011/1/5809 3012/1/5809 3013/1/5809
f 3009/1/5809 3011/1/5809 3013/1/5809
f 3013/1/5809 3014/1/5809 3015/1/5809
f 3015/1/5809 3016/1/5809 3017/1/5809
f 3013/1/5809 3015/1/5809 3017/1/5809
f 3009/1/5809 3013/1/5809 3017/1/5809
f 3017/1/5809 3018/1/5809 3019/1/5809
f 3019/1/5809 3020/1/5809 3021/1/5809
f 3017/1/5809 3019/1/5809 3021/1/5809
f 3021/1/5809 3022/1/5809 3023/1/5809
f 3023/1/5809 3024/1/5809 3025/1/5809
f 3021/1/5809 3023/1/5809 3025/1/5809
f 3017/1/5809 3021/1/5809 3025/1/5809
f 3009/1/5809 3017/1/5809 3025/1/5809
f 3025/1/5809 3026/1/5809 3027/1/5809
f 3027/1/5809 3028/1/5809 3029/1/5809
f 3025/1/5809 3027/1/5809 3029/1/5809
f 3029/1/5809 3030/1/5809 3031/1/5809
f 3031/1/5809 3032/1/5809 3033/1/5809
f 3029/1/5809 3031/1/5809 3033/1/5809
f 3025/1/5809 3029/1/5809 3033/1/5809
f 3033/1/5809 3034/1/5809 3035/1/5809
f 3035/1/5809 3036/1/5809 3037/1/5809
f 3033/1/5809 3035/1/5809 3037/1/5809
f 3037/1/5809 3038/1/5809 3039/1/5809
f 3037/1/5809 3039/1/5809 3040/1/5809
f 3033/1/5809 3037/1/5809 3040/1/5809
f 3025/1/5809 3033/1/5809 3040/1/5809
f 3009/1/5809 3025/1/5809 3040/1/5809
f 3002/1/5849 3015/1/5850 3014/1/5851
f 3014/1/5851 3003/1/5852 3002/1/5849
f 2988/1/5853 3029/1/5854 3028/1/5855
f 3028/1/5855 2989/1/5856 2988/1/5853
f 3016/1/5857 3015/1/5858 3002/1/5859
f 3002/1/5859 3001/1/5860 3016/1/5857
f 2987/1/5861 3030/1/5862 3029/1/5863
f 3029/1/5863 2988/1/5864 2987/1/5861
f 3016/1/5865 3001/1/5866 3000/1/5867
f 3000/1/5867 3017/1/5866 3016/1/5865
f 2986/1/5868 3031/1/5869 3030/1/5870
f 3030/1/5870 2987/1/5871 2986/1/5868
f 3000/1/5872 2999/1/5873 3018/1/5874
f 3018/1/5874 3017/1/5875 3000/1/5872
f 2985/1/5876 3032/1/5877 3031/1/5878
f 3031/1/5878 2986/1/5878 2985/1/5876
f 2998/1/5879 3019/1/5880 3018/1/5880
f 3018/1/5880 2999/1/5881 2998/1/5879
f 2984/1/5882 3033/1/5883 3032/1/5884
f 3032/1/5884 2985/1/5885 2984/1/5882
f 2997/1/5886 3020/1/5886 3019/1/5887
f 3019/1/5887 2998/1/5888 2997/1/5886
f 2983/1/5889 3034/1/5890 3033/1/5890
f 3033/1/5890 2984/1/5890 2983/1/5889
f 2996/1/5891 3021/1/5892 3020/1/5893
f 3020/1/5893 2997/1/5894 2996/1/5891
f 2982/1/5895 3035/1/5896 3034/1/5897
f 3034/1/5897 2983/1/5898 2982/1/5895
f 2995/1/5899 3022/1/5899 3021/1/5900
f 3021/1/5900 2996/1/5901 2995/1/5899
f 3040/1/5902 2977/1/5903 3006/1/5904
f 3006/1/5904 3009/1/5905 3040/1/5902
f 2981/1/5906 3036/1/5907 3035/1/5907
f 3035/1/5907 2982/1/5908 2981/1/5906
f 2994/1/5909 3023/1/5910 3022/1/5911
f 3022/1/5911 2995/1/5912 2994/1/5909
f 3009/1/5913 3006/1/5913 3008/1/5913
f 3008/1/5913 3010/1/5914 3009/1/5913
f 2980/1/5915 3037/1/5916 3036/1/5917
f 3036/1/5917 2981/1/5918 2980/1/5915
f 2993/1/5919 3024/1/5920 3023/1/5921
f 3023/1/5921 2994/1/5922 2993/1/5919
f 3010/1/5923 3008/1/5924 3007/1/5925
f 3007/1/5925 3011/1/5926 3010/1/5923
f 2979/1/5927 3038/1/5928 3037/1/5929
f 3037/1/5929 2980/1/5930 2979/1/5927
f 2992/1/5931 3025/1/5932 3024/1/5933
f 3024/1/5933 2993/1/5934 2992/1/5931
f 3007/1/5935 3005/1/5936 3012/1/5937
f 3012/1/5937 3011/1/5938 3007/1/5935
f 2978/1/5939 3039/1/5940 3038/1/5941
f 3038/1/5941 2979/1/5942 2978/1/5939
f 2991/1/5943 3026/1/5944 3025/1/5945
f 3025/1/5945 2992/1/5946 2991/1/5943
f 3004/1/5947 3013/1/5948 3012/1/5949
f 3012/1/5949 3005/1/5950 3004/1/5947
f 2978/1/5951 2977/1/5951 3040/1/5951
f 3040/1/5951 3039/1/5952 2978/1/5951
f 2990/1/5953 3027/1/5954 3026/1/5955
f 3026/1/5955 2991/1/5956 2990/1/5953
f 3014/1/5957 3013/1/5957 3004/1/5957
f 3004/1/5957 3003/1/5958 3014/1/5957
f 2989/1/5959 3028/1/5960 3027/1/5961
f 3027/1/5961 2990/1/5962 2989/1/5959
f 3041/1/5689 3042/1/5689 3043/1/5689
f 3043/1/5689 3044/1/5689 3045/1/5689
f 3041/1/5689 3043/1/5689 3045/1/5689
f 3045/1/5689 3046/1/5689 3047/1/5689
f 3047/1/5689 3048/1/5689 3049/1/5689
f 3045/1/5689 3047/1/5689 3049/1/5689
f 3041/1/5689 3045/1/5689 3049/1/5689
f 3049/1/5689 3050/1/5689 3051/1/5689
f 3051/1/5689 3052/1/5689 3053/1/5689
f 3049/1/5689 3051/1/5689 3053/1/5689
f 3053/1/5689 3054/1/5689 3055/1/5689
f 3055/1/5689 3056/1/5689 3057/1/5689
f 3053/1/5689 3055/1/5689 3057/1/5689
f 3049/1/5689 3053/1/5689 3057/1/5689
f 3057/1/5689 3058/1/5689 3059/1/5689
f 3059/1/5689 3060/1/5689 3061/1/5689
f 3057/1/5689 3059/1/5689 3061/1/5689
f 3061/1/5689 3062/1/5689 3063/1/5689
f 3063/1/5689 3064/1/5689 3065/1/5689
f 3061/1/5689 3063/1/5689 3065/1/5689
f 3057/1/5689 3061/1/5689 3065/1/5689
f 3049/1/5689 3057/1/5689 3065/1/5689
f 3041/1/5689 3049/1/5689 3065/1/5689
f 3066/1/5689 3067/1/5689 3068/1/5689
f 3065/1/5689 3066/1/5689 3068/1/5689
f 3065/1/5689 3068/1/5689 3069/1/5689
f 3041/1/5689 3065/1/5689 3069/1/5689
f 3070/1/5689 3041/1/5689 3069/1/5689
f 3070/1/5689 3069/1/5689 3071/1/5689
f 3070/1/5689 3071/1/5689 3072/1/5689
f 3073/1/5963 3074/1/5963 3075/1/5963
f 3075/1/5963 3076/1/5963 3073/1/5963
f 3077/1/5964 3065/1/5965 3064/1/5966
f 3064/1/5966 3078/1/5966 3077/1/5964
f 3050/1/5967 3079/1/5968 3080/1/5967
f 3080/1/5967 3051/1/5969 3050/1/5967
f 3064/1/5970 3063/1/5971 3081/1/5972
f 3081/1/5972 3078/1/5973 3064/1/5970
f 3049/1/5974 3082/1/5975 3079/1/5976
f 3079/1/5976 3050/1/5977 3049/1/5974
f 3062/1/5978 3083/1/5979 3081/1/5980
f 3081/1/5980 3063/1/5980 3062/1/5978
f 3048/1/5981 3084/1/5982 3082/1/5981
f 3082/1/5981 3049/1/5983 3048/1/5981
f 3061/1/5984 3085/1/5985 3083/1/5986
f 3083/1/5986 3062/1/5987 3061/1/5984
f 3047/1/5988 3086/1/5989 3084/1/5990
f 3084/1/5990 3048/1/5988 3047/1/5988
f 3060/1/5991 3087/1/5992 3085/1/5991
f 3085/1/5991 3061/1/5991 3060/1/5991
f 3046/1/5993 3088/1/5994 3086/1/5995
f 3086/1/5995 3047/1/5996 3046/1/5993
f 3059/1/5997 3089/1/5998 3087/1/5999
f 3087/1/5999 3060/1/6000 3059/1/5997
f 3090/1/6001 3041/1/6002 3070/1/6003
f 3070/1/6003 3091/1/6001 3090/1/6001
f 3045/1/6004 3092/1/6005 3088/1/6006
f 3088/1/6006 3046/1/6007 3045/1/6004
f 3058/1/6008 3093/1/6009 3089/1/6010
f 3089/1/6010 3059/1/6011 3058/1/6008
f 3091/1/6012 3070/1/6013 3072/1/6013
f 3072/1/6013 3094/1/6013 3091/1/6012
f 3044/1/6014 3095/1/6015 3092/1/6016
f 3092/1/6016 3045/1/6017 3044/1/6014
f 3057/1/6018 3096/1/6019 3093/1/6018
f 3093/1/6018 3058/1/6020 3057/1/6018
f 3094/1/6021 3072/1/6022 3071/1/6023
f 3071/1/6023 3076/1/6024 3094/1/6021
f 3043/1/6025 3097/1/6026 3095/1/6027
f 3095/1/6027 3044/1/6028 3043/1/6025
f 3056/1/6029 3098/1/6030 3096/1/6031
f 3096/1/6031 3057/1/6032 3056/1/6029
f 3071/1/6033 3069/1/6034 3073/1/6035
f 3073/1/6035 3076/1/6036 3071/1/6033
f 3042/1/6037 3099/1/6038 3097/1/6039
f 3097/1/6039 3043/1/6040 3042/1/6037
f 3055/1/6041 3100/1/6042 3098/1/6043
f 3098/1/6043 3056/1/6044 3055/1/6041
f 3068/1/6045 3101/1/6046 3073/1/6047
f 3073/1/6047 3069/1/6048 3068/1/6045
f 3042/1/6049 3041/1/6050 3090/1/6051
f 3090/1/6051 3099/1/6052 3042/1/6049
f 3054/1/6053 3102/1/6054 3100/1/6055
f 3100/1/6055 3055/1/6056 3054/1/6053
f 3103/1/6057 3101/1/6058 3068/1/6057
f 3068/1/6057 3067/1/6057 3103/1/6057
f 3053/1/6059 3104/1/6060 3102/1/6061
f 3102/1/6061 3054/1/6062 3053/1/6059
f 3066/1/6063 3105/1/6064 3103/1/6064
f 3103/1/6064 3067/1/6063 3066/1/6063
f 3052/1/6065 3106/1/6066 3104/1/6067
f 3104/1/6067 3053/1/6066 3052/1/6065
f 3077/1/6068 3105/1/6069 3066/1/6068
f 3066/1/6068 3065/1/6068 3077/1/6068
f 3051/1/6070 3080/1/6071 3106/1/6072
f 3106/1/6072 3052/1/6073 3051/1/6070
f 3107/1/5809 3108/1/5809 3075/1/5809
f 3075/1/5809 3074/1/5809 3109/1/5809
f 3107/1/5809 3075/1/5809 3109/1/5809
f 3109/1/5809 3110/1/5809 3111/1/5809
f 3109/1/5809 3111/1/5809 3112/1/5809
f 3107/1/5809 3109/1/5809 3112/1/5809
f 3107/1/5809 3112/1/5809 3113/1/5809
f 3113/1/5809 3114/1/5809 3115/1/5809
f 3115/1/5809 3116/1/5809 3117/1/5809
f 3113/1/5809 3115/1/5809 3117/1/5809
f 3117/1/5809 3118/1/5809 3119/1/5809
f 3119/1/5809 3120/1/5809 3121/1/5809
f 3117/1/5809 3119/1/5809 3121/1/5809
f 3113/1/5809 3117/1/5809 3121/1/5809
f 3121/1/5809 3122/1/5809 3123/1/5809
f 3123/1/5809 3124/1/5809 3125/1/5809
f 3121/1/5809 3123/1/5809 3125/1/5809
f 3125/1/5809 3126/1/5809 3127/1/5809
f 3127/1/5809 3128/1/5809 3129/1/5809
f 3125/1/5809 3127/1/5809 3129/1/5809
f 3121/1/5809 3125/1/5809 3129/1/5809
f 3113/1/5809 3121/1/5809 3129/1/5809
f 3129/1/5809 3130/1/5809 3131/1/5809
f 3131/1/5809 3132/1/5809 3133/1/5809
f 3129/1/5809 3131/1/5809 3133/1/5809
f 3133/1/5809 3134/1/5809 3135/1/5809
f 3133/1/5809 3135/1/5809 3136/1/5809
f 3129/1/5809 3133/1/5809 3136/1/5809
f 3113/1/5809 3129/1/5809 3136/1/5809
f 3107/1/5809 3113/1/5809 3136/1/5809
f 3099/1/6074 3135/1/6074 3134/1/6074
f 3134/1/6074 3097/1/6074 3099/1/6074
f 3100/1/6075 3122/1/6075 3121/1/6075
f 3121/1/6075 3098/1/6075 3100/1/6075
f 3101/1/5830 3109/1/5830 3074/1/5830
f 3074/1/5830 3073/1/6076 3101/1/5830
f 3099/1/6077 3090/1/6077 3136/1/6077
f 3136/1/6077 3135/1/5831 3099/1/6077
f 3102/1/6078 3123/1/6078 3122/1/6078
f 3122/1/6078 3100/1/6078 3102/1/6078
f 3103/1/6079 3110/1/6079 3109/1/6079
f 3109/1/6079 3101/1/6079 3103/1/6079
f 3104/1/6080 3124/1/5836 3123/1/6080
f 3123/1/6080 3102/1/5836 3104/1/6080
f 3105/1/6081 3111/1/6081 3110/1/6081
f 3110/1/6081 3103/1/5837 3105/1/6081
f 3106/1/5838 3125/1/5838 3124/1/5838
f 3124/1/5838 3104/1/5838 3106/1/5838
f 3077/1/6082 3112/1/6083 3111/1/6082
f 3111/1/6082 3105/1/6082 3077/1/6082
f 3080/1/6084 3126/1/6084 3125/1/6084
f 3125/1/6084 3106/1/6084 3080/1/6084
f 3078/1/6085 3113/1/5843 3112/1/6085
f 3112/1/6085 3077/1/6085 3078/1/6085
f 3079/1/6086 3127/1/6086 3126/1/6086
f 3126/1/6086 3080/1/6086 3079/1/6086
f 3081/1/6087 3114/1/6087 3113/1/6087
f 3113/1/6087 3078/1/6087 3081/1/6087
f 3082/1/6088 3128/1/5846 3127/1/6088
f 3127/1/6088 3079/1/5846 3082/1/6088
f 3083/1/6089 3115/1/6089 3114/1/6089
f 3114/1/6089 3081/1/6089 3083/1/6089
f 3084/1/6090 3129/1/6090 3128/1/6090
f 3128/1/6090 3082/1/6091 3084/1/6090
f 3085/1/5810 3116/1/5810 3115/1/5810
f 3115/1/5810 3083/1/5810 3085/1/5810
f 3086/1/6092 3130/1/6092 3129/1/6092
f 3129/1/6092 3084/1/5811 3086/1/6092
f 3087/1/6093 3117/1/6093 3116/1/6093
f 3116/1/6093 3085/1/6093 3087/1/6093
f 3088/1/6094 3131/1/6094 3130/1/6094
f 3130/1/6094 3086/1/6094 3088/1/6094
f 3089/1/6095 3118/1/6095 3117/1/6095
f 3117/1/6095 3087/1/6095 3089/1/6095
f 3091/1/6096 3107/1/6096 3136/1/6096
f 3136/1/6096 3090/1/6096 3091/1/6096
f 3092/1/5817 3132/1/6097 3131/1/5817
f 3131/1/5817 3088/1/5817 3092/1/5817
f 3093/1/6098 3119/1/6098 3118/1/6098
f 3118/1/6098 3089/1/6098 3093/1/6098
f 3094/1/6099 3108/1/6100 3107/1/6101
f 3107/1/6101 3091/1/6102 3094/1/6099
f 3095/1/6103 3133/1/6103 3132/1/6103
f 3132/1/6103 3092/1/6103 3095/1/6103
f 3096/1/6104 3120/1/6104 3119/1/6104
f 3119/1/6104 3093/1/6104 3096/1/6104
f 3076/1/5822 3075/1/5822 3108/1/5822
f 3108/1/5822 3094/1/5822 3076/1/5822
f 3097/1/6105 3134/1/6105 3133/1/6105
f 3133/1/6105 3095/1/6105 3097/1/6105
f 3098/1/6106 3121/1/6106 3120/1/6106
f 3120/1/6106 3096/1/5826 3098/1/6106
f 3137/2/6107 3138/3/6107 3139/4/6107
f 3139/4/6107 3140/5/6108 3137/2/6107
f 3138/3/6109 3141/6/6109 3142/7/6109
f 3142/7/6109 3139/4/6109 3138/3/6109
f 3141/6/6110 3143/8/6110 3144/9/6110
f 3144/9/6110 3142/7/6110 3141/6/6110
f 3143/8/6111 3145/10/6111 3146/11/6111
f 3146/11/6111 3144/9/6111 3143/8/6111
f 3147/12/6112 3148/13/6113 3146/11/6113
f 3146/11/6113 3145/10/6112 3147/12/6112
f 3149/14/6114 3148/13/6115 3147/12/6114
f 3147/12/6114 3150/15/6115 3149/14/6114
f 3151/16/6116 3149/14/6116 3150/15/6116
f 3150/15/6116 3152/17/6116 3151/16/6116
f 3153/18/6117 3154/19/6117 3151/16/6117
f 3151/16/6117 3152/17/6117 3153/18/6117
f 3155/20/6118 3154/19/6118 3153/18/6118
f 3153/18/6118 3156/21/6119 3155/20/6118
f 3157/22/6120 3155/20/6120 3156/21/6120
f 3156/21/6120 3158/23/6120 3157/22/6120
f 3159/24/6121 3157/22/6121 3158/23/6121
f 3158/23/6121 3160/25/6121 3159/24/6121
f 3161/26/6122 3162/27/6122 3159/24/6122
f 3159/24/6122 3160/25/6122 3161/26/6122
f 3163/28/6123 3162/27/6124 3161/26/6123
f 3161/26/6123 3164/29/6123 3163/28/6123
f 3165/30/6125 3163/28/6125 3164/29/6125
f 3164/29/6125 3166/31/6125 3165/30/6125
f 3167/32/6126 3165/30/6126 3166/31/6126
f 3166/31/6126 3168/33/6126 3167/32/6126
f 3169/34/6127 3167/32/6127 3168/33/6127
f 3168/33/6127 3170/35/6127 3169/34/6127
f 3171/36/6128 3169/34/6128 3170/35/6128
f 3170/35/6128 3172/37/6128 3171/36/6128
f 3173/38/6129 3171/36/6129 3172/37/6129
f 3172/37/6129 3174/39/6129 3173/38/6129
f 3175/40/6130 3173/38/6130 3174/39/6130
f 3174/39/6130 3176/41/6130 3175/40/6130
f 3177/42/6131 3178/43/6131 3175/40/6131
f 3175/40/6131 3176/41/6131 3177/42/6131
f 3177/42/6132 3179/44/6132 3180/45/6133
f 3180/45/6133 3178/43/6132 3177/42/6132
f 3181/46/6134 3180/45/6134 3179/44/6134
f 3179/44/6134 3182/47/6134 3181/46/6134
f 3183/48/6135 3181/46/6135 3182/47/6135
f 3182/47/6135 3184/49/6135 3183/48/6135
f 3185/50/6136 3186/51/6137 3183/48/6137
f 3183/48/6137 3184/49/6136 3185/50/6136
f 3187/52/6138 3188/53/6139 3186/51/6138
f 3186/51/6138 3185/50/6138 3187/52/6138
f 3189/54/6140 3188/53/6141 3187/52/6142
f 3187/52/6142 3190/55/6140 3189/54/6140
f 3191/56/6143 3192/57/6143 3189/54/6143
f 3189/54/6143 3190/55/6143 3191/56/6143
f 3193/58/6144 3192/57/6144 3191/56/6144
f 3191/56/6144 3194/59/6144 3193/58/6144
f 3195/60/6145 3193/58/6146 3194/59/6147
f 3194/59/6147 3196/61/6147 3195/60/6145
f 3197/62/6148 3198/63/6149 3195/60/6149
f 3195/60/6149 3196/61/6148 3197/62/6148
f 3153/18/6150 3199/18/6151 3200/21/6150
f 3200/21/6150 3156/21/6150 3153/18/6150
f 3201/64/6152 3202/65/6152 3198/63/6152
f 3198/63/6152 3197/62/6152 3201/64/6152
f 3202/65/6153 3201/64/6154 3137/66/6153
f 3137/66/6153 3140/67/6155 3202/65/6153
f 3139/68/5689 3142/69/6156 3144/70/5689
f 3139/68/5689 3144/70/5689 3146/71/5689
f 3146/71/5689 3148/72/6157 3149/73/5689
f 3149/73/5689 3151/74/5689 3154/75/5689
f 3154/75/5689 3155/76/5689 3157/77/5689
f 3149/73/5689 3154/75/5689 3157/77/5689
f 3146/71/5689 3149/73/5689 3157/77/5689
f 3157/77/5689 3159/78/5689 3162/79/5689
f 3162/79/5689 3163/80/5689 3165/81/5689
f 3157/77/5689 3162/79/5689 3165/81/5689
f 3165/81/5689 3167/82/6156 3169/83/5689
f 3169/83/5689 3171/84/5689 3173/85/5689
f 3165/81/5689 3169/83/5689 3173/85/5689
f 3173/85/5689 3175/86/6156 3178/87/5689
f 3178/87/5689 3180/88/6156 3181/89/5689
f 3173/85/5689 3178/87/5689 3181/89/5689
f 3181/89/5689 3183/90/5689 3186/91/5689
f 3186/91/5689 3188/92/5689 3189/93/5689
f 3181/89/5689 3186/91/5689 3189/93/5689
f 3173/85/5689 3181/89/5689 3189/93/5689
f 3165/81/5689 3173/85/5689 3189/93/5689
f 3157/77/5689 3165/81/5689 3189/93/5689
f 3146/71/5689 3157/77/5689 3189/93/5689
f 3189/93/5689 3192/94/5689 3193/95/5689
f 3193/95/5689 3195/96/5689 3198/97/5689
f 3189/93/5689 3193/95/5689 3198/97/5689
f 3146/71/5689 3189/93/5689 3198/97/5689
f 3139/68/5689 3146/71/5689 3198/97/5689
f 3140/98/5689 3139/68/5689 3198/97/5689
f 3140/98/5689 3198/97/5689 3202/99/5689
f 3203/8/6158 3204/8/6159 3205/10/6160
f 3205/10/6160 3206/10/6158 3203/8/6158
f 3207/39/6161 3174/39/6162 3172/37/6162
f 3172/37/6162 3208/37/6163 3207/39/6161
f 3209/56/6164 3191/56/6165 3190/55/6166
f 3190/55/6166 3210/55/6167 3209/56/6164
f 3211/12/6168 3147/12/6168 3145/10/6168
f 3145/10/6168 3206/10/6168 3211/12/6168
f 3212/31/6169 3166/31/6169 3164/29/6169
f 3164/29/6169 3213/29/6170 3212/31/6169
f 3214/49/6171 3184/49/6172 3182/47/6172
f 3182/47/6172 3215/47/6172 3214/49/6171
f 3138/3/6173 3137/2/6173 3216/2/6173
f 3216/2/6173 3217/3/6174 3138/3/6173
f 3201/64/6175 3218/64/6176 3216/66/6177
f 3216/66/6177 3137/66/6175 3201/64/6175
f 3219/23/6178 3158/23/6179 3156/21/6179
f 3156/21/6179 3200/21/6178 3219/23/6178
f 3220/41/6180 3176/41/6181 3174/39/6182
f 3174/39/6182 3207/39/6183 3220/41/6180
f 3209/56/6184 3221/59/6184 3194/59/6184
f 3194/59/6184 3191/56/6184 3209/56/6184
f 3222/15/6185 3150/15/6185 3147/12/6185
f 3147/12/6185 3211/12/6186 3222/15/6185
f 3223/33/6187 3168/33/6187 3166/31/6187
f 3166/31/6187 3212/31/6187 3223/33/6187
f 3224/50/6188 3185/50/6189 3184/49/6189
f 3184/49/6189 3214/49/6190 3224/50/6188
f 3217/3/6191 3225/6/6192 3141/6/6193
f 3141/6/6193 3138/3/6193 3217/3/6191
f 3226/25/6194 3160/25/6195 3158/23/6195
f 3158/23/6195 3219/23/6196 3226/25/6194
f 3220/41/6197 3227/42/6198 3177/42/6199
f 3177/42/6199 3176/41/6200 3220/41/6197
f 3196/61/6201 3194/59/6201 3221/59/6202
f 3221/59/6202 3228/61/6203 3196/61/6201
f 3229/17/6204 3152/17/6204 3150/15/6204
f 3150/15/6204 3222/15/6204 3229/17/6204
f 3230/35/6205 3170/35/6206 3168/33/6205
f 3168/33/6205 3223/33/6205 3230/35/6205
f 3231/52/6207 3187/52/6208 3185/50/6208
f 3185/50/6208 3224/50/6207 3231/52/6207
f 3203/8/6209 3143/8/6210 3141/6/6210
f 3141/6/6210 3225/6/6209 3203/8/6209
f 3232/26/6211 3161/26/6211 3160/25/6211
f 3160/25/6211 3226/25/6211 3232/26/6211
f 3233/44/6212 3179/44/6213 3177/42/6212
f 3177/42/6212 3227/42/6214 3233/44/6212
f 3197/62/6215 3196/61/6215 3228/61/6216
f 3228/61/6216 3234/62/6217 3197/62/6215
f 3152/17/6218 3229/17/6219 3199/18/6218
f 3199/18/6218 3153/18/6218 3152/17/6218
f 3208/37/6220 3172/37/6221 3170/35/6222
f 3170/35/6222 3230/35/6223 3208/37/6220
f 3210/55/6224 3190/55/6225 3187/52/6225
f 3187/52/6225 3231/52/6226 3210/55/6224
f 3145/10/6227 3143/8/6227 3203/8/6228
f 3203/8/6228 3206/10/6228 3145/10/6227
f 3213/29/6229 3164/29/6229 3161/26/6229
f 3161/26/6229 3232/26/6229 3213/29/6229
f 3215/47/6230 3182/47/6231 3179/44/6231
f 3179/44/6231 3233/44/6230 3215/47/6230
f 3201/64/6232 3197/62/6233 3234/62/6234
f 3234/62/6234 3218/64/6235 3201/64/6232
f 3235/100/6236 3236/101/6237 3237/102/6236
f 3237/102/6236 3238/103/6238 3239/104/6236
f 3235/100/6236 3237/102/6236 3239/104/6236
f 3239/104/6236 3240/105/6239 3241/106/6240
f 3241/106/6240 3242/107/6241 3243/108/6236
f 3239/104/6236 3241/106/6240 3243/108/6236
f 3243/108/6236 3244/109/6242 3245/110/6243
f 3245/110/6243 3246/111/6244 3247/112/6236
f 3243/108/6236 3245/110/6243 3247/112/6236
f 3239/104/6236 3243/108/6236 3247/112/6236
f 3247/112/6236 3248/113/6245 3249/114/6246
f 3249/114/6246 3250/115/6247 3251/116/6236
f 3247/112/6236 3249/114/6246 3251/116/6236
f 3251/116/6236 3252/117/6248 3253/118/6236
f 3253/118/6236 3254/119/6240 3255/120/6236
f 3251/116/6236 3253/118/6236 3255/120/6236
f 3247/112/6236 3251/116/6236 3255/120/6236
f 3239/104/6236 3247/112/6236 3255/120/6236
f 3255/120/6236 3256/121/6249 3257/122/6250
f 3257/122/6250 3258/123/6251 3259/124/6251
f 3255/120/6236 3257/122/6250 3259/124/6251
f 3255/120/6236 3259/124/6251 3260/125/6236
f 3239/104/6236 3255/120/6236 3260/125/6236
f 3260/125/6236 3261/126/6252 3262/127/6253
f 3262/127/6253 3263/128/6254 3205/129/6253
f 3260/125/6236 3262/127/6253 3205/129/6253
f 3239/104/6236 3260/125/6236 3205/129/6253
f 3235/100/6236 3239/104/6236 3205/129/6253
f 3235/100/6236 3205/129/6253 3204/130/6240
f 3235/100/6236 3204/130/6240 3264/131/6255
f 3234/62/6256 3238/62/6257 3237/64/6258
f 3237/64/6258 3218/64/6258 3234/62/6256
f 3208/37/6259 3251/37/6260 3250/39/6261
f 3250/39/6261 3207/39/6259 3208/37/6259
f 3206/10/6262 3205/10/6263 3263/12/6264
f 3263/12/6264 3211/12/6262 3206/10/6262
f 3218/64/6265 3237/64/6266 3236/66/6267
f 3236/66/6267 3216/66/6268 3218/64/6265
f 3207/39/6269 3250/39/6269 3249/41/6270
f 3249/41/6270 3220/41/6269 3207/39/6269
f 3211/12/6271 3263/12/6271 3262/15/6271
f 3262/15/6271 3222/15/6271 3211/12/6271
f 3220/41/6272 3249/41/6273 3248/42/6273
f 3248/42/6273 3227/42/6274 3220/41/6272
f 3222/15/6275 3262/15/6275 3261/17/6275
f 3261/17/6275 3229/17/6275 3222/15/6275
f 3227/42/6276 3248/42/6277 3247/44/6277
f 3247/44/6277 3233/44/6276 3227/42/6276
f 3199/18/6278 3229/17/6278 3261/17/6278
f 3261/17/6278 3260/18/6278 3199/18/6278
f 3233/44/6279 3247/44/6280 3246/47/6281
f 3246/47/6281 3215/47/6282 3233/44/6279
f 3199/18/6283 3260/18/6284 3259/21/6284
f 3259/21/6284 3200/21/6283 3199/18/6283
f 3215/47/6285 3246/47/6286 3245/49/6287
f 3245/49/6287 3214/49/6288 3215/47/6285
f 3200/21/6289 3259/21/6290 3258/23/6290
f 3258/23/6290 3219/23/6289 3200/21/6289
f 3214/49/6291 3245/49/6292 3244/50/6293
f 3244/50/6293 3224/50/6291 3214/49/6291
f 3219/23/6294 3258/23/6295 3257/25/6295
f 3257/25/6295 3226/25/6294 3219/23/6294
f 3224/50/6296 3244/50/6297 3243/52/6297
f 3243/52/6297 3231/52/6296 3224/50/6296
f 3226/25/6298 3257/25/6299 3256/26/6298
f 3256/26/6298 3232/26/6298 3226/25/6298
f 3231/52/6300 3243/52/6300 3242/55/6300
f 3242/55/6300 3210/55/6300 3231/52/6300
f 3232/26/6301 3256/26/6302 3255/29/6301
f 3255/29/6301 3213/29/6301 3232/26/6301
f 3210/55/6303 3242/55/6304 3241/56/6303
f 3241/56/6303 3209/56/6303 3210/55/6303
f 3213/29/6305 3255/29/6306 3254/31/6306
f 3254/31/6306 3212/31/6306 3213/29/6305
f 3216/2/6307 3236/2/6308 3235/3/6307
f 3235/3/6307 3217/3/6307 3216/2/6307
f 3209/56/6309 3241/56/6310 3240/59/6311
f 3240/59/6311 3221/59/6312 3209/56/6309
f 3212/31/6313 3254/31/6314 3253/33/6315
f 3253/33/6315 3223/33/6313 3212/31/6313
f 3217/3/6316 3235/3/6316 3264/6/6316
f 3264/6/6316 3225/6/6317 3217/3/6316
f 3221/59/6318 3240/59/6319 3239/61/6319
f 3239/61/6319 3228/61/6319 3221/59/6318
f 3223/33/6320 3253/33/6321 3252/35/6321
f 3252/35/6321 3230/35/6320 3223/33/6320
f 3225/6/6322 3264/6/6323 3204/8/6323
f 3204/8/6323 3203/8/6322 3225/6/6322
f 3228/61/6324 3239/61/6325 3238/62/6326
f 3238/62/6326 3234/62/6327 3228/61/6324
f 3230/35/6328 3252/35/6329 3251/37/6328
f 3251/37/6328 3208/37/6330 3230/35/6328
f 3265/3/6331 3266/4/6331 3267/5/6332
f 3267/5/6332 3268/2/6331 3265/3/6331
f 3269/7/6333 3266/4/6334 3265/3/6333
f 3265/3/6333 3270/6/6333 3269/7/6333
f 3271/8/6335 3272/9/6335 3269/7/6335
f 3269/7/6335 3270/6/6335 3271/8/6335
f 3273/11/6336 3272/9/6336 3271/8/6336
f 3271/8/6336 3274/10/6336 3273/11/6336
f 3275/12/6337 3276/13/6337 3273/11/6337
f 3273/11/6337 3274/10/6337 3275/12/6337
f 3277/14/6338 3276/13/6338 3275/12/6338
f 3275/12/6338 3278/15/6338 3277/14/6338
f 3279/16/6339 3277/14/6339 3278/15/6339
f 3278/15/6339 3280/17/6339 3279/16/6339
f 3281/18/6340 3282/19/6341 3279/16/6340
f 3279/16/6340 3280/17/6340 3281/18/6340
f 3283/20/6342 3282/19/6343 3281/18/6342
f 3281/18/6342 3284/21/6342 3283/20/6342
f 3285/23/6344 3286/22/6344 3283/20/6344
f 3283/20/6344 3284/21/6344 3285/23/6344
f 3287/25/6345 3288/24/6345 3286/22/6345
f 3286/22/6345 3285/23/6345 3287/25/6345
f 3289/27/6346 3288/24/6346 3287/25/6346
f 3287/25/6346 3290/26/6346 3289/27/6346
f 3291/29/6347 3292/28/6347 3289/27/6347
f 3289/27/6347 3290/26/6347 3291/29/6347
f 3293/31/6348 3294/30/6348 3292/28/6348
f 3292/28/6348 3291/29/6348 3293/31/6348
f 3295/32/6349 3294/30/6349 3293/31/6349
f 3293/31/6349 3296/33/6349 3295/32/6349
f 3296/33/6350 3297/35/6350 3298/34/6350
f 3298/34/6350 3295/32/6350 3296/33/6350
f 3299/37/6351 3300/36/6351 3298/34/6351
f 3298/34/6351 3297/35/6351 3299/37/6351
f 3301/38/6352 3300/36/6352 3299/37/6352
f 3299/37/6352 3302/39/6352 3301/38/6352
f 3303/40/6353 3301/38/6353 3302/39/6353
f 3302/39/6353 3304/41/6353 3303/40/6353
f 3305/42/6354 3306/43/6354 3303/40/6354
f 3303/40/6354 3304/41/6354 3305/42/6354
f 3307/45/6355 3306/43/6355 3305/42/6355
f 3305/42/6355 3308/44/6355 3307/45/6355
f 3309/47/6356 3310/46/6356 3307/45/6356
f 3307/45/6356 3308/44/6356 3309/47/6356
f 3311/49/6357 3312/48/6357 3310/46/6357
f 3310/46/6357 3309/47/6357 3311/49/6357
f 3313/51/6358 3312/48/6358 3311/49/6358
f 3311/49/6358 3314/50/6358 3313/51/6358
f 3315/53/6359 3313/51/6359 3314/50/6359
f 3314/50/6359 3316/52/6359 3315/53/6359
f 3317/55/6360 3318/54/6360 3315/53/6360
f 3315/53/6360 3316/52/6360 3317/55/6360
f 3319/57/6361 3318/54/6361 3317/55/6361
f 3317/55/6361 3320/56/6361 3319/57/6361
f 3321/59/6362 3322/58/6363 3319/57/6363
f 3319/57/6363 3320/56/6362 3321/59/6362
f 3323/61/6364 3324/60/6364 3322/58/6364
f 3322/58/6364 3321/59/6364 3323/61/6364
f 3325/63/6365 3324/60/6365 3323/61/6365
f 3323/61/6365 3326/62/6365 3325/63/6365
f 3327/21/6366 3284/21/6366 3281/18/6366
f 3281/18/6366 3328/18/6367 3327/21/6366
f 3329/64/6368 3330/65/6368 3325/63/6368
f 3325/63/6368 3326/62/6368 3329/64/6368
f 3329/64/6369 3268/66/6369 3267/67/6370
f 3267/67/6370 3330/65/6369 3329/64/6369
f 3267/98/5689 3266/68/5689 3269/69/5689
f 3269/69/5689 3272/70/5689 3273/71/5689
f 3267/98/5689 3269/69/5689 3273/71/5689
f 3276/72/5689 3277/73/5689 3279/74/5689
f 3273/71/5689 3276/72/5689 3279/74/5689
f 3273/71/5689 3279/74/5689 3282/75/5689
f 3282/75/5689 3283/76/5689 3286/77/5689
f 3273/71/5689 3282/75/5689 3286/77/5689
f 3273/71/5689 3286/77/5689 3288/78/5689
f 3288/78/5689 3289/79/6156 3292/80/5689
f 3273/71/5689 3288/78/5689 3292/80/5689
f 3273/71/5689 3292/80/5689 3294/81/5689
f 3294/81/5689 3295/82/5689 3298/83/5689
f 3273/71/5689 3294/81/5689 3298/83/5689
f 3273/71/5689 3298/83/5689 3300/84/5689
f 3300/84/5689 3301/85/5689 3303/86/5689
f 3273/71/5689 3300/84/5689 3303/86/5689
f 3273/71/5689 3303/86/5689 3306/87/5689
f 3306/87/5689 3307/88/5689 3310/89/5689
f 3273/71/5689 3306/87/5689 3310/89/5689
f 3273/71/5689 3310/89/5689 3312/90/5689
f 3312/90/5689 3313/91/5689 3315/92/5689
f 3273/71/5689 3312/90/5689 3315/92/5689
f 3273/71/5689 3315/92/5689 3318/93/5689
f 3318/93/5689 3319/94/5689 3322/95/5689
f 3273/71/5689 3318/93/5689 3322/95/5689
f 3273/71/5689 3322/95/5689 3324/96/5689
f 3267/98/5689 3273/71/5689 3324/96/5689
f 3267/98/5689 3324/96/5689 3325/97/5689
f 3267/98/5689 3325/97/5689 3330/99/5689
f 3331/10/6371 3332/8/6372 3333/8/6373
f 3333/8/6373 3334/10/6373 3331/10/6371
f 3335/39/6374 3302/39/6374 3299/37/6374
f 3299/37/6374 3336/37/6374 3335/39/6374
f 3337/56/6375 3320/56/6376 3317/55/6376
f 3317/55/6376 3338/55/6375 3337/56/6375
f 3274/10/6377 3331/10/6377 3339/12/6378
f 3339/12/6378 3275/12/6377 3274/10/6377
f 3291/29/6379 3340/29/6379 3341/31/6379
f 3341/31/6379 3293/31/6379 3291/29/6379
f 3311/49/6380 3309/47/6380 3342/47/6381
f 3342/47/6381 3343/49/6382 3311/49/6380
f 3268/2/6383 3344/2/6384 3345/3/6384
f 3345/3/6384 3265/3/6383 3268/2/6383
f 3268/66/6385 3329/64/6385 3346/64/6386
f 3346/64/6386 3344/66/6386 3268/66/6385
f 3327/21/6387 3347/23/6387 3285/23/6387
f 3285/23/6387 3284/21/6387 3327/21/6387
f 3335/39/6388 3348/41/6389 3304/41/6388
f 3304/41/6388 3302/39/6390 3335/39/6388
f 3337/56/6391 3349/59/6392 3321/59/6393
f 3321/59/6393 3320/56/6394 3337/56/6391
f 3350/15/6395 3278/15/6395 3275/12/6395
f 3275/12/6395 3339/12/6396 3350/15/6395
f 3351/33/6397 3296/33/6398 3293/31/6399
f 3293/31/6399 3341/31/6397 3351/33/6397
f 3352/50/6400 3314/50/6400 3311/49/6400
f 3311/49/6400 3343/49/6401 3352/50/6400
f 3353/6/6402 3270/6/6403 3265/3/6403
f 3265/3/6403 3345/3/6404 3353/6/6402
f 3285/23/6405 3347/23/6405 3354/25/6405
f 3354/25/6405 3287/25/6405 3285/23/6405
f 3305/42/6406 3304/41/6406 3348/41/6407
f 3348/41/6407 3355/42/6407 3305/42/6406
f 3323/61/6408 3321/59/6409 3349/59/6410
f 3349/59/6410 3356/61/6411 3323/61/6408
f 3350/15/6412 3357/17/6412 3280/17/6413
f 3280/17/6413 3278/15/6414 3350/15/6412
f 3351/33/6415 3358/35/6416 3297/35/6417
f 3297/35/6417 3296/33/6417 3351/33/6415
f 3352/50/6418 3359/52/6418 3316/52/6419
f 3316/52/6419 3314/50/6419 3352/50/6418
f 3270/6/6420 3353/6/6421 3332/8/6420
f 3332/8/6420 3271/8/6420 3270/6/6420
f 3360/26/6422 3290/26/6422 3287/25/6422
f 3287/25/6422 3354/25/6422 3360/26/6422
f 3361/44/6423 3308/44/6424 3305/42/6424
f 3305/42/6424 3355/42/6424 3361/44/6423
f 3362/62/6425 3326/62/6426 3323/61/6427
f 3323/61/6427 3356/61/6425 3362/62/6425
f 3280/17/6428 3357/17/6429 3328/18/6430
f 3328/18/6430 3281/18/6430 3280/17/6428
f 3297/35/6431 3358/35/6432 3336/37/6432
f 3336/37/6432 3299/37/6431 3297/35/6431
f 3317/55/6433 3316/52/6433 3359/52/6434
f 3359/52/6434 3338/55/6434 3317/55/6433
f 3331/10/6435 3274/10/6436 3271/8/6436
f 3271/8/6436 3332/8/6435 3331/10/6435
f 3360/26/6437 3340/29/6437 3291/29/6437
f 3291/29/6437 3290/26/6437 3360/26/6437
f 3361/44/6438 3342/47/6439 3309/47/6438
f 3309/47/6438 3308/44/6438 3361/44/6438
f 3362/62/6440 3346/64/6441 3329/64/6442
f 3329/64/6442 3326/62/6443 3362/62/6440
f 3363/102/6444 3364/103/6445 3365/104/6446
f 3363/102/6444 3365/104/6446 3366/105/6447
f 3366/105/6447 3367/106/6448 3368/107/6449
f 3363/102/6444 3366/105/6447 3368/107/6449
f 3363/102/6444 3368/107/6449 3369/108/6446
f 3369/108/6446 3370/109/6450 3371/110/6451
f 3363/102/6444 3369/108/6446 3371/110/6451
f 3363/102/6444 3371/110/6451 3372/111/6447
f 3372/111/6447 3373/112/6452 3374/113/6446
f 3363/102/6444 3372/111/6447 3374/113/6446
f 3363/102/6444 3374/113/6446 3375/114/6444
f 3375/114/6444 3376/115/6453 3377/116/6444
f 3363/102/6444 3375/114/6444 3377/116/6444
f 3363/102/6444 3377/116/6444 3378/117/6444
f 3378/117/6444 3379/118/6454 3380/119/6444
f 3363/102/6444 3378/117/6444 3380/119/6444
f 3363/102/6444 3380/119/6444 3381/120/6449
f 3381/120/6449 3382/121/6455 3383/122/6444
f 3363/102/6444 3381/120/6449 3383/122/6444
f 3363/102/6444 3383/122/6444 3384/123/6447
f 3384/123/6447 3385/124/6456 3386/125/6444
f 3363/102/6444 3384/123/6447 3386/125/6444
f 3386/125/6444 3387/126/6457 3388/127/6458
f 3386/125/6444 3388/127/6458 3389/128/6444
f 3363/102/6444 3386/125/6444 3389/128/6444
f 3363/102/6444 3389/128/6444 3334/129/6444
f 3334/129/6444 3333/130/6446 3390/131/6444
f 3363/102/6444 3334/129/6444 3390/131/6444
f 3391/101/6450 3363/102/6444 3390/131/6444
f 3392/100/6459 3391/101/6450 3390/131/6444
f 3346/64/6460 3362/62/6460 3364/62/6461
f 3364/62/6461 3363/64/6462 3346/64/6460
f 3377/37/6463 3376/39/6463 3335/39/6464
f 3335/39/6464 3336/37/6464 3377/37/6463
f 3339/12/6465 3331/10/6465 3334/10/6466
f 3334/10/6466 3389/12/6467 3339/12/6465
f 3344/66/6468 3346/64/6468 3363/64/6469
f 3363/64/6469 3391/66/6470 3344/66/6468
f 3348/41/6471 3335/39/6472 3376/39/6473
f 3376/39/6473 3375/41/6474 3348/41/6471
f 3388/15/6475 3350/15/6476 3339/12/6476
f 3339/12/6476 3389/12/6475 3388/15/6475
f 3355/42/6477 3348/41/6478 3375/41/6477
f 3375/41/6477 3374/42/6477 3355/42/6477
f 3357/17/6479 3350/15/6479 3388/15/6480
f 3388/15/6480 3387/17/6480 3357/17/6479
f 3374/42/6481 3373/44/6481 3361/44/6482
f 3361/44/6482 3355/42/6482 3374/42/6481
f 3328/18/6483 3357/17/6483 3387/17/6484
f 3387/17/6484 3386/18/6485 3328/18/6483
f 3342/47/6486 3361/44/6486 3373/44/6486
f 3373/44/6486 3372/47/6487 3342/47/6486
f 3386/18/6488 3385/21/6489 3327/21/6490
f 3327/21/6490 3328/18/6490 3386/18/6488
f 3343/49/6491 3342/47/6491 3372/47/6492
f 3372/47/6492 3371/49/6492 3343/49/6491
f 3347/23/6493 3327/21/6493 3385/21/6494
f 3385/21/6494 3384/23/6494 3347/23/6493
f 3371/49/6495 3370/50/6495 3352/50/6495
f 3352/50/6495 3343/49/6496 3371/49/6495
f 3354/25/6497 3347/23/6497 3384/23/6498
f 3384/23/6498 3383/25/6498 3354/25/6497
f 3359/52/6499 3352/50/6500 3370/50/6499
f 3370/50/6499 3369/52/6499 3359/52/6499
f 3383/25/6501 3382/26/6501 3360/26/6501
f 3360/26/6501 3354/25/6501 3383/25/6501
f 3338/55/6502 3359/52/6503 3369/52/6504
f 3369/52/6504 3368/55/6504 3338/55/6502
f 3340/29/6505 3360/26/6505 3382/26/6505
f 3382/26/6505 3381/29/6506 3340/29/6505
f 3368/55/6507 3367/56/6508 3337/56/6507
f 3337/56/6507 3338/55/6509 3368/55/6507
f 3341/31/6510 3340/29/6510 3381/29/6511
f 3381/29/6511 3380/31/6512 3341/31/6510
f 3344/2/6513 3391/2/6514 3392/3/6514
f 3392/3/6514 3345/3/6513 3344/2/6513
f 3349/59/6515 3337/56/6516 3367/56/6517
f 3367/56/6517 3366/59/6518 3349/59/6515
f 3380/31/6519 3379/33/6520 3351/33/6521
f 3351/33/6521 3341/31/6521 3380/31/6519
f 3390/6/6522 3353/6/6523 3345/3/6522
f 3345/3/6522 3392/3/6524 3390/6/6522
f 3356/61/6525 3349/59/6525 3366/59/6526
f 3366/59/6526 3365/61/6527 3356/61/6525
f 3358/35/6528 3351/33/6528 3379/33/6528
f 3379/33/6528 3378/35/6528 3358/35/6528
f 3333/8/6529 3332/8/6530 3353/6/6530
f 3353/6/6530 3390/6/6530 3333/8/6529
f 3365/61/6531 3364/62/6531 3362/62/6532
f 3362/62/6532 3356/61/6533 3365/61/6531
f 3336/37/6534 3358/35/6534 3378/35/6535
f 3378/35/6535 3377/37/6536 3336/37/6534
f 3393/3/6537 3394/4/6537 3395/5/6537
f 3395/5/6537 3396/2/6537 3393/3/6537
f 3397/7/6538 3394/4/6538 3393/3/6539
f 3393/3/6539 3398/6/6539 3397/7/6538
f 3399/8/6540 3400/9/6541 3397/7/6541
f 3397/7/6541 3398/6/6540 3399/8/6540
f 3401/10/6542 3402/11/6543 3400/9/6544
f 3400/9/6544 3399/8/6545 3401/10/6542
f 3403/13/6546 3402/11/6546 3401/10/6546
f 3401/10/6546 3404/12/6547 3403/13/6546
f 3405/15/6548 3406/14/6549 3403/13/6550
f 3403/13/6550 3404/12/6550 3405/15/6548
f 3407/17/6551 3408/16/6551 3406/14/6551
f 3406/14/6551 3405/15/6551 3407/17/6551
f 3409/19/6552 3408/16/6552 3407/17/6552
f 3407/17/6552 3410/18/6552 3409/19/6552
f 3411/21/6553 3412/20/6553 3409/19/6553
f 3409/19/6553 3410/18/6553 3411/21/6553
f 3413/23/6554 3414/22/6554 3412/20/6554
f 3412/20/6554 3411/21/6554 3413/23/6554
f 3415/24/6555 3414/22/6555 3413/23/6555
f 3413/23/6555 3416/25/6556 3415/24/6555
f 3417/26/6557 3418/27/6557 3415/24/6557
f 3415/24/6557 3416/25/6557 3417/26/6557
f 3419/29/6558 3420/28/6559 3418/27/6559
f 3418/27/6559 3417/26/6558 3419/29/6558
f 3421/30/6560 3420/28/6560 3419/29/6561
f 3419/29/6561 3422/31/6560 3421/30/6560
f 3423/32/6562 3421/30/6562 3422/31/6563
f 3422/31/6563 3424/33/6562 3423/32/6562
f 3425/35/6564 3426/34/6564 3423/32/6564
f 3423/32/6564 3424/33/6564 3425/35/6564
f 3427/36/6565 3426/34/6565 3425/35/6565
f 3425/35/6565 3428/37/6565 3427/36/6565
f 3429/38/6566 3427/36/6566 3428/37/6566
f 3428/37/6566 3430/39/6566 3429/38/6566
f 3431/41/6567 3432/40/6567 3429/38/6567
f 3429/38/6567 3430/39/6567 3431/41/6567
f 3433/43/6568 3432/40/6569 3431/41/6570
f 3431/41/6570 3434/42/6571 3433/43/6568
f 3435/44/6572 3436/45/6573 3433/43/6573
f 3433/43/6573 3434/42/6572 3435/44/6572
f 3437/47/6574 3438/46/6574 3436/45/6575
f 3436/45/6575 3435/44/6576 3437/47/6574
f 3439/48/6577 3438/46/6577 3437/47/6577
f 3437/47/6577 3440/49/6577 3439/48/6577
f 3441/51/6578 3439/48/6578 3440/49/6578
f 3440/49/6578 3442/50/6578 3441/51/6578
f 3443/52/6579 3444/53/6579 3441/51/6579
f 3441/51/6579 3442/50/6579 3443/52/6579
f 3445/54/6580 3444/53/6580 3443/52/6580
f 3443/52/6580 3446/55/6580 3445/54/6580
f 3447/56/6581 3448/57/6581 3445/54/6581
f 3445/54/6581 3446/55/6581 3447/56/6581
f 3449/59/6582 3450/58/6583 3448/57/6584
f 3448/57/6584 3447/56/6585 3449/59/6582
f 3451/60/6586 3450/58/6586 3449/59/6587
f 3449/59/6587 3452/61/6587 3451/60/6586
f 3453/62/6588 3454/63/6589 3451/60/6588
f 3451/60/6588 3452/61/6590 3453/62/6588
f 3410/18/6591 3455/18/6592 3456/21/6592
f 3456/21/6592 3411/21/6591 3410/18/6591
f 3457/64/6593 3458/65/6593 3454/63/6593
f 3454/63/6593 3453/62/6593 3457/64/6593
f 3457/64/6594 3396/66/6595 3395/67/6594
f 3395/67/6594 3458/65/6594 3457/64/6594
f 3394/68/5689 3397/69/6596 3400/70/5689
f 3395/98/5689 3394/68/5689 3400/70/5689
f 3395/98/5689 3400/70/5689 3402/71/5689
f 3402/71/5689 3403/72/5689 3406/73/5689
f 3395/98/5689 3402/71/5689 3406/73/5689
f 3395/98/5689 3406/73/5689 3408/74/5689
f 3408/74/5689 3409/75/5689 3412/76/5689
f 3395/98/5689 3408/74/5689 3412/76/5689
f 3395/98/5689 3412/76/5689 3414/77/5689
f 3414/77/5689 3415/78/6597 3418/79/5689
f 3395/98/5689 3414/77/5689 3418/79/5689
f 3395/98/5689 3418/79/5689 3420/80/5689
f 3420/80/5689 3421/81/6596 3423/82/5689
f 3395/98/5689 3420/80/5689 3423/82/5689
f 3395/98/5689 3423/82/5689 3426/83/5689
f 3426/83/5689 3427/84/6596 3429/85/5689
f 3395/98/5689 3426/83/5689 3429/85/5689
f 3395/98/5689 3429/85/5689 3432/86/5689
f 3432/86/5689 3433/87/5689 3436/88/5689
f 3395/98/5689 3432/86/5689 3436/88/5689
f 3395/98/5689 3436/88/5689 3438/89/5689
f 3438/89/5689 3439/90/5689 3441/91/5689
f 3395/98/5689 3438/89/5689 3441/91/5689
f 3395/98/5689 3441/91/5689 3444/92/5689
f 3444/92/5689 3445/93/5689 3448/94/5689
f 3395/98/5689 3444/92/5689 3448/94/5689
f 3395/98/5689 3448/94/5689 3450/95/5689
f 3450/95/5689 3451/96/6156 3454/97/5689
f 3395/98/5689 3450/95/5689 3454/97/5689
f 3395/98/5689 3454/97/5689 3458/99/6156
f 3459/8/6598 3460/8/6598 3461/10/6598
f 3461/10/6598 3462/10/6599 3459/8/6598
f 3463/39/6600 3430/39/6601 3428/37/6601
f 3428/37/6601 3464/37/6600 3463/39/6600
f 3465/56/6602 3447/56/6603 3446/55/6603
f 3446/55/6603 3466/55/6604 3465/56/6602
f 3401/10/6605 3462/10/6605 3467/12/6605
f 3467/12/6605 3404/12/6606 3401/10/6605
f 3422/31/6607 3419/29/6607 3468/29/6607
f 3468/29/6607 3469/31/6607 3422/31/6607
f 3440/49/6608 3437/47/6609 3470/47/6608
f 3470/47/6608 3471/49/6608 3440/49/6608
f 3472/3/6610 3393/3/6611 3396/2/6611
f 3396/2/6611 3473/2/6610 3472/3/6610
f 3474/64/6612 3473/66/6613 3396/66/6614
f 3396/66/6614 3457/64/6614 3474/64/6612
f 3411/21/6615 3456/21/6616 3475/23/6616
f 3475/23/6616 3413/23/6616 3411/21/6615
f 3476/41/6617 3431/41/6618 3430/39/6618
f 3430/39/6618 3463/39/6619 3476/41/6617
f 3477/59/6620 3449/59/6621 3447/56/6621
f 3447/56/6621 3465/56/6622 3477/59/6620
f 3404/12/6623 3467/12/6624 3478/15/6623
f 3478/15/6623 3405/15/6623 3404/12/6623
f 3479/33/6625 3424/33/6626 3422/31/6625
f 3422/31/6625 3469/31/6625 3479/33/6625
f 3480/50/6627 3442/50/6628 3440/49/6628
f 3440/49/6628 3471/49/6627 3480/50/6627
f 3393/3/6629 3472/3/6630 3481/6/6629
f 3481/6/6629 3398/6/6631 3393/3/6629
f 3475/23/6632 3482/25/6632 3416/25/6632
f 3416/25/6632 3413/23/6632 3475/23/6632
f 3434/42/6633 3431/41/6633 3476/41/6634
f 3476/41/6634 3483/42/6633 3434/42/6633
f 3452/61/6635 3449/59/6636 3477/59/6637
f 3477/59/6637 3484/61/6637 3452/61/6635
f 3405/15/6638 3478/15/6638 3485/17/6638
f 3485/17/6638 3407/17/6638 3405/15/6638
f 3486/35/6639 3425/35/6639 3424/33/6639
f 3424/33/6639 3479/33/6640 3486/35/6639
f 3487/52/6641 3443/52/6642 3442/50/6642
f 3442/50/6642 3480/50/6641 3487/52/6641
f 3398/6/6643 3481/6/6643 3459/8/6644
f 3459/8/6644 3399/8/6644 3398/6/6643
f 3482/25/6645 3488/26/6645 3417/26/6646
f 3417/26/6646 3416/25/6646 3482/25/6645
f 3489/44/6647 3435/44/6648 3434/42/6648
f 3434/42/6648 3483/42/6647 3489/44/6647
f 3490/62/6649 3453/62/6650 3452/61/6650
f 3452/61/6650 3484/61/6649 3490/62/6649
f 3407/17/6651 3485/17/6652 3455/18/6652
f 3455/18/6652 3410/18/6651 3407/17/6651
f 3428/37/6653 3425/35/6654 3486/35/6655
f 3486/35/6655 3464/37/6655 3428/37/6653
f 3446/55/6656 3443/52/6657 3487/52/6656
f 3487/52/6656 3466/55/6656 3446/55/6656
f 3399/8/6658 3459/8/6658 3462/10/6658
f 3462/10/6658 3401/10/6658 3399/8/6658
f 3419/29/6659 3417/26/6660 3488/26/6661
f 3488/26/6661 3468/29/6661 3419/29/6659
f 3470/47/6662 3437/47/6663 3435/44/6662
f 3435/44/6662 3489/44/6662 3470/47/6662
f 3474/64/6664 3457/64/6665 3453/62/6666
f 3453/62/6666 3490/62/6667 3474/64/6664
f 3491/100/6668 3492/101/6669 3493/102/6670
f 3493/102/6670 3494/103/6671 3495/104/6672
f 3491/100/6668 3493/102/6670 3495/104/6672
f 3496/105/6673 3497/106/6674 3498/107/6668
f 3495/104/6672 3496/105/6673 3498/107/6668
f 3491/100/6668 3495/104/6672 3498/107/6668
f 3499/108/6675 3500/109/6676 3501/110/6672
f 3498/107/6668 3499/108/6675 3501/110/6672
f 3502/111/6677 3503/112/6678 3504/113/6672
f 3501/110/6672 3502/111/6677 3504/113/6672
f 3498/107/6668 3501/110/6672 3504/113/6672
f 3491/100/6668 3498/107/6668 3504/113/6672
f 3505/114/6679 3506/115/6680 3507/116/6681
f 3504/113/6672 3505/114/6679 3507/116/6681
f 3508/117/6682 3509/118/6683 3510/119/6672
f 3507/116/6681 3508/117/6682 3510/119/6672
f 3504/113/6672 3507/116/6681 3510/119/6672
f 3511/120/6684 3512/121/6685 3513/122/6672
f 3510/119/6672 3511/120/6684 3513/122/6672
f 3514/123/6686 3515/124/6687 3516/125/6672
f 3513/122/6672 3514/123/6686 3516/125/6672
f 3510/119/6672 3513/122/6672 3516/125/6672
f 3504/113/6672 3510/119/6672 3516/125/6672
f 3491/100/6668 3504/113/6672 3516/125/6672
f 3517/126/6688 3518/127/6689 3519/128/6676
f 3516/125/6672 3517/126/6688 3519/128/6676
f 3461/129/6680 3460/130/6690 3520/131/6680
f 3519/128/6676 3461/129/6680 3520/131/6680
f 3516/125/6672 3519/128/6676 3520/131/6680
f 3491/100/6668 3516/125/6672 3520/131/6680
f 3490/62/6691 3494/62/6692 3493/64/6693
f 3493/64/6693 3474/64/6692 3490/62/6691
f 3463/39/6694 3464/37/6695 3507/37/6695
f 3507/37/6695 3506/39/6695 3463/39/6694
f 3519/12/6696 3467/12/6697 3462/10/6697
f 3462/10/6697 3461/10/6696 3519/12/6696
f 3493/64/6698 3492/66/6698 3473/66/6699
f 3473/66/6699 3474/64/6699 3493/64/6698
f 3463/39/6700 3506/39/6701 3505/41/6701
f 3505/41/6701 3476/41/6702 3463/39/6700
f 3478/15/6703 3467/12/6703 3519/12/6703
f 3519/12/6703 3518/15/6703 3478/15/6703
f 3504/42/6704 3483/42/6705 3476/41/6706
f 3476/41/6706 3505/41/6704 3504/42/6704
f 3478/15/6707 3518/15/6707 3517/17/6707
f 3517/17/6707 3485/17/6708 3478/15/6707
f 3489/44/6709 3483/42/6709 3504/42/6710
f 3504/42/6710 3503/44/6709 3489/44/6709
f 3516/18/6711 3455/18/6712 3485/17/6712
f 3485/17/6712 3517/17/6713 3516/18/6711
f 3489/44/6714 3503/44/6714 3502/47/6714
f 3502/47/6714 3470/47/6714 3489/44/6714
f 3456/21/6715 3455/18/6716 3516/18/6717
f 3516/18/6717 3515/21/6716 3456/21/6715
f 3501/49/6718 3471/49/6719 3470/47/6720
f 3470/47/6720 3502/47/6718 3501/49/6718
f 3456/21/6721 3515/21/6722 3514/23/6722
f 3514/23/6722 3475/23/6722 3456/21/6721
f 3480/50/6723 3471/49/6723 3501/49/6723
f 3501/49/6723 3500/50/6723 3480/50/6723
f 3475/23/6724 3514/23/6725 3513/25/6725
f 3513/25/6725 3482/25/6726 3475/23/6724
f 3480/50/6727 3500/50/6728 3499/52/6728
f 3499/52/6728 3487/52/6727 3480/50/6727
f 3513/25/6729 3512/26/6730 3488/26/6731
f 3488/26/6731 3482/25/6731 3513/25/6729
f 3498/55/6732 3466/55/6733 3487/52/6734
f 3487/52/6734 3499/52/6732 3498/55/6732
f 3511/29/6735 3468/29/6736 3488/26/6737
f 3488/26/6737 3512/26/6738 3511/29/6735
f 3465/56/6739 3466/55/6740 3498/55/6741
f 3498/55/6741 3497/56/6741 3465/56/6739
f 3510/31/6742 3469/31/6743 3468/29/6743
f 3468/29/6743 3511/29/6742 3510/31/6742
f 3472/3/6744 3473/2/6744 3492/2/6745
f 3492/2/6745 3491/3/6745 3472/3/6744
f 3465/56/6746 3497/56/6747 3496/59/6747
f 3496/59/6747 3477/59/6746 3465/56/6746
f 3479/33/6748 3469/31/6748 3510/31/6749
f 3510/31/6749 3509/33/6748 3479/33/6748
f 3520/6/6750 3481/6/6750 3472/3/6750
f 3472/3/6750 3491/3/6750 3520/6/6750
f 3495/61/6751 3484/61/6752 3477/59/6753
f 3477/59/6753 3496/59/6754 3495/61/6751
f 3479/33/6755 3509/33/6756 3508/35/6756
f 3508/35/6756 3486/35/6755 3479/33/6755
f 3459/8/6757 3481/6/6758 3520/6/6759
f 3520/6/6759 3460/8/6759 3459/8/6757
f 3490/62/6760 3484/61/6761 3495/61/6760
f 3495/61/6760 3494/62/6762 3490/62/6760
f 3507/37/6763 3464/37/6764 3486/35/6764
f 3486/35/6764 3508/35/6763 3507/37/6763
