# Blender 5.0.1
# www.blender.org
mtllib goddard_mandibula.mtl
o mandibula
v -0.107546 -0.083399 0.629499
v -0.214846 -0.050499 0.577199
v -0.180846 -0.089999 0.593599
v -0.309246 -0.013999 0.512399
v -0.281346 -0.057399 0.531099
v -0.337646 -0.065999 0.479899
v -0.368946 -0.020299 0.454499
v -0.088246 -0.082399 0.580299
v -0.158346 -0.088199 0.545899
v -0.204046 -0.452099 0.308499
v -0.161446 -0.476899 0.347299
v -0.201646 -0.445499 0.364599
v -0.253346 -0.412899 0.322899
v -0.235646 -0.413999 0.385399
v -0.293546 -0.374799 0.340999
v -0.263446 -0.382699 0.408499
v -0.325246 -0.337999 0.361799
v -0.284546 -0.352199 0.433099
v -0.348746 -0.302799 0.384799
v -0.298146 -0.323599 0.459099
v -0.363746 -0.270199 0.410199
v -0.303846 -0.297799 0.486699
v -0.369946 -0.241299 0.438199
v -0.301046 -0.275699 0.515999
v -0.366946 -0.217199 0.468999
v -0.241046 -0.428899 0.262799
v -0.296546 -0.383099 0.274899
v -0.341446 -0.338699 0.290399
v -0.376546 -0.295999 0.308799
v -0.402246 -0.255199 0.329899
v -0.418546 -0.217599 0.354199
v -0.425246 -0.184699 0.382399
v -0.421846 -0.157999 0.415099
v -0.331946 -0.356399 0.221499
v -0.272446 -0.407599 0.211499
v -0.380246 -0.306199 0.234499
v -0.417946 -0.257199 0.250099
v -0.445746 -0.209799 0.268699
v -0.463346 -0.165999 0.291399
v -0.470446 -0.127899 0.319499
v -0.466746 -0.097799 0.354399
v -0.297846 -0.389099 0.155899
v -0.359846 -0.333399 0.163799
v -0.410446 -0.277899 0.174099
v -0.316546 -0.374599 0.097099
v -0.380146 -0.315399 0.102899
v -0.392546 -0.303699 0.039599
v -0.328146 -0.365099 0.036099
v -0.073546 -0.233899 0.711799
v -0.110046 -0.192099 0.699599
v -0.169446 -0.180899 0.672499
v -0.123146 -0.228399 0.690699
v -0.139446 -0.147999 0.686599
v -0.205946 -0.132599 0.653599
v -0.233346 -0.083899 0.634899
v -0.162146 -0.102399 0.673299
v -0.221346 -0.175199 0.642199
v -0.168046 -0.227199 0.666299
v -0.263446 -0.123099 0.617099
v -0.295146 -0.070999 0.591999
v -0.252046 -0.035299 0.617399
v -0.316946 -0.019399 0.568199
v -0.266046 -0.174199 0.609199
v -0.208146 -0.229599 0.638899
v -0.312446 -0.118799 0.577499
v -0.347946 -0.063499 0.545099
v -0.372946 -0.008499 0.513499
v -0.303546 -0.177599 0.574099
v -0.242246 -0.235299 0.609099
v -0.353246 -0.119599 0.535799
v -0.392046 -0.061299 0.495199
v -0.420346 -0.002899 0.454199
v -0.333246 -0.185599 0.538199
v -0.269546 -0.244699 0.578099
v -0.385446 -0.125899 0.493499
v -0.426946 -0.065399 0.444799
v -0.458346 -0.004099 0.393699
v -0.354546 -0.198699 0.502699
v -0.289446 -0.257999 0.546699
v -0.408446 -0.138499 0.452599
v -0.452146 -0.077199 0.396999
v -0.486246 -0.014299 0.336299
v -0.117046 -0.211499 -0.737001
v -0.080546 -0.253099 -0.749901
v -0.129646 -0.246299 -0.729201
v -0.175946 -0.198899 -0.710101
v -0.174046 -0.243699 -0.705201
v -0.227346 -0.191599 -0.680201
v -0.213546 -0.244599 -0.678301
v -0.271446 -0.188999 -0.647501
v -0.247046 -0.248799 -0.649301
v -0.308246 -0.190699 -0.613001
v -0.273946 -0.256599 -0.619001
v -0.337346 -0.197099 -0.577801
v -0.293246 -0.268499 -0.588601
v -0.358146 -0.208599 -0.543301
v -0.304346 -0.284899 -0.559001
v -0.370046 -0.225699 -0.510701
v -0.212546 -0.150799 -0.690201
v -0.146546 -0.167799 -0.723101
v -0.269446 -0.139499 -0.653901
v -0.317746 -0.133399 -0.614601
v -0.357846 -0.132399 -0.573301
v -0.389346 -0.136899 -0.531701
v -0.411846 -0.147799 -0.491701
v -0.424746 -0.165799 -0.455301
v -0.169446 -0.122499 -0.708801
v -0.240046 -0.102299 -0.670401
v -0.301146 -0.087399 -0.627501
v -0.353146 -0.077899 -0.580801
v -0.396546 -0.073699 -0.531201
v -0.430746 -0.075799 -0.481401
v -0.455246 -0.085699 -0.434301
v -0.469346 -0.104799 -0.392901
v -0.184946 -0.076999 -0.695101
v -0.258746 -0.053999 -0.651701
v -0.322946 -0.035999 -0.602501
v -0.378146 -0.022899 -0.547801
v -0.424646 -0.014899 -0.488601
v -0.461946 -0.013899 -0.428401
v -0.488946 -0.021999 -0.371701
v -0.504746 -0.042099 -0.323401
v -0.481946 0.048301 -0.377201
v -0.203246 -0.449899 -0.416701
v -0.162846 -0.480899 -0.400701
v -0.205346 -0.455599 -0.361601
v -0.254746 -0.416699 -0.374401
v -0.242146 -0.431899 -0.315601
v -0.297746 -0.386399 -0.325901
v -0.273346 -0.410099 -0.264101
v -0.332946 -0.359099 -0.272101
v -0.298546 -0.390999 -0.208201
v -0.360546 -0.335499 -0.214001
v -0.317046 -0.375799 -0.149201
v -0.380646 -0.316799 -0.152701
v -0.328346 -0.365699 -0.088101
v -0.392846 -0.304399 -0.089201
v -0.332246 -0.361899 -0.025901
v -0.396846 -0.299699 -0.024801
v -0.237346 -0.418899 -0.436001
v -0.295046 -0.379099 -0.390801
v -0.342746 -0.342399 -0.339501
v -0.381346 -0.309199 -0.283001
v -0.411346 -0.280199 -0.221901
v -0.432846 -0.256999 -0.157601
v -0.445746 -0.241499 -0.091001
v -0.327046 -0.342799 -0.409901
v -0.265446 -0.388099 -0.457501
v -0.378046 -0.300199 -0.356001
v -0.419246 -0.260599 -0.296501
v -0.451346 -0.225199 -0.232101
v -0.350746 -0.308299 -0.431201
v -0.286746 -0.358399 -0.480501
v -0.403946 -0.259999 -0.375201
v -0.447246 -0.213799 -0.312801
v -0.481046 -0.170899 -0.244901
v -0.366046 -0.276499 -0.454901
v -0.300646 -0.330599 -0.505001
v -0.420546 -0.223199 -0.397601
v -0.465046 -0.170799 -0.333401
v -0.500246 -0.119999 -0.262501
v -0.306746 -0.305799 -0.531201
v -0.372646 -0.248599 -0.481301
v -0.427546 -0.191299 -0.424101
v -0.472546 -0.133699 -0.359601
v -0.508346 -0.075699 -0.287701
v -0.115046 -0.507899 0.334399
v -0.089146 -0.520299 0.361499
v -0.113246 -0.502999 0.378599
v -0.139646 -0.481499 0.399099
v -0.166746 -0.456099 0.422999
v -0.190346 -0.429499 0.448199
v -0.208646 -0.403099 0.474199
v -0.220746 -0.377799 0.500699
v -0.225746 -0.354399 0.527899
v -0.223046 -0.333899 0.555799
v -0.143746 -0.492999 0.298999
v -0.173946 -0.476099 0.254499
v -0.201246 -0.459599 0.204399
v -0.223746 -0.444999 0.150099
v -0.240746 -0.433299 0.092799
v -0.251546 -0.425599 0.033399
v -0.255346 -0.422899 -0.027001
v 0.000854 -0.271599 0.732999
v -0.019746 -0.244199 0.729199
v -0.030046 -0.272799 0.722599
v -0.041546 -0.210299 0.723299
v -0.063146 -0.169699 0.715299
v -0.061046 0.119701 0.703899
v -0.064946 -0.275099 0.707899
v -0.102646 -0.278899 0.688299
v -0.137946 -0.284599 0.665299
v -0.168646 -0.292599 0.639799
v -0.193746 -0.303199 0.612499
v -0.212246 -0.316899 0.584199
v -0.036946 -0.291899 -0.761401
v -0.027046 -0.264499 -0.767101
v -0.006346 -0.291599 -0.771501
v -0.071446 -0.293099 -0.747101
v -0.108746 -0.295599 -0.728001
v -0.143446 -0.299899 -0.705701
v -0.173646 -0.306399 -0.681001
v -0.198246 -0.315599 -0.654501
v -0.216146 -0.327799 -0.627301
v -0.226546 -0.343599 -0.600101
v -0.049046 -0.230999 -0.760601
v -0.070846 -0.190999 -0.751801
v -0.088746 -0.148499 -0.742101
v -0.060346 0.121401 -0.732301
v -0.116446 -0.511599 -0.389001
v -0.114846 -0.507299 -0.432301
v -0.090546 -0.524399 -0.416001
v -0.144946 -0.496299 -0.353601
v -0.174946 -0.478899 -0.308901
v -0.202046 -0.461899 -0.258801
v -0.224446 -0.446699 -0.204401
v -0.241246 -0.434399 -0.147001
v -0.251746 -0.426099 -0.087501
v -0.141346 -0.486299 -0.451801
v -0.168646 -0.461399 -0.474401
v -0.192446 -0.435499 -0.498201
v -0.211046 -0.409799 -0.522601
v -0.223446 -0.385299 -0.547701
v -0.228846 -0.362899 -0.573501
v 1.515254 -0.773499 0.625899
v 1.600754 -0.797599 0.599299
v 1.630354 -0.782399 0.595399
v 1.539154 -0.753999 0.625099
v 1.664754 -0.765399 0.589399
v 1.567954 -0.733399 0.622099
v 1.699254 -0.745599 0.582699
v 1.637954 -0.571399 0.617899
v 1.437054 -0.723199 0.654099
v 1.416954 -0.746199 0.652899
v 1.461554 -0.699399 0.653199
v 1.487654 -0.674099 0.651099
v 1.325754 -0.689599 0.681699
v 1.308054 -0.715399 0.679199
v 1.346954 -0.662999 0.682399
v 1.414754 -0.512399 0.681799
v 1.191254 -0.681099 0.703699
v 1.207054 -0.653199 0.707199
v 1.225554 -0.624099 0.708999
v 1.245454 -0.593899 0.709599
v 1.083054 -0.613999 0.729899
v 1.068754 -0.643699 0.725799
v 1.099254 -0.583099 0.732499
v 1.173954 -0.355199 0.733899
v 0.955654 -0.572699 0.749299
v 0.942654 -0.603699 0.744899
v 0.969754 -0.540099 0.752399
v 0.984854 -0.506199 0.754299
v 0.815154 -0.561499 0.760199
v 0.826754 -0.529399 0.764799
v 0.838954 -0.495499 0.767999
v 0.865654 -0.341799 0.770099
v 0.698354 -0.484599 0.775799
v 0.688254 -0.517499 0.771199
v 0.708554 -0.449699 0.778999
v 0.719054 -0.413299 0.781099
v 0.572454 -0.439199 0.782199
v 0.563854 -0.472699 0.777899
v 0.580254 -0.403599 0.785099
v 0.588054 -0.366199 0.786899
v 0.444054 -0.427799 0.779999
v 0.450554 -0.394099 0.783899
v 0.455654 -0.357799 0.786299
v 0.477054 -0.245199 0.787499
v 0.334654 -0.350099 0.780799
v 0.330754 -0.383899 0.777499
v 0.336354 -0.313399 0.782299
v 0.337654 -0.274699 0.782599
v 0.226254 -0.308299 0.772799
v 0.225854 -0.341999 0.770599
v 0.223854 -0.271299 0.773099
v 0.238654 -0.147199 0.772099
v 0.131554 -0.303499 0.759699
v 0.126854 -0.269999 0.760299
v 0.119154 -0.232499 0.758799
v 0.111654 -0.192399 0.755899
v 0.037454 -0.236699 0.743699
v 0.049354 -0.270399 0.745699
v 0.023154 -0.198199 0.739499
v 0.054254 0.104601 0.728699
v 1.578954 -0.811799 0.600099
v 1.638854 -0.824999 0.580799
v 1.671254 -0.818799 0.573999
v 1.709054 -0.809199 0.565599
v 1.750354 -0.795599 0.555799
v 1.802754 -0.711399 0.542299
v 0.056054 -0.298099 0.744699
v 0.128454 -0.331199 0.755999
v 0.219954 -0.371099 0.765899
v 0.323154 -0.413999 0.772199
v 0.435254 -0.458399 0.774199
v 0.554154 -0.503399 0.771799
v 0.677854 -0.548099 0.764999
v 0.804254 -0.591599 0.753899
v 0.931354 -0.633099 0.738699
v 1.057154 -0.671999 0.719799
v 1.179254 -0.707999 0.698099
v 1.295654 -0.740599 0.674099
v 1.403954 -0.769299 0.648599
v 1.501154 -0.793499 0.622899
v 0.123654 -0.325399 -0.797801
v 0.041754 -0.291599 -0.783701
v 0.029554 -0.258499 -0.781001
v 0.118654 -0.292799 -0.797701
v 0.015054 -0.220699 -0.776001
v 0.110554 -0.256099 -0.795301
v 0.002254 -0.180199 -0.769701
v 0.102854 -0.216799 -0.791701
v 0.054854 0.105801 -0.763101
v 0.097854 -0.176299 -0.787401
v 0.217754 -0.331899 -0.810201
v 0.217754 -0.364499 -0.808801
v 0.214954 -0.295799 -0.809701
v 0.211754 -0.257399 -0.807901
v 0.244454 -0.085199 -0.805401
v 0.325854 -0.374299 -0.818301
v 0.322454 -0.406999 -0.815901
v 0.327154 -0.338699 -0.819001
v 0.328154 -0.300999 -0.818601
v 0.330254 -0.262099 -0.817301
v 0.441654 -0.418799 -0.821501
v 0.435554 -0.451299 -0.818401
v 0.446354 -0.383699 -0.823101
v 0.450754 -0.346699 -0.823501
v 0.505754 -0.095799 -0.823201
v 0.563354 -0.464299 -0.819901
v 0.555254 -0.496499 -0.816301
v 0.570754 -0.429799 -0.822001
v 0.578154 -0.393599 -0.823101
v 0.586154 -0.356199 -0.823301
v 0.689254 -0.509899 -0.813501
v 0.679554 -0.541499 -0.809701
v 0.699054 -0.476199 -0.815901
v 0.709054 -0.440999 -0.817301
v 0.760754 -0.271499 -0.817801
v 0.817554 -0.554699 -0.802501
v 0.806454 -0.585499 -0.798701
v 0.829354 -0.522099 -0.804901
v 0.841754 -0.487899 -0.806301
v 0.854554 -0.452599 -0.806801
v 0.946454 -0.597899 -0.787001
v 0.933954 -0.627699 -0.783401
v 0.960254 -0.566599 -0.789301
v 0.974854 -0.533799 -0.790401
v 1.030254 -0.390099 -0.790701
v 1.073954 -0.639099 -0.767601
v 1.060154 -0.667499 -0.764301
v 1.089754 -0.609299 -0.769401
v 1.106754 -0.578199 -0.770001
v 1.124054 -0.545799 -0.769901
v 1.198154 -0.677799 -0.744801
v 1.182754 -0.704599 -0.742101
v 1.216254 -0.649999 -0.745801
v 1.235754 -0.620799 -0.745701
v 1.292754 -0.401399 -0.744801
v 1.316954 -0.713799 -0.719301
v 1.299654 -0.738399 -0.717501
v 1.337754 -0.688199 -0.719101
v 1.360154 -0.661399 -0.717801
v 1.382454 -0.632799 -0.715901
v 1.428554 -0.746699 -0.691601
v 1.408754 -0.768799 -0.691101
v 1.452654 -0.723899 -0.689901
v 1.478454 -0.699599 -0.687001
v 1.530354 -0.577199 -0.678401
v 1.530954 -0.776799 -0.662501
v 1.507354 -0.795399 -0.664001
v 1.559354 -0.756999 -0.658601
v 1.589154 -0.735399 -0.653701
v 1.617454 -0.711299 -0.648601
v 1.622454 -0.804299 -0.632701
v 1.593054 -0.818799 -0.637301
v 1.656554 -0.787899 -0.625901
v 1.690854 -0.768899 -0.618401
v 1.679354 -0.671699 -0.613901
v 0.048654 -0.318499 -0.783401
v 1.814554 -0.720999 -0.580901
v 1.742754 -0.816899 -0.592301
v 1.701654 -0.830099 -0.602901
v 1.664254 -0.839199 -0.612001
v 1.631654 -0.845099 -0.619201
v 1.571554 -0.832299 -0.638701
v 1.493554 -0.814399 -0.661701
v 1.396254 -0.790699 -0.687501
v 1.287754 -0.762399 -0.713201
v 1.171254 -0.730299 -0.737301
v 1.048954 -0.694499 -0.759201
v 0.923254 -0.655699 -0.778101
v 0.796054 -0.614299 -0.793301
v 0.669654 -0.570699 -0.804401
v 0.546054 -0.525899 -0.811101
v 0.427254 -0.480599 -0.813401
v 0.315254 -0.435799 -0.811301
v 0.212254 -0.392499 -0.804901
v 0.120954 -0.352099 -0.794801
v 0.032354 -0.577999 0.413499
v 0.020454 -0.564299 0.445799
v -0.065546 -0.521399 0.425799
v -0.047446 -0.538299 0.398099
v 0.125054 -0.620999 0.424999
v 0.117454 -0.609299 0.460499
v 0.228854 -0.665699 0.433099
v 0.224254 -0.655399 0.470499
v 0.341754 -0.710799 0.437799
v 0.339454 -0.701399 0.476199
v 0.461654 -0.755299 0.438999
v 0.461254 -0.746699 0.477699
v 0.586554 -0.798499 0.436799
v 0.587754 -0.790599 0.475199
v 0.714554 -0.839699 0.430999
v 0.717254 -0.832199 0.468699
v 0.843454 -0.877999 0.421799
v 0.847754 -0.870999 0.458399
v 0.971354 -0.913099 0.409599
v 0.977254 -0.906699 0.444699
v 1.095954 -0.944599 0.394699
v 1.103854 -0.938699 0.427999
v 1.215154 -0.972099 0.377699
v 1.225454 -0.966899 0.408599
v 1.326854 -0.995499 0.358999
v 1.340254 -0.990999 0.386899
v 1.428154 -1.014399 0.338999
v 1.446254 -1.010999 0.363199
v 1.516954 -1.029299 0.317899
v 1.541954 -1.027099 0.337099
v 0.005354 -0.546999 0.476499
v -0.086146 -0.500699 0.453199
v 0.106954 -0.594499 0.493499
v 0.217354 -0.642399 0.504999
v 0.335654 -0.689799 0.511499
v 0.459954 -0.736299 0.513199
v 0.588754 -0.780999 0.510399
v 0.720354 -0.823499 0.503199
v 0.853054 -0.862999 0.491899
v 0.984954 -0.899299 0.476799
v 1.114254 -0.932099 0.458299
v 1.239154 -0.961099 0.436699
v 1.357854 -0.985999 0.412399
v 1.469054 -1.006899 0.385399
v 1.571154 -1.023699 0.355599
v -0.009546 -0.527599 0.505799
v -0.105446 -0.478099 0.480599
v 0.095954 -0.577599 0.524499
v 0.210154 -0.627399 0.537099
v 0.331454 -0.676499 0.544099
v 0.458654 -0.724299 0.545899
v 0.589954 -0.770099 0.542699
v 0.724054 -0.813499 0.534799
v 0.859154 -0.853799 0.522499
v 0.993654 -0.890899 0.506099
v 1.125954 -0.924399 0.485999
v 1.254354 -0.954199 0.462499
v 1.377154 -0.979799 0.435899
v 1.493054 -1.001299 0.406399
v 1.599854 -1.018299 0.373999
v -0.021846 -0.507299 0.534099
v -0.120746 -0.454999 0.507799
v 0.086854 -0.559599 0.553699
v 0.203954 -0.611299 0.566899
v 0.328154 -0.661999 0.574199
v 0.457854 -0.710999 0.575899
v 0.591654 -0.757899 0.572299
v 0.728054 -0.802199 0.563699
v 0.865654 -0.843499 0.550499
v 1.002754 -0.881299 0.533099
v 1.137754 -0.915499 0.511599
v 1.269254 -0.945799 0.486599
v 1.395554 -0.971999 0.458299
v 1.515154 -0.993799 0.426899
v 1.625055 -1.010399 0.392499
v -0.030046 -0.486999 0.561599
v -0.130946 -0.432399 0.534799
v 0.080854 -0.541299 0.581499
v 0.200054 -0.594599 0.594799
v 0.326354 -0.646599 0.602099
v 0.458154 -0.696799 0.603499
v 0.594054 -0.744699 0.599399
v 0.732554 -0.789799 0.590199
v 0.872254 -0.831799 0.576299
v 1.011454 -0.870299 0.557899
v 1.148854 -0.905099 0.535399
v 1.282854 -0.935899 0.509299
v 1.411754 -0.962399 0.479699
v 1.533854 -0.984199 0.446999
v 1.645254 -0.999999 0.411399
v -0.033146 -0.467399 0.588199
v -0.135246 -0.410999 0.561699
v 0.078854 -0.523099 0.607799
v 0.199354 -0.577699 0.620899
v 0.326954 -0.630699 0.627799
v 0.460154 -0.681799 0.628899
v 0.597554 -0.730399 0.624299
v 0.737454 -0.776199 0.614599
v 0.878554 -0.818799 0.599999
v 1.019354 -0.857899 0.580899
v 1.158354 -0.893099 0.557699
v 1.293854 -0.924199 0.530799
v 1.424454 -0.950799 0.500499
v 1.547954 -0.972299 0.467099
v 1.659654 -0.987299 0.431099
v -0.030346 -0.449299 0.613999
v -0.132446 -0.391799 0.588399
v 0.081954 -0.505799 0.632899
v 0.202854 -0.561099 0.645299
v 0.330854 -0.614799 0.651699
v 0.464554 -0.666299 0.652199
v 0.602354 -0.715399 0.647299
v 0.742754 -0.761599 0.637099
v 0.884454 -0.804499 0.621999
v 1.025754 -0.843799 0.602399
v 1.165254 -0.879299 0.578799
v 1.301354 -0.910499 0.551499
v 1.432554 -0.937099 0.520999
v 1.556354 -0.958299 0.487499
v 1.667654 -0.972499 0.451599
v -0.020746 -0.433099 0.638999
v -0.122246 -0.375299 0.614899
v 0.090854 -0.489899 0.656699
v 0.211154 -0.545299 0.668199
v 0.338454 -0.598999 0.673799
v 0.471454 -0.650499 0.673799
v 0.608654 -0.699599 0.668399
v 0.748454 -0.745699 0.657799
v 0.889454 -0.788699 0.642499
v 1.030154 -0.828099 0.622699
v 1.169054 -0.863499 0.598899
v 1.304554 -0.894699 0.571599
v 1.435154 -0.921199 0.541299
v 1.558454 -0.942199 0.508199
v 1.669354 -0.955999 0.472899
v -0.005246 -0.418599 0.662799
v -0.105246 -0.361299 0.640699
v 0.104854 -0.474899 0.678999
v 0.223554 -0.529799 0.689399
v 0.349354 -0.582999 0.694099
v 0.480754 -0.634099 0.693499
v 0.616454 -0.682799 0.687699
v 0.754654 -0.728699 0.676899
v 0.894054 -0.771399 0.661399
v 1.033054 -0.810599 0.641599
v 1.170254 -0.845899 0.617999
v 1.304154 -0.876899 0.590999
v 1.433154 -0.903299 0.561199
v 1.555154 -0.924299 0.528999
v 1.665055 -0.937999 0.494799
v -0.082546 -0.349399 0.665099
v 0.015054 -0.405399 0.684999
v 0.122754 -0.460499 0.699499
v 0.239054 -0.514299 0.708699
v 0.362654 -0.566499 0.712599
v 0.491854 -0.616799 0.711399
v 0.625254 -0.664899 0.705199
v 0.761354 -0.710299 0.694299
v 0.898454 -0.752599 0.678699
v 1.035154 -0.791499 0.658999
v 1.169954 -0.826499 0.635699
v 1.301254 -0.857299 0.609299
v 1.427554 -0.883599 0.580399
v 1.547154 -0.904599 0.549299
v 1.655454 -0.918599 0.516599
v -0.055146 -0.339099 0.687499
v 0.039054 -0.392999 0.705099
v 0.143554 -0.446099 0.717899
v 0.256854 -0.498099 0.725999
v 0.377554 -0.548999 0.729099
v 0.504154 -0.598299 0.727399
v 0.635054 -0.645499 0.720899
v 0.768554 -0.690299 0.709899
v 0.903154 -0.732099 0.694399
v 1.037154 -0.770699 0.674899
v 1.168954 -0.805499 0.651999
v 1.296954 -0.836199 0.626299
v 1.419654 -0.862299 0.598299
v 1.535554 -0.883399 0.568699
v 1.641354 -0.897799 0.537799
v -0.024546 -0.330099 0.707199
v 0.065454 -0.380799 0.722599
v 0.166054 -0.431099 0.733999
v 0.275754 -0.480899 0.741099
v 0.393354 -0.529999 0.743599
v 0.517154 -0.577999 0.741399
v 0.645454 -0.624399 0.734799
v 0.776454 -0.668599 0.723699
v 0.908354 -0.709999 0.708199
v 1.039554 -0.748299 0.688999
v 1.168154 -0.782999 0.666599
v 1.292454 -0.813599 0.641599
v 1.410754 -0.839799 0.614699
v 1.521854 -0.860899 0.586499
v 1.623454 -0.875999 0.557799
v 0.006854 -0.321299 0.723599
v 0.091554 -0.367699 0.737099
v 0.187854 -0.414499 0.747399
v 0.294254 -0.461699 0.753899
v 0.408954 -0.508999 0.755899
v 0.530254 -0.555799 0.753499
v 0.656254 -0.601299 0.746799
v 0.784954 -0.644999 0.735599
v 0.914554 -0.686199 0.720299
v 1.043154 -0.724399 0.701299
v 1.168754 -0.759099 0.679399
v 1.289454 -0.789999 0.654999
v 1.403354 -0.816399 0.628899
v 1.508854 -0.837899 0.602199
v 1.604354 -0.853599 0.575599
v 0.034654 -0.311099 0.736299
v 0.114054 -0.351899 0.748399
v 0.206754 -0.394899 0.758199
v 0.310554 -0.439699 0.764299
v 0.423354 -0.485299 0.766199
v 0.542754 -0.530999 0.763699
v 0.667054 -0.575999 0.756799
v 0.794154 -0.619399 0.745699
v 0.922154 -0.660499 0.730499
v 1.048754 -0.698899 0.711699
v 1.172054 -0.734099 0.689899
v 1.289854 -0.765499 0.665899
v 1.400054 -0.792799 0.640499
v 1.500254 -0.815199 0.614699
v 1.588254 -0.831899 0.589899
v -0.034946 -0.549899 0.369699
v 0.036354 -0.585799 0.378199
v 0.127054 -0.628199 0.386299
v 0.229654 -0.672599 0.392499
v 0.341554 -0.717499 0.396099
v 0.460754 -0.761799 0.396999
v 0.584954 -0.804799 0.394999
v 0.712354 -0.845799 0.389899
v 0.840754 -0.883899 0.381799
v 0.967954 -0.918699 0.370999
v 1.091854 -0.949899 0.358099
v 1.210154 -0.977099 0.343399
v 1.320554 -0.999899 0.327599
v 1.419954 -1.018099 0.311599
v 1.499654 -1.030999 0.297399
v 1.591554 -1.040199 0.295699
v 1.561454 -1.039499 0.285299
v 1.625854 -1.039499 0.308199
v 1.662554 -1.036599 0.322999
v 1.696254 -1.030799 0.338799
v 1.724354 -1.022099 0.355699
v 1.745954 -1.010699 0.373799
v 1.760555 -0.996899 0.393299
v 1.768454 -0.981299 0.414299
v 1.769754 -0.964299 0.436599
v 1.764654 -0.946099 0.459799
v 1.753454 -0.926599 0.483499
v 1.736354 -0.905999 0.506899
v 1.714154 -0.884399 0.529499
v 1.688255 -0.862499 0.550299
v 1.662255 -0.842299 0.567599
v 1.693954 -1.058899 -0.287101
v 1.644655 -1.052599 -0.320601
v 1.696054 -1.053299 -0.327901
v 1.756954 -1.059499 -0.291601
v 1.742154 -1.050999 -0.338201
v 1.808754 -1.055399 -0.299301
v 1.782054 -1.045499 -0.350401
v 1.848254 -1.046699 -0.309601
v 1.813454 -1.036499 -0.364301
v 1.878954 -1.034999 -0.322601
v 1.836054 -1.024499 -0.380201
v 1.901754 -1.020899 -0.338201
v 1.917054 -1.005099 -0.356901
v 1.851254 -1.010599 -0.398301
v 1.859654 -0.995599 -0.418701
v 1.924855 -0.988299 -0.378701
v 1.805854 -1.062199 -0.252301
v 1.737454 -1.063499 -0.249601
v 1.860154 -1.055699 -0.258101
v 1.901554 -1.044699 -0.267001
v 1.933754 -1.030499 -0.279001
v 1.958154 -1.014099 -0.294401
v 1.974755 -0.996099 -0.313801
v 1.982455 -0.977099 -0.337401
v 1.773654 -1.065999 -0.208601
v 1.845354 -1.062799 -0.210201
v 1.901654 -1.054099 -0.214701
v 1.944654 -1.040599 -0.222301
v 1.978955 -1.023699 -0.233201
v 2.005754 -1.004399 -0.248101
v 2.024354 -0.983299 -0.268101
v 2.032854 -0.961499 -0.294201
v 1.876954 -1.062299 -0.165901
v 1.801654 -1.066699 -0.165101
v 1.933754 -1.051199 -0.169201
v 1.977454 -1.034899 -0.175301
v 2.013054 -1.014799 -0.184701
v 2.041854 -0.991299 -0.198601
v 2.062754 -0.965499 -0.218901
v 2.072954 -0.939299 -0.247901
v 1.901054 -1.061399 -0.119901
v 1.823854 -1.066999 -0.119701
v 1.956854 -1.047999 -0.121801
v 1.999754 -1.028699 -0.126001
v 2.035855 -1.004699 -0.133001
v 2.066354 -0.975799 -0.144501
v 2.090154 -0.942499 -0.163501
v 2.109854 -0.837199 -0.207901
v 1.917954 -1.060899 -0.072601
v 1.838754 -1.067199 -0.073101
v 1.971255 -1.045299 -0.073001
v 2.012554 -1.023499 -0.074501
v 2.048455 -0.995599 -0.077801
v 2.080554 -0.960299 -0.084301
v 2.133054 -0.802499 -0.106001
v 1.713954 -0.861099 -0.589601
v 1.767754 -0.855099 -0.573501
v 1.822355 -0.879199 -0.544101
v 1.757454 -0.883399 -0.566001
v 1.817054 -0.844099 -0.558201
v 1.871654 -0.866799 -0.524601
v 1.858155 -0.827399 -0.544001
v 1.918054 -0.787499 -0.507701
v 1.862054 -0.900399 -0.515101
v 1.794754 -0.905699 -0.541301
v 1.907654 -0.885299 -0.492401
v 1.943155 -0.864699 -0.472601
v 1.887754 -0.918499 -0.486501
v 1.825354 -0.927199 -0.515801
v 1.934654 -0.902799 -0.460201
v 1.973154 -0.882199 -0.436301
v 2.005054 -0.856999 -0.415201
v 1.991054 -0.749599 -0.441301
v 1.906554 -0.936199 -0.458101
v 1.845555 -0.946099 -0.490201
v 1.956054 -0.920699 -0.427801
v 1.998254 -0.900399 -0.399201
v 2.047354 -0.787599 -0.363201
v 1.919054 -0.953599 -0.430101
v 1.856854 -0.963199 -0.465201
v 1.971854 -0.938999 -0.395701
v 2.018054 -0.919699 -0.361901
v 2.056354 -0.894599 -0.329201
v 1.925254 -0.970999 -0.403301
v 1.861354 -0.979599 -0.441201
v 1.981154 -0.957899 -0.365201
v 2.030254 -0.940099 -0.326201
v 2.086554 -0.830899 -0.280201
v 1.773554 -0.835099 0.536199
v 1.719954 -0.841399 0.551399
v 1.760954 -0.864199 0.527599
v 1.825554 -0.859999 0.506799
v 1.794955 -0.886799 0.502599
v 1.865954 -0.883199 0.477399
v 1.821954 -0.908499 0.476799
v 1.895054 -0.904399 0.447999
v 1.841154 -0.928999 0.450599
v 1.914054 -0.923999 0.418899
v 1.852954 -0.948199 0.424799
v 1.924654 -0.942599 0.390499
v 1.857754 -0.966499 0.399799
v 1.928355 -0.960999 0.363099
v 1.856055 -0.983999 0.376099
v 1.925754 -0.979199 0.337499
v 1.881355 -0.849699 0.487699
v 1.823454 -0.823999 0.521699
v 1.922654 -0.872099 0.454499
v 1.950654 -0.891899 0.421899
v 1.968654 -0.910599 0.389599
v 1.979254 -0.929199 0.357599
v 1.983155 -0.948299 0.326799
v 1.980054 -0.967799 0.298299
v 1.936454 -0.777399 0.467399
v 1.867454 -0.807999 0.508399
v 1.963954 -0.853399 0.435099
v 1.990954 -0.871999 0.399099
v 2.037554 -0.795599 0.365699
v 2.022554 -0.909499 0.325999
v 2.027854 -0.929799 0.290199
v 2.024654 -0.951299 0.257499
v 2.059254 -0.884399 0.295299
v 2.043354 -0.864699 0.338299
v 2.089354 -0.793799 0.253299
v 2.063255 -0.929799 0.213299
v 1.695154 -1.055399 0.233999
v 1.757755 -1.055399 0.240099
v 1.697454 -1.048899 0.275899
v 1.646154 -1.048699 0.267199
v 1.737954 -1.060299 0.196699
v 1.808454 -1.059299 0.201199
v 1.774854 -1.063699 0.155999
v 1.851855 -1.061799 0.159499
v 1.805254 -1.065799 0.112799
v 1.886955 -1.062899 0.115599
v 1.827854 -1.066899 0.067599
v 1.911354 -1.062599 0.069899
v 1.841254 -1.067199 0.021199
v 1.924354 -1.061699 0.022999
v 1.844754 -1.067199 -0.025901
v 1.926054 -1.060899 -0.024701
v 1.742954 -1.045799 0.287599
v 1.810754 -1.051199 0.249399
v 1.867254 -1.053599 0.208799
v 1.910855 -1.053199 0.165999
v 1.940454 -1.050299 0.121299
v 1.960754 -1.047199 0.074599
v 1.973054 -1.044899 0.026199
v 1.976554 -1.044099 -0.023301
v 1.852555 -1.042699 0.261399
v 1.781554 -1.039099 0.301299
v 1.907054 -1.041599 0.219699
v 1.946854 -1.037299 0.176199
v 1.976054 -1.031599 0.130299
v 1.997254 -1.026099 0.081799
v 2.010754 -1.021999 0.030899
v 2.016054 -1.020799 -0.021701
v 1.882154 -1.029799 0.276199
v 1.811854 -1.028999 0.316899
v 1.934654 -1.025499 0.233999
v 1.974454 -1.018099 0.189899
v 2.005254 -1.009199 0.142799
v 2.028554 -1.000399 0.092099
v 2.044154 -0.993299 0.037499
v 2.051154 -0.990799 -0.020001
v 1.903054 -1.014299 0.293799
v 1.833654 -1.015799 0.334499
v 1.955554 -1.007199 0.251799
v 1.996654 -0.996699 0.207499
v 2.029854 -0.983899 0.159699
v 2.056154 -0.969999 0.106799
v 2.075054 -0.957199 0.047399
v 2.084354 -0.950699 -0.018201
v 1.917254 -0.997099 0.314299
v 1.847954 -1.000499 0.354299
v 1.970555 -0.987699 0.273199
v 2.013654 -0.973999 0.229899
v 2.049754 -0.956699 0.182599
v 2.080154 -0.935799 0.128699
v 2.125755 -0.808099 0.062099
v 2.119454 -0.891699 -0.016101
v 2.109454 -0.845399 0.162099
v 1.588454 -1.048899 -0.316701
v 1.559954 -1.043499 -0.339901
v 1.589954 -1.044599 -0.349501
v 1.624154 -1.044299 -0.360901
v 1.661354 -1.042099 -0.374401
v 1.696154 -1.037599 -0.389001
v 1.726554 -1.030699 -0.404501
v 1.750954 -1.021299 -0.421001
v 1.768354 -1.009699 -0.438901
v 1.777954 -0.996099 -0.458401
v 1.620654 -1.054299 -0.287001
v 1.655154 -1.059199 -0.250301
v 1.686954 -1.063099 -0.209701
v 1.713654 -1.065599 -0.166401
v 1.733054 -1.066599 -0.121001
v 1.745454 -1.066899 -0.074301
v 1.750055 -1.066799 -0.027001
v 1.656054 -0.861799 -0.606201
v 1.683154 -0.881199 -0.589701
v 1.711654 -0.902799 -0.569401
v 1.737154 -0.924199 -0.547501
v 1.757654 -0.944499 -0.524701
v 1.772054 -0.963399 -0.501901
v 1.779154 -0.980599 -0.479501
v 1.589754 -1.045199 0.262099
v 1.621754 -1.050999 0.232399
v 1.656054 -1.056399 0.195799
v 1.687454 -1.060599 0.155299
v 1.713554 -1.063499 0.112099
v 1.733254 -1.065299 0.066799
v 1.745654 -1.066299 0.020299
v 1.540055 -1.032099 -0.390501
v 1.515354 -1.033799 -0.372301
v 1.426554 -1.019099 -0.394201
v 1.444354 -1.016199 -0.417301
v 1.325154 -1.000199 -0.414901
v 1.338254 -0.996399 -0.441801
v 1.213454 -0.976899 -0.434301
v 1.223454 -0.972399 -0.464101
v 1.094254 -0.949399 -0.451901
v 1.101854 -0.944299 -0.484101
v 0.969654 -0.917899 -0.467201
v 0.975254 -0.912199 -0.501201
v 0.841754 -0.882799 -0.479801
v 0.845654 -0.876599 -0.515201
v 0.712754 -0.844499 -0.489001
v 0.715154 -0.837799 -0.525601
v 0.584854 -0.803299 -0.494701
v 0.585754 -0.796199 -0.532001
v 0.459154 -0.752299 -0.534201
v 0.459954 -0.760099 -0.496701
v 0.337454 -0.706899 -0.532301
v 0.340054 -0.715599 -0.495001
v 0.222254 -0.660799 -0.526001
v 0.227154 -0.670399 -0.489701
v 0.115454 -0.614699 -0.515401
v 0.123354 -0.625699 -0.480901
v 0.018554 -0.569599 -0.500001
v 0.030654 -0.582599 -0.468601
v -0.049046 -0.542799 -0.452501
v -0.067346 -0.526399 -0.479201
v 1.569254 -1.029399 -0.407801
v 1.466954 -1.012799 -0.438301
v 1.355654 -0.992099 -0.466101
v 1.236854 -0.967299 -0.491101
v 1.111954 -0.938399 -0.513201
v 0.982554 -0.905699 -0.532101
v 0.850654 -0.869499 -0.547501
v 0.718054 -0.829899 -0.558901
v 0.586454 -0.787499 -0.566001
v 0.457654 -0.742699 -0.568501
v 0.333354 -0.696199 -0.566401
v 0.215154 -0.648599 -0.559401
v 0.104754 -0.600599 -0.547201
v 0.003254 -0.552899 -0.529401
v -0.088246 -0.506299 -0.505401
v 1.598254 -1.024999 -0.424901
v 1.490654 -1.007999 -0.458101
v 1.374654 -0.986699 -0.488401
v 1.251754 -0.961199 -0.515601
v 1.123354 -0.931699 -0.539701
v 0.990954 -0.898299 -0.560201
v 0.856454 -0.861199 -0.576801
v 0.721354 -0.820899 -0.589201
v 0.587354 -0.777499 -0.597001
v 0.455954 -0.731599 -0.599901
v 0.328854 -0.683799 -0.597701
v 0.207554 -0.634499 -0.590101
v 0.093554 -0.584499 -0.576901
v -0.011946 -0.534299 -0.557501
v -0.107746 -0.484399 -0.531401
v 1.624354 -1.018399 -0.442101
v 1.512554 -1.001399 -0.477201
v 1.392754 -0.979799 -0.509301
v 1.266354 -0.953799 -0.538301
v 1.134854 -0.923699 -0.563901
v 0.999754 -0.889599 -0.585801
v 0.862554 -0.851799 -0.603501
v 0.725054 -0.810599 -0.616701
v 0.588654 -0.766299 -0.625201
v 0.454854 -0.719299 -0.628601
v 0.325154 -0.670199 -0.626501
v 0.201054 -0.619399 -0.618701
v 0.084054 -0.567399 -0.604801
v -0.024546 -0.514799 -0.584401
v -0.123346 -0.462099 -0.557201
v 1.645854 -1.009599 -0.459701
v 1.531254 -0.992799 -0.496001
v 1.408654 -0.971199 -0.529401
v 1.279554 -0.944899 -0.559601
v 1.145554 -0.914299 -0.586301
v 1.008154 -0.879699 -0.609201
v 0.868854 -0.841199 -0.627801
v 0.729154 -0.799299 -0.641901
v 0.590654 -0.754099 -0.651001
v 0.454754 -0.706099 -0.654801
v 0.323054 -0.655799 -0.653001
v 0.196854 -0.603599 -0.645201
v 0.077654 -0.549999 -0.631201
v -0.033046 -0.495399 -0.610501
v -0.133846 -0.440399 -0.582801
v 1.661754 -0.998699 -0.478001
v 1.545254 -0.982199 -0.514801
v 1.420954 -0.960599 -0.548801
v 1.290154 -0.934299 -0.579801
v 1.154554 -0.903399 -0.607201
v 1.015554 -0.868399 -0.630801
v 0.874754 -0.829399 -0.650201
v 0.733654 -0.786799 -0.664801
v 0.593654 -0.740999 -0.674501
v 0.456454 -0.692199 -0.678801
v 0.323254 -0.640999 -0.677301
v 0.195754 -0.587799 -0.669901
v 0.075354 -0.532899 -0.656201
v -0.036546 -0.476899 -0.635701
v -0.138446 -0.420099 -0.608301
v 1.670754 -0.985599 -0.497201
v 1.553554 -0.969499 -0.533801
v 1.428654 -0.948099 -0.568001
v 1.297254 -0.921699 -0.599201
v 1.161054 -0.890699 -0.627001
v 1.021554 -0.855499 -0.651001
v 0.880154 -0.816299 -0.670801
v 0.738554 -0.773399 -0.685901
v 0.598054 -0.727099 -0.696001
v 0.460254 -0.677999 -0.700801
v 0.326754 -0.626299 -0.699901
v 0.198754 -0.572399 -0.693001
v 0.078054 -0.516799 -0.679901
v -0.034146 -0.459899 -0.660201
v -0.136146 -0.401999 -0.633701
v 1.671954 -0.970499 -0.517401
v 1.555254 -0.954599 -0.553401
v 1.430754 -0.933399 -0.587101
v 1.299954 -0.907099 -0.618001
v 1.164354 -0.876199 -0.645801
v 1.025454 -0.840999 -0.669901
v 0.884754 -0.801699 -0.689901
v 0.743754 -0.758799 -0.705301
v 0.603954 -0.712599 -0.715801
v 0.466854 -0.663399 -0.721001
v 0.333854 -0.611699 -0.720701
v 0.206554 -0.557799 -0.714601
v 0.086454 -0.502099 -0.702401
v -0.025046 -0.444899 -0.684001
v -0.126446 -0.386699 -0.659101
v 1.666154 -0.953499 -0.538201
v 1.551054 -0.937799 -0.573001
v 1.428254 -0.916799 -0.605801
v 1.299154 -0.890699 -0.636201
v 1.165254 -0.859899 -0.663601
v 1.027954 -0.824799 -0.687501
v 0.888854 -0.785799 -0.707501
v 0.749454 -0.743099 -0.723101
v 0.611254 -0.697199 -0.733801
v 0.475654 -0.648399 -0.739401
v 0.344254 -0.597099 -0.739701
v 0.218554 -0.543599 -0.734501
v 0.099954 -0.488399 -0.723601
v -0.010046 -0.431799 -0.706701
v -0.109946 -0.374099 -0.683801
v 1.654554 -0.934799 -0.559001
v 1.542254 -0.919299 -0.592201
v 1.422154 -0.898399 -0.623801
v 1.295754 -0.872499 -0.653301
v 1.164454 -0.841899 -0.680101
v 1.029554 -0.807099 -0.703701
v 0.892754 -0.768299 -0.723501
v 0.755654 -0.725999 -0.739201
v 0.619554 -0.680599 -0.750101
v 0.486254 -0.632399 -0.756101
v 0.357054 -0.581899 -0.757001
v 0.233554 -0.529399 -0.752701
v 0.117354 -0.475299 -0.743001
v 0.009754 -0.419899 -0.727901
v -0.087646 -0.363499 -0.707201
v 1.638154 -0.914699 -0.579301
v 1.529954 -0.899299 -0.610601
v 1.413754 -0.878499 -0.640801
v 1.290954 -0.852699 -0.669201
v 1.162854 -0.822299 -0.695301
v 1.030954 -0.787699 -0.718401
v 0.896954 -0.749199 -0.738001
v 0.762354 -0.707399 -0.753501
v 0.628854 -0.662599 -0.764601
v 0.498054 -0.615199 -0.770901
v 0.371554 -0.565799 -0.772301
v 0.250854 -0.514699 -0.768901
v 0.137654 -0.462299 -0.760401
v 0.033354 -0.408899 -0.747001
v -0.060846 -0.354699 -0.728701
v 1.618354 -0.893499 -0.598401
v 1.515554 -0.878199 -0.627601
v 1.404354 -0.857399 -0.656201
v 1.285954 -0.831499 -0.683501
v 1.161554 -0.801199 -0.708801
v 1.032854 -0.766699 -0.731401
v 0.901654 -0.728499 -0.750701
v 0.769654 -0.687099 -0.766201
v 0.638754 -0.642899 -0.777201
v 0.510554 -0.596399 -0.783801
v 0.386854 -0.548199 -0.785701
v 0.269254 -0.498799 -0.783001
v 0.159654 -0.448699 -0.775501
v 0.059254 -0.398099 -0.763601
v -0.030646 -0.346999 -0.747701
v 1.597954 -0.872099 -0.615401
v 1.502155 -0.856499 -0.642401
v 1.396454 -0.835399 -0.669601
v 1.282454 -0.809199 -0.695901
v 1.161654 -0.778699 -0.720501
v 1.036054 -0.744099 -0.742601
v 0.907354 -0.706099 -0.761701
v 0.777754 -0.664899 -0.777001
v 0.649054 -0.621199 -0.788101
v 0.523154 -0.575499 -0.794801
v 0.401954 -0.528599 -0.797101
v 0.287254 -0.480999 -0.794801
v 0.181054 -0.433399 -0.788101
v 0.084854 -0.386199 -0.777401
v 0.000254 -0.339599 -0.763401
v 1.581254 -0.851399 -0.629101
v 1.493054 -0.834999 -0.654201
v 1.392754 -0.812999 -0.680201
v 1.282454 -0.786099 -0.705901
v 1.164554 -0.754999 -0.730101
v 1.041154 -0.720099 -0.751901
v 0.914454 -0.681799 -0.770801
v 0.786454 -0.640699 -0.786101
v 0.659354 -0.597199 -0.797201
v 0.535154 -0.552199 -0.803901
v 0.415754 -0.506199 -0.806301
v 0.303154 -0.460299 -0.804301
v 0.199454 -0.415099 -0.797901
v 0.106854 -0.371699 -0.788001
v 0.027654 -0.330499 -0.775501
v 1.498154 -1.035099 -0.352701
v 1.418454 -1.022199 -0.367601
v 1.319054 -1.003999 -0.384501
v 1.208654 -0.981199 -0.401001
v 1.090354 -0.953999 -0.416201
v 0.966454 -0.922799 -0.429601
v 0.839254 -0.887999 -0.440701
v 0.710854 -0.849899 -0.448901
v 0.583454 -0.808899 -0.453901
v 0.459254 -0.765899 -0.455601
v 0.340054 -0.721599 -0.454301
v 0.228154 -0.676699 -0.450001
v 0.125554 -0.632299 -0.443101
v 0.034954 -0.589899 -0.434201
v -0.036446 -0.553899 -0.425001
v -0.072046 -0.539499 -0.351401
v -0.051346 -0.548899 -0.391101
v 0.027954 -0.589999 -0.395801
v 0.013054 -0.584699 -0.353101
v 0.109454 -0.631299 -0.356501
v 0.120354 -0.633799 -0.401601
v 0.224054 -0.679099 -0.406701
v 0.215854 -0.678399 -0.359901
v 0.336754 -0.724599 -0.409901
v 0.330854 -0.725199 -0.362201
v 0.456554 -0.769399 -0.410901
v 0.452454 -0.771099 -0.362901
v 0.581454 -0.812799 -0.409401
v 0.578854 -0.815199 -0.361601
v 0.709354 -0.853999 -0.405101
v 0.708254 -0.856899 -0.358001
v 0.838354 -0.892199 -0.398001
v 0.838854 -0.895699 -0.351901
v 0.966254 -0.927199 -0.388401
v 0.968454 -0.930999 -0.343701
v 1.090954 -0.958399 -0.376801
v 1.095254 -0.962499 -0.333801
v 1.217154 -0.989899 -0.322901
v 1.210354 -0.985599 -0.363701
v 1.322154 -1.008299 -0.349901
v 1.332254 -1.012899 -0.311601
v 1.423854 -1.026499 -0.336501
v 1.438954 -1.031299 -0.300801
v 1.513054 -1.039899 -0.325001
v 1.535454 -1.045099 -0.292001
v -0.095846 -0.527299 -0.306201
v -0.005246 -0.576499 -0.306301
v 0.095454 -0.626099 -0.308001
v 0.205454 -0.675499 -0.310101
v 0.323254 -0.723999 -0.311601
v 0.447354 -0.771199 -0.312001
v 0.576054 -0.816399 -0.310901
v 0.707554 -0.858899 -0.308001
v 0.840254 -0.898299 -0.302901
v 0.972354 -0.934199 -0.296001
v 1.101954 -0.966199 -0.287901
v 1.227254 -0.993999 -0.279001
v 1.346554 -1.017299 -0.269901
v 1.458554 -1.035999 -0.261401
v 1.561754 -1.049999 -0.254501
v -0.118546 -0.514399 -0.256201
v -0.023846 -0.567199 -0.255701
v 0.080854 -0.619599 -0.256401
v 0.194254 -0.671299 -0.257601
v 0.315154 -0.721699 -0.258501
v 0.441954 -0.770399 -0.258701
v 0.573154 -0.816699 -0.257901
v 0.707154 -0.860199 -0.255501
v 0.842354 -0.900299 -0.251501
v 0.977054 -0.936799 -0.246001
v 1.109754 -0.969299 -0.239501
v 1.238654 -0.997499 -0.232501
v 1.362154 -1.021199 -0.225301
v 1.478954 -1.040199 -0.218701
v 1.587654 -1.054199 -0.213301
v -0.137946 -0.502599 -0.202401
v -0.040146 -0.558199 -0.201801
v 0.067554 -0.613099 -0.202101
v 0.183954 -0.666799 -0.202801
v 0.307554 -0.718899 -0.203401
v 0.436854 -0.768899 -0.203501
v 0.570554 -0.816399 -0.202901
v 0.706954 -0.860799 -0.201101
v 0.844554 -0.901699 -0.198101
v 0.981954 -0.938799 -0.194001
v 1.117454 -0.971799 -0.189101
v 1.249554 -1.000399 -0.183801
v 1.376654 -1.024299 -0.178401
v 1.497454 -1.043299 -0.173501
v 1.610255 -1.057199 -0.169301
v -0.152846 -0.492799 -0.145801
v -0.052946 -0.550599 -0.145501
v 0.056954 -0.607399 -0.145801
v 0.175454 -0.662699 -0.146201
v 0.301154 -0.716199 -0.146701
v 0.432654 -0.767299 -0.146801
v 0.568354 -0.815699 -0.146401
v 0.706854 -0.860899 -0.145301
v 0.846654 -0.902499 -0.143301
v 0.986254 -0.940099 -0.140501
v 1.124154 -0.973499 -0.137101
v 1.258754 -1.002399 -0.133501
v 1.388554 -1.026499 -0.129801
v 1.512154 -1.045499 -0.126301
v 1.627954 -1.059099 -0.123301
v -0.061346 -0.545299 -0.087601
v -0.162346 -0.486099 -0.087401
v 0.049854 -0.603299 -0.088001
v 0.169754 -0.659699 -0.088501
v 0.296854 -0.714099 -0.088901
v 0.429754 -0.765999 -0.089101
v 0.566854 -0.815099 -0.089001
v 0.706854 -0.860799 -0.088501
v 0.848254 -0.902799 -0.087401
v 0.989354 -0.940799 -0.085901
v 1.128854 -0.974499 -0.084101
v 1.265154 -1.003599 -0.082101
v 1.396654 -1.027699 -0.080001
v 1.521954 -1.046599 -0.077901
v 1.639554 -1.060099 -0.076001
v -0.064246 -0.543099 -0.028801
v -0.165646 -0.483399 -0.028001
v 0.047354 -0.601599 -0.029501
v 0.167754 -0.658399 -0.030101
v 0.295354 -0.713099 -0.030601
v 0.428754 -0.765299 -0.030901
v 0.566454 -0.814599 -0.031101
v 0.706954 -0.860599 -0.031201
v 0.848854 -0.902799 -0.031101
v 0.990654 -0.940899 -0.030901
v 1.130654 -0.974699 -0.030601
v 1.267554 -1.003799 -0.030101
v 1.399754 -1.027999 -0.029501
v 1.525654 -1.046899 -0.028801
v 1.643654 -1.060199 -0.028001
v -0.061146 -0.544699 0.029999
v -0.162146 -0.485499 0.031399
v 0.050054 -0.602799 0.028999
v 0.169954 -0.659199 0.028299
v 0.297054 -0.713599 0.027799
v 0.429854 -0.765599 0.027399
v 0.567054 -0.814599 0.026899
v 0.707054 -0.860399 0.026199
v 0.848354 -0.902399 0.025299
v 0.989554 -0.940399 0.024199
v 1.129054 -0.974099 0.022999
v 1.265254 -1.003099 0.021899
v 1.396854 -1.027199 0.020899
v 1.522154 -1.046099 0.020199
v 1.639654 -1.059499 0.019999
v -0.052646 -0.549599 0.087899
v -0.152446 -0.491699 0.089799
v 0.057254 -0.606399 0.086799
v 0.175754 -0.661799 0.086099
v 0.301454 -0.715299 0.085699
v 0.432954 -0.766499 0.085199
v 0.568654 -0.814899 0.084399
v 0.707154 -0.860099 0.083199
v 0.846954 -0.901599 0.081199
v 0.986554 -0.939199 0.078799
v 1.124454 -0.972599 0.076099
v 1.259054 -1.001499 0.073399
v 1.388954 -1.025499 0.070799
v 1.512554 -1.044499 0.068699
v 1.628254 -1.057999 0.067299
v -0.039646 -0.556699 0.144299
v -0.137346 -0.500899 0.146399
v 0.068054 -0.611599 0.143299
v 0.184454 -0.665399 0.142799
v 0.308054 -0.717599 0.142599
v 0.437354 -0.767599 0.142099
v 0.570954 -0.815099 0.141099
v 0.707354 -0.859499 0.139199
v 0.845054 -0.900399 0.136299
v 0.982454 -0.937399 0.132499
v 1.117954 -0.970399 0.128299
v 1.250054 -0.998999 0.123799
v 1.377254 -1.022899 0.119599
v 1.497954 -1.041799 0.115899
v 1.610854 -1.055599 0.113199
v -0.023146 -0.565099 0.198199
v -0.117846 -0.512299 0.200199
v 0.081554 -0.617699 0.197699
v 0.194954 -0.669399 0.197899
v 0.315754 -0.719899 0.197999
v 0.442654 -0.768599 0.197599
v 0.573754 -0.814899 0.196399
v 0.707754 -0.858399 0.193899
v 0.842954 -0.898499 0.189999
v 0.977754 -0.934999 0.184899
v 1.110354 -0.967499 0.178999
v 1.239254 -0.995599 0.172799
v 1.362854 -1.019299 0.166599
v 1.479754 -1.038099 0.161199
v 1.588454 -1.051999 0.157199
v -0.004346 -0.573999 0.248999
v -0.094846 -0.524599 0.250199
v 0.096354 -0.623699 0.249599
v 0.206254 -0.673099 0.250699
v 0.324054 -0.721699 0.251499
v 0.448154 -0.768899 0.251299
v 0.576854 -0.814099 0.249899
v 0.708354 -0.856699 0.246799
v 0.841054 -0.895999 0.241899
v 0.973154 -0.931899 0.235399
v 1.102754 -0.963799 0.227799
v 1.228054 -0.991599 0.219599
v 1.347454 -1.014899 0.211399
v 1.459454 -1.033499 0.204099
v 1.562754 -1.047399 0.198499
v 0.014154 -0.581699 0.296099
v -0.070946 -0.536399 0.295499
v 0.110554 -0.628299 0.298499
v 0.216954 -0.675499 0.300999
v 0.331854 -0.722299 0.302599
v 0.453454 -0.768199 0.302799
v 0.579854 -0.812399 0.301099
v 0.709354 -0.854099 0.297399
v 0.839854 -0.892799 0.291399
v 0.969454 -0.928099 0.283499
v 1.096254 -0.959599 0.274199
v 1.218254 -0.986999 0.263999
v 1.333354 -1.009899 0.253499
v 1.440054 -1.028299 0.243799
v 1.536555 -1.041899 0.236199
v 0.029254 -0.586499 0.339199
v -0.050046 -0.545299 0.335499
v 0.121654 -0.630299 0.344099
v 0.225254 -0.675599 0.348399
v 0.338054 -0.721199 0.350899
v 0.457854 -0.765999 0.351499
v 0.582654 -0.809399 0.349699
v 0.710654 -0.850499 0.345299
v 0.839554 -0.888799 0.338199
v 0.967454 -0.923699 0.328899
v 1.092254 -0.954899 0.317799
v 1.211554 -0.982099 0.305399
v 1.323454 -1.004799 0.292399
v 1.425154 -1.022899 0.279799
v 1.514354 -1.036299 0.269299
v -0.124446 -0.428799 0.336199
v -0.165146 -0.404899 0.300599
v -0.211146 -0.368699 0.311599
v -0.162146 -0.399899 0.349599
v -0.248246 -0.334099 0.325599
v -0.193846 -0.371199 0.366299
v -0.219646 -0.342999 0.384899
v -0.277246 -0.301099 0.342099
v -0.298546 -0.270199 0.360599
v -0.239046 -0.316099 0.404899
v -0.312046 -0.241999 0.381199
v -0.251646 -0.291199 0.426199
v -0.256946 -0.269199 0.448899
v -0.317646 -0.217599 0.404099
v -0.315046 -0.197699 0.429799
v -0.254646 -0.250899 0.473099
v -0.200446 -0.382699 0.257499
v -0.252046 -0.340299 0.266799
v -0.293146 -0.300099 0.278799
v -0.324746 -0.261999 0.293199
v -0.347746 -0.226299 0.309899
v -0.362246 -0.193999 0.329599
v -0.368046 -0.166299 0.352699
v -0.365146 -0.144199 0.380099
v -0.285546 -0.315099 0.216099
v -0.230546 -0.362299 0.208199
v -0.329446 -0.269699 0.226199
v -0.406346 -0.089799 0.323999
v -0.254746 -0.344799 0.154099
v -0.311846 -0.293499 0.160499
v -0.357646 -0.243399 0.168599
v -0.272446 -0.330999 0.096199
v -0.283546 -0.321999 0.035699
v -0.086946 -0.192799 0.628499
v -0.051746 -0.230599 0.640499
v -0.096546 -0.222599 0.621799
v -0.140746 -0.179799 0.604199
v -0.175546 -0.135599 0.586099
v -0.114846 -0.151399 0.616099
v -0.199846 -0.089499 0.569299
v -0.136946 -0.106999 0.603199
v -0.187146 -0.171799 0.577399
v -0.136946 -0.218599 0.600499
v -0.226746 -0.124499 0.553599
v -0.256346 -0.076699 0.530099
v -0.216046 -0.043299 0.553699
v -0.276046 -0.027099 0.508299
v -0.226646 -0.168099 0.548699
v -0.172646 -0.217999 0.576799
v -0.269846 -0.118099 0.518999
v -0.302646 -0.067899 0.488899
v -0.325446 -0.015199 0.459899
v -0.202946 -0.220599 0.551499
v -0.259646 -0.168599 0.518499
v -0.305446 -0.116399 0.482899
v -0.341146 -0.063699 0.445299
v -0.367246 -0.007699 0.407299
v -0.285646 -0.173499 0.487899
v -0.227146 -0.226799 0.525099
v -0.333446 -0.119799 0.446599
v -0.371646 -0.065199 0.401599
v -0.401046 -0.006099 0.353699
v -0.244546 -0.236799 0.498699
v -0.304246 -0.182999 0.457999
v -0.353446 -0.128799 0.411799
v -0.393546 -0.073499 0.360399
v -0.102946 -0.241299 -0.660201
v -0.058746 -0.250699 -0.678501
v -0.094146 -0.213299 -0.665801
v -0.147246 -0.198699 -0.641701
v -0.192846 -0.188999 -0.615401
v -0.142646 -0.235799 -0.639401
v -0.231646 -0.183599 -0.587201
v -0.177646 -0.233499 -0.616401
v -0.207246 -0.234399 -0.591901
v -0.263846 -0.182199 -0.557801
v -0.289146 -0.185299 -0.528101
v -0.230846 -0.238899 -0.566601
v -0.307246 -0.193199 -0.499301
v -0.247746 -0.247399 -0.541301
v -0.317546 -0.206399 -0.472301
v -0.257346 -0.260099 -0.516901
v -0.182146 -0.154799 -0.622701
v -0.122546 -0.172799 -0.652501
v -0.232546 -0.141799 -0.590501
v -0.274846 -0.133499 -0.556301
v -0.309646 -0.129799 -0.520801
v -0.336946 -0.131199 -0.485301
v -0.356346 -0.138399 -0.451601
v -0.367446 -0.152299 -0.421201
v -0.143646 -0.129199 -0.639101
v -0.208146 -0.109699 -0.604001
v -0.262346 -0.094199 -0.565801
v -0.307746 -0.083199 -0.524801
v -0.345346 -0.076899 -0.481701
v -0.375046 -0.076199 -0.438701
v -0.396246 -0.082499 -0.398401
v -0.408446 -0.097099 -0.363301
v -0.158546 -0.084399 -0.625801
v -0.224846 -0.062999 -0.586801
v -0.281946 -0.044599 -0.542801
v -0.330346 -0.030399 -0.494501
v -0.371246 -0.020399 -0.442201
v -0.403346 -0.017799 -0.390601
v -0.125846 -0.432699 -0.390801
v -0.163646 -0.404099 -0.402801
v -0.212446 -0.372499 -0.364201
v -0.166346 -0.408299 -0.354801
v -0.253146 -0.343599 -0.319001
v -0.201546 -0.385599 -0.311401
v -0.231446 -0.364799 -0.261801
v -0.286446 -0.317799 -0.267801
v -0.312646 -0.295499 -0.211701
v -0.255446 -0.346599 -0.207401
v -0.331446 -0.277999 -0.151801
v -0.272946 -0.332199 -0.149301
v -0.283746 -0.322699 -0.088601
v -0.287346 -0.318999 -0.026401
v -0.195346 -0.375899 -0.418001
v -0.249646 -0.338299 -0.376601
v -0.294346 -0.303699 -0.329101
v -0.330446 -0.272699 -0.275801
v -0.358446 -0.245599 -0.217501
v -0.378546 -0.224099 -0.155301
v -0.221346 -0.348299 -0.435001
v -0.278746 -0.305899 -0.391301
v -0.326146 -0.266199 -0.341501
v -0.364346 -0.229599 -0.285901
v -0.394146 -0.196799 -0.224901
v -0.240846 -0.322199 -0.453301
v -0.300146 -0.275699 -0.408001
v -0.349246 -0.231199 -0.356301
v -0.389046 -0.188799 -0.298301
v -0.253646 -0.298199 -0.473001
v -0.313846 -0.248399 -0.426901
v -0.363846 -0.199699 -0.374001
v -0.404746 -0.151799 -0.314401
v -0.319746 -0.225099 -0.448201
v -0.259346 -0.277199 -0.494201
v -0.370046 -0.173099 -0.395301
v -0.411246 -0.120699 -0.335601
v -0.078646 -0.453899 0.364099
v -0.056146 -0.469699 0.350499
v -0.080746 -0.457799 0.326399
v -0.103446 -0.434299 0.380599
v -0.129046 -0.411099 0.400499
v -0.151246 -0.387199 0.421199
v -0.168446 -0.363799 0.442499
v -0.179846 -0.341599 0.464399
v -0.184746 -0.321499 0.486899
v -0.182646 -0.304299 0.510099
v -0.108346 -0.443299 0.293699
v -0.137446 -0.426999 0.251099
v -0.163646 -0.411199 0.202499
v -0.185246 -0.397099 0.149399
v -0.201546 -0.385899 0.092599
v -0.211746 -0.378599 0.033299
v -0.215446 -0.376099 -0.027501
v 0.017454 -0.266699 0.660099
v -0.009946 -0.265299 0.651199
v -0.002546 -0.242799 0.656199
v -0.023946 -0.211899 0.650299
v -0.044846 -0.173099 0.642599
v -0.045246 0.116201 0.630399
v -0.041246 -0.264599 0.638699
v -0.075246 -0.265399 0.621799
v -0.106946 -0.267999 0.602199
v -0.134446 -0.272699 0.580599
v -0.156846 -0.280199 0.557499
v -0.173146 -0.290599 0.533799
v 0.010154 -0.287599 -0.698401
v -0.010046 -0.264099 -0.694001
v -0.016846 -0.285199 -0.689901
v -0.047546 -0.283199 -0.677801
v -0.080946 -0.282599 -0.661501
v -0.112046 -0.283599 -0.642701
v -0.138946 -0.286799 -0.622101
v -0.160646 -0.292599 -0.600101
v -0.176546 -0.301599 -0.577501
v -0.185546 -0.313999 -0.555101
v -0.031646 -0.233699 -0.687601
v -0.052746 -0.196099 -0.679101
v -0.069146 -0.154199 -0.669901
v -0.042546 0.116601 -0.659501
v -0.080146 -0.458099 -0.419001
v -0.082046 -0.461399 -0.382101
v -0.057546 -0.473599 -0.406201
v -0.109546 -0.446499 -0.349401
v -0.138446 -0.429699 -0.306701
v -0.164446 -0.413399 -0.258001
v -0.185946 -0.398799 -0.204601
v -0.202046 -0.387099 -0.147701
v -0.212046 -0.379099 -0.088301
v -0.104946 -0.438899 -0.434401
v -0.130646 -0.416299 -0.452901
v -0.153046 -0.392999 -0.472201
v -0.170346 -0.370299 -0.492001
v -0.182046 -0.348999 -0.512301
v -0.187346 -0.329999 -0.533301
v 1.585054 -0.783199 0.527599
v 1.501654 -0.759799 0.553599
v 1.524454 -0.742599 0.552399
v 1.613654 -0.769899 0.523499
v 1.646354 -0.755999 0.517299
v 1.551554 -0.724899 0.549299
v 1.678554 -0.738299 0.511099
v 1.620854 -0.564899 0.544999
v 1.405054 -0.733099 0.579999
v 1.424254 -0.712499 0.580899
v 1.447554 -0.691399 0.579799
v 1.472354 -0.667899 0.577699
v 1.314754 -0.679599 0.607999
v 1.297854 -0.702899 0.605799
v 1.334754 -0.655599 0.608499
v 1.401954 -0.506699 0.607799
v 1.182854 -0.669199 0.629999
v 1.197854 -0.643699 0.633099
v 1.215354 -0.617599 0.634599
v 1.234454 -0.589099 0.635199
v 1.062054 -0.632599 0.651799
v 1.075554 -0.605299 0.655499
v 1.090654 -0.577299 0.657799
v 1.164654 -0.351399 0.659099
v 0.937654 -0.593299 0.670499
v 0.949854 -0.564699 0.674599
v 0.963054 -0.534999 0.677299
v 0.977254 -0.502999 0.679199
v 0.811954 -0.551899 0.685499
v 0.822854 -0.522199 0.689799
v 0.834154 -0.491299 0.692799
v 0.860254 -0.339499 0.694799
v 0.686954 -0.508799 0.696399
v 0.696354 -0.478399 0.700599
v 0.705654 -0.445799 0.703599
v 0.715254 -0.410699 0.705699
v 0.572354 -0.433999 0.706899
v 0.564554 -0.464899 0.702899
v 0.579754 -0.400499 0.709599
v 0.587554 -0.364499 0.711399
v 0.446754 -0.421099 0.704899
v 0.452454 -0.390099 0.708499
v 0.457154 -0.356099 0.710699
v 0.478254 -0.244699 0.711899
v 0.335754 -0.378399 0.702499
v 0.338754 -0.347299 0.705399
v 0.340054 -0.312899 0.706799
v 0.341454 -0.275199 0.707099
v 0.232954 -0.306899 0.697599
v 0.233254 -0.337599 0.695699
v 0.230454 -0.271999 0.697799
v 0.245454 -0.148799 0.696799
v 0.141554 -0.300499 0.685099
v 0.136454 -0.269999 0.685499
v 0.128754 -0.234399 0.683899
v 0.121854 -0.195299 0.681199
v 0.062454 -0.268799 0.671599
v 0.050454 -0.237899 0.669499
v 0.036454 -0.201199 0.665399
v 0.067754 0.101101 0.654699
v 1.623054 -0.806699 0.510299
v 1.564754 -0.794199 0.529099
v 1.653854 -0.802399 0.503399
v 1.690154 -0.794599 0.494799
v 1.728854 -0.784599 0.484999
v 1.779954 -0.704199 0.471399
v 0.070054 -0.292099 0.671299
v 0.139854 -0.324099 0.682099
v 0.228754 -0.362899 0.691699
v 0.329354 -0.404799 0.697799
v 0.439154 -0.448199 0.699799
v 0.555954 -0.492299 0.697399
v 0.677654 -0.536099 0.690799
v 0.802154 -0.578799 0.679899
v 0.927454 -0.619499 0.664999
v 1.051454 -0.657699 0.646499
v 1.171854 -0.692999 0.625099
v 1.286554 -0.724899 0.601499
v 1.393154 -0.752899 0.576399
v 1.488654 -0.776499 0.551299
v 0.054554 -0.290999 -0.709401
v 0.133354 -0.323399 -0.723101
v 0.127854 -0.293799 -0.722801
v 0.042254 -0.260799 -0.706701
v 0.119854 -0.259099 -0.720501
v 0.028154 -0.225099 -0.701901
v 0.112654 -0.220599 -0.717001
v 0.016154 -0.184999 -0.695901
v 0.108254 -0.179799 -0.712701
v 0.070154 0.101501 -0.689501
v 0.224854 -0.361099 -0.733801
v 0.224154 -0.331399 -0.735001
v 0.221154 -0.297399 -0.734501
v 0.218354 -0.259899 -0.732701
v 0.251554 -0.087799 -0.730301
v 0.329754 -0.372499 -0.742801
v 0.327054 -0.402299 -0.740701
v 0.330754 -0.338899 -0.743501
v 0.331754 -0.302199 -0.743101
v 0.334054 -0.263499 -0.741801
v 0.438054 -0.445499 -0.743201
v 0.443254 -0.415699 -0.746001
v 0.447554 -0.382499 -0.747501
v 0.451954 -0.346699 -0.747901
v 0.507054 -0.096199 -0.747601
v 0.562954 -0.459999 -0.744401
v 0.555654 -0.489599 -0.741201
v 0.569954 -0.427399 -0.746501
v 0.577054 -0.392599 -0.747501
v 0.584954 -0.355799 -0.747701
v 0.686954 -0.504599 -0.738201
v 0.677954 -0.533699 -0.734701
v 0.696154 -0.472699 -0.740501
v 0.705854 -0.438999 -0.741801
v 0.757354 -0.270199 -0.742301
v 0.802954 -0.576799 -0.723901
v 0.813354 -0.548399 -0.727401
v 0.824654 -0.517599 -0.729701
v 0.836454 -0.484999 -0.731001
v 0.849054 -0.450399 -0.731501
v 0.928654 -0.618199 -0.708801
v 0.940454 -0.590799 -0.712201
v 0.953554 -0.561199 -0.714301
v 0.967654 -0.529999 -0.715301
v 1.022854 -0.387099 -0.715601
v 1.053054 -0.657199 -0.690101
v 1.066154 -0.631199 -0.693001
v 1.081354 -0.603199 -0.694701
v 1.097554 -0.573899 -0.695301
v 1.114154 -0.542499 -0.695101
v 1.173954 -0.693599 -0.668201
v 1.188554 -0.669299 -0.670601
v 1.205954 -0.643199 -0.671501
v 1.224554 -0.616099 -0.671201
v 1.281154 -0.397999 -0.670301
v 1.289154 -0.726799 -0.644001
v 1.305654 -0.704699 -0.645401
v 1.325654 -0.680899 -0.645201
v 1.347154 -0.656199 -0.643801
v 1.368454 -0.629199 -0.642001
v 1.415254 -0.736999 -0.618201
v 1.396454 -0.756599 -0.618001
v 1.438654 -0.715899 -0.616401
v 1.463154 -0.693899 -0.613501
v 1.514454 -0.573299 -0.605001
v 1.515754 -0.766399 -0.589701
v 1.493254 -0.782699 -0.591501
v 1.543254 -0.748199 -0.585801
v 1.571254 -0.729799 -0.581001
v 1.596354 -0.709299 -0.576701
v 1.605254 -0.792899 -0.560701
v 1.577054 -0.805299 -0.565501
v 1.638154 -0.778099 -0.553901
v 1.669754 -0.761799 -0.546901
v 1.655354 -0.670999 -0.543201
v 0.062454 -0.313299 -0.709701
v 1.721554 -0.805599 -0.521501
v 1.792054 -0.711399 -0.510301
v 1.682354 -0.816799 -0.531901
v 1.646454 -0.823899 -0.541101
v 1.556954 -0.815399 -0.567501
v 1.615554 -0.827699 -0.548601
v 1.480654 -0.798199 -0.589901
v 1.384954 -0.775099 -0.615201
v 1.278254 -0.747599 -0.640401
v 1.163454 -0.716099 -0.664101
v 1.042954 -0.681099 -0.685601
v 0.918954 -0.642999 -0.704101
v 0.793654 -0.602399 -0.719101
v 0.669154 -0.559699 -0.730001
v 0.547554 -0.515699 -0.736601
v 0.430854 -0.471299 -0.738801
v 0.321254 -0.427499 -0.736801
v 0.220754 -0.385199 -0.730501
v 0.132054 -0.345799 -0.720801
v -0.032946 -0.472499 0.405299
v 0.049854 -0.513799 0.424699
v 0.061154 -0.525999 0.397199
v -0.015846 -0.487699 0.381999
v 0.144054 -0.557399 0.439199
v 0.151354 -0.567799 0.408699
v 0.248254 -0.602199 0.449199
v 0.252954 -0.611499 0.416699
v 0.363754 -0.655699 0.421399
v 0.361154 -0.647299 0.454899
v 0.480854 -0.691799 0.456399
v 0.481654 -0.699499 0.422499
v 0.605254 -0.734999 0.453699
v 0.604554 -0.742099 0.420099
v 0.732654 -0.776099 0.447099
v 0.730554 -0.782599 0.414199
v 0.857654 -0.820499 0.404699
v 0.861154 -0.814399 0.436599
v 0.983654 -0.855099 0.392199
v 0.988754 -0.849599 0.422499
v 1.113354 -0.881299 0.405399
v 1.106354 -0.886299 0.376999
v 1.223754 -0.913499 0.359599
v 1.232954 -0.909199 0.385699
v 1.333354 -0.936599 0.340599
v 1.345554 -0.933099 0.363799
v 1.449254 -0.952799 0.339799
v 1.432754 -0.955299 0.320399
v 1.519254 -0.969899 0.299299
v 1.542454 -0.968599 0.314099
v -0.052546 -0.453699 0.428299
v 0.035354 -0.498199 0.450499
v 0.133754 -0.544199 0.467199
v 0.241454 -0.590699 0.478599
v 0.357154 -0.637099 0.485099
v 0.479154 -0.682699 0.486799
v 0.605754 -0.726699 0.483899
v 0.735154 -0.768599 0.476499
v 0.865654 -0.807599 0.464999
v 0.995454 -0.843499 0.449599
v 1.122554 -0.875899 0.430699
v 1.245354 -0.904599 0.408799
v 1.361754 -0.929299 0.384299
v 1.470454 -0.949899 0.357399
v 1.569754 -0.966399 0.328099
v 0.020954 -0.480899 0.475099
v -0.070846 -0.433399 0.451099
v 0.123054 -0.529199 0.493099
v 0.234054 -0.577599 0.505499
v 0.352654 -0.625599 0.512499
v 0.477254 -0.672399 0.514199
v 0.606254 -0.717399 0.510899
v 0.737954 -0.760199 0.502899
v 0.870754 -0.799999 0.490399
v 1.003054 -0.836699 0.473799
v 1.133054 -0.869799 0.453499
v 1.259054 -0.899199 0.429699
v 1.379454 -0.924599 0.403099
v 1.492554 -0.945899 0.373699
v 1.596154 -0.962599 0.341599
v 0.008954 -0.462999 0.498599
v -0.085546 -0.412899 0.473599
v 0.113854 -0.513499 0.517499
v 0.227654 -0.563699 0.530299
v 0.348854 -0.613099 0.537499
v 0.475854 -0.661099 0.538999
v 0.607054 -0.707299 0.535199
v 0.740954 -0.750899 0.526499
v 0.876154 -0.791599 0.513199
v 1.010854 -0.828999 0.495599
v 1.143554 -0.862799 0.474099
v 1.272554 -0.892799 0.448999
v 1.396254 -0.918699 0.420699
v 1.512754 -0.940299 0.389499
v 1.618954 -0.956699 0.355199
v -0.095446 -0.393099 0.496099
v 0.000854 -0.445299 0.521399
v 0.107554 -0.497599 0.540399
v 0.223254 -0.549299 0.553299
v 0.346354 -0.600099 0.560299
v 0.475254 -0.649299 0.561499
v 0.608454 -0.696399 0.557199
v 0.744354 -0.740799 0.547899
v 0.881554 -0.782299 0.533899
v 1.018354 -0.820299 0.515499
v 1.153254 -0.854699 0.493099
v 1.284654 -0.885099 0.466999
v 1.410854 -0.911299 0.437599
v 1.529554 -0.932799 0.405199
v 1.636854 -0.948599 0.369699
v -0.099846 -0.374699 0.518399
v -0.002646 -0.428399 0.543499
v 0.105054 -0.482099 0.562199
v 0.221854 -0.535099 0.574699
v 0.346154 -0.586899 0.581299
v 0.476354 -0.636899 0.581999
v 0.610854 -0.684699 0.577299
v 0.748154 -0.729899 0.567499
v 0.886654 -0.771899 0.552899
v 1.024954 -0.810399 0.533899
v 1.161354 -0.845099 0.510799
v 1.294354 -0.875799 0.484099
v 1.422054 -0.902099 0.454099
v 1.541854 -0.923399 0.421199
v 1.649354 -0.938399 0.385399
v -0.000646 -0.413199 0.564899
v -0.097746 -0.358499 0.540699
v 0.107354 -0.467699 0.582899
v 0.224354 -0.521399 0.594799
v 0.349054 -0.573699 0.600699
v 0.479554 -0.624299 0.600999
v 0.614454 -0.672499 0.595899
v 0.752254 -0.717999 0.585599
v 0.891254 -0.760299 0.570599
v 1.030054 -0.799099 0.551199
v 1.167054 -0.834099 0.527699
v 1.300554 -0.864799 0.500699
v 1.428854 -0.891099 0.470599
v 1.548754 -0.911999 0.437699
v 1.656054 -0.926199 0.402499
v -0.088846 -0.345099 0.562799
v 0.007654 -0.399999 0.585699
v 0.114954 -0.454699 0.602499
v 0.231354 -0.508499 0.613399
v 0.355354 -0.560999 0.618699
v 0.485254 -0.611499 0.618399
v 0.619554 -0.659799 0.612899
v 0.756654 -0.705199 0.602299
v 0.895054 -0.747599 0.586999
v 1.033254 -0.786399 0.567399
v 1.169554 -0.821299 0.543899
v 1.302554 -0.851999 0.516999
v 1.430354 -0.878099 0.487199
v 1.549855 -0.898799 0.454899
v 1.656754 -0.912299 0.420599
v -0.073746 -0.334099 0.584399
v 0.021454 -0.388599 0.605499
v 0.127254 -0.442899 0.620799
v 0.242154 -0.496299 0.630599
v 0.364654 -0.548399 0.634999
v 0.493054 -0.598599 0.634099
v 0.625854 -0.646499 0.628199
v 0.761454 -0.691699 0.617499
v 0.898254 -0.733799 0.602099
v 1.034854 -0.772399 0.582499
v 1.169654 -0.807099 0.559199
v 1.301054 -0.837599 0.532699
v 1.427354 -0.863499 0.503499
v 1.545754 -0.883899 0.472199
v 1.651854 -0.897099 0.439199
v -0.053446 -0.325399 0.604799
v 0.039554 -0.378699 0.623799
v 0.143154 -0.431899 0.637599
v 0.255854 -0.484399 0.646199
v 0.376154 -0.535599 0.649699
v 0.502454 -0.585199 0.648299
v 0.633154 -0.632499 0.641999
v 0.766554 -0.677099 0.631099
v 0.901254 -0.718799 0.615799
v 1.035654 -0.757099 0.596399
v 1.168154 -0.791499 0.573499
v 1.297054 -0.821699 0.547599
v 1.420854 -0.847299 0.519299
v 1.537255 -0.867699 0.489199
v 1.641954 -0.880999 0.457699
v 0.061154 -0.369799 0.640399
v -0.028846 -0.318599 0.623499
v 0.161754 -0.421199 0.652599
v 0.271554 -0.472099 0.660099
v 0.389154 -0.522099 0.662899
v 0.512954 -0.570699 0.660899
v 0.641154 -0.617199 0.654399
v 0.772254 -0.661299 0.643499
v 0.904454 -0.702499 0.628199
v 1.036254 -0.740299 0.609099
v 1.165954 -0.774499 0.586699
v 1.291754 -0.804399 0.561499
v 1.412154 -0.829899 0.534199
v 1.525154 -0.850199 0.505499
v 1.627654 -0.863999 0.475799
v -0.001246 -0.312899 0.640099
v 0.084854 -0.361299 0.654799
v 0.181754 -0.410099 0.665599
v 0.288254 -0.458899 0.672299
v 0.402954 -0.507299 0.674499
v 0.524054 -0.554599 0.672199
v 0.649854 -0.600399 0.665499
v 0.778554 -0.643799 0.654599
v 0.908254 -0.684599 0.639399
v 1.037354 -0.722099 0.620599
v 1.163954 -0.756099 0.598599
v 1.286254 -0.785899 0.574199
v 1.402454 -0.811299 0.547899
v 1.511054 -0.831699 0.520599
v 1.609754 -0.846099 0.492799
v 0.108054 -0.351899 0.666799
v 0.027054 -0.307399 0.653999
v 0.201054 -0.397599 0.676599
v 0.304454 -0.443999 0.682699
v 0.416454 -0.490499 0.684499
v 0.535354 -0.536599 0.682099
v 0.658954 -0.581499 0.675299
v 0.785554 -0.624499 0.664399
v 0.913054 -0.664899 0.649299
v 1.039754 -0.702399 0.630699
v 1.163554 -0.736299 0.609199
v 1.282354 -0.766399 0.585399
v 1.394254 -0.791999 0.559899
v 1.497654 -0.812699 0.533899
v 1.590654 -0.827699 0.508199
v 0.051754 -0.300799 0.664499
v 0.127854 -0.340299 0.675999
v 0.217554 -0.382399 0.685299
v 0.318654 -0.426299 0.691199
v 0.428854 -0.471099 0.692999
v 0.546154 -0.515999 0.690499
v 0.668354 -0.560199 0.683799
v 0.793354 -0.602899 0.672899
v 0.919354 -0.643299 0.657899
v 1.044154 -0.680899 0.639399
v 1.165754 -0.715299 0.618099
v 1.281754 -0.745999 0.594599
v 1.390254 -0.772499 0.569599
v 1.488554 -0.793999 0.544499
v 1.574455 -0.809999 0.520599
v -0.004246 -0.497999 0.358599
v 0.064954 -0.532899 0.366899
v 0.153354 -0.574199 0.374799
v 0.253754 -0.617699 0.380799
v 0.363654 -0.661699 0.384199
v 0.480854 -0.705399 0.384899
v 0.603354 -0.747799 0.382599
v 0.728754 -0.788199 0.377399
v 0.855354 -0.825799 0.368999
v 0.980754 -0.860199 0.357999
v 1.102954 -0.890999 0.344799
v 1.219454 -0.917799 0.329999
v 1.328054 -0.940299 0.313999
v 1.425554 -0.958299 0.297899
v 1.503555 -0.970899 0.283599
v 1.591754 -0.980399 0.278399
v 1.563454 -0.979199 0.271499
v 1.623954 -0.980499 0.286799
v 1.658154 -0.978699 0.296799
v 1.688955 -0.974799 0.307399
v 1.714154 -0.968399 0.318999
v 1.733054 -0.959599 0.332599
v 1.745654 -0.948199 0.348399
v 1.752254 -0.934999 0.366399
v 1.752954 -0.920299 0.385699
v 1.747654 -0.904799 0.405799
v 1.736354 -0.888499 0.425999
v 1.719354 -0.871699 0.446099
v 1.697254 -0.854299 0.465499
v 1.671654 -0.836599 0.483599
v 1.645954 -0.820499 0.498699
v 1.750454 -0.998699 -0.278601
v 1.692054 -0.993199 -0.311201
v 1.643554 -0.991999 -0.307801
v 1.691654 -0.997799 -0.277701
v 1.796554 -0.995799 -0.281801
v 1.734654 -0.991899 -0.316901
v 1.829954 -0.989199 -0.286901
v 1.770054 -0.987999 -0.324301
v 1.855254 -0.980299 -0.294801
v 1.796754 -0.981199 -0.333601
v 1.873854 -0.969499 -0.305801
v 1.815254 -0.971999 -0.345001
v 1.886154 -0.957099 -0.320201
v 1.827454 -0.960999 -0.359101
v 1.891654 -0.943799 -0.338101
v 1.833754 -0.948999 -0.375701
v 1.796355 -1.001199 -0.242901
v 1.733554 -1.002099 -0.243201
v 1.843554 -0.996099 -0.243801
v 1.878054 -0.987699 -0.247301
v 1.904554 -0.976699 -0.254601
v 1.924554 -0.963799 -0.265601
v 1.937654 -0.949799 -0.280301
v 1.942954 -0.935299 -0.299301
v 1.768054 -1.004499 -0.204701
v 1.833354 -1.001699 -0.203501
v 1.881355 -0.994699 -0.203501
v 1.916354 -0.984199 -0.206901
v 1.944054 -0.970899 -0.214301
v 1.965454 -0.955799 -0.225501
v 1.979554 -0.939799 -0.240801
v 1.983454 -0.926799 -0.259501
v 1.862754 -1.001299 -0.161101
v 1.794854 -1.005099 -0.162901
v 1.909754 -0.992399 -0.161001
v 1.944154 -0.979699 -0.165001
v 1.972054 -0.963899 -0.172901
v 1.994254 -0.945799 -0.184601
v 2.007954 -0.928899 -0.200401
v 2.014554 -0.912899 -0.221101
v 1.884754 -1.000699 -0.116101
v 1.816154 -1.005399 -0.118201
v 1.929054 -0.990199 -0.116201
v 1.961854 -0.975299 -0.120501
v 1.989554 -0.956699 -0.128001
v 2.010954 -0.936699 -0.140101
v 2.027854 -0.914599 -0.156601
v 2.046754 -0.814999 -0.191301
v 1.899654 -1.000399 -0.069901
v 1.830654 -1.005599 -0.072201
v 1.939854 -0.988699 -0.069901
v 1.970754 -0.972199 -0.073101
v 1.998554 -0.950599 -0.078001
v 2.020954 -0.926999 -0.082801
v 2.069654 -0.777299 -0.100301
v 1.797854 -0.858699 -0.477601
v 1.746354 -0.838699 -0.504101
v 1.694954 -0.842399 -0.520201
v 1.737454 -0.860699 -0.498601
v 1.838854 -0.850199 -0.460801
v 1.791854 -0.830599 -0.489501
v 1.881854 -0.774699 -0.445101
v 1.827754 -0.814999 -0.477701
v 1.832654 -0.875399 -0.453001
v 1.773254 -0.878499 -0.477001
v 1.870954 -0.865299 -0.432601
v 1.902354 -0.849299 -0.414201
v 1.854454 -0.889299 -0.429601
v 1.801454 -0.895299 -0.455601
v 1.895154 -0.876899 -0.405801
v 1.927254 -0.863199 -0.384101
v 1.953354 -0.841099 -0.368701
v 1.947254 -0.740199 -0.384301
v 1.871454 -0.902699 -0.405801
v 1.819354 -0.909899 -0.434801
v 1.915154 -0.890999 -0.377301
v 1.949455 -0.878099 -0.352201
v 1.995354 -0.772599 -0.316901
v 1.883654 -0.916099 -0.382101
v 1.829654 -0.923099 -0.414401
v 1.930754 -0.905499 -0.349101
v 1.967654 -0.893199 -0.320101
v 1.998654 -0.869699 -0.299001
v 1.890654 -0.929899 -0.359001
v 1.834255 -0.936099 -0.394401
v 1.940355 -0.920299 -0.322501
v 1.978054 -0.908999 -0.291801
v 2.028854 -0.807499 -0.248701
v 1.701354 -0.821199 0.482499
v 1.752855 -0.816899 0.467199
v 1.802954 -0.837099 0.440499
v 1.741454 -0.839499 0.461199
v 1.840954 -0.855199 0.414899
v 1.774754 -0.857299 0.439299
v 1.867454 -0.871399 0.390499
v 1.800854 -0.874399 0.417199
v 1.884155 -0.886699 0.366699
v 1.819154 -0.890699 0.395199
v 1.893354 -0.901999 0.342999
v 1.830154 -0.906599 0.373199
v 1.896554 -0.917699 0.319399
v 1.834554 -0.922399 0.351599
v 1.894254 -0.933699 0.296899
v 1.833254 -0.937699 0.330799
v 1.851954 -0.831399 0.422599
v 1.799454 -0.810499 0.452499
v 1.890354 -0.849799 0.392799
v 1.911354 -0.860799 0.371099
v 1.924454 -0.878199 0.345099
v 1.937254 -0.894799 0.312699
v 1.942455 -0.907399 0.288599
v 1.939854 -0.924299 0.263799
v 1.838154 -0.795699 0.441399
v 1.903454 -0.764399 0.402699
v 1.927554 -0.833499 0.374999
v 1.939454 -0.840199 0.364599
v 1.990354 -0.770499 0.318499
v 1.972254 -0.877299 0.289699
v 1.974055 -0.895299 0.264199
v 1.974654 -0.914299 0.227399
v 2.007755 -0.838899 0.280799
v 2.002354 -0.848499 0.283599
v 2.029454 -0.767099 0.231599
v 2.005954 -0.899899 0.188799
v 1.692654 -0.994399 0.223199
v 1.644854 -0.988199 0.252999
v 1.693354 -0.989099 0.257399
v 1.751554 -0.994899 0.225399
v 1.734254 -0.998999 0.188799
v 1.800154 -0.998399 0.189799
v 1.841154 -1.000699 0.150799
v 1.770154 -1.002199 0.150399
v 1.799654 -1.004199 0.109199
v 1.872754 -1.001999 0.108999
v 1.821254 -1.005199 0.065899
v 1.893754 -1.002099 0.065599
v 1.904754 -1.001499 0.021599
v 1.833754 -1.005599 0.020699
v 1.836754 -1.005599 -0.025701
v 1.906454 -1.000699 -0.023701
v 1.799554 -0.991999 0.229299
v 1.735354 -0.987199 0.263999
v 1.851254 -0.994399 0.191499
v 1.888554 -0.994699 0.151499
v 1.912354 -0.993199 0.110299
v 1.928654 -0.991199 0.067199
v 1.938955 -0.989399 0.022799
v 1.942754 -0.988399 -0.023101
v 1.769954 -0.982699 0.271899
v 1.834854 -0.986199 0.234699
v 1.881454 -0.986099 0.196299
v 1.913655 -0.983599 0.157299
v 1.937555 -0.979599 0.116399
v 1.955254 -0.975499 0.072499
v 1.966854 -0.972299 0.025699
v 1.972154 -0.970999 -0.023601
v 1.795954 -0.975299 0.281799
v 1.858254 -0.976799 0.244399
v 1.902254 -0.973899 0.207099
v 1.934954 -0.968499 0.168499
v 1.960454 -0.961799 0.126999
v 1.980054 -0.954899 0.081399
v 1.993354 -0.949499 0.031199
v 1.999754 -0.947399 -0.023301
v 1.814254 -0.964999 0.295099
v 1.874954 -0.964299 0.258499
v 1.918954 -0.958899 0.222199
v 1.953154 -0.950599 0.184099
v 1.980954 -0.940399 0.142299
v 2.000755 -0.931799 0.096499
v 2.015854 -0.923999 0.038799
v 2.024454 -0.918099 -0.021901
v 1.826254 -0.952099 0.311699
v 1.886854 -0.949599 0.276299
v 1.931654 -0.941899 0.241299
v 1.967654 -0.930599 0.204399
v 1.996354 -0.918499 0.163399
v 2.019655 -0.905499 0.117699
v 2.063255 -0.782299 0.049699
v 2.056254 -0.865699 -0.020001
v 2.048954 -0.817399 0.144899
v 1.590254 -0.984499 -0.333601
v 1.562154 -0.982999 -0.327401
v 1.589954 -0.987999 -0.307101
v 1.622354 -0.984899 -0.341001
v 1.657254 -0.983699 -0.350301
v 1.689454 -0.980599 -0.360101
v 1.716854 -0.975599 -0.370801
v 1.738254 -0.968499 -0.383001
v 1.753054 -0.959399 -0.396901
v 1.760754 -0.948599 -0.412401
v 1.621554 -0.993099 -0.280201
v 1.655354 -0.997899 -0.245701
v 1.686254 -1.001599 -0.207101
v 1.711854 -1.003999 -0.165201
v 1.730654 -1.004999 -0.120701
v 1.742654 -1.005299 -0.074401
v 1.747154 -1.005199 -0.027401
v 1.639454 -0.841199 -0.536901
v 1.666354 -0.856799 -0.522201
v 1.694654 -0.874499 -0.504301
v 1.719954 -0.891499 -0.485401
v 1.740254 -0.907299 -0.466501
v 1.754154 -0.922399 -0.447701
v 1.761054 -0.936299 -0.429401
v 1.591154 -0.984499 0.251099
v 1.622654 -0.989899 0.224199
v 1.656154 -0.995099 0.189899
v 1.686654 -0.999199 0.151299
v 1.712054 -1.001999 0.109599
v 1.731154 -1.003699 0.065399
v 1.743154 -1.004699 0.019499
v 1.447454 -0.957699 -0.395301
v 1.431154 -0.959699 -0.377001
v 1.517654 -0.974099 -0.355001
v 1.540755 -0.973299 -0.368801
v 1.343654 -0.938099 -0.420001
v 1.331754 -0.940999 -0.398001
v 1.231054 -0.914399 -0.442601
v 1.222154 -0.917999 -0.417701
v 1.111454 -0.886499 -0.463001
v 1.104754 -0.890799 -0.435601
v 0.986854 -0.854899 -0.480501
v 0.982054 -0.859699 -0.451201
v 0.859254 -0.819699 -0.494801
v 0.855954 -0.825099 -0.464001
v 0.730854 -0.781399 -0.505401
v 0.728954 -0.787199 -0.473601
v 0.603454 -0.740299 -0.512001
v 0.602954 -0.746699 -0.479401
v 0.478954 -0.697099 -0.514301
v 0.479954 -0.704099 -0.481501
v 0.359354 -0.652599 -0.512301
v 0.362054 -0.660299 -0.479901
v 0.246454 -0.607499 -0.506001
v 0.251354 -0.615999 -0.474701
v 0.142254 -0.562499 -0.495301
v 0.149854 -0.572299 -0.465901
v 0.048154 -0.518799 -0.480001
v 0.059554 -0.530399 -0.453501
v -0.034546 -0.477299 -0.459801
v -0.017346 -0.492099 -0.437501
v 1.468354 -0.955399 -0.411601
v 1.567954 -0.971599 -0.381801
v 1.359554 -0.934999 -0.439301
v 1.243154 -0.910499 -0.464501
v 1.120454 -0.881899 -0.487001
v 0.993254 -0.849499 -0.506301
v 0.863454 -0.813699 -0.522001
v 0.732954 -0.774699 -0.533601
v 0.603654 -0.732799 -0.540901
v 0.477054 -0.688799 -0.543501
v 0.355054 -0.643199 -0.541301
v 0.239454 -0.596699 -0.534201
v 0.131854 -0.549999 -0.522101
v 0.033554 -0.503899 -0.504601
v -0.054346 -0.459099 -0.481601
v 1.490254 -0.951999 -0.426601
v 1.594954 -0.968599 -0.394401
v 1.376954 -0.931099 -0.456701
v 1.256554 -0.905899 -0.484001
v 1.130554 -0.876599 -0.508301
v 1.000554 -0.843499 -0.529101
v 0.868254 -0.806899 -0.546001
v 0.735454 -0.767099 -0.558501
v 0.603854 -0.724399 -0.566501
v 0.474854 -0.679299 -0.569501
v 0.350354 -0.632399 -0.567301
v 0.231754 -0.584399 -0.559801
v 0.120854 -0.535799 -0.546601
v 0.018854 -0.487299 -0.527801
v -0.072746 -0.439499 -0.503001
v 1.510354 -0.947299 -0.441001
v 1.618954 -0.963799 -0.406901
v 1.393454 -0.925999 -0.472801
v 1.269754 -0.900399 -0.501701
v 1.140654 -0.870499 -0.527401
v 1.007954 -0.836799 -0.549401
v 0.873254 -0.799499 -0.567301
v 0.738154 -0.758899 -0.580701
v 0.604254 -0.715199 -0.589301
v 0.473054 -0.668999 -0.592801
v 0.346154 -0.620899 -0.590801
v 0.225054 -0.571399 -0.583101
v 0.111454 -0.520999 -0.569501
v 0.006654 -0.470299 -0.549801
v -0.087646 -0.419799 -0.524001
v 1.527354 -0.940799 -0.455301
v 1.638654 -0.957199 -0.420001
v 1.407654 -0.919499 -0.488201
v 1.281354 -0.893599 -0.518201
v 1.149954 -0.863399 -0.544801
v 1.015054 -0.829199 -0.567701
v 0.878254 -0.791199 -0.586401
v 0.741154 -0.749899 -0.600501
v 0.605354 -0.705399 -0.609701
v 0.472254 -0.658199 -0.613701
v 0.343354 -0.608899 -0.612101
v 0.220454 -0.557999 -0.604601
v 0.104854 -0.505999 -0.591001
v -0.001746 -0.453499 -0.571101
v -0.097846 -0.400999 -0.544901
v 1.539754 -0.932599 -0.469801
v 1.652754 -0.948799 -0.434001
v 1.418554 -0.911399 -0.503201
v 1.290554 -0.885499 -0.533801
v 1.157654 -0.854999 -0.561001
v 1.021254 -0.820399 -0.584501
v 0.882954 -0.781999 -0.603801
v 0.744454 -0.740099 -0.618501
v 0.607254 -0.694899 -0.628201
v 0.472854 -0.646999 -0.632701
v 0.342854 -0.596799 -0.631501
v 0.218654 -0.544899 -0.624501
v 0.101954 -0.491699 -0.611301
v -0.005646 -0.437699 -0.591701
v -0.102546 -0.383599 -0.565801
v 1.660254 -0.938499 -0.449001
v 1.546654 -0.922699 -0.484701
v 1.424854 -0.901599 -0.518201
v 1.296354 -0.875699 -0.548901
v 1.162754 -0.845199 -0.576401
v 1.025854 -0.810399 -0.600201
v 0.887154 -0.771699 -0.619901
v 0.748154 -0.729399 -0.635001
v 0.610454 -0.683899 -0.645201
v 0.475654 -0.635599 -0.650101
v 0.345154 -0.584899 -0.649401
v 0.220754 -0.532299 -0.643001
v 0.103854 -0.478399 -0.630501
v -0.003846 -0.423599 -0.611801
v -0.100846 -0.368599 -0.586701
v 1.547254 -0.910899 -0.500301
v 1.660354 -0.926399 -0.465201
v 1.425854 -0.889999 -0.533401
v 1.297854 -0.864199 -0.563801
v 1.164854 -0.833799 -0.591101
v 1.028554 -0.798999 -0.614901
v 0.890454 -0.760299 -0.634801
v 0.752054 -0.717999 -0.650101
v 0.615054 -0.672599 -0.660601
v 0.480854 -0.624199 -0.665901
v 0.351054 -0.573499 -0.665901
v 0.227254 -0.520799 -0.660201
v 0.111054 -0.466699 -0.648701
v 0.003954 -0.411699 -0.631201
v -0.092346 -0.356399 -0.607501
v 1.542155 -0.897399 -0.516201
v 1.653754 -0.912899 -0.482101
v 1.422254 -0.876799 -0.548301
v 1.295854 -0.851199 -0.578101
v 1.164454 -0.820999 -0.605001
v 1.029654 -0.786499 -0.628501
v 0.893054 -0.747999 -0.648301
v 0.756254 -0.705999 -0.663701
v 0.620754 -0.660799 -0.674401
v 0.488054 -0.612799 -0.680201
v 0.359854 -0.562399 -0.680801
v 0.237554 -0.509999 -0.676001
v 0.122754 -0.456299 -0.665701
v 0.017154 -0.401699 -0.649701
v -0.077746 -0.346899 -0.627901
v 1.641554 -0.897899 -0.499401
v 1.532454 -0.882599 -0.531901
v 1.415254 -0.862099 -0.562901
v 1.291354 -0.836799 -0.591701
v 1.162354 -0.806899 -0.617901
v 1.029854 -0.772699 -0.641001
v 0.895554 -0.734599 -0.660501
v 0.760854 -0.692999 -0.676001
v 0.627454 -0.648299 -0.686801
v 0.496854 -0.600799 -0.692901
v 0.370754 -0.551099 -0.694101
v 0.250654 -0.499599 -0.690301
v 0.138154 -0.446799 -0.681201
v 0.034754 -0.393299 -0.666901
v -0.058046 -0.339699 -0.647201
v 1.624654 -0.881799 -0.516501
v 1.519454 -0.866499 -0.547101
v 1.405954 -0.846199 -0.576601
v 1.285554 -0.821099 -0.604401
v 1.159654 -0.791499 -0.629801
v 1.029954 -0.757599 -0.652401
v 0.898154 -0.719899 -0.671601
v 0.765954 -0.678699 -0.686901
v 0.634954 -0.634599 -0.697901
v 0.506754 -0.587899 -0.704201
v 0.383154 -0.539099 -0.706001
v 0.265754 -0.488799 -0.702901
v 0.156154 -0.437599 -0.695101
v 0.055754 -0.385899 -0.682301
v -0.034046 -0.334399 -0.664901
v 1.604655 -0.864599 -0.532801
v 1.504554 -0.849399 -0.561401
v 1.395754 -0.829199 -0.589301
v 1.279454 -0.804199 -0.615901
v 1.157154 -0.774699 -0.640601
v 1.030454 -0.740999 -0.662601
v 0.901354 -0.703599 -0.681601
v 0.771654 -0.662899 -0.696801
v 0.643054 -0.619399 -0.707701
v 0.517354 -0.573499 -0.714301
v 0.396354 -0.525899 -0.716401
v 0.281854 -0.477199 -0.714001
v 0.175454 -0.428099 -0.707001
v 0.078754 -0.378899 -0.695801
v -0.007046 -0.330199 -0.680501
v 1.584054 -0.846999 -0.547601
v 1.490554 -0.831799 -0.573901
v 1.387054 -0.811499 -0.600401
v 1.275054 -0.786199 -0.626001
v 1.156154 -0.756499 -0.650101
v 1.032354 -0.722799 -0.671701
v 0.905654 -0.685499 -0.690401
v 0.778054 -0.645099 -0.705501
v 0.651554 -0.602099 -0.716401
v 0.527954 -0.556999 -0.723001
v 0.409254 -0.510699 -0.725401
v 0.297454 -0.463799 -0.723301
v 0.194254 -0.417099 -0.717001
v 0.101454 -0.370999 -0.706901
v 0.020554 -0.326199 -0.693701
v 1.567154 -0.830199 -0.559501
v 1.480954 -0.814499 -0.583801
v 1.382554 -0.793299 -0.609201
v 1.273954 -0.767299 -0.634301
v 1.157854 -0.736999 -0.658001
v 1.036254 -0.702899 -0.679401
v 0.911354 -0.665399 -0.698001
v 0.785354 -0.624999 -0.713001
v 0.660354 -0.582299 -0.723801
v 0.538254 -0.537999 -0.730501
v 0.421154 -0.492799 -0.732901
v 0.311054 -0.447599 -0.731001
v 0.210154 -0.403299 -0.724901
v 0.120554 -0.360799 -0.715401
v 0.044754 -0.320899 -0.703501
v 1.502155 -0.974799 -0.340201
v 1.424154 -0.962199 -0.355301
v 1.326654 -0.944199 -0.372201
v 1.218054 -0.921699 -0.388901
v 1.101554 -0.894899 -0.404301
v 0.979454 -0.864099 -0.418001
v 0.853954 -0.829699 -0.429301
v 0.727454 -0.792099 -0.437701
v 0.601954 -0.751699 -0.442801
v 0.479454 -0.709299 -0.444801
v 0.362254 -0.665699 -0.443601
v 0.252354 -0.621599 -0.439601
v 0.151954 -0.578199 -0.432901
v 0.063554 -0.536799 -0.424101
v -0.005646 -0.501999 -0.415001
v 0.042354 -0.531399 -0.350001
v 0.056754 -0.536599 -0.389901
v -0.019946 -0.496899 -0.385401
v -0.039946 -0.487699 -0.348201
v 0.136354 -0.576799 -0.353101
v 0.146854 -0.579399 -0.395301
v 0.240554 -0.622899 -0.356101
v 0.248454 -0.623699 -0.400001
v 0.353354 -0.668999 -0.358001
v 0.359154 -0.668399 -0.402901
v 0.473054 -0.714099 -0.358301
v 0.477054 -0.712599 -0.403601
v 0.597754 -0.757599 -0.356701
v 0.600154 -0.755299 -0.401801
v 0.725354 -0.798799 -0.352901
v 0.726254 -0.795899 -0.397401
v 0.854054 -0.836999 -0.346601
v 0.853454 -0.833699 -0.390001
v 0.981954 -0.871799 -0.338301
v 0.979554 -0.868199 -0.380301
v 1.107054 -0.902899 -0.328501
v 1.102554 -0.898999 -0.368601
v 1.227154 -0.929999 -0.317601
v 1.220154 -0.925799 -0.355501
v 1.340454 -0.952599 -0.306301
v 1.330154 -0.948199 -0.341701
v 1.444954 -0.970599 -0.295601
v 1.429954 -0.965999 -0.328301
v 1.539154 -0.984099 -0.286501
v 1.517054 -0.979199 -0.316701
v 0.024654 -0.523499 -0.305001
v -0.062846 -0.475899 -0.304801
v 0.122754 -0.571799 -0.306501
v 0.230354 -0.620099 -0.308301
v 0.346054 -0.667799 -0.309401
v 0.468254 -0.714199 -0.309401
v 0.595054 -0.758799 -0.308001
v 0.724754 -0.800699 -0.304801
v 0.855654 -0.839599 -0.299601
v 0.985954 -0.874999 -0.292701
v 1.113754 -0.906499 -0.284601
v 1.237254 -0.933899 -0.275801
v 1.354554 -0.956899 -0.266701
v 1.464354 -0.975199 -0.258201
v 1.565054 -0.988899 -0.250901
v 0.006654 -0.514399 -0.255701
v -0.084846 -0.463499 -0.256101
v 0.108554 -0.565499 -0.256201
v 0.219554 -0.615999 -0.257101
v 0.338254 -0.665599 -0.257601
v 0.463054 -0.713399 -0.257501
v 0.592254 -0.759099 -0.256401
v 0.724354 -0.801899 -0.253801
v 0.857754 -0.841499 -0.249701
v 0.990654 -0.877499 -0.244101
v 1.121454 -0.909599 -0.237701
v 1.248454 -0.937399 -0.230801
v 1.369954 -0.960699 -0.223701
v 1.484454 -0.979299 -0.217001
v 1.590454 -0.992899 -0.211301
v -0.009146 -0.505699 -0.202601
v -0.103546 -0.452099 -0.203201
v 0.095654 -0.559099 -0.202701
v 0.209454 -0.611699 -0.203101
v 0.330854 -0.662799 -0.203401
v 0.458154 -0.711999 -0.203201
v 0.589754 -0.758799 -0.202401
v 0.724254 -0.802499 -0.200501
v 0.859954 -0.842899 -0.197301
v 0.995554 -0.879499 -0.193201
v 1.129154 -0.911999 -0.188301
v 1.259254 -0.940199 -0.183101
v 1.384254 -0.963699 -0.177801
v 1.502554 -0.982399 -0.172801
v 1.612554 -0.995899 -0.168501
v -0.021546 -0.498399 -0.146601
v -0.117846 -0.442599 -0.146901
v 0.085354 -0.553599 -0.146701
v 0.201254 -0.607699 -0.146901
v 0.324654 -0.660199 -0.147101
v 0.453954 -0.710499 -0.147101
v 0.587654 -0.758199 -0.146501
v 0.724254 -0.802699 -0.145301
v 0.862054 -0.843699 -0.143201
v 0.999754 -0.880799 -0.140301
v 1.135754 -0.913699 -0.137001
v 1.268254 -0.942199 -0.133401
v 1.395954 -0.965899 -0.129801
v 1.516954 -0.984499 -0.126401
v 1.629754 -0.997799 -0.123401
v -0.029546 -0.493199 -0.088501
v -0.126946 -0.436099 -0.088301
v 0.078554 -0.549599 -0.088801
v 0.195754 -0.604799 -0.089201
v 0.320454 -0.658099 -0.089401
v 0.451154 -0.709199 -0.089601
v 0.586254 -0.757499 -0.089401
v 0.724254 -0.802599 -0.088801
v 0.863654 -0.844099 -0.087701
v 1.002854 -0.881499 -0.086201
v 1.140354 -0.914699 -0.084401
v 1.274554 -0.943299 -0.082401
v 1.403854 -0.967099 -0.080301
v 1.526554 -0.985599 -0.078301
v 1.640954 -0.998699 -0.076401
v -0.032346 -0.491099 -0.029201
v -0.130046 -0.433599 -0.028401
v 0.076154 -0.547899 -0.029901
v 0.193854 -0.603499 -0.030501
v 0.319054 -0.657199 -0.031001
v 0.450154 -0.708499 -0.031301
v 0.585854 -0.757099 -0.031501
v 0.724354 -0.802399 -0.031501
v 0.864254 -0.843999 -0.031501
v 1.004054 -0.881599 -0.031301
v 1.142154 -0.914899 -0.031001
v 1.276954 -0.943599 -0.030601
v 1.406754 -0.967299 -0.030001
v 1.530154 -0.985799 -0.029301
v 1.644854 -0.998799 -0.028501
v -0.029346 -0.492699 0.029999
v -0.126746 -0.435599 0.031399
v 0.078754 -0.549099 0.028899
v 0.195954 -0.604299 0.028199
v 0.320654 -0.657699 0.027599
v 0.451354 -0.708799 0.026999
v 0.586454 -0.757099 0.026499
v 0.724454 -0.802199 0.025799
v 0.863754 -0.843599 0.024799
v 1.003054 -0.881099 0.023599
v 1.140554 -0.914299 0.022399
v 1.274754 -0.942899 0.021299
v 1.403954 -0.966599 0.020299
v 1.526754 -0.985099 0.019599
v 1.640954 -0.998099 0.019299
v -0.021146 -0.497399 0.088099
v -0.117446 -0.441599 0.089999
v 0.085754 -0.552599 0.086799
v 0.201654 -0.606799 0.085999
v 0.325054 -0.659299 0.085299
v 0.454354 -0.709599 0.084599
v 0.587954 -0.757299 0.083699
v 0.724554 -0.801899 0.082399
v 0.862354 -0.842799 0.080399
v 1.000054 -0.879899 0.077899
v 1.136054 -0.912899 0.075199
v 1.268554 -0.941299 0.072399
v 1.396254 -0.964899 0.069899
v 1.517354 -0.983499 0.067699
v 1.629955 -0.996599 0.066199
v -0.008546 -0.504199 0.144099
v -0.102946 -0.450499 0.146199
v 0.096254 -0.557699 0.142899
v 0.210054 -0.610299 0.142299
v 0.331354 -0.661499 0.141699
v 0.458554 -0.710699 0.140999
v 0.590254 -0.757499 0.139699
v 0.724654 -0.801299 0.137699
v 0.860454 -0.841599 0.134699
v 0.995954 -0.878199 0.130899
v 1.129554 -0.910699 0.126599
v 1.259654 -0.938799 0.122199
v 1.384654 -0.962299 0.117899
v 1.503054 -0.980799 0.114199
v 1.612954 -0.994299 0.111299
v 0.007354 -0.512399 0.197199
v -0.084046 -0.461399 0.198999
v 0.109254 -0.563599 0.196599
v 0.220254 -0.614199 0.196399
v 0.338854 -0.663699 0.196199
v 0.463654 -0.711599 0.195499
v 0.592954 -0.757299 0.193999
v 0.725054 -0.800199 0.191299
v 0.858354 -0.839799 0.187299
v 0.991254 -0.875699 0.182099
v 1.122054 -0.907799 0.176199
v 1.249054 -0.935499 0.169999
v 1.370554 -0.958799 0.163899
v 1.485154 -0.977299 0.158399
v 1.591154 -0.990799 0.153999
v 0.025554 -0.520999 0.246699
v -0.061846 -0.473299 0.247699
v 0.123654 -0.569299 0.247099
v 0.231254 -0.617699 0.247899
v 0.346954 -0.665499 0.248299
v 0.469054 -0.711999 0.247699
v 0.595854 -0.756499 0.245999
v 0.725554 -0.798499 0.242699
v 0.856454 -0.837299 0.237599
v 0.986654 -0.872699 0.230999
v 1.114554 -0.904199 0.223399
v 1.237954 -0.931599 0.215299
v 1.355354 -0.954399 0.207099
v 1.465154 -0.972699 0.199599
v 1.565954 -0.986299 0.193599
v 0.043454 -0.528399 0.291899
v -0.038746 -0.484599 0.291299
v 0.137454 -0.573899 0.293899
v 0.241554 -0.620099 0.296099
v 0.354454 -0.666099 0.297299
v 0.474154 -0.711299 0.297099
v 0.598754 -0.754799 0.295199
v 0.726354 -0.795999 0.291199
v 0.855054 -0.834199 0.284999
v 0.982954 -0.868999 0.276999
v 1.107954 -0.900099 0.267699
v 1.228154 -0.927099 0.257499
v 1.341354 -0.949699 0.246999
v 1.445954 -0.967699 0.237299
v 1.540154 -0.981099 0.229299
v 0.058054 -0.533099 0.332099
v -0.018646 -0.493399 0.328599
v 0.148154 -0.575899 0.336599
v 0.249654 -0.620299 0.340499
v 0.360354 -0.665099 0.342799
v 0.478254 -0.709199 0.342999
v 0.601254 -0.751999 0.340899
v 0.727354 -0.792599 0.336299
v 0.854554 -0.830399 0.329099
v 0.980754 -0.864799 0.319599
v 1.103754 -0.895699 0.308299
v 1.221354 -0.922399 0.295899
v 1.331354 -0.944799 0.282799
v 1.431154 -0.962599 0.270299
v 1.518255 -0.975699 0.259699
v -0.484546 -0.162099 -0.341901
v -0.487146 -0.091599 -0.379501
v -0.410146 -0.012299 -0.402801
v -0.407346 -0.088699 -0.379501
v -0.404746 -0.159199 -0.341901
v -0.400646 -0.271599 -0.229401
v -0.399246 -0.309299 -0.158901
v -0.217646 -0.264899 -0.229401
v -0.216246 -0.302599 -0.158901
v 0.469554 -0.215699 0.092899
v 0.325554 -0.181499 0.007099
v 0.202354 -0.157099 -0.077901
v 0.466154 -0.208799 0.095199
v 0.101854 -0.136399 -0.158001
v 0.110654 -0.143699 -0.156201
vn -0.5778 -0.0503 0.8146
vn -0.6765 -0.0878 0.7312
vn 0.0824 -0.9966 0.0072
vn 0.0825 -0.9966 0.0072
vn -0.5885 -0.7998 0.1180
vn -0.5886 -0.7997 0.1182
vn -0.6278 -0.7610 0.1636
vn -0.6642 -0.7168 0.2121
vn -0.6642 -0.7169 0.2121
vn -0.6974 -0.6658 0.2653
vn -0.7241 -0.6100 0.3220
vn -0.7422 -0.5500 0.3828
vn -0.7422 -0.5501 0.3828
vn -0.7423 -0.5500 0.3828
vn -0.7492 -0.4880 0.4479
vn -0.6149 -0.7842 0.0827
vn -0.6150 -0.7842 0.0826
vn -0.6148 -0.7843 0.0830
vn -0.6651 -0.7367 0.1223
vn -0.7126 -0.6810 0.1686
vn -0.7553 -0.6173 0.2201
vn -0.7898 -0.5480 0.2756
vn -0.8133 -0.4746 0.3365
vn -0.8228 -0.4009 0.4027
vn -0.8228 -0.4010 0.4027
vn -0.8229 -0.4009 0.4027
vn -0.6377 -0.7683 0.0554
vn -0.6377 -0.7683 0.0553
vn -0.6967 -0.7121 0.0869
vn -0.6964 -0.7124 0.0865
vn -0.6965 -0.7123 0.0864
vn -0.7536 -0.6451 0.1263
vn -0.7536 -0.6450 0.1263
vn -0.8053 -0.5670 0.1731
vn -0.8462 -0.4828 0.2253
vn -0.8732 -0.3954 0.2850
vn -0.8732 -0.3953 0.2850
vn -0.8834 -0.3098 0.3516
vn -0.8834 -0.3098 0.3517
vn -0.6575 -0.7527 0.0338
vn -0.6576 -0.7526 0.0338
vn -0.7228 -0.6887 0.0564
vn -0.7228 -0.6887 0.0570
vn -0.7877 -0.6097 0.0881
vn -0.6737 -0.7388 0.0185
vn -0.7440 -0.6672 0.0346
vn -0.7441 -0.6672 0.0346
vn -0.6855 -0.7280 0.0087
vn -0.6855 -0.7281 0.0086
vn -0.6875 -0.7262 0.0092
vn -0.6894 -0.7244 0.0047
vn -0.4123 -0.0726 0.9081
vn -0.4119 -0.0726 0.9083
vn -0.4289 0.0061 0.9033
vn -0.4456 0.0667 0.8928
vn -0.4456 0.0667 0.8927
vn -0.4946 -0.1301 0.8593
vn -0.5248 -0.0379 0.8504
vn -0.5248 -0.0378 0.8504
vn -0.5486 0.0418 0.8350
vn -0.5487 0.0419 0.8350
vn -0.5486 0.0418 0.8351
vn -0.5686 0.1062 0.8157
vn -0.5685 -0.1882 0.8009
vn -0.6132 -0.0898 0.7848
vn -0.6468 0.0042 0.7626
vn -0.6472 0.0039 0.7623
vn -0.6723 0.0860 0.7353
vn -0.6328 -0.2477 0.7336
vn -0.6894 -0.1459 0.7095
vn -0.6894 -0.1459 0.7096
vn -0.7333 -0.0434 0.6785
vn -0.7334 -0.0434 0.6785
vn -0.7636 0.0525 0.6435
vn -0.7636 0.0524 0.6435
vn -0.6838 -0.3067 0.6621
vn -0.6838 -0.3067 0.6620
vn -0.7491 -0.2040 0.6302
vn -0.8004 -0.0975 0.5914
vn -0.8352 0.0066 0.5500
vn -0.8351 0.0066 0.5500
vn -0.7206 -0.3662 0.5887
vn -0.7916 -0.2661 0.5500
vn -0.8481 -0.1610 0.5048
vn -0.8874 -0.0558 0.4577
vn -0.8874 -0.0558 0.4576
vn -0.4106 -0.0553 -0.9101
vn -0.4108 -0.0550 -0.9101
vn -0.4967 -0.1156 -0.8602
vn -0.5732 -0.1768 -0.8001
vn -0.6396 -0.2393 -0.7305
vn -0.6918 -0.3010 -0.6564
vn -0.7288 -0.3625 -0.5808
vn -0.7503 -0.4245 -0.5068
vn -0.4260 0.0261 -0.9043
vn -0.5251 -0.0202 -0.8508
vn -0.6165 -0.0753 -0.7838
vn -0.6165 -0.0753 -0.7837
vn -0.6950 -0.1346 -0.7063
vn -0.7561 -0.1956 -0.6246
vn -0.7991 -0.2603 -0.5420
vn -0.8233 -0.3281 -0.4631
vn -0.8233 -0.3282 -0.4631
vn -0.4415 0.0881 -0.8929
vn -0.5471 0.0615 -0.8348
vn -0.6486 0.0209 -0.7609
vn -0.6485 0.0209 -0.7609
vn -0.7371 -0.0296 -0.6751
vn -0.8058 -0.0868 -0.5858
vn -0.8541 -0.1532 -0.4970
vn -0.8815 -0.2273 -0.4139
vn -0.8815 -0.2273 -0.4140
vn -0.8814 -0.2273 -0.4140
vn -0.4569 0.1361 -0.8790
vn -0.5658 0.1271 -0.8147
vn -0.6717 0.1047 -0.7334
vn -0.6716 0.1047 -0.7334
vn -0.6716 0.1047 -0.7335
vn -0.7653 0.0684 -0.6401
vn -0.7652 0.0684 -0.6401
vn -0.8384 0.0193 -0.5447
vn -0.8916 -0.0464 -0.4504
vn -0.9233 -0.1262 -0.3628
vn -0.9129 0.0587 -0.4040
vn -0.5894 -0.8009 -0.1057
vn -0.5893 -0.8010 -0.1058
vn -0.6152 -0.7853 -0.0702
vn -0.6152 -0.7852 -0.0702
vn -0.6152 -0.7853 -0.0701
vn -0.6151 -0.7853 -0.0702
vn -0.6377 -0.7691 -0.0431
vn -0.6375 -0.7692 -0.0433
vn -0.6375 -0.7693 -0.0433
vn -0.6572 -0.7534 -0.0223
vn -0.6571 -0.7535 -0.0223
vn -0.6570 -0.7535 -0.0223
vn -0.6732 -0.7394 -0.0076
vn -0.6732 -0.7394 -0.0075
vn -0.6850 -0.7285 0.0020
vn -0.6883 -0.7254 0.0053
vn -0.6886 -0.7251 0.0024
vn -0.6916 -0.7223 0.0053
vn -0.6916 -0.7223 0.0049
vn -0.6296 -0.7621 -0.1512
vn -0.6296 -0.7620 -0.1512
vn -0.6662 -0.7376 -0.1099
vn -0.6663 -0.7376 -0.1099
vn -0.6969 -0.7133 -0.0744
vn -0.6969 -0.7133 -0.0743
vn -0.6968 -0.7134 -0.0743
vn -0.7227 -0.6897 -0.0450
vn -0.7229 -0.6895 -0.0453
vn -0.7438 -0.6680 -0.0235
vn -0.7439 -0.6679 -0.0234
vn -0.7591 -0.6510 -0.0071
vn -0.7590 -0.6510 -0.0070
vn -0.6670 -0.7177 -0.1998
vn -0.7147 -0.6818 -0.1563
vn -0.7551 -0.6456 -0.1141
vn -0.7885 -0.6103 -0.0763
vn -0.7013 -0.6663 -0.2533
vn -0.7585 -0.6175 -0.2080
vn -0.8078 -0.5670 -0.1612
vn -0.8478 -0.5176 -0.1155
vn -0.7292 -0.6098 -0.3104
vn -0.7943 -0.5473 -0.2639
vn -0.8498 -0.4818 -0.2137
vn -0.8937 -0.4184 -0.1620
vn -0.7484 -0.5493 -0.3718
vn -0.8188 -0.4729 -0.3254
vn -0.8778 -0.3929 -0.2740
vn -0.9233 -0.3153 -0.2194
vn -0.7424 -0.4268 0.5164
vn -0.7424 -0.4268 0.5163
vn -0.8162 -0.3321 0.4728
vn -0.8755 -0.2327 0.4234
vn -0.9188 -0.1327 0.3718
vn -0.9188 -0.1327 0.3717
vn -0.7563 -0.4864 -0.4376
vn -0.7563 -0.4863 -0.4376
vn -0.8293 -0.3981 -0.3922
vn -0.8293 -0.3980 -0.3922
vn -0.8888 -0.3058 -0.3414
vn -0.9334 -0.2149 -0.2872
vn -0.5282 -0.8412 0.1161
vn -0.5281 -0.8412 0.1161
vn -0.5281 -0.8412 0.1160
vn -0.5282 -0.8411 0.1161
vn -0.5558 -0.8156 0.1611
vn -0.5558 -0.8156 0.1610
vn -0.5823 -0.7866 0.2054
vn -0.6088 -0.7519 0.2532
vn -0.6088 -0.7518 0.2532
vn -0.6087 -0.7519 0.2532
vn -0.6329 -0.7108 0.3070
vn -0.6520 -0.6654 0.3636
vn -0.6641 -0.6165 0.4230
vn -0.6673 -0.5646 0.4856
vn -0.6674 -0.5646 0.4857
vn -0.6673 -0.5646 0.4857
vn -0.6673 -0.5647 0.4856
vn -0.5466 -0.8337 0.0788
vn -0.5465 -0.8338 0.0785
vn -0.5637 -0.8243 0.0530
vn -0.5804 -0.8136 0.0332
vn -0.5951 -0.8034 0.0173
vn -0.6102 -0.7922 0.0073
vn -0.6129 -0.7902 0.0021
vn -0.6072 -0.7945 0.0070
vn -0.6173 -0.7867 0.0036
vn -0.6188 -0.7855 0.0017
vn -0.6200 -0.7846 0.0030
vn -0.6198 -0.7847 0.0072
vn -0.3203 -0.1020 0.9418
vn -0.3204 -0.1020 0.9418
vn -0.3205 -0.1019 0.9418
vn -0.3237 -0.0231 0.9459
vn -0.3328 0.0331 0.9424
vn -0.3640 0.0464 0.9302
vn -0.3898 -0.1670 0.9056
vn -0.4526 -0.2256 0.8627
vn -0.5123 -0.2832 0.8108
vn -0.5660 -0.3433 0.7495
vn -0.6089 -0.4010 0.6844
vn -0.6402 -0.4567 0.6178
vn -0.6597 -0.5113 0.5508
vn -0.6597 -0.5112 0.5508
vn -0.3179 -0.0843 -0.9444
vn -0.3179 -0.0842 -0.9444
vn -0.3179 -0.0844 -0.9444
vn -0.3903 -0.1528 -0.9079
vn -0.4558 -0.2144 -0.8639
vn -0.5177 -0.2748 -0.8102
vn -0.5732 -0.3378 -0.7465
vn -0.6172 -0.3978 -0.6789
vn -0.6486 -0.4551 -0.6100
vn -0.6679 -0.5105 -0.5415
vn -0.6679 -0.5105 -0.5416
vn -0.6679 -0.5106 -0.5416
vn -0.3193 -0.0028 -0.9477
vn -0.3193 -0.0028 -0.9476
vn -0.3275 0.0547 -0.9433
vn -0.3398 0.0990 -0.9353
vn -0.3859 0.0839 -0.9187
vn -0.3858 0.0839 -0.9187
vn -0.3858 0.0839 -0.9188
vn -0.5285 -0.8426 -0.1032
vn -0.5288 -0.8424 -0.1034
vn -0.5466 -0.8348 -0.0660
vn -0.5466 -0.8348 -0.0662
vn -0.5633 -0.8252 -0.0407
vn -0.5798 -0.8145 -0.0214
vn -0.5798 -0.8145 -0.0215
vn -0.5944 -0.8041 -0.0061
vn -0.6065 -0.7951 0.0037
vn -0.6107 -0.7918 0.0076
vn -0.6114 -0.7913 0.0047
vn -0.6173 -0.7867 0.0094
vn -0.6183 -0.7859 0.0068
vn -0.5573 -0.8169 -0.1487
vn -0.5847 -0.7879 -0.1931
vn -0.6122 -0.7531 -0.2410
vn -0.6374 -0.7117 -0.2953
vn -0.6575 -0.6659 -0.3525
vn -0.6575 -0.6659 -0.3524
vn -0.6706 -0.6166 -0.4124
vn -0.6747 -0.5643 -0.4757
vn -0.6747 -0.5643 -0.4758
vn 0.2328 -0.2300 0.9449
vn 0.2521 -0.1941 0.9480
vn 0.2768 -0.1022 0.9555
vn 0.2707 -0.1060 0.9568
vn 0.2745 -0.1039 0.9560
vn 0.2029 -0.2193 0.9543
vn 0.2029 -0.2194 0.9543
vn 0.2209 -0.1794 0.9587
vn 0.2684 -0.1058 0.9575
vn 0.2685 -0.1059 0.9574
vn 0.1740 -0.2099 0.9621
vn 0.1740 -0.2100 0.9621
vn 0.1740 -0.2101 0.9621
vn 0.1908 -0.1684 0.9671
vn 0.2087 -0.0967 0.9732
vn 0.1993 -0.0983 0.9750
vn 0.2056 -0.0975 0.9738
vn 0.1457 -0.2002 0.9689
vn 0.1457 -0.2001 0.9689
vn 0.1617 -0.1584 0.9740
vn 0.1966 -0.0956 0.9758
vn 0.1183 -0.1902 0.9746
vn 0.1183 -0.1901 0.9746
vn 0.1334 -0.1484 0.9799
vn 0.1334 -0.1485 0.9799
vn 0.1487 -0.0626 0.9869
vn 0.1500 -0.0625 0.9867
vn 0.1470 -0.0628 0.9871
vn 0.0915 -0.1790 0.9796
vn 0.0910 -0.1789 0.9797
vn 0.0911 -0.1789 0.9796
vn 0.0915 -0.1793 0.9795
vn 0.1054 -0.1372 0.9849
vn 0.1054 -0.1373 0.9849
vn 0.1457 -0.0623 0.9874
vn 0.0630 -0.1659 0.9841
vn 0.0631 -0.1661 0.9841
vn 0.0631 -0.1658 0.9841
vn 0.0628 -0.1655 0.9842
vn 0.0768 -0.1236 0.9894
vn 0.0768 -0.1235 0.9894
vn 0.0910 -0.0414 0.9950
vn 0.0851 -0.0406 0.9955
vn 0.0887 -0.0412 0.9952
vn 0.0330 -0.1509 0.9880
vn 0.0330 -0.1508 0.9880
vn 0.0467 -0.1081 0.9930
vn 0.0467 -0.1080 0.9930
vn 0.0467 -0.1080 0.9931
vn 0.0825 -0.0381 0.9959
vn 0.0030 -0.1344 0.9909
vn 0.0164 -0.0907 0.9957
vn 0.0250 -0.0587 0.9980
vn -0.0276 -0.1161 0.9929
vn -0.0148 -0.0710 0.9974
vn -0.0149 -0.0710 0.9974
vn -0.0063 -0.0189 0.9998
vn -0.0607 -0.0956 0.9936
vn -0.0486 -0.0488 0.9976
vn -0.0345 -0.0051 0.9994
vn -0.0347 -0.0047 0.9994
vn -0.0347 -0.0045 0.9994
vn -0.0347 -0.0048 0.9994
vn -0.0981 -0.0733 0.9925
vn -0.0870 -0.0253 0.9959
vn -0.0871 -0.0253 0.9959
vn -0.0828 0.0126 0.9965
vn -0.0828 0.0127 0.9965
vn -0.0827 0.0126 0.9965
vn -0.1390 -0.0496 0.9890
vn -0.1390 -0.0496 0.9891
vn -0.1306 -0.0012 0.9914
vn -0.1312 0.0293 0.9909
vn -0.1854 -0.0252 0.9823
vn -0.1826 0.0215 0.9830
vn -0.1826 0.0215 0.9829
vn -0.1856 0.0517 0.9813
vn -0.1856 0.0518 0.9813
vn 0.2389 -0.2951 0.9251
vn 0.2633 -0.2512 0.9314
vn 0.2842 -0.2195 0.9333
vn 0.3639 -0.1250 0.9230
vn -0.2255 0.0492 0.9730
vn -0.2484 0.0365 0.9680
vn -0.2444 -0.0090 0.9696
vn -0.2502 -0.0735 0.9654
vn -0.2004 -0.0945 0.9751
vn -0.1597 -0.1196 0.9799
vn -0.1597 -0.1197 0.9799
vn -0.1196 -0.1401 0.9829
vn -0.1196 -0.1402 0.9829
vn -0.0817 -0.1591 0.9839
vn -0.0818 -0.1592 0.9838
vn -0.0817 -0.1592 0.9839
vn -0.0478 -0.1766 0.9831
vn -0.0164 -0.1927 0.9811
vn -0.0166 -0.1928 0.9811
vn -0.0165 -0.1923 0.9812
vn -0.0166 -0.1924 0.9812
vn 0.0139 -0.2072 0.9782
vn 0.0441 -0.2213 0.9742
vn 0.0442 -0.2212 0.9742
vn 0.0439 -0.2215 0.9742
vn 0.0438 -0.2216 0.9742
vn 0.0724 -0.2348 0.9693
vn 0.0724 -0.2342 0.9695
vn 0.0724 -0.2340 0.9695
vn 0.0725 -0.2340 0.9695
vn 0.0993 -0.2453 0.9643
vn 0.0993 -0.2454 0.9643
vn 0.0994 -0.2455 0.9643
vn 0.1259 -0.2559 0.9585
vn 0.1260 -0.2558 0.9585
vn 0.1260 -0.2557 0.9585
vn 0.1538 -0.2667 0.9514
vn 0.1538 -0.2666 0.9515
vn 0.1537 -0.2667 0.9514
vn 0.1537 -0.2669 0.9514
vn 0.1813 -0.2764 0.9438
vn 0.1813 -0.2765 0.9438
vn 0.1810 -0.2765 0.9438
vn 0.2094 -0.2829 0.9360
vn -0.1790 -0.0041 -0.9838
vn -0.1758 0.0431 -0.9835
vn -0.1787 0.0762 -0.9809
vn -0.1837 0.0597 -0.9812
vn -0.1841 0.0596 -0.9811
vn -0.1839 0.0597 -0.9811
vn -0.1327 -0.0294 -0.9907
vn -0.1239 0.0196 -0.9921
vn -0.1227 0.0525 -0.9911
vn -0.1426 0.0503 -0.9885
vn -0.1425 0.0502 -0.9885
vn -0.0920 -0.0537 -0.9943
vn -0.0805 -0.0053 -0.9967
vn -0.0763 0.0276 -0.9967
vn -0.0772 0.0294 -0.9966
vn -0.0767 0.0289 -0.9966
vn -0.0776 0.0307 -0.9965
vn -0.0546 -0.0765 -0.9956
vn -0.0422 -0.0297 -0.9987
vn -0.0364 0.0029 -0.9993
vn -0.0393 0.0081 -0.9992
vn -0.0393 0.0090 -0.9992
vn -0.0421 0.0137 -0.9990
vn -0.0214 -0.0975 -0.9950
vn -0.0086 -0.0524 -0.9986
vn -0.0086 -0.0525 -0.9986
vn -0.0013 -0.0203 -0.9998
vn 0.0019 -0.0000 -1.0000
vn 0.0017 0.0004 -1.0000
vn 0.0019 0.0001 -1.0000
vn 0.0092 -0.1162 -0.9932
vn 0.0092 -0.1163 -0.9932
vn 0.0226 -0.0726 -0.9971
vn 0.0311 -0.0408 -0.9987
vn 0.0390 -0.0147 -0.9991
vn 0.0392 -0.0147 -0.9991
vn 0.0387 -0.0146 -0.9991
vn 0.0389 -0.0146 -0.9991
vn 0.0393 -0.1327 -0.9904
vn 0.0393 -0.1326 -0.9904
vn 0.0393 -0.1329 -0.9903
vn 0.0393 -0.1329 -0.9904
vn 0.0529 -0.0902 -0.9945
vn 0.0624 -0.0586 -0.9963
vn 0.0624 -0.0587 -0.9963
vn 0.0694 -0.0268 -0.9972
vn 0.0693 -0.0267 -0.9972
vn 0.0693 -0.0268 -0.9972
vn 0.0692 -0.1477 -0.9866
vn 0.0692 -0.1479 -0.9866
vn 0.0693 -0.1480 -0.9866
vn 0.0693 -0.1483 -0.9865
vn 0.0830 -0.1058 -0.9909
vn 0.0830 -0.1059 -0.9909
vn 0.0830 -0.1061 -0.9909
vn 0.0930 -0.0744 -0.9929
vn 0.0932 -0.0746 -0.9928
vn 0.0929 -0.0746 -0.9929
vn 0.1053 -0.0449 -0.9934
vn 0.1052 -0.0446 -0.9935
vn 0.0977 -0.1614 -0.9820
vn 0.0977 -0.1610 -0.9821
vn 0.0977 -0.1613 -0.9821
vn 0.0977 -0.1616 -0.9820
vn 0.1120 -0.1193 -0.9865
vn 0.1117 -0.1193 -0.9866
vn 0.1119 -0.1191 -0.9866
vn 0.1233 -0.0878 -0.9885
vn 0.1228 -0.0884 -0.9885
vn 0.1229 -0.0882 -0.9885
vn 0.1228 -0.0880 -0.9885
vn 0.1322 -0.0552 -0.9897
vn 0.1317 -0.0553 -0.9897
vn 0.1252 -0.1722 -0.9771
vn 0.1252 -0.1720 -0.9771
vn 0.1252 -0.1721 -0.9771
vn 0.1403 -0.1303 -0.9815
vn 0.1520 -0.0998 -0.9833
vn 0.1520 -0.1000 -0.9833
vn 0.1520 -0.0996 -0.9834
vn 0.1800 -0.0491 -0.9824
vn 0.1801 -0.0492 -0.9824
vn 0.1530 -0.1816 -0.9714
vn 0.1530 -0.1814 -0.9714
vn 0.1530 -0.1815 -0.9714
vn 0.1689 -0.1396 -0.9757
vn 0.1815 -0.1095 -0.9773
vn 0.1947 -0.0514 -0.9795
vn 0.1947 -0.0511 -0.9795
vn 0.1818 -0.1909 -0.9646
vn 0.1818 -0.1908 -0.9646
vn 0.1818 -0.1908 -0.9647
vn 0.1985 -0.1490 -0.9687
vn 0.1985 -0.1489 -0.9687
vn 0.2121 -0.1193 -0.9699
vn 0.2515 -0.0561 -0.9662
vn 0.2515 -0.0562 -0.9662
vn 0.2546 -0.0566 -0.9654
vn 0.2588 -0.0549 -0.9644
vn 0.2111 -0.1996 -0.9569
vn 0.2292 -0.1590 -0.9603
vn 0.2440 -0.1307 -0.9609
vn 0.2618 -0.0532 -0.9637
vn 0.2416 -0.2096 -0.9475
vn 0.2610 -0.1728 -0.9497
vn 0.2776 -0.1459 -0.9496
vn 0.2776 -0.1459 -0.9495
vn 0.3928 0.0183 -0.9194
vn 0.3927 0.0185 -0.9195
vn 0.3928 0.0185 -0.9195
vn 0.3928 0.0184 -0.9195
vn -0.2456 -0.0538 -0.9679
vn -0.2385 0.0123 -0.9711
vn -0.2418 0.0585 -0.9686
vn -0.2497 0.0940 -0.9638
vn -0.2579 0.0660 -0.9639
vn 0.3293 -0.1511 -0.9321
vn 0.3293 -0.1513 -0.9320
vn 0.2939 -0.1961 -0.9355
vn 0.2724 -0.2292 -0.9345
vn 0.2476 -0.2763 -0.9286
vn 0.2182 -0.2645 -0.9394
vn 0.1894 -0.2585 -0.9473
vn 0.1612 -0.2493 -0.9549
vn 0.1615 -0.2489 -0.9550
vn 0.1616 -0.2489 -0.9549
vn 0.1333 -0.2386 -0.9619
vn 0.1333 -0.2384 -0.9620
vn 0.1335 -0.2387 -0.9619
vn 0.1335 -0.2385 -0.9619
vn 0.1063 -0.2278 -0.9679
vn 0.1063 -0.2277 -0.9679
vn 0.1065 -0.2282 -0.9678
vn 0.1064 -0.2284 -0.9677
vn 0.0794 -0.2164 -0.9731
vn 0.0790 -0.2164 -0.9731
vn 0.0791 -0.2163 -0.9731
vn 0.0791 -0.2164 -0.9731
vn 0.0504 -0.2039 -0.9777
vn 0.0504 -0.2038 -0.9777
vn 0.0505 -0.2035 -0.9778
vn 0.0505 -0.2037 -0.9777
vn 0.0201 -0.1896 -0.9817
vn -0.0101 -0.1747 -0.9846
vn -0.0103 -0.1750 -0.9845
vn -0.0105 -0.1747 -0.9846
vn -0.0419 -0.1588 -0.9864
vn -0.0419 -0.1586 -0.9864
vn -0.0419 -0.1586 -0.9865
vn -0.0761 -0.1410 -0.9871
vn -0.0761 -0.1409 -0.9871
vn -0.1143 -0.1215 -0.9860
vn -0.1546 -0.1009 -0.9828
vn -0.1546 -0.1008 -0.9828
vn -0.1955 -0.0750 -0.9778
vn -0.4713 -0.8588 0.2009
vn -0.4349 -0.8776 0.2016
vn -0.4019 -0.8933 0.2014
vn -0.3714 -0.9064 0.2011
vn -0.3713 -0.9064 0.2014
vn -0.3433 -0.9173 0.2017
vn -0.3432 -0.9174 0.2014
vn -0.3431 -0.9175 0.2013
vn -0.3174 -0.9265 0.2022
vn -0.3170 -0.9266 0.2023
vn -0.3171 -0.9265 0.2024
vn -0.3175 -0.9264 0.2026
vn -0.2910 -0.9347 0.2041
vn -0.2910 -0.9347 0.2043
vn -0.2910 -0.9346 0.2044
vn -0.2910 -0.9347 0.2042
vn -0.2644 -0.9419 0.2069
vn -0.2646 -0.9419 0.2069
vn -0.2647 -0.9419 0.2069
vn -0.2393 -0.9480 0.2100
vn -0.2391 -0.9480 0.2100
vn -0.2392 -0.9481 0.2094
vn -0.2142 -0.9531 0.2139
vn -0.2142 -0.9531 0.2137
vn -0.1886 -0.9575 0.2183
vn -0.1886 -0.9575 0.2184
vn -0.1886 -0.9575 0.2182
vn -0.1618 -0.9614 0.2225
vn -0.1338 -0.9648 0.2262
vn -0.1338 -0.9649 0.2262
vn -0.1038 -0.9680 0.2283
vn -0.4834 -0.8384 0.2520
vn -0.4414 -0.8598 0.2568
vn -0.4044 -0.8775 0.2576
vn -0.4044 -0.8776 0.2576
vn -0.3709 -0.8923 0.2575
vn -0.3709 -0.8923 0.2573
vn -0.3709 -0.8923 0.2574
vn -0.3406 -0.9045 0.2567
vn -0.3406 -0.9045 0.2568
vn -0.3406 -0.9044 0.2568
vn -0.3120 -0.9145 0.2575
vn -0.3120 -0.9146 0.2574
vn -0.3120 -0.9146 0.2571
vn -0.3120 -0.9146 0.2573
vn -0.2838 -0.9231 0.2596
vn -0.2839 -0.9233 0.2588
vn -0.2837 -0.9234 0.2586
vn -0.2839 -0.9231 0.2593
vn -0.2558 -0.9307 0.2615
vn -0.2558 -0.9306 0.2617
vn -0.2558 -0.9306 0.2619
vn -0.2285 -0.9369 0.2647
vn -0.2016 -0.9418 0.2689
vn -0.1739 -0.9460 0.2736
vn -0.1447 -0.9497 0.2778
vn -0.1139 -0.9531 0.2803
vn -0.0805 -0.9569 0.2792
vn -0.4954 -0.8135 0.3046
vn -0.4480 -0.8375 0.3128
vn -0.4067 -0.8573 0.3155
vn -0.4067 -0.8573 0.3156
vn -0.3699 -0.8737 0.3159
vn -0.3366 -0.8872 0.3157
vn -0.3366 -0.8872 0.3156
vn -0.3054 -0.8983 0.3160
vn -0.3054 -0.8983 0.3159
vn -0.3054 -0.8982 0.3162
vn -0.2751 -0.9074 0.3177
vn -0.2751 -0.9074 0.3178
vn -0.2750 -0.9073 0.3180
vn -0.2449 -0.9151 0.3204
vn -0.2449 -0.9151 0.3205
vn -0.2449 -0.9150 0.3205
vn -0.2449 -0.9151 0.3203
vn -0.2156 -0.9214 0.3233
vn -0.2156 -0.9214 0.3232
vn -0.2156 -0.9215 0.3231
vn -0.1864 -0.9265 0.3270
vn -0.1566 -0.9305 0.3312
vn -0.1252 -0.9340 0.3345
vn -0.1252 -0.9341 0.3345
vn -0.0918 -0.9377 0.3350
vn -0.0532 -0.9414 0.3331
vn -0.5056 -0.7836 0.3610
vn -0.4531 -0.8107 0.3708
vn -0.4076 -0.8327 0.3749
vn -0.4076 -0.8326 0.3749
vn -0.3674 -0.8505 0.3763
vn -0.3674 -0.8506 0.3763
vn -0.3674 -0.8505 0.3764
vn -0.3310 -0.8650 0.3771
vn -0.3310 -0.8651 0.3768
vn -0.3310 -0.8651 0.3769
vn -0.2970 -0.8768 0.3783
vn -0.2970 -0.8768 0.3781
vn -0.2970 -0.8768 0.3782
vn -0.2643 -0.8863 0.3803
vn -0.2642 -0.8864 0.3802
vn -0.2643 -0.8862 0.3805
vn -0.2644 -0.8862 0.3804
vn -0.2319 -0.8946 0.3820
vn -0.2319 -0.8944 0.3824
vn -0.2319 -0.8943 0.3827
vn -0.2319 -0.8945 0.3822
vn -0.2006 -0.9010 0.3846
vn -0.2006 -0.9010 0.3847
vn -0.2006 -0.9009 0.3848
vn -0.1694 -0.9062 0.3874
vn -0.1374 -0.9104 0.3902
vn -0.1038 -0.9140 0.3921
vn -0.1038 -0.9141 0.3921
vn -0.0675 -0.9175 0.3920
vn -0.0217 -0.9203 0.3907
vn -0.0217 -0.9202 0.3907
vn -0.5125 -0.7503 0.4177
vn -0.4556 -0.7801 0.4289
vn -0.4556 -0.7800 0.4289
vn -0.4062 -0.8037 0.4348
vn -0.4062 -0.8037 0.4347
vn -0.4062 -0.8038 0.4347
vn -0.3626 -0.8228 0.4377
vn -0.3230 -0.8380 0.4399
vn -0.3230 -0.8379 0.4401
vn -0.2863 -0.8501 0.4420
vn -0.2863 -0.8502 0.4419
vn -0.2513 -0.8600 0.4441
vn -0.2512 -0.8600 0.4442
vn -0.2169 -0.8683 0.4460
vn -0.2169 -0.8684 0.4460
vn -0.1838 -0.8752 0.4475
vn -0.1838 -0.8752 0.4474
vn -0.1508 -0.8808 0.4488
vn -0.1170 -0.8854 0.4498
vn -0.1170 -0.8854 0.4499
vn -0.0816 -0.8894 0.4498
vn -0.0420 -0.8925 0.4491
vn 0.0111 -0.8941 0.4478
vn -0.5149 -0.7136 0.4750
vn -0.4543 -0.7458 0.4872
vn -0.4543 -0.7459 0.4872
vn -0.4543 -0.7459 0.4871
vn -0.4015 -0.7708 0.4946
vn -0.3548 -0.7904 0.4993
vn -0.3548 -0.7905 0.4992
vn -0.3548 -0.7904 0.4994
vn -0.3548 -0.7904 0.4995
vn -0.3125 -0.8059 0.5028
vn -0.3125 -0.8060 0.5027
vn -0.2734 -0.8183 0.5055
vn -0.2734 -0.8183 0.5057
vn -0.2732 -0.8185 0.5054
vn -0.2734 -0.8184 0.5054
vn -0.2362 -0.8285 0.5078
vn -0.2362 -0.8285 0.5077
vn -0.2362 -0.8284 0.5079
vn -0.2003 -0.8371 0.5091
vn -0.2003 -0.8371 0.5090
vn -0.1656 -0.8441 0.5099
vn -0.1657 -0.8442 0.5098
vn -0.1657 -0.8443 0.5097
vn -0.1312 -0.8503 0.5096
vn -0.1311 -0.8503 0.5097
vn -0.1312 -0.8504 0.5096
vn -0.1312 -0.8504 0.5095
vn -0.0960 -0.8555 0.5089
vn -0.0592 -0.8599 0.5070
vn -0.0164 -0.8630 0.5050
vn -0.0164 -0.8629 0.5050
vn 0.0426 -0.8634 0.5027
vn 0.0426 -0.8635 0.5026
vn -0.5116 -0.6736 0.5334
vn -0.4481 -0.7081 0.5457
vn -0.4481 -0.7080 0.5458
vn -0.4481 -0.7081 0.5458
vn -0.3927 -0.7338 0.5544
vn -0.3927 -0.7339 0.5542
vn -0.3928 -0.7338 0.5543
vn -0.3436 -0.7540 0.5598
vn -0.3436 -0.7541 0.5597
vn -0.3436 -0.7539 0.5599
vn -0.2992 -0.7698 0.5638
vn -0.2992 -0.7697 0.5639
vn -0.2992 -0.7698 0.5639
vn -0.2584 -0.7824 0.5667
vn -0.2584 -0.7824 0.5666
vn -0.2584 -0.7823 0.5667
vn -0.2198 -0.7927 0.5686
vn -0.1826 -0.8015 0.5695
vn -0.1829 -0.8012 0.5698
vn -0.1830 -0.8015 0.5693
vn -0.1467 -0.8089 0.5694
vn -0.1112 -0.8153 0.5683
vn -0.1112 -0.8152 0.5684
vn -0.1116 -0.8153 0.5681
vn -0.0751 -0.8207 0.5664
vn -0.0372 -0.8255 0.5631
vn -0.0372 -0.8255 0.5632
vn 0.0079 -0.8289 0.5594
vn 0.0079 -0.8288 0.5594
vn 0.0706 -0.8291 0.5546
vn -0.5012 -0.6307 0.5925
vn -0.4363 -0.6668 0.6042
vn -0.3794 -0.6935 0.6125
vn -0.3794 -0.6935 0.6124
vn -0.3288 -0.7138 0.6184
vn -0.2833 -0.7296 0.6224
vn -0.2833 -0.7297 0.6224
vn -0.2413 -0.7424 0.6250
vn -0.2019 -0.7530 0.6262
vn -0.2019 -0.7530 0.6263
vn -0.1639 -0.7618 0.6267
vn -0.1638 -0.7615 0.6272
vn -0.1640 -0.7619 0.6266
vn -0.1273 -0.7694 0.6260
vn -0.1273 -0.7693 0.6261
vn -0.0911 -0.7756 0.6246
vn -0.0541 -0.7807 0.6225
vn -0.0544 -0.7811 0.6220
vn -0.0542 -0.7808 0.6224
vn -0.0160 -0.7860 0.6180
vn -0.0162 -0.7861 0.6178
vn -0.0161 -0.7861 0.6179
vn -0.0161 -0.7860 0.6180
vn 0.0298 -0.7901 0.6122
vn 0.0298 -0.7901 0.6123
vn 0.0298 -0.7900 0.6124
vn 0.0296 -0.7899 0.6125
vn 0.0940 -0.7910 0.6046
vn 0.0939 -0.7911 0.6045
vn 0.0940 -0.7909 0.6046
vn -0.4833 -0.5844 0.6519
vn -0.4179 -0.6211 0.6630
vn -0.3605 -0.6474 0.6716
vn -0.3605 -0.6474 0.6715
vn -0.3605 -0.6473 0.6716
vn -0.3093 -0.6669 0.6779
vn -0.3093 -0.6669 0.6780
vn -0.2631 -0.6821 0.6823
vn -0.2208 -0.6946 0.6846
vn -0.2208 -0.6947 0.6846
vn -0.2208 -0.6946 0.6847
vn -0.1807 -0.7051 0.6857
vn -0.1807 -0.7050 0.6858
vn -0.1808 -0.7052 0.6856
vn -0.1804 -0.7049 0.6860
vn -0.1427 -0.7142 0.6853
vn -0.1427 -0.7142 0.6852
vn -0.1059 -0.7214 0.6844
vn -0.1060 -0.7215 0.6843
vn -0.1058 -0.7216 0.6842
vn -0.1058 -0.7218 0.6840
vn -0.0697 -0.7285 0.6815
vn -0.0332 -0.7346 0.6777
vn -0.0333 -0.7346 0.6777
vn 0.0049 -0.7399 0.6727
vn 0.0494 -0.7456 0.6646
vn 0.1123 -0.7487 0.6533
vn -0.4575 -0.5341 0.7109
vn -0.3930 -0.5702 0.7214
vn -0.3358 -0.5948 0.7304
vn -0.2847 -0.6124 0.7375
vn -0.2385 -0.6261 0.7424
vn -0.1962 -0.6376 0.7449
vn -0.1565 -0.6480 0.7454
vn -0.1566 -0.6481 0.7452
vn -0.1564 -0.6480 0.7454
vn -0.1184 -0.6572 0.7443
vn -0.1184 -0.6573 0.7442
vn -0.1182 -0.6575 0.7441
vn -0.1186 -0.6573 0.7443
vn -0.0823 -0.6655 0.7418
vn -0.0821 -0.6653 0.7420
vn -0.0821 -0.6653 0.7421
vn -0.0467 -0.6730 0.7382
vn -0.0466 -0.6729 0.7382
vn -0.0468 -0.6730 0.7381
vn -0.0112 -0.6803 0.7329
vn -0.0112 -0.6803 0.7328
vn 0.0255 -0.6870 0.7262
vn 0.0670 -0.6944 0.7165
vn 0.1266 -0.7001 0.7027
vn -0.4240 -0.4782 0.7691
vn -0.3616 -0.5126 0.7787
vn -0.3616 -0.5126 0.7788
vn -0.3057 -0.5350 0.7876
vn -0.2553 -0.5502 0.7950
vn -0.2097 -0.5619 0.8002
vn -0.1680 -0.5722 0.8027
vn -0.1291 -0.5822 0.8027
vn -0.1291 -0.5822 0.8028
vn -0.1291 -0.5821 0.8028
vn -0.0915 -0.5918 0.8009
vn -0.0917 -0.5921 0.8006
vn -0.0564 -0.6007 0.7975
vn -0.0563 -0.6006 0.7976
vn -0.0564 -0.6006 0.7976
vn -0.0225 -0.6095 0.7924
vn -0.0225 -0.6096 0.7924
vn 0.0111 -0.6187 0.7855
vn 0.0459 -0.6273 0.7774
vn 0.0842 -0.6358 0.7673
vn 0.1381 -0.6437 0.7527
vn -0.3834 -0.4155 0.8249
vn -0.3242 -0.4473 0.8336
vn -0.2705 -0.4673 0.8417
vn -0.2216 -0.4806 0.8485
vn -0.1775 -0.4904 0.8532
vn -0.1372 -0.4996 0.8553
vn -0.1373 -0.4997 0.8552
vn -0.0996 -0.5095 0.8547
vn -0.0995 -0.5094 0.8548
vn -0.0630 -0.5190 0.8525
vn -0.0633 -0.5193 0.8523
vn -0.0635 -0.5194 0.8522
vn -0.0296 -0.5293 0.8479
vn -0.0297 -0.5293 0.8479
vn 0.0023 -0.5398 0.8418
vn 0.0337 -0.5508 0.8340
vn 0.0663 -0.5611 0.8251
vn 0.1018 -0.5699 0.8154
vn 0.1480 -0.5793 0.8016
vn -0.3387 -0.3499 0.8734
vn -0.2828 -0.3758 0.8825
vn -0.2318 -0.3922 0.8902
vn -0.1852 -0.4042 0.8957
vn -0.1433 -0.4133 0.8992
vn -0.1433 -0.4133 0.8993
vn -0.1051 -0.4223 0.9003
vn -0.1051 -0.4223 0.9004
vn -0.0694 -0.4326 0.8989
vn -0.0693 -0.4326 0.8989
vn -0.0693 -0.4324 0.8990
vn -0.0347 -0.4431 0.8958
vn -0.0026 -0.4539 0.8910
vn -0.0024 -0.4537 0.8912
vn -0.0026 -0.4539 0.8911
vn 0.0273 -0.4655 0.8846
vn 0.0273 -0.4656 0.8846
vn 0.0566 -0.4779 0.8766
vn 0.0869 -0.4899 0.8674
vn 0.1192 -0.5003 0.8576
vn 0.1575 -0.5111 0.8450
vn 0.1575 -0.5111 0.8449
vn -0.2911 -0.2787 0.9152
vn -0.2389 -0.2967 0.9246
vn -0.1916 -0.3106 0.9310
vn -0.1480 -0.3227 0.9349
vn -0.1088 -0.3331 0.9366
vn -0.1088 -0.3330 0.9366
vn -0.1087 -0.3329 0.9367
vn -0.0732 -0.3432 0.9364
vn -0.0732 -0.3433 0.9364
vn -0.0392 -0.3541 0.9344
vn -0.0392 -0.3540 0.9344
vn -0.0393 -0.3542 0.9343
vn -0.0394 -0.3544 0.9343
vn -0.0065 -0.3657 0.9307
vn -0.0063 -0.3654 0.9308
vn -0.0064 -0.3657 0.9307
vn 0.0238 -0.3774 0.9258
vn 0.0238 -0.3774 0.9257
vn 0.0239 -0.3773 0.9258
vn 0.0521 -0.3895 0.9195
vn 0.0521 -0.3894 0.9196
vn 0.0798 -0.4023 0.9120
vn 0.1083 -0.4150 0.9034
vn 0.1373 -0.4272 0.8937
vn 0.1687 -0.4401 0.8820
vn 0.1687 -0.4400 0.8820
vn -0.4964 -0.8558 0.1458
vn -0.4613 -0.8748 0.1480
vn -0.4300 -0.8908 0.1470
vn -0.4303 -0.8907 0.1468
vn -0.4303 -0.8907 0.1465
vn -0.4303 -0.8907 0.1467
vn -0.4008 -0.9043 0.1471
vn -0.4006 -0.9043 0.1477
vn -0.4007 -0.9042 0.1476
vn -0.4009 -0.9042 0.1475
vn -0.3723 -0.9161 0.1485
vn -0.3722 -0.9162 0.1487
vn -0.3722 -0.9161 0.1489
vn -0.3722 -0.9161 0.1490
vn -0.3459 -0.9261 0.1505
vn -0.3458 -0.9261 0.1505
vn -0.3457 -0.9262 0.1505
vn -0.3453 -0.9263 0.1508
vn -0.3211 -0.9347 0.1524
vn -0.3209 -0.9347 0.1528
vn -0.3210 -0.9347 0.1525
vn -0.3210 -0.9347 0.1523
vn -0.2964 -0.9425 0.1545
vn -0.2963 -0.9425 0.1547
vn -0.2964 -0.9424 0.1548
vn -0.2964 -0.9425 0.1546
vn -0.2714 -0.9496 0.1570
vn -0.2714 -0.9496 0.1571
vn -0.2713 -0.9496 0.1570
vn -0.2714 -0.9495 0.1572
vn -0.2474 -0.9556 0.1599
vn -0.2474 -0.9556 0.1600
vn -0.2472 -0.9557 0.1599
vn -0.2470 -0.9557 0.1604
vn -0.2240 -0.9608 0.1631
vn -0.2242 -0.9608 0.1630
vn -0.2004 -0.9655 0.1662
vn -0.2004 -0.9655 0.1661
vn -0.1754 -0.9699 0.1691
vn -0.1753 -0.9699 0.1690
vn -0.1752 -0.9699 0.1694
vn -0.1753 -0.9698 0.1693
vn -0.1498 -0.9736 0.1722
vn -0.1235 -0.9765 0.1765
vn -0.0953 -0.9797 0.1762
vn -0.0719 -0.9722 0.2227
vn -0.0439 -0.9617 0.2704
vn -0.0439 -0.9618 0.2704
vn -0.0096 -0.9451 0.3267
vn 0.0290 -0.9207 0.3892
vn 0.0674 -0.8907 0.4496
vn 0.1020 -0.8576 0.5041
vn 0.1300 -0.8240 0.5515
vn 0.1510 -0.7889 0.5957
vn 0.1510 -0.7889 0.5956
vn 0.1510 -0.7890 0.5956
vn 0.1666 -0.7506 0.6394
vn 0.1666 -0.7507 0.6393
vn 0.1786 -0.7057 0.6856
vn 0.1891 -0.6512 0.7350
vn 0.1978 -0.5868 0.7852
vn 0.2037 -0.5174 0.8311
vn 0.2081 -0.4479 0.8695
vn 0.2151 -0.3755 0.9015
vn 0.1843 -0.3643 0.9129
vn 0.1580 -0.3501 0.9233
vn 0.1309 -0.3385 0.9318
vn 0.1308 -0.3382 0.9319
vn 0.1033 -0.3267 0.9395
vn 0.0764 -0.3147 0.9461
vn 0.0492 -0.3028 0.9518
vn 0.0492 -0.3030 0.9517
vn 0.0492 -0.3027 0.9518
vn 0.0204 -0.2901 0.9568
vn 0.0203 -0.2902 0.9567
vn 0.0202 -0.2905 0.9567
vn -0.0111 -0.2782 0.9605
vn -0.0110 -0.2780 0.9605
vn -0.0111 -0.2777 0.9606
vn -0.0428 -0.2651 0.9633
vn -0.0428 -0.2650 0.9633
vn -0.0428 -0.2652 0.9632
vn -0.0429 -0.2651 0.9633
vn -0.0758 -0.2519 0.9648
vn -0.0761 -0.2523 0.9647
vn -0.0759 -0.2520 0.9647
vn -0.0758 -0.2518 0.9648
vn -0.1123 -0.2391 0.9645
vn -0.1123 -0.2390 0.9645
vn -0.1527 -0.2239 0.9626
vn -0.1527 -0.2241 0.9625
vn -0.1527 -0.2240 0.9626
vn -0.1955 -0.2083 0.9583
vn -0.2423 -0.1957 0.9503
vn -0.2928 -0.1734 0.9403
vn -0.3460 -0.2433 0.9061
vn -0.3974 -0.3034 0.8660
vn -0.4474 -0.3633 0.8172
vn -0.4931 -0.4239 0.7597
vn -0.5301 -0.4798 0.6992
vn -0.5578 -0.5314 0.6376
vn -0.5761 -0.5804 0.5756
vn -0.5761 -0.5804 0.5755
vn -0.5849 -0.6273 0.5142
vn -0.5849 -0.6271 0.5145
vn -0.5849 -0.6270 0.5145
vn -0.5849 -0.6271 0.5144
vn -0.5852 -0.6714 0.4547
vn -0.5784 -0.7125 0.3972
vn -0.5660 -0.7506 0.3409
vn -0.5496 -0.7849 0.2861
vn -0.5313 -0.8134 0.2370
vn -0.5129 -0.8367 0.1922
vn -0.5129 -0.8367 0.1921
vn -0.0249 -0.9902 -0.1372
vn -0.0248 -0.9902 -0.1376
vn 0.0293 -0.9818 -0.1874
vn 0.1038 -0.9649 -0.2414
vn 0.1864 -0.9372 -0.2947
vn 0.2643 -0.8952 -0.3589
vn 0.2643 -0.8952 -0.3588
vn 0.3234 -0.8497 -0.4164
vn 0.3682 -0.8043 -0.4665
vn 0.0007 -0.9954 -0.0962
vn 0.0007 -0.9954 -0.0963
vn 0.0008 -0.9953 -0.0968
vn 0.0807 -0.9871 -0.1380
vn 0.1835 -0.9604 -0.2095
vn 0.2728 -0.9225 -0.2730
vn 0.3484 -0.8769 -0.3313
vn 0.3484 -0.8768 -0.3313
vn 0.4102 -0.8249 -0.3889
vn 0.4609 -0.7673 -0.4460
vn 0.4609 -0.7672 -0.4460
vn 0.0301 -0.9974 -0.0650
vn 0.1262 -0.9862 -0.1076
vn 0.1263 -0.9861 -0.1080
vn 0.1261 -0.9861 -0.1080
vn 0.2433 -0.9547 -0.1711
vn 0.2434 -0.9547 -0.1711
vn 0.3466 -0.9098 -0.2282
vn 0.4314 -0.8574 -0.2807
vn 0.5044 -0.7941 -0.3390
vn 0.5652 -0.7183 -0.4057
vn 0.0510 -0.9980 -0.0363
vn 0.1669 -0.9826 -0.0814
vn 0.1669 -0.9826 -0.0815
vn 0.1669 -0.9826 -0.0819
vn 0.3044 -0.9441 -0.1268
vn 0.4255 -0.8905 -0.1611
vn 0.5313 -0.8244 -0.1950
vn 0.6290 -0.7382 -0.2438
vn 0.7059 -0.6346 -0.3148
vn 0.7059 -0.6345 -0.3148
vn 0.7058 -0.6346 -0.3148
vn 0.0653 -0.9975 -0.0271
vn 0.0703 -0.9972 -0.0264
vn 0.0729 -0.9971 -0.0220
vn 0.2096 -0.9758 -0.0628
vn 0.2096 -0.9758 -0.0629
vn 0.3705 -0.9251 -0.0837
vn 0.5081 -0.8567 -0.0893
vn 0.5081 -0.8566 -0.0893
vn 0.6343 -0.7669 -0.0976
vn 0.7495 -0.6499 -0.1257
vn 0.9251 -0.3225 -0.2005
vn 0.9251 -0.3225 -0.2003
vn 0.9251 -0.3225 -0.2006
vn 0.0759 -0.9969 -0.0215
vn 0.0773 -0.9969 -0.0137
vn 0.2558 -0.9654 -0.0510
vn 0.2557 -0.9654 -0.0510
vn 0.4358 -0.8988 -0.0468
vn 0.5817 -0.8129 -0.0292
vn 0.5816 -0.8129 -0.0292
vn 0.5816 -0.8130 -0.0291
vn 0.7142 -0.6997 -0.0170
vn 0.9303 -0.3654 0.0306
vn 0.9303 -0.3654 0.0307
vn 0.9304 -0.3654 0.0306
vn 0.9304 -0.3654 0.0304
vn 0.3124 -0.3473 -0.8842
vn 0.3123 -0.3473 -0.8842
vn 0.3123 -0.3474 -0.8842
vn 0.3796 -0.2925 -0.8777
vn 0.3796 -0.2926 -0.8777
vn 0.3796 -0.2924 -0.8777
vn 0.5321 -0.2208 -0.8174
vn 0.3349 -0.4385 -0.8340
vn 0.4646 -0.3629 -0.8077
vn 0.4646 -0.3629 -0.8078
vn 0.5818 -0.1858 -0.7919
vn 0.5818 -0.1858 -0.7918
vn 0.3853 -0.5056 -0.7720
vn 0.3853 -0.5055 -0.7720
vn 0.5302 -0.4451 -0.7217
vn 0.6158 -0.3640 -0.6987
vn 0.6158 -0.3641 -0.6988
vn 0.6158 -0.3640 -0.6988
vn 0.6830 -0.1197 -0.7206
vn 0.6830 -0.1198 -0.7206
vn 0.4339 -0.5690 -0.6986
vn 0.4339 -0.5689 -0.6986
vn 0.5524 -0.5080 -0.6609
vn 0.5523 -0.5080 -0.6610
vn 0.6348 -0.4249 -0.6453
vn 0.6349 -0.4246 -0.6455
vn 0.6350 -0.4244 -0.6455
vn 0.8354 -0.2999 -0.4606
vn 0.8355 -0.2998 -0.4605
vn 0.8354 -0.2998 -0.4606
vn 0.8354 -0.2998 -0.4607
vn 0.4421 -0.6473 -0.6209
vn 0.5507 -0.5761 -0.6039
vn 0.5507 -0.5761 -0.6040
vn 0.5508 -0.5760 -0.6040
vn 0.6385 -0.4894 -0.5940
vn 0.6385 -0.4895 -0.5939
vn 0.7651 -0.1760 -0.6193
vn 0.7651 -0.1761 -0.6193
vn 0.4274 -0.7086 -0.5615
vn 0.5312 -0.6439 -0.5506
vn 0.5312 -0.6440 -0.5506
vn 0.6291 -0.5626 -0.5363
vn 0.6292 -0.5626 -0.5363
vn 0.6291 -0.5625 -0.5365
vn 0.8500 -0.4980 -0.1719
vn 0.8500 -0.4980 -0.1718
vn 0.8499 -0.4980 -0.1721
vn 0.3003 -0.3860 0.8723
vn 0.3003 -0.3860 0.8722
vn 0.3075 -0.4780 0.8228
vn 0.3075 -0.4780 0.8227
vn 0.3159 -0.5665 0.7611
vn 0.3267 -0.6431 0.6926
vn 0.3375 -0.7015 0.6277
vn 0.3442 -0.7426 0.5745
vn 0.3444 -0.7425 0.5745
vn 0.3423 -0.7746 0.5319
vn 0.3461 -0.3418 0.8737
vn 0.3461 -0.3419 0.8737
vn 0.3857 -0.4306 0.8160
vn 0.3856 -0.4307 0.8160
vn 0.4309 -0.5169 0.7397
vn 0.4685 -0.5951 0.6530
vn 0.4681 -0.5954 0.6530
vn 0.4888 -0.6555 0.5756
vn 0.4888 -0.6555 0.5757
vn 0.4926 -0.7019 0.5145
vn 0.4854 -0.7396 0.4663
vn 0.4854 -0.7395 0.4663
vn 0.5003 -0.2444 0.8306
vn 0.5002 -0.2445 0.8307
vn 0.5217 -0.1888 0.8320
vn 0.5216 -0.1888 0.8320
vn 0.5672 -0.4349 0.6994
vn 0.7890 -0.5328 0.3060
vn 0.7890 -0.5328 0.3058
vn 0.7890 -0.5328 0.3059
vn 0.7178 -0.3491 0.6024
vn 0.7178 -0.3492 0.6024
vn 0.6279 -0.6295 0.4578
vn 0.6278 -0.6295 0.4578
vn 0.6120 -0.6838 0.3973
vn 0.6121 -0.6838 0.3973
vn 0.5278 -0.4445 0.7238
vn 0.5280 -0.4444 0.7237
vn 0.5280 -0.4445 0.7236
vn 0.5278 -0.4446 0.7237
vn 0.8222 -0.5546 -0.1284
vn 0.8222 -0.5546 -0.1283
vn 0.8222 -0.5546 -0.1281
vn 0.8542 -0.3401 0.3932
vn 0.8542 -0.3402 0.3932
vn 0.8542 -0.3401 0.3933
vn -0.0222 -0.9879 0.1533
vn -0.0223 -0.9879 0.1534
vn -0.0019 -0.9935 0.1137
vn -0.0020 -0.9935 0.1137
vn 0.0149 -0.9963 0.0846
vn 0.0148 -0.9963 0.0846
vn 0.0148 -0.9963 0.0848
vn 0.0283 -0.9979 0.0581
vn 0.0426 -0.9986 0.0316
vn 0.0580 -0.9983 0.0103
vn 0.0742 -0.9972 -0.0105
vn 0.0751 -0.9971 -0.0075
vn 0.0715 -0.9974 -0.0045
vn 0.0284 -0.9781 0.2063
vn 0.0626 -0.9846 0.1631
vn 0.0625 -0.9846 0.1631
vn 0.0624 -0.9846 0.1631
vn 0.1043 -0.9859 0.1306
vn 0.1043 -0.9860 0.1304
vn 0.1042 -0.9860 0.1305
vn 0.1722 -0.9793 0.1065
vn 0.1721 -0.9793 0.1065
vn 0.1723 -0.9792 0.1067
vn 0.2527 -0.9636 0.0875
vn 0.2526 -0.9636 0.0874
vn 0.3088 -0.9498 0.0498
vn 0.3088 -0.9498 0.0497
vn 0.3087 -0.9499 0.0497
vn 0.3215 -0.9469 0.0016
vn 0.3216 -0.9469 0.0016
vn 0.3211 -0.9471 0.0012
vn 0.0929 -0.9570 0.2747
vn 0.1713 -0.9539 0.2464
vn 0.2821 -0.9335 0.2214
vn 0.3917 -0.9043 0.1696
vn 0.4598 -0.8799 0.1202
vn 0.4599 -0.8798 0.1202
vn 0.5004 -0.8627 0.0739
vn 0.5002 -0.8628 0.0740
vn 0.5001 -0.8628 0.0740
vn 0.5114 -0.8589 0.0277
vn 0.5112 -0.8590 0.0277
vn 0.1733 -0.9190 0.3542
vn 0.2937 -0.9019 0.3166
vn 0.2937 -0.9020 0.3166
vn 0.4197 -0.8682 0.2647
vn 0.5159 -0.8323 0.2028
vn 0.5822 -0.8001 0.1447
vn 0.6271 -0.7736 0.0916
vn 0.6270 -0.7736 0.0915
vn 0.6464 -0.7616 0.0471
vn 0.6463 -0.7616 0.0471
vn 0.6466 -0.7614 0.0468
vn 0.2459 -0.8758 0.4153
vn 0.3827 -0.8499 0.3623
vn 0.5045 -0.8109 0.2966
vn 0.5983 -0.7681 0.2281
vn 0.6716 -0.7229 0.1627
vn 0.6716 -0.7228 0.1627
vn 0.6715 -0.7229 0.1627
vn 0.7274 -0.6786 0.1021
vn 0.7601 -0.6476 0.0541
vn 0.7600 -0.6477 0.0541
vn 0.2991 -0.8344 0.4630
vn 0.4393 -0.8046 0.3996
vn 0.5592 -0.7620 0.3266
vn 0.6552 -0.7121 0.2522
vn 0.7351 -0.6543 0.1776
vn 0.7351 -0.6543 0.1775
vn 0.9222 -0.3843 0.0433
vn 0.9222 -0.3843 0.0434
vn 0.9222 -0.3843 0.0432
vn 0.8937 -0.3868 0.2272
vn 0.8937 -0.3868 0.2273
vn 0.8938 -0.3868 0.2270
vn 0.4034 -0.7562 -0.5152
vn 0.5017 -0.7052 -0.5010
vn 0.6065 -0.6383 -0.4740
vn 0.6065 -0.6384 -0.4739
vn 0.6066 -0.6383 -0.4739
vn 0.8395 -0.2970 -0.4550
vn 0.8395 -0.2971 -0.4550
vn 0.3274 -0.8049 0.4949
vn 0.4685 -0.7725 0.4287
vn 0.4684 -0.7725 0.4287
vn 0.5901 -0.7254 0.3544
vn 0.5901 -0.7255 0.3543
vn 0.5900 -0.7255 0.3543
vn 0.6892 -0.6690 0.2783
vn 0.6891 -0.6691 0.2784
vn 0.6890 -0.6691 0.2783
vn 0.6890 -0.6691 0.2784
vn 0.8776 -0.4330 0.2059
vn 0.8775 -0.4331 0.2059
vn 0.2983 -0.9540 -0.0295
vn 0.2982 -0.9541 -0.0293
vn 0.2981 -0.9541 -0.0292
vn 0.4874 -0.8731 -0.0089
vn 0.4875 -0.8731 -0.0091
vn 0.6313 -0.7753 0.0166
vn 0.7568 -0.6527 0.0352
vn 0.9137 -0.3821 -0.1381
vn 0.9137 -0.3821 -0.1380
vn -0.0761 -0.9881 -0.1334
vn -0.0761 -0.9881 -0.1338
vn -0.0762 -0.9881 -0.1336
vn -0.0445 -0.9827 -0.1796
vn -0.0118 -0.9741 -0.2256
vn -0.0118 -0.9742 -0.2256
vn 0.0288 -0.9598 -0.2793
vn 0.0805 -0.9371 -0.3398
vn 0.0805 -0.9370 -0.3398
vn 0.1385 -0.9079 -0.3956
vn 0.1936 -0.8746 -0.4445
vn 0.2388 -0.8359 -0.4943
vn 0.2388 -0.8358 -0.4943
vn -0.0674 -0.9930 -0.0965
vn -0.0675 -0.9930 -0.0965
vn -0.0675 -0.9930 -0.0966
vn -0.0573 -0.9960 -0.0683
vn -0.0426 -0.9982 -0.0421
vn -0.0234 -0.9995 -0.0216
vn -0.0059 -1.0000 -0.0052
vn -0.0090 -0.9999 -0.0108
vn -0.0074 -0.9999 -0.0088
vn -0.0044 -1.0000 -0.0035
vn -0.0054 -1.0000 -0.0003
vn -0.0050 -1.0000 0.0019
vn -0.0057 -1.0000 0.0046
vn 0.2637 -0.3258 -0.9079
vn 0.2978 -0.2748 -0.9142
vn 0.3261 -0.2370 -0.9152
vn 0.3261 -0.2370 -0.9151
vn 0.3681 -0.1619 -0.9156
vn 0.3681 -0.1618 -0.9156
vn 0.2635 -0.3994 -0.8781
vn 0.2622 -0.4694 -0.8431
vn 0.2622 -0.4694 -0.8432
vn 0.2597 -0.5440 -0.7979
vn 0.2579 -0.6322 -0.7306
vn 0.2688 -0.6948 -0.6671
vn 0.2783 -0.7431 -0.6086
vn 0.2692 -0.7904 -0.5503
vn 0.2562 -0.3481 0.9018
vn 0.2562 -0.3480 0.9018
vn 0.2551 -0.4290 0.8665
vn 0.2518 -0.5082 0.8236
vn 0.2473 -0.5842 0.7730
vn 0.2424 -0.6526 0.7179
vn 0.2381 -0.7086 0.6642
vn 0.2334 -0.7515 0.6171
vn 0.2246 -0.7862 0.5758
vn 0.2246 -0.7861 0.5758
vn 0.2881 -0.3033 0.9083
vn 0.3147 -0.2677 0.9107
vn 0.3641 -0.1023 0.9257
vn 0.3641 -0.1021 0.9257
vn 0.3641 -0.1024 0.9257
vn -0.0749 -0.9860 0.1491
vn -0.0749 -0.9860 0.1493
vn -0.0749 -0.9860 0.1492
vn -0.0749 -0.9859 0.1493
vn -0.0658 -0.9915 0.1120
vn -0.0546 -0.9951 0.0827
vn -0.0547 -0.9951 0.0827
vn -0.0415 -0.9974 0.0586
vn -0.0415 -0.9974 0.0587
vn -0.0300 -0.9988 0.0386
vn -0.0208 -0.9995 0.0220
vn -0.0208 -0.9995 0.0221
vn -0.0156 -0.9998 0.0128
vn -0.0169 -0.9997 0.0186
vn -0.0109 -0.9999 0.0099
vn -0.0091 -0.9999 0.0057
vn -0.0436 -0.9797 0.1956
vn -0.0435 -0.9797 0.1956
vn -0.0435 -0.9797 0.1957
vn -0.0079 -0.9688 0.2479
vn -0.0079 -0.9687 0.2479
vn 0.0361 -0.9499 0.3105
vn 0.0869 -0.9210 0.3797
vn 0.1370 -0.8858 0.4434
vn 0.1796 -0.8492 0.4966
vn 0.2074 -0.8184 0.5360
vn 0.2074 -0.8183 0.5360
vn -0.1046 -0.9713 -0.2136
vn -0.1349 -0.9681 -0.2112
vn -0.1633 -0.9646 -0.2071
vn -0.1633 -0.9646 -0.2070
vn -0.1904 -0.9606 -0.2027
vn -0.1904 -0.9606 -0.2026
vn -0.2160 -0.9561 -0.1982
vn -0.2160 -0.9561 -0.1981
vn -0.2410 -0.9509 -0.1942
vn -0.2405 -0.9510 -0.1940
vn -0.2409 -0.9509 -0.1941
vn -0.2663 -0.9447 -0.1911
vn -0.2664 -0.9447 -0.1911
vn -0.2659 -0.9449 -0.1911
vn -0.2663 -0.9448 -0.1910
vn -0.2927 -0.9374 -0.1887
vn -0.2927 -0.9374 -0.1886
vn -0.2927 -0.9374 -0.1885
vn -0.3187 -0.9293 -0.1868
vn -0.3187 -0.9292 -0.1872
vn -0.3187 -0.9292 -0.1871
vn -0.3185 -0.9294 -0.1865
vn -0.3450 -0.9198 -0.1867
vn -0.3450 -0.9198 -0.1868
vn -0.3730 -0.9088 -0.1869
vn -0.3733 -0.9088 -0.1867
vn -0.3731 -0.9088 -0.1869
vn -0.3730 -0.9088 -0.1870
vn -0.4036 -0.8955 -0.1876
vn -0.4036 -0.8955 -0.1875
vn -0.4367 -0.8797 -0.1883
vn -0.4367 -0.8797 -0.1882
vn -0.4732 -0.8606 -0.1881
vn -0.0814 -0.9610 -0.2643
vn -0.1147 -0.9572 -0.2657
vn -0.1459 -0.9538 -0.2627
vn -0.1755 -0.9500 -0.2581
vn -0.1755 -0.9501 -0.2581
vn -0.2035 -0.9458 -0.2530
vn -0.2306 -0.9407 -0.2488
vn -0.2306 -0.9407 -0.2487
vn -0.2582 -0.9344 -0.2452
vn -0.2583 -0.9344 -0.2454
vn -0.2581 -0.9344 -0.2454
vn -0.2580 -0.9345 -0.2453
vn -0.2856 -0.9269 -0.2433
vn -0.2859 -0.9269 -0.2431
vn -0.2860 -0.9268 -0.2433
vn -0.2861 -0.9268 -0.2433
vn -0.3142 -0.9181 -0.2417
vn -0.3142 -0.9182 -0.2414
vn -0.3142 -0.9180 -0.2419
vn -0.3428 -0.9078 -0.2417
vn -0.3428 -0.9078 -0.2416
vn -0.3429 -0.9078 -0.2417
vn -0.3429 -0.9077 -0.2419
vn -0.3732 -0.8954 -0.2429
vn -0.3732 -0.8954 -0.2430
vn -0.4069 -0.8803 -0.2438
vn -0.4441 -0.8622 -0.2436
vn -0.4861 -0.8405 -0.2394
vn -0.0556 -0.9468 -0.3169
vn -0.0920 -0.9425 -0.3212
vn -0.1260 -0.9390 -0.3201
vn -0.1260 -0.9389 -0.3202
vn -0.1580 -0.9354 -0.3164
vn -0.1884 -0.9313 -0.3118
vn -0.2178 -0.9261 -0.3081
vn -0.2178 -0.9261 -0.3080
vn -0.2178 -0.9262 -0.3077
vn -0.2473 -0.9198 -0.3048
vn -0.2473 -0.9197 -0.3048
vn -0.2776 -0.9120 -0.3021
vn -0.2778 -0.9117 -0.3026
vn -0.2778 -0.9118 -0.3024
vn -0.2775 -0.9119 -0.3022
vn -0.3083 -0.9025 -0.3009
vn -0.3083 -0.9024 -0.3010
vn -0.3083 -0.9023 -0.3013
vn -0.3083 -0.9024 -0.3012
vn -0.3395 -0.8912 -0.3008
vn -0.3395 -0.8912 -0.3009
vn -0.3730 -0.8773 -0.3019
vn -0.4100 -0.8605 -0.3023
vn -0.4515 -0.8403 -0.3001
vn -0.4990 -0.8158 -0.2924
vn -0.0277 -0.9273 -0.3732
vn -0.0674 -0.9230 -0.3788
vn -0.1041 -0.9195 -0.3791
vn -0.1385 -0.9159 -0.3767
vn -0.1711 -0.9118 -0.3734
vn -0.1711 -0.9117 -0.3734
vn -0.2028 -0.9065 -0.3704
vn -0.2028 -0.9065 -0.3703
vn -0.2345 -0.8997 -0.3682
vn -0.2342 -0.8996 -0.3687
vn -0.2342 -0.8997 -0.3685
vn -0.2669 -0.8915 -0.3661
vn -0.2671 -0.8915 -0.3659
vn -0.2668 -0.8914 -0.3664
vn -0.2667 -0.8914 -0.3663
vn -0.3002 -0.8817 -0.3640
vn -0.3000 -0.8818 -0.3640
vn -0.3001 -0.8817 -0.3641
vn -0.3002 -0.8816 -0.3641
vn -0.3344 -0.8696 -0.3633
vn -0.3712 -0.8546 -0.3633
vn -0.3712 -0.8546 -0.3632
vn -0.4117 -0.8362 -0.3624
vn -0.4117 -0.8361 -0.3625
vn -0.4576 -0.8135 -0.3589
vn -0.5102 -0.7859 -0.3494
vn 0.0003 -0.9030 -0.4297
vn -0.0423 -0.8988 -0.4362
vn -0.0423 -0.8989 -0.4362
vn -0.0813 -0.8951 -0.4383
vn -0.1175 -0.8913 -0.4379
vn -0.1521 -0.8868 -0.4365
vn -0.1521 -0.8868 -0.4364
vn -0.1857 -0.8811 -0.4350
vn -0.1857 -0.8811 -0.4349
vn -0.2195 -0.8741 -0.4334
vn -0.2195 -0.8741 -0.4333
vn -0.2542 -0.8655 -0.4316
vn -0.2542 -0.8655 -0.4315
vn -0.2542 -0.8656 -0.4314
vn -0.2899 -0.8552 -0.4296
vn -0.2898 -0.8553 -0.4295
vn -0.2900 -0.8553 -0.4294
vn -0.2900 -0.8551 -0.4297
vn -0.3270 -0.8427 -0.4277
vn -0.3270 -0.8427 -0.4278
vn -0.3669 -0.8270 -0.4260
vn -0.4109 -0.8075 -0.4233
vn -0.4109 -0.8075 -0.4232
vn -0.4109 -0.8074 -0.4233
vn -0.4608 -0.7829 -0.4179
vn -0.5181 -0.7523 -0.4070
vn 0.0274 -0.8736 -0.4858
vn 0.0274 -0.8737 -0.4857
vn 0.0274 -0.8737 -0.4858
vn -0.0175 -0.8697 -0.4933
vn -0.0582 -0.8657 -0.4971
vn -0.0959 -0.8613 -0.4989
vn -0.1319 -0.8562 -0.4995
vn -0.1319 -0.8561 -0.4996
vn -0.1319 -0.8563 -0.4994
vn -0.1319 -0.8563 -0.4993
vn -0.1672 -0.8500 -0.4995
vn -0.1672 -0.8501 -0.4994
vn -0.2027 -0.8427 -0.4988
vn -0.2026 -0.8424 -0.4994
vn -0.2027 -0.8425 -0.4991
vn -0.2393 -0.8340 -0.4972
vn -0.2392 -0.8338 -0.4975
vn -0.2392 -0.8339 -0.4974
vn -0.2392 -0.8340 -0.4973
vn -0.2771 -0.8237 -0.4948
vn -0.2770 -0.8235 -0.4951
vn -0.2770 -0.8234 -0.4952
vn -0.2770 -0.8235 -0.4952
vn -0.3168 -0.8107 -0.4924
vn -0.3165 -0.8110 -0.4921
vn -0.3167 -0.8107 -0.4924
vn -0.3595 -0.7947 -0.4891
vn -0.3595 -0.7947 -0.4890
vn -0.3595 -0.7948 -0.4890
vn -0.4068 -0.7744 -0.4845
vn -0.4068 -0.7745 -0.4845
vn -0.4601 -0.7487 -0.4772
vn -0.5212 -0.7155 -0.4651
vn 0.0530 -0.8389 -0.5417
vn 0.0063 -0.8353 -0.5497
vn -0.0355 -0.8311 -0.5550
vn -0.0357 -0.8313 -0.5547
vn -0.0356 -0.8312 -0.5548
vn -0.0356 -0.8312 -0.5549
vn -0.0744 -0.8264 -0.5582
vn -0.0744 -0.8264 -0.5581
vn -0.0744 -0.8265 -0.5580
vn -0.1115 -0.8208 -0.5602
vn -0.1115 -0.8208 -0.5603
vn -0.1479 -0.8143 -0.5613
vn -0.1479 -0.8142 -0.5614
vn -0.1849 -0.8068 -0.5612
vn -0.1848 -0.8067 -0.5613
vn -0.1846 -0.8068 -0.5613
vn -0.1846 -0.8068 -0.5612
vn -0.2225 -0.7978 -0.5604
vn -0.2225 -0.7978 -0.5603
vn -0.2224 -0.7975 -0.5608
vn -0.2225 -0.7976 -0.5606
vn -0.2619 -0.7871 -0.5585
vn -0.2619 -0.7871 -0.5584
vn -0.3036 -0.7742 -0.5554
vn -0.3036 -0.7742 -0.5553
vn -0.3487 -0.7580 -0.5513
vn -0.3487 -0.7580 -0.5512
vn -0.3484 -0.7584 -0.5509
vn -0.3985 -0.7375 -0.5452
vn -0.3985 -0.7376 -0.5451
vn -0.3986 -0.7373 -0.5455
vn -0.4545 -0.7108 -0.5369
vn -0.4545 -0.7108 -0.5368
vn -0.4546 -0.7105 -0.5371
vn -0.4545 -0.7107 -0.5370
vn -0.5186 -0.6755 -0.5242
vn 0.0762 -0.7984 -0.5973
vn 0.0286 -0.7955 -0.6053
vn -0.0140 -0.7914 -0.6112
vn -0.0140 -0.7916 -0.6108
vn -0.0139 -0.7914 -0.6112
vn -0.0530 -0.7862 -0.6158
vn -0.0532 -0.7862 -0.6157
vn -0.0529 -0.7861 -0.6158
vn -0.0529 -0.7862 -0.6157
vn -0.0908 -0.7806 -0.6184
vn -0.0908 -0.7805 -0.6186
vn -0.0908 -0.7806 -0.6185
vn -0.1277 -0.7739 -0.6203
vn -0.1277 -0.7740 -0.6202
vn -0.1278 -0.7740 -0.6201
vn -0.1279 -0.7741 -0.6200
vn -0.1654 -0.7663 -0.6208
vn -0.1655 -0.7664 -0.6207
vn -0.1653 -0.7660 -0.6212
vn -0.1653 -0.7662 -0.6210
vn -0.2043 -0.7574 -0.6202
vn -0.2043 -0.7573 -0.6202
vn -0.2043 -0.7573 -0.6203
vn -0.2443 -0.7462 -0.6193
vn -0.2445 -0.7465 -0.6188
vn -0.2443 -0.7462 -0.6192
vn -0.2446 -0.7465 -0.6188
vn -0.2875 -0.7335 -0.6159
vn -0.3339 -0.7173 -0.6116
vn -0.3339 -0.7173 -0.6115
vn -0.3854 -0.6966 -0.6051
vn -0.3854 -0.6967 -0.6051
vn -0.4431 -0.6694 -0.5963
vn -0.5087 -0.6325 -0.5841
vn 0.0972 -0.7514 -0.6527
vn 0.0498 -0.7489 -0.6608
vn 0.0077 -0.7443 -0.6678
vn 0.0077 -0.7442 -0.6679
vn -0.0312 -0.7385 -0.6736
vn -0.0312 -0.7384 -0.6736
vn -0.0312 -0.7386 -0.6735
vn -0.0686 -0.7322 -0.6777
vn -0.0686 -0.7321 -0.6777
vn -0.0686 -0.7320 -0.6778
vn -0.1057 -0.7250 -0.6806
vn -0.1057 -0.7249 -0.6807
vn -0.1057 -0.7251 -0.6805
vn -0.1439 -0.7176 -0.6815
vn -0.1438 -0.7174 -0.6816
vn -0.1436 -0.7174 -0.6817
vn -0.1434 -0.7173 -0.6819
vn -0.1826 -0.7080 -0.6822
vn -0.1822 -0.7077 -0.6826
vn -0.1823 -0.7079 -0.6824
vn -0.1826 -0.7081 -0.6821
vn -0.2235 -0.6972 -0.6811
vn -0.2669 -0.6847 -0.6782
vn -0.3141 -0.6693 -0.6733
vn -0.3663 -0.6496 -0.6662
vn -0.3663 -0.6497 -0.6662
vn -0.3663 -0.6497 -0.6661
vn -0.4248 -0.6231 -0.6568
vn -0.4248 -0.6231 -0.6567
vn -0.4909 -0.5856 -0.6450
vn 0.1160 -0.6977 -0.7069
vn 0.0697 -0.6951 -0.7155
vn 0.0697 -0.6952 -0.7155
vn 0.0292 -0.6893 -0.7239
vn -0.0083 -0.6820 -0.7313
vn -0.0445 -0.6740 -0.7374
vn -0.0445 -0.6741 -0.7373
vn -0.0808 -0.6660 -0.7416
vn -0.1178 -0.6577 -0.7440
vn -0.1180 -0.6576 -0.7440
vn -0.1177 -0.6576 -0.7442
vn -0.1177 -0.6578 -0.7440
vn -0.1571 -0.6482 -0.7451
vn -0.1571 -0.6483 -0.7450
vn -0.1979 -0.6379 -0.7443
vn -0.1979 -0.6379 -0.7442
vn -0.2413 -0.6264 -0.7412
vn -0.2887 -0.6129 -0.7355
vn -0.3410 -0.5953 -0.7275
vn -0.3994 -0.5707 -0.7175
vn -0.4649 -0.5341 -0.7061
vn 0.1332 -0.6369 -0.7594
vn 0.0891 -0.6341 -0.7681
vn 0.0505 -0.6268 -0.7776
vn 0.0505 -0.6267 -0.7776
vn 0.0150 -0.6173 -0.7866
vn -0.0192 -0.6072 -0.7943
vn -0.0538 -0.5977 -0.7999
vn -0.0538 -0.5976 -0.8000
vn -0.0900 -0.5887 -0.8033
vn -0.0900 -0.5885 -0.8034
vn -0.0900 -0.5885 -0.8035
vn -0.1283 -0.5790 -0.8052
vn -0.1283 -0.5788 -0.8053
vn -0.1283 -0.5789 -0.8053
vn -0.1682 -0.5690 -0.8049
vn -0.2111 -0.5590 -0.8018
vn -0.2580 -0.5479 -0.7958
vn -0.3097 -0.5331 -0.7874
vn -0.3097 -0.5331 -0.7873
vn -0.3670 -0.5109 -0.7774
vn -0.4305 -0.4761 -0.7668
vn 0.1491 -0.5693 -0.8085
vn 0.1079 -0.5659 -0.8174
vn 0.0719 -0.5570 -0.8274
vn 0.0388 -0.5456 -0.8371
vn 0.0068 -0.5335 -0.8458
vn -0.0258 -0.5224 -0.8523
vn -0.0258 -0.5225 -0.8523
vn -0.0604 -0.5122 -0.8568
vn -0.0603 -0.5120 -0.8569
vn -0.0603 -0.5121 -0.8568
vn -0.0602 -0.5121 -0.8568
vn -0.0974 -0.5022 -0.8592
vn -0.0975 -0.5024 -0.8591
vn -0.0974 -0.5023 -0.8592
vn -0.0972 -0.5020 -0.8594
vn -0.1358 -0.4925 -0.8596
vn -0.1358 -0.4925 -0.8597
vn -0.1771 -0.4838 -0.8571
vn -0.1771 -0.4839 -0.8570
vn -0.2226 -0.4747 -0.8515
vn -0.2226 -0.4746 -0.8516
vn -0.2729 -0.4621 -0.8438
vn -0.3279 -0.4425 -0.8347
vn -0.3882 -0.4106 -0.8251
vn 0.1629 -0.4999 -0.8506
vn 0.1260 -0.4932 -0.8607
vn 0.0934 -0.4819 -0.8712
vn 0.0626 -0.4687 -0.8811
vn 0.0329 -0.4553 -0.8897
vn 0.0025 -0.4431 -0.8964
vn 0.0025 -0.4432 -0.8964
vn 0.0025 -0.4429 -0.8966
vn 0.0025 -0.4428 -0.8966
vn -0.0301 -0.4318 -0.9015
vn -0.0301 -0.4318 -0.9014
vn -0.0653 -0.4210 -0.9047
vn -0.0653 -0.4211 -0.9047
vn -0.1020 -0.4113 -0.9058
vn -0.1020 -0.4112 -0.9058
vn -0.1412 -0.4028 -0.9043
vn -0.1842 -0.3945 -0.9002
vn -0.1842 -0.3945 -0.9003
vn -0.2321 -0.3832 -0.8940
vn -0.2844 -0.3674 -0.8855
vn -0.3415 -0.3417 -0.8756
vn 0.1763 -0.4280 -0.8864
vn 0.1448 -0.4163 -0.8976
vn 0.1154 -0.4030 -0.9079
vn 0.1154 -0.4031 -0.9079
vn 0.0866 -0.3894 -0.9170
vn 0.0585 -0.3758 -0.9249
vn 0.0585 -0.3758 -0.9248
vn 0.0299 -0.3631 -0.9313
vn -0.0009 -0.3513 -0.9363
vn -0.0009 -0.3508 -0.9365
vn -0.0008 -0.3510 -0.9364
vn -0.0010 -0.3517 -0.9361
vn -0.0343 -0.3395 -0.9400
vn -0.0343 -0.3397 -0.9399
vn -0.0343 -0.3396 -0.9400
vn -0.0689 -0.3283 -0.9421
vn -0.0686 -0.3285 -0.9420
vn -0.0686 -0.3287 -0.9419
vn -0.0686 -0.3288 -0.9419
vn -0.1051 -0.3190 -0.9419
vn -0.1051 -0.3191 -0.9419
vn -0.1451 -0.3093 -0.9398
vn -0.1897 -0.2978 -0.9356
vn -0.2383 -0.2845 -0.9286
vn -0.2916 -0.2671 -0.9185
vn -0.0963 -0.9822 -0.1612
vn -0.1247 -0.9790 -0.1614
vn -0.1512 -0.9760 -0.1569
vn -0.1512 -0.9760 -0.1568
vn -0.1769 -0.9721 -0.1541
vn -0.1769 -0.9721 -0.1539
vn -0.1769 -0.9721 -0.1538
vn -0.2020 -0.9677 -0.1509
vn -0.2020 -0.9677 -0.1510
vn -0.2258 -0.9629 -0.1477
vn -0.2256 -0.9629 -0.1481
vn -0.2255 -0.9629 -0.1480
vn -0.2258 -0.9629 -0.1478
vn -0.2490 -0.9576 -0.1452
vn -0.2490 -0.9576 -0.1449
vn -0.2490 -0.9576 -0.1447
vn -0.2729 -0.9515 -0.1424
vn -0.2729 -0.9515 -0.1423
vn -0.2726 -0.9516 -0.1416
vn -0.2728 -0.9515 -0.1421
vn -0.2980 -0.9442 -0.1401
vn -0.2979 -0.9443 -0.1398
vn -0.2978 -0.9443 -0.1399
vn -0.2977 -0.9443 -0.1401
vn -0.3223 -0.9366 -0.1378
vn -0.3222 -0.9366 -0.1381
vn -0.3222 -0.9366 -0.1379
vn -0.3224 -0.9365 -0.1379
vn -0.3468 -0.9280 -0.1364
vn -0.3468 -0.9280 -0.1365
vn -0.3469 -0.9279 -0.1364
vn -0.3467 -0.9280 -0.1365
vn -0.3731 -0.9179 -0.1353
vn -0.3731 -0.9179 -0.1352
vn -0.3734 -0.9177 -0.1353
vn -0.4016 -0.9059 -0.1343
vn -0.4015 -0.9059 -0.1348
vn -0.4012 -0.9061 -0.1339
vn -0.4015 -0.9060 -0.1340
vn -0.4313 -0.8923 -0.1334
vn -0.4313 -0.8923 -0.1333
vn -0.4624 -0.8763 -0.1352
vn -0.4975 -0.8572 -0.1332
vn -0.5148 -0.8383 -0.1798
vn -0.5340 -0.8151 -0.2247
vn -0.5533 -0.7866 -0.2741
vn -0.5708 -0.7521 -0.3294
vn -0.5708 -0.7522 -0.3294
vn -0.5840 -0.7139 -0.3863
vn -0.5918 -0.6724 -0.4446
vn -0.5923 -0.6280 -0.5048
vn -0.5922 -0.6279 -0.5050
vn -0.5841 -0.5811 -0.5667
vn -0.5660 -0.5315 -0.6302
vn -0.5660 -0.5315 -0.6301
vn -0.5382 -0.4786 -0.6938
vn -0.5003 -0.4207 -0.7568
vn -0.4530 -0.3574 -0.8167
vn -0.4530 -0.3574 -0.8168
vn -0.4010 -0.2945 -0.8675
vn -0.3473 -0.2315 -0.9087
vn -0.2913 -0.1581 -0.9435
vn -0.2401 -0.1803 -0.9539
vn -0.1924 -0.1923 -0.9623
vn -0.1926 -0.1924 -0.9622
vn -0.1925 -0.1924 -0.9622
vn -0.1488 -0.2078 -0.9668
vn -0.1080 -0.2230 -0.9688
vn -0.1079 -0.2226 -0.9689
vn -0.1078 -0.2225 -0.9690
vn -0.1080 -0.2227 -0.9689
vn -0.0712 -0.2359 -0.9692
vn -0.0711 -0.2359 -0.9692
vn -0.0712 -0.2360 -0.9692
vn -0.0712 -0.2358 -0.9692
vn -0.0376 -0.2485 -0.9679
vn -0.0374 -0.2483 -0.9680
vn -0.0375 -0.2484 -0.9679
vn -0.0376 -0.2484 -0.9679
vn -0.0049 -0.2606 -0.9654
vn -0.0054 -0.2613 -0.9652
vn -0.0053 -0.2612 -0.9653
vn -0.0052 -0.2609 -0.9653
vn 0.0264 -0.2738 -0.9614
vn 0.0264 -0.2737 -0.9615
vn 0.0557 -0.2864 -0.9565
vn 0.0557 -0.2862 -0.9565
vn 0.0557 -0.2862 -0.9566
vn 0.0561 -0.2864 -0.9565
vn 0.0832 -0.2985 -0.9508
vn 0.0833 -0.2984 -0.9508
vn 0.0834 -0.2982 -0.9508
vn 0.0833 -0.2985 -0.9508
vn 0.1105 -0.3108 -0.9440
vn 0.1105 -0.3109 -0.9440
vn 0.1384 -0.3231 -0.9362
vn 0.1384 -0.3232 -0.9362
vn 0.1661 -0.3354 -0.9273
vn 0.1925 -0.3499 -0.9168
vn 0.2234 -0.3584 -0.9064
vn 0.2234 -0.3584 -0.9065
vn 0.2144 -0.4289 -0.8775
vn 0.2076 -0.4947 -0.8439
vn 0.1987 -0.5627 -0.8024
vn 0.1863 -0.6314 -0.7527
vn 0.1712 -0.6942 -0.6991
vn 0.1531 -0.7509 -0.6424
vn 0.1321 -0.8007 -0.5844
vn 0.1322 -0.8006 -0.5845
vn 0.1322 -0.8006 -0.5844
vn 0.1086 -0.8416 -0.5290
vn 0.1086 -0.8416 -0.5291
vn 0.1086 -0.8415 -0.5292
vn 0.0802 -0.8771 -0.4735
vn 0.0802 -0.8772 -0.4735
vn 0.0485 -0.9079 -0.4163
vn 0.0157 -0.9333 -0.3588
vn -0.0165 -0.9528 -0.3030
vn -0.0463 -0.9664 -0.2529
vn -0.0727 -0.9755 -0.2077
vn -0.4656 -0.8839 -0.0435
vn -0.4332 -0.9001 -0.0469
vn -0.4038 -0.9134 -0.0508
vn -0.4038 -0.9134 -0.0509
vn -0.3763 -0.9249 -0.0550
vn -0.3763 -0.9248 -0.0551
vn -0.3512 -0.9344 -0.0591
vn -0.3512 -0.9344 -0.0592
vn -0.3512 -0.9344 -0.0590
vn -0.3272 -0.9429 -0.0622
vn -0.3275 -0.9428 -0.0626
vn -0.3275 -0.9428 -0.0627
vn -0.3042 -0.9504 -0.0651
vn -0.3042 -0.9504 -0.0654
vn -0.3043 -0.9503 -0.0653
vn -0.3044 -0.9503 -0.0656
vn -0.2806 -0.9574 -0.0675
vn -0.2806 -0.9575 -0.0675
vn -0.2806 -0.9574 -0.0677
vn -0.2806 -0.9575 -0.0674
vn -0.2581 -0.9637 -0.0690
vn -0.2581 -0.9636 -0.0692
vn -0.2581 -0.9636 -0.0694
vn -0.2359 -0.9692 -0.0701
vn -0.2360 -0.9692 -0.0699
vn -0.2359 -0.9693 -0.0698
vn -0.2359 -0.9693 -0.0697
vn -0.2134 -0.9745 -0.0698
vn -0.2133 -0.9745 -0.0701
vn -0.2132 -0.9745 -0.0702
vn -0.1896 -0.9794 -0.0698
vn -0.1896 -0.9794 -0.0697
vn -0.1896 -0.9794 -0.0696
vn -0.1646 -0.9839 -0.0691
vn -0.1375 -0.9881 -0.0690
vn -0.4737 -0.8804 -0.0208
vn -0.4386 -0.8984 -0.0224
vn -0.4077 -0.9127 -0.0261
vn -0.4077 -0.9127 -0.0262
vn -0.3795 -0.9247 -0.0302
vn -0.3795 -0.9247 -0.0303
vn -0.3795 -0.9247 -0.0304
vn -0.3539 -0.9346 -0.0348
vn -0.3539 -0.9346 -0.0347
vn -0.3539 -0.9346 -0.0349
vn -0.3298 -0.9433 -0.0384
vn -0.3298 -0.9433 -0.0385
vn -0.3062 -0.9511 -0.0412
vn -0.3062 -0.9511 -0.0414
vn -0.2828 -0.9582 -0.0427
vn -0.2826 -0.9583 -0.0430
vn -0.2827 -0.9583 -0.0424
vn -0.2827 -0.9583 -0.0423
vn -0.2598 -0.9646 -0.0443
vn -0.2598 -0.9646 -0.0445
vn -0.2598 -0.9646 -0.0444
vn -0.2373 -0.9704 -0.0448
vn -0.2373 -0.9704 -0.0446
vn -0.2373 -0.9704 -0.0445
vn -0.2143 -0.9758 -0.0441
vn -0.2143 -0.9758 -0.0440
vn -0.1899 -0.9808 -0.0433
vn -0.1899 -0.9809 -0.0432
vn -0.1637 -0.9856 -0.0430
vn -0.1637 -0.9856 -0.0429
vn -0.1343 -0.9900 -0.0443
vn -0.4823 -0.8760 -0.0052
vn -0.4448 -0.8956 -0.0061
vn -0.4480 -0.8940 0.0014
vn -0.4471 -0.8945 -0.0038
vn -0.4140 -0.9102 -0.0074
vn -0.4123 -0.9110 -0.0092
vn -0.4153 -0.9097 -0.0001
vn -0.3845 -0.9230 -0.0114
vn -0.3831 -0.9236 -0.0132
vn -0.3831 -0.9236 -0.0131
vn -0.3853 -0.9228 -0.0037
vn -0.3576 -0.9337 -0.0160
vn -0.3567 -0.9341 -0.0174
vn -0.3581 -0.9336 -0.0071
vn -0.3327 -0.9428 -0.0197
vn -0.3319 -0.9431 -0.0209
vn -0.3329 -0.9429 -0.0095
vn -0.3083 -0.9510 -0.0229
vn -0.3077 -0.9512 -0.0233
vn -0.3077 -0.9512 -0.0234
vn -0.3083 -0.9512 -0.0114
vn -0.2841 -0.9587 -0.0125
vn -0.2886 -0.9573 -0.0147
vn -0.2837 -0.9586 -0.0252
vn -0.2838 -0.9586 -0.0249
vn -0.2588 -0.9656 -0.0269
vn -0.2608 -0.9650 -0.0269
vn -0.2606 -0.9651 -0.0260
vn -0.2609 -0.9653 -0.0125
vn -0.2316 -0.9725 -0.0234
vn -0.2374 -0.9711 -0.0262
vn -0.2419 -0.9702 -0.0146
vn -0.2137 -0.9766 -0.0254
vn -0.2130 -0.9768 -0.0227
vn -0.2128 -0.9770 -0.0144
vn -0.2137 -0.9766 -0.0256
vn -0.1857 -0.9825 -0.0161
vn -0.1884 -0.9818 -0.0247
vn -0.1884 -0.9818 -0.0246
vn -0.1885 -0.9819 -0.0199
vn -0.1581 -0.9873 -0.0162
vn -0.1608 -0.9867 -0.0243
vn -0.1608 -0.9867 -0.0244
vn -0.1595 -0.9870 -0.0189
vn -0.1295 -0.9912 -0.0260
vn -0.4930 -0.8700 0.0067
vn -0.4906 -0.8714 0.0060
vn -0.4952 -0.8687 0.0110
vn -0.4542 -0.8909 0.0092
vn -0.4537 -0.8911 0.0064
vn -0.4189 -0.9080 0.0028
vn -0.4191 -0.9079 0.0057
vn -0.3881 -0.9216 -0.0007
vn -0.3883 -0.9215 0.0025
vn -0.3608 -0.9326 0.0009
vn -0.3602 -0.9329 -0.0046
vn -0.3344 -0.9424 -0.0071
vn -0.3340 -0.9426 -0.0018
vn -0.3092 -0.9509 -0.0097
vn -0.3092 -0.9510 -0.0025
vn -0.2846 -0.9586 -0.0118
vn -0.2844 -0.9587 -0.0034
vn -0.2604 -0.9655 -0.0046
vn -0.2606 -0.9654 -0.0119
vn -0.2362 -0.9717 -0.0050
vn -0.2362 -0.9716 -0.0112
vn -0.2116 -0.9773 -0.0108
vn -0.2116 -0.9773 -0.0056
vn -0.1844 -0.9828 -0.0047
vn -0.1848 -0.9827 -0.0090
vn -0.1549 -0.9879 -0.0041
vn -0.1555 -0.9878 -0.0080
vn -0.1243 -0.9922 -0.0116
vn -0.1219 -0.9925 -0.0073
vn -0.1214 -0.9926 -0.0061
vn -0.5001 -0.8659 0.0104
vn -0.5004 -0.8657 0.0126
vn -0.4580 -0.8889 0.0099
vn -0.4593 -0.8882 0.0112
vn -0.4225 -0.9063 0.0086
vn -0.4233 -0.9060 0.0082
vn -0.3908 -0.9204 0.0059
vn -0.3913 -0.9203 0.0056
vn -0.3626 -0.9319 0.0041
vn -0.3629 -0.9318 0.0024
vn -0.3355 -0.9420 0.0030
vn -0.3353 -0.9421 0.0005
vn -0.3108 -0.9505 0.0022
vn -0.3095 -0.9509 -0.0015
vn -0.2848 -0.9586 -0.0029
vn -0.2851 -0.9585 0.0023
vn -0.2602 -0.9656 -0.0030
vn -0.2627 -0.9649 -0.0020
vn -0.2354 -0.9719 -0.0029
vn -0.2360 -0.9717 0.0007
vn -0.2084 -0.9780 -0.0006
vn -0.2100 -0.9777 -0.0015
vn -0.1827 -0.9832 -0.0016
vn -0.1822 -0.9833 0.0017
vn -0.1526 -0.9883 -0.0009
vn -0.1518 -0.9884 0.0023
vn -0.1175 -0.9931 -0.0002
vn -0.1170 -0.9931 0.0022
vn -0.5052 -0.8629 0.0118
vn -0.5045 -0.8633 0.0095
vn -0.4623 -0.8867 0.0094
vn -0.4619 -0.8869 0.0088
vn -0.4256 -0.9049 0.0084
vn -0.4253 -0.9050 0.0074
vn -0.3931 -0.9195 0.0067
vn -0.3930 -0.9195 0.0064
vn -0.3639 -0.9314 0.0051
vn -0.3639 -0.9314 0.0050
vn -0.3365 -0.9417 0.0043
vn -0.3365 -0.9417 0.0041
vn -0.3104 -0.9506 0.0031
vn -0.3102 -0.9507 0.0029
vn -0.2852 -0.9585 0.0036
vn -0.2854 -0.9584 0.0032
vn -0.2607 -0.9654 0.0026
vn -0.2597 -0.9657 0.0018
vn -0.2348 -0.9720 0.0034
vn -0.2348 -0.9720 0.0017
vn -0.2087 -0.9780 0.0032
vn -0.1807 -0.9835 0.0032
vn -0.1809 -0.9835 0.0038
vn -0.1497 -0.9887 0.0038
vn -0.1498 -0.9887 0.0044
vn -0.1142 -0.9935 0.0041
vn -0.1142 -0.9934 0.0051
vn -0.5045 -0.8634 0.0033
vn -0.5076 -0.8616 0.0020
vn -0.4642 -0.8858 0.0021
vn -0.4614 -0.8872 0.0042
vn -0.4265 -0.9045 0.0019
vn -0.4264 -0.9045 0.0068
vn -0.3939 -0.9191 0.0025
vn -0.3941 -0.9191 0.0062
vn -0.3645 -0.9312 0.0036
vn -0.3646 -0.9312 0.0044
vn -0.3369 -0.9415 0.0037
vn -0.3366 -0.9416 0.0041
vn -0.3107 -0.9505 0.0040
vn -0.3108 -0.9505 0.0040
vn -0.2849 -0.9586 0.0037
vn -0.2851 -0.9585 0.0038
vn -0.2595 -0.9657 0.0040
vn -0.2598 -0.9656 0.0037
vn -0.2347 -0.9721 0.0041
vn -0.2348 -0.9720 0.0040
vn -0.2084 -0.9780 0.0042
vn -0.2079 -0.9781 0.0049
vn -0.1801 -0.9836 0.0052
vn -0.1802 -0.9836 0.0050
vn -0.1487 -0.9889 0.0055
vn -0.1488 -0.9889 0.0054
vn -0.1126 -0.9936 0.0058
vn -0.1128 -0.9936 0.0060
vn -0.5056 -0.8628 -0.0024
vn -0.5049 -0.8632 -0.0000
vn -0.4627 -0.8865 -0.0015
vn -0.4622 -0.8868 0.0003
vn -0.4256 -0.9049 0.0004
vn -0.4258 -0.9048 0.0014
vn -0.3931 -0.9195 0.0018
vn -0.3933 -0.9194 0.0021
vn -0.3639 -0.9314 0.0031
vn -0.3639 -0.9314 0.0028
vn -0.3367 -0.9416 0.0038
vn -0.3368 -0.9416 0.0036
vn -0.3105 -0.9506 0.0048
vn -0.2851 -0.9585 0.0057
vn -0.2849 -0.9585 0.0047
vn -0.2609 -0.9653 0.0061
vn -0.2602 -0.9655 0.0045
vn -0.2337 -0.9723 0.0062
vn -0.2349 -0.9720 0.0047
vn -0.2084 -0.9780 0.0066
vn -0.2087 -0.9780 0.0056
vn -0.1808 -0.9835 0.0067
vn -0.1802 -0.9836 0.0053
vn -0.1496 -0.9887 0.0066
vn -0.1493 -0.9888 0.0058
vn -0.1133 -0.9935 0.0063
vn -0.1135 -0.9935 0.0072
vn -0.5003 -0.8658 -0.0032
vn -0.5015 -0.8652 -0.0016
vn -0.4587 -0.8886 -0.0018
vn -0.4597 -0.8881 -0.0010
vn -0.4233 -0.9060 -0.0000
vn -0.4231 -0.9061 0.0009
vn -0.3914 -0.9202 0.0018
vn -0.3913 -0.9202 0.0032
vn -0.3627 -0.9319 0.0037
vn -0.3626 -0.9319 0.0056
vn -0.3358 -0.9419 0.0050
vn -0.3362 -0.9418 0.0083
vn -0.3096 -0.9509 0.0058
vn -0.3098 -0.9507 0.0097
vn -0.2855 -0.9583 0.0112
vn -0.2870 -0.9579 0.0095
vn -0.2603 -0.9654 0.0125
vn -0.2604 -0.9655 0.0069
vn -0.2350 -0.9719 0.0127
vn -0.2351 -0.9719 0.0079
vn -0.2095 -0.9777 0.0122
vn -0.2094 -0.9778 0.0081
vn -0.1821 -0.9832 0.0115
vn -0.1822 -0.9832 0.0089
vn -0.1516 -0.9884 0.0114
vn -0.1515 -0.9884 0.0089
vn -0.1165 -0.9931 0.0122
vn -0.1165 -0.9931 0.0098
vn -0.4947 -0.8691 0.0001
vn -0.4939 -0.8695 0.0035
vn -0.4540 -0.8910 0.0044
vn -0.4544 -0.8908 0.0010
vn -0.4194 -0.9078 0.0042
vn -0.4196 -0.9077 0.0052
vn -0.3885 -0.9214 0.0068
vn -0.3880 -0.9216 0.0084
vn -0.3618 -0.9322 0.0097
vn -0.3599 -0.9329 0.0119
vn -0.3347 -0.9423 0.0099
vn -0.3340 -0.9424 0.0160
vn -0.3092 -0.9509 0.0111
vn -0.3090 -0.9509 0.0187
vn -0.2888 -0.9572 0.0168
vn -0.2857 -0.9581 0.0209
vn -0.2616 -0.9650 0.0210
vn -0.2607 -0.9653 0.0131
vn -0.2355 -0.9716 0.0208
vn -0.2343 -0.9721 0.0141
vn -0.2106 -0.9775 0.0143
vn -0.2105 -0.9774 0.0206
vn -0.1842 -0.9827 0.0207
vn -0.1838 -0.9829 0.0145
vn -0.1550 -0.9877 0.0208
vn -0.1542 -0.9879 0.0146
vn -0.1214 -0.9924 0.0220
vn -0.1200 -0.9926 0.0157
vn -0.4913 -0.8710 0.0043
vn -0.4493 -0.8933 0.0072
vn -0.4484 -0.8937 0.0134
vn -0.4152 -0.9097 0.0110
vn -0.4148 -0.9098 0.0169
vn -0.3850 -0.9228 0.0144
vn -0.3846 -0.9229 0.0210
vn -0.3580 -0.9334 0.0255
vn -0.3582 -0.9335 0.0174
vn -0.3378 -0.9409 0.0257
vn -0.3280 -0.9445 0.0200
vn -0.3080 -0.9508 0.0339
vn -0.3077 -0.9513 0.0193
vn -0.2845 -0.9580 0.0354
vn -0.2843 -0.9585 0.0212
vn -0.2601 -0.9653 0.0224
vn -0.2601 -0.9653 0.0227
vn -0.2366 -0.9710 0.0351
vn -0.2358 -0.9715 0.0242
vn -0.2123 -0.9766 0.0345
vn -0.2129 -0.9767 0.0258
vn -0.1852 -0.9824 0.0223
vn -0.1562 -0.9875 0.0224
vn -0.1231 -0.9921 0.0240
vn -0.4831 -0.8754 0.0162
vn -0.4454 -0.8952 0.0168
vn -0.4128 -0.9106 0.0196
vn -0.4128 -0.9106 0.0195
vn -0.3834 -0.9233 0.0233
vn -0.3568 -0.9338 0.0274
vn -0.3568 -0.9338 0.0272
vn -0.3318 -0.9429 0.0307
vn -0.3318 -0.9428 0.0306
vn -0.3074 -0.9510 0.0336
vn -0.3075 -0.9510 0.0333
vn -0.2833 -0.9584 0.0354
vn -0.2833 -0.9584 0.0353
vn -0.2600 -0.9649 0.0367
vn -0.2599 -0.9649 0.0365
vn -0.2600 -0.9649 0.0366
vn -0.2599 -0.9649 0.0370
vn -0.2368 -0.9709 0.0367
vn -0.2367 -0.9709 0.0369
vn -0.2128 -0.9764 0.0366
vn -0.1873 -0.9816 0.0363
vn -0.1873 -0.9816 0.0364
vn -0.1874 -0.9816 0.0364
vn -0.1595 -0.9865 0.0367
vn -0.1281 -0.9910 0.0391
vn -0.4743 -0.8798 0.0325
vn -0.4391 -0.8978 0.0338
vn -0.4080 -0.9122 0.0372
vn -0.3796 -0.9242 0.0414
vn -0.3796 -0.9242 0.0413
vn -0.3796 -0.9242 0.0412
vn -0.3539 -0.9342 0.0458
vn -0.3539 -0.9342 0.0456
vn -0.3540 -0.9341 0.0455
vn -0.3298 -0.9428 0.0494
vn -0.3296 -0.9428 0.0493
vn -0.3058 -0.9507 0.0522
vn -0.3057 -0.9507 0.0521
vn -0.2816 -0.9580 0.0549
vn -0.2819 -0.9579 0.0547
vn -0.2819 -0.9579 0.0545
vn -0.2816 -0.9580 0.0548
vn -0.2592 -0.9642 0.0562
vn -0.2589 -0.9643 0.0557
vn -0.2593 -0.9642 0.0560
vn -0.2364 -0.9700 0.0563
vn -0.2364 -0.9700 0.0562
vn -0.2364 -0.9700 0.0564
vn -0.2133 -0.9754 0.0562
vn -0.2133 -0.9754 0.0561
vn -0.1887 -0.9804 0.0560
vn -0.1887 -0.9804 0.0561
vn -0.1622 -0.9852 0.0561
vn -0.1327 -0.9894 0.0582
vn -0.4659 -0.8831 0.0558
vn -0.4333 -0.8993 0.0591
vn -0.4039 -0.9126 0.0630
vn -0.3762 -0.9241 0.0670
vn -0.3762 -0.9241 0.0669
vn -0.3510 -0.9337 0.0710
vn -0.3510 -0.9337 0.0712
vn -0.3510 -0.9337 0.0711
vn -0.3271 -0.9420 0.0747
vn -0.3272 -0.9420 0.0745
vn -0.3271 -0.9420 0.0745
vn -0.3037 -0.9496 0.0774
vn -0.3036 -0.9496 0.0775
vn -0.3036 -0.9496 0.0777
vn -0.3036 -0.9496 0.0776
vn -0.2799 -0.9567 0.0799
vn -0.2799 -0.9567 0.0800
vn -0.2800 -0.9567 0.0796
vn -0.2801 -0.9567 0.0795
vn -0.2572 -0.9629 0.0817
vn -0.2571 -0.9629 0.0816
vn -0.2571 -0.9629 0.0818
vn -0.2573 -0.9629 0.0820
vn -0.2346 -0.9685 0.0830
vn -0.2348 -0.9685 0.0830
vn -0.2347 -0.9685 0.0834
vn -0.2345 -0.9686 0.0829
vn -0.2121 -0.9737 0.0832
vn -0.1882 -0.9786 0.0833
vn -0.1882 -0.9786 0.0834
vn -0.1882 -0.9786 0.0835
vn -0.1632 -0.9831 0.0832
vn -0.1631 -0.9831 0.0833
vn -0.1631 -0.9831 0.0834
vn -0.1358 -0.9872 0.0838
vn -0.1358 -0.9872 0.0837
vn -0.4932 -0.8665 -0.0774
vn -0.4596 -0.8846 -0.0786
vn -0.4596 -0.8847 -0.0785
vn -0.4301 -0.8989 -0.0835
vn -0.4301 -0.8989 -0.0836
vn -0.4301 -0.8989 -0.0837
vn -0.4015 -0.9118 -0.0866
vn -0.4015 -0.9117 -0.0866
vn -0.3740 -0.9231 -0.0896
vn -0.3740 -0.9231 -0.0895
vn -0.3743 -0.9230 -0.0895
vn -0.3741 -0.9230 -0.0897
vn -0.3489 -0.9326 -0.0925
vn -0.3251 -0.9409 -0.0952
vn -0.3251 -0.9409 -0.0953
vn -0.3251 -0.9408 -0.0955
vn -0.3015 -0.9485 -0.0975
vn -0.3015 -0.9484 -0.0978
vn -0.2776 -0.9555 -0.1000
vn -0.2775 -0.9555 -0.0998
vn -0.2774 -0.9556 -0.0997
vn -0.2776 -0.9555 -0.1001
vn -0.2548 -0.9616 -0.1021
vn -0.2548 -0.9616 -0.1020
vn -0.2324 -0.9670 -0.1040
vn -0.2322 -0.9670 -0.1044
vn -0.2324 -0.9670 -0.1041
vn -0.2325 -0.9670 -0.1039
vn -0.2100 -0.9720 -0.1051
vn -0.2099 -0.9720 -0.1054
vn -0.2099 -0.9720 -0.1053
vn -0.1858 -0.9768 -0.1063
vn -0.1858 -0.9768 -0.1062
vn -0.1859 -0.9768 -0.1061
vn -0.1858 -0.9768 -0.1068
vn -0.1614 -0.9810 -0.1076
vn -0.1614 -0.9810 -0.1075
vn -0.1368 -0.9850 -0.1055
vn -0.1089 -0.9883 -0.1070
vn -0.1058 -0.9916 -0.0744
vn -0.0996 -0.9937 -0.0510
vn -0.0923 -0.9952 -0.0319
vn -0.0845 -0.9963 -0.0151
vn -0.0723 -0.9974 0.0016
vn -0.0757 -0.9971 -0.0016
vn -0.0708 -0.9975 0.0005
vn -0.0653 -0.9979 0.0054
vn -0.0657 -0.9978 0.0041
vn -0.0636 -0.9980 0.0061
vn -0.0636 -0.9980 0.0067
vn -0.0649 -0.9979 0.0083
vn -0.0656 -0.9978 0.0080
vn -0.0699 -0.9975 0.0134
vn -0.0705 -0.9974 0.0122
vn -0.0733 -0.9972 0.0164
vn -0.0815 -0.9963 0.0282
vn -0.0901 -0.9949 0.0452
vn -0.0901 -0.9949 0.0451
vn -0.0979 -0.9930 0.0656
vn -0.0979 -0.9930 0.0657
vn -0.1041 -0.9905 0.0896
vn -0.1040 -0.9905 0.0897
vn -0.1041 -0.9905 0.0897
vn -0.1073 -0.9866 0.1225
vn -0.1073 -0.9867 0.1225
vn -0.1352 -0.9834 0.1209
vn -0.1352 -0.9834 0.1208
vn -0.1597 -0.9796 0.1222
vn -0.1596 -0.9796 0.1222
vn -0.1596 -0.9796 0.1221
vn -0.1598 -0.9796 0.1217
vn -0.1841 -0.9754 0.1212
vn -0.1843 -0.9754 0.1210
vn -0.1843 -0.9754 0.1213
vn -0.1842 -0.9754 0.1211
vn -0.2080 -0.9707 0.1200
vn -0.2083 -0.9707 0.1200
vn -0.2082 -0.9707 0.1198
vn -0.2082 -0.9707 0.1196
vn -0.2310 -0.9658 0.1175
vn -0.2310 -0.9658 0.1174
vn -0.2535 -0.9604 0.1157
vn -0.2535 -0.9604 0.1159
vn -0.2535 -0.9604 0.1160
vn -0.2535 -0.9604 0.1161
vn -0.2765 -0.9543 0.1137
vn -0.2765 -0.9543 0.1138
vn -0.2769 -0.9541 0.1141
vn -0.3004 -0.9473 0.1114
vn -0.3003 -0.9473 0.1114
vn -0.3004 -0.9473 0.1113
vn -0.3248 -0.9395 0.1084
vn -0.3243 -0.9397 0.1086
vn -0.3483 -0.9314 0.1057
vn -0.3483 -0.9314 0.1054
vn -0.3483 -0.9314 0.1056
vn -0.3735 -0.9219 0.1025
vn -0.3735 -0.9219 0.1026
vn -0.3736 -0.9219 0.1027
vn -0.4011 -0.9106 0.0995
vn -0.4011 -0.9106 0.0997
vn -0.4011 -0.9106 0.0998
vn -0.4298 -0.8977 0.0965
vn -0.4298 -0.8977 0.0964
vn -0.4298 -0.8977 0.0966
vn -0.4595 -0.8835 0.0915
vn -0.4595 -0.8834 0.0915
vn -0.4931 -0.8653 0.0903
vn -0.5036 -0.8620 0.0585
vn -0.5036 -0.8620 0.0584
vn -0.5155 -0.8561 0.0369
vn -0.5276 -0.8492 0.0204
vn -0.5387 -0.8425 0.0075
vn -0.5387 -0.8425 0.0074
vn -0.5418 -0.8405 0.0067
vn -0.5447 -0.8386 0.0009
vn -0.5509 -0.8346 0.0016
vn -0.5511 -0.8344 -0.0018
vn -0.5568 -0.8307 0.0010
vn -0.5561 -0.8311 -0.0017
vn -0.5576 -0.8301 0.0076
vn -0.5570 -0.8305 0.0012
vn -0.5551 -0.8317 0.0092
vn -0.5563 -0.8309 0.0103
vn -0.5511 -0.8343 0.0131
vn -0.5504 -0.8349 0.0099
vn -0.5426 -0.8400 0.0057
vn -0.5419 -0.8404 0.0079
vn -0.5378 -0.8431 0.0033
vn -0.5268 -0.8499 -0.0090
vn -0.5149 -0.8569 -0.0250
vn -0.5032 -0.8629 -0.0460
vn 0.5884 0.8000 -0.1176
vn 0.6277 0.7611 -0.1633
vn 0.6277 0.7612 -0.1633
vn 0.6276 0.7612 -0.1633
vn 0.6640 0.7171 -0.2117
vn 0.6972 0.6661 -0.2650
vn 0.7238 0.6104 -0.3216
vn 0.7420 0.5507 -0.3824
vn 0.7489 0.4886 -0.4477
vn 0.6143 0.7848 -0.0816
vn 0.6147 0.7845 -0.0820
vn 0.6145 0.7847 -0.0818
vn 0.6648 0.7370 -0.1218
vn 0.7123 0.6814 -0.1682
vn 0.7551 0.6177 -0.2197
vn 0.7551 0.6178 -0.2197
vn 0.7896 0.5485 -0.2752
vn 0.8132 0.4751 -0.3362
vn 0.8228 0.4013 -0.4024
vn 0.8228 0.4013 -0.4025
vn 0.6374 0.7686 -0.0549
vn 0.6374 0.7686 -0.0550
vn 0.6374 0.7686 -0.0551
vn 0.6960 0.7128 -0.0861
vn 0.6960 0.7129 -0.0860
vn 0.7534 0.6455 -0.1258
vn 0.7533 0.6455 -0.1258
vn 0.8833 0.3100 -0.3517
vn 0.6572 0.7529 -0.0337
vn 0.6572 0.7530 -0.0336
vn 0.7225 0.6891 -0.0567
vn 0.7225 0.6891 -0.0568
vn 0.7224 0.6891 -0.0565
vn 0.6734 0.7390 -0.0185
vn 0.4110 0.0710 -0.9089
vn 0.4274 -0.0083 -0.9040
vn 0.4440 -0.0662 -0.8936
vn 0.4943 0.1297 -0.8595
vn 0.5240 0.0364 -0.8510
vn 0.5240 0.0365 -0.8509
vn 0.5241 0.0366 -0.8509
vn 0.5470 -0.0444 -0.8359
vn 0.5470 -0.0443 -0.8360
vn 0.5469 -0.0443 -0.8360
vn 0.5666 -0.1071 -0.8170
vn 0.5682 0.1879 -0.8011
vn 0.6128 0.0891 -0.7852
vn 0.6466 -0.0048 -0.7628
vn 0.6467 -0.0046 -0.7627
vn 0.6327 0.2477 -0.7337
vn 0.6892 0.1457 -0.7098
vn 0.7331 0.0428 -0.6787
vn 0.7331 0.0428 -0.6788
vn 0.7332 0.0428 -0.6787
vn 0.6837 0.3068 -0.6622
vn 0.7490 0.2040 -0.6304
vn 0.8004 0.0971 -0.5915
vn 0.7204 0.3665 -0.5888
vn 0.7916 0.2663 -0.5499
vn 0.8481 0.1611 -0.5047
vn 0.4097 0.0530 0.9107
vn 0.4099 0.0530 0.9106
vn 0.4963 0.1150 0.8605
vn 0.5730 0.1766 0.8003
vn 0.6395 0.2394 0.7305
vn 0.6916 0.3012 0.6565
vn 0.7287 0.3629 0.5808
vn 0.7286 0.3629 0.5808
vn 0.7500 0.4252 0.5066
vn 0.4247 -0.0280 0.9049
vn 0.4247 -0.0279 0.9049
vn 0.5241 0.0188 0.8515
vn 0.5241 0.0188 0.8514
vn 0.6160 0.0745 0.7842
vn 0.6948 0.1343 0.7065
vn 0.7560 0.1956 0.6246
vn 0.7990 0.2607 0.5418
vn 0.7991 0.2607 0.5418
vn 0.8232 0.3288 0.4628
vn 0.4401 -0.0898 0.8934
vn 0.5461 -0.0626 0.8354
vn 0.6478 -0.0220 0.7615
vn 0.6479 -0.0220 0.7614
vn 0.7369 0.0289 0.6754
vn 0.8058 0.0864 0.5859
vn 0.8542 0.1534 0.4968
vn 0.8815 0.2279 0.4135
vn 0.5892 0.8012 0.1049
vn 0.5892 0.8012 0.1050
vn 0.5892 0.8011 0.1053
vn 0.5892 0.8011 0.1050
vn 0.6148 0.7856 0.0695
vn 0.6149 0.7856 0.0696
vn 0.6372 0.7695 0.0430
vn 0.6371 0.7696 0.0430
vn 0.6375 0.7693 0.0433
vn 0.6567 0.7538 0.0222
vn 0.6568 0.7538 0.0222
vn 0.6568 0.7537 0.0223
vn 0.6729 0.7397 0.0075
vn 0.6294 0.7623 0.1508
vn 0.6659 0.7380 0.1093
vn 0.6965 0.7138 0.0738
vn 0.6965 0.7138 0.0739
vn 0.6964 0.7138 0.0738
vn 0.7228 0.6897 0.0446
vn 0.7225 0.6899 0.0451
vn 0.7221 0.6903 0.0450
vn 0.7437 0.6681 0.0232
vn 0.7436 0.6683 0.0233
vn 0.6668 0.7180 0.1994
vn 0.7144 0.6822 0.1558
vn 0.7547 0.6461 0.1137
vn 0.7883 0.6106 0.0761
vn 0.7882 0.6107 0.0759
vn 0.7011 0.6667 0.2529
vn 0.7583 0.6179 0.2076
vn 0.8077 0.5673 0.1608
vn 0.8076 0.5673 0.1608
vn 0.7290 0.6103 0.3100
vn 0.7289 0.6104 0.3100
vn 0.7940 0.5479 0.2634
vn 0.8497 0.4821 0.2133
vn 0.8498 0.4821 0.2133
vn 0.7482 0.5499 0.3714
vn 0.7481 0.5499 0.3714
vn 0.8187 0.4734 0.3250
vn 0.8777 0.3932 0.2738
vn 0.7423 0.4273 -0.5162
vn 0.8161 0.3326 -0.4726
vn 0.8756 0.2331 -0.4231
vn 0.8756 0.2332 -0.4231
vn 0.7561 0.4869 0.4374
vn 0.7561 0.4869 0.4373
vn 0.8292 0.3985 0.3921
vn 0.8292 0.3985 0.3920
vn 0.8887 0.3061 0.3414
vn 0.5281 0.8413 -0.1155
vn 0.5280 0.8413 -0.1156
vn 0.5557 0.8156 -0.1613
vn 0.5822 0.7867 -0.2054
vn 0.5822 0.7866 -0.2054
vn 0.6087 0.7520 -0.2529
vn 0.6328 0.7110 -0.3068
vn 0.6517 0.6657 -0.3635
vn 0.6518 0.6657 -0.3634
vn 0.6638 0.6170 -0.4228
vn 0.6670 0.5651 -0.4855
vn 0.5463 0.8339 -0.0778
vn 0.5463 0.8340 -0.0778
vn 0.5634 0.8245 -0.0525
vn 0.5634 0.8245 -0.0526
vn 0.5802 0.8138 -0.0331
vn 0.5949 0.8036 -0.0172
vn 0.6099 0.7924 -0.0074
vn 0.6069 0.7947 -0.0070
vn 0.6126 0.7904 -0.0021
vn 0.6178 0.7863 -0.0016
vn 0.6176 0.7865 -0.0045
vn 0.6193 0.7851 -0.0049
vn 0.6197 0.7848 -0.0068
vn 0.3196 0.1002 -0.9422
vn 0.3219 0.0203 -0.9466
vn 0.3316 -0.0342 -0.9428
vn 0.3655 -0.0454 -0.9297
vn 0.3902 0.1681 -0.9053
vn 0.4527 0.2263 -0.8625
vn 0.5121 0.2834 -0.8108
vn 0.5121 0.2834 -0.8109
vn 0.5658 0.3437 -0.7495
vn 0.6087 0.4015 -0.6843
vn 0.6399 0.4571 -0.6177
vn 0.6594 0.5118 -0.5507
vn 0.3171 0.0822 0.9448
vn 0.3169 0.0822 0.9449
vn 0.3909 0.1541 0.9074
vn 0.4560 0.2153 0.8636
vn 0.4560 0.2153 0.8635
vn 0.5176 0.2751 0.8102
vn 0.5731 0.3384 0.7464
vn 0.6170 0.3984 0.6787
vn 0.6484 0.4557 0.6098
vn 0.6676 0.5112 0.5413
vn 0.6675 0.5112 0.5413
vn 0.3172 -0.0006 0.9484
vn 0.3263 -0.0560 0.9436
vn 0.3388 -0.0993 0.9356
vn 0.3873 -0.0832 0.9182
vn 0.3873 -0.0833 0.9182
vn 0.5287 0.8426 0.1028
vn 0.5287 0.8425 0.1028
vn 0.5286 0.8426 0.1028
vn 0.5462 0.8351 0.0651
vn 0.5462 0.8351 0.0652
vn 0.5466 0.8349 0.0652
vn 0.5630 0.8255 0.0403
vn 0.5796 0.8146 0.0214
vn 0.5942 0.8043 0.0061
vn 0.6091 0.7931 -0.0030
vn 0.6120 0.7908 -0.0081
vn 0.6063 0.7952 -0.0036
vn 0.6063 0.7953 -0.0037
vn 0.6168 0.7871 -0.0066
vn 0.6181 0.7860 -0.0086
vn 0.5572 0.8169 0.1489
vn 0.5846 0.7880 0.1931
vn 0.6121 0.7533 0.2407
vn 0.6372 0.7120 0.2950
vn 0.6372 0.7119 0.2950
vn 0.6573 0.6663 0.3522
vn 0.6703 0.6171 0.4121
vn 0.6744 0.5649 0.4755
vn -0.2330 0.2294 -0.9450
vn -0.2516 0.1955 -0.9479
vn -0.2765 0.1018 -0.9556
vn -0.2749 0.1009 -0.9562
vn -0.2721 0.1043 -0.9566
vn -0.2030 0.2189 -0.9544
vn -0.2205 0.1805 -0.9585
vn -0.2685 0.1052 -0.9575
vn -0.1741 0.2095 -0.9622
vn -0.1742 0.2094 -0.9622
vn -0.1906 0.1690 -0.9670
vn -0.2087 0.0964 -0.9732
vn -0.2023 0.1013 -0.9741
vn -0.2018 0.0977 -0.9745
vn -0.1459 0.1998 -0.9689
vn -0.1458 0.2000 -0.9689
vn -0.1615 0.1593 -0.9739
vn -0.1615 0.1592 -0.9739
vn -0.1967 0.0953 -0.9758
vn -0.1184 0.1901 -0.9746
vn -0.1184 0.1900 -0.9746
vn -0.1183 0.1900 -0.9746
vn -0.1185 0.1904 -0.9745
vn -0.1332 0.1494 -0.9798
vn -0.1332 0.1493 -0.9798
vn -0.1332 0.1495 -0.9797
vn -0.1501 0.0622 -0.9867
vn -0.1478 0.0624 -0.9870
vn -0.1471 0.0637 -0.9871
vn -0.0911 0.1784 -0.9797
vn -0.0911 0.1788 -0.9797
vn -0.0910 0.1790 -0.9796
vn -0.0911 0.1787 -0.9797
vn -0.1051 0.1377 -0.9849
vn -0.1051 0.1380 -0.9848
vn -0.1050 0.1378 -0.9849
vn -0.1457 0.0620 -0.9874
vn -0.1458 0.0621 -0.9874
vn -0.0629 0.1656 -0.9842
vn -0.0627 0.1658 -0.9842
vn -0.0769 0.1241 -0.9893
vn -0.0769 0.1242 -0.9893
vn -0.0877 0.0409 -0.9953
vn -0.0911 0.0410 -0.9950
vn -0.0848 0.0390 -0.9956
vn -0.0331 0.1505 -0.9881
vn -0.0465 0.1084 -0.9930
vn -0.0826 0.0376 -0.9959
vn -0.0031 0.1341 -0.9910
vn -0.0163 0.0908 -0.9957
vn -0.0247 0.0591 -0.9979
vn -0.0247 0.0592 -0.9979
vn 0.0275 0.1157 -0.9929
vn 0.0147 0.0711 -0.9974
vn 0.0147 0.0710 -0.9974
vn 0.0148 0.0710 -0.9974
vn 0.0062 0.0186 -0.9998
vn 0.0606 0.0951 -0.9936
vn 0.0486 0.0488 -0.9976
vn 0.0344 0.0047 -0.9994
vn 0.0346 0.0047 -0.9994
vn 0.0346 0.0048 -0.9994
vn 0.0341 0.0043 -0.9994
vn 0.0979 0.0729 -0.9925
vn 0.0870 0.0252 -0.9959
vn 0.0827 -0.0127 -0.9965
vn 0.1388 0.0491 -0.9891
vn 0.1306 0.0009 -0.9914
vn 0.1305 0.0009 -0.9914
vn 0.1311 -0.0293 -0.9909
vn 0.1311 -0.0295 -0.9909
vn 0.1851 0.0245 -0.9824
vn 0.1824 -0.0219 -0.9830
vn 0.1854 -0.0518 -0.9813
vn 0.1850 -0.0518 -0.9814
vn 0.1856 -0.0518 -0.9813
vn -0.2396 0.2933 -0.9255
vn -0.2636 0.2498 -0.9317
vn -0.2831 0.2217 -0.9331
vn -0.3646 0.1229 -0.9230
vn 0.2245 -0.0494 -0.9732
vn 0.2479 -0.0369 -0.9681
vn 0.2434 0.0076 -0.9699
vn 0.2492 0.0708 -0.9659
vn 0.1994 0.0924 -0.9755
vn 0.1994 0.0924 -0.9756
vn 0.1592 0.1187 -0.9801
vn 0.1193 0.1393 -0.9830
vn 0.0814 0.1585 -0.9840
vn 0.0814 0.1584 -0.9840
vn 0.0475 0.1760 -0.9832
vn 0.0165 0.1919 -0.9813
vn 0.0164 0.1920 -0.9813
vn 0.0166 0.1919 -0.9813
vn 0.0167 0.1917 -0.9813
vn -0.0141 0.2067 -0.9783
vn -0.0141 0.2069 -0.9783
vn -0.0141 0.2066 -0.9783
vn -0.0443 0.2209 -0.9743
vn -0.0442 0.2209 -0.9743
vn -0.0725 0.2334 -0.9697
vn -0.0725 0.2335 -0.9696
vn -0.0725 0.2335 -0.9697
vn -0.0997 0.2448 -0.9644
vn -0.0997 0.2446 -0.9645
vn -0.0996 0.2455 -0.9643
vn -0.0995 0.2452 -0.9644
vn -0.1264 0.2556 -0.9585
vn -0.1261 0.2556 -0.9585
vn -0.1263 0.2553 -0.9586
vn -0.1263 0.2557 -0.9585
vn -0.1540 0.2659 -0.9516
vn -0.1540 0.2660 -0.9516
vn -0.1542 0.2656 -0.9517
vn -0.1539 0.2661 -0.9516
vn -0.1815 0.2758 -0.9439
vn -0.1815 0.2757 -0.9440
vn -0.2098 0.2815 -0.9363
vn 0.1787 0.0033 0.9839
vn 0.1756 -0.0433 0.9835
vn 0.1785 -0.0762 0.9810
vn 0.1832 -0.0595 0.9813
vn 0.1325 0.0288 0.9908
vn 0.1238 -0.0198 0.9921
vn 0.1226 -0.0527 0.9911
vn 0.1428 -0.0503 0.9885
vn 0.0918 0.0531 0.9944
vn 0.0804 0.0051 0.9967
vn 0.0762 -0.0277 0.9967
vn 0.0768 -0.0293 0.9966
vn 0.0767 -0.0289 0.9966
vn 0.0774 -0.0305 0.9965
vn 0.0778 -0.0304 0.9965
vn 0.0545 0.0760 0.9956
vn 0.0421 0.0295 0.9987
vn 0.0384 -0.0062 0.9992
vn 0.0363 -0.0030 0.9993
vn 0.0391 -0.0105 0.9992
vn 0.0420 -0.0139 0.9990
vn 0.0422 -0.0137 0.9990
vn 0.0213 0.0972 0.9950
vn 0.0085 0.0523 0.9986
vn 0.0013 0.0202 0.9998
vn -0.0016 -0.0001 1.0000
vn -0.0019 -0.0000 1.0000
vn -0.0093 0.1161 0.9932
vn -0.0093 0.1160 0.9932
vn -0.0227 0.0725 0.9971
vn -0.0311 0.0407 0.9987
vn -0.0311 0.0408 0.9987
vn -0.0387 0.0146 0.9991
vn -0.0389 0.0147 0.9991
vn -0.0390 0.0148 0.9991
vn -0.0389 0.0148 0.9991
vn -0.0393 0.1324 0.9904
vn -0.0394 0.1328 0.9904
vn -0.0394 0.1327 0.9904
vn -0.0394 0.1329 0.9903
vn -0.0530 0.0901 0.9945
vn -0.0531 0.0900 0.9945
vn -0.0625 0.0586 0.9963
vn -0.0624 0.0587 0.9963
vn -0.0693 0.0268 0.9972
vn -0.0697 0.1478 0.9866
vn -0.0694 0.1476 0.9866
vn -0.0693 0.1477 0.9866
vn -0.0831 0.1058 0.9909
vn -0.0831 0.1057 0.9909
vn -0.0831 0.1056 0.9909
vn -0.0931 0.0745 0.9929
vn -0.0931 0.0746 0.9929
vn -0.0936 0.0741 0.9929
vn -0.1054 0.0443 0.9934
vn -0.1053 0.0448 0.9934
vn -0.1053 0.0447 0.9934
vn -0.0979 0.1606 0.9821
vn -0.0978 0.1608 0.9821
vn -0.1121 0.1198 0.9864
vn -0.1122 0.1196 0.9865
vn -0.1120 0.1195 0.9865
vn -0.1120 0.1194 0.9865
vn -0.1228 0.0885 0.9885
vn -0.1228 0.0884 0.9885
vn -0.1316 0.0552 0.9898
vn -0.1316 0.0551 0.9898
vn -0.1317 0.0551 0.9898
vn -0.1316 0.0553 0.9898
vn -0.1253 0.1720 0.9771
vn -0.1253 0.1718 0.9771
vn -0.1252 0.1721 0.9771
vn -0.1403 0.1300 0.9815
vn -0.1403 0.1302 0.9815
vn -0.1403 0.1303 0.9815
vn -0.1519 0.1000 0.9833
vn -0.1519 0.1001 0.9833
vn -0.1801 0.0489 0.9824
vn -0.1801 0.0483 0.9825
vn -0.1802 0.0489 0.9824
vn -0.1531 0.1813 0.9714
vn -0.1689 0.1395 0.9757
vn -0.1813 0.1100 0.9773
vn -0.1951 0.0507 0.9795
vn -0.1947 0.0510 0.9795
vn -0.1819 0.1904 0.9647
vn -0.1819 0.1905 0.9647
vn -0.1986 0.1486 0.9688
vn -0.1986 0.1486 0.9687
vn -0.1986 0.1487 0.9687
vn -0.2118 0.1201 0.9699
vn -0.2545 0.0571 0.9654
vn -0.2556 0.0553 0.9652
vn -0.2517 0.0557 0.9662
vn -0.2112 0.1991 0.9570
vn -0.2292 0.1588 0.9603
vn -0.2431 0.1324 0.9609
vn -0.2602 0.0535 0.9641
vn -0.2418 0.2090 0.9476
vn -0.2418 0.2090 0.9475
vn -0.2610 0.1725 0.9498
vn -0.2763 0.1493 0.9494
vn -0.3935 -0.0271 0.9189
vn -0.3935 -0.0272 0.9189
vn 0.2444 0.0506 0.9684
vn 0.2373 -0.0140 0.9713
vn 0.2412 -0.0590 0.9687
vn 0.2493 -0.0936 0.9639
vn 0.2573 -0.0662 0.9641
vn -0.3294 0.1509 0.9321
vn -0.2938 0.1957 0.9356
vn -0.2726 0.2278 0.9348
vn -0.2484 0.2742 0.9290
vn -0.2187 0.2629 0.9397
vn -0.1897 0.2577 0.9474
vn -0.1897 0.2576 0.9474
vn -0.1617 0.2482 0.9551
vn -0.1336 0.2375 0.9621
vn -0.1337 0.2378 0.9621
vn -0.1337 0.2375 0.9621
vn -0.1336 0.2377 0.9621
vn -0.1068 0.2271 0.9680
vn -0.1066 0.2271 0.9680
vn -0.1067 0.2272 0.9680
vn -0.1067 0.2273 0.9680
vn -0.0792 0.2160 0.9732
vn -0.0789 0.2162 0.9731
vn -0.0790 0.2162 0.9732
vn -0.0791 0.2159 0.9732
vn -0.0507 0.2033 0.9778
vn -0.0507 0.2032 0.9778
vn -0.0203 0.1890 0.9818
vn -0.0203 0.1891 0.9817
vn 0.0103 0.1741 0.9847
vn 0.0103 0.1740 0.9847
vn 0.0102 0.1741 0.9847
vn 0.0416 0.1580 0.9866
vn 0.0416 0.1581 0.9865
vn 0.0758 0.1401 0.9872
vn 0.1138 0.1206 0.9862
vn 0.1540 0.0996 0.9830
vn 0.1943 0.0726 0.9783
vn 0.4713 0.8588 -0.2009
vn 0.4349 0.8777 -0.2013
vn 0.4349 0.8777 -0.2014
vn 0.4019 0.8933 -0.2012
vn 0.3714 0.9064 -0.2010
vn 0.3713 0.9064 -0.2012
vn 0.3713 0.9065 -0.2011
vn 0.3431 0.9175 -0.2011
vn 0.3432 0.9175 -0.2012
vn 0.3433 0.9174 -0.2013
vn 0.3433 0.9174 -0.2014
vn 0.3172 0.9265 -0.2025
vn 0.3172 0.9265 -0.2024
vn 0.3173 0.9264 -0.2028
vn 0.3171 0.9265 -0.2024
vn 0.2910 0.9347 -0.2041
vn 0.2910 0.9346 -0.2043
vn 0.2910 0.9347 -0.2039
vn 0.2910 0.9349 -0.2033
vn 0.2645 0.9420 -0.2067
vn 0.2646 0.9420 -0.2066
vn 0.2646 0.9420 -0.2064
vn 0.2392 0.9480 -0.2100
vn 0.2392 0.9480 -0.2098
vn 0.2392 0.9481 -0.2096
vn 0.2392 0.9480 -0.2099
vn 0.2142 0.9531 -0.2137
vn 0.1887 0.9575 -0.2181
vn 0.1887 0.9575 -0.2182
vn 0.1619 0.9614 -0.2224
vn 0.1338 0.9648 -0.2262
vn 0.1038 0.9680 -0.2285
vn 0.4833 0.8385 -0.2518
vn 0.4414 0.8599 -0.2565
vn 0.4044 0.8776 -0.2574
vn 0.3709 0.8924 -0.2571
vn 0.3709 0.8924 -0.2570
vn 0.3406 0.9045 -0.2565
vn 0.3406 0.9045 -0.2567
vn 0.3406 0.9046 -0.2565
vn 0.3121 0.9148 -0.2565
vn 0.3121 0.9147 -0.2566
vn 0.3121 0.9148 -0.2564
vn 0.2840 0.9233 -0.2586
vn 0.2838 0.9234 -0.2585
vn 0.2559 0.9307 -0.2613
vn 0.2559 0.9307 -0.2612
vn 0.2286 0.9369 -0.2643
vn 0.2286 0.9369 -0.2644
vn 0.2016 0.9419 -0.2686
vn 0.1739 0.9460 -0.2735
vn 0.1447 0.9497 -0.2778
vn 0.1139 0.9532 -0.2802
vn 0.0805 0.9568 -0.2792
vn 0.0805 0.9569 -0.2792
vn 0.4953 0.8136 -0.3045
vn 0.4480 0.8376 -0.3127
vn 0.4067 0.8574 -0.3155
vn 0.3699 0.8738 -0.3156
vn 0.3366 0.8873 -0.3153
vn 0.3365 0.8872 -0.3155
vn 0.3364 0.8872 -0.3158
vn 0.3053 0.8985 -0.3153
vn 0.3052 0.8983 -0.3161
vn 0.3055 0.8984 -0.3156
vn 0.2756 0.9073 -0.3176
vn 0.2752 0.9074 -0.3176
vn 0.2755 0.9072 -0.3178
vn 0.2450 0.9151 -0.3202
vn 0.2450 0.9151 -0.3203
vn 0.2450 0.9152 -0.3200
vn 0.2156 0.9215 -0.3231
vn 0.2156 0.9215 -0.3230
vn 0.2156 0.9215 -0.3229
vn 0.1865 0.9265 -0.3268
vn 0.1567 0.9305 -0.3311
vn 0.1252 0.9341 -0.3343
vn 0.0919 0.9378 -0.3348
vn 0.0534 0.9414 -0.3329
vn 0.5054 0.7838 -0.3610
vn 0.4531 0.8107 -0.3707
vn 0.4076 0.8327 -0.3748
vn 0.3674 0.8506 -0.3761
vn 0.3309 0.8652 -0.3768
vn 0.3310 0.8652 -0.3767
vn 0.3310 0.8652 -0.3768
vn 0.2971 0.8769 -0.3780
vn 0.2971 0.8768 -0.3780
vn 0.2971 0.8768 -0.3781
vn 0.2971 0.8769 -0.3779
vn 0.2642 0.8864 -0.3800
vn 0.2642 0.8865 -0.3799
vn 0.2319 0.8944 -0.3824
vn 0.2318 0.8944 -0.3826
vn 0.2320 0.8944 -0.3823
vn 0.2320 0.8945 -0.3822
vn 0.2006 0.9010 -0.3846
vn 0.2006 0.9011 -0.3845
vn 0.1694 0.9063 -0.3872
vn 0.1694 0.9063 -0.3873
vn 0.1375 0.9104 -0.3901
vn 0.1038 0.9140 -0.3921
vn 0.1038 0.9141 -0.3921
vn 0.0676 0.9176 -0.3917
vn 0.0219 0.9204 -0.3904
vn 0.5123 0.7504 -0.4177
vn 0.4555 0.7801 -0.4289
vn 0.4062 0.8038 -0.4346
vn 0.3626 0.8228 -0.4376
vn 0.3230 0.8380 -0.4397
vn 0.2864 0.8501 -0.4419
vn 0.2512 0.8600 -0.4441
vn 0.2512 0.8600 -0.4442
vn 0.2512 0.8601 -0.4441
vn 0.2169 0.8683 -0.4460
vn 0.2169 0.8684 -0.4460
vn 0.2169 0.8684 -0.4459
vn 0.2169 0.8685 -0.4458
vn 0.1838 0.8752 -0.4474
vn 0.1508 0.8809 -0.4486
vn 0.1508 0.8809 -0.4487
vn 0.1170 0.8855 -0.4497
vn 0.1170 0.8855 -0.4496
vn 0.0817 0.8895 -0.4496
vn 0.0422 0.8927 -0.4487
vn -0.0109 0.8942 -0.4475
vn 0.5147 0.7138 -0.4749
vn 0.4542 0.7460 -0.4870
vn 0.4542 0.7460 -0.4871
vn 0.4542 0.7459 -0.4871
vn 0.4014 0.7709 -0.4945
vn 0.3548 0.7905 -0.4993
vn 0.3548 0.7904 -0.4993
vn 0.3548 0.7905 -0.4992
vn 0.3125 0.8059 -0.5029
vn 0.3122 0.8057 -0.5034
vn 0.2734 0.8183 -0.5056
vn 0.2734 0.8182 -0.5057
vn 0.2364 0.8286 -0.5076
vn 0.2362 0.8284 -0.5079
vn 0.2363 0.8285 -0.5077
vn 0.2003 0.8370 -0.5092
vn 0.1656 0.8442 -0.5098
vn 0.1656 0.8442 -0.5099
vn 0.1312 0.8503 -0.5097
vn 0.0960 0.8555 -0.5089
vn 0.0962 0.8555 -0.5088
vn 0.0960 0.8555 -0.5088
vn 0.0593 0.8600 -0.5069
vn 0.0166 0.8631 -0.5047
vn -0.0425 0.8636 -0.5023
vn 0.5114 0.6739 -0.5332
vn 0.5114 0.6738 -0.5333
vn 0.5114 0.6739 -0.5333
vn 0.4480 0.7083 -0.5456
vn 0.4480 0.7086 -0.5452
vn 0.4480 0.7083 -0.5455
vn 0.4480 0.7082 -0.5456
vn 0.3926 0.7341 -0.5540
vn 0.3924 0.7341 -0.5542
vn 0.3926 0.7343 -0.5538
vn 0.3927 0.7341 -0.5539
vn 0.3436 0.7540 -0.5598
vn 0.3436 0.7540 -0.5599
vn 0.2992 0.7698 -0.5638
vn 0.2992 0.7697 -0.5639
vn 0.2992 0.7697 -0.5640
vn 0.2583 0.7823 -0.5668
vn 0.2583 0.7824 -0.5668
vn 0.2197 0.7927 -0.5687
vn 0.2197 0.7927 -0.5686
vn 0.1826 0.8014 -0.5696
vn 0.1827 0.8015 -0.5694
vn 0.1828 0.8015 -0.5693
vn 0.1826 0.8013 -0.5697
vn 0.1467 0.8088 -0.5695
vn 0.1468 0.8089 -0.5694
vn 0.1112 0.8155 -0.5680
vn 0.1112 0.8153 -0.5682
vn 0.1112 0.8152 -0.5684
vn 0.1112 0.8151 -0.5685
vn 0.0751 0.8206 -0.5665
vn 0.0751 0.8207 -0.5665
vn 0.0373 0.8255 -0.5632
vn 0.0373 0.8254 -0.5632
vn 0.0373 0.8256 -0.5631
vn -0.0077 0.8291 -0.5591
vn -0.0706 0.8293 -0.5544
vn -0.0706 0.8292 -0.5544
vn -0.0706 0.8292 -0.5545
vn 0.5010 0.6310 -0.5923
vn 0.4362 0.6670 -0.6041
vn 0.4362 0.6670 -0.6040
vn 0.4362 0.6669 -0.6041
vn 0.3793 0.6936 -0.6124
vn 0.3286 0.7137 -0.6186
vn 0.2833 0.7297 -0.6223
vn 0.2413 0.7425 -0.6248
vn 0.2416 0.7422 -0.6251
vn 0.2415 0.7421 -0.6252
vn 0.2020 0.7531 -0.6261
vn 0.1640 0.7618 -0.6267
vn 0.1641 0.7616 -0.6270
vn 0.1641 0.7620 -0.6265
vn 0.1641 0.7617 -0.6268
vn 0.1274 0.7693 -0.6261
vn 0.1274 0.7694 -0.6259
vn 0.1276 0.7695 -0.6258
vn 0.1274 0.7694 -0.6260
vn 0.0912 0.7758 -0.6244
vn 0.0912 0.7757 -0.6245
vn 0.0912 0.7757 -0.6244
vn 0.0544 0.7813 -0.6218
vn 0.0544 0.7814 -0.6217
vn 0.0163 0.7862 -0.6178
vn 0.0164 0.7865 -0.6174
vn 0.0162 0.7861 -0.6179
vn -0.0296 0.7903 -0.6120
vn -0.0296 0.7902 -0.6121
vn -0.0939 0.7913 -0.6042
vn -0.0940 0.7911 -0.6044
vn -0.0939 0.7914 -0.6041
vn 0.4831 0.5847 -0.6518
vn 0.4831 0.5847 -0.6517
vn 0.4178 0.6213 -0.6629
vn 0.3604 0.6475 -0.6715
vn 0.3093 0.6669 -0.6779
vn 0.3093 0.6670 -0.6779
vn 0.3093 0.6670 -0.6778
vn 0.2631 0.6822 -0.6822
vn 0.2208 0.6948 -0.6845
vn 0.1810 0.7054 -0.6853
vn 0.1427 0.7144 -0.6850
vn 0.1427 0.7144 -0.6851
vn 0.1058 0.7219 -0.6838
vn 0.1058 0.7220 -0.6838
vn 0.1058 0.7219 -0.6839
vn 0.0697 0.7286 -0.6813
vn 0.0697 0.7286 -0.6814
vn 0.0696 0.7284 -0.6816
vn 0.0332 0.7346 -0.6777
vn -0.0049 0.7398 -0.6728
vn -0.0049 0.7399 -0.6727
vn -0.0492 0.7457 -0.6645
vn -0.1125 0.7485 -0.6535
vn -0.1125 0.7486 -0.6535
vn 0.4574 0.5345 -0.7107
vn 0.3930 0.5703 -0.7213
vn 0.3358 0.5948 -0.7304
vn 0.2847 0.6124 -0.7375
vn 0.2384 0.6261 -0.7424
vn 0.1962 0.6376 -0.7450
vn 0.1962 0.6376 -0.7449
vn 0.1962 0.6377 -0.7449
vn 0.1565 0.6481 -0.7453
vn 0.1565 0.6480 -0.7453
vn 0.1184 0.6574 -0.7442
vn 0.1184 0.6575 -0.7441
vn 0.1184 0.6573 -0.7443
vn 0.0820 0.6654 -0.7420
vn 0.0820 0.6653 -0.7420
vn 0.0466 0.6728 -0.7384
vn 0.0466 0.6728 -0.7383
vn 0.0112 0.6803 -0.7329
vn -0.0256 0.6869 -0.7263
vn -0.0669 0.6943 -0.7165
vn -0.0669 0.6943 -0.7166
vn -0.1268 0.6999 -0.7029
vn 0.4240 0.4786 -0.7689
vn 0.4240 0.4787 -0.7688
vn 0.3616 0.5128 -0.7786
vn 0.3056 0.5350 -0.7876
vn 0.2552 0.5501 -0.7951
vn 0.2096 0.5617 -0.8004
vn 0.1679 0.5720 -0.8029
vn 0.1290 0.5822 -0.8027
vn 0.1291 0.5823 -0.8026
vn 0.1292 0.5825 -0.8025
vn 0.1291 0.5822 -0.8028
vn 0.0916 0.5917 -0.8010
vn 0.0916 0.5916 -0.8010
vn 0.0917 0.5916 -0.8010
vn 0.0562 0.6006 -0.7976
vn 0.0563 0.6004 -0.7977
vn 0.0566 0.6008 -0.7974
vn 0.0561 0.6008 -0.7974
vn 0.0224 0.6093 -0.7926
vn -0.0112 0.6185 -0.7857
vn -0.0460 0.6272 -0.7775
vn -0.0842 0.6356 -0.7674
vn -0.1382 0.6435 -0.7529
vn 0.3833 0.4157 -0.8248
vn 0.3242 0.4473 -0.8336
vn 0.2704 0.4672 -0.8418
vn 0.2215 0.4805 -0.8486
vn 0.1774 0.4902 -0.8534
vn 0.1371 0.4993 -0.8555
vn 0.1371 0.4994 -0.8555
vn 0.0994 0.5092 -0.8549
vn 0.0994 0.5091 -0.8549
vn 0.0634 0.5191 -0.8524
vn 0.0631 0.5187 -0.8526
vn 0.0633 0.5188 -0.8525
vn 0.0296 0.5290 -0.8481
vn -0.0024 0.5395 -0.8420
vn -0.0338 0.5506 -0.8341
vn -0.0664 0.5610 -0.8251
vn -0.1019 0.5695 -0.8156
vn -0.1481 0.5789 -0.8018
vn 0.3387 0.3500 -0.8734
vn 0.2828 0.3757 -0.8825
vn 0.2317 0.3921 -0.8903
vn 0.1851 0.4039 -0.8959
vn 0.1431 0.4129 -0.8995
vn 0.1049 0.4219 -0.9006
vn 0.1049 0.4219 -0.9005
vn 0.0691 0.4318 -0.8993
vn 0.0693 0.4322 -0.8991
vn 0.0694 0.4317 -0.8994
vn 0.0694 0.4315 -0.8994
vn 0.0340 0.4422 -0.8963
vn 0.0342 0.4426 -0.8961
vn 0.0342 0.4425 -0.8961
vn 0.0342 0.4424 -0.8962
vn 0.0025 0.4535 -0.8912
vn 0.0025 0.4535 -0.8913
vn 0.0025 0.4534 -0.8913
vn -0.0274 0.4652 -0.8848
vn -0.0567 0.4777 -0.8767
vn -0.0870 0.4898 -0.8675
vn -0.1193 0.5000 -0.8578
vn -0.1576 0.5109 -0.8451
vn -0.1576 0.5108 -0.8451
vn 0.2913 0.2790 -0.9150
vn 0.2388 0.2965 -0.9247
vn 0.1915 0.3103 -0.9312
vn 0.1915 0.3103 -0.9311
vn 0.1478 0.3225 -0.9350
vn 0.1086 0.3326 -0.9368
vn 0.0730 0.3428 -0.9366
vn 0.0730 0.3426 -0.9366
vn 0.0729 0.3433 -0.9364
vn 0.0729 0.3436 -0.9363
vn 0.0394 0.3538 -0.9345
vn 0.0392 0.3537 -0.9345
vn 0.0393 0.3537 -0.9345
vn 0.0393 0.3536 -0.9346
vn 0.0063 0.3655 -0.9308
vn 0.0063 0.3654 -0.9308
vn 0.0062 0.3652 -0.9309
vn -0.0240 0.3771 -0.9258
vn -0.0240 0.3770 -0.9259
vn -0.0240 0.3769 -0.9259
vn -0.0240 0.3768 -0.9260
vn -0.0523 0.3891 -0.9197
vn -0.0799 0.4020 -0.9121
vn -0.0799 0.4020 -0.9122
vn -0.1084 0.4147 -0.9035
vn -0.1374 0.4270 -0.8938
vn -0.1374 0.4270 -0.8937
vn -0.1687 0.4401 -0.8820
vn 0.4966 0.8556 -0.1461
vn 0.4613 0.8748 -0.1480
vn 0.4302 0.8908 -0.1463
vn 0.4303 0.8908 -0.1464
vn 0.4006 0.9044 -0.1471
vn 0.4006 0.9043 -0.1472
vn 0.4006 0.9043 -0.1473
vn 0.3716 0.9164 -0.1490
vn 0.3715 0.9164 -0.1488
vn 0.3718 0.9163 -0.1490
vn 0.3719 0.9162 -0.1490
vn 0.3458 0.9262 -0.1503
vn 0.3457 0.9262 -0.1504
vn 0.3456 0.9262 -0.1508
vn 0.3455 0.9263 -0.1503
vn 0.3210 0.9348 -0.1522
vn 0.3208 0.9348 -0.1526
vn 0.3207 0.9348 -0.1524
vn 0.2964 0.9425 -0.1544
vn 0.2714 0.9496 -0.1571
vn 0.2715 0.9494 -0.1578
vn 0.2714 0.9495 -0.1572
vn 0.2475 0.9556 -0.1597
vn 0.2243 0.9608 -0.1628
vn 0.2243 0.9609 -0.1626
vn 0.2242 0.9609 -0.1623
vn 0.2004 0.9656 -0.1659
vn 0.1756 0.9698 -0.1691
vn 0.1753 0.9699 -0.1689
vn 0.1754 0.9699 -0.1690
vn 0.1499 0.9736 -0.1720
vn 0.1499 0.9736 -0.1719
vn 0.1234 0.9765 -0.1767
vn 0.0949 0.9796 -0.1769
vn 0.0717 0.9721 -0.2235
vn 0.0440 0.9617 -0.2706
vn 0.0098 0.9450 -0.3269
vn -0.0289 0.9206 -0.3895
vn -0.0672 0.8906 -0.4497
vn -0.0672 0.8907 -0.4497
vn -0.1019 0.8575 -0.5043
vn -0.1299 0.8238 -0.5518
vn -0.1510 0.7887 -0.5960
vn -0.1511 0.7886 -0.5961
vn -0.1508 0.7887 -0.5960
vn -0.1665 0.7505 -0.6396
vn -0.1785 0.7058 -0.6856
vn -0.1889 0.6515 -0.7347
vn -0.1976 0.5872 -0.7850
vn -0.2035 0.5180 -0.8308
vn -0.2076 0.4494 -0.8689
vn -0.2150 0.3768 -0.9010
vn -0.1842 0.3645 -0.9128
vn -0.1581 0.3496 -0.9235
vn -0.1581 0.3497 -0.9234
vn -0.1310 0.3382 -0.9319
vn -0.1310 0.3381 -0.9319
vn -0.1310 0.3381 -0.9320
vn -0.1034 0.3263 -0.9396
vn -0.1034 0.3262 -0.9396
vn -0.0766 0.3143 -0.9462
vn -0.0763 0.3137 -0.9465
vn -0.0765 0.3143 -0.9462
vn -0.0765 0.3144 -0.9462
vn -0.0494 0.3023 -0.9519
vn -0.0203 0.2899 -0.9568
vn -0.0203 0.2900 -0.9568
vn 0.0109 0.2771 -0.9608
vn 0.0109 0.2770 -0.9608
vn 0.0427 0.2645 -0.9634
vn 0.0427 0.2644 -0.9635
vn 0.0427 0.2645 -0.9635
vn 0.0755 0.2521 -0.9647
vn 0.0757 0.2522 -0.9647
vn 0.0759 0.2518 -0.9648
vn 0.0759 0.2519 -0.9648
vn 0.1121 0.2386 -0.9646
vn 0.1121 0.2385 -0.9647
vn 0.1122 0.2390 -0.9645
vn 0.1121 0.2387 -0.9646
vn 0.1524 0.2236 -0.9627
vn 0.1952 0.2077 -0.9585
vn 0.2423 0.1959 -0.9502
vn 0.2938 0.1746 -0.9398
vn 0.3467 0.2452 -0.9054
vn 0.3467 0.2452 -0.9053
vn 0.3975 0.3041 -0.8658
vn 0.3975 0.3041 -0.8657
vn 0.4473 0.3638 -0.8171
vn 0.4930 0.4247 -0.7593
vn 0.5299 0.4805 -0.6988
vn 0.5574 0.5319 -0.6375
vn 0.5574 0.5319 -0.6374
vn 0.5757 0.5810 -0.5754
vn 0.5846 0.6275 -0.5144
vn 0.5845 0.6275 -0.5143
vn 0.5845 0.6276 -0.5143
vn 0.5849 0.6717 -0.4547
vn 0.5781 0.7127 -0.3972
vn 0.5782 0.7127 -0.3971
vn 0.5781 0.7128 -0.3972
vn 0.5658 0.7508 -0.3410
vn 0.5494 0.7851 -0.2860
vn 0.5312 0.8134 -0.2370
vn 0.5129 0.8365 -0.1927
vn 0.5129 0.8366 -0.1927
vn 0.0254 0.9903 0.1368
vn -0.0283 0.9820 0.1870
vn -0.0283 0.9819 0.1870
vn -0.1026 0.9651 0.2408
vn -0.1026 0.9652 0.2407
vn -0.1026 0.9651 0.2409
vn -0.1859 0.9378 0.2932
vn -0.2656 0.8946 0.3593
vn -0.3247 0.8489 0.4170
vn -0.3687 0.8042 0.4662
vn -0.3687 0.8042 0.4661
vn 0.0003 0.9955 0.0952
vn 0.0003 0.9955 0.0951
vn -0.0789 0.9875 0.1362
vn -0.1846 0.9599 0.2109
vn -0.2737 0.9219 0.2743
vn -0.3486 0.8764 0.3322
vn -0.4096 0.8249 0.3896
vn -0.4597 0.7678 0.4464
vn -0.4597 0.7677 0.4464
vn -0.0292 0.9975 0.0644
vn -0.1245 0.9864 0.1069
vn -0.2430 0.9548 0.1712
vn -0.3460 0.9100 0.2286
vn -0.4293 0.8583 0.2811
vn -0.5010 0.7959 0.3398
vn -0.5508 0.7317 0.4015
vn -0.5508 0.7317 0.4016
vn -0.0493 0.9981 0.0356
vn -0.0493 0.9982 0.0356
vn -0.1648 0.9830 0.0811
vn -0.1648 0.9830 0.0812
vn -0.3033 0.9444 0.1267
vn -0.4232 0.8917 0.1604
vn -0.5275 0.8271 0.1939
vn -0.5275 0.8272 0.1939
vn -0.6165 0.7494 0.2416
vn -0.6814 0.6650 0.3058
vn -0.0660 0.9974 0.0272
vn -0.0629 0.9977 0.0271
vn -0.0629 0.9976 0.0272
vn -0.0690 0.9974 0.0229
vn -0.2073 0.9762 0.0638
vn -0.2074 0.9762 0.0638
vn -0.2074 0.9762 0.0639
vn -0.3697 0.9253 0.0841
vn -0.5061 0.8579 0.0889
vn -0.6242 0.7751 0.0979
vn -0.7281 0.6742 0.1239
vn -0.9321 0.3021 0.2000
vn -0.9320 0.3021 0.2001
vn -0.9321 0.3021 0.1998
vn -0.0693 0.9974 0.0199
vn -0.0721 0.9973 0.0145
vn -0.2546 0.9656 0.0529
vn -0.2548 0.9655 0.0531
vn -0.4368 0.8983 0.0474
vn -0.5815 0.8130 0.0291
vn -0.7023 0.7116 0.0188
vn -0.9356 0.3517 -0.0295
vn -0.9357 0.3516 -0.0295
vn -0.3120 0.3454 0.8851
vn -0.3120 0.3453 0.8851
vn -0.3751 0.2925 0.8796
vn -0.3751 0.2924 0.8797
vn -0.3751 0.2926 0.8796
vn -0.5380 0.2193 0.8139
vn -0.5380 0.2192 0.8139
vn -0.3324 0.4387 0.8349
vn -0.3324 0.4388 0.8348
vn -0.3324 0.4386 0.8349
vn -0.4641 0.3646 0.8073
vn -0.4641 0.3648 0.8072
vn -0.4641 0.3645 0.8073
vn -0.5837 0.1794 0.7919
vn -0.3846 0.5035 0.7737
vn -0.3846 0.5037 0.7736
vn -0.3846 0.5034 0.7737
vn -0.5305 0.4537 0.7161
vn -0.6124 0.3735 0.6968
vn -0.6124 0.3735 0.6967
vn -0.6125 0.3734 0.6967
vn -0.6713 0.1095 0.7330
vn -0.6713 0.1097 0.7330
vn -0.4366 0.5671 0.6984
vn -0.4366 0.5672 0.6984
vn -0.4366 0.5670 0.6985
vn -0.5538 0.5078 0.6599
vn -0.6279 0.4330 0.6467
vn -0.6281 0.4328 0.6467
vn -0.8403 0.2922 0.4567
vn -0.8402 0.2922 0.4569
vn -0.8402 0.2923 0.4567
vn -0.4432 0.6495 0.6178
vn -0.5511 0.5763 0.6035
vn -0.6288 0.4999 0.5956
vn -0.7382 0.1522 0.6572
vn -0.7381 0.1522 0.6573
vn -0.7381 0.1523 0.6572
vn -0.4273 0.7109 0.5586
vn -0.4276 0.7107 0.5586
vn -0.5306 0.6449 0.5501
vn -0.5306 0.6447 0.5502
vn -0.5305 0.6450 0.5500
vn -0.6154 0.5704 0.5440
vn -0.8617 0.4808 0.1620
vn -0.8617 0.4807 0.1622
vn -0.8617 0.4808 0.1621
vn -0.8617 0.4808 0.1623
vn -0.3004 0.3846 -0.8728
vn -0.3005 0.3849 -0.8727
vn -0.3068 0.4782 -0.8229
vn -0.3144 0.5672 -0.7612
vn -0.3245 0.6441 -0.6927
vn -0.3352 0.7025 -0.6278
vn -0.3424 0.7432 -0.5748
vn -0.3409 0.7749 -0.5323
vn -0.3414 0.3489 -0.8728
vn -0.3804 0.4390 -0.8140
vn -0.3804 0.4391 -0.8139
vn -0.3804 0.4389 -0.8140
vn -0.4192 0.5238 -0.7415
vn -0.4192 0.5238 -0.7416
vn -0.4192 0.5239 -0.7415
vn -0.4570 0.5941 -0.6620
vn -0.4570 0.5940 -0.6620
vn -0.4751 0.6719 -0.5682
vn -0.4839 0.7131 -0.5073
vn -0.4850 0.7401 -0.4658
vn -0.5042 0.2409 -0.8293
vn -0.5042 0.2408 -0.8293
vn -0.5210 0.1765 -0.8351
vn -0.5137 0.4108 -0.7532
vn -0.5137 0.4107 -0.7533
vn -0.7967 0.4932 -0.3493
vn -0.7967 0.4931 -0.3494
vn -0.7968 0.4932 -0.3492
vn -0.7159 0.3346 -0.6128
vn -0.6160 0.6298 -0.4732
vn -0.6160 0.6298 -0.4733
vn -0.6160 0.6297 -0.4733
vn -0.5923 0.7034 -0.3929
vn -0.5119 0.2840 -0.8107
vn -0.5120 0.2840 -0.8107
vn -0.8673 0.4915 0.0790
vn -0.8673 0.4915 0.0792
vn -0.8673 0.4915 0.0793
vn -0.8617 0.3310 -0.3845
vn -0.8618 0.3310 -0.3844
vn -0.8618 0.3310 -0.3845
vn -0.8617 0.3310 -0.3846
vn 0.0228 0.9881 -0.1522
vn 0.0028 0.9937 -0.1124
vn 0.0027 0.9937 -0.1123
vn 0.0025 0.9937 -0.1123
vn -0.0137 0.9963 -0.0843
vn -0.0137 0.9964 -0.0840
vn -0.0254 0.9980 -0.0583
vn -0.0255 0.9980 -0.0582
vn -0.0368 0.9988 -0.0320
vn -0.0499 0.9987 -0.0101
vn -0.0673 0.9977 0.0119
vn -0.0637 0.9980 0.0054
vn -0.0686 0.9976 0.0082
vn -0.0276 0.9783 -0.2053
vn -0.0593 0.9852 -0.1609
vn -0.0969 0.9870 -0.1284
vn -0.1641 0.9808 -0.1056
vn -0.1641 0.9808 -0.1057
vn -0.2525 0.9635 -0.0885
vn -0.3145 0.9479 -0.0506
vn -0.3265 0.9452 -0.0008
vn -0.0906 0.9577 -0.2732
vn -0.1676 0.9548 -0.2456
vn -0.2846 0.9320 -0.2244
vn -0.4009 0.8999 -0.1715
vn -0.4671 0.8759 -0.1210
vn -0.5059 0.8593 -0.0749
vn -0.5160 0.8561 -0.0285
vn -0.1714 0.9195 -0.3537
vn -0.2937 0.9018 -0.3169
vn -0.4232 0.8663 -0.2654
vn -0.5188 0.8305 -0.2029
vn -0.5837 0.7989 -0.1450
vn -0.6282 0.7726 -0.0922
vn -0.6282 0.7725 -0.0922
vn -0.6477 0.7604 -0.0478
vn -0.6479 0.7602 -0.0479
vn -0.6480 0.7602 -0.0479
vn -0.2446 0.8760 -0.4156
vn -0.3836 0.8493 -0.3626
vn -0.5061 0.8099 -0.2964
vn -0.5991 0.7675 -0.2278
vn -0.6660 0.7277 -0.1639
vn -0.7179 0.6883 -0.1045
vn -0.7178 0.6884 -0.1045
vn -0.7178 0.6883 -0.1045
vn -0.7510 0.6582 -0.0520
vn -0.2983 0.8341 -0.4640
vn -0.4401 0.8040 -0.3999
vn -0.5600 0.7615 -0.3264
vn -0.6515 0.7158 -0.2515
vn -0.6514 0.7158 -0.2515
vn -0.7193 0.6708 -0.1807
vn -0.7193 0.6708 -0.1806
vn -0.7193 0.6707 -0.1807
vn -0.9266 0.3736 -0.0436
vn -0.9265 0.3737 -0.0436
vn -0.8941 0.3801 -0.2369
vn -0.8941 0.3801 -0.2368
vn -0.8941 0.3801 -0.2370
vn -0.4036 0.7569 0.5140
vn -0.4037 0.7569 0.5140
vn -0.5007 0.7058 0.5011
vn -0.5006 0.7059 0.5011
vn -0.5007 0.7059 0.5011
vn -0.5902 0.6556 0.4710
vn -0.5902 0.6556 0.4711
vn -0.8460 0.2810 0.4531
vn -0.8460 0.2811 0.4531
vn -0.3262 0.8052 -0.4953
vn -0.3262 0.8051 -0.4954
vn -0.4686 0.7725 -0.4285
vn -0.4686 0.7726 -0.4284
vn -0.4685 0.7726 -0.4285
vn -0.5817 0.7340 -0.3506
vn -0.5817 0.7339 -0.3507
vn -0.6682 0.6929 -0.2710
vn -0.8833 0.4223 -0.2037
vn -0.8833 0.4223 -0.2036
vn -0.8833 0.4223 -0.2038
vn -0.2997 0.9535 0.0311
vn -0.4909 0.8712 0.0088
vn -0.6329 0.7740 -0.0173
vn -0.7470 0.6637 -0.0390
vn -0.9149 0.3756 0.1479
vn -0.9149 0.3757 0.1478
vn 0.0762 0.9882 0.1332
vn 0.0762 0.9882 0.1331
vn 0.0444 0.9826 0.1802
vn 0.0121 0.9741 0.2257
vn -0.0276 0.9600 0.2787
vn -0.0789 0.9374 0.3393
vn -0.0789 0.9374 0.3392
vn -0.1369 0.9084 0.3951
vn -0.1923 0.8754 0.4435
vn -0.2378 0.8369 0.4930
vn 0.0680 0.9931 0.0952
vn 0.0680 0.9931 0.0951
vn 0.0680 0.9932 0.0950
vn 0.0578 0.9960 0.0677
vn 0.0431 0.9982 0.0418
vn 0.0237 0.9995 0.0214
vn 0.0071 1.0000 0.0060
vn 0.0075 0.9999 0.0076
vn 0.0092 0.9999 0.0108
vn 0.0056 1.0000 0.0034
vn 0.0061 1.0000 -0.0002
vn 0.0054 1.0000 -0.0019
vn 0.0061 1.0000 -0.0047
vn -0.2641 0.3245 0.9083
vn -0.2641 0.3244 0.9083
vn -0.2983 0.2721 0.9149
vn -0.3251 0.2370 0.9155
vn -0.3642 0.1610 0.9173
vn -0.3642 0.1609 0.9173
vn -0.2631 0.4004 0.8777
vn -0.2631 0.4005 0.8777
vn -0.2617 0.4693 0.8434
vn -0.2617 0.4693 0.8433
vn -0.2590 0.5417 0.7997
vn -0.2550 0.6335 0.7305
vn -0.2655 0.6969 0.6662
vn -0.2768 0.7442 0.6079
vn -0.2685 0.7913 0.5494
vn -0.2685 0.7913 0.5493
vn -0.2567 0.3470 -0.9021
vn -0.2566 0.3469 -0.9021
vn -0.2546 0.4306 -0.8659
vn -0.2546 0.4305 -0.8659
vn -0.2512 0.5097 -0.8229
vn -0.2466 0.5850 -0.7726
vn -0.2417 0.6529 -0.7178
vn -0.2374 0.7085 -0.6646
vn -0.2327 0.7513 -0.6176
vn -0.2238 0.7859 -0.5765
vn -0.2238 0.7858 -0.5765
vn -0.2885 0.3008 -0.9090
vn -0.3131 0.2712 -0.9102
vn -0.3605 0.0989 -0.9275
vn 0.0751 0.9861 -0.1485
vn 0.0663 0.9917 -0.1105
vn 0.0663 0.9916 -0.1106
vn 0.0663 0.9916 -0.1108
vn 0.0663 0.9917 -0.1106
vn 0.0550 0.9951 -0.0820
vn 0.0417 0.9974 -0.0583
vn 0.0302 0.9988 -0.0384
vn 0.0161 0.9998 -0.0126
vn 0.0211 0.9995 -0.0220
vn 0.0174 0.9997 -0.0188
vn 0.0112 0.9999 -0.0101
vn 0.0094 0.9999 -0.0059
vn 0.0434 0.9796 -0.1963
vn 0.0434 0.9796 -0.1962
vn 0.0080 0.9686 -0.2485
vn -0.0358 0.9497 -0.3111
vn -0.0862 0.9209 -0.3802
vn -0.0862 0.9208 -0.3803
vn -0.1361 0.8858 -0.4437
vn -0.1789 0.8489 -0.4973
vn -0.2065 0.8183 -0.5364
vn 0.1045 0.9713 0.2139
vn 0.1349 0.9681 0.2111
vn 0.1633 0.9646 0.2069
vn 0.1905 0.9606 0.2025
vn 0.2161 0.9561 0.1980
vn 0.2161 0.9561 0.1979
vn 0.2411 0.9509 0.1940
vn 0.2411 0.9509 0.1939
vn 0.2412 0.9510 0.1936
vn 0.2664 0.9448 0.1909
vn 0.2664 0.9448 0.1907
vn 0.2664 0.9448 0.1908
vn 0.2927 0.9375 0.1885
vn 0.2926 0.9375 0.1885
vn 0.3187 0.9292 0.1870
vn 0.3187 0.9292 0.1869
vn 0.3188 0.9292 0.1870
vn 0.3450 0.9199 0.1864
vn 0.3450 0.9199 0.1865
vn 0.3452 0.9198 0.1865
vn 0.3454 0.9199 0.1858
vn 0.3730 0.9089 0.1866
vn 0.3729 0.9088 0.1869
vn 0.3730 0.9088 0.1869
vn 0.4036 0.8956 0.1871
vn 0.4036 0.8956 0.1872
vn 0.4367 0.8798 0.1880
vn 0.4732 0.8606 0.1881
vn 0.0813 0.9610 0.2643
vn 0.1147 0.9572 0.2657
vn 0.1460 0.9538 0.2626
vn 0.1756 0.9501 0.2579
vn 0.1756 0.9501 0.2580
vn 0.2036 0.9459 0.2526
vn 0.2036 0.9459 0.2527
vn 0.2307 0.9408 0.2483
vn 0.2580 0.9345 0.2452
vn 0.2580 0.9345 0.2451
vn 0.2581 0.9345 0.2451
vn 0.2863 0.9269 0.2427
vn 0.2862 0.9269 0.2428
vn 0.2861 0.9269 0.2429
vn 0.2862 0.9269 0.2427
vn 0.3143 0.9181 0.2413
vn 0.3143 0.9182 0.2411
vn 0.3143 0.9182 0.2412
vn 0.3143 0.9181 0.2416
vn 0.3429 0.9078 0.2414
vn 0.3429 0.9078 0.2415
vn 0.3732 0.8955 0.2426
vn 0.4069 0.8804 0.2436
vn 0.4069 0.8804 0.2435
vn 0.4440 0.8623 0.2434
vn 0.4861 0.8406 0.2392
vn 0.4861 0.8405 0.2392
vn 0.0556 0.9468 0.3169
vn 0.0921 0.9426 0.3211
vn 0.1261 0.9390 0.3201
vn 0.1581 0.9354 0.3162
vn 0.1581 0.9354 0.3163
vn 0.1885 0.9314 0.3115
vn 0.1885 0.9314 0.3114
vn 0.2178 0.9263 0.3076
vn 0.2178 0.9263 0.3075
vn 0.2180 0.9263 0.3072
vn 0.2474 0.9199 0.3044
vn 0.2474 0.9198 0.3045
vn 0.2778 0.9119 0.3021
vn 0.2778 0.9119 0.3022
vn 0.3083 0.9026 0.3004
vn 0.3083 0.9026 0.3006
vn 0.3083 0.9025 0.3006
vn 0.3395 0.8913 0.3006
vn 0.3730 0.8774 0.3016
vn 0.4100 0.8606 0.3020
vn 0.4515 0.8404 0.2999
vn 0.4989 0.8159 0.2922
vn 0.0276 0.9272 0.3735
vn 0.0674 0.9230 0.3789
vn 0.1041 0.9195 0.3790
vn 0.1384 0.9160 0.3765
vn 0.1385 0.9160 0.3765
vn 0.1711 0.9119 0.3731
vn 0.2027 0.9065 0.3703
vn 0.2028 0.9066 0.3701
vn 0.2343 0.9000 0.3676
vn 0.2345 0.8998 0.3678
vn 0.2343 0.8999 0.3678
vn 0.2340 0.9000 0.3676
vn 0.2672 0.8916 0.3655
vn 0.2672 0.8917 0.3654
vn 0.2672 0.8916 0.3656
vn 0.3003 0.8818 0.3637
vn 0.3003 0.8818 0.3638
vn 0.3345 0.8697 0.3630
vn 0.3712 0.8547 0.3630
vn 0.3712 0.8547 0.3629
vn 0.4116 0.8363 0.3622
vn 0.4575 0.8136 0.3588
vn 0.5101 0.7860 0.3494
vn -0.0002 0.9029 0.4299
vn 0.0423 0.8988 0.4363
vn 0.0813 0.8952 0.4382
vn 0.1175 0.8914 0.4377
vn 0.1176 0.8914 0.4377
vn 0.1521 0.8868 0.4364
vn 0.1520 0.8868 0.4364
vn 0.1857 0.8811 0.4349
vn 0.2196 0.8741 0.4332
vn 0.2196 0.8741 0.4333
vn 0.2196 0.8741 0.4334
vn 0.2543 0.8656 0.4314
vn 0.2542 0.8655 0.4316
vn 0.2542 0.8656 0.4315
vn 0.2543 0.8656 0.4313
vn 0.2899 0.8554 0.4293
vn 0.2899 0.8554 0.4292
vn 0.2899 0.8553 0.4295
vn 0.3271 0.8428 0.4274
vn 0.3271 0.8428 0.4275
vn 0.3669 0.8272 0.4256
vn 0.3669 0.8272 0.4257
vn 0.4109 0.8075 0.4231
vn 0.4608 0.7830 0.4178
vn 0.5179 0.7524 0.4070
vn 0.5179 0.7525 0.4070
vn -0.0273 0.8737 0.4858
vn -0.0273 0.8736 0.4858
vn 0.0175 0.8697 0.4933
vn 0.0175 0.8697 0.4932
vn 0.0582 0.8657 0.4971
vn 0.0959 0.8613 0.4989
vn 0.1319 0.8562 0.4995
vn 0.1320 0.8563 0.4993
vn 0.1672 0.8501 0.4994
vn 0.1672 0.8501 0.4995
vn 0.2027 0.8427 0.4988
vn 0.2026 0.8426 0.4989
vn 0.2394 0.8336 0.4978
vn 0.2394 0.8336 0.4977
vn 0.2770 0.8235 0.4951
vn 0.2768 0.8232 0.4957
vn 0.2769 0.8234 0.4953
vn 0.3167 0.8107 0.4925
vn 0.3167 0.8107 0.4924
vn 0.3595 0.7947 0.4891
vn 0.3595 0.7948 0.4890
vn 0.3595 0.7947 0.4892
vn 0.4068 0.7745 0.4844
vn 0.4067 0.7745 0.4845
vn 0.4068 0.7745 0.4845
vn 0.4600 0.7488 0.4771
vn 0.5210 0.7157 0.4651
vn 0.5210 0.7157 0.4650
vn 0.5210 0.7158 0.4650
vn -0.0529 0.8389 0.5418
vn -0.0529 0.8389 0.5417
vn -0.0062 0.8353 0.5498
vn -0.0062 0.8353 0.5497
vn -0.0062 0.8354 0.5497
vn 0.0356 0.8311 0.5550
vn 0.0356 0.8310 0.5551
vn 0.0356 0.8312 0.5549
vn 0.0356 0.8311 0.5549
vn 0.0744 0.8264 0.5582
vn 0.1114 0.8208 0.5602
vn 0.1114 0.8208 0.5603
vn 0.1474 0.8142 0.5616
vn 0.1474 0.8141 0.5617
vn 0.1478 0.8143 0.5613
vn 0.1478 0.8144 0.5612
vn 0.1845 0.8067 0.5614
vn 0.1845 0.8066 0.5615
vn 0.2225 0.7978 0.5604
vn 0.2225 0.7977 0.5605
vn 0.2617 0.7871 0.5585
vn 0.2617 0.7871 0.5586
vn 0.2618 0.7871 0.5586
vn 0.2619 0.7871 0.5584
vn 0.3035 0.7742 0.5555
vn 0.3035 0.7742 0.5554
vn 0.3037 0.7739 0.5557
vn 0.3036 0.7738 0.5559
vn 0.3487 0.7580 0.5512
vn 0.3984 0.7376 0.5452
vn 0.3984 0.7375 0.5453
vn 0.3984 0.7376 0.5453
vn 0.4544 0.7108 0.5369
vn 0.4544 0.7109 0.5368
vn 0.4544 0.7108 0.5368
vn 0.5184 0.6757 0.5241
vn -0.0761 0.7984 0.5973
vn -0.0758 0.7988 0.5968
vn -0.0761 0.7985 0.5972
vn -0.0285 0.7958 0.6049
vn -0.0287 0.7955 0.6052
vn -0.0286 0.7956 0.6052
vn -0.0285 0.7956 0.6052
vn 0.0140 0.7915 0.6111
vn 0.0140 0.7914 0.6111
vn 0.0139 0.7914 0.6111
vn 0.0533 0.7863 0.6155
vn 0.0533 0.7864 0.6154
vn 0.0910 0.7807 0.6183
vn 0.0909 0.7807 0.6182
vn 0.0909 0.7807 0.6183
vn 0.1280 0.7742 0.6198
vn 0.1280 0.7742 0.6199
vn 0.1279 0.7741 0.6200
vn 0.1656 0.7665 0.6205
vn 0.1656 0.7666 0.6204
vn 0.2044 0.7575 0.6201
vn 0.2044 0.7575 0.6200
vn 0.2447 0.7466 0.6186
vn 0.2447 0.7467 0.6185
vn 0.2447 0.7467 0.6186
vn 0.2875 0.7336 0.6157
vn 0.3339 0.7175 0.6113
vn 0.3853 0.6968 0.6050
vn 0.4429 0.6696 0.5962
vn 0.4430 0.6696 0.5962
vn 0.5086 0.6329 0.5838
vn 0.5085 0.6328 0.5839
vn -0.0971 0.7515 0.6525
vn -0.0971 0.7516 0.6524
vn -0.0497 0.7490 0.6607
vn -0.0076 0.7443 0.6678
vn 0.0313 0.7386 0.6734
vn 0.0686 0.7322 0.6776
vn 0.0686 0.7320 0.6778
vn 0.0685 0.7320 0.6779
vn 0.1052 0.7252 0.6805
vn 0.1055 0.7252 0.6804
vn 0.1057 0.7253 0.6803
vn 0.1057 0.7252 0.6804
vn 0.1435 0.7174 0.6817
vn 0.1437 0.7178 0.6813
vn 0.1436 0.7176 0.6815
vn 0.1826 0.7086 0.6816
vn 0.1825 0.7086 0.6816
vn 0.1826 0.7085 0.6817
vn 0.1826 0.7087 0.6814
vn 0.2236 0.6974 0.6809
vn 0.2669 0.6848 0.6781
vn 0.2669 0.6847 0.6782
vn 0.2669 0.6849 0.6780
vn 0.3142 0.6694 0.6732
vn 0.3663 0.6499 0.6659
vn 0.3663 0.6499 0.6660
vn 0.4247 0.6233 0.6566
vn 0.4908 0.5860 0.6448
vn -0.1158 0.6980 0.7067
vn -0.0697 0.6952 0.7154
vn -0.0292 0.6893 0.7239
vn 0.0083 0.6819 0.7314
vn 0.0445 0.6740 0.7374
vn 0.0445 0.6739 0.7375
vn 0.0445 0.6739 0.7374
vn 0.0807 0.6659 0.7416
vn 0.0807 0.6660 0.7416
vn 0.0807 0.6659 0.7417
vn 0.1180 0.6577 0.7440
vn 0.1571 0.6483 0.7450
vn 0.1571 0.6485 0.7448
vn 0.1571 0.6484 0.7449
vn 0.1979 0.6379 0.7443
vn 0.1979 0.6378 0.7443
vn 0.2412 0.6264 0.7413
vn 0.2887 0.6129 0.7355
vn 0.3410 0.5955 0.7274
vn 0.3410 0.5954 0.7274
vn 0.3994 0.5710 0.7173
vn 0.4648 0.5346 0.7058
vn -0.1330 0.6373 0.7591
vn -0.0890 0.6342 0.7680
vn -0.0505 0.6267 0.7776
vn -0.0505 0.6268 0.7776
vn -0.0151 0.6172 0.7867
vn 0.0191 0.6070 0.7945
vn 0.0191 0.6071 0.7944
vn 0.0537 0.5974 0.8002
vn 0.0537 0.5975 0.8001
vn 0.0899 0.5883 0.8036
vn 0.0899 0.5884 0.8036
vn 0.1282 0.5787 0.8054
vn 0.1681 0.5687 0.8052
vn 0.1681 0.5688 0.8051
vn 0.2110 0.5588 0.8020
vn 0.2579 0.5478 0.7959
vn 0.3097 0.5332 0.7873
vn 0.3670 0.5112 0.7772
vn 0.4305 0.4767 0.7664
vn -0.1491 0.5694 0.8084
vn -0.1491 0.5694 0.8085
vn -0.1080 0.5658 0.8174
vn -0.0719 0.5569 0.8274
vn -0.0719 0.5570 0.8274
vn -0.0389 0.5453 0.8373
vn -0.0070 0.5331 0.8460
vn 0.0256 0.5218 0.8527
vn 0.0256 0.5221 0.8525
vn 0.0255 0.5221 0.8525
vn 0.0256 0.5219 0.8526
vn 0.0600 0.5117 0.8571
vn 0.0600 0.5117 0.8570
vn 0.0600 0.5116 0.8571
vn 0.0970 0.5016 0.8596
vn 0.0970 0.5020 0.8594
vn 0.0970 0.5023 0.8592
vn 0.1356 0.4920 0.8600
vn 0.1770 0.4834 0.8573
vn 0.2225 0.4745 0.8517
vn 0.2728 0.4620 0.8439
vn 0.3278 0.4425 0.8347
vn 0.3881 0.4108 0.8250
vn -0.1629 0.5001 0.8505
vn -0.1261 0.4932 0.8607
vn -0.0935 0.4816 0.8714
vn -0.0627 0.4684 0.8813
vn -0.0331 0.4548 0.8900
vn -0.0027 0.4424 0.8968
vn 0.0299 0.4312 0.9018
vn 0.0297 0.4313 0.9017
vn 0.0298 0.4311 0.9018
vn 0.0651 0.4206 0.9049
vn 0.0651 0.4207 0.9049
vn 0.1018 0.4108 0.9060
vn 0.1018 0.4111 0.9059
vn 0.1410 0.4024 0.9045
vn 0.1410 0.4024 0.9046
vn 0.1841 0.3942 0.9004
vn 0.2320 0.3831 0.8941
vn 0.2843 0.3673 0.8856
vn 0.3415 0.3418 0.8755
vn -0.1763 0.4283 0.8863
vn -0.1449 0.4162 0.8977
vn -0.1155 0.4027 0.9080
vn -0.0867 0.3890 0.9172
vn -0.0586 0.3754 0.9250
vn -0.0586 0.3755 0.9250
vn -0.0301 0.3627 0.9314
vn -0.0301 0.3626 0.9314
vn -0.0301 0.3626 0.9315
vn 0.0007 0.3506 0.9365
vn 0.0007 0.3507 0.9365
vn 0.0007 0.3505 0.9365
vn 0.0340 0.3387 0.9403
vn 0.0342 0.3387 0.9403
vn 0.0339 0.3389 0.9402
vn 0.0339 0.3390 0.9402
vn 0.0684 0.3282 0.9421
vn 0.1048 0.3185 0.9421
vn 0.1048 0.3184 0.9421
vn 0.1449 0.3089 0.9400
vn 0.1448 0.3089 0.9400
vn 0.1895 0.2975 0.9357
vn 0.2381 0.2843 0.9287
vn 0.2919 0.2676 0.9183
vn 0.0958 0.9821 0.1621
vn 0.0958 0.9821 0.1622
vn 0.1247 0.9789 0.1616
vn 0.1513 0.9760 0.1566
vn 0.1513 0.9760 0.1567
vn 0.1769 0.9721 0.1538
vn 0.1770 0.9721 0.1538
vn 0.1770 0.9721 0.1537
vn 0.2021 0.9677 0.1505
vn 0.2021 0.9677 0.1506
vn 0.2259 0.9629 0.1476
vn 0.2259 0.9629 0.1477
vn 0.2259 0.9629 0.1474
vn 0.2491 0.9576 0.1446
vn 0.2491 0.9576 0.1445
vn 0.2732 0.9514 0.1418
vn 0.2732 0.9514 0.1419
vn 0.2734 0.9515 0.1414
vn 0.2734 0.9515 0.1413
vn 0.2978 0.9444 0.1397
vn 0.3222 0.9366 0.1378
vn 0.3220 0.9368 0.1371
vn 0.3222 0.9366 0.1377
vn 0.3469 0.9280 0.1358
vn 0.3470 0.9280 0.1359
vn 0.3466 0.9281 0.1362
vn 0.3731 0.9179 0.1351
vn 0.3731 0.9179 0.1352
vn 0.3732 0.9179 0.1348
vn 0.4015 0.9060 0.1338
vn 0.4015 0.9060 0.1340
vn 0.4015 0.9061 0.1338
vn 0.4016 0.9061 0.1331
vn 0.4311 0.8924 0.1331
vn 0.4313 0.8923 0.1330
vn 0.4312 0.8924 0.1331
vn 0.4312 0.8924 0.1332
vn 0.4624 0.8763 0.1351
vn 0.4977 0.8570 0.1336
vn 0.5148 0.8382 0.1803
vn 0.5339 0.8151 0.2248
vn 0.5339 0.8152 0.2248
vn 0.5531 0.7868 0.2740
vn 0.5706 0.7522 0.3295
vn 0.5706 0.7523 0.3295
vn 0.5838 0.7140 0.3864
vn 0.5915 0.6728 0.4445
vn 0.5919 0.6284 0.5047
vn 0.5837 0.5817 0.5665
vn 0.5657 0.5323 0.6298
vn 0.5380 0.4795 0.6933
vn 0.5002 0.4217 0.7563
vn 0.4529 0.3579 0.8166
vn 0.4011 0.2954 0.8671
vn 0.3482 0.2338 0.9078
vn 0.2926 0.1598 0.9428
vn 0.2401 0.1807 0.9538
vn 0.1920 0.1917 0.9625
vn 0.1484 0.2072 0.9670
vn 0.1075 0.2220 0.9691
vn 0.1076 0.2220 0.9691
vn 0.1075 0.2221 0.9691
vn 0.0708 0.2352 0.9694
vn 0.0707 0.2352 0.9694
vn 0.0710 0.2353 0.9693
vn 0.0708 0.2353 0.9694
vn 0.0372 0.2479 0.9681
vn 0.0372 0.2478 0.9681
vn 0.0050 0.2604 0.9655
vn 0.0050 0.2605 0.9655
vn -0.0266 0.2732 0.9616
vn -0.0266 0.2733 0.9616
vn -0.0559 0.2856 0.9567
vn -0.0835 0.2979 0.9509
vn -0.1107 0.3103 0.9442
vn -0.1107 0.3102 0.9442
vn -0.1385 0.3228 0.9363
vn -0.1385 0.3227 0.9363
vn -0.1662 0.3348 0.9275
vn -0.1662 0.3349 0.9275
vn -0.1924 0.3504 0.9166
vn -0.2234 0.3598 0.9059
vn -0.2139 0.4306 0.8768
vn -0.2074 0.4953 0.8436
vn -0.1985 0.5628 0.8024
vn -0.1861 0.6308 0.7533
vn -0.1711 0.6928 0.7005
vn -0.1524 0.7501 0.6435
vn -0.1306 0.8008 0.5845
vn -0.1067 0.8423 0.5284
vn -0.1067 0.8423 0.5283
vn -0.0787 0.8778 0.4725
vn -0.0474 0.9084 0.4153
vn -0.0474 0.9085 0.4153
vn -0.0152 0.9335 0.3583
vn 0.0167 0.9528 0.3030
vn 0.0462 0.9663 0.2532
vn 0.0724 0.9753 0.2087
vn 0.4655 0.8840 0.0432
vn 0.4331 0.9001 0.0467
vn 0.4332 0.9001 0.0467
vn 0.4332 0.9001 0.0468
vn 0.4038 0.9134 0.0508
vn 0.3763 0.9249 0.0548
vn 0.3764 0.9248 0.0547
vn 0.3513 0.9344 0.0588
vn 0.3512 0.9344 0.0590
vn 0.3518 0.9342 0.0588
vn 0.3515 0.9344 0.0586
vn 0.3275 0.9428 0.0624
vn 0.3275 0.9428 0.0625
vn 0.3042 0.9504 0.0653
vn 0.3042 0.9504 0.0655
vn 0.3046 0.9502 0.0654
vn 0.3043 0.9504 0.0651
vn 0.2807 0.9574 0.0678
vn 0.2806 0.9575 0.0674
vn 0.2806 0.9574 0.0675
vn 0.2578 0.9637 0.0693
vn 0.2582 0.9636 0.0690
vn 0.2582 0.9636 0.0686
vn 0.2581 0.9637 0.0687
vn 0.2360 0.9693 0.0696
vn 0.2360 0.9692 0.0697
vn 0.2359 0.9693 0.0695
vn 0.2360 0.9693 0.0697
vn 0.2136 0.9744 0.0703
vn 0.2135 0.9744 0.0700
vn 0.2136 0.9744 0.0698
vn 0.2135 0.9744 0.0698
vn 0.1896 0.9794 0.0695
vn 0.1896 0.9794 0.0694
vn 0.1647 0.9839 0.0687
vn 0.1647 0.9839 0.0688
vn 0.1647 0.9839 0.0689
vn 0.1376 0.9881 0.0687
vn 0.4736 0.8805 0.0208
vn 0.4736 0.8805 0.0207
vn 0.4386 0.8984 0.0224
vn 0.4077 0.9127 0.0260
vn 0.3795 0.9247 0.0303
vn 0.3796 0.9247 0.0302
vn 0.3539 0.9347 0.0346
vn 0.3539 0.9347 0.0347
vn 0.3539 0.9346 0.0345
vn 0.3539 0.9346 0.0346
vn 0.3298 0.9433 0.0384
vn 0.3060 0.9512 0.0412
vn 0.3059 0.9512 0.0414
vn 0.3062 0.9511 0.0412
vn 0.3062 0.9511 0.0410
vn 0.2825 0.9583 0.0429
vn 0.2823 0.9583 0.0434
vn 0.2824 0.9583 0.0433
vn 0.2825 0.9583 0.0431
vn 0.2597 0.9647 0.0446
vn 0.2597 0.9647 0.0445
vn 0.2597 0.9646 0.0445
vn 0.2598 0.9646 0.0442
vn 0.2375 0.9704 0.0442
vn 0.2373 0.9704 0.0446
vn 0.2373 0.9704 0.0447
vn 0.2144 0.9758 0.0440
vn 0.1899 0.9809 0.0432
vn 0.1637 0.9856 0.0428
vn 0.1344 0.9899 0.0441
vn 0.4822 0.8761 0.0052
vn 0.4448 0.8956 0.0061
vn 0.4477 0.8942 0.0015
vn 0.4483 0.8939 -0.0006
vn 0.4123 0.9110 0.0091
vn 0.4145 0.9100 0.0049
vn 0.4155 0.9096 0.0028
vn 0.4123 0.9110 0.0092
vn 0.3859 0.9225 0.0054
vn 0.3831 0.9236 0.0132
vn 0.3839 0.9233 0.0089
vn 0.3567 0.9341 0.0172
vn 0.3575 0.9338 0.0137
vn 0.3611 0.9325 0.0109
vn 0.3567 0.9341 0.0174
vn 0.3319 0.9431 0.0209
vn 0.3284 0.9444 0.0132
vn 0.3306 0.9435 0.0219
vn 0.3097 0.9505 0.0234
vn 0.3077 0.9512 0.0233
vn 0.3098 0.9508 0.0099
vn 0.2838 0.9586 0.0247
vn 0.2841 0.9587 0.0121
vn 0.2838 0.9585 0.0252
vn 0.2838 0.9586 0.0249
vn 0.2605 0.9651 0.0255
vn 0.2609 0.9653 0.0135
vn 0.2603 0.9652 0.0253
vn 0.2605 0.9651 0.0260
vn 0.2368 0.9712 0.0247
vn 0.2375 0.9710 0.0260
vn 0.2372 0.9711 0.0266
vn 0.2372 0.9714 0.0139
vn 0.2130 0.9768 0.0237
vn 0.2137 0.9766 0.0253
vn 0.2137 0.9766 0.0254
vn 0.2130 0.9770 0.0141
vn 0.1884 0.9818 0.0245
vn 0.1871 0.9822 0.0135
vn 0.1874 0.9820 0.0221
vn 0.1594 0.9870 0.0218
vn 0.1608 0.9867 0.0243
vn 0.1586 0.9873 0.0131
vn 0.1296 0.9912 0.0259
vn 0.4936 0.8696 -0.0094
vn 0.4905 0.8714 -0.0060
vn 0.4945 0.8691 -0.0080
vn 0.4539 0.8910 -0.0068
vn 0.4533 0.8913 -0.0080
vn 0.4192 0.9079 -0.0042
vn 0.4189 0.9080 -0.0049
vn 0.3883 0.9215 -0.0018
vn 0.3881 0.9216 -0.0004
vn 0.3602 0.9329 0.0030
vn 0.3614 0.9324 0.0012
vn 0.3317 0.9434 0.0034
vn 0.3308 0.9437 0.0052
vn 0.3114 0.9503 0.0021
vn 0.3111 0.9503 0.0102
vn 0.2838 0.9589 0.0033
vn 0.2839 0.9588 0.0121
vn 0.2607 0.9654 0.0046
vn 0.2604 0.9654 0.0126
vn 0.2363 0.9716 0.0119
vn 0.2365 0.9716 0.0050
vn 0.2115 0.9773 0.0110
vn 0.2112 0.9774 0.0045
vn 0.1846 0.9828 0.0041
vn 0.1851 0.9827 0.0101
vn 0.1559 0.9877 0.0090
vn 0.1550 0.9879 0.0035
vn 0.1227 0.9924 0.0097
vn 0.1244 0.9922 0.0116
vn 0.1213 0.9926 0.0039
vn 0.4998 0.8661 -0.0128
vn 0.5010 0.8654 -0.0113
vn 0.4591 0.8883 -0.0101
vn 0.4581 0.8888 -0.0111
vn 0.4232 0.9060 -0.0081
vn 0.4224 0.9064 -0.0085
vn 0.3909 0.9204 -0.0058
vn 0.3913 0.9202 -0.0056
vn 0.3625 0.9320 -0.0035
vn 0.3624 0.9320 -0.0031
vn 0.3343 0.9424 -0.0026
vn 0.3350 0.9422 -0.0025
vn 0.3116 0.9502 0.0001
vn 0.3115 0.9503 -0.0028
vn 0.2847 0.9586 -0.0015
vn 0.2840 0.9588 0.0029
vn 0.2604 0.9655 -0.0012
vn 0.2603 0.9655 0.0033
vn 0.2357 0.9718 0.0035
vn 0.2356 0.9718 -0.0012
vn 0.2100 0.9777 0.0025
vn 0.2097 0.9778 -0.0012
vn 0.1823 0.9832 -0.0017
vn 0.1828 0.9831 0.0018
vn 0.1526 0.9883 0.0009
vn 0.1518 0.9884 -0.0022
vn 0.1181 0.9930 0.0010
vn 0.1170 0.9931 -0.0026
vn 0.5042 0.8635 -0.0122
vn 0.5049 0.8631 -0.0089
vn 0.4623 0.8867 -0.0084
vn 0.4618 0.8869 -0.0108
vn 0.4255 0.9049 -0.0071
vn 0.4251 0.9051 -0.0089
vn 0.3928 0.9196 -0.0068
vn 0.3932 0.9194 -0.0062
vn 0.3640 0.9314 -0.0052
vn 0.3636 0.9315 -0.0050
vn 0.3364 0.9417 -0.0039
vn 0.3368 0.9416 -0.0047
vn 0.3106 0.9505 -0.0035
vn 0.3107 0.9505 -0.0042
vn 0.2848 0.9586 -0.0023
vn 0.2849 0.9586 -0.0038
vn 0.2603 0.9655 -0.0020
vn 0.2602 0.9656 -0.0035
vn 0.2351 0.9720 -0.0019
vn 0.2348 0.9720 -0.0037
vn 0.2089 0.9779 -0.0022
vn 0.2087 0.9780 -0.0036
vn 0.1810 0.9835 -0.0031
vn 0.1806 0.9835 -0.0043
vn 0.1501 0.9887 -0.0037
vn 0.1497 0.9887 -0.0047
vn 0.1146 0.9934 -0.0040
vn 0.1139 0.9935 -0.0055
vn 0.5052 0.8629 -0.0081
vn 0.5058 0.8626 -0.0014
vn 0.4630 0.8863 -0.0079
vn 0.4633 0.8862 -0.0016
vn 0.4247 0.9053 -0.0056
vn 0.4261 0.9047 -0.0022
vn 0.3938 0.9192 -0.0058
vn 0.3937 0.9192 -0.0027
vn 0.3650 0.9310 -0.0028
vn 0.3644 0.9312 -0.0052
vn 0.3370 0.9415 -0.0040
vn 0.3108 0.9505 -0.0039
vn 0.2851 0.9585 -0.0044
vn 0.2850 0.9585 -0.0039
vn 0.2598 0.9657 -0.0045
vn 0.2596 0.9657 -0.0041
vn 0.2345 0.9721 -0.0040
vn 0.2345 0.9721 -0.0039
vn 0.2083 0.9781 -0.0043
vn 0.2083 0.9780 -0.0041
vn 0.1801 0.9836 -0.0046
vn 0.1802 0.9836 -0.0046
vn 0.1486 0.9889 -0.0051
vn 0.1487 0.9889 -0.0051
vn 0.1131 0.9936 -0.0059
vn 0.1128 0.9936 -0.0052
vn 0.5050 0.8631 0.0012
vn 0.5045 0.8634 0.0003
vn 0.4621 0.8868 -0.0000
vn 0.4624 0.8867 0.0005
vn 0.4253 0.9051 -0.0011
vn 0.4257 0.9049 -0.0007
vn 0.3933 0.9194 -0.0018
vn 0.3929 0.9196 -0.0019
vn 0.3636 0.9316 -0.0024
vn 0.3641 0.9314 -0.0028
vn 0.3365 0.9417 -0.0038
vn 0.3367 0.9416 -0.0037
vn 0.3105 0.9506 -0.0038
vn 0.3104 0.9506 -0.0046
vn 0.2849 0.9585 -0.0041
vn 0.2850 0.9585 -0.0056
vn 0.2598 0.9656 -0.0071
vn 0.2602 0.9656 -0.0044
vn 0.2349 0.9720 -0.0058
vn 0.2340 0.9722 -0.0061
vn 0.2087 0.9780 -0.0061
vn 0.2083 0.9780 -0.0073
vn 0.1806 0.9835 -0.0057
vn 0.1806 0.9835 -0.0060
vn 0.1494 0.9888 -0.0062
vn 0.1496 0.9887 -0.0064
vn 0.1138 0.9935 -0.0064
vn 0.1135 0.9935 -0.0070
vn 0.5016 0.8651 0.0031
vn 0.5001 0.8660 0.0014
vn 0.4597 0.8881 0.0021
vn 0.4585 0.8887 0.0006
vn 0.4227 0.9063 -0.0013
vn 0.4236 0.9059 0.0001
vn 0.3917 0.9201 -0.0018
vn 0.3910 0.9204 -0.0037
vn 0.3625 0.9320 -0.0061
vn 0.3629 0.9318 -0.0036
vn 0.3355 0.9420 -0.0084
vn 0.3358 0.9419 -0.0050
vn 0.3098 0.9508 -0.0053
vn 0.3097 0.9508 -0.0102
vn 0.2850 0.9585 -0.0113
vn 0.2852 0.9584 -0.0060
vn 0.2599 0.9656 -0.0127
vn 0.2599 0.9656 -0.0089
vn 0.2340 0.9722 -0.0114
vn 0.2336 0.9722 -0.0125
vn 0.2084 0.9780 -0.0091
vn 0.2102 0.9776 -0.0111
vn 0.1817 0.9833 -0.0093
vn 0.1824 0.9832 -0.0106
vn 0.1517 0.9884 -0.0106
vn 0.1516 0.9884 -0.0096
vn 0.1166 0.9931 -0.0103
vn 0.1165 0.9931 -0.0110
vn 0.4959 0.8684 0.0010
vn 0.4938 0.8696 -0.0036
vn 0.4551 0.8904 -0.0001
vn 0.4535 0.8913 -0.0044
vn 0.4189 0.9080 -0.0068
vn 0.4201 0.9075 -0.0025
vn 0.3890 0.9212 -0.0054
vn 0.3882 0.9215 -0.0103
vn 0.3604 0.9327 -0.0137
vn 0.3609 0.9326 -0.0078
vn 0.3343 0.9423 -0.0166
vn 0.3345 0.9424 -0.0098
vn 0.3090 0.9510 -0.0112
vn 0.3090 0.9509 -0.0192
vn 0.2851 0.9584 -0.0115
vn 0.2843 0.9585 -0.0214
vn 0.2600 0.9654 -0.0225
vn 0.2602 0.9655 -0.0121
vn 0.2364 0.9714 -0.0206
vn 0.2326 0.9723 -0.0216
vn 0.2106 0.9775 -0.0156
vn 0.2140 0.9767 -0.0178
vn 0.1832 0.9829 -0.0166
vn 0.1846 0.9826 -0.0186
vn 0.1551 0.9877 -0.0185
vn 0.1539 0.9879 -0.0163
vn 0.1203 0.9926 -0.0180
vn 0.1210 0.9925 -0.0196
vn 0.4913 0.8710 -0.0044
vn 0.4494 0.8933 -0.0072
vn 0.4475 0.8941 -0.0148
vn 0.4145 0.9099 -0.0176
vn 0.4158 0.9094 -0.0098
vn 0.3856 0.9226 -0.0129
vn 0.3848 0.9228 -0.0216
vn 0.3584 0.9334 -0.0159
vn 0.3579 0.9334 -0.0258
vn 0.3326 0.9426 -0.0295
vn 0.3328 0.9428 -0.0186
vn 0.3080 0.9512 -0.0204
vn 0.3079 0.9509 -0.0327
vn 0.2838 0.9586 -0.0218
vn 0.2836 0.9583 -0.0353
vn 0.2597 0.9650 -0.0371
vn 0.2612 0.9650 -0.0219
vn 0.2367 0.9713 -0.0218
vn 0.2308 0.9724 -0.0334
vn 0.2101 0.9773 -0.0268
vn 0.2150 0.9761 -0.0313
vn 0.1852 0.9824 -0.0222
vn 0.1852 0.9825 -0.0221
vn 0.1562 0.9875 -0.0224
vn 0.1232 0.9921 -0.0240
vn 0.4830 0.8755 -0.0161
vn 0.4454 0.8952 -0.0168
vn 0.4127 0.9106 -0.0195
vn 0.3834 0.9233 -0.0233
vn 0.3569 0.9337 -0.0275
vn 0.3568 0.9338 -0.0273
vn 0.3317 0.9429 -0.0306
vn 0.3318 0.9429 -0.0307
vn 0.3077 0.9509 -0.0335
vn 0.3075 0.9510 -0.0334
vn 0.2833 0.9584 -0.0352
vn 0.2833 0.9584 -0.0351
vn 0.2599 0.9649 -0.0365
vn 0.2367 0.9709 -0.0366
vn 0.2367 0.9709 -0.0370
vn 0.2128 0.9764 -0.0364
vn 0.2128 0.9764 -0.0365
vn 0.1873 0.9816 -0.0362
vn 0.1873 0.9816 -0.0361
vn 0.1595 0.9865 -0.0366
vn 0.1596 0.9865 -0.0367
vn 0.1282 0.9910 -0.0391
vn 0.4743 0.8798 -0.0324
vn 0.4390 0.8978 -0.0337
vn 0.4390 0.8979 -0.0336
vn 0.4080 0.9122 -0.0373
vn 0.4080 0.9122 -0.0372
vn 0.3796 0.9242 -0.0413
vn 0.3539 0.9342 -0.0456
vn 0.3296 0.9428 -0.0493
vn 0.3058 0.9507 -0.0522
vn 0.3058 0.9507 -0.0523
vn 0.3056 0.9508 -0.0516
vn 0.3057 0.9507 -0.0519
vn 0.2818 0.9580 -0.0541
vn 0.2817 0.9580 -0.0540
vn 0.2818 0.9579 -0.0543
vn 0.2590 0.9643 -0.0557
vn 0.2590 0.9643 -0.0558
vn 0.2589 0.9643 -0.0554
vn 0.2364 0.9700 -0.0563
vn 0.2133 0.9754 -0.0562
vn 0.2133 0.9754 -0.0561
vn 0.1887 0.9805 -0.0557
vn 0.1887 0.9804 -0.0558
vn 0.1887 0.9805 -0.0558
vn 0.1622 0.9852 -0.0560
vn 0.1621 0.9852 -0.0560
vn 0.1327 0.9895 -0.0581
vn 0.1326 0.9895 -0.0582
vn 0.4659 0.8831 -0.0556
vn 0.4333 0.8993 -0.0589
vn 0.4039 0.9126 -0.0628
vn 0.4040 0.9126 -0.0627
vn 0.3762 0.9241 -0.0670
vn 0.3762 0.9241 -0.0668
vn 0.3762 0.9241 -0.0669
vn 0.3510 0.9337 -0.0710
vn 0.3268 0.9421 -0.0749
vn 0.3271 0.9420 -0.0745
vn 0.3270 0.9421 -0.0746
vn 0.3032 0.9498 -0.0776
vn 0.3036 0.9497 -0.0774
vn 0.3036 0.9497 -0.0773
vn 0.3035 0.9497 -0.0774
vn 0.2800 0.9567 -0.0794
vn 0.2798 0.9568 -0.0795
vn 0.2801 0.9567 -0.0791
vn 0.2801 0.9567 -0.0793
vn 0.2571 0.9629 -0.0816
vn 0.2571 0.9629 -0.0815
vn 0.2572 0.9629 -0.0816
vn 0.2348 0.9685 -0.0827
vn 0.2348 0.9685 -0.0830
vn 0.2350 0.9685 -0.0828
vn 0.2348 0.9685 -0.0826
vn 0.2122 0.9737 -0.0832
vn 0.2122 0.9736 -0.0836
vn 0.2122 0.9737 -0.0827
vn 0.2122 0.9737 -0.0829
vn 0.1881 0.9786 -0.0834
vn 0.1882 0.9786 -0.0833
vn 0.1882 0.9786 -0.0832
vn 0.1631 0.9831 -0.0831
vn 0.1359 0.9872 -0.0835
vn 0.4932 0.8665 0.0766
vn 0.4596 0.8847 0.0779
vn 0.4300 0.8990 0.0832
vn 0.4014 0.9118 0.0864
vn 0.4014 0.9118 0.0865
vn 0.4015 0.9118 0.0862
vn 0.3740 0.9232 0.0889
vn 0.3739 0.9231 0.0894
vn 0.3740 0.9231 0.0893
vn 0.3740 0.9231 0.0892
vn 0.3489 0.9326 0.0924
vn 0.3489 0.9326 0.0923
vn 0.3251 0.9409 0.0951
vn 0.3251 0.9409 0.0950
vn 0.3249 0.9410 0.0948
vn 0.3251 0.9409 0.0952
vn 0.3015 0.9485 0.0977
vn 0.3015 0.9484 0.0979
vn 0.3019 0.9484 0.0969
vn 0.3015 0.9485 0.0974
vn 0.2775 0.9555 0.1003
vn 0.2776 0.9555 0.1000
vn 0.2776 0.9555 0.0997
vn 0.2548 0.9616 0.1019
vn 0.2547 0.9616 0.1019
vn 0.2548 0.9616 0.1018
vn 0.2324 0.9671 0.1038
vn 0.2325 0.9671 0.1036
vn 0.2324 0.9671 0.1037
vn 0.2098 0.9721 0.1051
vn 0.2098 0.9721 0.1048
vn 0.2098 0.9721 0.1053
vn 0.1858 0.9768 0.1061
vn 0.1859 0.9767 0.1068
vn 0.1858 0.9769 0.1060
vn 0.1858 0.9769 0.1059
vn 0.1614 0.9811 0.1066
vn 0.1614 0.9811 0.1067
vn 0.1370 0.9850 0.1046
vn 0.1090 0.9884 0.1060
vn 0.1090 0.9884 0.1059
vn 0.1061 0.9916 0.0736
vn 0.0998 0.9937 0.0507
vn 0.0924 0.9952 0.0318
vn 0.0847 0.9963 0.0152
vn 0.0847 0.9963 0.0151
vn 0.0760 0.9971 0.0016
vn 0.0720 0.9974 -0.0020
vn 0.0722 0.9974 0.0010
vn 0.0653 0.9979 -0.0055
vn 0.0658 0.9978 -0.0041
vn 0.0637 0.9979 -0.0063
vn 0.0633 0.9980 -0.0061
vn 0.0650 0.9979 -0.0075
vn 0.0654 0.9978 -0.0087
vn 0.0703 0.9975 -0.0122
vn 0.0699 0.9975 -0.0136
vn 0.0735 0.9972 -0.0164
vn 0.0816 0.9963 -0.0281
vn 0.0902 0.9949 -0.0450
vn 0.0980 0.9930 -0.0653
vn 0.1044 0.9905 -0.0890
vn 0.1074 0.9867 -0.1217
vn 0.1353 0.9835 -0.1201
vn 0.1598 0.9797 -0.1209
vn 0.1598 0.9797 -0.1211
vn 0.1598 0.9796 -0.1215
vn 0.1842 0.9754 -0.1212
vn 0.1843 0.9754 -0.1209
vn 0.1843 0.9754 -0.1205
vn 0.1842 0.9754 -0.1213
vn 0.2081 0.9708 -0.1196
vn 0.2083 0.9708 -0.1193
vn 0.2082 0.9708 -0.1195
vn 0.2082 0.9708 -0.1194
vn 0.2311 0.9658 -0.1179
vn 0.2311 0.9658 -0.1176
vn 0.2311 0.9658 -0.1177
vn 0.2532 0.9605 -0.1152
vn 0.2535 0.9604 -0.1159
vn 0.2533 0.9605 -0.1157
vn 0.2533 0.9604 -0.1158
vn 0.2765 0.9543 -0.1135
vn 0.2765 0.9543 -0.1133
vn 0.2765 0.9543 -0.1134
vn 0.2765 0.9543 -0.1136
vn 0.3008 0.9471 -0.1114
vn 0.3009 0.9471 -0.1116
vn 0.3007 0.9473 -0.1108
vn 0.3006 0.9473 -0.1106
vn 0.3243 0.9397 -0.1084
vn 0.3243 0.9397 -0.1083
vn 0.3481 0.9315 -0.1057
vn 0.3484 0.9314 -0.1050
vn 0.3484 0.9314 -0.1051
vn 0.3481 0.9315 -0.1058
vn 0.3735 0.9220 -0.1024
vn 0.3735 0.9220 -0.1023
vn 0.4009 0.9107 -0.0990
vn 0.4011 0.9106 -0.0993
vn 0.4010 0.9107 -0.0993
vn 0.4006 0.9108 -0.0995
vn 0.4298 0.8978 -0.0961
vn 0.4297 0.8978 -0.0961
vn 0.4297 0.8978 -0.0962
vn 0.4594 0.8835 -0.0909
vn 0.4594 0.8836 -0.0909
vn 0.4931 0.8654 -0.0895
vn 0.4931 0.8653 -0.0895
vn 0.5034 0.8621 -0.0581
vn 0.5154 0.8562 -0.0368
vn 0.5274 0.8494 -0.0202
vn 0.5274 0.8494 -0.0203
vn 0.5441 0.8390 -0.0004
vn 0.5428 0.8399 -0.0056
vn 0.5385 0.8426 -0.0074
vn 0.5497 0.8354 -0.0008
vn 0.5519 0.8339 0.0022
vn 0.5554 0.8316 -0.0009
vn 0.5564 0.8309 0.0006
vn 0.5601 0.8284 -0.0058
vn 0.5559 0.8312 -0.0062
vn 0.5562 0.8310 -0.0104
vn 0.5556 0.8314 -0.0092
vn 0.5514 0.8342 -0.0132
vn 0.5503 0.8349 -0.0098
vn 0.5422 0.8403 -0.0057
vn 0.5417 0.8405 -0.0083
vn 0.5376 0.8432 -0.0034
vn 0.5266 0.8501 0.0090
vn 0.5266 0.8500 0.0090
vn 0.5147 0.8570 0.0248
vn 0.5030 0.8631 0.0455
vn 0.2433 0.9694 0.0320
vn 0.2432 0.9694 0.0320
vn 0.2435 0.9694 0.0320
vn 0.8113 0.4349 0.3907
vn 0.2335 0.9721 0.0222
vn 0.2335 0.9721 0.0220
vn 0.2335 0.9721 0.0218
vn 0.1891 0.9817 0.0237
vn 0.1892 0.9817 0.0237
vn 0.1893 0.9816 0.0237
vn 0.1276 0.9917 0.0150
vn 0.1277 0.9917 0.0148
vn 0.1276 0.9917 0.0148
vn 0.0430 0.9988 -0.0243
vn 0.0429 0.9988 -0.0243
vn 0.2942 0.9556 -0.0147
vn 0.2943 0.9556 -0.0147
vn 0.2943 0.9556 -0.0146
vn 0.2697 0.9626 -0.0251
vn 0.2696 0.9626 -0.0251
vn 0.2226 0.9743 -0.0353
vn 0.2224 0.9743 -0.0352
vn 0.1597 0.9866 -0.0330
vn 0.0741 0.9972 0.0135
vn 0.0742 0.9972 0.0134
vn 0.4360 0.6457 -0.6268
vn 0.4360 0.6457 -0.6269
vn -0.8699 0.4118 -0.2715
vn -0.7951 0.5310 0.2930
vn 0.9128 0.3530 -0.2055
vn -0.5283 0.8278 0.1889
vn 0.8957 0.4232 -0.1365
vn -0.4167 0.8997 0.1303
vn 0.9496 0.2930 -0.1117
vn -0.6160 0.7807 0.1055
vn 0.8083 0.5868 -0.0481
vn 0.8083 0.5868 -0.0482
vn -0.4354 0.8985 0.0560
vn 0.3402 0.9402 0.0174
vn 0.3402 0.9402 0.0175
vn 0.3403 0.9401 0.0175
vn 0.3401 0.9402 0.0176
vn 0.7377 0.6749 0.0139
vn 0.7376 0.6751 0.0137
vn -0.2121 0.9772 -0.0074
vn 0.7906 0.6106 0.0469
vn -0.3353 0.9398 -0.0664
vn 0.9696 0.1955 0.1469
vn -0.2498 0.9526 0.1738
vn -0.2499 0.9525 0.1738
vn 0.1353 0.9906 -0.0200
vn 0.1351 0.9906 -0.0202
vn 0.1351 0.9906 -0.0207
vn 0.9750 0.1540 -0.1603
vn -0.5233 0.8467 0.0957
vn 0.8997 0.4332 -0.0534
vn -0.6905 0.7226 0.0321
vn 0.9567 0.2912 -0.0009
vn -0.4399 0.8978 -0.0232
vn -0.4399 0.8977 -0.0233
vn 0.8879 0.4583 0.0412
vn -0.3329 0.9410 -0.0610
vn 0.8524 0.5172 0.0765
vn -0.6363 0.7612 -0.1255
vn -0.6363 0.7612 -0.1254
vn 0.9187 0.3690 0.1410
vn -0.3267 0.9382 -0.1143
vn 0.8146 0.5496 0.1855
vn -0.4671 0.8688 -0.1643
vn -0.4669 0.8689 -0.1646
vn -0.4673 0.8687 -0.1641
vn -0.4670 0.8688 -0.1646
vn 0.9482 0.1178 0.2950
vn 0.1415 0.9895 0.0298
vn 0.1411 0.9895 0.0298
vn 0.1410 0.9896 0.0297
vn 0.1411 0.9895 0.0299
vn -0.3096 0.9288 -0.2035
vn -0.1743 0.3776 -0.9094
vn 0.2895 0.2962 0.9102
vn 0.0600 0.3633 -0.9297
vn 0.0601 0.3633 -0.9297
vn 0.0604 0.3630 -0.9298
vn 0.0598 0.3635 -0.9297
vn -0.3795 0.8511 -0.3627
vn -0.3795 0.8511 -0.3628
vn -0.3795 0.8510 -0.3630
vn 0.8058 0.4223 0.4150
vn 0.8059 0.4223 0.4150
vn -0.6760 0.4410 -0.5904
vn -0.6764 0.4408 -0.5900
vn -0.6761 0.4410 -0.5903
vn 0.7439 0.1993 0.6379
vn 0.7438 0.1993 0.6380
vn -0.3568 0.6915 -0.6281
vn -0.3568 0.6911 -0.6285
vn -0.3567 0.6911 -0.6287
vn 0.6121 0.2292 0.7568
vn 0.6122 0.2292 0.7568
vn 0.6120 0.2292 0.7569
vn -0.1280 0.6514 -0.7479
vn -0.1280 0.6513 -0.7479
vn -0.2496 0.9222 0.2954
vn -0.2496 0.9222 0.2953
vn 0.8299 0.4379 -0.3457
vn 0.8300 0.4378 -0.3457
vn 0.8301 0.4376 -0.3456
vn 0.5258 0.8503 -0.0240
vn -0.2798 0.5963 0.7525
vn -0.2798 0.5962 0.7525
vn -0.2798 0.5963 0.7524
vn 0.8096 0.3572 -0.4658
vn 0.8097 0.3570 -0.4658
vn 0.8096 0.3571 -0.4658
vn 0.6771 0.6671 -0.3106
vn 0.6771 0.6672 -0.3105
vn 0.6770 0.6673 -0.3105
vn 0.0048 0.4782 0.8782
vn 0.0048 0.4781 0.8783
vn 0.0048 0.4783 0.8782
vn 0.4384 0.1898 -0.8785
vn -0.0496 0.5147 0.8560
vn 0.0408 0.4608 0.8866
vn 0.3430 0.6070 -0.7169
vn 0.5001 0.1724 0.8486
vn 0.3165 0.2103 -0.9250
vn 0.2712 0.6443 0.7151
vn 0.8684 0.4172 0.2682
vn 0.7831 0.5841 -0.2135
vn 0.7831 0.5842 -0.2135
vn 0.7831 0.5842 -0.2134
vn -0.0106 0.2900 0.9570
vn -0.0106 0.2901 0.9569
vn -0.0173 0.4711 0.8819
vn -0.0173 0.4710 0.8820
vn -0.0323 0.8811 0.4718
vn -0.0323 0.8813 0.4714
vn -0.5294 -0.4903 0.6923
vn -0.5295 -0.4903 0.6923
vn -0.5850 -0.5555 0.5909
vn -0.5850 -0.5555 0.5910
vt 0.477500 0.031200
vt 0.465000 0.028100
vt 0.466300 0.018600
vt 0.463500 0.037800
vt 0.476300 0.042300
vt 0.455500 0.008100
vt 0.454100 0.016200
vt 0.380500 0.052000
vt 0.378800 0.039600
vt 0.382700 0.037900
vt 0.385900 0.050500
vt 0.386400 0.036200
vt 0.391200 0.048900
vt 0.390100 0.034400
vt 0.396400 0.047100
vt 0.393600 0.032500
vt 0.401400 0.045100
vt 0.397100 0.030400
vt 0.406100 0.042900
vt 0.400300 0.028200
vt 0.410500 0.040200
vt 0.403300 0.025700
vt 0.414400 0.037100
vt 0.382000 0.064400
vt 0.388900 0.063100
vt 0.395800 0.061600
vt 0.402500 0.059900
vt 0.409000 0.058000
vt 0.415200 0.055500
vt 0.420900 0.052500
vt 0.425800 0.048700
vt 0.391700 0.075700
vt 0.383300 0.076900
vt 0.400000 0.074400
vt 0.408300 0.072900
vt 0.416500 0.071000
vt 0.424300 0.068500
vt 0.431400 0.065100
vt 0.437500 0.060600
vt 0.384500 0.089300
vt 0.394100 0.088400
vt 0.403800 0.087300
vt 0.385400 0.101700
vt 0.395900 0.101000
vt 0.397100 0.113700
vt 0.386000 0.114200
vt 0.419500 0.003500
vt 0.431500 0.005200
vt 0.429700 0.010300
vt 0.417500 0.007000
vt 0.443500 0.006700
vt 0.441900 0.013400
vt 0.427800 0.015300
vt 0.415500 0.010400
vt 0.440100 0.020000
vt 0.452500 0.024300
vt 0.425700 0.020200
vt 0.413300 0.013800
vt 0.438200 0.026500
vt 0.450700 0.032400
vt 0.423400 0.024900
vt 0.411100 0.017000
vt 0.435900 0.032700
vt 0.448600 0.040300
vt 0.461600 0.047600
vt 0.420800 0.029400
vt 0.408700 0.020100
vt 0.433200 0.038600
vt 0.445800 0.047900
vt 0.459000 0.057200
vt 0.417800 0.033400
vt 0.406100 0.023000
vt 0.429800 0.044000
vt 0.442200 0.054800
vt 0.455200 0.065900
vt 0.426800 0.249400
vt 0.415100 0.248700
vt 0.413500 0.244600
vt 0.425500 0.242200
vt 0.411800 0.240700
vt 0.424100 0.236200
vt 0.410000 0.237300
vt 0.422400 0.230900
vt 0.408100 0.234100
vt 0.420500 0.226100
vt 0.406000 0.231100
vt 0.418300 0.221700
vt 0.403800 0.228400
vt 0.415600 0.217700
vt 0.401300 0.225900
vt 0.412500 0.214300
vt 0.437600 0.239700
vt 0.438600 0.248600
vt 0.436300 0.231800
vt 0.434900 0.224700
vt 0.433000 0.218200
vt 0.430700 0.212200
vt 0.427800 0.206900
vt 0.424000 0.202500
vt 0.450400 0.247300
vt 0.449600 0.237000
vt 0.448700 0.227600
vt 0.447400 0.218800
vt 0.445800 0.210400
vt 0.443500 0.202600
vt 0.440300 0.195800
vt 0.436000 0.190200
vt 0.462300 0.245800
vt 0.461800 0.234500
vt 0.461100 0.223700
vt 0.460100 0.213200
vt 0.458800 0.202900
vt 0.456800 0.193200
vt 0.453500 0.184500
vt 0.448500 0.177400
vt 0.470500 0.184300
vt 0.382200 0.215200
vt 0.378600 0.213900
vt 0.380300 0.201400
vt 0.385500 0.202600
vt 0.381800 0.188900
vt 0.388600 0.189900
vt 0.383200 0.176500
vt 0.391400 0.177200
vt 0.384400 0.164000
vt 0.393900 0.164500
vt 0.385300 0.151500
vt 0.395800 0.151800
vt 0.385900 0.139100
vt 0.397100 0.139100
vt 0.386200 0.126600
vt 0.397600 0.126400
vt 0.385700 0.216700
vt 0.390600 0.203900
vt 0.395200 0.191000
vt 0.399600 0.178100
vt 0.403400 0.165200
vt 0.406500 0.152200
vt 0.408600 0.139200
vt 0.395500 0.205300
vt 0.389100 0.218200
vt 0.401800 0.192400
vt 0.407700 0.179300
vt 0.413200 0.166100
vt 0.400300 0.207000
vt 0.392400 0.219900
vt 0.408100 0.194000
vt 0.415700 0.180800
vt 0.404800 0.209000
vt 0.395600 0.221700
vt 0.414000 0.196200
vt 0.423400 0.182900
vt 0.423000 0.167300
vt 0.398500 0.223700
vt 0.408900 0.211400
vt 0.419400 0.198900
vt 0.430200 0.186000
vt 0.432600 0.169300
vt 0.441300 0.172500
vt 0.375000 0.041200
vt 0.375000 0.029000
vt 0.377200 0.027200
vt 0.379300 0.025300
vt 0.381500 0.023500
vt 0.383700 0.021700
vt 0.385800 0.019900
vt 0.388000 0.018100
vt 0.390200 0.016300
vt 0.392300 0.014500
vt 0.375000 0.053400
vt 0.375000 0.065700
vt 0.375000 0.077900
vt 0.375000 0.090100
vt 0.375000 0.102400
vt 0.375000 0.114600
vt 0.375000 0.126800
vt 0.409700 0.000000
vt 0.421500 0.000000
vt 0.407500 0.001800
vt 0.433200 0.000000
vt 0.445000 0.000000
vt 0.456800 0.000000
vt 0.405400 0.003600
vt 0.403200 0.005400
vt 0.401000 0.007200
vt 0.398900 0.009100
vt 0.396700 0.010900
vt 0.394500 0.012700
vt 0.403400 0.248400
vt 0.416500 0.255000
vt 0.405300 0.250000
vt 0.401500 0.246800
vt 0.399600 0.245300
vt 0.397700 0.243700
vt 0.395800 0.242100
vt 0.393900 0.240500
vt 0.392000 0.238900
vt 0.390100 0.237400
vt 0.427800 0.258400
vt 0.439400 0.258900
vt 0.451000 0.258500
vt 0.462600 0.257800
vt 0.375000 0.212500
vt 0.376900 0.226300
vt 0.375000 0.224700
vt 0.375000 0.200300
vt 0.375000 0.188000
vt 0.375000 0.175800
vt 0.375000 0.163600
vt 0.375000 0.151300
vt 0.375000 0.139100
vt 0.378800 0.227900
vt 0.380700 0.229500
vt 0.382600 0.231100
vt 0.384500 0.232600
vt 0.386400 0.234200
vt 0.388200 0.235800
vt 0.432600 0.782400
vt 0.433200 0.767400
vt 0.442500 0.769600
vt 0.442500 0.783300
vt 0.452300 0.770400
vt 0.452500 0.783900
vt 0.462400 0.770500
vt 0.462500 0.784100
vt 0.442100 0.797900
vt 0.432000 0.797400
vt 0.452300 0.798300
vt 0.462500 0.798500
vt 0.441600 0.813000
vt 0.431300 0.812800
vt 0.451900 0.813200
vt 0.462200 0.813300
vt 0.430500 0.828200
vt 0.441000 0.828400
vt 0.451500 0.828400
vt 0.461900 0.828500
vt 0.440400 0.843800
vt 0.429700 0.843800
vt 0.451000 0.843900
vt 0.461500 0.843900
vt 0.439700 0.859400
vt 0.428900 0.859400
vt 0.450400 0.859400
vt 0.461100 0.859400
vt 0.428100 0.875000
vt 0.439000 0.875000
vt 0.449800 0.875000
vt 0.460600 0.875000
vt 0.438300 0.890600
vt 0.427300 0.890600
vt 0.449200 0.890600
vt 0.460100 0.890600
vt 0.437600 0.906300
vt 0.426500 0.906300
vt 0.448600 0.906300
vt 0.459600 0.906300
vt 0.425600 0.921900
vt 0.436900 0.921900
vt 0.448000 0.921900
vt 0.459200 0.921900
vt 0.436100 0.937500
vt 0.424800 0.937500
vt 0.447400 0.937500
vt 0.458700 0.937500
vt 0.435400 0.953100
vt 0.424000 0.953100
vt 0.446800 0.953100
vt 0.458200 0.953100
vt 0.423100 0.968800
vt 0.434700 0.968800
vt 0.446200 0.968800
vt 0.457700 0.968800
vt 0.434000 0.984400
vt 0.422300 0.984400
vt 0.445600 0.984400
vt 0.457300 0.984400
vt 0.423800 0.765600
vt 0.424700 0.750000
vt 0.433200 0.754500
vt 0.442000 0.757600
vt 0.451800 0.758100
vt 0.461900 0.757800
vt 0.456800 1.000000
vt 0.445000 1.000000
vt 0.433200 1.000000
vt 0.421500 1.000000
vt 0.409700 1.000000
vt 0.410600 0.984400
vt 0.411600 0.968800
vt 0.412500 0.953100
vt 0.413500 0.937500
vt 0.414400 0.921900
vt 0.415300 0.906200
vt 0.416300 0.890600
vt 0.417200 0.875000
vt 0.418200 0.859400
vt 0.419100 0.843800
vt 0.420000 0.828100
vt 0.421000 0.812500
vt 0.421900 0.796900
vt 0.422900 0.781200
vt 0.418200 0.282500
vt 0.417400 0.267600
vt 0.428700 0.270000
vt 0.429400 0.283500
vt 0.440100 0.270800
vt 0.440700 0.284100
vt 0.451500 0.270900
vt 0.452000 0.284400
vt 0.463000 0.270700
vt 0.463200 0.284300
vt 0.430100 0.298000
vt 0.418900 0.297500
vt 0.441200 0.298400
vt 0.452400 0.298600
vt 0.463500 0.298600
vt 0.430700 0.313000
vt 0.419600 0.312800
vt 0.441700 0.313200
vt 0.452700 0.313400
vt 0.463700 0.313400
vt 0.431300 0.328300
vt 0.420300 0.328200
vt 0.442200 0.328400
vt 0.453100 0.328500
vt 0.463900 0.328500
vt 0.431900 0.343800
vt 0.421000 0.343800
vt 0.442700 0.343800
vt 0.453400 0.343900
vt 0.464100 0.343900
vt 0.432500 0.359400
vt 0.421800 0.359400
vt 0.443200 0.359400
vt 0.453800 0.359400
vt 0.464400 0.359400
vt 0.433100 0.375000
vt 0.422500 0.375000
vt 0.443700 0.375000
vt 0.454200 0.375000
vt 0.464600 0.375000
vt 0.433700 0.390600
vt 0.423200 0.390600
vt 0.444200 0.390600
vt 0.454600 0.390600
vt 0.464900 0.390600
vt 0.434300 0.406200
vt 0.423900 0.406200
vt 0.444700 0.406200
vt 0.455000 0.406200
vt 0.465200 0.406200
vt 0.434900 0.421700
vt 0.424600 0.421800
vt 0.445200 0.421600
vt 0.455400 0.421600
vt 0.465500 0.421600
vt 0.435400 0.437000
vt 0.425300 0.437200
vt 0.445600 0.436800
vt 0.455700 0.436700
vt 0.465800 0.436700
vt 0.436000 0.452100
vt 0.425900 0.452600
vt 0.446000 0.451800
vt 0.456000 0.451600
vt 0.466100 0.451600
vt 0.436300 0.466700
vt 0.426500 0.467600
vt 0.446200 0.466200
vt 0.456200 0.465900
vt 0.466200 0.466000
vt 0.436400 0.480400
vt 0.427000 0.482600
vt 0.446200 0.479600
vt 0.456200 0.479600
vt 0.466300 0.479800
vt 0.406100 0.265600
vt 0.456000 0.492200
vt 0.445900 0.491900
vt 0.436100 0.492300
vt 0.427000 0.495500
vt 0.418400 0.500000
vt 0.417600 0.484400
vt 0.416700 0.468800
vt 0.415900 0.453100
vt 0.415100 0.437500
vt 0.414300 0.421900
vt 0.413500 0.406200
vt 0.412600 0.390600
vt 0.411800 0.375000
vt 0.411000 0.359400
vt 0.410200 0.343800
vt 0.409400 0.328100
vt 0.408500 0.312500
vt 0.407700 0.296900
vt 0.406900 0.281200
vt 0.156400 0.712500
vt 0.156400 0.716900
vt 0.140800 0.720700
vt 0.140700 0.717800
vt 0.172000 0.708600
vt 0.172000 0.713600
vt 0.187600 0.705400
vt 0.187700 0.710800
vt 0.203200 0.702800
vt 0.203300 0.708400
vt 0.218900 0.700800
vt 0.218900 0.706400
vt 0.234500 0.699200
vt 0.234500 0.704900
vt 0.250100 0.698000
vt 0.250100 0.703700
vt 0.265700 0.697100
vt 0.265700 0.702900
vt 0.281300 0.696700
vt 0.281300 0.702400
vt 0.296900 0.696600
vt 0.297000 0.702200
vt 0.312500 0.696900
vt 0.312500 0.702400
vt 0.328000 0.697700
vt 0.328100 0.702900
vt 0.343600 0.699000
vt 0.343700 0.703800
vt 0.358700 0.701000
vt 0.359400 0.705000
vt 0.156500 0.720500
vt 0.140800 0.723400
vt 0.172100 0.717800
vt 0.187700 0.715300
vt 0.203300 0.713200
vt 0.218900 0.711500
vt 0.234500 0.710000
vt 0.250100 0.708900
vt 0.265800 0.708000
vt 0.281400 0.707500
vt 0.297000 0.707200
vt 0.312600 0.707200
vt 0.328200 0.707500
vt 0.343800 0.708000
vt 0.359400 0.708700
vt 0.156500 0.723600
vt 0.140900 0.725900
vt 0.172100 0.721300
vt 0.187700 0.719300
vt 0.203300 0.717500
vt 0.219000 0.715900
vt 0.234600 0.714600
vt 0.250200 0.713500
vt 0.265800 0.712700
vt 0.281400 0.712100
vt 0.297000 0.711800
vt 0.312600 0.711600
vt 0.328200 0.711700
vt 0.343800 0.711900
vt 0.359400 0.712200
vt 0.156600 0.726300
vt 0.141000 0.728200
vt 0.172200 0.724500
vt 0.187800 0.722800
vt 0.203400 0.721300
vt 0.219000 0.719900
vt 0.234600 0.718700
vt 0.250200 0.717700
vt 0.265800 0.717000
vt 0.281400 0.716400
vt 0.297000 0.716000
vt 0.312600 0.715700
vt 0.328200 0.715600
vt 0.343800 0.715500
vt 0.359400 0.715600
vt 0.156600 0.728800
vt 0.141000 0.730400
vt 0.172200 0.727400
vt 0.187800 0.726000
vt 0.203400 0.724700
vt 0.219000 0.723500
vt 0.234600 0.722500
vt 0.250200 0.721600
vt 0.265800 0.720800
vt 0.281400 0.720300
vt 0.297000 0.719800
vt 0.312600 0.719500
vt 0.328200 0.719200
vt 0.343800 0.719000
vt 0.359400 0.718900
vt 0.156700 0.731200
vt 0.141100 0.732500
vt 0.172300 0.730000
vt 0.187900 0.728900
vt 0.203500 0.727800
vt 0.219100 0.726800
vt 0.234700 0.725900
vt 0.250300 0.725100
vt 0.265900 0.724400
vt 0.281500 0.723900
vt 0.297000 0.723400
vt 0.312600 0.723000
vt 0.328200 0.722700
vt 0.343800 0.722400
vt 0.359400 0.722100
vt 0.156800 0.733500
vt 0.141200 0.734500
vt 0.172300 0.732500
vt 0.187900 0.731600
vt 0.203500 0.730700
vt 0.219100 0.729800
vt 0.234700 0.729100
vt 0.250300 0.728400
vt 0.265900 0.727800
vt 0.281500 0.727200
vt 0.297100 0.726800
vt 0.312600 0.726300
vt 0.328200 0.726000
vt 0.343800 0.725600
vt 0.359400 0.725300
vt 0.156800 0.735700
vt 0.141200 0.736500
vt 0.172400 0.734900
vt 0.188000 0.734200
vt 0.203600 0.733400
vt 0.219200 0.732700
vt 0.234700 0.732100
vt 0.250300 0.731500
vt 0.265900 0.730900
vt 0.281500 0.730400
vt 0.297100 0.730000
vt 0.312700 0.729600
vt 0.328200 0.729200
vt 0.343800 0.728800
vt 0.359400 0.728500
vt 0.156900 0.737900
vt 0.141300 0.738500
vt 0.172500 0.737200
vt 0.188000 0.736600
vt 0.203600 0.736000
vt 0.219200 0.735500
vt 0.234800 0.734900
vt 0.250400 0.734400
vt 0.265900 0.733900
vt 0.281500 0.733500
vt 0.297100 0.733100
vt 0.312700 0.732700
vt 0.328300 0.732300
vt 0.343800 0.732000
vt 0.359400 0.731600
vt 0.141400 0.740500
vt 0.156900 0.740000
vt 0.172500 0.739500
vt 0.188100 0.739000
vt 0.203700 0.738500
vt 0.219200 0.738100
vt 0.234800 0.737600
vt 0.250400 0.737200
vt 0.266000 0.736800
vt 0.281500 0.736400
vt 0.297100 0.736100
vt 0.312700 0.735700
vt 0.328300 0.735400
vt 0.343800 0.735000
vt 0.359400 0.734700
vt 0.141400 0.742400
vt 0.157000 0.742000
vt 0.172600 0.741600
vt 0.188100 0.741300
vt 0.203700 0.740900
vt 0.219300 0.740600
vt 0.234900 0.740200
vt 0.250400 0.739900
vt 0.266000 0.739600
vt 0.281600 0.739300
vt 0.297100 0.739000
vt 0.312700 0.738700
vt 0.328300 0.738400
vt 0.343900 0.738100
vt 0.359400 0.737800
vt 0.141500 0.744300
vt 0.157100 0.744000
vt 0.172600 0.743800
vt 0.188200 0.743500
vt 0.203800 0.743300
vt 0.219300 0.743000
vt 0.234900 0.742700
vt 0.250500 0.742500
vt 0.266000 0.742300
vt 0.281600 0.742000
vt 0.297200 0.741800
vt 0.312700 0.741500
vt 0.328300 0.741300
vt 0.343900 0.741100
vt 0.359400 0.740900
vt 0.141600 0.746200
vt 0.157100 0.746000
vt 0.172700 0.745900
vt 0.188300 0.745700
vt 0.203800 0.745500
vt 0.219400 0.745400
vt 0.234900 0.745200
vt 0.250500 0.745000
vt 0.266100 0.744900
vt 0.281600 0.744700
vt 0.297200 0.744600
vt 0.312800 0.744400
vt 0.328300 0.744200
vt 0.343900 0.744100
vt 0.359400 0.743900
vt 0.141600 0.748100
vt 0.157200 0.748000
vt 0.172800 0.747900
vt 0.188300 0.747900
vt 0.203900 0.747800
vt 0.219400 0.747700
vt 0.235000 0.747600
vt 0.250500 0.747500
vt 0.266100 0.747400
vt 0.281700 0.747400
vt 0.297200 0.747300
vt 0.312800 0.747200
vt 0.328300 0.747100
vt 0.343900 0.747000
vt 0.359400 0.747000
vt 0.125000 0.721000
vt 0.140700 0.713200
vt 0.125100 0.722800
vt 0.156300 0.706600
vt 0.172000 0.702400
vt 0.187600 0.699100
vt 0.203200 0.696500
vt 0.218800 0.694400
vt 0.234500 0.692800
vt 0.250100 0.691600
vt 0.265700 0.690800
vt 0.281300 0.690400
vt 0.296900 0.690400
vt 0.312400 0.690800
vt 0.327800 0.691700
vt 0.343200 0.693300
vt 0.359000 0.696300
vt 0.375000 0.703200
vt 0.375000 0.700000
vt 0.375000 0.706300
vt 0.375000 0.709400
vt 0.375000 0.712500
vt 0.375000 0.715700
vt 0.375000 0.718800
vt 0.375000 0.721900
vt 0.375000 0.725000
vt 0.375000 0.728100
vt 0.375000 0.731300
vt 0.375000 0.734400
vt 0.375000 0.737500
vt 0.375000 0.740600
vt 0.375000 0.743800
vt 0.375000 0.746900
vt 0.375000 0.750000
vt 0.359400 0.750000
vt 0.343900 0.750000
vt 0.328300 0.750000
vt 0.312800 0.750000
vt 0.297200 0.750000
vt 0.281700 0.750000
vt 0.266100 0.750000
vt 0.250600 0.750000
vt 0.235000 0.750000
vt 0.219500 0.750000
vt 0.203900 0.750000
vt 0.188400 0.750000
vt 0.172800 0.750000
vt 0.157300 0.750000
vt 0.141700 0.750000
vt 0.126200 0.750000
vt 0.126100 0.748200
vt 0.126000 0.746400
vt 0.125900 0.744600
vt 0.125900 0.742800
vt 0.125800 0.740900
vt 0.125700 0.739100
vt 0.125600 0.737300
vt 0.125600 0.735500
vt 0.125500 0.733700
vt 0.125400 0.731900
vt 0.125400 0.730100
vt 0.125300 0.728300
vt 0.125200 0.726500
vt 0.125100 0.724700
vt 0.376800 0.561200
vt 0.377300 0.551400
vt 0.382500 0.548700
vt 0.384600 0.559200
vt 0.387300 0.546300
vt 0.391400 0.557200
vt 0.391700 0.543800
vt 0.397500 0.554900
vt 0.395900 0.541100
vt 0.403200 0.552400
vt 0.399800 0.538300
vt 0.408400 0.549600
vt 0.413200 0.546300
vt 0.403500 0.535400
vt 0.407000 0.532100
vt 0.417400 0.542600
vt 0.387000 0.569900
vt 0.377600 0.571400
vt 0.395500 0.568100
vt 0.403200 0.566200
vt 0.410400 0.563800
vt 0.417100 0.561000
vt 0.423000 0.557600
vt 0.428200 0.553400
vt 0.378800 0.581600
vt 0.389400 0.580500
vt 0.399300 0.579100
vt 0.408700 0.577500
vt 0.417600 0.575500
vt 0.425800 0.572800
vt 0.433100 0.569300
vt 0.439300 0.564500
vt 0.391800 0.591200
vt 0.380200 0.592000
vt 0.403000 0.590200
vt 0.413800 0.589000
vt 0.424500 0.587400
vt 0.434600 0.585100
vt 0.443600 0.581500
vt 0.451000 0.576200
vt 0.393800 0.601900
vt 0.381400 0.602400
vt 0.406000 0.601300
vt 0.418200 0.600600
vt 0.430500 0.599600
vt 0.442700 0.597800
vt 0.454300 0.594700
vt 0.463700 0.589000
vt 0.395200 0.612600
vt 0.382400 0.612800
vt 0.408100 0.612500
vt 0.421200 0.612200
vt 0.434900 0.611900
vt 0.449400 0.611100
vt 0.465100 0.609400
vt 0.425400 0.502500
vt 0.435100 0.501900
vt 0.433600 0.509700
vt 0.423300 0.507500
vt 0.445200 0.502600
vt 0.444100 0.512100
vt 0.455500 0.503900
vt 0.454700 0.514500
vt 0.431800 0.516500
vt 0.421000 0.512400
vt 0.442600 0.520600
vt 0.453600 0.524500
vt 0.429600 0.522600
vt 0.418600 0.516800
vt 0.440800 0.528300
vt 0.452100 0.533800
vt 0.463500 0.539000
vt 0.464600 0.528100
vt 0.427200 0.528300
vt 0.416000 0.521000
vt 0.438500 0.535600
vt 0.450100 0.542700
vt 0.462000 0.549700
vt 0.424400 0.533600
vt 0.413200 0.524900
vt 0.435800 0.542200
vt 0.447500 0.551000
vt 0.459700 0.559800
vt 0.421200 0.538300
vt 0.410200 0.528700
vt 0.432400 0.548200
vt 0.444000 0.558300
vt 0.456200 0.568800
vt 0.440800 0.747900
vt 0.431200 0.747200
vt 0.428700 0.741800
vt 0.438900 0.739800
vt 0.426000 0.736700
vt 0.436600 0.732800
vt 0.423100 0.731900
vt 0.434000 0.726400
vt 0.420100 0.727400
vt 0.431100 0.720400
vt 0.416900 0.723100
vt 0.427900 0.714800
vt 0.413500 0.719000
vt 0.424200 0.709700
vt 0.409900 0.715100
vt 0.420100 0.705100
vt 0.449300 0.737600
vt 0.450800 0.747200
vt 0.447400 0.728900
vt 0.445000 0.721000
vt 0.442300 0.713500
vt 0.439100 0.706600
vt 0.435200 0.700300
vt 0.430500 0.694800
vt 0.459800 0.735300
vt 0.461100 0.746100
vt 0.458200 0.725300
vt 0.456200 0.715800
vt 0.453700 0.706700
vt 0.450600 0.698200
vt 0.446600 0.690600
vt 0.441300 0.684200
vt 0.462600 0.689900
vt 0.465500 0.700200
vt 0.458500 0.680700
vt 0.452700 0.673000
vt 0.377300 0.683800
vt 0.385300 0.686100
vt 0.383200 0.696200
vt 0.377700 0.693200
vt 0.378000 0.674000
vt 0.387600 0.675900
vt 0.379100 0.664100
vt 0.389900 0.665500
vt 0.380400 0.654000
vt 0.392200 0.655100
vt 0.381600 0.643800
vt 0.394100 0.644600
vt 0.382500 0.633500
vt 0.395400 0.634000
vt 0.382800 0.623100
vt 0.395800 0.623400
vt 0.388400 0.699000
vt 0.392400 0.688500
vt 0.396300 0.678000
vt 0.400000 0.667300
vt 0.403500 0.656500
vt 0.406300 0.645600
vt 0.408300 0.634700
vt 0.408900 0.623600
vt 0.398800 0.691200
vt 0.393100 0.701900
vt 0.404300 0.680400
vt 0.409500 0.669400
vt 0.414500 0.658200
vt 0.418600 0.646900
vt 0.421400 0.635400
vt 0.422400 0.623900
vt 0.404800 0.694100
vt 0.397700 0.704900
vt 0.411800 0.683100
vt 0.418700 0.671900
vt 0.425300 0.660300
vt 0.431100 0.648500
vt 0.435100 0.636500
vt 0.436600 0.624200
vt 0.410300 0.697300
vt 0.402000 0.708100
vt 0.418700 0.686300
vt 0.427200 0.675000
vt 0.435600 0.663200
vt 0.443500 0.650900
vt 0.449800 0.637900
vt 0.452300 0.624600
vt 0.415500 0.701000
vt 0.406100 0.711500
vt 0.425000 0.690200
vt 0.434800 0.679000
vt 0.445000 0.667300
vt 0.455300 0.654600
vt 0.465700 0.640400
vt 0.475300 0.625100
vt 0.465100 0.660800
vt 0.370400 0.553300
vt 0.375000 0.543600
vt 0.377700 0.540900
vt 0.380400 0.538100
vt 0.383100 0.535400
vt 0.385800 0.532700
vt 0.388600 0.530000
vt 0.391300 0.527200
vt 0.394000 0.524500
vt 0.396700 0.521800
vt 0.367200 0.563000
vt 0.366800 0.572800
vt 0.367200 0.582700
vt 0.367800 0.592700
vt 0.368600 0.602700
vt 0.369200 0.612900
vt 0.369400 0.623000
vt 0.415700 0.502700
vt 0.413000 0.505400
vt 0.410200 0.508200
vt 0.407500 0.510900
vt 0.404800 0.513600
vt 0.402100 0.516300
vt 0.399400 0.519100
vt 0.421600 0.746900
vt 0.418500 0.743800
vt 0.415400 0.740600
vt 0.412300 0.737500
vt 0.409200 0.734400
vt 0.406100 0.731300
vt 0.403000 0.728100
vt 0.399900 0.725000
vt 0.370600 0.691000
vt 0.378100 0.703200
vt 0.367500 0.681800
vt 0.367100 0.672400
vt 0.367400 0.662800
vt 0.368000 0.653000
vt 0.368700 0.643100
vt 0.369200 0.633100
vt 0.381200 0.706300
vt 0.384300 0.709400
vt 0.387400 0.712500
vt 0.390500 0.715700
vt 0.393600 0.718800
vt 0.396800 0.721900
vt 0.359400 0.539700
vt 0.358700 0.543400
vt 0.343600 0.545700
vt 0.343700 0.541200
vt 0.328000 0.547300
vt 0.328100 0.542300
vt 0.312500 0.548300
vt 0.312500 0.543000
vt 0.296900 0.548800
vt 0.296900 0.543400
vt 0.281300 0.548900
vt 0.281300 0.543400
vt 0.265700 0.548600
vt 0.265700 0.543000
vt 0.250100 0.547900
vt 0.250100 0.542300
vt 0.234500 0.546800
vt 0.234500 0.541300
vt 0.218900 0.539900
vt 0.218800 0.545300
vt 0.203300 0.538000
vt 0.203200 0.543400
vt 0.187600 0.535700
vt 0.187600 0.540900
vt 0.172000 0.532900
vt 0.172000 0.537800
vt 0.156400 0.529700
vt 0.156300 0.534000
vt 0.140700 0.528700
vt 0.140800 0.526000
vt 0.359400 0.536400
vt 0.343800 0.537200
vt 0.328200 0.537900
vt 0.312600 0.538400
vt 0.297000 0.538600
vt 0.281400 0.538500
vt 0.265700 0.538100
vt 0.250100 0.537400
vt 0.234500 0.536400
vt 0.218900 0.535000
vt 0.203300 0.533400
vt 0.187700 0.531300
vt 0.172100 0.529000
vt 0.156400 0.526300
vt 0.140800 0.523500
vt 0.359400 0.533200
vt 0.343800 0.533700
vt 0.328200 0.534100
vt 0.312600 0.534300
vt 0.297000 0.534300
vt 0.281400 0.534100
vt 0.265800 0.533600
vt 0.250200 0.533000
vt 0.234500 0.532000
vt 0.218900 0.530800
vt 0.203300 0.529300
vt 0.187700 0.527600
vt 0.172100 0.525700
vt 0.156500 0.523500
vt 0.140900 0.521300
vt 0.359400 0.530200
vt 0.343800 0.530400
vt 0.328200 0.530500
vt 0.312600 0.530500
vt 0.297000 0.530400
vt 0.281400 0.530100
vt 0.265800 0.529700
vt 0.250200 0.529000
vt 0.234600 0.528100
vt 0.219000 0.527000
vt 0.203400 0.525800
vt 0.187700 0.524300
vt 0.172100 0.522700
vt 0.156500 0.521000
vt 0.140900 0.519200
vt 0.359400 0.527300
vt 0.343800 0.527300
vt 0.328200 0.527200
vt 0.312600 0.527100
vt 0.297000 0.526900
vt 0.281400 0.526500
vt 0.265800 0.526000
vt 0.250200 0.525400
vt 0.234600 0.524600
vt 0.219000 0.523700
vt 0.203400 0.522600
vt 0.187800 0.521400
vt 0.172200 0.520100
vt 0.156600 0.518700
vt 0.141000 0.517200
vt 0.359400 0.524400
vt 0.343800 0.524300
vt 0.328200 0.524100
vt 0.312600 0.523900
vt 0.297000 0.523600
vt 0.281400 0.523200
vt 0.265800 0.522800
vt 0.250200 0.522200
vt 0.234600 0.521500
vt 0.219000 0.520600
vt 0.203400 0.519700
vt 0.187800 0.518700
vt 0.172200 0.517700
vt 0.156600 0.516500
vt 0.141000 0.515400
vt 0.359400 0.521600
vt 0.343800 0.521400
vt 0.328200 0.521100
vt 0.312600 0.520900
vt 0.297000 0.520500
vt 0.281400 0.520200
vt 0.265900 0.519700
vt 0.250300 0.519200
vt 0.234700 0.518600
vt 0.219100 0.517900
vt 0.203500 0.517100
vt 0.187900 0.516300
vt 0.172300 0.515400
vt 0.156700 0.514500
vt 0.141100 0.513600
vt 0.359400 0.518800
vt 0.343800 0.518500
vt 0.328200 0.518300
vt 0.312600 0.518000
vt 0.297100 0.517600
vt 0.281500 0.517300
vt 0.265900 0.516800
vt 0.250300 0.516400
vt 0.234700 0.515800
vt 0.219100 0.515300
vt 0.203500 0.514600
vt 0.187900 0.514000
vt 0.172300 0.513300
vt 0.156700 0.512500
vt 0.141200 0.511800
vt 0.359400 0.516100
vt 0.343800 0.515800
vt 0.328200 0.515500
vt 0.312700 0.515200
vt 0.297100 0.514900
vt 0.281500 0.514500
vt 0.265900 0.514100
vt 0.250300 0.513700
vt 0.234700 0.513300
vt 0.219100 0.512800
vt 0.203600 0.512300
vt 0.188000 0.511800
vt 0.172400 0.511200
vt 0.156800 0.510600
vt 0.141200 0.510100
vt 0.359400 0.513300
vt 0.343800 0.513100
vt 0.328300 0.512800
vt 0.312700 0.512500
vt 0.297100 0.512200
vt 0.281500 0.511900
vt 0.265900 0.511600
vt 0.250300 0.511200
vt 0.234800 0.510900
vt 0.219200 0.510500
vt 0.203600 0.510100
vt 0.188000 0.509700
vt 0.172400 0.509200
vt 0.156900 0.508800
vt 0.141300 0.508300
vt 0.359400 0.510700
vt 0.343800 0.510400
vt 0.328300 0.510200
vt 0.312700 0.509900
vt 0.297100 0.509700
vt 0.281500 0.509400
vt 0.266000 0.509100
vt 0.250400 0.508900
vt 0.234800 0.508600
vt 0.219200 0.508300
vt 0.203600 0.507900
vt 0.188100 0.507600
vt 0.172500 0.507300
vt 0.156900 0.507000
vt 0.141300 0.506600
vt 0.359400 0.508000
vt 0.343900 0.507800
vt 0.328300 0.507600
vt 0.312700 0.507400
vt 0.297100 0.507200
vt 0.281600 0.507000
vt 0.266000 0.506800
vt 0.250400 0.506600
vt 0.234800 0.506300
vt 0.219300 0.506100
vt 0.203700 0.505900
vt 0.188100 0.505700
vt 0.172500 0.505400
vt 0.157000 0.505200
vt 0.141400 0.505000
vt 0.359400 0.505300
vt 0.343900 0.505200
vt 0.328300 0.505000
vt 0.312700 0.504900
vt 0.297100 0.504800
vt 0.281600 0.504600
vt 0.266000 0.504500
vt 0.250400 0.504300
vt 0.234900 0.504200
vt 0.219300 0.504000
vt 0.203700 0.503900
vt 0.188200 0.503800
vt 0.172600 0.503600
vt 0.157000 0.503500
vt 0.141500 0.503300
vt 0.359400 0.502700
vt 0.343900 0.502600
vt 0.328300 0.502500
vt 0.312700 0.502400
vt 0.297200 0.502400
vt 0.281600 0.502300
vt 0.266000 0.502200
vt 0.250500 0.502200
vt 0.234900 0.502100
vt 0.219300 0.502000
vt 0.203800 0.501900
vt 0.188200 0.501900
vt 0.172600 0.501800
vt 0.157100 0.501700
vt 0.141500 0.501700
vt 0.359000 0.547900
vt 0.375000 0.540900
vt 0.343200 0.551400
vt 0.327800 0.553200
vt 0.312400 0.554300
vt 0.296900 0.554900
vt 0.281300 0.555100
vt 0.265700 0.554800
vt 0.250100 0.554100
vt 0.234500 0.553100
vt 0.218800 0.551600
vt 0.203200 0.549600
vt 0.187600 0.547100
vt 0.171900 0.543900
vt 0.156300 0.539800
vt 0.140700 0.533100
vt 0.125100 0.523700
vt 0.125000 0.525300
vt 0.125100 0.522100
vt 0.125200 0.520500
vt 0.125300 0.518900
vt 0.125300 0.517400
vt 0.125400 0.515800
vt 0.125400 0.514200
vt 0.125500 0.512600
vt 0.125600 0.511100
vt 0.125600 0.509500
vt 0.125700 0.507900
vt 0.125800 0.506300
vt 0.125800 0.504700
vt 0.125900 0.503200
vt 0.125900 0.501600
vt 0.126000 0.500000
vt 0.141600 0.500000
vt 0.157100 0.500000
vt 0.172700 0.500000
vt 0.188300 0.500000
vt 0.203800 0.500000
vt 0.219400 0.500000
vt 0.234900 0.500000
vt 0.250500 0.500000
vt 0.266100 0.500000
vt 0.281600 0.500000
vt 0.297200 0.500000
vt 0.312800 0.500000
vt 0.328300 0.500000
vt 0.343900 0.500000
vt 0.359400 0.500000
vt 0.375000 0.502700
vt 0.375000 0.500000
vt 0.375000 0.505400
vt 0.375000 0.508200
vt 0.375000 0.510900
vt 0.375000 0.513600
vt 0.375000 0.516300
vt 0.375000 0.519100
vt 0.375000 0.521800
vt 0.375000 0.524500
vt 0.375000 0.527200
vt 0.375000 0.530000
vt 0.375000 0.532700
vt 0.375000 0.535400
vt 0.375000 0.538100
vt 0.140600 0.553500
vt 0.140600 0.542400
vt 0.156300 0.547600
vt 0.156300 0.557000
vt 0.171900 0.560100
vt 0.171900 0.551400
vt 0.187600 0.554400
vt 0.187500 0.562700
vt 0.203200 0.556800
vt 0.203200 0.564800
vt 0.218800 0.558700
vt 0.218800 0.566500
vt 0.234400 0.560100
vt 0.234400 0.567800
vt 0.250100 0.561100
vt 0.250000 0.568700
vt 0.265700 0.561700
vt 0.265700 0.569200
vt 0.281300 0.561900
vt 0.281200 0.569500
vt 0.296800 0.561800
vt 0.296700 0.569300
vt 0.312000 0.568800
vt 0.312200 0.561200
vt 0.327500 0.560100
vt 0.327100 0.567800
vt 0.342500 0.558400
vt 0.341700 0.566500
vt 0.356800 0.556200
vt 0.355300 0.564900
vt 0.140600 0.564700
vt 0.156300 0.567300
vt 0.171900 0.569600
vt 0.187500 0.571700
vt 0.203200 0.573500
vt 0.218800 0.574900
vt 0.234400 0.576000
vt 0.250000 0.576800
vt 0.265700 0.577300
vt 0.281200 0.577500
vt 0.296600 0.577400
vt 0.311800 0.577000
vt 0.326800 0.576300
vt 0.341100 0.575300
vt 0.354600 0.574100
vt 0.140600 0.576200
vt 0.156300 0.578000
vt 0.171900 0.579800
vt 0.187500 0.581400
vt 0.203200 0.582800
vt 0.218800 0.583900
vt 0.234400 0.584800
vt 0.250000 0.585400
vt 0.265600 0.585800
vt 0.281200 0.586000
vt 0.296600 0.585900
vt 0.311700 0.585600
vt 0.326600 0.585100
vt 0.340900 0.584400
vt 0.354500 0.583600
vt 0.140600 0.587800
vt 0.156300 0.589100
vt 0.171900 0.590300
vt 0.187500 0.591400
vt 0.203100 0.592400
vt 0.218800 0.593300
vt 0.234400 0.593900
vt 0.250000 0.594400
vt 0.265600 0.594700
vt 0.281200 0.594900
vt 0.296600 0.594800
vt 0.311700 0.594600
vt 0.326600 0.594300
vt 0.340900 0.593800
vt 0.354800 0.593300
vt 0.140600 0.599500
vt 0.156300 0.600300
vt 0.171900 0.601100
vt 0.187500 0.601800
vt 0.203100 0.602400
vt 0.218800 0.602900
vt 0.234400 0.603400
vt 0.250000 0.603700
vt 0.265600 0.603900
vt 0.281200 0.604000
vt 0.296600 0.604000
vt 0.311800 0.603800
vt 0.326600 0.603700
vt 0.341100 0.603400
vt 0.355100 0.603100
vt 0.156300 0.611600
vt 0.140600 0.611300
vt 0.171900 0.612000
vt 0.187500 0.612300
vt 0.203100 0.612600
vt 0.218800 0.612800
vt 0.234400 0.613000
vt 0.250000 0.613100
vt 0.265600 0.613200
vt 0.281200 0.613300
vt 0.296600 0.613300
vt 0.311800 0.613200
vt 0.326700 0.613100
vt 0.341300 0.613100
vt 0.355500 0.613000
vt 0.156300 0.623000
vt 0.140600 0.623100
vt 0.171900 0.622900
vt 0.187500 0.622900
vt 0.203100 0.622800
vt 0.218800 0.622800
vt 0.234400 0.622700
vt 0.250000 0.622700
vt 0.265600 0.622600
vt 0.281200 0.622600
vt 0.296600 0.622600
vt 0.311800 0.622600
vt 0.326800 0.622700
vt 0.341400 0.622800
vt 0.355700 0.622800
vt 0.156300 0.634400
vt 0.140600 0.634900
vt 0.171900 0.633900
vt 0.187500 0.633500
vt 0.203100 0.633100
vt 0.218800 0.632700
vt 0.234400 0.632400
vt 0.250000 0.632200
vt 0.265600 0.632100
vt 0.281200 0.632000
vt 0.296600 0.632000
vt 0.311800 0.632100
vt 0.326800 0.632200
vt 0.341400 0.632400
vt 0.355500 0.632700
vt 0.156300 0.645700
vt 0.140600 0.646700
vt 0.171900 0.644800
vt 0.187500 0.644000
vt 0.203100 0.643300
vt 0.218800 0.642600
vt 0.234400 0.642100
vt 0.250000 0.641700
vt 0.265600 0.641400
vt 0.281200 0.641300
vt 0.296600 0.641300
vt 0.311800 0.641400
vt 0.326700 0.641600
vt 0.341200 0.642000
vt 0.355200 0.642500
vt 0.156300 0.657000
vt 0.140600 0.658400
vt 0.171900 0.655600
vt 0.187500 0.654400
vt 0.203100 0.653300
vt 0.218800 0.652300
vt 0.234400 0.651500
vt 0.250000 0.651000
vt 0.265600 0.650600
vt 0.281200 0.650400
vt 0.296600 0.650400
vt 0.311700 0.650600
vt 0.326600 0.650900
vt 0.341000 0.651500
vt 0.354900 0.652200
vt 0.156300 0.668000
vt 0.140600 0.670000
vt 0.171900 0.666100
vt 0.187500 0.664400
vt 0.203200 0.663000
vt 0.218800 0.661700
vt 0.234400 0.660700
vt 0.250000 0.660000
vt 0.265700 0.659500
vt 0.281200 0.659200
vt 0.296600 0.659200
vt 0.311800 0.659500
vt 0.326600 0.660000
vt 0.341000 0.660700
vt 0.354600 0.661700
vt 0.156300 0.678800
vt 0.140600 0.681500
vt 0.171900 0.676400
vt 0.187500 0.674100
vt 0.203200 0.672300
vt 0.218800 0.670700
vt 0.234400 0.669500
vt 0.250000 0.668600
vt 0.265700 0.668000
vt 0.281200 0.667700
vt 0.296600 0.667800
vt 0.311900 0.668100
vt 0.326800 0.668800
vt 0.341200 0.669700
vt 0.354800 0.670900
vt 0.156300 0.689200
vt 0.140600 0.692700
vt 0.171900 0.686000
vt 0.187500 0.683300
vt 0.203200 0.681000
vt 0.218800 0.679300
vt 0.234400 0.677900
vt 0.250100 0.676800
vt 0.265700 0.676200
vt 0.281200 0.675800
vt 0.296700 0.675900
vt 0.312000 0.676300
vt 0.327100 0.677100
vt 0.341700 0.678300
vt 0.355400 0.679900
vt 0.156300 0.698600
vt 0.140600 0.703800
vt 0.171900 0.694800
vt 0.187600 0.691700
vt 0.203200 0.689200
vt 0.218800 0.687200
vt 0.234400 0.685600
vt 0.250100 0.684500
vt 0.265700 0.683800
vt 0.281300 0.683400
vt 0.296800 0.683400
vt 0.312200 0.683900
vt 0.327500 0.684800
vt 0.342500 0.686300
vt 0.356800 0.688200
vt 0.125000 0.537500
vt 0.125000 0.708800
vt 0.125000 0.696600
vt 0.125000 0.684300
vt 0.125000 0.672100
vt 0.125000 0.659900
vt 0.125000 0.647600
vt 0.125000 0.635400
vt 0.125000 0.623100
vt 0.125000 0.610900
vt 0.125000 0.598700
vt 0.125000 0.586400
vt 0.125000 0.574200
vt 0.125000 0.562000
vt 0.125000 0.549700
vt 0.000000 0.000000
vt 0.399300 0.036200
vt 0.407000 0.053400
vt 0.316400 0.078500
vt 0.235000 0.115400
vt 0.167100 0.167100
vt 0.145100 0.145100
s 1
g off
usemtl Goddard_None.001
f 4/1/1 5/2/1 2/3/1
f 6/4/2 5/2/2 4/1/2
f 4/1/2 7/5/2 6/4/2
f 1/6/3 3/7/3 9/7/4
f 9/7/4 8/6/3 1/6/3
f 10/8/5 11/9/6 12/10/6
f 12/10/6 13/11/6 10/8/5
f 14/12/7 15/13/7 13/11/7
f 13/11/7 12/10/7 14/12/7
f 15/13/8 14/12/8 16/14/9
f 16/14/9 17/15/8 15/13/8
f 17/15/10 16/14/10 18/16/10
f 18/16/10 19/17/10 17/15/10
f 18/16/11 20/18/11 21/19/11
f 21/19/11 19/17/11 18/16/11
f 21/19/12 20/18/13 22/20/12
f 22/20/12 23/21/14 21/19/12
f 23/21/15 22/20/15 24/22/15
f 24/22/15 25/23/15 23/21/15
f 26/24/16 10/8/17 13/11/18
f 13/11/18 27/25/17 26/24/16
f 27/25/19 13/11/19 15/13/19
f 15/13/19 28/26/19 27/25/19
f 15/13/20 17/15/20 29/27/20
f 29/27/20 28/26/20 15/13/20
f 29/27/21 17/15/21 19/17/21
f 19/17/21 30/28/21 29/27/21
f 30/28/22 19/17/22 21/19/22
f 21/19/22 31/29/22 30/28/22
f 21/19/23 23/21/23 32/30/23
f 32/30/23 31/29/23 21/19/23
f 32/30/24 23/21/25 25/23/25
f 25/23/25 33/31/26 32/30/24
f 26/24/27 27/25/28 34/32/28
f 34/32/28 35/33/28 26/24/27
f 34/32/29 27/25/30 28/26/31
f 28/26/31 36/34/30 34/32/29
f 36/34/32 28/26/32 29/27/32
f 29/27/32 37/35/33 36/34/32
f 30/28/34 38/36/34 37/35/34
f 37/35/34 29/27/34 30/28/34
f 38/36/35 30/28/35 31/29/35
f 31/29/35 39/37/35 38/36/35
f 39/37/36 31/29/36 32/30/37
f 32/30/37 40/38/37 39/37/36
f 32/30/38 33/31/39 41/39/39
f 41/39/39 40/38/39 32/30/38
f 42/40/40 35/33/40 34/32/40
f 34/32/40 43/41/41 42/40/40
f 36/34/42 44/42/43 43/41/43
f 43/41/43 34/32/43 36/34/42
f 44/42/44 36/34/44 37/35/44
f 45/43/45 42/40/45 43/41/45
f 43/41/45 46/44/45 45/43/45
f 46/44/46 43/41/47 44/42/47
f 45/43/48 46/44/49 47/45/50
f 47/45/50 48/46/51 45/43/48
f 49/47/52 50/48/53 51/49/53
f 51/49/53 52/50/53 49/47/52
f 53/51/54 54/52/54 51/49/54
f 51/49/54 50/48/54 53/51/54
f 55/7/55 54/52/55 53/51/55
f 53/51/55 56/6/56 55/7/55
f 52/50/57 51/49/57 57/53/57
f 57/53/57 58/54/57 52/50/57
f 51/49/58 54/52/59 59/55/59
f 59/55/59 57/53/59 51/49/58
f 55/7/60 60/56/60 59/55/61
f 59/55/61 54/52/62 55/7/60
f 55/7/63 61/3/63 62/2/63
f 62/2/63 60/56/63 55/7/63
f 57/53/64 63/57/64 64/58/64
f 64/58/64 58/54/64 57/53/64
f 57/53/65 59/55/65 65/59/65
f 65/59/65 63/57/65 57/53/65
f 59/55/66 60/56/67 66/60/67
f 66/60/67 65/59/67 59/55/66
f 60/56/68 62/2/68 67/4/68
f 67/4/68 66/60/68 60/56/68
f 64/58/69 63/57/69 68/61/69
f 68/61/69 69/62/69 64/58/69
f 65/59/70 70/63/71 68/61/71
f 68/61/71 63/57/70 65/59/70
f 65/59/72 66/60/72 71/64/73
f 71/64/73 70/63/72 65/59/72
f 66/60/74 67/4/74 72/65/75
f 72/65/75 71/64/74 66/60/74
f 69/62/76 68/61/77 73/66/77
f 73/66/77 74/67/77 69/62/76
f 68/61/78 70/63/78 75/68/78
f 75/68/78 73/66/78 68/61/78
f 70/63/79 71/64/79 76/69/79
f 76/69/79 75/68/79 70/63/79
f 71/64/80 72/65/80 77/70/80
f 77/70/80 76/69/81 71/64/80
f 74/67/82 73/66/82 78/71/82
f 78/71/82 79/72/82 74/67/82
f 73/66/83 75/68/83 80/73/83
f 80/73/83 78/71/83 73/66/83
f 75/68/84 76/69/84 81/74/84
f 81/74/84 80/73/84 75/68/84
f 77/70/85 82/75/86 81/74/85
f 81/74/85 76/69/85 77/70/85
f 83/76/87 84/77/88 85/78/88
f 85/78/88 86/79/88 83/76/87
f 86/79/89 85/78/89 87/80/89
f 87/80/89 88/81/89 86/79/89
f 89/82/90 90/83/90 88/81/90
f 88/81/90 87/80/90 89/82/90
f 90/83/91 89/82/91 91/84/91
f 91/84/91 92/85/91 90/83/91
f 92/85/92 91/84/92 93/86/92
f 93/86/92 94/87/92 92/85/92
f 93/86/93 95/88/93 96/89/93
f 96/89/93 94/87/93 93/86/93
f 96/89/94 95/88/94 97/90/94
f 97/90/94 98/91/94 96/89/94
f 86/79/95 99/92/95 100/93/95
f 100/93/95 83/76/95 86/79/95
f 99/92/96 86/79/96 88/81/96
f 88/81/96 101/94/96 99/92/96
f 101/94/97 88/81/97 90/83/97
f 90/83/97 102/95/98 101/94/97
f 92/85/99 103/96/99 102/95/99
f 102/95/99 90/83/99 92/85/99
f 103/96/100 92/85/100 94/87/100
f 94/87/100 104/97/100 103/96/100
f 104/97/101 94/87/101 96/89/101
f 96/89/101 105/98/101 104/97/101
f 96/89/102 98/91/103 106/99/103
f 106/99/103 105/98/103 96/89/102
f 107/100/104 100/93/104 99/92/104
f 99/92/104 108/101/104 107/100/104
f 99/92/105 101/94/105 109/102/105
f 109/102/105 108/101/105 99/92/105
f 109/102/106 101/94/107 102/95/107
f 102/95/107 110/103/107 109/102/106
f 110/103/108 102/95/108 103/96/108
f 103/96/108 111/104/108 110/103/108
f 104/97/109 112/105/109 111/104/109
f 111/104/109 103/96/109 104/97/109
f 112/105/110 104/97/110 105/98/110
f 105/98/110 113/106/110 112/105/110
f 113/106/111 105/98/112 106/99/113
f 106/99/113 114/107/112 113/106/111
f 115/108/114 107/100/114 108/101/114
f 108/101/114 116/109/114 115/108/114
f 116/109/115 108/101/115 109/102/115
f 109/102/115 117/110/115 116/109/115
f 110/103/116 118/111/117 117/110/118
f 117/110/118 109/102/117 110/103/116
f 118/111/119 110/103/120 111/104/119
f 111/104/119 119/112/119 118/111/119
f 119/112/121 111/104/121 112/105/121
f 112/105/121 120/113/121 119/112/121
f 113/106/122 121/114/122 120/113/122
f 120/113/122 112/105/122 113/106/122
f 121/114/123 113/106/123 114/107/123
f 114/107/123 122/115/123 121/114/123
f 123/116/124 120/113/124 121/114/124
f 124/117/125 125/118/125 126/119/126
f 126/119/126 127/120/125 124/117/125
f 128/121/127 129/122/128 127/120/129
f 127/120/129 126/119/130 128/121/127
f 129/122/131 128/121/132 130/123/133
f 130/123/133 131/124/132 129/122/131
f 131/124/134 130/123/135 132/125/136
f 132/125/136 133/126/135 131/124/134
f 132/125/137 134/127/138 135/128/138
f 135/128/138 133/126/138 132/125/137
f 135/128/139 134/127/139 136/129/140
f 136/129/140 137/130/141 135/128/139
f 137/130/141 136/129/140 138/131/142
f 138/131/142 139/132/143 137/130/141
f 140/133/144 124/117/144 127/120/145
f 127/120/145 141/134/144 140/133/144
f 141/134/146 127/120/146 129/122/147
f 129/122/147 142/135/146 141/134/146
f 131/124/148 143/136/149 142/135/150
f 142/135/150 129/122/150 131/124/148
f 143/136/151 131/124/152 133/126/152
f 133/126/152 144/137/152 143/136/151
f 144/137/153 133/126/154 135/128/154
f 135/128/154 145/138/154 144/137/153
f 135/128/155 137/130/156 146/139/156
f 146/139/156 145/138/156 135/128/155
f 147/140/157 148/141/157 140/133/157
f 140/133/157 141/134/157 147/140/157
f 142/135/158 149/142/158 147/140/158
f 147/140/158 141/134/158 142/135/158
f 150/143/159 149/142/159 142/135/159
f 142/135/159 143/136/159 150/143/159
f 143/136/160 144/137/160 151/144/160
f 151/144/160 150/143/160 143/136/160
f 148/141/161 147/140/161 152/145/161
f 152/145/161 153/146/161 148/141/161
f 154/147/162 152/145/162 147/140/162
f 147/140/162 149/142/162 154/147/162
f 155/148/163 154/147/163 149/142/163
f 149/142/163 150/143/163 155/148/163
f 155/148/164 150/143/164 151/144/164
f 152/145/165 157/149/165 158/150/165
f 158/150/165 153/146/165 152/145/165
f 154/147/166 159/151/166 157/149/166
f 157/149/166 152/145/166 154/147/166
f 159/151/167 154/147/167 155/148/167
f 155/148/167 160/152/167 159/151/167
f 160/152/168 155/148/168 156/153/168
f 162/154/169 158/150/169 157/149/169
f 157/149/169 163/155/169 162/154/169
f 159/151/170 164/156/170 163/155/170
f 163/155/170 157/149/170 159/151/170
f 160/152/171 165/157/171 164/156/171
f 164/156/171 159/151/171 160/152/171
f 161/158/172 166/159/172 165/157/172
f 24/22/173 79/72/174 78/71/173
f 78/71/173 25/23/173 24/22/173
f 25/23/175 78/71/175 80/73/175
f 80/73/175 33/31/175 25/23/175
f 80/73/176 81/74/176 41/39/176
f 41/39/176 33/31/176 80/73/176
f 41/39/177 81/74/178 82/75/178
f 97/90/179 162/154/180 163/155/180
f 163/155/180 98/91/180 97/90/179
f 98/91/181 163/155/181 164/156/182
f 164/156/182 106/99/181 98/91/181
f 164/156/183 165/157/183 114/107/183
f 114/107/183 106/99/183 164/156/183
f 114/107/184 165/157/184 166/159/184
f 166/159/184 122/115/184 114/107/184
f 48/46/51 47/45/50 139/132/143
f 139/132/143 138/131/142 48/46/51
f 167/160/185 168/161/186 169/162/187
f 169/162/187 11/9/188 167/160/185
f 12/10/189 11/9/189 169/162/190
f 169/162/190 170/163/189 12/10/189
f 14/12/191 12/10/191 170/163/191
f 170/163/191 171/164/191 14/12/191
f 172/165/192 16/14/193 14/12/192
f 14/12/192 171/164/194 172/165/192
f 173/166/195 18/16/195 16/14/195
f 16/14/195 172/165/195 173/166/195
f 174/167/196 20/18/196 18/16/196
f 18/16/196 173/166/196 174/167/196
f 20/18/197 174/167/197 175/168/197
f 175/168/197 22/20/197 20/18/197
f 176/169/198 24/22/199 22/20/200
f 22/20/200 175/168/201 176/169/198
f 177/170/202 167/160/202 11/9/203
f 11/9/203 10/8/202 177/170/202
f 26/24/204 178/171/204 177/170/204
f 177/170/204 10/8/204 26/24/204
f 35/33/205 179/172/205 178/171/205
f 178/171/205 26/24/205 35/33/205
f 42/40/206 180/173/206 179/172/206
f 179/172/206 35/33/206 42/40/206
f 45/43/207 181/174/208 180/173/209
f 180/173/209 42/40/209 45/43/207
f 48/46/210 182/175/211 181/174/208
f 181/174/208 45/43/207 48/46/210
f 138/131/212 183/176/213 182/175/211
f 182/175/211 48/46/210 138/131/212
f 184/177/214 185/178/215 49/47/216
f 49/47/216 186/179/215 184/177/214
f 49/47/217 185/178/217 187/180/217
f 187/180/217 50/48/217 49/47/217
f 187/180/218 188/181/218 53/51/218
f 53/51/218 50/48/218 187/180/218
f 188/181/219 189/182/219 56/6/219
f 56/6/219 53/51/219 188/181/219
f 52/50/220 190/183/220 186/179/220
f 186/179/220 49/47/220 52/50/220
f 52/50/221 58/54/221 191/184/221
f 191/184/221 190/183/221 52/50/221
f 192/185/222 191/184/222 58/54/222
f 58/54/222 64/58/222 192/185/222
f 64/58/223 69/62/223 193/186/223
f 193/186/223 192/185/223 64/58/223
f 193/186/224 69/62/224 74/67/224
f 74/67/224 194/187/224 193/186/224
f 79/72/225 195/188/225 194/187/225
f 194/187/225 74/67/225 79/72/225
f 24/22/226 176/169/226 195/188/227
f 195/188/227 79/72/226 24/22/226
f 196/189/228 84/77/228 197/190/229
f 197/190/229 198/191/230 196/189/228
f 85/78/231 84/77/231 196/189/231
f 196/189/231 199/192/231 85/78/231
f 200/193/232 87/80/232 85/78/232
f 85/78/232 199/192/232 200/193/232
f 201/194/233 89/82/233 87/80/233
f 87/80/233 200/193/233 201/194/233
f 202/195/234 91/84/234 89/82/234
f 89/82/234 201/194/234 202/195/234
f 93/86/235 91/84/235 202/195/235
f 202/195/235 203/196/235 93/86/235
f 95/88/236 93/86/236 203/196/236
f 203/196/236 204/197/236 95/88/236
f 95/88/237 204/197/238 205/198/238
f 205/198/238 97/90/239 95/88/237
f 83/76/240 206/199/241 197/190/241
f 197/190/241 84/77/241 83/76/240
f 206/199/242 83/76/242 100/93/242
f 100/93/242 207/200/242 206/199/242
f 107/100/243 208/201/243 207/200/243
f 207/200/243 100/93/243 107/100/243
f 209/202/244 208/201/245 107/100/245
f 107/100/245 115/108/246 209/202/244
f 210/203/247 125/118/248 211/204/248
f 211/204/248 212/205/248 210/203/247
f 125/118/249 210/203/250 213/206/250
f 213/206/250 126/119/250 125/118/249
f 126/119/251 213/206/251 214/207/251
f 214/207/251 128/121/251 126/119/251
f 128/121/252 214/207/253 215/208/253
f 215/208/253 130/123/253 128/121/252
f 130/123/254 215/208/254 216/209/254
f 216/209/254 132/125/254 130/123/254
f 132/125/255 216/209/255 217/210/256
f 217/210/256 134/127/257 132/125/255
f 134/127/257 217/210/256 218/211/258
f 218/211/258 136/129/259 134/127/257
f 136/129/259 218/211/258 183/176/213
f 183/176/213 138/131/212 136/129/259
f 124/117/260 219/212/260 211/204/260
f 211/204/260 125/118/260 124/117/260
f 140/133/261 220/213/261 219/212/261
f 219/212/261 124/117/261 140/133/261
f 148/141/262 221/214/262 220/213/262
f 220/213/262 140/133/262 148/141/262
f 153/146/263 222/215/263 221/214/263
f 221/214/263 148/141/263 153/146/263
f 158/150/264 223/216/265 222/215/265
f 222/215/265 153/146/265 158/150/264
f 162/154/266 224/217/266 223/216/266
f 223/216/266 158/150/266 162/154/266
f 205/198/267 224/217/267 162/154/268
f 162/154/268 97/90/267 205/198/267
f 225/218/269 226/219/269 227/220/269
f 227/220/269 228/221/269 225/218/269
f 229/222/270 230/223/270 228/221/270
f 228/221/270 227/220/270 229/222/270
f 231/224/271 232/225/272 230/223/273
f 230/223/273 229/222/271 231/224/271
f 228/221/274 233/226/275 234/227/275
f 234/227/275 225/218/274 228/221/274
f 230/223/276 235/228/276 233/226/276
f 233/226/276 228/221/276 230/223/276
f 235/228/277 230/223/273 232/225/272
f 232/225/272 236/229/278 235/228/277
f 233/226/279 237/230/280 238/231/281
f 238/231/281 234/227/279 233/226/279
f 237/230/282 233/226/282 235/228/282
f 235/228/282 239/232/282 237/230/282
f 236/229/283 240/233/284 239/232/285
f 239/232/285 235/228/283 236/229/283
f 241/234/286 238/231/286 237/230/287
f 237/230/287 242/235/286 241/234/286
f 239/232/288 243/236/288 242/235/288
f 242/235/288 237/230/288 239/232/288
f 240/233/284 244/237/289 243/236/289
f 243/236/289 239/232/285 240/233/284
f 242/235/290 245/238/290 246/239/290
f 246/239/290 241/234/291 242/235/290
f 243/236/292 247/240/293 245/238/293
f 245/238/293 242/235/292 243/236/292
f 247/240/294 243/236/295 244/237/295
f 244/237/295 248/241/296 247/240/294
f 245/238/297 249/242/298 250/243/299
f 250/243/299 246/239/300 245/238/297
f 249/242/301 245/238/302 247/240/301
f 247/240/301 251/244/302 249/242/301
f 248/241/296 252/245/303 251/244/303
f 251/244/303 247/240/294 248/241/296
f 253/246/304 250/243/305 249/242/306
f 249/242/306 254/247/307 253/246/304
f 251/244/308 255/248/309 254/247/309
f 254/247/309 249/242/308 251/244/308
f 252/245/310 256/249/311 255/248/312
f 255/248/312 251/244/310 252/245/310
f 254/247/313 257/250/314 258/251/314
f 258/251/314 253/246/313 254/247/313
f 255/248/315 259/252/316 257/250/317
f 257/250/317 254/247/317 255/248/315
f 259/252/318 255/248/312 256/249/311
f 256/249/311 260/253/318 259/252/318
f 257/250/319 261/254/319 262/255/319
f 262/255/319 258/251/319 257/250/319
f 261/254/320 257/250/320 259/252/320
f 259/252/320 263/256/320 261/254/320
f 260/253/321 264/257/321 263/256/321
f 263/256/321 259/252/321 260/253/321
f 265/258/322 262/255/322 261/254/322
f 261/254/322 266/259/322 265/258/322
f 263/256/323 267/260/324 266/259/323
f 266/259/323 261/254/323 263/256/323
f 264/257/325 268/261/325 267/260/325
f 267/260/325 263/256/325 264/257/325
f 266/259/326 269/262/326 270/263/326
f 270/263/326 265/258/326 266/259/326
f 267/260/327 271/264/327 269/262/327
f 269/262/327 266/259/327 267/260/327
f 271/264/328 267/260/329 268/261/330
f 268/261/330 272/265/331 271/264/328
f 269/262/332 273/266/332 274/267/332
f 274/267/332 270/263/332 269/262/332
f 273/266/333 269/262/334 271/264/333
f 271/264/333 275/268/333 273/266/333
f 272/265/335 276/269/335 275/268/336
f 275/268/336 271/264/337 272/265/335
f 277/270/338 274/267/339 273/266/339
f 273/266/339 278/271/339 277/270/338
f 275/268/340 279/272/340 278/271/340
f 278/271/340 273/266/340 275/268/340
f 276/269/341 280/273/341 279/272/341
f 279/272/341 275/268/341 276/269/341
f 278/271/342 281/274/342 282/275/342
f 282/275/342 277/270/342 278/271/342
f 279/272/343 283/276/344 281/274/343
f 281/274/343 278/271/343 279/272/343
f 283/276/345 279/272/346 280/273/345
f 280/273/345 284/277/345 283/276/345
f 285/278/347 286/279/347 287/280/347
f 287/280/347 226/219/347 285/278/347
f 227/220/348 226/219/348 287/280/348
f 287/280/348 288/281/348 227/220/348
f 289/282/349 229/222/349 227/220/349
f 227/220/349 288/281/349 289/282/349
f 290/283/350 231/224/350 229/222/350
f 229/222/350 289/282/350 290/283/350
f 284/277/351 189/284/351 188/285/351
f 188/285/351 283/276/351 284/277/351
f 187/286/352 281/274/352 283/276/352
f 283/276/352 188/285/352 187/286/352
f 187/286/353 185/287/353 282/275/353
f 282/275/353 281/274/353 187/286/353
f 282/275/354 185/287/354 184/288/354
f 184/288/354 291/289/354 282/275/354
f 277/270/355 282/275/355 291/289/355
f 291/289/355 292/290/355 277/270/355
f 292/290/356 293/291/357 274/267/357
f 274/267/357 277/270/357 292/290/356
f 293/291/358 294/292/358 270/263/359
f 270/263/359 274/267/358 293/291/358
f 270/263/360 294/292/360 295/293/361
f 295/293/361 265/258/362 270/263/360
f 265/258/363 295/293/363 296/294/363
f 296/294/363 262/255/363 265/258/363
f 297/295/364 258/251/365 262/255/366
f 262/255/366 296/294/367 297/295/364
f 258/251/368 297/295/368 298/296/368
f 298/296/368 253/246/368 258/251/368
f 253/246/369 298/296/370 299/297/371
f 299/297/371 250/243/372 253/246/369
f 300/298/373 246/239/374 250/243/375
f 250/243/375 299/297/376 300/298/373
f 301/299/377 241/234/377 246/239/378
f 246/239/378 300/298/379 301/299/377
f 302/300/380 238/231/380 241/234/381
f 241/234/381 301/299/382 302/300/380
f 303/301/383 234/227/384 238/231/385
f 238/231/385 302/300/386 303/301/383
f 304/302/387 225/218/388 234/227/389
f 234/227/389 303/301/388 304/302/387
f 225/218/390 304/302/390 285/278/390
f 285/278/390 226/219/390 225/218/390
f 305/303/391 306/304/391 307/305/391
f 307/305/391 308/306/391 305/303/391
f 307/305/392 309/307/392 310/308/392
f 310/308/392 308/306/392 307/305/392
f 309/307/393 311/309/393 312/310/393
f 312/310/393 310/308/393 309/307/393
f 312/310/394 311/309/394 313/311/395
f 313/311/395 314/312/396 312/310/394
f 305/303/397 308/306/397 315/313/397
f 315/313/397 316/314/397 305/303/397
f 308/306/398 310/308/398 317/315/398
f 317/315/398 315/313/398 308/306/398
f 310/308/399 312/310/399 318/316/399
f 318/316/399 317/315/399 310/308/399
f 312/310/400 314/312/400 319/317/401
f 319/317/401 318/316/400 312/310/400
f 316/314/402 315/313/402 320/318/402
f 320/318/402 321/319/402 316/314/402
f 315/313/403 317/315/403 322/320/403
f 322/320/403 320/318/403 315/313/403
f 317/315/404 318/316/405 323/321/406
f 323/321/406 322/320/404 317/315/404
f 318/316/405 319/317/407 324/322/407
f 324/322/407 323/321/406 318/316/405
f 321/319/408 320/318/408 325/323/408
f 325/323/408 326/324/408 321/319/408
f 320/318/409 322/320/409 327/325/409
f 327/325/409 325/323/409 320/318/409
f 322/320/410 323/321/411 328/326/412
f 328/326/412 327/325/410 322/320/410
f 323/321/411 324/322/413 329/327/413
f 329/327/413 328/326/412 323/321/411
f 326/324/414 325/323/414 330/328/414
f 330/328/414 331/329/414 326/324/414
f 325/323/415 327/325/415 332/330/416
f 332/330/416 330/328/415 325/323/415
f 327/325/417 328/326/417 333/331/417
f 333/331/417 332/330/417 327/325/417
f 328/326/418 329/327/419 334/332/420
f 334/332/420 333/331/418 328/326/418
f 331/329/421 330/328/422 335/333/422
f 335/333/422 336/334/422 331/329/421
f 330/328/423 332/330/423 337/335/423
f 337/335/423 335/333/423 330/328/423
f 332/330/424 333/331/424 338/336/424
f 338/336/424 337/335/424 332/330/424
f 334/332/425 339/337/426 338/336/427
f 338/336/427 333/331/428 334/332/425
f 336/334/429 335/333/430 340/338/431
f 340/338/431 341/339/432 336/334/429
f 335/333/433 337/335/433 342/340/433
f 342/340/433 340/338/433 335/333/433
f 337/335/434 338/336/434 343/341/435
f 343/341/435 342/340/435 337/335/434
f 338/336/436 339/337/437 344/342/438
f 344/342/438 343/341/438 338/336/436
f 341/339/439 340/338/440 345/343/441
f 345/343/441 346/344/442 341/339/439
f 340/338/443 342/340/444 347/345/445
f 347/345/445 345/343/444 340/338/443
f 343/341/446 348/346/447 347/345/448
f 347/345/448 342/340/446 343/341/446
f 343/341/449 344/342/449 349/347/450
f 349/347/450 348/346/449 343/341/449
f 346/344/451 345/343/452 350/348/453
f 350/348/453 351/349/454 346/344/451
f 345/343/455 347/345/455 352/350/456
f 352/350/456 350/348/457 345/343/455
f 347/345/458 348/346/459 353/351/460
f 353/351/460 352/350/461 347/345/458
f 349/347/462 354/352/463 353/351/463
f 353/351/463 348/346/463 349/347/462
f 351/349/464 350/348/464 355/353/465
f 355/353/465 356/354/466 351/349/464
f 352/350/467 357/355/467 355/353/467
f 355/353/467 350/348/467 352/350/467
f 352/350/468 353/351/469 358/356/468
f 358/356/468 357/355/470 352/350/468
f 353/351/471 354/352/472 359/357/471
f 359/357/471 358/356/471 353/351/471
f 356/354/473 355/353/473 360/358/474
f 360/358/474 361/359/475 356/354/473
f 355/353/476 357/355/476 362/360/476
f 362/360/476 360/358/476 355/353/476
f 358/356/477 363/361/477 362/360/477
f 362/360/477 357/355/477 358/356/477
f 358/356/478 359/357/479 364/362/479
f 364/362/479 363/361/479 358/356/478
f 361/359/480 360/358/481 365/363/481
f 365/363/481 366/364/482 361/359/480
f 360/358/483 362/360/484 367/365/484
f 367/365/484 365/363/484 360/358/483
f 362/360/485 363/361/485 368/366/485
f 368/366/485 367/365/485 362/360/485
f 363/361/486 364/362/487 369/367/488
f 369/367/488 368/366/489 363/361/486
f 366/364/490 365/363/490 370/368/490
f 370/368/490 371/369/490 366/364/490
f 367/365/491 372/370/491 370/368/491
f 370/368/491 365/363/491 367/365/491
f 367/365/492 368/366/492 373/371/492
f 373/371/492 372/370/492 367/365/492
f 368/366/489 369/367/488 374/372/493
f 374/372/493 373/371/493 368/366/489
f 371/369/494 370/368/494 375/373/494
f 375/373/494 376/374/494 371/369/494
f 370/368/495 372/370/495 377/375/495
f 377/375/495 375/373/495 370/368/495
f 372/370/496 373/371/497 378/376/496
f 378/376/496 377/375/496 372/370/496
f 373/371/498 374/372/499 379/377/500
f 379/377/500 378/376/501 373/371/498
f 198/191/502 197/190/502 306/304/502
f 306/304/502 380/378/502 198/191/502
f 206/199/503 307/305/503 306/304/503
f 306/304/503 197/190/503 206/199/503
f 207/200/504 309/307/504 307/305/504
f 307/305/504 206/199/504 207/200/504
f 208/201/505 311/309/505 309/307/505
f 309/307/505 207/200/505 208/201/505
f 209/202/506 313/311/506 311/309/506
f 311/309/506 208/201/506 209/202/506
f 377/375/507 378/376/508 381/379/507
f 381/379/507 382/380/507 377/375/507
f 377/375/509 382/380/509 383/381/509
f 383/381/509 375/373/509 377/375/509
f 384/382/510 376/374/510 375/373/510
f 375/373/510 383/381/510 384/382/510
f 384/382/511 385/383/511 386/384/511
f 386/384/511 376/374/511 384/382/511
f 376/374/512 386/384/512 387/385/512
f 387/385/512 371/369/512 376/374/512
f 388/386/513 366/364/513 371/369/513
f 371/369/513 387/385/513 388/386/513
f 366/364/514 388/386/515 389/387/516
f 389/387/516 361/359/515 366/364/514
f 361/359/517 389/387/518 390/388/519
f 390/388/519 356/354/520 361/359/517
f 391/389/521 351/349/522 356/354/523
f 356/354/523 390/388/524 391/389/521
f 351/349/525 391/389/526 392/390/527
f 392/390/527 346/344/528 351/349/525
f 346/344/529 392/390/530 393/391/531
f 393/391/531 341/339/532 346/344/529
f 394/392/533 336/334/533 341/339/533
f 341/339/533 393/391/533 394/392/533
f 336/334/534 394/392/535 395/393/536
f 395/393/536 331/329/536 336/334/534
f 331/329/537 395/393/538 396/394/538
f 396/394/538 326/324/539 331/329/537
f 397/395/540 321/319/540 326/324/541
f 326/324/541 396/394/541 397/395/540
f 321/319/542 397/395/542 398/396/542
f 398/396/542 316/314/542 321/319/542
f 316/314/543 398/396/544 399/397/544
f 399/397/544 305/303/544 316/314/543
f 305/303/545 399/397/545 380/378/545
f 380/378/545 306/304/545 305/303/545
f 400/398/546 401/399/546 402/400/546
f 402/400/546 403/401/546 400/398/546
f 400/398/547 404/402/547 405/403/547
f 405/403/547 401/399/547 400/398/547
f 404/402/548 406/404/548 407/405/548
f 407/405/548 405/403/548 404/402/548
f 408/406/549 409/407/550 407/405/550
f 407/405/550 406/404/550 408/406/549
f 408/406/551 410/408/552 411/409/553
f 411/409/553 409/407/551 408/406/551
f 410/408/554 412/410/555 413/411/556
f 413/411/556 411/409/557 410/408/554
f 412/410/558 414/412/559 415/413/560
f 415/413/560 413/411/561 412/410/558
f 414/412/562 416/414/563 417/415/563
f 417/415/563 415/413/564 414/412/562
f 416/414/565 418/416/566 419/417/566
f 419/417/566 417/415/567 416/414/565
f 420/418/568 421/419/568 419/417/569
f 419/417/569 418/416/568 420/418/568
f 420/418/570 422/420/570 423/421/571
f 423/421/571 421/419/572 420/418/570
f 424/422/573 425/423/573 423/421/573
f 423/421/573 422/420/573 424/422/573
f 424/422/574 426/424/575 427/425/574
f 427/425/574 425/423/575 424/422/574
f 426/424/576 428/426/576 429/427/576
f 429/427/576 427/425/576 426/424/576
f 402/400/577 401/399/577 430/428/577
f 430/428/577 431/429/577 402/400/577
f 401/399/578 405/403/578 432/430/578
f 432/430/578 430/428/578 401/399/578
f 405/403/579 407/405/579 433/431/579
f 433/431/579 432/430/580 405/403/579
f 407/405/581 409/407/582 434/432/582
f 434/432/582 433/431/583 407/405/581
f 409/407/584 411/409/585 435/433/584
f 435/433/584 434/432/586 409/407/584
f 411/409/587 413/411/588 436/434/589
f 436/434/589 435/433/590 411/409/587
f 413/411/591 415/413/592 437/435/593
f 437/435/593 436/434/594 413/411/591
f 415/413/595 417/415/596 438/436/597
f 438/436/597 437/435/595 415/413/595
f 417/415/598 419/417/598 439/437/598
f 439/437/598 438/436/598 417/415/598
f 419/417/599 421/419/599 440/438/599
f 440/438/599 439/437/599 419/417/599
f 421/419/600 423/421/600 441/439/600
f 441/439/600 440/438/600 421/419/600
f 425/423/601 442/440/601 441/439/601
f 441/439/601 423/421/601 425/423/601
f 427/425/602 443/441/602 442/440/602
f 442/440/602 425/423/602 427/425/602
f 427/425/603 429/427/603 444/442/603
f 444/442/603 443/441/603 427/425/603
f 430/428/604 445/443/604 446/444/604
f 446/444/604 431/429/604 430/428/604
f 430/428/605 432/430/605 447/445/605
f 447/445/605 445/443/605 430/428/605
f 433/431/606 448/446/607 447/445/607
f 447/445/607 432/430/607 433/431/606
f 434/432/608 449/447/608 448/446/608
f 448/446/608 433/431/608 434/432/608
f 434/432/609 435/433/610 450/448/610
f 450/448/610 449/447/610 434/432/609
f 435/433/611 436/434/612 451/449/612
f 451/449/612 450/448/613 435/433/611
f 437/435/614 452/450/615 451/449/616
f 451/449/616 436/434/615 437/435/614
f 437/435/617 438/436/618 453/451/619
f 453/451/619 452/450/620 437/435/617
f 439/437/621 454/452/621 453/451/622
f 453/451/622 438/436/623 439/437/621
f 440/438/624 455/453/624 454/452/624
f 454/452/624 439/437/624 440/438/624
f 440/438/625 441/439/625 456/454/625
f 456/454/625 455/453/625 440/438/625
f 442/440/626 457/455/626 456/454/626
f 456/454/626 441/439/627 442/440/626
f 443/441/628 458/456/628 457/455/628
f 457/455/628 442/440/628 443/441/628
f 443/441/629 444/442/629 459/457/629
f 459/457/629 458/456/629 443/441/629
f 445/443/630 460/458/630 461/459/630
f 461/459/630 446/444/630 445/443/630
f 445/443/631 447/445/631 462/460/631
f 462/460/631 460/458/631 445/443/631
f 447/445/632 448/446/632 463/461/633
f 463/461/633 462/460/633 447/445/632
f 449/447/634 464/462/635 463/461/636
f 463/461/636 448/446/634 449/447/634
f 449/447/637 450/448/638 465/463/639
f 465/463/639 464/462/637 449/447/637
f 451/449/640 466/464/641 465/463/641
f 465/463/641 450/448/642 451/449/640
f 452/450/643 467/465/644 466/464/645
f 466/464/645 451/449/646 452/450/643
f 452/450/647 453/451/648 468/466/649
f 468/466/649 467/465/650 452/450/647
f 453/451/651 454/452/652 469/467/653
f 469/467/653 468/466/652 453/451/651
f 455/453/654 470/468/654 469/467/654
f 469/467/654 454/452/654 455/453/654
f 455/453/655 456/454/655 471/469/655
f 471/469/655 470/468/655 455/453/655
f 457/455/656 472/470/657 471/469/657
f 471/469/657 456/454/656 457/455/656
f 458/456/658 473/471/658 472/470/658
f 472/470/658 457/455/658 458/456/658
f 458/456/659 459/457/659 474/472/660
f 474/472/660 473/471/659 458/456/659
f 460/458/661 475/473/661 476/474/661
f 476/474/661 461/459/661 460/458/661
f 460/458/662 462/460/662 477/475/662
f 477/475/662 475/473/663 460/458/662
f 462/460/664 463/461/665 478/476/666
f 478/476/666 477/475/665 462/460/664
f 464/462/667 479/477/667 478/476/667
f 478/476/667 463/461/667 464/462/667
f 464/462/668 465/463/668 480/478/668
f 480/478/668 479/477/669 464/462/668
f 465/463/670 466/464/670 481/479/670
f 481/479/670 480/478/671 465/463/670
f 467/465/672 482/480/672 481/479/673
f 481/479/673 466/464/673 467/465/672
f 467/465/674 468/466/675 483/481/675
f 483/481/675 482/480/674 467/465/674
f 469/467/676 484/482/676 483/481/676
f 483/481/676 468/466/677 469/467/676
f 470/468/678 485/483/678 484/482/678
f 484/482/678 469/467/678 470/468/678
f 470/468/679 471/469/679 486/484/680
f 486/484/680 485/483/679 470/468/679
f 472/470/681 487/485/681 486/484/681
f 486/484/681 471/469/681 472/470/681
f 473/471/682 488/486/682 487/485/682
f 487/485/682 472/470/682 473/471/682
f 473/471/683 474/472/683 489/487/683
f 489/487/683 488/486/683 473/471/683
f 475/473/684 490/488/684 491/489/684
f 491/489/684 476/474/684 475/473/684
f 475/473/685 477/475/686 492/490/687
f 492/490/687 490/488/685 475/473/685
f 477/475/688 478/476/688 493/491/688
f 493/491/688 492/490/688 477/475/688
f 479/477/689 494/492/690 493/491/691
f 493/491/691 478/476/692 479/477/689
f 479/477/693 480/478/693 495/493/694
f 495/493/694 494/492/693 479/477/693
f 481/479/695 496/494/696 495/493/697
f 495/493/697 480/478/698 481/479/695
f 482/480/699 497/495/700 496/494/700
f 496/494/700 481/479/701 482/480/699
f 482/480/702 483/481/703 498/496/702
f 498/496/702 497/495/703 482/480/702
f 484/482/704 499/497/705 498/496/706
f 498/496/706 483/481/705 484/482/704
f 485/483/707 500/498/708 499/497/709
f 499/497/709 484/482/710 485/483/707
f 485/483/711 486/484/711 501/499/711
f 501/499/711 500/498/711 485/483/711
f 486/484/712 487/485/712 502/500/712
f 502/500/712 501/499/712 486/484/712
f 488/486/713 503/501/714 502/500/713
f 502/500/713 487/485/713 488/486/713
f 488/486/715 489/487/715 504/502/715
f 504/502/715 503/501/716 488/486/715
f 490/488/717 505/503/717 506/504/717
f 506/504/717 491/489/717 490/488/717
f 490/488/718 492/490/718 507/505/719
f 507/505/719 505/503/720 490/488/718
f 493/491/721 508/506/722 507/505/721
f 507/505/721 492/490/723 493/491/721
f 494/492/724 509/507/725 508/506/724
f 508/506/724 493/491/726 494/492/724
f 494/492/727 495/493/728 510/508/728
f 510/508/728 509/507/729 494/492/727
f 496/494/730 511/509/731 510/508/732
f 510/508/732 495/493/730 496/494/730
f 497/495/733 512/510/733 511/509/733
f 511/509/733 496/494/733 497/495/733
f 497/495/734 498/496/735 513/511/736
f 513/511/736 512/510/734 497/495/734
f 498/496/737 499/497/737 514/512/737
f 514/512/737 513/511/737 498/496/737
f 500/498/738 515/513/739 514/512/740
f 514/512/740 499/497/739 500/498/738
f 500/498/741 501/499/741 516/514/741
f 516/514/741 515/513/741 500/498/741
f 501/499/742 502/500/743 517/515/743
f 517/515/743 516/514/743 501/499/742
f 503/501/744 518/516/745 517/515/744
f 517/515/744 502/500/744 503/501/744
f 503/501/746 504/502/746 519/517/746
f 519/517/746 518/516/746 503/501/746
f 505/503/747 520/518/747 521/519/747
f 521/519/747 506/504/747 505/503/747
f 505/503/748 507/505/748 522/520/748
f 522/520/748 520/518/748 505/503/748
f 507/505/749 508/506/750 523/521/749
f 523/521/749 522/520/749 507/505/749
f 524/522/751 523/521/751 508/506/751
f 508/506/751 509/507/751 524/522/751
f 525/523/752 524/522/752 509/507/753
f 509/507/753 510/508/752 525/523/752
f 525/523/754 510/508/754 511/509/754
f 511/509/754 526/524/754 525/523/754
f 511/509/755 512/510/756 527/525/756
f 527/525/756 526/524/755 511/509/755
f 512/510/757 513/511/757 528/526/758
f 528/526/758 527/525/759 512/510/757
f 513/511/760 514/512/760 529/527/761
f 529/527/761 528/526/761 513/511/760
f 530/528/762 529/527/762 514/512/762
f 514/512/762 515/513/762 530/528/762
f 531/529/763 530/528/764 515/513/764
f 515/513/764 516/514/765 531/529/763
f 517/515/766 532/530/767 531/529/768
f 531/529/768 516/514/769 517/515/766
f 533/531/770 532/530/771 517/515/772
f 517/515/772 518/516/773 533/531/770
f 534/532/774 533/531/775 518/516/774
f 518/516/774 519/517/776 534/532/774
f 535/533/777 536/534/777 521/519/777
f 521/519/777 520/518/777 535/533/777
f 537/535/778 535/533/778 520/518/778
f 520/518/778 522/520/778 537/535/778
f 523/521/779 538/536/780 537/535/781
f 537/535/781 522/520/779 523/521/779
f 538/536/782 523/521/782 524/522/783
f 524/522/783 539/537/783 538/536/782
f 539/537/784 524/522/784 525/523/784
f 525/523/784 540/538/784 539/537/784
f 540/538/785 525/523/786 526/524/785
f 526/524/785 541/539/787 540/538/785
f 542/540/788 541/539/789 526/524/790
f 526/524/790 527/525/791 542/540/788
f 543/541/792 542/540/793 527/525/793
f 527/525/793 528/526/793 543/541/792
f 529/527/794 544/542/795 543/541/796
f 543/541/796 528/526/797 529/527/794
f 544/542/798 529/527/798 530/528/798
f 530/528/798 545/543/798 544/542/798
f 545/543/799 530/528/799 531/529/800
f 531/529/800 546/544/799 545/543/799
f 532/530/801 547/545/801 546/544/801
f 546/544/801 531/529/801 532/530/801
f 547/545/802 532/530/802 533/531/802
f 533/531/802 548/546/802 547/545/802
f 548/546/803 533/531/803 534/532/803
f 534/532/803 549/547/803 548/546/803
f 550/548/804 536/534/804 535/533/804
f 535/533/804 551/549/804 550/548/804
f 551/549/805 535/533/805 537/535/805
f 537/535/805 552/550/805 551/549/805
f 538/536/806 553/551/806 552/550/806
f 552/550/806 537/535/806 538/536/806
f 553/551/807 538/536/807 539/537/807
f 539/537/807 554/552/807 553/551/807
f 554/552/808 539/537/808 540/538/808
f 540/538/808 555/553/808 554/552/808
f 541/539/809 556/554/809 555/553/809
f 555/553/809 540/538/809 541/539/809
f 556/554/810 541/539/810 542/540/811
f 542/540/811 557/555/812 556/554/810
f 557/555/813 542/540/814 543/541/815
f 543/541/815 558/556/816 557/555/813
f 544/542/817 559/557/818 558/556/818
f 558/556/818 543/541/819 544/542/817
f 559/557/820 544/542/821 545/543/822
f 545/543/822 560/558/820 559/557/820
f 560/558/823 545/543/823 546/544/824
f 546/544/824 561/559/823 560/558/823
f 547/545/825 562/560/825 561/559/825
f 561/559/825 546/544/825 547/545/825
f 562/560/826 547/545/826 548/546/826
f 548/546/826 563/561/826 562/560/826
f 563/561/827 548/546/827 549/547/827
f 549/547/827 564/562/827 563/561/827
f 565/563/828 550/548/828 551/549/828
f 551/549/828 566/564/828 565/563/828
f 566/564/829 551/549/829 552/550/830
f 552/550/830 567/565/829 566/564/829
f 553/551/831 568/566/831 567/565/831
f 567/565/831 552/550/831 553/551/831
f 568/566/832 553/551/832 554/552/832
f 554/552/832 569/567/832 568/566/832
f 569/567/833 554/552/833 555/553/833
f 555/553/833 570/568/833 569/567/833
f 556/554/834 571/569/834 570/568/834
f 570/568/834 555/553/834 556/554/834
f 571/569/835 556/554/835 557/555/836
f 557/555/836 572/570/837 571/569/835
f 572/570/838 557/555/838 558/556/839
f 558/556/839 573/571/839 572/570/838
f 559/557/840 574/572/840 573/571/841
f 573/571/841 558/556/842 559/557/840
f 574/572/843 559/557/843 560/558/844
f 560/558/844 575/573/843 574/572/843
f 575/573/845 560/558/845 561/559/845
f 561/559/845 576/574/845 575/573/845
f 562/560/846 577/575/846 576/574/846
f 576/574/846 561/559/846 562/560/846
f 577/575/847 562/560/847 563/561/847
f 563/561/847 578/576/847 577/575/847
f 578/576/848 563/561/848 564/562/848
f 564/562/848 579/577/848 578/576/848
f 580/578/849 565/563/849 566/564/849
f 566/564/849 581/579/849 580/578/849
f 581/579/850 566/564/850 567/565/850
f 567/565/850 582/580/850 581/579/850
f 568/566/851 583/581/851 582/580/851
f 582/580/851 567/565/851 568/566/851
f 583/581/852 568/566/852 569/567/852
f 569/567/852 584/582/852 583/581/852
f 584/582/853 569/567/853 570/568/853
f 570/568/853 585/583/853 584/582/853
f 571/569/854 586/584/854 585/583/855
f 585/583/855 570/568/854 571/569/854
f 586/584/856 571/569/856 572/570/857
f 572/570/857 587/585/856 586/584/856
f 587/585/858 572/570/859 573/571/860
f 573/571/860 588/586/860 587/585/858
f 574/572/861 589/587/861 588/586/862
f 588/586/862 573/571/862 574/572/861
f 589/587/863 574/572/863 575/573/863
f 575/573/863 590/588/863 589/587/863
f 590/588/864 575/573/864 576/574/864
f 576/574/864 591/589/864 590/588/864
f 577/575/865 592/590/865 591/589/865
f 591/589/865 576/574/865 577/575/865
f 592/590/866 577/575/866 578/576/866
f 578/576/866 593/591/866 592/590/866
f 593/591/867 578/576/867 579/577/867
f 579/577/867 594/592/867 593/591/867
f 595/593/868 580/578/868 581/579/868
f 581/579/868 596/594/868 595/593/868
f 596/594/869 581/579/869 582/580/869
f 582/580/869 597/595/869 596/594/869
f 583/581/870 598/596/870 597/595/870
f 597/595/870 582/580/870 583/581/870
f 598/596/871 583/581/871 584/582/871
f 584/582/871 599/597/871 598/596/871
f 599/597/872 584/582/872 585/583/872
f 585/583/872 600/598/873 599/597/872
f 586/584/874 601/599/874 600/598/875
f 600/598/875 585/583/874 586/584/874
f 601/599/876 586/584/877 587/585/878
f 587/585/878 602/600/878 601/599/876
f 602/600/879 587/585/879 588/586/879
f 588/586/879 603/601/879 602/600/879
f 589/587/880 604/602/880 603/601/881
f 603/601/881 588/586/882 589/587/880
f 604/602/883 589/587/883 590/588/884
f 590/588/884 605/603/883 604/602/883
f 605/603/885 590/588/885 591/589/885
f 591/589/885 606/604/885 605/603/885
f 592/590/886 607/605/886 606/604/886
f 606/604/886 591/589/886 592/590/886
f 607/605/887 592/590/887 593/591/887
f 593/591/887 608/606/887 607/605/887
f 608/606/888 593/591/889 594/592/888
f 594/592/888 609/607/888 608/606/888
f 610/608/890 595/593/890 596/594/890
f 596/594/890 611/609/890 610/608/890
f 611/609/891 596/594/891 597/595/891
f 597/595/891 612/610/891 611/609/891
f 598/596/892 613/611/892 612/610/892
f 612/610/892 597/595/892 598/596/892
f 613/611/893 598/596/893 599/597/893
f 599/597/893 614/612/893 613/611/893
f 614/612/894 599/597/895 600/598/895
f 600/598/895 615/613/896 614/612/894
f 601/599/897 616/614/897 615/613/897
f 615/613/897 600/598/898 601/599/897
f 616/614/899 601/599/900 602/600/901
f 602/600/901 617/615/902 616/614/899
f 617/615/903 602/600/904 603/601/905
f 603/601/905 618/616/903 617/615/903
f 604/602/906 619/617/907 618/616/908
f 618/616/908 603/601/906 604/602/906
f 620/618/909 619/617/909 604/602/910
f 604/602/910 605/603/909 620/618/909
f 621/619/911 620/618/911 605/603/911
f 605/603/911 606/604/911 621/619/911
f 606/604/912 607/605/912 622/620/912
f 622/620/912 621/619/912 606/604/912
f 622/620/913 607/605/913 608/606/913
f 608/606/913 623/621/913 622/620/913
f 623/621/914 608/606/915 609/607/914
f 609/607/914 624/622/914 623/621/914
f 168/623/916 625/624/916 403/401/916
f 403/401/916 169/625/916 168/623/916
f 403/401/917 625/624/917 626/626/917
f 626/626/917 400/398/917 403/401/917
f 400/398/918 626/626/919 627/627/920
f 627/627/920 404/402/921 400/398/918
f 627/627/922 628/628/923 406/404/924
f 406/404/924 404/402/925 627/627/922
f 406/404/926 628/628/927 629/629/928
f 629/629/928 408/406/929 406/404/926
f 408/406/930 629/629/931 630/630/932
f 630/630/932 410/408/933 408/406/930
f 631/631/934 412/410/935 410/408/936
f 410/408/936 630/630/937 631/631/934
f 412/410/938 631/631/939 632/632/940
f 632/632/940 414/412/941 412/410/938
f 632/632/942 633/633/943 416/414/944
f 416/414/944 414/412/945 632/632/942
f 416/414/946 633/633/947 634/634/948
f 634/634/948 418/416/949 416/414/946
f 635/635/950 420/418/951 418/416/951
f 418/416/951 634/634/951 635/635/950
f 636/636/952 422/420/952 420/418/952
f 420/418/952 635/635/953 636/636/952
f 422/420/954 636/636/955 637/637/956
f 637/637/956 424/422/957 422/420/954
f 638/638/958 426/424/958 424/422/958
f 424/422/958 637/637/958 638/638/958
f 639/639/959 428/426/959 426/424/959
f 426/424/959 638/638/959 639/639/959
f 640/640/960 428/426/960 639/639/960
f 639/639/960 641/641/960 640/640/960
f 429/427/961 428/426/961 640/640/961
f 640/640/961 642/642/961 429/427/961
f 643/643/962 444/442/963 429/427/962
f 429/427/962 642/642/962 643/643/962
f 644/644/964 459/457/964 444/442/964
f 444/442/964 643/643/964 644/644/964
f 459/457/965 644/644/965 645/645/965
f 645/645/965 474/472/965 459/457/965
f 474/472/966 645/645/966 646/646/966
f 646/646/966 489/487/966 474/472/966
f 489/487/967 646/646/967 647/647/967
f 647/647/967 504/502/967 489/487/967
f 504/502/968 647/647/968 648/648/968
f 648/648/968 519/517/968 504/502/968
f 519/517/969 648/648/970 649/649/971
f 649/649/971 534/532/969 519/517/969
f 549/547/972 534/532/972 649/649/972
f 649/649/972 650/650/973 549/547/972
f 651/651/974 564/562/974 549/547/974
f 549/547/974 650/650/974 651/651/974
f 564/562/975 651/651/975 652/652/975
f 652/652/975 579/577/975 564/562/975
f 579/577/976 652/652/976 653/653/976
f 653/653/976 594/592/976 579/577/976
f 594/592/977 653/653/977 654/654/977
f 654/654/977 609/607/977 594/592/977
f 655/655/978 624/622/978 609/607/978
f 609/607/978 654/654/978 655/655/978
f 655/655/979 286/656/979 285/657/979
f 285/657/979 624/622/979 655/655/979
f 304/658/980 623/621/980 624/622/980
f 624/622/980 285/657/980 304/658/980
f 303/659/981 622/620/981 623/621/981
f 623/621/981 304/658/981 303/659/981
f 622/620/982 303/659/982 302/660/983
f 302/660/983 621/619/982 622/620/982
f 301/661/984 620/618/984 621/619/984
f 621/619/984 302/660/984 301/661/984
f 300/662/985 619/617/985 620/618/985
f 620/618/985 301/661/985 300/662/985
f 619/617/986 300/662/987 299/663/988
f 299/663/988 618/616/988 619/617/986
f 298/664/989 617/615/990 618/616/991
f 618/616/991 299/663/991 298/664/989
f 297/665/992 616/614/993 617/615/994
f 617/615/994 298/664/994 297/665/992
f 297/665/995 296/666/996 615/613/997
f 615/613/997 616/614/998 297/665/995
f 295/667/999 614/612/1000 615/613/1001
f 615/613/1001 296/666/1002 295/667/999
f 294/668/1003 613/611/1003 614/612/1003
f 614/612/1003 295/667/1004 294/668/1003
f 294/668/1005 293/669/1006 612/610/1007
f 612/610/1007 613/611/1007 294/668/1005
f 292/670/1008 611/609/1008 612/610/1008
f 612/610/1008 293/669/1008 292/670/1008
f 291/671/1009 610/608/1009 611/609/1009
f 611/609/1009 292/670/1009 291/671/1009
f 610/608/1010 291/671/1010 184/672/1010
f 184/672/1010 186/673/1010 610/608/1010
f 610/608/1011 186/673/1011 190/674/1011
f 190/674/1011 595/593/1011 610/608/1011
f 595/593/1012 190/674/1012 191/675/1012
f 191/675/1012 580/578/1012 595/593/1012
f 191/675/1013 192/676/1013 565/563/1013
f 565/563/1013 580/578/1013 191/675/1013
f 192/676/1014 193/677/1014 550/548/1014
f 550/548/1014 565/563/1014 192/676/1014
f 550/548/1015 193/677/1015 194/678/1015
f 194/678/1015 536/534/1015 550/548/1015
f 536/534/1016 194/678/1016 195/679/1016
f 195/679/1016 521/519/1016 536/534/1016
f 521/519/1017 195/679/1017 176/680/1018
f 176/680/1018 506/504/1017 521/519/1017
f 506/504/1019 176/680/1020 175/681/1021
f 175/681/1021 491/489/1022 506/504/1019
f 175/681/1023 174/682/1023 476/474/1023
f 476/474/1023 491/489/1023 175/681/1023
f 174/682/1024 173/683/1024 461/459/1024
f 461/459/1024 476/474/1024 174/682/1024
f 461/459/1025 173/683/1025 172/684/1025
f 172/684/1025 446/444/1025 461/459/1025
f 446/444/1026 172/684/1026 171/685/1026
f 171/685/1026 431/429/1026 446/444/1026
f 431/429/1027 171/685/1027 170/686/1027
f 170/686/1027 402/400/1027 431/429/1027
f 170/686/1028 169/625/1028 403/401/1029
f 403/401/1029 402/400/1028 170/686/1028
f 656/687/1030 657/688/1031 658/689/1031
f 658/689/1031 659/690/1031 656/687/1030
f 660/691/1032 661/692/1032 659/690/1032
f 659/690/1032 658/689/1032 660/691/1032
f 661/692/1033 660/691/1033 662/693/1033
f 662/693/1033 663/694/1033 661/692/1033
f 664/695/1034 665/696/1034 663/694/1034
f 663/694/1034 662/693/1034 664/695/1034
f 665/696/1035 664/695/1035 666/697/1035
f 666/697/1035 667/698/1036 665/696/1035
f 668/699/1037 667/698/1037 666/697/1037
f 666/697/1037 669/700/1037 668/699/1037
f 669/700/1038 670/701/1038 671/702/1038
f 671/702/1038 668/699/1038 669/700/1038
f 672/703/1039 673/704/1040 656/687/1041
f 656/687/1041 659/690/1040 672/703/1039
f 672/703/1042 659/690/1042 661/692/1042
f 661/692/1042 674/705/1042 672/703/1042
f 674/705/1043 661/692/1043 663/694/1043
f 663/694/1043 675/706/1043 674/705/1043
f 663/694/1044 665/696/1044 676/707/1044
f 676/707/1044 675/706/1044 663/694/1044
f 665/696/1045 667/698/1045 677/708/1045
f 677/708/1045 676/707/1046 665/696/1045
f 677/708/1047 667/698/1047 668/699/1047
f 668/699/1047 678/709/1047 677/708/1047
f 678/709/1048 668/699/1048 671/702/1049
f 671/702/1049 679/710/1048 678/709/1048
f 680/711/1050 673/704/1050 672/703/1050
f 672/703/1050 681/712/1050 680/711/1050
f 681/712/1051 672/703/1052 674/705/1053
f 674/705/1053 682/713/1052 681/712/1051
f 675/706/1054 683/714/1054 682/713/1055
f 682/713/1055 674/705/1054 675/706/1054
f 676/707/1056 684/715/1056 683/714/1056
f 683/714/1056 675/706/1056 676/707/1056
f 685/716/1057 684/715/1057 676/707/1057
f 676/707/1057 677/708/1057 685/716/1057
f 678/709/1058 686/717/1058 685/716/1058
f 685/716/1058 677/708/1058 678/709/1058
f 687/718/1059 686/717/1059 678/709/1059
f 678/709/1059 679/710/1059 687/718/1059
f 688/719/1060 689/720/1060 680/711/1060
f 680/711/1060 681/712/1060 688/719/1060
f 690/721/1061 688/719/1062 681/712/1063
f 681/712/1063 682/713/1062 690/721/1061
f 682/713/1064 683/714/1064 691/722/1064
f 691/722/1064 690/721/1064 682/713/1064
f 683/714/1065 684/715/1065 692/723/1065
f 692/723/1065 691/722/1065 683/714/1065
f 693/724/1066 692/723/1066 684/715/1066
f 684/715/1066 685/716/1066 693/724/1066
f 685/716/1067 686/717/1067 694/725/1067
f 694/725/1067 693/724/1067 685/716/1067
f 687/718/1068 695/726/1068 694/725/1069
f 694/725/1069 686/717/1070 687/718/1068
f 688/719/1071 696/727/1072 697/728/1073
f 697/728/1073 689/720/1071 688/719/1071
f 698/729/1074 696/727/1074 688/719/1075
f 688/719/1075 690/721/1074 698/729/1074
f 699/730/1076 698/729/1076 690/721/1076
f 690/721/1076 691/722/1076 699/730/1076
f 691/722/1077 692/723/1078 700/731/1078
f 700/731/1078 699/730/1078 691/722/1077
f 692/723/1079 693/724/1079 701/732/1079
f 701/732/1079 700/731/1079 692/723/1079
f 702/733/1080 701/732/1080 693/724/1080
f 693/724/1080 694/725/1080 702/733/1080
f 694/725/1081 695/726/1082 703/734/1081
f 703/734/1081 702/733/1083 694/725/1081
f 704/735/1084 705/736/1085 697/728/1073
f 697/728/1073 696/727/1072 704/735/1084
f 698/729/1086 706/737/1086 704/735/1087
f 704/735/1087 696/727/1086 698/729/1086
f 707/738/1088 706/737/1088 698/729/1088
f 698/729/1088 699/730/1088 707/738/1088
f 708/739/1089 707/738/1090 699/730/1091
f 699/730/1091 700/731/1090 708/739/1089
f 700/731/1092 701/732/1092 709/740/1092
f 709/740/1092 708/739/1092 700/731/1092
f 701/732/1093 702/733/1094 710/741/1095
f 710/741/1095 709/740/1096 701/732/1093
f 711/742/1097 712/743/1098 713/744/1099
f 713/744/1099 714/745/1098 711/742/1097
f 712/743/1100 715/746/1101 716/747/1100
f 716/747/1100 713/744/1102 712/743/1100
f 716/747/1103 715/746/1103 717/748/1103
f 717/748/1103 718/749/1103 716/747/1103
f 713/744/1104 719/750/1104 720/751/1104
f 720/751/1104 714/745/1104 713/744/1104
f 719/750/1105 713/744/1106 716/747/1106
f 716/747/1106 721/752/1106 719/750/1105
f 716/747/1107 718/749/1107 722/753/1108
f 722/753/1108 721/752/1108 716/747/1107
f 719/750/1109 723/754/1109 724/755/1109
f 724/755/1109 720/751/1110 719/750/1109
f 725/756/1111 723/754/1111 719/750/1111
f 719/750/1111 721/752/1111 725/756/1111
f 722/753/1112 726/757/1113 725/756/1114
f 725/756/1114 721/752/1113 722/753/1112
f 727/758/1115 726/757/1116 722/753/1115
f 722/753/1115 728/759/1115 727/758/1115
f 724/755/1117 723/754/1117 729/760/1117
f 729/760/1117 730/761/1118 724/755/1117
f 725/756/1119 731/762/1120 729/760/1120
f 729/760/1120 723/754/1120 725/756/1119
f 732/763/1121 731/762/1122 725/756/1123
f 725/756/1123 726/757/1122 732/763/1121
f 727/758/1124 733/764/1125 732/763/1126
f 732/763/1126 726/757/1127 727/758/1124
f 734/765/1128 735/766/1128 730/761/1128
f 730/761/1128 729/760/1128 734/765/1128
f 729/760/1129 731/762/1130 736/767/1130
f 736/767/1130 734/765/1131 729/760/1129
f 732/763/1132 737/768/1132 736/767/1133
f 736/767/1133 731/762/1132 732/763/1132
f 738/769/1134 737/768/1135 732/763/1134
f 732/763/1134 733/764/1134 738/769/1134
f 739/770/1136 740/771/1136 735/766/1136
f 735/766/1136 734/765/1136 739/770/1136
f 741/772/1137 739/770/1137 734/765/1138
f 734/765/1138 736/767/1137 741/772/1137
f 736/767/1139 737/768/1140 742/773/1141
f 742/773/1141 741/772/1139 736/767/1139
f 738/769/1142 743/774/1143 742/773/1144
f 742/773/1144 737/768/1144 738/769/1142
f 744/775/1145 745/776/1146 746/777/1146
f 746/777/1146 747/778/1146 744/775/1145
f 748/779/1147 749/780/1148 747/778/1147
f 747/778/1147 746/777/1148 748/779/1147
f 748/779/1149 750/781/1149 751/782/1149
f 751/782/1149 749/780/1149 748/779/1149
f 751/782/1150 750/781/1150 752/783/1150
f 752/783/1150 753/784/1150 751/782/1150
f 754/785/1151 755/786/1151 753/784/1151
f 753/784/1151 752/783/1151 754/785/1151
f 756/787/1152 757/788/1153 755/786/1152
f 755/786/1152 754/785/1152 756/787/1152
f 757/788/1154 756/787/1154 758/789/1154
f 758/789/1154 759/790/1154 757/788/1154
f 744/775/1155 747/778/1155 760/791/1155
f 760/791/1155 761/792/1156 744/775/1155
f 760/791/1157 747/778/1158 749/780/1158
f 749/780/1158 762/793/1158 760/791/1157
f 751/782/1159 763/794/1159 762/793/1159
f 762/793/1159 749/780/1159 751/782/1159
f 753/784/1160 764/795/1160 763/794/1160
f 763/794/1160 751/782/1161 753/784/1160
f 764/795/1162 753/784/1162 755/786/1163
f 755/786/1163 765/796/1163 764/795/1162
f 757/788/1164 766/797/1164 765/796/1164
f 765/796/1164 755/786/1164 757/788/1164
f 757/788/1165 759/790/1166 767/798/1166
f 767/798/1166 766/797/1166 757/788/1165
f 760/791/1167 768/799/1167 769/800/1167
f 769/800/1167 761/792/1168 760/791/1167
f 762/793/1169 770/801/1169 768/799/1170
f 768/799/1170 760/791/1169 762/793/1169
f 770/801/1171 762/793/1171 763/794/1171
f 763/794/1171 771/802/1171 770/801/1171
f 764/795/1172 772/803/1173 771/802/1174
f 771/802/1174 763/794/1172 764/795/1172
f 764/795/1175 765/796/1176 773/804/1175
f 773/804/1175 772/803/1175 764/795/1175
f 773/804/1177 765/796/1178 766/797/1178
f 766/797/1178 774/805/1178 773/804/1177
f 767/798/1179 775/806/1180 774/805/1180
f 774/805/1180 766/797/1180 767/798/1179
f 772/803/1181 773/804/1182 776/807/1183
f 776/807/1183 777/808/1184 772/803/1181
f 776/807/1185 773/804/1186 774/805/1187
f 774/805/1187 778/809/1185 776/807/1185
f 774/805/1188 775/806/1189 779/810/1190
f 779/810/1190 778/809/1190 774/805/1188
f 780/811/1191 781/812/1191 782/813/1192
f 782/813/1192 783/814/1191 780/811/1191
f 780/811/1193 784/815/1194 785/816/1194
f 785/816/1194 781/812/1194 780/811/1193
f 785/816/1195 784/815/1196 786/817/1197
f 786/817/1197 787/818/1196 785/816/1195
f 788/819/1198 789/820/1198 787/818/1198
f 787/818/1198 786/817/1198 788/819/1198
f 790/821/1199 791/822/1199 789/820/1199
f 789/820/1199 788/819/1199 790/821/1199
f 791/822/1200 790/821/1200 792/823/1200
f 792/823/1200 793/824/1200 791/822/1200
f 794/825/1201 795/826/1202 793/824/1203
f 793/824/1203 792/823/1203 794/825/1201
f 796/827/1204 782/813/1204 781/812/1204
f 781/812/1204 797/828/1204 796/827/1204
f 785/816/1205 798/829/1206 797/828/1207
f 797/828/1207 781/812/1206 785/816/1205
f 787/818/1208 799/830/1209 798/829/1210
f 798/829/1210 785/816/1209 787/818/1208
f 799/830/1211 787/818/1212 789/820/1213
f 789/820/1213 800/831/1212 799/830/1211
f 791/822/1214 801/832/1215 800/831/1215
f 800/831/1215 789/820/1215 791/822/1214
f 791/822/1216 793/824/1217 802/833/1218
f 802/833/1218 801/832/1217 791/822/1216
f 802/833/1219 793/824/1220 795/826/1221
f 795/826/1221 803/834/1220 802/833/1219
f 797/828/1222 804/835/1222 805/836/1222
f 805/836/1222 796/827/1222 797/828/1222
f 804/835/1223 797/828/1223 798/829/1223
f 798/829/1223 806/837/1223 804/835/1223
f 799/830/1224 807/838/1224 806/837/1224
f 806/837/1224 798/829/1224 799/830/1224
f 799/830/1225 800/831/1225 808/839/1225
f 808/839/1225 807/838/1225 799/830/1225
f 808/839/1226 800/831/1226 801/832/1227
f 801/832/1227 809/840/1226 808/839/1226
f 802/833/1228 810/841/1229 809/840/1230
f 809/840/1230 801/832/1229 802/833/1228
f 802/833/1231 803/834/1232 811/842/1232
f 811/842/1232 810/841/1232 802/833/1231
f 804/835/1233 812/843/1233 813/844/1233
f 813/844/1233 805/836/1233 804/835/1233
f 814/845/1234 812/843/1235 804/835/1234
f 804/835/1234 806/837/1234 814/845/1234
f 815/846/1236 814/845/1236 806/837/1236
f 806/837/1236 807/838/1236 815/846/1236
f 807/838/1237 808/839/1237 816/847/1237
f 816/847/1237 815/846/1237 807/838/1237
f 809/840/1238 817/848/1238 816/847/1238
f 816/847/1238 808/839/1238 809/840/1238
f 818/849/1239 817/848/1240 809/840/1240
f 809/840/1240 810/841/1240 818/849/1239
f 811/842/1241 819/850/1242 818/849/1243
f 818/849/1243 810/841/1242 811/842/1241
f 820/851/1244 821/852/1244 813/844/1244
f 813/844/1244 812/843/1244 820/851/1244
f 814/845/1245 822/853/1245 820/851/1245
f 820/851/1245 812/843/1245 814/845/1245
f 823/854/1246 822/853/1246 814/845/1246
f 814/845/1246 815/846/1246 823/854/1246
f 824/855/1247 823/854/1247 815/846/1247
f 815/846/1247 816/847/1247 824/855/1247
f 816/847/1248 817/848/1249 825/856/1248
f 825/856/1248 824/855/1250 816/847/1248
f 818/849/1251 826/857/1251 825/856/1251
f 825/856/1251 817/848/1251 818/849/1251
f 827/858/1252 826/857/1253 818/849/1253
f 818/849/1253 819/850/1253 827/858/1252
f 820/851/1254 828/859/1254 829/860/1254
f 829/860/1254 821/852/1254 820/851/1254
f 830/861/1255 828/859/1255 820/851/1255
f 820/851/1255 822/853/1255 830/861/1255
f 823/854/1256 831/862/1256 830/861/1256
f 830/861/1256 822/853/1256 823/854/1256
f 832/863/1257 831/862/1257 823/854/1257
f 823/854/1257 824/855/1257 832/863/1257
f 833/864/1258 832/863/1259 824/855/1259
f 824/855/1259 825/856/1259 833/864/1258
f 825/856/1260 826/857/1261 834/865/1260
f 834/865/1260 833/864/1262 825/856/1260
f 827/858/1263 835/866/1264 834/865/1263
f 834/865/1263 826/857/1265 827/858/1263
f 739/770/1266 671/702/1266 670/701/1266
f 670/701/1266 740/771/1266 739/770/1266
f 679/710/1267 671/702/1267 739/770/1267
f 739/770/1267 741/772/1267 679/710/1267
f 687/718/1268 679/710/1269 741/772/1269
f 741/772/1269 742/773/1270 687/718/1268
f 742/773/1271 743/774/1271 695/726/1271
f 695/726/1271 687/718/1272 742/773/1271
f 758/789/1273 829/860/1273 828/859/1273
f 828/859/1273 759/790/1273 758/789/1273
f 830/861/1274 767/798/1274 759/790/1275
f 759/790/1275 828/859/1274 830/861/1274
f 775/806/1276 767/798/1277 830/861/1277
f 830/861/1277 831/862/1278 775/806/1276
f 831/862/1279 832/863/1280 779/810/1281
f 779/810/1281 775/806/1282 831/862/1279
f 833/864/1283 836/867/1283 779/810/1283
f 779/810/1283 832/863/1284 833/864/1283
f 705/736/1085 704/735/1084 795/826/1202
f 795/826/1202 794/825/1201 705/736/1085
f 704/735/1285 706/737/1286 803/834/1287
f 803/834/1287 795/826/1286 704/735/1285
f 706/737/1288 707/738/1289 811/842/1289
f 811/842/1289 803/834/1289 706/737/1288
f 707/738/1290 708/739/1290 819/850/1290
f 819/850/1290 811/842/1290 707/738/1290
f 827/858/1291 819/850/1291 708/739/1291
f 708/739/1291 709/740/1291 827/858/1291
f 709/740/1292 710/741/1292 835/866/1292
f 835/866/1292 827/858/1293 709/740/1292
f 837/868/1294 838/869/1295 839/870/1296
f 839/870/1296 657/688/1295 837/868/1294
f 658/689/1297 657/688/1297 839/870/1297
f 839/870/1297 840/871/1297 658/689/1297
f 660/691/1298 658/689/1299 840/871/1298
f 840/871/1298 841/872/1299 660/691/1298
f 660/691/1300 841/872/1300 842/873/1300
f 842/873/1300 662/693/1300 660/691/1300
f 662/693/1301 842/873/1302 843/874/1301
f 843/874/1301 664/695/1302 662/693/1301
f 664/695/1303 843/874/1303 844/875/1303
f 844/875/1303 666/697/1303 664/695/1303
f 669/700/1304 666/697/1304 844/875/1304
f 844/875/1304 845/876/1304 669/700/1304
f 669/700/1305 845/876/1305 846/877/1305
f 846/877/1305 670/701/1306 669/700/1305
f 657/688/1307 656/687/1308 847/878/1309
f 847/878/1309 837/868/1308 657/688/1307
f 848/879/1310 847/878/1310 656/687/1310
f 656/687/1310 673/704/1310 848/879/1310
f 849/880/1311 848/879/1311 673/704/1311
f 673/704/1311 680/711/1311 849/880/1311
f 689/720/1312 850/881/1312 849/880/1312
f 849/880/1312 680/711/1312 689/720/1312
f 851/882/1313 850/881/1314 689/720/1314
f 689/720/1314 697/728/1315 851/882/1313
f 851/882/1313 697/728/1315 705/736/1316
f 705/736/1316 852/883/1317 851/882/1313
f 853/884/1318 852/883/1317 705/736/1316
f 705/736/1316 794/825/1319 853/884/1318
f 384/382/1320 711/742/1320 854/885/1320
f 854/885/1320 385/383/1320 384/382/1320
f 712/743/1321 711/742/1321 384/382/1321
f 384/382/1321 383/381/1321 712/743/1321
f 383/381/1322 382/380/1323 715/746/1322
f 715/746/1322 712/743/1322 383/381/1322
f 715/746/1324 382/380/1324 381/379/1325
f 381/379/1325 717/748/1324 715/746/1324
f 711/742/1326 714/745/1326 855/886/1326
f 855/886/1326 854/885/1326 711/742/1326
f 856/887/1327 855/886/1328 714/745/1328
f 714/745/1328 720/751/1327 856/887/1327
f 720/751/1329 724/755/1329 857/888/1329
f 857/888/1329 856/887/1329 720/751/1329
f 858/889/1330 857/888/1330 724/755/1330
f 724/755/1330 730/761/1330 858/889/1330
f 859/890/1331 858/889/1331 730/761/1331
f 730/761/1331 735/766/1331 859/890/1331
f 860/891/1332 859/890/1332 735/766/1332
f 735/766/1332 740/771/1332 860/891/1332
f 670/701/1333 846/877/1333 860/891/1333
f 860/891/1333 740/771/1333 670/701/1333
f 286/279/1334 655/892/1334 745/776/1334
f 745/776/1334 287/280/1335 286/279/1334
f 746/777/1336 745/776/1336 655/892/1336
f 655/892/1336 654/893/1336 746/777/1336
f 654/893/1337 653/894/1337 748/779/1337
f 748/779/1337 746/777/1337 654/893/1337
f 750/781/1338 748/779/1338 653/894/1338
f 653/894/1338 652/895/1338 750/781/1338
f 752/783/1339 750/781/1339 652/895/1339
f 652/895/1339 651/896/1339 752/783/1339
f 752/783/1340 651/896/1340 650/897/1340
f 650/897/1340 754/785/1340 752/783/1340
f 756/787/1341 754/785/1341 650/897/1341
f 650/897/1341 649/898/1341 756/787/1341
f 758/789/1342 756/787/1342 649/898/1343
f 649/898/1343 648/899/1342 758/789/1342
f 744/775/1344 288/281/1344 287/280/1344
f 287/280/1344 745/776/1344 744/775/1344
f 288/281/1345 744/775/1345 761/792/1345
f 761/792/1345 289/282/1345 288/281/1345
f 769/800/1346 290/283/1346 289/282/1347
f 289/282/1347 761/792/1348 769/800/1346
f 641/641/1349 861/900/1350 783/814/1351
f 783/814/1351 640/901/1352 641/641/1349
f 780/811/1353 783/814/1353 861/900/1353
f 861/900/1353 862/902/1353 780/811/1353
f 780/811/1354 862/902/1354 863/903/1355
f 863/903/1355 784/815/1354 780/811/1354
f 786/817/1356 784/815/1357 863/903/1357
f 863/903/1357 864/904/1357 786/817/1356
f 864/904/1358 865/905/1358 788/819/1358
f 788/819/1358 786/817/1358 864/904/1358
f 788/819/1359 865/905/1360 866/906/1361
f 866/906/1361 790/821/1362 788/819/1359
f 792/823/1363 790/821/1362 866/906/1361
f 866/906/1361 867/907/1364 792/823/1363
f 794/825/1319 792/823/1363 867/907/1364
f 867/907/1364 853/884/1318 794/825/1319
f 642/908/1365 640/901/1366 783/814/1367
f 783/814/1367 782/813/1366 642/908/1365
f 796/827/1368 643/909/1368 642/908/1368
f 642/908/1368 782/813/1369 796/827/1368
f 644/910/1370 643/909/1370 796/827/1370
f 796/827/1370 805/836/1370 644/910/1370
f 644/910/1371 805/836/1371 813/844/1371
f 813/844/1371 645/911/1371 644/910/1371
f 821/852/1372 646/912/1372 645/911/1372
f 645/911/1372 813/844/1372 821/852/1372
f 647/913/1373 646/912/1373 821/852/1373
f 821/852/1373 829/860/1373 647/913/1373
f 648/899/1374 647/913/1375 829/860/1375
f 829/860/1375 758/789/1375 648/899/1374
f 868/914/1376 869/915/1376 870/916/1376
f 870/916/1376 871/917/1376 868/914/1376
f 870/916/1377 872/918/1377 873/919/1377
f 873/919/1377 871/917/1377 870/916/1377
f 873/919/1378 872/918/1378 874/920/1379
f 874/920/1379 875/921/1378 873/919/1378
f 875/921/1380 874/920/1380 876/922/1381
f 876/922/1381 877/923/1380 875/921/1380
f 877/923/1382 876/922/1383 878/924/1383
f 878/924/1383 879/925/1383 877/923/1382
f 879/925/1384 878/924/1384 880/926/1385
f 880/926/1385 881/927/1386 879/925/1384
f 881/927/1387 880/926/1388 882/928/1389
f 882/928/1389 883/929/1390 881/927/1387
f 883/929/1391 882/928/1392 884/930/1392
f 884/930/1392 885/931/1393 883/929/1391
f 886/932/1394 885/931/1395 884/930/1396
f 884/930/1396 887/933/1397 886/932/1394
f 888/934/1398 886/932/1398 887/933/1398
f 887/933/1398 889/935/1399 888/934/1398
f 890/936/1400 888/934/1401 889/935/1402
f 889/935/1402 891/937/1403 890/936/1400
f 892/938/1404 890/936/1405 891/937/1405
f 891/937/1405 893/939/1404 892/938/1404
f 894/940/1406 892/938/1407 893/939/1407
f 893/939/1407 895/941/1407 894/940/1406
f 894/940/1408 895/941/1408 896/942/1408
f 896/942/1408 897/943/1408 894/940/1408
f 898/944/1409 868/914/1409 871/917/1409
f 871/917/1409 899/945/1409 898/944/1409
f 899/945/1410 871/917/1410 873/919/1410
f 873/919/1410 900/946/1410 899/945/1410
f 900/946/1411 873/919/1411 875/921/1411
f 875/921/1411 901/947/1411 900/946/1411
f 901/947/1412 875/921/1412 877/923/1413
f 877/923/1413 902/948/1412 901/947/1412
f 903/949/1414 902/948/1414 877/923/1414
f 877/923/1414 879/925/1414 903/949/1414
f 903/949/1415 879/925/1416 881/927/1416
f 881/927/1416 904/950/1416 903/949/1415
f 904/950/1417 881/927/1418 883/929/1419
f 883/929/1419 905/951/1420 904/950/1417
f 885/931/1421 906/952/1422 905/951/1423
f 905/951/1423 883/929/1424 885/931/1421
f 906/952/1425 885/931/1426 886/932/1425
f 886/932/1425 907/953/1427 906/952/1425
f 907/953/1428 886/932/1429 888/934/1430
f 888/934/1430 908/954/1431 907/953/1428
f 908/954/1432 888/934/1432 890/936/1432
f 890/936/1432 909/955/1433 908/954/1432
f 909/955/1434 890/936/1434 892/938/1434
f 892/938/1434 910/956/1434 909/955/1434
f 910/956/1435 892/938/1435 894/940/1435
f 894/940/1435 911/957/1435 910/956/1435
f 912/958/1436 911/957/1436 894/940/1436
f 894/940/1436 897/943/1436 912/958/1436
f 913/959/1437 898/944/1437 899/945/1437
f 899/945/1437 914/960/1437 913/959/1437
f 900/946/1438 915/961/1438 914/960/1438
f 914/960/1438 899/945/1438 900/946/1438
f 915/961/1439 900/946/1440 901/947/1439
f 901/947/1439 916/962/1439 915/961/1439
f 916/962/1441 901/947/1441 902/948/1441
f 902/948/1441 917/963/1441 916/962/1441
f 917/963/1442 902/948/1442 903/949/1442
f 903/949/1442 918/964/1442 917/963/1442
f 918/964/1443 903/949/1444 904/950/1445
f 904/950/1445 919/965/1445 918/964/1443
f 919/965/1446 904/950/1446 905/951/1446
f 905/951/1446 920/966/1447 919/965/1446
f 921/967/1448 920/966/1449 905/951/1450
f 905/951/1450 906/952/1451 921/967/1448
f 921/967/1452 906/952/1453 907/953/1454
f 907/953/1454 922/968/1455 921/967/1452
f 922/968/1456 907/953/1457 908/954/1457
f 908/954/1457 923/969/1457 922/968/1456
f 909/955/1458 924/970/1458 923/969/1458
f 923/969/1458 908/954/1458 909/955/1458
f 924/970/1459 909/955/1459 910/956/1459
f 910/956/1459 925/971/1459 924/970/1459
f 925/971/1460 910/956/1460 911/957/1460
f 911/957/1460 926/972/1460 925/971/1460
f 926/972/1461 911/957/1461 912/958/1461
f 912/958/1461 927/973/1461 926/972/1461
f 928/974/1462 913/959/1462 914/960/1462
f 914/960/1462 929/975/1462 928/974/1462
f 930/976/1463 929/975/1463 914/960/1463
f 914/960/1463 915/961/1463 930/976/1463
f 930/976/1464 915/961/1464 916/962/1464
f 916/962/1464 931/977/1464 930/976/1464
f 931/977/1465 916/962/1465 917/963/1465
f 917/963/1465 932/978/1465 931/977/1465
f 918/964/1466 933/979/1467 932/978/1467
f 932/978/1467 917/963/1466 918/964/1466
f 933/979/1468 918/964/1468 919/965/1469
f 919/965/1469 934/980/1468 933/979/1468
f 934/980/1470 919/965/1470 920/966/1471
f 920/966/1471 935/981/1472 934/980/1470
f 935/981/1473 920/966/1474 921/967/1475
f 921/967/1475 936/982/1476 935/981/1473
f 936/982/1477 921/967/1478 922/968/1479
f 922/968/1479 937/983/1480 936/982/1477
f 937/983/1481 922/968/1481 923/969/1481
f 923/969/1481 938/984/1481 937/983/1481
f 939/985/1482 938/984/1483 923/969/1483
f 923/969/1483 924/970/1483 939/985/1482
f 939/985/1484 924/970/1484 925/971/1485
f 925/971/1485 940/986/1485 939/985/1484
f 940/986/1486 925/971/1486 926/972/1486
f 926/972/1486 941/987/1486 940/986/1486
f 927/973/1487 942/988/1487 941/987/1487
f 941/987/1487 926/972/1487 927/973/1487
f 943/989/1488 928/974/1488 929/975/1488
f 929/975/1488 944/990/1488 943/989/1488
f 944/990/1489 929/975/1490 930/976/1490
f 930/976/1490 945/991/1490 944/990/1489
f 945/991/1491 930/976/1491 931/977/1491
f 931/977/1491 946/992/1491 945/991/1491
f 946/992/1492 931/977/1492 932/978/1492
f 932/978/1492 947/993/1492 946/992/1492
f 948/994/1493 947/993/1494 932/978/1493
f 932/978/1493 933/979/1493 948/994/1493
f 948/994/1495 933/979/1495 934/980/1496
f 934/980/1496 949/995/1495 948/994/1495
f 949/995/1497 934/980/1497 935/981/1498
f 935/981/1498 950/996/1498 949/995/1497
f 936/982/1499 951/997/1500 950/996/1499
f 950/996/1499 935/981/1501 936/982/1499
f 951/997/1502 936/982/1503 937/983/1504
f 937/983/1504 952/998/1505 951/997/1502
f 952/998/1506 937/983/1506 938/984/1507
f 938/984/1507 953/999/1506 952/998/1506
f 953/999/1508 938/984/1508 939/985/1508
f 939/985/1508 954/1000/1508 953/999/1508
f 954/1000/1509 939/985/1510 940/986/1511
f 940/986/1511 955/1001/1511 954/1000/1509
f 955/1001/1512 940/986/1512 941/987/1512
f 941/987/1512 956/1002/1512 955/1001/1512
f 957/1003/1513 956/1002/1513 941/987/1513
f 941/987/1513 942/988/1513 957/1003/1513
f 958/1004/1514 943/989/1515 944/990/1515
f 944/990/1515 959/1005/1516 958/1004/1514
f 945/991/1517 960/1006/1517 959/1005/1517
f 959/1005/1517 944/990/1517 945/991/1517
f 960/1006/1518 945/991/1518 946/992/1518
f 946/992/1518 961/1007/1518 960/1006/1518
f 961/1007/1519 946/992/1519 947/993/1519
f 947/993/1519 962/1008/1519 961/1007/1519
f 962/1008/1520 947/993/1521 948/994/1522
f 948/994/1522 963/1009/1523 962/1008/1520
f 963/1009/1524 948/994/1524 949/995/1525
f 949/995/1525 964/1010/1525 963/1009/1524
f 964/1010/1526 949/995/1526 950/996/1527
f 950/996/1527 965/1011/1528 964/1010/1526
f 966/1012/1529 965/1011/1530 950/996/1531
f 950/996/1531 951/997/1532 966/1012/1529
f 966/1012/1533 951/997/1534 952/998/1535
f 952/998/1535 967/1013/1536 966/1012/1533
f 967/1013/1537 952/998/1538 953/999/1539
f 953/999/1539 968/1014/1539 967/1013/1537
f 954/1000/1540 969/1015/1540 968/1014/1541
f 968/1014/1541 953/999/1542 954/1000/1540
f 969/1015/1543 954/1000/1544 955/1001/1543
f 955/1001/1543 970/1016/1543 969/1015/1543
f 970/1016/1545 955/1001/1545 956/1002/1545
f 956/1002/1545 971/1017/1545 970/1016/1545
f 971/1017/1546 956/1002/1546 957/1003/1546
f 957/1003/1546 972/1018/1546 971/1017/1546
f 973/1019/1547 958/1004/1547 959/1005/1547
f 959/1005/1547 974/1020/1547 973/1019/1547
f 975/1021/1548 974/1020/1548 959/1005/1548
f 959/1005/1548 960/1006/1548 975/1021/1548
f 975/1021/1549 960/1006/1550 961/1007/1551
f 961/1007/1551 976/1022/1552 975/1021/1549
f 976/1022/1553 961/1007/1553 962/1008/1554
f 962/1008/1554 977/1023/1555 976/1022/1553
f 963/1009/1556 978/1024/1556 977/1023/1557
f 977/1023/1557 962/1008/1556 963/1009/1556
f 978/1024/1558 963/1009/1559 964/1010/1558
f 964/1010/1558 979/1025/1558 978/1024/1558
f 979/1025/1560 964/1010/1561 965/1011/1562
f 965/1011/1562 980/1026/1563 979/1025/1560
f 980/1026/1564 965/1011/1565 966/1012/1566
f 966/1012/1566 981/1027/1567 980/1026/1564
f 981/1027/1568 966/1012/1569 967/1013/1569
f 967/1013/1569 982/1028/1569 981/1027/1568
f 982/1028/1570 967/1013/1570 968/1014/1570
f 968/1014/1570 983/1029/1571 982/1028/1570
f 984/1030/1572 983/1029/1573 968/1014/1573
f 968/1014/1573 969/1015/1574 984/1030/1572
f 984/1030/1575 969/1015/1576 970/1016/1577
f 970/1016/1577 985/1031/1577 984/1030/1575
f 985/1031/1578 970/1016/1579 971/1017/1580
f 971/1017/1580 986/1032/1581 985/1031/1578
f 972/1018/1582 987/1033/1582 986/1032/1582
f 986/1032/1582 971/1017/1582 972/1018/1582
f 988/1034/1583 973/1019/1583 974/1020/1583
f 974/1020/1583 989/1035/1583 988/1034/1583
f 989/1035/1584 974/1020/1584 975/1021/1584
f 975/1021/1584 990/1036/1584 989/1035/1584
f 990/1036/1585 975/1021/1586 976/1022/1587
f 976/1022/1587 991/1037/1587 990/1036/1585
f 991/1037/1588 976/1022/1589 977/1023/1590
f 977/1023/1590 992/1038/1591 991/1037/1588
f 993/1039/1592 992/1038/1593 977/1023/1594
f 977/1023/1594 978/1024/1592 993/1039/1592
f 993/1039/1595 978/1024/1596 979/1025/1597
f 979/1025/1597 994/1040/1598 993/1039/1595
f 994/1040/1599 979/1025/1600 980/1026/1601
f 980/1026/1601 995/1041/1602 994/1040/1599
f 981/1027/1603 996/1042/1603 995/1041/1604
f 995/1041/1604 980/1026/1605 981/1027/1603
f 996/1042/1606 981/1027/1607 982/1028/1608
f 982/1028/1608 997/1043/1609 996/1042/1606
f 997/1043/1610 982/1028/1610 983/1029/1610
f 983/1029/1610 998/1044/1610 997/1043/1610
f 998/1044/1611 983/1029/1611 984/1030/1612
f 984/1030/1612 999/1045/1612 998/1044/1611
f 999/1045/1613 984/1030/1614 985/1031/1614
f 985/1031/1614 1000/1046/1614 999/1045/1613
f 1000/1046/1615 985/1031/1615 986/1032/1615
f 986/1032/1615 1001/1047/1615 1000/1046/1615
f 1002/1048/1616 1001/1047/1616 986/1032/1616
f 986/1032/1616 987/1033/1616 1002/1048/1616
f 1003/1049/1617 988/1034/1617 989/1035/1617
f 989/1035/1617 1004/1050/1617 1003/1049/1617
f 990/1036/1618 1005/1051/1618 1004/1050/1618
f 1004/1050/1618 989/1035/1618 990/1036/1618
f 1005/1051/1619 990/1036/1620 991/1037/1620
f 991/1037/1620 1006/1052/1620 1005/1051/1619
f 1006/1052/1621 991/1037/1621 992/1038/1622
f 992/1038/1622 1007/1053/1623 1006/1052/1621
f 1007/1053/1624 992/1038/1625 993/1039/1626
f 993/1039/1626 1008/1054/1626 1007/1053/1624
f 1008/1054/1627 993/1039/1628 994/1040/1629
f 994/1040/1629 1009/1055/1629 1008/1054/1627
f 1009/1055/1630 994/1040/1631 995/1041/1632
f 995/1041/1632 1010/1056/1633 1009/1055/1630
f 1011/1057/1634 1010/1056/1635 995/1041/1636
f 995/1041/1636 996/1042/1637 1011/1057/1634
f 1011/1057/1638 996/1042/1638 997/1043/1638
f 997/1043/1638 1012/1058/1638 1011/1057/1638
f 1012/1058/1639 997/1043/1639 998/1044/1639
f 998/1044/1639 1013/1059/1639 1012/1058/1639
f 999/1045/1640 1014/1060/1640 1013/1059/1640
f 1013/1059/1640 998/1044/1640 999/1045/1640
f 1014/1060/1641 999/1045/1642 1000/1046/1642
f 1000/1046/1642 1015/1061/1643 1014/1060/1641
f 1015/1061/1644 1000/1046/1644 1001/1047/1645
f 1001/1047/1645 1016/1062/1645 1015/1061/1644
f 1016/1062/1646 1001/1047/1646 1002/1048/1646
f 1002/1048/1646 1017/1063/1646 1016/1062/1646
f 1018/1064/1647 1003/1049/1647 1004/1050/1647
f 1004/1050/1647 1019/1065/1647 1018/1064/1647
f 1020/1066/1648 1019/1065/1649 1004/1050/1649
f 1004/1050/1649 1005/1051/1649 1020/1066/1648
f 1020/1066/1650 1005/1051/1650 1006/1052/1650
f 1006/1052/1650 1021/1067/1650 1020/1066/1650
f 1021/1067/1651 1006/1052/1651 1007/1053/1651
f 1007/1053/1651 1022/1068/1651 1021/1067/1651
f 1008/1054/1652 1023/1069/1652 1022/1068/1652
f 1022/1068/1652 1007/1053/1653 1008/1054/1652
f 1023/1069/1654 1008/1054/1654 1009/1055/1654
f 1009/1055/1654 1024/1070/1654 1023/1069/1654
f 1024/1070/1655 1009/1055/1656 1010/1056/1657
f 1010/1056/1657 1025/1071/1658 1024/1070/1655
f 1025/1071/1659 1010/1056/1660 1011/1057/1660
f 1011/1057/1660 1026/1072/1660 1025/1071/1659
f 1026/1072/1661 1011/1057/1661 1012/1058/1662
f 1012/1058/1662 1027/1073/1661 1026/1072/1661
f 1027/1073/1663 1012/1058/1663 1013/1059/1663
f 1013/1059/1663 1028/1074/1663 1027/1073/1663
f 1029/1075/1664 1028/1074/1664 1013/1059/1664
f 1013/1059/1664 1014/1060/1664 1029/1075/1664
f 1029/1075/1665 1014/1060/1665 1015/1061/1665
f 1015/1061/1665 1030/1076/1665 1029/1075/1665
f 1030/1076/1666 1015/1061/1666 1016/1062/1666
f 1016/1062/1666 1031/1077/1666 1030/1076/1666
f 1017/1063/1667 1032/1078/1667 1031/1077/1667
f 1031/1077/1667 1016/1062/1667 1017/1063/1667
f 1033/1079/1668 1018/1064/1668 1019/1065/1668
f 1019/1065/1668 1034/1080/1668 1033/1079/1668
f 1034/1080/1669 1019/1065/1669 1020/1066/1669
f 1020/1066/1669 1035/1081/1669 1034/1080/1669
f 1035/1081/1670 1020/1066/1670 1021/1067/1670
f 1021/1067/1670 1036/1082/1671 1035/1081/1670
f 1036/1082/1672 1021/1067/1672 1022/1068/1672
f 1022/1068/1672 1037/1083/1672 1036/1082/1672
f 1038/1084/1673 1037/1083/1673 1022/1068/1673
f 1022/1068/1673 1023/1069/1673 1038/1084/1673
f 1038/1084/1674 1023/1069/1674 1024/1070/1674
f 1024/1070/1674 1039/1085/1675 1038/1084/1674
f 1039/1085/1676 1024/1070/1677 1025/1071/1678
f 1025/1071/1678 1040/1086/1678 1039/1085/1676
f 1026/1072/1679 1041/1087/1680 1040/1086/1680
f 1040/1086/1680 1025/1071/1681 1026/1072/1679
f 1041/1087/1682 1026/1072/1682 1027/1073/1682
f 1027/1073/1682 1042/1088/1682 1041/1087/1682
f 1042/1088/1683 1027/1073/1683 1028/1074/1683
f 1028/1074/1683 1043/1089/1683 1042/1088/1683
f 1043/1089/1684 1028/1074/1684 1029/1075/1684
f 1029/1075/1684 1044/1090/1684 1043/1089/1684
f 1044/1090/1685 1029/1075/1685 1030/1076/1685
f 1030/1076/1685 1045/1091/1686 1044/1090/1685
f 1045/1091/1687 1030/1076/1687 1031/1077/1687
f 1031/1077/1687 1046/1092/1687 1045/1091/1687
f 1047/1093/1688 1046/1092/1688 1031/1077/1688
f 1031/1077/1688 1032/1078/1688 1047/1093/1688
f 1048/1094/1689 1033/1079/1689 1034/1080/1689
f 1034/1080/1689 1049/1095/1689 1048/1094/1689
f 1035/1081/1690 1050/1096/1690 1049/1095/1690
f 1049/1095/1690 1034/1080/1690 1035/1081/1690
f 1050/1096/1691 1035/1081/1691 1036/1082/1691
f 1036/1082/1691 1051/1097/1691 1050/1096/1691
f 1051/1097/1692 1036/1082/1692 1037/1083/1692
f 1037/1083/1692 1052/1098/1692 1051/1097/1692
f 1052/1098/1693 1037/1083/1693 1038/1084/1693
f 1038/1084/1693 1053/1099/1693 1052/1098/1693
f 1053/1099/1694 1038/1084/1695 1039/1085/1694
f 1039/1085/1694 1054/1100/1694 1053/1099/1694
f 1054/1100/1696 1039/1085/1697 1040/1086/1698
f 1040/1086/1698 1055/1101/1699 1054/1100/1696
f 1056/1102/1700 1055/1101/1701 1040/1086/1702
f 1040/1086/1702 1041/1087/1703 1056/1102/1700
f 1056/1102/1704 1041/1087/1705 1042/1088/1704
f 1042/1088/1704 1057/1103/1705 1056/1102/1704
f 1057/1103/1706 1042/1088/1706 1043/1089/1706
f 1043/1089/1706 1058/1104/1707 1057/1103/1706
f 1044/1090/1708 1059/1105/1708 1058/1104/1709
f 1058/1104/1709 1043/1089/1709 1044/1090/1708
f 1059/1105/1710 1044/1090/1710 1045/1091/1710
f 1045/1091/1710 1060/1106/1710 1059/1105/1710
f 1060/1106/1711 1045/1091/1711 1046/1092/1711
f 1046/1092/1711 1061/1107/1711 1060/1106/1711
f 1061/1107/1712 1046/1092/1712 1047/1093/1712
f 1047/1093/1712 1062/1108/1712 1061/1107/1712
f 1063/1109/1713 1048/1094/1713 1049/1095/1713
f 1049/1095/1713 1064/1110/1713 1063/1109/1713
f 1065/1111/1714 1064/1110/1714 1049/1095/1714
f 1049/1095/1714 1050/1096/1714 1065/1111/1714
f 1065/1111/1715 1050/1096/1715 1051/1097/1715
f 1051/1097/1715 1066/1112/1715 1065/1111/1715
f 1066/1112/1716 1051/1097/1716 1052/1098/1716
f 1052/1098/1716 1067/1113/1716 1066/1112/1716
f 1053/1099/1717 1068/1114/1717 1067/1113/1717
f 1067/1113/1717 1052/1098/1717 1053/1099/1717
f 1068/1114/1718 1053/1099/1719 1054/1100/1720
f 1054/1100/1720 1069/1115/1721 1068/1114/1718
f 1069/1115/1722 1054/1100/1723 1055/1101/1722
f 1055/1101/1722 1070/1116/1722 1069/1115/1722
f 1070/1116/1724 1055/1101/1724 1056/1102/1725
f 1056/1102/1725 1071/1117/1725 1070/1116/1724
f 1071/1117/1726 1056/1102/1727 1057/1103/1726
f 1057/1103/1726 1072/1118/1727 1071/1117/1726
f 1072/1118/1728 1057/1103/1728 1058/1104/1728
f 1058/1104/1728 1073/1119/1728 1072/1118/1728
f 1074/1120/1729 1073/1119/1730 1058/1104/1729
f 1058/1104/1729 1059/1105/1729 1074/1120/1729
f 1074/1120/1731 1059/1105/1731 1060/1106/1731
f 1060/1106/1731 1075/1121/1731 1074/1120/1731
f 1075/1121/1732 1060/1106/1732 1061/1107/1732
f 1061/1107/1732 1076/1122/1732 1075/1121/1732
f 1062/1108/1733 1077/1123/1733 1076/1122/1733
f 1076/1122/1733 1061/1107/1733 1062/1108/1733
f 1078/1124/1734 1063/1109/1734 1064/1110/1734
f 1064/1110/1734 1079/1125/1734 1078/1124/1734
f 1079/1125/1735 1064/1110/1735 1065/1111/1735
f 1065/1111/1735 1080/1126/1735 1079/1125/1735
f 1080/1126/1736 1065/1111/1737 1066/1112/1736
f 1066/1112/1736 1081/1127/1736 1080/1126/1736
f 1081/1127/1738 1066/1112/1738 1067/1113/1738
f 1067/1113/1738 1082/1128/1738 1081/1127/1738
f 1083/1129/1739 1082/1128/1740 1067/1113/1739
f 1067/1113/1739 1068/1114/1739 1083/1129/1739
f 1083/1129/1741 1068/1114/1741 1069/1115/1741
f 1069/1115/1741 1084/1130/1741 1083/1129/1741
f 1084/1130/1742 1069/1115/1743 1070/1116/1744
f 1070/1116/1744 1085/1131/1745 1084/1130/1742
f 1071/1117/1746 1086/1132/1747 1085/1131/1747
f 1085/1131/1747 1070/1116/1748 1071/1117/1746
f 1086/1132/1749 1071/1117/1750 1072/1118/1751
f 1072/1118/1751 1087/1133/1752 1086/1132/1749
f 1087/1133/1753 1072/1118/1753 1073/1119/1754
f 1073/1119/1754 1088/1134/1753 1087/1133/1753
f 1088/1134/1755 1073/1119/1755 1074/1120/1755
f 1074/1120/1755 1089/1135/1755 1088/1134/1755
f 1089/1135/1756 1074/1120/1756 1075/1121/1756
f 1075/1121/1756 1090/1136/1756 1089/1135/1756
f 1090/1136/1757 1075/1121/1757 1076/1122/1757
f 1076/1122/1757 1091/1137/1757 1090/1136/1757
f 1092/1138/1758 1091/1137/1758 1076/1122/1758
f 1076/1122/1758 1077/1123/1758 1092/1138/1758
f 838/869/1759 1093/1139/1759 869/915/1759
f 869/915/1759 839/1140/1759 838/869/1759
f 869/915/1760 1093/1139/1760 1094/1141/1760
f 1094/1141/1760 870/916/1760 869/915/1760
f 1094/1141/1761 1095/1142/1762 872/918/1761
f 872/918/1761 870/916/1761 1094/1141/1761
f 872/918/1763 1095/1142/1764 1096/1143/1764
f 1096/1143/1764 874/920/1765 872/918/1763
f 874/920/1766 1096/1143/1766 1097/1144/1767
f 1097/1144/1767 876/922/1766 874/920/1766
f 878/924/1768 876/922/1769 1097/1144/1770
f 1097/1144/1770 1098/1145/1771 878/924/1768
f 878/924/1772 1098/1145/1773 1099/1146/1774
f 1099/1146/1774 880/926/1773 878/924/1772
f 880/926/1775 1099/1146/1776 1100/1147/1777
f 1100/1147/1777 882/928/1778 880/926/1775
f 1101/1148/1779 884/930/1780 882/928/1781
f 882/928/1781 1100/1147/1782 1101/1148/1779
f 884/930/1783 1101/1148/1784 1102/1149/1785
f 1102/1149/1785 887/933/1786 884/930/1783
f 887/933/1787 1102/1149/1788 1103/1150/1789
f 1103/1150/1789 889/935/1790 887/933/1787
f 1104/1151/1791 891/937/1791 889/935/1792
f 889/935/1792 1103/1150/1793 1104/1151/1791
f 1105/1152/1794 893/939/1795 891/937/1796
f 891/937/1796 1104/1151/1797 1105/1152/1794
f 1106/1153/1798 895/941/1799 893/939/1798
f 893/939/1798 1105/1152/1799 1106/1153/1798
f 895/941/1800 1106/1153/1800 1107/1154/1800
f 1107/1154/1800 896/942/1800 895/941/1800
f 211/1155/1801 896/942/1801 1107/1154/1801
f 1107/1154/1801 212/1156/1801 211/1155/1801
f 897/943/1802 896/942/1802 211/1155/1802
f 211/1155/1802 219/1157/1802 897/943/1802
f 912/958/1803 897/943/1803 219/1157/1803
f 219/1157/1803 220/1158/1803 912/958/1803
f 221/1159/1804 927/973/1804 912/958/1804
f 912/958/1804 220/1158/1804 221/1159/1804
f 222/1160/1805 942/988/1806 927/973/1805
f 927/973/1805 221/1159/1805 222/1160/1805
f 223/1161/1807 957/1003/1807 942/988/1807
f 942/988/1807 222/1160/1807 223/1161/1807
f 224/1162/1808 972/1018/1808 957/1003/1808
f 957/1003/1808 223/1161/1808 224/1162/1808
f 205/1163/1809 987/1033/1809 972/1018/1809
f 972/1018/1809 224/1162/1810 205/1163/1809
f 204/1164/1811 1002/1048/1811 987/1033/1811
f 987/1033/1811 205/1163/1811 204/1164/1811
f 203/1165/1812 1017/1063/1812 1002/1048/1812
f 1002/1048/1812 204/1164/1813 203/1165/1812
f 202/1166/1814 1032/1078/1814 1017/1063/1814
f 1017/1063/1814 203/1165/1814 202/1166/1814
f 1032/1078/1815 202/1166/1815 201/1167/1815
f 201/1167/1815 1047/1093/1815 1032/1078/1815
f 1047/1093/1816 201/1167/1817 200/1168/1816
f 200/1168/1816 1062/1108/1817 1047/1093/1816
f 199/1169/1818 1077/1123/1818 1062/1108/1818
f 1062/1108/1818 200/1168/1818 199/1169/1818
f 1077/1123/1819 199/1169/1819 196/1170/1819
f 196/1170/1819 1092/1138/1819 1077/1123/1819
f 198/1171/1820 380/1172/1820 1092/1138/1820
f 1092/1138/1820 196/1170/1820 198/1171/1820
f 399/1173/1821 1091/1137/1821 1092/1138/1821
f 1092/1138/1821 380/1172/1821 399/1173/1821
f 1090/1136/1822 1091/1137/1823 399/1173/1824
f 399/1173/1824 398/1174/1822 1090/1136/1822
f 1089/1135/1825 1090/1136/1825 398/1174/1825
f 398/1174/1825 397/1175/1825 1089/1135/1825
f 397/1175/1826 396/1176/1827 1088/1134/1828
f 1088/1134/1828 1089/1135/1829 397/1175/1826
f 1087/1133/1830 1088/1134/1831 396/1176/1832
f 396/1176/1832 395/1177/1833 1087/1133/1830
f 1086/1132/1834 1087/1133/1835 395/1177/1836
f 395/1177/1836 394/1178/1837 1086/1132/1834
f 394/1178/1838 393/1179/1839 1085/1131/1840
f 1085/1131/1840 1086/1132/1841 394/1178/1838
f 393/1179/1842 392/1180/1842 1084/1130/1842
f 1084/1130/1842 1085/1131/1843 393/1179/1842
f 392/1180/1844 391/1181/1845 1083/1129/1846
f 1083/1129/1846 1084/1130/1847 392/1180/1844
f 1082/1128/1848 1083/1129/1849 391/1181/1850
f 391/1181/1850 390/1182/1851 1082/1128/1848
f 390/1182/1852 389/1183/1852 1081/1127/1853
f 1081/1127/1853 1082/1128/1852 390/1182/1852
f 389/1183/1854 388/1184/1855 1080/1126/1855
f 1080/1126/1855 1081/1127/1855 389/1183/1854
f 387/1185/1856 1079/1125/1856 1080/1126/1856
f 1080/1126/1856 388/1184/1856 387/1185/1856
f 387/1185/1857 386/1186/1857 1078/1124/1857
f 1078/1124/1857 1079/1125/1857 387/1185/1857
f 854/1187/1858 1078/1124/1858 386/1186/1859
f 386/1186/1859 385/1188/1859 854/1187/1858
f 854/1187/1860 855/1189/1860 1063/1109/1860
f 1063/1109/1860 1078/1124/1860 854/1187/1860
f 855/1189/1861 856/1190/1861 1048/1094/1861
f 1048/1094/1861 1063/1109/1861 855/1189/1861
f 856/1190/1862 857/1191/1862 1033/1079/1862
f 1033/1079/1862 1048/1094/1862 856/1190/1862
f 1033/1079/1863 857/1191/1863 858/1192/1863
f 858/1192/1863 1018/1064/1863 1033/1079/1863
f 858/1192/1864 859/1193/1864 1003/1049/1864
f 1003/1049/1864 1018/1064/1864 858/1192/1864
f 860/1194/1865 988/1034/1865 1003/1049/1865
f 1003/1049/1865 859/1193/1865 860/1194/1865
f 846/1195/1866 973/1019/1867 988/1034/1868
f 988/1034/1868 860/1194/1867 846/1195/1866
f 958/1004/1869 973/1019/1870 846/1195/1871
f 846/1195/1871 845/1196/1870 958/1004/1869
f 958/1004/1872 845/1196/1872 844/1197/1873
f 844/1197/1873 943/989/1872 958/1004/1872
f 844/1197/1874 843/1198/1874 928/974/1874
f 928/974/1874 943/989/1874 844/1197/1874
f 928/974/1875 843/1198/1875 842/1199/1875
f 842/1199/1875 913/959/1875 928/974/1875
f 913/959/1876 842/1199/1876 841/1200/1876
f 841/1200/1876 898/944/1876 913/959/1876
f 841/1200/1877 840/1201/1877 868/914/1877
f 868/914/1877 898/944/1877 841/1200/1877
f 840/1201/1878 839/1140/1878 869/915/1878
f 869/915/1878 868/914/1878 840/1201/1878
f 1108/1202/1879 1109/1203/1879 1110/1204/1879
f 1110/1204/1879 1111/1205/1879 1108/1202/1879
f 1112/1206/1880 1111/1205/1880 1110/1204/1880
f 1110/1204/1880 1113/1207/1880 1112/1206/1880
f 1112/1206/1881 1113/1207/1882 1114/1208/1882
f 1114/1208/1882 1115/1209/1882 1112/1206/1881
f 1115/1209/1883 1114/1208/1883 1116/1210/1884
f 1116/1210/1884 1117/1211/1883 1115/1209/1883
f 1118/1212/1885 1119/1213/1886 1117/1211/1887
f 1117/1211/1887 1116/1210/1885 1118/1212/1885
f 1119/1213/1888 1118/1212/1889 1120/1214/1890
f 1120/1214/1890 1121/1215/1889 1119/1213/1888
f 1121/1215/1891 1120/1214/1892 1122/1216/1893
f 1122/1216/1893 1123/1217/1894 1121/1215/1891
f 1123/1217/1895 1122/1216/1896 1124/1218/1897
f 1124/1218/1897 1125/1219/1898 1123/1217/1895
f 1125/1219/1899 1124/1218/1900 1126/1220/1901
f 1126/1220/1901 1127/1221/1900 1125/1219/1899
f 1127/1221/1902 1126/1220/1903 1128/1222/1904
f 1128/1222/1904 1129/1223/1905 1127/1221/1902
f 1130/1224/1906 1129/1223/1907 1128/1222/1908
f 1128/1222/1908 1131/1225/1906 1130/1224/1906
f 1130/1224/1909 1131/1225/1910 1132/1226/1911
f 1132/1226/1911 1133/1227/1910 1130/1224/1909
f 1133/1227/1912 1132/1226/1912 1134/1228/1912
f 1134/1228/1912 1135/1229/1912 1133/1227/1912
f 1136/1230/1913 1137/1231/1913 1135/1229/1913
f 1135/1229/1913 1134/1228/1913 1136/1230/1913
f 1138/1232/1914 1108/1202/1914 1111/1205/1914
f 1111/1205/1914 1139/1233/1914 1138/1232/1914
f 1139/1233/1915 1111/1205/1915 1112/1206/1915
f 1112/1206/1915 1140/1234/1915 1139/1233/1915
f 1140/1234/1916 1112/1206/1916 1115/1209/1917
f 1115/1209/1917 1141/1235/1916 1140/1234/1916
f 1141/1235/1918 1115/1209/1919 1117/1211/1920
f 1117/1211/1920 1142/1236/1919 1141/1235/1918
f 1143/1237/1921 1142/1236/1922 1117/1211/1922
f 1117/1211/1922 1119/1213/1923 1143/1237/1921
f 1143/1237/1924 1119/1213/1924 1121/1215/1924
f 1121/1215/1924 1144/1238/1925 1143/1237/1924
f 1144/1238/1926 1121/1215/1926 1123/1217/1926
f 1123/1217/1926 1145/1239/1927 1144/1238/1926
f 1125/1219/1928 1146/1240/1929 1145/1239/1930
f 1145/1239/1930 1123/1217/1931 1125/1219/1928
f 1146/1240/1932 1125/1219/1933 1127/1221/1934
f 1127/1221/1934 1147/1241/1934 1146/1240/1932
f 1147/1241/1935 1127/1221/1935 1129/1223/1936
f 1129/1223/1936 1148/1242/1937 1147/1241/1935
f 1148/1242/1938 1129/1223/1938 1130/1224/1938
f 1130/1224/1938 1149/1243/1939 1148/1242/1938
f 1149/1243/1940 1130/1224/1940 1133/1227/1941
f 1133/1227/1941 1150/1244/1940 1149/1243/1940
f 1150/1244/1942 1133/1227/1943 1135/1229/1943
f 1135/1229/1943 1151/1245/1943 1150/1244/1942
f 1152/1246/1944 1151/1245/1944 1135/1229/1944
f 1135/1229/1944 1137/1231/1944 1152/1246/1944
f 1153/1247/1945 1138/1232/1945 1139/1233/1945
f 1139/1233/1945 1154/1248/1945 1153/1247/1945
f 1140/1234/1946 1155/1249/1947 1154/1248/1948
f 1154/1248/1948 1139/1233/1946 1140/1234/1946
f 1155/1249/1949 1140/1234/1950 1141/1235/1950
f 1141/1235/1950 1156/1250/1951 1155/1249/1949
f 1156/1250/1952 1141/1235/1953 1142/1236/1954
f 1142/1236/1954 1157/1251/1955 1156/1250/1952
f 1157/1251/1956 1142/1236/1957 1143/1237/1957
f 1143/1237/1957 1158/1252/1958 1157/1251/1956
f 1158/1252/1959 1143/1237/1960 1144/1238/1960
f 1144/1238/1960 1159/1253/1961 1158/1252/1959
f 1159/1253/1962 1144/1238/1963 1145/1239/1964
f 1145/1239/1964 1160/1254/1965 1159/1253/1962
f 1161/1255/1966 1160/1254/1967 1145/1239/1968
f 1145/1239/1968 1146/1240/1969 1161/1255/1966
f 1161/1255/1970 1146/1240/1971 1147/1241/1972
f 1147/1241/1972 1162/1256/1973 1161/1255/1970
f 1162/1256/1974 1147/1241/1975 1148/1242/1975
f 1148/1242/1975 1163/1257/1976 1162/1256/1974
f 1149/1243/1977 1164/1258/1978 1163/1257/1979
f 1163/1257/1979 1148/1242/1980 1149/1243/1977
f 1164/1258/1981 1149/1243/1982 1150/1244/1983
f 1150/1244/1983 1165/1259/1984 1164/1258/1981
f 1165/1259/1985 1150/1244/1986 1151/1245/1987
f 1151/1245/1987 1166/1260/1988 1165/1259/1985
f 1166/1260/1989 1151/1245/1989 1152/1246/1989
f 1152/1246/1989 1167/1261/1989 1166/1260/1989
f 1168/1262/1990 1153/1247/1991 1154/1248/1991
f 1154/1248/1991 1169/1263/1992 1168/1262/1990
f 1170/1264/1993 1169/1263/1994 1154/1248/1948
f 1154/1248/1948 1155/1249/1947 1170/1264/1993
f 1170/1264/1995 1155/1249/1949 1156/1250/1951
f 1156/1250/1951 1171/1265/1996 1170/1264/1995
f 1171/1265/1997 1156/1250/1952 1157/1251/1955
f 1157/1251/1955 1172/1266/1998 1171/1265/1997
f 1158/1252/1958 1173/1267/1999 1172/1266/2000
f 1172/1266/2000 1157/1251/1956 1158/1252/1958
f 1173/1267/2001 1158/1252/1959 1159/1253/1961
f 1159/1253/1961 1174/1268/2002 1173/1267/2001
f 1174/1268/2003 1159/1253/1962 1160/1254/1965
f 1160/1254/1965 1175/1269/2004 1174/1268/2003
f 1175/1269/2005 1160/1254/1967 1161/1255/1966
f 1161/1255/1966 1176/1270/2006 1175/1269/2005
f 1176/1270/2007 1161/1255/1970 1162/1256/1973
f 1162/1256/1973 1177/1271/2008 1176/1270/2007
f 1177/1271/2009 1162/1256/1974 1163/1257/1976
f 1163/1257/1976 1178/1272/2010 1177/1271/2009
f 1179/1273/2011 1178/1272/2012 1163/1257/1979
f 1163/1257/1979 1164/1258/1978 1179/1273/2011
f 1179/1273/2013 1164/1258/1981 1165/1259/1984
f 1165/1259/1984 1180/1274/2014 1179/1273/2013
f 1180/1274/2015 1165/1259/1985 1166/1260/1988
f 1166/1260/1988 1181/1275/2016 1180/1274/2015
f 1167/1261/2017 1182/1276/2018 1181/1275/2019
f 1181/1275/2019 1166/1260/2017 1167/1261/2017
f 1183/1277/2020 1168/1262/1990 1169/1263/1992
f 1169/1263/1992 1184/1278/2021 1183/1277/2020
f 1184/1278/2022 1169/1263/1994 1170/1264/1993
f 1170/1264/1993 1185/1279/2023 1184/1278/2022
f 1186/1280/2024 1185/1279/2025 1170/1264/1995
f 1170/1264/1995 1171/1265/1996 1186/1280/2024
f 1187/1281/2026 1186/1280/2027 1171/1265/1997
f 1171/1265/1997 1172/1266/1998 1187/1281/2026
f 1173/1267/1999 1188/1282/2028 1187/1281/2029
f 1187/1281/2029 1172/1266/2000 1173/1267/1999
f 1189/1283/2030 1188/1282/2031 1173/1267/2001
f 1173/1267/2001 1174/1268/2002 1189/1283/2030
f 1190/1284/2032 1189/1283/2033 1174/1268/2003
f 1174/1268/2003 1175/1269/2004 1190/1284/2032
f 1190/1284/2034 1175/1269/2005 1176/1270/2006
f 1176/1270/2006 1191/1285/2035 1190/1284/2034
f 1192/1286/2036 1191/1285/2037 1176/1270/2007
f 1176/1270/2007 1177/1271/2008 1192/1286/2036
f 1193/1287/2038 1192/1286/2039 1177/1271/2009
f 1177/1271/2009 1178/1272/2010 1193/1287/2038
f 1193/1287/2040 1178/1272/2012 1179/1273/2011
f 1179/1273/2011 1194/1288/2041 1193/1287/2040
f 1195/1289/2042 1194/1288/2043 1179/1273/2013
f 1179/1273/2013 1180/1274/2014 1195/1289/2042
f 1196/1290/2044 1195/1289/2045 1180/1274/2015
f 1180/1274/2015 1181/1275/2016 1196/1290/2044
f 1182/1276/2018 1197/1291/2046 1196/1290/2047
f 1196/1290/2047 1181/1275/2019 1182/1276/2018
f 1198/1292/2048 1199/1293/2049 1183/1277/2020
f 1183/1277/2020 1184/1278/2021 1198/1292/2048
f 1185/1279/2023 1200/1294/2050 1198/1292/2051
f 1198/1292/2051 1184/1278/2022 1185/1279/2023
f 1201/1295/2052 1200/1294/2053 1185/1279/2025
f 1185/1279/2025 1186/1280/2024 1201/1295/2052
f 1202/1296/2054 1201/1295/2055 1186/1280/2027
f 1186/1280/2027 1187/1281/2026 1202/1296/2054
f 1187/1281/2029 1188/1282/2028 1203/1297/2056
f 1203/1297/2056 1202/1296/2057 1187/1281/2029
f 1189/1283/2030 1204/1298/2058 1203/1297/2059
f 1203/1297/2059 1188/1282/2031 1189/1283/2030
f 1190/1284/2032 1205/1299/2060 1204/1298/2061
f 1204/1298/2061 1189/1283/2033 1190/1284/2032
f 1205/1299/2062 1190/1284/2034 1191/1285/2035
f 1191/1285/2035 1206/1300/2063 1205/1299/2062
f 1192/1286/2036 1207/1301/2064 1206/1300/2065
f 1206/1300/2065 1191/1285/2037 1192/1286/2036
f 1193/1287/2038 1208/1302/2066 1207/1301/2067
f 1207/1301/2067 1192/1286/2039 1193/1287/2038
f 1194/1288/2041 1209/1303/2068 1208/1302/2068
f 1208/1302/2068 1193/1287/2040 1194/1288/2041
f 1210/1304/2069 1209/1303/2070 1194/1288/2043
f 1194/1288/2043 1195/1289/2042 1210/1304/2069
f 1211/1305/2071 1210/1304/2072 1195/1289/2045
f 1195/1289/2045 1196/1290/2044 1211/1305/2071
f 1196/1290/2047 1197/1291/2046 1212/1306/2073
f 1212/1306/2073 1211/1305/2074 1196/1290/2047
f 1198/1292/2048 1213/1307/2075 1214/1308/2076
f 1214/1308/2076 1199/1293/2049 1198/1292/2048
f 1213/1307/2077 1198/1292/2051 1200/1294/2050
f 1200/1294/2050 1215/1309/2078 1213/1307/2077
f 1201/1295/2052 1216/1310/2079 1215/1309/2080
f 1215/1309/2080 1200/1294/2053 1201/1295/2052
f 1202/1296/2054 1217/1311/2081 1216/1310/2082
f 1216/1310/2082 1201/1295/2055 1202/1296/2054
f 1203/1297/2056 1218/1312/2083 1217/1311/2084
f 1217/1311/2084 1202/1296/2057 1203/1297/2056
f 1219/1313/2085 1218/1312/2086 1203/1297/2059
f 1203/1297/2059 1204/1298/2058 1219/1313/2085
f 1220/1314/2087 1219/1313/2088 1204/1298/2061
f 1204/1298/2061 1205/1299/2060 1220/1314/2087
f 1205/1299/2062 1206/1300/2063 1221/1315/2089
f 1221/1315/2089 1220/1314/2090 1205/1299/2062
f 1207/1301/2064 1222/1316/2091 1221/1315/2092
f 1221/1315/2092 1206/1300/2065 1207/1301/2064
f 1208/1302/2066 1223/1317/2093 1222/1316/2094
f 1222/1316/2094 1207/1301/2067 1208/1302/2066
f 1223/1317/2095 1208/1302/2068 1209/1303/2068
f 1209/1303/2068 1224/1318/2096 1223/1317/2095
f 1210/1304/2069 1225/1319/2097 1224/1318/2098
f 1224/1318/2098 1209/1303/2070 1210/1304/2069
f 1211/1305/2071 1226/1320/2099 1225/1319/2100
f 1225/1319/2100 1210/1304/2072 1211/1305/2071
f 1212/1306/2073 1227/1321/2101 1226/1320/2102
f 1226/1320/2102 1211/1305/2074 1212/1306/2073
f 1228/1322/2103 1229/1323/2104 1214/1308/2076
f 1214/1308/2076 1213/1307/2075 1228/1322/2103
f 1213/1307/2077 1215/1309/2078 1230/1324/2105
f 1230/1324/2105 1228/1322/2106 1213/1307/2077
f 1216/1310/2079 1231/1325/2107 1230/1324/2108
f 1230/1324/2108 1215/1309/2080 1216/1310/2079
f 1217/1311/2081 1232/1326/2109 1231/1325/2110
f 1231/1325/2110 1216/1310/2082 1217/1311/2081
f 1232/1326/2111 1217/1311/2084 1218/1312/2083
f 1218/1312/2083 1233/1327/2112 1232/1326/2111
f 1219/1313/2085 1234/1328/2113 1233/1327/2114
f 1233/1327/2114 1218/1312/2086 1219/1313/2085
f 1220/1314/2087 1235/1329/2115 1234/1328/2088
f 1234/1328/2088 1219/1313/2088 1220/1314/2087
f 1221/1315/2089 1236/1330/2116 1235/1329/2117
f 1235/1329/2117 1220/1314/2090 1221/1315/2089
f 1237/1331/2118 1236/1330/2119 1221/1315/2092
f 1221/1315/2092 1222/1316/2091 1237/1331/2118
f 1238/1332/2120 1237/1331/2121 1222/1316/2094
f 1222/1316/2094 1223/1317/2093 1238/1332/2120
f 1223/1317/2095 1224/1318/2096 1239/1333/2122
f 1239/1333/2122 1238/1332/2123 1223/1317/2095
f 1225/1319/2097 1240/1334/2124 1239/1333/2125
f 1239/1333/2125 1224/1318/2098 1225/1319/2097
f 1226/1320/2099 1241/1335/2126 1240/1334/2127
f 1240/1334/2127 1225/1319/2100 1226/1320/2099
f 1241/1335/2128 1226/1320/2102 1227/1321/2101
f 1227/1321/2101 1242/1336/2129 1241/1335/2128
f 1228/1322/2103 1243/1337/2130 1244/1338/2131
f 1244/1338/2131 1229/1323/2104 1228/1322/2103
f 1230/1324/2105 1245/1339/2132 1243/1337/2133
f 1243/1337/2133 1228/1322/2106 1230/1324/2105
f 1246/1340/2134 1245/1339/2135 1230/1324/2108
f 1230/1324/2108 1231/1325/2107 1246/1340/2134
f 1247/1341/2136 1246/1340/2137 1231/1325/2110
f 1231/1325/2110 1232/1326/2109 1247/1341/2136
f 1232/1326/2111 1233/1327/2112 1248/1342/2138
f 1248/1342/2138 1247/1341/2139 1232/1326/2111
f 1234/1328/2113 1249/1343/2140 1248/1342/2141
f 1248/1342/2141 1233/1327/2114 1234/1328/2113
f 1235/1329/2115 1250/1344/2142 1249/1343/2143
f 1249/1343/2143 1234/1328/2088 1235/1329/2115
f 1250/1344/2144 1235/1329/2117 1236/1330/2116
f 1236/1330/2116 1251/1345/2145 1250/1344/2144
f 1237/1331/2118 1252/1346/2146 1251/1345/2147
f 1251/1345/2147 1236/1330/2119 1237/1331/2118
f 1238/1332/2120 1253/1347/2148 1252/1346/2149
f 1252/1346/2149 1237/1331/2121 1238/1332/2120
f 1239/1333/2122 1254/1348/2150 1253/1347/2151
f 1253/1347/2151 1238/1332/2123 1239/1333/2122
f 1255/1349/2152 1254/1348/2153 1239/1333/2125
f 1239/1333/2125 1240/1334/2124 1255/1349/2152
f 1256/1350/2154 1255/1349/2155 1240/1334/2127
f 1240/1334/2127 1241/1335/2126 1256/1350/2154
f 1241/1335/2128 1242/1336/2129 1257/1351/2156
f 1257/1351/2156 1256/1350/2157 1241/1335/2128
f 1243/1337/2130 1258/1352/2158 1259/1353/2159
f 1259/1353/2159 1244/1338/2131 1243/1337/2130
f 1258/1352/2160 1243/1337/2133 1245/1339/2132
f 1245/1339/2132 1260/1354/2161 1258/1352/2160
f 1246/1340/2134 1261/1355/2162 1260/1354/2163
f 1260/1354/2163 1245/1339/2135 1246/1340/2134
f 1247/1341/2136 1262/1356/2164 1261/1355/2165
f 1261/1355/2165 1246/1340/2137 1247/1341/2136
f 1248/1342/2138 1263/1357/2166 1262/1356/2167
f 1262/1356/2167 1247/1341/2139 1248/1342/2138
f 1264/1358/2168 1263/1357/2169 1248/1342/2141
f 1248/1342/2141 1249/1343/2140 1264/1358/2168
f 1265/1359/2170 1264/1358/2171 1249/1343/2143
f 1249/1343/2143 1250/1344/2142 1265/1359/2170
f 1250/1344/2144 1251/1345/2145 1266/1360/2172
f 1266/1360/2172 1265/1359/2173 1250/1344/2144
f 1252/1346/2146 1267/1361/2174 1266/1360/2175
f 1266/1360/2175 1251/1345/2147 1252/1346/2146
f 1253/1347/2148 1268/1362/2176 1267/1361/2177
f 1267/1361/2177 1252/1346/2149 1253/1347/2148
f 1268/1362/2178 1253/1347/2151 1254/1348/2150
f 1254/1348/2150 1269/1363/2179 1268/1362/2178
f 1255/1349/2152 1270/1364/2180 1269/1363/2181
f 1269/1363/2181 1254/1348/2153 1255/1349/2152
f 1256/1350/2154 1271/1365/2182 1270/1364/2183
f 1270/1364/2183 1255/1349/2155 1256/1350/2154
f 1257/1351/2156 1272/1366/2184 1271/1365/2185
f 1271/1365/2185 1256/1350/2157 1257/1351/2156
f 1273/1367/2186 1274/1368/2186 1259/1353/2159
f 1259/1353/2159 1258/1352/2158 1273/1367/2186
f 1258/1352/2160 1260/1354/2161 1275/1369/2187
f 1275/1369/2187 1273/1367/2188 1258/1352/2160
f 1261/1355/2162 1276/1370/2189 1275/1369/2190
f 1275/1369/2190 1260/1354/2163 1261/1355/2162
f 1262/1356/2164 1277/1371/2191 1276/1370/2192
f 1276/1370/2192 1261/1355/2165 1262/1356/2164
f 1277/1371/2193 1262/1356/2167 1263/1357/2166
f 1263/1357/2166 1278/1372/2194 1277/1371/2193
f 1264/1358/2168 1279/1373/2195 1278/1372/2196
f 1278/1372/2196 1263/1357/2169 1264/1358/2168
f 1265/1359/2170 1280/1374/2197 1279/1373/2198
f 1279/1373/2198 1264/1358/2171 1265/1359/2170
f 1266/1360/2172 1281/1375/2199 1280/1374/2200
f 1280/1374/2200 1265/1359/2173 1266/1360/2172
f 1282/1376/2201 1281/1375/2202 1266/1360/2175
f 1266/1360/2175 1267/1361/2174 1282/1376/2201
f 1283/1377/2203 1282/1376/2204 1267/1361/2177
f 1267/1361/2177 1268/1362/2176 1283/1377/2203
f 1268/1362/2178 1269/1363/2179 1284/1378/2205
f 1284/1378/2205 1283/1377/2206 1268/1362/2178
f 1270/1364/2180 1285/1379/2207 1284/1378/2207
f 1284/1378/2207 1269/1363/2181 1270/1364/2180
f 1271/1365/2182 1286/1380/2208 1285/1379/2208
f 1285/1379/2208 1270/1364/2183 1271/1365/2182
f 1286/1380/2209 1271/1365/2185 1272/1366/2184
f 1272/1366/2184 1287/1381/2209 1286/1380/2209
f 1273/1367/2210 1288/1382/2210 1289/1383/2210
f 1289/1383/2210 1274/1368/2210 1273/1367/2210
f 1275/1369/2187 1290/1384/2211 1288/1382/2211
f 1288/1382/2211 1273/1367/2188 1275/1369/2187
f 1291/1385/2212 1290/1384/2213 1275/1369/2190
f 1275/1369/2190 1276/1370/2189 1291/1385/2212
f 1292/1386/2214 1291/1385/2214 1276/1370/2192
f 1276/1370/2192 1277/1371/2191 1292/1386/2214
f 1277/1371/2193 1278/1372/2194 1293/1387/2215
f 1293/1387/2215 1292/1386/2216 1277/1371/2193
f 1279/1373/2195 1294/1388/2217 1293/1387/2218
f 1293/1387/2218 1278/1372/2196 1279/1373/2195
f 1280/1374/2197 1295/1389/2219 1294/1388/2220
f 1294/1388/2220 1279/1373/2198 1280/1374/2197
f 1295/1389/2221 1280/1374/2200 1281/1375/2199
f 1281/1375/2199 1296/1390/2222 1295/1389/2221
f 1282/1376/2223 1297/1391/2224 1296/1390/2225
f 1296/1390/2225 1281/1375/2226 1282/1376/2223
f 1283/1377/2203 1298/1392/2227 1297/1391/2228
f 1297/1391/2228 1282/1376/2204 1283/1377/2203
f 1284/1378/2205 1299/1393/2229 1298/1392/2229
f 1298/1392/2229 1283/1377/2206 1284/1378/2205
f 1300/1394/2230 1299/1393/2231 1284/1378/2232
f 1284/1378/2232 1285/1379/2230 1300/1394/2230
f 1301/1395/2233 1300/1394/2233 1285/1379/2233
f 1285/1379/2233 1286/1380/2233 1301/1395/2233
f 1286/1380/2234 1287/1381/2234 1302/1396/2234
f 1302/1396/2234 1301/1395/2234 1286/1380/2234
f 1288/1382/2235 1303/1397/2235 1304/1398/2235
f 1304/1398/2235 1289/1383/2235 1288/1382/2235
f 1303/1397/2236 1288/1382/2236 1290/1384/2236
f 1290/1384/2236 1305/1399/2236 1303/1397/2236
f 1291/1385/2237 1306/1400/2237 1305/1399/2237
f 1305/1399/2237 1290/1384/2237 1291/1385/2237
f 1292/1386/2238 1307/1401/2239 1306/1400/2240
f 1306/1400/2240 1291/1385/2239 1292/1386/2238
f 1293/1387/2241 1308/1402/2242 1307/1401/2243
f 1307/1401/2243 1292/1386/2242 1293/1387/2241
f 1309/1403/2244 1308/1402/2245 1293/1387/2245
f 1293/1387/2245 1294/1388/2245 1309/1403/2244
f 1310/1404/2246 1309/1403/2246 1294/1388/2247
f 1294/1388/2247 1295/1389/2246 1310/1404/2246
f 1295/1389/2248 1296/1390/2249 1311/1405/2250
f 1311/1405/2250 1310/1404/2251 1295/1389/2248
f 1297/1391/2252 1312/1406/2252 1311/1405/2253
f 1311/1405/2253 1296/1390/2254 1297/1391/2252
f 1298/1392/2255 1313/1407/2256 1312/1406/2257
f 1312/1406/2257 1297/1391/2257 1298/1392/2255
f 1313/1407/2258 1298/1392/2258 1299/1393/2258
f 1299/1393/2258 1314/1408/2259 1313/1407/2258
f 1300/1394/2260 1315/1409/2260 1314/1408/2261
f 1314/1408/2261 1299/1393/2260 1300/1394/2260
f 1301/1395/2262 1316/1410/2262 1315/1409/2262
f 1315/1409/2262 1300/1394/2262 1301/1395/2262
f 1302/1396/2263 1317/1411/2263 1316/1410/2263
f 1316/1410/2263 1301/1395/2263 1302/1396/2263
f 1318/1412/2264 1319/1413/2264 1304/1398/2264
f 1304/1398/2264 1303/1397/2264 1318/1412/2264
f 1303/1397/2265 1305/1399/2265 1320/1414/2265
f 1320/1414/2265 1318/1412/2265 1303/1397/2265
f 1306/1400/2266 1321/1415/2266 1320/1414/2266
f 1320/1414/2266 1305/1399/2266 1306/1400/2266
f 1307/1401/2267 1322/1416/2267 1321/1415/2268
f 1321/1415/2268 1306/1400/2268 1307/1401/2267
f 1322/1416/2269 1307/1401/2270 1308/1402/2271
f 1308/1402/2271 1323/1417/2271 1322/1416/2269
f 1309/1403/2272 1324/1418/2272 1323/1417/2273
f 1323/1417/2273 1308/1402/2274 1309/1403/2272
f 1310/1404/2275 1325/1419/2276 1324/1418/2277
f 1324/1418/2277 1309/1403/2278 1310/1404/2275
f 1311/1405/2279 1326/1420/2280 1325/1419/2281
f 1325/1419/2281 1310/1404/2282 1311/1405/2279
f 1327/1421/2283 1326/1420/2284 1311/1405/2285
f 1311/1405/2285 1312/1406/2286 1327/1421/2283
f 1328/1422/2287 1327/1421/2288 1312/1406/2289
f 1312/1406/2289 1313/1407/2290 1328/1422/2287
f 1313/1407/2291 1314/1408/2291 1329/1423/2291
f 1329/1423/2291 1328/1422/2291 1313/1407/2291
f 1315/1409/2292 1330/1424/2293 1329/1423/2294
f 1329/1423/2294 1314/1408/2293 1315/1409/2292
f 1316/1410/2295 1331/1425/2296 1330/1424/2297
f 1330/1424/2297 1315/1409/2296 1316/1410/2295
f 1331/1425/2298 1316/1410/2298 1317/1411/2299
f 1317/1411/2299 1332/1426/2298 1331/1425/2298
f 210/1427/2300 212/1156/2300 1107/1154/2300
f 1107/1154/2300 1109/1203/2300 210/1427/2300
f 1106/1153/2301 1110/1204/2301 1109/1203/2302
f 1109/1203/2302 1107/1154/2301 1106/1153/2301
f 1105/1152/2303 1113/1207/2304 1110/1204/2305
f 1110/1204/2305 1106/1153/2304 1105/1152/2303
f 1113/1207/2306 1105/1152/2306 1104/1151/2307
f 1104/1151/2307 1114/1208/2307 1113/1207/2306
f 1114/1208/2308 1104/1151/2309 1103/1150/2310
f 1103/1150/2310 1116/1210/2311 1114/1208/2308
f 1118/1212/2312 1116/1210/2312 1103/1150/2312
f 1103/1150/2312 1102/1149/2312 1118/1212/2312
f 1118/1212/2313 1102/1149/2314 1101/1148/2315
f 1101/1148/2315 1120/1214/2314 1118/1212/2313
f 1120/1214/2316 1101/1148/2317 1100/1147/2317
f 1100/1147/2317 1122/1216/2317 1120/1214/2316
f 1122/1216/2318 1100/1147/2319 1099/1146/2320
f 1099/1146/2320 1124/1218/2321 1122/1216/2318
f 1098/1145/2322 1126/1220/2322 1124/1218/2323
f 1124/1218/2323 1099/1146/2322 1098/1145/2322
f 1128/1222/2324 1126/1220/2325 1098/1145/2326
f 1098/1145/2326 1097/1144/2327 1128/1222/2324
f 1131/1225/2328 1128/1222/2329 1097/1144/2330
f 1097/1144/2330 1096/1143/2328 1131/1225/2328
f 1095/1142/2331 1132/1226/2332 1131/1225/2333
f 1131/1225/2333 1096/1143/2334 1095/1142/2331
f 1094/1141/2335 1134/1228/2335 1132/1226/2336
f 1132/1226/2336 1095/1142/2336 1094/1141/2335
f 1134/1228/2337 1094/1141/2337 1093/1139/2337
f 1093/1139/2337 1136/1230/2337 1134/1228/2337
f 837/868/2338 1136/1230/2338 1093/1139/2338
f 1093/1139/2338 838/869/2338 837/868/2338
f 1137/1231/2339 1136/1230/2339 837/868/2339
f 837/868/2339 847/878/2339 1137/1231/2339
f 1152/1246/2340 1137/1231/2340 847/878/2340
f 847/878/2340 848/879/2340 1152/1246/2340
f 1152/1246/2341 848/879/2341 849/880/2341
f 849/880/2341 1167/1261/2341 1152/1246/2341
f 1182/1276/2342 1167/1261/2342 849/880/2342
f 849/880/2342 850/881/2342 1182/1276/2342
f 1197/1291/2343 1182/1276/2344 850/881/2344
f 850/881/2344 851/882/2345 1197/1291/2343
f 1212/1306/2346 1197/1291/2343 851/882/2345
f 851/882/2345 852/883/2347 1212/1306/2346
f 1212/1306/2346 852/883/2347 853/884/2348
f 853/884/2348 1227/1321/2349 1212/1306/2346
f 1227/1321/2349 853/884/2348 867/907/2350
f 867/907/2350 1242/1336/2351 1227/1321/2349
f 866/906/2352 1257/1351/2353 1242/1336/2351
f 1242/1336/2351 867/907/2350 866/906/2352
f 1257/1351/2353 866/906/2352 865/905/2354
f 865/905/2354 1272/1366/2354 1257/1351/2353
f 865/905/2355 864/904/2355 1287/1381/2355
f 1287/1381/2355 1272/1366/2355 865/905/2355
f 1287/1381/2356 864/904/2356 863/903/2356
f 863/903/2356 1302/1396/2357 1287/1381/2356
f 862/902/2358 1317/1411/2358 1302/1396/2359
f 1302/1396/2359 863/903/2358 862/902/2358
f 861/900/2360 1332/1426/2361 1317/1411/2362
f 1317/1411/2362 862/902/2362 861/900/2360
f 1332/1426/2363 861/900/2364 641/641/2364
f 641/641/2364 639/639/2363 1332/1426/2363
f 1331/1425/2365 1332/1426/2366 639/639/2366
f 639/639/2366 638/638/2366 1331/1425/2365
f 637/637/2367 1330/1424/2368 1331/1425/2369
f 1331/1425/2369 638/638/2370 637/637/2367
f 636/636/2371 1329/1423/2372 1330/1424/2373
f 1330/1424/2373 637/637/2374 636/636/2371
f 1329/1423/2375 636/636/2376 635/635/2377
f 635/635/2377 1328/1422/2378 1329/1423/2375
f 634/634/2379 1327/1421/2380 1328/1422/2379
f 1328/1422/2379 635/635/2379 634/634/2379
f 633/633/2381 1326/1420/2382 1327/1421/2383
f 1327/1421/2383 634/634/2384 633/633/2381
f 1325/1419/2385 1326/1420/2386 633/633/2387
f 633/633/2387 632/632/2385 1325/1419/2385
f 631/631/2388 1324/1418/2389 1325/1419/2390
f 1325/1419/2390 632/632/2390 631/631/2388
f 630/630/2391 1323/1417/2392 1324/1418/2392
f 1324/1418/2392 631/631/2392 630/630/2391
f 1323/1417/2393 630/630/2393 629/629/2394
f 629/629/2394 1322/1416/2395 1323/1417/2393
f 1321/1415/2396 1322/1416/2397 629/629/2398
f 629/629/2398 628/628/2396 1321/1415/2396
f 1320/1414/2399 1321/1415/2400 628/628/2401
f 628/628/2401 627/627/2399 1320/1414/2399
f 626/626/2402 1318/1412/2403 1320/1414/2404
f 1320/1414/2404 627/627/2402 626/626/2402
f 1319/1413/2405 1318/1412/2406 626/626/2406
f 626/626/2406 625/624/2406 1319/1413/2405
f 167/1428/2407 1319/1413/2407 625/624/2407
f 625/624/2407 168/623/2407 167/1428/2407
f 1319/1413/2408 167/1428/2408 177/1429/2409
f 177/1429/2409 1304/1398/2408 1319/1413/2408
f 1304/1398/2410 177/1429/2410 178/1430/2410
f 178/1430/2410 1289/1383/2410 1304/1398/2410
f 178/1430/2411 179/1431/2411 1274/1368/2411
f 1274/1368/2411 1289/1383/2411 178/1430/2411
f 1274/1368/2412 179/1431/2413 180/1432/2414
f 180/1432/2414 1259/1353/2415 1274/1368/2412
f 1259/1353/2415 180/1432/2414 181/1433/2416
f 181/1433/2416 1244/1338/2417 1259/1353/2415
f 181/1433/2416 182/1434/2418 1229/1323/2419
f 1229/1323/2419 1244/1338/2417 181/1433/2416
f 182/1434/2418 183/1435/2420 1214/1308/2421
f 1214/1308/2421 1229/1323/2419 182/1434/2418
f 183/1435/2420 218/1436/2422 1199/1293/2423
f 1199/1293/2423 1214/1308/2421 183/1435/2420
f 1183/1277/2424 1199/1293/2423 218/1436/2422
f 218/1436/2422 217/1437/2425 1183/1277/2424
f 1183/1277/2424 217/1437/2425 216/1438/2426
f 216/1438/2426 1168/1262/2427 1183/1277/2424
f 1168/1262/2427 216/1438/2426 215/1439/2428
f 215/1439/2428 1153/1247/2428 1168/1262/2427
f 1153/1247/2429 215/1439/2429 214/1440/2429
f 214/1440/2429 1138/1232/2429 1153/1247/2429
f 1138/1232/2430 214/1440/2430 213/1441/2430
f 213/1441/2430 1108/1202/2430 1138/1232/2430
f 1108/1202/2431 213/1441/2431 210/1427/2431
f 210/1427/2431 1109/1203/2431 1108/1202/2431
f 1333/9/2432 1334/8/2432 1335/11/2432
f 1335/11/2432 1336/10/2432 1333/9/2432
f 1335/11/2433 1337/13/2434 1338/12/2435
f 1338/12/2435 1336/10/2434 1335/11/2433
f 1339/14/2436 1338/12/2436 1337/13/2436
f 1337/13/2436 1340/15/2436 1339/14/2436
f 1339/14/2437 1340/15/2437 1341/17/2437
f 1341/17/2437 1342/16/2437 1339/14/2437
f 1343/19/2438 1344/18/2438 1342/16/2438
f 1342/16/2438 1341/17/2438 1343/19/2438
f 1345/20/2439 1344/18/2439 1343/19/2439
f 1343/19/2439 1346/21/2439 1345/20/2439
f 1345/20/2440 1346/21/2440 1347/23/2440
f 1347/23/2440 1348/22/2440 1345/20/2440
f 1335/11/2441 1334/8/2442 1349/24/2443
f 1349/24/2443 1350/25/2442 1335/11/2441
f 1335/11/2444 1350/25/2444 1351/26/2444
f 1351/26/2444 1337/13/2444 1335/11/2444
f 1351/26/2445 1352/27/2445 1340/15/2445
f 1340/15/2445 1337/13/2445 1351/26/2445
f 1353/28/2446 1341/17/2447 1340/15/2446
f 1340/15/2446 1352/27/2446 1353/28/2446
f 1354/29/2448 1343/19/2448 1341/17/2448
f 1341/17/2448 1353/28/2448 1354/29/2448
f 1355/30/2449 1346/21/2449 1343/19/2449
f 1343/19/2449 1354/29/2449 1355/30/2449
f 1346/21/2450 1355/30/2451 1356/31/2451
f 1356/31/2451 1347/23/2451 1346/21/2450
f 1357/32/2452 1350/25/2453 1349/24/2454
f 1349/24/2454 1358/33/2453 1357/32/2452
f 1359/34/2455 1351/26/2455 1350/25/2456
f 1350/25/2456 1357/32/2455 1359/34/2455
f 1352/27/2457 1351/26/2457 1359/34/2458
f 1360/39/2459 1356/31/2459 1355/30/2459
f 1358/33/2460 1361/40/2460 1362/41/2461
f 1362/41/2461 1357/32/2460 1358/33/2460
f 1363/42/2462 1359/34/2463 1357/32/2464
f 1357/32/2464 1362/41/2463 1363/42/2462
f 1362/41/2465 1361/40/2465 1364/43/2465
f 1366/48/2466 1367/47/2466 1368/50/2466
f 1368/50/2466 1369/49/2466 1366/48/2466
f 1370/52/2467 1371/51/2467 1366/48/2467
f 1366/48/2467 1369/49/2467 1370/52/2467
f 1371/51/2468 1370/52/2468 1372/7/2468
f 1372/7/2468 1373/6/2468 1371/51/2468
f 1374/53/2469 1369/49/2469 1368/50/2469
f 1368/50/2469 1375/54/2469 1374/53/2469
f 1369/49/2470 1374/53/2471 1376/55/2472
f 1376/55/2472 1370/52/2471 1369/49/2470
f 1376/55/2473 1377/56/2474 1372/7/2475
f 1372/7/2475 1370/52/2474 1376/55/2473
f 1378/3/2476 1372/7/2476 1377/56/2476
f 1380/57/2477 1374/53/2477 1375/54/2477
f 1375/54/2477 1381/58/2477 1380/57/2477
f 1376/55/2478 1374/53/2478 1380/57/2478
f 1380/57/2478 1382/59/2478 1376/55/2478
f 1376/55/2479 1382/59/2479 1383/60/2480
f 1383/60/2480 1377/56/2479 1376/55/2479
f 1381/58/2481 1385/62/2481 1386/61/2481
f 1386/61/2481 1380/57/2481 1381/58/2481
f 1386/61/2482 1387/63/2482 1382/59/2482
f 1382/59/2482 1380/57/2482 1386/61/2482
f 1382/59/2483 1387/63/2484 1388/64/2483
f 1388/64/2483 1383/60/2485 1382/59/2483
f 1390/66/2486 1386/61/2486 1385/62/2486
f 1385/62/2486 1391/67/2486 1390/66/2486
f 1390/66/2487 1392/68/2487 1387/63/2487
f 1387/63/2487 1386/61/2487 1390/66/2487
f 1387/63/2488 1392/68/2488 1393/69/2488
f 1395/72/2489 1396/71/2489 1390/66/2489
f 1390/66/2489 1391/67/2489 1395/72/2489
f 1392/68/2490 1390/66/2490 1396/71/2490
f 1396/71/2490 1397/73/2490 1392/68/2490
f 1392/68/2491 1397/73/2491 1398/74/2491
f 1398/74/2491 1393/69/2491 1392/68/2491
f 1399/78/2492 1400/77/2492 1401/76/2493
f 1401/76/2493 1402/79/2492 1399/78/2492
f 1399/78/2494 1402/79/2494 1403/81/2494
f 1403/81/2494 1404/80/2494 1399/78/2494
f 1405/83/2495 1406/82/2495 1404/80/2495
f 1404/80/2495 1403/81/2495 1405/83/2495
f 1407/84/2496 1406/82/2496 1405/83/2496
f 1405/83/2496 1408/85/2496 1407/84/2496
f 1407/84/2497 1408/85/2497 1409/87/2497
f 1409/87/2497 1410/86/2497 1407/84/2497
f 1409/87/2498 1411/89/2498 1412/88/2498
f 1412/88/2498 1410/86/2499 1409/87/2498
f 1412/88/2500 1411/89/2500 1413/91/2500
f 1413/91/2500 1414/90/2500 1412/88/2500
f 1415/92/2501 1402/79/2502 1401/76/2502
f 1401/76/2502 1416/93/2502 1415/92/2501
f 1417/94/2503 1403/81/2503 1402/79/2503
f 1402/79/2503 1415/92/2504 1417/94/2503
f 1418/95/2505 1405/83/2505 1403/81/2505
f 1403/81/2505 1417/94/2505 1418/95/2505
f 1419/96/2506 1408/85/2506 1405/83/2506
f 1405/83/2506 1418/95/2506 1419/96/2506
f 1420/97/2507 1409/87/2507 1408/85/2507
f 1408/85/2507 1419/96/2507 1420/97/2507
f 1420/97/2508 1421/98/2509 1411/89/2508
f 1411/89/2508 1409/87/2508 1420/97/2508
f 1421/98/2510 1422/99/2510 1413/91/2510
f 1413/91/2510 1411/89/2510 1421/98/2510
f 1416/93/2511 1423/100/2511 1424/101/2511
f 1424/101/2511 1415/92/2511 1416/93/2511
f 1425/102/2512 1417/94/2512 1415/92/2512
f 1418/95/2513 1417/94/2513 1425/102/2514
f 1425/102/2514 1426/103/2513 1418/95/2513
f 1427/104/2515 1419/96/2515 1418/95/2515
f 1428/105/2516 1420/97/2516 1419/96/2516
f 1419/96/2516 1427/104/2516 1428/105/2516
f 1421/98/2517 1420/97/2517 1428/105/2517
f 1428/105/2517 1429/106/2517 1421/98/2517
f 1421/98/2518 1429/106/2518 1430/107/2518
f 1430/107/2518 1422/99/2518 1421/98/2518
f 1437/118/2519 1438/117/2520 1439/120/2521
f 1439/120/2521 1440/119/2522 1437/118/2519
f 1441/122/2523 1442/121/2524 1440/119/2524
f 1440/119/2524 1439/120/2524 1441/122/2523
f 1443/123/2525 1442/121/2526 1441/122/2527
f 1441/122/2527 1444/124/2525 1443/123/2525
f 1443/123/2528 1444/124/2529 1445/126/2530
f 1445/126/2530 1446/125/2529 1443/123/2528
f 1447/128/2531 1448/127/2531 1446/125/2531
f 1446/125/2531 1445/126/2531 1447/128/2531
f 1439/120/2532 1438/117/2532 1451/133/2532
f 1451/133/2532 1452/134/2532 1439/120/2532
f 1439/120/2533 1452/134/2533 1453/135/2533
f 1453/135/2533 1441/122/2533 1439/120/2533
f 1454/136/2534 1444/124/2535 1441/122/2536
f 1441/122/2536 1453/135/2535 1454/136/2534
f 1445/126/2537 1444/124/2538 1454/136/2539
f 1454/136/2539 1455/137/2538 1445/126/2537
f 1456/138/2540 1447/128/2541 1445/126/2541
f 1445/126/2541 1455/137/2541 1456/138/2540
f 1457/141/2542 1458/140/2542 1452/134/2542
f 1452/134/2542 1451/133/2542 1457/141/2542
f 1453/135/2543 1452/134/2543 1458/140/2543
f 1458/140/2543 1459/142/2543 1453/135/2543
f 1453/135/2544 1459/142/2544 1460/143/2544
f 1460/143/2544 1454/136/2544 1453/135/2544
f 1461/144/2545 1455/137/2546 1454/136/2546
f 1454/136/2546 1460/143/2546 1461/144/2545
f 1457/141/2547 1462/146/2547 1463/145/2547
f 1463/145/2547 1458/140/2547 1457/141/2547
f 1463/145/2548 1464/147/2548 1459/142/2548
f 1459/142/2548 1458/140/2548 1463/145/2548
f 1460/143/2549 1459/142/2550 1464/147/2550
f 1464/147/2550 1465/148/2550 1460/143/2549
f 1463/145/2551 1462/146/2551 1466/150/2552
f 1466/150/2552 1467/149/2552 1463/145/2551
f 1463/145/2553 1467/149/2553 1468/151/2553
f 1468/151/2553 1464/147/2553 1463/145/2553
f 1468/151/2554 1469/152/2554 1465/148/2555
f 1465/148/2555 1464/147/2554 1468/151/2554
f 1470/155/2556 1467/149/2557 1466/150/2557
f 1466/150/2557 1471/154/2557 1470/155/2556
f 1468/151/2558 1467/149/2558 1470/155/2558
f 1470/155/2558 1472/156/2558 1468/151/2558
f 1468/151/2559 1472/156/2559 1473/157/2559
f 1473/157/2559 1469/152/2559 1468/151/2559
f 1395/72/2560 1348/22/2560 1347/23/2560
f 1347/23/2560 1396/71/2560 1395/72/2560
f 1356/31/2561 1397/73/2561 1396/71/2561
f 1396/71/2561 1347/23/2561 1356/31/2561
f 1360/39/2562 1398/74/2563 1397/73/2562
f 1397/73/2562 1356/31/2562 1360/39/2562
f 1413/91/2564 1470/155/2564 1471/154/2565
f 1471/154/2565 1414/90/2564 1413/91/2564
f 1422/99/2566 1472/156/2566 1470/155/2567
f 1470/155/2567 1413/91/2567 1422/99/2566
f 1422/99/2568 1430/107/2568 1473/157/2568
f 1473/157/2568 1472/156/2568 1422/99/2568
f 1333/9/2569 1474/162/2569 1475/161/2570
f 1475/161/2570 1476/160/2569 1333/9/2569
f 1336/10/2571 1477/163/2571 1474/162/2571
f 1474/162/2571 1333/9/2571 1336/10/2571
f 1478/164/2572 1477/163/2573 1336/10/2573
f 1336/10/2573 1338/12/2573 1478/164/2572
f 1478/164/2574 1338/12/2574 1339/14/2574
f 1339/14/2574 1479/165/2574 1478/164/2574
f 1342/16/2575 1480/166/2575 1479/165/2575
f 1479/165/2575 1339/14/2575 1342/16/2575
f 1481/167/2576 1480/166/2577 1342/16/2577
f 1342/16/2577 1344/18/2577 1481/167/2576
f 1481/167/2578 1344/18/2578 1345/20/2578
f 1345/20/2578 1482/168/2578 1481/167/2578
f 1348/22/2579 1483/169/2579 1482/168/2579
f 1482/168/2579 1345/20/2579 1348/22/2579
f 1333/9/2580 1476/160/2581 1484/170/2581
f 1484/170/2581 1334/8/2581 1333/9/2580
f 1349/24/2582 1334/8/2583 1484/170/2583
f 1484/170/2583 1485/171/2583 1349/24/2582
f 1485/171/2584 1486/172/2584 1358/33/2584
f 1358/33/2584 1349/24/2584 1485/171/2584
f 1486/172/2585 1487/173/2585 1361/40/2585
f 1361/40/2585 1358/33/2585 1486/172/2585
f 1364/43/2586 1361/40/2587 1487/173/2587
f 1487/173/2587 1488/174/2588 1364/43/2586
f 1488/174/2588 1489/175/2589 1365/46/2590
f 1365/46/2590 1364/43/2586 1488/174/2588
f 1490/176/2591 1450/131/2592 1365/46/2590
f 1365/46/2590 1489/175/2589 1490/176/2591
f 1491/177/2593 1492/179/2593 1367/47/2593
f 1367/47/2593 1493/178/2593 1491/177/2593
f 1494/180/2594 1493/178/2594 1367/47/2594
f 1367/47/2594 1366/48/2594 1494/180/2594
f 1495/181/2595 1494/180/2595 1366/48/2595
f 1366/48/2595 1371/51/2595 1495/181/2595
f 1373/6/2596 1496/182/2596 1495/181/2596
f 1495/181/2596 1371/51/2596 1373/6/2596
f 1368/50/2597 1367/47/2597 1492/179/2597
f 1492/179/2597 1497/183/2597 1368/50/2597
f 1368/50/2598 1497/183/2598 1498/184/2598
f 1498/184/2598 1375/54/2598 1368/50/2598
f 1375/54/2599 1498/184/2600 1499/185/2600
f 1499/185/2600 1381/58/2600 1375/54/2599
f 1499/185/2601 1500/186/2601 1385/62/2601
f 1385/62/2601 1381/58/2601 1499/185/2601
f 1385/62/2602 1500/186/2602 1501/187/2602
f 1501/187/2602 1391/67/2602 1385/62/2602
f 1502/188/2603 1395/72/2603 1391/67/2603
f 1391/67/2603 1501/187/2603 1502/188/2603
f 1348/22/2604 1395/72/2604 1502/188/2604
f 1502/188/2604 1483/169/2604 1348/22/2604
f 1503/191/2605 1504/190/2605 1400/77/2606
f 1400/77/2606 1505/189/2605 1503/191/2605
f 1506/192/2607 1505/189/2607 1400/77/2607
f 1400/77/2607 1399/78/2607 1506/192/2607
f 1507/193/2608 1506/192/2608 1399/78/2609
f 1399/78/2609 1404/80/2608 1507/193/2608
f 1508/194/2610 1507/193/2610 1404/80/2610
f 1404/80/2610 1406/82/2610 1508/194/2610
f 1509/195/2611 1508/194/2611 1406/82/2611
f 1406/82/2611 1407/84/2611 1509/195/2611
f 1407/84/2612 1410/86/2612 1510/196/2612
f 1510/196/2612 1509/195/2612 1407/84/2612
f 1511/197/2613 1510/196/2613 1410/86/2613
f 1410/86/2613 1412/88/2613 1511/197/2613
f 1512/198/2614 1511/197/2615 1412/88/2615
f 1412/88/2615 1414/90/2615 1512/198/2614
f 1504/190/2616 1513/199/2616 1401/76/2616
f 1401/76/2616 1400/77/2616 1504/190/2616
f 1401/76/2617 1513/199/2617 1514/200/2617
f 1514/200/2617 1416/93/2617 1401/76/2617
f 1514/200/2618 1515/201/2618 1423/100/2618
f 1423/100/2618 1416/93/2618 1514/200/2618
f 1431/108/2619 1423/100/2620 1515/201/2619
f 1515/201/2619 1516/202/2619 1431/108/2619
f 1517/204/2621 1437/118/2622 1518/203/2623
f 1518/203/2623 1519/205/2621 1517/204/2621
f 1440/119/2624 1520/206/2625 1518/203/2626
f 1518/203/2626 1437/118/2625 1440/119/2624
f 1520/206/2627 1440/119/2627 1442/121/2627
f 1442/121/2627 1521/207/2627 1520/206/2627
f 1443/123/2628 1522/208/2628 1521/207/2628
f 1521/207/2628 1442/121/2628 1443/123/2628
f 1446/125/2629 1523/209/2629 1522/208/2629
f 1522/208/2629 1443/123/2629 1446/125/2629
f 1448/127/2630 1524/210/2631 1523/209/2632
f 1523/209/2632 1446/125/2633 1448/127/2630
f 1449/129/2634 1525/211/2635 1524/210/2631
f 1524/210/2631 1448/127/2630 1449/129/2634
f 1450/131/2592 1490/176/2591 1525/211/2635
f 1525/211/2635 1449/129/2634 1450/131/2592
f 1517/204/2636 1526/212/2636 1438/117/2636
f 1438/117/2636 1437/118/2636 1517/204/2636
f 1526/212/2637 1527/213/2637 1451/133/2637
f 1451/133/2637 1438/117/2637 1526/212/2637
f 1451/133/2638 1527/213/2638 1528/214/2638
f 1528/214/2638 1457/141/2638 1451/133/2638
f 1528/214/2639 1529/215/2639 1462/146/2639
f 1462/146/2639 1457/141/2640 1528/214/2639
f 1529/215/2641 1530/216/2641 1466/150/2641
f 1466/150/2641 1462/146/2641 1529/215/2641
f 1466/150/2642 1530/216/2642 1531/217/2642
f 1531/217/2642 1471/154/2642 1466/150/2642
f 1512/198/2643 1414/90/2643 1471/154/2643
f 1471/154/2643 1531/217/2643 1512/198/2643
f 1532/219/2644 1533/218/2644 1534/221/2644
f 1534/221/2644 1535/220/2644 1532/219/2644
f 1536/222/2645 1535/220/2645 1534/221/2645
f 1534/221/2645 1537/223/2645 1536/222/2645
f 1538/224/2646 1536/222/2646 1537/223/2647
f 1537/223/2647 1539/225/2648 1538/224/2646
f 1534/221/2649 1533/218/2649 1540/227/2649
f 1540/227/2649 1541/226/2649 1534/221/2649
f 1542/228/2650 1537/223/2650 1534/221/2650
f 1534/221/2650 1541/226/2650 1542/228/2650
f 1537/223/2647 1542/228/2651 1543/229/2651
f 1543/229/2651 1539/225/2648 1537/223/2647
f 1544/230/2652 1541/226/2652 1540/227/2653
f 1540/227/2653 1545/231/2652 1544/230/2652
f 1541/226/2654 1544/230/2654 1546/232/2654
f 1546/232/2654 1542/228/2654 1541/226/2654
f 1543/229/2655 1542/228/2655 1546/232/2656
f 1546/232/2656 1547/233/2657 1543/229/2655
f 1545/231/2658 1548/234/2659 1549/235/2659
f 1549/235/2659 1544/230/2658 1545/231/2658
f 1546/232/2660 1544/230/2661 1549/235/2661
f 1549/235/2661 1550/236/2661 1546/232/2660
f 1551/237/2662 1547/233/2657 1546/232/2656
f 1546/232/2656 1550/236/2662 1551/237/2662
f 1549/235/2663 1548/234/2664 1552/239/2665
f 1552/239/2665 1553/238/2666 1549/235/2663
f 1554/240/2667 1550/236/2667 1549/235/2668
f 1549/235/2668 1553/238/2669 1554/240/2667
f 1550/236/2670 1554/240/2671 1555/241/2672
f 1555/241/2672 1551/237/2670 1550/236/2670
f 1553/238/2673 1552/239/2674 1556/243/2675
f 1556/243/2675 1557/242/2676 1553/238/2673
f 1553/238/2677 1557/242/2678 1558/244/2678
f 1558/244/2678 1554/240/2679 1553/238/2677
f 1555/241/2672 1554/240/2671 1558/244/2680
f 1558/244/2680 1559/245/2681 1555/241/2672
f 1556/243/2682 1560/246/2682 1561/247/2683
f 1561/247/2683 1557/242/2682 1556/243/2682
f 1558/244/2684 1557/242/2684 1561/247/2684
f 1561/247/2684 1562/248/2685 1558/244/2684
f 1563/249/2686 1559/245/2687 1558/244/2687
f 1558/244/2687 1562/248/2688 1563/249/2686
f 1561/247/2689 1560/246/2689 1564/251/2689
f 1564/251/2689 1565/250/2689 1561/247/2689
f 1565/250/2690 1566/252/2690 1562/248/2690
f 1562/248/2690 1561/247/2690 1565/250/2690
f 1562/248/2688 1566/252/2691 1567/253/2691
f 1567/253/2691 1563/249/2686 1562/248/2688
f 1568/254/2692 1565/250/2692 1564/251/2692
f 1564/251/2692 1569/255/2692 1568/254/2692
f 1565/250/2693 1568/254/2693 1570/256/2693
f 1570/256/2693 1566/252/2693 1565/250/2693
f 1567/253/2694 1566/252/2694 1570/256/2695
f 1570/256/2695 1571/257/2694 1567/253/2694
f 1569/255/2696 1572/258/2696 1573/259/2696
f 1573/259/2696 1568/254/2696 1569/255/2696
f 1570/256/2697 1568/254/2698 1573/259/2699
f 1573/259/2699 1574/260/2698 1570/256/2697
f 1571/257/2700 1570/256/2700 1574/260/2700
f 1574/260/2700 1575/261/2700 1571/257/2700
f 1573/259/2701 1572/258/2701 1576/263/2701
f 1576/263/2701 1577/262/2701 1573/259/2701
f 1578/264/2702 1574/260/2702 1573/259/2702
f 1573/259/2702 1577/262/2702 1578/264/2702
f 1574/260/2703 1578/264/2704 1579/265/2705
f 1579/265/2705 1575/261/2706 1574/260/2703
f 1580/266/2707 1577/262/2707 1576/263/2707
f 1576/263/2707 1581/267/2707 1580/266/2707
f 1577/262/2708 1580/266/2708 1582/268/2708
f 1582/268/2708 1578/264/2708 1577/262/2708
f 1579/265/2709 1578/264/2709 1582/268/2709
f 1582/268/2709 1583/269/2709 1579/265/2709
f 1581/267/2710 1584/270/2710 1585/271/2710
f 1585/271/2710 1580/266/2710 1581/267/2710
f 1582/268/2711 1580/266/2712 1585/271/2712
f 1585/271/2712 1586/272/2712 1582/268/2711
f 1587/273/2713 1583/269/2713 1582/268/2714
f 1582/268/2714 1586/272/2713 1587/273/2713
f 1585/271/2715 1584/270/2715 1588/275/2715
f 1588/275/2715 1589/274/2715 1585/271/2715
f 1590/276/2716 1586/272/2716 1585/271/2716
f 1585/271/2716 1589/274/2716 1590/276/2716
f 1586/272/2717 1590/276/2717 1591/277/2718
f 1591/277/2718 1587/273/2719 1586/272/2717
f 1592/279/2720 1593/278/2720 1532/219/2720
f 1532/219/2720 1594/280/2720 1592/279/2720
f 1535/220/2721 1595/281/2721 1594/280/2721
f 1594/280/2721 1532/219/2721 1535/220/2721
f 1595/281/2722 1535/220/2722 1536/222/2722
f 1536/222/2722 1596/282/2722 1595/281/2722
f 1597/283/2723 1596/282/2723 1536/222/2723
f 1536/222/2723 1538/224/2723 1597/283/2723
f 1496/284/2724 1591/277/2724 1590/276/2724
f 1590/276/2724 1495/285/2724 1496/284/2724
f 1589/274/2725 1494/286/2725 1495/285/2725
f 1495/285/2725 1590/276/2725 1589/274/2725
f 1589/274/2726 1588/275/2726 1493/287/2726
f 1493/287/2726 1494/286/2726 1589/274/2726
f 1598/289/2727 1491/288/2727 1493/287/2727
f 1493/287/2727 1588/275/2727 1598/289/2727
f 1584/270/2728 1599/290/2729 1598/289/2729
f 1598/289/2729 1588/275/2729 1584/270/2728
f 1600/291/2730 1599/290/2730 1584/270/2730
f 1584/270/2730 1581/267/2730 1600/291/2730
f 1581/267/2731 1576/263/2731 1601/292/2731
f 1601/292/2731 1600/291/2731 1581/267/2731
f 1576/263/2732 1572/258/2732 1602/293/2732
f 1602/293/2732 1601/292/2733 1576/263/2732
f 1603/294/2734 1602/293/2734 1572/258/2734
f 1572/258/2734 1569/255/2734 1603/294/2734
f 1564/251/2735 1604/295/2736 1603/294/2737
f 1603/294/2737 1569/255/2738 1564/251/2735
f 1560/246/2739 1605/296/2739 1604/295/2740
f 1604/295/2740 1564/251/2741 1560/246/2739
f 1560/246/2742 1556/243/2742 1606/297/2743
f 1606/297/2743 1605/296/2742 1560/246/2742
f 1606/297/2744 1556/243/2745 1552/239/2745
f 1552/239/2745 1607/298/2746 1606/297/2744
f 1548/234/2747 1608/299/2748 1607/298/2749
f 1607/298/2749 1552/239/2750 1548/234/2747
f 1609/300/2751 1608/299/2752 1548/234/2753
f 1548/234/2753 1545/231/2754 1609/300/2751
f 1545/231/2755 1540/227/2756 1610/301/2757
f 1610/301/2757 1609/300/2758 1545/231/2755
f 1540/227/2759 1533/218/2760 1611/302/2759
f 1611/302/2759 1610/301/2759 1540/227/2759
f 1593/278/2761 1611/302/2761 1533/218/2761
f 1533/218/2761 1532/219/2761 1593/278/2761
f 1612/304/2762 1613/303/2762 1614/306/2762
f 1614/306/2762 1615/305/2762 1612/304/2762
f 1616/308/2763 1617/307/2763 1615/305/2763
f 1615/305/2763 1614/306/2763 1616/308/2763
f 1618/310/2764 1619/309/2764 1617/307/2764
f 1617/307/2764 1616/308/2764 1618/310/2764
f 1619/309/2765 1618/310/2765 1620/312/2765
f 1620/312/2765 1621/311/2765 1619/309/2765
f 1614/306/2766 1613/303/2766 1622/314/2766
f 1622/314/2766 1623/313/2766 1614/306/2766
f 1624/315/2767 1616/308/2767 1614/306/2767
f 1614/306/2767 1623/313/2767 1624/315/2767
f 1625/316/2768 1618/310/2768 1616/308/2768
f 1616/308/2768 1624/315/2768 1625/316/2768
f 1620/312/2769 1618/310/2769 1625/316/2769
f 1625/316/2769 1626/317/2769 1620/312/2769
f 1627/318/2770 1623/313/2770 1622/314/2770
f 1622/314/2770 1628/319/2770 1627/318/2770
f 1629/320/2771 1624/315/2771 1623/313/2771
f 1623/313/2771 1627/318/2771 1629/320/2771
f 1624/315/2772 1629/320/2772 1630/321/2773
f 1630/321/2773 1625/316/2774 1624/315/2772
f 1630/321/2773 1631/322/2775 1626/317/2776
f 1626/317/2776 1625/316/2774 1630/321/2773
f 1628/319/2777 1632/324/2777 1633/323/2777
f 1633/323/2777 1627/318/2777 1628/319/2777
f 1634/325/2778 1629/320/2778 1627/318/2778
f 1627/318/2778 1633/323/2778 1634/325/2778
f 1630/321/2779 1629/320/2780 1634/325/2780
f 1634/325/2780 1635/326/2781 1630/321/2779
f 1630/321/2779 1635/326/2781 1636/327/2782
f 1636/327/2782 1631/322/2783 1630/321/2779
f 1637/328/2784 1633/323/2784 1632/324/2784
f 1632/324/2784 1638/329/2784 1637/328/2784
f 1633/323/2785 1637/328/2785 1639/330/2785
f 1639/330/2785 1634/325/2785 1633/323/2785
f 1639/330/2786 1640/331/2786 1635/326/2786
f 1635/326/2786 1634/325/2786 1639/330/2786
f 1636/327/2787 1635/326/2788 1640/331/2788
f 1640/331/2788 1641/332/2788 1636/327/2787
f 1642/333/2789 1637/328/2790 1638/329/2790
f 1638/329/2790 1643/334/2789 1642/333/2789
f 1639/330/2791 1637/328/2791 1642/333/2791
f 1642/333/2791 1644/335/2791 1639/330/2791
f 1639/330/2792 1644/335/2793 1645/336/2793
f 1645/336/2793 1640/331/2793 1639/330/2792
f 1646/337/2794 1641/332/2795 1640/331/2796
f 1640/331/2796 1645/336/2797 1646/337/2794
f 1643/334/2798 1647/339/2799 1648/338/2800
f 1648/338/2800 1642/333/2801 1643/334/2798
f 1648/338/2802 1649/340/2802 1644/335/2803
f 1644/335/2803 1642/333/2802 1648/338/2802
f 1645/336/2804 1644/335/2804 1649/340/2805
f 1649/340/2805 1650/341/2805 1645/336/2804
f 1645/336/2806 1650/341/2806 1651/342/2806
f 1651/342/2806 1646/337/2806 1645/336/2806
f 1648/338/2807 1647/339/2808 1652/344/2809
f 1652/344/2809 1653/343/2809 1648/338/2807
f 1648/338/2810 1653/343/2811 1654/345/2811
f 1654/345/2811 1649/340/2812 1648/338/2810
f 1655/346/2813 1650/341/2814 1649/340/2814
f 1649/340/2814 1654/345/2815 1655/346/2813
f 1656/347/2816 1651/342/2817 1650/341/2817
f 1650/341/2817 1655/346/2818 1656/347/2816
f 1657/349/2819 1658/348/2820 1653/343/2820
f 1653/343/2820 1652/344/2820 1657/349/2819
f 1654/345/2821 1653/343/2822 1658/348/2823
f 1658/348/2823 1659/350/2824 1654/345/2821
f 1660/351/2825 1655/346/2826 1654/345/2825
f 1654/345/2825 1659/350/2826 1660/351/2825
f 1661/352/2827 1656/347/2828 1655/346/2829
f 1655/346/2829 1660/351/2830 1661/352/2827
f 1657/349/2831 1662/354/2832 1663/353/2832
f 1663/353/2832 1658/348/2833 1657/349/2831
f 1664/355/2834 1659/350/2835 1658/348/2836
f 1658/348/2836 1663/353/2835 1664/355/2834
f 1665/356/2837 1660/351/2837 1659/350/2838
f 1659/350/2838 1664/355/2837 1665/356/2837
f 1660/351/2839 1665/356/2839 1666/357/2840
f 1666/357/2840 1661/352/2841 1660/351/2839
f 1663/353/2842 1662/354/2842 1667/359/2842
f 1667/359/2842 1668/358/2842 1663/353/2842
f 1663/353/2843 1668/358/2843 1669/360/2843
f 1669/360/2843 1664/355/2843 1663/353/2843
f 1670/361/2844 1665/356/2844 1664/355/2844
f 1664/355/2844 1669/360/2844 1670/361/2844
f 1666/357/2845 1665/356/2846 1670/361/2846
f 1670/361/2846 1671/362/2846 1666/357/2845
f 1672/363/2847 1668/358/2848 1667/359/2848
f 1667/359/2848 1673/364/2847 1672/363/2847
f 1674/365/2849 1669/360/2850 1668/358/2851
f 1668/358/2851 1672/363/2850 1674/365/2849
f 1669/360/2852 1674/365/2852 1675/366/2852
f 1675/366/2852 1670/361/2852 1669/360/2852
f 1675/366/2853 1676/367/2854 1671/362/2855
f 1671/362/2855 1670/361/2855 1675/366/2853
f 1677/368/2856 1672/363/2856 1673/364/2856
f 1673/364/2856 1678/369/2856 1677/368/2856
f 1679/370/2857 1674/365/2857 1672/363/2857
f 1672/363/2857 1677/368/2857 1679/370/2857
f 1675/366/2858 1674/365/2858 1679/370/2858
f 1679/370/2858 1680/371/2858 1675/366/2858
f 1675/366/2853 1680/371/2859 1681/372/2859
f 1681/372/2859 1676/367/2854 1675/366/2853
f 1682/373/2860 1677/368/2860 1678/369/2861
f 1678/369/2861 1683/374/2860 1682/373/2860
f 1677/368/2862 1682/373/2862 1684/375/2862
f 1684/375/2862 1679/370/2862 1677/368/2862
f 1684/375/2863 1685/376/2863 1680/371/2863
f 1680/371/2863 1679/370/2863 1684/375/2863
f 1681/372/2864 1680/371/2864 1685/376/2865
f 1685/376/2865 1686/377/2865 1681/372/2864
f 1612/304/2866 1504/190/2866 1503/191/2866
f 1503/191/2866 1687/378/2866 1612/304/2866
f 1504/190/2867 1612/304/2867 1615/305/2867
f 1615/305/2867 1513/199/2867 1504/190/2867
f 1514/200/2868 1513/199/2868 1615/305/2868
f 1615/305/2868 1617/307/2868 1514/200/2868
f 1515/201/2869 1514/200/2869 1617/307/2869
f 1617/307/2869 1619/309/2869 1515/201/2869
f 1516/202/2870 1515/201/2870 1619/309/2870
f 1619/309/2870 1621/311/2870 1516/202/2870
f 1685/376/2871 1684/375/2871 1688/380/2871
f 1688/380/2871 1689/379/2871 1685/376/2871
f 1688/380/2872 1684/375/2872 1682/373/2872
f 1682/373/2872 1690/381/2872 1688/380/2872
f 1682/373/2873 1683/374/2873 1691/382/2873
f 1691/382/2873 1690/381/2873 1682/373/2873
f 1692/384/2874 1693/383/2874 1691/382/2874
f 1691/382/2874 1683/374/2874 1692/384/2874
f 1678/369/2875 1694/385/2875 1692/384/2875
f 1692/384/2875 1683/374/2875 1678/369/2875
f 1695/386/2876 1694/385/2876 1678/369/2877
f 1678/369/2877 1673/364/2876 1695/386/2876
f 1667/359/2878 1696/387/2878 1695/386/2878
f 1695/386/2878 1673/364/2878 1667/359/2878
f 1697/388/2879 1696/387/2880 1667/359/2881
f 1667/359/2881 1662/354/2882 1697/388/2879
f 1697/388/2883 1662/354/2884 1657/349/2885
f 1657/349/2885 1698/389/2886 1697/388/2883
f 1699/390/2887 1698/389/2888 1657/349/2889
f 1657/349/2889 1652/344/2890 1699/390/2887
f 1652/344/2891 1647/339/2892 1700/391/2892
f 1700/391/2892 1699/390/2891 1652/344/2891
f 1647/339/2893 1643/334/2893 1701/392/2893
f 1701/392/2893 1700/391/2894 1647/339/2893
f 1702/393/2895 1701/392/2896 1643/334/2897
f 1643/334/2897 1638/329/2895 1702/393/2895
f 1632/324/2898 1703/394/2899 1702/393/2898
f 1702/393/2898 1638/329/2898 1632/324/2898
f 1704/395/2900 1703/394/2900 1632/324/2900
f 1632/324/2900 1628/319/2900 1704/395/2900
f 1622/314/2901 1705/396/2901 1704/395/2901
f 1704/395/2901 1628/319/2901 1622/314/2901
f 1706/397/2902 1705/396/2902 1622/314/2902
f 1622/314/2902 1613/303/2902 1706/397/2902
f 1687/378/2903 1706/397/2903 1613/303/2903
f 1613/303/2903 1612/304/2903 1687/378/2903
f 1707/400/2904 1708/399/2904 1709/398/2904
f 1709/398/2904 1710/401/2904 1707/400/2904
f 1711/403/2905 1712/402/2906 1709/398/2906
f 1709/398/2906 1708/399/2906 1711/403/2905
f 1713/405/2907 1714/404/2907 1712/402/2907
f 1712/402/2907 1711/403/2907 1713/405/2907
f 1715/406/2908 1714/404/2909 1713/405/2909
f 1713/405/2909 1716/407/2910 1715/406/2908
f 1717/409/2911 1718/408/2912 1715/406/2913
f 1715/406/2913 1716/407/2914 1717/409/2911
f 1719/411/2915 1720/410/2916 1718/408/2917
f 1718/408/2917 1717/409/2918 1719/411/2915
f 1720/410/2919 1719/411/2920 1721/413/2921
f 1721/413/2921 1722/412/2922 1720/410/2919
f 1723/414/2923 1722/412/2924 1721/413/2925
f 1721/413/2925 1724/415/2924 1723/414/2923
f 1725/416/2926 1723/414/2927 1724/415/2928
f 1724/415/2928 1726/417/2929 1725/416/2926
f 1727/419/2930 1728/418/2930 1725/416/2930
f 1725/416/2930 1726/417/2930 1727/419/2930
f 1729/420/2931 1728/418/2931 1727/419/2931
f 1727/419/2931 1730/421/2932 1729/420/2931
f 1731/422/2933 1729/420/2933 1730/421/2933
f 1730/421/2933 1732/423/2933 1731/422/2933
f 1733/425/2934 1734/424/2934 1731/422/2934
f 1731/422/2934 1732/423/2934 1733/425/2934
f 1735/426/2935 1734/424/2935 1733/425/2935
f 1733/425/2935 1736/427/2935 1735/426/2935
f 1707/400/2936 1737/429/2936 1738/428/2936
f 1738/428/2936 1708/399/2936 1707/400/2936
f 1711/403/2937 1708/399/2937 1738/428/2937
f 1738/428/2937 1739/430/2937 1711/403/2937
f 1713/405/2938 1711/403/2938 1739/430/2938
f 1739/430/2938 1740/431/2938 1713/405/2938
f 1740/431/2939 1741/432/2940 1716/407/2939
f 1716/407/2939 1713/405/2939 1740/431/2939
f 1742/433/2941 1717/409/2941 1716/407/2942
f 1716/407/2942 1741/432/2943 1742/433/2941
f 1743/434/2944 1719/411/2945 1717/409/2946
f 1717/409/2946 1742/433/2946 1743/434/2944
f 1721/413/2947 1719/411/2947 1743/434/2948
f 1743/434/2948 1744/435/2947 1721/413/2947
f 1745/436/2949 1724/415/2950 1721/413/2950
f 1721/413/2950 1744/435/2950 1745/436/2949
f 1746/437/2951 1726/417/2952 1724/415/2952
f 1724/415/2952 1745/436/2952 1746/437/2951
f 1726/417/2953 1746/437/2953 1747/438/2953
f 1747/438/2953 1727/419/2953 1726/417/2953
f 1730/421/2954 1727/419/2954 1747/438/2954
f 1747/438/2954 1748/439/2954 1730/421/2954
f 1732/423/2955 1730/421/2955 1748/439/2955
f 1748/439/2955 1749/440/2955 1732/423/2955
f 1750/441/2956 1733/425/2956 1732/423/2956
f 1732/423/2956 1749/440/2956 1750/441/2956
f 1736/427/2957 1733/425/2958 1750/441/2958
f 1750/441/2958 1751/442/2957 1736/427/2957
f 1752/443/2959 1738/428/2959 1737/429/2959
f 1737/429/2959 1753/444/2959 1752/443/2959
f 1739/430/2960 1738/428/2960 1752/443/2960
f 1752/443/2960 1754/445/2960 1739/430/2960
f 1740/431/2961 1739/430/2961 1754/445/2961
f 1754/445/2961 1755/446/2961 1740/431/2961
f 1740/431/2962 1755/446/2962 1756/447/2962
f 1756/447/2962 1741/432/2962 1740/431/2962
f 1742/433/2963 1741/432/2964 1756/447/2965
f 1756/447/2965 1757/448/2963 1742/433/2963
f 1743/434/2966 1742/433/2967 1757/448/2967
f 1757/448/2967 1758/449/2968 1743/434/2966
f 1758/449/2969 1759/450/2970 1744/435/2971
f 1744/435/2971 1743/434/2969 1758/449/2969
f 1760/451/2972 1745/436/2973 1744/435/2974
f 1744/435/2974 1759/450/2974 1760/451/2972
f 1761/452/2975 1746/437/2975 1745/436/2976
f 1745/436/2976 1760/451/2977 1761/452/2975
f 1747/438/2978 1746/437/2978 1761/452/2978
f 1761/452/2978 1762/453/2978 1747/438/2978
f 1763/454/2979 1748/439/2979 1747/438/2979
f 1747/438/2979 1762/453/2979 1763/454/2979
f 1764/455/2980 1749/440/2980 1748/439/2980
f 1748/439/2980 1763/454/2980 1764/455/2980
f 1749/440/2981 1764/455/2981 1765/456/2981
f 1765/456/2981 1750/441/2981 1749/440/2981
f 1751/442/2982 1750/441/2982 1765/456/2982
f 1765/456/2982 1766/457/2982 1751/442/2982
f 1767/458/2983 1752/443/2983 1753/444/2983
f 1753/444/2983 1768/459/2983 1767/458/2983
f 1754/445/2984 1752/443/2984 1767/458/2984
f 1767/458/2984 1769/460/2984 1754/445/2984
f 1755/446/2985 1754/445/2985 1769/460/2985
f 1769/460/2985 1770/461/2985 1755/446/2985
f 1771/462/2986 1756/447/2986 1755/446/2986
f 1755/446/2986 1770/461/2986 1771/462/2986
f 1757/448/2987 1756/447/2988 1771/462/2988
f 1771/462/2988 1772/463/2989 1757/448/2987
f 1758/449/2990 1757/448/2991 1772/463/2992
f 1772/463/2992 1773/464/2993 1758/449/2990
f 1758/449/2994 1773/464/2995 1774/465/2994
f 1774/465/2994 1759/450/2994 1758/449/2994
f 1760/451/2996 1759/450/2997 1774/465/2998
f 1774/465/2998 1775/466/2999 1760/451/2996
f 1761/452/3000 1760/451/3001 1775/466/3001
f 1775/466/3001 1776/467/3000 1761/452/3000
f 1776/467/3002 1777/468/3002 1762/453/3002
f 1762/453/3002 1761/452/3003 1776/467/3002
f 1778/469/3004 1763/454/3004 1762/453/3004
f 1762/453/3004 1777/468/3004 1778/469/3004
f 1779/470/3005 1764/455/3006 1763/454/3005
f 1763/454/3005 1778/469/3005 1779/470/3005
f 1765/456/3007 1764/455/3007 1779/470/3007
f 1779/470/3007 1780/471/3007 1765/456/3007
f 1781/472/3008 1766/457/3008 1765/456/3008
f 1765/456/3008 1780/471/3008 1781/472/3008
f 1768/459/3009 1782/474/3009 1783/473/3009
f 1783/473/3009 1767/458/3009 1768/459/3009
f 1769/460/3010 1767/458/3010 1783/473/3010
f 1783/473/3010 1784/475/3010 1769/460/3010
f 1770/461/3011 1769/460/3011 1784/475/3011
f 1784/475/3011 1785/476/3011 1770/461/3011
f 1786/477/3012 1771/462/3012 1770/461/3012
f 1770/461/3012 1785/476/3012 1786/477/3012
f 1772/463/3013 1771/462/3013 1786/477/3013
f 1786/477/3013 1787/478/3013 1772/463/3013
f 1773/464/3014 1772/463/3014 1787/478/3014
f 1787/478/3014 1788/479/3014 1773/464/3014
f 1789/480/3015 1774/465/3016 1773/464/3015
f 1773/464/3015 1788/479/3017 1789/480/3015
f 1775/466/3018 1774/465/3019 1789/480/3020
f 1789/480/3020 1790/481/3021 1775/466/3018
f 1776/467/3022 1775/466/3022 1790/481/3022
f 1790/481/3022 1791/482/3022 1776/467/3022
f 1776/467/3023 1791/482/3023 1792/483/3024
f 1792/483/3024 1777/468/3023 1776/467/3023
f 1778/469/3025 1777/468/3025 1792/483/3026
f 1792/483/3026 1793/484/3025 1778/469/3025
f 1779/470/3027 1778/469/3027 1793/484/3027
f 1793/484/3027 1794/485/3027 1779/470/3027
f 1794/485/3028 1795/486/3028 1780/471/3028
f 1780/471/3028 1779/470/3028 1794/485/3028
f 1796/487/3029 1781/472/3029 1780/471/3029
f 1780/471/3029 1795/486/3029 1796/487/3029
f 1783/473/3030 1782/474/3030 1797/489/3030
f 1797/489/3030 1798/488/3030 1783/473/3030
f 1799/490/3031 1784/475/3032 1783/473/3032
f 1783/473/3032 1798/488/3033 1799/490/3031
f 1800/491/3034 1785/476/3034 1784/475/3034
f 1784/475/3034 1799/490/3034 1800/491/3034
f 1785/476/3035 1800/491/3036 1801/492/3035
f 1801/492/3035 1786/477/3037 1785/476/3035
f 1787/478/3038 1786/477/3039 1801/492/3038
f 1801/492/3038 1802/493/3038 1787/478/3038
f 1788/479/3040 1787/478/3040 1802/493/3040
f 1802/493/3040 1803/494/3041 1788/479/3040
f 1789/480/3042 1788/479/3043 1803/494/3043
f 1803/494/3043 1804/495/3044 1789/480/3042
f 1790/481/3045 1789/480/3045 1804/495/3045
f 1804/495/3045 1805/496/3045 1790/481/3045
f 1791/482/3046 1790/481/3046 1805/496/3046
f 1805/496/3046 1806/497/3047 1791/482/3046
f 1792/483/3048 1791/482/3048 1806/497/3048
f 1806/497/3048 1807/498/3048 1792/483/3048
f 1793/484/3049 1792/483/3050 1807/498/3051
f 1807/498/3051 1808/499/3049 1793/484/3049
f 1794/485/3052 1793/484/3052 1808/499/3052
f 1808/499/3052 1809/500/3052 1794/485/3052
f 1794/485/3053 1809/500/3053 1810/501/3053
f 1810/501/3053 1795/486/3053 1794/485/3053
f 1811/502/3054 1796/487/3054 1795/486/3054
f 1795/486/3054 1810/501/3054 1811/502/3054
f 1812/503/3055 1798/488/3055 1797/489/3056
f 1797/489/3056 1813/504/3057 1812/503/3055
f 1799/490/3058 1798/488/3059 1812/503/3060
f 1812/503/3060 1814/505/3061 1799/490/3058
f 1800/491/3062 1799/490/3063 1814/505/3064
f 1814/505/3064 1815/506/3065 1800/491/3062
f 1801/492/3066 1800/491/3066 1815/506/3066
f 1815/506/3066 1816/507/3067 1801/492/3066
f 1802/493/3068 1801/492/3069 1816/507/3070
f 1816/507/3070 1817/508/3068 1802/493/3068
f 1803/494/3071 1802/493/3071 1817/508/3071
f 1817/508/3071 1818/509/3072 1803/494/3071
f 1819/510/3073 1804/495/3074 1803/494/3074
f 1803/494/3074 1818/509/3073 1819/510/3073
f 1805/496/3075 1804/495/3076 1819/510/3077
f 1819/510/3077 1820/511/3078 1805/496/3075
f 1806/497/3079 1805/496/3079 1820/511/3080
f 1820/511/3080 1821/512/3079 1806/497/3079
f 1822/513/3081 1807/498/3082 1806/497/3083
f 1806/497/3083 1821/512/3084 1822/513/3081
f 1823/514/3085 1808/499/3085 1807/498/3086
f 1807/498/3086 1822/513/3086 1823/514/3085
f 1824/515/3087 1809/500/3088 1808/499/3089
f 1808/499/3089 1823/514/3089 1824/515/3087
f 1825/516/3090 1810/501/3090 1809/500/3090
f 1809/500/3090 1824/515/3090 1825/516/3090
f 1810/501/3091 1825/516/3092 1826/517/3093
f 1826/517/3093 1811/502/3092 1810/501/3091
f 1813/504/3094 1827/519/3094 1828/518/3094
f 1828/518/3094 1812/503/3094 1813/504/3094
f 1814/505/3095 1812/503/3096 1828/518/3095
f 1828/518/3095 1829/520/3097 1814/505/3095
f 1815/506/3098 1814/505/3098 1829/520/3098
f 1829/520/3098 1830/521/3098 1815/506/3098
f 1816/507/3099 1815/506/3099 1830/521/3099
f 1830/521/3099 1831/522/3099 1816/507/3099
f 1817/508/3100 1816/507/3100 1831/522/3100
f 1831/522/3100 1832/523/3100 1817/508/3100
f 1818/509/3101 1817/508/3102 1832/523/3103
f 1832/523/3103 1833/524/3101 1818/509/3101
f 1819/510/3104 1818/509/3104 1833/524/3104
f 1833/524/3104 1834/525/3104 1819/510/3104
f 1820/511/3105 1819/510/3106 1834/525/3107
f 1834/525/3107 1835/526/3108 1820/511/3105
f 1821/512/3109 1820/511/3110 1835/526/3111
f 1835/526/3111 1836/527/3112 1821/512/3109
f 1821/512/3113 1836/527/3114 1837/528/3114
f 1837/528/3114 1822/513/3115 1821/512/3113
f 1838/529/3116 1823/514/3117 1822/513/3116
f 1822/513/3116 1837/528/3116 1838/529/3116
f 1839/530/3118 1824/515/3119 1823/514/3120
f 1823/514/3120 1838/529/3120 1839/530/3118
f 1840/531/3121 1825/516/3121 1824/515/3122
f 1824/515/3122 1839/530/3121 1840/531/3121
f 1826/517/3123 1825/516/3124 1840/531/3124
f 1840/531/3124 1841/532/3125 1826/517/3123
f 1828/518/3126 1827/519/3126 1842/534/3127
f 1842/534/3127 1843/533/3126 1828/518/3126
f 1829/520/3128 1828/518/3128 1843/533/3128
f 1843/533/3128 1844/535/3128 1829/520/3128
f 1830/521/3129 1829/520/3129 1844/535/3129
f 1844/535/3129 1845/536/3129 1830/521/3129
f 1846/537/3130 1831/522/3131 1830/521/3131
f 1830/521/3131 1845/536/3132 1846/537/3130
f 1832/523/3133 1831/522/3133 1846/537/3133
f 1846/537/3133 1847/538/3133 1832/523/3133
f 1833/524/3134 1832/523/3134 1847/538/3134
f 1847/538/3134 1848/539/3134 1833/524/3134
f 1849/540/3135 1834/525/3135 1833/524/3135
f 1833/524/3135 1848/539/3135 1849/540/3135
f 1850/541/3136 1835/526/3137 1834/525/3136
f 1834/525/3136 1849/540/3136 1850/541/3136
f 1851/542/3138 1836/527/3139 1835/526/3140
f 1835/526/3140 1850/541/3139 1851/542/3138
f 1852/543/3141 1837/528/3142 1836/527/3143
f 1836/527/3143 1851/542/3142 1852/543/3141
f 1837/528/3144 1852/543/3144 1853/544/3144
f 1853/544/3144 1838/529/3144 1837/528/3144
f 1838/529/3145 1853/544/3146 1854/545/3146
f 1854/545/3146 1839/530/3146 1838/529/3145
f 1839/530/3147 1854/545/3147 1855/546/3147
f 1855/546/3147 1840/531/3147 1839/530/3147
f 1841/532/3148 1840/531/3148 1855/546/3148
f 1855/546/3148 1856/547/3149 1841/532/3148
f 1843/533/3150 1842/534/3150 1857/548/3150
f 1857/548/3150 1858/549/3150 1843/533/3150
f 1844/535/3151 1843/533/3151 1858/549/3151
f 1858/549/3151 1859/550/3151 1844/535/3151
f 1845/536/3152 1844/535/3152 1859/550/3152
f 1859/550/3152 1860/551/3152 1845/536/3152
f 1846/537/3153 1845/536/3153 1860/551/3153
f 1860/551/3153 1861/552/3153 1846/537/3153
f 1847/538/3154 1846/537/3154 1861/552/3154
f 1861/552/3154 1862/553/3154 1847/538/3154
f 1848/539/3155 1847/538/3156 1862/553/3157
f 1862/553/3157 1863/554/3156 1848/539/3155
f 1848/539/3158 1863/554/3158 1864/555/3159
f 1864/555/3159 1849/540/3158 1848/539/3158
f 1865/556/3160 1850/541/3161 1849/540/3160
f 1849/540/3160 1864/555/3162 1865/556/3160
f 1866/557/3163 1851/542/3164 1850/541/3164
f 1850/541/3164 1865/556/3164 1866/557/3163
f 1867/558/3165 1852/543/3166 1851/542/3165
f 1851/542/3165 1866/557/3165 1867/558/3165
f 1853/544/3167 1852/543/3167 1867/558/3167
f 1867/558/3167 1868/559/3167 1853/544/3167
f 1854/545/3168 1853/544/3168 1868/559/3168
f 1868/559/3168 1869/560/3168 1854/545/3168
f 1855/546/3169 1854/545/3170 1869/560/3169
f 1869/560/3169 1870/561/3169 1855/546/3169
f 1856/547/3171 1855/546/3171 1870/561/3171
f 1870/561/3171 1871/562/3171 1856/547/3171
f 1872/564/3172 1858/549/3172 1857/548/3173
f 1857/548/3173 1873/563/3173 1872/564/3172
f 1859/550/3174 1858/549/3174 1872/564/3174
f 1872/564/3174 1874/565/3174 1859/550/3174
f 1860/551/3175 1859/550/3175 1874/565/3175
f 1874/565/3175 1875/566/3175 1860/551/3175
f 1876/567/3176 1861/552/3176 1860/551/3176
f 1860/551/3176 1875/566/3176 1876/567/3176
f 1877/568/3177 1862/553/3177 1861/552/3177
f 1861/552/3177 1876/567/3177 1877/568/3177
f 1878/569/3178 1863/554/3178 1862/553/3178
f 1862/553/3178 1877/568/3178 1878/569/3178
f 1879/570/3179 1864/555/3180 1863/554/3181
f 1863/554/3181 1878/569/3182 1879/570/3179
f 1864/555/3183 1879/570/3184 1880/571/3184
f 1880/571/3184 1865/556/3185 1864/555/3183
f 1865/556/3186 1880/571/3187 1881/572/3188
f 1881/572/3188 1866/557/3189 1865/556/3186
f 1866/557/3190 1881/572/3190 1882/573/3190
f 1882/573/3190 1867/558/3190 1866/557/3190
f 1868/559/3191 1867/558/3191 1882/573/3191
f 1882/573/3191 1883/574/3191 1868/559/3191
f 1869/560/3192 1868/559/3192 1883/574/3192
f 1883/574/3192 1884/575/3192 1869/560/3192
f 1870/561/3193 1869/560/3193 1884/575/3193
f 1884/575/3193 1885/576/3193 1870/561/3193
f 1871/562/3194 1870/561/3194 1885/576/3194
f 1885/576/3194 1886/577/3194 1871/562/3194
f 1872/564/3195 1873/563/3195 1887/578/3195
f 1887/578/3195 1888/579/3195 1872/564/3195
f 1874/565/3196 1872/564/3196 1888/579/3196
f 1888/579/3196 1889/580/3196 1874/565/3196
f 1875/566/3197 1874/565/3197 1889/580/3197
f 1889/580/3197 1890/581/3197 1875/566/3197
f 1875/566/3198 1890/581/3198 1891/582/3198
f 1891/582/3198 1876/567/3198 1875/566/3198
f 1892/583/3199 1877/568/3199 1876/567/3199
f 1876/567/3199 1891/582/3199 1892/583/3199
f 1893/584/3200 1878/569/3200 1877/568/3200
f 1877/568/3200 1892/583/3201 1893/584/3200
f 1894/585/3202 1879/570/3203 1878/569/3202
f 1878/569/3202 1893/584/3202 1894/585/3202
f 1880/571/3204 1879/570/3205 1894/585/3206
f 1894/585/3206 1895/586/3204 1880/571/3204
f 1881/572/3207 1880/571/3207 1895/586/3207
f 1895/586/3207 1896/587/3207 1881/572/3207
f 1882/573/3208 1881/572/3208 1896/587/3208
f 1896/587/3208 1897/588/3208 1882/573/3208
f 1883/574/3209 1882/573/3209 1897/588/3209
f 1897/588/3209 1898/589/3209 1883/574/3209
f 1884/575/3210 1883/574/3210 1898/589/3210
f 1898/589/3210 1899/590/3210 1884/575/3210
f 1900/591/3211 1885/576/3211 1884/575/3211
f 1884/575/3211 1899/590/3211 1900/591/3211
f 1886/577/3212 1885/576/3212 1900/591/3212
f 1900/591/3212 1901/592/3212 1886/577/3212
f 1902/594/3213 1888/579/3213 1887/578/3213
f 1887/578/3213 1903/593/3213 1902/594/3213
f 1904/595/3214 1889/580/3214 1888/579/3214
f 1888/579/3214 1902/594/3214 1904/595/3214
f 1905/596/3215 1890/581/3215 1889/580/3215
f 1889/580/3215 1904/595/3215 1905/596/3215
f 1906/597/3216 1891/582/3216 1890/581/3216
f 1890/581/3216 1905/596/3216 1906/597/3216
f 1891/582/3217 1906/597/3217 1907/598/3217
f 1907/598/3217 1892/583/3217 1891/582/3217
f 1892/583/3218 1907/598/3218 1908/599/3218
f 1908/599/3218 1893/584/3219 1892/583/3218
f 1893/584/3220 1908/599/3221 1909/600/3222
f 1909/600/3222 1894/585/3223 1893/584/3220
f 1895/586/3224 1894/585/3225 1909/600/3226
f 1909/600/3226 1910/601/3227 1895/586/3224
f 1896/587/3228 1895/586/3229 1910/601/3230
f 1910/601/3230 1911/602/3229 1896/587/3228
f 1897/588/3231 1896/587/3231 1911/602/3231
f 1911/602/3231 1912/603/3231 1897/588/3231
f 1898/589/3232 1897/588/3232 1912/603/3232
f 1912/603/3232 1913/604/3232 1898/589/3232
f 1899/590/3233 1898/589/3233 1913/604/3233
f 1913/604/3233 1914/605/3233 1899/590/3233
f 1900/591/3234 1899/590/3234 1914/605/3234
f 1914/605/3234 1915/606/3234 1900/591/3234
f 1901/592/3235 1900/591/3236 1915/606/3235
f 1915/606/3235 1916/607/3235 1901/592/3235
f 1903/593/3237 1917/608/3237 1918/609/3237
f 1918/609/3237 1902/594/3237 1903/593/3237
f 1919/610/3238 1904/595/3238 1902/594/3238
f 1902/594/3238 1918/609/3238 1919/610/3238
f 1920/611/3239 1905/596/3239 1904/595/3240
f 1904/595/3240 1919/610/3239 1920/611/3239
f 1920/611/3241 1921/612/3241 1906/597/3241
f 1906/597/3241 1905/596/3241 1920/611/3241
f 1922/613/3242 1907/598/3242 1906/597/3242
f 1906/597/3242 1921/612/3242 1922/613/3242
f 1923/614/3243 1908/599/3244 1907/598/3245
f 1907/598/3245 1922/613/3246 1923/614/3243
f 1909/600/3247 1908/599/3248 1923/614/3249
f 1923/614/3249 1924/615/3250 1909/600/3247
f 1925/616/3251 1910/601/3252 1909/600/3253
f 1909/600/3253 1924/615/3252 1925/616/3251
f 1926/617/3254 1911/602/3255 1910/601/3256
f 1910/601/3256 1925/616/3257 1926/617/3254
f 1927/618/3258 1912/603/3258 1911/602/3258
f 1911/602/3258 1926/617/3258 1927/618/3258
f 1928/619/3259 1913/604/3260 1912/603/3260
f 1912/603/3260 1927/618/3260 1928/619/3259
f 1929/620/3261 1914/605/3261 1913/604/3261
f 1913/604/3261 1928/619/3261 1929/620/3261
f 1930/621/3262 1915/606/3262 1914/605/3262
f 1914/605/3262 1929/620/3263 1930/621/3262
f 1931/622/3264 1916/607/3264 1915/606/3264
f 1915/606/3264 1930/621/3264 1931/622/3264
f 1932/624/3265 1475/623/3265 1474/625/3265
f 1474/625/3265 1710/401/3265 1932/624/3265
f 1709/398/3266 1933/626/3266 1932/624/3266
f 1932/624/3266 1710/401/3266 1709/398/3266
f 1712/402/3267 1934/627/3267 1933/626/3267
f 1933/626/3267 1709/398/3268 1712/402/3267
f 1934/627/3269 1712/402/3269 1714/404/3270
f 1714/404/3270 1935/628/3271 1934/627/3269
f 1715/406/3272 1936/629/3273 1935/628/3274
f 1935/628/3274 1714/404/3275 1715/406/3272
f 1718/408/3276 1937/630/3277 1936/629/3278
f 1936/629/3278 1715/406/3279 1718/408/3276
f 1937/630/3280 1718/408/3280 1720/410/3281
f 1720/410/3281 1938/631/3282 1937/630/3280
f 1939/632/3283 1938/631/3283 1720/410/3283
f 1720/410/3283 1722/412/3283 1939/632/3283
f 1940/633/3284 1939/632/3285 1722/412/3286
f 1722/412/3286 1723/414/3284 1940/633/3284
f 1940/633/3287 1723/414/3287 1725/416/3287
f 1725/416/3287 1941/634/3287 1940/633/3287
f 1728/418/3288 1942/635/3288 1941/634/3289
f 1941/634/3289 1725/416/3290 1728/418/3288
f 1943/636/3291 1942/635/3291 1728/418/3291
f 1728/418/3291 1729/420/3291 1943/636/3291
f 1731/422/3292 1944/637/3293 1943/636/3294
f 1943/636/3294 1729/420/3294 1731/422/3292
f 1734/424/3295 1945/638/3295 1944/637/3296
f 1944/637/3296 1731/422/3296 1734/424/3295
f 1946/639/3297 1945/638/3297 1734/424/3297
f 1734/424/3297 1735/426/3297 1946/639/3297
f 1947/640/3298 1948/641/3298 1946/639/3298
f 1946/639/3298 1735/426/3298 1947/640/3298
f 1947/640/3299 1735/426/3299 1736/427/3299
f 1736/427/3299 1949/642/3299 1947/640/3299
f 1949/642/3300 1736/427/3300 1751/442/3300
f 1751/442/3300 1950/643/3300 1949/642/3300
f 1950/643/3301 1751/442/3301 1766/457/3301
f 1766/457/3301 1951/644/3301 1950/643/3301
f 1952/645/3302 1951/644/3302 1766/457/3302
f 1766/457/3302 1781/472/3302 1952/645/3302
f 1953/646/3303 1952/645/3303 1781/472/3304
f 1781/472/3304 1796/487/3304 1953/646/3303
f 1811/502/3305 1954/647/3305 1953/646/3305
f 1953/646/3305 1796/487/3305 1811/502/3305
f 1826/517/3306 1955/648/3306 1954/647/3306
f 1954/647/3306 1811/502/3306 1826/517/3306
f 1841/532/3307 1956/649/3308 1955/648/3309
f 1955/648/3309 1826/517/3307 1841/532/3307
f 1841/532/3310 1856/547/3310 1957/650/3310
f 1957/650/3310 1956/649/3310 1841/532/3310
f 1871/562/3311 1958/651/3311 1957/650/3311
f 1957/650/3311 1856/547/3311 1871/562/3311
f 1886/577/3312 1959/652/3312 1958/651/3312
f 1958/651/3312 1871/562/3312 1886/577/3312
f 1886/577/3313 1901/592/3313 1960/653/3313
f 1960/653/3313 1959/652/3313 1886/577/3313
f 1916/607/3314 1961/654/3314 1960/653/3314
f 1960/653/3314 1901/592/3314 1916/607/3314
f 1931/622/3315 1962/655/3315 1961/654/3315
f 1961/654/3315 1916/607/3315 1931/622/3315
f 1593/657/3316 1592/656/3316 1962/655/3316
f 1962/655/3316 1931/622/3316 1593/657/3316
f 1930/621/3317 1611/658/3317 1593/657/3317
f 1593/657/3317 1931/622/3317 1930/621/3317
f 1929/620/3318 1610/659/3319 1611/658/3319
f 1611/658/3319 1930/621/3319 1929/620/3318
f 1929/620/3320 1928/619/3321 1609/660/3322
f 1609/660/3322 1610/659/3320 1929/620/3320
f 1927/618/3323 1608/661/3324 1609/660/3323
f 1609/660/3323 1928/619/3323 1927/618/3323
f 1926/617/3325 1607/662/3326 1608/661/3327
f 1608/661/3327 1927/618/3328 1926/617/3325
f 1926/617/3329 1925/616/3329 1606/663/3329
f 1606/663/3329 1607/662/3329 1926/617/3329
f 1924/615/3330 1605/664/3330 1606/663/3330
f 1606/663/3330 1925/616/3331 1924/615/3330
f 1923/614/3332 1604/665/3333 1605/664/3333
f 1605/664/3333 1924/615/3332 1923/614/3332
f 1923/614/3334 1922/613/3335 1603/666/3336
f 1603/666/3336 1604/665/3334 1923/614/3334
f 1921/612/3337 1602/667/3338 1603/666/3339
f 1603/666/3339 1922/613/3340 1921/612/3337
f 1602/667/3341 1921/612/3342 1920/611/3343
f 1920/611/3343 1601/668/3344 1602/667/3341
f 1601/668/3345 1920/611/3345 1919/610/3345
f 1919/610/3345 1600/669/3345 1601/668/3345
f 1919/610/3346 1918/609/3346 1599/670/3346
f 1599/670/3346 1600/669/3346 1919/610/3346
f 1917/608/3347 1598/671/3347 1599/670/3347
f 1599/670/3347 1918/609/3347 1917/608/3347
f 1492/673/3348 1491/672/3348 1598/671/3348
f 1598/671/3348 1917/608/3348 1492/673/3348
f 1497/674/3349 1492/673/3350 1917/608/3349
f 1917/608/3349 1903/593/3349 1497/674/3349
f 1903/593/3351 1887/578/3351 1498/675/3352
f 1498/675/3352 1497/674/3351 1903/593/3351
f 1873/563/3353 1499/676/3353 1498/675/3353
f 1498/675/3353 1887/578/3353 1873/563/3353
f 1873/563/3354 1857/548/3354 1500/677/3354
f 1500/677/3354 1499/676/3354 1873/563/3354
f 1501/678/3355 1500/677/3355 1857/548/3355
f 1857/548/3355 1842/534/3355 1501/678/3355
f 1502/679/3356 1501/678/3356 1842/534/3357
f 1842/534/3357 1827/519/3357 1502/679/3356
f 1827/519/3358 1813/504/3358 1483/680/3358
f 1483/680/3358 1502/679/3358 1827/519/3358
f 1482/681/3359 1483/680/3360 1813/504/3360
f 1813/504/3360 1797/489/3361 1482/681/3359
f 1782/474/3362 1481/682/3362 1482/681/3362
f 1482/681/3362 1797/489/3362 1782/474/3362
f 1480/683/3363 1481/682/3363 1782/474/3364
f 1782/474/3364 1768/459/3365 1480/683/3363
f 1753/444/3366 1479/684/3366 1480/683/3366
f 1480/683/3366 1768/459/3366 1753/444/3366
f 1478/685/3367 1479/684/3367 1753/444/3367
f 1753/444/3367 1737/429/3367 1478/685/3367
f 1477/686/3368 1478/685/3368 1737/429/3368
f 1737/429/3368 1707/400/3368 1477/686/3368
f 1474/625/3369 1477/686/3370 1707/400/3370
f 1707/400/3370 1710/401/3369 1474/625/3369
f 1963/690/3371 1964/689/3371 1965/688/3371
f 1965/688/3371 1966/687/3371 1963/690/3371
f 1964/689/3372 1963/690/3373 1967/692/3372
f 1967/692/3372 1968/691/3372 1964/689/3372
f 1969/694/3374 1970/693/3375 1968/691/3374
f 1968/691/3374 1967/692/3376 1969/694/3374
f 1971/696/3377 1972/695/3377 1970/693/3377
f 1970/693/3377 1969/694/3377 1971/696/3377
f 1972/695/3378 1971/696/3378 1973/698/3378
f 1973/698/3378 1974/697/3378 1972/695/3378
f 1974/697/3379 1973/698/3379 1975/699/3379
f 1977/702/3380 1978/701/3381 1976/700/3380
f 1976/700/3380 1975/699/3380 1977/702/3380
f 1979/703/3382 1963/690/3382 1966/687/3383
f 1966/687/3383 1980/704/3382 1979/703/3382
f 1963/690/3384 1979/703/3384 1981/705/3384
f 1981/705/3384 1967/692/3384 1963/690/3384
f 1982/706/3385 1969/694/3385 1967/692/3385
f 1967/692/3385 1981/705/3385 1982/706/3385
f 1969/694/3386 1982/706/3386 1983/707/3386
f 1983/707/3386 1971/696/3386 1969/694/3386
f 1984/708/3387 1973/698/3387 1971/696/3387
f 1971/696/3387 1983/707/3387 1984/708/3387
f 1975/699/3388 1973/698/3388 1984/708/3388
f 1984/708/3388 1985/709/3388 1975/699/3388
f 1986/710/3389 1977/702/3390 1975/699/3390
f 1975/699/3390 1985/709/3389 1986/710/3389
f 1980/704/3391 1987/711/3391 1988/712/3391
f 1988/712/3391 1979/703/3391 1980/704/3391
f 1979/703/3392 1988/712/3392 1989/713/3392
f 1989/713/3392 1981/705/3392 1979/703/3392
f 1981/705/3393 1989/713/3393 1990/714/3393
f 1990/714/3393 1982/706/3393 1981/705/3393
f 1982/706/3394 1990/714/3394 1991/715/3394
f 1991/715/3394 1983/707/3394 1982/706/3394
f 1983/707/3395 1991/715/3395 1992/716/3395
f 1992/716/3395 1984/708/3395 1983/707/3395
f 1985/709/3396 1984/708/3396 1992/716/3396
f 1992/716/3396 1993/717/3396 1985/709/3396
f 1985/709/3397 1993/717/3397 1994/718/3397
f 1994/718/3397 1986/710/3398 1985/709/3397
f 1995/719/3399 1988/712/3400 1987/711/3399
f 1987/711/3399 1996/720/3400 1995/719/3399
f 1988/712/3401 1995/719/3402 1997/721/3402
f 1997/721/3402 1989/713/3402 1988/712/3401
f 1989/713/3403 1997/721/3403 1998/722/3403
f 1998/722/3403 1990/714/3403 1989/713/3403
f 1999/723/3404 1991/715/3404 1990/714/3404
f 1990/714/3404 1998/722/3404 1999/723/3404
f 1991/715/3405 1999/723/3405 2000/724/3405
f 2000/724/3405 1992/716/3406 1991/715/3405
f 2001/725/3407 1993/717/3407 1992/716/3407
f 1992/716/3407 2000/724/3407 2001/725/3407
f 1993/717/3408 2001/725/3408 2002/726/3408
f 2002/726/3408 1994/718/3408 1993/717/3408
f 2003/727/3409 1995/719/3410 1996/720/3411
f 1996/720/3411 2004/728/3412 2003/727/3409
f 1995/719/3413 2003/727/3414 2005/729/3415
f 2005/729/3415 1997/721/3414 1995/719/3413
f 2006/730/3416 1998/722/3416 1997/721/3416
f 1997/721/3416 2005/729/3416 2006/730/3416
f 2007/731/3417 1999/723/3417 1998/722/3417
f 1998/722/3417 2006/730/3417 2007/731/3417
f 1999/723/3418 2007/731/3418 2008/732/3418
f 2008/732/3418 2000/724/3418 1999/723/3418
f 2000/724/3419 2008/732/3419 2009/733/3419
f 2009/733/3419 2001/725/3419 2000/724/3419
f 2001/725/3420 2009/733/3421 2010/734/3421
f 2010/734/3421 2002/726/3422 2001/725/3420
f 2011/735/3423 2003/727/3409 2004/728/3412
f 2004/728/3412 2012/736/3424 2011/735/3423
f 2003/727/3425 2011/735/3425 2013/737/3426
f 2013/737/3426 2005/729/3425 2003/727/3425
f 2005/729/3427 2013/737/3427 2014/738/3427
f 2014/738/3427 2006/730/3427 2005/729/3427
f 2015/739/3428 2007/731/3428 2006/730/3428
f 2006/730/3428 2014/738/3428 2015/739/3428
f 2016/740/3429 2008/732/3429 2007/731/3429
f 2007/731/3429 2015/739/3429 2016/740/3429
f 2009/733/3430 2008/732/3430 2016/740/3431
f 2016/740/3431 2017/741/3431 2009/733/3430
f 2018/744/3432 2019/743/3432 2020/742/3433
f 2020/742/3433 2021/745/3432 2018/744/3432
f 2019/743/3434 2018/744/3435 2022/747/3434
f 2022/747/3434 2023/746/3436 2019/743/3434
f 2023/746/3437 2022/747/3438 2024/749/3437
f 2024/749/3437 2025/748/3437 2023/746/3437
f 2026/750/3439 2018/744/3440 2021/745/3439
f 2021/745/3439 2027/751/3441 2026/750/3439
f 2028/752/3442 2022/747/3443 2018/744/3442
f 2018/744/3442 2026/750/3444 2028/752/3442
f 2022/747/3445 2028/752/3445 2029/753/3445
f 2029/753/3445 2024/749/3445 2022/747/3445
f 2030/754/3446 2026/750/3447 2027/751/3446
f 2027/751/3446 2031/755/3448 2030/754/3446
f 2026/750/3449 2030/754/3449 2032/756/3449
f 2032/756/3449 2028/752/3449 2026/750/3449
f 2028/752/3450 2032/756/3451 2033/757/3452
f 2033/757/3452 2029/753/3450 2028/752/3450
f 2029/753/3453 2033/757/3454 2034/758/3453
f 2034/758/3453 2035/759/3453 2029/753/3453
f 2036/760/3455 2030/754/3456 2031/755/3455
f 2031/755/3455 2037/761/3457 2036/760/3455
f 2030/754/3458 2036/760/3458 2038/762/3458
f 2038/762/3458 2032/756/3458 2030/754/3458
f 2032/756/3459 2038/762/3459 2039/763/3460
f 2039/763/3460 2033/757/3459 2032/756/3459
f 2033/757/3461 2039/763/3462 2040/764/3463
f 2040/764/3463 2034/758/3463 2033/757/3461
f 2041/765/3464 2036/760/3464 2037/761/3464
f 2037/761/3464 2042/766/3464 2041/765/3464
f 2036/760/3465 2041/765/3465 2043/767/3465
f 2043/767/3465 2038/762/3465 2036/760/3465
f 2044/768/3466 2039/763/3466 2038/762/3466
f 2038/762/3466 2043/767/3466 2044/768/3466
f 2045/769/3467 2040/764/3468 2039/763/3468
f 2039/763/3468 2044/768/3469 2045/769/3467
f 2046/770/3470 2041/765/3470 2042/766/3471
f 2042/766/3471 2047/771/3470 2046/770/3470
f 2048/772/3472 2043/767/3473 2041/765/3472
f 2041/765/3472 2046/770/3474 2048/772/3472
f 2044/768/3475 2043/767/3475 2048/772/3475
f 2048/772/3475 2049/773/3475 2044/768/3475
f 2050/774/3476 2045/769/3477 2044/768/3478
f 2044/768/3478 2049/773/3479 2050/774/3476
f 2051/776/3480 2052/775/3480 2053/778/3481
f 2053/778/3481 2054/777/3480 2051/776/3480
f 2055/780/3482 2056/779/3482 2054/777/3482
f 2054/777/3482 2053/778/3482 2055/780/3482
f 2056/779/3483 2055/780/3483 2057/782/3483
f 2057/782/3483 2058/781/3483 2056/779/3483
f 2059/784/3484 2060/783/3484 2058/781/3484
f 2058/781/3484 2057/782/3484 2059/784/3484
f 2060/783/3485 2059/784/3485 2061/786/3485
f 2061/786/3485 2062/785/3485 2060/783/3485
f 2063/788/3486 2064/787/3486 2062/785/3486
f 2062/785/3486 2061/786/3486 2063/788/3486
f 2064/787/3487 2063/788/3487 2065/790/3487
f 2065/790/3487 2066/789/3487 2064/787/3487
f 2067/791/3488 2053/778/3488 2052/775/3488
f 2052/775/3488 2068/792/3488 2067/791/3488
f 2053/778/3489 2067/791/3490 2069/793/3489
f 2069/793/3489 2055/780/3491 2053/778/3489
f 2070/794/3492 2057/782/3493 2055/780/3492
f 2055/780/3492 2069/793/3494 2070/794/3492
f 2071/795/3495 2059/784/3496 2057/782/3496
f 2057/782/3496 2070/794/3495 2071/795/3495
f 2059/784/3497 2071/795/3497 2072/796/3497
f 2072/796/3497 2061/786/3497 2059/784/3497
f 2073/797/3498 2063/788/3498 2061/786/3498
f 2061/786/3498 2072/796/3498 2073/797/3498
f 2063/788/3499 2073/797/3499 2074/798/3499
f 2074/798/3499 2065/790/3499 2063/788/3499
f 2076/799/3500 2067/791/3501 2068/792/3500
f 2077/801/3502 2069/793/3502 2067/791/3502
f 2067/791/3502 2076/799/3502 2077/801/3502
f 2069/793/3503 2077/801/3504 2078/802/3503
f 2078/802/3503 2070/794/3503 2069/793/3503
f 2079/803/3505 2071/795/3506 2070/794/3505
f 2070/794/3505 2078/802/3507 2079/803/3505
f 2080/804/3508 2072/796/3508 2071/795/3508
f 2071/795/3508 2079/803/3508 2080/804/3508
f 2073/797/3509 2072/796/3510 2080/804/3511
f 2080/804/3511 2081/805/3510 2073/797/3509
f 2074/798/3512 2073/797/3512 2081/805/3512
f 2081/805/3512 2082/806/3512 2074/798/3512
f 2079/803/3513 2083/808/3514 2084/807/3513
f 2084/807/3513 2080/804/3513 2079/803/3513
f 2081/805/3515 2080/804/3516 2084/807/3516
f 2084/807/3516 2085/809/3517 2081/805/3515
f 2082/806/3518 2081/805/3519 2085/809/3520
f 2085/809/3520 2086/810/3521 2082/806/3518
f 2087/811/3522 2088/814/3522 2089/813/3522
f 2089/813/3522 2090/812/3522 2087/811/3522
f 2091/815/3523 2087/811/3524 2090/812/3525
f 2090/812/3525 2092/816/3524 2091/815/3523
f 2093/818/3526 2094/817/3527 2091/815/3527
f 2091/815/3527 2092/816/3527 2093/818/3526
f 2095/819/3528 2094/817/3529 2093/818/3529
f 2093/818/3529 2096/820/3529 2095/819/3528
f 2097/821/3530 2095/819/3530 2096/820/3530
f 2096/820/3530 2098/822/3530 2097/821/3530
f 2097/821/3531 2098/822/3531 2099/824/3531
f 2099/824/3531 2100/823/3531 2097/821/3531
f 2101/825/3532 2100/823/3533 2099/824/3533
f 2099/824/3533 2102/826/3534 2101/825/3532
f 2103/828/3535 2090/812/3535 2089/813/3535
f 2089/813/3535 2104/827/3535 2103/828/3535
f 2092/816/3536 2090/812/3536 2103/828/3536
f 2103/828/3536 2105/829/3536 2092/816/3536
f 2093/818/3537 2092/816/3537 2105/829/3537
f 2105/829/3537 2106/830/3537 2093/818/3537
f 2107/831/3538 2096/820/3539 2093/818/3538
f 2093/818/3538 2106/830/3538 2107/831/3538
f 2098/822/3540 2096/820/3540 2107/831/3540
f 2107/831/3540 2108/832/3540 2098/822/3540
f 2099/824/3541 2098/822/3541 2108/832/3541
f 2108/832/3541 2109/833/3541 2099/824/3541
f 2099/824/3542 2109/833/3542 2110/834/3542
f 2110/834/3542 2102/826/3542 2099/824/3542
f 2103/828/3543 2104/827/3543 2111/836/3543
f 2111/836/3543 2112/835/3543 2103/828/3543
f 2113/837/3544 2105/829/3544 2103/828/3544
f 2103/828/3544 2112/835/3544 2113/837/3544
f 2106/830/3545 2105/829/3545 2113/837/3545
f 2113/837/3545 2114/838/3545 2106/830/3545
f 2107/831/3546 2106/830/3546 2114/838/3546
f 2114/838/3546 2115/839/3546 2107/831/3546
f 2116/840/3547 2108/832/3547 2107/831/3547
f 2107/831/3547 2115/839/3547 2116/840/3547
f 2109/833/3548 2108/832/3548 2116/840/3548
f 2116/840/3548 2117/841/3548 2109/833/3548
f 2110/834/3549 2109/833/3549 2117/841/3549
f 2117/841/3549 2118/842/3549 2110/834/3549
f 2112/835/3550 2111/836/3550 2119/844/3550
f 2119/844/3550 2120/843/3550 2112/835/3550
f 2113/837/3551 2112/835/3551 2120/843/3551
f 2120/843/3551 2121/845/3551 2113/837/3551
f 2113/837/3552 2121/845/3552 2122/846/3552
f 2122/846/3552 2114/838/3552 2113/837/3552
f 2115/839/3553 2114/838/3553 2122/846/3553
f 2122/846/3553 2123/847/3553 2115/839/3553
f 2116/840/3554 2115/839/3554 2123/847/3554
f 2123/847/3554 2124/848/3554 2116/840/3554
f 2116/840/3555 2124/848/3555 2125/849/3555
f 2125/849/3555 2117/841/3556 2116/840/3555
f 2118/842/3557 2117/841/3558 2125/849/3559
f 2125/849/3559 2126/850/3558 2118/842/3557
f 2119/844/3560 2127/852/3560 2128/851/3560
f 2128/851/3560 2120/843/3560 2119/844/3560
f 2121/845/3561 2120/843/3561 2128/851/3561
f 2128/851/3561 2129/853/3561 2121/845/3561
f 2122/846/3562 2121/845/3562 2129/853/3562
f 2129/853/3562 2130/854/3562 2122/846/3562
f 2122/846/3563 2130/854/3563 2131/855/3563
f 2131/855/3563 2123/847/3563 2122/846/3563
f 2124/848/3564 2123/847/3564 2131/855/3564
f 2131/855/3564 2132/856/3564 2124/848/3564
f 2125/849/3565 2124/848/3566 2132/856/3567
f 2132/856/3567 2133/857/3565 2125/849/3565
f 2134/858/3568 2126/850/3568 2125/849/3568
f 2125/849/3568 2133/857/3568 2134/858/3568
f 2128/851/3569 2127/852/3569 2135/860/3569
f 2135/860/3569 2136/859/3569 2128/851/3569
f 2137/861/3570 2129/853/3570 2128/851/3570
f 2128/851/3570 2136/859/3570 2137/861/3570
f 2130/854/3571 2129/853/3571 2137/861/3571
f 2137/861/3571 2138/862/3571 2130/854/3571
f 2131/855/3572 2130/854/3572 2138/862/3573
f 2138/862/3573 2139/863/3572 2131/855/3572
f 2140/864/3574 2132/856/3574 2131/855/3575
f 2131/855/3575 2139/863/3576 2140/864/3574
f 2133/857/3577 2132/856/3578 2140/864/3577
f 2140/864/3577 2141/865/3577 2133/857/3577
f 2134/858/3579 2133/857/3580 2141/865/3579
f 2141/865/3579 2142/866/3581 2134/858/3579
f 1977/702/3582 2046/770/3582 2047/771/3583
f 2047/771/3583 1978/701/3582 1977/702/3582
f 1986/710/3584 2048/772/3584 2046/770/3585
f 2046/770/3585 1977/702/3586 1986/710/3584
f 2049/773/3587 2048/772/3588 1986/710/3588
f 1986/710/3588 1994/718/3588 2049/773/3587
f 2002/726/3589 2050/774/3589 2049/773/3589
f 2049/773/3589 1994/718/3590 2002/726/3589
f 2135/860/3591 2066/789/3592 2065/790/3592
f 2065/790/3592 2136/859/3592 2135/860/3591
f 2074/798/3593 2137/861/3594 2136/859/3595
f 2136/859/3595 2065/790/3593 2074/798/3593
f 2138/862/3596 2137/861/3597 2074/798/3597
f 2074/798/3597 2082/806/3597 2138/862/3596
f 2086/810/3598 2139/863/3598 2138/862/3598
f 2138/862/3598 2082/806/3598 2086/810/3598
f 2139/863/3599 2086/810/3600 2143/867/3599
f 2143/867/3599 2140/864/3601 2139/863/3599
f 2102/826/3534 2011/735/3423 2012/736/3424
f 2012/736/3424 2101/825/3532 2102/826/3534
f 2110/834/3602 2013/737/3602 2011/735/3602
f 2011/735/3602 2102/826/3602 2110/834/3602
f 2118/842/3603 2014/738/3603 2013/737/3603
f 2013/737/3603 2110/834/3603 2118/842/3603
f 2126/850/3604 2015/739/3604 2014/738/3604
f 2014/738/3604 2118/842/3604 2126/850/3604
f 2134/858/3605 2016/740/3605 2015/739/3605
f 2015/739/3605 2126/850/3605 2134/858/3605
f 2142/866/3606 2017/741/3606 2016/740/3606
f 2016/740/3606 2134/858/3607 2142/866/3606
f 2144/870/3608 2145/869/3608 2146/868/3608
f 2146/868/3608 1965/688/3609 2144/870/3608
f 1964/689/3610 2147/871/3610 2144/870/3610
f 2144/870/3610 1965/688/3610 1964/689/3610
f 1968/691/3611 2148/872/3611 2147/871/3611
f 2147/871/3611 1964/689/3611 1968/691/3611
f 1968/691/3612 1970/693/3612 2149/873/3612
f 2149/873/3612 2148/872/3612 1968/691/3612
f 1972/695/3613 2150/874/3614 2149/873/3613
f 2149/873/3613 1970/693/3613 1972/695/3613
f 1974/697/3615 2151/875/3615 2150/874/3615
f 2150/874/3615 1972/695/3615 1974/697/3615
f 1974/697/3616 1976/700/3616 2152/876/3616
f 2152/876/3616 2151/875/3616 1974/697/3616
f 1978/701/3617 2153/877/3617 2152/876/3617
f 2152/876/3617 1976/700/3617 1978/701/3617
f 2146/868/3618 2154/878/3619 1966/687/3620
f 1966/687/3620 1965/688/3619 2146/868/3618
f 1966/687/3621 2154/878/3621 2155/879/3621
f 2155/879/3621 1980/704/3621 1966/687/3621
f 2155/879/3622 2156/880/3622 1987/711/3622
f 1987/711/3622 1980/704/3622 2155/879/3622
f 1996/720/3623 1987/711/3623 2156/880/3623
f 2156/880/3623 2157/881/3623 1996/720/3623
f 2158/882/3624 2004/728/3625 1996/720/3626
f 1996/720/3626 2157/881/3626 2158/882/3624
f 2159/883/3627 2012/736/3628 2004/728/3625
f 2004/728/3625 2158/882/3624 2159/883/3627
f 2160/884/3629 2101/825/3630 2012/736/3628
f 2012/736/3628 2159/883/3627 2160/884/3629
f 1691/382/3631 1693/383/3632 2161/885/3631
f 2161/885/3631 2020/742/3632 1691/382/3631
f 2019/743/3633 1690/381/3633 1691/382/3633
f 1691/382/3633 2020/742/3633 2019/743/3633
f 2023/746/3634 1688/380/3634 1690/381/3634
f 1690/381/3634 2019/743/3634 2023/746/3634
f 2025/748/3635 1689/379/3636 1688/380/3635
f 1688/380/3635 2023/746/3636 2025/748/3635
f 2020/742/3637 2161/885/3637 2162/886/3637
f 2162/886/3637 2021/745/3638 2020/742/3637
f 2162/886/3639 2163/887/3639 2027/751/3640
f 2027/751/3640 2021/745/3640 2162/886/3639
f 2163/887/3641 2164/888/3641 2031/755/3641
f 2031/755/3641 2027/751/3641 2163/887/3641
f 2165/889/3642 2037/761/3642 2031/755/3642
f 2031/755/3642 2164/888/3642 2165/889/3642
f 2037/761/3643 2165/889/3643 2166/890/3643
f 2166/890/3643 2042/766/3643 2037/761/3643
f 2166/890/3644 2167/891/3644 2047/771/3644
f 2047/771/3644 2042/766/3644 2166/890/3644
f 2153/877/3645 1978/701/3645 2047/771/3646
f 2047/771/3646 2167/891/3645 2153/877/3645
f 2051/776/3647 1962/892/3648 1592/279/3648
f 1592/279/3648 1594/280/3648 2051/776/3647
f 2054/777/3649 1961/893/3650 1962/892/3649
f 1962/892/3649 2051/776/3649 2054/777/3649
f 2056/779/3651 1960/894/3651 1961/893/3651
f 1961/893/3651 2054/777/3651 2056/779/3651
f 2058/781/3652 1959/895/3652 1960/894/3652
f 1960/894/3652 2056/779/3652 2058/781/3652
f 2060/783/3653 1958/896/3653 1959/895/3653
f 1959/895/3653 2058/781/3653 2060/783/3653
f 2062/785/3654 1957/897/3654 1958/896/3654
f 1958/896/3654 2060/783/3654 2062/785/3654
f 2064/787/3655 1956/898/3655 1957/897/3655
f 1957/897/3655 2062/785/3655 2064/787/3655
f 2066/789/3656 1955/899/3657 1956/898/3657
f 1956/898/3657 2064/787/3656 2066/789/3656
f 2052/775/3658 2051/776/3658 1594/280/3658
f 1594/280/3658 1595/281/3658 2052/775/3658
f 2068/792/3659 2052/775/3659 1595/281/3659
f 1595/281/3659 1596/282/3659 2068/792/3659
f 2068/792/3660 1596/282/3660 1597/283/3660
f 1597/283/3660 2075/800/3660 2068/792/3660
f 1948/641/3661 1947/901/3661 2088/814/3661
f 2088/814/3661 2168/900/3661 1948/641/3661
f 2087/811/3662 2169/902/3663 2168/900/3664
f 2168/900/3664 2088/814/3665 2087/811/3662
f 2170/903/3666 2169/902/3666 2087/811/3666
f 2087/811/3666 2091/815/3666 2170/903/3666
f 2094/817/3667 2171/904/3667 2170/903/3667
f 2170/903/3667 2091/815/3667 2094/817/3667
f 2171/904/3668 2094/817/3668 2095/819/3668
f 2095/819/3668 2172/905/3668 2171/904/3668
f 2173/906/3669 2172/905/3670 2095/819/3670
f 2095/819/3670 2097/821/3671 2173/906/3669
f 2100/823/3672 2174/907/3673 2173/906/3669
f 2173/906/3669 2097/821/3671 2100/823/3672
f 2174/907/3673 2100/823/3672 2101/825/3630
f 2101/825/3630 2160/884/3629 2174/907/3673
f 2089/813/3674 2088/814/3675 1947/901/3675
f 1947/901/3675 1949/908/3675 2089/813/3674
f 2104/827/3676 2089/813/3676 1949/908/3676
f 1949/908/3676 1950/909/3676 2104/827/3676
f 1951/910/3677 2111/836/3677 2104/827/3677
f 2104/827/3677 1950/909/3677 1951/910/3677
f 1951/910/3678 1952/911/3678 2119/844/3678
f 2119/844/3678 2111/836/3679 1951/910/3678
f 1952/911/3680 1953/912/3680 2127/852/3680
f 2127/852/3680 2119/844/3680 1952/911/3680
f 2127/852/3681 1953/912/3681 1954/913/3681
f 1954/913/3681 2135/860/3681 2127/852/3681
f 2135/860/3682 1954/913/3682 1955/899/3682
f 1955/899/3682 2066/789/3682 2135/860/3682
f 2175/917/3683 2176/916/3683 2177/915/3683
f 2177/915/3683 2178/914/3683 2175/917/3683
f 2176/916/3684 2175/917/3684 2179/919/3684
f 2179/919/3684 2180/918/3684 2176/916/3684
f 2180/918/3685 2179/919/3685 2181/921/3685
f 2181/921/3685 2182/920/3685 2180/918/3685
f 2183/923/3686 2184/922/3686 2182/920/3686
f 2182/920/3686 2181/921/3686 2183/923/3686
f 2184/922/3687 2183/923/3688 2185/925/3688
f 2185/925/3688 2186/924/3688 2184/922/3687
f 2186/924/3689 2185/925/3690 2187/927/3691
f 2187/927/3691 2188/926/3690 2186/924/3689
f 2189/929/3692 2190/928/3693 2188/926/3694
f 2188/926/3694 2187/927/3694 2189/929/3692
f 2190/928/3695 2189/929/3695 2191/931/3696
f 2191/931/3696 2192/930/3696 2190/928/3695
f 2192/930/3697 2191/931/3698 2193/932/3699
f 2193/932/3699 2194/933/3698 2192/930/3697
f 2195/934/3700 2196/935/3701 2194/933/3702
f 2194/933/3702 2193/932/3703 2195/934/3700
f 2196/935/3704 2195/934/3704 2197/936/3705
f 2197/936/3705 2198/937/3706 2196/935/3704
f 2198/937/3707 2197/936/3708 2199/938/3708
f 2199/938/3708 2200/939/3708 2198/937/3707
f 2201/940/3709 2202/941/3709 2200/939/3709
f 2200/939/3709 2199/938/3709 2201/940/3709
f 2202/941/3710 2201/940/3710 2203/943/3710
f 2203/943/3710 2204/942/3710 2202/941/3710
f 2205/945/3711 2175/917/3711 2178/914/3711
f 2178/914/3711 2206/944/3711 2205/945/3711
f 2175/917/3712 2205/945/3712 2207/946/3712
f 2207/946/3712 2179/919/3712 2175/917/3712
f 2208/947/3713 2181/921/3713 2179/919/3713
f 2179/919/3713 2207/946/3713 2208/947/3713
f 2209/948/3714 2183/923/3714 2181/921/3715
f 2181/921/3715 2208/947/3714 2209/948/3714
f 2210/949/3716 2185/925/3717 2183/923/3717
f 2183/923/3717 2209/948/3717 2210/949/3716
f 2211/950/3718 2187/927/3718 2185/925/3718
f 2185/925/3718 2210/949/3718 2211/950/3718
f 2212/951/3719 2189/929/3720 2187/927/3721
f 2187/927/3721 2211/950/3719 2212/951/3719
f 2213/952/3722 2191/931/3723 2189/929/3724
f 2189/929/3724 2212/951/3725 2213/952/3722
f 2214/953/3726 2193/932/3727 2191/931/3728
f 2191/931/3728 2213/952/3729 2214/953/3726
f 2215/954/3730 2195/934/3731 2193/932/3730
f 2193/932/3730 2214/953/3730 2215/954/3730
f 2216/955/3732 2197/936/3732 2195/934/3732
f 2195/934/3732 2215/954/3732 2216/955/3732
f 2217/956/3733 2199/938/3733 2197/936/3734
f 2197/936/3734 2216/955/3733 2217/956/3733
f 2218/957/3735 2201/940/3735 2199/938/3735
f 2199/938/3735 2217/956/3735 2218/957/3735
f 2219/958/3736 2203/943/3736 2201/940/3737
f 2201/940/3737 2218/957/3736 2219/958/3736
f 2220/960/3738 2205/945/3738 2206/944/3738
f 2206/944/3738 2221/959/3738 2220/960/3738
f 2205/945/3739 2220/960/3739 2222/961/3739
f 2222/961/3739 2207/946/3739 2205/945/3739
f 2207/946/3740 2222/961/3740 2223/962/3740
f 2223/962/3740 2208/947/3740 2207/946/3740
f 2224/963/3741 2209/948/3741 2208/947/3741
f 2208/947/3741 2223/962/3742 2224/963/3741
f 2209/948/3743 2224/963/3743 2225/964/3743
f 2225/964/3743 2210/949/3744 2209/948/3743
f 2210/949/3745 2225/964/3746 2226/965/3747
f 2226/965/3747 2211/950/3745 2210/949/3745
f 2227/966/3748 2212/951/3749 2211/950/3748
f 2211/950/3748 2226/965/3748 2227/966/3748
f 2212/951/3750 2227/966/3751 2228/967/3750
f 2228/967/3750 2213/952/3751 2212/951/3750
f 2213/952/3752 2228/967/3753 2229/968/3754
f 2229/968/3754 2214/953/3753 2213/952/3752
f 2230/969/3755 2215/954/3755 2214/953/3755
f 2214/953/3755 2229/968/3755 2230/969/3755
f 2215/954/3756 2230/969/3756 2231/970/3756
f 2231/970/3756 2216/955/3756 2215/954/3756
f 2216/955/3757 2231/970/3757 2232/971/3757
f 2232/971/3757 2217/956/3757 2216/955/3757
f 2217/956/3758 2232/971/3758 2233/972/3758
f 2233/972/3758 2218/957/3758 2217/956/3758
f 2218/957/3759 2233/972/3759 2234/973/3759
f 2234/973/3759 2219/958/3759 2218/957/3759
f 2235/975/3760 2220/960/3760 2221/959/3760
f 2221/959/3760 2236/974/3760 2235/975/3760
f 2237/976/3761 2222/961/3761 2220/960/3761
f 2220/960/3761 2235/975/3761 2237/976/3761
f 2222/961/3762 2237/976/3762 2238/977/3762
f 2238/977/3762 2223/962/3762 2222/961/3762
f 2239/978/3763 2224/963/3764 2223/962/3764
f 2223/962/3764 2238/977/3764 2239/978/3763
f 2224/963/3765 2239/978/3765 2240/979/3765
f 2240/979/3765 2225/964/3765 2224/963/3765
f 2225/964/3766 2240/979/3767 2241/980/3767
f 2241/980/3767 2226/965/3767 2225/964/3766
f 2242/981/3768 2227/966/3769 2226/965/3770
f 2226/965/3770 2241/980/3771 2242/981/3768
f 2243/982/3772 2228/967/3773 2227/966/3774
f 2227/966/3774 2242/981/3772 2243/982/3772
f 2228/967/3775 2243/982/3776 2244/983/3776
f 2244/983/3776 2229/968/3776 2228/967/3775
f 2245/984/3777 2230/969/3777 2229/968/3777
f 2229/968/3777 2244/983/3777 2245/984/3777
f 2246/985/3778 2231/970/3779 2230/969/3779
f 2230/969/3779 2245/984/3779 2246/985/3778
f 2231/970/3780 2246/985/3780 2247/986/3780
f 2247/986/3780 2232/971/3780 2231/970/3780
f 2248/987/3781 2233/972/3781 2232/971/3781
f 2232/971/3781 2247/986/3781 2248/987/3781
f 2249/988/3782 2234/973/3782 2233/972/3782
f 2233/972/3782 2248/987/3782 2249/988/3782
f 2250/990/3783 2235/975/3783 2236/974/3783
f 2236/974/3783 2251/989/3783 2250/990/3783
f 2235/975/3784 2250/990/3784 2252/991/3784
f 2252/991/3784 2237/976/3784 2235/975/3784
f 2237/976/3785 2252/991/3785 2253/992/3785
f 2253/992/3785 2238/977/3785 2237/976/3785
f 2254/993/3786 2239/978/3787 2238/977/3787
f 2238/977/3787 2253/992/3787 2254/993/3786
f 2239/978/3788 2254/993/3788 2255/994/3789
f 2255/994/3789 2240/979/3788 2239/978/3788
f 2240/979/3790 2255/994/3790 2256/995/3790
f 2256/995/3790 2241/980/3790 2240/979/3790
f 2257/996/3791 2242/981/3792 2241/980/3793
f 2241/980/3793 2256/995/3792 2257/996/3791
f 2242/981/3794 2257/996/3795 2258/997/3796
f 2258/997/3796 2243/982/3797 2242/981/3794
f 2243/982/3798 2258/997/3799 2259/998/3800
f 2259/998/3800 2244/983/3798 2243/982/3798
f 2260/999/3801 2245/984/3801 2244/983/3801
f 2244/983/3801 2259/998/3802 2260/999/3801
f 2245/984/3803 2260/999/3804 2261/1000/3804
f 2261/1000/3804 2246/985/3804 2245/984/3803
f 2246/985/3805 2261/1000/3805 2262/1001/3805
f 2262/1001/3805 2247/986/3805 2246/985/3805
f 2263/1002/3806 2248/987/3806 2247/986/3806
f 2247/986/3806 2262/1001/3806 2263/1002/3806
f 2264/1003/3807 2249/988/3808 2248/987/3807
f 2248/987/3807 2263/1002/3807 2264/1003/3807
f 2265/1005/3809 2250/990/3809 2251/989/3810
f 2251/989/3810 2266/1004/3809 2265/1005/3809
f 2250/990/3811 2265/1005/3811 2267/1006/3811
f 2267/1006/3811 2252/991/3812 2250/990/3811
f 2252/991/3813 2267/1006/3813 2268/1007/3813
f 2268/1007/3813 2253/992/3813 2252/991/3813
f 2269/1008/3814 2254/993/3814 2253/992/3814
f 2253/992/3814 2268/1007/3814 2269/1008/3814
f 2254/993/3815 2269/1008/3815 2270/1009/3815
f 2270/1009/3815 2255/994/3816 2254/993/3815
f 2255/994/3817 2270/1009/3817 2271/1010/3817
f 2271/1010/3817 2256/995/3818 2255/994/3817
f 2272/1011/3819 2257/996/3819 2256/995/3819
f 2256/995/3819 2271/1010/3820 2272/1011/3819
f 2257/996/3821 2272/1011/3821 2273/1012/3822
f 2273/1012/3822 2258/997/3822 2257/996/3821
f 2258/997/3823 2273/1012/3824 2274/1013/3825
f 2274/1013/3825 2259/998/3823 2258/997/3823
f 2275/1014/3826 2260/999/3827 2259/998/3827
f 2259/998/3827 2274/1013/3827 2275/1014/3826
f 2260/999/3828 2275/1014/3829 2276/1015/3830
f 2276/1015/3830 2261/1000/3828 2260/999/3828
f 2261/1000/3831 2276/1015/3831 2277/1016/3832
f 2277/1016/3832 2262/1001/3833 2261/1000/3831
f 2278/1017/3834 2263/1002/3834 2262/1001/3834
f 2262/1001/3834 2277/1016/3834 2278/1017/3834
f 2279/1018/3835 2264/1003/3836 2263/1002/3836
f 2263/1002/3836 2278/1017/3837 2279/1018/3835
f 2266/1004/3838 2280/1019/3839 2281/1020/3838
f 2281/1020/3838 2265/1005/3839 2266/1004/3838
f 2265/1005/3840 2281/1020/3840 2282/1021/3841
f 2282/1021/3841 2267/1006/3842 2265/1005/3840
f 2267/1006/3843 2282/1021/3844 2283/1022/3845
f 2283/1022/3845 2268/1007/3846 2267/1006/3843
f 2284/1023/3847 2269/1008/3847 2268/1007/3847
f 2268/1007/3847 2283/1022/3847 2284/1023/3847
f 2269/1008/3848 2284/1023/3848 2285/1024/3849
f 2285/1024/3849 2270/1009/3849 2269/1008/3848
f 2270/1009/3850 2285/1024/3851 2286/1025/3852
f 2286/1025/3852 2271/1010/3853 2270/1009/3850
f 2287/1026/3854 2272/1011/3854 2271/1010/3854
f 2271/1010/3854 2286/1025/3855 2287/1026/3854
f 2288/1027/3856 2273/1012/3856 2272/1011/3857
f 2272/1011/3857 2287/1026/3857 2288/1027/3856
f 2273/1012/3858 2288/1027/3859 2289/1028/3860
f 2289/1028/3860 2274/1013/3861 2273/1012/3858
f 2290/1029/3862 2275/1014/3863 2274/1013/3864
f 2274/1013/3864 2289/1028/3865 2290/1029/3862
f 2275/1014/3866 2290/1029/3866 2291/1030/3866
f 2291/1030/3866 2276/1015/3866 2275/1014/3866
f 2276/1015/3867 2291/1030/3867 2292/1031/3868
f 2292/1031/3868 2277/1016/3869 2276/1015/3867
f 2293/1032/3870 2278/1017/3871 2277/1016/3870
f 2277/1016/3870 2292/1031/3872 2293/1032/3870
f 2278/1017/3873 2293/1032/3873 2294/1033/3873
f 2294/1033/3873 2279/1018/3873 2278/1017/3873
f 2295/1035/3874 2281/1020/3874 2280/1019/3875
f 2280/1019/3875 2296/1034/3876 2295/1035/3874
f 2297/1036/3877 2282/1021/3878 2281/1020/3879
f 2281/1020/3879 2295/1035/3880 2297/1036/3877
f 2282/1021/3881 2297/1036/3882 2298/1037/3883
f 2298/1037/3883 2283/1022/3883 2282/1021/3881
f 2299/1038/3884 2284/1023/3885 2283/1022/3885
f 2283/1022/3885 2298/1037/3885 2299/1038/3884
f 2284/1023/3886 2299/1038/3887 2300/1039/3888
f 2300/1039/3888 2285/1024/3887 2284/1023/3886
f 2285/1024/3889 2300/1039/3889 2301/1040/3890
f 2301/1040/3890 2286/1025/3891 2285/1024/3889
f 2302/1041/3892 2287/1026/3893 2286/1025/3893
f 2286/1025/3893 2301/1040/3892 2302/1041/3892
f 2303/1042/3894 2288/1027/3895 2287/1026/3895
f 2287/1026/3895 2302/1041/3895 2303/1042/3894
f 2304/1043/3896 2289/1028/3897 2288/1027/3898
f 2288/1027/3898 2303/1042/3897 2304/1043/3896
f 2305/1044/3899 2290/1029/3899 2289/1028/3899
f 2289/1028/3899 2304/1043/3899 2305/1044/3899
f 2291/1030/3900 2290/1029/3900 2305/1044/3900
f 2305/1044/3900 2306/1045/3900 2291/1030/3900
f 2307/1046/3901 2292/1031/3901 2291/1030/3901
f 2291/1030/3901 2306/1045/3901 2307/1046/3901
f 2308/1047/3902 2293/1032/3903 2292/1031/3903
f 2292/1031/3903 2307/1046/3903 2308/1047/3902
f 2309/1048/3904 2294/1033/3905 2293/1032/3905
f 2293/1032/3905 2308/1047/3905 2309/1048/3904
f 2310/1050/3906 2295/1035/3906 2296/1034/3906
f 2296/1034/3906 2311/1049/3907 2310/1050/3906
f 2295/1035/3908 2310/1050/3908 2312/1051/3908
f 2312/1051/3908 2297/1036/3908 2295/1035/3908
f 2313/1052/3909 2298/1037/3909 2297/1036/3909
f 2297/1036/3909 2312/1051/3909 2313/1052/3909
f 2314/1053/3910 2299/1038/3910 2298/1037/3910
f 2298/1037/3910 2313/1052/3910 2314/1053/3910
f 2299/1038/3911 2314/1053/3911 2315/1054/3912
f 2315/1054/3912 2300/1039/3913 2299/1038/3911
f 2316/1055/3914 2301/1040/3915 2300/1039/3916
f 2300/1039/3916 2315/1054/3917 2316/1055/3914
f 2317/1056/3918 2302/1041/3918 2301/1040/3919
f 2301/1040/3919 2316/1055/3920 2317/1056/3918
f 2302/1041/3921 2317/1056/3922 2318/1057/3923
f 2318/1057/3923 2303/1042/3924 2302/1041/3921
f 2304/1043/3925 2303/1042/3925 2318/1057/3925
f 2318/1057/3925 2319/1058/3925 2304/1043/3925
f 2305/1044/3926 2304/1043/3927 2319/1058/3928
f 2319/1058/3928 2320/1059/3926 2305/1044/3926
f 2306/1045/3929 2305/1044/3929 2320/1059/3929
f 2320/1059/3929 2321/1060/3929 2306/1045/3929
f 2322/1061/3930 2307/1046/3931 2306/1045/3931
f 2306/1045/3931 2321/1060/3931 2322/1061/3930
f 2323/1062/3932 2308/1047/3932 2307/1046/3932
f 2307/1046/3932 2322/1061/3932 2323/1062/3932
f 2308/1047/3933 2323/1062/3933 2324/1063/3933
f 2324/1063/3933 2309/1048/3933 2308/1047/3933
f 2310/1050/3934 2311/1049/3934 2325/1064/3934
f 2325/1064/3934 2326/1065/3934 2310/1050/3934
f 2310/1050/3935 2326/1065/3935 2327/1066/3935
f 2327/1066/3935 2312/1051/3935 2310/1050/3935
f 2313/1052/3936 2312/1051/3936 2327/1066/3936
f 2327/1066/3936 2328/1067/3936 2313/1052/3936
f 2314/1053/3937 2313/1052/3937 2328/1067/3937
f 2328/1067/3937 2329/1068/3937 2314/1053/3937
f 2314/1053/3938 2329/1068/3939 2330/1069/3940
f 2330/1069/3940 2315/1054/3938 2314/1053/3938
f 2316/1055/3941 2315/1054/3942 2330/1069/3942
f 2330/1069/3942 2331/1070/3943 2316/1055/3941
f 2317/1056/3944 2316/1055/3944 2331/1070/3944
f 2331/1070/3944 2332/1071/3944 2317/1056/3944
f 2317/1056/3945 2332/1071/3946 2333/1072/3947
f 2333/1072/3947 2318/1057/3945 2317/1056/3945
f 2319/1058/3948 2318/1057/3949 2333/1072/3949
f 2333/1072/3949 2334/1073/3949 2319/1058/3948
f 2320/1059/3950 2319/1058/3950 2334/1073/3950
f 2334/1073/3950 2335/1074/3950 2320/1059/3950
f 2320/1059/3951 2335/1074/3951 2336/1075/3951
f 2336/1075/3951 2321/1060/3951 2320/1059/3951
f 2322/1061/3952 2321/1060/3953 2336/1075/3953
f 2336/1075/3953 2337/1076/3953 2322/1061/3952
f 2323/1062/3954 2322/1061/3954 2337/1076/3954
f 2337/1076/3954 2338/1077/3954 2323/1062/3954
f 2323/1062/3955 2338/1077/3955 2339/1078/3955
f 2339/1078/3955 2324/1063/3955 2323/1062/3955
f 2326/1065/3956 2325/1064/3956 2340/1079/3956
f 2340/1079/3956 2341/1080/3956 2326/1065/3956
f 2326/1065/3957 2341/1080/3957 2342/1081/3957
f 2342/1081/3957 2327/1066/3957 2326/1065/3957
f 2328/1067/3958 2327/1066/3959 2342/1081/3959
f 2342/1081/3959 2343/1082/3959 2328/1067/3958
f 2329/1068/3960 2328/1067/3960 2343/1082/3960
f 2343/1082/3960 2344/1083/3960 2329/1068/3960
f 2329/1068/3961 2344/1083/3961 2345/1084/3961
f 2345/1084/3961 2330/1069/3962 2329/1068/3961
f 2331/1070/3963 2330/1069/3964 2345/1084/3964
f 2345/1084/3964 2346/1085/3964 2331/1070/3963
f 2332/1071/3965 2331/1070/3965 2346/1085/3966
f 2346/1085/3966 2347/1086/3965 2332/1071/3965
f 2332/1071/3967 2347/1086/3967 2348/1087/3967
f 2348/1087/3967 2333/1072/3967 2332/1071/3967
f 2334/1073/3968 2333/1072/3968 2348/1087/3969
f 2348/1087/3969 2349/1088/3969 2334/1073/3968
f 2335/1074/3970 2334/1073/3970 2349/1088/3970
f 2349/1088/3970 2350/1089/3970 2335/1074/3970
f 2335/1074/3971 2350/1089/3971 2351/1090/3971
f 2351/1090/3971 2336/1075/3971 2335/1074/3971
f 2337/1076/3972 2336/1075/3972 2351/1090/3972
f 2351/1090/3972 2352/1091/3972 2337/1076/3972
f 2338/1077/3973 2337/1076/3973 2352/1091/3973
f 2352/1091/3973 2353/1092/3973 2338/1077/3973
f 2338/1077/3974 2353/1092/3974 2354/1093/3974
f 2354/1093/3974 2339/1078/3974 2338/1077/3974
f 2341/1080/3975 2340/1079/3975 2355/1094/3975
f 2355/1094/3975 2356/1095/3976 2341/1080/3975
f 2341/1080/3977 2356/1095/3977 2357/1096/3977
f 2357/1096/3977 2342/1081/3977 2341/1080/3977
f 2343/1082/3978 2342/1081/3979 2357/1096/3979
f 2357/1096/3979 2358/1097/3978 2343/1082/3978
f 2344/1083/3980 2343/1082/3980 2358/1097/3980
f 2358/1097/3980 2359/1098/3980 2344/1083/3980
f 2344/1083/3981 2359/1098/3981 2360/1099/3981
f 2360/1099/3981 2345/1084/3981 2344/1083/3981
f 2346/1085/3982 2345/1084/3983 2360/1099/3984
f 2360/1099/3984 2361/1100/3985 2346/1085/3982
f 2347/1086/3986 2346/1085/3986 2361/1100/3987
f 2361/1100/3987 2362/1101/3988 2347/1086/3986
f 2347/1086/3989 2362/1101/3989 2363/1102/3990
f 2363/1102/3990 2348/1087/3991 2347/1086/3989
f 2349/1088/3992 2348/1087/3992 2363/1102/3992
f 2363/1102/3992 2364/1103/3992 2349/1088/3992
f 2350/1089/3993 2349/1088/3993 2364/1103/3993
f 2364/1103/3993 2365/1104/3993 2350/1089/3993
f 2350/1089/3994 2365/1104/3994 2366/1105/3994
f 2366/1105/3994 2351/1090/3994 2350/1089/3994
f 2352/1091/3995 2351/1090/3995 2366/1105/3995
f 2366/1105/3995 2367/1106/3995 2352/1091/3995
f 2353/1092/3996 2352/1091/3996 2367/1106/3996
f 2367/1106/3996 2368/1107/3996 2353/1092/3996
f 2353/1092/3997 2368/1107/3997 2369/1108/3997
f 2369/1108/3997 2354/1093/3997 2353/1092/3997
f 2356/1095/3998 2355/1094/3998 2370/1109/3998
f 2370/1109/3998 2371/1110/3998 2356/1095/3998
f 2356/1095/3999 2371/1110/3999 2372/1111/3999
f 2372/1111/3999 2357/1096/3999 2356/1095/3999
f 2358/1097/4000 2357/1096/4000 2372/1111/4000
f 2372/1111/4000 2373/1112/4000 2358/1097/4000
f 2359/1098/4001 2358/1097/4001 2373/1112/4001
f 2373/1112/4001 2374/1113/4001 2359/1098/4001
f 2359/1098/4002 2374/1113/4002 2375/1114/4002
f 2375/1114/4002 2360/1099/4002 2359/1098/4002
f 2361/1100/4003 2360/1099/4003 2375/1114/4003
f 2375/1114/4003 2376/1115/4003 2361/1100/4003
f 2362/1101/4004 2361/1100/4005 2376/1115/4005
f 2376/1115/4005 2377/1116/4006 2362/1101/4004
f 2362/1101/4007 2377/1116/4007 2378/1117/4007
f 2378/1117/4007 2363/1102/4008 2362/1101/4007
f 2364/1103/4009 2363/1102/4009 2378/1117/4009
f 2378/1117/4009 2379/1118/4010 2364/1103/4009
f 2365/1104/4011 2364/1103/4011 2379/1118/4012
f 2379/1118/4012 2380/1119/4011 2365/1104/4011
f 2365/1104/4013 2380/1119/4013 2381/1120/4013
f 2381/1120/4013 2366/1105/4013 2365/1104/4013
f 2367/1106/4014 2366/1105/4014 2381/1120/4014
f 2381/1120/4014 2382/1121/4014 2367/1106/4014
f 2368/1107/4015 2367/1106/4015 2382/1121/4015
f 2382/1121/4015 2383/1122/4015 2368/1107/4015
f 2368/1107/4016 2383/1122/4016 2384/1123/4016
f 2384/1123/4016 2369/1108/4016 2368/1107/4016
f 2371/1110/4017 2370/1109/4017 2385/1124/4017
f 2385/1124/4017 2386/1125/4017 2371/1110/4017
f 2371/1110/4018 2386/1125/4018 2387/1126/4018
f 2387/1126/4018 2372/1111/4018 2371/1110/4018
f 2373/1112/4019 2372/1111/4019 2387/1126/4019
f 2387/1126/4019 2388/1127/4019 2373/1112/4019
f 2374/1113/4020 2373/1112/4020 2388/1127/4020
f 2388/1127/4020 2389/1128/4020 2374/1113/4020
f 2374/1113/4021 2389/1128/4022 2390/1129/4021
f 2390/1129/4021 2375/1114/4021 2374/1113/4021
f 2376/1115/4023 2375/1114/4023 2390/1129/4024
f 2390/1129/4024 2391/1130/4025 2376/1115/4023
f 2377/1116/4026 2376/1115/4027 2391/1130/4027
f 2391/1130/4027 2392/1131/4028 2377/1116/4026
f 2377/1116/4029 2392/1131/4030 2393/1132/4031
f 2393/1132/4031 2378/1117/4032 2377/1116/4029
f 2379/1118/4033 2378/1117/4033 2393/1132/4033
f 2393/1132/4033 2394/1133/4033 2379/1118/4033
f 2380/1119/4034 2379/1118/4034 2394/1133/4035
f 2394/1133/4035 2395/1134/4034 2380/1119/4034
f 2380/1119/4036 2395/1134/4037 2396/1135/4037
f 2396/1135/4037 2381/1120/4037 2380/1119/4036
f 2382/1121/4038 2381/1120/4038 2396/1135/4038
f 2396/1135/4038 2397/1136/4038 2382/1121/4038
f 2383/1122/4039 2382/1121/4039 2397/1136/4039
f 2397/1136/4039 2398/1137/4039 2383/1122/4039
f 2399/1138/4040 2384/1123/4040 2383/1122/4040
f 2383/1122/4040 2398/1137/4040 2399/1138/4040
f 2144/1140/4041 2177/915/4041 2400/1139/4041
f 2400/1139/4041 2145/869/4042 2144/1140/4041
f 2401/1141/4043 2400/1139/4043 2177/915/4043
f 2177/915/4043 2176/916/4043 2401/1141/4043
f 2402/1142/4044 2401/1141/4044 2176/916/4045
f 2176/916/4045 2180/918/4044 2402/1142/4044
f 2402/1142/4046 2180/918/4047 2182/920/4048
f 2182/920/4048 2403/1143/4048 2402/1142/4046
f 2404/1144/4049 2403/1143/4050 2182/920/4050
f 2182/920/4050 2184/922/4050 2404/1144/4049
f 2405/1145/4051 2404/1144/4051 2184/922/4052
f 2184/922/4052 2186/924/4053 2405/1145/4051
f 2188/926/4054 2406/1146/4055 2405/1145/4054
f 2405/1145/4054 2186/924/4054 2188/926/4054
f 2406/1146/4056 2188/926/4057 2190/928/4058
f 2190/928/4058 2407/1147/4059 2406/1146/4056
f 2408/1148/4060 2407/1147/4060 2190/928/4060
f 2190/928/4060 2192/930/4060 2408/1148/4060
f 2194/933/4061 2409/1149/4062 2408/1148/4061
f 2408/1148/4061 2192/930/4063 2194/933/4061
f 2409/1149/4064 2194/933/4065 2196/935/4066
f 2196/935/4066 2410/1150/4066 2409/1149/4064
f 2198/937/4067 2411/1151/4068 2410/1150/4069
f 2410/1150/4069 2196/935/4069 2198/937/4067
f 2200/939/4070 2412/1152/4071 2411/1151/4072
f 2411/1151/4072 2198/937/4073 2200/939/4070
f 2412/1152/4074 2200/939/4075 2202/941/4076
f 2202/941/4076 2413/1153/4077 2412/1152/4074
f 2204/942/4078 2414/1154/4078 2413/1153/4078
f 2413/1153/4078 2202/941/4078 2204/942/4078
f 2414/1154/4079 2204/942/4079 1517/1155/4079
f 1517/1155/4079 1519/1156/4079 2414/1154/4079
f 1526/1157/4080 1517/1155/4080 2204/942/4080
f 2204/942/4080 2203/943/4080 1526/1157/4080
f 2219/958/4081 1527/1158/4081 1526/1157/4081
f 1526/1157/4081 2203/943/4082 2219/958/4081
f 2234/973/4083 1528/1159/4083 1527/1158/4083
f 1527/1158/4083 2219/958/4083 2234/973/4083
f 2249/988/4084 1529/1160/4085 1528/1159/4085
f 1528/1159/4085 2234/973/4085 2249/988/4084
f 1530/1161/4086 1529/1160/4086 2249/988/4086
f 2249/988/4086 2264/1003/4086 1530/1161/4086
f 1531/1162/4087 1530/1161/4087 2264/1003/4087
f 2264/1003/4087 2279/1018/4087 1531/1162/4087
f 1512/1163/4088 1531/1162/4088 2279/1018/4088
f 2279/1018/4088 2294/1033/4088 1512/1163/4088
f 2309/1048/4089 1511/1164/4089 1512/1163/4089
f 1512/1163/4089 2294/1033/4089 2309/1048/4089
f 2324/1063/4090 1510/1165/4090 1511/1164/4090
f 1511/1164/4090 2309/1048/4090 2324/1063/4090
f 1510/1165/4091 2324/1063/4091 2339/1078/4091
f 2339/1078/4091 1509/1166/4091 1510/1165/4091
f 1509/1166/4092 2339/1078/4092 2354/1093/4092
f 2354/1093/4092 1508/1167/4092 1509/1166/4092
f 1507/1168/4093 1508/1167/4093 2354/1093/4093
f 2354/1093/4093 2369/1108/4093 1507/1168/4093
f 1506/1169/4094 1507/1168/4094 2369/1108/4094
f 2369/1108/4094 2384/1123/4094 1506/1169/4094
f 2399/1138/4095 1505/1170/4095 1506/1169/4095
f 1506/1169/4095 2384/1123/4095 2399/1138/4095
f 1687/1172/4096 1503/1171/4096 1505/1170/4096
f 1505/1170/4096 2399/1138/4096 1687/1172/4096
f 2398/1137/4097 1706/1173/4097 1687/1172/4097
f 1687/1172/4097 2399/1138/4097 2398/1137/4097
f 2398/1137/4098 2397/1136/4098 1705/1174/4098
f 1705/1174/4098 1706/1173/4098 2398/1137/4098
f 2397/1136/4099 2396/1135/4099 1704/1175/4099
f 1704/1175/4099 1705/1174/4099 2397/1136/4099
f 2395/1134/4100 1703/1176/4100 1704/1175/4101
f 1704/1175/4101 2396/1135/4102 2395/1134/4100
f 2395/1134/4103 2394/1133/4104 1702/1177/4105
f 1702/1177/4105 1703/1176/4106 2395/1134/4103
f 2394/1133/4107 2393/1132/4108 1701/1178/4108
f 1701/1178/4108 1702/1177/4107 2394/1133/4107
f 2392/1131/4109 1700/1179/4109 1701/1178/4110
f 1701/1178/4110 2393/1132/4110 2392/1131/4109
f 2392/1131/4111 2391/1130/4111 1699/1180/4112
f 1699/1180/4112 1700/1179/4112 2392/1131/4111
f 2391/1130/4113 2390/1129/4113 1698/1181/4113
f 1698/1181/4113 1699/1180/4113 2391/1130/4113
f 1698/1181/4114 2390/1129/4114 2389/1128/4114
f 2389/1128/4114 1697/1182/4114 1698/1181/4114
f 2388/1127/4115 1696/1183/4115 1697/1182/4116
f 1697/1182/4116 2389/1128/4115 2388/1127/4115
f 2387/1126/4117 1695/1184/4117 1696/1183/4118
f 1696/1183/4118 2388/1127/4118 2387/1126/4117
f 1695/1184/4119 2387/1126/4120 2386/1125/4120
f 2386/1125/4120 1694/1185/4120 1695/1184/4119
f 2385/1124/4121 1692/1186/4121 1694/1185/4121
f 1694/1185/4121 2386/1125/4121 2385/1124/4121
f 2161/1187/4122 1693/1188/4122 1692/1186/4122
f 1692/1186/4122 2385/1124/4122 2161/1187/4122
f 2161/1187/4123 2385/1124/4123 2370/1109/4123
f 2370/1109/4123 2162/1189/4123 2161/1187/4123
f 2163/1190/4124 2162/1189/4124 2370/1109/4124
f 2370/1109/4124 2355/1094/4124 2163/1190/4124
f 2163/1190/4125 2355/1094/4125 2340/1079/4125
f 2340/1079/4125 2164/1191/4125 2163/1190/4125
f 2340/1079/4126 2325/1064/4126 2165/1192/4126
f 2165/1192/4126 2164/1191/4126 2340/1079/4126
f 2165/1192/4127 2325/1064/4127 2311/1049/4127
f 2311/1049/4127 2166/1193/4127 2165/1192/4127
f 2296/1034/4128 2167/1194/4128 2166/1193/4128
f 2166/1193/4128 2311/1049/4128 2296/1034/4128
f 2153/1195/4129 2167/1194/4129 2296/1034/4129
f 2296/1034/4129 2280/1019/4129 2153/1195/4129
f 2152/1196/4130 2153/1195/4130 2280/1019/4131
f 2280/1019/4131 2266/1004/4130 2152/1196/4130
f 2152/1196/4132 2266/1004/4132 2251/989/4132
f 2251/989/4132 2151/1197/4132 2152/1196/4132
f 2251/989/4133 2236/974/4134 2150/1198/4133
f 2150/1198/4133 2151/1197/4133 2251/989/4133
f 2236/974/4135 2221/959/4135 2149/1199/4135
f 2149/1199/4135 2150/1198/4135 2236/974/4135
f 2206/944/4136 2148/1200/4136 2149/1199/4136
f 2149/1199/4136 2221/959/4136 2206/944/4136
f 2147/1201/4137 2148/1200/4137 2206/944/4137
f 2206/944/4137 2178/914/4137 2147/1201/4137
f 2177/915/4138 2144/1140/4138 2147/1201/4138
f 2147/1201/4138 2178/914/4138 2177/915/4138
f 2415/1205/4139 2416/1204/4139 2417/1203/4139
f 2417/1203/4139 2418/1202/4139 2415/1205/4139
f 2416/1204/4140 2415/1205/4141 2419/1206/4142
f 2419/1206/4142 2420/1207/4141 2416/1204/4140
f 2420/1207/4143 2419/1206/4143 2421/1209/4143
f 2421/1209/4143 2422/1208/4143 2420/1207/4143
f 2423/1211/4144 2424/1210/4144 2422/1208/4145
f 2422/1208/4145 2421/1209/4144 2423/1211/4144
f 2425/1213/4146 2426/1212/4147 2424/1210/4148
f 2424/1210/4148 2423/1211/4149 2425/1213/4146
f 2426/1212/4150 2425/1213/4150 2427/1215/4151
f 2427/1215/4151 2428/1214/4151 2426/1212/4150
f 2429/1217/4152 2430/1216/4153 2428/1214/4154
f 2428/1214/4154 2427/1215/4155 2429/1217/4152
f 2430/1216/4156 2429/1217/4157 2431/1219/4158
f 2431/1219/4158 2432/1218/4157 2430/1216/4156
f 2432/1218/4159 2431/1219/4160 2433/1221/4161
f 2433/1221/4161 2434/1220/4162 2432/1218/4159
f 2435/1223/4163 2436/1222/4164 2434/1220/4165
f 2434/1220/4165 2433/1221/4166 2435/1223/4163
f 2436/1222/4167 2435/1223/4168 2437/1224/4169
f 2437/1224/4169 2438/1225/4170 2436/1222/4167
f 2438/1225/4171 2437/1224/4172 2439/1227/4172
f 2439/1227/4172 2440/1226/4172 2438/1225/4171
f 2441/1229/4173 2442/1228/4174 2440/1226/4175
f 2440/1226/4175 2439/1227/4174 2441/1229/4173
f 2443/1231/4176 2444/1230/4176 2442/1228/4176
f 2442/1228/4176 2441/1229/4176 2443/1231/4176
f 2445/1233/4177 2415/1205/4177 2418/1202/4178
f 2418/1202/4178 2446/1232/4177 2445/1233/4177
f 2415/1205/4179 2445/1233/4179 2447/1234/4179
f 2447/1234/4179 2419/1206/4179 2415/1205/4179
f 2419/1206/4180 2447/1234/4180 2448/1235/4180
f 2448/1235/4180 2421/1209/4180 2419/1206/4180
f 2449/1236/4181 2423/1211/4181 2421/1209/4182
f 2421/1209/4182 2448/1235/4181 2449/1236/4181
f 2450/1237/4183 2425/1213/4184 2423/1211/4185
f 2423/1211/4185 2449/1236/4186 2450/1237/4183
f 2425/1213/4187 2450/1237/4187 2451/1238/4187
f 2451/1238/4187 2427/1215/4187 2425/1213/4187
f 2452/1239/4188 2429/1217/4189 2427/1215/4190
f 2427/1215/4190 2451/1238/4191 2452/1239/4188
f 2453/1240/4192 2431/1219/4193 2429/1217/4194
f 2429/1217/4194 2452/1239/4195 2453/1240/4192
f 2431/1219/4196 2453/1240/4197 2454/1241/4198
f 2454/1241/4198 2433/1221/4199 2431/1219/4196
f 2455/1242/4200 2435/1223/4201 2433/1221/4202
f 2433/1221/4202 2454/1241/4202 2455/1242/4200
f 2456/1243/4203 2437/1224/4203 2435/1223/4203
f 2435/1223/4203 2455/1242/4203 2456/1243/4203
f 2437/1224/4204 2456/1243/4204 2457/1244/4204
f 2457/1244/4204 2439/1227/4204 2437/1224/4204
f 2458/1245/4205 2441/1229/4205 2439/1227/4205
f 2439/1227/4205 2457/1244/4205 2458/1245/4205
f 2459/1246/4206 2443/1231/4206 2441/1229/4206
f 2441/1229/4206 2458/1245/4206 2459/1246/4206
f 2460/1248/4207 2445/1233/4207 2446/1232/4207
f 2446/1232/4207 2461/1247/4207 2460/1248/4207
f 2445/1233/4208 2460/1248/4209 2462/1249/4210
f 2462/1249/4210 2447/1234/4208 2445/1233/4208
f 2447/1234/4211 2462/1249/4212 2463/1250/4213
f 2463/1250/4213 2448/1235/4214 2447/1234/4211
f 2464/1251/4215 2449/1236/4216 2448/1235/4216
f 2448/1235/4216 2463/1250/4217 2464/1251/4215
f 2449/1236/4218 2464/1251/4219 2465/1252/4220
f 2465/1252/4220 2450/1237/4221 2449/1236/4218
f 2450/1237/4222 2465/1252/4223 2466/1253/4224
f 2466/1253/4224 2451/1238/4222 2450/1237/4222
f 2467/1254/4225 2452/1239/4226 2451/1238/4226
f 2451/1238/4226 2466/1253/4227 2467/1254/4225
f 2452/1239/4228 2467/1254/4229 2468/1255/4230
f 2468/1255/4230 2453/1240/4231 2452/1239/4228
f 2453/1240/4232 2468/1255/4233 2469/1256/4234
f 2469/1256/4234 2454/1241/4235 2453/1240/4232
f 2470/1257/4236 2455/1242/4237 2454/1241/4238
f 2454/1241/4238 2469/1256/4239 2470/1257/4236
f 2471/1258/4240 2456/1243/4241 2455/1242/4242
f 2455/1242/4242 2470/1257/4243 2471/1258/4240
f 2456/1243/4244 2471/1258/4245 2472/1259/4246
f 2472/1259/4246 2457/1244/4244 2456/1243/4244
f 2473/1260/4247 2458/1245/4248 2457/1244/4248
f 2457/1244/4248 2472/1259/4249 2473/1260/4247
f 2474/1261/4250 2459/1246/4250 2458/1245/4250
f 2458/1245/4250 2473/1260/4250 2474/1261/4250
f 2475/1263/4251 2460/1248/4252 2461/1247/4252
f 2461/1247/4252 2476/1262/4253 2475/1263/4251
f 2460/1248/4209 2475/1263/4254 2477/1264/4255
f 2477/1264/4255 2462/1249/4210 2460/1248/4209
f 2462/1249/4212 2477/1264/4256 2478/1265/4257
f 2478/1265/4257 2463/1250/4213 2462/1249/4212
f 2479/1266/4258 2464/1251/4215 2463/1250/4217
f 2463/1250/4217 2478/1265/4259 2479/1266/4258
f 2464/1251/4219 2479/1266/4260 2480/1267/4261
f 2480/1267/4261 2465/1252/4220 2464/1251/4219
f 2465/1252/4223 2480/1267/4262 2481/1268/4263
f 2481/1268/4263 2466/1253/4224 2465/1252/4223
f 2466/1253/4227 2481/1268/4264 2482/1269/4265
f 2482/1269/4265 2467/1254/4225 2466/1253/4227
f 2467/1254/4229 2482/1269/4266 2483/1270/4267
f 2483/1270/4267 2468/1255/4230 2467/1254/4229
f 2468/1255/4233 2483/1270/4268 2484/1271/4269
f 2484/1271/4269 2469/1256/4234 2468/1255/4233
f 2485/1272/4270 2470/1257/4236 2469/1256/4239
f 2469/1256/4239 2484/1271/4271 2485/1272/4270
f 2486/1273/4272 2471/1258/4240 2470/1257/4243
f 2470/1257/4243 2485/1272/4273 2486/1273/4272
f 2471/1258/4245 2486/1273/4274 2487/1274/4275
f 2487/1274/4275 2472/1259/4246 2471/1258/4245
f 2488/1275/4276 2473/1260/4247 2472/1259/4249
f 2472/1259/4249 2487/1274/4277 2488/1275/4276
f 2489/1276/4278 2474/1261/4279 2473/1260/4279
f 2473/1260/4279 2488/1275/4280 2489/1276/4278
f 2490/1278/4281 2475/1263/4251 2476/1262/4253
f 2476/1262/4253 2491/1277/4282 2490/1278/4281
f 2475/1263/4254 2490/1278/4283 2492/1279/4284
f 2492/1279/4284 2477/1264/4255 2475/1263/4254
f 2477/1264/4256 2492/1279/4285 2493/1280/4286
f 2493/1280/4286 2478/1265/4257 2477/1264/4256
f 2494/1281/4287 2479/1266/4258 2478/1265/4259
f 2478/1265/4259 2493/1280/4288 2494/1281/4287
f 2495/1282/4289 2480/1267/4261 2479/1266/4260
f 2479/1266/4260 2494/1281/4290 2495/1282/4289
f 2480/1267/4262 2495/1282/4291 2496/1283/4292
f 2496/1283/4292 2481/1268/4263 2480/1267/4262
f 2497/1284/4293 2482/1269/4265 2481/1268/4264
f 2481/1268/4264 2496/1283/4294 2497/1284/4293
f 2482/1269/4266 2497/1284/4295 2498/1285/4296
f 2498/1285/4296 2483/1270/4267 2482/1269/4266
f 2483/1270/4268 2498/1285/4297 2499/1286/4298
f 2499/1286/4298 2484/1271/4269 2483/1270/4268
f 2500/1287/4299 2485/1272/4270 2484/1271/4271
f 2484/1271/4271 2499/1286/4300 2500/1287/4299
f 2501/1288/4301 2486/1273/4272 2485/1272/4273
f 2485/1272/4273 2500/1287/4302 2501/1288/4301
f 2486/1273/4274 2501/1288/4303 2502/1289/4304
f 2502/1289/4304 2487/1274/4275 2486/1273/4274
f 2503/1290/4305 2488/1275/4276 2487/1274/4277
f 2487/1274/4277 2502/1289/4306 2503/1290/4305
f 2504/1291/4307 2489/1276/4278 2488/1275/4280
f 2488/1275/4280 2503/1290/4308 2504/1291/4307
f 2505/1292/4309 2490/1278/4281 2491/1277/4282
f 2491/1277/4282 2506/1293/4310 2505/1292/4309
f 2490/1278/4283 2505/1292/4311 2507/1294/4312
f 2507/1294/4312 2492/1279/4284 2490/1278/4283
f 2492/1279/4285 2507/1294/4313 2508/1295/4314
f 2508/1295/4314 2493/1280/4286 2492/1279/4285
f 2509/1296/4315 2494/1281/4287 2493/1280/4288
f 2493/1280/4288 2508/1295/4316 2509/1296/4315
f 2494/1281/4290 2509/1296/4317 2510/1297/4318
f 2510/1297/4318 2495/1282/4289 2494/1281/4290
f 2511/1298/4319 2496/1283/4292 2495/1282/4291
f 2495/1282/4291 2510/1297/4320 2511/1298/4319
f 2512/1299/4321 2497/1284/4293 2496/1283/4294
f 2496/1283/4294 2511/1298/4322 2512/1299/4321
f 2513/1300/4323 2498/1285/4296 2497/1284/4295
f 2497/1284/4295 2512/1299/4324 2513/1300/4323
f 2514/1301/4325 2499/1286/4298 2498/1285/4297
f 2498/1285/4297 2513/1300/4326 2514/1301/4325
f 2515/1302/4327 2500/1287/4299 2499/1286/4300
f 2499/1286/4300 2514/1301/4328 2515/1302/4327
f 2516/1303/4329 2501/1288/4301 2500/1287/4302
f 2500/1287/4302 2515/1302/4330 2516/1303/4329
f 2517/1304/4331 2502/1289/4304 2501/1288/4303
f 2501/1288/4303 2516/1303/4332 2517/1304/4331
f 2518/1305/4333 2503/1290/4305 2502/1289/4306
f 2502/1289/4306 2517/1304/4334 2518/1305/4333
f 2519/1306/4335 2504/1291/4307 2503/1290/4308
f 2503/1290/4308 2518/1305/4336 2519/1306/4335
f 2520/1307/4337 2505/1292/4309 2506/1293/4310
f 2506/1293/4310 2521/1308/4338 2520/1307/4337
f 2522/1309/4339 2507/1294/4312 2505/1292/4311
f 2505/1292/4311 2520/1307/4340 2522/1309/4339
f 2523/1310/4341 2508/1295/4314 2507/1294/4313
f 2507/1294/4313 2522/1309/4342 2523/1310/4341
f 2524/1311/4343 2509/1296/4315 2508/1295/4316
f 2508/1295/4316 2523/1310/4344 2524/1311/4343
f 2509/1296/4317 2524/1311/4345 2525/1312/4346
f 2525/1312/4346 2510/1297/4318 2509/1296/4317
f 2510/1297/4320 2525/1312/4347 2526/1313/4347
f 2526/1313/4347 2511/1298/4319 2510/1297/4320
f 2527/1314/4348 2512/1299/4321 2511/1298/4322
f 2511/1298/4322 2526/1313/4348 2527/1314/4348
f 2528/1315/4349 2513/1300/4323 2512/1299/4324
f 2512/1299/4324 2527/1314/4350 2528/1315/4349
f 2513/1300/4326 2528/1315/4351 2529/1316/4352
f 2529/1316/4352 2514/1301/4325 2513/1300/4326
f 2530/1317/4353 2515/1302/4327 2514/1301/4328
f 2514/1301/4328 2529/1316/4354 2530/1317/4353
f 2515/1302/4330 2530/1317/4355 2531/1318/4356
f 2531/1318/4356 2516/1303/4329 2515/1302/4330
f 2516/1303/4332 2531/1318/4357 2532/1319/4358
f 2532/1319/4358 2517/1304/4331 2516/1303/4332
f 2533/1320/4359 2518/1305/4333 2517/1304/4334
f 2517/1304/4334 2532/1319/4360 2533/1320/4359
f 2534/1321/4361 2519/1306/4335 2518/1305/4336
f 2518/1305/4336 2533/1320/4362 2534/1321/4361
f 2535/1322/4363 2520/1307/4337 2521/1308/4338
f 2521/1308/4338 2536/1323/4364 2535/1322/4363
f 2520/1307/4340 2535/1322/4365 2537/1324/4366
f 2537/1324/4366 2522/1309/4339 2520/1307/4340
f 2522/1309/4342 2537/1324/4367 2538/1325/4368
f 2538/1325/4368 2523/1310/4341 2522/1309/4342
f 2539/1326/4369 2524/1311/4343 2523/1310/4344
f 2523/1310/4344 2538/1325/4370 2539/1326/4369
f 2524/1311/4345 2539/1326/4371 2540/1327/4372
f 2540/1327/4372 2525/1312/4346 2524/1311/4345
f 2525/1312/4347 2540/1327/4373 2541/1328/4374
f 2541/1328/4374 2526/1313/4347 2525/1312/4347
f 2542/1329/4375 2527/1314/4348 2526/1313/4348
f 2526/1313/4348 2541/1328/4376 2542/1329/4375
f 2543/1330/4377 2528/1315/4349 2527/1314/4350
f 2527/1314/4350 2542/1329/4378 2543/1330/4377
f 2528/1315/4351 2543/1330/4379 2544/1331/4380
f 2544/1331/4380 2529/1316/4352 2528/1315/4351
f 2545/1332/4381 2530/1317/4353 2529/1316/4354
f 2529/1316/4354 2544/1331/4382 2545/1332/4381
f 2546/1333/4383 2531/1318/4356 2530/1317/4355
f 2530/1317/4355 2545/1332/4384 2546/1333/4383
f 2531/1318/4357 2546/1333/4385 2547/1334/4386
f 2547/1334/4386 2532/1319/4358 2531/1318/4357
f 2548/1335/4387 2533/1320/4359 2532/1319/4360
f 2532/1319/4360 2547/1334/4388 2548/1335/4387
f 2533/1320/4362 2548/1335/4389 2549/1336/4390
f 2549/1336/4390 2534/1321/4361 2533/1320/4362
f 2550/1337/4391 2535/1322/4363 2536/1323/4364
f 2536/1323/4364 2551/1338/4392 2550/1337/4391
f 2552/1339/4393 2537/1324/4366 2535/1322/4365
f 2535/1322/4365 2550/1337/4394 2552/1339/4393
f 2537/1324/4367 2552/1339/4395 2553/1340/4396
f 2553/1340/4396 2538/1325/4368 2537/1324/4367
f 2554/1341/4397 2539/1326/4369 2538/1325/4370
f 2538/1325/4370 2553/1340/4398 2554/1341/4397
f 2539/1326/4371 2554/1341/4399 2555/1342/4400
f 2555/1342/4400 2540/1327/4372 2539/1326/4371
f 2540/1327/4373 2555/1342/4401 2556/1343/4402
f 2556/1343/4402 2541/1328/4374 2540/1327/4373
f 2557/1344/4403 2542/1329/4375 2541/1328/4376
f 2541/1328/4376 2556/1343/4404 2557/1344/4403
f 2542/1329/4378 2557/1344/4405 2558/1345/4406
f 2558/1345/4406 2543/1330/4377 2542/1329/4378
f 2543/1330/4379 2558/1345/4407 2559/1346/4408
f 2559/1346/4408 2544/1331/4380 2543/1330/4379
f 2560/1347/4409 2545/1332/4381 2544/1331/4382
f 2544/1331/4382 2559/1346/4410 2560/1347/4409
f 2545/1332/4384 2560/1347/4411 2561/1348/4412
f 2561/1348/4412 2546/1333/4383 2545/1332/4384
f 2546/1333/4385 2561/1348/4413 2562/1349/4414
f 2562/1349/4414 2547/1334/4386 2546/1333/4385
f 2563/1350/4415 2548/1335/4387 2547/1334/4388
f 2547/1334/4388 2562/1349/4416 2563/1350/4415
f 2548/1335/4389 2563/1350/4417 2564/1351/4418
f 2564/1351/4418 2549/1336/4390 2548/1335/4389
f 2565/1352/4419 2550/1337/4391 2551/1338/4392
f 2551/1338/4392 2566/1353/4420 2565/1352/4419
f 2567/1354/4421 2552/1339/4393 2550/1337/4394
f 2550/1337/4394 2565/1352/4422 2567/1354/4421
f 2552/1339/4395 2567/1354/4423 2568/1355/4424
f 2568/1355/4424 2553/1340/4396 2552/1339/4395
f 2569/1356/4425 2554/1341/4397 2553/1340/4398
f 2553/1340/4398 2568/1355/4426 2569/1356/4425
f 2554/1341/4399 2569/1356/4427 2570/1357/4428
f 2570/1357/4428 2555/1342/4400 2554/1341/4399
f 2555/1342/4401 2570/1357/4429 2571/1358/4430
f 2571/1358/4430 2556/1343/4402 2555/1342/4401
f 2572/1359/4431 2557/1344/4403 2556/1343/4404
f 2556/1343/4404 2571/1358/4432 2572/1359/4431
f 2573/1360/4433 2558/1345/4406 2557/1344/4405
f 2557/1344/4405 2572/1359/4434 2573/1360/4433
f 2558/1345/4407 2573/1360/4435 2574/1361/4436
f 2574/1361/4436 2559/1346/4408 2558/1345/4407
f 2575/1362/4437 2560/1347/4409 2559/1346/4410
f 2559/1346/4410 2574/1361/4438 2575/1362/4437
f 2560/1347/4411 2575/1362/4439 2576/1363/4440
f 2576/1363/4440 2561/1348/4412 2560/1347/4411
f 2561/1348/4413 2576/1363/4441 2577/1364/4442
f 2577/1364/4442 2562/1349/4414 2561/1348/4413
f 2578/1365/4443 2563/1350/4415 2562/1349/4416
f 2562/1349/4416 2577/1364/4444 2578/1365/4443
f 2563/1350/4417 2578/1365/4445 2579/1366/4446
f 2579/1366/4446 2564/1351/4418 2563/1350/4417
f 2580/1367/4447 2565/1352/4419 2566/1353/4420
f 2566/1353/4420 2581/1368/4447 2580/1367/4447
f 2582/1369/4448 2567/1354/4421 2565/1352/4422
f 2565/1352/4422 2580/1367/4449 2582/1369/4448
f 2567/1354/4423 2582/1369/4450 2583/1370/4451
f 2583/1370/4451 2568/1355/4424 2567/1354/4423
f 2584/1371/4452 2569/1356/4425 2568/1355/4426
f 2568/1355/4426 2583/1370/4453 2584/1371/4452
f 2585/1372/4454 2570/1357/4428 2569/1356/4427
f 2569/1356/4427 2584/1371/4455 2585/1372/4454
f 2570/1357/4429 2585/1372/4456 2586/1373/4457
f 2586/1373/4457 2571/1358/4430 2570/1357/4429
f 2587/1374/4458 2572/1359/4431 2571/1358/4432
f 2571/1358/4432 2586/1373/4459 2587/1374/4458
f 2588/1375/4460 2573/1360/4433 2572/1359/4434
f 2572/1359/4434 2587/1374/4461 2588/1375/4460
f 2573/1360/4435 2588/1375/4462 2589/1376/4463
f 2589/1376/4463 2574/1361/4436 2573/1360/4435
f 2590/1377/4464 2575/1362/4437 2574/1361/4438
f 2574/1361/4438 2589/1376/4465 2590/1377/4464
f 2575/1362/4439 2590/1377/4466 2591/1378/4467
f 2591/1378/4467 2576/1363/4440 2575/1362/4439
f 2576/1363/4441 2591/1378/4468 2592/1379/4469
f 2592/1379/4469 2577/1364/4442 2576/1363/4441
f 2593/1380/4470 2578/1365/4443 2577/1364/4444
f 2577/1364/4444 2592/1379/4470 2593/1380/4470
f 2578/1365/4445 2593/1380/4471 2594/1381/4471
f 2594/1381/4471 2579/1366/4446 2578/1365/4445
f 2595/1382/4472 2580/1367/4472 2581/1368/4472
f 2581/1368/4472 2596/1383/4472 2595/1382/4472
f 2597/1384/4473 2582/1369/4448 2580/1367/4449
f 2580/1367/4449 2595/1382/4473 2597/1384/4473
f 2582/1369/4450 2597/1384/4474 2598/1385/4474
f 2598/1385/4474 2583/1370/4451 2582/1369/4450
f 2599/1386/4475 2584/1371/4452 2583/1370/4453
f 2583/1370/4453 2598/1385/4475 2599/1386/4475
f 2600/1387/4476 2585/1372/4454 2584/1371/4455
f 2584/1371/4455 2599/1386/4477 2600/1387/4476
f 2601/1388/4478 2586/1373/4457 2585/1372/4456
f 2585/1372/4456 2600/1387/4479 2601/1388/4478
f 2602/1389/4480 2587/1374/4458 2586/1373/4459
f 2586/1373/4459 2601/1388/4481 2602/1389/4480
f 2587/1374/4461 2602/1389/4482 2603/1390/4483
f 2603/1390/4483 2588/1375/4460 2587/1374/4461
f 2588/1375/4462 2603/1390/4484 2604/1391/4484
f 2604/1391/4484 2589/1376/4463 2588/1375/4462
f 2605/1392/4485 2590/1377/4464 2589/1376/4465
f 2589/1376/4465 2604/1391/4486 2605/1392/4485
f 2606/1393/4487 2591/1378/4467 2590/1377/4466
f 2590/1377/4466 2605/1392/4488 2606/1393/4487
f 2607/1394/4489 2592/1379/4490 2591/1378/4489
f 2591/1378/4489 2606/1393/4489 2607/1394/4489
f 2608/1395/4491 2593/1380/4492 2592/1379/4492
f 2592/1379/4492 2607/1394/4492 2608/1395/4491
f 2594/1381/4493 2593/1380/4493 2608/1395/4493
f 2608/1395/4493 2609/1396/4493 2594/1381/4493
f 2610/1397/4494 2595/1382/4494 2596/1383/4494
f 2596/1383/4494 2611/1398/4494 2610/1397/4494
f 2612/1399/4495 2597/1384/4495 2595/1382/4496
f 2595/1382/4496 2610/1397/4495 2612/1399/4495
f 2613/1400/4497 2598/1385/4498 2597/1384/4498
f 2597/1384/4498 2612/1399/4498 2613/1400/4497
f 2614/1401/4499 2599/1386/4499 2598/1385/4499
f 2598/1385/4499 2613/1400/4499 2614/1401/4499
f 2599/1386/4500 2614/1401/4500 2615/1402/4500
f 2615/1402/4500 2600/1387/4500 2599/1386/4500
f 2616/1403/4501 2601/1388/4501 2600/1387/4501
f 2600/1387/4501 2615/1402/4501 2616/1403/4501
f 2617/1404/4502 2602/1389/4503 2601/1388/4504
f 2601/1388/4504 2616/1403/4505 2617/1404/4502
f 2602/1389/4506 2617/1404/4507 2618/1405/4508
f 2618/1405/4508 2603/1390/4508 2602/1389/4506
f 2619/1406/4509 2604/1391/4510 2603/1390/4509
f 2603/1390/4509 2618/1405/4511 2619/1406/4509
f 2620/1407/4512 2605/1392/4512 2604/1391/4512
f 2604/1391/4512 2619/1406/4512 2620/1407/4512
f 2605/1392/4513 2620/1407/4514 2621/1408/4513
f 2621/1408/4513 2606/1393/4513 2605/1392/4513
f 2607/1394/4515 2606/1393/4516 2621/1408/4516
f 2621/1408/4516 2622/1409/4517 2607/1394/4515
f 2608/1395/4518 2607/1394/4518 2622/1409/4519
f 2622/1409/4519 2623/1410/4518 2608/1395/4518
f 2609/1396/4520 2608/1395/4520 2623/1410/4521
f 2623/1410/4521 2624/1411/4520 2609/1396/4520
f 2625/1412/4522 2610/1397/4522 2611/1398/4522
f 2611/1398/4522 2626/1413/4522 2625/1412/4522
f 2610/1397/4523 2625/1412/4523 2627/1414/4523
f 2627/1414/4523 2612/1399/4523 2610/1397/4523
f 2613/1400/4524 2612/1399/4524 2627/1414/4525
f 2627/1414/4525 2628/1415/4524 2613/1400/4524
f 2614/1401/4526 2613/1400/4527 2628/1415/4528
f 2628/1415/4528 2629/1416/4526 2614/1401/4526
f 2614/1401/4529 2629/1416/4529 2630/1417/4529
f 2630/1417/4529 2615/1402/4529 2614/1401/4529
f 2616/1403/4530 2615/1402/4531 2630/1417/4531
f 2630/1417/4531 2631/1418/4532 2616/1403/4530
f 2617/1404/4533 2616/1403/4534 2631/1418/4535
f 2631/1418/4535 2632/1419/4536 2617/1404/4533
f 2617/1404/4537 2632/1419/4538 2633/1420/4539
f 2633/1420/4539 2618/1405/4540 2617/1404/4537
f 2619/1406/4541 2618/1405/4542 2633/1420/4541
f 2633/1420/4541 2634/1421/4543 2619/1406/4541
f 2620/1407/4544 2619/1406/4545 2634/1421/4546
f 2634/1421/4546 2635/1422/4547 2620/1407/4544
f 2620/1407/4548 2635/1422/4549 2636/1423/4550
f 2636/1423/4550 2621/1408/4551 2620/1407/4548
f 2622/1409/4552 2621/1408/4553 2636/1423/4554
f 2636/1423/4554 2637/1424/4554 2622/1409/4552
f 2623/1410/4555 2622/1409/4555 2637/1424/4555
f 2637/1424/4555 2638/1425/4555 2623/1410/4555
f 2623/1410/4556 2638/1425/4556 2639/1426/4556
f 2639/1426/4556 2624/1411/4556 2623/1410/4556
f 2414/1154/4557 1519/1156/4557 1518/1427/4557
f 1518/1427/4557 2417/1203/4557 2414/1154/4557
f 2416/1204/4558 2413/1153/4558 2414/1154/4558
f 2414/1154/4558 2417/1203/4558 2416/1204/4558
f 2420/1207/4559 2412/1152/4559 2413/1153/4559
f 2413/1153/4559 2416/1204/4559 2420/1207/4559
f 2422/1208/4560 2411/1151/4561 2412/1152/4562
f 2412/1152/4562 2420/1207/4562 2422/1208/4560
f 2424/1210/4563 2410/1150/4564 2411/1151/4565
f 2411/1151/4565 2422/1208/4566 2424/1210/4563
f 2426/1212/4567 2409/1149/4567 2410/1150/4568
f 2410/1150/4568 2424/1210/4568 2426/1212/4567
f 2428/1214/4569 2408/1148/4570 2409/1149/4571
f 2409/1149/4571 2426/1212/4572 2428/1214/4569
f 2430/1216/4573 2407/1147/4574 2408/1148/4575
f 2408/1148/4575 2428/1214/4576 2430/1216/4573
f 2432/1218/4577 2406/1146/4578 2407/1147/4579
f 2407/1147/4579 2430/1216/4579 2432/1218/4577
f 2434/1220/4580 2405/1145/4580 2406/1146/4581
f 2406/1146/4581 2432/1218/4582 2434/1220/4580
f 2436/1222/4583 2404/1144/4584 2405/1145/4585
f 2405/1145/4585 2434/1220/4583 2436/1222/4583
f 2438/1225/4586 2403/1143/4587 2404/1144/4588
f 2404/1144/4588 2436/1222/4588 2438/1225/4586
f 2440/1226/4589 2402/1142/4590 2403/1143/4591
f 2403/1143/4591 2438/1225/4592 2440/1226/4589
f 2442/1228/4593 2401/1141/4593 2402/1142/4593
f 2402/1142/4593 2440/1226/4594 2442/1228/4593
f 2444/1230/4595 2400/1139/4595 2401/1141/4595
f 2401/1141/4595 2442/1228/4595 2444/1230/4595
f 2146/868/4596 2145/869/4597 2400/1139/4596
f 2400/1139/4596 2444/1230/4596 2146/868/4596
f 2146/868/4598 2444/1230/4598 2443/1231/4598
f 2443/1231/4598 2154/878/4598 2146/868/4598
f 2154/878/4599 2443/1231/4599 2459/1246/4599
f 2459/1246/4599 2155/879/4599 2154/878/4599
f 2459/1246/4600 2474/1261/4600 2156/880/4600
f 2156/880/4600 2155/879/4600 2459/1246/4600
f 2489/1276/4601 2157/881/4601 2156/880/4602
f 2156/880/4602 2474/1261/4601 2489/1276/4601
f 2489/1276/4603 2504/1291/4604 2158/882/4605
f 2158/882/4605 2157/881/4603 2489/1276/4603
f 2519/1306/4606 2159/883/4607 2158/882/4605
f 2158/882/4605 2504/1291/4604 2519/1306/4606
f 2519/1306/4606 2534/1321/4608 2160/884/4609
f 2160/884/4609 2159/883/4607 2519/1306/4606
f 2549/1336/4610 2174/907/4611 2160/884/4609
f 2160/884/4609 2534/1321/4608 2549/1336/4610
f 2549/1336/4610 2564/1351/4612 2173/906/4613
f 2173/906/4613 2174/907/4611 2549/1336/4610
f 2172/905/4614 2173/906/4613 2564/1351/4612
f 2564/1351/4612 2579/1366/4614 2172/905/4614
f 2171/904/4615 2172/905/4615 2579/1366/4615
f 2579/1366/4615 2594/1381/4615 2171/904/4615
f 2170/903/4616 2171/904/4616 2594/1381/4616
f 2594/1381/4616 2609/1396/4616 2170/903/4616
f 2624/1411/4617 2169/902/4617 2170/903/4617
f 2170/903/4617 2609/1396/4617 2624/1411/4617
f 2639/1426/4618 2168/900/4618 2169/902/4618
f 2169/902/4618 2624/1411/4618 2639/1426/4618
f 2639/1426/4619 1946/639/4619 1948/641/4619
f 1948/641/4619 2168/900/4619 2639/1426/4619
f 2639/1426/4620 2638/1425/4620 1945/638/4620
f 1945/638/4620 1946/639/4620 2639/1426/4620
f 1945/638/4621 2638/1425/4622 2637/1424/4623
f 2637/1424/4623 1944/637/4623 1945/638/4621
f 1944/637/4624 2637/1424/4625 2636/1423/4626
f 2636/1423/4626 1943/636/4627 1944/637/4624
f 2636/1423/4628 2635/1422/4629 1942/635/4630
f 1942/635/4630 1943/636/4631 2636/1423/4628
f 1942/635/4632 2635/1422/4632 2634/1421/4633
f 2634/1421/4633 1941/634/4634 1942/635/4632
f 1941/634/4635 2634/1421/4636 2633/1420/4637
f 2633/1420/4637 1940/633/4638 1941/634/4635
f 2633/1420/4639 2632/1419/4640 1939/632/4641
f 1939/632/4641 1940/633/4642 2633/1420/4639
f 1939/632/4643 2632/1419/4644 2631/1418/4645
f 2631/1418/4645 1938/631/4646 1939/632/4643
f 2631/1418/4647 2630/1417/4647 1937/630/4648
f 1937/630/4648 1938/631/4647 2631/1418/4647
f 2630/1417/4649 2629/1416/4650 1936/629/4651
f 1936/629/4651 1937/630/4652 2630/1417/4649
f 1936/629/4653 2629/1416/4654 2628/1415/4654
f 2628/1415/4654 1935/628/4654 1936/629/4653
f 2628/1415/4655 2627/1414/4656 1934/627/4657
f 1934/627/4657 1935/628/4658 2628/1415/4655
f 2627/1414/4659 2625/1412/4660 1933/626/4660
f 1933/626/4660 1934/627/4661 2627/1414/4659
f 1933/626/4662 2625/1412/4662 2626/1413/4663
f 2626/1413/4663 1932/624/4662 1933/626/4662
f 1476/1428/4664 1475/623/4665 1932/624/4665
f 1932/624/4665 2626/1413/4665 1476/1428/4664
f 1484/1429/4666 1476/1428/4666 2626/1413/4666
f 2626/1413/4666 2611/1398/4666 1484/1429/4666
f 1485/1430/4667 1484/1429/4667 2611/1398/4667
f 2611/1398/4667 2596/1383/4667 1485/1430/4667
f 1486/1431/4668 1485/1430/4669 2596/1383/4669
f 2596/1383/4669 2581/1368/4669 1486/1431/4668
f 2566/1353/4670 1487/1432/4671 1486/1431/4672
f 1486/1431/4672 2581/1368/4672 2566/1353/4670
f 1488/1433/4673 1487/1432/4671 2566/1353/4670
f 2566/1353/4670 2551/1338/4674 1488/1433/4673
f 1489/1434/4675 1488/1433/4673 2551/1338/4674
f 2551/1338/4674 2536/1323/4676 1489/1434/4675
f 1490/1435/4677 1489/1434/4675 2536/1323/4676
f 2536/1323/4676 2521/1308/4678 1490/1435/4677
f 2506/1293/4679 1525/1436/4680 1490/1435/4677
f 1490/1435/4677 2521/1308/4678 2506/1293/4679
f 2491/1277/4681 1524/1437/4682 1525/1436/4680
f 1525/1436/4680 2506/1293/4679 2491/1277/4681
f 1523/1438/4683 1524/1437/4682 2491/1277/4681
f 2491/1277/4681 2476/1262/4684 1523/1438/4683
f 1522/1439/4685 1523/1438/4683 2476/1262/4684
f 2476/1262/4684 2461/1247/4685 1522/1439/4685
f 1521/1440/4686 1522/1439/4687 2461/1247/4686
f 2461/1247/4686 2446/1232/4686 1521/1440/4686
f 1520/1441/4688 1521/1440/4688 2446/1232/4688
f 2446/1232/4688 2418/1202/4688 1520/1441/4688
f 2418/1202/4689 2417/1203/4689 1518/1427/4689
f 1518/1427/4689 1520/1441/4689 2418/1202/4689
f 1372/7/4690 55/7/4691 56/6/4692
f 56/6/4692 1373/6/4691 1372/7/4690
f 1372/7/4693 1378/3/4693 61/3/4693
f 61/3/4693 55/7/4693 1372/7/4693
f 62/2/4694 61/3/4695 1378/3/4696
f 1378/3/4696 1379/2/4695 62/2/4694
f 1384/4/4697 67/4/4698 62/2/4699
f 62/2/4699 1379/2/4698 1384/4/4697
f 72/65/4700 67/4/4701 1384/4/4702
f 1384/4/4702 1389/65/4701 72/65/4700
f 1394/70/4703 77/70/4704 72/65/4704
f 72/65/4704 1389/65/4704 1394/70/4703
f 1431/108/4705 115/108/4706 116/109/4707
f 116/109/4707 1432/109/4706 1431/108/4705
f 117/110/4708 1433/110/4708 1432/109/4709
f 1432/109/4709 116/109/4708 117/110/4708
f 117/110/4710 118/111/4711 1434/111/4711
f 1434/111/4711 1433/110/4711 117/110/4710
f 1434/111/4712 118/111/4712 119/112/4712
f 119/112/4712 1435/112/4712 1434/111/4712
f 120/113/4713 1436/113/4714 1435/112/4714
f 1435/112/4714 119/112/4714 120/113/4713
f 1436/113/4715 120/113/4716 123/116/4716
f 1496/182/4717 1373/6/4717 56/6/4717
f 56/6/4717 189/182/4717 1496/182/4717
f 1431/108/4718 1516/202/4718 209/202/4718
f 209/202/4718 115/108/4718 1431/108/4718
f 1538/224/4719 1539/225/4719 232/225/4719
f 232/225/4719 231/224/4719 1538/224/4719
f 1539/225/4720 1543/229/4720 236/229/4720
f 236/229/4720 232/225/4720 1539/225/4720
f 236/229/4721 1543/229/4721 1547/233/4721
f 1547/233/4721 240/233/4721 236/229/4721
f 1547/233/4722 1551/237/4722 244/237/4722
f 244/237/4722 240/233/4722 1547/233/4722
f 244/237/4723 1551/237/4723 1555/241/4723
f 1555/241/4723 248/241/4723 244/237/4723
f 252/245/4724 248/241/4724 1555/241/4724
f 1555/241/4724 1559/245/4724 252/245/4724
f 1563/249/4725 256/249/4726 252/245/4726
f 252/245/4726 1559/245/4726 1563/249/4725
f 1563/249/4727 1567/253/4727 260/253/4727
f 260/253/4727 256/249/4727 1563/249/4727
f 260/253/4728 1567/253/4729 1571/257/4730
f 1571/257/4730 264/257/4731 260/253/4728
f 268/261/4732 264/257/4733 1571/257/4733
f 1571/257/4733 1575/261/4733 268/261/4732
f 1579/265/4734 272/265/4734 268/261/4734
f 268/261/4734 1575/261/4734 1579/265/4734
f 1583/269/4735 276/269/4735 272/265/4735
f 272/265/4735 1579/265/4735 1583/269/4735
f 1583/269/4736 1587/273/4736 280/273/4736
f 280/273/4736 276/269/4736 1583/269/4736
f 280/273/4737 1587/273/4737 1591/277/4737
f 1591/277/4737 284/277/4737 280/273/4737
f 1597/283/4738 1538/224/4739 231/224/4739
f 231/224/4739 290/283/4738 1597/283/4738
f 189/284/4740 284/277/4741 1591/277/4742
f 1591/277/4742 1496/284/4741 189/284/4740
f 1621/311/4743 1620/312/4743 314/312/4743
f 314/312/4743 313/311/4743 1621/311/4743
f 1626/317/4744 319/317/4744 314/312/4744
f 314/312/4744 1620/312/4744 1626/317/4744
f 324/322/4745 319/317/4745 1626/317/4745
f 1626/317/4745 1631/322/4745 324/322/4745
f 1631/322/4746 1636/327/4746 329/327/4746
f 329/327/4746 324/322/4746 1631/322/4746
f 1641/332/4747 334/332/4747 329/327/4747
f 329/327/4747 1636/327/4747 1641/332/4747
f 1641/332/4748 1646/337/4748 339/337/4749
f 339/337/4749 334/332/4748 1641/332/4748
f 344/342/4750 339/337/4750 1646/337/4750
f 1646/337/4750 1651/342/4750 344/342/4750
f 1651/342/4751 1656/347/4751 349/347/4751
f 349/347/4751 344/342/4751 1651/342/4751
f 354/352/4752 349/347/4752 1656/347/4752
f 1656/347/4752 1661/352/4752 354/352/4752
f 1666/357/4753 359/357/4753 354/352/4754
f 354/352/4754 1661/352/4753 1666/357/4753
f 359/357/4755 1666/357/4755 1671/362/4755
f 1671/362/4755 364/362/4755 359/357/4755
f 369/367/4756 364/362/4756 1671/362/4756
f 1671/362/4756 1676/367/4756 369/367/4756
f 369/367/4757 1676/367/4757 1681/372/4757
f 1681/372/4757 374/372/4757 369/367/4757
f 1686/377/4758 379/377/4759 374/372/4760
f 374/372/4760 1681/372/4761 1686/377/4758
f 1685/376/4762 378/376/4762 379/377/4762
f 379/377/4762 1686/377/4762 1685/376/4762
f 1516/202/4763 1621/311/4764 313/311/4765
f 313/311/4765 209/202/4766 1516/202/4763
f 381/379/4767 378/376/4767 1685/376/4767
f 1685/376/4767 1689/379/4767 381/379/4767
f 2002/726/4768 2010/734/4768 703/734/4768
f 703/734/4768 695/726/4768 2002/726/4768
f 2009/733/4769 702/733/4769 703/734/4769
f 703/734/4769 2010/734/4769 2009/733/4769
f 2009/733/4770 2017/741/4771 710/741/4772
f 710/741/4772 702/733/4773 2009/733/4770
f 2025/748/4774 2024/749/4775 718/749/4776
f 718/749/4776 717/748/4775 2025/748/4774
f 722/753/4777 718/749/4778 2024/749/4778
f 2024/749/4778 2029/753/4777 722/753/4777
f 2035/759/4779 728/759/4779 722/753/4780
f 722/753/4780 2029/753/4781 2035/759/4779
f 2035/759/4782 2034/758/4783 727/758/4782
f 727/758/4782 728/759/4782 2035/759/4782
f 733/764/4784 727/758/4785 2034/758/4786
f 2034/758/4786 2040/764/4785 733/764/4784
f 738/769/4787 733/764/4788 2040/764/4787
f 2040/764/4787 2045/769/4789 738/769/4787
f 743/774/4790 738/769/4791 2045/769/4790
f 2045/769/4790 2050/774/4791 743/774/4790
f 2075/800/4792 769/800/4793 768/799/4793
f 768/799/4793 2076/799/4793 2075/800/4792
f 2077/801/4794 2076/799/4795 768/799/4796
f 768/799/4796 770/801/4795 2077/801/4794
f 2077/801/4797 770/801/4797 771/802/4797
f 771/802/4797 2078/802/4797 2077/801/4797
f 2078/802/4798 771/802/4799 772/803/4798
f 772/803/4798 2079/803/4800 2078/802/4798
f 772/803/4801 777/808/4802 2083/808/4803
f 2083/808/4803 2079/803/4801 772/803/4801
f 2083/808/4804 777/808/4805 776/807/4805
f 776/807/4805 2084/807/4806 2083/808/4804
f 2084/807/4807 776/807/4808 778/809/4807
f 778/809/4807 2085/809/4809 2084/807/4807
f 779/810/4810 2086/810/4810 2085/809/4810
f 2085/809/4810 778/809/4810 779/810/4810
f 2086/810/4811 779/810/4811 836/867/4811
f 836/867/4811 2143/867/4811 2086/810/4811
f 2141/865/4812 2140/864/4812 833/864/4812
f 833/864/4812 834/865/4812 2141/865/4812
f 835/866/4813 2142/866/4813 2141/865/4813
f 2141/865/4813 834/865/4813 835/866/4813
f 743/774/4814 2050/774/4814 2002/726/4814
f 2002/726/4814 695/726/4814 743/774/4814
f 2140/864/4815 2143/867/4815 836/867/4815
f 836/867/4815 833/864/4815 2140/864/4815
f 2142/866/4816 835/866/4816 710/741/4816
f 710/741/4816 2017/741/4816 2142/866/4816
f 1689/379/4817 2025/748/4817 717/748/4817
f 717/748/4817 381/379/4817 1689/379/4817
f 769/800/4818 2075/800/4819 1597/283/4819
f 1597/283/4819 290/283/4820 769/800/4818
f 2641/1442/4821 2643/1442/4821 2642/1442/4822
f 2640/1442/4823 2644/1442/4824 2643/1442/4823
f 2647/1442/4825 2645/1442/4825 2646/1442/4826
f 2646/1442/4826 2648/1442/4825 2647/1442/4825
f 2649/1443/4827 2652/1444/4827 2650/1445/4828
f 2651/1446/4829 2653/1447/4830 2654/1448/4830
