# Blender 5.1.0
# www.blender.org
mtllib lampara.mtl
g LampDeskGreen.001_LampDeskGreen
v -0.000000 0.506477 -2.597268
v -0.000000 0.771493 -2.561928
v 0.499807 0.771493 -2.512702
v 0.506702 0.506477 -2.547362
v 0.815826 1.411937 -1.220971
v 0.561951 1.411937 -1.356670
v 0.388827 2.069461 -0.938712
v 0.564489 2.069461 -0.844819
v 1.038350 1.411937 -1.038350
v 0.718459 2.069461 -0.718459
v 1.220970 1.411937 -0.815827
v 0.844818 2.069461 -0.564490
v 1.356669 1.411937 -0.561951
v 0.938712 2.069462 -0.388827
v 1.440232 1.411937 -0.286480
v 0.996531 2.069462 -0.198223
v 1.468449 1.411937 -0.000000
v 1.016054 2.069462 -0.000000
v 1.440232 1.411937 0.286480
v 1.468449 1.411937 -0.000000
v 1.016054 2.069462 -0.000000
v 0.996531 2.069462 0.198222
v 1.356669 1.411937 0.561951
v 0.938712 2.069462 0.388827
v 1.220970 1.411937 0.815826
v 0.844818 2.069462 0.564489
v 1.038350 1.411937 1.038350
v 0.718459 2.069462 0.718459
v 0.815826 1.411937 1.220970
v 0.564489 2.069462 0.844818
v 0.561951 1.411937 1.356669
v 0.388827 2.069462 0.938711
v 0.286480 1.411937 1.440232
v 0.198222 2.069462 0.996531
v -0.000000 1.411937 1.468448
v -0.000000 2.069462 1.016054
v -0.286480 1.411937 1.440232
v -0.198222 2.069462 0.996531
v -0.561951 1.411937 1.356669
v -0.388827 2.069462 0.938711
v -0.815827 1.411937 1.220970
v -0.564490 2.069462 0.844818
v -1.038350 1.411937 1.038350
v -0.718459 2.069462 0.718459
v -1.220970 1.411937 0.815826
v -0.844818 2.069462 0.564489
v -1.356670 1.411937 0.561951
v -0.938712 2.069462 0.388827
v -1.440233 1.411937 0.286480
v -0.996531 2.069462 0.198222
v -1.468449 1.411937 -0.000000
v -1.016054 2.069462 -0.000000
v -1.440233 1.411937 -0.286480
v -0.996531 2.069462 -0.198223
v -1.356670 1.411937 -0.561951
v -0.938712 2.069462 -0.388827
v -1.220970 1.411937 -0.815827
v -0.844818 2.069461 -0.564490
v -1.038350 1.411937 -1.038350
v -0.718459 2.069461 -0.718459
v -0.815827 1.411937 -1.220971
v -0.564490 2.069461 -0.844819
v -0.561951 1.411937 -1.356670
v -0.388827 2.069461 -0.938712
v -0.286480 1.411937 -1.440233
v -0.198222 2.069461 -0.996531
v 2.826003 0.076252 -0.000000
v 2.714802 0.365578 -0.000000
v 2.662637 0.365578 0.529631
v 2.771702 0.076252 0.551326
v -0.683438 2.069462 0.683437
v -0.803638 2.069462 0.536973
v 0.286480 1.411937 -1.440233
v 0.198222 2.069461 -0.996531
v -0.000000 0.076251 -2.826003
v 0.551326 0.076251 -2.771702
v 1.081465 0.076251 -2.610886
v 1.570043 0.076251 -2.349735
v 1.998286 0.076251 -1.998286
v 2.349735 0.076251 -1.570043
v 2.610886 0.076252 -1.081464
v 2.771702 0.076252 -0.551326
v 2.826003 0.076252 -0.000000
v 2.771702 0.076252 0.551326
v 2.610886 0.076252 1.081464
v 2.349735 0.076252 1.570043
v 1.998286 0.076252 1.998286
v 1.570043 0.076252 2.349735
v 1.081465 0.076252 2.610886
v 0.551326 0.076252 2.771702
v -0.000000 0.076252 2.826003
v -0.551326 0.076252 2.771702
v -1.081465 0.076252 2.610886
v -1.570043 0.076252 2.349735
v -1.998286 0.076252 1.998286
v -2.349735 0.076252 1.570043
v -2.610886 0.076252 1.081464
v -2.771702 0.076252 0.551326
v -2.826003 0.076252 -0.000000
v -2.771702 0.076252 -0.551326
v -2.610886 0.076252 -1.081464
v -2.349735 0.076251 -1.570043
v -1.998286 0.076251 -1.998286
v -1.570043 0.076251 -2.349735
v -1.081465 0.076251 -2.610886
v -0.551326 0.076251 -2.771702
v -0.000000 0.076252 2.826003
v -0.000000 0.365579 2.714802
v -0.529632 0.365579 2.662637
v -0.551326 0.076252 2.771702
v -2.771702 0.076252 -0.551326
v -2.662638 0.365578 -0.529632
v -2.508149 0.365578 -1.038910
v -2.610886 0.076252 -1.081464
v 1.998286 0.076251 -1.998286
v 1.919655 0.365578 -1.919654
v 2.257275 0.365578 -1.508263
v 2.349735 0.076251 -1.570043
v 1.998286 0.076252 1.998286
v 1.919655 0.365579 1.919654
v 1.508263 0.365579 2.257275
v 1.570043 0.076252 2.349735
v -2.349735 0.076252 1.570043
v -2.257275 0.365579 1.508263
v -2.508149 0.365578 1.038910
v -2.610886 0.076252 1.081464
v -1.998286 0.076251 -1.998286
v -1.919655 0.365578 -1.919654
v -1.508263 0.365578 -2.257275
v -1.570043 0.076251 -2.349735
v 2.597268 0.506478 -0.000000
v 2.561928 0.771493 -0.000000
v 2.512702 0.771494 0.499807
v 2.547363 0.506478 0.506702
v -1.038910 0.365579 2.508149
v -1.081465 0.076252 2.610886
v -2.257275 0.365578 -1.508263
v -2.349735 0.076251 -1.570043
v 2.508149 0.365578 -1.038910
v 2.610886 0.076252 -1.081464
v 1.038910 0.365579 2.508149
v 1.081465 0.076252 2.610886
v -2.662638 0.365578 0.529631
v -2.771702 0.076252 0.551326
v -0.000000 0.076251 -2.826003
v -0.000000 0.365578 -2.714802
v 0.529631 0.365578 -2.662637
v 0.551326 0.076251 -2.771702
v -0.551326 0.076251 -2.771702
v -0.529632 0.365578 -2.662637
v 2.508149 0.365578 1.038910
v 2.610886 0.076252 1.081464
v -1.570043 0.076252 2.349735
v -1.508263 0.365579 2.257275
v -1.919655 0.365579 1.919654
v -1.998286 0.076252 1.998286
v 2.159550 0.506478 -1.442965
v 2.130166 0.771493 -1.423331
v 2.366913 0.771493 -0.980408
v 2.399563 0.506477 -0.993932
v 0.529631 0.365579 2.662637
v 0.551326 0.076252 2.771702
v -2.714802 0.365578 -0.000000
v -2.826003 0.076252 -0.000000
v 1.038910 0.365578 -2.508149
v 1.081465 0.076251 -2.610886
v 2.349735 0.076252 1.570043
v 2.257275 0.365579 1.508263
v -1.442965 0.506478 2.159549
v -1.423331 0.771494 2.130165
v -1.811557 0.771493 1.811556
v -1.836546 0.506478 1.836546
v -0.993932 0.506478 -2.399563
v -0.980408 0.771493 -2.366913
v -0.499807 0.771493 -2.512702
v -0.506702 0.506477 -2.547362
v 2.771702 0.076252 -0.551326
v 2.662637 0.365578 -0.529632
v 2.714802 0.365578 -0.000000
v 2.826003 0.076252 -0.000000
v 1.508263 0.365578 -2.257275
v 1.570043 0.076251 -2.349735
v 2.159550 0.506478 1.442965
v 2.130166 0.771493 1.423331
v 1.811557 0.771493 1.811556
v 1.836546 0.506478 1.836546
v -1.081465 0.076251 -2.610886
v -1.038910 0.365578 -2.508149
v -0.000000 0.843092 -2.543214
v 0.496156 0.843092 -2.494346
v -0.000000 0.906921 -2.501255
v 0.487971 0.906921 -2.453194
v -0.000000 0.956532 -2.442591
v 0.476526 0.956532 -2.395657
v -0.000000 0.986528 -2.375697
v 0.463475 0.986528 -2.330048
v 0.980408 0.771493 -2.366913
v 0.973246 0.843092 -2.349623
v 0.957189 0.906921 -2.310858
v 0.934739 0.956532 -2.256659
v 0.909140 0.986528 -2.194857
v 1.423331 0.771493 -2.130166
v 1.412934 0.843092 -2.114605
v 1.389623 0.906921 -2.079718
v 1.357031 0.956532 -2.030940
v 1.319866 0.986528 -1.975319
v 1.811557 0.771493 -1.811557
v 1.798324 0.843093 -1.798324
v 1.768654 0.906921 -1.768654
v 1.727172 0.956532 -1.727172
v 1.679871 0.986528 -1.679871
v 2.114605 0.843093 -1.412934
v 2.079718 0.906921 -1.389623
v 2.030940 0.956533 -1.357031
v 1.975319 0.986528 -1.319866
v 2.349623 0.843092 -0.973246
v 2.310858 0.906921 -0.957189
v 2.256659 0.956533 -0.934739
v 2.194857 0.986528 -0.909140
v 2.512702 0.771493 -0.499807
v 2.494346 0.843092 -0.496156
v 2.453194 0.906921 -0.487971
v 2.395657 0.956533 -0.476526
v 2.330048 0.986528 -0.463475
v 2.561928 0.771493 -0.000000
v 2.543214 0.843093 -0.000000
v 2.501255 0.906921 -0.000000
v 2.442590 0.956533 -0.000000
v 2.375696 0.986528 -0.000000
v 2.543214 0.843093 -0.000000
v 2.494346 0.843093 0.496156
v 2.501255 0.906921 -0.000000
v 2.453194 0.906921 0.487970
v 2.442590 0.956533 -0.000000
v 2.395657 0.956533 0.476526
v 2.375696 0.986528 -0.000000
v 2.330048 0.986529 0.463475
v 2.366913 0.771494 0.980407
v 2.349623 0.843093 0.973246
v 2.310858 0.906921 0.957189
v 2.256659 0.956533 0.934739
v 2.194857 0.986529 0.909139
v 2.114605 0.843093 1.412933
v 2.079718 0.906921 1.389623
v 2.030940 0.956533 1.357030
v 1.975319 0.986528 1.319866
v 1.798324 0.843093 1.798324
v 1.768654 0.906921 1.768654
v 1.727172 0.956533 1.727172
v 1.679871 0.986528 1.679871
v 1.423331 0.771494 2.130165
v 1.412934 0.843093 2.114605
v 1.389623 0.906921 2.079717
v 1.357031 0.956533 2.030939
v 1.319866 0.986529 1.975319
v 0.980408 0.771494 2.366913
v 0.973246 0.843093 2.349623
v 0.957189 0.906921 2.310858
v 0.934739 0.956533 2.256659
v 0.909140 0.986529 2.194857
v 0.499807 0.771494 2.512701
v 0.496156 0.843093 2.494346
v 0.487971 0.906921 2.453193
v 0.476526 0.956533 2.395656
v 0.463475 0.986529 2.330047
v -0.000000 0.771494 2.561928
v -0.000000 0.843093 2.543214
v -0.000000 0.906921 2.501254
v -0.000000 0.956533 2.442590
v -0.000000 0.986529 2.375696
v -0.499807 0.771494 2.512701
v -0.496156 0.843093 2.494346
v -0.487971 0.906921 2.453193
v -0.476526 0.956533 2.395656
v -0.463475 0.986529 2.330047
v -0.980408 0.771494 2.366913
v -0.973246 0.843093 2.349623
v -0.957189 0.906921 2.310858
v -0.934739 0.956533 2.256659
v -0.909140 0.986529 2.194857
v -1.412934 0.843093 2.114605
v -1.389623 0.906921 2.079717
v -1.357031 0.956533 2.030939
v -1.319866 0.986529 1.975319
v -1.798324 0.843093 1.798324
v -1.768654 0.906921 1.768654
v -1.727172 0.956533 1.727172
v -1.679871 0.986528 1.679871
v -2.130166 0.771493 1.423331
v -2.114605 0.843093 1.412933
v -2.079718 0.906921 1.389623
v -2.030940 0.956533 1.357030
v -1.975319 0.986528 1.319866
v -2.366913 0.771494 0.980407
v -2.349623 0.843093 0.973246
v -2.310858 0.906921 0.957189
v -2.256659 0.956533 0.934739
v -2.194857 0.986529 0.909139
v -2.512702 0.771494 0.499807
v -2.494346 0.843093 0.496156
v -2.453194 0.906921 0.487970
v -2.395657 0.956533 0.476526
v -2.330048 0.986529 0.463475
v -2.561929 0.771493 -0.000000
v -2.543214 0.843093 -0.000000
v -2.501255 0.906921 -0.000000
v -2.442591 0.956533 -0.000000
v -2.375697 0.986528 -0.000000
v -2.512702 0.771493 -0.499807
v -2.494346 0.843092 -0.496156
v -2.453194 0.906921 -0.487971
v -2.395657 0.956533 -0.476526
v -2.330048 0.986528 -0.463475
v -2.366913 0.771493 -0.980408
v -2.349623 0.843092 -0.973246
v -2.310858 0.906921 -0.957189
v -2.256659 0.956533 -0.934739
v -2.194857 0.986528 -0.909140
v -2.130166 0.771493 -1.423331
v -2.114605 0.843093 -1.412934
v -2.079718 0.906921 -1.389623
v -2.030940 0.956533 -1.357031
v -1.975319 0.986528 -1.319866
v -1.811557 0.771493 -1.811557
v -1.798324 0.843093 -1.798324
v -1.768654 0.906921 -1.768654
v -1.727172 0.956532 -1.727172
v -1.679871 0.986528 -1.679871
v -1.423331 0.771493 -2.130166
v -1.412934 0.843092 -2.114605
v -1.389623 0.906921 -2.079718
v -1.357031 0.956532 -2.030940
v -1.319866 0.986528 -1.975319
v -0.973246 0.843092 -2.349623
v -0.957189 0.906921 -2.310858
v -0.934739 0.956532 -2.256659
v -0.909140 0.986528 -2.194857
v -0.496156 0.843092 -2.494346
v -0.487971 0.906921 -2.453194
v -0.476526 0.956532 -2.395657
v -0.463475 0.986528 -2.330048
v -0.000000 1.411937 -1.468449
v -0.000000 2.069461 -1.016055
v -2.159550 0.506478 1.442965
v -2.399563 0.506478 0.993931
v 1.442965 0.506478 2.159549
v 1.442965 0.506478 -2.159549
v 1.836546 0.506478 -1.836546
v -2.547363 0.506477 -0.506702
v -2.399563 0.506477 -0.993932
v -0.000000 0.506478 2.597268
v -0.506702 0.506478 2.547363
v -1.442965 0.506478 -2.159549
v 0.993932 0.506478 -2.399563
v -2.597269 0.506478 -0.000000
v 0.506702 0.506478 2.547363
v 2.547363 0.506477 -0.506702
v -1.836546 0.506478 -1.836546
v 2.399563 0.506478 0.993931
v -2.547363 0.506478 0.506702
v 0.993932 0.506478 2.399563
v -2.159550 0.506478 -1.442965
v -0.993932 0.506478 2.399563
v 2.597268 0.506478 -0.000000
v -0.000000 0.435639 -2.618185
v -0.510783 0.435639 -2.567877
v -1.001936 0.435640 2.418888
v -0.510783 0.435640 2.567878
v -2.176942 0.435639 -1.454586
v -2.418888 0.435639 -1.001936
v 1.001936 0.435640 2.418888
v 1.454586 0.435640 2.176942
v -2.567878 0.435639 0.510783
v -2.418888 0.435640 1.001936
v -1.454586 0.435640 2.176942
v -1.851337 0.435639 -1.851336
v 0.510783 0.435640 2.567878
v -2.618185 0.435639 -0.000000
v 1.001936 0.435639 -2.418888
v 0.510783 0.435639 -2.567877
v 2.176942 0.435640 1.454586
v 2.418888 0.435640 1.001936
v -1.454586 0.435639 -2.176941
v 2.567877 0.435639 -0.510783
v 2.418888 0.435639 -1.001936
v -2.567878 0.435639 -0.510783
v 1.454586 0.435639 -2.176941
v -2.176942 0.435640 1.454586
v -1.851337 0.435640 1.851336
v -1.001936 0.435639 -2.418888
v -0.000000 0.435640 2.618185
v 1.851336 0.435640 1.851336
v 2.176942 0.435639 -1.454586
v 2.567877 0.435639 0.510783
v 2.618185 0.435639 -0.000000
v 2.618185 0.435639 -0.000000
v 1.851336 0.435639 -1.851336
v -1.265518 1.173664 1.265517
v -1.488091 1.173665 0.994310
v 1.755323 1.173665 -0.349156
v 1.789712 1.173665 -0.000000
v -1.653478 1.173665 0.684893
v 1.789712 1.173665 -0.000000
v 1.755323 1.173665 0.349155
v -1.755323 1.173665 0.349155
v 1.653478 1.173665 0.684893
v -1.789712 1.173665 -0.000000
v 1.488091 1.173665 0.994310
v -1.755323 1.173665 -0.349156
v 1.265518 1.173664 1.265517
v -1.653478 1.173664 -0.684893
v 0.994311 1.173665 1.488091
v -1.488091 1.173664 -0.994311
v 0.684893 1.173665 1.653478
v -0.000000 1.173664 -1.789712
v 0.349156 1.173664 -1.755323
v -1.265518 1.173665 -1.265518
v 0.349156 1.173665 1.755323
v 0.684893 1.173664 -1.653478
v -0.994311 1.173664 -1.488091
v -0.000000 1.173665 1.789712
v 0.994311 1.173664 -1.488091
v -0.684893 1.173664 -1.653478
v -0.349156 1.173665 1.755323
v 1.265518 1.173665 -1.265518
v -0.349156 1.173664 -1.755323
v -0.684893 1.173665 1.653478
v 1.488091 1.173664 -0.994311
v -0.994311 1.173665 1.488091
v 1.653478 1.173664 -0.684893
v 0.000000 1.270124 -1.612099
v 0.314505 1.270124 -1.581123
v 0.616924 1.270124 -1.489385
v 0.895634 1.270124 -1.340412
v 1.139926 1.270125 -1.139926
v 1.340411 1.270124 -0.895634
v 1.489385 1.270124 -0.616924
v 1.581123 1.270124 -0.314505
v 1.612099 1.270125 -0.000000
v 1.612099 1.270125 -0.000000
v 1.581123 1.270125 0.314505
v 1.489385 1.270125 0.616923
v 1.340411 1.270125 0.895634
v 1.139926 1.270124 1.139926
v 0.895634 1.270125 1.340411
v 0.616924 1.270125 1.489385
v 0.314505 1.270125 1.581123
v 0.000000 1.270125 1.612099
v -0.314505 1.270125 1.581123
v -0.616924 1.270125 1.489385
v -0.895634 1.270125 1.340411
v -1.139926 1.270124 1.139926
v -1.340411 1.270125 0.895634
v -1.489385 1.270125 0.616923
v -1.581123 1.270125 0.314505
v -1.612099 1.270125 -0.000000
v -1.581123 1.270124 -0.314505
v -1.489385 1.270124 -0.616924
v -1.340411 1.270124 -0.895634
v -1.139926 1.270125 -1.139926
v -0.895634 1.270124 -1.340411
v -0.616924 1.270124 -1.489385
v -0.314505 1.270124 -1.581123
v 0.947955 2.069462 -0.188560
v 0.966527 2.069462 -0.000000
v -0.892954 2.069462 0.369874
v 0.966527 2.069462 -0.000000
v 0.947955 2.069462 0.188560
v -0.947955 2.069462 0.188560
v 0.892954 2.069462 0.369874
v -0.966527 2.069462 -0.000000
v 0.803638 2.069462 0.536973
v -0.947955 2.069462 -0.188560
v 0.683438 2.069462 0.683437
v -0.892954 2.069462 -0.369874
v 0.536973 2.069462 0.803637
v -0.803638 2.069462 -0.536974
v 0.369874 2.069462 0.892954
v -0.000000 2.069461 -0.966527
v 0.188560 2.069461 -0.947955
v -0.683438 2.069461 -0.683438
v 0.188560 2.069462 0.947955
v 0.369874 2.069461 -0.892955
v -0.536974 2.069461 -0.803638
v -0.000000 2.069462 0.966526
v 0.536973 2.069461 -0.803638
v -0.369874 2.069461 -0.892955
v -0.188560 2.069462 0.947955
v 0.683438 2.069461 -0.683438
v -0.188560 2.069461 -0.947955
v -0.369874 2.069462 0.892954
v 0.803638 2.069462 -0.536974
v -0.536974 2.069462 0.803637
v 0.892954 2.069462 -0.369874
v -0.347072 2.268256 -0.837906
v -0.503870 2.268256 -0.754096
v -0.364543 2.268257 -0.545578
v -0.251102 2.268256 -0.606213
v -0.176936 2.268256 -0.889516
v -0.128011 2.268256 -0.643553
v -0.754095 2.268256 -0.503871
v -0.837906 2.268256 -0.347072
v -0.606213 2.268257 -0.251102
v -0.545577 2.268257 -0.364543
v -0.641306 2.268256 -0.641306
v -0.463975 2.268257 -0.463976
v -0.889516 2.268256 -0.176936
v -0.643552 2.268257 -0.128011
v -0.906943 2.268256 -0.000000
v -0.889516 2.268256 0.176935
v -0.643552 2.268257 0.128010
v -0.656160 2.268257 -0.000000
v 0.906943 2.268256 -0.000000
v 0.889516 2.268256 -0.176936
v 0.643552 2.268257 -0.128011
v 0.656160 2.268257 -0.000000
v -0.754095 2.268256 0.503870
v -0.641306 2.268257 0.641305
v -0.463975 2.268257 0.463975
v -0.545577 2.268257 0.364543
v -0.837906 2.268256 0.347072
v -0.606213 2.268257 0.251101
v -0.347072 2.268257 0.837906
v -0.176936 2.268257 0.889516
v -0.128011 2.268257 0.643552
v -0.251102 2.268257 0.606213
v -0.503870 2.268257 0.754095
v -0.364543 2.268257 0.545577
v 0.176936 2.268257 0.889516
v 0.347072 2.268257 0.837906
v 0.251102 2.268257 0.606213
v 0.128011 2.268257 0.643552
v 0.754095 2.268256 -0.503871
v 0.641305 2.268256 -0.641306
v 0.463975 2.268257 -0.463976
v 0.545577 2.268257 -0.364543
v -0.000000 2.268257 0.906942
v -0.000000 2.268257 0.656160
v 0.641305 2.268257 0.641305
v 0.754095 2.268256 0.503870
v 0.545577 2.268257 0.364543
v 0.463975 2.268257 0.463975
v 0.503870 2.268257 0.754095
v 0.364543 2.268257 0.545577
v 0.176936 2.268256 -0.889516
v -0.000000 2.268256 -0.906943
v -0.000000 2.268256 -0.656161
v 0.128011 2.268256 -0.643553
v 0.889516 2.268256 0.176935
v 0.906943 2.268256 -0.000000
v 0.656160 2.268257 -0.000000
v 0.643552 2.268257 0.128010
v 0.837906 2.268256 0.347072
v 0.606213 2.268257 0.251101
v 0.837906 2.268256 -0.347072
v 0.606213 2.268257 -0.251102
v 0.347072 2.268256 -0.837906
v 0.251102 2.268256 -0.606213
v 0.503870 2.268256 -0.754096
v 0.364543 2.268257 -0.545578
v -0.128011 2.268256 -0.643553
v -0.251102 2.268256 -0.606213
v -0.280256 2.455330 -0.676598
v -0.142873 2.455330 -0.718272
v 0.947955 2.208959 -0.188560
v 0.966527 2.208959 -0.000000
v 0.683438 2.208959 -0.683438
v 0.803638 2.208959 -0.536974
v -0.536974 2.208960 0.803637
v -0.683438 2.208960 0.683437
v -0.966527 2.208959 -0.000000
v -0.947955 2.208959 -0.188560
v -0.000000 2.208960 0.966526
v -0.188560 2.208960 0.947955
v -0.369874 2.208960 0.892954
v 0.536973 2.208960 0.803637
v 0.369874 2.208960 0.892954
v 0.892954 2.208959 0.369874
v 0.803638 2.208959 0.536973
v -0.892954 2.208959 -0.369874
v 0.966527 2.208959 -0.000000
v 0.947955 2.208959 0.188560
v -0.892954 2.208959 0.369874
v -0.947955 2.208959 0.188560
v 0.188560 2.208959 -0.947955
v 0.369874 2.208959 -0.892955
v -0.188560 2.208959 -0.947955
v -0.000000 2.208959 -0.966527
v -0.683438 2.208959 -0.683438
v -0.536974 2.208959 -0.803638
v -0.803638 2.208959 -0.536974
v 0.188560 2.208960 0.947955
v 0.892954 2.208959 -0.369874
v 0.683438 2.208960 0.683437
v -0.803638 2.208959 0.536973
v 0.536973 2.208959 -0.803638
v -0.369874 2.208959 -0.892955
v -0.000000 2.250889 -0.949075
v 0.185155 2.250889 -0.930839
v 0.789127 2.250889 0.527277
v 0.671097 2.250889 0.671097
v -0.671098 2.250889 0.671097
v -0.789127 2.250889 0.527277
v -0.527278 2.250889 -0.789127
v -0.363195 2.250889 -0.876831
v 0.930839 2.250889 0.185155
v 0.876831 2.250889 0.363195
v -0.363195 2.250889 0.876831
v -0.527278 2.250889 0.789127
v -0.789127 2.250889 -0.527278
v -0.671098 2.250889 -0.671098
v 0.671097 2.250889 -0.671098
v 0.789127 2.250889 -0.527278
v 0.527278 2.250889 0.789127
v 0.363195 2.250889 0.876831
v -0.876831 2.250889 0.363195
v -0.930839 2.250889 0.185155
v -0.185155 2.250889 -0.930839
v 0.363195 2.250889 -0.876831
v 0.527278 2.250889 -0.789127
v 0.185155 2.250889 0.930838
v 0.876831 2.250889 -0.363196
v -0.949075 2.250889 -0.000000
v 0.930839 2.250889 -0.185156
v 0.949075 2.250889 -0.000000
v -0.000000 2.250889 0.949075
v -0.185155 2.250889 0.930838
v -0.930839 2.250889 -0.185156
v -0.876831 2.250889 -0.363196
v 0.949075 2.250889 -0.000000
v -0.364543 2.268257 0.545577
v -0.251102 2.268257 0.606213
v -0.280256 2.455330 0.676597
v -0.406869 2.455330 0.608921
v 0.656160 2.268257 -0.000000
v 0.643552 2.268257 -0.128011
v 0.718272 2.455330 -0.142874
v 0.732344 2.455330 -0.000000
v -0.463975 2.268257 -0.463976
v -0.545577 2.268257 -0.364543
v -0.608922 2.455330 -0.406869
v -0.517845 2.455330 -0.517846
v -0.128011 2.268257 0.643552
v -0.000000 2.268257 0.656160
v -0.000000 2.455330 0.732344
v -0.142873 2.455330 0.718272
v 0.545577 2.268257 -0.364543
v 0.463975 2.268257 -0.463976
v 0.517845 2.455330 -0.517846
v 0.608922 2.455330 -0.406869
v -0.606213 2.268257 -0.251102
v -0.643552 2.268257 -0.128011
v -0.718272 2.455330 -0.142874
v -0.676598 2.455330 -0.280256
v 0.251102 2.268257 0.606213
v 0.364543 2.268257 0.545577
v 0.406868 2.455330 0.608921
v 0.280256 2.455330 0.676597
v -0.463975 2.268257 0.463975
v -0.517845 2.455330 0.517845
v -0.643552 2.268257 0.128010
v -0.606213 2.268257 0.251101
v -0.676598 2.455330 0.280256
v -0.718272 2.455330 0.142873
v 0.545577 2.268257 0.364543
v 0.606213 2.268257 0.251101
v 0.676598 2.455330 0.280256
v 0.608922 2.455330 0.406868
v -0.000000 2.268256 -0.656161
v -0.000000 2.455330 -0.732344
v -0.364543 2.268257 -0.545578
v -0.406869 2.455330 -0.608922
v 0.364543 2.268257 -0.545578
v 0.251102 2.268256 -0.606213
v 0.280256 2.455330 -0.676598
v 0.406868 2.455330 -0.608922
v 0.128011 2.268257 0.643552
v 0.142873 2.455330 0.718272
v 0.643552 2.268257 0.128010
v 0.656160 2.268257 -0.000000
v 0.732344 2.455330 -0.000000
v 0.718272 2.455330 0.142873
v 0.606213 2.268257 -0.251102
v 0.676598 2.455330 -0.280256
v 0.128011 2.268256 -0.643553
v 0.142873 2.455330 -0.718272
v -0.656160 2.268257 -0.000000
v -0.732344 2.455330 -0.000000
v 0.463975 2.268257 0.463975
v 0.517845 2.455330 0.517845
v -0.545577 2.268257 0.364543
v -0.608922 2.455330 0.406868
v -0.517845 2.484321 -0.517846
v -0.406869 2.484321 -0.608922
v 0.676598 2.484321 0.280256
v 0.608922 2.484321 0.406868
v -0.608922 2.484321 0.406868
v -0.676598 2.484321 0.280256
v 0.142873 2.484321 0.718272
v -0.000000 2.484321 0.732344
v 0.142873 2.484321 -0.718272
v 0.280256 2.484321 -0.676598
v -0.142873 2.484321 -0.718272
v -0.000000 2.484321 -0.732344
v -0.142873 2.484321 0.718272
v -0.608922 2.484321 -0.406869
v -0.718272 2.484321 0.142873
v -0.732344 2.484321 -0.000000
v -0.280256 2.484321 -0.676598
v 0.732344 2.484321 -0.000000
v 0.718272 2.484321 0.142873
v -0.280256 2.484321 0.676597
v 0.406868 2.484321 -0.608922
v 0.406868 2.484321 0.608921
v 0.280256 2.484321 0.676597
v -0.718272 2.484321 -0.142874
v 0.517845 2.484321 0.517845
v -0.676598 2.484321 -0.280256
v 0.676598 2.484321 -0.280256
v 0.718272 2.484321 -0.142874
v -0.406869 2.484321 0.608921
v 0.517845 2.484321 -0.517846
v 0.608922 2.484321 -0.406869
v -0.517845 2.484321 0.517845
v 0.732344 2.484321 -0.000000
v -0.271315 2.484321 0.655013
v -0.393889 2.484321 0.589496
v 0.501326 2.484321 0.501325
v 0.393889 2.484321 0.589496
v -0.138315 2.484321 -0.695359
v -0.000000 2.484321 -0.708982
v -0.271315 2.484321 -0.655014
v -0.589497 2.484321 0.393889
v -0.655013 2.484321 0.271315
v 0.655013 2.484321 0.271315
v 0.589496 2.484321 0.393889
v 0.589496 2.484321 -0.393889
v 0.655013 2.484321 -0.271316
v 0.138315 2.484321 -0.695359
v 0.695359 2.484321 -0.138316
v 0.708981 2.484321 -0.000000
v -0.501326 2.484321 -0.501326
v -0.393889 2.484321 -0.589497
v 0.708981 2.484321 -0.000000
v 0.695359 2.484321 0.138315
v 0.138315 2.484321 0.695358
v -0.000000 2.484321 0.708981
v 0.271315 2.484321 -0.655014
v -0.589497 2.484321 -0.393889
v -0.138315 2.484321 0.695358
v 0.271315 2.484321 0.655013
v 0.393889 2.484321 -0.589497
v -0.708981 2.484321 -0.000000
v -0.695358 2.484321 -0.138316
v -0.695358 2.484321 0.138315
v -0.655013 2.484321 -0.271316
v -0.501326 2.484321 0.501325
v 0.501326 2.484321 -0.501326
v 0.501326 2.500887 0.501325
v 0.393889 2.500887 0.589496
v -0.589497 2.500887 0.393889
v -0.655013 2.500887 0.271315
v 0.589496 2.500887 -0.393889
v 0.655013 2.500887 -0.271316
v -0.589497 2.500887 -0.393889
v -0.501326 2.500887 -0.501326
v 0.589496 2.500887 0.393889
v 0.271315 2.500887 -0.655014
v 0.393889 2.500887 -0.589497
v 0.695359 2.500887 -0.138316
v -0.695358 2.500887 -0.138316
v -0.655013 2.500887 -0.271316
v -0.271315 2.500887 -0.655014
v -0.138315 2.500887 -0.695359
v -0.393889 2.500887 -0.589497
v 0.708981 2.500887 -0.000000
v -0.000000 2.500887 -0.708982
v 0.138315 2.500887 -0.695359
v 0.708981 2.500887 -0.000000
v 0.695359 2.500887 0.138315
v 0.655013 2.500887 0.271315
v -0.501326 2.500887 0.501325
v 0.271315 2.500887 0.655013
v 0.138315 2.500887 0.695358
v -0.271315 2.500887 0.655013
v -0.393889 2.500887 0.589496
v -0.000000 2.500887 0.708981
v -0.138315 2.500887 0.695358
v -0.708981 2.500887 -0.000000
v -0.695358 2.500887 0.138315
v 0.501326 2.500887 -0.501326
v 0.675399 2.500887 -0.279760
v 0.716999 2.500887 -0.142620
v -0.716999 2.500887 -0.142620
v -0.675399 2.500887 -0.279760
v -0.279759 2.500887 -0.675399
v -0.142620 2.500887 -0.717000
v -0.516928 2.500887 -0.516928
v -0.406148 2.500887 -0.607843
v 0.731046 2.500887 -0.000000
v -0.000000 2.500887 -0.731046
v 0.142620 2.500887 -0.717000
v 0.279759 2.500887 -0.675399
v 0.731046 2.500887 -0.000000
v 0.716999 2.500887 0.142620
v 0.675399 2.500887 0.279759
v -0.516928 2.500887 0.516927
v -0.607843 2.500887 0.406147
v 0.279759 2.500887 0.675398
v 0.142620 2.500887 0.716999
v -0.279759 2.500887 0.675398
v -0.406148 2.500887 0.607842
v -0.000000 2.500887 0.731046
v -0.142620 2.500887 0.716999
v -0.731046 2.500887 -0.000000
v 0.607843 2.500887 0.406147
v -0.675399 2.500887 0.279759
v -0.716999 2.500887 0.142620
v 0.406147 2.500887 -0.607843
v 0.516928 2.500887 -0.516928
v 0.406147 2.500887 0.607842
v -0.607843 2.500887 -0.406148
v 0.607843 2.500887 -0.406148
v 0.516928 2.500887 0.516927
v 0.279759 5.136151 -0.675399
v 0.142620 5.136151 -0.717000
v 0.142620 5.194713 -0.717000
v 0.279759 5.194713 -0.675399
v 0.716999 5.136151 0.142619
v 0.731046 5.136151 -0.000001
v 0.731046 5.194713 -0.000001
v 0.716999 5.194713 0.142619
v 0.675399 5.136151 0.279759
v 0.675399 5.194713 0.279759
v -0.607843 5.136151 0.406147
v -0.516928 5.136151 0.516927
v -0.516928 5.194713 0.516927
v -0.607843 5.194713 0.406147
v 0.142620 5.136151 0.716998
v 0.279759 5.136151 0.675398
v 0.279759 5.194713 0.675398
v 0.142620 5.194713 0.716998
v -0.406147 5.136151 0.607842
v -0.279759 5.136151 0.675398
v -0.279759 5.194713 0.675398
v -0.406147 5.194713 0.607842
v -0.142620 5.136151 0.716998
v -0.000000 5.136151 0.731045
v -0.000000 5.194713 0.731045
v -0.142620 5.194713 0.716998
v -0.716999 5.136151 -0.142621
v -0.731046 5.136151 -0.000001
v -0.731046 5.194713 -0.000001
v -0.716999 5.194713 -0.142621
v 0.607843 5.136151 0.406147
v 0.607843 5.194713 0.406147
v -0.716999 5.136151 0.142619
v -0.675399 5.136151 0.279759
v -0.675399 5.194713 0.279759
v -0.716999 5.194713 0.142619
v -0.279759 5.136151 -0.675399
v -0.406148 5.136151 -0.607843
v -0.406148 5.194713 -0.607843
v -0.279759 5.194713 -0.675399
v 0.516928 5.136151 -0.516928
v 0.406148 5.136151 -0.607843
v 0.406148 5.194713 -0.607843
v 0.516928 5.194713 -0.516928
v 0.406147 5.136151 0.607842
v 0.406147 5.194713 0.607842
v -0.607843 5.136151 -0.406148
v -0.675399 5.136151 -0.279760
v -0.675399 5.194713 -0.279760
v -0.607843 5.194713 -0.406148
v 0.607843 5.136151 -0.406148
v 0.607843 5.194713 -0.406148
v -0.000000 5.136151 -0.731047
v -0.142620 5.136151 -0.717000
v -0.142620 5.194713 -0.717000
v -0.000000 5.194713 -0.731047
v 0.516928 5.136151 0.516927
v 0.516928 5.194713 0.516927
v 0.675399 5.136151 -0.279760
v 0.675399 5.194713 -0.279760
v -0.516928 5.136151 -0.516928
v -0.516928 5.194713 -0.516928
v 0.716999 5.136151 -0.142621
v 0.716999 5.194713 -0.142621
v 0.731046 5.136151 -0.000001
v 0.731046 5.194713 -0.000001
v 0.000000 5.371364 0.678957
v 0.000000 5.240271 0.732343
v 0.142873 5.240271 0.718271
v 0.132458 5.371364 0.665911
v 0.230986 5.457543 -0.557651
v 0.131365 5.607098 -0.317145
v 0.190713 5.607098 -0.285423
v 0.335340 5.457543 -0.501872
v -0.591998 5.457543 0.117755
v -0.336678 5.607098 0.066969
v -0.343274 5.607098 -0.000001
v -0.603596 5.457543 -0.000001
v 0.564532 5.371364 0.377208
v 0.608922 5.240271 0.406868
v 0.676598 5.240271 0.280255
v 0.627275 5.371365 0.259825
v -0.000000 5.457543 -0.603597
v -0.000000 5.607098 -0.343275
v 0.066969 5.607098 -0.336679
v 0.117756 5.457543 -0.591999
v -0.426807 5.457542 0.426806
v -0.242731 5.607098 0.242731
v -0.285422 5.607098 0.190712
v -0.501872 5.457543 0.335339
v 0.665911 5.371365 0.132457
v 0.718272 5.240271 0.142872
v 0.732344 5.240271 -0.000001
v 0.678957 5.371365 -0.000001
v -0.335340 5.457543 -0.501872
v -0.190713 5.607098 -0.285423
v -0.131365 5.607098 -0.317145
v -0.230986 5.457543 -0.557651
v 0.242731 5.607098 -0.242732
v 0.426807 5.457543 -0.426808
v 0.557650 5.457543 -0.230987
v 0.317144 5.607098 -0.131366
v 0.336678 5.607098 -0.066970
v 0.591998 5.457543 -0.117756
v -0.557650 5.457543 -0.230987
v -0.317144 5.607098 -0.131366
v -0.285422 5.607098 -0.190714
v -0.501872 5.457543 -0.335341
v 0.230986 5.457542 0.557649
v 0.131365 5.607098 0.317143
v 0.066969 5.607098 0.336677
v 0.117756 5.457542 0.591997
v 0.426807 5.457542 0.426806
v 0.242731 5.607098 0.242731
v 0.190713 5.607098 0.285421
v 0.335340 5.457542 0.501871
v -0.230986 5.457542 0.557649
v -0.131365 5.607098 0.317143
v -0.190713 5.607098 0.285421
v -0.335340 5.457542 0.501871
v 0.132458 5.371365 -0.665912
v 0.142873 5.240271 -0.718273
v -0.000000 5.240271 -0.732345
v -0.000000 5.371365 -0.678958
v -0.066970 5.607098 -0.336679
v -0.117756 5.457543 -0.591999
v -0.336678 5.607098 -0.066970
v -0.591998 5.457543 -0.117756
v -0.564532 5.371364 0.377208
v -0.608922 5.240271 0.406868
v -0.517845 5.240271 0.517845
v -0.480095 5.371364 0.480095
v 0.000000 5.457542 0.603595
v 0.000000 5.607098 0.343273
v -0.066969 5.607098 0.336677
v -0.117756 5.457542 0.591997
v 0.557650 5.457543 0.230985
v 0.317144 5.607098 0.131365
v 0.285422 5.607098 0.190712
v 0.501872 5.457543 0.335339
v 0.343274 5.607098 -0.000001
v 0.603596 5.457543 -0.000001
v -0.564532 5.371365 -0.377209
v -0.608922 5.240271 -0.406869
v -0.676598 5.240271 -0.280257
v -0.627275 5.371365 -0.259826
v -0.557650 5.457543 0.230985
v -0.317144 5.607098 0.131365
v 0.285422 5.607098 -0.190714
v 0.501872 5.457543 -0.335341
v -0.132458 5.371365 -0.665912
v -0.142873 5.240271 -0.718273
v -0.280256 5.240271 -0.676598
v -0.259826 5.371365 -0.627275
v -0.242731 5.607098 -0.242732
v -0.426807 5.457543 -0.426807
v 0.603596 5.457543 -0.000001
v 0.343274 5.607098 -0.000001
v 0.336678 5.607098 0.066969
v 0.591998 5.457543 0.117755
v 0.564532 5.371365 -0.377209
v 0.608922 5.240271 -0.406869
v 0.517845 5.240271 -0.517846
v 0.480095 5.371365 -0.480096
v -0.132458 5.371364 0.665911
v -0.142873 5.240271 0.718271
v 0.406868 5.240271 0.608921
v 0.406868 5.211279 0.608921
v 0.517845 5.211279 0.517845
v 0.517845 5.240271 0.517845
v -0.608922 5.211279 -0.406869
v -0.676598 5.211279 -0.280257
v 0.676598 5.240271 -0.280257
v 0.676598 5.211279 -0.280257
v 0.608922 5.211279 -0.406869
v -0.000000 5.211279 -0.732345
v -0.142873 5.211279 -0.718273
v -0.280256 5.240271 0.676597
v -0.280256 5.211279 0.676597
v -0.142873 5.211279 0.718271
v 0.000000 5.211279 0.732343
v 0.142873 5.211279 0.718271
v 0.142873 5.211279 -0.718273
v 0.608922 5.211279 0.406868
v 0.732344 5.240271 -0.000001
v 0.732344 5.211279 -0.000001
v 0.718272 5.211279 -0.142874
v 0.718272 5.240271 -0.142874
v 0.280256 5.240271 0.676597
v 0.280256 5.211279 0.676597
v -0.718272 5.240271 -0.142874
v -0.718272 5.211279 -0.142874
v -0.732344 5.211279 -0.000001
v -0.732344 5.240271 -0.000001
v 0.280256 5.240271 -0.676598
v 0.280256 5.211279 -0.676598
v -0.406868 5.240271 0.608921
v -0.406868 5.211279 0.608921
v -0.280256 5.211279 -0.676598
v -0.406869 5.211279 -0.608923
v -0.406869 5.240271 -0.608923
v 0.718272 5.211279 0.142872
v 0.732344 5.211279 -0.000001
v -0.517845 5.211279 -0.517846
v -0.517845 5.240271 -0.517846
v 0.676598 5.211279 0.280255
v -0.718272 5.240271 0.142873
v -0.718272 5.211279 0.142873
v -0.676598 5.211279 0.280255
v -0.676598 5.240271 0.280255
v 0.406868 5.240271 -0.608923
v 0.406868 5.211279 -0.608923
v -0.608922 5.211279 0.406868
v -0.517845 5.211279 0.517845
v 0.517845 5.211279 -0.517846
v 0.393889 5.211279 -0.589497
v 0.271315 5.211279 -0.655014
v -0.393889 5.211279 -0.589497
v -0.501326 5.211279 -0.501326
v 0.000000 5.211279 0.708981
v 0.138315 5.211279 0.695358
v 0.271315 5.211279 0.655013
v 0.655013 5.211279 -0.271316
v 0.589496 5.211279 -0.393890
v -0.589497 5.211279 -0.393890
v -0.655013 5.211279 -0.271316
v -0.655013 5.211279 0.271315
v -0.589497 5.211279 0.393888
v -0.138315 5.211279 0.695358
v -0.708981 5.211279 -0.000001
v -0.695359 5.211279 0.138315
v 0.393889 5.211279 0.589496
v 0.501326 5.211279 0.501325
v -0.695359 5.211279 -0.138316
v -0.000000 5.211279 -0.708982
v -0.138316 5.211279 -0.695359
v -0.271315 5.211279 0.655013
v 0.589496 5.211279 0.393888
v 0.138315 5.211279 -0.695359
v -0.271316 5.211279 -0.655014
v -0.393889 5.211279 0.589496
v 0.695358 5.211279 0.138315
v 0.708981 5.211279 -0.000001
v 0.708981 5.211279 -0.000001
v 0.695358 5.211279 -0.138316
v 0.655013 5.211279 0.271315
v 0.501326 5.211279 -0.501326
v -0.501326 5.211279 0.501325
v -0.393889 5.194713 -0.589497
v -0.501326 5.194713 -0.501326
v 0.655013 5.194713 -0.271316
v 0.589496 5.194713 -0.393890
v -0.655013 5.194713 0.271315
v -0.589497 5.194713 0.393888
v 0.501326 5.194713 0.501325
v 0.589496 5.194713 0.393888
v -0.589497 5.194713 -0.393890
v -0.393889 5.194713 0.589496
v -0.271315 5.194713 0.655013
v -0.695359 5.194713 0.138315
v 0.655013 5.194713 0.271315
v 0.695358 5.194713 0.138315
v 0.138315 5.194713 0.695358
v 0.271315 5.194713 0.655013
v 0.393889 5.194713 0.589496
v -0.708981 5.194713 -0.000001
v -0.138315 5.194713 0.695358
v 0.000000 5.194713 0.708981
v -0.695359 5.194713 -0.138316
v -0.655013 5.194713 -0.271316
v 0.501326 5.194713 -0.501326
v -0.138316 5.194713 -0.695359
v -0.271316 5.194713 -0.655014
v 0.393889 5.194713 -0.589497
v 0.271315 5.194713 -0.655014
v 0.138315 5.194713 -0.695359
v -0.000000 5.194713 -0.708982
v 0.708981 5.194713 -0.000001
v 0.695358 5.194713 -0.138316
v 0.708981 5.194713 -0.000001
v -0.501326 5.194713 0.501325
v 0.142620 2.578777 -0.717000
v -0.000000 2.578777 -0.731046
v 0.731046 2.578777 -0.000000
v 0.716999 2.578777 -0.142620
v -0.406148 2.578777 -0.607843
v -0.516928 2.578777 -0.516928
v -0.142620 2.578777 -0.717000
v -0.279759 2.578777 -0.675399
v -0.675399 2.578777 -0.279760
v -0.716999 2.578777 -0.142620
v 0.675399 2.578777 -0.279760
v 0.406147 2.578777 -0.607843
v 0.279759 2.578777 -0.675399
v 0.516928 2.578777 0.516927
v 0.607843 2.578777 0.406147
v -0.607843 2.578777 -0.406148
v 0.607843 2.578777 -0.406148
v -0.675399 2.578777 0.279759
v -0.607843 2.578777 0.406147
v 0.406147 2.578777 0.607842
v -0.516928 2.578777 0.516927
v -0.406148 2.578777 0.607842
v 0.516928 2.578777 -0.516928
v -0.000000 2.578777 0.731046
v 0.142620 2.578777 0.716999
v 0.279759 2.578777 0.675398
v -0.279759 2.578777 0.675398
v -0.142620 2.578777 0.716999
v -0.731046 2.578777 -0.000000
v -0.716999 2.578777 0.142620
v 0.675399 2.578777 0.279759
v 0.716999 2.578777 0.142620
v 0.731046 2.578777 -0.000000
v -0.665911 5.371365 0.132457
v -0.627275 5.371365 0.259825
v 0.480095 5.371364 0.480095
v -0.377208 5.371364 0.564532
v 0.377208 5.371365 -0.564533
v 0.259826 5.371365 -0.627275
v -0.665911 5.371365 -0.132459
v 0.259826 5.371364 0.627274
v -0.377209 5.371365 -0.564533
v -0.678957 5.371365 -0.000001
v -0.267446 5.607098 -0.178703
v -0.227444 5.607098 -0.227445
v 0.665911 5.371365 -0.132459
v 0.627275 5.371365 -0.259827
v -0.480095 5.371365 -0.480096
v -0.259826 5.371364 0.627274
v 0.377209 5.371364 0.564532
v 0.678957 5.371365 -0.000001
v -0.297170 5.607098 0.123091
v -0.315474 5.607098 0.062751
v -0.178702 5.607098 0.267446
v -0.227444 5.607098 0.227444
v 0.227444 5.607098 -0.227445
v 0.267446 5.607098 -0.178703
v -0.062752 5.607098 -0.315475
v -0.000000 5.607098 -0.321656
v -0.178702 5.607098 -0.267447
v 0.178702 5.607098 0.267446
v 0.123092 5.607098 0.297170
v 0.321655 5.607098 -0.000001
v 0.315474 5.607098 0.062751
v 0.297170 5.607098 -0.123093
v -0.315474 5.607098 -0.062753
v -0.297170 5.607098 -0.123093
v -0.062752 5.607098 0.315474
v -0.123092 5.607098 0.297170
v 0.062752 5.607098 0.315474
v 0.123092 5.607098 -0.297171
v 0.178702 5.607098 -0.267447
v -0.321655 5.607098 -0.000001
v 0.267446 5.607098 0.178701
v 0.227444 5.607098 0.227444
v 0.062752 5.607098 -0.315475
v -0.267446 5.607098 0.178701
v 0.297170 5.607098 0.123091
v -0.123092 5.607098 -0.297171
v 0.315474 5.607098 -0.062753
v 0.000000 5.607098 0.321654
v 0.321655 5.607098 -0.000001
v 0.123092 5.659827 -0.297171
v 0.178702 5.659827 -0.267447
v 0.321655 5.659827 -0.000001
v 0.315474 5.659827 0.062751
v 0.227444 5.659827 -0.227445
v -0.227444 5.659827 0.227444
v -0.267446 5.659827 0.178701
v 0.062752 5.659827 -0.315475
v -0.321655 5.659827 -0.000001
v -0.315474 5.659827 -0.062753
v -0.227444 5.659827 -0.227445
v -0.178702 5.659827 -0.267447
v 0.227444 5.659827 0.227444
v 0.178702 5.659827 0.267445
v 0.267446 5.659827 -0.178703
v 0.297170 5.659827 -0.123093
v -0.178702 5.659827 0.267446
v -0.297170 5.659827 0.123091
v -0.315474 5.659827 0.062751
v -0.297170 5.659827 -0.123093
v -0.267446 5.659827 -0.178703
v 0.123092 5.659827 0.297170
v 0.062752 5.659827 0.315474
v -0.000000 5.659827 -0.321656
v -0.062752 5.659827 0.315474
v -0.123092 5.659827 0.297170
v 0.267446 5.659827 0.178701
v 0.315474 5.659827 -0.062753
v -0.062752 5.659827 -0.315475
v 0.000000 5.659827 0.321654
v 0.297170 5.659827 0.123091
v 0.321655 5.659827 -0.000001
v -0.123092 5.659827 -0.297171
v -0.274424 5.891467 -0.124149
v -0.223084 5.987411 -0.119227
v -0.202423 5.966751 -0.199432
v -0.223084 5.886547 -0.220092
v 0.125454 5.891467 -0.271432
v 0.120533 5.987411 -0.220092
v 0.200737 5.966751 -0.199432
v 0.221398 5.886547 -0.220092
v 0.272738 5.891467 0.128445
v 0.221398 5.987411 0.123524
v 0.200737 5.966751 0.203729
v 0.221398 5.886546 0.224389
v -0.127140 5.891467 0.275729
v -0.122219 5.987411 0.224389
v -0.202423 5.966751 0.203729
v -0.223084 5.886546 0.224389
v 0.125454 5.491590 0.128446
v 0.221398 5.542930 0.123524
v 0.200737 5.563591 0.203729
v 0.120533 5.542930 0.224389
v -0.127140 6.038751 0.128445
v -0.223084 5.987411 0.123524
v 0.125454 6.038751 0.128445
v -0.000843 6.055376 0.131234
v -0.000843 5.995812 0.232792
v 0.120533 5.987411 0.224389
v 0.125454 6.038751 -0.124149
v -0.000843 6.055376 -0.126937
v -0.000843 6.074850 0.002148
v 0.128243 6.055376 0.002148
v -0.127140 6.038751 -0.124149
v -0.231486 5.995814 0.002148
v -0.129929 6.055376 0.002148
v -0.127140 5.491590 0.128446
v -0.000843 5.474965 0.131234
v -0.000843 5.534527 0.232792
v -0.122219 5.542930 0.224389
v -0.127140 5.491590 -0.124149
v -0.000843 5.474965 -0.126937
v -0.000843 5.455490 0.002148
v -0.129929 5.474965 0.002148
v 0.125454 5.491590 -0.124149
v 0.221398 5.542930 -0.119227
v 0.229800 5.534527 0.002148
v 0.128243 5.474965 0.002148
v -0.127140 5.638874 0.275729
v -0.129929 5.765170 0.292353
v -0.231486 5.765170 0.232792
v -0.223084 5.643795 0.224389
v 0.125454 5.638874 0.275729
v 0.128243 5.765170 0.292353
v -0.000843 5.765170 0.311828
v -0.000843 5.636085 0.292353
v 0.125454 5.891467 0.275729
v -0.000843 5.894256 0.292353
v 0.272738 5.638874 0.128445
v 0.289362 5.765170 0.131234
v 0.229800 5.765170 0.232792
v 0.221398 5.643795 0.224389
v 0.272738 5.638874 -0.124149
v 0.289362 5.765170 -0.126937
v 0.308837 5.765170 0.002148
v 0.289362 5.636085 0.002148
v 0.272738 5.891467 -0.124149
v 0.221398 5.987411 -0.119227
v 0.229800 5.995812 0.002148
v 0.289362 5.894256 0.002148
v 0.125454 5.638874 -0.271432
v 0.128243 5.765170 -0.288056
v 0.229800 5.765170 -0.228495
v 0.221398 5.643795 -0.220092
v -0.127140 5.638874 -0.271432
v -0.129929 5.765170 -0.288056
v -0.000843 5.765170 -0.307531
v -0.000843 5.636085 -0.288056
v -0.127140 5.891467 -0.271432
v -0.122219 5.987411 -0.220092
v -0.000843 5.995814 -0.228495
v -0.000843 5.894256 -0.288056
v -0.274424 5.638874 -0.124149
v -0.291048 5.765170 -0.126937
v -0.231486 5.765170 -0.228495
v -0.223084 5.643795 -0.220092
v -0.274424 5.638874 0.128445
v -0.291048 5.765170 0.131234
v -0.310523 5.765170 0.002148
v -0.291048 5.636085 0.002148
v -0.274424 5.891467 0.128445
v -0.291048 5.894256 0.002148
v -0.291048 5.765170 0.131234
v -0.310523 5.765170 0.002148
v -0.231486 5.765170 0.232792
v -0.223084 5.542930 0.123524
v -0.231486 5.534527 0.002148
v -0.202423 5.563591 0.203729
v -0.223084 5.542930 -0.119227
v -0.202423 5.563591 -0.199432
v -0.129929 5.765170 -0.288056
v -0.000843 5.765170 -0.307531
v -0.231486 5.765170 -0.228495
v -0.122219 5.542930 -0.220092
v -0.000843 5.534527 -0.228495
v 0.120533 5.542930 -0.220092
v 0.200737 5.563591 -0.199432
v 0.289362 5.765170 -0.126937
v 0.308837 5.765170 0.002148
v 0.229800 5.765170 -0.228495
v 0.128243 5.765170 0.292353
v -0.000843 5.765170 0.311828
v 0.229800 5.765170 0.232792
v -0.129929 5.765170 0.292353
v 0.289362 5.765170 0.131234
v 0.128243 5.765170 -0.288056
v -0.291048 5.765170 -0.126937
v 0.267446 5.659827 -0.178703
v 0.236391 5.659827 -0.157952
v 0.262664 5.659827 -0.108800
v 0.297170 5.659827 -0.123093
v -0.321655 5.659827 -0.000001
v -0.284305 5.659827 -0.000001
v -0.278842 5.659827 -0.055466
v -0.315474 5.659827 -0.062753
v 0.062752 5.659827 -0.315475
v 0.055465 5.659827 -0.278843
v 0.108799 5.659827 -0.262664
v 0.123092 5.659827 -0.297171
v -0.297170 5.659827 0.123091
v -0.262664 5.659827 0.108798
v -0.278842 5.659827 0.055464
v -0.315474 5.659827 0.062751
v -0.297170 5.659827 -0.123093
v -0.262664 5.659827 -0.108800
v -0.236391 5.659827 -0.157952
v -0.267446 5.659827 -0.178703
v 0.267446 5.659827 0.178701
v 0.236391 5.659827 0.157951
v 0.201034 5.659827 0.201033
v 0.227444 5.659827 0.227444
v -0.062752 5.659827 -0.315475
v -0.055465 5.659827 -0.278843
v -0.000000 5.659827 -0.284306
v -0.000000 5.659827 -0.321656
v 0.178702 5.659827 -0.267447
v 0.157951 5.659827 -0.236392
v 0.201034 5.659827 -0.201035
v 0.227444 5.659827 -0.227445
v 0.315474 5.659827 0.062751
v 0.278842 5.659827 0.055464
v 0.262664 5.659827 0.108798
v 0.297170 5.659827 0.123091
v -0.178702 5.659827 -0.267447
v -0.157951 5.659827 -0.236392
v -0.108799 5.659827 -0.262664
v -0.123092 5.659827 -0.297171
v -0.123092 5.659827 0.297170
v -0.108799 5.659827 0.262663
v -0.157951 5.659827 0.236390
v -0.178702 5.659827 0.267446
v 0.315474 5.659827 -0.062753
v 0.278842 5.659827 -0.055466
v 0.284305 5.659827 -0.000001
v 0.321655 5.659827 -0.000001
v -0.267446 5.659827 0.178701
v -0.236391 5.659827 0.157951
v -0.201034 5.659827 0.201033
v -0.227444 5.659827 0.227444
v 0.178702 5.659827 0.267445
v 0.157952 5.659827 0.236390
v 0.108799 5.659827 0.262663
v 0.123092 5.659827 0.297170
v 0.000000 5.659827 0.321654
v 0.000000 5.659827 0.284304
v -0.055465 5.659827 0.278841
v -0.062752 5.659827 0.315474
v 0.055465 5.659827 0.278841
v 0.062752 5.659827 0.315474
v -0.227444 5.659827 -0.227445
v -0.201034 5.659827 -0.201035
v 1.473228 10.402141 -0.174611
v 1.402956 10.391767 -0.189175
v 1.400505 10.556112 -0.189175
v 1.471042 10.566469 -0.174611
v 0.283073 6.763979 -0.189174
v 0.209997 6.772309 -0.174611
v 0.977167 8.709984 -0.174611
v 1.048896 8.720080 -0.189175
v 1.532456 10.410947 0.137433
v 1.571859 10.416789 0.075364
v 1.570060 10.580930 0.075364
v 1.530521 10.575186 0.137433
v 1.272156 10.372843 -0.133138
v 1.231032 10.367081 -0.071068
v 1.227943 10.531014 -0.071068
v 1.269259 10.536925 -0.133138
v 0.915796 8.701683 0.137434
v 0.977167 8.709984 0.178907
v 1.102520 9.060512 0.178907
v 1.043108 9.055905 0.137434
v 0.915796 8.701683 -0.133137
v 1.043108 9.055905 -0.133137
v 1.102520 9.060512 -0.174611
v 1.216152 10.365066 0.002148
v 1.231032 10.367081 0.075364
v 1.227943 10.531014 0.075364
v 1.212987 10.528939 0.002148
v 0.200939 5.887961 0.002148
v 0.187081 5.892442 -0.071068
v 0.459659 6.744508 -0.071068
v 0.474216 6.742936 0.002148
v 0.187081 5.892442 0.075364
v 0.200939 5.887961 0.002148
v 0.474216 6.742936 0.002148
v 0.459659 6.744508 0.075364
v 0.106743 6.784413 0.075364
v 0.148087 6.779517 0.137434
v 0.874066 8.696288 0.075364
v -0.050773 5.969336 -0.174611
v -0.109833 5.988428 -0.133137
v 0.148087 6.779517 -0.133137
v 0.106743 6.784413 -0.071068
v 0.092229 6.786148 0.002148
v 0.859068 8.694427 0.002148
v 0.874066 8.696288 -0.071068
v 0.209997 6.772309 0.178907
v 0.356192 6.755816 -0.174611
v 1.120679 8.730449 -0.174611
v -0.050773 5.969335 0.178908
v 0.018893 5.946813 0.193471
v 0.283073 6.763979 0.193471
v 0.018893 5.946814 -0.189174
v 0.356192 6.755816 0.178907
v 1.120679 8.730449 0.178907
v 1.048896 8.720080 0.193471
v 0.088559 5.924292 -0.174611
v -0.149296 6.001185 -0.071068
v -0.163153 6.005665 0.002148
v 0.418209 6.749007 0.137434
v 1.181267 8.739406 0.137434
v 0.418209 6.749007 -0.133137
v 1.181267 8.739406 -0.133137
v -0.109833 5.988428 0.137434
v 0.088559 5.924292 0.178908
v 0.147619 5.905199 0.137434
v -0.149296 6.001185 0.075364
v 0.147619 5.905199 -0.133137
v 1.235941 8.747581 0.002148
v 1.221563 8.745452 -0.071068
v 1.346231 9.102397 -0.071068
v 1.360833 9.105645 0.002148
v 1.003068 9.053931 0.075364
v 0.988693 9.053399 0.002148
v 1.332509 10.381497 -0.174611
v 1.329840 10.545750 -0.174611
v 1.244471 9.081081 -0.174611
v 1.305428 9.093435 -0.133137
v 1.585967 10.418832 0.002148
v 1.584215 10.582933 0.002148
v 1.172969 9.069026 -0.189175
v 1.221563 8.745452 0.075364
v 1.346231 9.102397 0.075364
v 1.305428 9.093435 0.137434
v 1.003068 9.053931 -0.071068
v 1.244471 9.081081 0.178907
v 1.172969 9.069026 0.193471
v 1.235941 8.747581 0.002148
v 1.253714 11.253818 -0.189175
v 1.385705 10.678741 -0.189175
v 1.315014 10.668365 -0.174611
v 1.181207 11.253818 -0.174611
v 1.571859 10.416787 -0.071068
v 1.532456 10.410947 -0.133138
v 1.530521 10.575186 -0.133138
v 1.570060 10.580930 -0.071068
v 1.402956 10.391767 0.193471
v 1.473228 10.402141 0.178907
v 1.471042 10.566469 0.178907
v 1.400505 10.556112 0.193471
v 1.181207 11.253818 0.178907
v 1.315014 10.668365 0.178907
v 1.385705 10.678741 0.193471
v 1.253714 11.253818 0.193471
v 1.078666 11.253818 0.075364
v 1.213214 10.653614 0.075364
v 1.254456 10.659527 0.137433
v 1.119738 11.253818 0.137433
v 1.585967 10.418832 0.002148
v 1.584215 10.582933 0.002148
v 1.387689 11.253818 -0.133138
v 1.515860 10.697784 -0.133138
v 1.456295 10.689091 -0.174611
v 1.326221 11.253818 -0.174611
v 1.360833 9.105645 0.002148
v 1.313603 9.307839 -0.174611
v 1.373809 9.319227 -0.133138
v 1.374777 9.571838 -0.174611
v 1.434404 9.582336 -0.133138
v 1.423826 9.855091 -0.174611
v 1.483082 9.864826 -0.133138
v 1.457405 10.138290 -0.174611
v 1.516526 10.147449 -0.133138
v 1.113019 9.281662 0.137434
v 1.072849 9.278704 0.075364
v 1.174629 9.544690 0.137434
v 1.134272 9.540799 0.075364
v 1.223740 9.827059 0.137433
v 1.183150 9.822356 0.075364
v 1.257004 10.109526 0.137433
v 1.216154 10.104185 0.075364
v 1.272156 10.372843 0.137433
v 1.414070 9.327360 0.075364
v 1.373809 9.319227 0.137434
v 1.474227 9.589691 0.075364
v 1.434404 9.582336 0.137434
v 1.522605 9.871512 0.075364
v 1.483082 9.864826 0.137433
v 1.555905 10.153621 0.075364
v 1.516526 10.147449 0.137434
v 1.387689 11.253818 0.137433
v 1.515860 10.697784 0.137433
v 1.555469 10.703502 0.075364
v 1.428761 11.253818 0.075364
v 1.058400 9.277785 0.002148
v 1.072849 9.278704 -0.071068
v 1.119729 9.539515 0.002148
v 1.134272 9.540799 -0.071068
v 1.168499 9.820754 0.002148
v 1.183150 9.822356 -0.071068
v 1.201388 10.102333 0.002148
v 1.216154 10.104185 -0.071068
v 1.078666 11.253818 -0.071068
v 1.213214 10.653614 -0.071068
v 1.198319 10.651546 0.002148
v 1.064244 11.253818 0.002148
v 1.414069 9.327358 -0.071068
v 1.428481 9.330291 0.002148
v 1.474227 9.589689 -0.071068
v 1.488486 9.592321 0.002148
v 1.522605 9.871511 -0.071068
v 1.536757 9.873885 0.002148
v 1.555905 10.153620 -0.071068
v 1.570006 10.155793 0.002148
v 1.443184 11.253818 0.002148
v 1.569621 10.705489 0.002148
v 1.555469 10.703502 -0.071068
v 1.428761 11.253818 -0.071068
v 1.172483 9.287315 -0.174611
v 1.242719 9.296266 -0.189175
v 1.234225 9.551333 -0.174611
v 1.304350 9.560702 -0.189175
v 1.283538 9.834570 -0.174611
v 1.353662 9.844314 -0.189175
v 1.317060 10.117723 -0.174611
v 1.387295 10.127775 -0.189175
v 1.254456 10.659527 -0.133138
v 1.119738 11.253818 -0.133138
v 1.313603 9.307839 0.178907
v 1.374777 9.571838 0.178907
v 1.423826 9.855091 0.178907
v 1.457405 10.138290 0.178907
v 1.326221 11.253818 0.178907
v 1.456295 10.689091 0.178907
v 1.242719 9.296266 0.193471
v 1.172483 9.287315 0.178907
v 1.304350 9.560702 0.193471
v 1.234225 9.551333 0.178907
v 1.353662 9.844314 0.193471
v 1.283538 9.834570 0.178907
v 1.387295 10.127775 0.193471
v 1.317060 10.117723 0.178907
v 1.332509 10.381497 0.178907
v 1.113019 9.281662 -0.133138
v 1.174629 9.544690 -0.133138
v 1.223740 9.827059 -0.133138
v 1.257004 10.109526 -0.133138
v 1.428481 9.330291 0.002148
v 1.488486 9.592321 0.002148
v 1.536757 9.873885 0.002148
v 1.570006 10.155793 0.002148
v 1.569621 10.705489 0.002148
v 1.443184 11.253818 0.002148
v 1.329840 10.545750 0.178907
v 1.269259 10.536925 0.137433
v 1.558076 11.483621 0.104519
v 1.506735 11.579564 0.099597
v 1.486075 11.558905 0.179802
v 1.506735 11.478699 0.200462
v 1.158197 11.483621 0.251802
v 1.163119 11.579564 0.200462
v 1.082914 11.558905 0.179802
v 1.062253 11.478699 0.200462
v 1.010913 11.483621 -0.148075
v 1.062253 11.579564 -0.143154
v 1.082914 11.558905 -0.223359
v 1.062253 11.478699 -0.244019
v 1.410792 11.483621 -0.295359
v 1.405870 11.579564 -0.244019
v 1.486075 11.558905 -0.223359
v 1.506735 11.478699 -0.244019
v 1.158197 11.083742 -0.148075
v 1.062253 11.135083 -0.143154
v 1.082914 11.155743 -0.223358
v 1.163119 11.135083 -0.244019
v 1.410792 11.630904 -0.148075
v 1.506735 11.579564 -0.143154
v 1.158197 11.630904 -0.148075
v 1.284495 11.647529 -0.150864
v 1.284495 11.587967 -0.252422
v 1.163119 11.579564 -0.244019
v 1.158197 11.630904 0.104519
v 1.284495 11.647529 0.107307
v 1.284495 11.667003 -0.021778
v 1.155408 11.647529 -0.021778
v 1.410792 11.630904 0.104519
v 1.515138 11.587967 -0.021778
v 1.413581 11.647529 -0.021778
v 1.410792 11.083742 -0.148075
v 1.284495 11.067118 -0.150864
v 1.284495 11.126681 -0.252422
v 1.405870 11.135083 -0.244019
v 1.410792 11.083742 0.104519
v 1.284495 11.067118 0.107308
v 1.284495 11.047643 -0.021778
v 1.413581 11.067118 -0.021778
v 1.158197 11.083742 0.104519
v 1.062253 11.135083 0.099598
v 1.053851 11.126681 -0.021778
v 1.155408 11.067118 -0.021778
v 1.410792 11.231027 -0.295359
v 1.413581 11.357323 -0.311983
v 1.515138 11.357323 -0.252422
v 1.506735 11.235949 -0.244019
v 1.158197 11.231027 -0.295359
v 1.155408 11.357323 -0.311983
v 1.284495 11.357323 -0.331458
v 1.284495 11.228238 -0.311983
v 1.158197 11.483621 -0.295359
v 1.284495 11.486409 -0.311983
v 1.010913 11.231027 -0.148075
v 0.994290 11.357323 -0.150864
v 1.053851 11.357323 -0.252422
v 1.062253 11.235949 -0.244019
v 1.010913 11.231027 0.104519
v 0.994290 11.357323 0.107307
v 0.974815 11.357323 -0.021778
v 0.994290 11.228238 -0.021778
v 1.010913 11.483621 0.104519
v 1.062253 11.579564 0.099597
v 1.053851 11.587967 -0.021778
v 0.994290 11.486409 -0.021778
v 1.158197 11.231027 0.251802
v 1.155408 11.357323 0.268426
v 1.053851 11.357323 0.208865
v 1.062253 11.235949 0.200462
v 1.410792 11.231027 0.251802
v 1.413581 11.357323 0.268426
v 1.284495 11.357323 0.287901
v 1.284495 11.228238 0.268426
v 1.410792 11.483621 0.251802
v 1.405870 11.579564 0.200462
v 1.284495 11.587967 0.208865
v 1.284495 11.486409 0.268426
v 1.558076 11.231027 0.104519
v 1.574700 11.357323 0.107307
v 1.515138 11.357323 0.208865
v 1.506735 11.235949 0.200462
v 1.558076 11.231027 -0.148075
v 1.574700 11.357323 -0.150864
v 1.594174 11.357323 -0.021778
v 1.574700 11.228238 -0.021778
v 1.558076 11.483621 -0.148075
v 1.515138 11.587967 -0.021778
v 1.574700 11.486409 -0.021778
v 1.506735 11.135083 -0.143154
v 1.515138 11.126681 -0.021778
v 1.486075 11.155743 -0.223359
v 1.506735 11.135083 0.099598
v 1.486075 11.155743 0.179802
v 1.515138 11.126681 -0.021778
v 1.574700 11.228238 -0.021778
v 1.594174 11.357323 -0.021778
v 1.405870 11.135083 0.200462
v 1.284495 11.126681 0.208865
v 1.163119 11.135083 0.200462
v 1.082914 11.155743 0.179802
v 1.053851 11.126681 -0.021778
v 0.994290 11.228238 -0.021778
v 0.974815 11.357323 -0.021778
v 1.413581 11.067118 -0.021778
v 1.284495 11.047643 -0.021778
v 1.053851 11.587967 -0.021778
v 1.155408 11.647529 -0.021778
v 1.284495 11.667003 -0.021778
v 1.413581 11.647529 -0.021778
v 1.155408 11.067118 -0.021778
v 0.994290 11.486409 -0.021778
v 1.574700 11.486409 -0.021778
v 1.346198 11.517286 -3.161535
v 1.347096 11.517288 3.146582
v 1.399788 11.480768 3.146006
v 1.399788 11.480767 -3.161535
v 1.282426 11.193191 -3.161535
v 1.285765 11.193191 3.147433
v 1.224012 11.206016 3.147845
v 1.218657 11.206013 -3.161535
v 1.218657 11.517285 -3.161535
v 1.224012 11.517288 3.147845
v 1.285765 11.530110 3.147433
v 1.282426 11.530108 -3.161535
v 1.324450 11.242533 -3.524640
v 1.277562 11.242532 -3.569952
v 1.272777 11.297183 -3.603653
v 1.359080 11.297184 -3.520299
v 1.272172 11.206017 -3.519248
v 1.324200 11.206017 -3.420788
v 1.260761 11.193192 -3.421057
v 1.219007 11.193192 -3.468016
v 1.025891 11.206017 -3.471879
v 1.164175 11.206017 -3.442983
v 1.143046 11.242533 -3.395817
v 1.023217 11.242533 -3.417088
v 1.128501 11.426117 -3.161535
v 1.135133 11.426117 3.146608
v 1.171068 11.480768 3.147477
v 1.164608 11.480767 -3.161535
v 0.902699 11.206017 -3.473712
v 0.902268 11.242533 -3.419950
v 1.178632 11.206017 -3.429458
v 1.022528 11.206016 -3.593138
v 1.169013 11.206016 -3.570252
v 1.169541 11.193192 -3.508028
v 1.025740 11.193192 -3.533557
v 0.901575 11.206016 -3.597409
v 0.902359 11.193192 -3.535793
v 1.023218 11.480771 -3.417090
v 1.143046 11.480771 -3.395817
v 1.164174 11.517288 -3.442982
v 1.025891 11.517288 -3.471878
v 0.902268 11.480771 -3.419950
v 0.902699 11.517288 -3.473712
v 1.169540 11.530112 -3.508028
v 1.233304 11.530112 -3.482249
v 1.272172 11.517288 -3.519248
v 1.169013 11.517287 -3.570253
v -0.969819 11.517288 3.457016
v 0.902700 11.517288 3.458184
v 0.902269 11.480771 3.404422
v -0.969819 11.480771 3.402892
v -0.969819 11.193192 3.520857
v 0.902360 11.193192 3.520265
v 0.901576 11.206017 3.581882
v -0.969819 11.206017 3.584699
v 0.902269 11.242533 3.404422
v 0.902700 11.206017 3.458184
v -0.969819 11.206017 3.457016
v -0.969819 11.242533 3.402892
v -0.969819 11.517289 3.584699
v 0.901576 11.517289 3.581882
v 0.902360 11.530112 3.520265
v -0.969819 11.530112 3.520857
v -0.969819 11.361651 3.354029
v 0.901102 11.361651 3.354029
v 0.901441 11.297184 3.367403
v -0.969819 11.297184 3.366729
v 0.901104 11.242534 3.634059
v -0.969819 11.242534 3.638822
v 0.901441 11.426119 3.367403
v -0.969819 11.426119 3.366729
v -0.969819 11.426120 3.674986
v 0.901103 11.426120 3.669041
v 0.901104 11.480772 3.634059
v -0.969819 11.480772 3.638822
v -0.969819 11.297185 3.674986
v 0.901103 11.297185 3.669041
v 0.901103 11.361652 3.681522
v -0.969819 11.361652 3.687685
v 1.025740 11.530112 -3.533556
v 1.022528 11.517287 -3.593138
v -0.969819 11.361652 3.687685
v 0.901103 11.361652 3.681522
v 0.902359 11.530112 -3.535793
v 0.901575 11.517287 -3.597409
v 1.019110 11.297184 -3.378071
v 1.116384 11.297184 -3.370400
v 1.101719 11.361651 -3.356491
v 1.014535 11.361651 -3.361401
v 0.901440 11.297184 -3.382931
v 0.901102 11.361651 -3.369558
v 1.152149 11.361650 -3.659277
v 1.270704 11.361650 -3.615386
v 1.154953 11.297183 -3.648709
v 1.010810 11.361650 -3.683921
v 1.012398 11.297183 -3.672683
v 0.901102 11.361650 -3.697051
v 0.901102 11.297183 -3.684570
v 1.019109 11.426117 -3.378069
v 1.116384 11.426117 -3.370400
v 0.901440 11.426119 -3.382931
v 1.162649 11.480770 -3.619004
v 1.277562 11.480770 -3.569953
v 1.272777 11.426116 -3.603653
v 1.154953 11.426118 -3.648710
v 1.017495 11.480770 -3.641774
v 1.012398 11.426118 -3.672683
v 0.901103 11.480770 -3.649588
v 0.901102 11.426118 -3.684570
v 1.162649 11.242532 -3.619004
v 1.017495 11.242532 -3.641773
v 1.143047 11.480771 3.380289
v 1.164175 11.517288 3.427454
v 1.192375 11.517288 3.399844
v 1.260762 11.193192 3.405529
v 1.219008 11.193192 3.452488
v 1.178632 11.206017 3.413930
v 1.192376 11.206017 3.399844
v 1.272173 11.206017 3.503719
v 1.169014 11.206017 3.554724
v 1.169541 11.193192 3.492499
v 1.164176 11.206017 3.427454
v 1.143047 11.242533 3.380289
v 1.371203 11.361651 3.502849
v 1.359081 11.426117 3.504771
v 1.272778 11.426118 3.588125
v 1.270705 11.361652 3.599858
v 1.324450 11.242533 3.509110
v 1.277563 11.242534 3.554424
v 1.233305 11.530112 3.466721
v 1.359081 11.297184 3.504771
v 1.371203 11.361651 3.502849
v 1.270705 11.361652 3.599858
v 1.272778 11.297185 3.588125
v 1.260761 11.530112 3.405529
v 1.169541 11.530112 3.492499
v 1.324450 11.480771 3.509111
v 1.272172 11.517288 3.503719
v 1.277563 11.480772 3.554424
v 0.901103 11.242532 -3.649588
v 1.436078 11.426117 3.145991
v 1.436077 11.426117 -3.161519
v 1.449174 11.361650 3.145991
v 1.449173 11.361650 -3.161535
v 1.449173 11.361650 -3.161535
v 1.449174 11.361650 3.145991
v 1.436078 11.297185 3.145991
v 1.436456 11.297184 -3.161535
v 1.399788 11.242533 3.146006
v 1.400286 11.242532 -3.161535
v 1.347096 11.206016 3.146582
v 1.346198 11.206013 -3.161535
v 1.171068 11.242533 3.147477
v 1.164608 11.242532 -3.161535
v 1.135133 11.297185 3.146608
v 1.128501 11.297184 -3.161535
v 1.121964 11.361650 3.146003
v 1.115812 11.361650 -3.161535
v 1.270704 11.361650 -3.615386
v 1.152149 11.361650 -3.659277
v 1.010810 11.361650 -3.683921
v 0.901102 11.361650 -3.697051
v 1.373060 11.242533 -3.415055
v 1.344947 11.206015 -3.280614
v 1.324200 11.206017 -3.420788
v 1.373060 11.242533 -3.415055
v 1.393483 11.242532 -3.275951
v 1.223744 11.206015 -3.283713
v 1.192376 11.206017 -3.415372
v 1.260761 11.193192 -3.421057
v 1.285715 11.193191 -3.283601
v 1.373058 11.480768 -3.415056
v 1.324449 11.480771 -3.524640
v 1.324198 11.517288 -3.420789
v 1.393482 11.480767 -3.275951
v 1.373058 11.480768 -3.415056
v 1.324198 11.517288 -3.420789
v 1.344948 11.517288 -3.280615
v 1.285716 11.530108 -3.283601
v 1.260760 11.530112 -3.421057
v 1.192375 11.517288 -3.415373
v 1.223744 11.517288 -3.283713
v 1.403230 11.297184 -3.408291
v 1.371202 11.361651 -3.518377
v 1.414082 11.361651 -3.405802
v 1.425063 11.297184 -3.271465
v 1.403230 11.297184 -3.408291
v 1.414082 11.361651 -3.405802
v 1.436708 11.361650 -3.270057
v 1.108961 11.361651 -3.269609
v 1.101719 11.361651 -3.356491
v 1.116384 11.297184 -3.370400
v 1.127458 11.297184 -3.275254
v 1.403230 11.426117 -3.408291
v 1.359080 11.426117 -3.520299
v 1.425062 11.426117 -3.271465
v 1.403230 11.426117 -3.408291
v 1.168153 11.480767 -3.280731
v 1.143046 11.480771 -3.395817
v 1.116384 11.426117 -3.370400
v 1.127459 11.426117 -3.275253
v 1.168154 11.480768 3.265203
v 1.223744 11.517288 3.268184
v 1.143047 11.480771 3.380289
v 1.192375 11.517288 3.399844
v 1.425063 11.297185 3.255937
v 1.393483 11.242533 3.260422
v 1.403231 11.297184 3.392763
v 1.373060 11.242533 3.399526
v 1.373060 11.242533 3.399526
v 1.403231 11.297184 3.392763
v 1.168155 11.242533 3.265203
v 1.127459 11.297185 3.259725
v 1.143047 11.242533 3.380289
v 1.116385 11.297184 3.354872
v 1.425063 11.426117 3.255937
v 1.436709 11.361650 3.254529
v 1.403230 11.426117 3.392763
v 1.414083 11.361651 3.390274
v 1.414083 11.361651 3.390274
v 1.403230 11.426117 3.392763
v 1.108961 11.361652 3.254081
v 1.127460 11.426118 3.259725
v 1.101720 11.361652 3.340962
v 1.116385 11.426117 3.354872
v 1.285716 11.530110 3.268072
v 1.344948 11.517288 3.265086
v 1.260761 11.530112 3.405529
v 1.324199 11.517288 3.405261
v 1.324199 11.517288 3.405261
v 1.223744 11.206016 3.268184
v 1.192376 11.206017 3.399844
v 1.344948 11.206016 3.265086
v 1.285715 11.193191 3.268072
v 1.324200 11.206017 3.405260
v 1.260762 11.193192 3.405529
v 1.393482 11.480768 3.260423
v 1.373059 11.480768 3.399527
v 1.373059 11.480768 3.399527
v 1.436709 11.361650 3.254529
v 1.414083 11.361651 3.390274
v 1.414083 11.361651 3.390274
v 1.324200 11.206017 3.405260
v 1.017495 11.480772 3.626245
v 1.022529 11.517289 3.577609
v 1.162649 11.480772 3.603476
v 1.169014 11.517289 3.554725
v 1.019111 11.297184 3.362543
v 1.023218 11.242533 3.401560
v 1.116385 11.297184 3.354872
v 1.017496 11.242534 3.626244
v 1.012399 11.297185 3.657155
v 1.162650 11.242534 3.603475
v 1.154954 11.297185 3.633180
v 1.019110 11.426117 3.362541
v 1.014536 11.361651 3.345873
v 1.116385 11.426117 3.354872
v 1.101720 11.361652 3.340962
v 1.010811 11.361652 3.668393
v 1.012398 11.426120 3.657155
v 1.152149 11.361652 3.643749
v 1.154953 11.426120 3.633181
v 1.025741 11.530112 3.518029
v 1.025892 11.517288 3.456349
v 1.022529 11.206017 3.577610
v 1.025892 11.206017 3.456350
v 1.025741 11.193192 3.518029
v 1.023219 11.480771 3.401561
v 1.010811 11.361652 3.668393
v 1.152149 11.361652 3.643749
v 1.168155 11.242532 -3.280731
v 1.143046 11.242533 -3.395817
v 1.260760 11.530112 -3.421057
v 1.414082 11.361651 -3.405802
v 1.371202 11.361651 -3.518377
v 1.436708 11.361650 -3.270057
v 1.414082 11.361651 -3.405802
v 1.192375 11.517288 -3.415373
v 1.192376 11.206017 -3.415372
v -0.969820 11.297184 -3.382257
v -0.969820 11.242533 -3.418420
v -0.969820 11.242532 -3.654351
v -0.969820 11.297183 -3.690515
v -0.969820 11.426119 -3.382257
v -0.969820 11.361651 -3.369558
v -0.969820 11.361650 -3.703213
v -0.969820 11.426118 -3.690515
v -0.969820 11.480770 -3.654351
v -0.969820 11.517287 -3.600228
v -0.969820 11.361650 -3.703213
v -0.969820 11.206017 -3.472543
v -0.969820 11.193192 -3.536386
v -0.969820 11.480771 -3.418420
v -0.969820 11.206016 -3.600228
v -0.969820 11.530112 -3.536386
v -0.969820 11.517288 -3.472543
v -0.569942 11.481771 -3.409497
v -0.621282 11.577712 -3.414418
v -0.641943 11.557053 -3.334214
v -0.621282 11.476847 -3.313553
v -1.117104 11.481770 -3.662091
v -1.065764 11.577711 -3.657170
v -1.045103 11.557053 -3.737374
v -1.065764 11.476847 -3.758034
v -0.717226 11.481770 -3.809375
v -0.722147 11.577711 -3.758035
v -0.641943 11.557053 -3.737374
v -0.621282 11.476847 -3.758034
v -0.969820 11.081891 -3.662091
v -1.065764 11.133232 -3.657170
v -1.045103 11.153893 -3.737374
v -0.964899 11.133232 -3.758034
v -0.717226 11.629052 -3.662091
v -0.621282 11.577711 -3.657170
v -0.969820 11.629052 -3.662091
v -0.843523 11.645678 -3.664879
v -0.843523 11.586115 -3.766437
v -0.964899 11.577711 -3.758035
v -0.969820 11.629053 -3.409497
v -0.843523 11.645679 -3.406708
v -0.843523 11.665152 -3.535793
v -0.972609 11.645679 -3.535793
v -0.717226 11.629053 -3.409497
v -0.612880 11.586116 -3.535793
v -0.714437 11.645679 -3.535793
v -0.717226 11.081891 -3.662091
v -0.843523 11.065267 -3.664879
v -0.843523 11.124829 -3.766437
v -0.722147 11.133232 -3.758034
v -0.717226 11.081892 -3.409497
v -0.843523 11.065268 -3.406708
v -0.843523 11.045793 -3.535793
v -0.714437 11.065268 -3.535793
v -0.969820 11.081892 -3.409497
v -1.065764 11.133233 -3.414418
v -1.074166 11.124830 -3.535793
v -0.972609 11.065268 -3.535793
v -0.717226 11.229177 -3.809375
v -0.714437 11.355473 -3.825998
v -0.612880 11.355473 -3.766437
v -0.621282 11.234096 -3.758034
v -0.969820 11.229177 -3.809375
v -0.972609 11.355473 -3.825998
v -0.843523 11.355473 -3.845473
v -0.843523 11.226388 -3.825998
v -0.969820 11.481770 -3.809375
v -0.843523 11.484557 -3.825998
v -1.117104 11.229177 -3.662091
v -1.133728 11.355473 -3.664879
v -1.074166 11.355473 -3.766437
v -1.065764 11.234096 -3.758034
v -1.117104 11.229177 -3.409497
v -1.133728 11.355474 -3.406708
v -1.153203 11.355474 -3.535793
v -1.133728 11.226389 -3.535793
v -1.117104 11.481771 -3.409497
v -1.065764 11.577712 -3.414418
v -1.074166 11.586116 -3.535793
v -1.133728 11.484558 -3.535793
v -0.999814 11.359299 -3.280098
v -0.955208 11.251614 -3.280083
v -0.964552 11.267500 -3.364488
v -1.007684 11.371626 -3.364488
v -0.946256 11.458205 -3.155950
v -0.988810 11.355473 -3.155950
v -0.997371 11.355473 -3.129907
v -0.952310 11.464259 -3.129907
v -0.847527 11.511586 -3.280098
v -0.955210 11.466983 -3.280100
v -0.964552 11.475756 -3.364488
v -0.860425 11.518887 -3.364488
v -0.569942 11.229177 -3.409497
v -0.553318 11.355474 -3.406708
v -0.612880 11.355473 -3.305151
v -0.621282 11.234097 -3.313553
v -0.569942 11.229177 -3.662091
v -0.553318 11.355473 -3.664879
v -0.533843 11.355474 -3.535793
v -0.553318 11.226389 -3.535793
v -0.569942 11.481770 -3.662091
v -0.612880 11.586116 -3.535793
v -0.553318 11.484558 -3.535793
v -0.621282 11.133232 -3.657170
v -0.612880 11.124830 -3.535793
v -0.641943 11.153893 -3.737374
v -0.621282 11.133233 -3.414418
v -0.641943 11.153893 -3.334213
v -0.612880 11.124830 -3.535793
v -0.553318 11.226389 -3.535793
v -0.533843 11.355474 -3.535793
v -0.722147 11.577712 -3.313553
v -0.717784 11.481212 -3.268573
v -0.695230 11.359293 -3.280050
v -0.739841 11.466979 -3.280082
v -0.756298 11.475756 -3.364488
v -0.713167 11.371626 -3.364488
v -0.717785 11.229734 -3.268573
v -0.722147 11.133232 -3.313553
v -0.847520 11.207002 -3.280051
v -0.739831 11.251605 -3.280034
v -0.756298 11.267500 -3.364488
v -0.860425 11.224368 -3.364488
v -0.964899 11.133232 -3.313553
v -0.969262 11.229734 -3.268573
v -1.065764 11.234097 -3.313553
v -1.045103 11.153893 -3.334213
v -0.695230 11.359293 -3.280050
v -0.713167 11.371626 -3.364488
v -0.969261 11.481212 -3.268573
v -0.964899 11.577712 -3.313553
v -1.045103 11.557053 -3.334214
v -1.065764 11.476847 -3.313553
v -0.740790 11.252740 -3.155950
v -0.698236 11.355473 -3.155950
v -0.689675 11.355473 -3.129907
v -0.734736 11.246686 -3.129907
v -1.074166 11.355473 -3.305151
v -1.074166 11.124830 -3.535793
v -1.133728 11.226389 -3.535793
v -1.153203 11.355474 -3.535793
v -0.843523 11.124830 -3.305151
v -0.714437 11.065268 -3.535793
v -0.843523 11.045793 -3.535793
v -0.843523 11.586116 -3.305151
v -1.074166 11.586116 -3.535793
v -0.972609 11.645679 -3.535793
v -0.843523 11.665152 -3.535793
v -0.714437 11.645679 -3.535793
v -0.972609 11.065268 -3.535793
v -1.133728 11.484558 -3.535793
v -0.946256 11.252740 -3.155950
v -0.952310 11.246686 -3.129907
v -0.843523 11.532577 -3.269421
v -0.553318 11.484558 -3.535793
v -0.666419 11.355473 -3.269421
v -0.843523 11.178369 -3.269421
v -0.843523 11.210185 -3.155950
v -0.843523 11.201625 -3.129907
v -0.740790 11.458205 -3.155950
v -0.843523 11.500759 -3.155950
v -0.843523 11.509321 -3.129907
v -0.734736 11.464259 -3.129907
v -0.698236 11.355473 -3.155950
v -0.689675 11.355473 -3.129907
v -1.020627 11.355473 -3.269421
v -0.744063 11.256013 -3.181653
v -0.702865 11.355473 -3.181653
v -0.743552 11.255502 -3.211205
v -0.702143 11.355473 -3.211205
v -0.756298 11.267500 -3.364488
v -0.713167 11.371626 -3.364488
v -0.942983 11.256013 -3.181653
v -0.843523 11.214816 -3.181653
v -0.943493 11.255502 -3.211205
v -0.843523 11.214095 -3.211205
v -0.964552 11.267500 -3.364488
v -0.860425 11.224368 -3.364488
v -0.744063 11.454931 -3.181653
v -0.843523 11.496132 -3.181653
v -0.743553 11.455443 -3.211205
v -0.843523 11.496853 -3.211205
v -0.756298 11.475756 -3.364488
v -0.860425 11.518887 -3.364488
v -0.984181 11.355473 -3.181653
v -0.984903 11.355473 -3.211205
v -1.007684 11.371626 -3.364488
v -0.942983 11.454931 -3.181653
v -0.943493 11.455443 -3.211205
v -0.964552 11.475756 -3.364488
v -0.702865 11.355473 -3.181653
v -0.702143 11.355473 -3.211205
v -0.713167 11.371626 -3.364488
v -0.844060 11.521253 -3.265171
v -0.726944 11.473101 -3.264745
v -0.726944 11.473101 -3.264745
v -0.844060 11.521253 -3.265171
v -0.845525 11.513569 -3.269079
v -0.735017 11.467893 -3.268957
v -0.689336 11.357381 -3.269055
v -0.678791 11.355985 -3.265165
v -0.678791 11.355985 -3.265165
v -0.845521 11.201199 -3.269056
v -0.735013 11.246874 -3.268933
v -0.844058 11.190718 -3.265165
v -0.726943 11.238870 -3.264738
v -0.726943 11.238870 -3.264738
v -0.844058 11.190718 -3.265165
v -0.689336 11.357381 -3.269055
v -0.678791 11.355985 -3.265165
v -0.956030 11.246878 -3.268958
v -0.961174 11.238871 -3.264745
v -0.961174 11.238871 -3.264745
v -1.009327 11.355985 -3.265171
v -1.009327 11.355985 -3.265171
v -1.001709 11.357386 -3.269079
v -0.961174 11.473102 -3.264746
v -0.961174 11.473102 -3.264746
v -0.956032 11.467893 -3.268966
v -0.569942 11.481771 3.393968
v -0.621282 11.476848 3.298024
v -0.641942 11.557054 3.318685
v -0.621282 11.577712 3.398890
v -1.117103 11.481771 3.646563
v -1.065763 11.476849 3.742506
v -1.045102 11.557055 3.721846
v -1.065763 11.577713 3.641641
v -0.717225 11.481771 3.793846
v -0.621282 11.476849 3.742506
v -0.641942 11.557055 3.721846
v -0.722146 11.577713 3.742506
v -0.969819 11.081893 3.646563
v -0.964898 11.133234 3.742506
v -1.045102 11.153894 3.721846
v -1.065763 11.133234 3.641641
v -0.717225 11.629054 3.646563
v -0.621282 11.577713 3.641641
v -0.969819 11.629054 3.646563
v -0.964898 11.577713 3.742506
v -0.843522 11.586117 3.750909
v -0.843522 11.645679 3.649351
v -0.969819 11.629053 3.393968
v -0.972608 11.645679 3.520265
v -0.843522 11.665152 3.520265
v -0.843522 11.645679 3.391180
v -0.717225 11.629053 3.393968
v -0.714437 11.645679 3.520265
v -0.612879 11.586116 3.520265
v -0.717225 11.081893 3.646563
v -0.722146 11.133234 3.742506
v -0.843522 11.124831 3.750909
v -0.843522 11.065269 3.649351
v -0.717225 11.081892 3.393968
v -0.714437 11.065268 3.520265
v -0.843522 11.045793 3.520265
v -0.843522 11.065268 3.391180
v -0.969819 11.081892 3.393968
v -0.972608 11.065268 3.520265
v -1.074166 11.124830 3.520265
v -1.065763 11.133233 3.398890
v -0.717225 11.229178 3.793846
v -0.621282 11.234097 3.742506
v -0.612879 11.355474 3.750909
v -0.714437 11.355474 3.810470
v -0.969819 11.229178 3.793846
v -0.843522 11.226390 3.810470
v -0.843522 11.355474 3.829945
v -0.972608 11.355474 3.810470
v -0.969819 11.481771 3.793846
v -0.843522 11.484559 3.810470
v -1.117103 11.229178 3.646563
v -1.065763 11.234097 3.742506
v -1.074166 11.355474 3.750909
v -1.133727 11.355474 3.649351
v -1.117103 11.229177 3.393968
v -1.133727 11.226389 3.520265
v -1.153202 11.355474 3.520265
v -1.133727 11.355474 3.391180
v -1.117103 11.481771 3.393968
v -1.133727 11.484558 3.520265
v -1.074166 11.586116 3.520265
v -1.065763 11.577712 3.398890
v -0.999813 11.359300 3.264571
v -1.007683 11.371626 3.348960
v -0.964552 11.267500 3.348960
v -0.955208 11.251614 3.264555
v -0.946256 11.458206 3.140422
v -0.952309 11.464260 3.114379
v -0.997370 11.355474 3.114379
v -0.988810 11.355474 3.140422
v -0.847526 11.511587 3.264570
v -0.860425 11.518887 3.348960
v -0.964552 11.475756 3.348960
v -0.955210 11.466983 3.264573
v -0.569942 11.229177 3.393968
v -0.621282 11.234097 3.298024
v -0.612879 11.355474 3.289623
v -0.553318 11.355474 3.391180
v -0.569942 11.229178 3.646563
v -0.553318 11.226389 3.520265
v -0.533842 11.355474 3.520265
v -0.553318 11.355474 3.649351
v -0.569942 11.481771 3.646563
v -0.553318 11.484558 3.520265
v -0.612879 11.586116 3.520265
v -0.621282 11.133234 3.641641
v -0.612879 11.124830 3.520265
v -0.641942 11.153894 3.721846
v -0.621282 11.133233 3.398890
v -0.641942 11.153893 3.318685
v -0.612879 11.124830 3.520265
v -0.553318 11.226389 3.520265
v -0.533842 11.355474 3.520265
v -0.717784 11.481212 3.253045
v -0.722146 11.577712 3.298024
v -0.695229 11.359294 3.264522
v -0.713166 11.371626 3.348960
v -0.756297 11.475756 3.348960
v -0.739840 11.466980 3.264554
v -0.722146 11.133233 3.298024
v -0.717784 11.229735 3.253044
v -0.847519 11.207004 3.264524
v -0.860425 11.224368 3.348960
v -0.756297 11.267500 3.348960
v -0.739831 11.251606 3.264506
v -0.964898 11.133233 3.298024
v -1.045102 11.153893 3.318685
v -1.065763 11.234097 3.298024
v -0.969261 11.229735 3.253044
v -0.713166 11.371626 3.348960
v -0.695229 11.359294 3.264522
v -0.969261 11.481212 3.253044
v -1.065763 11.476848 3.298024
v -1.045102 11.557054 3.318685
v -0.964898 11.577712 3.298024
v -0.740789 11.252742 3.140422
v -0.734736 11.246686 3.114379
v -0.689674 11.355474 3.114379
v -0.698235 11.355474 3.140422
v -1.074166 11.355474 3.289623
v -1.074166 11.124830 3.520265
v -1.133727 11.226389 3.520265
v -1.153202 11.355474 3.520265
v -0.843522 11.124831 3.289623
v -0.714437 11.065268 3.520265
v -0.843522 11.045793 3.520265
v -0.843522 11.586116 3.289622
v -1.074166 11.586116 3.520265
v -0.972608 11.645679 3.520265
v -0.843522 11.665152 3.520265
v -0.714437 11.645679 3.520265
v -0.972608 11.065268 3.520265
v -1.133727 11.484558 3.520265
v -0.952309 11.246686 3.114379
v -0.946256 11.252742 3.140422
v -0.843522 11.532577 3.253894
v -0.553318 11.484558 3.520265
v -0.666418 11.355474 3.253893
v -0.843522 11.178370 3.253893
v -0.843522 11.210186 3.140422
v -0.843522 11.201625 3.114379
v -0.740789 11.458206 3.140422
v -0.734735 11.464260 3.114379
v -0.843522 11.509322 3.114379
v -0.843522 11.500760 3.140422
v -0.698235 11.355474 3.140422
v -0.689674 11.355474 3.114379
v -1.020626 11.355474 3.253893
v -0.702864 11.355474 3.166124
v -0.744062 11.256014 3.166124
v -0.702143 11.355474 3.195677
v -0.743552 11.255503 3.195677
v -0.713166 11.371626 3.348960
v -0.756297 11.267500 3.348960
v -0.843522 11.214817 3.166124
v -0.942982 11.256014 3.166124
v -0.843522 11.214095 3.195677
v -0.943493 11.255503 3.195677
v -0.860425 11.224368 3.348960
v -0.964552 11.267500 3.348960
v -0.843522 11.496132 3.166124
v -0.744063 11.454933 3.166124
v -0.843522 11.496854 3.195677
v -0.743552 11.455444 3.195677
v -0.860425 11.518887 3.348960
v -0.756297 11.475756 3.348960
v -0.984180 11.355474 3.166124
v -0.984902 11.355474 3.195677
v -1.007683 11.371626 3.348960
v -0.942982 11.454933 3.166124
v -0.943493 11.455444 3.195677
v -0.964552 11.475756 3.348960
v -0.702864 11.355474 3.166124
v -0.702143 11.355474 3.195677
v -0.713166 11.371626 3.348960
v -0.726943 11.473101 3.249217
v -0.844059 11.521254 3.249643
v -0.726943 11.473101 3.249217
v -0.735017 11.467894 3.253429
v -0.845524 11.513570 3.253551
v -0.844059 11.521254 3.249643
v -0.689336 11.357382 3.253527
v -0.678790 11.355987 3.249637
v -0.678790 11.355987 3.249637
v -0.735012 11.246874 3.253405
v -0.845521 11.201200 3.253528
v -0.726943 11.238871 3.249210
v -0.844058 11.190718 3.249636
v -0.726943 11.238871 3.249210
v -0.844058 11.190718 3.249636
v -0.689336 11.357382 3.253527
v -0.678790 11.355987 3.249637
v -0.956030 11.246879 3.253430
v -0.961174 11.238872 3.249217
v -0.961174 11.238872 3.249217
v -1.009326 11.355987 3.249643
v -1.009326 11.355987 3.249643
v -1.001708 11.357387 3.253551
v -0.961174 11.473103 3.249218
v -0.956031 11.467894 3.253438
v -0.961174 11.473103 3.249218
v -3.417277 10.419170 2.507043
v -3.284657 10.772846 2.507043
v -3.309065 10.785730 1.841550
v -3.445644 10.422011 1.841551
v -1.450178 12.293651 1.841550
v -1.450178 12.293651 -1.841554
v -1.853889 12.238068 -1.841554
v -1.853889 12.238066 1.841550
v -3.567062 9.734741 -1.833137
v -3.469108 9.734741 -1.782797
v -3.469108 9.734740 1.782795
v -3.567062 9.734740 1.833134
v -0.587309 12.293651 -1.841554
v -0.587309 12.293651 1.841550
v -2.256859 12.054587 1.841550
v -2.256859 12.054589 -1.841554
v -2.646176 11.732622 -1.841553
v -2.646176 11.732620 1.841551
v -3.003834 11.297471 -1.841553
v -3.003834 11.297469 1.841551
v -3.309065 10.785730 -1.841554
v -3.356743 10.412235 2.789263
v -3.233264 10.744623 2.789473
v 0.874359 9.734740 1.827884
v 0.855303 9.734740 1.788045
v 0.855303 9.734741 -1.788048
v 0.874359 9.734741 -1.827887
v 0.798615 10.785730 -1.841554
v 0.798615 10.785730 1.841550
v 0.861034 10.242623 1.841551
v 0.861034 10.242623 -1.841553
v -0.189618 12.238068 -1.841554
v -0.189618 12.238066 1.841550
v 0.168629 12.054587 1.841550
v 0.168629 12.054589 -1.841554
v 0.462171 11.732620 1.841551
v 0.462171 11.732622 -1.841553
v 0.674776 11.297469 1.841551
v 0.674776 11.297471 -1.841553
v 0.640505 9.734741 3.008835
v 0.704076 9.734741 2.934100
v 0.708314 9.751451 2.949690
v 0.643374 9.751449 3.025293
v -1.796679 11.769629 3.136558
v -1.437004 11.821210 3.136558
v -1.439309 12.002007 3.025293
v -1.817357 11.950388 3.025293
v -1.839697 12.126413 2.790186
v -1.445070 12.180023 2.790153
v -1.448538 12.257688 2.507043
v -1.849861 12.202785 2.507043
v -0.588949 12.257688 2.507043
v -0.592564 12.180075 2.789971
v -1.437004 11.821209 -3.136560
v -1.796679 11.769629 -3.136561
v -1.817357 11.950388 -3.025296
v -1.439309 12.002006 -3.025296
v -1.445070 12.180023 -2.790156
v -1.839697 12.126411 -2.790190
v -1.849861 12.202785 -2.507046
v -1.448538 12.257689 -2.507046
v -0.592564 12.180073 -2.789974
v -0.588949 12.257689 -2.507046
v -2.135138 11.610617 3.136558
v -2.183369 11.781590 3.025293
v -2.230515 11.948547 2.790194
v -2.250438 12.021086 2.507043
v -2.536362 11.497145 3.025293
v -2.205351 11.859094 2.947210
v -2.569686 11.563272 2.948089
v -2.135138 11.610616 -3.136561
v -2.183369 11.781590 -3.025296
v -2.230515 11.948546 -2.790197
v -2.250438 12.021085 -2.507046
v -0.603045 12.002007 3.025293
v -0.259177 11.950388 3.025293
v -0.239451 12.032034 2.947290
v -0.598031 12.084407 2.947374
v -2.460351 11.349534 3.136558
v -2.608343 11.641252 2.789956
v -2.637835 11.703750 2.507043
v -2.855369 11.118967 3.025293
v -2.899251 11.168461 2.949270
v -2.460351 11.349532 -3.136560
v -2.536362 11.497144 -3.025296
v -2.608343 11.641252 -2.789959
v -2.637835 11.703749 -2.507046
v -2.205351 11.859094 -2.947213
v -1.827642 12.032060 -2.947269
v -2.752550 11.006149 3.136558
v -2.951446 11.228487 2.789606
v -2.990115 11.275698 2.507043
v -3.113248 10.678110 3.025293
v -3.166991 10.707938 2.950020
v -2.752550 11.006148 -3.136560
v -2.855369 11.118966 -3.025296
v -2.951446 11.228486 -2.789609
v -2.990115 11.275697 -2.507046
v -2.569686 11.563271 -2.948092
v -2.987581 10.608086 3.136558
v -3.217296 10.393224 3.025293
v -3.279593 10.401937 2.949994
v -2.987581 10.608085 -3.136560
v -3.113248 10.678110 -3.025296
v -3.233264 10.744623 -2.789476
v -3.284657 10.772845 -2.507046
v -3.356743 10.412234 -2.789265
v -3.417277 10.419169 -2.507046
v -3.331037 9.734740 -3.011271
v -3.395472 9.734740 -2.936465
v -3.409244 9.751408 -2.949711
v -3.344346 9.751417 -3.025296
v -3.331037 9.734740 -3.011271
v -3.184446 9.734740 -3.121605
v -3.098245 9.734740 -3.037105
v -3.239998 9.734740 -2.928971
v -3.445644 10.422011 -1.841553
v 0.494630 9.734740 -3.120602
v 0.481554 9.734740 -3.038108
v -3.098245 9.734740 -3.037105
v -3.184446 9.734740 -3.121605
v -3.395472 9.734740 -2.936465
v -3.300838 9.734740 -2.857940
v 0.479689 10.188438 3.136558
v 0.496516 9.751441 3.136559
v 0.625843 10.212292 3.025293
v -3.166991 10.707936 -2.950023
v -2.899251 11.168459 -2.949273
v -3.075034 10.369472 3.136558
v -0.603045 12.002006 -3.025296
v -1.441817 12.084570 -2.947225
v -0.598031 12.084407 -2.947378
v -3.075034 10.369471 -3.136560
v -3.217296 10.393224 -3.025296
v -3.475735 9.734741 2.774859
v -3.537999 9.734741 2.495595
v -3.440815 9.734741 2.427044
v -3.380869 9.734741 2.696243
v -0.304267 11.769629 -3.136561
v -0.617233 11.821209 -3.136560
v -0.259177 11.950388 -3.025296
v -0.216734 12.126536 -2.789722
v -0.198671 12.202785 -2.507046
v 0.035254 11.781590 -3.025296
v -0.239451 12.032034 -2.947294
v 0.072310 11.860081 -2.946218
v -0.617233 11.821210 3.136558
v -0.304267 11.769629 3.136558
v -0.216734 12.126536 2.789719
v -0.198671 12.202785 2.507043
v 0.691127 10.221449 2.948811
v -0.044753 11.610616 -3.136561
v 0.114436 11.948685 -2.789651
v 0.149541 12.021085 -2.507046
v 0.274722 11.497144 -3.025296
v 0.326120 11.565261 -2.945767
v -0.044753 11.610617 3.136558
v 0.035254 11.781590 3.025293
v 0.114436 11.948685 2.789648
v 0.149541 12.021086 2.507043
v 0.166455 11.349532 -3.136560
v 0.384345 11.641380 -2.789379
v 0.433858 11.703749 -2.507046
v 0.450484 11.118966 -3.025296
v 0.511894 11.170590 -2.946001
v 0.166455 11.349534 3.136558
v 0.274722 11.497145 3.025293
v 0.384345 11.641380 2.789376
v 0.433858 11.703750 2.507043
v 0.072310 11.860082 2.946214
v 0.322227 11.006148 -3.136560
v 0.582291 11.228614 -2.788839
v 0.642531 11.275697 -2.507046
v 0.564874 10.678110 -3.025296
v 0.630920 10.709131 -2.947010
v 0.322227 11.006149 3.136558
v 0.450484 11.118967 3.025293
v 0.582291 11.228614 2.788836
v 0.642531 11.275698 2.507043
v 0.326120 11.565262 2.945764
v 0.424252 10.608085 -3.136560
v 0.707735 10.744803 -2.787656
v 0.770054 10.772845 -2.507046
v 0.625843 10.212291 -3.025296
v 0.691127 10.221448 -2.948814
v 0.424252 10.608086 3.136558
v 0.564874 10.678110 3.025293
v 0.707735 10.744805 2.787653
v 0.770054 10.772846 2.507043
v 0.511894 11.170590 2.945998
v 0.479689 10.188437 -3.136560
v 0.770372 10.232136 -2.786200
v 0.832084 10.239525 -2.507046
v 0.643374 9.751448 -3.025296
v 0.708314 9.751451 -2.949692
v 0.770372 10.232137 2.786197
v 0.832084 10.239525 2.507043
v 0.789197 9.751453 2.784609
v 0.851038 9.751454 2.507043
v 0.846038 9.734740 -2.490420
v 0.826268 9.734740 -2.432224
v 0.785612 9.734740 -2.765414
v 0.766900 9.734740 -2.694892
v -3.422291 9.751388 2.415596
v -3.362612 9.751398 2.683543
v -3.380869 9.734741 2.696243
v -3.440815 9.734741 2.427044
v 0.789197 9.751453 -2.784611
v 0.851038 9.751454 -2.507046
v 0.640505 9.734741 3.008835
v 0.494630 9.734741 3.120600
v 0.481554 9.734741 3.038105
v 0.624022 9.734741 2.931402
v 0.846038 9.734740 -2.490420
v 0.785612 9.734740 -2.765414
v 0.704076 9.734741 2.934100
v 0.684699 9.734741 2.861474
v 0.880243 9.751454 1.841551
v 0.880243 9.751456 -1.841553
v -1.827642 12.032061 2.947266
v -1.441817 12.084570 2.947222
v -3.279593 10.401937 -2.949997
v -3.308788 10.020208 3.025293
v -3.166089 9.996237 3.136558
v -3.344346 9.751418 3.025293
v -3.371892 10.029300 2.949825
v -3.409244 9.751408 2.949709
v -3.539613 10.050769 1.841551
v -3.511094 10.047634 2.507043
v -3.166089 9.996235 -3.136560
v -3.308788 10.020207 -3.025296
v -3.449838 10.040107 -2.788951
v -3.511094 10.047634 -2.507046
v -3.489250 9.751398 -2.788489
v -3.551934 9.751388 -2.507046
v -3.539613 10.050769 -1.841553
v -3.184446 9.734741 3.121603
v -3.098245 9.734741 3.037103
v 0.481554 9.734741 3.038105
v 0.494630 9.734741 3.120600
v -3.537999 9.734740 -2.495597
v -3.440815 9.734740 -2.427047
v -3.197556 9.751431 3.136559
v -3.292628 10.394206 2.415596
v -3.319961 10.396942 1.774378
v -3.188363 10.747393 1.774378
v -3.164846 10.734980 2.415596
v -1.397281 12.200312 1.774377
v -1.786267 12.146754 1.774377
v -1.786267 12.146754 -1.774381
v -1.397281 12.200312 -1.774381
v -3.410502 10.039241 1.774378
v -3.450423 9.751380 1.774378
v -3.450423 9.751382 -1.774381
v -3.410502 10.039242 -1.774381
v -0.565886 12.200312 -1.774381
v -0.565886 12.200312 1.774377
v -2.174537 11.969969 1.774378
v -2.549654 11.659746 1.774378
v -2.549654 11.659747 -1.774381
v -2.174537 11.969970 -1.774381
v -2.894266 11.240467 1.774378
v -2.894266 11.240467 -1.774381
v -3.188363 10.747394 -1.774381
v -3.234998 10.387602 2.684273
v -3.115919 10.708112 2.684470
v 0.434052 11.068475 2.914943
v 0.491431 11.116711 2.840852
v 0.605950 10.672669 2.841831
v 0.544270 10.643700 2.914943
v 0.769484 10.747394 -1.774381
v 0.829627 10.224097 -1.774381
v 0.829627 10.224097 1.774378
v 0.769484 10.747393 1.774378
v -0.182701 12.146754 -1.774381
v 0.162478 11.969970 -1.774381
v 0.162478 11.969969 1.774378
v -0.182701 12.146754 1.774377
v 0.445313 11.659747 -1.774381
v 0.445313 11.659746 1.774378
v 0.650163 11.240467 -1.774381
v 0.650163 11.240467 1.774378
v -3.537999 9.734741 2.495595
v -3.475735 9.734741 2.774859
v -3.489250 9.751398 2.788486
v -3.551934 9.751388 2.507043
v -1.731143 11.695405 3.022148
v -1.751067 11.869569 2.914942
v -1.386809 11.919307 2.914942
v -1.384588 11.745105 3.022148
v -1.772709 12.040047 2.685173
v -1.782385 12.112761 2.415596
v -1.395701 12.165660 2.415596
v -1.392399 12.091717 2.685147
v -0.567466 12.165660 2.415596
v -0.570909 12.091762 2.684977
v -1.384588 11.745105 -3.022151
v -1.386809 11.919305 -2.914946
v -1.751067 11.869569 -2.914946
v -1.731143 11.695404 -3.022151
v -1.392399 12.091715 -2.685150
v -1.395701 12.165659 -2.415599
v -1.782385 12.112760 -2.415599
v -1.772709 12.040047 -2.685177
v -0.570909 12.091761 -2.684980
v -0.567466 12.165659 -2.415599
v -2.057256 11.542192 3.022148
v -2.103728 11.706927 2.914943
v -2.149383 11.868626 2.685177
v -2.168351 11.937688 2.415596
v -2.443846 11.432858 2.914943
v -2.474891 11.494465 2.843016
v -2.124225 11.779198 2.842134
v -2.103728 11.706927 -2.914946
v -2.057256 11.542192 -3.022151
v -2.168351 11.937688 -2.415599
v -2.149383 11.868625 -2.685181
v -0.581048 11.919307 2.914942
v -0.576373 11.996145 2.842283
v -0.231326 11.945717 2.842191
v -0.249724 11.869569 2.914942
v -2.370607 11.290633 3.022148
v -2.513540 11.572428 2.684940
v -2.541617 11.631927 2.415596
v -2.751217 11.068475 2.914943
v -2.792051 11.114532 2.844199
v -2.443846 11.432857 -2.914945
v -2.370607 11.290632 -3.022151
v -2.541617 11.631927 -2.415599
v -2.513540 11.572427 -2.684943
v -1.760657 11.945723 -2.842190
v -2.124225 11.779196 -2.842137
v -2.652147 10.959773 3.022148
v -2.844235 11.174543 2.684594
v -2.881048 11.219490 2.415596
v -2.999689 10.643700 2.914943
v -3.049660 10.671433 2.844951
v -2.751217 11.068474 -2.914946
v -2.652147 10.959773 -3.022151
v -2.881048 11.219489 -2.415599
v -2.844235 11.174542 -2.684597
v -2.474891 11.494464 -2.843019
v -2.878605 10.576230 3.022148
v -3.099942 10.369205 2.914943
v -3.157866 10.377307 2.844928
v -2.999689 10.643700 -2.914946
v -2.878605 10.576229 -3.022151
v -3.164846 10.734979 -2.415599
v -3.115919 10.708112 -2.684473
v -3.292628 10.394204 -2.415599
v -3.234998 10.387602 -2.684275
v -3.188097 10.009794 -2.914946
v -3.099942 10.369205 -2.914945
v -3.157866 10.377307 -2.844931
v -3.246781 10.018248 -2.844764
v -3.050602 9.986695 -3.022151
v -3.222277 9.751417 -2.914945
v -3.080844 9.751431 -3.022151
v -3.319961 10.396942 -1.774381
v -0.348820 11.545987 -3.022151
v -0.607528 11.588626 -3.022151
v -1.373424 11.588626 -3.022151
v -1.685775 11.543831 -3.022151
v -1.973839 11.408495 -3.022151
v -2.261063 11.177911 -3.022151
v -2.524249 10.868620 -3.022151
v -2.736599 10.508971 -3.022151
v -2.812929 10.300708 -3.022151
v -2.896514 9.958088 -3.022151
v -2.902964 9.907909 -3.022151
v 0.315762 9.907918 -3.022151
v 0.306109 10.158603 -3.022151
v 0.254873 10.546451 -3.022151
v 0.162303 10.907627 -3.022151
v 0.026147 11.207770 -3.022151
v -0.147837 11.422838 -3.022151
v -3.282634 9.751408 -2.844648
v 0.462192 10.171889 3.022148
v 0.603015 10.194873 2.914943
v 0.619883 9.751449 2.914943
v 0.478381 9.751441 3.022148
v -2.792051 11.114530 -2.844202
v -3.049660 10.671433 -2.844954
v -2.962869 10.346318 3.022148
v -0.581048 11.919305 -2.914946
v -0.576373 11.996145 -2.842286
v -1.389148 11.996298 -2.842141
v -2.962869 10.346317 -3.022151
v -3.383023 10.036221 2.415596
v -3.324706 10.029055 2.683978
v -0.293168 11.695404 -3.022151
v -0.249724 11.869569 -2.914946
v -0.594719 11.745105 -3.022151
v -0.208623 12.040160 -2.684746
v -0.191425 12.112760 -2.415599
v 0.033969 11.706927 -2.914946
v 0.068568 11.780218 -2.841108
v -0.231326 11.945717 -2.842195
v -0.594719 11.745105 3.022148
v -0.293168 11.695405 3.022148
v -0.191425 12.112761 2.415596
v -0.208622 12.040160 2.684742
v 0.663918 10.203415 2.843593
v -0.043121 11.542192 -3.022151
v 0.110659 11.868749 -2.684699
v 0.144087 11.937688 -2.415599
v 0.264701 11.432857 -2.914945
v 0.312722 11.496499 -2.840642
v 0.033969 11.706927 2.914943
v -0.043121 11.542192 3.022148
v 0.144087 11.937688 2.415596
v 0.110659 11.868750 2.684696
v 0.160383 11.290632 -3.022151
v 0.370882 11.572532 -2.684460
v 0.418032 11.631927 -2.415599
v 0.434052 11.068474 -2.914946
v 0.491431 11.116711 -2.840855
v 0.264701 11.432858 2.914943
v 0.160383 11.290633 3.022148
v 0.418032 11.631927 2.415596
v 0.370882 11.572533 2.684457
v 0.068568 11.780219 2.841105
v 0.310474 10.959773 -3.022151
v 0.561724 11.174649 -2.683966
v 0.619094 11.219489 -2.415599
v 0.544270 10.643700 -2.914946
v 0.605950 10.672668 -2.841834
v 0.310474 10.959773 3.022148
v 0.619094 11.219490 2.415596
v 0.561724 11.174651 2.683963
v 0.312722 11.496500 2.840639
v 0.408777 10.576229 -3.022151
v 0.682614 10.708275 -2.682844
v 0.741966 10.734979 -2.415599
v 0.603015 10.194872 -2.914945
v 0.663918 10.203413 -2.843595
v 0.408777 10.576230 3.022148
v 0.741966 10.734980 2.415596
v 0.682614 10.708275 2.682842
v 0.462192 10.171888 -3.022151
v 0.742957 10.214075 -2.681471
v 0.801733 10.221112 -2.415599
v 0.619883 9.751448 -2.914945
v 0.680460 9.751451 -2.844420
v 0.801733 10.221113 2.415596
v 0.742957 10.214075 2.681468
v 0.819971 9.751454 2.415596
v 0.761065 9.751453 2.679988
v 0.819971 9.751454 -2.415599
v 0.848112 9.751456 -1.774381
v 0.761065 9.751453 -2.679991
v 0.848112 9.751454 1.774378
v 0.680460 9.751451 2.844418
v 0.478381 9.751441 -3.022151
v -1.760657 11.945724 2.842186
v -1.389148 11.996299 2.842137
v -3.188097 10.009794 2.914943
v -3.050602 9.986696 3.022148
v -3.222277 9.751418 2.914943
v -3.282634 9.751410 2.844646
v -3.246781 10.018249 2.844760
v -3.324706 10.029055 -2.683981
v -3.383023 10.036221 -2.415599
v -3.422291 9.751388 -2.415599
v -3.362612 9.751398 -2.683545
v -1.691091 11.561591 3.022148
v -1.374732 11.606962 3.022148
v -0.606027 11.606962 3.022148
v -0.342299 11.563495 3.022148
v -0.135568 11.436824 3.022148
v 0.041875 11.217480 3.022148
v 0.179664 10.913737 3.022148
v 0.272906 10.549941 3.022148
v 0.324397 10.160160 3.022148
v 0.334816 9.889585 3.022148
v -2.923806 9.889575 3.022148
v -2.914568 9.961441 3.022148
v -2.830497 10.306052 3.022148
v -2.753238 10.516852 3.022148
v -2.539235 10.879300 3.022148
v -2.273898 11.191119 3.022148
v -1.983613 11.424162 3.022148
v -3.581132 9.751382 -1.841553
v -3.581132 9.751380 1.841551
v -3.371892 10.029299 -2.949828
v -3.449838 10.040108 2.788948
v -1.756627 11.635816 3.136558
v -2.061495 11.492586 3.136558
v -2.363642 11.250019 3.136558
v -2.639637 10.925677 3.136558
v -2.862213 10.548708 3.136558
v -2.942662 10.329206 3.136558
v -3.030056 9.970981 3.136558
v -3.040519 9.889575 3.136558
v 0.352950 9.889585 3.136558
v 0.341895 10.176710 3.136558
v 0.288381 10.581796 3.136558
v 0.191417 10.960114 3.136558
v 0.047947 11.276381 3.136558
v -0.137200 11.505248 3.136558
v -0.353397 11.637720 3.136558
v -0.628541 11.683066 3.136558
v -1.427149 11.683066 3.136558
v 0.846038 9.734741 2.490417
v 0.826268 9.734741 2.432222
v 0.630920 10.709132 2.947007
v 0.494630 9.734740 -3.120602
v 0.640505 9.734740 -3.008837
v 0.624022 9.734740 -2.931405
v 0.481554 9.734740 -3.038108
v -3.080844 9.751431 3.022148
v 0.496516 9.751441 -3.136560
v -0.359918 11.620211 -3.136561
v -0.149470 11.491263 -3.136560
v 0.032218 11.266670 -3.136560
v 0.174056 10.954002 -3.136560
v 0.270348 10.578307 -3.136560
v 0.323607 10.175152 -3.136560
v 0.333896 9.907920 -3.136560
v -3.019677 9.907909 -3.136560
v -3.012001 9.967628 -3.136560
v -2.925093 10.323859 -3.136560
v -2.845575 10.540828 -3.136560
v -2.624651 10.914995 -3.136560
v -2.350806 11.236811 -3.136560
v -2.051721 11.476920 -3.136560
v -1.751311 11.618056 -3.136561
v -1.425841 11.664731 -3.136561
v -0.630042 11.664731 -3.136561
v -3.197556 9.751431 -3.136560
v -3.331037 9.734741 3.011269
v -3.184446 9.734741 3.121603
v -3.331037 9.734741 3.011269
v -3.395472 9.734741 2.936462
v -3.300838 9.734741 2.857938
v -3.239998 9.734741 2.928968
v -3.395472 9.734741 2.936462
v -3.567062 9.734740 1.833134
v -3.184446 9.734740 -3.121605
v -3.475735 9.734740 -2.774862
v -3.537999 9.734740 -2.495597
v -3.475735 9.734740 -2.774862
v -3.380869 9.734740 -2.696245
v -3.567062 9.734741 -1.833137
v 0.640505 9.734740 -3.008837
v 0.494630 9.734740 -3.120602
v 0.704076 9.734740 -2.934102
v 0.684699 9.734740 -2.861476
v 0.704076 9.734740 -2.934102
v 0.874359 9.734741 -1.827887
v 0.494630 9.734741 3.120600
v 0.785612 9.734741 2.765412
v 0.846038 9.734741 2.490417
v 0.785612 9.734741 2.765412
v 0.766900 9.734741 2.694890
v 0.874359 9.734740 1.827884
v 0.496516 9.751441 3.136559
v -3.197556 9.751431 3.136559
v -3.184446 9.734741 3.121603
v 0.494630 9.734741 3.120600
v -3.197556 9.751431 -3.136560
v 0.496516 9.751441 -3.136560
v 0.494630 9.734740 -3.120602
v -3.184446 9.734740 -3.121605
v -3.098245 9.734741 3.037103
v -3.239998 9.734741 2.928968
v -3.300838 9.734740 -2.857940
v -3.239998 9.734740 -2.928971
v -3.300838 9.734741 2.857938
v -3.469108 9.734740 1.782795
v -3.098245 9.734740 -3.037105
v -3.440815 9.734740 -2.427047
v -3.380869 9.734740 -2.696245
v 0.684699 9.734741 2.861474
v 0.624022 9.734741 2.931402
v -3.469108 9.734741 -1.782797
v 0.481554 9.734740 -3.038108
v 0.624022 9.734740 -2.931405
v 0.684699 9.734740 -2.861476
v 0.826268 9.734740 -2.432224
v 0.855303 9.734741 -1.788048
v 0.481554 9.734741 3.038105
v 0.826268 9.734741 2.432222
v 0.766900 9.734741 2.694890
v 0.766900 9.734740 -2.694892
v 0.855303 9.734740 1.788045
v 0.481554 9.734741 3.038105
v -3.098245 9.734741 3.037103
v -3.080844 9.751431 3.022148
v 0.478381 9.751441 3.022148
v -3.098245 9.734740 -3.037105
v 0.481554 9.734740 -3.038108
v 0.478381 9.751441 -3.022151
v -3.080844 9.751431 -3.022151
v -3.184446 9.734741 3.121603
v -3.098245 9.734741 3.037103
v -1.083425 11.088482 -2.191288
v -1.090183 11.054507 -2.191288
v -0.939065 10.991911 -2.191288
v -0.919819 11.020714 -2.191288
v -0.726833 10.554805 -2.191288
v -0.726833 10.731892 -2.191288
v -0.760808 10.725133 -2.191288
v -0.760808 10.561563 -2.191288
v -0.823404 10.876251 -2.191288
v -0.794601 10.895497 -2.191288
v -1.485757 11.112967 -2.191288
v -1.641586 10.957136 -2.191288
v -1.549335 10.895497 -2.191288
v -1.424116 11.020714 -2.191288
v -1.641586 10.329558 -2.191288
v -1.549335 10.391199 -2.191288
v -1.617103 10.554805 -2.191288
v -1.725921 10.533159 -2.191288
v -1.520532 10.410444 -2.191288
v -1.583128 10.561563 -2.191288
v -0.702349 10.957136 -2.191288
v -0.858179 11.112967 -2.191288
v -0.760808 10.725133 -2.191288
v -0.726833 10.731892 -2.191288
v -0.618015 10.753536 -2.191288
v -1.260510 10.198214 -2.191288
v -1.083425 10.198214 -2.191288
v -1.090183 10.232188 -2.191288
v -1.253753 10.232188 -2.191288
v -1.713414 11.005130 -2.226898
v -1.533751 11.184793 -2.226898
v -1.566031 11.233106 -2.284722
v -1.761726 11.037411 -2.284722
v -1.061780 11.197299 -2.191288
v -1.299009 10.004668 -2.226898
v -1.533750 10.101901 -2.226898
v -1.566031 10.053587 -2.284722
v -1.310344 9.947679 -2.284722
v -0.919819 10.265981 -2.191288
v -0.939065 10.294783 -2.191288
v -1.282156 11.197299 -2.191288
v -1.260510 11.088482 -2.191288
v -0.858179 10.173729 -2.191288
v -0.702349 10.329558 -2.191288
v -0.794601 10.391199 -2.191288
v -1.404871 10.991911 -2.191288
v -1.253753 11.054507 -2.191288
v -0.823404 10.410444 -2.191288
v -1.761726 11.037411 -3.022151
v -1.566031 11.233106 -3.022151
v -1.867634 10.781723 -3.022151
v -1.867635 10.781722 -2.284722
v -1.566031 10.053588 -3.022151
v -1.310344 9.947679 -3.022151
v -1.583128 10.725133 -2.191288
v -1.617103 10.731892 -2.191288
v -1.044926 10.004668 -2.226898
v -1.033591 9.947679 -2.284722
v -1.485757 10.173729 -2.191288
v -1.424116 10.265981 -2.191288
v -0.777904 10.053588 -3.022151
v -0.582210 10.249282 -3.022151
v -0.582210 10.249282 -2.284722
v -0.777904 10.053588 -2.284722
v -1.061780 10.089393 -2.191288
v -1.761726 10.249282 -3.022151
v -1.761726 10.249282 -2.284722
v -1.033591 11.339013 -3.022151
v -1.310344 11.339013 -3.022151
v -1.310344 11.339013 -2.284722
v -1.033591 11.339013 -2.284722
v -0.476301 10.504969 -3.022151
v -0.476301 10.781723 -3.022151
v -0.476301 10.781723 -2.284722
v -0.476301 10.504969 -2.284722
v -1.867634 10.504969 -3.022151
v -1.867635 10.504969 -2.284722
v -0.777904 11.233106 -3.022151
v -0.777904 11.233106 -2.284722
v -1.033591 9.947679 -3.022151
v -1.404871 10.294783 -2.191288
v -1.563697 10.721267 -1.680156
v -1.563697 10.565428 -1.680156
v -1.447442 10.588552 -1.680155
v -1.447442 10.698141 -1.680156
v -0.476301 10.781723 -3.022151
v -0.582210 11.037411 -3.022151
v -0.582210 11.037411 -2.284722
v -0.476301 10.781723 -2.284722
v -1.520532 10.876251 -2.191288
v -0.618015 10.533159 -2.191288
v -1.189633 10.554543 0.292354
v -1.154304 10.554543 0.292354
v -1.162603 10.596264 0.309294
v -1.181334 10.596264 0.309294
v -1.725921 10.753535 -2.191288
v -1.282156 10.089393 -2.191288
v -0.533288 10.516305 -2.226898
v -0.630522 10.281564 -2.226898
v -0.939065 10.294783 -2.153996
v -0.823404 10.410444 -2.153996
v -0.823404 10.410444 -1.699871
v -0.939065 10.294783 -1.699871
v -0.823404 10.410444 -2.191288
v -0.939065 10.294783 -2.191288
v -1.583128 10.561563 -2.153996
v -1.583128 10.561563 -1.699871
v -1.583128 10.725133 -1.699871
v -1.583128 10.725133 -2.153996
v -1.520532 10.410444 -2.153996
v -1.404871 10.294783 -2.153996
v -1.404871 10.294783 -1.699871
v -1.520532 10.410444 -1.699871
v -0.839876 10.421451 -1.680156
v -0.780238 10.565428 -1.680156
v -0.896494 10.588552 -1.680155
v -0.938432 10.487303 -1.680155
v -0.950071 10.311255 -1.680156
v -1.015924 10.409811 -1.680155
v -1.393865 10.975438 -1.680156
v -1.328012 10.876882 -1.680156
v -1.226763 10.918823 -1.680156
v -1.249888 11.035078 -1.680156
v -1.504060 10.421451 -1.680156
v -1.393865 10.311255 -1.680156
v -1.328012 10.409811 -1.680155
v -1.405504 10.487303 -1.680155
v -1.090183 10.232188 -2.153996
v -1.090183 10.232188 -1.699871
v -1.253753 10.232188 -1.699871
v -1.253753 10.232188 -2.153996
v -1.090183 11.054507 -2.191288
v -1.253753 11.054507 -2.191288
v -1.253753 11.054507 -2.153996
v -1.090183 11.054507 -2.153996
v -1.253753 10.232188 -2.191288
v -1.090183 10.232188 -2.191288
v -0.760808 10.561563 -2.153996
v -0.760808 10.561563 -1.699871
v -1.404871 10.991911 -2.191288
v -1.520532 10.876251 -2.191288
v -1.520532 10.876251 -2.153996
v -1.404871 10.991911 -2.153996
v -0.839876 10.865245 -1.680156
v -0.950071 10.975438 -1.680156
v -1.015924 10.876882 -1.680156
v -0.938432 10.799391 -1.680156
v -0.939065 10.991911 -2.153996
v -1.090183 11.054507 -1.699871
v -0.939065 10.991911 -1.699871
v -1.117173 10.918823 -1.680156
v -1.094048 11.035078 -1.680156
v -1.583128 10.725133 -2.191288
v -1.520532 10.876251 -1.699871
v -1.404871 10.991911 -1.699871
v -1.583128 10.561563 -2.191288
v -1.253753 11.054507 -1.699871
v -0.618015 10.753536 -2.191288
v -0.533289 10.770389 -2.226898
v -1.299009 11.282026 -2.226898
v -1.810647 10.770389 -2.226898
v -0.533289 10.770389 -2.226898
v -0.630522 11.005130 -2.226898
v -0.810185 11.184793 -2.226898
v -1.044926 11.282026 -2.226898
v -0.810185 10.101902 -2.226898
v -1.810647 10.516305 -2.226898
v -1.713414 10.281564 -2.226898
v -1.520532 10.410444 -2.191288
v -0.823404 10.876251 -2.191288
v -0.939065 10.991911 -2.191288
v -0.823404 10.876251 -2.153996
v -1.404871 10.294783 -2.191288
v -0.760808 10.725133 -2.191288
v -0.760808 10.725133 -2.153996
v -0.760808 10.561563 -2.191288
v -1.260773 10.625685 0.292354
v -1.219054 10.633983 0.309294
v -1.219054 10.652714 0.309294
v -1.260773 10.661014 0.292354
v -0.760808 10.725133 -2.153996
v -0.823404 10.876251 -1.699871
v -0.760808 10.725133 -1.699871
v -1.108116 10.322343 -1.168427
v -1.100508 10.284095 -1.095561
v -1.243428 10.284095 -1.095561
v -1.235820 10.322343 -1.168427
v -1.447442 10.588552 -1.634103
v -1.405504 10.487303 -1.634103
v -1.405504 10.487303 -1.353443
v -1.447442 10.588552 -1.353443
v -0.896494 10.588552 -1.634103
v -0.896494 10.588552 -1.353443
v -0.938432 10.487303 -1.353443
v -0.938432 10.487303 -1.634103
v -1.117173 10.367874 -1.634103
v -1.015924 10.409811 -1.634103
v -1.015924 10.409811 -1.353443
v -1.117173 10.367874 -1.353443
v -1.226763 10.367874 -1.680155
v -1.117173 10.367874 -1.680155
v -1.226763 10.367874 -1.634103
v -0.896494 10.698143 -1.680156
v -0.896494 10.698143 -1.634103
v -0.896494 10.588552 -1.680155
v -1.353802 10.915481 -1.168427
v -1.444102 10.825181 -1.168427
v -1.476528 10.846848 -1.095560
v -1.375468 10.947906 -1.095560
v -1.117173 10.918823 -1.680156
v -1.226763 10.918823 -1.680156
v -1.226763 10.918823 -1.634103
v -1.117173 10.918823 -1.634103
v -1.328012 10.876882 -1.634103
v -1.328012 10.876882 -1.353443
v -1.226763 10.918823 -1.353443
v -1.015924 10.876882 -1.634103
v -1.117173 10.918823 -1.353443
v -1.015924 10.876882 -1.353443
v -1.226763 10.367874 -1.353443
v -1.328012 10.409811 -1.353443
v -1.328012 10.409811 -1.634103
v -1.447442 10.698141 -1.680156
v -1.447442 10.588552 -1.680155
v -1.447442 10.698141 -1.634103
v -1.405504 10.487303 -1.680155
v -1.328012 10.409811 -1.680155
v -1.405504 10.799391 -1.634103
v -1.405504 10.799391 -1.353443
v -1.447442 10.698141 -1.353443
v -0.899833 10.825181 -1.168427
v -0.990134 10.915481 -1.168427
v -0.968468 10.947906 -1.095560
v -0.867408 10.846848 -1.095560
v -0.850963 10.707199 -1.168427
v -0.812715 10.714808 -1.095561
v -0.812715 10.571887 -1.095561
v -0.850963 10.579495 -1.168427
v -0.899833 10.461513 -1.168427
v -0.867408 10.439846 -1.095561
v -0.840736 10.422026 -1.007496
v -0.781254 10.565629 -1.007496
v -0.733477 10.556125 -0.871884
v -0.800233 10.394960 -0.871884
v -1.522461 10.573629 -0.121247
v -1.522461 10.713064 -0.121247
v -1.620060 10.732476 -0.443890
v -1.620060 10.554214 -0.443890
v -1.562682 10.565629 -1.007496
v -1.503200 10.422026 -1.007496
v -1.543703 10.394960 -0.871884
v -1.610459 10.556125 -0.871884
v -0.950646 10.312116 -1.007496
v -0.923582 10.271613 -0.871884
v -1.393290 10.312116 -1.007496
v -1.249686 10.252635 -1.007496
v -1.259189 10.204858 -0.871884
v -1.420353 10.271613 -0.871884
v -1.102251 10.993841 -0.121247
v -0.973430 10.940481 -0.121247
v -0.918144 11.023219 -0.443890
v -1.082837 11.091440 -0.443890
v -1.094250 11.034061 -1.007496
v -1.084747 11.081839 -0.871884
v -0.923583 11.015080 -0.871883
v -0.950647 10.974577 -1.007496
v -1.469102 10.841887 -0.121247
v -1.551842 10.897172 -0.443890
v -1.370506 10.346214 -0.121247
v -1.469102 10.444809 -0.121247
v -1.551842 10.389524 -0.443890
v -1.425791 10.263472 -0.443890
v -1.249686 11.034061 -1.007496
v -1.259189 11.081839 -0.871884
v -1.108116 10.964353 -1.168427
v -1.008370 10.888188 -1.258546
v -1.114520 10.932157 -1.258546
v -0.821475 10.713066 -0.121247
v -0.821475 10.573629 -0.121247
v -0.723876 10.554214 -0.443890
v -0.723876 10.732477 -0.443890
v -0.973430 10.346214 -0.121247
v -1.102251 10.292855 -0.121247
v -1.082837 10.195257 -0.443890
v -0.918145 10.263472 -0.443890
v -1.393289 10.974577 -1.007496
v -1.503199 10.864668 -1.007496
v -1.543703 10.891731 -0.871883
v -1.420353 11.015080 -0.871883
v -0.896494 10.698143 -1.680156
v -0.938432 10.799391 -1.680156
v -0.938432 10.799391 -1.634103
v -0.896494 10.698143 -1.634103
v -0.840737 10.864668 -1.007496
v -0.800233 10.891731 -0.871884
v -1.241685 10.292855 -0.121247
v -1.261099 10.195257 -0.443890
v -0.874834 10.444809 -0.121247
v -0.792094 10.389524 -0.443890
v -1.084747 10.204858 -0.871884
v -1.094250 10.252635 -1.007496
v -1.370507 10.940481 -0.121247
v -1.241685 10.993841 -0.121247
v -1.261099 11.091440 -0.443890
v -1.425792 11.023219 -0.443890
v -1.407810 10.800934 0.019857
v -1.450163 10.698683 0.019857
v -1.100508 11.002600 -1.095560
v -1.330743 10.749438 0.150656
v -1.359256 10.680601 0.150656
v -1.268349 10.662520 0.281455
v -1.253676 10.697943 0.281454
v -1.014384 10.407507 0.019857
v -0.936126 10.485763 0.019857
v -1.247254 10.693652 0.292354
v -1.211885 10.670019 0.309294
v -0.706359 10.735963 -0.700753
v -0.777243 10.907094 -0.700753
v -0.775633 10.908170 -0.616095
v -0.704459 10.736341 -0.616095
v -1.450163 10.588012 0.019857
v -1.015924 10.876882 -1.680156
v -0.893774 10.698685 0.019857
v -0.893774 10.588012 0.019857
v -1.407810 10.485763 0.019857
v -1.189633 10.732153 0.292354
v -1.222272 10.718634 0.292354
v -1.198640 10.683265 0.309294
v -1.181334 10.690434 0.309294
v -1.247253 10.593044 0.292354
v -1.222272 10.568064 0.292354
v -1.198640 10.603430 0.309294
v -1.211885 10.616675 0.309294
v -1.329552 10.407507 0.019857
v -1.014384 10.879189 0.019857
v -0.936126 10.800934 0.019857
v -0.874834 10.841887 -0.121247
v -1.227304 10.365154 0.019857
v -1.116632 10.365154 0.019857
v -1.121664 10.568064 0.292354
v -1.145297 10.603430 0.309294
v -0.893774 10.698685 0.019857
v -0.821475 10.713066 -0.121247
v -1.015924 10.409811 -1.680155
v -1.562682 10.721065 -1.007496
v -1.610459 10.730568 -0.871884
v -1.116632 10.921543 0.019857
v -1.492973 10.707198 -1.168427
v -1.531221 10.714808 -1.095560
v -0.938432 10.487303 -1.680155
v -0.896494 10.698143 -1.353443
v -1.328012 10.876882 -1.680156
v -1.492973 10.579495 -1.168427
v -1.444103 10.461513 -1.168427
v -1.476528 10.439846 -1.095561
v -1.531221 10.571887 -1.095561
v -1.353802 10.371211 -1.168427
v -1.375468 10.338787 -1.095561
v -1.235820 10.964353 -1.168427
v -1.243428 11.002600 -1.095560
v -1.083163 10.661015 0.292354
v -1.096683 10.693652 0.292354
v -1.132052 10.670019 0.309294
v -1.124883 10.652715 0.309294
v -1.154304 10.732153 0.292354
v -1.162603 10.690434 0.309294
v -1.096683 10.593044 0.292354
v -1.132052 10.616675 0.309294
v -1.121664 10.718634 0.292354
v -1.145297 10.683265 0.309294
v -1.329553 10.879189 0.019857
v -1.227304 10.921543 0.019857
v -1.083163 10.625685 0.292354
v -1.083163 10.661015 0.292354
v -1.124883 10.652715 0.309294
v -1.124883 10.633983 0.309294
v -1.162603 10.690434 0.309294
v -1.181334 10.690434 0.309294
v -1.198640 10.683265 0.309294
v -1.211885 10.670019 0.309294
v -1.219054 10.652714 0.309294
v -1.219054 10.633983 0.309294
v -1.211885 10.616675 0.309294
v -1.198640 10.603430 0.309294
v -1.181334 10.596264 0.309294
v -1.162603 10.596264 0.309294
v -1.145297 10.603430 0.309294
v -1.132052 10.616675 0.309294
v -1.124883 10.633983 0.309294
v -1.124883 10.652715 0.309294
v -1.132052 10.670019 0.309294
v -1.145297 10.683265 0.309294
v -0.781254 10.721066 -1.007496
v -0.812715 10.714808 -1.095561
v -0.968468 10.338787 -1.095561
v -0.781254 10.721066 -1.007496
v -0.733477 10.730569 -0.871884
v -0.723876 10.732477 -0.443890
v -0.792094 10.897172 -0.443890
v -0.733477 10.730569 -0.871884
v -0.706359 10.735963 -0.700753
v -0.706358 10.550731 -0.700753
v -1.264961 11.110856 -0.616095
v -1.436791 11.039681 -0.616095
v -1.078975 10.175839 -0.616095
v -0.907145 10.247012 -0.616096
v -0.777243 10.379601 -0.700753
v -0.908221 10.248622 -0.700753
v -0.907146 11.039681 -0.616095
v -1.078975 11.110856 -0.616095
v -1.264583 11.108955 -0.700753
v -1.435715 11.038070 -0.700753
v -1.568303 10.908170 -0.616095
v -1.639477 10.736340 -0.616095
v -0.908221 11.038070 -0.700753
v -1.079352 11.108955 -0.700753
v -1.079352 10.177737 -0.700753
v -0.775633 10.378524 -0.616095
v -1.568303 10.378524 -0.616095
v -1.436790 10.247012 -0.616096
v -1.264961 10.175839 -0.616095
v -1.639477 10.550354 -0.616095
v -0.704459 10.550354 -0.616095
v -1.264583 10.177737 -0.700753
v -1.637578 10.735963 -0.700753
v -1.566693 10.907094 -0.700753
v -1.637578 10.550731 -0.700753
v -1.566693 10.379601 -0.700753
v -1.435715 10.248622 -0.700753
v -1.335565 10.398505 -1.258546
v -1.229416 10.354538 -1.258546
v -0.927127 10.806946 -1.258546
v -0.938432 10.799391 -1.353443
v -1.229415 10.932157 -1.258546
v -0.850963 10.707199 -1.168427
v -0.883158 10.700795 -1.258546
v -0.896494 10.698143 -1.353443
v -0.990133 10.371211 -1.168427
v -1.008370 10.398505 -1.258546
v -0.927127 10.479749 -1.258546
v -1.460778 10.700794 -1.258546
v -1.460778 10.585898 -1.258546
v -1.335566 10.888188 -1.258546
v -1.114520 10.354538 -1.258546
v -0.883158 10.585898 -1.258546
v -1.416809 10.479749 -1.258546
v -0.883158 10.700795 -1.258546
v -1.416809 10.806946 -1.258546
v -1.405504 10.799391 -1.680156
v -1.249888 10.251617 -1.680156
v -0.780238 10.721269 -1.680156
v -1.094048 10.251617 -1.680156
v -0.780238 10.721269 -1.680156
v -0.760808 10.725133 -1.699871
v -1.504060 10.865245 -1.680156
v -0.896494 10.698143 -1.680156
v -0.704459 10.736341 -0.616095
v -1.278058 10.802122 0.150656
v -1.268349 10.624178 0.281454
v -1.253676 10.588754 0.281454
v -1.065878 10.802122 0.150656
v -1.134714 10.830636 0.150656
v -1.152797 10.739729 0.281455
v -1.117373 10.725056 0.281455
v -1.191140 10.739729 0.281455
v -1.075588 10.662520 0.281454
v -1.075588 10.624178 0.281454
v -1.152797 10.546968 0.281454
v -1.191140 10.546968 0.281454
v -1.117373 10.561642 0.281454
v -1.013194 10.749438 0.150656
v -1.226563 10.561642 0.281454
v -1.209222 10.830636 0.150656
v -1.226563 10.725056 0.281455
v -0.984681 10.606094 0.150656
v -1.013194 10.537257 0.150656
v -1.065879 10.484573 0.150656
v -1.090261 10.588754 0.281454
v -1.090261 10.697943 0.281454
v -1.075588 10.662520 0.281454
v -1.209222 10.456061 0.150656
v -1.278058 10.484573 0.150656
v -1.359256 10.606094 0.150656
v -0.984681 10.680602 0.150656
v -0.984681 10.680602 0.150656
v -1.330743 10.537257 0.150656
v -1.134714 10.456061 0.150656
v -0.760808 10.725133 -2.191288
v -0.896494 10.698143 -1.680156
v -1.405504 10.799391 -1.680156
v -1.117173 10.367874 -1.680155
v -1.226763 10.367874 -1.680155
v -0.900532 9.795851 -2.470196
v -1.033591 9.755489 -2.470196
v -1.033591 9.702709 -2.470196
v -0.900532 9.743072 -2.470196
v -0.900532 9.527142 -2.470196
v -1.033591 9.486779 -2.470196
v -1.033591 9.433999 -2.470196
v -0.900532 9.474361 -2.470196
v -0.900532 9.258431 -2.470196
v -1.033591 9.218068 -2.470196
v -1.033591 9.165288 -2.470196
v -0.900532 9.205650 -2.470196
v -0.900532 8.989721 -2.470196
v -1.033591 8.949358 -2.470196
v -1.033591 8.896578 -2.470196
v -0.900532 8.936940 -2.470196
v -0.900532 8.721009 -2.470196
v -1.033591 8.680647 -2.470196
v -1.033591 8.627868 -2.470196
v -0.900532 8.668230 -2.470196
v -0.900532 8.452299 -2.470196
v -1.033591 8.411937 -2.470196
v -1.033591 8.359158 -2.470196
v -0.900532 8.399520 -2.470196
v -0.900532 8.183590 -2.470196
v -1.033591 8.143227 -2.470196
v -1.033591 8.090446 -2.470196
v -0.900532 8.130809 -2.470196
v -0.900532 7.914878 -2.470195
v -1.033591 7.874516 -2.470195
v -1.033591 7.821736 -2.470196
v -0.900532 7.862099 -2.470195
v -0.900532 7.646168 -2.470196
v -1.033591 7.605806 -2.470196
v -1.033591 7.553026 -2.470196
v -0.900532 7.593388 -2.470196
v -0.900532 7.377457 -2.470196
v -1.033591 7.337095 -2.470196
v -1.033591 7.284315 -2.470196
v -0.900532 7.324677 -2.470196
v -0.900532 7.108747 -2.470195
v -1.033591 7.068385 -2.470195
v -1.033591 7.015604 -2.470195
v -0.900532 7.055967 -2.470195
v -0.900532 6.840037 -2.470195
v -1.033591 6.799675 -2.470195
v -1.033591 6.746894 -2.470195
v -0.900532 6.787258 -2.470195
v -0.900532 6.571327 -2.470196
v -1.033591 6.530964 -2.470196
v -1.033591 6.478184 -2.470196
v -0.900532 6.518547 -2.470196
v -1.033591 9.755487 -2.644501
v -0.900532 9.795852 -2.644501
v -0.900532 9.743072 -2.644501
v -1.033591 9.702707 -2.644501
v -1.033591 9.486779 -2.644501
v -0.900532 9.527143 -2.644501
v -0.900532 9.474362 -2.644501
v -1.033591 9.433998 -2.644501
v -1.033591 9.218068 -2.644501
v -0.900532 9.258431 -2.644501
v -0.900532 9.205651 -2.644501
v -1.033591 9.165287 -2.644501
v -1.033591 8.949357 -2.644501
v -0.900532 8.989721 -2.644501
v -0.900532 8.936941 -2.644501
v -1.033591 8.896576 -2.644501
v -1.033591 8.680647 -2.644501
v -0.900532 8.721012 -2.644501
v -0.900532 8.668231 -2.644501
v -1.033591 8.627867 -2.644501
v -1.033591 8.411937 -2.644501
v -0.900532 8.452299 -2.644501
v -0.900532 8.399520 -2.644501
v -1.033591 8.359157 -2.644501
v -1.033591 8.143226 -2.644501
v -0.900532 8.183590 -2.644501
v -0.900532 8.130809 -2.644501
v -1.033591 8.090446 -2.644501
v -1.033591 7.874515 -2.644501
v -0.900532 7.914878 -2.644501
v -0.900532 7.862099 -2.644501
v -1.033591 7.821735 -2.644501
v -1.033591 7.605804 -2.644501
v -0.900532 7.646169 -2.644501
v -0.900532 7.593390 -2.644501
v -1.033591 7.553025 -2.644501
v -1.033591 7.337094 -2.644501
v -0.900532 7.377459 -2.644501
v -0.900532 7.324679 -2.644501
v -1.033591 7.284314 -2.644501
v -1.033591 7.068384 -2.644501
v -0.900532 7.108748 -2.644501
v -0.900532 7.055969 -2.644501
v -1.033591 7.015604 -2.644501
v -1.033591 6.799673 -2.644501
v -0.900532 6.840037 -2.644501
v -0.900532 6.787259 -2.644501
v -1.033591 6.746894 -2.644501
v -1.033591 6.530963 -2.644501
v -0.900532 6.571327 -2.644501
v -0.900532 6.518548 -2.644501
v -1.033591 6.478183 -2.644501
v -0.900532 9.795851 -2.470196
v -0.900532 9.743072 -2.470196
v -0.900532 9.527142 -2.470196
v -0.900532 9.474361 -2.470196
v -0.900532 9.258431 -2.470196
v -0.900532 9.205650 -2.470196
v -0.900532 8.989721 -2.470196
v -0.900532 8.936940 -2.470196
v -0.900532 8.721009 -2.470196
v -0.900532 8.668230 -2.470196
v -0.900532 8.452299 -2.470196
v -0.900532 8.399520 -2.470196
v -0.900532 8.183590 -2.470196
v -0.900532 8.130809 -2.470196
v -0.900532 7.914878 -2.470195
v -0.900532 7.862099 -2.470195
v -0.900532 7.646168 -2.470196
v -0.900532 7.593388 -2.470196
v -0.900532 7.377457 -2.470196
v -0.900532 7.324677 -2.470196
v -0.900532 7.108747 -2.470195
v -0.900532 7.055967 -2.470195
v -0.900532 6.840037 -2.470195
v -0.900532 6.787258 -2.470195
v -0.900532 6.571327 -2.470196
v -0.900532 6.518547 -2.470196
v -0.994832 9.875211 -2.520970
v -0.994832 9.875211 -2.593728
v -1.033591 9.971418 -2.470196
v -1.033591 9.971418 -2.644501
v -0.994832 9.606501 -2.520970
v -0.994832 9.606501 -2.593727
v -0.994832 9.337791 -2.520969
v -0.994832 9.337791 -2.593727
v -0.994832 9.069080 -2.520969
v -0.994832 9.069079 -2.593727
v -0.994832 8.800371 -2.520970
v -0.994832 8.800369 -2.593727
v -0.994832 8.531659 -2.520970
v -0.994832 8.531659 -2.593727
v -0.994832 8.262949 -2.520969
v -0.994832 8.262949 -2.593727
v -0.994832 7.994238 -2.520969
v -0.994832 7.994238 -2.593727
v -0.994832 7.725527 -2.520969
v -0.994832 7.725527 -2.593727
v -0.994832 7.456817 -2.520969
v -0.994832 7.456817 -2.593727
v -0.994832 7.188107 -2.520969
v -0.994832 7.188107 -2.593727
v -0.994832 6.919397 -2.520969
v -0.994832 6.919396 -2.593727
v -0.994832 6.650687 -2.520969
v -0.994832 6.650686 -2.593727
v -1.018146 6.398425 -2.624269
v -1.018146 6.398426 -2.490428
v -1.014170 6.410709 -2.495637
v -1.014170 6.410708 -2.619060
v -0.939291 9.892058 -2.593728
v -0.939291 9.892057 -2.520970
v -0.900532 10.011782 -2.644501
v -0.900532 10.011780 -2.470196
v -0.939291 9.623349 -2.593727
v -0.939291 9.623348 -2.520970
v -0.939291 9.354640 -2.593727
v -0.939291 9.354639 -2.520969
v -0.939291 9.085929 -2.593727
v -0.939291 9.085929 -2.520969
v -0.939291 8.817219 -2.593727
v -0.939291 8.817218 -2.520970
v -0.939291 8.548509 -2.593727
v -0.939291 8.548509 -2.520970
v -0.939291 8.279798 -2.593727
v -0.939291 8.279798 -2.520969
v -0.939291 8.011087 -2.593727
v -0.939291 8.011087 -2.520969
v -0.939291 7.742376 -2.593727
v -0.939291 7.742376 -2.520969
v -0.939291 7.473667 -2.593727
v -0.939291 7.473665 -2.520969
v -0.939291 7.204955 -2.593727
v -0.939291 7.204955 -2.520969
v -0.939291 6.936245 -2.593727
v -0.939291 6.936245 -2.520969
v -0.939291 6.667535 -2.593727
v -0.939291 6.667535 -2.520969
v -0.915976 6.429418 -2.490428
v -0.915976 6.429418 -2.624269
v -0.919953 6.439289 -2.619060
v -0.919953 6.439289 -2.495637
v -0.939291 9.892057 -2.520970
v -0.900532 10.011780 -2.470196
v -0.939291 9.623348 -2.520970
v -0.939291 9.354639 -2.520969
v -0.939291 9.085929 -2.520969
v -0.939291 8.817218 -2.520970
v -0.939291 8.548509 -2.520970
v -0.939291 8.279798 -2.520969
v -0.939291 8.011087 -2.520969
v -0.939291 7.742376 -2.520969
v -0.939291 7.473665 -2.520969
v -0.939291 7.204955 -2.520969
v -0.939291 6.936245 -2.520969
v -0.939291 6.667535 -2.520969
v -0.915976 6.429418 -2.490428
v -0.919953 6.439289 -2.495637
v -1.013148 6.031036 -2.496975
v -1.013148 6.031036 -2.617721
v -1.008591 6.018985 -2.611751
v -1.008591 6.018985 -2.502945
v -0.920974 6.058999 -2.617721
v -0.925532 6.044181 -2.611751
v -0.920974 6.058997 -2.496975
v -0.925532 6.044181 -2.502945
v -0.920974 6.058997 -2.496975
v -0.925532 6.044181 -2.502945
v -1.008591 6.018985 -2.502945
v -1.008591 6.018985 -2.611751
v -0.925532 6.044181 -2.611751
v -0.925532 6.044181 -2.502945
v -0.891769 6.153952 -2.458716
v -1.042221 6.107922 -2.458890
v -0.893754 6.374258 -2.461316
v -0.893754 6.374259 -2.653380
v -1.042221 6.107921 -2.655805
v -0.891769 6.153952 -2.655980
v -0.891769 6.153952 -2.458716
v -1.040514 6.329335 -2.653569
v -1.040514 6.329336 -2.461127
v -0.893754 6.374258 -2.461316
v -1.055791 6.174076 -2.441114
v -1.055791 6.174075 -2.673581
v -1.055166 6.255119 -2.441933
v -1.055166 6.255117 -2.672764
v -0.878285 6.228171 -2.673644
v -0.878285 6.228171 -2.441052
v -0.879012 6.308808 -2.672692
v -0.879012 6.308808 -2.442004
v -0.878285 6.228171 -2.441052
v -0.879012 6.308808 -2.442004
v -1.437004 11.821210 3.136558
v -1.796679 11.769629 3.136558
v -2.135138 11.610617 3.136558
v -2.460351 11.349534 3.136558
v -2.752550 11.006149 3.136558
v -2.987581 10.608086 3.136558
v -0.304267 11.769629 3.136558
v -0.617233 11.821210 3.136558
v -0.044753 11.610617 3.136558
v 0.166455 11.349534 3.136558
v 0.322227 11.006149 3.136558
v 0.424252 10.608086 3.136558
v 0.479689 10.188438 3.136558
v -3.075034 10.369472 3.136558
v -3.166089 9.996237 3.136558
v -1.731143 11.695405 3.022148
v -1.384588 11.745105 3.022148
v -2.057256 11.542192 3.022148
v -2.370607 11.290633 3.022148
v -2.652147 10.959773 3.022148
v -2.878605 10.576230 3.022148
v -0.594719 11.745105 3.022148
v -0.293168 11.695405 3.022148
v -0.043121 11.542192 3.022148
v 0.160383 11.290633 3.022148
v 0.310474 10.959773 3.022148
v 0.408777 10.576230 3.022148
v 0.462192 10.171889 3.022148
v -3.050602 9.986696 3.022148
v -2.962869 10.346318 3.022148
v -1.796679 11.769629 -3.136561
v -1.437004 11.821209 -3.136560
v -2.135138 11.610616 -3.136561
v -2.460351 11.349532 -3.136560
v -2.752550 11.006148 -3.136560
v -2.987581 10.608085 -3.136560
v -0.617233 11.821209 -3.136560
v -0.304267 11.769629 -3.136561
v -0.044753 11.610616 -3.136561
v 0.166455 11.349532 -3.136560
v 0.322227 11.006148 -3.136560
v 0.424252 10.608085 -3.136560
v 0.479689 10.188437 -3.136560
v -3.166089 9.996235 -3.136560
v -3.075034 10.369471 -3.136560
v -1.384588 11.745105 -3.022151
v -1.731143 11.695404 -3.022151
v -2.057256 11.542192 -3.022151
v -2.370607 11.290632 -3.022151
v -2.652147 10.959773 -3.022151
v -2.878605 10.576229 -3.022151
v -0.293168 11.695404 -3.022151
v -0.594719 11.745105 -3.022151
v -0.043121 11.542192 -3.022151
v 0.160383 11.290632 -3.022151
v 0.310474 10.959773 -3.022151
v 0.408777 10.576229 -3.022151
v 0.462192 10.171888 -3.022151
v -2.962869 10.346317 -3.022151
v -3.050602 9.986695 -3.022151
vn 0.1908 0.2093 -0.9591
vn -0.0000 0.2093 -0.9779
vn -0.0000 0.1922 -0.9814
vn 0.1915 0.1922 -0.9625
vn 0.2709 0.8731 -0.4054
vn 0.4245 0.6450 -0.6354
vn 0.2924 0.6450 -0.7060
vn 0.1866 0.8731 -0.4504
vn 0.3448 0.8731 -0.3448
vn 0.5403 0.6450 -0.5403
vn 0.4054 0.8731 -0.2709
vn 0.6354 0.6450 -0.4245
vn 0.4504 0.8731 -0.1866
vn 0.7060 0.6450 -0.2924
vn 0.4782 0.8731 -0.0951
vn 0.7495 0.6450 -0.1491
vn 0.4876 0.8731 -0.0000
vn 0.7642 0.6450 -0.0000
vn 0.4782 0.8731 0.0951
vn 0.7495 0.6450 0.1491
vn 0.4504 0.8731 0.1866
vn 0.7060 0.6450 0.2924
vn 0.4054 0.8731 0.2709
vn 0.6354 0.6450 0.4245
vn 0.3448 0.8731 0.3448
vn 0.5403 0.6450 0.5403
vn 0.2709 0.8731 0.4054
vn 0.4245 0.6450 0.6354
vn 0.1866 0.8731 0.4504
vn 0.2924 0.6450 0.7060
vn 0.0951 0.8731 0.4782
vn 0.1491 0.6450 0.7495
vn -0.0000 0.8731 0.4876
vn -0.0000 0.6450 0.7642
vn -0.0951 0.8731 0.4782
vn -0.1491 0.6450 0.7495
vn -0.1866 0.8731 0.4504
vn -0.2924 0.6450 0.7060
vn -0.2709 0.8731 0.4054
vn -0.4245 0.6450 0.6354
vn -0.3448 0.8731 0.3448
vn -0.5403 0.6450 0.5403
vn -0.4054 0.8731 0.2709
vn -0.6354 0.6450 0.4245
vn -0.4504 0.8731 0.1866
vn -0.7060 0.6450 0.2924
vn -0.4782 0.8731 0.0951
vn -0.7495 0.6450 0.1491
vn -0.4876 0.8731 -0.0000
vn -0.7642 0.6450 -0.0000
vn -0.4782 0.8731 -0.0951
vn -0.7495 0.6450 -0.1491
vn -0.4504 0.8731 -0.1866
vn -0.7060 0.6450 -0.2924
vn -0.4054 0.8731 -0.2709
vn -0.6354 0.6450 -0.4245
vn -0.3448 0.8731 -0.3448
vn -0.5403 0.6450 -0.5403
vn -0.2709 0.8731 -0.4054
vn -0.4245 0.6450 -0.6354
vn -0.1866 0.8731 -0.4504
vn -0.2924 0.6450 -0.7060
vn -0.0951 0.8731 -0.4782
vn -0.1491 0.6450 -0.7495
vn 0.8233 -0.5435 0.1637
vn 0.8394 -0.5435 -0.0000
vn 0.7994 0.6009 -0.0000
vn 0.7840 0.6009 0.1559
vn -0.5684 0.7298 0.3798
vn -0.4834 0.7298 0.4834
vn 0.1491 0.6450 -0.7495
vn 0.0951 0.8731 -0.4782
vn -0.1637 -0.5434 -0.8233
vn 0.0001 -0.5434 -0.8395
vn 0.1638 -0.5434 -0.8233
vn 0.3213 -0.5434 -0.7755
vn 0.4664 -0.5434 -0.6980
vn 0.5936 -0.5434 -0.5936
vn 0.6980 -0.5434 -0.4663
vn 0.7756 -0.5434 -0.3212
vn 0.8233 -0.5434 -0.1637
vn 0.8395 -0.5434 0.0001
vn 0.8233 -0.5434 0.1638
vn 0.7755 -0.5434 0.3213
vn 0.6980 -0.5434 0.4664
vn 0.5936 -0.5434 0.5936
vn 0.4663 -0.5434 0.6980
vn 0.3212 -0.5434 0.7756
vn 0.1637 -0.5434 0.8233
vn -0.0001 -0.5434 0.8395
vn -0.1638 -0.5434 0.8233
vn -0.3213 -0.5434 0.7755
vn -0.4664 -0.5434 0.6980
vn -0.5936 -0.5434 0.5936
vn -0.6980 -0.5434 0.4663
vn -0.7756 -0.5434 0.3212
vn -0.8233 -0.5434 0.1637
vn -0.8395 -0.5434 -0.0001
vn -0.8233 -0.5434 -0.1638
vn -0.7755 -0.5434 -0.3213
vn -0.6980 -0.5434 -0.4664
vn -0.5936 -0.5434 -0.5936
vn -0.4663 -0.5434 -0.6980
vn -0.3212 -0.5434 -0.7756
vn -0.1637 -0.5435 0.8233
vn -0.0000 -0.5435 0.8394
vn -0.0000 0.6009 0.7994
vn -0.1559 0.6009 0.7840
vn -0.7756 -0.5435 -0.3212
vn -0.8233 -0.5435 -0.1637
vn -0.7840 0.6009 -0.1559
vn -0.7385 0.6009 -0.3059
vn 0.6979 -0.5435 -0.4664
vn 0.5935 -0.5435 -0.5936
vn 0.5652 0.6009 -0.5652
vn 0.6646 0.6009 -0.4441
vn 0.4664 -0.5435 0.6979
vn 0.5936 -0.5435 0.5935
vn 0.5652 0.6009 0.5652
vn 0.4441 0.6009 0.6646
vn -0.7755 -0.5435 0.3213
vn -0.6979 -0.5435 0.4664
vn -0.6646 0.6009 0.4441
vn -0.7385 0.6009 0.3059
vn -0.4664 -0.5435 -0.6979
vn -0.5936 -0.5435 -0.5935
vn -0.5652 0.6009 -0.5652
vn -0.4441 0.6009 -0.6646
vn 0.9591 0.2093 0.1908
vn 0.9779 0.2093 -0.0000
vn 0.9814 0.1922 -0.0000
vn 0.9625 0.1922 0.1915
vn -0.3212 -0.5435 0.7756
vn -0.3059 0.6009 0.7385
vn -0.6980 -0.5435 -0.4663
vn -0.6646 0.6009 -0.4441
vn 0.7755 -0.5435 -0.3213
vn 0.7385 0.6009 -0.3059
vn 0.3213 -0.5435 0.7755
vn 0.3059 0.6009 0.7385
vn -0.8233 -0.5435 0.1638
vn -0.7840 0.6009 0.1559
vn 0.1637 -0.5435 -0.8233
vn -0.0000 -0.5435 -0.8394
vn -0.0000 0.6009 -0.7994
vn 0.1559 0.6009 -0.7840
vn -0.1638 -0.5435 -0.8233
vn -0.1559 0.6009 -0.7840
vn 0.7756 -0.5435 0.3212
vn 0.7385 0.6009 0.3059
vn -0.5935 -0.5435 0.5936
vn -0.4663 -0.5435 0.6980
vn -0.4441 0.6009 0.6646
vn -0.5652 0.6009 0.5652
vn 0.9034 0.2093 -0.3742
vn 0.8131 0.2093 -0.5433
vn 0.8160 0.1922 -0.5452
vn 0.9067 0.1922 -0.3756
vn 0.1638 -0.5435 0.8233
vn 0.1559 0.6009 0.7840
vn -0.8394 -0.5435 -0.0000
vn -0.7994 0.6009 -0.0000
vn 0.3212 -0.5435 -0.7756
vn 0.3059 0.6009 -0.7385
vn 0.6980 -0.5435 0.4663
vn 0.6646 0.6009 0.4441
vn -0.6914 0.2093 0.6914
vn -0.5433 0.2093 0.8131
vn -0.5452 0.1922 0.8160
vn -0.6939 0.1922 0.6939
vn -0.1908 0.2093 -0.9591
vn -0.3742 0.2093 -0.9034
vn -0.3756 0.1922 -0.9067
vn -0.1915 0.1922 -0.9625
vn 0.8394 -0.5435 -0.0001
vn 0.8233 -0.5435 -0.1638
vn 0.7840 0.6009 -0.1559
vn 0.4663 -0.5435 -0.6980
vn 0.4441 0.6009 -0.6646
vn 0.6914 0.2093 0.6914
vn 0.8131 0.2093 0.5433
vn 0.8160 0.1922 0.5452
vn 0.6939 0.1922 0.6939
vn -0.3213 -0.5435 -0.7755
vn -0.3059 0.6009 -0.7385
vn 0.1786 0.4028 -0.8977
vn -0.0000 0.4028 -0.9153
vn 0.1468 0.6589 -0.7378
vn -0.0000 0.6589 -0.7523
vn 0.1051 0.8424 -0.5285
vn -0.0000 0.8424 -0.5389
vn 0.0703 0.9328 -0.3534
vn -0.0000 0.9328 -0.3603
vn 0.3503 0.4028 -0.8456
vn 0.3755 0.1922 -0.9067
vn 0.2879 0.6589 -0.6950
vn 0.2062 0.8424 -0.4979
vn 0.1379 0.9328 -0.3329
vn 0.5085 0.4028 -0.7610
vn 0.5452 0.1922 -0.8160
vn 0.4179 0.6589 -0.6255
vn 0.2994 0.8424 -0.4481
vn 0.2002 0.9328 -0.2996
vn 0.6472 0.4028 -0.6472
vn 0.6939 0.1922 -0.6939
vn 0.5319 0.6589 -0.5319
vn 0.3810 0.8424 -0.3810
vn 0.2548 0.9328 -0.2548
vn 0.7610 0.4028 -0.5085
vn 0.6255 0.6589 -0.4179
vn 0.4481 0.8424 -0.2994
vn 0.2996 0.9328 -0.2002
vn 0.8456 0.4028 -0.3503
vn 0.6950 0.6589 -0.2879
vn 0.4978 0.8424 -0.2062
vn 0.3329 0.9328 -0.1379
vn 0.8977 0.4028 -0.1786
vn 0.9625 0.1922 -0.1915
vn 0.7378 0.6589 -0.1468
vn 0.5285 0.8424 -0.1051
vn 0.3534 0.9328 -0.0703
vn 0.9153 0.4028 -0.0000
vn 0.7523 0.6589 -0.0000
vn 0.5389 0.8424 -0.0000
vn 0.3603 0.9328 -0.0000
vn 0.8977 0.4028 0.1786
vn 0.7378 0.6589 0.1468
vn 0.5285 0.8424 0.1051
vn 0.3534 0.9328 0.0703
vn 0.8456 0.4028 0.3503
vn 0.9067 0.1922 0.3755
vn 0.6950 0.6589 0.2879
vn 0.4979 0.8424 0.2062
vn 0.3329 0.9328 0.1379
vn 0.7610 0.4028 0.5085
vn 0.6255 0.6589 0.4179
vn 0.4481 0.8424 0.2994
vn 0.2996 0.9328 0.2002
vn 0.6472 0.4028 0.6472
vn 0.5319 0.6589 0.5319
vn 0.3810 0.8424 0.3810
vn 0.2548 0.9328 0.2548
vn 0.5085 0.4028 0.7610
vn 0.5452 0.1922 0.8160
vn 0.4179 0.6589 0.6255
vn 0.2994 0.8424 0.4481
vn 0.2002 0.9328 0.2996
vn 0.3503 0.4028 0.8456
vn 0.3756 0.1922 0.9067
vn 0.2879 0.6589 0.6950
vn 0.2062 0.8424 0.4978
vn 0.1379 0.9328 0.3329
vn 0.1786 0.4028 0.8977
vn 0.1915 0.1922 0.9625
vn 0.1468 0.6589 0.7378
vn 0.1051 0.8424 0.5285
vn 0.0703 0.9328 0.3534
vn -0.0000 0.4028 0.9153
vn -0.0000 0.1922 0.9814
vn -0.0000 0.6589 0.7523
vn -0.0000 0.8424 0.5389
vn -0.0000 0.9328 0.3603
vn -0.1786 0.4028 0.8977
vn -0.1915 0.1922 0.9625
vn -0.1468 0.6589 0.7378
vn -0.1051 0.8424 0.5285
vn -0.0703 0.9328 0.3534
vn -0.3503 0.4028 0.8456
vn -0.3755 0.1922 0.9067
vn -0.2879 0.6589 0.6950
vn -0.2062 0.8424 0.4979
vn -0.1379 0.9328 0.3329
vn -0.5085 0.4028 0.7610
vn -0.4179 0.6589 0.6255
vn -0.2994 0.8424 0.4481
vn -0.2002 0.9328 0.2996
vn -0.6472 0.4028 0.6472
vn -0.5319 0.6589 0.5319
vn -0.3810 0.8424 0.3810
vn -0.2548 0.9328 0.2548
vn -0.7610 0.4028 0.5085
vn -0.8160 0.1922 0.5452
vn -0.6255 0.6589 0.4179
vn -0.4481 0.8424 0.2994
vn -0.2996 0.9328 0.2002
vn -0.8456 0.4028 0.3503
vn -0.9067 0.1922 0.3756
vn -0.6950 0.6589 0.2879
vn -0.4978 0.8424 0.2062
vn -0.3329 0.9328 0.1379
vn -0.8977 0.4028 0.1786
vn -0.9625 0.1922 0.1915
vn -0.7378 0.6589 0.1468
vn -0.5285 0.8424 0.1051
vn -0.3534 0.9328 0.0703
vn -0.9153 0.4028 -0.0000
vn -0.9814 0.1922 -0.0000
vn -0.7523 0.6589 -0.0000
vn -0.5389 0.8424 -0.0000
vn -0.3603 0.9328 -0.0000
vn -0.8977 0.4028 -0.1786
vn -0.9625 0.1922 -0.1915
vn -0.7378 0.6589 -0.1468
vn -0.5285 0.8424 -0.1051
vn -0.3534 0.9328 -0.0703
vn -0.8456 0.4028 -0.3503
vn -0.9067 0.1922 -0.3755
vn -0.6950 0.6589 -0.2879
vn -0.4979 0.8424 -0.2062
vn -0.3329 0.9328 -0.1379
vn -0.7610 0.4028 -0.5085
vn -0.8160 0.1922 -0.5452
vn -0.6255 0.6589 -0.4179
vn -0.4481 0.8424 -0.2994
vn -0.2996 0.9328 -0.2002
vn -0.6472 0.4028 -0.6472
vn -0.6939 0.1922 -0.6939
vn -0.5319 0.6589 -0.5319
vn -0.3810 0.8424 -0.3810
vn -0.2548 0.9328 -0.2548
vn -0.5085 0.4028 -0.7610
vn -0.5452 0.1922 -0.8160
vn -0.4179 0.6589 -0.6255
vn -0.2994 0.8424 -0.4481
vn -0.2002 0.9328 -0.2996
vn -0.3503 0.4028 -0.8456
vn -0.2879 0.6589 -0.6950
vn -0.2062 0.8424 -0.4978
vn -0.1379 0.9328 -0.3329
vn -0.1786 0.4028 -0.8977
vn -0.1468 0.6589 -0.7378
vn -0.1051 0.8424 -0.5285
vn -0.0703 0.9328 -0.3534
vn -0.0000 0.8731 -0.4876
vn -0.0000 0.6450 -0.7642
vn -0.9034 0.2093 0.3742
vn -0.8131 0.2093 0.5433
vn 0.5433 0.2093 0.8131
vn 0.6914 0.2093 -0.6914
vn 0.5433 0.2093 -0.8131
vn -0.9034 0.2093 -0.3742
vn -0.9591 0.2093 -0.1908
vn -0.1908 0.2093 0.9591
vn -0.0000 0.2093 0.9779
vn -0.5433 0.2093 -0.8131
vn 0.3742 0.2093 -0.9034
vn -0.9779 0.2093 -0.0000
vn 0.1908 0.2093 0.9591
vn 0.9591 0.2093 -0.1908
vn -0.6914 0.2093 -0.6914
vn 0.9034 0.2093 0.3742
vn -0.9591 0.2093 0.1908
vn 0.3742 0.2093 0.9034
vn -0.8131 0.2093 -0.5433
vn -0.3742 0.2093 0.9034
vn -0.1580 0.5868 -0.7941
vn -0.0000 0.5868 -0.8097
vn -0.1580 0.5868 0.7941
vn -0.3099 0.5868 0.7481
vn -0.7481 0.5868 -0.3099
vn -0.6732 0.5868 -0.4498
vn 0.4498 0.5868 0.6732
vn 0.3099 0.5868 0.7481
vn -0.7481 0.5868 0.3099
vn -0.7941 0.5868 0.1580
vn -0.4498 0.5868 0.6732
vn -0.5725 0.5868 -0.5725
vn 0.1580 0.5868 0.7941
vn -0.8097 0.5868 -0.0000
vn 0.1580 0.5868 -0.7941
vn 0.3099 0.5868 -0.7481
vn 0.7481 0.5868 0.3099
vn 0.6732 0.5868 0.4498
vn -0.4498 0.5868 -0.6732
vn 0.7481 0.5868 -0.3099
vn 0.7941 0.5868 -0.1580
vn -0.7941 0.5868 -0.1580
vn 0.4498 0.5868 -0.6732
vn -0.5725 0.5868 0.5725
vn -0.6732 0.5868 0.4498
vn -0.3099 0.5868 -0.7481
vn -0.0000 0.5868 0.8097
vn 0.5725 0.5868 0.5725
vn 0.6732 0.5868 -0.4498
vn 0.7941 0.5868 0.1580
vn 0.8097 0.5868 -0.0000
vn 0.5725 0.5868 -0.5725
vn -0.3222 0.9219 0.2153
vn -0.2740 0.9219 0.2740
vn 0.3875 0.9219 -0.0000
vn 0.3800 0.9219 -0.0756
vn -0.3580 0.9219 0.1483
vn 0.3800 0.9219 0.0756
vn -0.3800 0.9219 0.0756
vn 0.3580 0.9219 0.1483
vn -0.3875 0.9219 -0.0000
vn 0.3222 0.9219 0.2153
vn -0.3800 0.9219 -0.0756
vn 0.2740 0.9219 0.2740
vn -0.3580 0.9219 -0.1483
vn 0.2153 0.9219 0.3222
vn -0.3222 0.9219 -0.2153
vn 0.1483 0.9219 0.3580
vn 0.0756 0.9219 -0.3800
vn -0.0000 0.9219 -0.3875
vn -0.2740 0.9219 -0.2740
vn 0.0756 0.9219 0.3800
vn 0.1483 0.9219 -0.3580
vn -0.2153 0.9219 -0.3222
vn -0.0000 0.9219 0.3875
vn 0.2153 0.9219 -0.3222
vn -0.1483 0.9219 -0.3580
vn -0.0756 0.9219 0.3800
vn 0.2740 0.9219 -0.2740
vn -0.0756 0.9219 -0.3800
vn -0.1483 0.9219 0.3580
vn 0.3222 0.9219 -0.2153
vn -0.2153 0.9219 0.3222
vn 0.3580 0.9219 -0.1483
vn 0.1151 0.8073 -0.5787
vn -0.0000 0.8073 -0.5901
vn 0.2258 0.8073 -0.5452
vn 0.3278 0.8073 -0.4906
vn 0.4172 0.8073 -0.4172
vn 0.4906 0.8073 -0.3278
vn 0.5452 0.8073 -0.2258
vn 0.5787 0.8073 -0.1151
vn 0.5901 0.8074 -0.0000
vn 0.5787 0.8073 0.1151
vn 0.5452 0.8073 0.2258
vn 0.4906 0.8073 0.3278
vn 0.4172 0.8073 0.4172
vn 0.3278 0.8073 0.4906
vn 0.2258 0.8073 0.5452
vn 0.1151 0.8073 0.5787
vn -0.0000 0.8073 0.5901
vn -0.1151 0.8073 0.5787
vn -0.2258 0.8073 0.5452
vn -0.3278 0.8073 0.4906
vn -0.4172 0.8073 0.4172
vn -0.4906 0.8073 0.3278
vn -0.5452 0.8073 0.2258
vn -0.5787 0.8073 0.1151
vn -0.5901 0.8073 -0.0000
vn -0.5787 0.8073 -0.1151
vn -0.5452 0.8073 -0.2258
vn -0.4906 0.8073 -0.3278
vn -0.4172 0.8073 -0.4172
vn -0.3278 0.8073 -0.4906
vn -0.2258 0.8073 -0.5452
vn -0.1151 0.8073 -0.5787
vn 0.6836 0.7298 -0.0000
vn 0.6705 0.7298 -0.1334
vn -0.6316 0.7298 0.2616
vn 0.6705 0.7298 0.1334
vn -0.6705 0.7298 0.1334
vn 0.6316 0.7298 0.2616
vn -0.6836 0.7298 -0.0000
vn 0.5684 0.7298 0.3798
vn -0.6705 0.7298 -0.1334
vn 0.4834 0.7298 0.4834
vn -0.6316 0.7298 -0.2616
vn 0.3798 0.7298 0.5684
vn -0.5684 0.7298 -0.3798
vn 0.2616 0.7298 0.6316
vn 0.1334 0.7298 -0.6705
vn -0.0000 0.7298 -0.6836
vn -0.4834 0.7298 -0.4834
vn 0.1334 0.7298 0.6705
vn 0.2616 0.7298 -0.6316
vn -0.3798 0.7298 -0.5684
vn -0.0000 0.7298 0.6836
vn 0.3798 0.7298 -0.5684
vn -0.2616 0.7298 -0.6316
vn -0.1334 0.7298 0.6705
vn 0.4834 0.7298 -0.4834
vn -0.1334 0.7298 -0.6705
vn -0.2616 0.7298 0.6316
vn 0.5684 0.7298 -0.3798
vn -0.3798 0.7298 0.5684
vn 0.6316 0.7298 -0.2616
vn -0.3108 0.5834 -0.7504
vn -0.0788 0.9786 -0.1902
vn -0.1144 0.9786 -0.1712
vn -0.4512 0.5834 -0.6754
vn -0.1584 0.5834 -0.7966
vn -0.0402 0.9786 -0.2019
vn -0.6753 0.5834 -0.4513
vn -0.1712 0.9786 -0.1144
vn -0.1902 0.9786 -0.0788
vn -0.7504 0.5834 -0.3109
vn -0.5743 0.5834 -0.5744
vn -0.1456 0.9786 -0.1456
vn -0.2019 0.9786 -0.0402
vn -0.7966 0.5834 -0.1585
vn -0.8122 0.5834 -0.0001
vn -0.2059 0.9786 -0.0000
vn -0.2019 0.9786 0.0402
vn -0.7966 0.5834 0.1584
vn 0.8122 0.5834 -0.0000
vn 0.2059 0.9786 -0.0000
vn 0.2019 0.9786 -0.0402
vn 0.7966 0.5834 -0.1584
vn -0.6754 0.5834 0.4512
vn -0.1712 0.9786 0.1144
vn -0.1456 0.9786 0.1456
vn -0.5744 0.5834 0.5743
vn -0.7504 0.5834 0.3108
vn -0.1902 0.9786 0.0788
vn -0.3109 0.5834 0.7504
vn -0.0788 0.9786 0.1902
vn -0.0402 0.9786 0.2019
vn -0.1585 0.5834 0.7966
vn -0.4513 0.5834 0.6753
vn -0.1144 0.9786 0.1712
vn 0.1584 0.5834 0.7966
vn 0.0402 0.9786 0.2019
vn 0.0788 0.9786 0.1902
vn 0.3108 0.5834 0.7504
vn 0.6754 0.5834 -0.4512
vn 0.1712 0.9786 -0.1144
vn 0.1456 0.9786 -0.1456
vn 0.5744 0.5834 -0.5743
vn -0.0001 0.5834 0.8122
vn -0.0000 0.9786 0.2059
vn 0.5743 0.5834 0.5744
vn 0.1456 0.9786 0.1456
vn 0.1712 0.9786 0.1144
vn 0.6753 0.5834 0.4513
vn 0.4512 0.5834 0.6754
vn 0.1144 0.9786 0.1712
vn 0.1585 0.5834 -0.7966
vn 0.0402 0.9786 -0.2019
vn -0.0000 0.9786 -0.2059
vn 0.0001 0.5834 -0.8122
vn 0.7966 0.5834 0.1585
vn 0.2019 0.9786 0.0402
vn 0.7504 0.5834 0.3109
vn 0.1902 0.9786 0.0788
vn 0.7504 0.5834 -0.3108
vn 0.1902 0.9786 -0.0788
vn 0.3109 0.5834 -0.7504
vn 0.0788 0.9786 -0.1902
vn 0.4513 0.5834 -0.6753
vn 0.1144 0.9786 -0.1712
vn -0.1915 -0.1899 -0.9629
vn -0.1585 0.5834 -0.7966
vn -0.3109 0.5834 -0.7504
vn -0.3757 -0.1899 -0.9071
vn 0.9811 0.1936 -0.0000
vn 0.9622 0.1936 -0.1914
vn 0.8157 0.1936 -0.5451
vn 0.6937 0.1936 -0.6937
vn -0.6937 0.1936 0.6937
vn -0.5451 0.1936 0.8157
vn -0.9622 0.1936 -0.1914
vn -0.9811 0.1936 -0.0000
vn -0.1914 0.1936 0.9622
vn -0.0000 0.1936 0.9811
vn -0.3754 0.1936 0.9064
vn 0.3754 0.1936 0.9064
vn 0.5451 0.1936 0.8157
vn 0.8157 0.1936 0.5451
vn 0.9064 0.1936 0.3754
vn -0.9064 0.1936 -0.3754
vn 0.9622 0.1936 0.1914
vn -0.9622 0.1936 0.1914
vn -0.9064 0.1936 0.3754
vn 0.3754 0.1936 -0.9064
vn 0.1914 0.1936 -0.9622
vn -0.0000 0.1936 -0.9811
vn -0.1914 0.1936 -0.9622
vn -0.5451 0.1936 -0.8157
vn -0.6937 0.1936 -0.6937
vn -0.8157 0.1936 -0.5451
vn 0.1914 0.1936 0.9622
vn 0.9064 0.1936 -0.3754
vn 0.6937 0.1936 0.6937
vn -0.8157 0.1936 0.5451
vn 0.5451 0.1936 -0.8157
vn -0.3754 0.1936 -0.9064
vn 0.1400 0.6966 -0.7037
vn -0.0000 0.6966 -0.7175
vn 0.5073 0.6966 0.5073
vn 0.5966 0.6966 0.3986
vn -0.5966 0.6966 0.3986
vn -0.5073 0.6966 0.5073
vn -0.2746 0.6966 -0.6629
vn -0.3986 0.6966 -0.5966
vn 0.6629 0.6966 0.2746
vn 0.7037 0.6966 0.1400
vn -0.3986 0.6966 0.5966
vn -0.2746 0.6966 0.6629
vn -0.5073 0.6966 -0.5073
vn -0.5966 0.6966 -0.3986
vn 0.5966 0.6966 -0.3986
vn 0.5073 0.6966 -0.5073
vn 0.2746 0.6966 0.6629
vn 0.3986 0.6966 0.5966
vn -0.7037 0.6966 0.1400
vn -0.6629 0.6966 0.2746
vn -0.1400 0.6966 -0.7037
vn 0.3986 0.6966 -0.5966
vn 0.2746 0.6966 -0.6629
vn 0.1400 0.6966 0.7037
vn 0.6629 0.6966 -0.2746
vn -0.7175 0.6966 -0.0000
vn 0.7175 0.6966 -0.0000
vn 0.7037 0.6966 -0.1400
vn -0.1400 0.6966 0.7037
vn -0.0000 0.6966 0.7175
vn -0.6629 0.6966 -0.2746
vn -0.7037 0.6966 -0.1400
vn -0.5455 -0.1899 0.8163
vn -0.4512 0.5834 0.6754
vn -0.3108 0.5834 0.7504
vn -0.3757 -0.1899 0.9071
vn 0.9818 -0.1899 -0.0000
vn 0.7966 0.5834 -0.1585
vn 0.9629 -0.1899 -0.1915
vn -0.6942 -0.1899 -0.6942
vn -0.5744 0.5834 -0.5743
vn -0.6754 0.5834 -0.4512
vn -0.8163 -0.1899 -0.5455
vn -0.1915 -0.1899 0.9629
vn -0.1584 0.5834 0.7966
vn -0.0000 0.5834 0.8122
vn -0.0000 -0.1899 0.9818
vn 0.8163 -0.1899 -0.5455
vn 0.6753 0.5834 -0.4513
vn 0.5743 0.5834 -0.5744
vn 0.6942 -0.1899 -0.6942
vn -0.9071 -0.1899 -0.3757
vn -0.7504 0.5834 -0.3108
vn -0.7966 0.5834 -0.1584
vn -0.9629 -0.1899 -0.1915
vn 0.3757 -0.1899 0.9071
vn 0.3109 0.5834 0.7504
vn 0.4513 0.5834 0.6753
vn 0.5455 -0.1899 0.8163
vn -0.6942 -0.1899 0.6942
vn -0.5743 0.5834 0.5744
vn -0.9629 -0.1899 0.1915
vn -0.7966 0.5834 0.1585
vn -0.7504 0.5834 0.3109
vn -0.9071 -0.1899 0.3757
vn 0.8163 -0.1899 0.5455
vn 0.6754 0.5834 0.4512
vn 0.7504 0.5834 0.3108
vn 0.9071 -0.1899 0.3757
vn -0.0000 -0.1899 -0.9818
vn -0.0000 0.5834 -0.8122
vn -0.5455 -0.1899 -0.8163
vn -0.4513 0.5834 -0.6753
vn 0.5455 -0.1899 -0.8163
vn 0.4512 0.5834 -0.6754
vn 0.3108 0.5834 -0.7504
vn 0.3757 -0.1899 -0.9071
vn 0.1915 -0.1899 0.9629
vn 0.1585 0.5834 0.7966
vn 0.9629 -0.1899 0.1915
vn 0.7966 0.5834 0.1584
vn 0.9071 -0.1899 -0.3757
vn 0.7504 0.5834 -0.3109
vn 0.1915 -0.1899 -0.9629
vn 0.1584 0.5834 -0.7966
vn -0.9818 -0.1899 -0.0000
vn -0.8122 0.5834 -0.0000
vn 0.6942 -0.1899 0.6942
vn 0.5744 0.5834 0.5743
vn -0.8163 -0.1899 0.5455
vn -0.6753 0.5834 0.4513
vn -0.4044 0.6857 -0.6052
vn -0.5147 0.6857 -0.5147
vn 0.6052 0.6857 0.4044
vn 0.6725 0.6857 0.2786
vn -0.6725 0.6857 0.2785
vn -0.6052 0.6857 0.4044
vn -0.0000 0.6857 0.7279
vn 0.1420 0.6857 0.7139
vn 0.2786 0.6857 -0.6725
vn 0.1420 0.6857 -0.7139
vn -0.0000 0.6857 -0.7279
vn -0.1420 0.6857 -0.7139
vn -0.1420 0.6857 0.7139
vn -0.6052 0.6857 -0.4044
vn -0.7279 0.6857 -0.0000
vn -0.7139 0.6857 0.1420
vn -0.2785 0.6857 -0.6725
vn 0.7139 0.6857 0.1420
vn 0.7279 0.6857 -0.0000
vn -0.2786 0.6857 0.6725
vn 0.4044 0.6857 -0.6052
vn 0.2785 0.6857 0.6725
vn 0.4044 0.6857 0.6052
vn -0.7139 0.6857 -0.1420
vn 0.5147 0.6857 0.5147
vn -0.6725 0.6857 -0.2786
vn 0.7139 0.6857 -0.1420
vn 0.6725 0.6857 -0.2786
vn -0.4044 0.6857 0.6052
vn 0.6052 0.6857 -0.4044
vn 0.5147 0.6857 -0.5147
vn -0.5147 0.6857 0.5147
vn 0.6836 0.7299 -0.0000
vn 0.3798 -0.7298 0.5684
vn 0.4834 -0.7298 0.4834
vn -0.6316 -0.7299 0.2616
vn -0.5684 -0.7298 0.3798
vn 0.6316 -0.7299 -0.2616
vn 0.5684 -0.7298 -0.3798
vn -0.4834 -0.7299 -0.4834
vn -0.5684 -0.7299 -0.3798
vn 0.5684 -0.7299 0.3798
vn 0.3798 -0.7299 -0.5684
vn 0.2616 -0.7299 -0.6316
vn 0.6705 -0.7299 -0.1334
vn -0.6316 -0.7298 -0.2616
vn -0.6705 -0.7298 -0.1334
vn -0.1334 -0.7298 -0.6705
vn -0.2616 -0.7299 -0.6316
vn -0.3798 -0.7299 -0.5684
vn 0.6836 -0.7299 -0.0000
vn 0.1334 -0.7298 -0.6705
vn -0.0000 -0.7299 -0.6836
vn 0.6705 -0.7299 0.1334
vn 0.6316 -0.7298 0.2616
vn -0.4834 -0.7298 0.4834
vn 0.1334 -0.7298 0.6705
vn 0.2616 -0.7298 0.6316
vn -0.3798 -0.7298 0.5684
vn -0.2616 -0.7298 0.6316
vn -0.1334 -0.7298 0.6705
vn -0.0000 -0.7298 0.6836
vn -0.6836 -0.7298 -0.0000
vn -0.6705 -0.7298 0.1334
vn 0.4834 -0.7298 -0.4834
vn 0.7139 -0.6857 -0.1420
vn 0.6725 -0.6857 -0.2785
vn -0.6725 -0.6857 -0.2785
vn -0.7139 -0.6857 -0.1420
vn -0.1420 -0.6857 -0.7139
vn -0.2786 -0.6857 -0.6725
vn -0.4044 -0.6857 -0.6052
vn -0.5147 -0.6857 -0.5147
vn 0.7279 -0.6857 -0.0000
vn 0.1420 -0.6857 -0.7139
vn -0.0000 -0.6857 -0.7279
vn 0.2785 -0.6857 -0.6725
vn 0.7139 -0.6857 0.1420
vn 0.6725 -0.6857 0.2786
vn -0.6052 -0.6857 0.4044
vn -0.5147 -0.6857 0.5147
vn 0.1420 -0.6857 0.7139
vn 0.2786 -0.6857 0.6725
vn -0.4044 -0.6857 0.6052
vn -0.2785 -0.6857 0.6725
vn -0.1420 -0.6857 0.7139
vn -0.0000 -0.6857 0.7279
vn -0.7279 -0.6857 -0.0000
vn 0.6052 -0.6857 0.4044
vn -0.7139 -0.6857 0.1420
vn -0.6725 -0.6857 0.2785
vn 0.5147 -0.6857 -0.5147
vn 0.4044 -0.6857 -0.6052
vn 0.4044 -0.6857 0.6052
vn -0.6052 -0.6857 -0.4044
vn 0.6052 -0.6857 -0.4044
vn 0.5147 -0.6857 0.5147
vn 0.2785 0.6857 -0.6725
vn 0.3827 -0.0000 -0.9239
vn 0.1951 -0.0000 -0.9808
vn 0.9808 -0.0000 0.1951
vn 1.0000 -0.0000 -0.0000
vn 0.9239 -0.0000 0.3827
vn -0.8315 -0.0000 0.5556
vn -0.7071 -0.0000 0.7071
vn 0.1951 -0.0000 0.9808
vn 0.3827 -0.0000 0.9239
vn -0.5556 -0.0000 0.8315
vn -0.3827 -0.0000 0.9239
vn -0.2785 0.6857 0.6725
vn -0.1951 -0.0000 0.9808
vn -0.0000 -0.0000 1.0000
vn -0.9808 -0.0000 -0.1951
vn -1.0000 -0.0000 -0.0000
vn 0.8315 -0.0000 0.5556
vn -0.9808 -0.0000 0.1951
vn -0.9239 -0.0000 0.3827
vn -0.3827 -0.0000 -0.9239
vn -0.5556 -0.0000 -0.8315
vn 0.7071 -0.0000 -0.7071
vn 0.5556 -0.0000 -0.8315
vn 0.5556 -0.0000 0.8315
vn -0.8315 -0.0000 -0.5556
vn -0.9239 -0.0000 -0.3827
vn -0.6725 0.6857 -0.2785
vn 0.8315 -0.0000 -0.5556
vn -0.0000 -0.0000 -1.0000
vn -0.1951 -0.0000 -0.9808
vn 0.7071 -0.0000 0.7071
vn 0.6725 0.6857 -0.2785
vn 0.9239 -0.0000 -0.3827
vn -0.7071 -0.0000 -0.7071
vn 0.9808 -0.0000 -0.1951
vn 0.1666 0.5204 0.8375
vn -0.0000 0.5204 0.8539
vn -0.0000 0.1899 0.9818
vn 0.1915 0.1899 0.9629
vn 0.3557 0.7682 -0.5323
vn 0.2450 0.7682 -0.5915
vn 0.1044 0.9621 -0.2519
vn 0.1515 0.9621 -0.2267
vn -0.6402 0.7682 -0.0000
vn -0.6279 0.7682 0.1249
vn -0.2675 0.9621 0.0532
vn -0.2727 0.9621 -0.0000
vn 0.7889 0.5204 0.3268
vn 0.7100 0.5204 0.4744
vn 0.8163 0.1899 0.5455
vn 0.9071 0.1899 0.3757
vn 0.1249 0.7682 -0.6279
vn -0.0000 0.7682 -0.6402
vn -0.0000 0.9621 -0.2727
vn 0.0532 0.9621 -0.2675
vn -0.5323 0.7682 0.3557
vn -0.4527 0.7682 0.4527
vn -0.1928 0.9621 0.1928
vn -0.2267 0.9621 0.1515
vn 0.8539 0.5204 -0.0000
vn 0.8375 0.5204 0.1666
vn 0.9629 0.1899 0.1915
vn 0.9818 0.1899 -0.0000
vn -0.2450 0.7682 -0.5915
vn -0.3557 0.7682 -0.5323
vn -0.1515 0.9621 -0.2267
vn -0.1044 0.9621 -0.2519
vn 0.4527 0.7682 -0.4527
vn 0.1928 0.9621 -0.1928
vn 0.6279 0.7682 -0.1249
vn 0.5915 0.7682 -0.2450
vn 0.2519 0.9621 -0.1044
vn 0.2675 0.9621 -0.0532
vn -0.5323 0.7682 -0.3557
vn -0.5915 0.7682 -0.2450
vn -0.2519 0.9621 -0.1044
vn -0.2267 0.9621 -0.1515
vn 0.1249 0.7682 0.6279
vn 0.2450 0.7682 0.5915
vn 0.1044 0.9621 0.2519
vn 0.0532 0.9621 0.2675
vn 0.3557 0.7682 0.5323
vn 0.4527 0.7682 0.4527
vn 0.1928 0.9621 0.1928
vn 0.1515 0.9621 0.2267
vn -0.3557 0.7682 0.5323
vn -0.2450 0.7682 0.5915
vn -0.1044 0.9621 0.2519
vn -0.1515 0.9621 0.2267
vn -0.0000 0.5204 -0.8539
vn 0.1666 0.5204 -0.8375
vn 0.1915 0.1899 -0.9629
vn -0.0000 0.1899 -0.9818
vn -0.1249 0.7682 -0.6279
vn -0.0532 0.9621 -0.2675
vn -0.6279 0.7682 -0.1249
vn -0.2675 0.9621 -0.0532
vn -0.6038 0.5204 0.6038
vn -0.7100 0.5204 0.4744
vn -0.8163 0.1899 0.5455
vn -0.6942 0.1899 0.6942
vn -0.1249 0.7682 0.6279
vn -0.0000 0.7682 0.6402
vn -0.0000 0.9621 0.2727
vn -0.0532 0.9621 0.2675
vn 0.5323 0.7682 0.3557
vn 0.5915 0.7682 0.2450
vn 0.2519 0.9621 0.1044
vn 0.2267 0.9621 0.1515
vn 0.6402 0.7682 -0.0000
vn 0.2727 0.9621 -0.0000
vn -0.7889 0.5204 -0.3268
vn -0.7100 0.5204 -0.4744
vn -0.8163 0.1899 -0.5455
vn -0.9071 0.1899 -0.3757
vn -0.5915 0.7682 0.2450
vn -0.2519 0.9621 0.1044
vn 0.5323 0.7682 -0.3557
vn 0.2267 0.9621 -0.1515
vn -0.3268 0.5204 -0.7889
vn -0.1666 0.5204 -0.8375
vn -0.1915 0.1899 -0.9629
vn -0.3757 0.1899 -0.9071
vn -0.4527 0.7682 -0.4527
vn -0.1928 0.9621 -0.1928
vn 0.6279 0.7682 0.1249
vn 0.2675 0.9621 0.0532
vn 0.6038 0.5204 -0.6038
vn 0.7100 0.5204 -0.4744
vn 0.8163 0.1899 -0.5455
vn 0.6942 0.1899 -0.6942
vn -0.1666 0.5204 0.8375
vn -0.1915 0.1899 0.9629
vn 0.6942 0.1899 0.6942
vn 0.5455 0.1899 0.8163
vn 0.9071 0.1899 -0.3757
vn 0.6725 -0.6857 -0.2786
vn -0.3757 0.1899 0.9071
vn 0.9629 0.1899 -0.1915
vn 0.3757 0.1899 0.9071
vn 0.2785 -0.6857 0.6725
vn -0.9818 0.1899 -0.0000
vn -0.9629 0.1899 -0.1915
vn 0.3757 0.1899 -0.9071
vn -0.5455 0.1899 0.8163
vn -0.5455 0.1899 -0.8163
vn -0.2785 -0.6857 -0.6725
vn -0.6942 0.1899 -0.6942
vn 0.6725 -0.6857 0.2785
vn -0.9071 0.1899 0.3757
vn -0.9629 0.1899 0.1915
vn -0.6725 -0.6857 0.2786
vn 0.5455 0.1899 -0.8163
vn 0.3798 -0.7298 -0.5684
vn 0.2616 -0.7298 -0.6316
vn -0.3798 -0.7298 -0.5684
vn -0.4834 -0.7298 -0.4834
vn 0.6316 -0.7298 -0.2616
vn -0.5684 -0.7298 -0.3798
vn -0.6316 -0.7298 0.2616
vn -0.0000 -0.7298 -0.6836
vn 0.5684 -0.7298 0.3798
vn -0.2616 -0.7298 -0.6316
vn 0.6705 -0.7298 0.1334
vn 0.6836 -0.7298 -0.0000
vn 0.6705 -0.7298 -0.1334
vn 0.6316 -0.7299 0.2616
vn 0.1334 0.7299 0.6705
vn -0.2616 0.7299 -0.6316
vn -0.7889 0.5204 0.3268
vn -0.8375 0.5204 0.1666
vn 0.6038 0.5204 0.6038
vn -0.4744 0.5204 0.7100
vn 0.3268 0.5204 -0.7889
vn 0.4744 0.5204 -0.7100
vn -0.8375 0.5204 -0.1666
vn 0.3268 0.5204 0.7889
vn -0.4744 0.5204 -0.7100
vn -0.8539 0.5204 -0.0000
vn 0.7889 0.5204 -0.3268
vn 0.8375 0.5204 -0.1666
vn -0.6038 0.5204 -0.6038
vn -0.3268 0.5204 0.7889
vn 0.4744 0.5204 0.7100
vn 0.6724 0.6857 -0.2786
vn -0.6724 0.6857 0.2786
vn 0.2786 0.6857 0.6724
vn 0.6724 0.6857 0.2786
vn -0.2786 0.6857 -0.6725
vn -0.6835 0.2565 -0.6834
vn -0.9129 0.2887 -0.2887
vn -0.6835 0.6834 -0.2565
vn -0.5773 0.5774 -0.5774
vn 0.6835 0.2565 -0.6835
vn 0.2887 0.2887 -0.9129
vn 0.2565 0.6834 -0.6834
vn 0.5773 0.5774 -0.5774
vn 0.6835 0.2565 0.6835
vn 0.9129 0.2887 0.2887
vn 0.6835 0.6834 0.2565
vn 0.5773 0.5774 0.5773
vn -0.6835 0.2565 0.6835
vn -0.2887 0.2887 0.9129
vn -0.2565 0.6835 0.6835
vn -0.5773 0.5774 0.5774
vn 0.2565 -0.6834 0.6835
vn 0.2887 -0.9129 0.2887
vn 0.6834 -0.6835 0.2565
vn 0.5773 -0.5774 0.5774
vn -0.2887 0.9129 0.2887
vn -0.6834 0.6835 0.2565
vn 0.2565 0.6834 0.6835
vn 0.2886 0.9129 0.2886
vn -0.0000 0.9474 0.3199
vn -0.0000 0.7071 0.7071
vn 0.3199 0.9474 -0.0000
vn 0.2887 0.9129 -0.2887
vn -0.0000 0.9474 -0.3199
vn -0.0000 1.0000 -0.0000
vn -0.3199 0.9474 -0.0000
vn -0.2887 0.9129 -0.2887
vn -0.7071 0.7071 -0.0000
vn -0.2565 -0.6834 0.6834
vn -0.2887 -0.9129 0.2887
vn -0.0000 -0.9474 0.3199
vn -0.0000 -0.7071 0.7071
vn -0.3199 -0.9475 -0.0000
vn -0.2887 -0.9129 -0.2887
vn -0.0000 -0.9474 -0.3199
vn -0.0000 -1.0000 -0.0000
vn 0.3199 -0.9475 -0.0000
vn 0.2886 -0.9129 -0.2886
vn 0.6835 -0.6834 -0.2565
vn 0.7071 -0.7071 -0.0000
vn -0.6835 -0.2565 0.6834
vn -0.2886 -0.2886 0.9129
vn -0.3199 -0.0000 0.9474
vn -0.0000 -0.3199 0.9474
vn 0.2887 -0.2887 0.9129
vn 0.3199 -0.0001 0.9474
vn -0.0000 -0.0001 1.0000
vn -0.0000 0.3199 0.9475
vn 0.2886 0.2886 0.9129
vn 0.6834 -0.2565 0.6835
vn 0.9129 -0.2886 0.2886
vn 0.9475 -0.0000 0.3199
vn 0.9474 -0.3199 -0.0000
vn 0.9129 -0.2887 -0.2887
vn 0.9475 -0.0001 -0.3199
vn 1.0000 -0.0001 -0.0000
vn 0.9474 0.3199 -0.0000
vn 0.9129 0.2887 -0.2887
vn 0.6834 0.6835 -0.2565
vn 0.7071 0.7071 -0.0000
vn 0.6835 -0.2565 -0.6834
vn 0.2886 -0.2886 -0.9129
vn 0.3199 -0.0000 -0.9474
vn -0.0000 -0.3199 -0.9475
vn -0.2887 -0.2887 -0.9129
vn -0.3199 -0.0001 -0.9475
vn -0.0000 -0.0001 -1.0000
vn -0.0000 0.3199 -0.9474
vn -0.2887 0.2887 -0.9129
vn -0.2565 0.6834 -0.6835
vn -0.0000 0.7071 -0.7071
vn -0.6835 -0.2565 -0.6835
vn -0.9129 -0.2886 -0.2886
vn -0.9475 -0.0000 -0.3199
vn -0.9474 -0.3199 -0.0000
vn -0.9129 -0.2887 0.2887
vn -0.9475 -0.0001 0.3199
vn -1.0000 -0.0001 -0.0000
vn -0.9474 0.3199 -0.0000
vn -0.9129 0.2886 0.2886
vn -0.9474 -0.0000 0.3199
vn -0.7071 -0.7071 -0.0000
vn -0.6835 -0.6834 0.2565
vn -0.5773 -0.5774 0.5773
vn -0.5773 -0.5774 -0.5774
vn -0.6834 -0.6835 -0.2565
vn -0.3199 -0.0000 -0.9475
vn -0.0000 -0.7071 -0.7071
vn -0.2565 -0.6834 -0.6834
vn 0.5773 -0.5774 -0.5774
vn 0.2565 -0.6835 -0.6834
vn 0.9475 -0.0000 -0.3199
vn 0.3199 -0.0000 0.9475
vn -0.3199 0.0001 0.9475
vn 0.9474 0.0001 0.3199
vn 0.3199 0.0001 -0.9475
vn -0.9474 0.0001 -0.3199
vn 0.6052 0.6857 -0.4045
vn -0.7279 0.6857 0.0001
vn 0.1420 0.6857 -0.7140
vn -0.7139 0.6857 0.1421
vn -0.6725 0.6857 0.2786
vn -0.6053 0.6857 -0.4044
vn 0.5148 0.6857 0.5147
vn 0.6053 0.6857 0.4044
vn -0.0001 0.6857 -0.7279
vn -0.1421 0.6857 -0.7139
vn 0.4044 0.6857 -0.6053
vn 0.6725 0.6857 0.2785
vn -0.4045 0.6857 -0.6052
vn -0.4044 0.6857 0.6053
vn -0.2785 0.6856 0.6725
vn 0.7279 0.6857 -0.0001
vn 0.7139 0.6857 -0.1421
vn -0.6052 0.6857 0.4045
vn -0.5147 0.6857 0.5148
vn 0.2786 0.6857 0.6725
vn 0.4045 0.6857 0.6052
vn 0.0001 0.6857 0.7279
vn 0.1421 0.6857 0.7139
vn -0.5148 0.6857 -0.5147
vn 0.3977 0.0260 -0.9171
vn 0.4014 -0.0101 -0.9159
vn 0.0051 -0.0010 -1.0000
vn 0.0069 -0.0001 -1.0000
vn 0.0002 -0.0009 -1.0000
vn -0.0045 0.0029 -1.0000
vn -0.3765 0.1368 -0.9162
vn -0.3881 0.1454 -0.9101
vn 0.7210 0.0471 0.6913
vn 0.7260 -0.0175 0.6875
vn 0.9301 -0.0224 0.3666
vn 0.9270 0.0605 0.3701
vn -0.7046 -0.0487 -0.7080
vn -0.7117 0.0143 -0.7023
vn -0.9235 0.0181 -0.3833
vn -0.9194 -0.0633 -0.3882
vn -0.7034 0.2354 0.6706
vn -0.6893 0.2613 0.6757
vn -0.3881 0.1454 0.9101
vn -0.3974 0.1316 0.9082
vn -0.3976 0.1318 -0.9081
vn -0.6893 0.2613 -0.6757
vn -0.7035 0.2355 -0.6706
vn -0.9976 -0.0687 -0.0000
vn -0.9998 0.0193 -0.0001
vn -0.9234 0.0181 0.3834
vn -0.9194 -0.0633 0.3882
vn 0.9437 -0.3309 -0.0000
vn 0.9525 -0.3046 -0.0000
vn 0.8809 -0.2819 -0.3803
vn 0.8768 -0.3079 -0.3692
vn 0.8768 -0.3079 0.3693
vn 0.8809 -0.2819 0.3803
vn 0.9525 -0.3046 0.0001
vn -0.8723 0.3328 0.3584
vn -0.8733 0.3168 0.3702
vn -0.6793 0.2465 0.6912
vn -0.3663 0.1191 -0.9228
vn -0.6748 0.2200 -0.7044
vn -0.6794 0.2465 -0.6912
vn -0.8723 0.3328 -0.3584
vn -0.8733 0.3168 -0.3702
vn -0.9400 0.3411 0.0001
vn -0.9341 0.3571 0.0001
vn -0.3766 0.1368 0.9162
vn 0.3928 -0.1456 -0.9080
vn 0.3711 -0.1310 -0.9193
vn -0.3663 0.1191 0.9228
vn -0.0000 0.0001 1.0000
vn -0.0043 0.0028 1.0000
vn 0.0001 0.0001 -1.0000
vn 0.0003 -0.0009 1.0000
vn 0.3711 -0.1310 0.9193
vn 0.3928 -0.1456 0.9080
vn 0.3666 -0.1179 -0.9229
vn -0.8792 0.2873 -0.3801
vn -0.9505 0.3109 0.0001
vn 0.6802 -0.2397 0.6928
vn 0.6999 -0.2566 0.6666
vn 0.6999 -0.2566 -0.6666
vn 0.6802 -0.2397 -0.6927
vn -0.6748 0.2200 0.7044
vn 0.3667 -0.1179 0.9229
vn 0.6758 -0.2167 0.7045
vn -0.8792 0.2873 0.3802
vn 0.6758 -0.2167 -0.7045
vn 0.9515 -0.3078 -0.0001
vn 0.9398 -0.3418 -0.0000
vn 0.8810 -0.3210 -0.3475
vn 0.8935 -0.2898 -0.3430
vn -0.9477 0.3191 0.0001
vn -0.8861 0.2978 0.3551
vn -0.3824 -0.0266 -0.9236
vn -0.3891 0.0077 -0.9212
vn 0.7146 -0.2334 -0.6594
vn 0.4055 -0.1343 -0.9042
vn 0.9997 -0.0242 -0.0000
vn 0.9979 0.0651 0.0001
vn 0.0034 -0.0025 -1.0000
vn 0.7145 -0.2334 0.6595
vn 0.8810 -0.3210 0.3475
vn 0.8936 -0.2897 0.3429
vn -0.8861 0.2979 -0.3550
vn 0.0031 -0.0023 1.0000
vn 0.4059 -0.1344 0.9040
vn -0.4049 -0.0923 -0.9097
vn -0.0283 -0.0064 -0.9996
vn 0.0067 0.0014 -1.0000
vn -0.3777 -0.0656 -0.9236
vn 0.9271 0.0606 -0.3699
vn 0.9301 -0.0226 -0.3665
vn 0.7260 -0.0178 -0.6875
vn 0.7210 0.0472 -0.6913
vn 0.0070 -0.0001 1.0000
vn 0.0052 -0.0010 1.0000
vn 0.4015 -0.0100 0.9158
vn 0.3979 0.0259 0.9171
vn -0.0282 -0.0064 0.9996
vn -0.4048 -0.0923 0.9097
vn -0.3777 -0.0656 0.9236
vn 0.0068 0.0014 1.0000
vn -0.7097 -0.1605 0.6860
vn -0.9068 -0.2034 0.3693
vn -0.9093 -0.1564 0.3855
vn -0.6973 -0.1208 0.7065
vn 0.9979 0.0651 -0.0000
vn 0.3593 0.0827 -0.9295
vn 0.6871 0.1583 -0.7091
vn 0.7105 0.1241 -0.6927
vn 0.3919 0.0686 -0.9174
vn 0.9515 -0.3078 -0.0000
vn 0.7210 -0.1921 -0.6658
vn 0.4076 -0.1107 -0.9064
vn 0.7250 -0.1459 -0.6731
vn 0.4065 -0.0832 -0.9099
vn 0.7272 -0.1057 -0.6782
vn 0.4057 -0.0600 -0.9120
vn 0.7277 -0.0651 -0.6828
vn 0.4041 -0.0368 -0.9140
vn -0.8999 0.2458 0.3601
vn -0.7103 0.1931 0.6769
vn -0.9117 0.1866 0.3660
vn -0.7149 0.1460 0.6838
vn -0.9187 0.1341 0.3715
vn -0.7166 0.1045 0.6896
vn -0.9226 0.0807 0.3773
vn -0.7155 0.0627 0.6958
vn -0.7117 0.0142 0.7024
vn 0.7210 -0.1920 0.6658
vn 0.9064 -0.2390 0.3484
vn 0.7250 -0.1458 0.6732
vn 0.9170 -0.1829 0.3545
vn 0.7272 -0.1055 0.6783
vn 0.9239 -0.1330 0.3588
vn 0.7277 -0.0649 0.6828
vn 0.9283 -0.0822 0.3626
vn 0.9009 0.2075 0.3813
vn 0.6870 0.1583 0.7092
vn 0.7105 0.1239 0.6927
vn 0.9149 0.1593 0.3711
vn -0.8999 0.2460 -0.3600
vn -0.9645 0.2639 -0.0000
vn -0.9117 0.1867 -0.3660
vn -0.9797 0.2007 -0.0000
vn -0.9187 0.1342 -0.3716
vn -0.9895 0.1445 -0.0001
vn -0.9225 0.0807 -0.3774
vn -0.9962 0.0871 0.0002
vn -0.9760 -0.2180 -0.0004
vn -0.9068 -0.2034 -0.3693
vn -0.9093 -0.1564 -0.3855
vn -0.9856 -0.1689 -0.0002
vn 0.9671 -0.2543 -0.0000
vn 0.9063 -0.2390 -0.3486
vn 0.9808 -0.1951 -0.0001
vn 0.9170 -0.1829 -0.3546
vn 0.9898 -0.1422 -0.0000
vn 0.9239 -0.1331 -0.3588
vn 0.9961 -0.0881 -0.0000
vn 0.9283 -0.0823 -0.3626
vn 0.9008 0.2075 -0.3815
vn 0.9745 0.2245 -0.0000
vn 0.9852 0.1714 -0.0000
vn 0.9148 0.1593 -0.3711
vn 0.0050 -0.0033 -1.0000
vn -0.3974 0.1068 -0.9114
vn 0.0038 -0.0020 -1.0000
vn -0.3975 0.0803 -0.9141
vn 0.0039 -0.0016 -1.0000
vn -0.3965 0.0574 -0.9162
vn 0.0042 -0.0013 -1.0000
vn -0.3937 0.0343 -0.9186
vn -0.7096 -0.1605 -0.6860
vn -0.6974 -0.1208 -0.7065
vn 0.4076 -0.1107 0.9064
vn 0.4066 -0.0832 0.9098
vn 0.4057 -0.0598 0.9121
vn 0.4041 -0.0367 0.9140
vn 0.3594 0.0828 0.9295
vn 0.3915 0.0685 0.9176
vn -0.3975 0.1067 0.9114
vn 0.0048 -0.0032 1.0000
vn -0.3978 0.0803 0.9140
vn 0.0040 -0.0021 1.0000
vn -0.3965 0.0573 0.9163
vn 0.0039 -0.0016 1.0000
vn -0.3936 0.0342 0.9186
vn 0.0042 -0.0013 1.0000
vn -0.3889 0.0076 0.9212
vn -0.7103 0.1934 -0.6769
vn -0.7152 0.1461 -0.6835
vn -0.7166 0.1046 -0.6896
vn -0.7155 0.0628 -0.6958
vn 0.9808 -0.1951 -0.0000
vn 0.9898 -0.1422 0.0001
vn 0.9961 -0.0881 0.0001
vn -0.3826 -0.0265 0.9235
vn -0.7046 -0.0483 0.7079
vn 0.5773 0.5774 0.5774
vn -0.6834 0.2565 0.6835
vn -0.2565 0.6834 0.6834
vn -0.6835 0.2565 -0.6835
vn 0.6834 0.2565 -0.6835
vn -0.2565 -0.6834 -0.6835
vn -0.2565 0.6835 -0.6835
vn 0.3199 0.9475 -0.0000
vn 0.2565 -0.6834 -0.6835
vn 0.2887 -0.9129 -0.2887
vn 0.3199 -0.9474 0.0001
vn -0.3199 -0.9474 -0.0000
vn -0.2886 -0.9129 0.2886
vn 0.2887 -0.2887 -0.9129
vn 0.3199 -0.0000 -0.9475
vn -0.0000 -0.3199 -0.9474
vn -0.2886 0.2886 -0.9129
vn -0.6834 -0.2565 -0.6835
vn -0.9129 -0.2887 -0.2887
vn -0.9474 -0.0000 -0.3199
vn -0.9475 0.3199 -0.0000
vn -0.6835 -0.2565 0.6835
vn -0.3199 -0.0000 0.9475
vn -0.0000 -0.3199 0.9475
vn 0.3199 -0.0000 0.9474
vn -0.0000 0.3199 0.9474
vn 0.2565 0.6835 0.6834
vn 0.6835 -0.2565 0.6835
vn 0.9129 -0.2887 0.2887
vn 0.9474 -0.0000 0.3199
vn 0.9474 -0.0000 -0.3199
vn 0.9475 0.3199 -0.0000
vn 0.5773 -0.5774 -0.5773
vn 0.9475 -0.3199 -0.0000
vn -0.2565 -0.6834 0.6835
vn -0.9475 -0.3199 -0.0000
vn 0.3199 -0.9474 -0.0000
vn -0.3199 0.9475 -0.0000
vn -0.3199 -0.9474 -0.0001
vn 0.7232 0.6903 -0.0218
vn 0.3972 0.9177 -0.0044
vn 0.3995 0.9167 0.0061
vn 0.7239 0.6895 0.0223
vn -0.3892 -0.9211 -0.0067
vn -0.0005 -1.0000 -0.0013
vn 0.0016 -1.0000 0.0005
vn -0.3886 -0.9214 -0.0018
vn -0.0003 1.0000 -0.0014
vn -0.3893 0.9211 -0.0067
vn -0.3886 0.9214 -0.0018
vn 0.0016 1.0000 0.0005
vn 0.8033 -0.2756 -0.5280
vn 0.6558 -0.5893 -0.4719
vn 0.4559 -0.5864 -0.6695
vn 0.5106 -0.2712 -0.8159
vn -0.0039 -1.0000 0.0033
vn 0.3206 -0.8877 -0.3305
vn 0.4159 -0.8983 -0.1417
vn 0.0315 -0.9994 -0.0138
vn -0.0666 -0.7061 0.7050
vn -0.0398 -0.9252 0.3775
vn -0.1719 -0.9294 0.3267
vn -0.4292 -0.7840 0.4484
vn -0.7066 0.7076 -0.0069
vn -0.9178 0.3969 0.0070
vn -0.9161 0.3998 -0.0320
vn -0.7054 0.7087 -0.0111
vn -0.0093 -0.7099 0.7043
vn -0.0035 -0.9221 0.3869
vn -0.2924 -0.9079 0.3005
vn 0.0018 -0.9999 -0.0138
vn 0.0439 -0.9072 -0.4185
vn 0.1384 -0.8977 -0.4183
vn 0.0116 -0.9995 -0.0287
vn 0.0003 -1.0000 -0.0026
vn 0.0095 -0.9162 -0.4006
vn -0.0398 0.9252 0.3774
vn -0.0665 0.7061 0.7050
vn -0.4295 0.7837 0.4487
vn -0.1565 0.9361 0.3150
vn -0.0035 0.9221 0.3869
vn -0.0093 0.7099 0.7043
vn 0.1372 0.8948 -0.4249
vn 0.0131 0.9997 -0.0227
vn 0.0469 0.9976 -0.0508
vn 0.3272 0.8830 -0.3366
vn 0.0005 0.7052 -0.7090
vn 0.0002 0.9218 -0.3877
vn -0.0035 0.9221 -0.3870
vn -0.0093 0.7099 -0.7043
vn 0.0007 -0.9203 0.3912
vn 0.0001 -1.0000 0.0003
vn 0.0003 -1.0000 0.0026
vn 0.0096 -0.9162 0.4006
vn 0.0005 -0.7053 -0.7090
vn -0.0093 -0.7099 -0.7043
vn -0.0035 -0.9221 -0.3868
vn 0.0002 -0.9218 -0.3877
vn 0.0001 1.0000 0.0001
vn 0.0007 0.9203 0.3913
vn 0.0095 0.9162 0.4006
vn 0.0007 1.0000 0.0025
vn 0.0003 -0.3845 -0.9231
vn 0.0002 0.0001 -1.0000
vn -0.0280 -0.0000 -0.9996
vn -0.0205 -0.3970 -0.9176
vn 0.0018 -0.6981 0.7160
vn 0.0277 -0.6845 0.7284
vn 0.0003 0.3846 -0.9231
vn -0.0205 0.3970 -0.9176
vn 0.0018 0.6981 0.7160
vn 0.0028 0.3754 0.9269
vn 0.0484 0.3617 0.9310
vn 0.0276 0.6845 0.7285
vn 0.0032 -0.0000 1.0000
vn 0.0028 -0.3754 0.9269
vn 0.0484 -0.3617 0.9310
vn 0.0576 -0.0000 0.9983
vn 0.0439 0.9072 -0.4185
vn 0.0019 0.9999 -0.0138
vn 0.0032 0.0001 1.0000
vn 0.0095 0.9162 -0.4006
vn 0.0007 1.0000 -0.0025
vn -0.0620 -0.0001 0.9981
vn -0.0657 -0.3993 0.9145
vn -0.5937 -0.5106 0.6220
vn -0.6907 -0.0000 0.7231
vn -0.0280 -0.0000 0.9996
vn -0.0205 -0.3970 0.9176
vn 0.2475 -0.3076 -0.9187
vn 0.2568 -0.0000 -0.9665
vn 0.5213 -0.0000 -0.8534
vn 0.1241 -0.3344 -0.9342
vn 0.1399 -0.0000 -0.9902
vn 0.0484 -0.3617 -0.9310
vn 0.0576 -0.0000 -0.9983
vn -0.0657 0.3992 0.9145
vn -0.5936 0.5106 0.6220
vn -0.0205 0.3970 0.9176
vn 0.2475 0.3076 -0.9188
vn 0.2152 0.6289 -0.7471
vn 0.4559 0.5865 -0.6695
vn 0.5106 0.2712 -0.8159
vn 0.1241 0.3344 -0.9342
vn 0.0872 0.6564 -0.7493
vn 0.0484 0.3617 -0.9310
vn 0.0276 0.6845 -0.7285
vn 0.2152 -0.6289 -0.7471
vn 0.0872 -0.6564 -0.7493
vn -0.4295 0.7837 -0.4487
vn -0.1565 0.9361 -0.3150
vn -0.3075 0.9378 -0.1615
vn -0.3186 -0.9311 -0.1775
vn 0.0315 -0.9994 0.0138
vn -0.0039 -1.0000 -0.0033
vn -0.2924 -0.9079 -0.3005
vn 0.3206 -0.8877 0.3305
vn 0.1384 -0.8977 0.4183
vn 0.0117 -0.9995 0.0287
vn -0.1718 -0.9294 -0.3267
vn -0.4292 -0.7840 -0.4485
vn 0.5213 -0.0000 0.8534
vn 0.8423 0.0001 0.5390
vn 0.8033 0.2756 0.5280
vn 0.5106 0.2712 0.8159
vn 0.6558 -0.5893 0.4719
vn 0.4559 -0.5865 0.6695
vn 0.0469 0.9976 0.0508
vn 0.5106 -0.2712 0.8159
vn 0.8033 -0.2756 0.5280
vn 0.8423 -0.0001 0.5390
vn 0.0259 0.9996 0.0141
vn 0.0131 0.9997 0.0227
vn 0.6558 0.5893 0.4719
vn 0.3272 0.8830 0.3366
vn 0.4559 0.5865 0.6695
vn 0.0277 -0.6846 -0.7284
vn 0.9277 0.3707 -0.0434
vn 0.9277 0.3707 0.0434
vn 0.9986 0.0015 -0.0536
vn 0.9986 0.0007 0.0532
vn 0.9284 -0.3689 -0.0447
vn 0.9986 0.0014 -0.0536
vn 0.9281 -0.3698 0.0435
vn 0.7228 -0.6906 -0.0229
vn 0.7237 -0.6898 0.0223
vn 0.3991 -0.9169 0.0059
vn 0.3961 -0.9182 -0.0047
vn -0.7066 -0.7075 -0.0069
vn -0.7054 -0.7088 -0.0111
vn -0.9178 -0.3969 0.0070
vn -0.9161 -0.3998 -0.0320
vn -0.9998 -0.0000 0.0183
vn -0.9989 -0.0000 -0.0459
vn 0.7425 -0.6340 -0.2161
vn 0.7441 -0.6634 -0.0794
vn 0.4162 -0.9085 -0.0377
vn 0.4159 -0.8983 -0.1416
vn 0.7425 -0.6341 -0.2160
vn 0.0177 -0.9998 -0.0021
vn -0.3669 -0.9296 0.0339
vn -0.3186 -0.9311 0.1775
vn 0.0314 -0.9994 -0.0138
vn 0.4222 0.8956 -0.1404
vn 0.7425 0.6340 -0.2161
vn 0.6558 0.5893 -0.4719
vn 0.4167 0.9083 -0.0374
vn 0.7445 0.6630 -0.0783
vn 0.7425 0.6341 -0.2160
vn -0.3668 0.9297 0.0339
vn 0.0177 0.9998 -0.0021
vn 0.0259 0.9996 -0.0141
vn -0.3075 0.9378 0.1614
vn 0.9663 -0.0000 -0.2575
vn 0.9161 -0.3152 -0.2479
vn 0.8423 -0.0000 -0.5390
vn 0.9910 0.0007 -0.1337
vn 0.9320 -0.3427 -0.1178
vn -0.9074 -0.4149 0.0668
vn -0.9978 -0.0000 0.0665
vn -0.6906 -0.0000 0.7232
vn -0.5936 -0.5106 0.6220
vn 0.9161 0.3152 -0.2479
vn 0.8033 0.2756 -0.5280
vn 0.9319 0.3436 -0.1165
vn -0.9074 0.4149 0.0668
vn -0.6936 0.7177 0.0620
vn -0.3706 0.9278 -0.0424
vn -0.6949 0.7146 -0.0803
vn -0.3075 0.9378 -0.1614
vn 0.7453 -0.6621 0.0789
vn 0.9319 -0.3436 0.1165
vn 0.7425 -0.6341 0.2160
vn 0.9161 -0.3152 0.2479
vn 0.7425 -0.6340 0.2161
vn -0.9054 -0.4144 -0.0926
vn -0.6948 -0.7147 -0.0803
vn -0.5936 -0.5106 -0.6220
vn -0.4292 -0.7840 -0.4484
vn 0.9911 -0.0000 0.1332
vn 0.9319 0.3436 0.1165
vn 0.9663 -0.0000 0.2575
vn 0.9161 0.3152 0.2479
vn -0.9054 0.4144 -0.0926
vn -0.9953 -0.0000 -0.0965
vn -0.5936 0.5106 -0.6220
vn -0.6906 -0.0000 -0.7232
vn 0.4182 0.9075 0.0390
vn 0.0160 0.9999 0.0012
vn 0.4222 0.8956 0.1404
vn -0.3705 -0.9279 -0.0425
vn 0.0162 -0.9999 0.0012
vn 0.4182 -0.9075 0.0390
vn 0.0314 -0.9994 0.0138
vn 0.4159 -0.8983 0.1416
vn 0.7453 0.6621 0.0789
vn 0.7425 0.6341 0.2160
vn 0.7425 0.6340 0.2161
vn 0.9911 -0.0001 0.1332
vn 0.4159 -0.8983 0.1417
vn 0.0439 0.9071 0.4186
vn 0.0872 0.6564 0.7493
vn 0.1372 0.8948 0.4249
vn 0.2152 0.6289 0.7471
vn -0.0666 -0.7061 -0.7050
vn -0.0657 -0.3993 -0.9145
vn -0.5937 -0.5106 -0.6220
vn 0.1241 -0.3344 0.9342
vn 0.0872 -0.6564 0.7493
vn 0.2475 -0.3076 0.9188
vn 0.2152 -0.6289 0.7471
vn -0.0619 -0.0000 -0.9981
vn -0.0657 0.3992 -0.9145
vn -0.6907 -0.0000 -0.7231
vn 0.1242 0.3344 0.9342
vn 0.1399 -0.0000 0.9902
vn 0.2475 0.3076 0.9188
vn 0.2568 0.0001 0.9665
vn -0.0398 0.9252 -0.3774
vn 0.0020 0.9999 0.0139
vn 0.0439 -0.9072 0.4185
vn 0.0018 -0.9999 0.0138
vn -0.0399 -0.9252 -0.3774
vn -0.0666 0.7061 -0.7050
vn 0.2568 -0.0000 0.9665
vn -0.6936 -0.7177 0.0619
vn 0.8423 0.0001 -0.5390
vn 0.9910 0.0008 -0.1337
vn 0.0003 -0.3845 0.9231
vn 0.0004 -0.7052 0.7090
vn 0.0018 -0.6981 -0.7160
vn 0.0028 -0.3754 -0.9269
vn 0.0003 0.3846 0.9231
vn 0.0002 0.0001 1.0000
vn 0.0032 0.0001 -1.0000
vn 0.0028 0.3754 -0.9269
vn 0.0018 0.6981 -0.7160
vn 0.0007 0.9203 -0.3913
vn 0.0032 -0.0000 -1.0000
vn 0.0002 -0.9218 0.3876
vn 0.0001 -1.0000 -0.0003
vn 0.0005 0.7052 0.7090
vn 0.0007 -0.9203 -0.3912
vn 0.0001 1.0000 -0.0001
vn 0.0002 0.9218 0.3877
vn 0.6741 0.2589 0.6918
vn 0.5711 0.5711 0.5896
vn -0.5773 0.5774 -0.5773
vn 0.5774 0.5773 -0.5773
vn 0.6835 0.6835 -0.2565
vn -0.2886 0.9129 -0.2886
vn -0.0000 -0.9475 0.3199
vn -0.0000 -1.0000 0.0001
vn 0.6835 -0.2565 -0.6835
vn -0.9474 -0.3199 0.0001
vn -0.9475 -0.0000 0.3199
vn -0.9129 0.2887 0.2887
vn 0.3356 -0.1920 0.9223
vn 0.9992 -0.0039 0.0405
vn 0.6987 0.6872 0.1992
vn 0.2848 0.0424 0.9576
vn -0.6717 0.6718 -0.3123
vn -0.6847 0.6847 -0.2495
vn -0.9684 -0.0000 -0.2495
vn -0.9500 -0.0000 -0.3123
vn 0.1953 -0.3307 0.9233
vn 0.0042 -0.9988 0.0478
vn 0.7070 -0.7068 -0.0231
vn 0.2763 -0.2645 0.9240
vn 0.6741 -0.2589 0.6918
vn 0.7012 -0.0000 0.7130
vn 0.9474 -0.3199 -0.0001
vn 0.9129 0.2886 -0.2886
vn 0.5774 -0.5773 -0.5774
vn 0.5711 -0.5711 0.5896
vn 0.6835 -0.6835 0.2565
vn 1.0000 -0.0000 0.0001
vn 0.2949 0.2930 0.9095
vn 0.2589 0.6741 0.6918
vn -0.1097 -0.0825 0.9905
vn -0.9350 -0.0071 0.3546
vn -0.6856 -0.6973 0.2092
vn -0.0405 -0.2769 0.9600
vn 0.2589 -0.6741 0.6918
vn 0.2899 -0.2898 0.9121
vn 0.0874 0.1152 0.9895
vn 0.0073 0.9374 0.3482
vn -0.6456 0.6458 0.4075
vn -0.0417 0.0450 0.9981
vn -0.5712 -0.5709 0.5898
vn -0.2589 -0.6741 0.6918
vn -0.2932 -0.2951 0.9094
vn -0.6741 -0.2589 0.6918
vn -0.9350 -0.0070 0.3546
vn -0.1097 -0.0824 0.9905
vn -0.6741 0.2589 0.6918
vn -0.2987 0.2989 0.9063
vn -0.2589 0.6741 0.6918
vn -0.5711 0.5711 0.5896
vn 0.6717 -0.6717 -0.3123
vn 0.6847 -0.6847 -0.2495
vn 0.9684 -0.0000 -0.2495
vn 0.9500 -0.0000 -0.3123
vn -0.7012 -0.0000 0.7130
vn -0.0000 -0.7012 0.7130
vn -0.0000 0.7012 0.7130
vn 0.3199 0.9474 -0.0001
vn -0.9474 0.3199 -0.0001
vn -0.6847 -0.6847 -0.2495
vn -0.6717 -0.6717 -0.3123
vn 0.0010 0.4222 0.9065
vn 0.9474 0.3199 0.0001
vn 0.4131 -0.0008 0.9107
vn 0.0009 -0.4133 0.9106
vn -0.0000 -0.9500 -0.3123
vn -0.0000 -0.9684 -0.2495
vn 0.6718 0.6717 -0.3123
vn 0.6848 0.6847 -0.2495
vn -0.0000 0.9684 -0.2495
vn -0.0000 0.9500 -0.3123
vn -0.4225 -0.0010 0.9064
vn 0.9969 -0.0000 -0.0788
vn 0.7049 -0.7049 -0.0788
vn 0.9996 -0.0124 -0.0247
vn 0.7067 -0.7061 -0.0439
vn -0.0000 -0.9969 -0.0788
vn -0.7049 -0.7049 -0.0788
vn 0.0129 -0.9997 -0.0224
vn -0.6933 -0.7200 0.0303
vn 0.0874 0.1151 0.9895
vn 0.2848 0.0424 0.9577
vn -0.0000 0.9969 -0.0788
vn 0.7049 0.7049 -0.0788
vn 0.0141 0.9964 0.0831
vn 0.7200 0.6935 0.0268
vn -0.0404 -0.2769 0.9601
vn -0.9969 -0.0000 -0.0788
vn -0.9962 -0.0135 0.0857
vn 0.3355 -0.1921 0.9222
vn -0.7049 0.7049 -0.0788
vn -0.7026 0.7032 0.1085
vn 0.2763 -0.2644 0.9240
vn 0.9969 -0.0000 -0.0787
vn 0.9996 -0.0123 -0.0247
vn 0.0252 0.0398 0.9989
vn -0.0096 0.0306 0.9995
vn -0.4800 -0.4765 0.7365
vn 0.0251 0.0397 0.9989
vn -0.0095 0.0305 0.9995
vn -0.0009 -0.7582 0.6520
vn -0.6040 0.0017 0.7970
vn 0.0585 0.0060 0.9983
vn 0.0586 0.0060 0.9983
vn -0.4088 0.4087 0.8160
vn -0.0018 0.6071 0.7946
vn 0.0421 -0.0424 0.9982
vn -0.0064 -0.0581 0.9983
vn 0.0422 -0.0424 0.9982
vn -0.0064 -0.0582 0.9983
vn -0.6040 0.0018 0.7970
vn 0.0585 0.0061 0.9983
vn 0.4801 0.4836 0.7319
vn -0.0392 -0.0244 0.9989
vn -0.0393 -0.0245 0.9989
vn -0.0296 0.0093 0.9995
vn 0.7621 0.0008 0.6475
vn -0.0295 0.0093 0.9995
vn -0.0130 0.0125 0.9998
vn -0.0129 0.0125 0.9998
vn 0.5618 -0.5618 0.6072
vn 0.6835 0.6834 -0.2565
vn 0.6741 0.2589 -0.6918
vn 0.5711 0.5711 -0.5896
vn -0.6835 0.6834 0.2565
vn -0.6835 0.2565 0.6834
vn 0.2565 0.6835 0.6835
vn 0.2887 0.2887 0.9129
vn 0.6834 0.2565 0.6835
vn -0.6835 -0.6835 0.2565
vn -0.5773 -0.5774 0.5774
vn 0.6834 0.6835 0.2565
vn 0.2887 0.9129 0.2887
vn -0.2565 0.6835 0.6834
vn -0.3199 0.9474 -0.0001
vn -0.6835 -0.6834 -0.2565
vn -0.2886 -0.9129 -0.2886
vn 0.2886 -0.2886 0.9129
vn -0.2887 -0.2887 0.9129
vn -0.6834 -0.2565 0.6835
vn -0.9474 -0.3199 -0.0001
vn -0.6834 0.6835 -0.2565
vn -0.9129 0.2886 -0.2886
vn 0.6987 0.6871 -0.1992
vn 0.9992 -0.0039 -0.0404
vn 0.3355 -0.1921 -0.9222
vn 0.2847 0.0425 -0.9577
vn -0.9684 -0.0000 0.2495
vn -0.6847 0.6847 0.2495
vn -0.6717 0.6718 0.3123
vn -0.9500 -0.0000 0.3123
vn 0.7070 -0.7068 0.0230
vn 0.0042 -0.9989 -0.0477
vn 0.1953 -0.3307 -0.9233
vn 0.2764 -0.2644 -0.9240
vn 0.9129 -0.2886 -0.2886
vn 0.6741 -0.2589 -0.6918
vn 0.7012 -0.0000 -0.7130
vn 0.9474 -0.3199 0.0001
vn 0.6835 -0.6834 0.2565
vn 0.5773 -0.5773 0.5774
vn 0.6835 -0.6835 -0.2565
vn 0.5711 -0.5711 -0.5896
vn 1.0000 -0.0000 -0.0001
vn 0.2949 0.2930 -0.9095
vn 0.2589 0.6741 -0.6918
vn -0.6856 -0.6973 -0.2091
vn -0.9350 -0.0071 -0.3546
vn -0.1097 -0.0824 -0.9905
vn -0.0405 -0.2769 -0.9600
vn 0.2589 -0.6741 -0.6918
vn 0.2899 -0.2899 -0.9121
vn -0.6457 0.6460 -0.4071
vn 0.0073 0.9373 -0.3483
vn 0.0874 0.1152 -0.9895
vn -0.0416 0.0451 -0.9981
vn -0.2932 -0.2951 -0.9094
vn -0.2589 -0.6741 -0.6918
vn -0.5712 -0.5711 -0.5896
vn -0.6741 -0.2589 -0.6918
vn -0.9350 -0.0070 -0.3546
vn -0.2589 0.6741 -0.6918
vn -0.2989 0.2989 -0.9063
vn -0.6741 0.2589 -0.6918
vn -0.5711 0.5711 -0.5896
vn 0.9684 -0.0000 0.2495
vn 0.6847 -0.6847 0.2495
vn 0.6717 -0.6717 0.3123
vn 0.9500 -0.0000 0.3123
vn -0.7012 -0.0000 -0.7130
vn -0.0000 -0.7012 -0.7130
vn -0.0000 0.7012 -0.7130
vn -0.3199 -0.9474 0.0001
vn -0.6848 -0.6847 0.2495
vn -0.6718 -0.6717 0.3123
vn 0.0010 0.4223 -0.9065
vn 0.9474 0.3199 -0.0001
vn 0.4131 -0.0009 -0.9107
vn 0.0009 -0.4133 -0.9106
vn -0.0000 -0.9684 0.2495
vn -0.0000 -0.9500 0.3123
vn -0.0000 0.9684 0.2495
vn 0.6847 0.6847 0.2495
vn 0.6717 0.6717 0.3123
vn -0.0000 0.9500 0.3123
vn -0.4225 -0.0010 -0.9064
vn 0.9969 -0.0000 0.0787
vn 0.7049 -0.7049 0.0788
vn 0.9996 -0.0124 0.0247
vn 0.7067 -0.7061 0.0439
vn -0.0417 0.0450 -0.9981
vn -0.0000 -0.9969 0.0788
vn -0.7049 -0.7049 0.0787
vn 0.0129 -0.9997 0.0224
vn -0.6934 -0.7200 -0.0303
vn 0.2847 0.0424 -0.9577
vn -0.0000 0.9969 0.0787
vn 0.7049 0.7049 0.0788
vn 0.0141 0.9964 -0.0832
vn 0.7200 0.6935 -0.0268
vn -0.0405 -0.2769 -0.9601
vn -0.9969 -0.0000 0.0788
vn -0.9962 -0.0135 -0.0857
vn 0.3356 -0.1920 -0.9222
vn -0.7049 0.7049 0.0787
vn -0.7026 0.7032 -0.1085
vn 0.2763 -0.2644 -0.9240
vn 0.9969 -0.0000 0.0788
vn 0.9996 -0.0123 0.0247
vn 0.0252 0.0398 -0.9989
vn -0.0096 0.0306 -0.9995
vn -0.0096 0.0305 -0.9995
vn 0.0251 0.0397 -0.9989
vn -0.4800 -0.4765 -0.7365
vn -0.0009 -0.7583 -0.6519
vn -0.6040 0.0017 -0.7970
vn 0.0585 0.0060 -0.9983
vn 0.0586 0.0060 -0.9983
vn -0.4088 0.4087 -0.8160
vn -0.0018 0.6071 -0.7946
vn 0.0421 -0.0424 -0.9982
vn -0.0063 -0.0581 -0.9983
vn -0.0064 -0.0582 -0.9983
vn 0.0422 -0.0424 -0.9982
vn -0.6040 0.0018 -0.7970
vn 0.4801 0.4836 -0.7319
vn -0.0392 -0.0244 -0.9989
vn -0.0296 0.0093 -0.9995
vn -0.0295 0.0092 -0.9995
vn 0.7620 0.0008 -0.6475
vn -0.0130 0.0125 -0.9998
vn 0.5618 -0.5618 -0.6073
vn -0.9541 0.2986 0.0210
vn -0.9473 0.2952 0.1247
vn -0.8960 0.4273 0.1211
vn -0.9013 0.4328 0.0197
vn -0.2778 0.9603 0.0263
vn -0.0683 0.9973 0.0270
vn -0.0682 0.9973 -0.0269
vn -0.2777 0.9603 -0.0261
vn -0.4234 -0.9059 0.0072
vn -0.4234 -0.9059 -0.0072
vn 0.3488 -0.9372 0.0091
vn 0.3488 -0.9372 -0.0091
vn 0.0694 0.9972 0.0271
vn 0.0693 0.9972 -0.0270
vn -0.7070 0.7069 0.0201
vn -0.5290 0.8483 0.0235
vn -0.5293 0.8481 -0.0233
vn -0.7071 0.7069 -0.0202
vn -0.8181 0.5747 0.0187
vn -0.8182 0.5747 -0.0187
vn -0.9013 0.4327 -0.0199
vn -0.9051 0.2799 0.3201
vn -0.8577 0.4061 0.3152
vn 0.5818 -0.8133 -0.0074
vn 0.5818 -0.8133 0.0074
vn -0.5408 -0.8410 -0.0169
vn -0.5408 -0.8410 0.0169
vn 0.9968 0.0768 -0.0220
vn 0.9840 0.1763 -0.0240
vn 0.9840 0.1767 0.0237
vn 0.9968 0.0767 0.0219
vn 0.6081 0.7933 -0.0287
vn 0.3019 0.9529 -0.0276
vn 0.3017 0.9530 0.0280
vn 0.6081 0.7933 0.0287
vn 0.8271 0.5614 -0.0290
vn 0.8271 0.5613 0.0291
vn 0.9398 0.3406 -0.0271
vn 0.9399 0.3405 0.0271
vn 0.6424 -0.3214 0.6957
vn 0.3195 -0.8920 0.3197
vn 0.4175 -0.8736 0.2501
vn 0.7906 -0.2934 0.5374
vn -0.1750 0.5937 0.7855
vn -0.0889 0.2847 0.9545
vn -0.0203 0.2826 0.9590
vn -0.0417 0.6098 0.7915
vn -0.2727 0.9494 0.1556
vn -0.2549 0.8864 0.3866
vn -0.0620 0.9172 0.3936
vn -0.0670 0.9849 0.1595
vn 0.0652 0.9165 0.3948
vn 0.0688 0.9847 0.1600
vn -0.0417 0.6097 -0.7915
vn -0.0203 0.2826 -0.9590
vn -0.0888 0.2847 -0.9545
vn -0.1752 0.5938 -0.7853
vn -0.0668 0.9849 -0.1594
vn -0.0618 0.9171 -0.3938
vn -0.2551 0.8862 -0.3867
vn -0.2729 0.9493 -0.1559
vn 0.0690 0.9847 -0.1601
vn 0.0652 0.9164 -0.3948
vn -0.3388 0.5417 0.7693
vn -0.1673 0.2574 0.9517
vn -0.5210 0.8409 0.1463
vn -0.4889 0.7906 0.3687
vn -0.5769 0.5857 0.5694
vn -0.4661 0.4741 0.7470
vn -0.4232 0.6812 0.5974
vn -0.1673 0.2573 -0.9517
vn -0.3388 0.5417 -0.7693
vn -0.4888 0.7906 -0.3687
vn -0.5209 0.8410 -0.1459
vn 0.0564 0.7766 0.6275
vn 0.0459 0.6073 0.7931
vn 0.2003 0.5723 0.7952
vn 0.2479 0.7366 0.6293
vn -0.2265 0.2248 0.9477
vn -0.6987 0.7031 0.1320
vn -0.6600 0.6681 0.3437
vn -0.6867 0.4823 0.5439
vn -0.5623 0.3960 0.7259
vn -0.2264 0.2248 -0.9477
vn -0.4661 0.4741 -0.7470
vn -0.6599 0.6681 -0.3437
vn -0.6988 0.7031 -0.1318
vn -0.2193 0.7550 -0.6180
vn -0.4232 0.6812 -0.5974
vn -0.2720 0.1888 0.9436
vn -0.8126 0.5699 0.1221
vn -0.7750 0.5433 0.3228
vn -0.7662 0.3612 0.5315
vn -0.6335 0.2983 0.7140
vn -0.2720 0.1888 -0.9436
vn -0.5623 0.3960 -0.7259
vn -0.7750 0.5433 -0.3228
vn -0.8127 0.5698 -0.1222
vn -0.5768 0.5857 -0.5694
vn -0.3078 0.1440 0.9405
vn -0.8072 0.2475 0.5358
vn -0.6684 0.2037 0.7154
vn -0.3078 0.1440 -0.9405
vn -0.6334 0.2983 -0.7140
vn -0.8577 0.4061 -0.3152
vn -0.8960 0.4273 -0.1212
vn -0.9049 0.2801 -0.3204
vn -0.9473 0.2950 -0.1247
vn -0.6411 -0.3656 -0.6748
vn -0.2516 -0.9300 -0.2679
vn -0.3186 -0.9253 -0.2059
vn -0.7819 -0.3476 -0.5175
vn 0.2037 -0.9557 0.2127
vn -0.2515 -0.9300 -0.2679
vn -0.1055 -0.9040 -0.4144
vn 0.1051 -0.9628 0.2490
vn -0.9541 0.2987 -0.0209
vn 0.1619 -0.8866 -0.4332
vn -0.0952 -0.9478 0.3043
vn 0.1051 -0.9628 0.2491
vn 0.2421 -0.9568 0.1610
vn -0.3185 -0.9253 -0.2058
vn 0.6816 0.0572 0.7295
vn 0.3246 0.0269 0.9455
vn 0.2939 -0.3401 0.8933
vn -0.6867 0.4823 -0.5438
vn -0.7662 0.3611 -0.5316
vn -0.3198 0.0986 0.9423
vn 0.0564 0.7766 -0.6275
vn 0.0459 0.6073 -0.7931
vn -0.0527 0.7782 -0.6258
vn -0.3199 0.0986 -0.9423
vn -0.6684 0.2045 -0.7152
vn 0.2816 -0.9539 -0.1042
vn -0.3823 -0.9158 0.1233
vn -0.4212 -0.9058 0.0456
vn 0.3193 -0.9464 -0.0479
vn 0.2003 0.5723 -0.7952
vn 0.1029 0.2771 -0.9553
vn 0.0220 0.2824 -0.9590
vn 0.3010 0.9398 -0.1616
vn 0.2854 0.8725 -0.3966
vn 0.4939 0.6074 -0.6222
vn 0.3962 0.4700 -0.7887
vn 0.2479 0.7366 -0.6293
vn 0.0220 0.2824 0.9590
vn 0.1029 0.2771 0.9553
vn 0.2854 0.8725 0.3966
vn 0.3009 0.9399 0.1616
vn 0.8309 0.0678 0.5522
vn 0.2010 0.2223 -0.9540
vn 0.6039 0.7805 -0.1615
vn 0.5703 0.7217 -0.3922
vn 0.6687 0.4341 -0.6036
vn 0.5377 0.3397 -0.7717
vn 0.2010 0.2223 0.9540
vn 0.3962 0.4700 0.7887
vn 0.5703 0.7217 0.3922
vn 0.6038 0.7806 0.1617
vn 0.2668 0.1571 -0.9509
vn 0.8183 0.5526 -0.1579
vn 0.7708 0.5124 -0.3786
vn 0.7642 0.2767 -0.5826
vn 0.6199 0.2210 -0.7529
vn 0.2668 0.1571 0.9509
vn 0.5377 0.3397 0.7717
vn 0.7708 0.5124 0.3786
vn 0.8182 0.5529 0.1579
vn 0.4940 0.6073 0.6222
vn 0.3021 0.1010 -0.9479
vn 0.9283 0.3403 -0.1499
vn 0.8754 0.3208 -0.3615
vn 0.8109 0.1553 -0.5642
vn 0.6625 0.1279 -0.7380
vn 0.3021 0.1010 0.9479
vn 0.6199 0.2211 0.7529
vn 0.8754 0.3208 0.3615
vn 0.9283 0.3403 0.1498
vn 0.6687 0.4342 0.6036
vn 0.3182 0.0588 -0.9462
vn 0.9738 0.1799 -0.1389
vn 0.9225 0.1744 -0.3442
vn 0.8310 0.0678 -0.5522
vn 0.6816 0.0572 -0.7295
vn 0.3181 0.0588 0.9462
vn 0.6626 0.1279 0.7380
vn 0.9225 0.1744 0.3442
vn 0.9739 0.1798 0.1386
vn 0.7642 0.2767 0.5826
vn 0.3245 0.0269 -0.9455
vn 0.9882 0.0771 -0.1320
vn 0.9400 0.0747 -0.3329
vn 0.7908 -0.2934 -0.5372
vn 0.6425 -0.3214 -0.6957
vn 0.9400 0.0747 0.3328
vn 0.9883 0.0770 0.1320
vn 0.9062 -0.2509 0.3403
vn 0.9710 -0.1892 0.1460
vn -0.4869 -0.8694 0.0840
vn 0.5800 -0.8130 -0.0524
vn -0.4160 -0.8942 0.1656
vn 0.5207 -0.8405 -0.1496
vn 0.3194 -0.9464 -0.0479
vn 0.8652 -0.4900 -0.1067
vn 0.8147 -0.5083 -0.2792
vn 0.2816 -0.9538 -0.1042
vn 0.9710 -0.1893 -0.1460
vn 0.9062 -0.2509 -0.3403
vn -0.2573 -0.9224 -0.2882
vn 0.3195 -0.8921 0.3196
vn 0.1619 -0.8866 0.4332
vn -0.0952 -0.9478 -0.3043
vn 0.5799 -0.8130 -0.0524
vn 0.5207 -0.8405 -0.1495
vn -0.3280 -0.9147 -0.2362
vn 0.9879 -0.1526 -0.0258
vn 0.9879 -0.1527 0.0258
vn -0.2193 0.7550 0.6180
vn -0.0526 0.7782 0.6258
vn -0.8072 0.2477 -0.5357
vn -0.6807 0.1290 0.7211
vn -0.3263 0.0612 0.9433
vn -0.7818 -0.3477 0.5175
vn -0.6411 -0.3657 0.6748
vn -0.8244 0.1569 0.5438
vn -0.9813 0.1912 0.0215
vn -0.9735 0.1893 0.1283
vn -0.3263 0.0612 -0.9433
vn -0.6808 0.1284 -0.7211
vn -0.9281 0.1785 -0.3268
vn -0.9736 0.1887 -0.1281
vn -0.8897 -0.3237 -0.3219
vn -0.9459 -0.2960 -0.1328
vn -0.9813 0.1915 -0.0215
vn -0.1056 -0.9040 0.4144
vn 0.1051 -0.9628 -0.2490
vn -0.4211 -0.9058 -0.0457
vn 0.3193 -0.9464 0.0479
vn -0.3282 -0.3612 0.8728
vn 0.8960 -0.4273 -0.1211
vn 0.9474 -0.2949 -0.1247
vn 0.9541 -0.2986 -0.0210
vn 0.9013 -0.4328 -0.0197
vn 0.0682 -0.9973 0.0269
vn 0.0683 -0.9973 -0.0270
vn 0.2778 -0.9603 -0.0263
vn 0.2777 -0.9603 0.0261
vn 0.9813 -0.1915 0.0215
vn 0.9812 -0.1916 -0.0215
vn 0.8799 -0.4747 -0.0176
vn 0.8799 -0.4748 0.0177
vn -0.0693 -0.9972 0.0270
vn -0.0694 -0.9972 -0.0271
vn 0.5293 -0.8481 0.0233
vn 0.5291 -0.8483 -0.0236
vn 0.7072 -0.7067 -0.0203
vn 0.7071 -0.7068 0.0201
vn 0.8181 -0.5748 -0.0187
vn 0.8182 -0.5747 0.0187
vn 0.9013 -0.4327 0.0199
vn 0.8578 -0.4057 -0.3155
vn 0.9051 -0.2799 -0.3202
vn -0.6626 -0.1279 -0.7380
vn -0.6200 -0.2210 -0.7528
vn -0.7642 -0.2766 -0.5827
vn -0.8109 -0.1553 -0.5642
vn -0.9840 -0.1766 -0.0237
vn -0.9840 -0.1763 0.0240
vn -0.9968 -0.0768 0.0220
vn -0.9968 -0.0767 -0.0219
vn -0.3020 -0.9529 -0.0278
vn -0.3020 -0.9529 0.0277
vn -0.6081 -0.7933 0.0287
vn -0.6081 -0.7934 -0.0287
vn -0.8269 -0.5616 0.0288
vn -0.8271 -0.5613 -0.0291
vn -0.9398 -0.3405 0.0272
vn -0.9399 -0.3405 -0.0271
vn -0.9459 -0.2959 0.1328
vn -0.4212 -0.9058 0.0457
vn -0.3824 -0.9157 0.1234
vn -0.8898 -0.3240 0.3215
vn 0.0203 -0.2826 -0.9590
vn 0.0889 -0.2848 -0.9545
vn 0.1750 -0.5936 -0.7855
vn 0.0417 -0.6097 -0.7915
vn 0.0620 -0.9172 -0.3937
vn 0.2550 -0.8864 -0.3865
vn 0.2730 -0.9493 -0.1560
vn 0.0670 -0.9849 -0.1595
vn -0.0691 -0.9847 -0.1598
vn -0.0652 -0.9164 -0.3949
vn 0.0889 -0.2847 0.9545
vn 0.0203 -0.2826 0.9590
vn 0.0417 -0.6097 0.7915
vn 0.1752 -0.5938 0.7853
vn 0.2550 -0.8862 0.3868
vn 0.0618 -0.9171 0.3937
vn 0.0668 -0.9849 0.1594
vn 0.2729 -0.9493 0.1559
vn -0.0651 -0.9164 0.3950
vn -0.0688 -0.9848 0.1596
vn 0.1673 -0.2573 -0.9517
vn 0.3388 -0.5417 -0.7693
vn 0.4889 -0.7906 -0.3687
vn 0.5210 -0.8410 -0.1460
vn 0.4661 -0.4741 -0.7470
vn 0.5769 -0.5857 -0.5694
vn 0.4232 -0.6812 -0.5974
vn 0.1673 -0.2574 0.9517
vn 0.3388 -0.5417 0.7693
vn 0.4889 -0.7906 0.3686
vn 0.5209 -0.8411 0.1459
vn -0.2004 -0.5723 -0.7952
vn -0.0459 -0.6073 -0.7931
vn -0.0564 -0.7766 -0.6275
vn -0.2479 -0.7365 -0.6293
vn 0.2264 -0.2249 -0.9477
vn 0.6599 -0.6683 -0.3434
vn 0.6986 -0.7032 -0.1323
vn 0.5623 -0.3959 -0.7260
vn 0.6867 -0.4823 -0.5439
vn 0.2265 -0.2248 0.9477
vn 0.4661 -0.4741 0.7470
vn 0.6600 -0.6681 0.3437
vn 0.6988 -0.7031 0.1318
vn 0.2193 -0.7549 0.6180
vn 0.4232 -0.6812 0.5974
vn 0.2720 -0.1888 -0.9436
vn 0.7750 -0.5433 -0.3228
vn 0.8126 -0.5698 -0.1222
vn 0.6334 -0.2983 -0.7140
vn 0.7662 -0.3612 -0.5316
vn 0.2721 -0.1888 0.9436
vn 0.5624 -0.3961 0.7258
vn 0.7750 -0.5433 0.3228
vn 0.8127 -0.5698 0.1222
vn 0.5767 -0.5857 0.5695
vn 0.3078 -0.1440 -0.9405
vn 0.6683 -0.2041 -0.7154
vn 0.8072 -0.2477 -0.5358
vn 0.3078 -0.1439 0.9405
vn 0.6334 -0.2982 0.7140
vn 0.8577 -0.4061 0.3153
vn 0.8960 -0.4273 0.1211
vn 0.9051 -0.2799 0.3202
vn 0.9473 -0.2950 0.1247
vn 0.8243 -0.1568 0.5440
vn 0.6808 -0.1279 0.7213
vn 0.6684 -0.2045 0.7152
vn 0.8070 -0.2476 0.5361
vn 0.2542 -0.4626 0.8493
vn 0.3263 -0.0612 0.9433
vn 0.5942 -0.5016 0.6287
vn 0.9541 -0.2987 0.0209
vn 0.7184 -0.5131 0.4698
vn -0.3005 -0.4096 -0.8614
vn -0.3246 -0.0268 -0.9455
vn -0.6817 -0.0572 -0.7294
vn -0.6433 -0.3717 -0.6694
vn 0.6867 -0.4823 0.5439
vn 0.7662 -0.3612 0.5316
vn 0.3198 -0.0986 -0.9423
vn -0.0459 -0.6073 0.7931
vn -0.0564 -0.7766 0.6275
vn 0.0527 -0.7782 0.6258
vn 0.3199 -0.0986 0.9423
vn 0.9280 -0.1785 -0.3270
vn 0.9736 -0.1890 -0.1281
vn -0.0220 -0.2824 0.9590
vn -0.1029 -0.2771 0.9553
vn -0.2004 -0.5722 0.7952
vn -0.2858 -0.8725 0.3963
vn -0.3009 -0.9399 0.1616
vn -0.3963 -0.4700 0.7887
vn -0.4940 -0.6073 0.6222
vn -0.2479 -0.7365 0.6294
vn -0.1029 -0.2771 -0.9553
vn -0.0220 -0.2824 -0.9590
vn -0.2854 -0.8725 -0.3966
vn -0.3009 -0.9399 -0.1616
vn -0.8309 -0.0678 -0.5523
vn -0.2010 -0.2223 0.9540
vn -0.5703 -0.7217 0.3923
vn -0.6039 -0.7805 0.1615
vn -0.5377 -0.3396 0.7717
vn -0.6688 -0.4341 0.6036
vn -0.2010 -0.2223 -0.9541
vn -0.3963 -0.4700 -0.7887
vn -0.5703 -0.7217 -0.3922
vn -0.6038 -0.7806 -0.1618
vn -0.2668 -0.1571 0.9509
vn -0.7708 -0.5124 0.3786
vn -0.8183 -0.5527 0.1579
vn -0.6199 -0.2210 0.7529
vn -0.7642 -0.2766 0.5827
vn -0.2668 -0.1570 -0.9509
vn -0.5377 -0.3397 -0.7717
vn -0.7708 -0.5124 -0.3786
vn -0.8181 -0.5529 -0.1580
vn -0.4940 -0.6073 -0.6222
vn -0.3021 -0.1010 0.9479
vn -0.8754 -0.3208 0.3616
vn -0.9283 -0.3403 0.1498
vn -0.6625 -0.1279 0.7380
vn -0.8109 -0.1553 0.5642
vn -0.3021 -0.1010 -0.9479
vn -0.8754 -0.3208 -0.3616
vn -0.9283 -0.3403 -0.1498
vn -0.6687 -0.4341 -0.6036
vn -0.3182 -0.0588 0.9462
vn -0.9225 -0.1745 0.3442
vn -0.9738 -0.1800 0.1389
vn -0.6816 -0.0572 0.7294
vn -0.8309 -0.0678 0.5522
vn -0.3182 -0.0588 -0.9462
vn -0.9225 -0.1744 -0.3442
vn -0.9738 -0.1798 -0.1390
vn -0.3246 -0.0269 0.9455
vn -0.9400 -0.0747 0.3330
vn -0.9883 -0.0771 0.1320
vn -0.6432 -0.3717 0.6694
vn -0.7959 -0.3385 0.5019
vn -0.9400 -0.0747 -0.3328
vn -0.9883 -0.0770 -0.1320
vn -0.9087 -0.2919 -0.2983
vn -0.9641 -0.2422 -0.1091
vn -0.9641 -0.2422 0.1091
vn -0.9746 -0.2231 0.0173
vn -0.9087 -0.2919 0.2983
vn -0.9747 -0.2230 -0.0173
vn -0.7959 -0.3385 -0.5019
vn -0.3005 -0.4095 0.8614
vn 0.2194 -0.7550 -0.6179
vn 0.0526 -0.7782 -0.6258
vn 0.3263 -0.0612 -0.9433
vn 0.6807 -0.1290 -0.7211
vn 0.5942 -0.5016 -0.6287
vn 0.7183 -0.5132 -0.4699
vn 0.8245 -0.1568 -0.5437
vn 0.9736 -0.1890 0.1280
vn 0.9280 -0.1785 0.3269
vn 0.8147 -0.5082 0.2791
vn 0.8650 -0.4902 0.1068
vn -0.9596 -0.2805 -0.0230
vn -0.9596 -0.2806 0.0230
vn -0.8244 0.1566 -0.5439
vn -0.9280 0.1786 0.3269
vn 0.5799 -0.8130 0.0525
vn -0.4869 -0.8694 -0.0840
vn 0.8109 0.1553 0.5641
vn 0.3195 -0.8921 -0.3196
vn -0.2572 -0.9224 0.2882
vn 0.2541 -0.4626 -0.8493
vn 0.2939 -0.3401 -0.8933
vn -0.3282 -0.3612 -0.8728
vn -0.2516 -0.9300 0.2679
vn -0.1056 -0.9039 0.4144
vn 0.2037 -0.9557 -0.2127
vn -0.2515 -0.9300 0.2679
vn -0.3185 -0.9253 0.2058
vn 0.2420 -0.9568 -0.1610
vn -0.3186 -0.9253 0.2058
vn -0.4235 -0.9059 0.0072
vn -0.1056 -0.9040 -0.4144
vn -0.3824 -0.9157 -0.1234
vn -0.4212 -0.9058 -0.0457
vn 0.2816 -0.9539 0.1042
vn -0.4235 -0.9059 -0.0072
vn 0.4176 -0.8736 -0.2501
vn -0.3280 -0.9147 0.2362
vn 0.4175 -0.8736 -0.2501
vn 0.5817 -0.8134 -0.0074
vn 0.5207 -0.8405 0.1496
vn 0.5799 -0.8130 0.0524
vn -0.4160 -0.8942 -0.1656
vn 0.5817 -0.8134 0.0074
vn 0.1619 -0.8866 0.4333
vn 0.2938 -0.3401 0.8933
vn -0.3281 -0.3612 0.8729
vn -0.1055 -0.9039 -0.4144
vn -0.3281 -0.3612 -0.8729
vn 0.2938 -0.3401 -0.8933
vn 0.2037 -0.9556 -0.2127
vn 0.1051 -0.9627 -0.2491
vn 0.2037 -0.9556 0.2127
vn 0.2421 -0.9568 -0.1611
vn 0.3489 -0.9371 -0.0091
vn 0.3194 -0.9464 0.0479
vn -0.3281 -0.9146 -0.2362
vn 0.3489 -0.9371 0.0091
vn -0.2573 -0.9224 0.2882
vn -0.0953 -0.9478 -0.3043
vn -0.3004 -0.4095 -0.8614
vn 0.1051 -0.9628 -0.2491
vn 0.2541 -0.4626 -0.8494
vn 0.2541 -0.4626 0.8494
vn -0.3003 -0.4096 0.8614
vn -0.1055 -0.9040 0.4144
vn 0.1282 0.6446 0.7537
vn 0.3651 0.5464 0.7537
vn 0.6446 -0.1282 0.7537
vn 0.6445 0.1282 0.7537
vn 0.5464 0.3651 0.7537
vn -0.1208 0.1808 0.9761
vn -0.1807 0.1208 0.9761
vn -0.2132 -0.0424 0.9761
vn -0.1807 -0.1208 0.9761
vn -0.6445 -0.1282 0.7537
vn -0.5464 -0.3651 0.7537
vn 0.1807 0.1208 0.9761
vn 0.1208 0.1807 0.9761
vn 0.2132 0.0424 0.9761
vn -0.1282 -0.6446 0.7537
vn 0.1282 -0.6445 0.7537
vn -0.7732 0.5166 0.3679
vn -0.4742 0.3168 0.8215
vn -0.3168 0.4741 0.8215
vn -0.5166 0.7732 0.3679
vn 0.0424 0.2132 0.9761
vn -0.1814 -0.9120 0.3679
vn -0.1113 -0.5593 0.8215
vn -0.3168 -0.4741 0.8215
vn -0.5166 -0.7732 0.3679
vn 0.3651 -0.5464 0.7537
vn -0.0424 0.2132 0.9761
vn 0.1208 -0.1807 0.9761
vn 0.1807 -0.1208 0.9761
vn -0.3651 0.5464 0.7537
vn -0.1282 0.6445 0.7537
vn 0.5464 -0.3651 0.7537
vn -0.5556 0.8315 -0.0000
vn -0.8315 0.5556 -0.0000
vn -0.9808 0.1951 -0.0000
vn -0.9120 0.1814 0.3679
vn -0.5556 -0.8315 -0.0000
vn -0.1951 -0.9808 -0.0000
vn -0.6446 0.1282 0.7537
vn 0.1814 -0.9120 0.3679
vn 0.1113 -0.5593 0.8215
vn -0.1208 -0.1807 0.9761
vn 0.5166 -0.7732 0.3679
vn 0.5556 -0.8315 -0.0000
vn 0.8315 -0.5556 -0.0000
vn 0.7732 -0.5166 0.3679
vn 0.0424 -0.2132 0.9761
vn -0.7732 -0.5166 0.3679
vn -0.8315 -0.5556 -0.0000
vn 0.1814 0.9120 0.3679
vn 0.1951 0.9808 -0.0000
vn -0.1951 0.9808 -0.0000
vn -0.1814 0.9120 0.3679
vn 0.9120 -0.1814 0.3679
vn 0.9808 0.1950 -0.0000
vn 0.9120 0.1814 0.3679
vn -0.9808 -0.1951 -0.0000
vn -0.9120 -0.1814 0.3679
vn 0.5166 0.7732 0.3679
vn 0.5556 0.8315 -0.0000
vn 0.1951 -0.9808 -0.0000
vn -0.3651 -0.5464 0.7537
vn -0.4127 0.0821 0.9072
vn -0.4127 -0.0821 0.9072
vn 0.9808 0.1951 -0.0000
vn 0.8315 0.5556 -0.0000
vn 0.7732 0.5166 0.3679
vn -0.5464 0.3651 0.7537
vn 0.2132 -0.0424 0.9761
vn -0.0411 -0.2068 0.9775
vn -0.1247 -0.6270 0.7690
vn 0.1247 -0.6270 0.7690
vn 0.0411 -0.2068 0.9775
vn -0.2132 0.0424 0.9761
vn -0.0424 -0.2132 0.9761
vn 0.5593 -0.1112 0.8215
vn 0.4741 -0.3168 0.8215
vn 0.3651 -0.5463 0.7538
vn 0.5464 -0.3650 0.7538
vn 0.3499 -0.2338 0.9072
vn 0.4127 -0.0821 0.9072
vn 0.2338 -0.3499 0.9072
vn -0.0821 0.4127 0.9072
vn -0.2338 0.3499 0.9072
vn -0.3499 -0.2338 0.9072
vn -0.2338 -0.3499 0.9072
vn 0.1282 0.6445 0.7538
vn -0.1282 0.6445 0.7538
vn -0.1282 -0.6445 0.7538
vn 0.1282 -0.6445 0.7538
vn -0.3650 0.5464 0.7538
vn -0.5463 0.3651 0.7538
vn 0.3499 0.2338 0.9072
vn 0.2338 0.3499 0.9072
vn 0.0821 0.4127 0.9072
vn -0.6445 0.1282 0.7538
vn -0.6445 -0.1282 0.7538
vn 0.5593 0.1112 0.8215
vn -0.1113 0.5593 0.8215
vn -0.5593 0.1113 0.8215
vn 0.4741 0.3168 0.8215
vn 0.5593 0.1113 0.8215
vn 0.1112 0.5593 0.8215
vn 0.3168 0.4741 0.8215
vn 0.3168 -0.4741 0.8215
vn -0.4741 -0.3168 0.8215
vn -0.5593 -0.1113 0.8215
vn -0.5464 -0.3651 0.7538
vn 0.5464 0.3650 0.7538
vn 0.3651 0.5463 0.7538
vn -0.3651 -0.5464 0.7538
vn 0.6445 -0.1282 0.7538
vn 0.6445 0.1282 0.7538
vn -0.6270 0.1247 0.7690
vn -0.6270 -0.1247 0.7690
vn -0.2069 -0.0412 0.9775
vn -0.2068 0.0411 0.9775
vn -0.1778 -0.8939 -0.4114
vn 0.1778 -0.8939 -0.4114
vn 0.1784 -0.8968 -0.4048
vn -0.1784 -0.8968 -0.4048
vn -0.9783 -0.1946 -0.0717
vn -0.8293 -0.5541 -0.0717
vn 0.9783 -0.1946 -0.0717
vn 0.8293 -0.5541 -0.0717
vn 0.1946 -0.9783 -0.0717
vn 0.5541 -0.8293 -0.0717
vn -0.5080 0.7603 -0.4048
vn -0.5064 0.7578 -0.4114
vn -0.7578 0.5064 -0.4114
vn -0.7603 0.5080 -0.4048
vn -0.1946 0.9783 -0.0717
vn -0.5541 0.8293 -0.0717
vn 0.5542 0.8293 -0.0717
vn 0.1946 0.9783 -0.0717
vn -0.1946 -0.9783 -0.0717
vn -0.5541 -0.8293 -0.0717
vn -0.5464 -0.3650 0.7538
vn -0.3650 -0.5464 0.7538
vn -0.8293 0.5541 -0.0717
vn -0.9783 0.1946 -0.0717
vn 0.7603 0.5080 -0.4048
vn 0.7578 0.5064 -0.4114
vn 0.5064 0.7578 -0.4114
vn 0.5080 0.7603 -0.4048
vn 0.8939 -0.1778 -0.4114
vn 0.8939 0.1778 -0.4114
vn 0.8968 0.1783 -0.4048
vn 0.8968 -0.1784 -0.4048
vn 0.7603 -0.5080 -0.4048
vn 0.7578 -0.5064 -0.4114
vn 0.8057 -0.5383 -0.2471
vn 0.7819 -0.5225 -0.3401
vn 0.9223 -0.1835 -0.3401
vn 0.9504 -0.1890 -0.2471
vn -0.9603 -0.1910 0.2031
vn -0.9086 -0.1807 0.3765
vn -0.9086 0.1807 0.3765
vn -0.9604 0.1910 0.2031
vn -0.9504 -0.1890 -0.2471
vn -0.9223 -0.1835 -0.3401
vn -0.7819 -0.5225 -0.3401
vn -0.8057 -0.5383 -0.2471
vn 0.5383 -0.8057 -0.2471
vn 0.5225 -0.7819 -0.3401
vn -0.5383 -0.8057 -0.2471
vn -0.5225 -0.7819 -0.3401
vn -0.1835 -0.9223 -0.3401
vn -0.1890 -0.9504 -0.2471
vn 0.1910 0.9603 0.2031
vn 0.1807 0.9086 0.3765
vn 0.5147 0.7703 0.3765
vn 0.5440 0.8141 0.2031
vn 0.5225 0.7819 -0.3401
vn 0.1835 0.9223 -0.3401
vn 0.1890 0.9504 -0.2471
vn 0.5383 0.8057 -0.2471
vn -0.7703 0.5147 0.3765
vn -0.8141 0.5440 0.2031
vn -0.5440 -0.8141 0.2031
vn -0.5147 -0.7703 0.3765
vn -0.7703 -0.5147 0.3765
vn -0.8141 -0.5440 0.2031
vn -0.1835 0.9223 -0.3401
vn -0.1890 0.9504 -0.2471
vn 0.1891 0.9505 -0.2464
vn 0.1778 0.8939 -0.4114
vn 0.5384 0.8058 -0.2464
vn 0.9604 0.1910 0.2031
vn 0.9086 0.1807 0.3765
vn 0.9086 -0.1807 0.3765
vn 0.9603 -0.1910 0.2031
vn 0.5440 -0.8141 0.2031
vn 0.5147 -0.7703 0.3765
vn 0.1807 -0.9086 0.3765
vn 0.1910 -0.9603 0.2031
vn -0.5383 0.8057 -0.2471
vn -0.5225 0.7819 -0.3401
vn -0.7819 0.5225 -0.3401
vn -0.8057 0.5383 -0.2471
vn 0.5464 0.3651 0.7538
vn 0.8057 0.5383 -0.2471
vn 0.7819 0.5225 -0.3401
vn -0.1807 -0.9086 0.3765
vn -0.1910 -0.9604 0.2031
vn 0.7703 -0.5147 0.3765
vn 0.8141 -0.5440 0.2031
vn 0.1835 -0.9223 -0.3401
vn 0.1890 -0.9504 -0.2471
vn -0.5440 0.8141 0.2031
vn -0.5147 0.7703 0.3765
vn -0.1807 0.9086 0.3765
vn -0.1910 0.9603 0.2031
vn -0.8389 0.1669 0.5181
vn -0.7112 0.4752 0.5181
vn 0.1784 0.8968 -0.4048
vn -0.6784 0.4533 0.5782
vn -0.8002 0.1592 0.5782
vn 0.7112 -0.4752 0.5181
vn 0.4752 -0.7112 0.5181
vn -0.1753 0.1172 0.9775
vn -0.5315 0.3552 0.7690
vn 0.9798 0.1949 0.0454
vn 0.9767 0.1943 -0.0906
vn 0.8280 0.5533 -0.0906
vn 0.8306 0.5550 0.0454
vn -0.8389 -0.1669 0.5181
vn 0.3651 0.5464 0.7538
vn 0.8389 0.1668 0.5181
vn 0.8389 -0.1669 0.5181
vn -0.7112 -0.4752 0.5181
vn -0.0412 0.2068 0.9775
vn -0.1247 0.6270 0.7690
vn -0.3552 0.5315 0.7690
vn -0.1172 0.1753 0.9775
vn -0.1753 -0.1172 0.9775
vn -0.5315 -0.3552 0.7690
vn -0.3552 -0.5315 0.7690
vn -0.1172 -0.1754 0.9775
vn -0.4752 -0.7112 0.5181
vn 0.4752 0.7112 0.5181
vn 0.7112 0.4752 0.5181
vn 0.7703 0.5147 0.3765
vn 0.1669 -0.8389 0.5181
vn -0.1669 -0.8389 0.5181
vn 0.3552 -0.5316 0.7690
vn 0.1172 -0.1754 0.9775
vn 0.8389 0.1669 0.5181
vn 0.9086 0.1808 0.3765
vn -0.9504 0.1890 -0.2471
vn -0.9223 0.1835 -0.3401
vn 0.1669 0.8389 0.5181
vn -0.8939 0.1778 -0.4114
vn -0.8968 0.1784 -0.4048
vn 0.9783 0.1945 -0.0717
vn -0.3651 0.5464 0.7538
vn -0.8968 -0.1784 -0.4048
vn -0.8939 -0.1778 -0.4114
vn -0.7578 -0.5064 -0.4114
vn -0.7603 -0.5080 -0.4048
vn -0.5064 -0.7578 -0.4114
vn -0.5080 -0.7603 -0.4048
vn -0.1778 0.8939 -0.4114
vn -0.1784 0.8968 -0.4048
vn 0.2068 0.0412 0.9775
vn 0.6270 0.1248 0.7690
vn 0.5315 0.3552 0.7690
vn 0.1753 0.1172 0.9775
vn 0.0411 0.2068 0.9775
vn 0.1247 0.6270 0.7690
vn 0.5315 -0.3552 0.7690
vn 0.1754 -0.1172 0.9775
vn 0.3552 0.5315 0.7690
vn 0.1172 0.1754 0.9775
vn -0.4752 0.7112 0.5181
vn -0.1669 0.8389 0.5181
vn 0.2068 -0.0411 0.9775
vn 0.6270 -0.1247 0.7690
vn 0.6270 0.1247 0.7690
vn 0.2069 0.0411 0.9775
vn 0.1171 0.1753 0.9775
vn -0.0411 0.2068 0.9775
vn -0.1171 0.1753 0.9775
vn -0.1753 0.1171 0.9775
vn -0.2068 -0.0411 0.9775
vn -0.1753 -0.1171 0.9775
vn -0.1171 -0.1753 0.9775
vn 0.1171 -0.1753 0.9775
vn 0.1753 -0.1171 0.9775
vn 0.2068 0.0411 0.9775
vn 0.1753 0.1171 0.9775
vn 0.9223 0.1835 -0.3401
vn 0.8968 0.1784 -0.4048
vn 0.5080 -0.7603 -0.4048
vn 0.9223 0.1834 -0.3401
vn 0.9504 0.1890 -0.2471
vn 0.8141 0.5440 0.2031
vn 0.9603 0.1911 0.2031
vn 0.9504 0.1891 -0.2471
vn 0.9768 0.1943 -0.0906
vn 0.9767 -0.1943 -0.0906
vn -0.5550 0.8306 0.0454
vn -0.1949 0.9798 0.0454
vn 0.1949 -0.9798 0.0454
vn 0.5550 -0.8306 0.0454
vn 0.8281 -0.5533 -0.0906
vn 0.5533 -0.8280 -0.0906
vn 0.1949 0.9798 0.0454
vn 0.5550 0.8306 0.0454
vn -0.5533 0.8280 -0.0906
vn -0.1943 0.9767 -0.0906
vn -0.8306 0.5550 0.0454
vn -0.9798 0.1949 0.0454
vn 0.5533 0.8280 -0.0906
vn 0.1943 0.9767 -0.0906
vn 0.1943 -0.9767 -0.0906
vn 0.8306 -0.5550 0.0454
vn -0.8306 -0.5550 0.0454
vn -0.5550 -0.8306 0.0454
vn -0.1949 -0.9798 0.0454
vn -0.9798 -0.1949 0.0454
vn 0.9798 -0.1949 0.0454
vn -0.1943 -0.9767 -0.0906
vn -0.9767 0.1943 -0.0906
vn -0.8280 0.5533 -0.0906
vn -0.9767 -0.1943 -0.0906
vn -0.5533 -0.8281 -0.0906
vn -0.8280 -0.5533 -0.0906
vn -0.1891 -0.9505 -0.2464
vn -0.5384 -0.8058 -0.2464
vn 0.8058 0.5384 -0.2464
vn 0.8293 0.5541 -0.0717
vn -0.1891 0.9505 -0.2464
vn 0.8939 0.1779 -0.4114
vn 0.9505 0.1891 -0.2464
vn 0.9782 0.1946 -0.0717
vn 0.8058 -0.5384 -0.2464
vn 0.5064 -0.7578 -0.4114
vn 0.5384 -0.8058 -0.2464
vn -0.9505 -0.1891 -0.2464
vn -0.9505 0.1891 -0.2464
vn -0.5384 0.8058 -0.2464
vn 0.1891 -0.9505 -0.2464
vn 0.9505 -0.1891 -0.2464
vn -0.8058 -0.5384 -0.2464
vn 0.9505 0.1890 -0.2464
vn -0.8058 0.5384 -0.2464
vn -0.0821 -0.4127 0.9072
vn 0.4127 0.0821 0.9072
vn 0.0821 -0.4127 0.9072
vn -0.3499 0.2338 0.9072
vn 0.9798 0.1948 0.0454
vn -0.4533 0.6784 0.5782
vn -0.8002 -0.1592 0.5782
vn -0.6784 -0.4533 0.5782
vn 0.4533 0.6784 0.5782
vn 0.1592 0.8002 0.5782
vn -0.1592 0.8002 0.5782
vn 0.8002 -0.1592 0.5782
vn 0.8002 0.1591 0.5782
vn -0.1592 -0.8002 0.5782
vn 0.1592 -0.8002 0.5782
vn 0.4533 -0.6784 0.5782
vn 0.6784 0.4533 0.5782
vn -0.4533 -0.6784 0.5782
vn 0.6784 -0.4533 0.5782
vn 0.8002 0.1592 0.5782
vn 0.7002 -0.1963 0.6864
vn 0.6509 0.2821 0.7048
vn -0.7002 0.1963 0.6864
vn -0.6509 -0.2820 0.7048
vn -0.6509 -0.2821 0.7048
vn -0.7002 0.1962 0.6864
vn 0.7003 -0.1962 0.6864
vn 0.7036 -0.1569 0.6930
vn -0.6667 -0.2201 0.7121
vn -0.6509 -0.2821 -0.7048
vn -0.7002 0.1962 -0.6865
vn 0.6509 0.2821 -0.7048
vn 0.7002 -0.1963 -0.6864
vn -0.7002 0.1962 -0.6864
vn 0.7002 -0.1962 -0.6864
vn -0.6667 -0.2201 -0.7121
vn 0.7036 -0.1569 -0.6931
vn 0.6509 0.2821 0.7049
vn 0.7002 -0.1962 0.6864
vn 0.7002 -0.1962 0.6865
vn 0.6509 0.2820 0.7049
vn 0.7036 -0.1569 0.6931
vn -0.7460 0.0092 -0.6659
vn -0.7460 0.0092 0.6658
vn -0.4448 -0.5516 -0.7056
vn -0.4448 -0.5516 0.7056
vn -0.7465 0.0902 -0.6592
vn -0.6822 0.4614 -0.5672
vn -0.6822 0.4614 0.5672
vn -0.7465 0.0902 0.6592
vn 0.7460 -0.0092 0.6659
vn 0.7460 -0.0092 -0.6659
vn 0.7221 -0.4549 0.5213
vn 0.7221 -0.4548 -0.5213
vn 0.7305 0.0652 0.6797
vn 0.5546 0.5520 0.6226
vn 0.5546 0.5520 -0.6226
vn 0.7306 0.0653 -0.6797
vn 0.7460 -0.0091 0.6658
vn 0.7221 -0.4548 0.5212
vn 0.7460 -0.0092 0.6658
vn 0.5547 0.5520 0.6226
vn 0.7306 0.0653 0.6797
vn -0.3534 -0.8315 0.4288
vn -0.5670 -0.5277 0.6325
vn -0.5670 -0.5277 -0.6325
vn -0.3534 -0.8314 -0.4287
vn 0.6859 -0.4434 -0.5770
vn 0.5913 -0.6741 -0.4427
vn 0.5914 -0.6741 0.4426
vn 0.6859 -0.4435 0.5770
vn 0.6858 -0.4435 0.5770
vn 0.5913 -0.6741 0.4427
vn -0.3534 -0.8314 0.4287
vn -0.3533 -0.8314 -0.4288
vn 0.5914 -0.6741 -0.4426
vn 0.6962 -0.3447 0.6297
vn -0.6131 -0.4169 0.6710
vn 0.6036 0.4418 0.6637
vn 0.6036 0.4419 -0.6636
vn -0.6131 -0.4168 -0.6711
vn 0.6962 -0.3449 -0.6296
vn 0.6961 -0.3448 0.6297
vn -0.6935 0.3645 -0.6215
vn -0.6936 0.3645 0.6213
vn 0.6037 0.4418 0.6636
vn -0.6796 -0.1606 -0.7158
vn -0.6797 -0.1602 0.7158
vn -0.7055 0.1371 -0.6953
vn -0.7056 0.1375 0.6951
vn 0.7054 -0.1137 0.6996
vn 0.7055 -0.1138 -0.6995
vn 0.6749 0.1863 0.7140
vn 0.6748 0.1867 -0.7140
vn 0.7054 -0.1136 0.6996
vn 0.6750 0.1863 0.7139
vn -0.0203 0.2825 0.9591
vn -0.1673 0.2572 0.9518
vn -0.2264 0.2248 0.9478
vn -0.2720 0.1887 0.9436
vn -0.3077 0.1439 0.9405
vn 0.0220 0.2823 0.9591
vn 0.1029 0.2770 0.9554
vn 0.2009 0.2222 0.9541
vn 0.2667 0.1570 0.9509
vn 0.3020 0.1010 0.9479
vn 0.3245 0.0269 0.9455
vn -0.3262 0.0612 0.9433
vn 0.0203 -0.2825 -0.9591
vn 0.0888 -0.2847 -0.9545
vn 0.1673 -0.2573 -0.9518
vn 0.2264 -0.2248 -0.9478
vn 0.2720 -0.1887 -0.9436
vn 0.3077 -0.1439 -0.9405
vn -0.1029 -0.2770 -0.9554
vn -0.0220 -0.2823 -0.9591
vn -0.2009 -0.2222 -0.9541
vn -0.2667 -0.1570 -0.9509
vn -0.3020 -0.1010 -0.9479
vn -0.3181 -0.0588 -0.9462
vn -0.3245 -0.0268 -0.9455
vn 0.3262 -0.0612 -0.9433
vn -0.0202 0.2825 -0.9591
vn -0.1672 0.2573 -0.9518
vn -0.2264 0.2248 -0.9478
vn -0.2719 0.1887 -0.9436
vn -0.3077 0.1439 -0.9405
vn 0.1029 0.2770 -0.9554
vn 0.0220 0.2823 -0.9591
vn 0.2009 0.2222 -0.9541
vn 0.2667 0.1570 -0.9509
vn 0.3020 0.1010 -0.9479
vn 0.3181 0.0588 -0.9462
vn -0.3198 0.0986 -0.9423
vn -0.3262 0.0612 -0.9433
vn 0.0888 -0.2847 0.9545
vn 0.0203 -0.2825 0.9591
vn 0.1673 -0.2573 0.9518
vn 0.2264 -0.2248 0.9478
vn 0.2720 -0.1887 0.9436
vn 0.3077 -0.1439 0.9405
vn -0.0220 -0.2823 0.9591
vn -0.1029 -0.2770 0.9554
vn -0.2009 -0.2222 0.9541
vn -0.2667 -0.1570 0.9509
vn -0.3020 -0.1010 0.9479
vn -0.3181 -0.0588 0.9462
vn -0.3245 -0.0269 0.9455
vn 0.3262 -0.0612 0.9433
vn 0.3198 -0.0986 0.9423
vt 0.155488 0.442752
vt 0.131254 0.429876
vt 0.138566 0.417921
vt 0.161255 0.429875
vt 0.229105 0.330321
vt 0.222146 0.374280
vt 0.205921 0.370642
vt 0.218459 0.327895
vt 0.240031 0.331303
vt 0.238721 0.375887
vt 0.250949 0.330812
vt 0.255362 0.375348
vt 0.261720 0.329024
vt 0.271792 0.372678
vt 0.272278 0.325847
vt 0.287643 0.367808
vt 0.282342 0.321352
vt 0.302422 0.360995
vt 0.275130 0.165987
vt 0.289921 0.122235
vt 0.305339 0.128798
vt 0.285642 0.170496
vt 0.264176 0.162793
vt 0.273587 0.117657
vt 0.252988 0.160984
vt 0.256747 0.115256
vt 0.241689 0.160592
vt 0.239765 0.115011
vt 0.230513 0.161719
vt 0.222922 0.116851
vt 0.219718 0.164229
vt 0.206477 0.120743
vt 0.209335 0.167991
vt 0.190721 0.126742
vt 0.199502 0.173087
vt 0.175904 0.134686
vt 0.190473 0.179429
vt 0.162167 0.144325
vt 0.182338 0.186806
vt 0.149824 0.155680
vt 0.175197 0.195154
vt 0.139100 0.168526
vt 0.169138 0.204385
vt 0.130039 0.182570
vt 0.164372 0.214334
vt 0.122840 0.197632
vt 0.160920 0.224733
vt 0.117546 0.213442
vt 0.158831 0.235429
vt 0.114409 0.229805
vt 0.158024 0.246332
vt 0.113411 0.246411
vt 0.158737 0.257227
vt 0.114429 0.262993
vt 0.160737 0.267897
vt 0.117595 0.279303
vt 0.164111 0.278256
vt 0.122846 0.295061
vt 0.168786 0.288115
vt 0.130069 0.309991
vt 0.174710 0.297330
vt 0.139151 0.323854
vt 0.181820 0.305603
vt 0.149860 0.336509
vt 0.189814 0.312853
vt 0.162105 0.347672
vt 0.326331 0.011640
vt 0.355684 0.021845
vt 0.349400 0.038057
vt 0.321463 0.028353
vt 0.166911 0.215353
vt 0.171574 0.205761
vt 0.190355 0.364868
vt 0.208304 0.324115
vt 0.081177 0.507747
vt 0.109106 0.496178
vt 0.138755 0.490281
vt 0.168984 0.490281
vt 0.198633 0.496179
vt 0.226562 0.507747
vt 0.251697 0.524542
vt 0.273073 0.545917
vt 0.289867 0.571053
vt 0.301436 0.598981
vt 0.307333 0.628630
vt 0.307333 0.658860
vt 0.301436 0.688509
vt 0.289867 0.716437
vt 0.273073 0.741572
vt 0.251697 0.762948
vt 0.226562 0.779743
vt 0.198633 0.791311
vt 0.168984 0.797209
vt 0.138754 0.797209
vt 0.109106 0.791311
vt 0.081177 0.779743
vt 0.056042 0.762948
vt 0.034666 0.741572
vt 0.017872 0.716437
vt 0.006303 0.688508
vt 0.000406 0.658860
vt 0.000406 0.628630
vt 0.006303 0.598981
vt 0.017872 0.571052
vt 0.034666 0.545917
vt 0.056042 0.524542
vt 0.090506 0.056121
vt 0.115668 0.037962
vt 0.124785 0.052432
vt 0.101323 0.069469
vt 0.008435 0.308035
vt 0.002524 0.277571
vt 0.019539 0.275400
vt 0.025123 0.303616
vt 0.265241 0.489057
vt 0.233976 0.489470
vt 0.234890 0.472256
vt 0.263982 0.471787
vt 0.202737 0.004121
vt 0.233819 0.000406
vt 0.234726 0.017643
vt 0.205782 0.021148
vt 0.007802 0.185328
vt 0.017306 0.155572
vt 0.033335 0.161972
vt 0.024456 0.189595
vt 0.048617 0.391054
vt 0.031766 0.365123
vt 0.046656 0.356828
vt 0.062364 0.380913
vt 0.318413 0.038593
vt 0.345196 0.048050
vt 0.339894 0.062076
vt 0.314241 0.052489
vt 0.067683 0.077141
vt 0.080071 0.089073
vt 0.018437 0.337339
vt 0.034148 0.330932
vt 0.296307 0.484723
vt 0.292961 0.467688
vt 0.172399 0.011663
vt 0.177544 0.028217
vt 0.002237 0.215842
vt 0.019253 0.217972
vt 0.144320 0.467701
vt 0.116786 0.453584
vt 0.125774 0.438839
vt 0.151239 0.452200
vt 0.091364 0.435574
vt 0.102191 0.422259
vt 0.295957 0.004377
vt 0.292952 0.021408
vt 0.030662 0.127259
vt 0.047583 0.100981
vt 0.061418 0.111281
vt 0.045730 0.135697
vt 0.290831 0.457234
vt 0.263129 0.461140
vt 0.261989 0.447048
vt 0.287922 0.443191
vt 0.143115 0.022859
vt 0.150434 0.038698
vt 0.000406 0.246694
vt 0.017500 0.246690
vt 0.173015 0.478594
vt 0.178111 0.462327
vt 0.265009 0.000625
vt 0.263916 0.017749
vt 0.054906 0.140783
vt 0.069880 0.117529
vt 0.081309 0.125942
vt 0.067394 0.147716
vt 0.108744 0.414122
vt 0.088463 0.395618
vt 0.098566 0.385892
vt 0.117561 0.403164
vt 0.355684 0.465782
vt 0.326593 0.476755
vt 0.321325 0.460142
vt 0.348975 0.449731
vt 0.203076 0.485937
vt 0.206136 0.469060
vt 0.235325 0.028198
vt 0.263212 0.028345
vt 0.262249 0.042666
vt 0.236122 0.042553
vt 0.068605 0.414618
vt 0.080990 0.402812
vt 0.162800 0.426432
vt 0.140535 0.414690
vt 0.164386 0.422884
vt 0.142553 0.411379
vt 0.165978 0.419333
vt 0.144585 0.408056
vt 0.167504 0.415934
vt 0.146527 0.404884
vt 0.186398 0.435255
vt 0.185290 0.438902
vt 0.187522 0.431534
vt 0.188654 0.427797
vt 0.189735 0.424228
vt 0.210987 0.441060
vt 0.210355 0.444812
vt 0.211634 0.437214
vt 0.212287 0.433359
vt 0.212911 0.429660
vt 0.236181 0.443705
vt 0.236017 0.447501
vt 0.236339 0.439794
vt 0.236498 0.435879
vt 0.236646 0.432140
vt 0.261664 0.443188
vt 0.261323 0.439255
vt 0.260982 0.435305
vt 0.260650 0.431533
vt 0.287108 0.439388
vt 0.286273 0.435485
vt 0.285424 0.431581
vt 0.284604 0.427843
vt 0.312242 0.432400
vt 0.313515 0.436140
vt 0.310919 0.428566
vt 0.309569 0.424717
vt 0.308259 0.421034
vt 0.337244 0.422235
vt 0.338863 0.425974
vt 0.335437 0.418412
vt 0.333519 0.414622
vt 0.331620 0.411045
vt 0.313051 0.056277
vt 0.338367 0.065862
vt 0.311825 0.060164
vt 0.336652 0.069723
vt 0.310565 0.064059
vt 0.334831 0.073566
vt 0.309341 0.067782
vt 0.333024 0.077196
vt 0.287640 0.049848
vt 0.288373 0.045994
vt 0.286887 0.053786
vt 0.286123 0.057735
vt 0.285379 0.061513
vt 0.261995 0.046530
vt 0.261719 0.050492
vt 0.261443 0.054474
vt 0.261173 0.058291
vt 0.236331 0.046376
vt 0.236544 0.050313
vt 0.236755 0.054258
vt 0.236953 0.058028
vt 0.210929 0.049310
vt 0.210249 0.045521
vt 0.211635 0.053190
vt 0.212340 0.057082
vt 0.213009 0.060805
vt 0.186134 0.055446
vt 0.184974 0.051772
vt 0.187317 0.059196
vt 0.188503 0.062961
vt 0.189634 0.066558
vt 0.162367 0.064649
vt 0.160760 0.061171
vt 0.164008 0.068215
vt 0.165651 0.071787
vt 0.167223 0.075211
vt 0.139954 0.076705
vt 0.137927 0.073465
vt 0.142029 0.080026
vt 0.144109 0.083365
vt 0.146092 0.086555
vt 0.119302 0.091482
vt 0.116898 0.088535
vt 0.121781 0.094514
vt 0.124259 0.097554
vt 0.126631 0.100467
vt 0.100694 0.108732
vt 0.097915 0.106090
vt 0.103531 0.111423
vt 0.106379 0.114130
vt 0.109098 0.116715
vt 0.084389 0.128196
vt 0.087546 0.130508
vt 0.090706 0.132831
vt 0.093739 0.135059
vt 0.070711 0.149557
vt 0.074129 0.151449
vt 0.077549 0.153348
vt 0.080814 0.155162
vt 0.059817 0.172464
vt 0.056251 0.171045
vt 0.063452 0.173906
vt 0.067098 0.175358
vt 0.070579 0.176746
vt 0.052009 0.196580
vt 0.048320 0.195647
vt 0.055791 0.197544
vt 0.059574 0.198512
vt 0.063197 0.199441
vt 0.047349 0.221410
vt 0.043579 0.220952
vt 0.051211 0.221886
vt 0.055085 0.222362
vt 0.058790 0.222822
vt 0.045852 0.246578
vt 0.042085 0.246591
vt 0.049731 0.246560
vt 0.053628 0.246547
vt 0.057361 0.246536
vt 0.047520 0.271712
vt 0.043754 0.272202
vt 0.051375 0.271201
vt 0.055235 0.270694
vt 0.058920 0.270210
vt 0.052413 0.296421
vt 0.048738 0.297395
vt 0.056163 0.295427
vt 0.059922 0.294428
vt 0.063517 0.293476
vt 0.060395 0.320294
vt 0.056890 0.321726
vt 0.063990 0.318837
vt 0.067600 0.317369
vt 0.071058 0.315964
vt 0.071343 0.342929
vt 0.068065 0.344773
vt 0.074718 0.341031
vt 0.078099 0.339129
vt 0.081328 0.337313
vt 0.084995 0.364052
vt 0.081949 0.366310
vt 0.088108 0.361731
vt 0.091229 0.359406
vt 0.094215 0.357184
vt 0.101302 0.383250
vt 0.104094 0.380554
vt 0.106897 0.377848
vt 0.109573 0.375265
vt 0.119928 0.400204
vt 0.122356 0.397175
vt 0.124789 0.394141
vt 0.127120 0.391236
vt 0.198659 0.319129
vt 0.175699 0.357134
vt 0.034653 0.192173
vt 0.043213 0.165868
vt 0.207706 0.031610
vt 0.235380 0.461778
vt 0.207947 0.458744
vt 0.035197 0.300970
vt 0.029900 0.274034
vt 0.107913 0.077539
vt 0.130417 0.061441
vt 0.070776 0.374640
vt 0.181175 0.452358
vt 0.027921 0.246646
vt 0.154831 0.048272
vt 0.318060 0.450004
vt 0.055732 0.351719
vt 0.291014 0.031870
vt 0.029544 0.219237
vt 0.180707 0.038228
vt 0.043834 0.327021
vt 0.087665 0.096324
vt 0.344534 0.439897
vt 0.106253 0.417219
vt 0.129182 0.433257
vt 0.105385 0.074437
vt 0.084772 0.093565
vt 0.031362 0.301978
vt 0.040151 0.328509
vt 0.206984 0.027680
vt 0.179489 0.034366
vt 0.030756 0.191181
vt 0.025591 0.218748
vt 0.066660 0.115153
vt 0.052281 0.353664
vt 0.153156 0.044627
vt 0.023955 0.246664
vt 0.153854 0.446376
vt 0.180011 0.456155
vt 0.291755 0.027881
vt 0.263481 0.024311
vt 0.067617 0.376996
vt 0.291644 0.461235
vt 0.319312 0.453896
vt 0.025958 0.274555
vt 0.207261 0.462671
vt 0.051433 0.138862
vt 0.039487 0.164400
vt 0.085580 0.398392
vt 0.128297 0.058041
vt 0.235095 0.024182
vt 0.263457 0.465156
vt 0.319594 0.034649
vt 0.346087 0.443650
vt 0.346670 0.044215
vt 0.235201 0.465744
vt 0.101446 0.189017
vt 0.109936 0.171357
vt 0.313832 0.380663
vt 0.295971 0.389290
vt 0.095284 0.207613
vt 0.297791 0.100045
vt 0.316223 0.108258
vt 0.091506 0.226866
vt 0.278439 0.094730
vt 0.090423 0.246439
vt 0.258650 0.091796
vt 0.091615 0.265953
vt 0.238674 0.091625
vt 0.095451 0.285081
vt 0.218865 0.093758
vt 0.101499 0.303648
vt 0.199629 0.098555
vt 0.181012 0.385914
vt 0.163762 0.376711
vt 0.110064 0.321236
vt 0.181100 0.105497
vt 0.199387 0.392648
vt 0.120752 0.337557
vt 0.163700 0.114923
vt 0.218458 0.397010
vt 0.133399 0.352367
vt 0.147539 0.126269
vt 0.237957 0.398872
vt 0.147734 0.365575
vt 0.133081 0.139700
vt 0.257616 0.398399
vt 0.120483 0.154817
vt 0.277093 0.395146
vt 0.185651 0.375459
vt 0.169693 0.366989
vt 0.202619 0.381761
vt 0.220281 0.385708
vt 0.238314 0.387478
vt 0.256479 0.386947
vt 0.274454 0.384013
vt 0.291786 0.378594
vt 0.307981 0.370852
vt 0.293853 0.111088
vt 0.310653 0.118466
vt 0.276038 0.106060
vt 0.257706 0.103443
vt 0.239240 0.103238
vt 0.220912 0.105210
vt 0.203017 0.109499
vt 0.185873 0.116042
vt 0.169760 0.124729
vt 0.154772 0.135216
vt 0.141376 0.147631
vt 0.129707 0.161625
vt 0.119930 0.176926
vt 0.112059 0.193269
vt 0.106290 0.210494
vt 0.102879 0.228328
vt 0.101836 0.246421
vt 0.102910 0.264501
vt 0.106421 0.282236
vt 0.112103 0.299393
vt 0.119987 0.315661
vt 0.129885 0.330775
vt 0.141581 0.344487
vt 0.154845 0.356698
vt 0.280968 0.318943
vt 0.271320 0.323243
vt 0.163549 0.225420
vt 0.274169 0.168640
vt 0.284295 0.172943
vt 0.161465 0.235781
vt 0.263540 0.165547
vt 0.160789 0.246345
vt 0.252703 0.163784
vt 0.161366 0.256900
vt 0.241780 0.163446
vt 0.163356 0.267235
vt 0.230967 0.164455
vt 0.166633 0.277262
vt 0.220479 0.166812
vt 0.209374 0.321702
vt 0.200088 0.316784
vt 0.171166 0.286801
vt 0.210429 0.170510
vt 0.219236 0.325308
vt 0.176934 0.295676
vt 0.200916 0.175443
vt 0.229536 0.327634
vt 0.183752 0.303722
vt 0.192169 0.181571
vt 0.240098 0.328534
vt 0.191463 0.310798
vt 0.184290 0.188717
vt 0.250672 0.328166
vt 0.177384 0.196805
vt 0.261106 0.326365
vt 0.202198 0.286142
vt 0.192399 0.295431
vt 0.186604 0.288553
vt 0.197640 0.280448
vt 0.207384 0.291126
vt 0.198999 0.301465
vt 0.190407 0.267785
vt 0.177823 0.272807
vt 0.175009 0.264271
vt 0.188084 0.260917
vt 0.193611 0.274333
vt 0.181728 0.280945
vt 0.173353 0.255444
vt 0.186676 0.253833
vt 0.186423 0.246564
vt 0.172829 0.246443
vt 0.173463 0.237436
vt 0.186842 0.239288
vt 0.268027 0.295999
vt 0.275632 0.307680
vt 0.267032 0.311747
vt 0.261759 0.299339
vt 0.190955 0.225237
vt 0.178133 0.219957
vt 0.182154 0.211768
vt 0.194114 0.218534
vt 0.188431 0.232172
vt 0.175244 0.228565
vt 0.202769 0.206679
vt 0.192989 0.197181
vt 0.199720 0.191099
vt 0.208126 0.201727
vt 0.198074 0.212310
vt 0.187109 0.204102
vt 0.220730 0.194229
vt 0.215313 0.181723
vt 0.223913 0.178608
vt 0.227686 0.191874
vt 0.247899 0.302664
vt 0.249395 0.316152
vt 0.240391 0.316522
vt 0.240698 0.303030
vt 0.214244 0.197684
vt 0.207202 0.185908
vt 0.242398 0.189711
vt 0.242105 0.175826
vt 0.251396 0.176190
vt 0.249824 0.189972
vt 0.234974 0.190437
vt 0.232881 0.176616
vt 0.219683 0.298470
vt 0.214242 0.310735
vt 0.206323 0.306589
vt 0.213287 0.295191
vt 0.264124 0.193569
vt 0.269673 0.180725
vt 0.278617 0.184988
vt 0.270619 0.197094
vt 0.257116 0.191246
vt 0.260611 0.177832
vt 0.254988 0.301518
vt 0.258298 0.314560
vt 0.226462 0.300899
vt 0.222651 0.313792
vt 0.233511 0.302432
vt 0.231422 0.315730
vt 0.743129 0.894856
vt 0.731493 0.895303
vt 0.731066 0.887454
vt 0.742855 0.887099
vt 0.277965 0.312069
vt 0.268753 0.316188
vt 0.249906 0.320742
vt 0.240294 0.321144
vt 0.178060 0.209454
vt 0.183367 0.201317
vt 0.168755 0.256010
vt 0.168186 0.246406
vt 0.196806 0.187450
vt 0.204769 0.181891
vt 0.189645 0.193957
vt 0.222587 0.174091
vt 0.232149 0.171958
vt 0.251888 0.171440
vt 0.261745 0.173107
vt 0.170547 0.265423
vt 0.271456 0.176118
vt 0.281101 0.180416
vt 0.168863 0.236806
vt 0.170755 0.227354
vt 0.221357 0.318222
vt 0.212392 0.314934
vt 0.203924 0.310519
vt 0.196116 0.305043
vt 0.182893 0.291294
vt 0.177671 0.283219
vt 0.173541 0.274532
vt 0.213422 0.177425
vt 0.259411 0.319090
vt 0.241975 0.171052
vt 0.173836 0.218196
vt 0.230719 0.320304
vt 0.189084 0.298601
vt 0.213325 0.312816
vt 0.205125 0.308561
vt 0.242046 0.173433
vt 0.251648 0.173831
vt 0.175992 0.219078
vt 0.180106 0.210610
vt 0.190753 0.297009
vt 0.184745 0.289922
vt 0.261188 0.175468
vt 0.270572 0.178439
vt 0.185235 0.202711
vt 0.191330 0.195576
vt 0.179691 0.282081
vt 0.175701 0.273663
vt 0.249646 0.318433
vt 0.240337 0.318828
vt 0.223256 0.176352
vt 0.232525 0.174300
vt 0.171165 0.237126
vt 0.173001 0.227964
vt 0.197565 0.303254
vt 0.231071 0.318006
vt 0.222002 0.316017
vt 0.214373 0.179576
vt 0.258861 0.316824
vt 0.170502 0.246429
vt 0.276875 0.309850
vt 0.267902 0.313962
vt 0.198271 0.189274
vt 0.205988 0.183892
vt 0.172777 0.264847
vt 0.171064 0.255724
vt 0.279937 0.182734
vt 0.742839 0.801461
vt 0.731196 0.801200
vt 0.731347 0.793338
vt 0.743116 0.793711
vt 0.745361 0.965534
vt 0.733607 0.964817
vt 0.733862 0.957318
vt 0.745333 0.957459
vt 0.742390 0.871391
vt 0.730819 0.871636
vt 0.730593 0.863775
vt 0.742300 0.863548
vt 0.743375 0.785966
vt 0.731728 0.785509
vt 0.731912 0.777623
vt 0.743658 0.778138
vt 0.745003 0.941735
vt 0.733431 0.942085
vt 0.733214 0.934357
vt 0.744726 0.933905
vt 0.742256 0.855779
vt 0.730412 0.855853
vt 0.730518 0.847941
vt 0.742196 0.848030
vt 0.744378 0.762494
vt 0.732839 0.761915
vt 0.733139 0.754086
vt 0.744772 0.754650
vt 0.742601 0.809269
vt 0.731075 0.809017
vt 0.742262 0.832485
vt 0.730842 0.832390
vt 0.730829 0.824693
vt 0.742399 0.824795
vt 0.745491 0.738990
vt 0.733966 0.738632
vt 0.734167 0.730983
vt 0.745789 0.731202
vt 0.743380 0.902655
vt 0.731707 0.903124
vt 0.742578 0.879270
vt 0.730904 0.879522
vt 0.744359 0.926058
vt 0.732780 0.926599
vt 0.732350 0.918750
vt 0.744079 0.918225
vt 0.744051 0.770305
vt 0.732369 0.769721
vt 0.745878 0.723295
vt 0.734315 0.723368
vt 0.734101 0.715783
vt 0.745989 0.715135
vt 0.745249 0.949571
vt 0.733746 0.949770
vt 0.743736 0.910464
vt 0.732134 0.910936
vt 0.742192 0.840249
vt 0.730667 0.840117
vt 0.745137 0.746809
vt 0.733660 0.746298
vt 0.742468 0.817080
vt 0.730809 0.816873
vt 0.744189 0.879218
vt 0.744006 0.871354
vt 0.747097 0.739046
vt 0.747406 0.731238
vt 0.743988 0.824811
vt 0.744058 0.817098
vt 0.745259 0.778200
vt 0.745664 0.770372
vt 0.745681 0.918150
vt 0.745344 0.910389
vt 0.744975 0.902584
vt 0.744737 0.894793
vt 0.744984 0.786020
vt 0.743905 0.863522
vt 0.743787 0.840249
vt 0.743852 0.832495
vt 0.744455 0.887040
vt 0.747517 0.723313
vt 0.747697 0.715170
vt 0.744707 0.793758
vt 0.745966 0.925982
vt 0.745989 0.762564
vt 0.746381 0.754720
vt 0.743794 0.848020
vt 0.746750 0.746874
vt 0.743850 0.855761
vt 0.746950 0.957440
vt 0.746870 0.949530
vt 0.744439 0.801502
vt 0.746608 0.941674
vt 0.746345 0.933833
vt 0.744207 0.809299
vt 0.747022 0.965522
vt 0.745719 0.801542
vt 0.745983 0.793804
vt 0.747671 0.754785
vt 0.748044 0.746934
vt 0.746296 0.902531
vt 0.745981 0.894749
vt 0.745738 0.886997
vt 0.745218 0.824828
vt 0.745374 0.817121
vt 0.748385 0.739099
vt 0.748661 0.731275
vt 0.748128 0.949502
vt 0.747941 0.941630
vt 0.746589 0.910336
vt 0.748375 0.965371
vt 0.748283 0.957428
vt 0.745523 0.879182
vt 0.745299 0.871331
vt 0.748863 0.723338
vt 0.748991 0.715326
vt 0.746584 0.778258
vt 0.746913 0.770429
vt 0.746967 0.918097
vt 0.745190 0.863508
vt 0.746227 0.786069
vt 0.747323 0.762628
vt 0.747297 0.925925
vt 0.745073 0.848019
vt 0.745064 0.840256
vt 0.745124 0.832510
vt 0.745129 0.855754
vt 0.745492 0.809332
vt 0.747600 0.933783
vt 0.748579 0.754832
vt 0.748953 0.746978
vt 0.746113 0.824845
vt 0.746270 0.817141
vt 0.749046 0.949485
vt 0.748850 0.941602
vt 0.746207 0.871315
vt 0.746092 0.863499
vt 0.749292 0.739138
vt 0.748202 0.925890
vt 0.747871 0.918060
vt 0.749220 0.957419
vt 0.746027 0.855751
vt 0.745971 0.848021
vt 0.746885 0.894720
vt 0.746639 0.886973
vt 0.746430 0.879161
vt 0.749290 0.965359
vt 0.747493 0.910301
vt 0.747194 0.902498
vt 0.749803 0.723361
vt 0.749915 0.715340
vt 0.749577 0.731307
vt 0.746394 0.809356
vt 0.747820 0.770474
vt 0.748230 0.762675
vt 0.746619 0.801572
vt 0.746880 0.793838
vt 0.747130 0.786108
vt 0.747486 0.778300
vt 0.745960 0.840262
vt 0.746018 0.832521
vt 0.748513 0.933750
vt 0.750448 0.957404
vt 0.750280 0.949457
vt 0.747192 0.855741
vt 0.747178 0.848022
vt 0.748057 0.894677
vt 0.747850 0.886939
vt 0.747649 0.879131
vt 0.747467 0.871289
vt 0.750500 0.965470
vt 0.748708 0.910253
vt 0.748444 0.902447
vt 0.749046 0.918006
vt 0.751070 0.723394
vt 0.751210 0.715234
vt 0.750767 0.731346
vt 0.747474 0.817168
vt 0.747647 0.809385
vt 0.749040 0.770526
vt 0.749408 0.762733
vt 0.747828 0.801604
vt 0.748044 0.793877
vt 0.748343 0.786161
vt 0.748741 0.778356
vt 0.747207 0.840266
vt 0.750512 0.739184
vt 0.747219 0.832528
vt 0.747273 0.824863
vt 0.749741 0.933703
vt 0.749462 0.925835
vt 0.749840 0.754893
vt 0.747305 0.863478
vt 0.750074 0.941562
vt 0.750178 0.747030
vt 0.890661 0.907901
vt 0.887738 0.908508
vt 0.886430 0.901455
vt 0.889299 0.900932
vt 0.901455 0.735515
vt 0.897948 0.734540
vt 0.900112 0.725914
vt 0.903925 0.726822
vt 0.898954 0.743714
vt 0.895638 0.742759
vt 0.884884 0.820797
vt 0.882153 0.820661
vt 0.882640 0.814005
vt 0.885388 0.814196
vt 0.889655 0.780482
vt 0.886772 0.779969
vt 0.888056 0.772897
vt 0.890978 0.773487
vt 0.885909 0.807590
vt 0.883153 0.807358
vt 0.883782 0.800607
vt 0.886562 0.800895
vt 0.887407 0.794140
vt 0.884598 0.793780
vt 0.885584 0.786895
vt 0.888410 0.787325
vt 0.884403 0.847238
vt 0.881641 0.847272
vt 0.881637 0.840636
vt 0.884335 0.840646
vt 0.896629 0.751521
vt 0.893448 0.750642
vt 0.884438 0.834061
vt 0.881706 0.834026
vt 0.881848 0.827366
vt 0.884586 0.827447
vt 0.886413 0.880551
vt 0.883644 0.880870
vt 0.882954 0.874155
vt 0.885718 0.873889
vt 0.893984 0.922366
vt 0.890894 0.923161
vt 0.889202 0.915721
vt 0.892191 0.915024
vt 0.889645 0.765642
vt 0.892645 0.766336
vt 0.884760 0.860484
vt 0.882005 0.860635
vt 0.881786 0.853928
vt 0.884536 0.853832
vt 0.896020 0.929963
vt 0.892813 0.930867
vt 0.888143 0.894032
vt 0.885318 0.894477
vt 0.884417 0.887612
vt 0.887208 0.887235
vt 0.891448 0.758247
vt 0.894526 0.759036
vt 0.898329 0.937914
vt 0.894979 0.938912
vt 0.885165 0.867191
vt 0.882397 0.867400
vt 0.900863 0.946280
vt 0.897340 0.947297
vt 0.903458 0.955224
vt 0.899565 0.956081
vt 0.900857 0.782742
vt 0.899506 0.789263
vt 0.892779 0.788059
vt 0.893995 0.781327
vt 0.909863 0.910158
vt 0.907995 0.903760
vt 0.928590 0.897455
vt 0.930208 0.902678
vt 0.900995 0.840700
vt 0.901034 0.834395
vt 0.923502 0.834865
vt 0.923526 0.840728
vt 0.911921 0.748451
vt 0.908921 0.755720
vt 0.901487 0.753012
vt 0.904036 0.745361
vt 0.906423 0.897409
vt 0.905098 0.891114
vt 0.926122 0.886749
vt 0.927186 0.892192
vt 0.901597 0.821787
vt 0.902010 0.815487
vt 0.923999 0.817334
vt 0.923779 0.823077
vt 0.919923 0.732155
vt 0.915447 0.740802
vt 0.906855 0.737202
vt 0.909670 0.728379
vt 0.903125 0.878570
vt 0.902482 0.872260
vt 0.924290 0.869848
vt 0.924724 0.875584
vt 0.912064 0.916618
vt 0.932271 0.907753
vt 0.922047 0.937036
vt 0.918055 0.930031
vt 0.937390 0.917542
vt 0.940587 0.922193
vt 0.901468 0.859628
vt 0.901207 0.853315
vt 0.923492 0.852500
vt 0.923796 0.858337
vt 0.906691 0.784075
vt 0.908341 0.777752
vt 0.928901 0.783967
vt 0.927618 0.789368
vt 0.910271 0.771353
vt 0.912499 0.764894
vt 0.932667 0.773698
vt 0.930636 0.778724
vt 0.902571 0.809222
vt 0.903298 0.802964
vt 0.924773 0.805833
vt 0.924283 0.811578
vt 0.899254 0.892201
vt 0.900515 0.898719
vt 0.893712 0.900118
vt 0.892527 0.893335
vt 0.904013 0.884837
vt 0.925350 0.881207
vt 0.901007 0.847017
vt 0.923497 0.846588
vt 0.896194 0.815028
vt 0.895742 0.821438
vt 0.889132 0.821041
vt 0.889545 0.814520
vt 0.904233 0.796696
vt 0.905370 0.790387
vt 0.926550 0.794786
vt 0.925599 0.800251
vt 0.915181 0.758332
vt 0.918422 0.751607
vt 0.937751 0.764120
vt 0.935009 0.768824
vt 0.927274 0.944544
vt 0.944247 0.926442
vt 0.895387 0.853515
vt 0.895661 0.859947
vt 0.889047 0.860267
vt 0.888737 0.853707
vt 0.901277 0.828108
vt 0.923494 0.828946
vt 0.914800 0.923242
vt 0.934666 0.912678
vt 0.897362 0.879279
vt 0.898199 0.885724
vt 0.891470 0.886662
vt 0.890635 0.880080
vt 0.901905 0.865943
vt 0.923986 0.864088
vt 0.922434 0.744651
vt 0.927544 0.737345
vt 0.944568 0.755526
vt 0.940904 0.759593
vt 0.905974 0.918811
vt 0.908462 0.925858
vt 0.900940 0.928487
vt 0.898725 0.921084
vt 0.898420 0.795759
vt 0.891730 0.794747
vt 0.899227 0.760364
vt 0.897228 0.767505
vt 0.895775 0.767118
vt 0.897734 0.759924
vt 0.887691 0.860333
vt 0.887385 0.853745
vt 0.903547 0.936247
vt 0.901901 0.936790
vt 0.899380 0.928970
vt 0.891145 0.893556
vt 0.890100 0.886847
vt 0.890873 0.801395
vt 0.889514 0.801229
vt 0.890352 0.794545
vt 0.891403 0.787819
vt 0.892592 0.781042
vt 0.892304 0.900378
vt 0.899944 0.752515
vt 0.906385 0.944526
vt 0.909398 0.953516
vt 0.907492 0.954089
vt 0.904634 0.945109
vt 0.895522 0.774506
vt 0.894103 0.774172
vt 0.888541 0.840657
vt 0.888611 0.847180
vt 0.887268 0.847194
vt 0.887201 0.840648
vt 0.895100 0.906950
vt 0.893678 0.907257
vt 0.890156 0.807995
vt 0.888801 0.807858
vt 0.889981 0.873505
vt 0.889279 0.880228
vt 0.888621 0.873622
vt 0.905115 0.736625
vt 0.907770 0.727851
vt 0.889474 0.866887
vt 0.888112 0.866978
vt 0.902420 0.744806
vt 0.888847 0.827605
vt 0.888629 0.834148
vt 0.887278 0.834114
vt 0.887500 0.827548
vt 0.896778 0.913910
vt 0.895320 0.914271
vt 0.887790 0.820959
vt 0.888197 0.814410
vt 0.897218 0.921500
vt 0.894143 0.914561
vt 0.892530 0.907506
vt 0.887527 0.873720
vt 0.886978 0.867058
vt 0.890254 0.787627
vt 0.891498 0.780830
vt 0.892918 0.773905
vt 0.900531 0.937236
vt 0.898117 0.929355
vt 0.886601 0.860391
vt 0.886335 0.853777
vt 0.886380 0.827507
vt 0.886709 0.820900
vt 0.889281 0.794395
vt 0.886122 0.840647
vt 0.886230 0.834092
vt 0.894599 0.766820
vt 0.896528 0.759585
vt 0.886152 0.847210
vt 0.889992 0.893742
vt 0.889034 0.886992
vt 0.888380 0.801097
vt 0.898699 0.752134
vt 0.891210 0.900581
vt 0.888187 0.880350
vt 0.887711 0.807752
vt 0.903746 0.736200
vt 0.906224 0.727590
vt 0.905901 0.954382
vt 0.903239 0.945554
vt 0.901117 0.744384
vt 0.896002 0.921834
vt 0.887149 0.814329
vt 0.886756 0.873793
vt 0.886206 0.867115
vt 0.899595 0.937531
vt 0.897226 0.929620
vt 0.885616 0.827482
vt 0.885946 0.820859
vt 0.895676 0.759351
vt 0.897817 0.751872
vt 0.885832 0.860432
vt 0.886943 0.807683
vt 0.887606 0.801011
vt 0.885467 0.834079
vt 0.900195 0.744097
vt 0.902752 0.735903
vt 0.890698 0.780679
vt 0.892108 0.773729
vt 0.893768 0.766615
vt 0.885361 0.840647
vt 0.888498 0.794289
vt 0.889469 0.787500
vt 0.885392 0.847224
vt 0.885569 0.853804
vt 0.895144 0.922065
vt 0.888257 0.887100
vt 0.887417 0.880439
vt 0.893313 0.914763
vt 0.891719 0.907680
vt 0.890412 0.900731
vt 0.889206 0.893869
vt 0.905217 0.727315
vt 0.902229 0.945872
vt 0.904867 0.954680
vt 0.886384 0.814273
vt 0.752973 0.910035
vt 0.752675 0.902244
vt 0.755052 0.965413
vt 0.754853 0.957287
vt 0.751912 0.878989
vt 0.751732 0.871169
vt 0.752327 0.894499
vt 0.752099 0.886776
vt 0.751435 0.855677
vt 0.751407 0.847980
vt 0.754628 0.949305
vt 0.753731 0.925611
vt 0.753326 0.917787
vt 0.754478 0.747197
vt 0.754811 0.739331
vt 0.751557 0.863387
vt 0.754378 0.941376
vt 0.751501 0.824898
vt 0.751692 0.817219
vt 0.754120 0.755070
vt 0.751885 0.809458
vt 0.752068 0.801701
vt 0.754053 0.933493
vt 0.752989 0.778514
vt 0.753323 0.770701
vt 0.753698 0.762913
vt 0.752287 0.793999
vt 0.752598 0.786302
vt 0.751425 0.840248
vt 0.751437 0.832539
vt 0.755108 0.731464
vt 0.755423 0.723494
vt 0.755696 0.715371
vt 0.895452 0.827874
vt 0.895266 0.834279
vt 0.906383 0.762694
vt 0.896781 0.808635
vt 0.902015 0.905318
vt 0.903835 0.912000
vt 0.895249 0.847104
vt 0.902406 0.776154
vt 0.896611 0.872840
vt 0.895166 0.840685
vt 0.925635 0.858270
vt 0.925869 0.864016
vt 0.911482 0.933184
vt 0.915085 0.940971
vt 0.896070 0.866393
vt 0.897552 0.802212
vt 0.904216 0.769470
vt 0.919289 0.949450
vt 0.925476 0.828992
vt 0.925389 0.834867
vt 0.926195 0.811712
vt 0.925838 0.817419
vt 0.933898 0.907042
vt 0.936253 0.911856
vt 0.927132 0.880990
vt 0.927941 0.886445
vt 0.926170 0.869740
vt 0.932300 0.779335
vt 0.930668 0.784472
vt 0.945749 0.756823
vt 0.942319 0.760700
vt 0.938960 0.916562
vt 0.925383 0.846589
vt 0.925466 0.852453
vt 0.927362 0.800527
vt 0.926631 0.806053
vt 0.929341 0.789747
vt 0.930284 0.896979
vt 0.931891 0.902087
vt 0.925479 0.840729
vt 0.936566 0.769641
vt 0.934240 0.774391
vt 0.928904 0.891805
vt 0.925667 0.823159
vt 0.939249 0.765063
vt 0.926617 0.875412
vt 0.942023 0.921093
vt 0.928351 0.795118
vt 0.945486 0.925143
vt 0.934449 0.895764
vt 0.935973 0.900580
vt 0.948862 0.759467
vt 0.945732 0.763270
vt 0.937855 0.905244
vt 0.930595 0.817579
vt 0.930449 0.823263
vt 0.933222 0.890827
vt 0.930316 0.840702
vt 0.930266 0.846538
vt 0.930618 0.863777
vt 0.930877 0.869422
vt 0.938202 0.776090
vt 0.936407 0.780748
vt 0.940088 0.909773
vt 0.942664 0.914171
vt 0.930864 0.811985
vt 0.930331 0.829035
vt 0.930289 0.834839
vt 0.930308 0.852331
vt 0.930430 0.858084
vt 0.934924 0.785620
vt 0.933725 0.790665
vt 0.932338 0.885720
vt 0.931883 0.801150
vt 0.931252 0.806488
vt 0.940361 0.771636
vt 0.945587 0.918369
vt 0.931674 0.880438
vt 0.932754 0.795880
vt 0.942879 0.767353
vt 0.948862 0.922405
vt 0.931228 0.875004
vt 0.468870 0.960048
vt 0.463456 0.957577
vt 0.466747 0.953315
vt 0.469537 0.955883
vt 0.488406 0.945907
vt 0.485935 0.951321
vt 0.481674 0.948030
vt 0.484242 0.945240
vt 0.474266 0.926371
vt 0.479680 0.928842
vt 0.476389 0.933103
vt 0.473598 0.930535
vt 0.454729 0.940511
vt 0.457200 0.935097
vt 0.461462 0.938388
vt 0.458894 0.941179
vt 0.632410 0.944631
vt 0.628553 0.942047
vt 0.631410 0.938388
vt 0.633977 0.941178
vt 0.464318 0.942048
vt 0.460461 0.944632
vt 0.470145 0.932103
vt 0.472729 0.935959
vt 0.468489 0.938956
vt 0.465608 0.934976
vt 0.475821 0.940130
vt 0.478818 0.944371
vt 0.474647 0.947463
vt 0.471568 0.943209
vt 0.467314 0.946288
vt 0.470406 0.950459
vt 0.463334 0.949169
vt 0.626125 0.953315
vt 0.622465 0.950459
vt 0.625557 0.946288
vt 0.629537 0.949168
vt 0.618225 0.947463
vt 0.614054 0.944371
vt 0.617050 0.940130
vt 0.621303 0.943209
vt 0.624382 0.938955
vt 0.620142 0.935959
vt 0.622726 0.932102
vt 0.627263 0.934976
vt 0.624001 0.960048
vt 0.629415 0.957577
vt 0.633840 0.964930
vt 0.625237 0.967759
vt 0.634338 0.952644
vt 0.637486 0.946426
vt 0.645854 0.948332
vt 0.641915 0.958128
vt 0.462133 0.930175
vt 0.468351 0.927027
vt 0.638142 0.940511
vt 0.635671 0.935097
vt 0.643024 0.930672
vt 0.645854 0.939276
vt 0.630738 0.930174
vt 0.624521 0.927026
vt 0.626427 0.918659
vt 0.636222 0.922598
vt 0.484602 0.933775
vt 0.487751 0.939992
vt 0.482674 0.941787
vt 0.479801 0.937250
vt 0.618606 0.926371
vt 0.613191 0.928841
vt 0.608767 0.921488
vt 0.617370 0.918659
vt 0.608269 0.933774
vt 0.605121 0.939992
vt 0.596753 0.938086
vt 0.600692 0.928290
vt 0.481002 0.956244
vt 0.474785 0.959392
vt 0.472990 0.954316
vt 0.477527 0.951443
vt 0.604465 0.945907
vt 0.606936 0.951321
vt 0.599583 0.955746
vt 0.596753 0.947142
vt 0.611869 0.956244
vt 0.618086 0.959392
vt 0.616180 0.967759
vt 0.606385 0.963820
vt 0.458533 0.952644
vt 0.455385 0.946426
vt 0.450956 0.958128
vt 0.447018 0.948332
vt 0.447018 0.939276
vt 0.615344 0.951442
vt 0.619881 0.954316
vt 0.623334 0.955883
vt 0.608630 0.945240
vt 0.611197 0.948030
vt 0.486487 0.963821
vt 0.476691 0.967759
vt 0.467634 0.967759
vt 0.613070 0.937250
vt 0.610197 0.941787
vt 0.619273 0.930535
vt 0.616482 0.933103
vt 0.492179 0.928290
vt 0.496118 0.938086
vt 0.496118 0.947143
vt 0.456649 0.922598
vt 0.466445 0.918659
vt 0.475501 0.918659
vt 0.449847 0.930672
vt 0.484105 0.921488
vt 0.493289 0.955746
vt 0.459031 0.964930
vt 0.880716 0.296468
vt 0.881387 0.299842
vt 0.879359 0.300042
vt 0.878766 0.297059
vt 0.852785 0.315130
vt 0.850352 0.312697
vt 0.851928 0.311404
vt 0.854078 0.313555
vt 0.879399 0.309836
vt 0.877488 0.312697
vt 0.875912 0.311404
vt 0.877602 0.308876
vt 0.848441 0.309837
vt 0.847124 0.306658
vt 0.849074 0.306066
vt 0.850238 0.308876
vt 0.858825 0.318359
vt 0.855646 0.317042
vt 0.856607 0.315245
vt 0.859417 0.316408
vt 0.865640 0.284095
vt 0.869015 0.284767
vt 0.868423 0.286717
vt 0.865440 0.286124
vt 0.875055 0.315130
vt 0.872194 0.317042
vt 0.871233 0.315244
vt 0.873762 0.313555
vt 0.881387 0.303283
vt 0.880716 0.306658
vt 0.878766 0.306066
vt 0.879359 0.303083
vt 0.872194 0.286083
vt 0.875055 0.287995
vt 0.873762 0.289570
vt 0.871233 0.287881
vt 0.869015 0.318359
vt 0.865640 0.319030
vt 0.865441 0.317002
vt 0.868423 0.316408
vt 0.847124 0.296468
vt 0.848441 0.293289
vt 0.850238 0.294250
vt 0.849074 0.297059
vt 0.877488 0.290428
vt 0.879399 0.293289
vt 0.877602 0.294250
vt 0.875912 0.291721
vt 0.846453 0.303283
vt 0.848481 0.303083
vt 0.846453 0.299842
vt 0.848481 0.300042
vt 0.858825 0.284767
vt 0.862199 0.284096
vt 0.862399 0.286124
vt 0.859416 0.286717
vt 0.850352 0.290428
vt 0.852785 0.287995
vt 0.854078 0.289571
vt 0.851928 0.291721
vt 0.855646 0.286083
vt 0.856607 0.287881
vt 0.862200 0.319030
vt 0.862399 0.317002
vt 0.790632 0.638264
vt 0.790932 0.629553
vt 0.794807 0.629059
vt 0.794544 0.638016
vt 0.796119 0.535693
vt 0.795803 0.420559
vt 0.799761 0.419629
vt 0.799703 0.533804
vt 0.836173 0.638513
vt 0.835884 0.629993
vt 0.839717 0.630204
vt 0.839996 0.638621
vt 0.802767 0.637523
vt 0.802906 0.628089
vt 0.807174 0.627784
vt 0.807102 0.637372
vt 0.819798 0.553109
vt 0.819742 0.532211
vt 0.823517 0.533833
vt 0.823614 0.554369
vt 0.799556 0.554339
vt 0.803482 0.532191
vt 0.803376 0.553089
vt 0.811485 0.637332
vt 0.811497 0.627683
vt 0.815819 0.627795
vt 0.815868 0.637383
vt 0.779675 0.423120
vt 0.779051 0.373904
vt 0.783132 0.373854
vt 0.783763 0.422890
vt 0.839727 0.422958
vt 0.840476 0.373924
vt 0.844557 0.373983
vt 0.843814 0.423198
vt 0.815741 0.531113
vt 0.815769 0.418354
vt 0.819766 0.418874
vt 0.799489 0.373694
vt 0.803592 0.373667
vt 0.803733 0.418854
vt 0.807486 0.531103
vt 0.807732 0.418344
vt 0.811750 0.418168
vt 0.811614 0.530718
vt 0.823736 0.419658
vt 0.792550 0.537576
vt 0.791830 0.421505
vt 0.824119 0.373724
vt 0.828216 0.373768
vt 0.827692 0.420597
vt 0.795392 0.373728
vt 0.827097 0.535730
vt 0.831663 0.421553
vt 0.830661 0.537622
vt 0.791301 0.373767
vt 0.807697 0.373652
vt 0.811804 0.373651
vt 0.835672 0.422381
vt 0.834349 0.539214
vt 0.788859 0.539159
vt 0.787819 0.422324
vt 0.820017 0.373687
vt 0.832307 0.373816
vt 0.836393 0.373868
vt 0.815911 0.373662
vt 0.787215 0.373809
vt 0.780862 0.560760
vt 0.780961 0.540585
vt 0.784980 0.540209
vt 0.784803 0.560405
vt 0.811588 0.552029
vt 0.815756 0.552310
vt 0.798571 0.637753
vt 0.798777 0.628541
vt 0.788644 0.559337
vt 0.792332 0.557746
vt 0.843567 0.630194
vt 0.843847 0.638610
vt 0.795928 0.555959
vt 0.834515 0.559393
vt 0.838225 0.540273
vt 0.838353 0.560470
vt 0.807420 0.552300
vt 0.827239 0.555997
vt 0.830830 0.557792
vt 0.842243 0.540659
vt 0.799564 0.677476
vt 0.795677 0.676693
vt 0.794655 0.644765
vt 0.798694 0.644701
vt 0.782971 0.638552
vt 0.783271 0.630136
vt 0.787104 0.629934
vt 0.786794 0.638453
vt 0.828424 0.638057
vt 0.828183 0.629099
vt 0.832057 0.629603
vt 0.832336 0.638314
vt 0.827198 0.676732
vt 0.823309 0.677505
vt 0.824258 0.644732
vt 0.828297 0.644806
vt 0.819390 0.678165
vt 0.815428 0.678606
vt 0.815791 0.644617
vt 0.820079 0.644664
vt 0.779120 0.638532
vt 0.779421 0.630116
vt 0.791787 0.675924
vt 0.787863 0.675297
vt 0.786823 0.644873
vt 0.790709 0.644825
vt 0.842293 0.560834
vt 0.788398 0.571846
vt 0.792096 0.570480
vt 0.788237 0.586084
vt 0.791968 0.584956
vt 0.788003 0.601175
vt 0.791769 0.600283
vt 0.787623 0.616126
vt 0.791425 0.615480
vt 0.815773 0.565574
vt 0.819855 0.566326
vt 0.815734 0.580737
vt 0.819815 0.581407
vt 0.815713 0.596765
vt 0.819812 0.597344
vt 0.815737 0.612738
vt 0.819895 0.613209
vt 0.820087 0.628110
vt 0.834730 0.571902
vt 0.838544 0.572817
vt 0.834857 0.586140
vt 0.838682 0.586889
vt 0.835055 0.601232
vt 0.838888 0.601806
vt 0.835398 0.616183
vt 0.839237 0.616575
vt 0.838982 0.674985
vt 0.835015 0.675354
vt 0.836129 0.644932
vt 0.840004 0.644974
vt 0.807370 0.565563
vt 0.811572 0.565309
vt 0.807373 0.580727
vt 0.811554 0.580499
vt 0.807355 0.596754
vt 0.811534 0.596557
vt 0.807293 0.612728
vt 0.811515 0.612568
vt 0.811435 0.678761
vt 0.807442 0.678596
vt 0.807162 0.644607
vt 0.811476 0.644598
vt 0.780682 0.573042
vt 0.784582 0.572752
vt 0.780521 0.587052
vt 0.784410 0.586823
vt 0.780289 0.601888
vt 0.784168 0.601740
vt 0.779918 0.616564
vt 0.783783 0.616508
vt 0.783897 0.674919
vt 0.779905 0.674860
vt 0.779050 0.644924
vt 0.782947 0.644905
vt 0.795733 0.568917
vt 0.799417 0.567461
vt 0.795658 0.583646
vt 0.799394 0.582399
vt 0.795515 0.599222
vt 0.799312 0.598185
vt 0.795237 0.614682
vt 0.799114 0.613876
vt 0.803481 0.678145
vt 0.802873 0.644643
vt 0.831036 0.570527
vt 0.831129 0.585003
vt 0.831291 0.600330
vt 0.831598 0.615529
vt 0.831089 0.675972
vt 0.832243 0.644875
vt 0.823722 0.567490
vt 0.827403 0.568956
vt 0.823709 0.582428
vt 0.827442 0.583684
vt 0.823752 0.598214
vt 0.827547 0.599261
vt 0.823913 0.613906
vt 0.827788 0.614722
vt 0.824214 0.628572
vt 0.803287 0.566306
vt 0.803291 0.581387
vt 0.803255 0.597324
vt 0.803133 0.613189
vt 0.842444 0.573116
vt 0.842571 0.587127
vt 0.842767 0.601963
vt 0.843102 0.616640
vt 0.842974 0.674936
vt 0.843901 0.645003
vt 0.824398 0.637785
vt 0.820203 0.637544
vt 0.520057 0.932103
vt 0.518263 0.927027
vt 0.524178 0.926371
vt 0.523510 0.930535
vt 0.531586 0.948030
vt 0.528730 0.944371
vt 0.532586 0.941787
vt 0.534154 0.945240
vt 0.566571 0.933103
vt 0.563280 0.928842
vt 0.568694 0.926371
vt 0.569361 0.930535
vt 0.582498 0.944632
vt 0.578641 0.942048
vt 0.581498 0.938388
vt 0.584065 0.941178
vt 0.561285 0.948030
vt 0.557024 0.951321
vt 0.554553 0.945907
vt 0.558718 0.945240
vt 0.585759 0.935097
vt 0.588230 0.940511
vt 0.572814 0.932102
vt 0.574609 0.927026
vt 0.580826 0.930175
vt 0.577351 0.934976
vt 0.546030 0.938086
vt 0.537662 0.939992
vt 0.534514 0.933775
vt 0.542091 0.928290
vt 0.534016 0.921488
vt 0.529592 0.928842
vt 0.525413 0.918659
vt 0.569969 0.954316
vt 0.568174 0.959392
vt 0.561957 0.956244
vt 0.565432 0.951442
vt 0.496930 0.948333
vt 0.505297 0.946426
vt 0.508445 0.952644
vt 0.500869 0.958128
vt 0.508943 0.964930
vt 0.513368 0.957577
vt 0.518782 0.960048
vt 0.517547 0.967759
vt 0.576213 0.953315
vt 0.572553 0.950459
vt 0.575645 0.946288
vt 0.579625 0.949169
vt 0.568313 0.947463
vt 0.564142 0.944371
vt 0.567138 0.940130
vt 0.571392 0.943209
vt 0.574470 0.938955
vt 0.570230 0.935959
vt 0.560285 0.941786
vt 0.555209 0.939992
vt 0.558357 0.933775
vt 0.563158 0.937249
vt 0.526603 0.967759
vt 0.524697 0.959392
vt 0.530914 0.956244
vt 0.536399 0.963820
vt 0.543201 0.955746
vt 0.535847 0.951321
vt 0.538318 0.945907
vt 0.546030 0.947143
vt 0.522902 0.954316
vt 0.520318 0.950459
vt 0.524559 0.947463
vt 0.527439 0.951443
vt 0.517226 0.946288
vt 0.514230 0.942048
vt 0.518401 0.938956
vt 0.521480 0.943209
vt 0.525733 0.940130
vt 0.522641 0.935959
vt 0.526301 0.933103
vt 0.529713 0.937250
vt 0.511374 0.938388
vt 0.507112 0.935097
vt 0.512045 0.930175
vt 0.515520 0.934976
vt 0.583928 0.964930
vt 0.579504 0.957577
vt 0.584426 0.952644
vt 0.592003 0.958128
vt 0.595942 0.948332
vt 0.587574 0.946426
vt 0.595942 0.939276
vt 0.575325 0.967759
vt 0.574089 0.960047
vt 0.573422 0.955883
vt 0.508806 0.941179
vt 0.504641 0.940511
vt 0.496930 0.939276
vt 0.499759 0.930673
vt 0.506561 0.922598
vt 0.513246 0.949169
vt 0.510373 0.944632
vt 0.519449 0.955883
vt 0.516659 0.953315
vt 0.546841 0.947142
vt 0.546841 0.938086
vt 0.550780 0.928290
vt 0.566268 0.967759
vt 0.556473 0.963820
vt 0.567458 0.918659
vt 0.576515 0.918659
vt 0.586310 0.922598
vt 0.593112 0.930672
vt 0.549671 0.955746
vt 0.558855 0.921488
vt 0.516357 0.918659
vt 0.737534 0.014670
vt 0.741056 0.014621
vt 0.741166 0.358717
vt 0.737693 0.358629
vt 0.769681 0.014490
vt 0.773225 0.014561
vt 0.773068 0.358849
vt 0.769618 0.358959
vt 0.744600 0.014553
vt 0.748144 0.014485
vt 0.748027 0.358954
vt 0.744576 0.358842
vt 0.945318 0.127879
vt 0.943525 0.125172
vt 0.945053 0.122419
vt 0.948212 0.122626
vt 0.938884 0.120316
vt 0.942022 0.122414
vt 0.937969 0.126566
vt 0.936903 0.123111
vt 0.934172 0.109890
vt 0.937814 0.109864
vt 0.936925 0.117590
vt 0.933597 0.116580
vt 0.751706 0.014419
vt 0.755298 0.014359
vt 0.755170 0.359065
vt 0.751554 0.359028
vt 0.934079 0.103161
vt 0.937653 0.103094
vt 0.936343 0.118511
vt 0.941230 0.109671
vt 0.944479 0.109358
vt 0.943746 0.116990
vt 0.940499 0.117393
vt 0.941127 0.102989
vt 0.944559 0.102881
vt 0.915702 0.109861
vt 0.919343 0.109887
vt 0.919915 0.116577
vt 0.916588 0.117579
vt 0.915864 0.103093
vt 0.919437 0.103160
vt 0.909775 0.116984
vt 0.913022 0.117384
vt 0.913776 0.120868
vt 0.911502 0.122409
vt 0.809771 0.372111
vt 0.806194 0.372110
vt 0.806050 0.269423
vt 0.809623 0.269357
vt 0.834838 0.372110
vt 0.831266 0.372110
vt 0.831314 0.269528
vt 0.834746 0.269635
vt 0.824119 0.372111
vt 0.824266 0.269355
vt 0.827839 0.269422
vt 0.827696 0.372110
vt 0.802624 0.372110
vt 0.799051 0.372110
vt 0.799144 0.269637
vt 0.802576 0.269529
vt 0.820533 0.372110
vt 0.816945 0.372110
vt 0.816944 0.269317
vt 0.820608 0.269332
vt 0.838427 0.372108
vt 0.838206 0.269686
vt 0.813357 0.372110
vt 0.813281 0.269333
vt 0.795463 0.372108
vt 0.791850 0.372103
vt 0.792161 0.269647
vt 0.795684 0.269686
vt 0.845641 0.372094
vt 0.842039 0.372103
vt 0.841729 0.269647
vt 0.845313 0.269521
vt 0.909039 0.109356
vt 0.912287 0.109668
vt 0.788248 0.372094
vt 0.788577 0.269521
vt 0.908958 0.102880
vt 0.912389 0.102987
vt 0.926757 0.109536
vt 0.930439 0.109749
vt 0.930327 0.115108
vt 0.926756 0.114313
vt 0.926758 0.103199
vt 0.930422 0.103184
vt 0.950049 0.116458
vt 0.953532 0.116907
vt 0.951594 0.123617
vt 0.951079 0.108888
vt 0.954643 0.109095
vt 0.951542 0.102869
vt 0.955126 0.102995
vt 0.923076 0.109748
vt 0.923185 0.115107
vt 0.923094 0.103184
vt 0.903473 0.116458
vt 0.906702 0.116583
vt 0.908474 0.122415
vt 0.905315 0.122626
vt 0.902438 0.108888
vt 0.905808 0.109049
vt 0.901975 0.102869
vt 0.905498 0.102830
vt 0.946820 0.116585
vt 0.947710 0.109050
vt 0.810101 0.255939
vt 0.806774 0.254938
vt 0.807965 0.253122
vt 0.825915 0.253113
vt 0.827090 0.249405
vt 0.829071 0.252200
vt 0.826529 0.254005
vt 0.832208 0.250103
vt 0.833933 0.255527
vt 0.830686 0.255123
vt 0.827112 0.254927
vt 0.823784 0.255936
vt 0.792121 0.248895
vt 0.795852 0.242305
vt 0.798404 0.244644
vt 0.795502 0.249890
vt 0.833711 0.247345
vt 0.835239 0.250098
vt 0.803962 0.251649
vt 0.838399 0.249890
vt 0.835504 0.244637
vt 0.838062 0.242303
vt 0.841780 0.248900
vt 0.806795 0.249427
vt 0.803208 0.255132
vt 0.800191 0.247352
vt 0.801688 0.250108
vt 0.798660 0.250101
vt 0.948019 0.102831
vt 0.733980 0.014677
vt 0.734139 0.358617
vt 0.730412 0.014605
vt 0.730566 0.358691
vt 0.783871 0.014694
vt 0.787437 0.014620
vt 0.787070 0.358706
vt 0.783498 0.358630
vt 0.780314 0.014686
vt 0.779951 0.358641
vt 0.776478 0.358727
vt 0.776770 0.014632
vt 0.766118 0.014423
vt 0.766092 0.359032
vt 0.762525 0.014361
vt 0.762476 0.359067
vt 0.758911 0.014326
vt 0.758823 0.359081
vt 0.899988 0.116910
vt 0.901935 0.123621
vt 0.898874 0.109096
vt 0.898390 0.102995
vt 0.939253 0.129734
vt 0.780123 0.008529
vt 0.776860 0.008202
vt 0.776148 0.000589
vt 0.779453 0.000971
vt 0.773586 0.007917
vt 0.770112 0.007773
vt 0.768920 0.000495
vt 0.772659 0.000406
vt 0.915557 0.126542
vt 0.914283 0.129711
vt 0.910004 0.125164
vt 0.740972 0.008195
vt 0.737713 0.008520
vt 0.738383 0.000971
vt 0.741685 0.000588
vt 0.747716 0.007770
vt 0.744243 0.007912
vt 0.745172 0.000406
vt 0.748909 0.000495
vt 0.943626 0.135242
vt 0.941125 0.132687
vt 0.947875 0.130213
vt 0.787091 0.008657
vt 0.783528 0.008749
vt 0.782861 0.001272
vt 0.786433 0.001182
vt 0.762622 0.008052
vt 0.758913 0.008313
vt 0.758913 0.003610
vt 0.762395 0.002852
vt 0.912419 0.132667
vt 0.908217 0.127873
vt 0.734313 0.008739
vt 0.734977 0.001271
vt 0.755204 0.008051
vt 0.751408 0.007821
vt 0.752229 0.001426
vt 0.755432 0.002852
vt 0.747791 0.365555
vt 0.751445 0.365535
vt 0.748938 0.372760
vt 0.752225 0.371850
vt 0.779785 0.364770
vt 0.783169 0.364550
vt 0.779128 0.372271
vt 0.782510 0.371974
vt 0.829439 0.242782
vt 0.831311 0.239829
vt 0.762459 0.365334
vt 0.766199 0.365537
vt 0.762253 0.370451
vt 0.765417 0.371851
vt 0.730920 0.364632
vt 0.734467 0.364540
vt 0.731576 0.372058
vt 0.735125 0.371968
vt 0.800112 0.237288
vt 0.802606 0.239849
vt 0.755184 0.365333
vt 0.758822 0.365084
vt 0.755389 0.370451
vt 0.758821 0.369710
vt 0.741098 0.365093
vt 0.744352 0.365390
vt 0.741785 0.372649
vt 0.745239 0.372837
vt 0.805743 0.245974
vt 0.769851 0.365559
vt 0.768703 0.372761
vt 0.773290 0.365395
vt 0.776542 0.365100
vt 0.772400 0.372839
vt 0.775854 0.372652
vt 0.737854 0.364762
vt 0.738509 0.372267
vt 0.804469 0.242805
vt 0.786714 0.364642
vt 0.786057 0.372064
vt 0.833812 0.237274
vt 0.828155 0.245950
vt 0.799225 0.263161
vt 0.795995 0.263467
vt 0.799962 0.255532
vt 0.796888 0.255934
vt 0.824359 0.262627
vt 0.820625 0.262767
vt 0.820514 0.257408
vt 0.841266 0.263628
vt 0.837897 0.263466
vt 0.840235 0.256059
vt 0.837007 0.255932
vt 0.816944 0.262980
vt 0.813262 0.262768
vt 0.816943 0.258203
vt 0.813371 0.257410
vt 0.792625 0.263628
vt 0.789061 0.263421
vt 0.793660 0.256058
vt 0.790175 0.255606
vt 0.805889 0.262655
vt 0.802474 0.262849
vt 0.834666 0.263159
vt 0.831417 0.262846
vt 0.828001 0.262652
vt 0.809529 0.262629
vt 0.844830 0.263422
vt 0.843719 0.255610
vt 0.766418 0.007824
vt 0.765599 0.001426
vt 0.916608 0.123089
vt 0.909926 0.135228
vt 0.905666 0.130211
vt 0.730755 0.008649
vt 0.731410 0.001182
vt 0.917779 0.119394
vt 0.935729 0.119403
vt 0.930346 0.000406
vt 0.933932 0.000406
vt 0.948240 0.000408
vt 0.951852 0.000413
vt 0.923170 0.000406
vt 0.926758 0.000407
vt 0.898062 0.000422
vt 0.901664 0.000413
vt 0.905276 0.000408
vt 0.908864 0.000407
vt 0.955455 0.000422
vt 0.937509 0.000406
vt 0.941079 0.000406
vt 0.919584 0.000406
vt 0.944652 0.000407
vt 0.912437 0.000406
vt 0.916007 0.000406
vt 0.674826 0.982957
vt 0.676608 0.988013
vt 0.670725 0.988656
vt 0.671396 0.984511
vt 0.373166 0.954316
vt 0.374961 0.959392
vt 0.369046 0.960048
vt 0.369713 0.955883
vt 0.361638 0.938388
vt 0.364494 0.942048
vt 0.360637 0.944632
vt 0.359070 0.941179
vt 0.382851 0.941787
vt 0.387927 0.939992
vt 0.388583 0.945907
vt 0.384418 0.945240
vt 0.355561 0.946426
vt 0.354906 0.940511
vt 0.366923 0.953315
vt 0.363632 0.957577
vt 0.358710 0.952644
vt 0.363511 0.949169
vt 0.648990 0.976974
vt 0.657312 0.975070
vt 0.660444 0.981267
vt 0.652905 0.986713
vt 0.660921 0.993496
vt 0.665346 0.986190
vt 0.669482 0.996332
vt 0.376565 0.933103
vt 0.379856 0.928842
vt 0.384779 0.933775
vt 0.379977 0.937250
vt 0.697881 0.966799
vt 0.689547 0.968709
vt 0.686406 0.962505
vt 0.693951 0.957044
vt 0.685913 0.950265
vt 0.681494 0.957583
vt 0.676109 0.955125
vt 0.677339 0.947444
vt 0.370322 0.932103
vt 0.372906 0.935960
vt 0.368665 0.938956
vt 0.365785 0.934976
vt 0.375998 0.940130
vt 0.378994 0.944371
vt 0.374823 0.947463
vt 0.371744 0.943209
vt 0.367491 0.946288
vt 0.370582 0.950459
vt 0.381850 0.948030
vt 0.386112 0.951321
vt 0.381179 0.956244
vt 0.377704 0.951443
vt 0.668318 0.947450
vt 0.670228 0.955777
vt 0.664030 0.958912
vt 0.658577 0.951378
vt 0.651809 0.959404
vt 0.659117 0.963816
vt 0.656662 0.969194
vt 0.648991 0.967963
vt 0.345278 0.816396
vt 0.340488 0.816226
vt 0.340876 0.809157
vt 0.345238 0.810890
vt 0.341706 0.762081
vt 0.343201 0.762163
vt 0.342912 0.768581
vt 0.341392 0.768510
vt 0.348473 0.827344
vt 0.344535 0.830102
vt 0.341770 0.823383
vt 0.346550 0.821966
vt 0.683497 0.976697
vt 0.687737 0.979978
vt 0.682813 0.984884
vt 0.679355 0.980095
vt 0.366621 0.918659
vt 0.368527 0.927027
vt 0.362310 0.930175
vt 0.356825 0.922598
vt 0.350023 0.930672
vt 0.357376 0.935097
vt 0.347194 0.939276
vt 0.375677 0.918659
vt 0.374442 0.926371
vt 0.373775 0.930535
vt 0.686051 0.973928
vt 0.690198 0.974594
vt 0.697881 0.975829
vt 0.695052 0.984403
vt 0.688263 0.992433
vt 0.672258 0.979181
vt 0.668630 0.981954
vt 0.355684 0.835556
vt 0.353932 0.839401
vt 0.348657 0.835799
vt 0.351437 0.832021
vt 0.684491 0.970499
vt 0.680721 0.973074
vt 0.346964 0.805764
vt 0.343397 0.802793
vt 0.348038 0.798054
vt 0.350606 0.801794
vt 0.675444 0.959271
vt 0.678213 0.961826
vt 0.674587 0.964603
vt 0.672015 0.960829
vt 0.353798 0.795783
vt 0.355684 0.799619
vt 0.663353 0.967092
vt 0.666130 0.970711
vt 0.662362 0.973283
vt 0.660803 0.969858
vt 0.342059 0.787720
vt 0.343531 0.787469
vt 0.344845 0.793313
vt 0.343492 0.793803
vt 0.667489 0.963696
vt 0.396294 0.947143
vt 0.393465 0.955746
vt 0.386663 0.963820
vt 0.681617 0.965971
vt 0.384281 0.921488
vt 0.392355 0.928290
vt 0.665232 0.977806
vt 0.367811 0.967759
vt 0.359207 0.964930
vt 0.351133 0.958128
vt 0.347194 0.948332
vt 0.396294 0.938086
vt 0.376867 0.967759
vt 0.342723 0.774967
vt 0.341207 0.774950
vt 0.667477 0.976183
vt 0.678505 0.996346
vt 0.677736 0.977853
vt 0.679372 0.967596
vt 0.341348 0.781378
vt 0.342847 0.781290
vt 0.342750 0.749292
vt 0.344213 0.749500
vt 0.343625 0.755772
vt 0.342094 0.755648
vt 0.343839 0.743192
vt 0.345206 0.743603
vt 0.669108 0.965936
vt 0.346157 0.792923
vt 0.344940 0.787241
vt 0.347656 0.792622
vt 0.346527 0.787000
vt 0.355684 0.791681
vt 0.354593 0.785887
vt 0.344305 0.781199
vt 0.344195 0.774977
vt 0.345983 0.781105
vt 0.345883 0.774990
vt 0.354136 0.780006
vt 0.354269 0.774212
vt 0.345092 0.755882
vt 0.345657 0.749683
vt 0.346805 0.756001
vt 0.347286 0.749857
vt 0.355263 0.757068
vt 0.355329 0.751405
vt 0.344423 0.768643
vt 0.346128 0.768715
vt 0.354734 0.768522
vt 0.344703 0.762253
vt 0.346425 0.762355
vt 0.355168 0.762796
vt 0.346525 0.743906
vt 0.348036 0.744111
vt 0.355684 0.745724
vt 0.672314 0.978643
vt 0.667876 0.975868
vt 0.348299 0.836380
vt 0.348000 0.836870
vt 0.343642 0.830837
vt 0.344017 0.830520
vt 0.353765 0.840017
vt 0.353706 0.840625
vt 0.677397 0.977420
vt 0.347653 0.797466
vt 0.342876 0.802328
vt 0.347304 0.796932
vt 0.342424 0.801935
vt 0.680159 0.972983
vt 0.678914 0.967899
vt 0.353590 0.795177
vt 0.353523 0.794615
vt 0.340250 0.808863
vt 0.339733 0.808621
vt 0.674471 0.965130
vt 0.669388 0.966359
vt 0.339825 0.816159
vt 0.339341 0.816098
vt 0.666633 0.970791
vt 0.340676 0.823709
vt 0.341112 0.823579
vt 0.683122 0.934292
vt 0.677240 0.933649
vt 0.679021 0.928594
vt 0.682452 0.930148
vt 0.404817 0.940511
vt 0.407288 0.935097
vt 0.411550 0.938388
vt 0.408982 0.941179
vt 0.416835 0.953315
vt 0.420494 0.950459
vt 0.423078 0.954316
vt 0.419625 0.955883
vt 0.424354 0.926371
vt 0.429768 0.928842
vt 0.426477 0.933103
vt 0.423686 0.930535
vt 0.418958 0.960048
vt 0.413544 0.957577
vt 0.408621 0.952644
vt 0.405473 0.946426
vt 0.410549 0.944632
vt 0.413422 0.949169
vt 0.693403 0.926904
vt 0.696536 0.920707
vt 0.704857 0.922611
vt 0.700942 0.932350
vt 0.688501 0.931827
vt 0.692927 0.939132
vt 0.684365 0.941969
vt 0.434690 0.933775
vt 0.437838 0.939992
vt 0.432762 0.941787
vt 0.429889 0.937250
vt 0.667442 0.908141
vt 0.664301 0.914345
vt 0.655966 0.912435
vt 0.659897 0.902680
vt 0.677739 0.900761
vt 0.672354 0.903219
vt 0.667936 0.895901
vt 0.676509 0.893081
vt 0.424735 0.947463
vt 0.428906 0.944371
vt 0.431762 0.948030
vt 0.427615 0.951443
vt 0.418577 0.938956
vt 0.422817 0.935959
vt 0.425909 0.940130
vt 0.421656 0.943209
vt 0.414406 0.942048
vt 0.417402 0.946288
vt 0.412221 0.930175
vt 0.418439 0.927027
vt 0.420233 0.932103
vt 0.415696 0.934976
vt 0.689818 0.904549
vt 0.683620 0.901413
vt 0.685530 0.893087
vt 0.695271 0.897015
vt 0.697186 0.914830
vt 0.694731 0.909453
vt 0.702039 0.905041
vt 0.704857 0.913600
vt 0.861261 0.251816
vt 0.861648 0.258885
vt 0.856858 0.259055
vt 0.856898 0.253549
vt 0.325161 0.768751
vt 0.324904 0.762319
vt 0.326435 0.762256
vt 0.326655 0.768705
vt 0.860367 0.266042
vt 0.857601 0.272761
vt 0.853663 0.270003
vt 0.855586 0.264625
vt 0.671035 0.930520
vt 0.666111 0.925614
vt 0.670350 0.922333
vt 0.674492 0.925731
vt 0.431090 0.956244
vt 0.436023 0.951321
vt 0.443377 0.955746
vt 0.436574 0.963820
vt 0.424873 0.959392
vt 0.426779 0.967759
vt 0.417722 0.967759
vt 0.438494 0.945907
vt 0.446206 0.947143
vt 0.434330 0.945240
vt 0.663650 0.920230
vt 0.667797 0.919564
vt 0.658795 0.930039
vt 0.655966 0.921465
vt 0.665584 0.938069
vt 0.681590 0.924818
vt 0.685217 0.927590
vt 0.853480 0.278458
vt 0.848204 0.282060
vt 0.846453 0.278215
vt 0.850699 0.274680
vt 0.669357 0.916135
vt 0.673126 0.918710
vt 0.854099 0.240713
vt 0.858740 0.245452
vt 0.855172 0.248423
vt 0.851530 0.244453
vt 0.679261 0.910239
vt 0.675635 0.907462
vt 0.678404 0.904907
vt 0.681833 0.906466
vt 0.848338 0.238442
vt 0.846453 0.242278
vt 0.691486 0.918920
vt 0.687717 0.916348
vt 0.690495 0.912729
vt 0.693044 0.915495
vt 0.323152 0.793303
vt 0.324442 0.787531
vt 0.325878 0.787786
vt 0.324485 0.793781
vt 0.686359 0.909332
vt 0.416533 0.918659
vt 0.425589 0.918659
vt 0.406737 0.922598
vt 0.672231 0.911607
vt 0.446206 0.938086
vt 0.442267 0.928290
vt 0.688616 0.923443
vt 0.397106 0.948332
vt 0.397106 0.939276
vt 0.401045 0.958128
vt 0.409119 0.964930
vt 0.434193 0.921488
vt 0.399935 0.930672
vt 0.325300 0.775119
vt 0.326810 0.775110
vt 0.686371 0.921820
vt 0.675342 0.941982
vt 0.676112 0.923489
vt 0.674476 0.913232
vt 0.325132 0.781415
vt 0.326638 0.781523
vt 0.324497 0.755866
vt 0.323921 0.749545
vt 0.325396 0.749339
vt 0.326044 0.755744
vt 0.322933 0.743603
vt 0.324310 0.743192
vt 0.684740 0.911573
vt 0.321856 0.792925
vt 0.323045 0.787302
vt 0.320324 0.792621
vt 0.321483 0.787057
vt 0.312376 0.791665
vt 0.313473 0.785930
vt 0.323694 0.781313
vt 0.323814 0.775121
vt 0.322027 0.781215
vt 0.322137 0.775126
vt 0.313928 0.780102
vt 0.313794 0.774332
vt 0.323016 0.755974
vt 0.322467 0.749726
vt 0.321294 0.756082
vt 0.320826 0.749898
vt 0.312785 0.757147
vt 0.312725 0.751444
vt 0.323671 0.768801
vt 0.321959 0.768863
vt 0.313330 0.768655
vt 0.323386 0.762393
vt 0.321651 0.762480
vt 0.312884 0.762914
vt 0.321603 0.743906
vt 0.320081 0.744110
vt 0.312376 0.745721
vt 0.681534 0.924279
vt 0.685972 0.921505
vt 0.858494 0.273496
vt 0.854137 0.279529
vt 0.853838 0.279039
vt 0.858120 0.273179
vt 0.848371 0.282676
vt 0.848430 0.283284
vt 0.676450 0.923057
vt 0.854483 0.240125
vt 0.859260 0.244987
vt 0.854832 0.239592
vt 0.859712 0.244594
vt 0.674934 0.913535
vt 0.673689 0.918619
vt 0.848546 0.237836
vt 0.848613 0.237274
vt 0.861887 0.251522
vt 0.862403 0.251280
vt 0.679377 0.910766
vt 0.684460 0.911995
vt 0.862796 0.258757
vt 0.862311 0.258818
vt 0.687214 0.916427
vt 0.861461 0.266368
vt 0.861025 0.266238
vt 0.440297 0.379392
vt 0.403120 0.376619
vt 0.404555 0.355702
vt 0.441284 0.357821
vt 0.445828 0.244683
vt 0.446061 0.223411
vt 0.640088 0.223516
vt 0.640364 0.244803
vt 0.755994 0.443959
vt 0.755993 0.644016
vt 0.750648 0.641269
vt 0.750648 0.446706
vt 0.446813 0.178458
vt 0.639469 0.178531
vt 0.444262 0.294813
vt 0.445273 0.267959
vt 0.640962 0.268056
vt 0.642011 0.294852
vt 0.442877 0.325190
vt 0.643428 0.325143
vt 0.645053 0.357667
vt 0.386975 0.374694
vt 0.388516 0.354816
vt 0.778239 0.444190
vt 0.778239 0.643674
vt 0.777199 0.641500
vt 0.777199 0.446364
vt 0.645904 0.029373
vt 0.643799 0.059753
vt 0.442184 0.060001
vt 0.440019 0.029783
vt 0.639521 0.136841
vt 0.639278 0.157673
vt 0.446958 0.157581
vt 0.446656 0.136770
vt 0.640351 0.114080
vt 0.445761 0.114071
vt 0.641827 0.088352
vt 0.444218 0.088450
vt 0.367506 0.008617
vt 0.367963 0.007297
vt 0.373719 0.006877
vt 0.373204 0.008121
vt 0.379394 0.246104
vt 0.366659 0.247936
vt 0.365811 0.224797
vt 0.378674 0.223945
vt 0.411172 0.244373
vt 0.395733 0.244746
vt 0.395458 0.223417
vt 0.411235 0.223255
vt 0.396626 0.176802
vt 0.412273 0.177661
vt 0.707546 0.224045
vt 0.720412 0.224918
vt 0.719519 0.248052
vt 0.706796 0.246200
vt 0.674972 0.223323
vt 0.690757 0.223496
vt 0.690466 0.244826
vt 0.675031 0.244450
vt 0.673985 0.177686
vt 0.689642 0.176841
vt 0.378470 0.269286
vt 0.366067 0.271653
vt 0.410313 0.267265
vt 0.394754 0.267575
vt 0.382749 0.294670
vt 0.376648 0.295534
vt 0.384781 0.268388
vt 0.720067 0.271735
vt 0.707690 0.269355
vt 0.691433 0.267635
vt 0.675893 0.267325
vt 0.386425 0.176060
vt 0.379918 0.175555
vt 0.381729 0.155408
vt 0.388172 0.156063
vt 0.364814 0.297761
vt 0.408653 0.293739
vt 0.392822 0.293899
vt 0.380528 0.323918
vt 0.374700 0.324410
vt 0.721285 0.297777
vt 0.709486 0.295547
vt 0.693352 0.293910
vt 0.677556 0.293751
vt 0.700426 0.245508
vt 0.701390 0.268454
vt 0.363418 0.325707
vt 0.406633 0.323705
vt 0.390636 0.323539
vt 0.378459 0.354392
vt 0.372833 0.354223
vt 0.722660 0.325629
vt 0.711418 0.324334
vt 0.695532 0.323467
vt 0.679582 0.323637
vt 0.703401 0.294681
vt 0.361973 0.354075
vt 0.376850 0.373086
vt 0.371202 0.371999
vt 0.724102 0.353889
vt 0.713284 0.354040
vt 0.697656 0.354637
vt 0.681671 0.355528
vt 0.699205 0.374444
vt 0.683117 0.376374
vt 0.718222 0.409964
vt 0.718448 0.411502
vt 0.712575 0.412362
vt 0.712549 0.410877
vt 0.738147 0.703812
vt 0.743114 0.708303
vt 0.735115 0.714324
vt 0.730412 0.709713
vt 0.646064 0.379167
vt 0.892641 0.201161
vt 0.892641 0.000406
vt 0.897142 0.001118
vt 0.897250 0.196456
vt 0.741467 0.699936
vt 0.746630 0.704221
vt 0.369831 0.035428
vt 0.358571 0.035716
vt 0.356704 0.009184
vt 0.705609 0.323843
vt 0.707678 0.354211
vt 0.360371 0.369811
vt 0.699855 0.176108
vt 0.706371 0.175610
vt 0.701002 0.223791
vt 0.725705 0.369562
vt 0.714918 0.371747
vt 0.745834 0.396862
vt 0.751010 0.392572
vt 0.754408 0.407810
vt 0.749105 0.411551
vt 0.704578 0.155427
vt 0.718121 0.153888
vt 0.719347 0.174683
vt 0.673108 0.157414
vt 0.688192 0.156804
vt 0.698391 0.136650
vt 0.704944 0.135839
vt 0.698121 0.156080
vt 0.366962 0.174610
vt 0.368218 0.153858
vt 0.398084 0.156789
vt 0.413148 0.157394
vt 0.375810 0.035080
vt 0.718270 0.133520
vt 0.673460 0.137537
vt 0.688538 0.137314
vt 0.700508 0.115314
vt 0.707121 0.114383
vt 0.368091 0.133548
vt 0.381373 0.135867
vt 0.397734 0.137337
vt 0.412777 0.137547
vt 0.719988 0.111593
vt 0.674995 0.115770
vt 0.690471 0.115933
vt 0.703760 0.090796
vt 0.710316 0.089995
vt 0.366393 0.111707
vt 0.379206 0.114486
vt 0.395793 0.116022
vt 0.411217 0.115841
vt 0.387907 0.136677
vt 0.722602 0.087518
vt 0.677508 0.090724
vt 0.693478 0.091233
vt 0.707284 0.063319
vt 0.713631 0.062968
vt 0.363790 0.087753
vt 0.376014 0.090210
vt 0.392774 0.091425
vt 0.408675 0.090895
vt 0.385793 0.115411
vt 0.725392 0.061614
vt 0.680550 0.062470
vt 0.696822 0.063321
vt 0.710441 0.034562
vt 0.716455 0.034900
vt 0.360992 0.061999
vt 0.372688 0.063330
vt 0.389407 0.063655
vt 0.405598 0.062781
vt 0.382539 0.091001
vt 0.727782 0.035167
vt 0.683533 0.032373
vt 0.699873 0.033797
vt 0.712999 0.007440
vt 0.718732 0.007926
vt 0.386318 0.034297
vt 0.402569 0.032846
vt 0.383627 0.007110
vt 0.399838 0.005297
vt 0.775615 0.411214
vt 0.776694 0.408038
vt 0.772375 0.396881
vt 0.773397 0.393032
vt 0.400878 0.490450
vt 0.401587 0.491973
vt 0.384337 0.494469
vt 0.383653 0.492861
vt 0.686207 0.004669
vt 0.702514 0.006449
vt 0.764579 0.703889
vt 0.765478 0.708115
vt 0.757519 0.714213
vt 0.756805 0.709712
vt 0.685394 0.003534
vt 0.701650 0.005238
vt 0.767890 0.700074
vt 0.768947 0.704037
vt 0.647667 0.001460
vt 0.438185 0.001987
vt 0.385768 0.245419
vt 0.385216 0.223700
vt 0.709291 0.372834
vt 0.369219 0.394598
vt 0.358217 0.393520
vt 0.373614 0.411277
vt 0.367919 0.410366
vt 0.374993 0.395261
vt 0.439240 0.400980
vt 0.401508 0.398098
vt 0.727869 0.393174
vt 0.716911 0.394258
vt 0.700962 0.396074
vt 0.684745 0.397776
vt 0.702494 0.412452
vt 0.686270 0.414694
vt 0.647144 0.400680
vt 0.887219 0.201162
vt 0.887219 0.000406
vt 0.891829 0.005111
vt 0.891721 0.200449
vt 0.754408 0.680164
vt 0.749105 0.676424
vt 0.356799 0.408828
vt 0.408064 0.551286
vt 0.405951 0.530814
vt 0.442428 0.527463
vt 0.443680 0.548425
vt 0.634900 0.676939
vt 0.449713 0.677453
vt 0.449392 0.657171
vt 0.635167 0.656653
vt 0.642901 0.506431
vt 0.441276 0.506395
vt 0.440589 0.489612
vt 0.643563 0.489752
vt 0.634417 0.719767
vt 0.450394 0.720223
vt 0.635798 0.634463
vt 0.448705 0.634946
vt 0.447483 0.609233
vt 0.636952 0.608827
vt 0.445758 0.580018
vt 0.638593 0.579725
vt 0.640580 0.548279
vt 0.392741 0.552721
vt 0.390333 0.533388
vt 0.378007 0.828606
vt 0.382198 0.803264
vt 0.388218 0.802729
vt 0.383856 0.828596
vt 0.445201 0.833921
vt 0.639849 0.833868
vt 0.642348 0.863625
vt 0.442780 0.863466
vt 0.450515 0.740128
vt 0.634352 0.739656
vt 0.634735 0.759558
vt 0.450169 0.760003
vt 0.635753 0.781369
vt 0.449186 0.781739
vt 0.637502 0.806137
vt 0.447483 0.806377
vt 0.399998 0.415076
vt 0.400403 0.416433
vt 0.383993 0.414288
vt 0.383710 0.412847
vt 0.373677 0.676505
vt 0.374309 0.654724
vt 0.386329 0.656332
vt 0.385803 0.677246
vt 0.401833 0.677676
vt 0.401955 0.657478
vt 0.416423 0.657707
vt 0.416602 0.677760
vt 0.417621 0.720983
vt 0.402994 0.721749
vt 0.710141 0.653879
vt 0.710921 0.675632
vt 0.698804 0.676451
vt 0.698152 0.655560
vt 0.682555 0.656790
vt 0.682780 0.676971
vt 0.668013 0.677127
vt 0.668107 0.657085
vt 0.681863 0.721077
vt 0.667213 0.720383
vt 0.373454 0.632405
vt 0.385190 0.634453
vt 0.400793 0.635852
vt 0.415395 0.635957
vt 0.383009 0.609667
vt 0.388618 0.610335
vt 0.390980 0.635188
vt 0.710848 0.631616
vt 0.699163 0.633726
vt 0.683610 0.635201
vt 0.669044 0.635370
vt 0.388687 0.741896
vt 0.387053 0.722910
vt 0.392996 0.722460
vt 0.394575 0.741334
vt 0.371780 0.607828
vt 0.398558 0.610889
vt 0.413453 0.610763
vt 0.380423 0.582349
vt 0.385792 0.582624
vt 0.712374 0.607131
vt 0.701204 0.609020
vt 0.685724 0.610309
vt 0.670882 0.610244
vt 0.692328 0.656165
vt 0.693393 0.634491
vt 0.369693 0.581494
vt 0.395808 0.582693
vt 0.410936 0.582132
vt 0.377503 0.554023
vt 0.382704 0.553607
vt 0.714322 0.580923
vt 0.703653 0.581821
vt 0.688345 0.582226
vt 0.673284 0.581723
vt 0.695622 0.609712
vt 0.367163 0.554719
vt 0.374947 0.537032
vt 0.380169 0.535647
vt 0.716728 0.554293
vt 0.706446 0.553639
vt 0.691288 0.552399
vt 0.676040 0.551021
vt 0.693621 0.533167
vt 0.678084 0.530652
vt 0.707222 0.513698
vt 0.712644 0.514916
vt 0.708928 0.536741
vt 0.703733 0.535381
vt 0.726787 0.503136
vt 0.723141 0.517312
vt 0.716458 0.498955
vt 0.641786 0.527406
vt 0.207876 0.832381
vt 0.214593 0.843350
vt 0.216917 0.857467
vt 0.216909 0.899260
vt 0.214462 0.916303
vt 0.207074 0.932021
vt 0.194489 0.947691
vt 0.177609 0.962049
vt 0.157982 0.973633
vt 0.146617 0.977796
vt 0.127920 0.982353
vt 0.125182 0.982705
vt 0.125216 0.807069
vt 0.138895 0.807598
vt 0.160058 0.810398
vt 0.179765 0.815453
vt 0.196142 0.822885
vt 0.710768 0.497137
vt 0.357307 0.878673
vt 0.362845 0.853711
vt 0.373466 0.855079
vt 0.367848 0.881845
vt 0.698312 0.582117
vt 0.701273 0.553245
vt 0.364733 0.539901
vt 0.697831 0.722149
vt 0.691878 0.721734
vt 0.692825 0.676681
vt 0.719089 0.539558
vt 0.387234 0.511752
vt 0.403537 0.509342
vt 0.710051 0.722944
vt 0.709055 0.742481
vt 0.696308 0.741183
vt 0.680658 0.740051
vt 0.666530 0.739625
vt 0.696923 0.759640
vt 0.690911 0.759002
vt 0.690402 0.740653
vt 0.375983 0.743269
vt 0.374857 0.723782
vt 0.404292 0.740684
vt 0.418389 0.740196
vt 0.379019 0.855909
vt 0.709497 0.761587
vt 0.681230 0.758508
vt 0.667084 0.758509
vt 0.699414 0.779839
vt 0.693325 0.779141
vt 0.375666 0.762311
vt 0.388177 0.760297
vt 0.403808 0.759091
vt 0.417907 0.759034
vt 0.711605 0.782132
vt 0.683443 0.778764
vt 0.668888 0.779222
vt 0.703156 0.802803
vt 0.697095 0.802293
vt 0.373695 0.782765
vt 0.385806 0.780418
vt 0.401692 0.779273
vt 0.416182 0.779675
vt 0.394164 0.759630
vt 0.714843 0.804675
vt 0.686934 0.802209
vt 0.671844 0.803139
vt 0.707489 0.828309
vt 0.701595 0.828323
vt 0.370600 0.805179
vt 0.398315 0.802604
vt 0.413320 0.803475
vt 0.391860 0.779693
vt 0.718682 0.828907
vt 0.691191 0.828855
vt 0.675660 0.830325
vt 0.712166 0.854977
vt 0.706570 0.855833
vt 0.366902 0.829246
vt 0.394186 0.829086
vt 0.409614 0.830495
vt 0.722870 0.853558
vt 0.695899 0.857476
vt 0.679887 0.859792
vt 0.717922 0.881950
vt 0.712190 0.883420
vt 0.389611 0.857504
vt 0.405505 0.859753
vt 0.384930 0.885522
vt 0.401826 0.887913
vt 0.683673 0.888175
vt 0.644182 0.891215
vt 0.700705 0.885715
vt 0.441019 0.890851
vt 0.373536 0.883284
vt 0.728542 0.878714
vt 0.392166 0.656904
vt 0.391784 0.677440
vt 0.360582 0.517525
vt 0.371140 0.515082
vt 0.367256 0.499027
vt 0.372979 0.497181
vt 0.376594 0.513840
vt 0.680432 0.509296
vt 0.696641 0.511652
vt 0.699477 0.494472
vt 0.682332 0.492032
vt 0.318778 0.858825
vt 0.326280 0.874785
vt 0.328759 0.892047
vt 0.328767 0.933993
vt 0.326398 0.948385
vt 0.319488 0.959667
vt 0.307521 0.969351
vt 0.290948 0.976873
vt 0.271098 0.981965
vt 0.249829 0.984779
vt 0.235065 0.985350
vt 0.235030 0.807537
vt 0.238952 0.808040
vt 0.257757 0.812624
vt 0.269261 0.816838
vt 0.289041 0.828512
vt 0.306058 0.842987
vt 0.648001 0.418068
vt 0.438415 0.418391
vt 0.711160 0.394924
vt 0.385231 0.396406
vt 0.107069 0.902988
vt 0.104491 0.920967
vt 0.096675 0.937603
vt 0.083439 0.954090
vt 0.065741 0.969150
vt 0.045171 0.981296
vt 0.033193 0.985686
vt 0.013646 0.990454
vt 0.009204 0.991025
vt 0.009204 0.805854
vt 0.024872 0.806457
vt 0.046976 0.809377
vt 0.067620 0.814668
vt 0.084877 0.822497
vt 0.097366 0.832600
vt 0.104595 0.844397
vt 0.107069 0.859411
vt 0.776694 0.679826
vt 0.775615 0.676651
vt 0.379001 0.063670
vt 0.756805 0.378152
vt 0.757519 0.373651
vt 0.765479 0.379750
vt 0.764579 0.383975
vt 0.356871 0.503266
vt 0.729600 0.008472
vt 0.951032 0.513752
vt 0.948602 0.528492
vt 0.941566 0.539976
vt 0.929311 0.549890
vt 0.912249 0.557629
vt 0.891749 0.562884
vt 0.869750 0.565790
vt 0.855168 0.566351
vt 0.855167 0.383357
vt 0.858426 0.383776
vt 0.877864 0.388518
vt 0.889704 0.392857
vt 0.910121 0.404913
vt 0.927681 0.419855
vt 0.940783 0.436176
vt 0.948485 0.452568
vt 0.951032 0.470328
vt 0.729296 0.408421
vt 0.367693 0.411911
vt 0.356495 0.410398
vt 0.738147 0.384162
vt 0.743114 0.379672
vt 0.746630 0.383753
vt 0.741467 0.388038
vt 0.373590 0.412768
vt 0.438829 0.419672
vt 0.729600 0.409984
vt 0.702214 0.413888
vt 0.685868 0.416046
vt 0.751010 0.695403
vt 0.745834 0.691113
vt 0.647591 0.419344
vt 0.718269 0.006599
vt 0.729171 0.007133
vt 0.768947 0.383828
vt 0.767890 0.387791
vt 0.712479 0.006190
vt 0.646929 0.000406
vt 0.357128 0.007852
vt 0.384482 0.005903
vt 0.400644 0.004166
vt 0.773396 0.694832
vt 0.772375 0.690984
vt 0.438916 0.000934
vt 0.000406 0.798123
vt 0.001666 0.798020
vt 0.001666 0.999594
vt 0.000443 0.998879
vt 0.845406 0.374366
vt 0.846629 0.373651
vt 0.846629 0.575225
vt 0.845369 0.575122
vt 0.366838 0.497318
vt 0.356495 0.501563
vt 0.716868 0.497256
vt 0.711309 0.495430
vt 0.372429 0.495465
vt 0.440076 0.488155
vt 0.727156 0.501444
vt 0.700152 0.492873
vt 0.683035 0.490518
vt 0.366982 0.883047
vt 0.372526 0.884401
vt 0.644073 0.488303
vt 0.718800 0.883159
vt 0.729365 0.879906
vt 0.713212 0.884544
vt 0.645022 0.892269
vt 0.684768 0.889225
vt 0.356495 0.879857
vt 0.383977 0.886607
vt 0.400742 0.888956
vt 0.701670 0.886807
vt 0.440183 0.891899
vt 0.227528 0.993185
vt 0.226268 0.993359
vt 0.226268 0.798020
vt 0.227491 0.798969
vt 0.116642 0.992409
vt 0.115419 0.993359
vt 0.115419 0.798020
vt 0.116679 0.798193
vt 0.730412 0.378262
vt 0.735115 0.373651
vt 0.866665 0.175629
vt 0.858949 0.169002
vt 0.860368 0.167589
vt 0.867817 0.173957
vt 0.876362 0.061716
vt 0.875313 0.059761
vt 0.886059 0.055826
vt 0.886408 0.058062
vt 0.875753 0.180754
vt 0.876526 0.178814
vt 0.847664 0.152838
vt 0.842539 0.155412
vt 0.838634 0.145475
vt 0.844121 0.143656
vt 0.835244 0.124064
vt 0.835870 0.112928
vt 0.841903 0.113552
vt 0.841230 0.123897
vt 0.843279 0.123902
vt 0.843950 0.113841
vt 0.873170 0.186587
vt 0.863034 0.180518
vt 0.886284 0.183535
vt 0.886408 0.181377
vt 0.885611 0.190583
vt 0.849370 0.094011
vt 0.847436 0.093177
vt 0.852362 0.083510
vt 0.854227 0.084617
vt 0.830961 0.147899
vt 0.834400 0.146810
vt 0.838664 0.157332
vt 0.835410 0.158936
vt 0.854668 0.173024
vt 0.833520 0.087586
vt 0.837178 0.089064
vt 0.833449 0.100627
vt 0.829688 0.099676
vt 0.858687 0.074486
vt 0.860399 0.075843
vt 0.847862 0.164617
vt 0.852512 0.161391
vt 0.853507 0.070341
vt 0.861903 0.061357
vt 0.866223 0.066332
vt 0.849427 0.152020
vt 0.854125 0.160277
vt 0.867694 0.067967
vt 0.801313 0.174918
vt 0.795490 0.159362
vt 0.790990 0.143313
vt 0.828188 0.136265
vt 0.790368 0.091334
vt 0.794950 0.073717
vt 0.841922 0.133992
vt 0.843866 0.133716
vt 0.839070 0.075888
vt 0.842638 0.077899
vt 0.837873 0.101769
vt 0.843927 0.103234
vt 0.846337 0.064693
vt 0.812065 0.040804
vt 0.823356 0.026008
vt 0.855559 0.054502
vt 0.846778 0.080347
vt 0.827488 0.111968
vt 0.788248 0.109023
vt 0.848543 0.178624
vt 0.819541 0.203314
vt 0.809207 0.189884
vt 0.841341 0.169068
vt 0.866889 0.045244
vt 0.836530 0.012874
vt 0.850447 0.000406
vt 0.881860 0.037506
vt 0.788507 0.126455
vt 0.827020 0.124266
vt 0.857688 0.187373
vt 0.831200 0.215318
vt 0.802044 0.056511
vt 0.845948 0.103804
vt 0.907451 0.271180
vt 0.914164 0.270617
vt 0.914621 0.278038
vt 0.908020 0.277973
vt 0.883422 0.201448
vt 0.856911 0.236462
vt 0.843770 0.226513
vt 0.868932 0.194910
vt 0.845996 0.143102
vt 0.872110 0.053780
vt 0.852266 0.647228
vt 0.854593 0.648786
vt 0.853433 0.650233
vt 0.851503 0.648225
vt 0.836115 0.134993
vt 0.841611 0.090874
vt 0.869394 0.049125
vt 0.858513 0.057603
vt 0.907608 0.313463
vt 0.928491 0.323517
vt 0.924182 0.331962
vt 0.903605 0.319898
vt 0.930459 0.324426
vt 0.926104 0.333022
vt 0.939086 0.268780
vt 0.939169 0.278333
vt 0.915929 0.278017
vt 0.915513 0.270477
vt 0.915713 0.285480
vt 0.938485 0.287734
vt 0.937144 0.296979
vt 0.914690 0.292828
vt 0.897116 0.315278
vt 0.902501 0.319107
vt 0.897489 0.325227
vt 0.892650 0.320328
vt 0.900825 0.309779
vt 0.906450 0.312829
vt 0.908834 0.247700
vt 0.911243 0.255429
vt 0.904284 0.257293
vt 0.901617 0.250219
vt 0.907900 0.284664
vt 0.914396 0.285371
vt 0.913410 0.292593
vt 0.907093 0.291273
vt 0.935049 0.306031
vt 0.932095 0.314865
vt 0.910768 0.306816
vt 0.913015 0.299920
vt 0.930522 0.230024
vt 0.932688 0.229151
vt 0.936134 0.238909
vt 0.933908 0.239593
vt 0.937102 0.306609
vt 0.934118 0.315621
vt 0.919186 0.340263
vt 0.898581 0.326255
vt 0.936474 0.249329
vt 0.938722 0.248838
vt 0.940440 0.258794
vt 0.938197 0.259090
vt 0.892487 0.230166
vt 0.897896 0.225678
vt 0.902376 0.232693
vt 0.896252 0.236240
vt 0.903655 0.231988
vt 0.926327 0.220776
vt 0.907232 0.239455
vt 0.905862 0.240046
vt 0.899223 0.242979
vt 0.941304 0.268673
vt 0.914406 0.262810
vt 0.912626 0.255056
vt 0.941352 0.278405
vt 0.910217 0.247219
vt 0.883486 0.042629
vt 0.884835 0.048603
vt 0.844345 0.167027
vt 0.831831 0.135676
vt 0.870919 0.191148
vt 0.884757 0.196392
vt 0.851393 0.176053
vt 0.860180 0.184247
vt 0.849648 0.067241
vt 0.831272 0.112398
vt 0.830763 0.124181
vt 0.940641 0.287970
vt 0.921587 0.211828
vt 0.923607 0.210711
vt 0.928416 0.219748
vt 0.939252 0.297378
vt 0.921089 0.341468
vt 0.915555 0.349798
vt 0.913656 0.348537
vt 0.855915 0.641731
vt 0.856082 0.643577
vt 0.853201 0.643551
vt 0.853032 0.642254
vt 0.892707 0.217406
vt 0.916565 0.203124
vt 0.899153 0.224724
vt 0.920426 0.667268
vt 0.919923 0.675275
vt 0.914918 0.674981
vt 0.915555 0.666991
vt 0.933913 0.644139
vt 0.954007 0.644193
vt 0.953998 0.652075
vt 0.933857 0.651948
vt 0.954040 0.691705
vt 0.954248 0.699666
vt 0.933534 0.700326
vt 0.933230 0.692098
vt 0.933292 0.675754
vt 0.953896 0.675800
vt 0.953929 0.683745
vt 0.933186 0.683872
vt 0.953915 0.667876
vt 0.957239 0.667889
vt 0.957224 0.675796
vt 0.957584 0.699569
vt 0.957841 0.707500
vt 0.954508 0.707608
vt 0.915813 0.621183
vt 0.920753 0.620942
vt 0.920973 0.628711
vt 0.916246 0.628904
vt 0.953991 0.604876
vt 0.957290 0.604911
vt 0.957242 0.612749
vt 0.953944 0.612738
vt 0.933604 0.612674
vt 0.953939 0.620599
vt 0.933677 0.620634
vt 0.933631 0.596547
vt 0.954114 0.597020
vt 0.933565 0.604640
vt 0.953963 0.659970
vt 0.933490 0.667728
vt 0.933745 0.659803
vt 0.953988 0.636323
vt 0.957295 0.636312
vt 0.957318 0.644190
vt 0.957315 0.652084
vt 0.957283 0.659986
vt 0.953959 0.628460
vt 0.933744 0.628518
vt 0.933868 0.636343
vt 0.914527 0.587196
vt 0.920077 0.587557
vt 0.919881 0.596312
vt 0.914529 0.596334
vt 0.919371 0.701166
vt 0.920288 0.710391
vt 0.914293 0.711448
vt 0.913614 0.701389
vt 0.913780 0.692048
vt 0.919233 0.692204
vt 0.899900 0.690758
vt 0.908052 0.691736
vt 0.907391 0.701382
vt 0.898370 0.700806
vt 0.889405 0.643824
vt 0.877417 0.643659
vt 0.877162 0.638576
vt 0.889240 0.637577
vt 0.905394 0.643951
vt 0.911785 0.644016
vt 0.911639 0.651433
vt 0.905164 0.651132
vt 0.901386 0.681790
vt 0.908960 0.682860
vt 0.904598 0.658387
vt 0.911273 0.658933
vt 0.910620 0.666597
vt 0.903853 0.665877
vt 0.883217 0.610970
vt 0.869767 0.617700
vt 0.865779 0.612275
vt 0.879940 0.603234
vt 0.908917 0.596546
vt 0.909567 0.605339
vt 0.902127 0.606203
vt 0.900789 0.597465
vt 0.876368 0.633482
vt 0.888523 0.631280
vt 0.888319 0.656369
vt 0.876110 0.653862
vt 0.877092 0.648743
vt 0.889138 0.650071
vt 0.910307 0.613584
vt 0.903310 0.614352
vt 0.926601 0.604703
vt 0.920051 0.604778
vt 0.926554 0.596405
vt 0.867755 0.702640
vt 0.852304 0.685392
vt 0.859437 0.680099
vt 0.874206 0.692621
vt 0.882431 0.676524
vt 0.869122 0.669406
vt 0.872260 0.664138
vt 0.885002 0.669468
vt 0.904285 0.622060
vt 0.910937 0.621482
vt 0.911488 0.629102
vt 0.904909 0.629508
vt 0.954563 0.581368
vt 0.957841 0.581469
vt 0.957599 0.589271
vt 0.954313 0.589177
vt 0.899505 0.587592
vt 0.908431 0.587106
vt 0.874544 0.658961
vt 0.886932 0.662837
vt 0.865022 0.674670
vt 0.878900 0.684059
vt 0.909808 0.674538
vt 0.902817 0.673682
vt 0.887330 0.624778
vt 0.874894 0.628322
vt 0.872790 0.623096
vt 0.885607 0.618073
vt 0.871174 0.639265
vt 0.870327 0.634937
vt 0.914927 0.604950
vt 0.856076 0.639663
vt 0.863618 0.636904
vt 0.864437 0.640208
vt 0.856607 0.641602
vt 0.859241 0.668706
vt 0.863248 0.664808
vt 0.852616 0.640994
vt 0.855410 0.639921
vt 0.880870 0.579859
vt 0.886339 0.578181
vt 0.889434 0.589361
vt 0.884774 0.590830
vt 0.871420 0.643598
vt 0.957404 0.597087
vt 0.847281 0.675247
vt 0.854071 0.672247
vt 0.871083 0.647932
vt 0.851231 0.638780
vt 0.853380 0.636682
vt 0.854561 0.638215
vt 0.852094 0.639775
vt 0.853125 0.644842
vt 0.855917 0.645400
vt 0.855417 0.647152
vt 0.852811 0.646083
vt 0.870155 0.652247
vt 0.859868 0.618084
vt 0.854809 0.614313
vt 0.860555 0.606684
vt 0.866312 0.660713
vt 0.868563 0.656520
vt 0.851951 0.651424
vt 0.850466 0.648947
vt 0.848060 0.610993
vt 0.853570 0.600906
vt 0.957265 0.683713
vt 0.905342 0.636765
vt 0.911691 0.636595
vt 0.863711 0.622099
vt 0.921122 0.636394
vt 0.916458 0.636510
vt 0.957382 0.691638
vt 0.934095 0.708426
vt 0.957240 0.620595
vt 0.916573 0.644040
vt 0.921109 0.644060
vt 0.921067 0.651736
vt 0.916389 0.651578
vt 0.920872 0.659451
vt 0.916046 0.659210
vt 0.920358 0.612998
vt 0.915391 0.613210
vt 0.846456 0.637160
vt 0.845593 0.633993
vt 0.847968 0.633955
vt 0.847795 0.637048
vt 0.850246 0.637892
vt 0.851868 0.635406
vt 0.850163 0.652281
vt 0.849318 0.649515
vt 0.850057 0.634462
vt 0.849089 0.637271
vt 0.868860 0.630616
vt 0.866692 0.626331
vt 0.848055 0.649690
vt 0.848107 0.652705
vt 0.845822 0.652583
vt 0.846770 0.649503
vt 0.334457 0.744306
vt 0.334848 0.745250
vt 0.334848 0.746272
vt 0.334457 0.747217
vt 0.333734 0.747939
vt 0.332790 0.748331
vt 0.331768 0.748331
vt 0.330824 0.747939
vt 0.330101 0.747217
vt 0.329710 0.746272
vt 0.329710 0.745250
vt 0.330101 0.744306
vt 0.330824 0.743583
vt 0.331768 0.743192
vt 0.332790 0.743192
vt 0.333734 0.743583
vt 0.908804 0.576633
vt 0.915384 0.577527
vt 0.914373 0.683330
vt 0.907511 0.712122
vt 0.897086 0.712183
vt 0.875764 0.594893
vt 0.870031 0.585163
vt 0.898505 0.576037
vt 0.884744 0.710313
vt 0.888143 0.698558
vt 0.893808 0.623497
vt 0.892380 0.616286
vt 0.891762 0.671440
vt 0.889651 0.679097
vt 0.890968 0.688846
vt 0.893361 0.680167
vt 0.890451 0.608668
vt 0.887949 0.600221
vt 0.897091 0.622992
vt 0.895827 0.615583
vt 0.894793 0.630440
vt 0.895377 0.637200
vt 0.892050 0.599078
vt 0.894153 0.607703
vt 0.895217 0.672260
vt 0.886844 0.687533
vt 0.895275 0.650539
vt 0.894581 0.657295
vt 0.893408 0.664233
vt 0.895531 0.643868
vt 0.883378 0.697059
vt 0.896692 0.664833
vt 0.898487 0.637027
vt 0.897942 0.630114
vt 0.898626 0.643878
vt 0.897765 0.657692
vt 0.898388 0.650733
vt 0.926638 0.667547
vt 0.927003 0.659619
vt 0.926904 0.588021
vt 0.933901 0.588473
vt 0.926802 0.612799
vt 0.921050 0.578646
vt 0.927756 0.579802
vt 0.934491 0.580582
vt 0.926086 0.692235
vt 0.919459 0.683580
vt 0.926137 0.683840
vt 0.927323 0.644084
vt 0.927247 0.636372
vt 0.926903 0.620782
vt 0.926373 0.675617
vt 0.926388 0.700772
vt 0.927203 0.651807
vt 0.927192 0.709194
vt 0.927113 0.628621
vt 0.957262 0.628449
vt 0.911779 0.299571
vt 0.891555 0.218777
vt 0.909545 0.306325
vt 0.891741 0.332486
vt 0.890816 0.331103
vt 0.913038 0.263070
vt 0.887219 0.225351
vt 0.879074 0.708352
vt 0.862315 0.633670
vt 0.856781 0.643577
vt 0.856594 0.645530
vt 0.850349 0.633718
vt 0.854513 0.625245
vt 0.857817 0.627738
vt 0.852301 0.634779
vt 0.853914 0.636177
vt 0.848183 0.653534
vt 0.845688 0.653484
vt 0.855181 0.649164
vt 0.853938 0.650730
vt 0.852352 0.652044
vt 0.850451 0.623264
vt 0.856057 0.647404
vt 0.860354 0.630599
vt 0.855178 0.637828
vt 0.854159 0.661431
vt 0.850178 0.663225
vt 0.857523 0.659053
vt 0.850423 0.653014
vt 0.845495 0.633068
vt 0.848070 0.633103
vt 0.863527 0.650145
vt 0.862158 0.653330
vt 0.864645 0.643552
vt 0.845369 0.664179
vt 0.845690 0.622119
vt 0.864323 0.646874
vt 0.860154 0.656320
vt 0.918557 0.201973
vt 0.887219 0.324461
vt 0.906211 0.264274
vt 0.903893 0.304023
vt 0.905727 0.297754
vt 0.353477 0.706840
vt 0.354492 0.709786
vt 0.347520 0.710144
vt 0.346524 0.707848
vt 0.349332 0.690423
vt 0.349562 0.693517
vt 0.342873 0.692115
vt 0.342441 0.689730
vt 0.348872 0.672934
vt 0.348488 0.676208
vt 0.341777 0.673493
vt 0.341700 0.671016
vt 0.349582 0.653267
vt 0.349413 0.656732
vt 0.342192 0.654140
vt 0.342024 0.651654
vt 0.349424 0.634038
vt 0.349270 0.637427
vt 0.342174 0.634935
vt 0.342002 0.632490
vt 0.349176 0.615065
vt 0.349078 0.618367
vt 0.342169 0.616000
vt 0.342000 0.613657
vt 0.348106 0.596989
vt 0.348200 0.600092
vt 0.341610 0.598238
vt 0.341323 0.596063
vt 0.346143 0.580308
vt 0.346364 0.583212
vt 0.340075 0.581799
vt 0.339681 0.579745
vt 0.344026 0.564379
vt 0.344243 0.567203
vt 0.338109 0.565858
vt 0.337720 0.563847
vt 0.341862 0.548927
vt 0.342090 0.551550
vt 0.336415 0.550235
vt 0.336126 0.548315
vt 0.341197 0.535278
vt 0.340894 0.537792
vt 0.335746 0.535680
vt 0.335702 0.533780
vt 0.341721 0.520331
vt 0.341596 0.522931
vt 0.336192 0.520960
vt 0.336083 0.519104
vt 0.341712 0.506733
vt 0.341381 0.509022
vt 0.336561 0.506696
vt 0.336632 0.504713
vt 0.339275 0.710430
vt 0.340184 0.712810
vt 0.335143 0.716641
vt 0.334164 0.714063
vt 0.335070 0.690691
vt 0.335487 0.693081
vt 0.330152 0.695857
vt 0.329611 0.693270
vt 0.334374 0.670993
vt 0.334417 0.673342
vt 0.328901 0.675109
vt 0.328846 0.672577
vt 0.334720 0.652012
vt 0.334881 0.654325
vt 0.329639 0.656231
vt 0.329475 0.653862
vt 0.334826 0.632886
vt 0.335002 0.635173
vt 0.329849 0.637127
vt 0.329631 0.634740
vt 0.335220 0.613991
vt 0.335334 0.616192
vt 0.330228 0.617920
vt 0.330146 0.615578
vt 0.335013 0.596713
vt 0.335222 0.598743
vt 0.330568 0.600550
vt 0.330418 0.598430
vt 0.333632 0.580775
vt 0.333993 0.582683
vt 0.329824 0.584772
vt 0.329461 0.582827
vt 0.331791 0.564901
vt 0.332170 0.566781
vt 0.328098 0.568930
vt 0.327671 0.566974
vt 0.330341 0.549003
vt 0.330620 0.550892
vt 0.326393 0.552878
vt 0.326055 0.550866
vt 0.330091 0.533700
vt 0.330099 0.535503
vt 0.325835 0.536792
vt 0.325829 0.534845
vt 0.330664 0.519291
vt 0.330745 0.521028
vt 0.326742 0.522365
vt 0.326688 0.520568
vt 0.330450 0.504710
vt 0.330632 0.506651
vt 0.326519 0.508623
vt 0.326138 0.506764
vt 0.324382 0.720587
vt 0.323431 0.716699
vt 0.319394 0.698288
vt 0.318959 0.694384
vt 0.318145 0.675443
vt 0.318482 0.671598
vt 0.320634 0.656887
vt 0.320654 0.653717
vt 0.320061 0.638015
vt 0.320132 0.634572
vt 0.320214 0.618180
vt 0.320526 0.614649
vt 0.322236 0.601086
vt 0.322277 0.598128
vt 0.322496 0.586174
vt 0.322198 0.583572
vt 0.320089 0.570677
vt 0.319791 0.567821
vt 0.318009 0.554303
vt 0.317822 0.551317
vt 0.317538 0.536884
vt 0.317854 0.533926
vt 0.319740 0.522577
vt 0.319858 0.520105
vt 0.319962 0.510201
vt 0.319529 0.507966
vt 0.343699 0.723562
vt 0.350120 0.719945
vt 0.347312 0.733165
vt 0.358083 0.726460
vt 0.337001 0.702669
vt 0.342952 0.701268
vt 0.334305 0.682843
vt 0.340315 0.682593
vt 0.335141 0.664078
vt 0.341116 0.662722
vt 0.335189 0.645032
vt 0.341178 0.643447
vt 0.335280 0.625961
vt 0.341178 0.624392
vt 0.335691 0.607586
vt 0.341075 0.606070
vt 0.335107 0.590787
vt 0.340025 0.589084
vt 0.333327 0.574934
vt 0.338142 0.573018
vt 0.331473 0.559078
vt 0.336249 0.557232
vt 0.329888 0.542858
vt 0.334547 0.542703
vt 0.330755 0.528443
vt 0.335309 0.527465
vt 0.331079 0.514072
vt 0.335522 0.513036
vt 0.330496 0.501857
vt 0.330465 0.501217
vt 0.336753 0.500630
vt 0.336711 0.501213
vt 0.331305 0.727793
vt 0.337507 0.725303
vt 0.328804 0.737304
vt 0.339413 0.737446
vt 0.325493 0.706130
vt 0.331435 0.703844
vt 0.322603 0.684231
vt 0.328736 0.682992
vt 0.324085 0.663149
vt 0.329937 0.663584
vt 0.324238 0.645529
vt 0.329780 0.644547
vt 0.324141 0.626170
vt 0.329867 0.625370
vt 0.325525 0.606934
vt 0.330932 0.607280
vt 0.325952 0.591030
vt 0.330746 0.590846
vt 0.324319 0.576459
vt 0.328799 0.575080
vt 0.322222 0.560445
vt 0.326900 0.559154
vt 0.320835 0.543709
vt 0.325581 0.542881
vt 0.322295 0.527537
vt 0.326796 0.527984
vt 0.323035 0.514208
vt 0.327249 0.513997
vt 0.319886 0.504739
vt 0.319512 0.504329
vt 0.325503 0.502590
vt 0.325523 0.503097
vt 0.354820 0.717221
vt 0.364690 0.718662
vt 0.347543 0.700652
vt 0.344969 0.682948
vt 0.345875 0.663604
vt 0.345920 0.644174
vt 0.345844 0.625085
vt 0.345479 0.606554
vt 0.344145 0.589301
vt 0.342152 0.573136
vt 0.340146 0.557335
vt 0.338191 0.542968
vt 0.338919 0.528143
vt 0.338950 0.513620
vt 0.341393 0.502647
vt 0.341175 0.503062
vt 0.333979 0.486146
vt 0.334303 0.486670
vt 0.329303 0.488031
vt 0.329297 0.487423
vt 0.325221 0.488684
vt 0.325359 0.488000
vt 0.337763 0.484428
vt 0.338424 0.484883
vt 0.320037 0.486813
vt 0.320552 0.486223
vt 0.340396 0.749129
vt 0.335660 0.749129
vt 0.335660 0.743192
vt 0.340396 0.743192
vt 0.342236 0.489007
vt 0.335702 0.489873
vt 0.317393 0.501970
vt 0.325198 0.499933
vt 0.329391 0.491153
vt 0.324817 0.492640
vt 0.316679 0.491183
vt 0.330179 0.498001
vt 0.336997 0.497423
vt 0.342960 0.499903
vt 0.329587 0.493167
vt 0.336401 0.492129
vt 0.329886 0.495500
vt 0.336887 0.494739
vt 0.315551 0.494905
vt 0.324796 0.495081
vt 0.315919 0.498893
vt 0.324928 0.497614
vt 0.343831 0.492562
vt 0.344016 0.496627
vt 0.111793 0.923153
vt 0.114607 0.903526
vt 0.103116 0.941621
vt 0.088869 0.959367
vt 0.070132 0.975312
vt 0.048411 0.988137
vt 0.114607 0.858794
vt 0.111793 0.841716
vt 0.103116 0.827555
vt 0.088869 0.816030
vt 0.070132 0.807530
vt 0.048411 0.801963
vt 0.025512 0.798938
vt 0.015024 0.997877
vt 0.035390 0.992909
vt 0.336297 0.891508
vt 0.333581 0.872598
vt 0.325218 0.854805
vt 0.311487 0.837709
vt 0.293431 0.822349
vt 0.272499 0.809996
vt 0.333596 0.951064
vt 0.336305 0.934609
vt 0.325238 0.964710
vt 0.311514 0.975817
vt 0.293461 0.984011
vt 0.272533 0.989379
vt 0.250470 0.992298
vt 0.259953 0.805401
vt 0.240329 0.800617
vt 0.959570 0.469719
vt 0.956756 0.450093
vt 0.948079 0.431624
vt 0.933832 0.413878
vt 0.915095 0.397933
vt 0.893374 0.385109
vt 0.956756 0.531529
vt 0.959570 0.514451
vt 0.948079 0.545690
vt 0.933832 0.557215
vt 0.915095 0.565715
vt 0.893374 0.571282
vt 0.870475 0.574307
vt 0.880353 0.380337
vt 0.859987 0.375368
vt 0.222732 0.918780
vt 0.225448 0.899871
vt 0.214369 0.936574
vt 0.200639 0.953670
vt 0.182582 0.969029
vt 0.161650 0.981382
vt 0.225456 0.856770
vt 0.222747 0.840315
vt 0.214389 0.826669
vt 0.200665 0.815561
vt 0.182612 0.807368
vt 0.161684 0.802000
vt 0.139621 0.799081
vt 0.129480 0.990762
vt 0.149104 0.985978
s 1
g off
g LampDeskGreen.001_LampDeskGreen
usemtl LampDeskGreen
f 4/1/1 1/2/2 2/3/3
f 2/3/3 3/4/4 4/1/1
f 8/5/5 5/6/6 6/7/7
f 6/7/7 7/8/8 8/5/5
f 10/9/9 9/10/10 5/6/6
f 5/6/6 8/5/5 10/9/9
f 12/11/11 11/12/12 9/10/10
f 9/10/10 10/9/9 12/11/11
f 14/13/13 13/14/14 11/12/12
f 11/12/12 12/11/11 14/13/13
f 16/15/15 15/16/16 13/14/14
f 13/14/14 14/13/13 16/15/15
f 18/17/17 17/18/18 15/16/16
f 15/16/16 16/15/15 18/17/17
f 22/19/19 19/20/20 20/21/18
f 20/21/18 21/22/17 22/19/19
f 24/23/21 23/24/22 19/20/20
f 19/20/20 22/19/19 24/23/21
f 26/25/23 25/26/24 23/24/22
f 23/24/22 24/23/21 26/25/23
f 28/27/25 27/28/26 25/26/24
f 25/26/24 26/25/23 28/27/25
f 30/29/27 29/30/28 27/28/26
f 27/28/26 28/27/25 30/29/27
f 32/31/29 31/32/30 29/30/28
f 29/30/28 30/29/27 32/31/29
f 34/33/31 33/34/32 31/32/30
f 31/32/30 32/31/29 34/33/31
f 36/35/33 35/36/34 33/34/32
f 33/34/32 34/33/31 36/35/33
f 38/37/35 37/38/36 35/36/34
f 35/36/34 36/35/33 38/37/35
f 40/39/37 39/40/38 37/38/36
f 37/38/36 38/37/35 40/39/37
f 42/41/39 41/42/40 39/40/38
f 39/40/38 40/39/37 42/41/39
f 44/43/41 43/44/42 41/42/40
f 41/42/40 42/41/39 44/43/41
f 46/45/43 45/46/44 43/44/42
f 43/44/42 44/43/41 46/45/43
f 48/47/45 47/48/46 45/46/44
f 45/46/44 46/45/43 48/47/45
f 50/49/47 49/50/48 47/48/46
f 47/48/46 48/47/45 50/49/47
f 52/51/49 51/52/50 49/50/48
f 49/50/48 50/49/47 52/51/49
f 54/53/51 53/54/52 51/52/50
f 51/52/50 52/51/49 54/53/51
f 56/55/53 55/56/54 53/54/52
f 53/54/52 54/53/51 56/55/53
f 58/57/55 57/58/56 55/56/54
f 55/56/54 56/55/53 58/57/55
f 60/59/57 59/60/58 57/58/56
f 57/58/56 58/57/55 60/59/57
f 62/61/59 61/62/60 59/60/58
f 59/60/58 60/59/57 62/61/59
f 64/63/61 63/64/62 61/62/60
f 61/62/60 62/61/59 64/63/61
f 66/65/63 65/66/64 63/64/62
f 63/64/62 64/63/61 66/65/63
f 70/67/65 67/68/66 68/69/67
f 68/69/67 69/70/68 70/67/65
f 72/71/69 46/45/43 44/43/41
f 44/43/41 71/72/70 72/71/69
f 7/8/8 6/7/7 73/73/71
f 73/73/71 74/74/72 7/8/8
f 106/75/73 75/76/74 76/77/75
f 106/75/73 76/77/75 77/78/76
f 106/75/73 77/78/76 78/79/77
f 106/75/73 78/79/77 79/80/78
f 106/75/73 79/80/78 80/81/79
f 106/75/73 80/81/79 81/82/80
f 106/75/73 81/82/80 82/83/81
f 106/75/73 82/83/81 83/84/82
f 106/75/73 83/84/82 84/85/83
f 106/75/73 84/85/83 85/86/84
f 106/75/73 85/86/84 86/87/85
f 106/75/73 86/87/85 87/88/86
f 106/75/73 87/88/86 88/89/87
f 106/75/73 88/89/87 89/90/88
f 106/75/73 89/90/88 90/91/89
f 106/75/73 90/91/89 91/92/90
f 106/75/73 91/92/90 92/93/91
f 106/75/73 92/93/91 93/94/92
f 106/75/73 93/94/92 94/95/93
f 106/75/73 94/95/93 95/96/94
f 106/75/73 95/96/94 96/97/95
f 106/75/73 96/97/95 97/98/96
f 106/75/73 97/98/96 98/99/97
f 106/75/73 98/99/97 99/100/98
f 106/75/73 99/100/98 100/101/99
f 106/75/73 100/101/99 101/102/100
f 106/75/73 101/102/100 102/103/101
f 106/75/73 102/103/101 103/104/102
f 106/75/73 103/104/102 104/105/103
f 104/105/103 105/106/104 106/75/73
f 110/107/105 107/108/106 108/109/107
f 108/109/107 109/110/108 110/107/105
f 114/111/109 111/112/110 112/113/111
f 112/113/111 113/114/112 114/111/109
f 118/115/113 115/116/114 116/117/115
f 116/117/115 117/118/116 118/115/113
f 122/119/117 119/120/118 120/121/119
f 120/121/119 121/122/120 122/119/117
f 126/123/121 123/124/122 124/125/123
f 124/125/123 125/126/124 126/123/121
f 130/127/125 127/128/126 128/129/127
f 128/129/127 129/130/128 130/127/125
f 134/131/129 131/132/130 132/133/131
f 132/133/131 133/134/132 134/131/129
f 136/135/133 110/107/105 109/110/108
f 109/110/108 135/136/134 136/135/133
f 138/137/135 114/111/109 113/114/112
f 113/114/112 137/138/136 138/137/135
f 140/139/137 118/115/113 117/118/116
f 117/118/116 139/140/138 140/139/137
f 142/141/139 122/119/117 121/122/120
f 121/122/120 141/142/140 142/141/139
f 144/143/141 126/123/121 125/126/124
f 125/126/124 143/144/142 144/143/141
f 148/145/143 145/146/144 146/147/145
f 146/147/145 147/148/146 148/145/143
f 145/146/144 149/149/147 150/150/148
f 150/150/148 146/147/145 145/146/144
f 152/151/149 70/67/65 69/70/68
f 69/70/68 151/152/150 152/151/149
f 156/153/151 153/154/152 154/155/153
f 154/155/153 155/156/154 156/153/151
f 127/128/126 138/137/135 137/138/136
f 137/138/136 128/129/127 127/128/126
f 160/157/155 157/158/156 158/159/157
f 158/159/157 159/160/158 160/157/155
f 162/161/159 142/141/139 141/142/140
f 141/142/140 161/162/160 162/161/159
f 164/163/161 144/143/141 143/144/142
f 143/144/142 163/164/162 164/163/161
f 166/165/163 148/145/143 147/148/146
f 147/148/146 165/166/164 166/165/163
f 119/120/118 167/167/165 168/168/166
f 168/168/166 120/121/119 119/120/118
f 172/169/167 169/170/168 170/171/169
f 170/171/169 171/172/170 172/169/167
f 176/173/171 173/174/172 174/175/173
f 174/175/173 175/176/174 176/173/171
f 180/177/175 177/178/176 178/179/177
f 178/179/177 179/180/67 180/177/175
f 107/108/106 162/161/159 161/162/160
f 161/162/160 108/109/107 107/108/106
f 111/112/110 164/163/161 163/164/162
f 163/164/162 112/113/111 111/112/110
f 182/181/178 166/165/163 165/166/164
f 165/166/164 181/182/179 182/181/178
f 186/183/180 183/184/181 184/185/182
f 184/185/182 185/186/183 186/183/180
f 123/124/122 156/153/151 155/156/154
f 155/156/154 124/125/123 123/124/122
f 149/149/147 187/187/184 188/188/185
f 188/188/185 150/150/148 149/149/147
f 190/189/186 3/4/4 2/3/3
f 2/3/3 189/190/187 190/189/186
f 192/191/188 190/189/186 189/190/187
f 189/190/187 191/192/189 192/191/188
f 194/193/190 192/191/188 191/192/189
f 191/192/189 193/194/191 194/193/190
f 196/195/192 194/193/190 193/194/191
f 193/194/191 195/196/193 196/195/192
f 198/197/194 197/198/195 3/4/4
f 3/4/4 190/189/186 198/197/194
f 199/199/196 198/197/194 190/189/186
f 190/189/186 192/191/188 199/199/196
f 200/200/197 199/199/196 192/191/188
f 192/191/188 194/193/190 200/200/197
f 201/201/198 200/200/197 194/193/190
f 194/193/190 196/195/192 201/201/198
f 203/202/199 202/203/200 197/198/195
f 197/198/195 198/197/194 203/202/199
f 204/204/201 203/202/199 198/197/194
f 198/197/194 199/199/196 204/204/201
f 205/205/202 204/204/201 199/199/196
f 199/199/196 200/200/197 205/205/202
f 206/206/203 205/205/202 200/200/197
f 200/200/197 201/201/198 206/206/203
f 208/207/204 207/208/205 202/203/200
f 202/203/200 203/202/199 208/207/204
f 209/209/206 208/207/204 203/202/199
f 203/202/199 204/204/201 209/209/206
f 210/210/207 209/209/206 204/204/201
f 204/204/201 205/205/202 210/210/207
f 211/211/208 210/210/207 205/205/202
f 205/205/202 206/206/203 211/211/208
f 212/212/209 158/159/157 207/208/205
f 207/208/205 208/207/204 212/212/209
f 213/213/210 212/212/209 208/207/204
f 208/207/204 209/209/206 213/213/210
f 214/214/211 213/213/210 209/209/206
f 209/209/206 210/210/207 214/214/211
f 215/215/212 214/214/211 210/210/207
f 210/210/207 211/211/208 215/215/212
f 216/216/213 159/160/158 158/159/157
f 158/159/157 212/212/209 216/216/213
f 217/217/214 216/216/213 212/212/209
f 212/212/209 213/213/210 217/217/214
f 218/218/215 217/217/214 213/213/210
f 213/213/210 214/214/211 218/218/215
f 219/219/216 218/218/215 214/214/211
f 214/214/211 215/215/212 219/219/216
f 221/220/217 220/221/218 159/160/158
f 159/160/158 216/216/213 221/220/217
f 222/222/219 221/220/217 216/216/213
f 216/216/213 217/217/214 222/222/219
f 223/223/220 222/222/219 217/217/214
f 217/217/214 218/218/215 223/223/220
f 224/224/221 223/223/220 218/218/215
f 218/218/215 219/219/216 224/224/221
f 226/225/222 225/226/131 220/221/218
f 220/221/218 221/220/217 226/225/222
f 227/227/223 226/225/222 221/220/217
f 221/220/217 222/222/219 227/227/223
f 228/228/224 227/227/223 222/222/219
f 222/222/219 223/223/220 228/228/224
f 229/229/225 228/228/224 223/223/220
f 223/223/220 224/224/221 229/229/225
f 231/230/226 133/134/132 132/133/131
f 132/133/131 230/231/222 231/230/226
f 233/232/227 231/230/226 230/231/222
f 230/231/222 232/233/223 233/232/227
f 235/234/228 233/232/227 232/233/223
f 232/233/223 234/235/224 235/234/228
f 237/236/229 235/234/228 234/235/224
f 234/235/224 236/237/225 237/236/229
f 239/238/230 238/239/231 133/134/132
f 133/134/132 231/230/226 239/238/230
f 240/240/232 239/238/230 231/230/226
f 231/230/226 233/232/227 240/240/232
f 241/241/233 240/240/232 233/232/227
f 233/232/227 235/234/228 241/241/233
f 242/242/234 241/241/233 235/234/228
f 235/234/228 237/236/229 242/242/234
f 243/243/235 184/185/182 238/239/231
f 238/239/231 239/238/230 243/243/235
f 244/244/236 243/243/235 239/238/230
f 239/238/230 240/240/232 244/244/236
f 245/245/237 244/244/236 240/240/232
f 240/240/232 241/241/233 245/245/237
f 246/246/238 245/245/237 241/241/233
f 241/241/233 242/242/234 246/246/238
f 247/247/239 185/186/183 184/185/182
f 184/185/182 243/243/235 247/247/239
f 248/248/240 247/247/239 243/243/235
f 243/243/235 244/244/236 248/248/240
f 249/249/241 248/248/240 244/244/236
f 244/244/236 245/245/237 249/249/241
f 250/250/242 249/249/241 245/245/237
f 245/245/237 246/246/238 250/250/242
f 252/251/243 251/252/244 185/186/183
f 185/186/183 247/247/239 252/251/243
f 253/253/245 252/251/243 247/247/239
f 247/247/239 248/248/240 253/253/245
f 254/254/246 253/253/245 248/248/240
f 248/248/240 249/249/241 254/254/246
f 255/255/247 254/254/246 249/249/241
f 249/249/241 250/250/242 255/255/247
f 257/256/248 256/257/249 251/252/244
f 251/252/244 252/251/243 257/256/248
f 258/258/250 257/256/248 252/251/243
f 252/251/243 253/253/245 258/258/250
f 259/259/251 258/258/250 253/253/245
f 253/253/245 254/254/246 259/259/251
f 260/260/252 259/259/251 254/254/246
f 254/254/246 255/255/247 260/260/252
f 262/261/253 261/262/254 256/257/249
f 256/257/249 257/256/248 262/261/253
f 263/263/255 262/261/253 257/256/248
f 257/256/248 258/258/250 263/263/255
f 264/264/256 263/263/255 258/258/250
f 258/258/250 259/259/251 264/264/256
f 265/265/257 264/264/256 259/259/251
f 259/259/251 260/260/252 265/265/257
f 267/266/258 266/267/259 261/262/254
f 261/262/254 262/261/253 267/266/258
f 268/268/260 267/266/258 262/261/253
f 262/261/253 263/263/255 268/268/260
f 269/269/261 268/268/260 263/263/255
f 263/263/255 264/264/256 269/269/261
f 270/270/262 269/269/261 264/264/256
f 264/264/256 265/265/257 270/270/262
f 272/271/263 271/272/264 266/267/259
f 266/267/259 267/266/258 272/271/263
f 273/273/265 272/271/263 267/266/258
f 267/266/258 268/268/260 273/273/265
f 274/274/266 273/273/265 268/268/260
f 268/268/260 269/269/261 274/274/266
f 275/275/267 274/274/266 269/269/261
f 269/269/261 270/270/262 275/275/267
f 277/276/268 276/277/269 271/272/264
f 271/272/264 272/271/263 277/276/268
f 278/278/270 277/276/268 272/271/263
f 272/271/263 273/273/265 278/278/270
f 279/279/271 278/278/270 273/273/265
f 273/273/265 274/274/266 279/279/271
f 280/280/272 279/279/271 274/274/266
f 274/274/266 275/275/267 280/280/272
f 281/281/273 170/171/169 276/277/269
f 276/277/269 277/276/268 281/281/273
f 282/282/274 281/281/273 277/276/268
f 277/276/268 278/278/270 282/282/274
f 283/283/275 282/282/274 278/278/270
f 278/278/270 279/279/271 283/283/275
f 284/284/276 283/283/275 279/279/271
f 279/279/271 280/280/272 284/284/276
f 285/285/277 171/172/170 170/171/169
f 170/171/169 281/281/273 285/285/277
f 286/286/278 285/285/277 281/281/273
f 281/281/273 282/282/274 286/286/278
f 287/287/279 286/286/278 282/282/274
f 282/282/274 283/283/275 287/287/279
f 288/288/280 287/287/279 283/283/275
f 283/283/275 284/284/276 288/288/280
f 290/289/281 289/290/282 171/172/170
f 171/172/170 285/285/277 290/289/281
f 291/291/283 290/289/281 285/285/277
f 285/285/277 286/286/278 291/291/283
f 292/292/284 291/291/283 286/286/278
f 286/286/278 287/287/279 292/292/284
f 293/293/285 292/292/284 287/287/279
f 287/287/279 288/288/280 293/293/285
f 295/294/286 294/295/287 289/290/282
f 289/290/282 290/289/281 295/294/286
f 296/296/288 295/294/286 290/289/281
f 290/289/281 291/291/283 296/296/288
f 297/297/289 296/296/288 291/291/283
f 291/291/283 292/292/284 297/297/289
f 298/298/290 297/297/289 292/292/284
f 292/292/284 293/293/285 298/298/290
f 300/299/291 299/300/292 294/295/287
f 294/295/287 295/294/286 300/299/291
f 301/301/293 300/299/291 295/294/286
f 295/294/286 296/296/288 301/301/293
f 302/302/294 301/301/293 296/296/288
f 296/296/288 297/297/289 302/302/294
f 303/303/295 302/302/294 297/297/289
f 297/297/289 298/298/290 303/303/295
f 305/304/296 304/305/297 299/300/292
f 299/300/292 300/299/291 305/304/296
f 306/306/298 305/304/296 300/299/291
f 300/299/291 301/301/293 306/306/298
f 307/307/299 306/306/298 301/301/293
f 301/301/293 302/302/294 307/307/299
f 308/308/300 307/307/299 302/302/294
f 302/302/294 303/303/295 308/308/300
f 310/309/301 309/310/302 304/305/297
f 304/305/297 305/304/296 310/309/301
f 311/311/303 310/309/301 305/304/296
f 305/304/296 306/306/298 311/311/303
f 312/312/304 311/311/303 306/306/298
f 306/306/298 307/307/299 312/312/304
f 313/313/305 312/312/304 307/307/299
f 307/307/299 308/308/300 313/313/305
f 315/314/306 314/315/307 309/310/302
f 309/310/302 310/309/301 315/314/306
f 316/316/308 315/314/306 310/309/301
f 310/309/301 311/311/303 316/316/308
f 317/317/309 316/316/308 311/311/303
f 311/311/303 312/312/304 317/317/309
f 318/318/310 317/317/309 312/312/304
f 312/312/304 313/313/305 318/318/310
f 320/319/311 319/320/312 314/315/307
f 314/315/307 315/314/306 320/319/311
f 321/321/313 320/319/311 315/314/306
f 315/314/306 316/316/308 321/321/313
f 322/322/314 321/321/313 316/316/308
f 316/316/308 317/317/309 322/322/314
f 323/323/315 322/322/314 317/317/309
f 317/317/309 318/318/310 323/323/315
f 325/324/316 324/325/317 319/320/312
f 319/320/312 320/319/311 325/324/316
f 326/326/318 325/324/316 320/319/311
f 320/319/311 321/321/313 326/326/318
f 327/327/319 326/326/318 321/321/313
f 321/321/313 322/322/314 327/327/319
f 328/328/320 327/327/319 322/322/314
f 322/322/314 323/323/315 328/328/320
f 330/329/321 329/330/322 324/325/317
f 324/325/317 325/324/316 330/329/321
f 331/331/323 330/329/321 325/324/316
f 325/324/316 326/326/318 331/331/323
f 332/332/324 331/331/323 326/326/318
f 326/326/318 327/327/319 332/332/324
f 333/333/325 332/332/324 327/327/319
f 327/327/319 328/328/320 333/333/325
f 334/334/326 174/175/173 329/330/322
f 329/330/322 330/329/321 334/334/326
f 335/335/327 334/334/326 330/329/321
f 330/329/321 331/331/323 335/335/327
f 336/336/328 335/335/327 331/331/323
f 331/331/323 332/332/324 336/336/328
f 337/337/329 336/336/328 332/332/324
f 332/332/324 333/333/325 337/337/329
f 338/338/330 175/176/174 174/175/173
f 174/175/173 334/334/326 338/338/330
f 339/339/331 338/338/330 334/334/326
f 334/334/326 335/335/327 339/339/331
f 340/340/332 339/339/331 335/335/327
f 335/335/327 336/336/328 340/340/332
f 341/341/333 340/340/332 336/336/328
f 336/336/328 337/337/329 341/341/333
f 189/190/187 2/3/3 175/176/174
f 175/176/174 338/338/330 189/190/187
f 191/192/189 189/190/187 338/338/330
f 338/338/330 339/339/331 191/192/189
f 193/194/191 191/192/189 339/339/331
f 339/339/331 340/340/332 193/194/191
f 195/196/193 193/194/191 340/340/332
f 340/340/332 341/341/333 195/196/193
f 343/342/334 342/343/335 65/66/64
f 65/66/64 66/65/63 343/342/334
f 345/344/336 344/345/337 289/290/282
f 289/290/282 294/295/287 345/344/336
f 346/346/338 186/183/180 185/186/183
f 185/186/183 251/252/244 346/346/338
f 348/347/339 347/348/340 202/203/200
f 202/203/200 207/208/205 348/347/339
f 350/349/341 349/350/342 309/310/302
f 309/310/302 314/315/307 350/349/341
f 352/351/343 351/352/344 266/267/259
f 266/267/259 271/272/264 352/351/343
f 177/178/176 140/139/137 139/140/138
f 139/140/138 178/179/177 177/178/176
f 173/174/172 353/353/345 329/330/322
f 329/330/322 174/175/173 173/174/172
f 344/345/337 172/169/167 171/172/170
f 171/172/170 289/290/282 344/345/337
f 167/167/165 152/151/149 151/152/150
f 151/152/150 168/168/166 167/167/165
f 347/348/340 354/354/346 197/198/195
f 197/198/195 202/203/200 347/348/340
f 349/350/342 355/355/347 304/305/297
f 304/305/297 309/310/302 349/350/342
f 351/352/344 356/356/348 261/262/254
f 261/262/254 266/267/259 351/352/344
f 357/357/349 160/157/155 159/160/158
f 159/160/158 220/221/218 357/357/349
f 353/353/345 358/358/350 324/325/317
f 324/325/317 329/330/322 353/353/345
f 153/154/152 136/135/133 135/136/134
f 135/136/134 154/155/153 153/154/152
f 183/184/181 359/359/351 238/239/231
f 238/239/231 184/185/182 183/184/181
f 354/354/346 4/1/1 3/4/4
f 3/4/4 197/198/195 354/354/346
f 355/355/347 360/360/352 299/300/292
f 299/300/292 304/305/297 355/355/347
f 356/356/348 361/361/353 256/257/249
f 256/257/249 261/262/254 356/356/348
f 157/158/156 348/347/339 207/208/205
f 207/208/205 158/159/157 157/158/156
f 358/358/350 362/362/354 319/320/312
f 319/320/312 324/325/317 358/358/350
f 169/170/168 363/363/355 276/277/269
f 276/277/269 170/171/169 169/170/168
f 359/359/351 134/131/129 133/134/132
f 133/134/132 238/239/231 359/359/351
f 360/360/352 345/344/336 294/295/287
f 294/295/287 299/300/292 360/360/352
f 361/361/353 346/346/338 251/252/244
f 251/252/244 256/257/249 361/361/353
f 115/116/114 182/181/178 181/182/179
f 181/182/179 116/117/115 115/116/114
f 362/362/354 350/349/341 314/315/307
f 314/315/307 319/320/312 362/362/354
f 363/363/355 352/351/343 271/272/264
f 271/272/264 276/277/269 363/363/355
f 364/364/130 357/357/349 220/221/218
f 220/221/218 225/226/131 364/364/130
f 1/2/2 176/173/171 175/176/174
f 175/176/174 2/3/3 1/2/2
f 366/365/356 176/173/171 1/2/2
f 1/2/2 365/366/357 366/365/356
f 150/150/148 366/365/356 365/366/357
f 365/366/357 146/147/145 150/150/148
f 368/367/358 352/351/343 363/363/355
f 363/363/355 367/368/359 368/367/358
f 109/110/108 368/367/358 367/368/359
f 367/368/359 135/136/134 109/110/108
f 370/369/360 350/349/341 362/362/354
f 362/362/354 369/370/361 370/369/360
f 113/114/112 370/369/360 369/370/361
f 369/370/361 137/138/136 113/114/112
f 372/371/362 346/346/338 361/361/353
f 361/361/353 371/372/363 372/371/362
f 121/122/120 372/371/362 371/372/363
f 371/372/363 141/142/140 121/122/120
f 374/373/364 345/344/336 360/360/352
f 360/360/352 373/374/365 374/373/364
f 125/126/124 374/373/364 373/374/365
f 373/374/365 143/144/142 125/126/124
f 367/368/359 363/363/355 169/170/168
f 169/170/168 375/375/366 367/368/359
f 135/136/134 367/368/359 375/375/366
f 375/375/366 154/155/153 135/136/134
f 369/370/361 362/362/354 358/358/350
f 358/358/350 376/376/367 369/370/361
f 137/138/136 369/370/361 376/376/367
f 376/376/367 128/129/127 137/138/136
f 371/372/363 361/361/353 356/356/348
f 356/356/348 377/377/368 371/372/363
f 141/142/140 371/372/363 377/377/368
f 377/377/368 161/162/160 141/142/140
f 373/374/365 360/360/352 355/355/347
f 355/355/347 378/378/369 373/374/365
f 143/144/142 373/374/365 378/378/369
f 378/378/369 163/164/162 143/144/142
f 380/379/370 4/1/1 354/354/346
f 354/354/346 379/380/371 380/379/370
f 147/148/146 380/379/370 379/380/371
f 379/380/371 165/166/164 147/148/146
f 382/381/372 359/359/351 183/184/181
f 183/184/181 381/382/373 382/381/372
f 151/152/150 382/381/372 381/382/373
f 381/382/373 168/168/166 151/152/150
f 376/376/367 358/358/350 353/353/345
f 353/353/345 383/383/374 376/376/367
f 128/129/127 376/376/367 383/383/374
f 383/383/374 129/130/128 128/129/127
f 385/384/375 160/157/155 357/357/349
f 357/357/349 384/385/376 385/384/375
f 139/140/138 385/384/375 384/385/376
f 384/385/376 178/179/177 139/140/138
f 378/378/369 355/355/347 349/350/342
f 349/350/342 386/386/377 378/378/369
f 163/164/162 378/378/369 386/386/377
f 386/386/377 112/113/111 163/164/162
f 379/380/371 354/354/346 347/348/340
f 347/348/340 387/387/378 379/380/371
f 165/166/164 379/380/371 387/387/378
f 387/387/378 181/182/179 165/166/164
f 389/388/379 172/169/167 344/345/337
f 344/345/337 388/389/380 389/388/379
f 155/156/154 389/388/379 388/389/380
f 388/389/380 124/125/123 155/156/154
f 383/383/374 353/353/345 173/174/172
f 173/174/172 390/390/381 383/383/374
f 129/130/128 383/383/374 390/390/381
f 390/390/381 188/188/185 129/130/128
f 391/391/382 351/352/344 352/351/343
f 352/351/343 368/367/358 391/391/382
f 108/109/107 391/391/382 368/367/358
f 368/367/358 109/110/108 108/109/107
f 386/386/377 349/350/342 350/349/341
f 350/349/341 370/369/360 386/386/377
f 112/113/111 386/386/377 370/369/360
f 370/369/360 113/114/112 112/113/111
f 392/392/383 186/183/180 346/346/338
f 346/346/338 372/371/362 392/392/383
f 120/121/119 392/392/383 372/371/362
f 372/371/362 121/122/120 120/121/119
f 388/389/380 344/345/337 345/344/336
f 345/344/336 374/373/364 388/389/380
f 124/125/123 388/389/380 374/373/364
f 374/373/364 125/126/124 124/125/123
f 381/382/373 183/184/181 186/183/180
f 186/183/180 392/392/383 381/382/373
f 168/168/166 381/382/373 392/392/383
f 392/392/383 120/121/119 168/168/166
f 377/377/368 356/356/348 351/352/344
f 351/352/344 391/391/382 377/377/368
f 161/162/160 377/377/368 391/391/382
f 391/391/382 108/109/107 161/162/160
f 393/393/384 157/158/156 160/157/155
f 160/157/155 385/384/375 393/393/384
f 117/118/116 393/393/384 385/384/375
f 385/384/375 139/140/138 117/118/116
f 394/394/385 134/131/129 359/359/351
f 359/359/351 382/381/372 394/394/385
f 69/70/68 394/394/385 382/381/372
f 382/381/372 151/152/150 69/70/68
f 384/385/376 357/357/349 364/364/130
f 364/364/130 395/395/386 384/385/376
f 178/179/177 384/385/376 395/395/386
f 395/395/386 179/180/67 178/179/177
f 365/366/357 1/2/2 4/1/1
f 4/1/1 380/379/370 365/366/357
f 146/147/145 365/366/357 380/379/370
f 380/379/370 147/148/146 146/147/145
f 396/396/386 131/132/130 134/131/129
f 134/131/129 394/394/385 396/396/386
f 68/69/67 396/396/386 394/394/385
f 394/394/385 69/70/68 68/69/67
f 387/387/378 347/348/340 348/347/339
f 348/347/339 397/397/387 387/387/378
f 181/182/179 387/387/378 397/397/387
f 397/397/387 116/117/115 181/182/179
f 375/375/366 169/170/168 172/169/167
f 172/169/167 389/388/379 375/375/366
f 154/155/153 375/375/366 389/388/379
f 389/388/379 155/156/154 154/155/153
f 397/397/387 348/347/339 157/158/156
f 157/158/156 393/393/384 397/397/387
f 116/117/115 397/397/387 393/393/384
f 393/393/384 117/118/116 116/117/115
f 390/390/381 173/174/172 176/173/171
f 176/173/171 366/365/356 390/390/381
f 188/188/185 390/390/381 366/365/356
f 366/365/356 150/150/148 188/188/185
f 187/187/184 130/127/125 129/130/128
f 129/130/128 188/188/185 187/187/184
f 399/398/388 293/293/285 288/288/280
f 288/288/280 398/399/389 399/398/388
f 401/400/390 229/229/225 224/224/221
f 224/224/221 400/401/391 401/400/390
f 402/402/392 298/298/290 293/293/285
f 293/293/285 399/398/388 402/402/392
f 404/403/393 237/236/229 236/237/225
f 236/237/225 403/404/390 404/403/393
f 405/405/394 303/303/295 298/298/290
f 298/298/290 402/402/392 405/405/394
f 406/406/395 242/242/234 237/236/229
f 237/236/229 404/403/393 406/406/395
f 407/407/396 308/308/300 303/303/295
f 303/303/295 405/405/394 407/407/396
f 408/408/397 246/246/238 242/242/234
f 242/242/234 406/406/395 408/408/397
f 409/409/398 313/313/305 308/308/300
f 308/308/300 407/407/396 409/409/398
f 410/410/399 250/250/242 246/246/238
f 246/246/238 408/408/397 410/410/399
f 411/411/400 318/318/310 313/313/305
f 313/313/305 409/409/398 411/411/400
f 412/412/401 255/255/247 250/250/242
f 250/250/242 410/410/399 412/412/401
f 413/413/402 323/323/315 318/318/310
f 318/318/310 411/411/400 413/413/402
f 414/414/403 260/260/252 255/255/247
f 255/255/247 412/412/401 414/414/403
f 416/415/404 196/195/192 195/196/193
f 195/196/193 415/416/405 416/415/404
f 417/417/406 328/328/320 323/323/315
f 323/323/315 413/413/402 417/417/406
f 418/418/407 265/265/257 260/260/252
f 260/260/252 414/414/403 418/418/407
f 419/419/408 201/201/198 196/195/192
f 196/195/192 416/415/404 419/419/408
f 420/420/409 333/333/325 328/328/320
f 328/328/320 417/417/406 420/420/409
f 421/421/410 270/270/262 265/265/257
f 265/265/257 418/418/407 421/421/410
f 422/422/411 206/206/203 201/201/198
f 201/201/198 419/419/408 422/422/411
f 423/423/412 337/337/329 333/333/325
f 333/333/325 420/420/409 423/423/412
f 424/424/413 275/275/267 270/270/262
f 270/270/262 421/421/410 424/424/413
f 425/425/414 211/211/208 206/206/203
f 206/206/203 422/422/411 425/425/414
f 426/426/415 341/341/333 337/337/329
f 337/337/329 423/423/412 426/426/415
f 427/427/416 280/280/272 275/275/267
f 275/275/267 424/424/413 427/427/416
f 428/428/417 215/215/212 211/211/208
f 211/211/208 425/425/414 428/428/417
f 415/416/405 195/196/193 341/341/333
f 341/341/333 426/426/415 415/416/405
f 429/429/418 284/284/276 280/280/272
f 280/280/272 427/427/416 429/429/418
f 430/430/419 219/219/216 215/215/212
f 215/215/212 428/428/417 430/430/419
f 398/399/389 288/288/280 284/284/276
f 284/284/276 429/429/418 398/399/389
f 400/401/391 224/224/221 219/219/216
f 219/219/216 430/430/419 400/401/391
f 432/431/420 416/415/404 415/416/405
f 415/416/405 431/432/421 432/431/420
f 73/73/71 432/431/420 431/432/421
f 431/432/421 342/343/335 73/73/71
f 433/433/422 419/419/408 416/415/404
f 416/415/404 432/431/420 433/433/422
f 6/7/7 433/433/422 432/431/420
f 432/431/420 73/73/71 6/7/7
f 434/434/423 422/422/411 419/419/408
f 419/419/408 433/433/422 434/434/423
f 5/6/6 434/434/423 433/433/422
f 433/433/422 6/7/7 5/6/6
f 435/435/424 425/425/414 422/422/411
f 422/422/411 434/434/423 435/435/424
f 9/10/10 435/435/424 434/434/423
f 434/434/423 5/6/6 9/10/10
f 436/436/425 428/428/417 425/425/414
f 425/425/414 435/435/424 436/436/425
f 11/12/12 436/436/425 435/435/424
f 435/435/424 9/10/10 11/12/12
f 437/437/426 430/430/419 428/428/417
f 428/428/417 436/436/425 437/437/426
f 13/14/14 437/437/426 436/436/425
f 436/436/425 11/12/12 13/14/14
f 438/438/427 400/401/391 430/430/419
f 430/430/419 437/437/426 438/438/427
f 15/16/16 438/438/427 437/437/426
f 437/437/426 13/14/14 15/16/16
f 439/439/428 401/400/390 400/401/391
f 400/401/391 438/438/427 439/439/428
f 17/18/18 439/439/428 438/438/427
f 438/438/427 15/16/16 17/18/18
f 441/440/429 404/403/393 403/404/390
f 403/404/390 440/441/428 441/440/429
f 19/20/20 441/440/429 440/441/428
f 440/441/428 20/21/18 19/20/20
f 442/442/430 406/406/395 404/403/393
f 404/403/393 441/440/429 442/442/430
f 23/24/22 442/442/430 441/440/429
f 441/440/429 19/20/20 23/24/22
f 443/443/431 408/408/397 406/406/395
f 406/406/395 442/442/430 443/443/431
f 25/26/24 443/443/431 442/442/430
f 442/442/430 23/24/22 25/26/24
f 444/444/432 410/410/399 408/408/397
f 408/408/397 443/443/431 444/444/432
f 27/28/26 444/444/432 443/443/431
f 443/443/431 25/26/24 27/28/26
f 445/445/433 412/412/401 410/410/399
f 410/410/399 444/444/432 445/445/433
f 29/30/28 445/445/433 444/444/432
f 444/444/432 27/28/26 29/30/28
f 446/446/434 414/414/403 412/412/401
f 412/412/401 445/445/433 446/446/434
f 31/32/30 446/446/434 445/445/433
f 445/445/433 29/30/28 31/32/30
f 447/447/435 418/418/407 414/414/403
f 414/414/403 446/446/434 447/447/435
f 33/34/32 447/447/435 446/446/434
f 446/446/434 31/32/30 33/34/32
f 448/448/436 421/421/410 418/418/407
f 418/418/407 447/447/435 448/448/436
f 35/36/34 448/448/436 447/447/435
f 447/447/435 33/34/32 35/36/34
f 449/449/437 424/424/413 421/421/410
f 421/421/410 448/448/436 449/449/437
f 37/38/36 449/449/437 448/448/436
f 448/448/436 35/36/34 37/38/36
f 450/450/438 427/427/416 424/424/413
f 424/424/413 449/449/437 450/450/438
f 39/40/38 450/450/438 449/449/437
f 449/449/437 37/38/36 39/40/38
f 451/451/439 429/429/418 427/427/416
f 427/427/416 450/450/438 451/451/439
f 41/42/40 451/451/439 450/450/438
f 450/450/438 39/40/38 41/42/40
f 452/452/440 398/399/389 429/429/418
f 429/429/418 451/451/439 452/452/440
f 43/44/42 452/452/440 451/451/439
f 451/451/439 41/42/40 43/44/42
f 453/453/441 399/398/388 398/399/389
f 398/399/389 452/452/440 453/453/441
f 45/46/44 453/453/441 452/452/440
f 452/452/440 43/44/42 45/46/44
f 454/454/442 402/402/392 399/398/388
f 399/398/388 453/453/441 454/454/442
f 47/48/46 454/454/442 453/453/441
f 453/453/441 45/46/44 47/48/46
f 455/455/443 405/405/394 402/402/392
f 402/402/392 454/454/442 455/455/443
f 49/50/48 455/455/443 454/454/442
f 454/454/442 47/48/46 49/50/48
f 456/456/444 407/407/396 405/405/394
f 405/405/394 455/455/443 456/456/444
f 51/52/50 456/456/444 455/455/443
f 455/455/443 49/50/48 51/52/50
f 457/457/445 409/409/398 407/407/396
f 407/407/396 456/456/444 457/457/445
f 53/54/52 457/457/445 456/456/444
f 456/456/444 51/52/50 53/54/52
f 458/458/446 411/411/400 409/409/398
f 409/409/398 457/457/445 458/458/446
f 55/56/54 458/458/446 457/457/445
f 457/457/445 53/54/52 55/56/54
f 459/459/447 413/413/402 411/411/400
f 411/411/400 458/458/446 459/459/447
f 57/58/56 459/459/447 458/458/446
f 458/458/446 55/56/54 57/58/56
f 460/460/448 417/417/406 413/413/402
f 413/413/402 459/459/447 460/460/448
f 59/60/58 460/460/448 459/459/447
f 459/459/447 57/58/56 59/60/58
f 461/461/449 420/420/409 417/417/406
f 417/417/406 460/460/448 461/461/449
f 61/62/60 461/461/449 460/460/448
f 460/460/448 59/60/58 61/62/60
f 462/462/450 423/423/412 420/420/409
f 420/420/409 461/461/449 462/462/450
f 63/64/62 462/462/450 461/461/449
f 461/461/449 61/62/60 63/64/62
f 463/463/451 426/426/415 423/423/412
f 423/423/412 462/462/450 463/463/451
f 65/66/64 463/463/451 462/462/450
f 462/462/450 63/64/62 65/66/64
f 431/432/421 415/416/405 426/426/415
f 426/426/415 463/463/451 431/432/421
f 342/343/335 431/432/421 463/463/451
f 463/463/451 65/66/64 342/343/335
f 74/74/72 73/73/71 342/343/335
f 342/343/335 343/342/334 74/74/72
f 465/464/452 18/17/17 16/15/15
f 16/15/15 464/465/453 465/464/452
f 466/466/454 48/47/45 46/45/43
f 46/45/43 72/71/69 466/466/454
f 468/467/455 22/19/19 21/22/17
f 21/22/17 467/468/452 468/467/455
f 469/469/456 50/49/47 48/47/45
f 48/47/45 466/466/454 469/469/456
f 470/470/457 24/23/21 22/19/19
f 22/19/19 468/467/455 470/470/457
f 471/471/458 52/51/49 50/49/47
f 50/49/47 469/469/456 471/471/458
f 472/472/459 26/25/23 24/23/21
f 24/23/21 470/470/457 472/472/459
f 473/473/460 54/53/51 52/51/49
f 52/51/49 471/471/458 473/473/460
f 474/474/461 28/27/25 26/25/23
f 26/25/23 472/472/459 474/474/461
f 475/475/462 56/55/53 54/53/51
f 54/53/51 473/473/460 475/475/462
f 476/476/463 30/29/27 28/27/25
f 28/27/25 474/474/461 476/476/463
f 477/477/464 58/57/55 56/55/53
f 56/55/53 475/475/462 477/477/464
f 478/478/465 32/31/29 30/29/27
f 30/29/27 476/476/463 478/478/465
f 480/479/466 74/74/72 343/342/334
f 343/342/334 479/480/467 480/479/466
f 481/481/468 60/59/57 58/57/55
f 58/57/55 477/477/464 481/481/468
f 482/482/469 34/33/31 32/31/29
f 32/31/29 478/478/465 482/482/469
f 483/483/470 7/8/8 74/74/72
f 74/74/72 480/479/466 483/483/470
f 484/484/471 62/61/59 60/59/57
f 60/59/57 481/481/468 484/484/471
f 485/485/472 36/35/33 34/33/31
f 34/33/31 482/482/469 485/485/472
f 486/486/473 8/5/5 7/8/8
f 7/8/8 483/483/470 486/486/473
f 487/487/474 64/63/61 62/61/59
f 62/61/59 484/484/471 487/487/474
f 488/488/475 38/37/35 36/35/33
f 36/35/33 485/485/472 488/488/475
f 489/489/476 10/9/9 8/5/5
f 8/5/5 486/486/473 489/489/476
f 490/490/477 66/65/63 64/63/61
f 64/63/61 487/487/474 490/490/477
f 491/491/478 40/39/37 38/37/35
f 38/37/35 488/488/475 491/491/478
f 492/492/479 12/11/11 10/9/9
f 10/9/9 489/489/476 492/492/479
f 479/480/467 343/342/334 66/65/63
f 66/65/63 490/490/477 479/480/467
f 493/493/480 42/41/39 40/39/37
f 40/39/37 491/491/478 493/493/480
f 494/494/481 14/13/13 12/11/11
f 12/11/11 492/492/479 494/494/481
f 71/72/70 44/43/41 42/41/39
f 42/41/39 493/493/480 71/72/70
f 464/465/453 16/15/15 14/13/13
f 14/13/13 494/494/481 464/465/453
f 498/495/482 495/496/483 496/497/484
f 496/497/484 497/498/485 498/495/482
f 500/499/486 499/500/487 495/496/483
f 495/496/483 498/495/482 500/499/486
f 504/501/488 501/502/489 502/503/490
f 502/503/490 503/504/491 504/501/488
f 506/505/492 505/506/493 501/502/489
f 501/502/489 504/501/488 506/505/492
f 503/504/491 502/503/490 507/507/494
f 507/507/494 508/508/495 503/504/491
f 512/509/496 509/510/497 510/511/498
f 510/511/498 511/512/499 512/509/496
f 516/513/500 513/514/501 514/515/502
f 514/515/502 515/516/503 516/513/500
f 508/508/495 507/507/494 509/510/497
f 509/510/497 512/509/496 508/508/495
f 520/517/504 517/518/505 518/519/506
f 518/519/506 519/520/507 520/517/504
f 522/521/508 521/522/509 517/518/505
f 517/518/505 520/517/504 522/521/508
f 511/512/499 510/511/498 521/522/509
f 521/522/509 522/521/508 511/512/499
f 526/523/510 523/524/511 524/525/512
f 524/525/512 525/526/513 526/523/510
f 528/527/514 527/528/515 523/524/511
f 523/524/511 526/523/510 528/527/514
f 532/529/516 529/530/517 530/531/518
f 530/531/518 531/532/519 532/529/516
f 536/533/520 533/534/521 534/535/522
f 534/535/522 535/536/523 536/533/520
f 538/537/524 537/538/525 529/530/517
f 529/530/517 532/529/516 538/537/524
f 519/520/507 518/519/506 527/528/515
f 527/528/515 528/527/514 519/520/507
f 542/539/526 539/540/527 540/541/528
f 540/541/528 541/542/529 542/539/526
f 544/543/530 543/544/531 539/540/527
f 539/540/527 542/539/526 544/543/530
f 548/545/532 545/546/533 546/547/534
f 546/547/534 547/548/535 548/545/532
f 552/549/536 549/550/537 550/551/501
f 550/551/501 551/552/500 552/549/536
f 554/553/538 553/554/539 549/550/537
f 549/550/537 552/549/536 554/553/538
f 556/555/540 555/556/541 533/534/521
f 533/534/521 536/533/520 556/555/540
f 525/526/513 524/525/512 537/538/525
f 537/538/525 538/537/524 525/526/513
f 558/557/542 557/558/543 545/546/533
f 545/546/533 548/545/532 558/557/542
f 515/516/503 514/515/502 555/556/541
f 555/556/541 556/555/540 515/516/503
f 560/559/544 559/560/545 557/558/543
f 557/558/543 558/557/542 560/559/544
f 535/536/523 534/535/522 559/560/545
f 559/560/545 560/559/544 535/536/523
f 531/532/519 530/531/518 543/544/531
f 543/544/531 544/543/530 531/532/519
f 497/498/485 496/497/484 505/506/493
f 505/506/493 506/505/492 497/498/485
f 564/561/546 561/562/547 562/563/548
f 562/563/548 563/564/549 564/561/546
f 541/542/529 540/541/528 553/554/539
f 553/554/539 554/553/538 541/542/529
f 566/565/550 465/464/452 464/465/453
f 464/465/453 565/566/551 566/565/550
f 568/567/552 492/492/479 489/489/476
f 489/489/476 567/568/553 568/567/552
f 570/569/554 71/72/70 493/493/480
f 493/493/480 569/570/555 570/569/554
f 572/571/556 473/473/460 471/471/458
f 471/471/458 571/572/557 572/571/556
f 574/573/558 488/488/475 485/485/472
f 485/485/472 573/574/559 574/573/558
f 575/575/560 491/491/478 488/488/475
f 488/488/475 574/573/558 575/575/560
f 577/576/561 478/478/465 476/476/463
f 476/476/463 576/577/562 577/576/561
f 579/578/563 472/472/459 470/470/457
f 470/470/457 578/579/564 579/578/563
f 580/580/565 475/475/462 473/473/460
f 473/473/460 572/571/556 580/580/565
f 582/581/566 468/467/455 467/468/452
f 467/468/452 581/582/550 582/581/566
f 584/583/567 469/469/456 466/466/454
f 466/466/454 583/584/568 584/583/567
f 586/585/569 483/483/470 480/479/466
f 480/479/466 585/586/570 586/585/569
f 588/587/571 479/480/467 490/490/477
f 490/490/477 587/588/572 588/587/571
f 590/589/573 484/484/471 481/481/468
f 481/481/468 589/590/574 590/589/573
f 591/591/575 477/477/464 475/475/462
f 475/475/462 580/580/565 591/591/575
f 592/592/576 482/482/469 478/478/465
f 478/478/465 577/576/561 592/592/576
f 593/593/577 494/494/481 492/492/479
f 492/492/479 568/567/552 593/593/577
f 585/586/570 480/479/466 479/480/467
f 479/480/467 588/587/571 585/586/570
f 594/594/578 474/474/461 472/472/459
f 472/472/459 579/578/563 594/594/578
f 565/566/551 464/465/453 494/494/481
f 494/494/481 593/593/577 565/566/551
f 571/572/557 471/471/458 469/469/456
f 469/469/456 584/583/567 571/572/557
f 595/595/579 72/71/69 71/72/70
f 71/72/70 570/569/554 595/595/579
f 567/568/553 489/489/476 486/486/473
f 486/486/473 596/596/580 567/568/553
f 597/597/581 487/487/474 484/484/471
f 484/484/471 590/589/573 597/597/581
f 576/577/562 476/476/463 474/474/461
f 474/474/461 594/594/578 576/577/562
f 578/579/564 470/470/457 468/467/455
f 468/467/455 582/581/566 578/579/564
f 573/574/559 485/485/472 482/482/469
f 482/482/469 592/592/576 573/574/559
f 596/596/580 486/486/473 483/483/470
f 483/483/470 586/585/569 596/596/580
f 583/584/568 466/466/454 72/71/69
f 72/71/69 595/595/579 583/584/568
f 569/570/555 493/493/480 491/491/478
f 491/491/478 575/575/560 569/570/555
f 587/588/572 490/490/477 487/487/474
f 487/487/474 597/597/581 587/588/572
f 589/590/574 481/481/468 477/477/464
f 477/477/464 591/591/575 589/590/574
f 599/598/582 585/586/570 588/587/571
f 588/587/571 598/599/583 599/598/582
f 545/546/533 599/598/582 598/599/583
f 598/599/583 546/547/534 545/546/533
f 601/600/584 594/594/578 579/578/563
f 579/578/563 600/601/585 601/600/584
f 539/540/527 601/600/584 600/601/585
f 600/601/585 540/541/528 539/540/527
f 603/602/586 595/595/579 570/569/554
f 570/569/554 602/603/587 603/602/586
f 517/518/505 603/602/586 602/603/587
f 602/603/587 518/519/506 517/518/505
f 605/604/588 597/597/581 590/589/573
f 590/589/573 604/605/589 605/604/588
f 495/496/483 605/604/588 604/605/589
f 604/605/589 496/497/484 495/496/483
f 607/606/590 578/579/564 582/581/566
f 582/581/566 606/607/591 607/606/590
f 553/554/539 607/606/590 606/607/591
f 606/607/591 549/550/537 553/554/539
f 609/608/592 569/570/555 575/575/560
f 575/575/560 608/609/593 609/608/592
f 527/528/515 609/608/592 608/609/593
f 608/609/593 523/524/511 527/528/515
f 611/610/594 589/590/574 591/591/575
f 591/591/575 610/611/595 611/610/594
f 505/506/493 611/610/594 610/611/595
f 610/611/595 501/502/489 505/506/493
f 613/612/596 568/567/552 567/568/553
f 567/568/553 612/613/597 613/612/596
f 533/534/521 613/612/596 612/613/597
f 612/613/597 534/535/522 533/534/521
f 615/614/598 577/576/561 576/577/562
f 576/577/562 614/615/599 615/614/598
f 530/531/518 615/614/598 614/615/599
f 614/615/599 543/544/531 530/531/518
f 617/616/600 584/583/567 583/584/568
f 583/584/568 616/617/601 617/616/600
f 510/511/498 617/616/600 616/617/601
f 616/617/601 521/522/509 510/511/498
f 598/599/583 588/587/571 587/588/572
f 587/588/572 618/618/602 598/599/583
f 546/547/534 598/599/583 618/618/602
f 618/618/602 499/500/487 546/547/534
f 620/619/603 596/596/580 586/585/569
f 586/585/569 619/620/604 620/619/603
f 559/560/545 620/619/603 619/620/604
f 619/620/604 557/558/543 559/560/545
f 621/621/605 592/592/576 577/576/561
f 577/576/561 615/614/598 621/621/605
f 529/530/517 621/621/605 615/614/598
f 615/614/598 530/531/518 529/530/517
f 622/622/606 593/593/577 568/567/552
f 568/567/552 613/612/596 622/622/606
f 555/556/541 622/622/606 613/612/596
f 613/612/596 533/534/521 555/556/541
f 623/623/607 571/572/557 584/583/567
f 584/583/567 617/616/600 623/623/607
f 509/510/497 623/623/607 617/616/600
f 617/616/600 510/511/498 509/510/497
f 612/613/597 567/568/553 596/596/580
f 596/596/580 620/619/603 612/613/597
f 534/535/522 612/613/597 620/619/603
f 620/619/603 559/560/545 534/535/522
f 614/615/599 576/577/562 594/594/578
f 594/594/578 601/600/584 614/615/599
f 543/544/531 614/615/599 601/600/584
f 601/600/584 539/540/527 543/544/531
f 616/617/601 583/584/568 595/595/579
f 595/595/579 603/602/586 616/617/601
f 521/522/509 616/617/601 603/602/586
f 603/602/586 517/518/505 521/522/509
f 618/618/602 587/588/572 597/597/581
f 597/597/581 605/604/588 618/618/602
f 499/500/487 618/618/602 605/604/588
f 605/604/588 495/496/483 499/500/487
f 625/624/608 566/565/550 565/566/551
f 565/566/551 624/625/609 625/624/608
f 513/514/501 625/624/608 624/625/609
f 624/625/609 514/515/502 513/514/501
f 627/626/610 574/573/558 573/574/559
f 573/574/559 626/627/611 627/626/610
f 524/525/512 627/626/610 626/627/611
f 626/627/611 537/538/525 524/525/512
f 629/628/612 580/580/565 572/571/556
f 572/571/556 628/629/613 629/628/612
f 502/503/490 629/628/612 628/629/613
f 628/629/613 507/507/494 502/503/490
f 602/603/587 570/569/554 569/570/555
f 569/570/555 609/608/592 602/603/587
f 518/519/506 602/603/587 609/608/592
f 609/608/592 527/528/515 518/519/506
f 600/601/585 579/578/563 578/579/564
f 578/579/564 607/606/590 600/601/585
f 540/541/528 600/601/585 607/606/590
f 607/606/590 553/554/539 540/541/528
f 604/605/589 590/589/573 589/590/574
f 589/590/574 611/610/594 604/605/589
f 496/497/484 604/605/589 611/610/594
f 611/610/594 505/506/493 496/497/484
f 608/609/593 575/575/560 574/573/558
f 574/573/558 627/626/610 608/609/593
f 523/524/511 608/609/593 627/626/610
f 627/626/610 524/525/512 523/524/511
f 606/607/591 582/581/566 581/582/550
f 581/582/550 630/630/608 606/607/591
f 549/550/537 606/607/591 630/630/608
f 630/630/608 550/551/501 549/550/537
f 610/611/595 591/591/575 580/580/565
f 580/580/565 629/628/612 610/611/595
f 501/502/489 610/611/595 629/628/612
f 629/628/612 502/503/490 501/502/489
f 624/625/609 565/566/551 593/593/577
f 593/593/577 622/622/606 624/625/609
f 514/515/502 624/625/609 622/622/606
f 622/622/606 555/556/541 514/515/502
f 626/627/611 573/574/559 592/592/576
f 592/592/576 621/621/605 626/627/611
f 537/538/525 626/627/611 621/621/605
f 621/621/605 529/530/517 537/538/525
f 628/629/613 572/571/556 571/572/557
f 571/572/557 623/623/607 628/629/613
f 507/507/494 628/629/613 623/623/607
f 623/623/607 509/510/497 507/507/494
f 619/620/604 586/585/569 585/586/570
f 585/586/570 599/598/582 619/620/604
f 557/558/543 619/620/604 599/598/582
f 599/598/582 545/546/533 557/558/543
f 547/548/535 546/547/534 499/500/487
f 499/500/487 500/499/486 547/548/535
f 634/631/614 631/632/615 632/633/616
f 632/633/616 633/634/617 634/631/614
f 638/635/618 635/636/500 636/637/619
f 636/637/619 637/638/620 638/635/618
f 642/639/621 639/640/622 640/641/623
f 640/641/623 641/642/624 642/639/621
f 646/643/625 643/644/626 644/645/627
f 644/645/627 645/646/628 646/643/625
f 650/647/629 647/648/630 648/649/631
f 648/649/631 649/650/632 650/647/629
f 654/651/633 651/652/634 652/653/635
f 652/653/635 653/654/636 654/651/633
f 658/655/637 655/656/638 656/657/639
f 656/657/639 657/658/640 658/655/637
f 660/659/641 659/660/642 631/632/615
f 631/632/615 634/631/614 660/659/641
f 664/661/643 661/662/644 662/663/645
f 662/663/645 663/664/646 664/661/643
f 668/665/647 665/666/648 666/667/649
f 666/667/649 667/668/650 668/665/647
f 670/669/651 669/670/652 561/562/547
f 561/562/547 564/561/546 670/669/651
f 672/671/653 671/672/654 639/640/622
f 639/640/622 642/639/621 672/671/653
f 676/673/655 673/674/656 674/675/657
f 674/675/657 675/676/658 676/673/655
f 633/634/617 632/633/616 643/644/626
f 643/644/626 646/643/625 633/634/617
f 678/677/659 677/678/660 655/656/638
f 655/656/638 658/655/637 678/677/659
f 682/679/661 679/680/662 680/681/500
f 680/681/500 681/682/618 682/679/661
f 684/683/663 683/684/664 647/648/630
f 647/648/630 650/647/629 684/683/663
f 686/685/665 685/686/666 669/670/652
f 669/670/652 670/669/651 686/685/665
f 641/642/624 640/641/623 651/652/634
f 651/652/634 654/651/633 641/642/624
f 688/687/667 687/688/668 661/662/644
f 661/662/644 664/661/643 688/687/667
f 690/689/669 689/690/670 665/666/648
f 665/666/648 668/665/647 690/689/669
f 637/638/620 636/637/619 683/684/664
f 683/684/664 684/683/663 637/638/620
f 649/650/632 648/649/631 673/674/656
f 673/674/656 676/673/655 649/650/632
f 692/691/671 691/692/672 659/660/642
f 659/660/642 660/659/641 692/691/671
f 645/646/628 644/645/627 677/678/660
f 677/678/660 678/677/659 645/646/628
f 657/658/640 656/657/639 689/690/670
f 689/690/670 690/689/669 657/658/640
f 563/564/549 562/563/548 671/672/654
f 671/672/654 672/671/653 563/564/549
f 653/654/636 652/653/635 687/688/668
f 687/688/668 688/687/667 653/654/636
f 663/664/646 662/663/645 691/692/672
f 691/692/672 692/691/671 663/664/646
f 667/668/650 666/667/649 679/680/662
f 679/680/662 682/679/661 667/668/650
f 675/676/658 674/675/657 685/686/666
f 685/686/666 686/685/665 675/676/658
f 694/693/673 672/671/653 642/639/621
f 642/639/621 693/694/674 694/693/673
f 696/695/675 668/665/647 667/668/650
f 667/668/650 695/696/676 696/695/675
f 698/697/677 663/664/646 692/691/671
f 692/691/671 697/698/678 698/697/677
f 700/699/679 645/646/628 678/677/659
f 678/677/659 699/700/680 700/699/679
f 702/701/681 675/676/658 686/685/665
f 686/685/665 701/702/682 702/701/681
f 704/703/683 670/669/651 564/561/546
f 564/561/546 703/704/684 704/703/683
f 705/705/685 646/643/625 645/646/628
f 645/646/628 700/699/679 705/705/685
f 693/694/674 642/639/621 641/642/624
f 641/642/624 706/706/686 693/694/674
f 708/707/687 688/687/667 664/661/643
f 664/661/643 707/708/688 708/707/687
f 709/709/689 563/564/549 672/671/653
f 672/671/653 694/693/673 709/709/689
f 711/710/690 682/679/661 681/682/618
f 681/682/618 710/711/691 711/710/690
f 712/712/692 633/634/617 646/643/625
f 646/643/625 705/705/685 712/712/692
f 713/713/693 676/673/655 675/676/658
f 675/676/658 702/701/681 713/713/693
f 715/714/694 658/655/637 657/658/640
f 657/658/640 714/715/695 715/714/694
f 716/716/696 653/654/636 688/687/667
f 688/687/667 708/707/687 716/716/696
f 714/715/695 657/658/640 690/689/669
f 690/689/669 717/717/697 714/715/695
f 717/717/697 690/689/669 668/665/647
f 668/665/647 696/695/675 717/717/697
f 718/718/698 654/651/633 653/654/636
f 653/654/636 716/716/696 718/718/698
f 720/719/699 637/638/620 684/683/663
f 684/683/663 719/720/700 720/719/699
f 721/721/701 634/631/614 633/634/617
f 633/634/617 712/712/692 721/721/701
f 723/722/702 650/647/629 649/650/632
f 649/650/632 722/723/703 723/722/702
f 707/708/688 664/661/643 663/664/646
f 663/664/646 698/697/677 707/708/688
f 697/698/678 692/691/671 660/659/641
f 660/659/641 724/724/704 697/698/678
f 699/700/680 678/677/659 658/655/637
f 658/655/637 715/714/694 699/700/680
f 701/702/682 686/685/665 670/669/651
f 670/669/651 704/703/683 701/702/682
f 703/704/684 564/561/546 563/564/549
f 563/564/549 709/709/689 703/704/684
f 725/725/691 638/635/618 637/638/620
f 637/638/620 720/719/699 725/725/691
f 722/723/703 649/650/632 676/673/655
f 676/673/655 713/713/693 722/723/703
f 695/696/676 667/668/650 682/679/661
f 682/679/661 711/710/690 695/696/676
f 724/724/704 660/659/641 634/631/614
f 634/631/614 721/721/701 724/724/704
f 706/706/686 641/642/624 654/651/633
f 654/651/633 718/718/698 706/706/686
f 719/720/700 684/683/663 650/647/629
f 650/647/629 723/722/702 719/720/700
f 727/726/480 721/721/701 712/712/692
f 712/712/692 726/727/478 727/726/480
f 729/728/463 714/715/695 717/717/697
f 717/717/697 728/729/461 729/728/463
f 731/730/467 704/703/683 703/704/684
f 703/704/684 730/731/477 731/730/467
f 730/731/477 703/704/684 709/709/689
f 709/709/689 732/732/474 730/731/477
f 734/733/454 698/697/677 697/698/678
f 697/698/678 733/734/69 734/733/454
f 736/735/459 696/695/675 695/696/676
f 695/696/676 735/736/457 736/735/459
f 738/737/481 719/720/700 723/722/702
f 723/722/702 737/738/479 738/737/481
f 739/739/466 701/702/682 704/703/683
f 704/703/683 731/730/467 739/739/466
f 741/740/705 725/725/691 720/719/699
f 720/719/699 740/741/453 741/740/705
f 743/742/471 694/693/673 693/694/674
f 693/694/674 742/743/468 743/742/471
f 745/744/455 711/710/690 710/711/691
f 710/711/691 744/745/452 745/744/455
f 747/746/472 700/699/679 699/700/680
f 699/700/680 746/747/469 747/746/472
f 748/748/470 702/701/681 701/702/682
f 701/702/682 739/739/466 748/748/470
f 742/743/468 693/694/674 706/706/686
f 706/706/686 749/749/464 742/743/468
f 726/727/478 712/712/692 705/705/685
f 705/705/685 750/750/475 726/727/478
f 728/729/461 717/717/697 696/695/675
f 696/695/675 736/735/459 728/729/461
f 746/747/469 699/700/680 715/714/694
f 715/714/694 751/751/465 746/747/469
f 752/752/473 713/713/693 702/701/681
f 702/701/681 748/748/470 752/752/473
f 751/751/465 715/714/694 714/715/695
f 714/715/695 729/728/463 751/751/465
f 754/753/460 716/716/696 708/707/687
f 708/707/687 753/754/458 754/753/460
f 740/741/453 720/719/699 719/720/700
f 719/720/700 738/737/481 740/741/453
f 753/754/458 708/707/687 707/708/688
f 707/708/688 755/755/456 753/754/458
f 756/756/462 718/718/698 716/716/696
f 716/716/696 754/753/460 756/756/462
f 733/734/69 697/698/678 724/724/704
f 724/724/704 757/757/70 733/734/69
f 758/758/476 722/723/703 713/713/693
f 713/713/693 752/752/473 758/758/476
f 750/750/475 705/705/685 700/699/679
f 700/699/679 747/746/472 750/750/475
f 749/749/464 706/706/686 718/718/698
f 718/718/698 756/756/462 749/749/464
f 755/755/456 707/708/688 698/697/677
f 698/697/677 734/733/454 755/755/456
f 757/757/70 724/724/704 721/721/701
f 721/721/701 727/726/480 757/757/70
f 737/738/479 723/722/702 722/723/703
f 722/723/703 758/758/476 737/738/479
f 732/732/474 709/709/689 694/693/673
f 694/693/673 743/742/471 732/732/474
f 735/736/457 695/696/676 711/710/690
f 711/710/690 745/744/455 735/736/457
f 760/759/706 729/728/463 728/729/461
f 728/729/461 759/760/707 760/759/706
f 762/761/708 734/733/454 733/734/69
f 733/734/69 761/762/709 762/761/708
f 764/763/710 738/737/481 737/738/479
f 737/738/479 763/764/711 764/763/710
f 766/765/712 742/743/468 749/749/464
f 749/749/464 765/766/713 766/765/712
f 759/760/707 728/729/461 736/735/459
f 736/735/459 767/767/714 759/760/707
f 769/768/715 752/752/473 748/748/470
f 748/748/470 768/769/716 769/768/715
f 770/770/717 740/741/453 738/737/481
f 738/737/481 764/763/710 770/770/717
f 772/771/718 756/756/462 754/753/460
f 754/753/460 771/772/719 772/771/718
f 774/773/720 730/731/477 732/732/474
f 732/732/474 773/774/721 774/773/720
f 775/775/722 743/742/471 742/743/468
f 742/743/468 766/765/712 775/775/722
f 776/776/723 741/740/705 740/741/453
f 740/741/453 770/770/717 776/776/723
f 778/777/724 739/739/466 731/730/467
f 731/730/467 777/778/725 778/777/724
f 768/769/716 748/748/470 739/739/466
f 739/739/466 778/777/724 768/769/716
f 780/779/726 745/744/455 744/745/452
f 744/745/452 779/780/723 780/779/726
f 781/781/727 735/736/457 745/744/455
f 745/744/455 780/779/726 781/781/727
f 761/762/709 733/734/69 757/757/70
f 757/757/70 782/782/728 761/762/709
f 784/783/729 746/747/469 751/751/465
f 751/751/465 783/784/730 784/783/729
f 786/785/731 727/726/480 726/727/478
f 726/727/478 785/786/732 786/785/731
f 788/787/733 750/750/475 747/746/472
f 747/746/472 787/788/734 788/787/733
f 771/772/719 754/753/460 753/754/458
f 753/754/458 789/789/735 771/772/719
f 767/767/714 736/735/459 735/736/457
f 735/736/457 781/781/727 767/767/714
f 790/790/736 755/755/456 734/733/454
f 734/733/454 762/761/708 790/790/736
f 789/789/735 753/754/458 755/755/456
f 755/755/456 790/790/736 789/789/735
f 785/786/732 726/727/478 750/750/475
f 750/750/475 788/787/733 785/786/732
f 773/774/721 732/732/474 743/742/471
f 743/742/471 775/775/722 773/774/721
f 791/791/737 758/758/476 752/752/473
f 752/752/473 769/768/715 791/791/737
f 783/784/730 751/751/465 729/728/463
f 729/728/463 760/759/706 783/784/730
f 787/788/734 747/746/472 746/747/469
f 746/747/469 784/783/729 787/788/734
f 765/766/713 749/749/464 756/756/462
f 756/756/462 772/771/718 765/766/713
f 763/764/711 737/738/479 758/758/476
f 758/758/476 791/791/737 763/764/711
f 782/782/728 757/757/70 727/726/480
f 727/726/480 786/785/731 782/782/728
f 777/778/725 731/730/467 730/731/477
f 730/731/477 774/773/720 777/778/725
f 793/792/738 770/770/717 764/763/710
f 764/763/710 792/793/739 793/792/738
f 795/794/740 772/771/718 771/772/719
f 771/772/719 794/795/741 795/794/740
f 797/796/742 774/773/720 773/774/721
f 773/774/721 796/797/743 797/796/742
f 799/798/744 775/775/722 766/765/712
f 766/765/712 798/799/745 799/798/744
f 800/800/746 776/776/723 770/770/717
f 770/770/717 793/792/738 800/800/746
f 802/801/747 778/777/724 777/778/725
f 777/778/725 801/802/748 802/801/747
f 803/803/749 768/769/716 778/777/724
f 778/777/724 802/801/747 803/803/749
f 805/804/750 780/779/726 779/780/723
f 779/780/723 804/805/746 805/804/750
f 806/806/751 781/781/727 780/779/726
f 780/779/726 805/804/750 806/806/751
f 808/807/752 761/762/709 782/782/728
f 782/782/728 807/808/753 808/807/752
f 810/809/754 784/783/729 783/784/730
f 783/784/730 809/810/755 810/809/754
f 812/811/756 786/785/731 785/786/732
f 785/786/732 811/812/757 812/811/756
f 814/813/758 788/787/733 787/788/734
f 787/788/734 813/814/759 814/813/758
f 794/795/741 771/772/719 789/789/735
f 789/789/735 815/815/760 794/795/741
f 816/816/761 767/767/714 781/781/727
f 781/781/727 806/806/751 816/816/761
f 818/817/762 790/790/736 762/761/708
f 762/761/708 817/818/763 818/817/762
f 815/815/760 789/789/735 790/790/736
f 790/790/736 818/817/762 815/815/760
f 811/812/757 785/786/732 788/787/733
f 788/787/733 814/813/758 811/812/757
f 796/797/743 773/774/721 775/775/722
f 775/775/722 799/798/744 796/797/743
f 820/819/764 791/791/737 769/768/715
f 769/768/715 819/820/765 820/819/764
f 809/810/755 783/784/730 760/759/706
f 760/759/706 821/821/766 809/810/755
f 813/814/759 787/788/734 784/783/729
f 784/783/729 810/809/754 813/814/759
f 822/822/767 765/766/713 772/771/718
f 772/771/718 795/794/740 822/822/767
f 823/823/768 763/764/711 791/791/737
f 791/791/737 820/819/764 823/823/768
f 807/808/753 782/782/728 786/785/731
f 786/785/731 812/811/756 807/808/753
f 801/802/748 777/778/725 774/773/720
f 774/773/720 797/796/742 801/802/748
f 821/821/766 760/759/706 759/760/707
f 759/760/707 824/824/769 821/821/766
f 817/818/763 762/761/708 761/762/709
f 761/762/709 808/807/752 817/818/763
f 792/793/739 764/763/710 763/764/711
f 763/764/711 823/823/768 792/793/739
f 798/799/745 766/765/712 765/766/713
f 765/766/713 822/822/767 798/799/745
f 824/824/769 759/760/707 767/767/714
f 767/767/714 816/816/761 824/824/769
f 819/820/765 769/768/715 768/769/716
f 768/769/716 803/803/749 819/820/765
f 828/825/770 825/826/771 826/827/772
f 826/827/772 827/828/682 828/825/770
f 832/829/690 829/830/773 830/831/774
f 830/831/774 831/832/691 832/829/690
f 834/833/676 833/834/775 829/830/773
f 829/830/773 832/829/690 834/833/676
f 838/835/678 835/836/776 836/837/777
f 836/837/777 837/838/704 838/835/678
f 842/839/680 839/840/778 840/841/779
f 840/841/779 841/842/694 842/839/680
f 846/843/701 843/844/780 844/845/781
f 844/845/781 845/846/782 846/843/701
f 850/847/685 847/848/783 848/849/784
f 848/849/784 849/850/679 850/847/685
f 854/851/696 851/852/785 852/853/786
f 852/853/786 853/854/687 854/851/696
f 856/855/675 855/856/787 833/834/775
f 833/834/775 834/833/676 856/855/675
f 860/857/688 857/858/788 858/859/789
f 858/859/789 859/860/677 860/857/688
f 853/854/687 852/853/786 857/858/788
f 857/858/788 860/857/688 853/854/687
f 845/846/782 844/845/781 847/848/783
f 847/848/783 850/847/685 845/846/782
f 864/861/689 861/862/790 862/863/791
f 862/863/791 863/864/673 864/861/689
f 868/865/703 865/866/792 866/867/793
f 866/867/793 867/868/693 868/865/703
f 841/842/694 840/841/779 869/869/794
f 869/869/794 870/870/695 841/842/694
f 849/850/679 848/849/784 839/840/778
f 839/840/778 842/839/680 849/850/679
f 874/871/686 871/872/795 872/873/796
f 872/873/796 873/874/797 874/871/686
f 876/875/702 875/876/798 865/866/792
f 865/866/792 868/865/703 876/875/702
f 837/838/704 836/837/777 843/844/780
f 843/844/780 846/843/701 837/838/704
f 880/877/683 877/878/799 878/879/800
f 878/879/800 879/880/684 880/877/683
f 870/870/695 869/869/794 881/881/801
f 881/881/801 882/882/697 870/870/695
f 859/860/677 858/859/789 835/836/776
f 835/836/776 838/835/678 859/860/677
f 884/883/802 883/884/803 875/876/798
f 875/876/798 876/875/702 884/883/802
f 886/885/674 885/886/804 871/872/795
f 871/872/795 874/871/686 886/885/674
f 882/882/697 881/881/801 855/856/787
f 855/856/787 856/855/675 882/882/697
f 867/868/693 866/867/793 825/826/771
f 825/826/771 828/825/770 867/868/693
f 888/887/699 887/888/805 883/884/803
f 883/884/803 884/883/802 888/887/699
f 873/874/797 872/873/796 851/852/785
f 851/852/785 854/851/696 873/874/797
f 879/880/684 878/879/800 861/862/790
f 861/862/790 864/861/689 879/880/684
f 863/864/673 862/863/791 885/886/804
f 885/886/804 886/885/674 863/864/673
f 890/889/691 889/890/774 887/888/805
f 887/888/805 888/887/699 890/889/691
f 827/828/682 826/827/772 877/878/799
f 877/878/799 880/877/683 827/828/682
f 894/891/806 891/892/807 892/893/808
f 892/893/808 893/894/809 894/891/806
f 898/895/810 895/896/811 896/897/812
f 896/897/812 897/898/813 898/895/810
f 902/899/814 899/900/815 900/901/816
f 900/901/816 901/902/817 902/899/814
f 906/903/818 903/904/819 904/905/820
f 904/905/820 905/906/821 906/903/818
f 910/907/822 907/908/823 908/909/824
f 908/909/824 909/910/825 910/907/822
f 914/911/826 911/912/827 912/913/828
f 912/913/828 913/914/829 914/911/826
f 918/915/830 915/916/831 916/917/832
f 916/917/832 917/918/833 918/915/830
f 922/919/834 919/920/835 920/921/836
f 920/921/836 921/922/837 922/919/834
f 924/923/838 898/895/810 897/898/813
f 897/898/813 923/924/839 924/923/838
f 928/925/840 925/926/841 926/927/842
f 926/927/842 927/928/843 928/925/840
f 932/929/844 929/930/845 930/931/846
f 930/931/846 931/932/847 932/929/844
f 936/933/848 933/934/849 934/935/850
f 934/935/850 935/936/851 936/933/848
f 940/937/852 937/938/853 938/939/854
f 938/939/854 939/940/855 940/937/852
f 944/941/856 941/942/857 942/943/858
f 942/943/858 943/944/859 944/941/856
f 948/945/860 945/946/861 946/947/862
f 946/947/862 947/948/863 948/945/860
f 950/949/864 922/919/834 921/922/837
f 921/922/837 949/950/865 950/949/864
f 952/951/866 902/899/814 901/902/817
f 901/902/817 951/952/867 952/951/866
f 956/953/868 953/954/869 954/955/870
f 954/955/870 955/956/871 956/953/868
f 960/957/872 957/958/873 958/959/874
f 958/959/874 959/960/875 960/957/872
f 964/961/876 961/962/877 962/963/878
f 962/963/878 963/964/879 964/961/876
f 966/965/880 928/925/840 927/928/843
f 927/928/843 965/966/881 966/965/880
f 970/967/882 967/968/883 968/969/884
f 968/969/884 969/970/885 970/967/882
f 899/900/815 971/971/886 972/972/887
f 972/972/887 900/901/816 899/900/815
f 911/912/827 944/941/856 943/944/859
f 943/944/859 912/913/828 911/912/827
f 974/973/888 924/923/838 923/924/839
f 923/924/839 973/974/889 974/973/888
f 978/975/890 975/976/891 976/977/892
f 976/977/892 977/978/893 978/975/890
f 980/979/894 932/929/844 931/932/847
f 931/932/847 979/980/895 980/979/894
f 933/934/849 940/937/852 939/940/855
f 939/940/855 934/935/850 933/934/849
f 984/981/896 981/982/880 982/983/881
f 982/983/881 983/984/897 984/981/896
f 988/985/898 985/986/899 986/987/900
f 986/987/900 987/988/901 988/985/898
f 929/930/845 952/951/866 951/952/867
f 951/952/867 930/931/846 929/930/845
f 891/892/807 989/989/902 990/990/903
f 990/990/903 892/893/808 891/892/807
f 994/991/904 991/992/905 992/993/766
f 992/993/766 993/994/769 994/991/904
f 969/970/885 968/969/884 995/995/767
f 995/995/767 996/996/740 969/970/885
f 986/987/900 997/997/906 998/998/907
f 998/998/907 999/999/768 986/987/900
f 976/977/892 947/948/863 1000/1000/748
f 1000/1000/748 1001/1001/742 976/977/892
f 990/990/903 1002/1002/908 1003/1003/757
f 1003/1003/757 1004/1004/758 990/990/903
f 893/894/809 892/893/808 1005/1005/759
f 1005/1005/759 1006/1006/754 893/894/809
f 947/948/863 946/947/862 1007/1007/747
f 1007/1007/747 1000/1000/748 947/948/863
f 904/905/820 994/991/904 993/994/769
f 993/994/769 1008/1008/761 904/905/820
f 1012/1009/909 1009/1010/833 1010/1011/746
f 1010/1011/746 1011/1012/738 1012/1009/909
f 991/992/905 1013/1013/910 1014/1014/911
f 1014/1014/911 992/993/766 991/992/905
f 1018/1015/912 1015/1016/913 1016/1017/741
f 1016/1017/741 1017/1018/760 1018/1015/912
f 946/947/862 1019/1019/914 1020/1020/749
f 1020/1020/749 1007/1007/747 946/947/862
f 1002/1002/908 1021/1021/915 1022/1022/756
f 1022/1022/756 1003/1003/757 1002/1002/908
f 1025/1023/916 977/978/893 1023/1024/917
f 1023/1024/917 1024/1025/744 1025/1023/916
f 917/918/833 916/917/832 1026/1026/750
f 1026/1026/750 1027/1027/746 917/918/833
f 1029/1028/918 1025/1023/916 1024/1025/744
f 1024/1025/744 1028/1029/745 1029/1028/918
f 968/969/884 1029/1028/918 1028/1029/745
f 1028/1029/745 995/995/767 968/969/884
f 916/917/832 905/906/821 1030/1030/919
f 1030/1030/919 1026/1026/750 916/917/832
f 1034/1031/920 1031/1032/921 1032/1033/762
f 1032/1033/762 1033/1034/922 1034/1031/920
f 1019/1019/914 1035/1035/923 1036/1036/765
f 1036/1036/765 1020/1020/749 1019/1019/914
f 955/956/871 954/955/870 1037/1037/752
f 1037/1037/752 1038/1038/753 955/956/871
f 997/997/906 1012/1009/909 1011/1012/738
f 1011/1012/738 998/998/907 997/997/906
f 987/988/901 986/987/900 999/999/768
f 999/999/768 1039/1039/764 987/988/901
f 977/978/893 976/977/892 1001/1001/742
f 1001/1001/742 1023/1024/917 977/978/893
f 892/893/808 990/990/903 1004/1004/758
f 1004/1004/758 1005/1005/759 892/893/808
f 1013/1013/910 893/894/809 1006/1006/754
f 1006/1006/754 1014/1014/911 1013/1013/910
f 1031/1032/921 1018/1015/912 1017/1018/760
f 1017/1018/760 1032/1033/762 1031/1032/921
f 1021/1021/915 955/956/871 1038/1038/753
f 1038/1038/753 1022/1022/756 1021/1021/915
f 1015/1016/913 969/970/885 996/996/740
f 996/996/740 1016/1017/741 1015/1016/913
f 1035/1035/923 987/988/901 1039/1039/764
f 1039/1039/764 1036/1036/765 1035/1035/923
f 905/906/821 904/905/820 1008/1008/761
f 1008/1008/761 1030/1030/919 905/906/821
f 954/955/870 1034/1031/920 1033/1034/922
f 1033/1034/922 1037/1037/752 954/955/870
f 1020/1020/749 1036/1036/765 1040/1040/924
f 1040/1040/924 1041/1041/925 1020/1020/749
f 1028/1029/745 1024/1025/744 1042/1042/926
f 1042/1042/926 1043/1043/927 1028/1029/745
f 1006/1006/754 1005/1005/759 1044/1044/734
f 1044/1044/734 1045/1045/729 1006/1006/754
f 1014/1014/911 1006/1006/754 1045/1045/729
f 1045/1045/729 1046/1046/730 1014/1014/911
f 999/999/768 998/998/907 1047/1047/928
f 1047/1047/928 1048/1048/711 999/999/768
f 996/996/740 995/995/767 1049/1049/929
f 1049/1049/929 1050/1050/718 996/996/740
f 1037/1037/752 1033/1034/922 1051/1051/930
f 1051/1051/930 1052/1052/709 1037/1037/752
f 1005/1005/759 1004/1004/758 1053/1053/733
f 1053/1053/733 1044/1044/734 1005/1005/759
f 1032/1033/762 1017/1018/760 1054/1054/735
f 1054/1054/735 1055/1055/736 1032/1033/762
f 993/994/769 992/993/766 1056/1056/706
f 1056/1056/706 1057/1057/707 993/994/769
f 1017/1018/760 1016/1017/741 1058/1058/719
f 1058/1058/719 1054/1054/735 1017/1018/760
f 1001/1001/742 1000/1000/748 1059/1059/931
f 1059/1059/931 1060/1060/720 1001/1001/742
f 1004/1004/758 1003/1003/757 1061/1061/732
f 1061/1061/732 1053/1053/733 1004/1004/758
f 1008/1008/761 993/994/769 1057/1057/707
f 1057/1057/707 1062/1062/932 1008/1008/761
f 1007/1007/747 1020/1020/749 1041/1041/925
f 1041/1041/925 1063/1063/724 1007/1007/747
f 995/995/767 1028/1029/745 1043/1043/927
f 1043/1043/927 1049/1049/929 995/995/767
f 1023/1024/917 1001/1001/742 1060/1060/720
f 1060/1060/720 1064/1064/933 1023/1024/917
f 1003/1003/757 1022/1022/756 1065/1065/731
f 1065/1065/731 1061/1061/732 1003/1003/757
f 1024/1025/744 1023/1024/917 1064/1064/933
f 1064/1064/933 1042/1042/926 1024/1025/744
f 1027/1027/746 1026/1026/750 1066/1066/934
f 1066/1066/934 1067/1067/935 1027/1027/746
f 1033/1034/922 1032/1033/762 1055/1055/736
f 1055/1055/736 1051/1051/930 1033/1034/922
f 1011/1012/738 1010/1011/746 1068/1068/935
f 1068/1068/935 1069/1069/936 1011/1012/738
f 1026/1026/750 1030/1030/919 1070/1070/937
f 1070/1070/937 1066/1066/934 1026/1026/750
f 1039/1039/764 999/999/768 1048/1048/711
f 1048/1048/711 1071/1071/737 1039/1039/764
f 1022/1022/756 1038/1038/753 1072/1072/728
f 1072/1072/728 1065/1065/731 1022/1022/756
f 1000/1000/748 1007/1007/747 1063/1063/724
f 1063/1063/724 1059/1059/931 1000/1000/748
f 1030/1030/919 1008/1008/761 1062/1062/932
f 1062/1062/932 1070/1070/937 1030/1030/919
f 998/998/907 1011/1012/738 1069/1069/936
f 1069/1069/936 1047/1047/928 998/998/907
f 1036/1036/765 1039/1039/764 1071/1071/737
f 1071/1071/737 1040/1040/924 1036/1036/765
f 1038/1038/753 1037/1037/752 1052/1052/709
f 1052/1052/709 1072/1072/728 1038/1038/753
f 992/993/766 1014/1014/911 1046/1046/730
f 1046/1046/730 1056/1056/706 992/993/766
f 1016/1017/741 996/996/740 1050/1050/718
f 1050/1050/718 1058/1058/719 1016/1017/741
f 1043/1043/927 1042/1042/926 1073/1073/471
f 1073/1073/471 1074/1074/468 1043/1043/927
f 1048/1048/711 1047/1047/928 1075/1075/481
f 1075/1075/481 1076/1076/479 1048/1048/711
f 1052/1052/709 1051/1051/930 1077/1077/454
f 1077/1077/454 1078/1078/69 1052/1052/709
f 1062/1062/932 1057/1057/707 1079/1079/461
f 1079/1079/461 1080/1080/459 1062/1062/932
f 1049/1049/929 1043/1043/927 1074/1074/468
f 1074/1074/468 1081/1081/464 1049/1049/929
f 1061/1061/732 1065/1065/731 1082/1082/480
f 1082/1082/480 1083/1083/478 1061/1061/732
f 1051/1051/930 1055/1055/736 1084/1084/456
f 1084/1084/456 1077/1077/454 1051/1051/930
f 1066/1066/934 1070/1070/937 1085/1085/457
f 1085/1085/457 1086/1086/455 1066/1066/934
f 1046/1046/730 1045/1045/729 1087/1087/938
f 1087/1087/938 1088/1088/465 1046/1046/730
f 1057/1057/707 1056/1056/706 1089/1089/463
f 1089/1089/463 1079/1079/461 1057/1057/707
f 1055/1055/736 1054/1054/735 1090/1090/458
f 1090/1090/458 1084/1084/456 1055/1055/736
f 1044/1044/734 1053/1053/733 1091/1091/475
f 1091/1091/475 1092/1092/472 1044/1044/734
f 1053/1053/733 1061/1061/732 1083/1083/478
f 1083/1083/478 1091/1091/475 1053/1053/733
f 1054/1054/735 1058/1058/719 1093/1093/460
f 1093/1093/460 1090/1090/458 1054/1054/735
f 1058/1058/719 1050/1050/718 1094/1094/462
f 1094/1094/462 1093/1093/460 1058/1058/719
f 1071/1071/737 1048/1048/711 1076/1076/479
f 1076/1076/479 1095/1095/476 1071/1071/737
f 1064/1064/933 1060/1060/720 1096/1096/477
f 1096/1096/477 1097/1097/939 1064/1064/933
f 1041/1041/925 1040/1040/924 1098/1098/473
f 1098/1098/473 1099/1099/470 1041/1041/925
f 1059/1059/931 1063/1063/724 1100/1100/466
f 1100/1100/466 1101/1101/467 1059/1059/931
f 1067/1067/935 1066/1066/934 1086/1086/455
f 1086/1086/455 1102/1102/452 1067/1067/935
f 1050/1050/718 1049/1049/929 1081/1081/464
f 1081/1081/464 1094/1094/462 1050/1050/718
f 1047/1047/928 1069/1069/936 1103/1103/453
f 1103/1103/453 1075/1075/481 1047/1047/928
f 1069/1069/936 1068/1068/935 1104/1104/705
f 1104/1104/705 1103/1103/453 1069/1069/936
f 1063/1063/724 1041/1041/925 1099/1099/470
f 1099/1099/470 1100/1100/466 1063/1063/724
f 1056/1056/706 1046/1046/730 1088/1088/465
f 1088/1088/465 1089/1089/463 1056/1056/706
f 1065/1065/731 1072/1072/728 1105/1105/70
f 1105/1105/70 1082/1082/480 1065/1065/731
f 1042/1042/926 1064/1064/933 1097/1097/939
f 1097/1097/939 1073/1073/471 1042/1042/926
f 1060/1060/720 1059/1059/931 1101/1101/467
f 1101/1101/467 1096/1096/477 1060/1060/720
f 1070/1070/937 1062/1062/932 1080/1080/459
f 1080/1080/459 1085/1085/457 1070/1070/937
f 1072/1072/728 1052/1052/709 1078/1078/69
f 1078/1078/69 1105/1105/70 1072/1072/728
f 1040/1040/924 1071/1071/737 1095/1095/476
f 1095/1095/476 1098/1098/473 1040/1040/924
f 1045/1045/729 1044/1044/734 1092/1092/472
f 1092/1092/472 1087/1087/938 1045/1045/729
f 1077/1077/454 1084/1084/456 860/857/688
f 860/857/688 859/860/677 1077/1077/454
f 1086/1086/455 1085/1085/457 834/833/676
f 834/833/676 832/829/690 1086/1086/455
f 1088/1088/465 1087/1087/938 842/839/680
f 842/839/680 841/842/694 1088/1088/465
f 1079/1079/461 1089/1089/463 870/870/695
f 870/870/695 882/882/697 1079/1079/461
f 1084/1084/456 1090/1090/458 853/854/687
f 853/854/687 860/857/688 1084/1084/456
f 1092/1092/472 1091/1091/475 850/847/685
f 850/847/685 849/850/679 1092/1092/472
f 1091/1091/475 1083/1083/478 845/846/782
f 845/846/782 850/847/685 1091/1091/475
f 1090/1090/458 1093/1093/460 854/851/696
f 854/851/696 853/854/687 1090/1090/458
f 1093/1093/460 1094/1094/462 873/874/797
f 873/874/797 854/851/696 1093/1093/460
f 1095/1095/476 1076/1076/479 876/875/702
f 876/875/702 868/865/703 1095/1095/476
f 1097/1097/939 1096/1096/477 879/880/684
f 879/880/684 864/861/689 1097/1097/939
f 1099/1099/470 1098/1098/473 867/868/693
f 867/868/693 828/825/770 1099/1099/470
f 1101/1101/467 1100/1100/466 827/828/682
f 827/828/682 880/877/683 1101/1101/467
f 1102/1102/452 1086/1086/455 832/829/690
f 832/829/690 831/832/691 1102/1102/452
f 1094/1094/462 1081/1081/464 874/871/686
f 874/871/686 873/874/797 1094/1094/462
f 1075/1075/481 1103/1103/453 888/887/699
f 888/887/699 884/883/802 1075/1075/481
f 1103/1103/453 1104/1104/705 890/889/691
f 890/889/691 888/887/699 1103/1103/453
f 1100/1100/466 1099/1099/470 828/825/770
f 828/825/770 827/828/682 1100/1100/466
f 1089/1089/463 1088/1088/465 841/842/694
f 841/842/694 870/870/695 1089/1089/463
f 1082/1082/480 1105/1105/70 837/838/704
f 837/838/704 846/843/701 1082/1082/480
f 1073/1073/471 1097/1097/939 864/861/689
f 864/861/689 863/864/673 1073/1073/471
f 1096/1096/477 1101/1101/467 880/877/683
f 880/877/683 879/880/684 1096/1096/477
f 1085/1085/457 1080/1080/459 856/855/675
f 856/855/675 834/833/676 1085/1085/457
f 1105/1105/70 1078/1078/69 838/835/678
f 838/835/678 837/838/704 1105/1105/70
f 1098/1098/473 1095/1095/476 868/865/703
f 868/865/703 867/868/693 1098/1098/473
f 1087/1087/938 1092/1092/472 849/850/679
f 849/850/679 842/839/680 1087/1087/938
f 1074/1074/468 1073/1073/471 863/864/673
f 863/864/673 886/885/674 1074/1074/468
f 1076/1076/479 1075/1075/481 884/883/802
f 884/883/802 876/875/702 1076/1076/479
f 1078/1078/69 1077/1077/454 859/860/677
f 859/860/677 838/835/678 1078/1078/69
f 1080/1080/459 1079/1079/461 882/882/697
f 882/882/697 856/855/675 1080/1080/459
f 1081/1081/464 1074/1074/468 886/885/674
f 886/885/674 874/871/686 1081/1081/464
f 1083/1083/478 1082/1082/480 846/843/701
f 846/843/701 845/846/782 1083/1083/478
f 826/827/772 1106/1106/772 1107/1107/799
f 1107/1107/799 877/878/799 826/827/772
f 889/890/774 1108/1108/774 1109/1109/805
f 1109/1109/805 887/888/805 889/890/774
f 862/863/791 1110/1110/791 1111/1111/804
f 1111/1111/804 885/886/804 862/863/791
f 878/879/800 1112/1112/800 1113/1113/790
f 1113/1113/790 861/862/790 878/879/800
f 872/873/796 1114/1114/796 1115/1115/785
f 1115/1115/785 851/852/785 872/873/796
f 887/888/805 1109/1109/805 1116/1116/803
f 1116/1116/803 883/884/803 887/888/805
f 866/867/793 1117/1117/793 1118/1118/771
f 1118/1118/771 825/826/771 866/867/793
f 881/881/801 1119/1119/801 1120/1120/787
f 1120/1120/787 855/856/787 881/881/801
f 885/886/804 1111/1111/804 1121/1121/795
f 1121/1121/795 871/872/795 885/886/804
f 883/884/803 1116/1116/803 1122/1122/798
f 1122/1122/798 875/876/798 883/884/803
f 858/859/789 1123/1123/789 1124/1124/776
f 1124/1124/776 835/836/776 858/859/789
f 869/869/794 1125/1125/794 1119/1119/801
f 1119/1119/801 881/881/801 869/869/794
f 877/878/799 1107/1107/799 1112/1112/800
f 1112/1112/800 878/879/800 877/878/799
f 836/837/777 1126/1126/777 1127/1127/780
f 1127/1127/780 843/844/780 836/837/777
f 875/876/798 1122/1122/798 1128/1128/792
f 1128/1128/792 865/866/792 875/876/798
f 871/872/795 1121/1121/795 1114/1114/796
f 1114/1114/796 872/873/796 871/872/795
f 848/849/784 1129/1129/784 1130/1130/778
f 1130/1130/778 839/840/778 848/849/784
f 840/841/779 1131/1131/779 1125/1125/794
f 1125/1125/794 869/869/794 840/841/779
f 865/866/792 1128/1128/792 1117/1117/793
f 1117/1117/793 866/867/793 865/866/792
f 861/862/790 1113/1113/790 1110/1110/791
f 1110/1110/791 862/863/791 861/862/790
f 844/845/781 1132/1132/781 1133/1133/783
f 1133/1133/783 847/848/783 844/845/781
f 852/853/786 1134/1134/786 1135/1135/788
f 1135/1135/788 857/858/788 852/853/786
f 857/858/788 1135/1135/788 1123/1123/789
f 1123/1123/789 858/859/789 857/858/788
f 855/856/787 1120/1120/787 1136/1136/775
f 1136/1136/775 833/834/775 855/856/787
f 851/852/785 1115/1115/785 1134/1134/786
f 1134/1134/786 852/853/786 851/852/785
f 847/848/783 1133/1133/783 1129/1129/784
f 1129/1129/784 848/849/784 847/848/783
f 843/844/780 1127/1127/780 1132/1132/781
f 1132/1132/781 844/845/781 843/844/780
f 839/840/778 1130/1130/778 1131/1131/779
f 1131/1131/779 840/841/779 839/840/778
f 835/836/776 1124/1124/776 1126/1126/777
f 1126/1126/777 836/837/777 835/836/776
f 833/834/775 1136/1136/775 1137/1137/773
f 1137/1137/773 829/830/773 833/834/775
f 829/830/773 1137/1137/773 1138/1138/774
f 1138/1138/774 830/831/774 829/830/773
f 825/826/771 1118/1118/771 1106/1106/772
f 1106/1106/772 826/827/772 825/826/771
f 1118/1118/771 803/803/749 802/801/747
f 802/801/747 1106/1106/772 1118/1118/771
f 1137/1137/773 805/804/750 804/805/746
f 804/805/746 1138/1138/774 1137/1137/773
f 1136/1136/775 806/806/751 805/804/750
f 805/804/750 1137/1137/773 1136/1136/775
f 1124/1124/776 808/807/752 807/808/753
f 807/808/753 1126/1126/777 1124/1124/776
f 1130/1130/778 810/809/754 809/810/755
f 809/810/755 1131/1131/779 1130/1130/778
f 1127/1127/780 812/811/756 811/812/757
f 811/812/757 1132/1132/781 1127/1127/780
f 1133/1133/783 814/813/758 813/814/759
f 813/814/759 1129/1129/784 1133/1133/783
f 1115/1115/785 794/795/741 815/815/760
f 815/815/760 1134/1134/786 1115/1115/785
f 1120/1120/787 816/816/761 806/806/751
f 806/806/751 1136/1136/775 1120/1120/787
f 1135/1135/788 818/817/762 817/818/763
f 817/818/763 1123/1123/789 1135/1135/788
f 1134/1134/786 815/815/760 818/817/762
f 818/817/762 1135/1135/788 1134/1134/786
f 1132/1132/781 811/812/757 814/813/758
f 814/813/758 1133/1133/783 1132/1132/781
f 1113/1113/790 796/797/743 799/798/744
f 799/798/744 1110/1110/791 1113/1113/790
f 1128/1128/792 820/819/764 819/820/765
f 819/820/765 1117/1117/793 1128/1128/792
f 1131/1131/779 809/810/755 821/821/766
f 821/821/766 1125/1125/794 1131/1131/779
f 1129/1129/784 813/814/759 810/809/754
f 810/809/754 1130/1130/778 1129/1129/784
f 1121/1121/795 822/822/767 795/794/740
f 795/794/740 1114/1114/796 1121/1121/795
f 1122/1122/798 823/823/768 820/819/764
f 820/819/764 1128/1128/792 1122/1122/798
f 1126/1126/777 807/808/753 812/811/756
f 812/811/756 1127/1127/780 1126/1126/777
f 1107/1107/799 801/802/748 797/796/742
f 797/796/742 1112/1112/800 1107/1107/799
f 1125/1125/794 821/821/766 824/824/769
f 824/824/769 1119/1119/801 1125/1125/794
f 1123/1123/789 817/818/763 808/807/752
f 808/807/752 1124/1124/776 1123/1123/789
f 1116/1116/803 792/793/739 823/823/768
f 823/823/768 1122/1122/798 1116/1116/803
f 1111/1111/804 798/799/745 822/822/767
f 822/822/767 1121/1121/795 1111/1111/804
f 1119/1119/801 824/824/769 816/816/761
f 816/816/761 1120/1120/787 1119/1119/801
f 1117/1117/793 819/820/765 803/803/749
f 803/803/749 1118/1118/771 1117/1117/793
f 1109/1109/805 793/792/738 792/793/739
f 792/793/739 1116/1116/803 1109/1109/805
f 1114/1114/796 795/794/740 794/795/741
f 794/795/741 1115/1115/785 1114/1114/796
f 1112/1112/800 797/796/742 796/797/743
f 796/797/743 1113/1113/790 1112/1112/800
f 1110/1110/791 799/798/744 798/799/745
f 798/799/745 1111/1111/804 1110/1110/791
f 1108/1108/774 800/800/746 793/792/738
f 793/792/738 1109/1109/805 1108/1108/774
f 1106/1106/772 802/801/747 801/802/748
f 801/802/748 1107/1107/799 1106/1106/772
f 895/896/811 910/907/822 909/910/825
f 909/910/825 896/897/812 895/896/811
f 1140/1139/940 1139/1140/941 1031/1032/921
f 1031/1032/921 1034/1031/920 1140/1139/940
f 903/904/819 1141/1141/942 994/991/904
f 994/991/904 904/905/820 903/904/819
f 907/908/823 950/949/864 949/950/865
f 949/950/865 908/909/824 907/908/823
f 1142/1142/943 956/953/868 955/956/871
f 955/956/871 1021/1021/915 1142/1142/943
f 915/916/831 906/903/818 905/906/821
f 905/906/821 916/917/832 915/916/831
f 919/920/835 980/979/894 979/980/895
f 979/980/895 920/921/836 919/920/835
f 1144/1143/944 1143/1144/945 1035/1035/923
f 1035/1035/923 1019/1019/914 1144/1143/944
f 925/926/841 974/973/888 973/974/889
f 973/974/889 926/927/842 925/926/841
f 1145/1145/946 970/967/882 969/970/885
f 969/970/885 1015/1016/913 1145/1145/946
f 1146/1146/947 894/891/806 893/894/809
f 893/894/809 1013/1013/910 1146/1146/947
f 937/938/853 964/961/876 963/964/879
f 963/964/879 938/939/854 937/938/853
f 941/942/857 960/957/872 959/960/875
f 959/960/875 942/943/858 941/942/857
f 945/946/861 1144/1143/944 1019/1019/914
f 1019/1019/914 946/947/862 945/946/861
f 1147/1147/948 978/975/890 977/978/893
f 977/978/893 1025/1023/916 1147/1147/948
f 1139/1140/941 1148/1148/949 1018/1015/912
f 1018/1015/912 1031/1032/921 1139/1140/941
f 953/954/869 1140/1139/940 1034/1031/920
f 1034/1031/920 954/955/870 953/954/869
f 979/980/895 931/932/847 1149/1149/464
f 1149/1149/464 1150/1150/468 979/980/895
f 961/962/877 984/981/896 983/984/897
f 983/984/897 962/963/878 961/962/877
f 1152/1151/950 1151/1152/951 1012/1009/909
f 1012/1009/909 997/997/906 1152/1151/950
f 967/968/883 1153/1153/952 1029/1028/918
f 1029/1028/918 968/969/884 967/968/883
f 971/971/886 914/911/826 913/914/829
f 913/914/829 972/972/887 971/971/886
f 1154/1154/953 1142/1142/943 1021/1021/915
f 1021/1021/915 1002/1002/908 1154/1154/953
f 1143/1144/945 988/985/898 987/988/901
f 987/988/901 1035/1035/923 1143/1144/945
f 975/976/891 948/945/860 947/948/863
f 947/948/863 976/977/892 975/976/891
f 1153/1153/952 1147/1147/948 1025/1023/916
f 1025/1023/916 1029/1028/918 1153/1153/952
f 1141/1141/942 1155/1155/954 991/992/905
f 991/992/905 994/991/904 1141/1141/942
f 1151/1152/951 1156/1156/830 1009/1010/833
f 1009/1010/833 1012/1009/909 1151/1152/951
f 985/986/899 1152/1151/950 997/997/906
f 997/997/906 986/987/900 985/986/899
f 1148/1148/949 1145/1145/946 1015/1016/913
f 1015/1016/913 1018/1015/912 1148/1148/949
f 989/989/902 1154/1154/953 1002/1002/908
f 1002/1002/908 990/990/903 989/989/902
f 1155/1155/954 1146/1146/947 1013/1013/910
f 1013/1013/910 991/992/905 1155/1155/954
f 957/958/873 960/957/872 989/989/902
f 989/989/902 891/892/807 957/958/873
f 932/929/844 980/979/894 1153/1153/952
f 1153/1153/952 967/968/883 932/929/844
f 924/923/838 974/973/888 985/986/899
f 985/986/899 988/985/898 924/923/838
f 940/937/852 933/934/849 1146/1146/947
f 1146/1146/947 1155/1155/954 940/937/852
f 952/951/866 929/930/845 970/967/882
f 970/967/882 1145/1145/946 952/951/866
f 895/896/811 898/895/810 1143/1144/945
f 1143/1144/945 1144/1143/944 895/896/811
f 964/961/876 937/938/853 1141/1141/942
f 1141/1141/942 903/904/819 964/961/876
f 911/912/827 914/911/826 953/954/869
f 953/954/869 956/953/868 911/912/827
f 919/920/835 922/919/834 978/975/890
f 978/975/890 1147/1147/948 919/920/835
f 925/926/841 928/925/840 1151/1152/951
f 1151/1152/951 1152/1151/950 925/926/841
f 936/933/848 957/958/873 891/892/807
f 891/892/807 894/891/806 936/933/848
f 941/942/857 944/941/856 1142/1142/943
f 1142/1142/943 1154/1154/953 941/942/857
f 922/919/834 950/949/864 975/976/891
f 975/976/891 978/975/890 922/919/834
f 914/911/826 971/971/886 1140/1139/940
f 1140/1139/940 953/954/869 914/911/826
f 928/925/840 966/965/880 1156/1156/830
f 1156/1156/830 1151/1152/951 928/925/840
f 944/941/856 911/912/827 956/953/868
f 956/953/868 1142/1142/943 944/941/856
f 980/979/894 919/920/835 1147/1147/948
f 1147/1147/948 1153/1153/952 980/979/894
f 974/973/888 925/926/841 1152/1151/950
f 1152/1151/950 985/986/899 974/973/888
f 933/934/849 936/933/848 894/891/806
f 894/891/806 1146/1146/947 933/934/849
f 899/900/815 902/899/814 1148/1148/949
f 1148/1148/949 1139/1140/941 899/900/815
f 907/908/823 910/907/822 945/946/861
f 945/946/861 948/945/860 907/908/823
f 984/981/896 961/962/877 906/903/818
f 906/903/818 915/916/831 984/981/896
f 898/895/810 924/923/838 988/985/898
f 988/985/898 1143/1144/945 898/895/810
f 929/930/845 932/929/844 967/968/883
f 967/968/883 970/967/882 929/930/845
f 937/938/853 940/937/852 1155/1155/954
f 1155/1155/954 1141/1141/942 937/938/853
f 910/907/822 895/896/811 1144/1143/944
f 1144/1143/944 945/946/861 910/907/822
f 902/899/814 952/951/866 1145/1145/946
f 1145/1145/946 1148/1148/949 902/899/814
f 961/962/877 964/961/876 903/904/819
f 903/904/819 906/903/818 961/962/877
f 971/971/886 899/900/815 1139/1140/941
f 1139/1140/941 1140/1139/940 971/971/886
f 950/949/864 907/908/823 948/945/860
f 948/945/860 975/976/891 950/949/864
f 981/982/880 984/981/896 915/916/831
f 915/916/831 918/915/830 981/982/880
f 960/957/872 941/942/857 1154/1154/953
f 1154/1154/953 989/989/902 960/957/872
f 957/958/873 936/933/848 935/936/851
f 935/936/851 958/959/874 957/958/873
f 900/901/816 972/972/887 1157/1157/454
f 1157/1157/454 1158/1158/456 900/901/816
f 912/913/828 943/944/859 1159/1159/480
f 1159/1159/480 1160/1160/70 912/913/828
f 973/974/889 923/924/839 1161/1161/476
f 1161/1161/476 1162/1162/479 973/974/889
f 908/909/824 949/950/865 1163/1163/477
f 1163/1163/477 1164/1164/467 908/909/824
f 920/921/836 979/980/895 1150/1150/468
f 1150/1150/468 1165/1165/471 920/921/836
f 934/935/850 939/940/855 1166/1166/463
f 1166/1166/463 1167/1167/465 934/935/850
f 983/984/897 982/983/881 1168/1168/452
f 1168/1168/452 1169/1169/455 983/984/897
f 926/927/842 973/974/889 1162/1162/479
f 1162/1162/479 1170/1170/481 926/927/842
f 930/931/846 951/952/867 1171/1171/460
f 1171/1171/460 1172/1172/462 930/931/846
f 942/943/858 959/960/875 1173/1173/475
f 1173/1173/475 1174/1174/478 942/943/858
f 935/936/851 934/935/850 1167/1167/465
f 1167/1167/465 1175/1175/469 935/936/851
f 897/898/813 896/897/812 1176/1176/470
f 1176/1176/470 1177/1177/473 897/898/813
f 901/902/817 900/901/816 1158/1158/456
f 1158/1158/456 1178/1178/458 901/902/817
f 938/939/854 963/964/879 1179/1179/459
f 1179/1179/459 1180/1180/461 938/939/854
f 909/910/825 908/909/824 1164/1164/467
f 1164/1164/467 1181/1181/466 909/910/825
f 913/914/829 912/913/828 1160/1160/70
f 1160/1160/70 1182/1182/69 913/914/829
f 962/963/878 983/984/897 1169/1169/455
f 1169/1169/455 1183/1183/457 962/963/878
f 921/922/837 920/921/836 1165/1165/471
f 1165/1165/471 1184/1184/474 921/922/837
f 923/924/839 897/898/813 1177/1177/473
f 1177/1177/473 1161/1161/476 923/924/839
f 927/928/843 926/927/842 1170/1170/481
f 1170/1170/481 1185/1185/453 927/928/843
f 931/932/847 930/931/846 1172/1172/462
f 1172/1172/462 1149/1149/464 931/932/847
f 958/959/874 935/936/851 1175/1175/469
f 1175/1175/469 1186/1186/472 958/959/874
f 939/940/855 938/939/854 1180/1180/461
f 1180/1180/461 1166/1166/463 939/940/855
f 943/944/859 942/943/858 1174/1174/478
f 1174/1174/478 1159/1159/480 943/944/859
f 896/897/812 909/910/825 1181/1181/466
f 1181/1181/466 1176/1176/470 896/897/812
f 949/950/865 921/922/837 1184/1184/474
f 1184/1184/474 1163/1163/477 949/950/865
f 951/952/867 901/902/817 1178/1178/458
f 1178/1178/458 1171/1171/460 951/952/867
f 972/972/887 913/914/829 1182/1182/69
f 1182/1182/69 1157/1157/454 972/972/887
f 959/960/875 958/959/874 1186/1186/472
f 1186/1186/472 1173/1173/475 959/960/875
f 963/964/879 962/963/878 1183/1183/457
f 1183/1183/457 1179/1179/459 963/964/879
f 965/966/881 927/928/843 1185/1185/453
f 1185/1185/453 1187/1187/705 965/966/881
f 1177/1177/473 1176/1176/470 1188/1188/770
f 1188/1188/770 1189/1189/693 1177/1177/473
f 1169/1169/455 1168/1168/452 1190/1190/691
f 1190/1190/691 1191/1191/690 1169/1169/455
f 1161/1161/476 1177/1177/473 1189/1189/693
f 1189/1189/693 1192/1192/703 1161/1161/476
f 1182/1182/69 1160/1160/70 1193/1193/704
f 1193/1193/704 1194/1194/678 1182/1182/69
f 1176/1176/470 1181/1181/466 1195/1195/682
f 1195/1195/682 1188/1188/770 1176/1176/470
f 1171/1171/460 1178/1178/458 1196/1196/687
f 1196/1196/687 1197/1197/696 1171/1171/460
f 1165/1165/471 1150/1150/468 1198/1198/674
f 1198/1198/674 1199/1199/673 1165/1165/471
f 1166/1166/463 1180/1180/461 1200/1200/697
f 1200/1200/697 1201/1201/695 1166/1166/463
f 1170/1170/481 1162/1162/479 1202/1202/702
f 1202/1202/702 1203/1203/955 1170/1170/481
f 1162/1162/479 1161/1161/476 1192/1192/703
f 1192/1192/703 1202/1202/702 1162/1162/479
f 1160/1160/70 1159/1159/480 1204/1204/701
f 1204/1204/701 1193/1193/704 1160/1160/70
f 1158/1158/456 1157/1157/454 1205/1205/956
f 1205/1205/956 1206/1206/688 1158/1158/456
f 1149/1149/464 1172/1172/462 1207/1207/797
f 1207/1207/797 1208/1208/686 1149/1149/464
f 1175/1175/469 1167/1167/465 1209/1209/957
f 1209/1209/957 1210/1210/680 1175/1175/469
f 1181/1181/466 1164/1164/467 1211/1211/683
f 1211/1211/683 1195/1195/682 1181/1181/466
f 1174/1174/478 1173/1173/475 1212/1212/685
f 1212/1212/685 1213/1213/782 1174/1174/478
f 1180/1180/461 1179/1179/459 1214/1214/675
f 1214/1214/675 1200/1200/697 1180/1180/461
f 1172/1172/462 1171/1171/460 1197/1197/696
f 1197/1197/696 1207/1207/797 1172/1172/462
f 1185/1185/453 1170/1170/481 1203/1203/955
f 1203/1203/955 1215/1215/699 1185/1185/453
f 1157/1157/454 1182/1182/69 1194/1194/678
f 1194/1194/678 1205/1205/956 1157/1157/454
f 1164/1164/467 1163/1163/477 1216/1216/684
f 1216/1216/684 1211/1211/683 1164/1164/467
f 1173/1173/475 1186/1186/472 1217/1217/679
f 1217/1217/679 1212/1212/685 1173/1173/475
f 1179/1179/459 1183/1183/457 1218/1218/958
f 1218/1218/958 1214/1214/675 1179/1179/459
f 1178/1178/458 1158/1158/456 1206/1206/688
f 1206/1206/688 1196/1196/687 1178/1178/458
f 1167/1167/465 1166/1166/463 1201/1201/695
f 1201/1201/695 1209/1209/957 1167/1167/465
f 1187/1187/705 1185/1185/453 1215/1215/699
f 1215/1215/699 1219/1219/691 1187/1187/705
f 1183/1183/457 1169/1169/455 1191/1191/690
f 1191/1191/690 1218/1218/958 1183/1183/457
f 1186/1186/472 1175/1175/469 1210/1210/680
f 1210/1210/680 1217/1217/679 1186/1186/472
f 1163/1163/477 1184/1184/474 1220/1220/959
f 1220/1220/959 1216/1216/684 1163/1163/477
f 1184/1184/474 1165/1165/471 1199/1199/673
f 1199/1199/673 1220/1220/959 1184/1184/474
f 1150/1150/468 1149/1149/464 1208/1208/686
f 1208/1208/686 1198/1198/674 1150/1150/468
f 1159/1159/480 1174/1174/478 1213/1213/782
f 1213/1213/782 1204/1204/701 1159/1159/480
f 1224/1221/960 1221/1222/961 1222/1223/962
f 1222/1223/962 1223/1224/963 1224/1221/960
f 1228/1225/964 1225/1226/965 1226/1227/966
f 1226/1227/966 1227/1228/967 1228/1225/964
f 1232/1229/968 1229/1230/969 1230/1231/970
f 1230/1231/970 1231/1232/971 1232/1229/968
f 1236/1233/972 1233/1234/973 1234/1235/974
f 1234/1235/974 1235/1236/975 1236/1233/972
f 1240/1237/976 1237/1238/977 1238/1239/978
f 1238/1239/978 1239/1240/979 1240/1237/976
f 1234/1235/974 1241/1241/980 1242/1242/981
f 1242/1242/981 1235/1236/975 1234/1235/974
f 1246/1243/982 1243/1244/983 1244/1245/984
f 1244/1245/984 1245/1246/985 1246/1243/982
f 1250/1247/986 1247/1248/987 1248/1249/988
f 1248/1249/988 1249/1250/989 1250/1247/986
f 1253/1251/990 1251/1252/991 1222/1223/962
f 1222/1223/962 1252/1253/992 1253/1251/990
f 1257/1254/993 1254/1255/994 1255/1256/995
f 1255/1256/995 1256/1257/996 1257/1254/993
f 1261/1258/997 1258/1259/998 1259/1260/999
f 1259/1260/999 1260/1261/1000 1261/1258/997
f 1265/1262/1001 1262/1263/1002 1263/1264/1003
f 1263/1264/1003 1264/1265/1004 1265/1262/1001
f 1269/1266/1005 1266/1267/1006 1267/1268/1007
f 1267/1268/1007 1268/1269/777 1269/1266/1005
f 1273/1270/1008 1270/1271/1009 1271/1272/1010
f 1271/1272/1010 1272/1273/1011 1273/1270/1008
f 1275/1274/1012 1274/1275/1013 1246/1243/982
f 1246/1243/982 1245/1246/985 1275/1274/1012
f 1279/1276/1014 1276/1277/1015 1277/1278/1016
f 1277/1278/1016 1278/1279/801 1279/1276/1014
f 1283/1280/1017 1280/1281/1018 1281/1282/1019
f 1281/1282/1019 1282/1283/1020 1283/1280/1017
f 1287/1284/1021 1284/1285/1022 1285/1286/1023
f 1285/1286/1023 1286/1287/1024 1287/1284/1021
f 1291/1288/1025 1288/1289/1026 1289/1290/1027
f 1289/1290/1027 1290/1291/792 1291/1288/1025
f 1295/1292/1028 1292/1293/1029 1293/1294/1030
f 1293/1294/1030 1294/1295/1031 1295/1292/1028
f 1299/1296/1032 1296/1297/1033 1297/1298/1034
f 1297/1298/1034 1298/1299/1035 1299/1296/1032
f 1303/1300/1036 1300/1301/1037 1301/1302/1038
f 1301/1302/1038 1302/1303/804 1303/1300/1036
f 1307/1304/1039 1304/1305/1040 1305/1306/1041
f 1305/1306/1041 1306/1307/1042 1307/1304/1039
f 1309/1308/1043 1308/1309/1044 1242/1242/981
f 1242/1242/981 1252/1253/992 1309/1308/1043
f 1311/1310/786 1310/1311/1045 1308/1309/1044
f 1308/1309/1044 1309/1308/1043 1311/1310/786
f 1310/1311/1045 1312/1312/777 1236/1233/972
f 1236/1233/972 1308/1309/1044 1310/1311/1045
f 1308/1309/1044 1236/1233/972 1235/1236/975
f 1235/1236/975 1242/1242/981 1308/1309/1044
f 1314/1313/1046 1313/1314/1047 1304/1305/1040
f 1304/1305/1040 1307/1304/1039 1314/1313/1046
f 1313/1314/1047 1315/1315/1048 1269/1266/1005
f 1269/1266/1005 1304/1305/1040 1313/1314/1047
f 1304/1305/1040 1269/1266/1005 1268/1269/777
f 1268/1269/777 1305/1306/1041 1304/1305/1040
f 1317/1316/1049 1316/1317/1050 1300/1301/1037
f 1300/1301/1037 1303/1300/1036 1317/1316/1049
f 1316/1317/1050 1314/1313/1046 1307/1304/1039
f 1307/1304/1039 1300/1301/1037 1316/1317/1050
f 1300/1301/1037 1307/1304/1039 1306/1307/1042
f 1306/1307/1042 1301/1302/1038 1300/1301/1037
f 1319/1318/799 1318/1319/1051 1296/1297/1033
f 1296/1297/1033 1299/1296/1032 1319/1318/799
f 1318/1319/1051 1320/1320/804 1224/1221/960
f 1224/1221/960 1296/1297/1033 1318/1319/1051
f 1296/1297/1033 1224/1221/960 1223/1224/963
f 1223/1224/963 1297/1298/1034 1296/1297/1033
f 1322/1321/1052 1321/1322/1053 1292/1293/1029
f 1292/1293/1029 1295/1292/1028 1322/1321/1052
f 1321/1322/1053 1317/1316/1049 1303/1300/1036
f 1303/1300/1036 1292/1293/1029 1321/1322/1053
f 1292/1293/1029 1303/1300/1036 1302/1303/804
f 1302/1303/804 1293/1294/1030 1292/1293/1029
f 1324/1323/1054 1323/1324/1055 1288/1289/1026
f 1288/1289/1026 1291/1288/1025 1324/1323/1054
f 1323/1324/1055 1322/1321/1052 1295/1292/1028
f 1295/1292/1028 1288/1289/1026 1323/1324/1055
f 1288/1289/1026 1295/1292/1028 1294/1295/1031
f 1294/1295/1031 1289/1290/1027 1288/1289/1026
f 1326/1325/774 1325/1326/1056 1284/1285/1022
f 1284/1285/1022 1287/1284/1021 1326/1325/774
f 1325/1326/1056 1327/1327/792 1228/1225/964
f 1228/1225/964 1284/1285/1022 1325/1326/1056
f 1284/1285/1022 1228/1225/964 1227/1228/967
f 1227/1228/967 1285/1286/1023 1284/1285/1022
f 1264/1265/1004 1263/1264/1003 1280/1281/1018
f 1280/1281/1018 1283/1280/1017 1264/1265/1004
f 1263/1264/1003 1324/1323/1054 1291/1288/1025
f 1291/1288/1025 1280/1281/1018 1263/1264/1003
f 1280/1281/1018 1291/1288/1025 1290/1291/792
f 1290/1291/792 1281/1282/1019 1280/1281/1018
f 1239/1240/979 1238/1239/978 1276/1277/1015
f 1276/1277/1015 1279/1276/1014 1239/1240/979
f 1238/1239/978 1264/1265/1004 1283/1280/1017
f 1283/1280/1017 1276/1277/1015 1238/1239/978
f 1276/1277/1015 1283/1280/1017 1282/1283/1020
f 1282/1283/1020 1277/1278/1016 1276/1277/1015
f 1329/1328/784 1328/1329/1057 1274/1275/1013
f 1274/1275/1013 1275/1274/1012 1329/1328/784
f 1328/1329/1057 1330/1330/801 1232/1229/968
f 1232/1229/968 1274/1275/1013 1328/1329/1057
f 1274/1275/1013 1232/1229/968 1231/1232/971
f 1231/1232/971 1246/1243/982 1274/1275/1013
f 1256/1257/996 1240/1237/976 1270/1271/1009
f 1270/1271/1009 1273/1270/1008 1256/1257/996
f 1240/1237/976 1239/1240/979 1279/1276/1014
f 1279/1276/1014 1270/1271/1009 1240/1237/976
f 1270/1271/1009 1279/1276/1014 1278/1279/801
f 1278/1279/801 1271/1272/1010 1270/1271/1009
f 1315/1315/1048 1257/1254/993 1266/1267/1006
f 1266/1267/1006 1269/1266/1005 1315/1315/1048
f 1257/1254/993 1256/1257/996 1273/1270/1008
f 1273/1270/1008 1266/1267/1006 1257/1254/993
f 1266/1267/1006 1273/1270/1008 1272/1273/1011
f 1272/1273/1011 1267/1268/1007 1266/1267/1006
f 1260/1261/1000 1259/1260/999 1262/1263/1002
f 1262/1263/1002 1265/1262/1001 1260/1261/1000
f 1259/1260/999 1322/1321/1052 1323/1324/1055
f 1323/1324/1055 1262/1263/1002 1259/1260/999
f 1262/1263/1002 1323/1324/1055 1324/1323/1054
f 1324/1323/1054 1263/1264/1003 1262/1263/1002
f 1314/1313/1046 1316/1317/1050 1258/1259/998
f 1258/1259/998 1261/1258/997 1314/1313/1046
f 1316/1317/1050 1317/1316/1049 1321/1322/1053
f 1321/1322/1053 1258/1259/998 1316/1317/1050
f 1258/1259/998 1321/1322/1053 1322/1321/1052
f 1322/1321/1052 1259/1260/999 1258/1259/998
f 1315/1315/1048 1313/1314/1047 1254/1255/994
f 1254/1255/994 1257/1254/993 1315/1315/1048
f 1313/1314/1047 1314/1313/1046 1261/1258/997
f 1261/1258/997 1254/1255/994 1313/1314/1047
f 1254/1255/994 1261/1258/997 1260/1261/1000
f 1260/1261/1000 1255/1256/995 1254/1255/994
f 1249/1250/989 1248/1249/988 1251/1252/991
f 1251/1252/991 1253/1251/990 1249/1250/989
f 1248/1249/988 1298/1299/1035 1297/1298/1034
f 1297/1298/1034 1251/1252/991 1248/1249/988
f 1251/1252/991 1297/1298/1034 1223/1224/963
f 1223/1224/963 1222/1223/962 1251/1252/991
f 1286/1287/1024 1285/1286/1023 1247/1248/987
f 1247/1248/987 1250/1247/986 1286/1287/1024
f 1285/1286/1023 1227/1228/967 1226/1227/966
f 1226/1227/966 1247/1248/987 1285/1286/1023
f 1247/1248/987 1226/1227/966 1298/1299/1035
f 1298/1299/1035 1248/1249/988 1247/1248/987
f 1231/1232/971 1230/1231/970 1243/1244/983
f 1243/1244/983 1246/1243/982 1231/1232/971
f 1230/1231/970 1286/1287/1024 1250/1247/986
f 1250/1247/986 1243/1244/983 1230/1231/970
f 1243/1244/983 1250/1247/986 1249/1250/989
f 1249/1250/989 1244/1245/984 1243/1244/983
f 1245/1246/985 1244/1245/984 1241/1241/980
f 1241/1241/980 1234/1235/974 1245/1246/985
f 1244/1245/984 1249/1250/989 1253/1251/990
f 1253/1251/990 1241/1241/980 1244/1245/984
f 1241/1241/980 1253/1251/990 1252/1253/992
f 1252/1253/992 1242/1242/981 1241/1241/980
f 1256/1257/996 1255/1256/995 1237/1238/977
f 1237/1238/977 1240/1237/976 1256/1257/996
f 1255/1256/995 1260/1261/1000 1265/1262/1001
f 1265/1262/1001 1237/1238/977 1255/1256/995
f 1237/1238/977 1265/1262/1001 1264/1265/1004
f 1264/1265/1004 1238/1239/978 1237/1238/977
f 1312/1312/777 1331/1331/1058 1233/1234/973
f 1233/1234/973 1236/1233/972 1312/1312/777
f 1331/1331/1058 1329/1328/784 1275/1274/1012
f 1275/1274/1012 1233/1234/973 1331/1331/1058
f 1233/1234/973 1275/1274/1012 1245/1246/985
f 1245/1246/985 1234/1235/974 1233/1234/973
f 1330/1330/801 1332/1332/1059 1229/1230/969
f 1229/1230/969 1232/1229/968 1330/1330/801
f 1332/1332/1059 1326/1325/774 1287/1284/1021
f 1287/1284/1021 1229/1230/969 1332/1332/1059
f 1229/1230/969 1287/1284/1021 1286/1287/1024
f 1286/1287/1024 1230/1231/970 1229/1230/969
f 1327/1327/792 1333/1333/1060 1225/1226/965
f 1225/1226/965 1228/1225/964 1327/1327/792
f 1333/1333/1060 1319/1318/799 1299/1296/1032
f 1299/1296/1032 1225/1226/965 1333/1333/1060
f 1225/1226/965 1299/1296/1032 1298/1299/1035
f 1298/1299/1035 1226/1227/966 1225/1226/965
f 1320/1320/804 1334/1334/1061 1221/1222/961
f 1221/1222/961 1224/1221/960 1320/1320/804
f 1334/1334/1061 1311/1310/786 1309/1308/1043
f 1309/1308/1043 1221/1222/961 1334/1334/1061
f 1221/1222/961 1309/1308/1043 1252/1253/992
f 1252/1253/992 1222/1223/962 1221/1222/961
f 1338/1335/700 1335/1336/1062 1336/1337/989
f 1336/1337/989 1337/1338/989 1338/1335/700
f 1342/1339/696 1339/1340/1063 1340/1341/989
f 1340/1341/989 1341/1342/989 1342/1339/696
f 1346/1343/770 1343/1344/1064 1344/1345/989
f 1344/1345/989 1345/1346/989 1346/1343/770
f 1350/1347/1065 1347/1348/1066 1348/1349/989
f 1348/1349/989 1349/1350/989 1350/1347/1065
f 1354/1351/1067 1351/1352/797 1352/1353/989
f 1352/1353/989 1353/1354/989 1354/1351/1067
f 1358/1355/1068 1355/1356/1069 1356/1357/989
f 1356/1357/989 1357/1358/989 1358/1355/1068
f 1362/1359/1070 1359/1360/1071 1360/1361/989
f 1360/1361/989 1361/1362/989 1362/1359/1070
f 1366/1363/703 1363/1364/1072 1364/1365/989
f 1364/1365/989 1365/1366/989 1366/1363/703
f 1370/1367/1073 1367/1368/690 1368/1369/989
f 1368/1369/989 1369/1370/989 1370/1367/1073
f 1355/1356/1069 1370/1367/1073 1369/1370/989
f 1369/1370/989 1356/1357/989 1355/1356/1069
f 1351/1352/797 1342/1339/696 1341/1342/989
f 1341/1342/989 1352/1353/989 1351/1352/797
f 1363/1364/1072 1346/1343/770 1345/1346/989
f 1345/1346/989 1364/1365/989 1363/1364/1072
f 1374/1371/959 1371/1372/1074 1372/1373/989
f 1372/1373/989 1373/1374/989 1374/1371/959
f 1378/1375/1075 1375/1376/1076 1376/1377/989
f 1376/1377/989 1377/1378/989 1378/1375/1075
f 1335/1336/1062 1366/1363/703 1365/1366/989
f 1365/1366/989 1336/1337/989 1335/1336/1062
f 1343/1344/1064 1362/1359/1070 1361/1362/989
f 1361/1362/989 1344/1345/989 1343/1344/1064
f 1382/1379/1077 1379/1380/1078 1380/1381/989
f 1380/1381/989 1381/1382/989 1382/1379/1077
f 1367/1368/690 1382/1379/1077 1381/1382/989
f 1381/1382/989 1368/1369/989 1367/1368/690
f 1359/1360/1071 1374/1371/959 1373/1374/989
f 1373/1374/989 1360/1361/989 1359/1360/1071
f 1339/1340/1063 1350/1347/1065 1349/1350/989
f 1349/1350/989 1340/1341/989 1339/1340/1063
f 1347/1348/1066 1383/1383/1079 1384/1384/989
f 1384/1384/989 1348/1349/989 1347/1348/1066
f 1386/1385/1080 1378/1375/1075 1377/1378/989
f 1377/1378/989 1385/1386/989 1386/1385/1080
f 1383/1383/1079 1386/1385/1080 1385/1386/989
f 1385/1386/989 1384/1384/989 1383/1383/1079
f 1390/1387/1081 1387/1388/1082 1388/1389/989
f 1388/1389/989 1389/1390/989 1390/1387/1081
f 1394/1391/685 1391/1392/1083 1392/1393/989
f 1392/1393/989 1393/1394/989 1394/1391/685
f 1379/1380/1078 1338/1335/700 1337/1338/989
f 1337/1338/989 1380/1381/989 1379/1380/1078
f 1396/1395/1084 1390/1387/1081 1389/1390/989
f 1389/1390/989 1395/1396/989 1396/1395/1084
f 1375/1376/1076 1394/1391/685 1393/1394/989
f 1393/1394/989 1376/1377/989 1375/1376/1076
f 1371/1372/1074 1397/1397/1085 1398/1398/989
f 1398/1398/989 1372/1373/989 1371/1372/1074
f 1397/1397/1085 1354/1351/1067 1353/1354/989
f 1353/1354/989 1398/1398/989 1397/1397/1085
f 1391/1392/1083 1396/1395/1084 1395/1396/989
f 1395/1396/989 1392/1393/989 1391/1392/1083
f 1387/1388/1082 1358/1355/1068 1357/1358/989
f 1357/1358/989 1388/1389/989 1387/1388/1082
f 1402/1399/1086 1399/1400/1087 1400/1401/1088
f 1400/1401/1088 1401/1402/1089 1402/1399/1086
f 1406/1403/1090 1403/1404/1091 1404/1405/1092
f 1404/1405/1092 1405/1406/1093 1406/1403/1090
f 1410/1407/1094 1407/1408/1095 1408/1409/1096
f 1408/1409/1096 1409/1410/1097 1410/1407/1094
f 1414/1411/1098 1411/1412/1099 1412/1413/1100
f 1412/1413/1100 1413/1414/1101 1414/1411/1098
f 1418/1415/1102 1415/1416/1103 1416/1417/1104
f 1416/1417/1104 1417/1418/1105 1418/1415/1102
f 1421/1419/1106 1405/1406/1093 1419/1420/1107
f 1419/1420/1107 1420/1421/1108 1421/1419/1106
f 1425/1422/1109 1422/1423/1110 1423/1424/1111
f 1423/1424/1111 1424/1425/1112 1425/1422/1109
f 1429/1426/1113 1426/1427/1114 1427/1428/1115
f 1427/1428/1115 1428/1429/1116 1429/1426/1113
f 1433/1430/1117 1430/1431/1118 1431/1432/1119
f 1431/1432/1119 1432/1433/1113 1433/1430/1117
f 1436/1434/1120 1434/1435/1121 1435/1436/1122
f 1435/1436/1122 1415/1416/1103 1436/1434/1120
f 1404/1405/1092 1437/1437/1123 1438/1438/1124
f 1438/1438/1124 1439/1439/1125 1404/1405/1092
f 1405/1406/1093 1404/1405/1092 1439/1439/1125
f 1439/1439/1125 1419/1420/1107 1405/1406/1093
f 1443/1440/1126 1440/1441/1127 1441/1442/1128
f 1441/1442/1128 1442/1443/1129 1443/1440/1126
f 1415/1416/1103 1435/1436/1122 1444/1444/1130
f 1444/1444/1130 1416/1417/1104 1415/1416/1103
f 1446/1445/1131 1445/1446/1132 1403/1404/1091
f 1403/1404/1091 1406/1403/1090 1446/1445/1131
f 1444/1444/1130 1447/1447/1133 1448/1448/1134
f 1448/1448/1134 1449/1449/1135 1444/1444/1130
f 1442/1443/1129 1441/1442/1128 1434/1435/1121
f 1434/1435/1121 1436/1434/1120 1442/1443/1129
f 1403/1404/1091 1450/1450/1136 1437/1437/1123
f 1437/1437/1123 1404/1405/1092 1403/1404/1091
f 1453/1451/1137 1449/1449/1135 1451/1452/1138
f 1451/1452/1138 1452/1453/1139 1453/1451/1137
f 1445/1446/1132 1454/1454/1140 1450/1450/1136
f 1450/1450/1136 1403/1404/1091 1445/1446/1132
f 1440/1441/1127 1455/1455/1141 1456/1456/1142
f 1456/1456/1142 1441/1442/1128 1440/1441/1127
f 1416/1417/1104 1444/1444/1130 1449/1449/1135
f 1449/1449/1135 1453/1451/1137 1416/1417/1104
f 1452/1453/1139 1451/1452/1138 1457/1457/1143
f 1457/1457/1143 1458/1458/1144 1452/1453/1139
f 1460/1459/1145 1459/1460/1146 1445/1446/1132
f 1445/1446/1132 1446/1445/1131 1460/1459/1145
f 1435/1436/1122 1461/1461/1147 1447/1447/1133
f 1447/1447/1133 1444/1444/1130 1435/1436/1122
f 1451/1452/1138 1462/1462/1148 1463/1463/1149
f 1463/1463/1149 1457/1457/1143 1451/1452/1138
f 1434/1435/1121 1464/1464/1150 1461/1461/1147
f 1461/1461/1147 1435/1436/1122 1434/1435/1121
f 1441/1442/1128 1456/1456/1142 1464/1464/1150
f 1464/1464/1150 1434/1435/1121 1441/1442/1128
f 1449/1449/1135 1448/1448/1134 1462/1462/1148
f 1462/1462/1148 1451/1452/1138 1449/1449/1135
f 1439/1439/1125 1438/1438/1124 1455/1455/1141
f 1455/1455/1141 1440/1441/1127 1439/1439/1125
f 1428/1429/1116 1427/1428/1115 1465/1465/1151
f 1465/1465/1151 1459/1460/1146 1428/1429/1116
f 1419/1420/1107 1439/1439/1125 1440/1441/1127
f 1440/1441/1127 1443/1440/1126 1419/1420/1107
f 1469/1466/1152 1466/1467/1153 1467/1468/1154
f 1467/1468/1154 1468/1469/1155 1469/1466/1152
f 1471/1470/1156 1442/1443/1129 1436/1434/1120
f 1436/1434/1120 1470/1471/1157 1471/1470/1156
f 1473/1472/1158 1472/1473/1159 1411/1412/1099
f 1411/1412/1099 1414/1411/1098 1473/1472/1158
f 1467/1468/1154 1428/1429/1116 1459/1460/1146
f 1459/1460/1146 1460/1459/1145 1467/1468/1154
f 1475/1474/1160 1460/1459/1145 1446/1445/1131
f 1446/1445/1131 1474/1475/1161 1475/1474/1160
f 1459/1460/1146 1465/1465/1151 1454/1454/1140
f 1454/1454/1140 1445/1446/1132 1459/1460/1146
f 1409/1410/1097 1408/1409/1096 1476/1476/1162
f 1476/1476/1162 1477/1477/1163 1409/1410/1097
f 1478/1478/1164 1406/1403/1090 1405/1406/1093
f 1405/1406/1093 1421/1419/1106 1478/1478/1164
f 1481/1479/1165 1458/1458/1144 1479/1480/1166
f 1479/1480/1166 1480/1481/1167 1481/1479/1165
f 1420/1421/1108 1419/1420/1107 1443/1440/1126
f 1443/1440/1126 1482/1482/1168 1420/1421/1108
f 1482/1482/1168 1443/1440/1126 1442/1443/1129
f 1442/1443/1129 1471/1470/1156 1482/1482/1168
f 1458/1458/1144 1457/1457/1143 1433/1430/1117
f 1433/1430/1117 1479/1480/1166 1458/1458/1144
f 1484/1483/1169 1453/1451/1137 1452/1453/1139
f 1452/1453/1139 1483/1484/1170 1484/1483/1169
f 1457/1457/1143 1463/1463/1149 1430/1431/1118
f 1430/1431/1118 1433/1430/1117 1457/1457/1143
f 1479/1480/1166 1433/1430/1117 1432/1433/1113
f 1432/1433/1113 1485/1485/1153 1479/1480/1166
f 1489/1486/1171 1486/1487/1172 1487/1488/1173
f 1487/1488/1173 1488/1489/1174 1489/1486/1171
f 1417/1418/1105 1416/1417/1104 1453/1451/1137
f 1453/1451/1137 1484/1483/1169 1417/1418/1105
f 1493/1490/1175 1490/1491/1176 1491/1492/1177
f 1491/1492/1177 1492/1493/1178 1493/1490/1175
f 1497/1494/1179 1494/1495/1180 1495/1496/1181
f 1495/1496/1181 1496/1497/1182 1497/1494/1179
f 1501/1498/1183 1498/1499/1184 1499/1500/1185
f 1499/1500/1185 1500/1501/1186 1501/1498/1183
f 1505/1502/1187 1502/1503/1188 1503/1504/1189
f 1503/1504/1189 1504/1505/1190 1505/1502/1187
f 1507/1506/1191 1506/1507/1162 1490/1491/1176
f 1490/1491/1176 1493/1490/1175 1507/1506/1191
f 1413/1414/1101 1412/1413/1100 1422/1423/1110
f 1422/1423/1110 1425/1422/1109 1413/1414/1101
f 1496/1497/1182 1495/1496/1181 1407/1408/1095
f 1407/1408/1095 1410/1407/1094 1496/1497/1182
f 1511/1508/1192 1508/1509/1193 1509/1510/1194
f 1509/1510/1194 1510/1511/1195 1511/1508/1192
f 1470/1471/1157 1436/1434/1120 1415/1416/1103
f 1415/1416/1103 1418/1415/1102 1470/1471/1157
f 1480/1481/1167 1479/1480/1166 1485/1485/1153
f 1485/1485/1153 1512/1512/1196 1480/1481/1167
f 1468/1469/1155 1467/1468/1154 1460/1459/1145
f 1460/1459/1145 1475/1474/1160 1468/1469/1155
f 1483/1484/1170 1452/1453/1139 1458/1458/1144
f 1458/1458/1144 1481/1479/1165 1483/1484/1170
f 1474/1475/1161 1446/1445/1131 1406/1403/1090
f 1406/1403/1090 1478/1478/1164 1474/1475/1161
f 1466/1467/1153 1429/1426/1113 1428/1429/1116
f 1428/1429/1116 1467/1468/1154 1466/1467/1153
f 1514/1513/1197 1475/1474/1160 1474/1475/1161
f 1474/1475/1161 1513/1514/1198 1514/1513/1197
f 1516/1515/1199 1514/1513/1197 1513/1514/1198
f 1513/1514/1198 1515/1516/1200 1516/1515/1199
f 1518/1517/1201 1516/1515/1199 1515/1516/1200
f 1515/1516/1200 1517/1518/1202 1518/1517/1201
f 1520/1519/1203 1518/1517/1201 1517/1518/1202
f 1517/1518/1202 1519/1520/1204 1520/1519/1203
f 1491/1492/1177 1520/1519/1203 1519/1520/1204
f 1519/1520/1204 1399/1400/1087 1491/1492/1177
f 1486/1487/1172 1511/1508/1192 1510/1511/1195
f 1510/1511/1195 1487/1488/1173 1486/1487/1172
f 1522/1521/1205 1470/1471/1157 1418/1415/1102
f 1418/1415/1102 1521/1522/1206 1522/1521/1205
f 1524/1523/1207 1522/1521/1205 1521/1522/1206
f 1521/1522/1206 1523/1524/1208 1524/1523/1207
f 1526/1525/1209 1524/1523/1207 1523/1524/1208
f 1523/1524/1208 1525/1526/1210 1526/1525/1209
f 1528/1527/1211 1526/1525/1209 1525/1526/1210
f 1525/1526/1210 1527/1528/1212 1528/1527/1211
f 1423/1424/1111 1528/1527/1211 1527/1528/1212
f 1527/1528/1212 1529/1529/1213 1423/1424/1111
f 1505/1502/1187 1504/1505/1190 1499/1500/1185
f 1499/1500/1185 1498/1499/1184 1505/1502/1187
f 1531/1530/1214 1481/1479/1165 1480/1481/1167
f 1480/1481/1167 1530/1531/1215 1531/1530/1214
f 1533/1532/1216 1531/1530/1214 1530/1531/1215
f 1530/1531/1215 1532/1533/1217 1533/1532/1216
f 1535/1534/1218 1533/1532/1216 1532/1533/1217
f 1532/1533/1217 1534/1535/1219 1535/1534/1218
f 1537/1536/1220 1535/1534/1218 1534/1535/1219
f 1534/1535/1219 1536/1537/1221 1537/1536/1220
f 1407/1408/1095 1537/1536/1220 1536/1537/1221
f 1536/1537/1221 1408/1409/1096 1407/1408/1095
f 1541/1538/1222 1538/1539/1223 1539/1540/1224
f 1539/1540/1224 1540/1541/1225 1541/1538/1222
f 1543/1542/1226 1482/1482/1168 1471/1470/1156
f 1471/1470/1156 1542/1543/1227 1543/1542/1226
f 1545/1544/1228 1543/1542/1226 1542/1543/1227
f 1542/1543/1227 1544/1545/1229 1545/1544/1228
f 1547/1546/1230 1545/1544/1228 1544/1545/1229
f 1544/1545/1229 1546/1547/1231 1547/1546/1230
f 1549/1548/1232 1547/1546/1230 1546/1547/1231
f 1546/1547/1231 1548/1549/1233 1549/1548/1232
f 1412/1413/1100 1549/1548/1232 1548/1549/1233
f 1548/1549/1233 1422/1423/1110 1412/1413/1100
f 1553/1550/1234 1550/1551/1235 1551/1552/1236
f 1551/1552/1236 1552/1553/1237 1553/1550/1234
f 1555/1554/1238 1469/1466/1152 1468/1469/1155
f 1468/1469/1155 1554/1555/1239 1555/1554/1238
f 1557/1556/1240 1555/1554/1238 1554/1555/1239
f 1554/1555/1239 1556/1557/1241 1557/1556/1240
f 1559/1558/1242 1557/1556/1240 1556/1557/1241
f 1556/1557/1241 1558/1559/1243 1559/1558/1242
f 1561/1560/1244 1559/1558/1242 1558/1559/1243
f 1558/1559/1243 1560/1561/1245 1561/1560/1244
f 1506/1507/1162 1561/1560/1244 1560/1561/1245
f 1560/1561/1245 1490/1491/1176 1506/1507/1162
f 1565/1562/1246 1562/1563/1247 1563/1564/1248
f 1563/1564/1248 1564/1565/1249 1565/1562/1246
f 1567/1566/1250 1478/1478/1164 1421/1419/1106
f 1421/1419/1106 1566/1567/1251 1567/1566/1250
f 1569/1568/1252 1567/1566/1250 1566/1567/1251
f 1566/1567/1251 1568/1569/1253 1569/1568/1252
f 1571/1570/1254 1569/1568/1252 1568/1569/1253
f 1568/1569/1253 1570/1571/1255 1571/1570/1254
f 1573/1572/1256 1571/1570/1254 1570/1571/1255
f 1570/1571/1255 1572/1573/1257 1573/1572/1256
f 1400/1401/1088 1573/1572/1256 1572/1573/1257
f 1572/1573/1257 1472/1473/1159 1400/1401/1088
f 1575/1574/1258 1489/1486/1171 1488/1489/1174
f 1488/1489/1174 1574/1575/1259 1575/1574/1258
f 1576/1576/1260 1483/1484/1170 1481/1479/1165
f 1481/1479/1165 1531/1530/1214 1576/1576/1260
f 1577/1577/1261 1576/1576/1260 1531/1530/1214
f 1531/1530/1214 1533/1532/1216 1577/1577/1261
f 1578/1578/1262 1577/1577/1261 1533/1532/1216
f 1533/1532/1216 1535/1534/1218 1578/1578/1262
f 1579/1579/1263 1578/1578/1262 1535/1534/1218
f 1535/1534/1218 1537/1536/1220 1579/1579/1263
f 1495/1496/1181 1579/1579/1263 1537/1536/1220
f 1537/1536/1220 1407/1408/1095 1495/1496/1181
f 1538/1539/1223 1580/1580/1264 1581/1581/1265
f 1581/1581/1265 1539/1540/1224 1538/1539/1223
f 1583/1582/1266 1417/1418/1105 1484/1483/1169
f 1484/1483/1169 1582/1583/1267 1583/1582/1266
f 1585/1584/1268 1583/1582/1266 1582/1583/1267
f 1582/1583/1267 1584/1585/1269 1585/1584/1268
f 1587/1586/1270 1585/1584/1268 1584/1585/1269
f 1584/1585/1269 1586/1587/1271 1587/1586/1270
f 1589/1588/1272 1587/1586/1270 1586/1587/1271
f 1586/1587/1271 1588/1589/1273 1589/1588/1272
f 1590/1590/1274 1589/1588/1272 1588/1589/1273
f 1588/1589/1273 1494/1495/1180 1590/1590/1274
f 1580/1580/1264 1501/1498/1183 1500/1501/1186
f 1500/1501/1186 1581/1581/1265 1580/1580/1264
f 1554/1555/1239 1468/1469/1155 1475/1474/1160
f 1475/1474/1160 1514/1513/1197 1554/1555/1239
f 1556/1557/1241 1554/1555/1239 1514/1513/1197
f 1514/1513/1197 1516/1515/1199 1556/1557/1241
f 1558/1559/1243 1556/1557/1241 1516/1515/1199
f 1516/1515/1199 1518/1517/1201 1558/1559/1243
f 1560/1561/1245 1558/1559/1243 1518/1517/1201
f 1518/1517/1201 1520/1519/1203 1560/1561/1245
f 1490/1491/1176 1560/1561/1245 1520/1519/1203
f 1520/1519/1203 1491/1492/1177 1490/1491/1176
f 1508/1509/1193 1565/1562/1246 1564/1565/1249
f 1564/1565/1249 1509/1510/1194 1508/1509/1193
f 1591/1591/1275 1420/1421/1108 1482/1482/1168
f 1482/1482/1168 1543/1542/1226 1591/1591/1275
f 1592/1592/1276 1591/1591/1275 1543/1542/1226
f 1543/1542/1226 1545/1544/1228 1592/1592/1276
f 1593/1593/1277 1592/1592/1276 1545/1544/1228
f 1545/1544/1228 1547/1546/1230 1593/1593/1277
f 1594/1594/1278 1593/1593/1277 1547/1546/1230
f 1547/1546/1230 1549/1548/1232 1594/1594/1278
f 1411/1412/1099 1594/1594/1278 1549/1548/1232
f 1549/1548/1232 1412/1413/1100 1411/1412/1099
f 1550/1551/1235 1575/1574/1258 1574/1575/1259
f 1574/1575/1259 1551/1552/1236 1550/1551/1235
f 1530/1531/1215 1480/1481/1167 1512/1512/1196
f 1512/1512/1196 1595/1595/1238 1530/1531/1215
f 1532/1533/1217 1530/1531/1215 1595/1595/1238
f 1595/1595/1238 1596/1596/1279 1532/1533/1217
f 1534/1535/1219 1532/1533/1217 1596/1596/1279
f 1596/1596/1279 1597/1597/1280 1534/1535/1219
f 1536/1537/1221 1534/1535/1219 1597/1597/1280
f 1597/1597/1280 1598/1598/1281 1536/1537/1221
f 1408/1409/1096 1536/1537/1221 1598/1598/1281
f 1598/1598/1281 1476/1476/1162 1408/1409/1096
f 1600/1599/1247 1541/1538/1222 1540/1541/1225
f 1540/1541/1225 1599/1600/1248 1600/1599/1247
f 1542/1543/1227 1471/1470/1156 1470/1471/1157
f 1470/1471/1157 1522/1521/1205 1542/1543/1227
f 1544/1545/1229 1542/1543/1227 1522/1521/1205
f 1522/1521/1205 1524/1523/1207 1544/1545/1229
f 1546/1547/1231 1544/1545/1229 1524/1523/1207
f 1524/1523/1207 1526/1525/1209 1546/1547/1231
f 1548/1549/1233 1546/1547/1231 1526/1525/1209
f 1526/1525/1209 1528/1527/1211 1548/1549/1233
f 1422/1423/1110 1548/1549/1233 1528/1527/1211
f 1528/1527/1211 1423/1424/1111 1422/1423/1110
f 1502/1503/1188 1553/1550/1234 1552/1553/1237
f 1552/1553/1237 1503/1504/1189 1502/1503/1188
f 1513/1514/1198 1474/1475/1161 1478/1478/1164
f 1478/1478/1164 1567/1566/1250 1513/1514/1198
f 1515/1516/1200 1513/1514/1198 1567/1566/1250
f 1567/1566/1250 1569/1568/1252 1515/1516/1200
f 1517/1518/1202 1515/1516/1200 1569/1568/1252
f 1569/1568/1252 1571/1570/1254 1517/1518/1202
f 1519/1520/1204 1517/1518/1202 1571/1570/1254
f 1571/1570/1254 1573/1572/1256 1519/1520/1204
f 1399/1400/1087 1519/1520/1204 1573/1572/1256
f 1573/1572/1256 1400/1401/1088 1399/1400/1087
f 1492/1493/1178 1491/1492/1177 1399/1400/1087
f 1399/1400/1087 1402/1399/1086 1492/1493/1178
f 1566/1567/1251 1421/1419/1106 1420/1421/1108
f 1420/1421/1108 1591/1591/1275 1566/1567/1251
f 1568/1569/1253 1566/1567/1251 1591/1591/1275
f 1591/1591/1275 1592/1592/1276 1568/1569/1253
f 1570/1571/1255 1568/1569/1253 1592/1592/1276
f 1592/1592/1276 1593/1593/1277 1570/1571/1255
f 1572/1573/1257 1570/1571/1255 1593/1593/1277
f 1593/1593/1277 1594/1594/1278 1572/1573/1257
f 1472/1473/1159 1572/1573/1257 1594/1594/1278
f 1594/1594/1278 1411/1412/1099 1472/1473/1159
f 1401/1402/1089 1400/1401/1088 1472/1473/1159
f 1472/1473/1159 1473/1472/1158 1401/1402/1089
f 1582/1583/1267 1484/1483/1169 1483/1484/1170
f 1483/1484/1170 1576/1576/1260 1582/1583/1267
f 1584/1585/1269 1582/1583/1267 1576/1576/1260
f 1576/1576/1260 1577/1577/1261 1584/1585/1269
f 1586/1587/1271 1584/1585/1269 1577/1577/1261
f 1577/1577/1261 1578/1578/1262 1586/1587/1271
f 1588/1589/1273 1586/1587/1271 1578/1578/1262
f 1578/1578/1262 1579/1579/1263 1588/1589/1273
f 1494/1495/1180 1588/1589/1273 1579/1579/1263
f 1579/1579/1263 1495/1496/1181 1494/1495/1180
f 1601/1601/1282 1590/1590/1274 1494/1495/1180
f 1494/1495/1180 1497/1494/1179 1601/1601/1282
f 1521/1522/1206 1418/1415/1102 1417/1418/1105
f 1417/1418/1105 1583/1582/1266 1521/1522/1206
f 1523/1524/1208 1521/1522/1206 1583/1582/1266
f 1583/1582/1266 1585/1584/1268 1523/1524/1208
f 1525/1526/1210 1523/1524/1208 1585/1584/1268
f 1585/1584/1268 1587/1586/1270 1525/1526/1210
f 1527/1528/1212 1525/1526/1210 1587/1586/1270
f 1587/1586/1270 1589/1588/1272 1527/1528/1212
f 1529/1529/1213 1527/1528/1212 1589/1588/1272
f 1589/1588/1272 1590/1590/1274 1529/1529/1213
f 1424/1425/1112 1423/1424/1111 1529/1529/1213
f 1529/1529/1213 1602/1602/1283 1424/1425/1112
f 1606/1603/968 1603/1604/969 1604/1605/970
f 1604/1605/970 1605/1606/1284 1606/1603/968
f 1610/1607/1285 1607/1608/973 1608/1609/1286
f 1608/1609/1286 1609/1610/975 1610/1607/1285
f 1614/1611/1287 1611/1612/961 1612/1613/962
f 1612/1613/962 1613/1614/963 1614/1611/1287
f 1618/1615/1288 1615/1616/965 1616/1617/966
f 1616/1617/966 1617/1618/967 1618/1615/1288
f 1622/1619/1289 1619/1620/998 1620/1621/1050
f 1620/1621/1050 1621/1622/1049 1622/1619/1289
f 1616/1617/966 1623/1623/987 1624/1624/1023
f 1624/1624/1023 1617/1618/967 1616/1617/966
f 1628/1625/1290 1625/1626/991 1626/1627/988
f 1626/1627/988 1627/1628/1035 1628/1625/1290
f 1632/1629/990 1629/1630/980 1630/1631/984
f 1630/1631/984 1631/1632/989 1632/1629/990
f 1635/1633/1291 1633/1634/983 1604/1605/970
f 1604/1605/970 1634/1635/1024 1635/1633/1291
f 1639/1636/1292 1636/1637/1293 1637/1638/999
f 1637/1638/999 1638/1639/1052 1639/1636/1292
f 1643/1640/1294 1640/1641/977 1641/1642/995
f 1641/1642/995 1642/1643/1000 1643/1640/1294
f 1647/1644/1295 1644/1645/1296 1645/1646/1047
f 1645/1646/1047 1646/1647/1046 1647/1644/1295
f 1651/1648/1025 1648/1649/1297 1649/1650/1298
f 1649/1650/1298 1650/1651/792 1651/1648/1025
f 1655/1652/1299 1652/1653/1029 1653/1654/1051
f 1653/1654/1051 1654/1655/799 1655/1652/1299
f 1657/1656/1032 1656/1657/1300 1628/1625/1290
f 1628/1625/1290 1627/1628/1035 1657/1656/1032
f 1661/1658/1301 1658/1659/1302 1659/1660/1303
f 1659/1660/1303 1660/1661/804 1661/1658/1301
f 1665/1662/1039 1662/1663/1040 1663/1664/1045
f 1663/1664/1045 1664/1665/786 1665/1662/1039
f 1669/1666/1304 1666/1667/1044 1667/1668/981
f 1667/1668/981 1668/1669/992 1669/1666/1304
f 1673/1670/1305 1670/1671/1006 1671/1672/1306
f 1671/1672/1306 1672/1673/777 1673/1670/1305
f 1677/1674/1307 1674/1675/1009 1675/1676/1308
f 1675/1676/1308 1676/1677/784 1677/1674/1307
f 1681/1678/1309 1678/1679/1013 1679/1680/1310
f 1679/1680/1310 1680/1681/985 1681/1678/1309
f 1685/1682/1311 1682/1683/1312 1683/1684/1313
f 1683/1684/1313 1684/1685/801 1685/1682/1311
f 1689/1686/1017 1686/1687/1018 1687/1688/1314
f 1687/1688/1314 1688/1689/774 1689/1686/1017
f 1692/1690/1315 1690/1691/1022 1624/1624/1023
f 1624/1624/1023 1691/1692/1024 1692/1690/1315
f 1688/1689/774 1687/1688/1314 1690/1691/1022
f 1690/1691/1022 1692/1690/1315 1688/1689/774
f 1687/1688/1314 1650/1651/792 1618/1615/1288
f 1618/1615/1288 1690/1691/1022 1687/1688/1314
f 1690/1691/1022 1618/1615/1288 1617/1618/967
f 1617/1618/967 1624/1624/1023 1690/1691/1022
f 1694/1693/1004 1693/1694/1003 1686/1687/1018
f 1686/1687/1018 1689/1686/1017 1694/1693/1004
f 1693/1694/1003 1695/1695/1316 1651/1648/1025
f 1651/1648/1025 1686/1687/1018 1693/1694/1003
f 1686/1687/1018 1651/1648/1025 1650/1651/792
f 1650/1651/792 1687/1688/1314 1686/1687/1018
f 1697/1696/979 1696/1697/978 1682/1683/1312
f 1682/1683/1312 1685/1682/1311 1697/1696/979
f 1696/1697/978 1698/1698/1004 1699/1699/1317
f 1699/1699/1317 1682/1683/1312 1696/1697/978
f 1682/1683/1312 1699/1699/1317 1700/1700/774
f 1700/1700/774 1683/1684/1313 1682/1683/1312
f 1676/1677/784 1675/1676/1308 1678/1679/1013
f 1678/1679/1013 1681/1678/1309 1676/1677/784
f 1675/1676/1308 1684/1685/801 1606/1603/968
f 1606/1603/968 1678/1679/1013 1675/1676/1308
f 1678/1679/1013 1606/1603/968 1605/1606/1284
f 1605/1606/1284 1679/1680/1310 1678/1679/1013
f 1702/1701/996 1701/1702/976 1674/1675/1009
f 1674/1675/1009 1677/1674/1307 1702/1701/996
f 1701/1702/976 1697/1696/979 1685/1682/1311
f 1685/1682/1311 1674/1675/1009 1701/1702/976
f 1674/1675/1009 1685/1682/1311 1684/1685/801
f 1684/1685/801 1675/1676/1308 1674/1675/1009
f 1704/1703/1048 1703/1704/1318 1670/1671/1006
f 1670/1671/1006 1673/1670/1305 1704/1703/1048
f 1703/1704/1318 1702/1701/996 1677/1674/1307
f 1677/1674/1307 1670/1671/1006 1703/1704/1318
f 1670/1671/1006 1677/1674/1307 1676/1677/784
f 1676/1677/784 1671/1672/1306 1670/1671/1006
f 1664/1665/786 1663/1664/1045 1666/1667/1044
f 1666/1667/1044 1669/1666/1304 1664/1665/786
f 1663/1664/1045 1672/1673/777 1610/1607/1285
f 1610/1607/1285 1666/1667/1044 1663/1664/1045
f 1666/1667/1044 1610/1607/1285 1609/1610/975
f 1609/1610/975 1667/1668/981 1666/1667/1044
f 1646/1647/1046 1645/1646/1047 1662/1663/1040
f 1662/1663/1040 1665/1662/1039 1646/1647/1046
f 1645/1646/1047 1704/1703/1048 1673/1670/1305
f 1673/1670/1305 1662/1663/1040 1645/1646/1047
f 1662/1663/1040 1673/1670/1305 1672/1673/777
f 1672/1673/777 1663/1664/1045 1662/1663/1040
f 1621/1622/1049 1620/1621/1050 1658/1659/1302
f 1658/1659/1302 1661/1658/1301 1621/1622/1049
f 1620/1621/1050 1705/1705/1046 1706/1706/1319
f 1706/1706/1319 1658/1659/1302 1620/1621/1050
f 1658/1659/1302 1706/1706/1319 1707/1707/786
f 1707/1707/786 1659/1660/1303 1658/1659/1302
f 1654/1655/799 1653/1654/1051 1656/1657/1300
f 1656/1657/1300 1657/1656/1032 1654/1655/799
f 1653/1654/1051 1660/1661/804 1614/1611/1287
f 1614/1611/1287 1656/1657/1300 1653/1654/1051
f 1656/1657/1300 1614/1611/1287 1613/1614/963
f 1613/1614/963 1628/1625/1290 1656/1657/1300
f 1638/1639/1052 1622/1619/1289 1652/1653/1029
f 1652/1653/1029 1655/1652/1299 1638/1639/1052
f 1622/1619/1289 1621/1622/1049 1661/1658/1301
f 1661/1658/1301 1652/1653/1029 1622/1619/1289
f 1652/1653/1029 1661/1658/1301 1660/1661/804
f 1660/1661/804 1653/1654/1051 1652/1653/1029
f 1695/1695/1316 1639/1636/1292 1648/1649/1297
f 1648/1649/1297 1651/1648/1025 1695/1695/1316
f 1639/1636/1292 1638/1639/1052 1655/1652/1299
f 1655/1652/1299 1648/1649/1297 1639/1636/1292
f 1648/1649/1297 1655/1652/1299 1654/1655/799
f 1654/1655/799 1649/1650/1298 1648/1649/1297
f 1642/1643/1000 1641/1642/995 1644/1645/1296
f 1644/1645/1296 1647/1644/1295 1642/1643/1000
f 1641/1642/995 1702/1701/996 1703/1704/1318
f 1703/1704/1318 1644/1645/1296 1641/1642/995
f 1644/1645/1296 1703/1704/1318 1704/1703/1048
f 1704/1703/1048 1645/1646/1047 1644/1645/1296
f 1698/1698/1004 1696/1697/978 1640/1641/977
f 1640/1641/977 1643/1640/1294 1698/1698/1004
f 1696/1697/978 1697/1696/979 1701/1702/976
f 1701/1702/976 1640/1641/977 1696/1697/978
f 1640/1641/977 1701/1702/976 1702/1701/996
f 1702/1701/996 1641/1642/995 1640/1641/977
f 1695/1695/1316 1693/1694/1003 1636/1637/1293
f 1636/1637/1293 1639/1636/1292 1695/1695/1316
f 1693/1694/1003 1694/1693/1004 1708/1708/1320
f 1708/1708/1320 1636/1637/1293 1693/1694/1003
f 1636/1637/1293 1708/1708/1320 1709/1709/1000
f 1709/1709/1000 1637/1638/999 1636/1637/1293
f 1631/1632/989 1630/1631/984 1633/1634/983
f 1633/1634/983 1635/1633/1291 1631/1632/989
f 1630/1631/984 1680/1681/985 1679/1680/1310
f 1679/1680/1310 1633/1634/983 1630/1631/984
f 1633/1634/983 1679/1680/1310 1605/1606/1284
f 1605/1606/1284 1604/1605/970 1633/1634/983
f 1668/1669/992 1667/1668/981 1629/1630/980
f 1629/1630/980 1632/1629/990 1668/1669/992
f 1667/1668/981 1609/1610/975 1608/1609/1286
f 1608/1609/1286 1629/1630/980 1667/1668/981
f 1629/1630/980 1608/1609/1286 1680/1681/985
f 1680/1681/985 1630/1631/984 1629/1630/980
f 1613/1614/963 1612/1613/962 1625/1626/991
f 1625/1626/991 1628/1625/1290 1613/1614/963
f 1612/1613/962 1710/1710/992 1711/1711/1321
f 1711/1711/1321 1625/1626/991 1612/1613/962
f 1625/1626/991 1711/1711/1321 1712/1712/989
f 1712/1712/989 1626/1627/988 1625/1626/991
f 1627/1628/1035 1626/1627/988 1623/1623/987
f 1623/1623/987 1616/1617/966 1627/1628/1035
f 1626/1627/988 1712/1712/989 1713/1713/986
f 1713/1713/986 1623/1623/987 1626/1627/988
f 1623/1623/987 1713/1713/986 1691/1692/1024
f 1691/1692/1024 1624/1624/1023 1623/1623/987
f 1638/1639/1052 1637/1638/999 1619/1620/998
f 1619/1620/998 1622/1619/1289 1638/1639/1052
f 1637/1638/999 1709/1709/1000 1714/1714/1322
f 1714/1714/1322 1619/1620/998 1637/1638/999
f 1619/1620/998 1714/1714/1322 1705/1705/1046
f 1705/1705/1046 1620/1621/1050 1619/1620/998
f 1650/1651/792 1649/1650/1298 1615/1616/965
f 1615/1616/965 1618/1615/1288 1650/1651/792
f 1649/1650/1298 1654/1655/799 1657/1656/1032
f 1657/1656/1032 1615/1616/965 1649/1650/1298
f 1615/1616/965 1657/1656/1032 1627/1628/1035
f 1627/1628/1035 1616/1617/966 1615/1616/965
f 1660/1661/804 1659/1660/1303 1611/1612/961
f 1611/1612/961 1614/1611/1287 1660/1661/804
f 1659/1660/1303 1707/1707/786 1715/1715/1043
f 1715/1715/1043 1611/1612/961 1659/1660/1303
f 1611/1612/961 1715/1715/1043 1710/1710/992
f 1710/1710/992 1612/1613/962 1611/1612/961
f 1672/1673/777 1671/1672/1306 1607/1608/973
f 1607/1608/973 1610/1607/1285 1672/1673/777
f 1671/1672/1306 1676/1677/784 1681/1678/1309
f 1681/1678/1309 1607/1608/973 1671/1672/1306
f 1607/1608/973 1681/1678/1309 1680/1681/985
f 1680/1681/985 1608/1609/1286 1607/1608/973
f 1684/1685/801 1683/1684/1313 1603/1604/969
f 1603/1604/969 1606/1603/968 1684/1685/801
f 1683/1684/1313 1700/1700/774 1716/1716/1021
f 1716/1716/1021 1603/1604/969 1683/1684/1313
f 1603/1604/969 1716/1716/1021 1634/1635/1024
f 1634/1635/1024 1604/1605/970 1603/1604/969
f 1402/1399/1086 1510/1511/1195 1509/1510/1194
f 1509/1510/1194 1492/1493/1178 1402/1399/1086
f 1602/1602/1283 1504/1505/1190 1503/1504/1189
f 1503/1504/1189 1424/1425/1112 1602/1602/1283
f 1409/1410/1097 1540/1541/1225 1539/1540/1224
f 1539/1540/1224 1410/1407/1094 1409/1410/1097
f 1425/1422/1109 1552/1553/1237 1551/1552/1236
f 1551/1552/1236 1413/1414/1101 1425/1422/1109
f 1493/1490/1175 1564/1565/1249 1563/1564/1248
f 1563/1564/1248 1507/1506/1191 1493/1490/1175
f 1473/1472/1158 1488/1489/1174 1487/1488/1173
f 1487/1488/1173 1401/1402/1089 1473/1472/1158
f 1410/1407/1094 1539/1540/1224 1581/1581/1265
f 1581/1581/1265 1496/1497/1182 1410/1407/1094
f 1497/1494/1179 1500/1501/1186 1499/1500/1185
f 1499/1500/1185 1601/1601/1282 1497/1494/1179
f 1492/1493/1178 1509/1510/1194 1564/1565/1249
f 1564/1565/1249 1493/1490/1175 1492/1493/1178
f 1413/1414/1101 1551/1552/1236 1574/1575/1259
f 1574/1575/1259 1414/1411/1098 1413/1414/1101
f 1477/1477/1163 1599/1600/1248 1540/1541/1225
f 1540/1541/1225 1409/1410/1097 1477/1477/1163
f 1424/1425/1112 1503/1504/1189 1552/1553/1237
f 1552/1553/1237 1425/1422/1109 1424/1425/1112
f 1401/1402/1089 1487/1488/1173 1510/1511/1195
f 1510/1511/1195 1402/1399/1086 1401/1402/1089
f 1414/1411/1098 1574/1575/1259 1488/1489/1174
f 1488/1489/1174 1473/1472/1158 1414/1411/1098
f 1496/1497/1182 1581/1581/1265 1500/1501/1186
f 1500/1501/1186 1497/1494/1179 1496/1497/1182
f 1601/1601/1282 1499/1500/1185 1504/1505/1190
f 1504/1505/1190 1602/1602/1283 1601/1601/1282
f 1602/1602/1283 1529/1529/1213 1590/1590/1274
f 1590/1590/1274 1601/1601/1282 1602/1602/1283
f 1720/1717/1323 1717/1718/1324 1718/1719/1325
f 1718/1719/1325 1719/1720/1326 1720/1717/1323
f 1724/1721/1327 1721/1722/1328 1722/1723/1329
f 1722/1723/1329 1723/1724/1330 1724/1721/1327
f 1728/1725/1331 1725/1726/1332 1726/1727/1333
f 1726/1727/1333 1727/1728/1334 1728/1725/1331
f 1732/1729/1335 1729/1730/1336 1730/1731/1337
f 1730/1731/1337 1731/1732/1338 1732/1729/1335
f 1736/1733/1339 1733/1734/1340 1734/1735/1341
f 1734/1735/1341 1735/1736/1342 1736/1733/1339
f 1740/1737/1343 1737/1738/1344 1738/1739/1345
f 1738/1739/1345 1739/1740/1346 1740/1737/1343
f 1744/1741/1347 1741/1742/1348 1742/1743/1349
f 1742/1743/1349 1743/1744/1350 1744/1741/1347
f 1746/1745/1351 1745/1746/1352 1737/1738/1344
f 1737/1738/1344 1740/1737/1343 1746/1745/1351
f 1738/1739/1345 1747/1747/1353 1739/1740/1346
f 1751/1748/1354 1748/1749/1355 1749/1750/1356
f 1749/1750/1356 1750/1751/1357 1751/1748/1354
f 1753/1752/1358 1752/1753/1359 1748/1749/1355
f 1748/1749/1355 1751/1748/1354 1753/1752/1358
f 1757/1754/1360 1754/1755/1361 1755/1756/1362
f 1755/1756/1362 1756/1757/1363 1757/1754/1360
f 1759/1758/1364 1758/1759/1365 1754/1755/1361
f 1754/1755/1361 1757/1754/1360 1759/1758/1364
f 1763/1760/1366 1760/1761/1367 1761/1762/1368
f 1761/1762/1368 1762/1763/1369 1763/1760/1366
f 1767/1764/1370 1764/1765/1371 1765/1766/1372
f 1765/1766/1372 1766/1767/1373 1767/1764/1370
f 1771/1768/1374 1768/1769/1375 1769/1770/1376
f 1769/1770/1376 1770/1771/1377 1771/1768/1374
f 1775/1772/1378 1772/1773/1379 1773/1774/1380
f 1773/1774/1380 1774/1775/1381 1775/1772/1378
f 1779/1776/1382 1776/1777/1383 1777/1778/1384
f 1777/1778/1384 1778/1779/1385 1779/1776/1382
f 1764/1765/1371 1779/1776/1382 1778/1779/1385
f 1778/1779/1385 1765/1766/1372 1764/1765/1371
f 1783/1780/1386 1780/1781/1387 1781/1782/1388
f 1781/1782/1388 1782/1783/1389 1783/1780/1386
f 1785/1784/1390 1771/1768/1374 1770/1771/1377
f 1770/1771/1377 1784/1785/1391 1785/1784/1390
f 1787/1786/1392 1767/1764/1370 1766/1767/1373
f 1766/1767/1373 1786/1787/1393 1787/1786/1392
f 1791/1788/1394 1788/1789/1395 1789/1790/1396
f 1789/1790/1396 1790/1791/1397 1791/1788/1394
f 1768/1769/1375 1774/1775/1381 1773/1774/1380
f 1773/1774/1380 1769/1770/1376 1768/1769/1375
f 1795/1792/1398 1792/1793/1399 1793/1794/1400
f 1793/1794/1400 1794/1795/1401 1795/1792/1398
f 1797/1796/1402 1796/1797/1403 1760/1761/1367
f 1760/1761/1367 1763/1760/1366 1797/1796/1402
f 1776/1777/1383 1791/1788/1394 1790/1791/1397
f 1790/1791/1397 1777/1778/1384 1776/1777/1383
f 1788/1789/1395 1798/1798/1404 1799/1799/1401
f 1799/1799/1401 1789/1790/1396 1788/1789/1395
f 1780/1781/1387 1787/1786/1392 1786/1787/1393
f 1786/1787/1393 1781/1782/1388 1780/1781/1387
f 1792/1793/1399 1785/1784/1390 1784/1785/1391
f 1784/1785/1391 1793/1794/1400 1792/1793/1399
f 1801/1800/1405 1800/1801/1406 1796/1797/1403
f 1796/1797/1403 1797/1796/1402 1801/1800/1405
f 1805/1802/1407 1802/1803/1408 1803/1804/1409
f 1803/1804/1409 1804/1805/1410 1805/1802/1407
f 1807/1806/1411 1806/1807/1412 1802/1803/1408
f 1802/1803/1408 1805/1802/1407 1807/1806/1411
f 1810/1808/1413 1808/1809/1414 1809/1810/1415
f 1809/1810/1415 1731/1732/1338 1810/1808/1413
f 1812/1811/1416 1811/1812/1417 1808/1809/1414
f 1808/1809/1414 1810/1808/1413 1812/1811/1416
f 1814/1813/1418 1813/1814/1419 1811/1812/1417
f 1811/1812/1417 1812/1811/1416 1814/1813/1418
f 1754/1755/1361 1815/1815/1420 1816/1816/1421
f 1816/1816/1421 1755/1756/1362 1754/1755/1361
f 1758/1759/1365 1817/1817/1422 1815/1815/1420
f 1815/1815/1420 1754/1755/1361 1758/1759/1365
f 1821/1818/1423 1818/1819/1424 1819/1820/1425
f 1819/1820/1425 1820/1821/1426 1821/1818/1423
f 1823/1822/1427 1822/1823/1428 1818/1819/1424
f 1818/1819/1424 1821/1818/1423 1823/1822/1427
f 1825/1824/1429 1824/1825/1430 1822/1823/1428
f 1822/1823/1428 1823/1822/1427 1825/1824/1429
f 1737/1738/1344 1751/1748/1354 1750/1751/1357
f 1750/1751/1357 1738/1739/1345 1737/1738/1344
f 1745/1746/1352 1753/1752/1358 1751/1748/1354
f 1751/1748/1354 1737/1738/1344 1745/1746/1352
f 1749/1750/1356 1826/1826/1431 1730/1731/1337
f 1730/1731/1337 1733/1734/1340 1749/1750/1356
f 1748/1749/1355 1827/1827/1432 1826/1826/1431
f 1826/1826/1431 1749/1750/1356 1748/1749/1355
f 1828/1828/1433 1829/1829/1434 1830/1830/1435
f 1834/1831/1436 1831/1832/1437 1832/1833/1438
f 1832/1833/1438 1833/1834/1439 1834/1831/1436
f 1832/1833/1438 1835/1835/1440 1836/1836/1441
f 1836/1836/1441 1837/1837/1442 1832/1833/1438
f 1833/1834/1439 1832/1833/1438 1837/1837/1442
f 1837/1837/1442 1838/1838/1443 1833/1834/1439
f 1775/1772/1378 1783/1780/1386 1782/1783/1389
f 1782/1783/1389 1772/1773/1379 1775/1772/1378
f 1839/1839/1444 1834/1831/1436 1833/1834/1439
f 1843/1840/1445 1840/1841/1446 1841/1842/1447
f 1841/1842/1447 1842/1843/1448 1843/1840/1445
f 1835/1835/1440 1844/1844/1449 1845/1845/1450
f 1829/1829/1434 1846/1846/1451 1830/1830/1435
f 1850/1847/1452 1847/1848/1453 1848/1849/1454
f 1848/1849/1454 1849/1850/1445 1850/1847/1452
f 1846/1846/1451 1851/1851/1455 1830/1830/1435
f 1829/1829/1434 1852/1852/1456 1846/1846/1451
f 1853/1853/1457 1854/1854/1458 1855/1855/1459
f 1752/1753/1359 1856/1856/1460 1827/1827/1432
f 1827/1827/1432 1748/1749/1355 1752/1753/1359
f 1717/1718/1324 1728/1725/1331 1727/1728/1334
f 1727/1728/1334 1718/1719/1325 1717/1718/1324
f 1858/1857/1461 1720/1717/1323 1719/1720/1326
f 1719/1720/1326 1857/1858/1462 1858/1857/1461
f 1860/1859/1463 1858/1857/1461 1857/1858/1462
f 1857/1858/1462 1859/1860/1464 1860/1859/1463
f 1864/1861/1465 1861/1862/1466 1862/1863/1464
f 1862/1863/1464 1863/1864/1467 1864/1861/1465
f 1866/1865/1468 1864/1861/1465 1863/1864/1467
f 1863/1864/1467 1865/1866/1469 1866/1865/1468
f 1866/1865/1468 1865/1866/1469 1867/1867/1470
f 1867/1867/1470 1868/1868/1471 1866/1865/1468
f 1842/1843/1448 1841/1842/1447 1853/1853/1457
f 1853/1853/1457 1855/1855/1459 1842/1843/1448
f 1721/1722/1328 1868/1868/1471 1867/1867/1470
f 1867/1867/1470 1722/1723/1329 1721/1722/1328
f 1870/1869/1472 1724/1721/1327 1723/1724/1330
f 1723/1724/1330 1869/1870/1473 1870/1869/1472
f 1872/1871/1474 1870/1869/1472 1869/1870/1473
f 1869/1870/1473 1871/1872/1475 1872/1871/1474
f 1874/1873/1476 1872/1871/1474 1871/1872/1475
f 1871/1872/1475 1873/1874/1477 1874/1873/1476
f 1796/1797/1403 1757/1754/1360 1756/1757/1363
f 1756/1757/1363 1760/1761/1367 1796/1797/1403
f 1741/1742/1348 1874/1873/1476 1873/1874/1477
f 1873/1874/1477 1742/1743/1349 1741/1742/1348
f 1800/1801/1406 1759/1758/1364 1757/1754/1360
f 1757/1754/1360 1796/1797/1403 1800/1801/1406
f 1725/1726/1332 1744/1741/1347 1743/1744/1350
f 1743/1744/1350 1726/1727/1333 1725/1726/1332
f 1876/1875/1414 1821/1818/1423 1820/1821/1426
f 1820/1821/1426 1875/1876/1415 1876/1875/1414
f 1877/1877/1417 1823/1822/1427 1821/1818/1423
f 1821/1818/1423 1876/1875/1414 1877/1877/1417
f 1878/1878/1419 1825/1824/1429 1823/1822/1427
f 1823/1822/1427 1877/1877/1417 1878/1878/1419
f 1815/1815/1420 1805/1802/1407 1804/1805/1410
f 1804/1805/1410 1816/1816/1421 1815/1815/1420
f 1817/1817/1422 1807/1806/1411 1805/1802/1407
f 1805/1802/1407 1815/1815/1420 1817/1817/1422
f 1826/1826/1431 1810/1808/1413 1731/1732/1338
f 1731/1732/1338 1730/1731/1337 1826/1826/1431
f 1827/1827/1432 1812/1811/1416 1810/1808/1413
f 1810/1808/1413 1826/1826/1431 1827/1827/1432
f 1856/1856/1460 1814/1813/1418 1812/1811/1416
f 1812/1811/1416 1827/1827/1432 1856/1856/1460
f 1802/1803/1408 1740/1737/1343 1739/1740/1346
f 1739/1740/1346 1803/1804/1409 1802/1803/1408
f 1806/1807/1412 1746/1745/1351 1740/1737/1343
f 1740/1737/1343 1802/1803/1408 1806/1807/1412
f 1818/1819/1424 1763/1760/1366 1762/1763/1369
f 1762/1763/1369 1819/1820/1425 1818/1819/1424
f 1822/1823/1428 1797/1796/1402 1763/1760/1366
f 1763/1760/1366 1818/1819/1424 1822/1823/1428
f 1824/1825/1430 1801/1800/1405 1797/1796/1402
f 1797/1796/1402 1822/1823/1428 1824/1825/1430
f 1879/1879/1478 1734/1735/1341 1733/1734/1340
f 1733/1734/1340 1729/1730/1336 1879/1879/1478
f 1883/1880/1479 1880/1881/1480 1881/1882/1481
f 1881/1882/1481 1882/1883/1482 1883/1880/1479
f 1866/1865/1468 1868/1868/1471 1880/1881/1480
f 1880/1881/1480 1883/1880/1479 1866/1865/1468
f 1887/1884/1483 1884/1885/1484 1885/1886/1485
f 1885/1886/1485 1886/1887/1486 1887/1884/1483
f 1721/1722/1328 1724/1721/1327 1884/1885/1484
f 1884/1885/1484 1887/1884/1483 1721/1722/1328
f 1890/1888/1487 1888/1889/1488 1889/1890/1489
f 1889/1890/1489 1762/1763/1369 1890/1888/1487
f 1894/1891/1490 1891/1892/1491 1892/1893/1492
f 1892/1893/1492 1893/1894/1487 1894/1891/1490
f 1717/1718/1324 1720/1717/1323 1891/1892/1491
f 1891/1892/1491 1894/1891/1490 1717/1718/1324
f 1898/1895/1493 1895/1896/1494 1896/1897/1495
f 1896/1897/1495 1897/1898/1496 1898/1895/1493
f 1725/1726/1332 1728/1725/1331 1895/1896/1494
f 1895/1896/1494 1898/1895/1493 1725/1726/1332
f 1901/1899/1497 1899/1900/1498 1732/1729/1335
f 1732/1729/1335 1900/1901/1499 1901/1899/1497
f 1905/1902/1500 1902/1903/1501 1903/1904/1498
f 1903/1904/1498 1904/1905/1497 1905/1902/1500
f 1861/1862/1466 1864/1861/1465 1902/1903/1501
f 1902/1903/1501 1905/1902/1500 1861/1862/1466
f 1909/1906/1502 1906/1907/1503 1907/1908/1504
f 1907/1908/1504 1908/1909/1505 1909/1906/1502
f 1872/1871/1474 1874/1873/1476 1906/1907/1503
f 1906/1907/1503 1909/1906/1502 1872/1871/1474
f 1888/1889/1488 1910/1910/1506 1911/1911/1507
f 1911/1911/1507 1889/1890/1489 1888/1889/1488
f 1891/1892/1491 1912/1912/1508 1913/1913/1506
f 1913/1913/1506 1892/1893/1492 1891/1892/1491
f 1720/1717/1323 1858/1857/1461 1912/1912/1508
f 1912/1912/1508 1891/1892/1491 1720/1717/1323
f 1917/1914/1509 1914/1915/1510 1915/1916/1362
f 1915/1916/1362 1916/1917/1421 1917/1914/1509
f 1919/1918/1511 1726/1727/1333 1743/1744/1350
f 1743/1744/1350 1918/1919/1512 1919/1918/1511
f 1921/1920/1513 1919/1918/1511 1918/1919/1512
f 1918/1919/1512 1920/1921/1433 1921/1920/1513
f 1923/1922/1514 1865/1866/1469 1863/1864/1467
f 1863/1864/1467 1922/1923/1515 1923/1922/1514
f 1925/1924/1516 1923/1922/1514 1922/1923/1515
f 1922/1923/1515 1924/1925/1517 1925/1924/1516
f 1844/1844/1449 1926/1926/1518 1927/1927/1517
f 1927/1927/1517 1847/1848/1453 1844/1844/1449
f 1929/1928/1519 1871/1872/1475 1869/1870/1473
f 1869/1870/1473 1928/1929/1520 1929/1928/1519
f 1931/1930/1521 1929/1928/1519 1928/1929/1520
f 1928/1929/1520 1930/1931/1522 1931/1930/1521
f 1933/1932/1523 1859/1860/1464 1857/1858/1462
f 1857/1858/1462 1932/1933/1524 1933/1932/1523
f 1935/1934/1525 1933/1932/1523 1932/1933/1524
f 1932/1933/1524 1934/1935/1526 1935/1934/1525
f 1840/1841/1446 1936/1936/1525 1937/1937/1526
f 1937/1937/1526 1841/1842/1447 1840/1841/1446
f 1939/1938/1527 1742/1743/1349 1873/1874/1477
f 1873/1874/1477 1938/1939/1528 1939/1938/1527
f 1941/1940/1529 1939/1938/1527 1938/1939/1528
f 1938/1939/1528 1940/1941/1530 1941/1940/1529
f 1943/1942/1531 1718/1719/1325 1727/1728/1334
f 1727/1728/1334 1942/1943/1532 1943/1942/1531
f 1945/1944/1533 1943/1942/1531 1942/1943/1532
f 1942/1943/1532 1944/1945/1455 1945/1944/1533
f 1854/1854/1458 1946/1946/1533 1851/1851/1455
f 1851/1851/1455 1846/1846/1451 1854/1854/1458
f 1928/1929/1520 1869/1870/1473 1723/1724/1330
f 1723/1724/1330 1947/1947/1534 1928/1929/1520
f 1930/1931/1522 1928/1929/1520 1947/1947/1534
f 1947/1947/1534 1948/1948/1436 1930/1931/1522
f 1950/1949/1535 1722/1723/1329 1867/1867/1470
f 1867/1867/1470 1949/1950/1536 1950/1949/1535
f 1952/1951/1537 1950/1949/1535 1949/1950/1536
f 1949/1950/1536 1951/1952/1538 1952/1951/1537
f 1918/1919/1512 1743/1744/1350 1742/1743/1349
f 1742/1743/1349 1939/1938/1527 1918/1919/1512
f 1920/1921/1433 1918/1919/1512 1939/1938/1527
f 1939/1938/1527 1941/1940/1529 1920/1921/1433
f 1932/1933/1524 1857/1858/1462 1719/1720/1326
f 1719/1720/1326 1953/1953/1539 1932/1933/1524
f 1934/1935/1526 1932/1933/1524 1953/1953/1539
f 1953/1953/1539 1954/1954/1540 1934/1935/1526
f 1841/1842/1447 1937/1937/1526 1955/1955/1541
f 1955/1955/1541 1853/1853/1457 1841/1842/1447
f 1938/1939/1528 1873/1874/1477 1871/1872/1475
f 1871/1872/1475 1929/1928/1519 1938/1939/1528
f 1940/1941/1530 1938/1939/1528 1929/1928/1519
f 1929/1928/1519 1931/1930/1521 1940/1941/1530
f 1922/1923/1515 1863/1864/1467 1862/1863/1464
f 1862/1863/1464 1956/1956/1542 1922/1923/1515
f 1924/1925/1517 1922/1923/1515 1956/1956/1542
f 1956/1956/1542 1957/1957/1525 1924/1925/1517
f 1847/1848/1453 1927/1927/1517 1958/1958/1525
f 1958/1958/1525 1848/1849/1454 1847/1848/1453
f 1942/1943/1532 1727/1728/1334 1726/1727/1333
f 1726/1727/1333 1919/1918/1511 1942/1943/1532
f 1944/1945/1455 1942/1943/1532 1919/1918/1511
f 1919/1918/1511 1921/1920/1513 1944/1945/1455
f 1953/1953/1539 1719/1720/1326 1718/1719/1325
f 1718/1719/1325 1943/1942/1531 1953/1953/1539
f 1954/1954/1540 1953/1953/1539 1943/1942/1531
f 1943/1942/1531 1945/1944/1533 1954/1954/1540
f 1853/1853/1457 1955/1955/1541 1946/1946/1533
f 1946/1946/1533 1854/1854/1458 1853/1853/1457
f 1947/1947/1534 1723/1724/1330 1722/1723/1329
f 1722/1723/1329 1950/1949/1535 1947/1947/1534
f 1948/1948/1436 1947/1947/1534 1950/1949/1535
f 1950/1949/1535 1952/1951/1537 1948/1948/1436
f 1949/1950/1536 1867/1867/1470 1865/1866/1469
f 1865/1866/1469 1923/1922/1514 1949/1950/1536
f 1951/1952/1538 1949/1950/1536 1923/1922/1514
f 1923/1922/1514 1925/1924/1516 1951/1952/1538
f 1835/1835/1440 1959/1959/1543 1926/1926/1518
f 1926/1926/1518 1844/1844/1449 1835/1835/1440
f 1961/1960/1544 1777/1778/1384 1790/1791/1397
f 1790/1791/1397 1960/1961/1545 1961/1960/1544
f 1963/1962/1546 1961/1960/1544 1960/1961/1545
f 1960/1961/1545 1962/1963/1547 1963/1962/1546
f 1854/1854/1458 1963/1962/1546 1962/1963/1547
f 1962/1963/1547 1855/1855/1459 1854/1854/1458
f 1965/1964/1548 1772/1773/1379 1782/1783/1389
f 1782/1783/1389 1964/1965/1549 1965/1964/1548
f 1839/1839/1444 1965/1964/1548 1964/1965/1549
f 1964/1965/1549 1966/1966/1550 1839/1839/1444
f 1968/1967/1551 1793/1794/1400 1784/1785/1391
f 1784/1785/1391 1967/1968/1552 1968/1967/1551
f 1970/1969/1553 1968/1967/1551 1967/1968/1552
f 1967/1968/1552 1969/1970/1554 1970/1969/1553
f 1850/1847/1452 1970/1969/1553 1969/1970/1554
f 1969/1970/1554 1845/1845/1450 1850/1847/1452
f 1972/1971/1555 1781/1782/1388 1786/1787/1393
f 1786/1787/1393 1971/1972/1556 1972/1971/1555
f 1974/1973/1557 1972/1971/1555 1971/1972/1556
f 1971/1972/1556 1973/1974/1529 1974/1973/1557
f 1976/1975/1558 1789/1790/1396 1799/1799/1401
f 1799/1799/1401 1975/1976/1559 1976/1975/1558
f 1978/1977/1560 1976/1975/1558 1975/1976/1559
f 1975/1976/1559 1977/1978/1561 1978/1977/1560
f 1842/1843/1448 1978/1977/1560 1977/1978/1561
f 1977/1978/1561 1843/1840/1445 1842/1843/1448
f 1980/1979/1562 1765/1766/1372 1778/1779/1385
f 1778/1779/1385 1979/1980/1563 1980/1979/1562
f 1829/1829/1434 1980/1979/1562 1979/1980/1563
f 1979/1980/1563 1852/1852/1456 1829/1829/1434
f 1967/1968/1552 1784/1785/1391 1770/1771/1377
f 1770/1771/1377 1981/1981/1564 1967/1968/1552
f 1969/1970/1554 1967/1968/1552 1981/1981/1564
f 1981/1981/1564 1836/1836/1441 1969/1970/1554
f 1845/1845/1450 1969/1970/1554 1836/1836/1441
f 1836/1836/1441 1835/1835/1440 1845/1845/1450
f 1983/1982/1565 1769/1770/1376 1773/1774/1380
f 1773/1774/1380 1982/1983/1566 1983/1982/1565
f 1837/1837/1442 1983/1982/1565 1982/1983/1566
f 1982/1983/1566 1838/1838/1443 1837/1837/1442
f 1960/1961/1545 1790/1791/1397 1789/1790/1396
f 1789/1790/1396 1976/1975/1558 1960/1961/1545
f 1962/1963/1547 1960/1961/1545 1976/1975/1558
f 1976/1975/1558 1978/1977/1560 1962/1963/1547
f 1855/1855/1459 1962/1963/1547 1978/1977/1560
f 1978/1977/1560 1842/1843/1448 1855/1855/1459
f 1971/1972/1556 1786/1787/1393 1766/1767/1373
f 1766/1767/1373 1984/1984/1567 1971/1972/1556
f 1973/1974/1529 1971/1972/1556 1984/1984/1567
f 1984/1984/1567 1828/1828/1433 1973/1974/1529
f 1985/1985/1559 1794/1795/1401 1793/1794/1400
f 1793/1794/1400 1968/1967/1551 1985/1985/1559
f 1986/1986/1568 1985/1985/1559 1968/1967/1551
f 1968/1967/1551 1970/1969/1553 1986/1986/1568
f 1849/1850/1445 1986/1986/1568 1970/1969/1553
f 1970/1969/1553 1850/1847/1452 1849/1850/1445
f 1964/1965/1549 1782/1783/1389 1781/1782/1388
f 1781/1782/1388 1972/1971/1555 1964/1965/1549
f 1966/1966/1550 1964/1965/1549 1972/1971/1555
f 1972/1971/1555 1974/1973/1557 1966/1966/1550
f 1979/1980/1563 1778/1779/1385 1777/1778/1384
f 1777/1778/1384 1961/1960/1544 1979/1980/1563
f 1852/1852/1456 1979/1980/1563 1961/1960/1544
f 1961/1960/1544 1963/1962/1546 1852/1852/1456
f 1846/1846/1451 1852/1852/1456 1963/1962/1546
f 1963/1962/1546 1854/1854/1458 1846/1846/1451
f 1984/1984/1567 1766/1767/1373 1765/1766/1372
f 1765/1766/1372 1980/1979/1562 1984/1984/1567
f 1828/1828/1433 1984/1984/1567 1980/1979/1562
f 1980/1979/1562 1829/1829/1434 1828/1828/1433
f 1981/1981/1564 1770/1771/1377 1769/1770/1376
f 1769/1770/1376 1983/1982/1565 1981/1981/1564
f 1836/1836/1441 1981/1981/1564 1983/1982/1565
f 1983/1982/1565 1837/1837/1442 1836/1836/1441
f 1838/1838/1443 1839/1839/1444 1833/1834/1439
f 1982/1983/1566 1773/1774/1380 1772/1773/1379
f 1772/1773/1379 1965/1964/1548 1982/1983/1566
f 1838/1838/1443 1982/1983/1566 1965/1964/1548
f 1965/1964/1548 1839/1839/1444 1838/1838/1443
f 1741/1742/1348 1744/1741/1347 1914/1915/1510
f 1914/1915/1510 1917/1914/1509 1741/1742/1348
f 1880/1881/1480 1887/1884/1483 1886/1887/1486
f 1886/1887/1486 1881/1882/1481 1880/1881/1480
f 1868/1868/1471 1721/1722/1328 1887/1884/1483
f 1887/1884/1483 1880/1881/1480 1868/1868/1471
f 1884/1885/1484 1987/1987/1569 1988/1988/1346
f 1988/1988/1346 1885/1886/1485 1884/1885/1484
f 1724/1721/1327 1870/1869/1472 1987/1987/1569
f 1987/1987/1569 1884/1885/1484 1724/1721/1327
f 1989/1989/1495 1890/1888/1487 1762/1763/1369
f 1762/1763/1369 1761/1762/1368 1989/1989/1495
f 1895/1896/1494 1894/1891/1490 1893/1894/1487
f 1893/1894/1487 1896/1897/1495 1895/1896/1494
f 1728/1725/1331 1717/1718/1324 1894/1891/1490
f 1894/1891/1490 1895/1896/1494 1728/1725/1331
f 1906/1907/1503 1917/1914/1509 1916/1917/1421
f 1916/1917/1421 1907/1908/1504 1906/1907/1503
f 1874/1873/1476 1741/1742/1348 1917/1914/1509
f 1917/1914/1509 1906/1907/1503 1874/1873/1476
f 1910/1910/1506 1990/1990/1497 1991/1991/1570
f 1991/1991/1570 1911/1911/1507 1910/1910/1506
f 1912/1912/1508 1992/1992/1571 1993/1993/1497
f 1993/1993/1497 1913/1913/1506 1912/1912/1508
f 1858/1857/1461 1860/1859/1463 1992/1992/1571
f 1992/1992/1571 1912/1912/1508 1858/1857/1461
f 1987/1987/1569 1909/1906/1502 1908/1909/1505
f 1908/1909/1505 1988/1988/1346 1987/1987/1569
f 1870/1869/1472 1872/1871/1474 1909/1906/1502
f 1909/1906/1502 1987/1987/1569 1870/1869/1472
f 1899/1900/1498 1879/1879/1478 1729/1730/1336
f 1729/1730/1336 1732/1729/1335 1899/1900/1498
f 1902/1903/1501 1883/1880/1479 1882/1883/1482
f 1882/1883/1482 1903/1904/1498 1902/1903/1501
f 1864/1861/1465 1866/1865/1468 1883/1880/1479
f 1883/1880/1479 1902/1903/1501 1864/1861/1465
f 1914/1915/1510 1898/1895/1493 1897/1898/1496
f 1897/1898/1496 1915/1916/1362 1914/1915/1510
f 1744/1741/1347 1725/1726/1332 1898/1895/1493
f 1898/1895/1493 1914/1915/1510 1744/1741/1347
f 1889/1890/1489 1911/1911/1507 1820/1821/1426
f 1820/1821/1426 1819/1820/1425 1889/1890/1489
f 1889/1890/1489 1819/1820/1425 1762/1763/1369
f 1756/1757/1363 1761/1762/1368 1760/1761/1367
f 1761/1762/1368 1994/1994/1496 1989/1989/1495
f 1900/1901/1499 1732/1729/1335 1731/1732/1338
f 1731/1732/1338 1809/1810/1415 1900/1901/1499
f 1756/1757/1363 1994/1994/1496 1761/1762/1368
f 1733/1734/1340 1730/1731/1337 1729/1730/1336
f 1911/1911/1507 1991/1991/1570 1875/1876/1415
f 1875/1876/1415 1820/1821/1426 1911/1911/1507
f 1739/1740/1346 1747/1747/1353 1995/1995/1485
f 1806/1807/1412 1996/1996/1572 1997/1997/1573
f 1997/1997/1573 1746/1745/1351 1806/1807/1412
f 1750/1751/1357 1736/1733/1339 1747/1747/1353
f 1747/1747/1353 1738/1739/1345 1750/1751/1357
f 1749/1750/1356 1733/1734/1340 1736/1733/1339
f 1736/1733/1339 1750/1751/1357 1749/1750/1356
f 1736/1733/1339 1735/1736/1342 1995/1995/1485
f 1995/1995/1485 1747/1747/1353 1736/1733/1339
f 1755/1756/1362 1994/1994/1496 1756/1757/1363
f 1856/1856/1460 1998/1998/1574 1999/1999/1575
f 1999/1999/1575 1814/1813/1418 1856/1856/1460
f 1817/1817/1422 2000/2000/1576 2001/2001/1577
f 2001/2001/1577 1807/1806/1411 1817/1817/1422
f 1878/1878/1419 2002/2002/1578 2003/2003/1579
f 2003/2003/1579 1825/1824/1429 1878/1878/1419
f 1824/1825/1430 2004/2004/1580 2005/2005/1581
f 2005/2005/1581 1801/1800/1405 1824/1825/1430
f 1814/1813/1418 1999/1999/1575 2006/2006/1582
f 2006/2006/1582 1813/1814/1419 1814/1813/1418
f 1745/1746/1352 2007/2007/1583 2008/2008/1584
f 2008/2008/1584 1753/1752/1358 1745/1746/1352
f 1825/1824/1429 2003/2003/1579 2004/2004/1580
f 2004/2004/1580 1824/1825/1430 1825/1824/1429
f 1758/1759/1365 2009/2009/1585 2000/2000/1576
f 2000/2000/1576 1817/1817/1422 1758/1759/1365
f 1752/1753/1359 2010/2010/1586 1998/1998/1574
f 1998/1998/1574 1856/1856/1460 1752/1753/1359
f 1807/1806/1411 2001/2001/1577 1996/1996/1572
f 1996/1996/1572 1806/1807/1412 1807/1806/1411
f 1800/1801/1406 2011/2011/1587 2012/2012/1588
f 2012/2012/1588 1759/1758/1364 1800/1801/1406
f 1801/1800/1405 2005/2005/1581 2011/2011/1587
f 2011/2011/1587 1800/1801/1406 1801/1800/1405
f 1745/1746/1352 1746/1745/1351 1997/1997/1573
f 1997/1997/1573 2007/2007/1583 1745/1746/1352
f 1753/1752/1358 2008/2008/1584 2010/2010/1586
f 2010/2010/1586 1752/1753/1359 1753/1752/1358
f 1759/1758/1364 2012/2012/1588 2009/2009/1585
f 2009/2009/1585 1758/1759/1365 1759/1758/1364
f 1959/1959/1543 1835/1835/1440 1832/1833/1438
f 1832/1833/1438 1831/1832/1437 1959/1959/1543
f 1845/1845/1450 1844/1844/1449 1847/1848/1453
f 1847/1848/1453 1850/1847/1452 1845/1845/1450
f 2016/2013/1589 2013/2014/969 2014/2015/970
f 2014/2015/970 2015/2016/1590 2016/2013/1589
f 2020/2017/1287 2017/2018/961 2018/2019/962
f 2018/2019/962 2019/2020/1591 2020/2017/1287
f 2024/2021/964 2021/2022/965 2022/2023/966
f 2022/2023/966 2023/2024/1592 2024/2021/964
f 2028/2025/1289 2025/2026/998 2026/2027/1050
f 2026/2027/1050 2027/2028/1049 2028/2025/1289
f 2022/2023/966 2029/2029/987 2030/2030/1593
f 2030/2030/1593 2023/2024/1592 2022/2023/966
f 2034/2031/1034 2031/2032/1594 2032/2033/988
f 2032/2033/988 2033/2034/1035 2034/2031/1034
f 2038/2035/990 2035/2036/980 2036/2037/984
f 2036/2037/984 2037/2038/989 2038/2035/990
f 2041/2039/986 2039/2040/983 2014/2015/970
f 2014/2015/970 2040/2041/1024 2041/2039/986
f 2045/2042/1292 2042/2043/1002 2043/2044/999
f 2043/2044/999 2044/2045/1052 2045/2042/1292
f 2049/2046/1294 2046/2047/977 2047/2048/1595
f 2047/2048/1595 2048/2049/1596 2049/2046/1294
f 2053/2050/1295 2050/2051/1296 2051/2052/1047
f 2051/2052/1047 2052/2053/1046 2053/2050/1295
f 2057/2054/1597 2054/2055/1026 2055/2056/1027
f 2055/2056/1027 2056/2057/792 2057/2054/1597
f 2061/2058/1299 2058/2059/1029 2059/2060/1051
f 2059/2060/1051 2060/2061/799 2061/2058/1299
f 2063/2062/1032 2062/2063/1300 2034/2031/1034
f 2034/2031/1034 2033/2034/1035 2063/2062/1032
f 2067/2064/1301 2064/2065/1302 2065/2066/1303
f 2065/2066/1303 2066/2067/804 2067/2064/1301
f 2071/2068/1598 2068/2069/1040 2069/2070/1599
f 2069/2070/1599 2070/2071/786 2071/2068/1598
f 2075/2072/1043 2072/2073/1600 2073/2074/981
f 2073/2074/981 2074/2075/992 2075/2072/1043
f 2079/2076/1601 2076/2077/1602 2077/2078/1603
f 2077/2078/1603 2078/2079/1604 2079/2076/1601
f 2083/2080/1605 2080/2081/1606 2081/2082/1607
f 2081/2082/1607 2082/2083/1608 2083/2080/1605
f 2087/2084/1609 2084/2085/1610 2085/2086/1611
f 2085/2086/1611 2086/2087/1612 2087/2084/1609
f 2091/2088/1613 2088/2089/1312 2089/2090/1313
f 2089/2090/1313 2090/2091/1614 2091/2088/1613
f 2095/2092/1615 2092/2093/1018 2093/2094/1314
f 2093/2094/1314 2094/2095/774 2095/2092/1615
f 2098/2096/1021 2096/2097/1616 2030/2030/1593
f 2030/2030/1593 2097/2098/1024 2098/2096/1021
f 2094/2095/774 2093/2094/1314 2096/2097/1616
f 2096/2097/1616 2098/2096/1021 2094/2095/774
f 2093/2094/1314 2056/2057/792 2024/2021/964
f 2024/2021/964 2096/2097/1616 2093/2094/1314
f 2096/2097/1616 2024/2021/964 2023/2024/1592
f 2023/2024/1592 2030/2030/1593 2096/2097/1616
f 2100/2099/1004 2099/2100/1003 2092/2093/1018
f 2092/2093/1018 2095/2092/1615 2100/2099/1004
f 2099/2100/1003 2101/2101/1617 2057/2054/1597
f 2057/2054/1597 2092/2093/1018 2099/2100/1003
f 2092/2093/1018 2057/2054/1597 2056/2057/792
f 2056/2057/792 2093/2094/1314 2092/2093/1018
f 2103/2102/1618 2102/2103/1619 2088/2089/1312
f 2088/2089/1312 2091/2088/1613 2103/2102/1618
f 2102/2103/1619 2104/2104/1004 2105/2105/1317
f 2105/2105/1317 2088/2089/1312 2102/2103/1619
f 2088/2089/1312 2105/2105/1317 2106/2106/1620
f 2106/2106/1620 2089/2090/1313 2088/2089/1312
f 2108/2107/1621 2016/2013/1589 2015/2016/1590
f 2015/2016/1590 2107/2108/1622 2108/2107/1621
f 2112/2109/1623 2109/2110/1624 2110/2111/1625
f 2110/2111/1625 2111/2112/1626 2112/2109/1623
f 2114/2113/1627 2103/2102/1618 2091/2088/1613
f 2091/2088/1613 2113/2114/1628 2114/2113/1627
f 2118/2115/1629 2115/2116/1630 2116/2117/1631
f 2116/2117/1631 2117/2118/1632 2118/2115/1629
f 2122/2119/1633 2119/2120/1634 2120/2121/1635
f 2120/2121/1635 2121/2122/1636 2122/2119/1633
f 2117/2118/1632 2116/2117/1631 2123/2123/1637
f 2123/2123/1637 2124/2124/1638 2117/2118/1632
f 2128/2125/1639 2125/2126/1640 2126/2127/1641
f 2126/2127/1641 2127/2128/1642 2128/2125/1639
f 2078/2079/1604 2077/2078/1603 2115/2116/1630
f 2115/2116/1630 2118/2115/1629 2078/2079/1604
f 2132/2129/1643 2129/2130/1644 2130/2131/1645
f 2130/2131/1645 2131/2132/1646 2132/2129/1643
f 2070/2071/786 2069/2070/1599 2072/2073/1600
f 2072/2073/1600 2075/2072/1043 2070/2071/786
f 2069/2070/1599 2133/2133/1647 2128/2125/1639
f 2128/2125/1639 2072/2073/1600 2069/2070/1599
f 2072/2073/1600 2128/2125/1639 2127/2128/1642
f 2127/2128/1642 2073/2074/981 2072/2073/1600
f 2052/2053/1046 2051/2052/1047 2068/2069/1040
f 2068/2069/1040 2071/2068/1598 2052/2053/1046
f 2051/2052/1047 2122/2119/1633 2121/2122/1636
f 2121/2122/1636 2068/2069/1040 2051/2052/1047
f 2068/2069/1040 2121/2122/1636 2133/2133/1647
f 2133/2133/1647 2069/2070/1599 2068/2069/1040
f 2027/2028/1049 2026/2027/1050 2064/2065/1302
f 2064/2065/1302 2067/2064/1301 2027/2028/1049
f 2026/2027/1050 2134/2134/1046 2135/2135/1319
f 2135/2135/1319 2064/2065/1302 2026/2027/1050
f 2064/2065/1302 2135/2135/1319 2136/2136/786
f 2136/2136/786 2065/2066/1303 2064/2065/1302
f 2060/2061/799 2059/2060/1051 2062/2063/1300
f 2062/2063/1300 2063/2062/1032 2060/2061/799
f 2059/2060/1051 2066/2067/804 2020/2017/1287
f 2020/2017/1287 2062/2063/1300 2059/2060/1051
f 2062/2063/1300 2020/2017/1287 2019/2020/1591
f 2019/2020/1591 2034/2031/1034 2062/2063/1300
f 2044/2045/1052 2028/2025/1289 2058/2059/1029
f 2058/2059/1029 2061/2058/1299 2044/2045/1052
f 2028/2025/1289 2027/2028/1049 2067/2064/1301
f 2067/2064/1301 2058/2059/1029 2028/2025/1289
f 2058/2059/1029 2067/2064/1301 2066/2067/804
f 2066/2067/804 2059/2060/1051 2058/2059/1029
f 2101/2101/1617 2045/2042/1292 2054/2055/1026
f 2054/2055/1026 2057/2054/1597 2101/2101/1617
f 2045/2042/1292 2044/2045/1052 2061/2058/1299
f 2061/2058/1299 2054/2055/1026 2045/2042/1292
f 2054/2055/1026 2061/2058/1299 2060/2061/799
f 2060/2061/799 2055/2056/1027 2054/2055/1026
f 2048/2049/1596 2047/2048/1595 2050/2051/1296
f 2050/2051/1296 2053/2050/1295 2048/2049/1596
f 2047/2048/1595 2137/2137/1648 2119/2120/1634
f 2119/2120/1634 2050/2051/1296 2047/2048/1595
f 2050/2051/1296 2119/2120/1634 2122/2119/1633
f 2122/2119/1633 2051/2052/1047 2050/2051/1296
f 2104/2104/1004 2102/2103/1619 2046/2047/977
f 2046/2047/977 2049/2046/1294 2104/2104/1004
f 2102/2103/1619 2103/2102/1618 2114/2113/1627
f 2114/2113/1627 2046/2047/977 2102/2103/1619
f 2046/2047/977 2114/2113/1627 2137/2137/1648
f 2137/2137/1648 2047/2048/1595 2046/2047/977
f 2101/2101/1617 2099/2100/1003 2042/2043/1002
f 2042/2043/1002 2045/2042/1292 2101/2101/1617
f 2099/2100/1003 2100/2099/1004 2138/2138/1320
f 2138/2138/1320 2042/2043/1002 2099/2100/1003
f 2042/2043/1002 2138/2138/1320 2139/2139/1000
f 2139/2139/1000 2043/2044/999 2042/2043/1002
f 2037/2038/989 2036/2037/984 2039/2040/983
f 2039/2040/983 2041/2039/986 2037/2038/989
f 2036/2037/984 2140/2140/1649 2107/2108/1622
f 2107/2108/1622 2039/2040/983 2036/2037/984
f 2039/2040/983 2107/2108/1622 2015/2016/1590
f 2015/2016/1590 2014/2015/970 2039/2040/983
f 2074/2075/992 2073/2074/981 2035/2036/980
f 2035/2036/980 2038/2035/990 2074/2075/992
f 2073/2074/981 2127/2128/1642 2126/2127/1641
f 2126/2127/1641 2035/2036/980 2073/2074/981
f 2035/2036/980 2126/2127/1641 2140/2140/1649
f 2140/2140/1649 2036/2037/984 2035/2036/980
f 2019/2020/1591 2018/2019/962 2031/2032/1594
f 2031/2032/1594 2034/2031/1034 2019/2020/1591
f 2018/2019/962 2141/2141/992 2142/2142/990
f 2142/2142/990 2031/2032/1594 2018/2019/962
f 2031/2032/1594 2142/2142/990 2143/2143/989
f 2143/2143/989 2032/2033/988 2031/2032/1594
f 2033/2034/1035 2032/2033/988 2029/2029/987
f 2029/2029/987 2022/2023/966 2033/2034/1035
f 2032/2033/988 2143/2143/989 2144/2144/1650
f 2144/2144/1650 2029/2029/987 2032/2033/988
f 2029/2029/987 2144/2144/1650 2097/2098/1024
f 2097/2098/1024 2030/2030/1593 2029/2029/987
f 2044/2045/1052 2043/2044/999 2025/2026/998
f 2025/2026/998 2028/2025/1289 2044/2045/1052
f 2043/2044/999 2139/2139/1000 2145/2145/1322
f 2145/2145/1322 2025/2026/998 2043/2044/999
f 2025/2026/998 2145/2145/1322 2134/2134/1046
f 2134/2134/1046 2026/2027/1050 2025/2026/998
f 2056/2057/792 2055/2056/1027 2021/2022/965
f 2021/2022/965 2024/2021/964 2056/2057/792
f 2055/2056/1027 2060/2061/799 2063/2062/1032
f 2063/2062/1032 2021/2022/965 2055/2056/1027
f 2021/2022/965 2063/2062/1032 2033/2034/1035
f 2033/2034/1035 2022/2023/966 2021/2022/965
f 2066/2067/804 2065/2066/1303 2017/2018/961
f 2017/2018/961 2020/2017/1287 2066/2067/804
f 2065/2066/1303 2136/2136/786 2146/2146/1651
f 2146/2146/1651 2017/2018/961 2065/2066/1303
f 2017/2018/961 2146/2146/1651 2141/2141/992
f 2141/2141/992 2018/2019/962 2017/2018/961
f 2086/2087/1612 2085/2086/1611 2076/2077/1602
f 2076/2077/1602 2079/2076/1601 2086/2087/1612
f 2082/2083/1608 2081/2082/1607 2147/2147/1652
f 2147/2147/1652 2148/2148/1653 2082/2083/1608
f 2149/2149/1654 2108/2107/1621 2107/2108/1622
f 2107/2108/1622 2140/2140/1649 2149/2149/1654
f 2090/2091/1614 2089/2090/1313 2013/2014/969
f 2013/2014/969 2016/2013/1589 2090/2091/1614
f 2089/2090/1313 2106/2106/1620 2150/2150/1655
f 2150/2150/1655 2013/2014/969 2089/2090/1313
f 2013/2014/969 2150/2150/1655 2040/2041/1024
f 2040/2041/1024 2014/2015/970 2013/2014/969
f 2113/2114/1628 2091/2088/1613 2090/2091/1614
f 2090/2091/1614 2151/2151/1656 2113/2114/1628
f 2119/2120/1634 2137/2137/1648 2152/2152/1657
f 2152/2152/1657 2120/2121/1635 2119/2120/1634
f 2137/2137/1648 2114/2113/1627 2113/2114/1628
f 2113/2114/1628 2152/2152/1657 2137/2137/1648
f 2151/2151/1656 2090/2091/1614 2016/2013/1589
f 2016/2013/1589 2108/2107/1621 2151/2151/1656
f 2111/2112/1626 2110/2111/1625 2084/2085/1610
f 2084/2085/1610 2087/2084/1609 2111/2112/1626
f 2154/2153/1658 2153/2154/1659 2129/2130/1644
f 2129/2130/1644 2132/2129/1643 2154/2153/1658
f 2158/2155/1660 2155/2156/1661 2156/2157/1662
f 2156/2157/1662 2157/2158/1663 2158/2155/1660
f 2157/2158/1663 2156/2157/1662 2080/2081/1606
f 2080/2081/1606 2083/2080/1605 2157/2158/1663
f 2148/2148/1653 2147/2147/1652 2153/2154/1659
f 2153/2154/1659 2154/2153/1658 2148/2148/1653
f 2160/2159/1646 2159/2160/1645 2155/2156/1661
f 2155/2156/1661 2158/2155/1660 2160/2159/1646
f 2121/2122/1636 2120/2121/1635 2161/2161/1664
f 2161/2161/1664 2133/2133/1647 2121/2122/1636
f 2163/2162/1665 2130/2131/1645 2129/2130/1644
f 2129/2130/1644 2162/2163/1666 2163/2162/1665
f 2165/2164/1667 2163/2162/1665 2162/2163/1666
f 2162/2163/1666 2164/2165/1668 2165/2164/1667
f 2167/2166/1638 2165/2164/1667 2164/2165/1668
f 2164/2165/1668 2166/2167/1632 2167/2166/1638
f 2169/2168/1669 2153/2154/1659 2147/2147/1652
f 2147/2147/1652 2168/2169/1670 2169/2168/1669
f 2171/2170/1671 2169/2168/1669 2168/2169/1670
f 2168/2169/1670 2170/2171/1672 2171/2170/1671
f 2173/2172/1673 2171/2170/1671 2170/2171/1672
f 2170/2171/1672 2172/2173/1674 2173/2172/1673
f 2175/2174/1675 2156/2157/1662 2155/2156/1661
f 2155/2156/1661 2174/2175/1676 2175/2174/1675
f 2177/2176/1677 2175/2174/1675 2174/2175/1676
f 2174/2175/1676 2176/2177/1678 2177/2176/1677
f 2179/2178/1609 2177/2176/1677 2176/2177/1678
f 2176/2177/1678 2178/2179/1679 2179/2178/1609
f 2168/2169/1670 2147/2147/1652 2081/2082/1607
f 2081/2082/1607 2180/2180/1680 2168/2169/1670
f 2170/2171/1672 2168/2169/1670 2180/2180/1680
f 2180/2180/1680 2181/2181/1681 2170/2171/1672
f 2172/2173/1674 2170/2171/1672 2181/2181/1681
f 2181/2181/1681 2182/2182/1682 2172/2173/1674
f 2180/2180/1680 2081/2082/1607 2080/2081/1606
f 2080/2081/1606 2183/2183/1683 2180/2180/1680
f 2181/2181/1681 2180/2180/1680 2183/2183/1683
f 2183/2183/1683 2184/2184/1684 2181/2181/1681
f 2182/2182/1682 2181/2181/1681 2184/2184/1684
f 2184/2184/1684 2185/2185/1685 2182/2182/1682
f 2162/2163/1666 2129/2130/1644 2153/2154/1659
f 2153/2154/1659 2169/2168/1669 2162/2163/1666
f 2164/2165/1668 2162/2163/1666 2169/2168/1669
f 2169/2168/1669 2171/2170/1671 2164/2165/1668
f 2166/2167/1632 2164/2165/1668 2171/2170/1671
f 2171/2170/1671 2173/2172/1673 2166/2167/1632
f 2174/2175/1676 2155/2156/1661 2159/2160/1645
f 2159/2160/1645 2186/2186/1686 2174/2175/1676
f 2176/2177/1678 2174/2175/1676 2186/2186/1686
f 2186/2186/1686 2187/2187/1687 2176/2177/1678
f 2178/2179/1679 2176/2177/1678 2187/2187/1687
f 2187/2187/1687 2188/2188/1638 2178/2179/1679
f 2183/2183/1683 2080/2081/1606 2156/2157/1662
f 2156/2157/1662 2175/2174/1675 2183/2183/1683
f 2184/2184/1684 2183/2183/1683 2175/2174/1675
f 2175/2174/1675 2177/2176/1677 2184/2184/1684
f 2185/2185/1685 2184/2184/1684 2177/2176/1677
f 2177/2176/1677 2179/2178/1609 2185/2185/1685
f 2125/2126/1640 2149/2149/1654 2140/2140/1649
f 2140/2140/1649 2126/2127/1641 2125/2126/1640
f 2190/2189/1688 2108/2107/1621 2149/2149/1654
f 2149/2149/1654 2189/2190/1689 2190/2189/1688
f 2194/2191/1690 2191/2192/1691 2192/2193/1692
f 2192/2193/1692 2193/2194/1693 2194/2191/1690
f 2110/2111/1625 2194/2191/1690 2193/2194/1693
f 2193/2194/1693 2084/2085/1610 2110/2111/1625
f 2194/2191/1690 2110/2111/1625 2109/2110/1624
f 2109/2110/1624 2195/2195/1694 2194/2191/1690
f 2191/2192/1691 2194/2191/1690 2195/2195/1694
f 2195/2195/1694 2196/2196/1695 2191/2192/1691
f 2108/2107/1621 2190/2189/1688 2197/2197/1696
f 2197/2197/1696 2151/2151/1656 2108/2107/1621
f 2199/2198/1697 2116/2117/1631 2115/2116/1630
f 2115/2116/1630 2198/2199/1698 2199/2198/1697
f 2201/2200/1699 2199/2198/1697 2198/2199/1698
f 2198/2199/1698 2200/2201/1700 2201/2200/1699
f 2113/2114/1628 2202/2202/1701 2203/2203/1702
f 2203/2203/1702 2152/2152/1657 2113/2114/1628
f 2204/2204/1703 2123/2123/1637 2116/2117/1631
f 2116/2117/1631 2199/2198/1697 2204/2204/1703
f 2205/2205/1704 2204/2204/1703 2199/2198/1697
f 2199/2198/1697 2201/2200/1699 2205/2205/1704
f 2151/2151/1656 2197/2197/1696 2202/2202/1701
f 2202/2202/1701 2113/2114/1628 2151/2151/1656
f 2198/2199/1698 2115/2116/1630 2077/2078/1603
f 2077/2078/1603 2206/2206/1705 2198/2199/1698
f 2200/2201/1700 2198/2199/1698 2206/2206/1705
f 2206/2206/1705 2207/2207/1706 2200/2201/1700
f 2152/2152/1657 2203/2203/1702 2208/2208/1707
f 2208/2208/1707 2120/2121/1635 2152/2152/1657
f 2209/2209/1708 2161/2161/1664 2120/2121/1635
f 2120/2121/1635 2208/2208/1707 2209/2209/1708
f 2211/2210/1709 2210/2211/1710 2207/2207/1706
f 2207/2207/1706 2206/2206/1705 2211/2210/1709
f 2076/2077/1602 2211/2210/1709 2206/2206/1705
f 2206/2206/1705 2077/2078/1603 2076/2077/1602
f 2189/2190/1689 2149/2149/1654 2125/2126/1640
f 2125/2126/1640 2212/2212/1711 2189/2190/1689
f 2193/2194/1693 2192/2193/1692 2213/2213/1712
f 2213/2213/1712 2214/2214/1713 2193/2194/1693
f 2084/2085/1610 2193/2194/1693 2214/2214/1713
f 2214/2214/1713 2085/2086/1611 2084/2085/1610
f 2212/2212/1711 2125/2126/1640 2161/2161/1664
f 2161/2161/1664 2209/2209/1708 2212/2212/1711
f 2214/2214/1713 2213/2213/1712 2210/2211/1710
f 2210/2211/1710 2211/2210/1709 2214/2214/1713
f 2085/2086/1611 2214/2214/1713 2211/2210/1709
f 2211/2210/1709 2076/2077/1602 2085/2086/1611
f 2133/2133/1647 2161/2161/1664 2125/2126/1640
f 2125/2126/1640 2128/2125/1639 2133/2133/1647
f 2218/2215/1714 2215/2216/1022 2216/2217/1715
f 2216/2217/1715 2217/2218/1716 2218/2215/1714
f 2222/2219/1717 2219/2220/1600 2220/2221/1718
f 2220/2221/1718 2221/2222/975 2222/2219/1717
f 2226/2223/1719 2223/2224/1720 2224/2225/1721
f 2224/2225/1721 2225/2226/1284 2226/2223/1719
f 2230/2227/1722 2227/2228/994 2228/2229/1318
f 2228/2229/1318 2229/2230/1723 2230/2227/1722
f 2232/2231/1724 2231/2232/1725 2226/2223/1719
f 2226/2223/1719 2225/2226/1284 2232/2231/1724
f 2236/2233/984 2233/2234/980 2234/2235/1726
f 2234/2235/1726 2235/2236/985 2236/2233/984
f 2240/2237/988 2237/2238/991 2238/2239/1727
f 2238/2239/1727 2239/2240/989 2240/2237/988
f 2218/2215/1714 2241/2241/987 2242/2242/986
f 2242/2242/986 2243/2243/1024 2218/2215/1714
f 2247/2244/995 2244/2245/977 2245/2246/976
f 2245/2246/976 2246/2247/996 2247/2244/995
f 2251/2248/999 2248/2249/1293 2249/2250/1320
f 2249/2250/1320 2250/2251/1000 2251/2248/999
f 2255/2252/1728 2252/2253/1729 2253/2254/1295
f 2253/2254/1295 2254/2255/1046 2255/2252/1728
f 2259/2256/1308 2256/2257/1730 2257/2258/1311
f 2257/2258/1311 2258/2259/801 2259/2256/1308
f 2263/2260/1007 2260/2261/1731 2261/2262/1008
f 2261/2262/1008 2262/2263/784 2263/2260/1007
f 2234/2235/1726 2264/2264/973 2265/2265/1309
f 2265/2265/1309 2235/2236/985 2234/2235/1726
f 2269/2266/1599 2266/2267/1040 2267/2268/1732
f 2267/2268/1732 2268/2269/777 2269/2266/1599
f 2273/2270/1038 2270/2271/1302 2271/2272/1733
f 2271/2272/1733 2272/2273/786 2273/2270/1038
f 2277/2274/1734 2274/2275/1735 2275/2276/1043
f 2275/2276/1043 2276/2277/992 2277/2274/1734
f 2281/2278/1736 2278/2279/1737 2279/2280/1738
f 2279/2280/1738 2280/2281/1739 2281/2278/1736
f 2285/2282/1740 2282/2283/1741 2283/2284/1742
f 2283/2284/1742 2284/2285/1743 2285/2282/1740
f 2289/2286/1744 2286/2287/1745 2287/2288/1746
f 2287/2288/1746 2288/2289/1747 2289/2286/1744
f 2293/2290/1314 2290/2291/1748 2291/2292/1749
f 2291/2292/1749 2292/2293/1750 2293/2290/1314
f 2297/2294/1313 2294/2295/1312 2295/2296/1751
f 2295/2296/1751 2296/2297/774 2297/2294/1313
f 2232/2231/1724 2298/2298/969 2299/2299/1021
f 2299/2299/1021 2300/2300/1024 2232/2231/1724
f 2298/2298/969 2297/2294/1313 2296/2297/774
f 2296/2297/774 2299/2299/1021 2298/2298/969
f 2224/2225/1721 2258/2259/801 2297/2294/1313
f 2297/2294/1313 2298/2298/969 2224/2225/1721
f 2225/2226/1284 2224/2225/1721 2298/2298/969
f 2298/2298/969 2232/2231/1724 2225/2226/1284
f 2294/2295/1312 2301/2301/1752 2302/2302/1004
f 2302/2302/1004 2295/2296/1751 2294/2295/1312
f 2257/2258/1311 2303/2303/1753 2301/2301/1752
f 2301/2301/1752 2294/2295/1312 2257/2258/1311
f 2258/2259/801 2257/2258/1311 2294/2295/1312
f 2294/2295/1312 2297/2294/1313 2258/2259/801
f 2290/2291/1748 2304/2304/1754 2305/2305/1755
f 2305/2305/1755 2291/2292/1749 2290/2291/1748
f 2307/2306/1017 2306/2307/1004 2304/2304/1754
f 2304/2304/1754 2290/2291/1748 2307/2306/1017
f 2308/2308/1756 2307/2306/1017 2290/2291/1748
f 2290/2291/1748 2293/2290/1314 2308/2308/1756
f 2217/2218/1716 2216/2217/1715 2309/2309/1757
f 2309/2309/1757 2310/2310/1758 2217/2218/1716
f 2314/2311/1759 2311/2312/1760 2312/2313/1761
f 2312/2313/1761 2313/2314/1762 2314/2311/1759
f 2291/2292/1749 2305/2305/1755 2315/2315/1763
f 2315/2315/1763 2316/2316/1764 2291/2292/1749
f 2320/2317/1765 2317/2318/1766 2318/2319/1767
f 2318/2319/1767 2319/2320/1768 2320/2317/1765
f 2324/2321/1769 2321/2322/1770 2322/2323/1771
f 2322/2323/1771 2323/2324/1772 2324/2321/1769
f 2326/2325/1773 2320/2317/1765 2319/2320/1768
f 2319/2320/1768 2325/2326/1761 2326/2325/1773
f 2330/2327/1774 2327/2328/1775 2328/2329/1776
f 2328/2329/1776 2329/2330/1777 2330/2327/1774
f 2317/2318/1766 2281/2278/1736 2280/2281/1739
f 2280/2281/1739 2318/2319/1767 2317/2318/1766
f 2334/2331/1778 2331/2332/1779 2332/2333/1780
f 2332/2333/1780 2333/2334/1781 2334/2331/1778
f 2274/2275/1735 2273/2270/1038 2272/2273/786
f 2272/2273/786 2275/2276/1043 2274/2275/1735
f 2328/2329/1776 2335/2335/1782 2273/2270/1038
f 2273/2270/1038 2274/2275/1735 2328/2329/1776
f 2329/2330/1777 2328/2329/1776 2274/2275/1735
f 2274/2275/1735 2277/2274/1734 2329/2330/1777
f 2270/2271/1302 2255/2252/1728 2254/2255/1046
f 2254/2255/1046 2271/2272/1733 2270/2271/1302
f 2323/2324/1772 2322/2323/1771 2255/2252/1728
f 2255/2252/1728 2270/2271/1302 2323/2324/1772
f 2335/2335/1782 2323/2324/1772 2270/2271/1302
f 2270/2271/1302 2273/2270/1038 2335/2335/1782
f 2266/2267/1040 2230/2227/1722 2229/2230/1723
f 2229/2230/1723 2267/2268/1732 2266/2267/1040
f 2337/2336/1319 2336/2337/1046 2230/2227/1722
f 2230/2227/1722 2266/2267/1040 2337/2336/1319
f 2338/2338/786 2337/2336/1319 2266/2267/1040
f 2266/2267/1040 2269/2266/1599 2338/2338/786
f 2264/2264/973 2263/2260/1007 2262/2263/784
f 2262/2263/784 2265/2265/1309 2264/2264/973
f 2220/2221/1718 2268/2269/777 2263/2260/1007
f 2263/2260/1007 2264/2264/973 2220/2221/1718
f 2221/2222/975 2220/2221/1718 2264/2264/973
f 2264/2264/973 2234/2235/1726 2221/2222/975
f 2260/2261/1731 2228/2229/1318 2246/2247/996
f 2246/2247/996 2261/2262/1008 2260/2261/1731
f 2267/2268/1732 2229/2230/1723 2228/2229/1318
f 2228/2229/1318 2260/2261/1731 2267/2268/1732
f 2268/2269/777 2267/2268/1732 2260/2261/1731
f 2260/2261/1731 2263/2260/1007 2268/2269/777
f 2256/2257/1730 2245/2246/976 2303/2303/1753
f 2303/2303/1753 2257/2258/1311 2256/2257/1730
f 2261/2262/1008 2246/2247/996 2245/2246/976
f 2245/2246/976 2256/2257/1730 2261/2262/1008
f 2262/2263/784 2261/2262/1008 2256/2257/1730
f 2256/2257/1730 2259/2256/1308 2262/2263/784
f 2252/2253/1729 2251/2248/999 2250/2251/1000
f 2250/2251/1000 2253/2254/1295 2252/2253/1729
f 2321/2322/1770 2339/2339/1783 2251/2248/999
f 2251/2248/999 2252/2253/1729 2321/2322/1770
f 2322/2323/1771 2321/2322/1770 2252/2253/1729
f 2252/2253/1729 2255/2252/1728 2322/2323/1771
f 2248/2249/1293 2304/2304/1754 2306/2307/1004
f 2306/2307/1004 2249/2250/1320 2248/2249/1293
f 2315/2315/1763 2305/2305/1755 2304/2304/1754
f 2304/2304/1754 2248/2249/1293 2315/2315/1763
f 2339/2339/1783 2315/2315/1763 2248/2249/1293
f 2248/2249/1293 2251/2248/999 2339/2339/1783
f 2244/2245/977 2301/2301/1752 2303/2303/1753
f 2303/2303/1753 2245/2246/976 2244/2245/977
f 2340/2340/1320 2302/2302/1004 2301/2301/1752
f 2301/2301/1752 2244/2245/977 2340/2340/1320
f 2341/2341/1000 2340/2340/1320 2244/2245/977
f 2244/2245/977 2247/2244/995 2341/2341/1000
f 2241/2241/987 2240/2237/988 2239/2240/989
f 2239/2240/989 2242/2242/986 2241/2241/987
f 2310/2310/1758 2342/2342/1784 2240/2237/988
f 2240/2237/988 2241/2241/987 2310/2310/1758
f 2217/2218/1716 2310/2310/1758 2241/2241/987
f 2241/2241/987 2218/2215/1714 2217/2218/1716
f 2237/2238/991 2277/2274/1734 2276/2277/992
f 2276/2277/992 2238/2239/1727 2237/2238/991
f 2330/2327/1774 2329/2330/1777 2277/2274/1734
f 2277/2274/1734 2237/2238/991 2330/2327/1774
f 2342/2342/1784 2330/2327/1774 2237/2238/991
f 2237/2238/991 2240/2237/988 2342/2342/1784
f 2233/2234/980 2222/2219/1717 2221/2222/975
f 2221/2222/975 2234/2235/1726 2233/2234/980
f 2344/2343/990 2343/2344/992 2222/2219/1717
f 2222/2219/1717 2233/2234/980 2344/2343/990
f 2345/2345/989 2344/2343/990 2233/2234/980
f 2233/2234/980 2236/2233/984 2345/2345/989
f 2231/2232/1725 2236/2233/984 2235/2236/985
f 2235/2236/985 2226/2223/1719 2231/2232/1725
f 2346/2346/986 2345/2345/989 2236/2233/984
f 2236/2233/984 2231/2232/1725 2346/2346/986
f 2300/2300/1024 2346/2346/986 2231/2232/1725
f 2231/2232/1725 2232/2231/1724 2300/2300/1024
f 2227/2228/994 2247/2244/995 2246/2247/996
f 2246/2247/996 2228/2229/1318 2227/2228/994
f 2347/2347/1785 2341/2341/1000 2247/2244/995
f 2247/2244/995 2227/2228/994 2347/2347/1785
f 2336/2337/1046 2347/2347/1785 2227/2228/994
f 2227/2228/994 2230/2227/1722 2336/2337/1046
f 2223/2224/1720 2259/2256/1308 2258/2259/801
f 2258/2259/801 2224/2225/1721 2223/2224/1720
f 2265/2265/1309 2262/2263/784 2259/2256/1308
f 2259/2256/1308 2223/2224/1720 2265/2265/1309
f 2235/2236/985 2265/2265/1309 2223/2224/1720
f 2223/2224/1720 2226/2223/1719 2235/2236/985
f 2219/2220/1600 2269/2266/1599 2268/2269/777
f 2268/2269/777 2220/2221/1718 2219/2220/1600
f 2348/2348/1043 2338/2338/786 2269/2266/1599
f 2269/2266/1599 2219/2220/1600 2348/2348/1043
f 2343/2344/992 2348/2348/1043 2219/2220/1600
f 2219/2220/1600 2222/2219/1717 2343/2344/992
f 2278/2279/1737 2289/2286/1744 2288/2289/1747
f 2288/2289/1747 2279/2280/1738 2278/2279/1737
f 2350/2349/1786 2285/2282/1740 2284/2285/1743
f 2284/2285/1743 2349/2350/1787 2350/2349/1786
f 2310/2310/1758 2309/2309/1757 2351/2351/1788
f 2351/2351/1788 2342/2342/1784 2310/2310/1758
f 2215/2216/1022 2293/2290/1314 2292/2293/1750
f 2292/2293/1750 2216/2217/1715 2215/2216/1022
f 2352/2352/1789 2308/2308/1756 2293/2290/1314
f 2293/2290/1314 2215/2216/1022 2352/2352/1789
f 2243/2243/1024 2352/2352/1789 2215/2216/1022
f 2215/2216/1022 2218/2215/1714 2243/2243/1024
f 2292/2293/1750 2291/2292/1749 2316/2316/1764
f 2316/2316/1764 2353/2353/1790 2292/2293/1750
f 2354/2354/1791 2339/2339/1783 2321/2322/1770
f 2321/2322/1770 2324/2321/1769 2354/2354/1791
f 2316/2316/1764 2315/2315/1763 2339/2339/1783
f 2339/2339/1783 2354/2354/1791 2316/2316/1764
f 2216/2217/1715 2292/2293/1750 2353/2353/1790
f 2353/2353/1790 2309/2309/1757 2216/2217/1715
f 2286/2287/1745 2314/2311/1759 2313/2314/1762
f 2313/2314/1762 2287/2288/1746 2286/2287/1745
f 2331/2332/1779 2355/2355/1792 2356/2356/1793
f 2356/2356/1793 2332/2333/1780 2331/2332/1779
f 2360/2357/1794 2357/2358/1795 2358/2359/1796
f 2358/2359/1796 2359/2360/1797 2360/2357/1794
f 2282/2283/1741 2360/2357/1794 2359/2360/1797
f 2359/2360/1797 2283/2284/1742 2282/2283/1741
f 2355/2355/1792 2350/2349/1786 2349/2350/1787
f 2349/2350/1787 2356/2356/1793 2355/2355/1792
f 2357/2358/1795 2361/2361/1778 2362/2362/1781
f 2362/2362/1781 2358/2359/1796 2357/2358/1795
f 2363/2363/1798 2324/2321/1769 2323/2324/1772
f 2323/2324/1772 2335/2335/1782 2363/2363/1798
f 2331/2332/1779 2334/2331/1778 2364/2364/1799
f 2364/2364/1799 2365/2365/1800 2331/2332/1779
f 2365/2365/1800 2364/2364/1799 2366/2366/1801
f 2366/2366/1801 2367/2367/1802 2365/2365/1800
f 2367/2367/1802 2366/2366/1801 2368/2368/1761
f 2368/2368/1761 2369/2369/1803 2367/2367/1802
f 2350/2349/1786 2355/2355/1792 2370/2370/1804
f 2370/2370/1804 2371/2371/1805 2350/2349/1786
f 2371/2371/1805 2370/2370/1804 2372/2372/1806
f 2372/2372/1806 2373/2373/1807 2371/2371/1805
f 2373/2373/1807 2372/2372/1806 2374/2374/1767
f 2374/2374/1767 2375/2375/1808 2373/2373/1807
f 2357/2358/1795 2360/2357/1794 2376/2376/1809
f 2376/2376/1809 2377/2377/1810 2357/2358/1795
f 2377/2377/1810 2376/2376/1809 2378/2378/1811
f 2378/2378/1811 2379/2379/1812 2377/2377/1810
f 2379/2379/1812 2378/2378/1811 2380/2380/1746
f 2380/2380/1746 2381/2381/1813 2379/2379/1812
f 2285/2282/1740 2350/2349/1786 2371/2371/1805
f 2371/2371/1805 2382/2382/1814 2285/2282/1740
f 2382/2382/1814 2371/2371/1805 2373/2373/1807
f 2373/2373/1807 2383/2383/1815 2382/2382/1814
f 2383/2383/1815 2373/2373/1807 2375/2375/1808
f 2375/2375/1808 2384/2384/1816 2383/2383/1815
f 2282/2283/1741 2285/2282/1740 2382/2382/1814
f 2382/2382/1814 2385/2385/1817 2282/2283/1741
f 2385/2385/1817 2382/2382/1814 2383/2383/1815
f 2383/2383/1815 2386/2386/1818 2385/2385/1817
f 2386/2386/1818 2383/2383/1815 2384/2384/1816
f 2384/2384/1816 2387/2387/1819 2386/2386/1818
f 2355/2355/1792 2331/2332/1779 2365/2365/1800
f 2365/2365/1800 2370/2370/1804 2355/2355/1792
f 2370/2370/1804 2365/2365/1800 2367/2367/1802
f 2367/2367/1802 2372/2372/1806 2370/2370/1804
f 2372/2372/1806 2367/2367/1802 2369/2369/1803
f 2369/2369/1803 2374/2374/1767 2372/2372/1806
f 2361/2361/1778 2357/2358/1795 2377/2377/1810
f 2377/2377/1810 2388/2388/1820 2361/2361/1778
f 2388/2388/1820 2377/2377/1810 2379/2379/1812
f 2379/2379/1812 2389/2389/1821 2388/2388/1820
f 2389/2389/1821 2379/2379/1812 2381/2381/1813
f 2381/2381/1813 2390/2390/1761 2389/2389/1821
f 2360/2357/1794 2282/2283/1741 2385/2385/1817
f 2385/2385/1817 2376/2376/1809 2360/2357/1794
f 2376/2376/1809 2385/2385/1817 2386/2386/1818
f 2386/2386/1818 2378/2378/1811 2376/2376/1809
f 2378/2378/1811 2386/2386/1818 2387/2387/1819
f 2387/2387/1819 2380/2380/1746 2378/2378/1811
f 2342/2342/1784 2351/2351/1788 2327/2328/1775
f 2327/2328/1775 2330/2327/1774 2342/2342/1784
f 2351/2351/1788 2309/2309/1757 2391/2391/1822
f 2391/2391/1822 2392/2392/1823 2351/2351/1788
f 2396/2393/1824 2393/2394/1825 2394/2395/1826
f 2394/2395/1826 2395/2396/1827 2396/2393/1824
f 2395/2396/1827 2394/2395/1826 2314/2311/1759
f 2314/2311/1759 2286/2287/1745 2395/2396/1827
f 2311/2312/1760 2314/2311/1759 2394/2395/1826
f 2394/2395/1826 2397/2397/1828 2311/2312/1760
f 2397/2397/1828 2394/2395/1826 2393/2394/1825
f 2393/2394/1825 2398/2398/1829 2397/2397/1828
f 2399/2399/1830 2391/2391/1822 2309/2309/1757
f 2309/2309/1757 2353/2353/1790 2399/2399/1830
f 2317/2318/1766 2320/2317/1765 2400/2400/1831
f 2400/2400/1831 2401/2401/1832 2317/2318/1766
f 2401/2401/1832 2400/2400/1831 2402/2402/1833
f 2402/2402/1833 2403/2403/1834 2401/2401/1832
f 2405/2404/1835 2404/2405/1836 2316/2316/1764
f 2316/2316/1764 2354/2354/1791 2405/2404/1835
f 2320/2317/1765 2326/2325/1773 2406/2406/1837
f 2406/2406/1837 2400/2400/1831 2320/2317/1765
f 2400/2400/1831 2406/2406/1837 2407/2407/1829
f 2407/2407/1829 2402/2402/1833 2400/2400/1831
f 2404/2405/1836 2399/2399/1830 2353/2353/1790
f 2353/2353/1790 2316/2316/1764 2404/2405/1836
f 2281/2278/1736 2317/2318/1766 2401/2401/1832
f 2401/2401/1832 2408/2408/1838 2281/2278/1736
f 2408/2408/1838 2401/2401/1832 2403/2403/1834
f 2403/2403/1834 2409/2409/1839 2408/2408/1838
f 2410/2410/1839 2405/2404/1835 2354/2354/1791
f 2354/2354/1791 2324/2321/1769 2410/2410/1839
f 2324/2321/1769 2363/2363/1798 2411/2411/1840
f 2411/2411/1840 2410/2410/1839 2324/2321/1769
f 2409/2409/1839 2412/2412/1841 2413/2413/1842
f 2413/2413/1842 2408/2408/1838 2409/2409/1839
f 2408/2408/1838 2413/2413/1842 2278/2279/1737
f 2278/2279/1737 2281/2278/1736 2408/2408/1838
f 2327/2328/1775 2351/2351/1788 2392/2392/1823
f 2392/2392/1823 2414/2414/1843 2327/2328/1775
f 2416/2415/1843 2396/2393/1824 2395/2396/1827
f 2395/2396/1827 2415/2416/1844 2416/2415/1843
f 2415/2416/1844 2395/2396/1827 2286/2287/1745
f 2286/2287/1745 2289/2286/1744 2415/2416/1844
f 2363/2363/1798 2327/2328/1775 2414/2414/1843
f 2414/2414/1843 2411/2411/1840 2363/2363/1798
f 2412/2412/1841 2416/2415/1843 2415/2416/1844
f 2415/2416/1844 2413/2413/1842 2412/2412/1841
f 2413/2413/1842 2415/2416/1844 2289/2286/1744
f 2289/2286/1744 2278/2279/1737 2413/2413/1842
f 2327/2328/1775 2363/2363/1798 2335/2335/1782
f 2335/2335/1782 2328/2329/1776 2327/2328/1775
f 2420/2417/1845 2417/2418/1846 2418/2419/1847
f 2418/2419/1847 2419/2420/1848 2420/2417/1845
f 2424/2421/1849 2421/2422/1850 2422/2423/1851
f 2422/2423/1851 2423/2424/1852 2424/2421/1849
f 2428/2425/1853 2425/2426/1854 2426/2427/1855
f 2426/2427/1855 2427/2428/1856 2428/2425/1853
f 2430/2429/1857 2429/2430/1858 2422/2423/1851
f 2422/2423/1851 2421/2422/1850 2430/2429/1857
f 2434/2431/1859 2431/2432/1860 2432/2433/1861
f 2432/2433/1861 2433/2434/1862 2434/2431/1859
f 2436/2435/1863 2434/2431/1859 2433/2434/1862
f 2433/2434/1862 2435/2436/1864 2436/2435/1863
f 2419/2420/1848 2436/2435/1863 2435/2436/1864
f 2435/2436/1864 2437/2437/1865 2419/2420/1848
f 2417/2418/1846 2438/2438/1866 2439/2439/1867
f 2439/2439/1867 2418/2419/1847 2417/2418/1846
f 2443/2440/1868 2440/2441/1869 2441/2442/1870
f 2441/2442/1870 2442/2443/1871 2443/2440/1868
f 2431/2432/1860 2424/2421/1849 2423/2424/1852
f 2423/2424/1852 2432/2433/1861 2431/2432/1860
f 2447/2444/1872 2444/2445/1873 2445/2446/1874
f 2445/2446/1874 2446/2447/1875 2447/2444/1872
f 2451/2448/1876 2448/2449/1877 2449/2450/1878
f 2449/2450/1878 2450/2451/1879 2451/2448/1876
f 2453/2452/1880 2451/2448/1876 2450/2451/1879
f 2450/2451/1879 2452/2453/1881 2453/2452/1880
f 2455/2454/1882 2453/2452/1880 2452/2453/1881
f 2452/2453/1881 2454/2455/1883 2455/2454/1882
f 2444/2445/1873 2455/2454/1882 2454/2455/1883
f 2454/2455/1883 2445/2446/1874 2444/2445/1873
f 2448/2449/1877 2429/2430/1858 2430/2429/1857
f 2430/2429/1857 2449/2450/1878 2448/2449/1877
f 2459/2456/1884 2456/2457/1885 2457/2458/1886
f 2457/2458/1886 2458/2459/1887 2459/2456/1884
f 2463/2460/1888 2460/2461/1889 2461/2462/1890
f 2461/2462/1890 2462/2463/1891 2463/2460/1888
f 2467/2464/1892 2464/2465/1893 2465/2466/1894
f 2465/2466/1894 2466/2467/1895 2467/2464/1892
f 2469/2468/1896 2468/2469/1897 2466/2467/1895
f 2466/2467/1895 2465/2466/1894 2469/2468/1896
f 2424/2421/1849 2467/2464/1892 2466/2467/1895
f 2466/2467/1895 2421/2422/1850 2424/2421/1849
f 2473/2470/1898 2470/2471/1899 2471/2472/1900
f 2471/2472/1900 2472/2473/1901 2473/2470/1898
f 2477/2474/1902 2474/2475/1903 2475/2476/1904
f 2475/2476/1904 2476/2477/1905 2477/2474/1902
f 2479/2478/1906 2478/2479/1907 2474/2475/1903
f 2474/2475/1903 2477/2474/1902 2479/2478/1906
f 2422/2423/1851 2477/2474/1902 2476/2477/1905
f 2476/2477/1905 2423/2424/1852 2422/2423/1851
f 2481/2480/1908 2480/2481/1909 2460/2461/1889
f 2460/2461/1889 2463/2460/1888 2481/2480/1908
f 2483/2482/1910 2482/2483/1911 2464/2465/1893
f 2464/2465/1893 2467/2464/1892 2483/2482/1910
f 2486/2484/1912 2484/2485/1913 2481/2480/1908
f 2481/2480/1908 2485/2486/1914 2486/2484/1912
f 2431/2432/1860 2483/2482/1910 2467/2464/1892
f 2467/2464/1892 2424/2421/1849 2431/2432/1860
f 2472/2473/1901 2471/2472/1900 2487/2487/1915
f 2487/2487/1915 2488/2488/1916 2472/2473/1901
f 2476/2477/1905 2475/2476/1904 2489/2489/1917
f 2489/2489/1917 2490/2490/1918 2476/2477/1905
f 2494/2491/1919 2491/2492/1920 2492/2493/1921
f 2492/2493/1921 2493/2494/1922 2494/2491/1919
f 2423/2424/1852 2476/2477/1905 2490/2490/1918
f 2490/2490/1918 2432/2433/1861 2423/2424/1852
f 2484/2485/1913 2495/2495/1923 2480/2481/1909
f 2480/2481/1909 2481/2480/1908 2484/2485/1913
f 2497/2496/1924 2496/2497/1925 2482/2483/1911
f 2482/2483/1911 2483/2482/1910 2497/2496/1924
f 2499/2498/1926 2498/2499/1927 2484/2485/1913
f 2484/2485/1913 2486/2484/1912 2499/2498/1926
f 2434/2431/1859 2497/2496/1924 2483/2482/1910
f 2483/2482/1910 2431/2432/1860 2434/2431/1859
f 2488/2488/1916 2487/2487/1915 2500/2500/1928
f 2500/2500/1928 2501/2501/1929 2488/2488/1916
f 2490/2490/1918 2489/2489/1917 2502/2502/1930
f 2502/2502/1930 2503/2503/1931 2490/2490/1918
f 2505/2504/1932 2472/2473/1901 2488/2488/1916
f 2488/2488/1916 2504/2505/1933 2505/2504/1932
f 2432/2433/1861 2490/2490/1918 2503/2503/1931
f 2503/2503/1931 2433/2434/1862 2432/2433/1861
f 2498/2499/1927 2506/2506/1934 2495/2495/1923
f 2495/2495/1923 2484/2485/1913 2498/2499/1927
f 2508/2507/1935 2507/2508/1936 2496/2497/1925
f 2496/2497/1925 2497/2496/1924 2508/2507/1935
f 2510/2509/1937 2509/2510/1938 2498/2499/1927
f 2498/2499/1927 2499/2498/1926 2510/2509/1937
f 2436/2435/1863 2508/2507/1935 2497/2496/1924
f 2497/2496/1924 2434/2431/1859 2436/2435/1863
f 2501/2501/1929 2500/2500/1928 2511/2511/1939
f 2511/2511/1939 2512/2512/1940 2501/2501/1929
f 2503/2503/1931 2502/2502/1930 2513/2513/1941
f 2513/2513/1941 2514/2514/1942 2503/2503/1931
f 2504/2505/1933 2488/2488/1916 2501/2501/1929
f 2501/2501/1929 2515/2515/1943 2504/2505/1933
f 2433/2434/1862 2503/2503/1931 2514/2514/1942
f 2514/2514/1942 2435/2436/1864 2433/2434/1862
f 2509/2510/1938 2516/2516/1944 2506/2506/1934
f 2506/2506/1934 2498/2499/1927 2509/2510/1938
f 2418/2419/1847 2439/2439/1867 2507/2508/1936
f 2507/2508/1936 2508/2507/1935 2418/2419/1847
f 2518/2517/1945 2517/2518/1946 2509/2510/1938
f 2509/2510/1938 2510/2509/1937 2518/2517/1945
f 2419/2420/1848 2418/2419/1847 2508/2507/1935
f 2508/2507/1935 2436/2435/1863 2419/2420/1848
f 2512/2512/1940 2511/2511/1939 2519/2519/1947
f 2519/2519/1947 2520/2520/1948 2512/2512/1940
f 2514/2514/1942 2513/2513/1941 2521/2521/1949
f 2521/2521/1949 2522/2522/1950 2514/2514/1942
f 2522/2522/1950 2521/2521/1949 2523/2523/1951
f 2523/2523/1951 2524/2524/1952 2522/2522/1950
f 2435/2436/1864 2514/2514/1942 2522/2522/1950
f 2522/2522/1950 2437/2437/1865 2435/2436/1864
f 2528/2525/1953 2525/2526/1954 2526/2527/1955
f 2526/2527/1955 2527/2528/1956 2528/2525/1953
f 2532/2529/1957 2529/2530/1958 2530/2531/1959
f 2530/2531/1959 2531/2532/1960 2532/2529/1957
f 2420/2417/1845 2419/2420/1848 2437/2437/1865
f 2437/2437/1865 2533/2533/1961 2420/2417/1845
f 2537/2534/1959 2534/2535/1962 2535/2536/1963
f 2535/2536/1963 2536/2537/1964 2537/2534/1959
f 2539/2538/1965 2538/2539/1966 2529/2530/1958
f 2529/2530/1958 2532/2529/1957 2539/2538/1965
f 2542/2540/1967 2540/2541/1968 2541/2542/1969
f 2541/2542/1969 2459/2456/1884 2542/2540/1967
f 2544/2543/1970 2512/2512/1940 2520/2520/1948
f 2520/2520/1948 2543/2544/1971 2544/2543/1970
f 2517/2518/1946 2545/2545/1972 2516/2516/1944
f 2516/2516/1944 2509/2510/1938 2517/2518/1946
f 2548/2546/1973 2546/2547/1974 2473/2470/1898
f 2473/2470/1898 2547/2548/1975 2548/2546/1973
f 2520/2520/1948 2519/2519/1947 2549/2549/1976
f 2549/2549/1976 2550/2550/1977 2520/2520/1948
f 2554/2551/1978 2551/2552/1979 2552/2553/1980
f 2552/2553/1980 2553/2554/1981 2554/2551/1978
f 2515/2515/1943 2501/2501/1929 2512/2512/1940
f 2512/2512/1940 2544/2543/1970 2515/2515/1943
f 2437/2437/1865 2522/2522/1950 2524/2524/1952
f 2524/2524/1952 2533/2533/1961 2437/2437/1865
f 2557/2555/1982 2555/2556/1983 2556/2557/1984
f 2556/2557/1984 2546/2547/1974 2557/2555/1982
f 2559/2558/1985 2558/2559/1986 2478/2479/1907
f 2478/2479/1907 2479/2478/1906 2559/2558/1985
f 2562/2560/1987 2560/2561/1988 2557/2555/1982
f 2557/2555/1982 2561/2562/1989 2562/2560/1987
f 2448/2449/1877 2559/2558/1985 2479/2478/1906
f 2479/2478/1906 2429/2430/1858 2448/2449/1877
f 2491/2492/1920 2563/2563/1990 2564/2564/1991
f 2564/2564/1991 2492/2493/1921 2491/2492/1920
f 2468/2469/1897 2469/2468/1896 2565/2565/1992
f 2565/2565/1992 2566/2566/1993 2468/2469/1897
f 2567/2567/1994 2542/2540/1967 2459/2456/1884
f 2459/2456/1884 2458/2459/1887 2567/2567/1994
f 2430/2429/1857 2468/2469/1897 2566/2566/1993
f 2566/2566/1993 2449/2450/1878 2430/2429/1857
f 2560/2561/1988 2568/2568/1995 2555/2556/1983
f 2555/2556/1983 2557/2555/1982 2560/2561/1988
f 2570/2569/1996 2569/2570/1997 2558/2559/1986
f 2558/2559/1986 2559/2558/1985 2570/2569/1996
f 2572/2571/1998 2571/2572/1999 2560/2561/1988
f 2560/2561/1988 2562/2560/1987 2572/2571/1998
f 2451/2448/1876 2570/2569/1996 2559/2558/1985
f 2559/2558/1985 2448/2449/1877 2451/2448/1876
f 2492/2493/1921 2564/2564/1991 2573/2573/2000
f 2573/2573/2000 2574/2574/2001 2492/2493/1921
f 2566/2566/1993 2565/2565/1992 2575/2575/2002
f 2575/2575/2002 2576/2576/2003 2566/2566/1993
f 2561/2562/1989 2557/2555/1982 2546/2547/1974
f 2546/2547/1974 2548/2546/1973 2561/2562/1989
f 2449/2450/1878 2566/2566/1993 2576/2576/2003
f 2576/2576/2003 2450/2451/1879 2449/2450/1878
f 2571/2572/1999 2577/2577/2004 2568/2568/1995
f 2568/2568/1995 2560/2561/1988 2571/2572/1999
f 2579/2578/2005 2578/2579/2006 2569/2570/1997
f 2569/2570/1997 2570/2569/1996 2579/2578/2005
f 2581/2580/2007 2580/2581/2008 2571/2572/1999
f 2571/2572/1999 2572/2571/1998 2581/2580/2007
f 2453/2452/1880 2579/2578/2005 2570/2569/1996
f 2570/2569/1996 2451/2448/1876 2453/2452/1880
f 2574/2574/2001 2573/2573/2000 2582/2582/2009
f 2582/2582/2009 2583/2583/2010 2574/2574/2001
f 2576/2576/2003 2575/2575/2002 2584/2584/2011
f 2584/2584/2011 2585/2585/2012 2576/2576/2003
f 2493/2494/1922 2492/2493/1921 2574/2574/2001
f 2574/2574/2001 2586/2586/2013 2493/2494/1922
f 2450/2451/1879 2576/2576/2003 2585/2585/2012
f 2585/2585/2012 2452/2453/1881 2450/2451/1879
f 2580/2581/2008 2587/2587/2014 2577/2577/2004
f 2577/2577/2004 2571/2572/1999 2580/2581/2008
f 2589/2588/2015 2588/2589/2016 2578/2579/2006
f 2578/2579/2006 2579/2578/2005 2589/2588/2015
f 2591/2590/2017 2590/2591/2018 2580/2581/2008
f 2580/2581/2008 2581/2580/2007 2591/2590/2017
f 2455/2454/1882 2589/2588/2015 2579/2578/2005
f 2579/2578/2005 2453/2452/1880 2455/2454/1882
f 2583/2583/2010 2582/2582/2009 2592/2592/2019
f 2592/2592/2019 2593/2593/2020 2583/2583/2010
f 2585/2585/2012 2584/2584/2011 2594/2594/2021
f 2594/2594/2021 2595/2595/2022 2585/2585/2012
f 2586/2586/2013 2574/2574/2001 2583/2583/2010
f 2583/2583/2010 2596/2596/2023 2586/2586/2013
f 2452/2453/1881 2585/2585/2012 2595/2595/2022
f 2595/2595/2022 2454/2455/1883 2452/2453/1881
f 2590/2591/2018 2597/2597/2024 2587/2587/2014
f 2587/2587/2014 2580/2581/2008 2590/2591/2018
f 2599/2598/2025 2598/2599/2026 2588/2589/2016
f 2588/2589/2016 2589/2588/2015 2599/2598/2025
f 2601/2600/2027 2600/2601/2028 2590/2591/2018
f 2590/2591/2018 2591/2590/2017 2601/2600/2027
f 2444/2445/1873 2599/2598/2025 2589/2588/2015
f 2589/2588/2015 2455/2454/1882 2444/2445/1873
f 2593/2593/2020 2592/2592/2019 2602/2602/2029
f 2602/2602/2029 2603/2603/2030 2593/2593/2020
f 2595/2595/2022 2594/2594/2021 2604/2604/2031
f 2604/2604/2031 2605/2605/2032 2595/2595/2022
f 2596/2596/2023 2583/2583/2010 2593/2593/2020
f 2593/2593/2020 2606/2606/2033 2596/2596/2023
f 2454/2455/1883 2595/2595/2022 2605/2605/2032
f 2605/2605/2032 2445/2446/1874 2454/2455/1883
f 2600/2601/2028 2607/2607/2034 2597/2597/2024
f 2597/2597/2024 2590/2591/2018 2600/2601/2028
f 2609/2608/2035 2608/2609/2036 2598/2599/2026
f 2598/2599/2026 2599/2598/2025 2609/2608/2035
f 2611/2610/2037 2610/2611/2038 2600/2601/2028
f 2600/2601/2028 2601/2600/2027 2611/2610/2037
f 2447/2444/1872 2609/2608/2035 2599/2598/2025
f 2599/2598/2025 2444/2445/1873 2447/2444/1872
f 2603/2603/2030 2602/2602/2029 2540/2541/1968
f 2540/2541/1968 2542/2540/1967 2603/2603/2030
f 2605/2605/2032 2604/2604/2031 2612/2612/2039
f 2612/2612/2039 2613/2613/2040 2605/2605/2032
f 2613/2613/2040 2612/2612/2039 2614/2614/2041
f 2614/2614/2041 2615/2615/2042 2613/2613/2040
f 2445/2446/1874 2605/2605/2032 2613/2613/2040
f 2613/2613/2040 2446/2447/1875 2445/2446/1874
f 2617/2616/2043 2616/2617/2044 2443/2440/1868
f 2443/2440/1868 2442/2443/1871 2617/2616/2043
f 2619/2618/2045 2618/2619/2046 2616/2617/2044
f 2616/2617/2044 2617/2616/2043 2619/2618/2045
f 2623/2620/2047 2620/2621/2048 2621/2622/2049
f 2621/2622/2049 2622/2623/2050 2623/2620/2047
f 2625/2624/2051 2624/2625/2052 2608/2609/2036
f 2608/2609/2036 2609/2608/2035 2625/2624/2051
f 2629/2626/2053 2626/2627/2054 2627/2628/2055
f 2627/2628/2055 2628/2629/2056 2629/2626/2053
f 2625/2624/2051 2630/2630/2057 2631/2631/2058
f 2631/2631/2058 2624/2625/2052 2625/2624/2051
f 2633/2632/2059 2632/2633/1886 2626/2627/2054
f 2626/2627/2054 2629/2626/2053 2633/2632/2059
f 2635/2634/2060 2447/2444/1872 2446/2447/1875
f 2446/2447/1875 2634/2635/2061 2635/2634/2060
f 2468/2469/1897 2430/2429/1857 2421/2422/1850
f 2421/2422/1850 2466/2467/1895 2468/2469/1897
f 2485/2486/1914 2481/2480/1908 2463/2460/1888
f 2463/2460/1888 2636/2636/2062 2485/2486/1914
f 2636/2636/2062 2463/2460/1888 2462/2463/1891
f 2462/2463/1891 2637/2637/2063 2636/2636/2062
f 2563/2563/1990 2491/2492/1920 2462/2463/1891
f 2462/2463/1891 2461/2462/1890 2563/2563/1990
f 2546/2547/1974 2556/2557/1984 2470/2471/1899
f 2470/2471/1899 2473/2470/1898 2546/2547/1974
f 2547/2548/1975 2473/2470/1898 2472/2473/1901
f 2472/2473/1901 2505/2504/1932 2547/2548/1975
f 2543/2544/1971 2520/2520/1948 2550/2550/1977
f 2550/2550/1977 2638/2638/2064 2543/2544/1971
f 2429/2430/1858 2479/2478/1906 2477/2474/1902
f 2477/2474/1902 2422/2423/1851 2429/2430/1858
f 2517/2518/1946 2639/2639/2065 2640/2640/2066
f 2640/2640/2066 2545/2545/1972 2517/2518/1946
f 2643/2641/2067 2641/2642/2068 2639/2639/2065
f 2639/2639/2065 2642/2643/2069 2643/2641/2067
f 2518/2517/1945 2642/2643/2069 2639/2639/2065
f 2639/2639/2065 2517/2518/1946 2518/2517/1945
f 2420/2417/1845 2644/2644/2070 2645/2645/2071
f 2645/2645/2071 2417/2418/1846 2420/2417/1845
f 2549/2549/1976 2646/2646/2072 2647/2647/2073
f 2647/2647/2073 2550/2550/1977 2549/2549/1976
f 2523/2523/1951 2648/2648/2074 2649/2649/2075
f 2649/2649/2075 2524/2524/1952 2523/2523/1951
f 2649/2649/2075 2648/2648/2074 2650/2650/2076
f 2650/2650/2076 2651/2651/2077 2649/2649/2075
f 2524/2524/1952 2649/2649/2075 2652/2652/2078
f 2652/2652/2078 2533/2533/1961 2524/2524/1952
f 2644/2644/2070 2420/2417/1845 2533/2533/1961
f 2533/2533/1961 2652/2652/2078 2644/2644/2070
f 2656/2653/2055 2653/2654/2079 2654/2655/2080
f 2654/2655/2080 2655/2656/2056 2656/2653/2055
f 2426/2427/1855 2425/2426/1854 2657/2657/2081
f 2657/2657/2081 2658/2658/2082 2426/2427/1855
f 2641/2642/2068 2659/2659/2083 2640/2640/2066
f 2640/2640/2066 2639/2639/2065 2641/2642/2068
f 2663/2660/2084 2660/2661/2085 2661/2662/2086
f 2661/2662/2086 2662/2663/2087 2663/2660/2084
f 2667/2664/2088 2664/2665/2089 2665/2666/2090
f 2665/2666/2090 2666/2667/2091 2667/2664/2088
f 2671/2668/2092 2668/2669/2093 2669/2670/2094
f 2669/2670/2094 2670/2671/2095 2671/2668/2092
f 2667/2664/2088 2672/2672/2096 2673/2673/2097
f 2673/2673/2097 2664/2665/2089 2667/2664/2088
f 2677/2674/2098 2674/2675/2099 2675/2676/2100
f 2675/2676/2100 2676/2677/2101 2677/2674/2098
f 2676/2677/2101 2675/2676/2100 2678/2678/2102
f 2678/2678/2102 2679/2679/2103 2676/2677/2101
f 2679/2679/2103 2678/2678/2102 2662/2663/2087
f 2662/2663/2087 2680/2680/2104 2679/2679/2103
f 2682/2681/2105 2681/2682/2106 2660/2661/2085
f 2660/2661/2085 2663/2660/2084 2682/2681/2105
f 2686/2683/2107 2683/2684/2108 2684/2685/2109
f 2684/2685/2109 2685/2686/2110 2686/2683/2107
f 2666/2667/2091 2665/2666/2090 2674/2675/2099
f 2674/2675/2099 2677/2674/2098 2666/2667/2091
f 2690/2687/2111 2687/2688/2112 2688/2689/2113
f 2688/2689/2113 2689/2690/2114 2690/2687/2111
f 2694/2691/2115 2691/2692/2116 2692/2693/2117
f 2692/2693/2117 2693/2694/2118 2694/2691/2115
f 2693/2694/2118 2692/2693/2117 2695/2695/2119
f 2695/2695/2119 2696/2696/2120 2693/2694/2118
f 2696/2696/2120 2695/2695/2119 2697/2697/2121
f 2697/2697/2121 2698/2698/2122 2696/2696/2120
f 2698/2698/2122 2697/2697/2121 2687/2688/2112
f 2687/2688/2112 2690/2687/2111 2698/2698/2122
f 2673/2673/2097 2672/2672/2096 2691/2692/2116
f 2691/2692/2116 2694/2691/2115 2673/2673/2097
f 2702/2699/2123 2699/2700/2124 2700/2701/2125
f 2700/2701/2125 2701/2702/2126 2702/2699/2123
f 2706/2703/2127 2703/2704/2128 2704/2705/2129
f 2704/2705/2129 2705/2706/2130 2706/2703/2127
f 2710/2707/2131 2707/2708/2132 2708/2709/2133
f 2708/2709/2133 2709/2710/2134 2710/2707/2131
f 2709/2710/2134 2711/2711/2135 2712/2712/2136
f 2712/2712/2136 2710/2707/2131 2709/2710/2134
f 2709/2710/2134 2708/2709/2133 2665/2666/2090
f 2665/2666/2090 2664/2665/2089 2709/2710/2134
f 2716/2713/2137 2713/2714/2138 2714/2715/2139
f 2714/2715/2139 2715/2716/2140 2716/2713/2137
f 2720/2717/2141 2717/2718/2142 2718/2719/2143
f 2718/2719/2143 2719/2720/2144 2720/2717/2141
f 2717/2718/2142 2721/2721/2145 2722/2722/2146
f 2722/2722/2146 2718/2719/2143 2717/2718/2142
f 2719/2720/2144 2718/2719/2143 2667/2664/2088
f 2667/2664/2088 2666/2667/2091 2719/2720/2144
f 2703/2704/2128 2723/2723/2147 2724/2724/2148
f 2724/2724/2148 2704/2705/2129 2703/2704/2128
f 2707/2708/2132 2725/2725/2149 2726/2726/2150
f 2726/2726/2150 2708/2709/2133 2707/2708/2132
f 2724/2724/2148 2727/2727/2151 2728/2728/2152
f 2728/2728/2152 2729/2729/2153 2724/2724/2148
f 2708/2709/2133 2726/2726/2150 2674/2675/2099
f 2674/2675/2099 2665/2666/2090 2708/2709/2133
f 2731/2730/2154 2716/2713/2137 2715/2716/2140
f 2715/2716/2140 2730/2731/2155 2731/2730/2154
f 2733/2732/2156 2720/2717/2141 2719/2720/2144
f 2719/2720/2144 2732/2733/2157 2733/2732/2156
f 2737/2734/2158 2734/2735/2159 2735/2736/2160
f 2735/2736/2160 2736/2737/2161 2737/2734/2158
f 2732/2733/2157 2719/2720/2144 2666/2667/2091
f 2666/2667/2091 2677/2674/2098 2732/2733/2157
f 2723/2723/2147 2738/2738/2162 2727/2727/2151
f 2727/2727/2151 2724/2724/2148 2723/2723/2147
f 2725/2725/2149 2739/2739/2163 2740/2740/2164
f 2740/2740/2164 2726/2726/2150 2725/2725/2149
f 2727/2727/2151 2741/2741/2165 2742/2742/2166
f 2742/2742/2166 2728/2728/2152 2727/2727/2151
f 2726/2726/2150 2740/2740/2164 2675/2676/2100
f 2675/2676/2100 2674/2675/2099 2726/2726/2150
f 2744/2743/2167 2731/2730/2154 2730/2731/2155
f 2730/2731/2155 2743/2744/2168 2744/2743/2167
f 2746/2745/2169 2733/2732/2156 2732/2733/2157
f 2732/2733/2157 2745/2746/2170 2746/2745/2169
f 2730/2731/2155 2715/2716/2140 2747/2747/2171
f 2747/2747/2171 2748/2748/2172 2730/2731/2155
f 2745/2746/2170 2732/2733/2157 2677/2674/2098
f 2677/2674/2098 2676/2677/2101 2745/2746/2170
f 2738/2738/2162 2749/2749/2173 2741/2741/2165
f 2741/2741/2165 2727/2727/2151 2738/2738/2162
f 2739/2739/2163 2750/2750/2174 2751/2751/2175
f 2751/2751/2175 2740/2740/2164 2739/2739/2163
f 2741/2741/2165 2752/2752/2176 2753/2753/2177
f 2753/2753/2177 2742/2742/2166 2741/2741/2165
f 2740/2740/2164 2751/2751/2175 2678/2678/2102
f 2678/2678/2102 2675/2676/2100 2740/2740/2164
f 2755/2754/2178 2744/2743/2167 2743/2744/2168
f 2743/2744/2168 2754/2755/2179 2755/2754/2178
f 2757/2756/2180 2746/2745/2169 2745/2746/2170
f 2745/2746/2170 2756/2757/2181 2757/2756/2180
f 2743/2744/2168 2730/2731/2155 2748/2748/2172
f 2748/2748/2172 2758/2758/2182 2743/2744/2168
f 2756/2757/2181 2745/2746/2170 2676/2677/2101
f 2676/2677/2101 2679/2679/2103 2756/2757/2181
f 2749/2749/2173 2759/2759/2183 2752/2752/2176
f 2752/2752/2176 2741/2741/2165 2749/2749/2173
f 2750/2750/2174 2682/2681/2105 2663/2660/2084
f 2663/2660/2084 2751/2751/2175 2750/2750/2174
f 2752/2752/2176 2760/2760/2184 2761/2761/2185
f 2761/2761/2185 2753/2753/2177 2752/2752/2176
f 2751/2751/2175 2663/2660/2084 2662/2663/2087
f 2662/2663/2087 2678/2678/2102 2751/2751/2175
f 2763/2762/2186 2755/2754/2178 2754/2755/2179
f 2754/2755/2179 2762/2763/2187 2763/2762/2186
f 2765/2764/2188 2757/2756/2180 2756/2757/2181
f 2756/2757/2181 2764/2765/2189 2765/2764/2188
f 2767/2766/2190 2765/2764/2188 2764/2765/2189
f 2764/2765/2189 2766/2767/2191 2767/2766/2190
f 2764/2765/2189 2756/2757/2181 2679/2679/2103
f 2679/2679/2103 2680/2680/2104 2764/2765/2189
f 2771/2768/2192 2768/2769/2193 2769/2770/2194
f 2769/2770/2194 2770/2771/2195 2771/2768/2192
f 2774/2772/2196 2772/2773/2197 2768/2769/2193
f 2768/2769/2193 2773/2774/2198 2774/2772/2196
f 2680/2680/2104 2662/2663/2087 2661/2662/2086
f 2661/2662/2086 2775/2775/2199 2680/2680/2104
s 0
f 2792/2776/784 2776/2777/784 2777/2778/784
f 2792/2776/784 2777/2778/784 2778/2779/784
f 2792/2776/784 2778/2779/784 2779/2780/784
f 2792/2776/784 2779/2780/784 2780/2781/784
f 2792/2776/784 2780/2781/784 2781/2782/784
f 2792/2776/784 2781/2782/784 2782/2783/784
f 2792/2776/784 2782/2783/784 2783/2784/784
f 2792/2776/784 2783/2784/784 2784/2785/784
f 2792/2776/784 2784/2785/784 2785/2786/784
f 2792/2776/784 2785/2786/784 2786/2787/784
f 2792/2776/784 2786/2787/784 2787/2788/784
f 2792/2776/784 2787/2788/784 2788/2789/784
f 2792/2776/784 2788/2789/784 2789/2790/784
f 2792/2776/784 2789/2790/784 2790/2791/784
f 2790/2791/784 2791/2792/784 2792/2776/784
s 1
f 2773/2774/2198 2768/2769/2193 2771/2768/2192
f 2771/2768/2192 2793/2793/2200 2773/2774/2198
f 2797/2794/2201 2794/2795/2202 2795/2796/2203
f 2795/2796/2203 2796/2797/2204 2797/2794/2201
f 2762/2763/2187 2754/2755/2179 2798/2798/2205
f 2798/2798/2205 2799/2799/2206 2762/2763/2187
f 2759/2759/2183 2800/2800/2207 2760/2760/2184
f 2760/2760/2184 2752/2752/2176 2759/2759/2183
f 2714/2715/2139 2801/2801/2208 2802/2802/2209
f 2802/2802/2209 2803/2803/2210 2714/2715/2139
f 2804/2804/2211 2763/2762/2186 2762/2763/2187
f 2762/2763/2187 2769/2770/2194 2804/2804/2211
f 2806/2805/2212 2621/2622/2049 2620/2621/2048
f 2620/2621/2048 2805/2806/2213 2806/2805/2212
f 2754/2755/2179 2743/2744/2168 2758/2758/2182
f 2758/2758/2182 2798/2798/2205 2754/2755/2179
f 2766/2767/2191 2764/2765/2189 2680/2680/2104
f 2680/2680/2104 2775/2775/2199 2766/2767/2191
f 2809/2807/2214 2807/2808/2215 2808/2809/2216
f 2808/2809/2216 2801/2801/2208 2809/2807/2214
f 2721/2721/2145 2810/2810/2217 2811/2811/2218
f 2811/2811/2218 2722/2722/2146 2721/2721/2145
f 2808/2809/2216 2812/2812/2219 2813/2813/2220
f 2813/2813/2220 2814/2814/2221 2808/2809/2216
f 2722/2722/2146 2811/2811/2218 2691/2692/2116
f 2691/2692/2116 2672/2672/2096 2722/2722/2146
f 2816/2815/2222 2815/2816/2223 2734/2735/2159
f 2734/2735/2159 2737/2734/2158 2816/2815/2222
f 2818/2817/2224 2712/2712/2136 2711/2711/2135
f 2711/2711/2135 2817/2818/2225 2818/2817/2224
f 2795/2796/2203 2686/2683/2107 2685/2686/2110
f 2685/2686/2110 2819/2819/2226 2795/2796/2203
f 2817/2818/2225 2711/2711/2135 2673/2673/2097
f 2673/2673/2097 2694/2691/2115 2817/2818/2225
f 2807/2808/2215 2820/2820/2227 2812/2812/2219
f 2812/2812/2219 2808/2809/2216 2807/2808/2215
f 2810/2810/2217 2821/2821/2228 2822/2822/2229
f 2822/2822/2229 2811/2811/2218 2810/2810/2217
f 2812/2812/2219 2823/2823/2230 2824/2824/2231
f 2824/2824/2231 2813/2813/2220 2812/2812/2219
f 2811/2811/2218 2822/2822/2229 2692/2693/2117
f 2692/2693/2117 2691/2692/2116 2811/2811/2218
f 2826/2825/2232 2816/2815/2222 2737/2734/2158
f 2737/2734/2158 2825/2826/2233 2826/2825/2232
f 2828/2827/2234 2818/2817/2224 2817/2818/2225
f 2817/2818/2225 2827/2828/2235 2828/2827/2234
f 2801/2801/2208 2808/2809/2216 2814/2814/2221
f 2814/2814/2221 2802/2802/2209 2801/2801/2208
f 2827/2828/2235 2817/2818/2225 2694/2691/2115
f 2694/2691/2115 2693/2694/2118 2827/2828/2235
f 2820/2820/2227 2829/2829/2236 2823/2823/2230
f 2823/2823/2230 2812/2812/2219 2820/2820/2227
f 2821/2821/2228 2830/2830/2237 2831/2831/2238
f 2831/2831/2238 2822/2822/2229 2821/2821/2228
f 2823/2823/2230 2832/2832/2239 2833/2833/2240
f 2833/2833/2240 2824/2824/2231 2823/2823/2230
f 2822/2822/2229 2831/2831/2238 2695/2695/2119
f 2695/2695/2119 2692/2693/2117 2822/2822/2229
f 2835/2834/2241 2826/2825/2232 2825/2826/2233
f 2825/2826/2233 2834/2835/2242 2835/2834/2241
f 2837/2836/2243 2828/2827/2234 2827/2828/2235
f 2827/2828/2235 2836/2837/2244 2837/2836/2243
f 2825/2826/2233 2737/2734/2158 2736/2737/2161
f 2736/2737/2161 2838/2838/2245 2825/2826/2233
f 2836/2837/2244 2827/2828/2235 2693/2694/2118
f 2693/2694/2118 2696/2696/2120 2836/2837/2244
f 2829/2829/2236 2839/2839/2246 2832/2832/2239
f 2832/2832/2239 2823/2823/2230 2829/2829/2236
f 2830/2830/2237 2840/2840/2247 2841/2841/2248
f 2841/2841/2248 2831/2831/2238 2830/2830/2237
f 2832/2832/2239 2842/2842/2249 2843/2843/2250
f 2843/2843/2250 2833/2833/2240 2832/2832/2239
f 2831/2831/2238 2841/2841/2248 2697/2697/2121
f 2697/2697/2121 2695/2695/2119 2831/2831/2238
f 2844/2844/2251 2835/2834/2241 2834/2835/2242
f 2834/2835/2242 2683/2684/2108 2844/2844/2251
f 2846/2845/2252 2837/2836/2243 2836/2837/2244
f 2836/2837/2244 2845/2846/2253 2846/2845/2252
f 2834/2835/2242 2825/2826/2233 2838/2838/2245
f 2838/2838/2245 2847/2847/2254 2834/2835/2242
f 2845/2846/2253 2836/2837/2244 2696/2696/2120
f 2696/2696/2120 2698/2698/2122 2845/2846/2253
f 2839/2839/2246 2848/2848/2255 2842/2842/2249
f 2842/2842/2249 2832/2832/2239 2839/2839/2246
f 2840/2840/2247 2849/2849/2256 2850/2850/2257
f 2850/2850/2257 2841/2841/2248 2840/2840/2247
f 2842/2842/2249 2851/2851/2258 2852/2852/2259
f 2852/2852/2259 2843/2843/2250 2842/2842/2249
f 2841/2841/2248 2850/2850/2257 2687/2688/2112
f 2687/2688/2112 2697/2697/2121 2841/2841/2248
f 2853/2853/2260 2844/2844/2251 2683/2684/2108
f 2683/2684/2108 2686/2683/2107 2853/2853/2260
f 2855/2854/2261 2846/2845/2252 2845/2846/2253
f 2845/2846/2253 2854/2855/2262 2855/2854/2261
f 2683/2684/2108 2834/2835/2242 2847/2847/2254
f 2847/2847/2254 2684/2685/2109 2683/2684/2108
f 2854/2855/2262 2845/2846/2253 2698/2698/2122
f 2698/2698/2122 2690/2687/2111 2854/2855/2262
f 2848/2848/2255 2856/2856/2263 2851/2851/2258
f 2851/2851/2258 2842/2842/2249 2848/2848/2255
f 2849/2849/2256 2857/2857/2264 2858/2858/2265
f 2858/2858/2265 2850/2850/2257 2849/2849/2256
f 2851/2851/2258 2859/2859/2266 2860/2860/2267
f 2860/2860/2267 2852/2852/2259 2851/2851/2258
f 2850/2850/2257 2858/2858/2265 2688/2689/2113
f 2688/2689/2113 2687/2688/2112 2850/2850/2257
f 2794/2795/2202 2853/2853/2260 2686/2683/2107
f 2686/2683/2107 2795/2796/2203 2794/2795/2202
f 2862/2861/2268 2855/2854/2261 2854/2855/2262
f 2854/2855/2262 2861/2862/2269 2862/2861/2268
f 2864/2863/2270 2862/2861/2268 2861/2862/2269
f 2861/2862/2269 2863/2864/2271 2864/2863/2270
f 2861/2862/2269 2854/2855/2262 2690/2687/2111
f 2690/2687/2111 2689/2690/2114 2861/2862/2269
f 2858/2858/2265 2865/2865/2272 2866/2866/2273
f 2866/2866/2273 2688/2689/2113 2858/2858/2265
f 2806/2805/2212 2805/2806/2213 2660/2661/2085
f 2660/2661/2085 2681/2682/2106 2806/2805/2212
f 2857/2857/2264 2867/2867/2274 2865/2865/2272
f 2865/2865/2272 2858/2858/2265 2857/2857/2264
f 2863/2864/2271 2861/2862/2269 2689/2690/2114
f 2689/2690/2114 2868/2868/2275 2863/2864/2271
f 2796/2797/2204 2795/2796/2203 2819/2819/2226
f 2819/2819/2226 2869/2869/2276 2796/2797/2204
f 2856/2856/2263 2870/2870/2277 2859/2859/2266
f 2859/2859/2266 2851/2851/2258 2856/2856/2263
f 2689/2690/2114 2688/2689/2113 2866/2866/2273
f 2866/2866/2273 2868/2868/2275 2689/2690/2114
f 2664/2665/2089 2673/2673/2097 2711/2711/2135
f 2711/2711/2135 2709/2710/2134 2664/2665/2089
f 2704/2705/2129 2724/2724/2148 2729/2729/2153
f 2729/2729/2153 2871/2871/2278 2704/2705/2129
f 2705/2706/2130 2704/2705/2129 2871/2871/2278
f 2871/2871/2278 2872/2872/2279 2705/2706/2130
f 2705/2706/2130 2734/2735/2159 2815/2816/2223
f 2815/2816/2223 2706/2703/2127 2705/2706/2130
f 2713/2714/2138 2809/2807/2214 2801/2801/2208
f 2801/2801/2208 2714/2715/2139 2713/2714/2138
f 2715/2716/2140 2714/2715/2139 2803/2803/2210
f 2803/2803/2210 2747/2747/2171 2715/2716/2140
f 2769/2770/2194 2762/2763/2187 2799/2799/2206
f 2799/2799/2206 2770/2771/2195 2769/2770/2194
f 2718/2719/2143 2722/2722/2146 2672/2672/2096
f 2672/2672/2096 2667/2664/2088 2718/2719/2143
f 2874/2873/2280 2873/2874/2281 2760/2760/2184
f 2760/2760/2184 2800/2800/2207 2874/2873/2280
f 2873/2874/2281 2875/2875/2282 2876/2876/2283
f 2876/2876/2283 2877/2877/2284 2873/2874/2281
f 2873/2874/2281 2877/2877/2284 2761/2761/2185
f 2761/2761/2185 2760/2760/2184 2873/2874/2281
f 2805/2806/2213 2668/2669/2093 2661/2662/2086
f 2661/2662/2086 2660/2661/2085 2805/2806/2213
f 2768/2769/2193 2772/2773/2197 2804/2804/2211
f 2804/2804/2211 2769/2770/2194 2768/2769/2193
f 2879/2878/2285 2878/2879/2286 2767/2766/2190
f 2767/2766/2190 2766/2767/2191 2879/2878/2285
f 2881/2880/2287 2878/2879/2286 2879/2878/2285
f 2879/2878/2285 2880/2881/2288 2881/2880/2287
f 2671/2668/2092 2879/2878/2285 2766/2767/2191
f 2766/2767/2191 2775/2775/2199 2671/2668/2092
f 2775/2775/2199 2661/2662/2086 2668/2669/2093
f 2668/2669/2093 2671/2668/2092 2775/2775/2199
s 0
f 2898/2882/799 2882/2883/799 2883/2884/799
f 2898/2882/799 2883/2884/799 2884/2885/799
f 2898/2882/799 2884/2885/799 2885/2886/799
f 2898/2882/799 2885/2886/799 2886/2887/799
f 2898/2882/799 2886/2887/799 2887/2888/799
f 2898/2882/799 2887/2888/799 2888/2889/799
f 2898/2882/799 2888/2889/799 2889/2890/799
f 2898/2882/799 2889/2890/799 2890/2891/799
f 2898/2882/799 2890/2891/799 2891/2892/799
f 2898/2882/799 2891/2892/799 2892/2893/799
f 2898/2882/799 2892/2893/799 2893/2894/799
f 2898/2882/799 2893/2894/799 2894/2895/799
f 2898/2882/799 2894/2895/799 2895/2896/799
f 2898/2882/799 2895/2896/799 2896/2897/799
f 2896/2897/799 2897/2898/799 2898/2882/799
s 1
f 2880/2881/2288 2879/2878/2285 2671/2668/2092
f 2671/2668/2092 2670/2671/2095 2880/2881/2288
f 2805/2806/2213 2620/2621/2048 2669/2670/2094
f 2669/2670/2094 2668/2669/2093 2805/2806/2213
f 2652/2652/2078 2649/2649/2075 2651/2651/2077
f 2651/2651/2077 2899/2899/2289 2652/2652/2078
f 2900/2900/2290 2644/2644/2070 2652/2652/2078
f 2652/2652/2078 2899/2899/2289 2900/2900/2290
f 2900/2900/2290 2702/2699/2123 2645/2645/2071
f 2645/2645/2071 2644/2644/2070 2900/2900/2290
f 2901/2901/2291 2647/2647/2073 2528/2525/1953
f 2528/2525/1953 2527/2528/1956 2901/2901/2291
f 2702/2699/2123 2701/2702/2126 2902/2902/2292
f 2902/2902/2292 2645/2645/2071 2702/2699/2123
s 0
f 2919/2903/784 2903/2904/784 2904/2905/784
f 2919/2903/784 2904/2905/784 2905/2906/784
f 2919/2903/784 2905/2906/784 2906/2907/784
f 2919/2903/784 2906/2907/784 2907/2908/784
f 2919/2903/784 2907/2908/784 2908/2909/784
f 2919/2903/784 2908/2909/784 2909/2910/784
f 2919/2903/784 2909/2910/784 2910/2911/784
f 2919/2903/784 2910/2911/784 2911/2912/784
f 2919/2903/784 2911/2912/784 2912/2913/784
f 2919/2903/784 2912/2913/784 2913/2914/784
f 2919/2903/784 2913/2914/784 2914/2915/784
f 2919/2903/784 2914/2915/784 2915/2916/784
f 2919/2903/784 2915/2916/784 2916/2917/784
f 2919/2903/784 2916/2917/784 2917/2918/784
f 2917/2918/784 2918/2919/784 2919/2903/784
s 1
f 2553/2554/1981 2552/2553/1980 2428/2425/1853
f 2428/2425/1853 2427/2428/1856 2553/2554/1981
f 2441/2442/1870 2440/2441/1869 2920/2920/2293
f 2920/2920/2293 2921/2921/2294 2441/2442/1870
f 2606/2606/2033 2593/2593/2020 2603/2603/2030
f 2603/2603/2030 2922/2922/2295 2606/2606/2033
f 2926/2923/1963 2923/2924/1962 2924/2925/2296
f 2924/2925/2296 2925/2926/2297 2926/2923/1963
f 2446/2447/1875 2613/2613/2040 2615/2615/2042
f 2615/2615/2042 2634/2635/2061 2446/2447/1875
f 2922/2922/2295 2603/2603/2030 2542/2540/1967
f 2542/2540/1967 2567/2567/1994 2922/2922/2295
f 2635/2634/2060 2625/2624/2051 2609/2608/2035
f 2609/2608/2035 2447/2444/1872 2635/2634/2060
f 2874/2873/2280 2927/2927/2298 2875/2875/2282
f 2875/2875/2282 2873/2874/2281 2874/2873/2280
f 2417/2418/1846 2645/2645/2071 2902/2902/2292
f 2902/2902/2292 2438/2438/1866 2417/2418/1846
f 2610/2611/2038 2928/2928/2299 2607/2607/2034
f 2607/2607/2034 2600/2601/2028 2610/2611/2038
s 0
f 2945/2929/799 2929/2930/799 2930/2931/799
f 2945/2929/799 2930/2931/799 2931/2932/799
f 2945/2929/799 2931/2932/799 2932/2933/799
f 2945/2929/799 2932/2933/799 2933/2934/799
f 2945/2929/799 2933/2934/799 2934/2935/799
f 2945/2929/799 2934/2935/799 2935/2936/799
f 2945/2929/799 2935/2936/799 2936/2937/799
f 2945/2929/799 2936/2937/799 2937/2938/799
f 2945/2929/799 2937/2938/799 2938/2939/799
f 2945/2929/799 2938/2939/799 2939/2940/799
f 2945/2929/799 2939/2940/799 2940/2941/799
f 2945/2929/799 2940/2941/799 2941/2942/799
f 2945/2929/799 2941/2942/799 2942/2943/799
f 2945/2929/799 2942/2943/799 2943/2944/799
f 2943/2944/799 2944/2945/799 2945/2929/799
s 1
f 2647/2647/2073 2646/2646/2072 2946/2946/2300
f 2946/2946/2300 2528/2525/1953 2647/2647/2073
f 2550/2550/1977 2647/2647/2073 2901/2901/2291
f 2901/2901/2291 2638/2638/2064 2550/2550/1977
f 2872/2872/2279 2735/2736/2160 2734/2735/2159
f 2734/2735/2159 2705/2706/2130 2872/2872/2279
f 2641/2642/2068 2947/2947/2301 2948/2948/2302
f 2948/2948/2302 2659/2659/2083 2641/2642/2068
f 2952/2949/2303 2949/2950/2304 2950/2951/2305
f 2950/2951/2305 2951/2952/2306 2952/2949/2303
f 2643/2641/2067 2953/2953/2307 2947/2947/2301
f 2947/2947/2301 2641/2642/2068 2643/2641/2067
f 2900/2900/2290 2954/2954/2308 2699/2700/2124
f 2699/2700/2124 2702/2699/2123 2900/2900/2290
f 2946/2946/2300 2955/2955/2309 2525/2526/1954
f 2525/2526/1954 2528/2525/1953 2946/2946/2300
f 2650/2650/2076 2956/2956/2310 2957/2957/2311
f 2957/2957/2311 2651/2651/2077 2650/2650/2076
f 2658/2658/2082 2657/2657/2081 2958/2958/2310
f 2958/2958/2310 2959/2959/2312 2658/2658/2082
f 2651/2651/2077 2957/2957/2311 2960/2960/2313
f 2960/2960/2313 2899/2899/2289 2651/2651/2077
f 2610/2611/2038 2961/2961/2296 2962/2962/1962
f 2962/2962/1962 2928/2928/2299 2610/2611/2038
f 2925/2926/2297 2924/2925/2296 2963/2963/2314
f 2963/2963/2314 2964/2964/2315 2925/2926/2297
f 2611/2610/2037 2965/2965/2316 2961/2961/2296
f 2961/2961/2296 2610/2611/2038 2611/2610/2037
f 2635/2634/2060 2966/2966/2317 2630/2630/2057
f 2630/2630/2057 2625/2624/2051 2635/2634/2060
f 2541/2542/1969 2967/2967/2055 2456/2457/1885
f 2456/2457/1885 2459/2456/1884 2541/2542/1969
f 2614/2614/2041 2968/2968/2318 2969/2969/2319
f 2969/2969/2319 2615/2615/2042 2614/2614/2041
f 2921/2921/2294 2920/2920/2293 2970/2970/2318
f 2970/2970/2318 2971/2971/2320 2921/2921/2294
f 2615/2615/2042 2969/2969/2319 2972/2972/2321
f 2972/2972/2321 2634/2635/2061 2615/2615/2042
f 2954/2954/2308 2900/2900/2290 2899/2899/2289
f 2899/2899/2289 2960/2960/2313 2954/2954/2308
f 2966/2966/2317 2635/2634/2060 2634/2635/2061
f 2634/2635/2061 2972/2972/2321 2966/2966/2317
f 2976/2973/2322 2973/2974/2323 2974/2975/2324
f 2974/2975/2324 2975/2976/2302 2976/2973/2322
f 2980/2977/2325 2977/2978/2326 2978/2979/2327
f 2978/2979/2327 2979/2980/1962 2980/2977/2325
f 2982/2981/2328 2875/2875/2282 2927/2927/2298
f 2927/2927/2298 2981/2982/2329 2982/2981/2328
f 2984/2983/2330 2773/2774/2198 2793/2793/2200
f 2793/2793/2200 2983/2984/1965 2984/2983/2330
f 2985/2985/2331 2876/2876/2283 2875/2875/2282
f 2875/2875/2282 2982/2981/2328 2985/2985/2331
f 2986/2986/2332 2669/2670/2094 2620/2621/2048
f 2620/2621/2048 2623/2620/2047 2986/2986/2332
f 2987/2987/1964 2774/2772/2196 2773/2774/2198
f 2773/2774/2198 2984/2983/2330 2987/2987/1964
f 2989/2988/2312 2881/2880/2287 2880/2881/2288
f 2880/2881/2288 2988/2989/2333 2989/2988/2312
f 2991/2990/2053 2796/2797/2204 2869/2869/2276
f 2869/2869/2276 2990/2991/2334 2991/2990/2053
f 2988/2989/2333 2880/2881/2288 2670/2671/2095
f 2670/2671/2095 2992/2992/2335 2988/2989/2333
f 2994/2993/2336 2859/2859/2266 2870/2870/2277
f 2870/2870/2277 2993/2994/1963 2994/2993/2336
f 2995/2995/2315 2860/2860/2267 2859/2859/2266
f 2859/2859/2266 2994/2993/2336 2995/2995/2315
f 2997/2996/1871 2866/2866/2273 2865/2865/2272
f 2865/2865/2272 2996/2997/2043 2997/2996/1871
f 2998/2998/2337 2797/2794/2201 2796/2797/2204
f 2796/2797/2204 2991/2990/2053 2998/2998/2337
f 3000/2999/2320 2864/2863/2270 2863/2864/2271
f 2863/2864/2271 2999/3000/2294 3000/2999/2320
f 2996/2997/2043 2865/2865/2272 2867/2867/2274
f 2867/2867/2274 3001/3001/2045 2996/2997/2043
f 2999/3000/2294 2863/2864/2271 2868/2868/2275
f 2868/2868/2275 3002/3002/1870 2999/3000/2294
f 2669/2670/2094 2986/2986/2332 2992/2992/2335
f 2992/2992/2335 2670/2671/2095 2669/2670/2094
f 2866/2866/2273 2997/2996/1871 3002/3002/1870
f 3002/3002/1870 2868/2868/2275 2866/2866/2273
f 3006/3003/2338 3003/3004/2056 3004/3005/2339
f 3004/3005/2339 3005/3006/2340 3006/3003/2338
f 3010/3007/2341 3007/3008/1964 3008/3009/1963
f 3008/3009/1963 3009/3010/2342 3010/3007/2341
f 3012/3011/2339 3011/3012/2343 2949/2950/2304
f 2949/2950/2304 2952/2949/2303 3012/3011/2339
f 2637/2637/2063 2465/2466/1894 2464/2465/1893
f 2464/2465/1893 2636/2636/2062 2637/2637/2063
f 2505/2504/1932 2475/2476/1904 2474/2475/1903
f 2474/2475/1903 2547/2548/1975 2505/2504/1932
f 2636/2636/2062 2464/2465/1893 2482/2483/1911
f 2482/2483/1911 2485/2486/1914 2636/2636/2062
f 2504/2505/1933 2489/2489/1917 2475/2476/1904
f 2475/2476/1904 2505/2504/1932 2504/2505/1933
f 2485/2486/1914 2482/2483/1911 2496/2497/1925
f 2496/2497/1925 2486/2484/1912 2485/2486/1914
f 2515/2515/1943 2502/2502/1930 2489/2489/1917
f 2489/2489/1917 2504/2505/1933 2515/2515/1943
f 2486/2484/1912 2496/2497/1925 2507/2508/1936
f 2507/2508/1936 2499/2498/1926 2486/2484/1912
f 2544/2543/1970 2513/2513/1941 2502/2502/1930
f 2502/2502/1930 2515/2515/1943 2544/2543/1970
f 2499/2498/1926 2507/2508/1936 2439/2439/1867
f 2439/2439/1867 2510/2509/1937 2499/2498/1926
f 2543/2544/1971 2521/2521/1949 2513/2513/1941
f 2513/2513/1941 2544/2543/1970 2543/2544/1971
f 2548/2546/1973 2478/2479/1907 2558/2559/1986
f 2558/2559/1986 2561/2562/1989 2548/2546/1973
f 2493/2494/1922 2565/2565/1992 2469/2468/1896
f 2469/2468/1896 2494/2491/1919 2493/2494/1922
f 2561/2562/1989 2558/2559/1986 2569/2570/1997
f 2569/2570/1997 2562/2560/1987 2561/2562/1989
f 2586/2586/2013 2575/2575/2002 2565/2565/1992
f 2565/2565/1992 2493/2494/1922 2586/2586/2013
f 2562/2560/1987 2569/2570/1997 2578/2579/2006
f 2578/2579/2006 2572/2571/1998 2562/2560/1987
f 2596/2596/2023 2584/2584/2011 2575/2575/2002
f 2575/2575/2002 2586/2586/2013 2596/2596/2023
f 2572/2571/1998 2578/2579/2006 2588/2589/2016
f 2588/2589/2016 2581/2580/2007 2572/2571/1998
f 2606/2606/2033 2594/2594/2021 2584/2584/2011
f 2584/2584/2011 2596/2596/2023 2606/2606/2033
f 2581/2580/2007 2588/2589/2016 2598/2599/2026
f 2598/2599/2026 2591/2590/2017 2581/2580/2007
f 2922/2922/2295 2604/2604/2031 2594/2594/2021
f 2594/2594/2021 2606/2606/2033 2922/2922/2295
f 2591/2590/2017 2598/2599/2026 2608/2609/2036
f 2608/2609/2036 2601/2600/2027 2591/2590/2017
f 2567/2567/1994 2612/2612/2039 2604/2604/2031
f 2604/2604/2031 2922/2922/2295 2567/2567/1994
f 2465/2466/1894 2637/2637/2063 2494/2491/1919
f 2494/2491/1919 2469/2468/1896 2465/2466/1894
f 2547/2548/1975 2474/2475/1903 2478/2479/1907
f 2478/2479/1907 2548/2546/1973 2547/2548/1975
f 2518/2517/1945 2438/2438/1866 2902/2902/2292
f 2902/2902/2292 2642/2643/2069 2518/2517/1945
f 2901/2901/2291 2648/2648/2074 2523/2523/1951
f 2523/2523/1951 2638/2638/2064 2901/2901/2291
f 2510/2509/1937 2439/2439/1867 2438/2438/1866
f 2438/2438/1866 2518/2517/1945 2510/2509/1937
f 2638/2638/2064 2523/2523/1951 2521/2521/1949
f 2521/2521/1949 2543/2544/1971 2638/2638/2064
f 2710/2707/2131 2872/2872/2279 2871/2871/2278
f 2871/2871/2278 2707/2708/2132 2710/2707/2131
f 2720/2717/2141 2747/2747/2171 2803/2803/2210
f 2803/2803/2210 2717/2718/2142 2720/2717/2141
f 2707/2708/2132 2871/2871/2278 2729/2729/2153
f 2729/2729/2153 2725/2725/2149 2707/2708/2132
f 2733/2732/2156 2748/2748/2172 2747/2747/2171
f 2747/2747/2171 2720/2717/2141 2733/2732/2156
f 2725/2725/2149 2729/2729/2153 2728/2728/2152
f 2728/2728/2152 2739/2739/2163 2725/2725/2149
f 2746/2745/2169 2758/2758/2182 2748/2748/2172
f 2748/2748/2172 2733/2732/2156 2746/2745/2169
f 2739/2739/2163 2728/2728/2152 2742/2742/2166
f 2742/2742/2166 2750/2750/2174 2739/2739/2163
f 2757/2756/2180 2798/2798/2205 2758/2758/2182
f 2758/2758/2182 2746/2745/2169 2757/2756/2180
f 2750/2750/2174 2742/2742/2166 2753/2753/2177
f 2753/2753/2177 2682/2681/2105 2750/2750/2174
f 2765/2764/2188 2799/2799/2206 2798/2798/2205
f 2798/2798/2205 2757/2756/2180 2765/2764/2188
f 2721/2721/2145 2802/2802/2209 2814/2814/2221
f 2814/2814/2221 2810/2810/2217 2721/2721/2145
f 2818/2817/2224 2736/2737/2161 2735/2736/2160
f 2735/2736/2160 2712/2712/2136 2818/2817/2224
f 2810/2810/2217 2814/2814/2221 2813/2813/2220
f 2813/2813/2220 2821/2821/2228 2810/2810/2217
f 2828/2827/2234 2838/2838/2245 2736/2737/2161
f 2736/2737/2161 2818/2817/2224 2828/2827/2234
f 2821/2821/2228 2813/2813/2220 2824/2824/2231
f 2824/2824/2231 2830/2830/2237 2821/2821/2228
f 2837/2836/2243 2847/2847/2254 2838/2838/2245
f 2838/2838/2245 2828/2827/2234 2837/2836/2243
f 2830/2830/2237 2824/2824/2231 2833/2833/2240
f 2833/2833/2240 2840/2840/2247 2830/2830/2237
f 2846/2845/2252 2684/2685/2109 2847/2847/2254
f 2847/2847/2254 2837/2836/2243 2846/2845/2252
f 2840/2840/2247 2833/2833/2240 2843/2843/2250
f 2843/2843/2250 2849/2849/2256 2840/2840/2247
f 2855/2854/2261 2685/2686/2110 2684/2685/2109
f 2684/2685/2109 2846/2845/2252 2855/2854/2261
f 2849/2849/2256 2843/2843/2250 2852/2852/2259
f 2852/2852/2259 2857/2857/2264 2849/2849/2256
f 2862/2861/2268 2819/2819/2226 2685/2686/2110
f 2685/2686/2110 2855/2854/2261 2862/2861/2268
f 2872/2872/2279 2710/2707/2131 2712/2712/2136
f 2712/2712/2136 2735/2736/2160 2872/2872/2279
f 2717/2718/2142 2803/2803/2210 2802/2802/2209
f 2802/2802/2209 2721/2721/2145 2717/2718/2142
f 2681/2682/2106 2761/2761/2185 2877/2877/2284
f 2877/2877/2284 2806/2805/2212 2681/2682/2106
f 2878/2879/2286 2771/2768/2192 2770/2771/2195
f 2770/2771/2195 2767/2766/2190 2878/2879/2286
f 2682/2681/2105 2753/2753/2177 2761/2761/2185
f 2761/2761/2185 2681/2682/2106 2682/2681/2105
f 2767/2766/2190 2770/2771/2195 2799/2799/2206
f 2799/2799/2206 2765/2764/2188 2767/2766/2190
f 2643/2641/2067 2701/2702/2126 2700/2701/2125
f 2700/2701/2125 2953/2953/2307 2643/2641/2067
f 2526/2527/1955 2956/2956/2310 2650/2650/2076
f 2650/2650/2076 2527/2528/1956 2526/2527/1955
f 2611/2610/2037 2624/2625/2052 2631/2631/2058
f 2631/2631/2058 2965/2965/2316 2611/2610/2037
f 2457/2458/1886 2968/2968/2318 2614/2614/2041
f 2614/2614/2041 2458/2459/1887 2457/2458/1886
f 2985/2985/2331 2622/2623/2050 2621/2622/2049
f 2621/2622/2049 2876/2876/2283 2985/2985/2331
f 2793/2793/2200 2881/2880/2287 2989/2988/2312
f 2989/2988/2312 2983/2984/1965 2793/2793/2200
f 2995/2995/2315 3001/3001/2045 2867/2867/2274
f 2867/2867/2274 2860/2860/2267 2995/2995/2315
f 2869/2869/2276 2864/2863/2270 3000/2999/2320
f 3000/2999/2320 2990/2991/2334 2869/2869/2276
f 2950/2951/2305 2551/2552/1979 2554/2551/1978
f 2554/2551/1978 2951/2952/2306 2950/2951/2305
f 2642/2643/2069 2902/2902/2292 2701/2702/2126
f 2701/2702/2126 2643/2641/2067 2642/2643/2069
f 2539/2538/1965 2959/2959/2312 2958/2958/2310
f 2958/2958/2310 2538/2539/1966 2539/2538/1965
f 2527/2528/1956 2650/2650/2076 2648/2648/2074
f 2648/2648/2074 2901/2901/2291 2527/2528/1956
f 2458/2459/1887 2614/2614/2041 2612/2612/2039
f 2612/2612/2039 2567/2567/1994 2458/2459/1887
f 2633/2632/2059 2971/2971/2320 2970/2970/2318
f 2970/2970/2318 2632/2633/1886 2633/2632/2059
f 2601/2600/2027 2608/2609/2036 2624/2625/2052
f 2624/2625/2052 2611/2610/2037 2601/2600/2027
f 2963/2963/2314 2618/2619/2046 2619/2618/2045
f 2619/2618/2045 2964/2964/2315 2963/2963/2314
f 2876/2876/2283 2621/2622/2049 2806/2805/2212
f 2806/2805/2212 2877/2877/2284 2876/2876/2283
f 2771/2768/2192 2878/2879/2286 2881/2880/2287
f 2881/2880/2287 2793/2793/2200 2771/2768/2192
f 2819/2819/2226 2862/2861/2268 2864/2863/2270
f 2864/2863/2270 2869/2869/2276 2819/2819/2226
f 2860/2860/2267 2867/2867/2274 2857/2857/2264
f 2857/2857/2264 2852/2852/2259 2860/2860/2267
f 2491/2492/1920 2494/2491/1919 2637/2637/2063
f 2637/2637/2063 2462/2463/1891 2491/2492/1920
f 3016/3013/784 3013/3014/784 3014/3015/2344
f 3014/3015/2344 3015/3016/2345 3016/3013/784
f 3020/3017/2346 3017/3018/784 3018/3019/784
f 3018/3019/784 3019/3020/2347 3020/3017/2346
f 3022/3021/784 3016/3013/784 3015/3016/2345
f 3015/3016/2345 3021/3022/2348 3022/3021/784
f 3026/3023/784 3023/3024/2349 3024/3025/2350
f 3024/3025/2350 3025/3026/784 3026/3023/784
f 3030/3027/2351 3027/3028/2352 3028/3029/784
f 3028/3029/784 3029/3030/784 3030/3027/2351
f 3032/3031/2353 3029/3030/784 3028/3029/784
f 3028/3029/784 3031/3032/2354 3032/3031/2353
f 3022/3021/784 3033/3033/2355 3034/3034/2356
f 3034/3034/2356 3016/3013/784 3022/3021/784
f 3036/3035/784 3022/3021/784 3021/3022/2348
f 3021/3022/2348 3035/3036/2347 3036/3035/784
f 3036/3035/784 3037/3037/2357 3033/3033/2355
f 3033/3033/2355 3022/3021/784 3036/3035/784
f 3041/3038/2358 3038/3039/784 3039/3040/784
f 3039/3040/784 3040/3041/2359 3041/3038/2358
f 3045/3042/2360 3042/3043/2361 3043/3044/2362
f 3043/3044/2362 3044/3045/2363 3045/3042/2360
f 3016/3013/784 3034/3034/2356 3046/3046/2364
f 3046/3046/2364 3013/3014/784 3016/3013/784
f 3050/3047/2365 3047/3048/2366 3048/3049/2367
f 3048/3049/2367 3049/3050/2368 3050/3047/2365
f 3040/3041/2359 3039/3040/784 3051/3051/784
f 3051/3051/784 3052/3052/2369 3040/3041/2359
f 3013/3014/784 3046/3046/2364 3053/3053/2370
f 3053/3053/2370 3054/3054/784 3013/3014/784
f 3051/3051/784 3055/3055/2371 3056/3056/2372
f 3056/3056/2372 3057/3057/784 3051/3051/784
f 3054/3054/784 3026/3023/784 3058/3058/2373
f 3058/3058/2373 3059/3059/2374 3054/3054/784
f 3051/3051/784 3057/3057/784 3060/3060/2375
f 3060/3060/2375 3052/3052/2369 3051/3051/784
f 3062/3061/2376 3061/3062/2377 3045/3042/2360
f 3045/3042/2360 3044/3045/2363 3062/3061/2376
f 3045/3042/2360 3061/3062/2377 3063/3063/2378
f 3063/3063/2378 3064/3064/2379 3045/3042/2360
f 3049/3050/2368 3065/3065/2380 3066/3066/2381
f 3066/3066/2381 3050/3047/2365 3049/3050/2368
f 3068/3067/784 3029/3030/784 3032/3031/2353
f 3032/3031/2353 3067/3068/2382 3068/3067/784
f 3070/3069/2383 3069/3070/2384 3047/3048/2366
f 3047/3048/2366 3050/3047/2365 3070/3069/2383
f 3027/3028/2352 3071/3071/2385 3072/3072/784
f 3072/3072/784 3028/3029/784 3027/3028/2352
f 3076/3073/2386 3073/3074/2387 3074/3075/2388
f 3074/3075/2388 3075/3076/2389 3076/3073/2386
f 3077/3077/2390 3055/3055/2371 3051/3051/784
f 3051/3051/784 3039/3040/784 3077/3077/2390
f 3079/3078/2391 3078/3079/2392 3065/3065/2380
f 3065/3065/2380 3049/3050/2368 3079/3078/2391
f 3083/3080/2393 3080/3081/2394 3081/3082/2395
f 3081/3082/2395 3082/3083/2396 3083/3080/2393
f 3087/3084/2397 3084/3085/1279 3085/3086/2398
f 3085/3086/2398 3086/3087/2399 3087/3084/2397
f 3064/3064/2379 3063/3063/2378 3088/3088/2400
f 3088/3088/2400 3089/3089/2401 3064/3064/2379
f 3091/3090/2402 3090/3091/2403 3080/3081/2394
f 3080/3081/2394 3083/3080/2393 3091/3090/2402
f 3050/3047/2365 3066/3066/2381 3092/3092/2404
f 3092/3092/2404 3070/3069/2383 3050/3047/2365
f 3031/3032/2354 3028/3029/784 3072/3072/784
f 3072/3072/784 3093/3093/2405 3031/3032/2354
f 3076/3073/2386 3070/3069/2383 3092/3092/2404
f 3092/3092/2404 3073/3074/2387 3076/3073/2386
f 3097/3094/2382 3094/3095/2406 3095/3096/2407
f 3095/3096/2407 3096/3097/2353 3097/3094/2382
f 3101/3098/2399 3098/3099/2408 3099/3100/2409
f 3099/3100/2409 3100/3101/2410 3101/3098/2399
f 3054/3054/784 3053/3053/2370 3023/3024/2349
f 3023/3024/2349 3026/3023/784 3054/3054/784
f 3099/3100/2409 3090/3091/2403 3091/3090/2402
f 3091/3090/2402 3100/3101/2410 3099/3100/2409
f 3081/3082/2395 3062/3061/2376 3044/3045/2363
f 3044/3045/2363 3082/3083/2396 3081/3082/2395
f 3089/3089/2401 3088/3088/2400 3078/3079/2392
f 3078/3079/2392 3079/3078/2391 3089/3089/2401
f 3102/3102/2411 3025/3026/784 3068/3067/784
f 3068/3067/784 3067/3068/2382 3102/3102/2411
f 3057/3057/784 3056/3056/2372 3103/3103/2412
f 3103/3103/2412 3017/3018/784 3057/3057/784
f 3107/3104/2413 3104/3105/2414 3105/3106/2415
f 3105/3106/2415 3106/3107/2416 3107/3104/2413
f 3013/3014/784 3054/3054/784 3059/3059/2374
f 3059/3059/2374 3014/3015/2344 3013/3014/784
f 3068/3067/784 3108/3108/2417 3030/3027/2351
f 3030/3027/2351 3029/3030/784 3068/3067/784
f 3071/3071/2385 3109/3109/2418 3038/3039/784
f 3038/3039/784 3072/3072/784 3071/3071/2385
f 3024/3025/2350 3108/3108/2417 3068/3067/784
f 3068/3067/784 3025/3026/784 3024/3025/2350
f 3087/3084/2397 3110/3110/2419 3111/3111/2420
f 3111/3111/2420 3075/3076/2389 3087/3084/2397
f 3115/3112/2386 3112/3113/2387 3113/3114/2388
f 3113/3114/2388 3114/3115/2389 3115/3112/2386
f 3117/3116/2421 3116/3117/2422 3113/3114/2388
f 3113/3114/2388 3112/3113/2387 3117/3116/2421
f 3121/3118/2378 3118/3119/2400 3119/3120/2401
f 3119/3120/2401 3120/3121/2379 3121/3118/2378
f 3125/3122/2391 3122/3123/2392 3123/3124/2380
f 3123/3124/2380 3124/3125/2368 3125/3122/2391
f 3129/3126/2375 3126/3127/2423 3127/3128/2424
f 3127/3128/2424 3128/3129/2346 3129/3126/2375
f 3131/3130/2369 3130/3131/2425 3126/3127/2423
f 3126/3127/2423 3129/3126/2375 3131/3130/2369
f 3135/3132/2426 3132/3133/2427 3133/3134/2373
f 3133/3134/2373 3134/3135/2374 3135/3132/2426
f 3139/3136/2354 3136/3137/2428 3137/3138/2429
f 3137/3138/2429 3138/3139/2405 3139/3136/2354
f 3143/3140/2381 3140/3141/2404 3141/3142/2383
f 3141/3142/2383 3142/3143/2365 3143/3140/2381
f 3147/3144/2394 3144/3145/2430 3145/3146/2431
f 3145/3146/2431 3146/3147/2395 3147/3144/2394
f 3143/3140/2381 3148/3148/2432 3149/3149/2433
f 3149/3149/2433 3140/3141/2404 3143/3140/2381
f 3114/3115/2389 3113/3114/2388 3150/3150/1279
f 3150/3150/1279 3151/3151/2397 3114/3115/2389
f 3155/3152/2376 3152/3153/2434 3153/3154/2435
f 3153/3154/2435 3154/3155/2377 3155/3152/2376
f 3159/3156/2348 3156/3157/2436 3157/3158/2437
f 3157/3158/2437 3158/3159/2345 3159/3156/2348
f 3162/3160/2402 3160/3161/2403 3147/3144/2394
f 3147/3144/2394 3161/3162/2393 3162/3160/2402
f 3164/3163/2438 3135/3132/2426 3134/3135/2374
f 3134/3135/2374 3163/3164/2344 3164/3163/2438
f 3154/3155/2377 3153/3154/2435 3165/3165/2439
f 3165/3165/2439 3121/3118/2378 3154/3155/2377
f 3146/3147/2395 3145/3146/2431 3152/3153/2434
f 3152/3153/2434 3155/3152/2376 3146/3147/2395
f 3155/3152/2376 3154/3155/2377 3166/3166/2360
f 3166/3166/2360 3167/3167/2363 3155/3152/2376
f 3118/3119/2400 3122/3123/2392 3125/3122/2391
f 3125/3122/2391 3119/3120/2401 3118/3119/2400
f 3121/3118/2378 3165/3165/2439 3168/3168/2440
f 3168/3168/2440 3118/3119/2400 3121/3118/2378
f 3147/3144/2394 3146/3147/2395 3169/3169/2396
f 3169/3169/2396 3161/3162/2393 3147/3144/2394
f 3171/3170/2441 3170/3171/2357 3103/3103/2412
f 3103/3103/2412 3110/3110/2419 3171/3170/2441
f 3042/3043/2361 3024/3025/2350 3023/3024/2349
f 3023/3024/2349 3043/3044/2362 3042/3043/2361
f 3043/3044/2362 3023/3024/2349 3053/3053/2370
f 3053/3053/2370 3172/3172/2442 3043/3044/2362
f 3173/3173/2443 3108/3108/2417 3024/3025/2350
f 3024/3025/2350 3042/3043/2361 3173/3173/2443
f 3175/3174/2444 3033/3033/2355 3037/3037/2357
f 3037/3037/2357 3174/3175/2445 3175/3174/2444
f 3177/3176/2446 3046/3046/2364 3034/3034/2356
f 3034/3034/2356 3176/3177/2447 3177/3176/2446
f 3111/3111/2420 3056/3056/2372 3055/3055/2371
f 3055/3055/2371 3178/3178/2448 3111/3111/2420
f 3180/3179/2449 3027/3028/2352 3030/3027/2351
f 3030/3027/2351 3179/3180/2450 3180/3179/2449
f 3048/3049/2367 3071/3071/2385 3027/3028/2352
f 3027/3028/2352 3180/3179/2449 3048/3049/2367
f 3176/3177/2447 3034/3034/2356 3033/3033/2355
f 3033/3033/2355 3175/3174/2444 3176/3177/2447
f 3069/3070/2384 3077/3077/2390 3109/3109/2418
f 3109/3109/2418 3047/3048/2366 3069/3070/2384
f 3178/3178/2448 3055/3055/2371 3077/3077/2390
f 3077/3077/2390 3069/3070/2384 3178/3178/2448
f 3047/3048/2366 3109/3109/2418 3071/3071/2385
f 3071/3071/2385 3048/3049/2367 3047/3048/2366
f 3179/3180/2450 3030/3027/2351 3108/3108/2417
f 3108/3108/2417 3173/3173/2443 3179/3180/2450
f 3110/3110/2419 3103/3103/2412 3056/3056/2372
f 3056/3056/2372 3111/3111/2420 3110/3110/2419
f 3086/3087/2399 3171/3170/2441 3110/3110/2419
f 3110/3110/2419 3087/3084/2397 3086/3087/2399
f 3124/3125/2368 3123/3124/2380 3143/3140/2381
f 3143/3140/2381 3142/3143/2365 3124/3125/2368
f 3141/3142/2383 3140/3141/2404 3112/3113/2387
f 3112/3113/2387 3115/3112/2386 3141/3142/2383
f 3118/3119/2400 3168/3168/2440 3181/3181/2451
f 3181/3181/2451 3122/3123/2392 3118/3119/2400
f 3184/3182/2409 3182/3183/2452 3183/3184/2453
f 3183/3184/2453 3160/3161/2403 3184/3182/2409
f 3181/3181/2451 3185/3185/2454 3123/3124/2380
f 3123/3124/2380 3122/3123/2392 3181/3181/2451
f 3160/3161/2403 3183/3184/2453 3144/3145/2430
f 3144/3145/2430 3147/3144/2394 3160/3161/2403
f 3188/3186/2455 3186/3187/2456 3187/3188/2398
f 3187/3188/2398 3150/3150/1279 3188/3186/2455
f 3192/3189/2457 3189/3190/2458 3190/3191/2459
f 3190/3191/2459 3191/3192/2460 3192/3189/2457
f 3195/3193/2399 3193/3194/2408 3184/3182/2409
f 3184/3182/2409 3194/3195/2410 3195/3193/2399
f 3199/3196/2461 3196/3197/2462 3197/3198/2463
f 3197/3198/2463 3198/3199/2464 3199/3196/2461
f 3203/3200/2465 3200/3201/2400 3201/3202/2392
f 3201/3202/2392 3202/3203/2466 3203/3200/2465
f 3207/3204/2388 3204/3205/1279 3205/3206/2467
f 3205/3206/2467 3206/3207/2468 3207/3204/2388
f 3211/3208/2469 3208/3209/2404 3209/3210/2387
f 3209/3210/2387 3210/3211/2470 3211/3208/2469
f 3214/3212/2381 3212/3213/2432 3213/3214/2433
f 3213/3214/2433 3208/3209/2404 3214/3212/2381
f 3217/3215/2455 3215/3216/2456 3216/3217/2398
f 3216/3217/2398 3204/3205/1279 3217/3215/2455
f 3221/3218/2471 3218/3219/2472 3219/3220/2473
f 3219/3220/2473 3220/3221/2474 3221/3218/2471
f 3225/3222/2394 3222/3223/2430 3223/3224/2431
f 3223/3224/2431 3224/3225/2395 3225/3222/2394
f 3228/3226/2475 3224/3225/2395 3226/3227/2376
f 3226/3227/2376 3227/3228/2476 3228/3226/2475
f 3231/3229/2477 3229/3230/2403 3225/3222/2394
f 3225/3222/2394 3230/3231/2478 3231/3229/2477
f 3234/3232/2380 3214/3212/2381 3232/3233/2479
f 3232/3233/2479 3233/3234/2480 3234/3232/2380
f 3237/3235/2378 3235/3236/2439 3236/3237/2440
f 3236/3237/2440 3200/3201/2400 3237/3235/2378
f 3201/3202/2392 3238/3238/2481 3239/3239/2482
f 3239/3239/2482 3234/3232/2380 3201/3202/2392
f 3226/3227/2376 3240/3240/2377 3241/3241/2483
f 3241/3241/2483 3227/3228/2476 3226/3227/2376
f 3241/3241/2483 3240/3240/2377 3237/3235/2378
f 3237/3235/2378 3242/3242/2484 3241/3241/2483
f 3246/3243/2485 3243/3244/2486 3244/3245/2487
f 3244/3245/2487 3245/3246/2488 3246/3243/2485
f 3250/3247/2489 3247/3248/2490 3248/3249/2491
f 3248/3249/2491 3249/3250/2492 3250/3247/2489
f 3210/3211/2470 3209/3210/2387 3207/3204/2388
f 3207/3204/2388 3206/3207/2468 3210/3211/2470
f 3252/3251/2493 3251/3252/2494 3250/3247/2489
f 3250/3247/2489 3249/3250/2492 3252/3251/2493
f 3256/3253/2495 3253/3254/2496 3254/3255/2497
f 3254/3255/2497 3255/3256/2498 3256/3253/2495
f 3260/3257/2499 3257/3258/2500 3258/3259/2501
f 3258/3259/2501 3259/3260/2502 3260/3257/2499
f 3264/3261/2503 3261/3262/2504 3262/3263/2505
f 3262/3263/2505 3263/3264/2506 3264/3261/2503
f 3266/3265/2507 3265/3266/2508 3253/3254/2496
f 3253/3254/2496 3256/3253/2495 3266/3265/2507
f 3270/3267/2509 3267/3268/2510 3268/3269/2511
f 3268/3269/2511 3269/3270/2512 3270/3267/2509
f 3274/3271/2513 3271/3272/2514 3272/3273/2515
f 3272/3273/2515 3273/3274/2516 3274/3271/2513
f 3278/3275/2517 3275/3276/2518 3276/3277/2519
f 3276/3277/2519 3277/3278/2520 3278/3275/2517
f 3259/3260/2502 3258/3259/2501 3279/3279/2521
f 3279/3279/2521 3280/3280/2522 3259/3260/2502
f 3284/3281/2523 3281/3282/2524 3282/3283/2525
f 3282/3283/2525 3283/3284/2526 3284/3281/2523
f 3275/3276/2518 3285/3285/2527 3286/3286/2528
f 3286/3286/2528 3276/3277/2519 3275/3276/2518
f 3289/3287/2529 3287/3288/2530 3244/3245/2487
f 3244/3245/2487 3288/3289/2531 3289/3287/2529
f 3293/3290/2532 3290/3291/2533 3291/3292/2534
f 3291/3292/2534 3292/3293/2535 3293/3290/2532
f 3297/3294/2536 3294/3295/2537 3295/3296/2538
f 3295/3296/2538 3296/3297/2539 3297/3294/2536
f 3301/3298/2540 3298/3299/2541 3299/3300/2542
f 3299/3300/2542 3300/3301/2543 3301/3298/2540
f 3305/3302/2408 3302/3303/2456 3303/3304/2544
f 3303/3304/2544 3304/3305/2409 3305/3302/2408
f 3307/3306/2545 3306/3307/2546 3278/3275/2517
f 3278/3275/2517 3277/3278/2520 3307/3306/2545
f 3286/3286/2528 3285/3285/2527 3298/3299/2541
f 3298/3299/2541 3301/3298/2540 3286/3286/2528
f 3296/3297/2539 3295/3296/2538 3308/3308/2547
f 3308/3308/2547 3309/3309/2548 3296/3297/2539
f 3283/3284/2526 3282/3283/2525 3257/3258/2500
f 3257/3258/2500 3260/3257/2499 3283/3284/2526
f 3309/3309/2548 3308/3308/2547 3281/3282/2524
f 3281/3282/2524 3284/3281/2523 3309/3309/2548
f 3292/3293/2535 3291/3292/2534 3310/3310/2549
f 3310/3310/2549 3311/3311/2550 3292/3293/2535
f 3313/3312/2551 3265/3266/2508 3266/3265/2507
f 3266/3265/2507 3312/3313/2552 3313/3312/2551
f 3317/3314/2553 3314/3315/2554 3315/3316/2555
f 3315/3316/2555 3316/3317/2556 3317/3314/2553
f 3319/3318/2557 3318/3319/2558 3279/3279/2521
f 3279/3279/2521 3258/3259/2501 3319/3318/2557
f 3320/3320/2559 3275/3276/2518 3278/3275/2517
f 3278/3275/2517 3245/3246/2488 3320/3320/2559
f 3324/3321/2560 3321/3322/2560 3322/3323/2561
f 3322/3323/2561 3323/3324/2561 3324/3321/2560
f 3326/3325/2562 3325/3326/2563 3294/3295/2537
f 3294/3295/2537 3310/3310/2549 3326/3325/2562
f 3328/3327/2564 3327/3328/2565 3192/3189/2457
f 3192/3189/2457 3191/3192/2460 3328/3327/2564
f 3332/3329/2566 3329/3330/2567 3330/3331/2568
f 3330/3331/2568 3331/3332/2569 3332/3329/2566
f 3257/3258/2500 3333/3333/2570 3319/3318/2557
f 3319/3318/2557 3258/3259/2501 3257/3258/2500
f 3304/3305/2409 3303/3304/2544 3334/3334/2571
f 3334/3334/2571 3229/3230/2403 3304/3305/2409
f 3290/3291/2533 3335/3335/2572 3336/3336/2573
f 3336/3336/2573 3291/3292/2534 3290/3291/2533
f 3282/3283/2525 3337/3337/2574 3333/3333/2570
f 3333/3333/2570 3257/3258/2500 3282/3283/2525
f 3341/3338/2575 3338/3339/2576 3339/3340/2577
f 3339/3340/2577 3340/3341/2578 3341/3338/2575
f 3345/3342/2579 3342/3343/2580 3343/3344/2581
f 3343/3344/2581 3344/3345/2582 3345/3342/2579
f 3281/3282/2524 3346/3346/2583 3337/3337/2574
f 3337/3337/2574 3282/3283/2525 3281/3282/2524
f 3272/3273/2515 3347/3347/2584 3348/3348/2585
f 3348/3348/2585 3349/3349/2586 3272/3273/2515
f 3351/3350/2587 3350/3351/2588 3308/3308/2547
f 3308/3308/2547 3295/3296/2538 3351/3350/2587
f 3325/3326/2563 3351/3350/2587 3295/3296/2538
f 3295/3296/2538 3294/3295/2537 3325/3326/2563
f 3308/3308/2547 3350/3351/2588 3346/3346/2583
f 3346/3346/2583 3281/3282/2524 3308/3308/2547
f 3106/3107/2416 3105/3106/2415 3352/3352/2589
f 3352/3352/2589 3353/3353/2590 3106/3107/2416
f 3349/3349/2586 3348/3348/2585 3354/3354/2591
f 3354/3354/2591 3355/3355/2592 3349/3349/2586
f 3291/3292/2534 3336/3336/2573 3326/3325/2562
f 3326/3325/2562 3310/3310/2549 3291/3292/2534
f 3213/3214/2433 3356/3356/2421 3209/3210/2387
f 3209/3210/2387 3208/3209/2404 3213/3214/2433
f 3280/3280/2522 3279/3279/2521 3314/3315/2554
f 3314/3315/2554 3317/3314/2553 3280/3280/2522
f 3234/3232/2380 3239/3239/2482 3212/3213/2432
f 3212/3213/2432 3214/3212/2381 3234/3232/2380
f 3334/3334/2571 3222/3223/2430 3225/3222/2394
f 3225/3222/2394 3229/3230/2403 3334/3334/2571
f 3358/3357/2593 3357/3358/2594 3261/3262/2504
f 3261/3262/2504 3264/3261/2503 3358/3357/2593
f 3359/3359/2595 3347/3347/2584 3272/3273/2515
f 3272/3273/2515 3271/3272/2514 3359/3359/2595
f 3220/3221/2474 3219/3220/2473 3360/3360/2596
f 3360/3360/2596 3361/3361/2597 3220/3221/2474
f 3356/3356/2421 3362/3362/2422 3207/3204/2388
f 3207/3204/2388 3209/3210/2387 3356/3356/2421
f 3205/3206/2467 3204/3205/1279 3216/3217/2398
f 3216/3217/2398 3363/3363/2598 3205/3206/2467
f 3223/3224/2431 3364/3364/2599 3226/3227/2376
f 3226/3227/2376 3224/3225/2395 3223/3224/2431
f 3368/3365/2600 3365/3366/2601 3366/3367/2602
f 3366/3367/2602 3367/3368/2603 3368/3365/2600
f 3367/3368/2603 3366/3367/2602 3369/3369/2604
f 3369/3369/2604 3370/3370/2605 3367/3368/2603
f 3361/3361/2597 3360/3360/2596 3365/3366/2601
f 3365/3366/2601 3368/3365/2600 3361/3361/2597
f 3287/3288/2530 3371/3371/2606 3372/3372/2607
f 3372/3372/2607 3320/3320/2559 3287/3288/2530
f 3376/3373/2608 3373/3374/2609 3374/3375/2610
f 3374/3375/2610 3375/3376/2611 3376/3373/2608
f 3189/3190/2458 3342/3343/2580 3345/3342/2579
f 3345/3342/2579 3190/3191/2459 3189/3190/2458
f 3378/3377/2612 3377/3378/2613 3338/3339/2576
f 3338/3339/2576 3341/3338/2575 3378/3377/2612
f 3343/3344/2581 3104/3105/2414 3107/3104/2413
f 3107/3104/2413 3344/3345/2582 3343/3344/2581
f 3353/3353/2590 3352/3352/2589 3379/3379/2614
f 3379/3379/2614 3380/3380/2615 3353/3353/2590
f 3374/3375/2610 3381/3381/2616 3382/3382/2617
f 3382/3382/2617 3375/3376/2611 3374/3375/2610
f 3279/3279/2521 3318/3319/2558 3383/3383/2618
f 3383/3383/2618 3314/3315/2554 3279/3279/2521
f 3382/3382/2617 3381/3381/2616 3377/3378/2613
f 3377/3378/2613 3378/3377/2612 3382/3382/2617
f 3383/3383/2618 3384/3384/2619 3315/3316/2555
f 3315/3316/2555 3314/3315/2554 3383/3383/2618
f 3388/3385/2620 3385/3386/2621 3386/3387/2622
f 3386/3387/2622 3387/3388/2623 3388/3385/2620
f 3340/3341/2578 3339/3340/2577 3327/3328/2565
f 3327/3328/2565 3328/3327/2564 3340/3341/2578
f 3379/3379/2614 3385/3386/2621 3388/3385/2620
f 3388/3385/2620 3380/3380/2615 3379/3379/2614
f 3404/3389/2624 3389/3390/2612 3390/3391/2625
f 3404/3389/2624 3390/3391/2625 3391/3392/2626
f 3404/3389/2624 3391/3392/2626 3392/3393/2627
f 3404/3389/2624 3392/3393/2627 3393/3394/2460
f 3404/3389/2624 3393/3394/2460 3394/3395/2628
f 3404/3389/2624 3394/3395/2628 3395/3396/2629
f 3404/3389/2624 3395/3396/2629 3396/3397/2630
f 3404/3389/2624 3396/3397/2630 3397/3398/2413
f 3404/3389/2624 3397/3398/2413 3398/3399/2416
f 3404/3389/2624 3398/3399/2416 3399/3400/2631
f 3404/3389/2624 3399/3400/2631 3400/3401/2632
f 3404/3389/2624 3400/3401/2632 3401/3402/2620
f 3404/3389/2624 3401/3402/2620 3402/3403/2633
f 3402/3403/2633 3403/3404/2634 3404/3389/2624
f 3198/3199/2464 3268/3269/2511 3267/3268/2510
f 3267/3268/2510 3370/3370/2605 3198/3199/2464
f 3245/3246/2488 3278/3275/2517 3306/3307/2546
f 3306/3307/2546 3246/3243/2485 3245/3246/2488
f 3372/3372/2607 3285/3285/2527 3275/3276/2518
f 3275/3276/2518 3320/3320/2559 3372/3372/2607
f 3246/3243/2485 3306/3307/2546 3405/3405/2635
f 3405/3405/2635 3406/3406/2636 3246/3243/2485
f 3252/3251/2493 3253/3254/2496 3265/3266/2508
f 3265/3266/2508 3407/3407/2637 3252/3251/2493
f 3368/3365/2600 3261/3262/2504 3357/3358/2594
f 3357/3358/2594 3361/3361/2597 3368/3365/2600
f 3221/3218/2471 3298/3299/2541 3285/3285/2527
f 3285/3285/2527 3372/3372/2607 3221/3218/2471
f 3407/3407/2637 3265/3266/2508 3313/3312/2551
f 3313/3312/2551 3197/3198/2463 3407/3407/2637
f 3249/3250/2492 3254/3255/2497 3253/3254/2496
f 3253/3254/2496 3252/3251/2493 3249/3250/2492
f 3370/3370/2605 3267/3268/2510 3262/3263/2505
f 3262/3263/2505 3367/3368/2603 3370/3370/2605
f 3367/3368/2603 3262/3263/2505 3261/3262/2504
f 3261/3262/2504 3368/3365/2600 3367/3368/2603
f 3197/3198/2463 3313/3312/2551 3268/3269/2511
f 3268/3269/2511 3198/3199/2464 3197/3198/2463
f 3248/3249/2491 3408/3408/2638 3254/3255/2497
f 3254/3255/2497 3249/3250/2492 3248/3249/2491
f 3361/3361/2597 3357/3358/2594 3299/3300/2542
f 3299/3300/2542 3220/3221/2474 3361/3361/2597
f 3220/3221/2474 3299/3300/2542 3298/3299/2541
f 3298/3299/2541 3221/3218/2471 3220/3221/2474
f 3254/3255/2497 3408/3408/2638 3409/3409/2639
f 3409/3409/2639 3255/3256/2498 3254/3255/2497
f 3299/3300/2542 3357/3358/2594 3358/3357/2593
f 3358/3357/2593 3300/3301/2543 3299/3300/2542
f 3411/3410/2640 3349/3349/2586 3355/3355/2592
f 3355/3355/2592 3410/3411/2641 3411/3410/2640
f 3268/3269/2511 3313/3312/2551 3312/3313/2552
f 3312/3313/2552 3269/3270/2512 3268/3269/2511
f 3263/3264/2506 3262/3263/2505 3267/3268/2510
f 3267/3268/2510 3270/3267/2509 3263/3264/2506
f 3272/3273/2515 3349/3349/2586 3411/3410/2640
f 3411/3410/2640 3273/3274/2516 3272/3273/2515
f 3311/3311/2550 3310/3310/2549 3294/3295/2537
f 3294/3295/2537 3297/3294/2536 3311/3311/2550
f 3307/3306/2545 3412/3412/2642 3405/3405/2635
f 3405/3405/2635 3306/3307/2546 3307/3306/2545
f 3316/3317/2556 3315/3316/2555 3271/3272/2514
f 3271/3272/2514 3274/3271/2513 3316/3317/2556
f 3409/3409/2639 3413/3413/2643 3414/3414/2644
f 3414/3414/2644 3255/3256/2498 3409/3409/2639
f 3416/3415/2645 3317/3314/2553 3316/3317/2556
f 3316/3317/2556 3415/3416/2646 3416/3415/2645
f 3297/3294/2536 3296/3297/2539 3417/3417/2647
f 3417/3417/2647 3418/3418/2648 3297/3294/2536
f 3256/3253/2495 3419/3419/2649 3420/3420/2650
f 3420/3420/2650 3266/3265/2507 3256/3253/2495
f 3422/3421/2651 3274/3271/2513 3273/3274/2516
f 3273/3274/2516 3421/3422/2652 3422/3421/2651
f 3424/3423/2653 3423/3424/2654 3286/3286/2528
f 3286/3286/2528 3301/3298/2540 3424/3423/2653
f 3259/3260/2502 3280/3280/2522 3425/3425/2655
f 3425/3425/2655 3426/3426/2656 3259/3260/2502
f 3277/3278/2520 3427/3427/2657 3330/3331/2568
f 3330/3331/2568 3307/3306/2545 3277/3278/2520
f 3276/3277/2519 3428/3428/2658 3427/3427/2657
f 3427/3427/2657 3277/3278/2520 3276/3277/2519
f 3266/3265/2507 3420/3420/2650 3429/3429/2659
f 3429/3429/2659 3312/3313/2552 3266/3265/2507
f 3311/3311/2550 3297/3294/2536 3418/3418/2648
f 3418/3418/2648 3430/3430/2660 3311/3311/2550
f 3324/3321/2560 3323/3324/2561 3192/3189/2457
f 3192/3189/2457 3327/3328/2565 3324/3321/2560
f 3284/3281/2523 3283/3284/2526 3431/3431/2661
f 3431/3431/2661 3432/3432/2662 3284/3281/2523
f 3421/3422/2652 3273/3274/2516 3411/3410/2640
f 3411/3410/2640 3331/3332/2569 3421/3422/2652
f 3417/3417/2647 3296/3297/2539 3309/3309/2548
f 3309/3309/2548 3433/3433/2663 3417/3417/2647
f 3433/3433/2663 3309/3309/2548 3284/3281/2523
f 3284/3281/2523 3432/3432/2662 3433/3433/2663
f 3415/3416/2646 3316/3317/2556 3274/3271/2513
f 3274/3271/2513 3422/3421/2651 3415/3416/2646
f 3286/3286/2528 3423/3424/2654 3428/3428/2658
f 3428/3428/2658 3276/3277/2519 3286/3286/2528
f 3431/3431/2661 3283/3284/2526 3260/3257/2499
f 3260/3257/2499 3434/3434/2664 3431/3431/2661
f 3307/3306/2545 3330/3331/2568 3329/3330/2567
f 3329/3330/2567 3412/3412/2642 3307/3306/2545
f 3435/3435/2665 3292/3293/2535 3311/3311/2550
f 3311/3311/2550 3430/3430/2660 3435/3435/2665
f 3312/3313/2552 3429/3429/2659 3436/3436/2666
f 3436/3436/2666 3269/3270/2512 3312/3313/2552
f 3255/3256/2498 3414/3414/2644 3419/3419/2649
f 3419/3419/2649 3256/3253/2495 3255/3256/2498
f 3358/3357/2593 3437/3437/2667 3438/3438/2668
f 3438/3438/2668 3300/3301/2543 3358/3357/2593
f 3439/3439/2669 3437/3437/2667 3358/3357/2593
f 3358/3357/2593 3264/3261/2503 3439/3439/2669
f 3434/3434/2664 3260/3257/2499 3259/3260/2502
f 3259/3260/2502 3426/3426/2656 3434/3434/2664
f 3441/3440/2670 3440/3441/2671 3263/3264/2506
f 3263/3264/2506 3270/3267/2509 3441/3440/2670
f 3269/3270/2512 3436/3436/2666 3441/3440/2670
f 3441/3440/2670 3270/3267/2509 3269/3270/2512
f 3263/3264/2506 3440/3441/2671 3439/3439/2669
f 3439/3439/2669 3264/3261/2503 3263/3264/2506
f 3300/3301/2543 3438/3438/2668 3424/3423/2653
f 3424/3423/2653 3301/3298/2540 3300/3301/2543
f 3425/3425/2655 3280/3280/2522 3317/3314/2553
f 3317/3314/2553 3416/3415/2645 3425/3425/2655
f 3331/3332/2569 3411/3410/2640 3410/3411/2641
f 3410/3411/2641 3332/3329/2566 3331/3332/2569
f 3230/3231/2478 3289/3287/2529 3288/3289/2531
f 3288/3289/2531 3231/3229/2477 3230/3231/2478
f 3443/3442/2672 3199/3196/2461 3369/3369/2604
f 3369/3369/2604 3442/3443/2673 3443/3442/2672
f 3232/3233/2479 3443/3442/2672 3442/3443/2673
f 3442/3443/2673 3233/3234/2480 3232/3233/2479
f 3288/3289/2531 3244/3245/2487 3243/3244/2486
f 3243/3244/2486 3444/3444/2674 3288/3289/2531
f 3231/3229/2477 3288/3289/2531 3444/3444/2674
f 3444/3444/2674 3445/3445/2675 3231/3229/2477
f 3446/3446/2676 3371/3371/2606 3287/3288/2530
f 3287/3288/2530 3289/3287/2529 3446/3446/2676
f 3228/3226/2475 3446/3446/2676 3289/3287/2529
f 3289/3287/2529 3230/3231/2478 3228/3226/2475
f 3444/3444/2674 3243/3244/2486 3447/3447/2677
f 3447/3447/2677 3448/3448/2678 3444/3444/2674
f 3445/3445/2675 3444/3444/2674 3448/3448/2678
f 3448/3448/2678 3449/3449/2679 3445/3445/2675
f 3452/3450/2680 3251/3252/2494 3450/3451/2681
f 3450/3451/2681 3451/3452/2682 3452/3450/2680
f 3206/3207/2468 3452/3450/2680 3451/3452/2682
f 3451/3452/2682 3210/3211/2470 3206/3207/2468
f 3454/3453/2683 3365/3366/2601 3360/3360/2596
f 3360/3360/2596 3453/3454/2684 3454/3453/2683
f 3203/3200/2465 3454/3453/2683 3453/3454/2684
f 3453/3454/2684 3242/3242/2484 3203/3200/2465
f 3455/3455/2685 3218/3219/2472 3371/3371/2606
f 3371/3371/2606 3446/3446/2676 3455/3455/2685
f 3227/3228/2476 3455/3455/2685 3446/3446/2676
f 3446/3446/2676 3228/3226/2475 3227/3228/2476
f 3451/3452/2682 3450/3451/2681 3196/3197/2462
f 3196/3197/2462 3456/3456/2686 3451/3452/2682
f 3210/3211/2470 3451/3452/2682 3456/3456/2686
f 3456/3456/2686 3211/3208/2469 3210/3211/2470
f 3457/3457/2687 3250/3247/2489 3251/3252/2494
f 3251/3252/2494 3452/3450/2680 3457/3457/2687
f 3205/3206/2467 3457/3457/2687 3452/3450/2680
f 3452/3450/2680 3206/3207/2468 3205/3206/2467
f 3442/3443/2673 3369/3369/2604 3366/3367/2602
f 3366/3367/2602 3458/3458/2688 3442/3443/2673
f 3233/3234/2480 3442/3443/2673 3458/3458/2688
f 3458/3458/2688 3202/3203/2466 3233/3234/2480
f 3458/3458/2688 3366/3367/2602 3365/3366/2601
f 3365/3366/2601 3454/3453/2683 3458/3458/2688
f 3202/3203/2466 3458/3458/2688 3454/3453/2683
f 3454/3453/2683 3203/3200/2465 3202/3203/2466
f 3456/3456/2686 3196/3197/2462 3199/3196/2461
f 3199/3196/2461 3443/3442/2672 3456/3456/2686
f 3211/3208/2469 3456/3456/2686 3443/3442/2672
f 3443/3442/2672 3232/3233/2479 3211/3208/2469
f 3459/3459/2689 3247/3248/2490 3250/3247/2489
f 3250/3247/2489 3457/3457/2687 3459/3459/2689
f 3363/3363/2598 3459/3459/2689 3457/3457/2687
f 3457/3457/2687 3205/3206/2467 3363/3363/2598
f 3453/3454/2684 3360/3360/2596 3219/3220/2473
f 3219/3220/2473 3460/3460/2690 3453/3454/2684
f 3242/3242/2484 3453/3454/2684 3460/3460/2690
f 3460/3460/2690 3241/3241/2483 3242/3242/2484
f 3460/3460/2690 3219/3220/2473 3218/3219/2472
f 3218/3219/2472 3455/3455/2685 3460/3460/2690
f 3241/3241/2483 3460/3460/2690 3455/3455/2685
f 3455/3455/2685 3227/3228/2476 3241/3241/2483
f 3406/3406/2636 3447/3447/2677 3243/3244/2486
f 3243/3244/2486 3246/3243/2485 3406/3406/2636
f 3372/3372/2607 3371/3371/2606 3218/3219/2472
f 3218/3219/2472 3221/3218/2471 3372/3372/2607
f 3461/3461/2435 3235/3236/2439 3237/3235/2378
f 3237/3235/2378 3240/3240/2377 3461/3461/2435
f 3225/3222/2394 3224/3225/2395 3228/3226/2475
f 3228/3226/2475 3230/3231/2478 3225/3222/2394
f 3245/3246/2488 3244/3245/2487 3287/3288/2530
f 3287/3288/2530 3320/3320/2559 3245/3246/2488
f 3407/3407/2637 3450/3451/2681 3251/3252/2494
f 3251/3252/2494 3252/3251/2493 3407/3407/2637
f 3202/3203/2466 3201/3202/2392 3234/3232/2380
f 3234/3232/2380 3233/3234/2480 3202/3203/2466
f 3242/3242/2484 3237/3235/2378 3200/3201/2400
f 3200/3201/2400 3203/3200/2465 3242/3242/2484
f 3196/3197/2462 3450/3451/2681 3407/3407/2637
f 3407/3407/2637 3197/3198/2463 3196/3197/2462
f 3200/3201/2400 3236/3237/2440 3238/3238/2481
f 3238/3238/2481 3201/3202/2392 3200/3201/2400
f 3161/3162/2393 3164/3163/2438 3157/3158/2437
f 3157/3158/2437 3162/3160/2402 3161/3162/2393
f 3305/3302/2408 3304/3305/2409 3445/3445/2675
f 3445/3445/2675 3449/3449/2679 3305/3302/2408
f 3370/3370/2605 3369/3369/2604 3199/3196/2461
f 3199/3196/2461 3198/3199/2464 3370/3370/2605
f 3226/3227/2376 3364/3364/2599 3461/3461/2435
f 3461/3461/2435 3240/3240/2377 3226/3227/2376
f 3214/3212/2381 3208/3209/2404 3211/3208/2469
f 3211/3208/2469 3232/3233/2479 3214/3212/2381
f 3207/3204/2388 3362/3362/2422 3217/3215/2455
f 3217/3215/2455 3204/3205/1279 3207/3204/2388
f 3445/3445/2675 3304/3305/2409 3229/3230/2403
f 3229/3230/2403 3231/3229/2477 3445/3445/2675
f 3142/3143/2365 3462/3462/2691 3137/3138/2429
f 3137/3138/2429 3124/3125/2368 3142/3143/2365
f 3162/3160/2402 3157/3158/2437 3156/3157/2436
f 3156/3157/2436 3194/3195/2410 3162/3160/2402
f 3169/3169/2396 3135/3132/2426 3164/3163/2438
f 3164/3163/2438 3161/3162/2393 3169/3169/2396
f 3194/3195/2410 3156/3157/2436 3463/3463/2692
f 3463/3463/2692 3195/3193/2399 3194/3195/2410
f 3114/3115/2389 3126/3127/2423 3130/3131/2425
f 3130/3131/2425 3115/3112/2386 3114/3115/2389
f 3119/3120/2401 3095/3096/2407 3094/3095/2406
f 3094/3095/2406 3120/3121/2379 3119/3120/2401
f 3167/3167/2363 3132/3133/2427 3135/3132/2426
f 3135/3132/2426 3169/3169/2396 3167/3167/2363
f 3115/3112/2386 3130/3131/2425 3464/3464/2693
f 3464/3464/2693 3141/3142/2383 3115/3112/2386
f 3151/3151/2397 3127/3128/2424 3126/3127/2423
f 3126/3127/2423 3114/3115/2389 3151/3151/2397
f 3124/3125/2368 3137/3138/2429 3136/3137/2428
f 3136/3137/2428 3125/3122/2391 3124/3125/2368
f 3125/3122/2391 3136/3137/2428 3095/3096/2407
f 3095/3096/2407 3119/3120/2401 3125/3122/2391
f 3141/3142/2383 3464/3464/2693 3462/3462/2691
f 3462/3462/2691 3142/3143/2365 3141/3142/2383
f 3466/3465/2399 3465/3466/2692 3127/3128/2424
f 3127/3128/2424 3151/3151/2397 3466/3465/2399
f 3120/3121/2379 3094/3095/2406 3467/3467/2694
f 3467/3467/2694 3166/3166/2360 3120/3121/2379
f 3166/3166/2360 3467/3467/2694 3132/3133/2427
f 3132/3133/2427 3167/3167/2363 3166/3166/2360
f 3468/3468/2347 3463/3463/2692 3156/3157/2436
f 3156/3157/2436 3159/3156/2348 3468/3468/2347
f 3433/3433/2663 3436/3436/2666 3429/3429/2659
f 3429/3429/2659 3417/3417/2647 3433/3433/2663
f 3331/3332/2569 3330/3331/2568 3427/3427/2657
f 3427/3427/2657 3421/3422/2652 3331/3332/2569
f 3416/3415/2645 3424/3423/2653 3438/3438/2668
f 3438/3438/2668 3425/3425/2655 3416/3415/2645
f 3417/3417/2647 3429/3429/2659 3420/3420/2650
f 3420/3420/2650 3418/3418/2648 3417/3417/2647
f 3430/3430/2660 3419/3419/2649 3414/3414/2644
f 3414/3414/2644 3435/3435/2665 3430/3430/2660
f 3434/3434/2664 3439/3439/2669 3440/3441/2671
f 3440/3441/2671 3431/3431/2661 3434/3434/2664
f 3432/3432/2662 3441/3440/2670 3436/3436/2666
f 3436/3436/2666 3433/3433/2663 3432/3432/2662
f 3425/3425/2655 3438/3438/2668 3437/3437/2667
f 3437/3437/2667 3426/3426/2656 3425/3425/2655
f 3421/3422/2652 3427/3427/2657 3428/3428/2658
f 3428/3428/2658 3422/3421/2651 3421/3422/2652
f 3435/3435/2665 3414/3414/2644 3413/3413/2643
f 3413/3413/2643 3469/3469/2695 3435/3435/2665
f 3426/3426/2656 3437/3437/2667 3439/3439/2669
f 3439/3439/2669 3434/3434/2664 3426/3426/2656
f 3418/3418/2648 3420/3420/2650 3419/3419/2649
f 3419/3419/2649 3430/3430/2660 3418/3418/2648
f 3415/3416/2646 3423/3424/2654 3424/3423/2653
f 3424/3423/2653 3416/3415/2645 3415/3416/2646
f 3422/3421/2651 3428/3428/2658 3423/3424/2654
f 3423/3424/2654 3415/3416/2646 3422/3421/2651
f 3431/3431/2661 3440/3441/2671 3441/3440/2670
f 3441/3440/2670 3432/3432/2662 3431/3431/2661
f 3469/3469/2695 3293/3290/2532 3292/3293/2535
f 3292/3293/2535 3435/3435/2665 3469/3469/2695
f 3470/3470/2696 3383/3383/2618 3318/3319/2558
f 3318/3319/2558 3321/3322/2560 3470/3470/2696
f 3189/3190/2458 3471/3471/2697 3472/3472/2698
f 3472/3472/2698 3342/3343/2580 3189/3190/2458
f 3476/3473/2699 3473/3474/2699 3474/3475/2700
f 3474/3475/2700 3475/3476/2700 3476/3473/2699
f 3475/3476/2700 3477/3477/2701 3338/3339/2576
f 3338/3339/2576 3377/3378/2613 3475/3476/2700
f 3479/3478/2702 3478/3479/2703 3386/3387/2622
f 3386/3387/2622 3385/3386/2621 3479/3478/2702
f 3481/3480/2704 3480/3481/2705 3105/3106/2415
f 3105/3106/2415 3104/3105/2414 3481/3480/2704
f 3480/3481/2705 3482/3482/2706 3352/3352/2589
f 3352/3352/2589 3105/3106/2415 3480/3481/2705
f 3483/3483/2707 3348/3348/2585 3347/3347/2584
f 3347/3347/2584 3473/3474/2699 3483/3483/2707
f 3192/3189/2457 3323/3324/2561 3471/3471/2697
f 3471/3471/2697 3189/3190/2458 3192/3189/2457
f 3342/3343/2580 3472/3472/2698 3484/3484/2708
f 3484/3484/2708 3343/3344/2581 3342/3343/2580
f 3477/3477/2701 3485/3485/2701 3470/3470/2696
f 3470/3470/2696 3486/3486/2696 3477/3477/2701
f 3488/3487/2709 3326/3325/2562 3336/3336/2573
f 3336/3336/2573 3487/3488/2702 3488/3487/2709
f 3482/3482/2706 3489/3489/2706 3488/3487/2709
f 3488/3487/2709 3490/3490/2709 3482/3482/2706
f 3492/3491/2710 3491/3492/2707 3374/3375/2610
f 3374/3375/2610 3373/3374/2609 3492/3491/2710
f 3494/3493/2708 3346/3346/2583 3350/3351/2588
f 3350/3351/2588 3493/3494/2704 3494/3493/2708
f 3470/3470/2696 3321/3322/2560 3324/3321/2560
f 3324/3321/2560 3486/3486/2696 3470/3470/2696
f 3475/3476/2700 3474/3475/2700 3485/3485/2701
f 3485/3485/2701 3477/3477/2701 3475/3476/2700
f 3321/3322/2560 3318/3319/2558 3319/3318/2557
f 3319/3318/2557 3322/3323/2561 3321/3322/2560
f 3322/3323/2561 3495/3495/2697 3471/3471/2697
f 3471/3471/2697 3323/3324/2561 3322/3323/2561
f 3479/3478/2702 3487/3488/2702 3496/3496/2703
f 3496/3496/2703 3478/3479/2703 3479/3478/2702
f 3343/3344/2581 3484/3484/2708 3481/3480/2704
f 3481/3480/2704 3104/3105/2414 3343/3344/2581
f 3492/3491/2710 3497/3497/2710 3483/3483/2707
f 3483/3483/2707 3491/3492/2707 3492/3491/2710
f 3498/3498/2698 3494/3493/2708 3484/3484/2708
f 3484/3484/2708 3472/3472/2698 3498/3498/2698
f 3379/3379/2614 3490/3490/2709 3479/3478/2702
f 3479/3478/2702 3385/3386/2621 3379/3379/2614
f 3374/3375/2610 3491/3492/2707 3476/3473/2699
f 3476/3473/2699 3381/3381/2616 3374/3375/2610
f 3494/3493/2708 3493/3494/2704 3481/3480/2704
f 3481/3480/2704 3484/3484/2708 3494/3493/2708
f 3488/3487/2709 3487/3488/2702 3479/3478/2702
f 3479/3478/2702 3490/3490/2709 3488/3487/2709
f 3483/3483/2707 3473/3474/2699 3476/3473/2699
f 3476/3473/2699 3491/3492/2707 3483/3483/2707
f 3480/3481/2705 3499/3499/2705 3489/3489/2706
f 3489/3489/2706 3482/3482/2706 3480/3481/2705
f 3481/3480/2704 3493/3494/2704 3499/3499/2705
f 3499/3499/2705 3480/3481/2705 3481/3480/2704
f 3339/3340/2577 3486/3486/2696 3324/3321/2560
f 3324/3321/2560 3327/3328/2565 3339/3340/2577
f 3495/3495/2697 3498/3498/2698 3472/3472/2698
f 3472/3472/2698 3471/3471/2697 3495/3495/2697
f 3473/3474/2699 3347/3347/2584 3359/3359/2595
f 3359/3359/2595 3474/3475/2700 3473/3474/2699
f 3495/3495/2697 3333/3333/2570 3337/3337/2574
f 3337/3337/2574 3498/3498/2698 3495/3495/2697
f 3476/3473/2699 3475/3476/2700 3377/3378/2613
f 3377/3378/2613 3381/3381/2616 3476/3473/2699
f 3474/3475/2700 3359/3359/2595 3384/3384/2619
f 3384/3384/2619 3485/3485/2701 3474/3475/2700
f 3487/3488/2702 3336/3336/2573 3335/3335/2572
f 3335/3335/2572 3496/3496/2703 3487/3488/2702
f 3493/3494/2704 3350/3351/2588 3351/3350/2587
f 3351/3350/2587 3499/3499/2705 3493/3494/2704
f 3499/3499/2705 3351/3350/2587 3325/3326/2563
f 3325/3326/2563 3489/3489/2706 3499/3499/2705
f 3485/3485/2701 3384/3384/2619 3383/3383/2618
f 3383/3383/2618 3470/3470/2696 3485/3485/2701
f 3322/3323/2561 3319/3318/2557 3333/3333/2570
f 3333/3333/2570 3495/3495/2697 3322/3323/2561
f 3498/3498/2698 3337/3337/2574 3346/3346/2583
f 3346/3346/2583 3494/3493/2708 3498/3498/2698
f 3477/3477/2701 3486/3486/2696 3339/3340/2577
f 3339/3340/2577 3338/3339/2576 3477/3477/2701
f 3489/3489/2706 3325/3326/2563 3326/3325/2562
f 3326/3325/2562 3488/3487/2709 3489/3489/2706
f 3482/3482/2706 3490/3490/2709 3379/3379/2614
f 3379/3379/2614 3352/3352/2589 3482/3482/2706
f 3497/3497/2710 3354/3354/2591 3348/3348/2585
f 3348/3348/2585 3483/3483/2707 3497/3497/2710
f 3193/3194/2408 3500/3500/2456 3182/3183/2452
f 3182/3183/2452 3184/3182/2409 3193/3194/2408
f 3384/3384/2619 3359/3359/2595 3271/3272/2514
f 3271/3272/2514 3315/3316/2555 3384/3384/2619
f 3128/3129/2346 3127/3128/2424 3465/3466/2692
f 3465/3466/2692 3501/3501/2347 3128/3129/2346
f 3467/3467/2694 3094/3095/2406 3097/3094/2382
f 3097/3094/2382 3502/3502/2411 3467/3467/2694
f 3103/3103/2412 3170/3171/2357 3018/3019/784
f 3018/3019/784 3017/3018/784 3103/3103/2412
f 3464/3464/2693 3130/3131/2425 3131/3130/2369
f 3131/3130/2369 3503/3503/2359 3464/3464/2693
f 3151/3151/2397 3150/3150/1279 3187/3188/2398
f 3187/3188/2398 3466/3465/2399 3151/3151/2397
f 3096/3097/2353 3095/3096/2407 3136/3137/2428
f 3136/3137/2428 3139/3136/2354 3096/3097/2353
f 3149/3149/2433 3117/3116/2421 3112/3113/2387
f 3112/3113/2387 3140/3141/2404 3149/3149/2433
f 3113/3114/2388 3116/3117/2422 3188/3186/2455
f 3188/3186/2455 3150/3150/1279 3113/3114/2388
f 3462/3462/2691 3464/3464/2693 3503/3503/2359
f 3503/3503/2359 3504/3504/2358 3462/3462/2691
f 3146/3147/2395 3155/3152/2376 3167/3167/2363
f 3167/3167/2363 3169/3169/2396 3146/3147/2395
f 3194/3195/2410 3184/3182/2409 3160/3161/2403
f 3160/3161/2403 3162/3160/2402 3194/3195/2410
f 3158/3159/2345 3157/3158/2437 3164/3163/2438
f 3164/3163/2438 3163/3164/2344 3158/3159/2345
f 3154/3155/2377 3121/3118/2378 3120/3121/2379
f 3120/3121/2379 3166/3166/2360 3154/3155/2377
f 3185/3185/2454 3148/3148/2432 3143/3140/2381
f 3143/3140/2381 3123/3124/2380 3185/3185/2454
f 3133/3134/2373 3132/3133/2427 3467/3467/2694
f 3467/3467/2694 3502/3502/2411 3133/3134/2373
f 3138/3139/2405 3137/3138/2429 3462/3462/2691
f 3462/3462/2691 3504/3504/2358 3138/3139/2405
f 3060/3060/2375 3057/3057/784 3017/3018/784
f 3017/3018/784 3020/3017/2346 3060/3060/2375
f 3109/3109/2418 3077/3077/2390 3039/3040/784
f 3039/3040/784 3038/3039/784 3109/3109/2418
f 3064/3064/2379 3173/3173/2443 3042/3043/2361
f 3042/3043/2361 3045/3042/2360 3064/3064/2379
f 3075/3076/2389 3111/3111/2420 3178/3178/2448
f 3178/3178/2448 3076/3073/2386 3075/3076/2389
f 3049/3050/2368 3048/3049/2367 3180/3179/2449
f 3180/3179/2449 3079/3078/2391 3049/3050/2368
f 3089/3089/2401 3179/3180/2450 3173/3173/2443
f 3173/3173/2443 3064/3064/2379 3089/3089/2401
f 3074/3075/2388 3084/3085/1279 3087/3084/2397
f 3087/3084/2397 3075/3076/2389 3074/3075/2388
f 3093/3093/2405 3072/3072/784 3038/3039/784
f 3038/3039/784 3041/3038/2358 3093/3093/2405
f 3076/3073/2386 3178/3178/2448 3069/3070/2384
f 3069/3070/2384 3070/3069/2383 3076/3073/2386
f 3172/3172/2442 3177/3176/2446 3083/3080/2393
f 3083/3080/2393 3082/3083/2396 3172/3172/2442
f 3058/3058/2373 3026/3023/784 3025/3026/784
f 3025/3026/784 3102/3102/2411 3058/3058/2373
f 3043/3044/2362 3172/3172/2442 3082/3083/2396
f 3082/3083/2396 3044/3045/2363 3043/3044/2362
f 3079/3078/2391 3180/3179/2449 3179/3180/2450
f 3179/3180/2450 3089/3089/2401 3079/3078/2391
f 3176/3177/2447 3175/3174/2444 3100/3101/2410
f 3100/3101/2410 3091/3090/2402 3176/3177/2447
f 3100/3101/2410 3175/3174/2444 3174/3175/2445
f 3174/3175/2445 3101/3098/2399 3100/3101/2410
f 3177/3176/2446 3176/3177/2447 3091/3090/2402
f 3091/3090/2402 3083/3080/2393 3177/3176/2446
f 3508/3505/2711 3505/3506/2712 3506/3507/2713
f 3506/3507/2713 3507/3508/2714 3508/3505/2711
f 3512/3509/2711 3509/3510/2712 3510/3511/2713
f 3510/3511/2713 3511/3512/2715 3512/3509/2711
f 3516/3513/2711 3513/3514/2712 3514/3515/2716
f 3514/3515/2716 3515/3516/2715 3516/3513/2711
f 3520/3517/2711 3517/3518/2712 3518/3519/2716
f 3518/3519/2716 3519/3520/2715 3520/3517/2711
f 3524/3521/2717 3521/3522/2712 3522/3523/2716
f 3522/3523/2716 3523/3524/2715 3524/3521/2717
f 3528/3525/2711 3525/3526/2712 3526/3527/2713
f 3526/3527/2713 3527/3528/2714 3528/3525/2711
f 3532/3529/2711 3529/3530/2712 3530/3531/2716
f 3530/3531/2716 3531/3532/2715 3532/3529/2711
f 3536/3533/2717 3533/3534/2712 3534/3535/2716
f 3534/3535/2716 3535/3536/2715 3536/3533/2717
f 3540/3537/2711 3537/3538/2712 3538/3539/2713
f 3538/3539/2713 3539/3540/2714 3540/3537/2711
f 3544/3541/2711 3541/3542/2712 3542/3543/2713
f 3542/3543/2713 3543/3544/2714 3544/3541/2711
f 3548/3545/2711 3545/3546/2712 3546/3547/2713
f 3546/3547/2713 3547/3548/2715 3548/3545/2711
f 3552/3549/2711 3549/3550/2712 3550/3551/2716
f 3550/3551/2716 3551/3552/2715 3552/3549/2711
f 3556/3553/2718 3553/3554/2712 3554/3555/2713
f 3554/3555/2713 3555/3556/2719 3556/3553/2718
f 3560/3557/2720 3557/3558/2721 3558/3559/2722
f 3558/3559/2722 3559/3560/2723 3560/3557/2720
f 3564/3561/2720 3561/3562/2724 3562/3563/2722
f 3562/3563/2722 3563/3564/2723 3564/3561/2720
f 3568/3565/2720 3565/3566/2724 3566/3567/2722
f 3566/3567/2722 3567/3568/2725 3568/3565/2720
f 3572/3569/2720 3569/3570/2724 3570/3571/2722
f 3570/3571/2722 3571/3572/2725 3572/3569/2720
f 3576/3573/2720 3573/3574/2724 3574/3575/2722
f 3574/3575/2722 3575/3576/2725 3576/3573/2720
f 3580/3577/2720 3577/3578/2724 3578/3579/2722
f 3578/3579/2722 3579/3580/2723 3580/3577/2720
f 3584/3581/2720 3581/3582/2724 3582/3583/2722
f 3582/3583/2722 3583/3584/2725 3584/3581/2720
f 3588/3585/2720 3585/3586/2724 3586/3587/2722
f 3586/3587/2722 3587/3588/2725 3588/3585/2720
f 3592/3589/2720 3589/3590/2724 3590/3591/2722
f 3590/3591/2722 3591/3592/2725 3592/3589/2720
f 3596/3593/2720 3593/3594/2724 3594/3595/2722
f 3594/3595/2722 3595/3596/2725 3596/3593/2720
f 3600/3597/2720 3597/3598/2724 3598/3599/2722
f 3598/3599/2722 3599/3600/2725 3600/3597/2720
f 3604/3601/2720 3601/3602/2724 3602/3603/2722
f 3602/3603/2722 3603/3604/2725 3604/3601/2720
f 3608/3605/2726 3605/3606/2724 3606/3607/2722
f 3606/3607/2722 3607/3608/2727 3608/3605/2726
f 3559/3560/2723 3558/3559/2722 3609/3609/2728
f 3609/3609/2728 3610/3610/2729 3559/3560/2723
f 3563/3564/2723 3562/3563/2722 3611/3611/2728
f 3611/3611/2728 3612/3612/2730 3563/3564/2723
f 3567/3568/2725 3566/3567/2722 3613/3613/2728
f 3613/3613/2728 3614/3614/2730 3567/3568/2725
f 3571/3572/2725 3570/3571/2722 3615/3615/2728
f 3615/3615/2728 3616/3616/2729 3571/3572/2725
f 3575/3576/2725 3574/3575/2722 3617/3617/2728
f 3617/3617/2728 3618/3618/2730 3575/3576/2725
f 3579/3580/2723 3578/3579/2722 3619/3619/2731
f 3619/3619/2731 3620/3620/2730 3579/3580/2723
f 3583/3584/2725 3582/3583/2722 3621/3621/2728
f 3621/3621/2728 3622/3622/2730 3583/3584/2725
f 3587/3588/2725 3586/3587/2722 3623/3623/2728
f 3623/3623/2728 3624/3624/2730 3587/3588/2725
f 3591/3592/2725 3590/3591/2722 3625/3625/2728
f 3625/3625/2728 3626/3626/2730 3591/3592/2725
f 3595/3596/2725 3594/3595/2722 3627/3627/2728
f 3627/3627/2728 3628/3628/2730 3595/3596/2725
f 3599/3600/2725 3598/3599/2722 3629/3629/2728
f 3629/3629/2728 3630/3630/2730 3599/3600/2725
f 3603/3604/2725 3602/3603/2722 3631/3631/2728
f 3631/3631/2728 3632/3632/2729 3603/3604/2725
f 3607/3608/2727 3606/3607/2722 3633/3633/2731
f 3633/3633/2731 3634/3634/2732 3607/3608/2727
f 3507/3508/2714 3506/3507/2713 3557/3558/2721
f 3557/3558/2721 3560/3557/2720 3507/3508/2714
f 3511/3512/2715 3510/3511/2713 3561/3562/2724
f 3561/3562/2724 3564/3561/2720 3511/3512/2715
f 3515/3516/2715 3514/3515/2716 3565/3566/2724
f 3565/3566/2724 3568/3565/2720 3515/3516/2715
f 3519/3520/2715 3518/3519/2716 3569/3570/2724
f 3569/3570/2724 3572/3569/2720 3519/3520/2715
f 3523/3524/2715 3522/3523/2716 3573/3574/2724
f 3573/3574/2724 3576/3573/2720 3523/3524/2715
f 3527/3528/2714 3526/3527/2713 3577/3578/2724
f 3577/3578/2724 3580/3577/2720 3527/3528/2714
f 3531/3532/2715 3530/3531/2716 3581/3582/2724
f 3581/3582/2724 3584/3581/2720 3531/3532/2715
f 3535/3536/2715 3534/3535/2716 3585/3586/2724
f 3585/3586/2724 3588/3585/2720 3535/3536/2715
f 3539/3540/2714 3538/3539/2713 3589/3590/2724
f 3589/3590/2724 3592/3589/2720 3539/3540/2714
f 3543/3544/2714 3542/3543/2713 3593/3594/2724
f 3593/3594/2724 3596/3593/2720 3543/3544/2714
f 3547/3548/2715 3546/3547/2713 3597/3598/2724
f 3597/3598/2724 3600/3597/2720 3547/3548/2715
f 3551/3552/2715 3550/3551/2716 3601/3602/2724
f 3601/3602/2724 3604/3601/2720 3551/3552/2715
f 3555/3556/2719 3554/3555/2713 3605/3606/2724
f 3605/3606/2724 3608/3605/2726 3555/3556/2719
f 3636/3635/2733 3557/3558/2721 3506/3507/2713
f 3506/3507/2713 3635/3636/2734 3636/3635/2733
f 3638/3637/2735 3636/3635/2733 3635/3636/2734
f 3635/3636/2734 3637/3638/2736 3638/3637/2735
f 3640/3639/2733 3561/3562/2724 3510/3511/2713
f 3510/3511/2713 3639/3640/2734 3640/3639/2733
f 3560/3557/2720 3640/3639/2733 3639/3640/2734
f 3639/3640/2734 3507/3508/2714 3560/3557/2720
f 3642/3641/2733 3565/3566/2724 3514/3515/2716
f 3514/3515/2716 3641/3642/2734 3642/3641/2733
f 3564/3561/2720 3642/3641/2733 3641/3642/2734
f 3641/3642/2734 3511/3512/2715 3564/3561/2720
f 3644/3643/2733 3569/3570/2724 3518/3519/2716
f 3518/3519/2716 3643/3644/2734 3644/3643/2733
f 3568/3565/2720 3644/3643/2733 3643/3644/2734
f 3643/3644/2734 3515/3516/2715 3568/3565/2720
f 3646/3645/2733 3573/3574/2724 3522/3523/2716
f 3522/3523/2716 3645/3646/2734 3646/3645/2733
f 3572/3569/2720 3646/3645/2733 3645/3646/2734
f 3645/3646/2734 3519/3520/2715 3572/3569/2720
f 3648/3647/2733 3577/3578/2724 3526/3527/2713
f 3526/3527/2713 3647/3648/2734 3648/3647/2733
f 3576/3573/2720 3648/3647/2733 3647/3648/2734
f 3647/3648/2734 3523/3524/2715 3576/3573/2720
f 3650/3649/2733 3581/3582/2724 3530/3531/2716
f 3530/3531/2716 3649/3650/2734 3650/3649/2733
f 3580/3577/2720 3650/3649/2733 3649/3650/2734
f 3649/3650/2734 3527/3528/2714 3580/3577/2720
f 3652/3651/2733 3585/3586/2724 3534/3535/2716
f 3534/3535/2716 3651/3652/2734 3652/3651/2733
f 3584/3581/2720 3652/3651/2733 3651/3652/2734
f 3651/3652/2734 3531/3532/2715 3584/3581/2720
f 3654/3653/2733 3589/3590/2724 3538/3539/2713
f 3538/3539/2713 3653/3654/2734 3654/3653/2733
f 3588/3585/2720 3654/3653/2733 3653/3654/2734
f 3653/3654/2734 3535/3536/2715 3588/3585/2720
f 3656/3655/2733 3593/3594/2724 3542/3543/2713
f 3542/3543/2713 3655/3656/2734 3656/3655/2733
f 3592/3589/2720 3656/3655/2733 3655/3656/2734
f 3655/3656/2734 3539/3540/2714 3592/3589/2720
f 3658/3657/2733 3597/3598/2724 3546/3547/2713
f 3546/3547/2713 3657/3658/2734 3658/3657/2733
f 3596/3593/2720 3658/3657/2733 3657/3658/2734
f 3657/3658/2734 3543/3544/2714 3596/3593/2720
f 3660/3659/2733 3601/3602/2724 3550/3551/2716
f 3550/3551/2716 3659/3660/2734 3660/3659/2733
f 3600/3597/2720 3660/3659/2733 3659/3660/2734
f 3659/3660/2734 3547/3548/2715 3600/3597/2720
f 3662/3661/2733 3605/3606/2724 3554/3555/2713
f 3554/3555/2713 3661/3662/2734 3662/3661/2733
f 3604/3601/2720 3662/3661/2733 3661/3662/2734
f 3661/3662/2734 3551/3552/2715 3604/3601/2720
f 3666/3663/2737 3663/3664/2738 3664/3665/2739
f 3664/3665/2739 3665/3666/2740 3666/3663/2737
f 3608/3605/2726 3666/3663/2737 3665/3666/2740
f 3665/3666/2740 3555/3556/2719 3608/3605/2726
f 3668/3667/2741 3609/3609/2728 3558/3559/2722
f 3558/3559/2722 3667/3668/2742 3668/3667/2741
f 3670/3669/2743 3668/3667/2741 3667/3668/2742
f 3667/3668/2742 3669/3670/2744 3670/3669/2743
f 3672/3671/2741 3611/3611/2728 3562/3563/2722
f 3562/3563/2722 3671/3672/2742 3672/3671/2741
f 3610/3610/2729 3672/3671/2741 3671/3672/2742
f 3671/3672/2742 3559/3560/2723 3610/3610/2729
f 3674/3673/2741 3613/3613/2728 3566/3567/2722
f 3566/3567/2722 3673/3674/2742 3674/3673/2741
f 3612/3612/2730 3674/3673/2741 3673/3674/2742
f 3673/3674/2742 3563/3564/2723 3612/3612/2730
f 3676/3675/2741 3615/3615/2728 3570/3571/2722
f 3570/3571/2722 3675/3676/2742 3676/3675/2741
f 3614/3614/2730 3676/3675/2741 3675/3676/2742
f 3675/3676/2742 3567/3568/2725 3614/3614/2730
f 3678/3677/2741 3617/3617/2728 3574/3575/2722
f 3574/3575/2722 3677/3678/2742 3678/3677/2741
f 3616/3616/2729 3678/3677/2741 3677/3678/2742
f 3677/3678/2742 3571/3572/2725 3616/3616/2729
f 3680/3679/2741 3619/3619/2731 3578/3579/2722
f 3578/3579/2722 3679/3680/2742 3680/3679/2741
f 3618/3618/2730 3680/3679/2741 3679/3680/2742
f 3679/3680/2742 3575/3576/2725 3618/3618/2730
f 3682/3681/2741 3621/3621/2728 3582/3583/2722
f 3582/3583/2722 3681/3682/2742 3682/3681/2741
f 3620/3620/2730 3682/3681/2741 3681/3682/2742
f 3681/3682/2742 3579/3580/2723 3620/3620/2730
f 3684/3683/2741 3623/3623/2728 3586/3587/2722
f 3586/3587/2722 3683/3684/2742 3684/3683/2741
f 3622/3622/2730 3684/3683/2741 3683/3684/2742
f 3683/3684/2742 3583/3584/2725 3622/3622/2730
f 3686/3685/2741 3625/3625/2728 3590/3591/2722
f 3590/3591/2722 3685/3686/2742 3686/3685/2741
f 3624/3624/2730 3686/3685/2741 3685/3686/2742
f 3685/3686/2742 3587/3588/2725 3624/3624/2730
f 3688/3687/2741 3627/3627/2728 3594/3595/2722
f 3594/3595/2722 3687/3688/2742 3688/3687/2741
f 3626/3626/2730 3688/3687/2741 3687/3688/2742
f 3687/3688/2742 3591/3592/2725 3626/3626/2730
f 3690/3689/2741 3629/3629/2728 3598/3599/2722
f 3598/3599/2722 3689/3690/2742 3690/3689/2741
f 3628/3628/2730 3690/3689/2741 3689/3690/2742
f 3689/3690/2742 3595/3596/2725 3628/3628/2730
f 3692/3691/2741 3631/3631/2728 3602/3603/2722
f 3602/3603/2722 3691/3692/2742 3692/3691/2741
f 3630/3630/2730 3692/3691/2741 3691/3692/2742
f 3691/3692/2742 3599/3600/2725 3630/3630/2730
f 3694/3693/2741 3633/3633/2731 3606/3607/2722
f 3606/3607/2722 3693/3694/2742 3694/3693/2741
f 3632/3632/2729 3694/3693/2741 3693/3694/2742
f 3693/3694/2742 3603/3604/2725 3632/3632/2729
f 3698/3695/2745 3695/3696/2746 3696/3697/2747
f 3696/3697/2747 3697/3698/2748 3698/3695/2745
f 3634/3634/2732 3698/3695/2745 3697/3698/2748
f 3697/3698/2748 3607/3608/2727 3634/3634/2732
f 3667/3668/2742 3558/3559/2722 3557/3558/2721
f 3557/3558/2721 3636/3635/2733 3667/3668/2742
f 3669/3670/2744 3667/3668/2742 3636/3635/2733
f 3636/3635/2733 3638/3637/2735 3669/3670/2744
f 3671/3672/2742 3562/3563/2722 3561/3562/2724
f 3561/3562/2724 3640/3639/2733 3671/3672/2742
f 3559/3560/2723 3671/3672/2742 3640/3639/2733
f 3640/3639/2733 3560/3557/2720 3559/3560/2723
f 3673/3674/2742 3566/3567/2722 3565/3566/2724
f 3565/3566/2724 3642/3641/2733 3673/3674/2742
f 3563/3564/2723 3673/3674/2742 3642/3641/2733
f 3642/3641/2733 3564/3561/2720 3563/3564/2723
f 3675/3676/2742 3570/3571/2722 3569/3570/2724
f 3569/3570/2724 3644/3643/2733 3675/3676/2742
f 3567/3568/2725 3675/3676/2742 3644/3643/2733
f 3644/3643/2733 3568/3565/2720 3567/3568/2725
f 3677/3678/2742 3574/3575/2722 3573/3574/2724
f 3573/3574/2724 3646/3645/2733 3677/3678/2742
f 3571/3572/2725 3677/3678/2742 3646/3645/2733
f 3646/3645/2733 3572/3569/2720 3571/3572/2725
f 3679/3680/2742 3578/3579/2722 3577/3578/2724
f 3577/3578/2724 3648/3647/2733 3679/3680/2742
f 3575/3576/2725 3679/3680/2742 3648/3647/2733
f 3648/3647/2733 3576/3573/2720 3575/3576/2725
f 3681/3682/2742 3582/3583/2722 3581/3582/2724
f 3581/3582/2724 3650/3649/2733 3681/3682/2742
f 3579/3580/2723 3681/3682/2742 3650/3649/2733
f 3650/3649/2733 3580/3577/2720 3579/3580/2723
f 3683/3684/2742 3586/3587/2722 3585/3586/2724
f 3585/3586/2724 3652/3651/2733 3683/3684/2742
f 3583/3584/2725 3683/3684/2742 3652/3651/2733
f 3652/3651/2733 3584/3581/2720 3583/3584/2725
f 3685/3686/2742 3590/3591/2722 3589/3590/2724
f 3589/3590/2724 3654/3653/2733 3685/3686/2742
f 3587/3588/2725 3685/3686/2742 3654/3653/2733
f 3654/3653/2733 3588/3585/2720 3587/3588/2725
f 3687/3688/2742 3594/3595/2722 3593/3594/2724
f 3593/3594/2724 3656/3655/2733 3687/3688/2742
f 3591/3592/2725 3687/3688/2742 3656/3655/2733
f 3656/3655/2733 3592/3589/2720 3591/3592/2725
f 3689/3690/2742 3598/3599/2722 3597/3598/2724
f 3597/3598/2724 3658/3657/2733 3689/3690/2742
f 3595/3596/2725 3689/3690/2742 3658/3657/2733
f 3658/3657/2733 3596/3593/2720 3595/3596/2725
f 3691/3692/2742 3602/3603/2722 3601/3602/2724
f 3601/3602/2724 3660/3659/2733 3691/3692/2742
f 3599/3600/2725 3691/3692/2742 3660/3659/2733
f 3660/3659/2733 3600/3597/2720 3599/3600/2725
f 3693/3694/2742 3606/3607/2722 3605/3606/2724
f 3605/3606/2724 3662/3661/2733 3693/3694/2742
f 3603/3604/2725 3693/3694/2742 3662/3661/2733
f 3662/3661/2733 3604/3601/2720 3603/3604/2725
f 3697/3698/2748 3696/3697/2747 3663/3664/2738
f 3663/3664/2738 3666/3663/2737 3697/3698/2748
f 3607/3608/2727 3697/3698/2748 3666/3663/2737
f 3666/3663/2737 3608/3605/2726 3607/3608/2727
f 3635/3636/2734 3506/3507/2713 3505/3506/2712
f 3505/3506/2712 3699/3699/2749 3635/3636/2734
f 3637/3638/2736 3635/3636/2734 3699/3699/2749
f 3699/3699/2749 3700/3700/2750 3637/3638/2736
f 3639/3640/2734 3510/3511/2713 3509/3510/2712
f 3509/3510/2712 3701/3701/2749 3639/3640/2734
f 3507/3508/2714 3639/3640/2734 3701/3701/2749
f 3701/3701/2749 3508/3505/2711 3507/3508/2714
f 3641/3642/2734 3514/3515/2716 3513/3514/2712
f 3513/3514/2712 3702/3702/2749 3641/3642/2734
f 3511/3512/2715 3641/3642/2734 3702/3702/2749
f 3702/3702/2749 3512/3509/2711 3511/3512/2715
f 3643/3644/2734 3518/3519/2716 3517/3518/2712
f 3517/3518/2712 3703/3703/2751 3643/3644/2734
f 3515/3516/2715 3643/3644/2734 3703/3703/2751
f 3703/3703/2751 3516/3513/2711 3515/3516/2715
f 3645/3646/2734 3522/3523/2716 3521/3522/2712
f 3521/3522/2712 3704/3704/2749 3645/3646/2734
f 3519/3520/2715 3645/3646/2734 3704/3704/2749
f 3704/3704/2749 3520/3517/2711 3519/3520/2715
f 3647/3648/2734 3526/3527/2713 3525/3526/2712
f 3525/3526/2712 3705/3705/2751 3647/3648/2734
f 3523/3524/2715 3647/3648/2734 3705/3705/2751
f 3705/3705/2751 3524/3521/2717 3523/3524/2715
f 3649/3650/2734 3530/3531/2716 3529/3530/2712
f 3529/3530/2712 3706/3706/2749 3649/3650/2734
f 3527/3528/2714 3649/3650/2734 3706/3706/2749
f 3706/3706/2749 3528/3525/2711 3527/3528/2714
f 3651/3652/2734 3534/3535/2716 3533/3534/2712
f 3533/3534/2712 3707/3707/2751 3651/3652/2734
f 3531/3532/2715 3651/3652/2734 3707/3707/2751
f 3707/3707/2751 3532/3529/2711 3531/3532/2715
f 3653/3654/2734 3538/3539/2713 3537/3538/2712
f 3537/3538/2712 3708/3708/2751 3653/3654/2734
f 3535/3536/2715 3653/3654/2734 3708/3708/2751
f 3708/3708/2751 3536/3533/2717 3535/3536/2715
f 3655/3656/2734 3542/3543/2713 3541/3542/2712
f 3541/3542/2712 3709/3709/2751 3655/3656/2734
f 3539/3540/2714 3655/3656/2734 3709/3709/2751
f 3709/3709/2751 3540/3537/2711 3539/3540/2714
f 3657/3658/2734 3546/3547/2713 3545/3546/2712
f 3545/3546/2712 3710/3710/2749 3657/3658/2734
f 3543/3544/2714 3657/3658/2734 3710/3710/2749
f 3710/3710/2749 3544/3541/2711 3543/3544/2714
f 3659/3660/2734 3550/3551/2716 3549/3550/2712
f 3549/3550/2712 3711/3711/2751 3659/3660/2734
f 3547/3548/2715 3659/3660/2734 3711/3711/2751
f 3711/3711/2751 3548/3545/2711 3547/3548/2715
f 3661/3662/2734 3554/3555/2713 3553/3554/2712
f 3553/3554/2712 3712/3712/2751 3661/3662/2734
f 3551/3552/2715 3661/3662/2734 3712/3712/2751
f 3712/3712/2751 3552/3549/2711 3551/3552/2715
f 3665/3666/2740 3664/3665/2739 3713/3713/2752
f 3713/3713/2752 3714/3714/2753 3665/3666/2740
f 3555/3556/2719 3665/3666/2740 3714/3714/2753
f 3714/3714/2753 3556/3553/2718 3555/3556/2719
f 3718/3715/2754 3715/3716/2755 3716/3717/2756
f 3716/3717/2756 3717/3718/2757 3718/3715/2754
f 3717/3718/2757 3716/3717/2756 3719/3719/2758
f 3719/3719/2758 3720/3720/2759 3717/3718/2757
f 3722/3721/2760 3721/3722/2761 3715/3716/2755
f 3715/3716/2755 3718/3715/2754 3722/3721/2760
f 3720/3720/2759 3719/3719/2758 3723/3723/2762
f 3723/3723/2762 3724/3724/2763 3720/3720/2759
f 3728/3725/2763 3725/3726/2764 3726/3727/2765
f 3726/3727/2765 3727/3728/2766 3728/3725/2763
f 3721/3722/2761 3729/3729/2767 3730/3730/2768
f 3730/3730/2768 3715/3716/2755 3721/3722/2761
f 3695/3696/2746 3731/3731/2769 3732/3732/2770
f 3732/3732/2770 3696/3697/2747 3695/3696/2746
f 3716/3717/2756 3733/3733/2771 3734/3734/2772
f 3734/3734/2772 3719/3719/2758 3716/3717/2756
f 3719/3719/2758 3734/3734/2772 3735/3735/2773
f 3735/3735/2773 3723/3723/2762 3719/3719/2758
f 3696/3697/2747 3732/3732/2770 3736/3736/2774
f 3736/3736/2774 3663/3664/2738 3696/3697/2747
f 3663/3664/2738 3736/3736/2774 3737/3737/2775
f 3737/3737/2775 3664/3665/2739 3663/3664/2738
f 3664/3665/2739 3737/3737/2775 3738/3738/2776
f 3738/3738/2776 3713/3713/2752 3664/3665/2739
f 3740/3739/2777 3733/3733/2771 3730/3730/2768
f 3730/3730/2768 3739/3740/2778 3740/3739/2777
f 3742/3741/2779 3740/3739/2777 3739/3740/2778
f 3739/3740/2778 3741/3742/2780 3742/3741/2779
f 3736/3736/2774 3742/3741/2779 3741/3742/2780
f 3741/3742/2780 3737/3737/2775 3736/3736/2774
f 3744/3743/2781 3735/3735/2773 3734/3734/2772
f 3734/3734/2772 3743/3744/2782 3744/3743/2781
f 3746/3745/2783 3744/3743/2781 3743/3744/2782
f 3743/3744/2782 3745/3746/2784 3746/3745/2783
f 3731/3731/2769 3746/3745/2783 3745/3746/2784
f 3745/3746/2784 3732/3732/2770 3731/3731/2769
f 3743/3744/2782 3734/3734/2772 3733/3733/2771
f 3733/3733/2771 3740/3739/2777 3743/3744/2782
f 3745/3746/2784 3743/3744/2782 3740/3739/2777
f 3740/3739/2777 3742/3741/2779 3745/3746/2784
f 3732/3732/2770 3745/3746/2784 3742/3741/2779
f 3742/3741/2779 3736/3736/2774 3732/3732/2770
f 3739/3740/2778 3730/3730/2768 3729/3729/2767
f 3729/3729/2767 3747/3747/2785 3739/3740/2778
f 3741/3742/2780 3739/3740/2778 3747/3747/2785
f 3747/3747/2785 3748/3748/2786 3741/3742/2780
f 3737/3737/2775 3741/3742/2780 3748/3748/2786
f 3748/3748/2786 3738/3738/2776 3737/3737/2775
f 3715/3716/2755 3730/3730/2768 3733/3733/2771
f 3733/3733/2771 3716/3717/2756 3715/3716/2755
f 3172/3172/2442 3053/3053/2370 3046/3046/2364
f 3046/3046/2364 3177/3176/2446 3172/3172/2442
f 3750/3749/1889 2903/2904/784 2919/2903/784
f 2919/2903/784 3749/3750/2787 3750/3749/1889
f 3751/3751/2788 2904/2905/784 2903/2904/784
f 2903/2904/784 3750/3749/1889 3751/3751/2788
f 3752/3752/2789 2905/2906/784 2904/2905/784
f 2904/2905/784 3751/3751/2788 3752/3752/2789
f 3753/3753/2790 2906/2907/784 2905/2906/784
f 2905/2906/784 3752/3752/2789 3753/3753/2790
f 3754/3754/2791 2907/2908/784 2906/2907/784
f 2906/2907/784 3753/3753/2790 3754/3754/2791
f 3756/3755/2792 2918/2919/784 2917/2918/784
f 2917/2918/784 3755/3756/2793 3756/3755/2792
f 3755/3756/2793 2917/2918/784 2916/2917/784
f 2916/2917/784 3757/3757/2794 3755/3756/2793
f 3757/3757/2794 2916/2917/784 2915/2916/784
f 2915/2916/784 3758/3758/2795 3757/3757/2794
f 3758/3758/2795 2915/2916/784 2914/2915/784
f 2914/2915/784 3759/3759/2796 3758/3758/2795
f 3759/3759/2796 2914/2915/784 2913/2914/784
f 2913/2914/784 3760/3760/2029 3759/3759/2796
f 3760/3760/2029 2913/2914/784 2912/2913/784
f 2912/2913/784 3761/3761/2797 3760/3760/2029
f 3749/3750/2787 2919/2903/784 2918/2919/784
f 2918/2919/784 3756/3755/2792 3749/3750/2787
f 3763/3762/2798 2909/2910/784 2908/2909/784
f 2908/2909/784 3762/3763/1972 3763/3762/2798
f 3762/3763/1972 2908/2909/784 2907/2908/784
f 2907/2908/784 3754/3754/2791 3762/3763/1972
f 3765/3764/2799 2883/2884/799 2882/2883/799
f 2882/2883/799 3764/3765/2800 3765/3764/2799
f 3764/3765/2800 2882/2883/799 2898/2882/799
f 2898/2882/799 3766/3766/2801 3764/3765/2800
f 3766/3766/2801 2898/2882/799 2897/2898/799
f 2897/2898/799 3767/3767/2802 3766/3766/2801
f 3767/3767/2802 2897/2898/799 2896/2897/799
f 2896/2897/799 3768/3768/2803 3767/3767/2802
f 3768/3768/2803 2896/2897/799 2895/2896/799
f 2895/2896/799 3769/3769/2804 3768/3768/2803
f 3771/3770/2805 2885/2886/799 2884/2885/799
f 2884/2885/799 3770/3771/2806 3771/3770/2805
f 3772/3772/2807 2886/2887/799 2885/2886/799
f 2885/2886/799 3771/3770/2805 3772/3772/2807
f 3773/3773/2808 2887/2888/799 2886/2887/799
f 2886/2887/799 3772/3772/2807 3773/3773/2808
f 3774/3774/2809 2888/2889/799 2887/2888/799
f 2887/2888/799 3773/3773/2808 3774/3774/2809
f 3775/3775/2810 2889/2890/799 2888/2889/799
f 2888/2889/799 3774/3774/2809 3775/3775/2810
f 3776/3776/2811 2890/2891/799 2889/2890/799
f 2889/2890/799 3775/3775/2810 3776/3776/2811
f 3770/3771/2806 2884/2885/799 2883/2884/799
f 2883/2884/799 3765/3764/2799 3770/3771/2806
f 3778/3777/2207 2894/2895/799 2893/2894/799
f 2893/2894/799 3777/3778/2812 3778/3777/2207
f 3769/3769/2804 2895/2896/799 2894/2895/799
f 2894/2895/799 3778/3777/2207 3769/3769/2804
f 2973/2974/2323 2911/2912/784 2910/2911/784
f 2910/2911/784 2974/2975/2324 2973/2974/2323
f 3005/3006/2340 2892/2893/799 2891/2892/799
f 2891/2892/799 3006/3003/2338 3005/3006/2340
f 2974/2975/2324 2910/2911/784 2909/2910/784
f 2909/2910/784 3763/3762/2798 2974/2975/2324
f 3761/3761/2797 2912/2913/784 2911/2912/784
f 2911/2912/784 2973/2974/2323 3761/3761/2797
f 3777/3778/2812 2893/2894/799 2892/2893/799
f 2892/2893/799 3005/3006/2340 3777/3778/2812
f 3006/3003/2338 2891/2892/799 2890/2891/799
f 2890/2891/799 3776/3776/2811 3006/3003/2338
f 3780/3779/2813 2944/2945/799 2943/2944/799
f 2943/2944/799 3779/3780/1900 3780/3779/2813
f 3779/3780/1900 2943/2944/799 2942/2943/799
f 2942/2943/799 3781/3781/2814 3779/3780/1900
f 3781/3781/2814 2942/2943/799 2941/2942/799
f 2941/2942/799 3782/3782/2815 3781/3781/2814
f 3782/3782/2815 2941/2942/799 2940/2941/799
f 2940/2941/799 3783/3783/2816 3782/3782/2815
f 3783/3783/2816 2940/2941/799 2939/2940/799
f 2939/2940/799 3784/3784/2817 3783/3783/2816
f 3786/3785/2818 2929/2930/799 2945/2929/799
f 2945/2929/799 3785/3786/2819 3786/3785/2818
f 3787/3787/2820 2930/2931/799 2929/2930/799
f 2929/2930/799 3786/3785/2818 3787/3787/2820
f 3788/3788/2821 2931/2932/799 2930/2931/799
f 2930/2931/799 3787/3787/2820 3788/3788/2821
f 3789/3789/2822 2932/2933/799 2931/2932/799
f 2931/2932/799 3788/3788/2821 3789/3789/2822
f 3790/3790/2823 2933/2934/799 2932/2933/799
f 2932/2933/799 3789/3789/2822 3790/3790/2823
f 3791/3791/2034 2934/2935/799 2933/2934/799
f 2933/2934/799 3790/3790/2823 3791/3791/2034
f 3785/3786/2819 2945/2929/799 2944/2945/799
f 2944/2945/799 3780/3779/2813 3785/3786/2819
f 3793/3792/2824 2938/2939/799 2937/2938/799
f 2937/2938/799 3792/3793/2825 3793/3792/2824
f 3784/3784/2817 2939/2940/799 2938/2939/799
f 2938/2939/799 3793/3792/2824 3784/3784/2817
f 3795/3794/2826 2779/2780/784 2778/2779/784
f 2778/2779/784 3794/3795/2827 3795/3794/2826
f 3796/3796/2828 2780/2781/784 2779/2780/784
f 2779/2780/784 3795/3794/2826 3796/3796/2828
f 3797/3797/2829 2781/2782/784 2780/2781/784
f 2780/2781/784 3796/3796/2828 3797/3797/2829
f 3798/3798/2830 2782/2783/784 2781/2782/784
f 2781/2782/784 3797/3797/2829 3798/3798/2830
f 3799/3799/2831 2783/2784/784 2782/2783/784
f 2782/2783/784 3798/3798/2830 3799/3799/2831
f 3801/3800/2832 2777/2778/784 2776/2777/784
f 2776/2777/784 3800/3801/2833 3801/3800/2832
f 3800/3801/2833 2776/2777/784 2792/2776/784
f 2792/2776/784 3802/3802/2834 3800/3801/2833
f 3802/3802/2834 2792/2776/784 2791/2792/784
f 2791/2792/784 3803/3803/2835 3802/3802/2834
f 3803/3803/2835 2791/2792/784 2790/2791/784
f 2790/2791/784 3804/3804/2836 3803/3803/2835
f 3804/3804/2836 2790/2791/784 2789/2790/784
f 2789/2790/784 3805/3805/2837 3804/3804/2836
f 3805/3805/2837 2789/2790/784 2788/2789/784
f 2788/2789/784 3806/3806/2838 3805/3805/2837
f 3794/3795/2827 2778/2779/784 2777/2778/784
f 2777/2778/784 3801/3800/2832 3794/3795/2827
f 3808/3807/2839 2785/2786/784 2784/2785/784
f 2784/2785/784 3807/3808/2840 3808/3807/2839
f 3807/3808/2840 2784/2785/784 2783/2784/784
f 2783/2784/784 3799/3799/2831 3807/3808/2840
f 2977/2978/2326 2936/2937/799 2935/2936/799
f 2935/2936/799 2978/2979/2327 2977/2978/2326
f 3009/3010/2342 2787/2788/784 2786/2787/784
f 2786/2787/784 3010/3007/2341 3009/3010/2342
f 3792/3793/2825 2937/2938/799 2936/2937/799
f 2936/2937/799 2977/2978/2326 3792/3793/2825
f 2978/2979/2327 2935/2936/799 2934/2935/799
f 2934/2935/799 3791/3791/2034 2978/2979/2327
f 3010/3007/2341 2786/2787/784 2785/2786/784
f 2785/2786/784 3808/3807/2839 3010/3007/2341
f 3806/3806/2838 2788/2789/784 2787/2788/784
f 2787/2788/784 3009/3010/2342 3806/3806/2838
