# Blender 5.0.1
# www.blender.org
mtllib Sketchfab_2020_08_08_18_09_53.mtl
o Cube
v 2.137320 1.007678 -5.483002
v 2.156236 -0.376142 -5.026291
v 2.031609 0.617002 6.283127
v 2.044173 -0.595164 5.580590
v 2.286258 1.161000 -3.323154
v 2.347981 1.091411 -2.556083
v 2.427106 0.748537 -0.733668
v 2.427106 0.748537 -0.379913
v 2.348728 0.847549 2.550862
v 2.274288 0.847549 3.886121
v 2.204104 -0.847549 2.550817
v 2.248324 -0.847549 0.832815
v 2.248324 -0.847549 -0.883738
v 2.237273 -0.858698 -1.807215
v 1.819328 -0.595164 5.580590
v 2.070286 1.007677 -5.484243
v 2.210503 1.120042 -2.444116
v 2.252369 0.903808 -0.820118
v 2.253607 0.904206 0.839820
v 2.142412 0.847549 3.886121
v 1.931426 -0.376142 -5.029767
v 1.942401 0.615159 6.283127
v 2.047824 -0.847549 -0.858170
v 2.047824 -0.847549 0.832640
v 2.003773 -0.847549 2.550813
v 2.257586 0.689443 -5.522747
v 2.157401 0.341852 6.283413
v 2.432580 0.705858 -3.475834
v 2.527047 0.650866 -1.999414
v 2.472026 0.618329 -0.735873
v 2.472026 0.618329 -0.381268
v 2.494529 0.424920 2.550862
v 2.420090 0.424920 3.886121
v 2.037459 1.218751 -3.196129
v 1.814253 1.727936 -1.608060
v 1.658162 2.069643 -0.852274
v 1.607634 2.035447 0.943540
v 2.212920 0.904206 2.414284
v 2.243543 0.283994 -5.552822
v 2.147713 -0.108918 6.165452
v 2.501589 -0.106241 -1.909364
v 2.494056 -0.211315 -0.879702
v 2.494056 -0.211315 0.835155
v 2.449836 -0.211315 2.550862
v 1.938969 -0.109993 6.165294
v 2.055548 0.283992 -5.551831
v 2.449902 0.336362 -2.556257
v 2.429316 0.440512 -3.039685
v 2.395691 0.321925 -3.628081
v 2.369728 0.092065 -3.849324
v 2.183858 -0.573387 -4.032120
v 1.673486 -0.851326 -2.058670
v 2.206327 -0.857348 -2.059503
v 2.452719 0.018539 -2.223891
v 2.425114 0.291933 3.806215
v 2.450165 0.177419 3.265363
v 2.386099 0.146688 4.389160
v 2.430473 -0.211315 2.963396
v 2.332814 -0.148234 4.649034
v 1.571350 -0.811895 4.251437
v 1.596706 -0.711612 4.726007
v 1.987314 -0.847549 2.886423
v 2.187609 -0.847549 2.886423
v 2.163845 -0.681784 4.726007
v 1.938930 -0.681783 4.726007
v 1.673553 -0.835850 -3.328789
v 1.598153 1.867118 -2.004696
v 2.260936 0.847549 -0.867436
v 1.665806 2.005143 -0.854720
v 1.667694 2.029343 0.754327
v 2.113624 0.907238 2.486567
v 1.658162 2.093254 0.850270
v 1.644604 1.922574 -1.827708
v 2.212095 -0.714112 -1.721943
v 2.247690 -0.627435 -1.733759
v 2.333625 -0.591134 -1.743265
v 2.419559 -0.626464 -1.745792
v 2.455153 -0.712716 -1.740750
v 2.419559 -0.799380 -1.730233
v 2.333625 -0.835696 -1.719473
v 2.247690 -0.800380 -1.715646
v 2.137980 -0.705211 1.950472
v 2.173575 -0.619260 1.951278
v 2.259509 -0.583658 1.953111
v 2.345443 -0.619260 1.954898
v 2.381039 -0.705211 1.955593
v 2.345443 -0.791162 1.954789
v 2.259509 -0.826764 1.952955
v 2.173575 -0.791162 1.951167
v 2.129255 -0.705211 2.393260
v 2.164850 -0.619260 2.394019
v 2.250784 -0.583658 2.395794
v 2.336719 -0.619260 2.397543
v 2.372314 -0.705211 2.398244
v 2.336719 -0.791162 2.397486
v 2.250784 -0.826764 2.395712
v 2.164850 -0.791162 2.393961
v 2.129221 -0.705211 2.481493
v 2.164197 -0.619260 2.488215
v 2.248638 -0.583658 2.504392
v 2.333078 -0.619260 2.520543
v 2.368054 -0.705211 2.527215
v 2.333078 -0.791162 2.520501
v 2.248638 -0.826764 2.504329
v 2.164197 -0.791162 2.488168
v 2.098294 -0.718132 2.554166
v 2.127075 -0.632181 2.575250
v 2.196560 -0.596579 2.626080
v 2.266044 -0.632181 2.676855
v 2.294825 -0.718132 2.697865
v 2.266044 -0.804083 2.676833
v 2.196560 -0.839685 2.626041
v 2.127075 -0.804083 2.575216
v 2.036336 -0.737514 2.594848
v 2.048320 -0.651563 2.628532
v 2.077253 -0.615961 2.709748
v 2.106186 -0.651563 2.790850
v 2.118170 -0.737514 2.824411
v 2.106186 -0.823466 2.790841
v 2.077253 -0.859068 2.709725
v 2.048320 -0.823466 2.628508
v 1.911476 -0.737514 2.651132
v 1.910578 -0.651563 2.686857
v 1.908412 -0.615961 2.772992
v 1.906245 -0.651563 2.859002
v 1.905348 -0.737514 2.894596
v 1.906245 -0.823466 2.858999
v 1.908412 -0.859068 2.772978
v 1.910578 -0.823466 2.686838
v 2.324160 -0.800380 -1.912004
v 2.384621 -0.835696 -1.850818
v 2.450225 -0.799380 -1.794280
v 2.481895 -0.712716 -1.774925
v 2.461768 -0.626464 -1.804713
v 2.402272 -0.591134 -1.866771
v 2.337597 -0.627435 -1.924150
v 2.304964 -0.714112 -1.942633
v 2.073431 0.670129 6.283127
v 1.941650 0.667407 6.283127
v 2.219256 0.351162 6.283127
v 2.208253 -0.160819 6.151727
v 1.939129 -0.162205 6.151727
v 1.942401 0.615159 6.171267
v 1.941464 0.342046 6.171267
v 2.157401 0.341852 6.171554
v 1.938969 -0.109993 6.053434
v 2.031609 0.617002 6.171267
v 2.147713 -0.108918 6.053593
v 1.655180 0.253384 6.266325
v 1.511403 0.253384 5.812424
v 1.667985 0.196476 6.266325
v 1.532785 0.145891 5.812424
v 1.702002 0.151467 6.266325
v 1.593675 0.054763 5.812424
v 1.746428 0.125225 6.266325
v 1.684803 -0.006127 5.812424
v 1.791990 0.117213 6.266325
v 1.792296 -0.027509 5.812424
v 1.837553 0.125225 6.266325
v 1.899789 -0.006127 5.812424
v 1.881978 0.151467 6.266325
v 1.990917 0.054763 5.812424
v 1.915995 0.196476 6.266325
v 2.051807 0.145891 5.812424
v 1.928800 0.253384 6.266325
v 2.073189 0.253384 5.812424
v 1.915995 0.310292 6.266325
v 2.051807 0.360877 5.812424
v 1.881978 0.355301 6.266325
v 1.990917 0.452005 5.812424
v 1.837553 0.381543 6.266325
v 1.899789 0.512895 5.812424
v 1.791990 0.389555 6.266325
v 1.792296 0.534277 5.812424
v 1.746428 0.381543 6.266325
v 1.684803 0.512895 5.812424
v 1.702002 0.355301 6.266325
v 1.593675 0.452005 5.812424
v 1.667984 0.310292 6.266325
v 1.532785 0.360877 5.812424
v 1.511403 0.254387 6.247672
v 1.532785 0.148333 6.230139
v 1.593675 0.058425 6.215277
v 1.684803 -0.001650 6.205345
v 1.792296 -0.022745 6.201858
v 1.899789 -0.001650 6.205345
v 1.990917 0.058425 6.215277
v 2.051807 0.148333 6.230139
v 2.073189 0.254386 6.247672
v 2.051807 0.360440 6.265204
v 1.990917 0.450348 6.280067
v 1.899789 0.510423 6.289999
v 1.792296 0.531518 6.293486
v 1.684803 0.510422 6.289999
v 1.593675 0.450348 6.280067
v 1.532785 0.360440 6.265204
v 1.554778 0.153833 6.243498
v 1.534909 0.252383 6.259789
v 1.611077 0.070704 6.229755
v 1.694584 0.015654 6.220655
v 1.792296 -0.003522 6.217485
v 1.890008 0.015654 6.220655
v 1.973515 0.070704 6.229755
v 2.029814 0.153833 6.243498
v 2.049683 0.252383 6.259789
v 2.029815 0.350933 6.276082
v 1.973515 0.434062 6.289824
v 1.890008 0.489113 6.298924
v 1.792296 0.508289 6.302095
v 1.694584 0.489113 6.298924
v 1.611077 0.434062 6.289824
v 1.554778 0.350933 6.276082
v 1.089144 0.253384 6.266325
v 0.943660 0.253384 5.812424
v 1.101839 0.196957 6.266325
v 0.965042 0.145891 5.812424
v 1.135552 0.152353 6.266325
v 1.025932 0.054763 5.812424
v 1.179529 0.126375 6.266325
v 1.117060 -0.006127 5.812424
v 1.224573 0.118454 6.266325
v 1.224553 -0.027509 5.812424
v 1.269616 0.126375 6.266325
v 1.332046 -0.006127 5.812424
v 1.313593 0.152353 6.266325
v 1.423175 0.054763 5.812424
v 1.347305 0.196957 6.266325
v 1.484064 0.145891 5.812424
v 1.360002 0.253384 6.266325
v 1.505446 0.253384 5.812424
v 1.347306 0.309811 6.266325
v 1.484065 0.360877 5.812424
v 1.313593 0.354415 6.266325
v 1.423175 0.452005 5.812424
v 1.269616 0.380393 6.266325
v 1.332046 0.512895 5.812424
v 1.224573 0.388314 6.266325
v 1.224553 0.534277 5.812424
v 1.179529 0.380393 6.266325
v 1.117060 0.512895 5.812424
v 1.135552 0.354415 6.266325
v 1.025932 0.452005 5.812424
v 1.101839 0.309811 6.266325
v 0.965042 0.360877 5.812424
v 0.943660 0.254387 6.247672
v 0.965042 0.148333 6.230139
v 1.025932 0.058425 6.215277
v 1.117060 -0.001650 6.205345
v 1.224553 -0.022745 6.201858
v 1.332046 -0.001650 6.205345
v 1.423175 0.058425 6.215277
v 1.484064 0.148333 6.230139
v 1.505446 0.254386 6.247672
v 1.484065 0.360440 6.265204
v 1.423175 0.450348 6.280067
v 1.332046 0.510423 6.289999
v 1.224553 0.531518 6.293486
v 1.117060 0.510422 6.289999
v 1.025932 0.450348 6.280067
v 0.965042 0.360440 6.265204
v 0.987035 0.153833 6.243498
v 0.967166 0.252383 6.259789
v 1.043334 0.070704 6.229755
v 1.126841 0.015654 6.220655
v 1.224553 -0.003522 6.217485
v 1.322265 0.015654 6.220655
v 1.405773 0.070704 6.229755
v 1.462071 0.153833 6.243498
v 1.481940 0.252383 6.259789
v 1.462072 0.350933 6.276082
v 1.405773 0.434062 6.289824
v 1.322265 0.489113 6.298924
v 1.224553 0.508289 6.302095
v 1.126841 0.489113 6.298924
v 1.043334 0.434062 6.289824
v 0.987035 0.350933 6.276082
v 1.588332 0.253384 6.208385
v 1.604340 0.173567 6.198089
v 1.649434 0.106635 6.189456
v 1.715613 0.062779 6.183798
v 1.792296 0.047651 6.181846
v 1.868979 0.062779 6.183798
v 1.935158 0.106635 6.189456
v 1.980252 0.173567 6.198089
v 1.996260 0.253384 6.208385
v 1.980252 0.333200 6.218681
v 1.935158 0.400133 6.227315
v 1.868979 0.443989 6.232972
v 1.792296 0.459117 6.234924
v 1.715613 0.443989 6.232972
v 1.649434 0.400133 6.227315
v 1.604340 0.333200 6.218681
v 1.021810 0.253384 6.208385
v 1.037722 0.174045 6.198151
v 1.082546 0.107513 6.189568
v 1.148329 0.063919 6.183945
v 1.224553 0.048882 6.182005
v 1.300778 0.063919 6.183945
v 1.366561 0.107513 6.189568
v 1.411384 0.174045 6.198151
v 1.427297 0.253384 6.208385
v 1.411384 0.332723 6.218619
v 1.366561 0.399255 6.227202
v 1.300778 0.442848 6.232825
v 1.224553 0.457886 6.234765
v 1.148329 0.442848 6.232825
v 1.082546 0.399255 6.227202
v 1.037722 0.332723 6.218619
v 2.070273 1.082849 -5.473258
v 2.202059 1.082849 -5.469950
v 2.346705 0.700104 -5.518603
v 2.329690 0.208806 -5.555521
v 2.055551 0.208806 -5.556015
v 1.978138 0.938251 -5.363729
v 1.976669 0.654995 -5.411539
v 2.165437 0.661442 -5.402160
v 1.963399 0.308769 -5.431304
v 2.045171 0.938252 -5.362472
v 2.151394 0.308770 -5.432247
v 1.424207 -0.376142 -5.109030
v 1.126008 0.667407 6.325742
v 1.052750 -0.595164 5.617295
v 1.525953 1.082849 -5.521798
v 1.587601 1.161417 -3.490528
v 1.205162 1.939322 -1.972009
v 1.215097 2.091753 -0.864021
v 1.296884 2.106910 0.953025
v 1.124498 -0.161597 6.193236
v 1.515165 0.208806 -5.604944
v 1.466829 0.847549 3.941239
v 1.257365 2.048110 1.042225
v 1.519247 0.907219 2.657420
v 1.501908 1.218584 -3.334153
v 1.171122 1.882844 -2.147433
v 1.126458 0.615159 6.325742
v 1.124403 -0.109404 6.206940
v 1.125897 0.342046 6.212943
v 1.126458 0.615159 6.212942
v 1.124403 -0.109404 6.094139
v 1.525963 1.007677 -5.531018
v 1.515163 0.283992 -5.599088
v 1.457361 0.655036 -5.458265
v 1.458437 0.938251 -5.410187
v 1.447637 0.308769 -5.478233
v 0.608550 -0.376142 -5.192600
v 1.020963 0.667407 6.331231
v 1.019583 -0.161519 6.198582
v 1.021373 0.615159 6.331231
v 1.019495 -0.109328 6.212303
v 1.020861 0.342046 6.218310
v 1.021373 0.615159 6.218309
v 1.019495 -0.109328 6.099381
v 0.954023 -0.595164 5.622023
v 0.650635 1.082849 -5.597749
v 0.676135 1.160585 -3.597198
v 0.498496 1.966254 -2.052119
v 0.502605 2.127310 -0.882959
v 0.626465 2.132253 1.079271
v 0.646173 0.208806 -5.681528
v 0.607375 2.071608 1.160924
v 1.156662 0.913861 2.738511
v 0.640689 1.217438 -3.415997
v 0.484416 1.908132 -2.224972
v 0.650640 1.007677 -5.604187
v 0.646172 0.283992 -5.672969
v 0.622263 0.655102 -5.531134
v 0.622708 0.938251 -5.482626
v 0.618241 0.308769 -5.551407
v 2.167587 0.747199 5.400581
v 2.029876 0.745659 5.400581
v 2.304655 0.383202 5.400581
v 1.258610 0.745659 5.432948
v 1.069182 1.036563 3.907077
v 1.092602 0.815307 5.440304
v 1.172415 0.913861 3.966362
v 1.875766 -0.638473 5.153298
v 2.258186 -0.154526 5.400380
v 2.100646 -0.638474 5.153298
v 1.853085 0.344791 -5.284106
v 1.853085 0.871819 -5.205105
v 1.915155 0.382760 -5.537403
v 1.915155 0.909788 -5.458403
v 1.974598 0.340426 -5.254983
v 1.974598 0.867454 -5.175983
v 2.036668 0.378395 -5.508282
v 2.036668 0.905423 -5.429281
v 1.850328 0.606619 -5.233355
v 1.929785 0.655223 -5.557605
v 2.051298 0.650858 -5.528483
v 1.971841 0.602253 -5.204233
v 1.669428 0.344791 -5.302439
v 1.669428 0.871819 -5.223438
v 1.731498 0.382760 -5.555737
v 1.731498 0.909788 -5.476737
v 1.790941 0.340426 -5.273317
v 1.790941 0.867454 -5.194316
v 1.853011 0.378395 -5.526616
v 1.853011 0.905423 -5.447615
v 1.666671 0.606619 -5.251688
v 1.746128 0.655223 -5.575939
v 1.867641 0.650858 -5.546817
v 1.788184 0.602253 -5.222567
v 1.488995 0.344791 -5.305894
v 1.488995 0.871819 -5.226893
v 1.551066 0.382760 -5.559192
v 1.551066 0.909788 -5.480191
v 1.610508 0.340426 -5.276772
v 1.610508 0.867454 -5.197771
v 1.672578 0.378395 -5.530070
v 1.672578 0.905423 -5.451069
v 1.486239 0.606619 -5.255143
v 1.565695 0.655223 -5.579393
v 1.687208 0.650858 -5.550272
v 1.607751 0.602253 -5.226021
v 2.297815 -0.237570 -5.151128
v 2.389695 0.257090 -5.157345
v 2.204278 -0.237570 -5.526938
v 2.268690 0.287725 -5.682640
v 2.268690 0.087799 -5.682640
v 2.389695 0.087799 -5.157345
v 2.287740 -0.237570 -5.413478
v 2.379620 0.257090 -5.521381
v 2.379620 0.087799 -5.521381
v 0.614546 -0.237570 -5.612154
v 0.614546 0.287725 -5.767856
v 0.647657 -0.237570 -5.199851
v 0.647657 0.257090 -5.199851
v 0.647657 0.087799 -5.199851
v 0.614546 0.087799 -5.767856
v 0.640068 0.257090 -5.563888
v 0.640068 -0.237570 -5.455984
v 1.494627 0.287725 -5.736861
v 1.577860 -0.237570 -5.199531
v 1.494627 0.087799 -5.736861
v 1.558782 0.257090 -5.563888
v 1.494627 -0.237570 -5.581159
v 1.577860 0.257090 -5.199851
v 1.577860 0.087799 -5.199851
v 1.558782 -0.237570 -5.455984
v 2.075034 0.287725 -5.699281
v 2.191322 -0.237570 -5.197895
v 2.075034 0.087799 -5.699281
v 2.164668 0.257090 -5.563888
v 2.075034 -0.237570 -5.543579
v 2.191322 0.257090 -5.199851
v 2.191322 0.087799 -5.199851
v 2.164668 -0.237570 -5.455984
v 0.961809 -0.846508 -3.707965
v 1.315790 -0.854853 -3.488497
v 1.194898 -0.816459 4.266801
v 1.066508 -0.815558 4.271988
v 1.265965 -0.854838 -1.901257
v 1.114944 -0.851918 -1.957268
v 1.107838 -0.847549 -0.874463
v 1.258851 -0.847549 -0.876092
v 1.107838 -0.847549 0.838418
v 1.258852 -0.847549 0.837438
v 1.081782 -0.847549 2.550836
v 1.232789 -0.847549 2.550832
v 1.001094 -0.662860 5.207344
v 1.108996 -0.663137 5.202476
v 2.200200 0.291935 3.806215
v 2.225250 0.177420 3.265363
v 2.161184 0.146689 4.389160
v 2.205559 -0.211314 2.963396
v 2.107900 -0.148233 4.649034
v 1.835394 0.232397 3.806215
v 1.807323 0.121377 3.265363
v 1.799790 0.091583 4.389160
v 1.712032 -0.255497 2.963396
v 1.727495 -0.194340 4.649034
v 1.564384 -0.839448 2.886423
v 2.235338 0.336364 -2.559248
v 2.214752 0.440515 -3.042675
v 2.181128 0.321928 -3.631072
v 2.155164 0.092067 -3.852315
v 1.969295 -0.573385 -4.035112
v 1.991764 -0.857346 -2.062494
v 2.238156 0.018542 -2.226882
v 1.798574 0.270255 -2.564744
v 1.810086 0.373478 -3.048171
v 1.796978 0.255948 -3.636568
v 1.771571 0.028135 -3.857810
v 1.698015 -0.631389 -4.040607
v 1.763443 -0.044736 -2.232378
v 2.220465 -0.645381 5.899078
v 2.220465 -0.178026 6.218491
v 2.294715 -0.593342 5.669197
v 2.294715 -0.084462 5.762761
v 2.294715 -0.338902 5.715979
v 2.220465 -0.432466 6.171709
v 2.270632 -0.619362 5.810713
v 2.270632 -0.131244 6.017200
v 2.270632 -0.385684 5.970418
v 0.996969 -0.593342 5.706591
v 0.996969 -0.084462 5.800155
v 0.947728 -0.645381 5.989623
v 0.947728 -0.178026 6.309036
v 0.947728 -0.432466 6.262254
v 0.996969 -0.338902 5.753373
v 0.986301 -0.131244 6.054595
v 0.986301 -0.619362 5.848107
v 1.952958 -0.084462 5.761989
v 1.860484 -0.645381 5.951456
v 1.952958 -0.338902 5.715207
v 1.932924 -0.131244 6.016428
v 1.952958 -0.593342 5.668425
v 1.860484 -0.178026 6.270870
v 1.860484 -0.432466 6.224088
v 1.932924 -0.619362 5.809941
v 2.499881 1.002720 1.959814
v 2.347162 0.718976 2.097422
v 2.496293 1.029138 1.983239
v 2.336887 0.794616 2.202234
v 2.462331 1.021356 1.942683
v 2.239646 0.772336 2.048374
v 2.458742 1.047774 1.979289
v 2.229372 0.847976 2.153185
v 2.415615 0.978435 2.001970
v 2.415615 1.068046 2.001970
v 2.329008 0.911510 1.840191
v 2.329008 1.134972 1.840191
v 2.564123 0.978435 1.972971
v 2.564123 1.068046 1.972971
v 2.712313 0.911510 1.765343
v 2.712313 1.134972 1.765343
v 2.331783 0.912374 1.903164
v 2.331783 1.134107 1.903164
v 2.699249 0.912374 1.831410
v 2.699249 1.134107 1.831410
v 2.313004 1.148543 1.834204
v 2.313004 0.897938 1.834204
v 2.728317 0.897938 1.753107
v 2.728317 1.148543 1.753107
v 1.662093 1.999849 -0.849937
v 2.242790 0.909527 -0.815681
v 1.663962 2.023807 0.743019
v 2.244015 0.909921 0.827657
v 2.201343 1.123598 -2.423440
v 1.809055 1.725414 -1.595744
v 2.203736 0.909921 2.386376
v 1.257736 2.042386 1.028038
v 1.604502 2.029850 0.930340
v 1.516999 0.912904 2.627082
v 2.105433 0.912922 2.457937
v 1.499833 1.221155 -3.304576
v 2.030030 1.221320 -3.167933
v 1.172356 1.878772 -2.129723
v 1.595116 1.863204 -1.988414
v 0.614246 2.065649 1.145550
v 1.158040 0.919480 2.707361
v 0.647227 1.220020 -3.385602
v 0.492516 1.903808 -2.206487
v 2.216044 1.091322 -2.555380
v 2.260936 0.847549 0.842689
v 2.216791 0.847549 2.550862
v 2.154399 1.160987 -3.322829
v 1.549728 0.854181 2.732494
v 1.881755 -0.653609 -2.090929
v 1.918542 -0.653609 -0.789205
v 1.918542 -0.653609 0.529626
v 1.882367 -0.653609 1.846951
v 1.831239 -0.653609 -2.682778
v 1.366767 -0.653609 -2.812106
v 1.335732 -0.653609 1.987024
v 0.619852 -0.653609 -2.894368
v 1.013627 -0.653609 1.991664
v 2.189633 0.733297 1.505800
v 1.519247 0.733278 1.505800
v 1.156662 0.739920 1.505800
v 2.111872 0.375643 1.542811
v 1.519675 0.375626 1.542811
v 1.157090 0.382268 1.542811
v 2.113624 -0.361806 2.620710
v 1.519247 -0.361824 2.620710
v 1.156662 -0.355182 2.620710
v 1.518819 0.648806 1.542811
v 2.145612 0.648824 1.542811
v 1.156075 0.655451 1.542811
v 0.270063 -0.595003 0.603476
v 0.270063 -0.143160 0.603476
v 1.575658 -0.595003 0.603476
v 1.575658 -0.143160 0.603476
v 1.575658 -0.143160 -0.588947
v 0.270063 -0.595003 -0.784982
v 0.270063 -0.143160 -0.588947
v 1.575658 -0.595003 -0.784982
v 0.270063 0.775347 -1.192376
v 0.270063 0.827017 -0.890800
v 1.575658 0.775347 -1.192376
v 1.575658 0.827017 -0.890800
v 0.270063 1.077788 -1.230393
v 0.756578 1.650301 -1.302357
v 0.438438 1.482615 -1.281279
v 0.756578 1.701971 -1.000781
v 0.270063 1.129458 -0.928817
v 0.438438 1.534285 -0.979703
v 1.089143 1.650301 -1.302357
v 1.575658 1.077788 -1.230393
v 1.407283 1.482615 -1.281279
v 1.575658 1.129458 -0.928817
v 1.089143 1.701971 -1.000781
v 1.407283 1.534286 -0.979703
v 1.575658 -0.223671 -2.413981
v 1.575658 0.533868 -3.107244
v 1.575658 0.565031 -2.805667
v 1.089143 1.061568 -3.217224
v 1.575658 0.716276 -3.145260
v 1.407283 0.960434 -3.196146
v 1.575658 0.747439 -2.843684
v 1.089143 1.092731 -2.915648
v 1.407283 0.991597 -2.894570
v 1.575658 -0.675513 -1.324810
v 1.575658 -0.223671 -1.324810
v 1.575658 -0.675513 -2.713268
v 2.448205 -0.800380 -1.999217
v 2.470246 -0.835696 -1.916069
v 2.499061 -0.799380 -1.834398
v 2.516917 -0.712716 -1.801859
v 2.514262 -0.626464 -1.837712
v 2.493492 -0.591134 -1.921136
v 2.465902 -0.627435 -2.003074
v 2.446777 -0.714112 -2.035336
v 2.456409 -0.779180 -1.979565
v 2.473077 -0.805887 -1.916686
v 2.494867 -0.778424 -1.854924
v 2.508370 -0.712887 -1.830317
v 2.506363 -0.647660 -1.857430
v 2.490656 -0.620942 -1.920518
v 2.469792 -0.648394 -1.982482
v 2.455328 -0.713942 -2.006880
v 2.373847 -0.739741 -1.869261
v 2.380519 -0.750432 -1.844090
v 2.389242 -0.739438 -1.819367
v 2.394648 -0.713203 -1.809516
v 2.393844 -0.687093 -1.820370
v 2.387557 -0.676398 -1.845624
v 2.379205 -0.687387 -1.870429
v 2.373415 -0.713626 -1.880195
v 0.958507 1.030706 4.825954
v 2.403656 0.212051 4.126822
v 1.352313 0.791512 4.761648
v 1.024572 0.909177 4.796497
v 2.215605 0.792359 4.719042
v 2.080519 0.791512 4.719042
v 2.356603 0.401976 4.719042
v 2.178742 0.212052 4.126822
v 1.815812 0.154953 4.126822
v 1.128520 0.859447 4.776999
v 1.009287 1.083990 4.837602
v 0.072648 1.034180 5.086550
v 0.072642 0.912716 5.042098
v 0.958507 1.058996 4.649289
v 1.024572 0.920958 4.619833
v 0.072648 1.067026 4.886092
v 0.072642 0.921200 4.847651
v 2.151753 -0.206480 5.202883
v 2.173171 -0.070892 5.202883
v 2.187024 -0.212052 4.915251
v 2.208442 -0.076463 4.915251
v 2.313203 -0.208604 5.188372
v 2.327718 -0.114759 5.188372
v 2.340910 -0.210695 4.963586
v 2.355425 -0.116850 4.963586
v 2.342998 -0.097718 4.932163
v 2.321579 -0.233307 4.932163
v 2.286309 -0.227735 5.219794
v 2.307727 -0.092147 5.219794
v 2.338597 -0.108779 4.944416
v 2.323142 -0.219385 4.944416
v 2.290709 -0.216675 5.207541
v 2.306165 -0.106069 5.207541
v 2.194429 -0.049687 -4.407741
v 2.232034 0.081776 -4.395644
v 2.190257 -0.021947 -4.696220
v 2.227862 0.109516 -4.684123
v 2.351048 -0.066862 -4.445907
v 2.376771 0.024160 -4.437489
v 2.348205 -0.042966 -4.671122
v 2.373927 0.048056 -4.662703
v 2.359865 0.072262 -4.689613
v 2.322261 -0.059201 -4.701712
v 2.326433 -0.086941 -4.413233
v 2.364037 0.044522 -4.401135
v 2.355815 0.060243 -4.678169
v 2.327122 -0.047209 -4.688334
v 2.330483 -0.074922 -4.424677
v 2.359176 0.032530 -4.414513
v 1.519247 0.342018 1.505800
v 2.147592 0.342036 1.505800
v 1.156662 0.348660 1.505800
v 2.189633 0.682433 1.505800
v 1.519247 0.682414 1.505800
v 1.156662 0.689057 1.505800
v -2.137320 1.007678 -5.483002
v -2.156236 -0.376142 -5.026291
v -2.031609 0.617002 6.283127
v -2.044173 -0.595164 5.580590
v -2.286258 1.161000 -3.323154
v -2.347981 1.091411 -2.556083
v -2.427106 0.748537 -0.733668
v -2.427106 0.748537 -0.379913
v -2.348728 0.847549 2.550862
v -2.274288 0.847549 3.886121
v -2.204104 -0.847549 2.550817
v -2.248324 -0.847549 0.832815
v -2.248324 -0.847549 -0.883738
v -2.237273 -0.858698 -1.807215
v 0.000000 -0.376142 -5.212718
v 0.000000 0.667407 6.389372
v 0.000000 -0.595164 5.672102
v 0.000000 1.082849 -5.620761
v 0.000000 -0.844607 -3.820316
v 0.000000 -0.847549 -1.997085
v 0.000000 -0.847549 -0.862510
v 0.000000 -0.847549 0.845613
v 0.000000 -0.847549 2.550862
v 0.000000 -0.808069 4.315073
v 0.000000 1.985253 -2.060481
v 0.000000 2.152392 -0.897051
v 0.000000 2.155933 1.132305
v -1.819328 -0.595164 5.580590
v -2.070286 1.007677 -5.484243
v -2.210503 1.120042 -2.444116
v -2.252369 0.903808 -0.820118
v -2.253607 0.904206 0.839820
v -2.142412 0.847549 3.886121
v -1.931426 -0.376142 -5.029767
v -1.942401 0.615159 6.283127
v -2.047824 -0.847549 -0.858170
v -2.047824 -0.847549 0.832640
v -2.003773 -0.847549 2.550813
v -2.257586 0.689443 -5.522747
v -2.157401 0.341852 6.283413
v -2.432580 0.705858 -3.475834
v -2.527047 0.650866 -1.999414
v -2.472026 0.618329 -0.735873
v -2.472026 0.618329 -0.381268
v -2.494529 0.424920 2.550862
v -2.420090 0.424920 3.886121
v 0.000000 0.938251 -5.503441
v 0.000000 0.615159 6.275167
v -2.037459 1.218751 -3.196129
v -1.814253 1.727936 -1.608060
v -1.658162 2.069643 -0.852274
v -1.607634 2.035447 0.943540
v -2.212920 0.904206 2.414284
v -2.243543 0.283994 -5.552822
v -2.147713 -0.108918 6.165452
v -2.501589 -0.106241 -1.909364
v -2.494056 -0.211315 -0.879702
v -2.494056 -0.211315 0.835155
v -2.449836 -0.211315 2.550862
v 0.000000 0.208806 -5.705029
v 0.000000 -0.160689 6.255217
v -1.938969 -0.109993 6.165294
v -2.055548 0.283992 -5.551831
v -2.449902 0.336362 -2.556257
v -2.429316 0.440512 -3.039685
v -2.395691 0.321925 -3.628081
v -2.369728 0.092065 -3.849324
v -2.183858 -0.573387 -4.032120
v -1.673486 -0.851326 -2.058670
v -2.206327 -0.857348 -2.059503
v -2.452719 0.018539 -2.223891
v -2.425114 0.291933 3.806215
v -2.450165 0.177419 3.265363
v -2.386099 0.146688 4.389160
v -2.430473 -0.211315 2.963396
v -2.332814 -0.148234 4.649034
v -1.571350 -0.811895 4.251437
v -1.596706 -0.711612 4.726007
v -1.987314 -0.847549 2.886423
v -2.187609 -0.847549 2.886423
v -2.163845 -0.681784 4.726007
v -1.938930 -0.681783 4.726007
v -1.673553 -0.835850 -3.328789
v -1.598153 1.867118 -2.004696
v -2.260936 0.847549 -0.867436
v -1.665806 2.005143 -0.854720
v -1.667694 2.029343 0.754327
v -2.113624 0.907238 2.486567
v 0.000000 2.093565 1.206905
v -1.658162 2.093254 0.850270
v 0.000000 1.216629 -3.420656
v 0.000000 1.925971 -2.231472
v -1.644604 1.922574 -1.827708
v -2.212095 -0.714112 -1.721943
v -2.247690 -0.627435 -1.733759
v -2.333625 -0.591134 -1.743265
v -2.419559 -0.626464 -1.745792
v -2.455153 -0.712716 -1.740750
v -2.419559 -0.799380 -1.730233
v -2.333625 -0.835696 -1.719473
v -2.247690 -0.800380 -1.715646
v -2.137980 -0.705211 1.950472
v -2.173575 -0.619260 1.951278
v -2.259509 -0.583658 1.953111
v -2.345443 -0.619260 1.954898
v -2.381039 -0.705211 1.955593
v -2.345443 -0.791162 1.954789
v -2.259509 -0.826764 1.952955
v -2.173575 -0.791162 1.951167
v -2.129255 -0.705211 2.393260
v -2.164850 -0.619260 2.394019
v -2.250784 -0.583658 2.395794
v -2.336719 -0.619260 2.397543
v -2.372314 -0.705211 2.398244
v -2.336719 -0.791162 2.397486
v -2.250784 -0.826764 2.395712
v -2.164850 -0.791162 2.393961
v -2.129221 -0.705211 2.481493
v -2.164197 -0.619260 2.488215
v -2.248638 -0.583658 2.504392
v -2.333078 -0.619260 2.520543
v -2.368054 -0.705211 2.527215
v -2.333078 -0.791162 2.520501
v -2.248638 -0.826764 2.504329
v -2.164197 -0.791162 2.488168
v -2.098294 -0.718132 2.554166
v -2.127075 -0.632181 2.575250
v -2.196560 -0.596579 2.626080
v -2.266044 -0.632181 2.676855
v -2.294825 -0.718132 2.697865
v -2.266044 -0.804083 2.676833
v -2.196560 -0.839685 2.626041
v -2.127075 -0.804083 2.575216
v -2.036336 -0.737514 2.594848
v -2.048320 -0.651563 2.628532
v -2.077253 -0.615961 2.709748
v -2.106186 -0.651563 2.790850
v -2.118170 -0.737514 2.824411
v -2.106186 -0.823466 2.790841
v -2.077253 -0.859068 2.709725
v -2.048320 -0.823466 2.628508
v -1.911476 -0.737514 2.651132
v -1.910578 -0.651563 2.686857
v -1.908412 -0.615961 2.772992
v -1.906245 -0.651563 2.859002
v -1.905348 -0.737514 2.894596
v -1.906245 -0.823466 2.858999
v -1.908412 -0.859068 2.772978
v -1.910578 -0.823466 2.686838
v -2.324160 -0.800380 -1.912004
v -2.384621 -0.835696 -1.850818
v -2.450225 -0.799380 -1.794280
v -2.481895 -0.712716 -1.774925
v -2.461768 -0.626464 -1.804713
v -2.402272 -0.591134 -1.866771
v -2.337597 -0.627435 -1.924150
v -2.304964 -0.714112 -1.942633
v -2.073431 0.670129 6.283127
v -1.941650 0.667407 6.283127
v -2.219256 0.351162 6.283127
v 0.000000 0.615159 6.389372
v -2.208253 -0.160819 6.151727
v -1.939129 -0.162205 6.151727
v 0.000000 -0.108524 6.269123
v 0.000000 0.342046 6.275170
v -1.942401 0.615159 6.171267
v -1.941464 0.342046 6.171267
v -2.157401 0.341852 6.171554
v 0.000000 -0.108524 6.154917
v -1.938969 -0.109993 6.053434
v -2.031609 0.617002 6.171267
v -2.147713 -0.108918 6.053593
v -1.655180 0.253384 6.266325
v -1.511403 0.253384 5.812424
v -1.667985 0.196476 6.266325
v -1.532785 0.145891 5.812424
v -1.702002 0.151467 6.266325
v -1.593675 0.054763 5.812424
v -1.746428 0.125225 6.266325
v -1.684803 -0.006127 5.812424
v -1.791990 0.117213 6.266325
v -1.792296 -0.027509 5.812424
v -1.837553 0.125225 6.266325
v -1.899789 -0.006127 5.812424
v -1.881978 0.151467 6.266325
v -1.990917 0.054763 5.812424
v -1.915995 0.196476 6.266325
v -2.051807 0.145891 5.812424
v -1.928800 0.253384 6.266325
v -2.073189 0.253384 5.812424
v -1.915995 0.310292 6.266325
v -2.051807 0.360877 5.812424
v -1.881978 0.355301 6.266325
v -1.990917 0.452005 5.812424
v -1.837553 0.381543 6.266325
v -1.899789 0.512895 5.812424
v -1.791990 0.389555 6.266325
v -1.792296 0.534277 5.812424
v -1.746428 0.381543 6.266325
v -1.684803 0.512895 5.812424
v -1.702002 0.355301 6.266325
v -1.593675 0.452005 5.812424
v -1.667984 0.310292 6.266325
v -1.532785 0.360877 5.812424
v -1.511403 0.254387 6.247672
v -1.532785 0.148333 6.230139
v -1.593675 0.058425 6.215277
v -1.684803 -0.001650 6.205345
v -1.792296 -0.022745 6.201858
v -1.899789 -0.001650 6.205345
v -1.990917 0.058425 6.215277
v -2.051807 0.148333 6.230139
v -2.073189 0.254386 6.247672
v -2.051807 0.360440 6.265204
v -1.990917 0.450348 6.280067
v -1.899789 0.510423 6.289999
v -1.792296 0.531518 6.293486
v -1.684803 0.510422 6.289999
v -1.593675 0.450348 6.280067
v -1.532785 0.360440 6.265204
v -1.554778 0.153833 6.243498
v -1.534909 0.252383 6.259789
v -1.611077 0.070704 6.229755
v -1.694584 0.015654 6.220655
v -1.792296 -0.003522 6.217485
v -1.890008 0.015654 6.220655
v -1.973515 0.070704 6.229755
v -2.029814 0.153833 6.243498
v -2.049683 0.252383 6.259789
v -2.029815 0.350933 6.276082
v -1.973515 0.434062 6.289824
v -1.890008 0.489113 6.298924
v -1.792296 0.508289 6.302095
v -1.694584 0.489113 6.298924
v -1.611077 0.434062 6.289824
v -1.554778 0.350933 6.276082
v -1.089144 0.253384 6.266325
v -0.943660 0.253384 5.812424
v -1.101839 0.196957 6.266325
v -0.965042 0.145891 5.812424
v -1.135552 0.152353 6.266325
v -1.025932 0.054763 5.812424
v -1.179529 0.126375 6.266325
v -1.117060 -0.006127 5.812424
v -1.224573 0.118454 6.266325
v -1.224553 -0.027509 5.812424
v -1.269616 0.126375 6.266325
v -1.332046 -0.006127 5.812424
v -1.313593 0.152353 6.266325
v -1.423175 0.054763 5.812424
v -1.347305 0.196957 6.266325
v -1.484064 0.145891 5.812424
v -1.360002 0.253384 6.266325
v -1.505446 0.253384 5.812424
v -1.347306 0.309811 6.266325
v -1.484065 0.360877 5.812424
v -1.313593 0.354415 6.266325
v -1.423175 0.452005 5.812424
v -1.269616 0.380393 6.266325
v -1.332046 0.512895 5.812424
v -1.224573 0.388314 6.266325
v -1.224553 0.534277 5.812424
v -1.179529 0.380393 6.266325
v -1.117060 0.512895 5.812424
v -1.135552 0.354415 6.266325
v -1.025932 0.452005 5.812424
v -1.101839 0.309811 6.266325
v -0.965042 0.360877 5.812424
v -0.943660 0.254387 6.247672
v -0.965042 0.148333 6.230139
v -1.025932 0.058425 6.215277
v -1.117060 -0.001650 6.205345
v -1.224553 -0.022745 6.201858
v -1.332046 -0.001650 6.205345
v -1.423175 0.058425 6.215277
v -1.484064 0.148333 6.230139
v -1.505446 0.254386 6.247672
v -1.484065 0.360440 6.265204
v -1.423175 0.450348 6.280067
v -1.332046 0.510423 6.289999
v -1.224553 0.531518 6.293486
v -1.117060 0.510422 6.289999
v -1.025932 0.450348 6.280067
v -0.965042 0.360440 6.265204
v -0.987035 0.153833 6.243498
v -0.967166 0.252383 6.259789
v -1.043334 0.070704 6.229755
v -1.126841 0.015654 6.220655
v -1.224553 -0.003522 6.217485
v -1.322265 0.015654 6.220655
v -1.405773 0.070704 6.229755
v -1.462071 0.153833 6.243498
v -1.481940 0.252383 6.259789
v -1.462072 0.350933 6.276082
v -1.405773 0.434062 6.289824
v -1.322265 0.489113 6.298924
v -1.224553 0.508289 6.302095
v -1.126841 0.489113 6.298924
v -1.043334 0.434062 6.289824
v -0.987035 0.350933 6.276082
v -1.588332 0.253384 6.208385
v -1.604340 0.173567 6.198089
v -1.649434 0.106635 6.189456
v -1.715613 0.062779 6.183798
v -1.792296 0.047651 6.181846
v -1.868979 0.062779 6.183798
v -1.935158 0.106635 6.189456
v -1.980252 0.173567 6.198089
v -1.996260 0.253384 6.208385
v -1.980252 0.333200 6.218681
v -1.935158 0.400133 6.227315
v -1.868979 0.443989 6.232972
v -1.792296 0.459117 6.234924
v -1.715613 0.443989 6.232972
v -1.649434 0.400133 6.227315
v -1.604340 0.333200 6.218681
v -1.021810 0.253384 6.208385
v -1.037722 0.174045 6.198151
v -1.082546 0.107513 6.189568
v -1.148329 0.063919 6.183945
v -1.224553 0.048882 6.182005
v -1.300778 0.063919 6.183945
v -1.366561 0.107513 6.189568
v -1.411384 0.174045 6.198151
v -1.427297 0.253384 6.208385
v -1.411384 0.332723 6.218619
v -1.366561 0.399255 6.227202
v -1.300778 0.442848 6.232825
v -1.224553 0.457886 6.234765
v -1.148329 0.442848 6.232825
v -1.082546 0.399255 6.227202
v -1.037722 0.332723 6.218619
v -2.070273 1.082849 -5.473258
v -2.202059 1.082849 -5.469950
v -2.346705 0.700104 -5.518603
v 0.000000 1.007677 -5.625238
v -2.329690 0.208806 -5.555521
v -2.055551 0.208806 -5.556015
v 0.000000 0.283993 -5.694582
v 0.000000 0.655148 -5.552255
v -1.978138 0.938251 -5.363729
v -1.976669 0.654995 -5.411539
v -2.165437 0.661442 -5.402160
v 0.000000 0.308769 -5.572784
v -1.963399 0.308769 -5.431304
v -2.045171 0.938252 -5.362472
v -2.151394 0.308770 -5.432247
v -1.424207 -0.376142 -5.109030
v -1.126008 0.667407 6.325742
v -1.052750 -0.595164 5.617295
v -1.525953 1.082849 -5.521798
v -1.587601 1.161417 -3.490528
v -1.205162 1.939322 -1.972009
v -1.215097 2.091753 -0.864021
v -1.296884 2.106910 0.953025
v -1.124498 -0.161597 6.193236
v -1.515165 0.208806 -5.604944
v -1.466829 0.847549 3.941239
v -1.257365 2.048110 1.042225
v -1.519247 0.907219 2.657420
v -1.501908 1.218584 -3.334153
v -1.171122 1.882844 -2.147433
v -1.126458 0.615159 6.325742
v -1.124403 -0.109404 6.206940
v -1.125897 0.342046 6.212943
v -1.126458 0.615159 6.212942
v -1.124403 -0.109404 6.094139
v -1.525963 1.007677 -5.531018
v -1.515163 0.283992 -5.599088
v -1.457361 0.655036 -5.458265
v -1.458437 0.938251 -5.410187
v -1.447637 0.308769 -5.478233
v -0.608550 -0.376142 -5.192600
v -1.020963 0.667407 6.331231
v -1.019583 -0.161519 6.198582
v -1.021373 0.615159 6.331231
v -1.019495 -0.109328 6.212303
v -1.020861 0.342046 6.218310
v -1.021373 0.615159 6.218309
v -1.019495 -0.109328 6.099381
v -0.954023 -0.595164 5.622023
v -0.650635 1.082849 -5.597749
v -0.676135 1.160585 -3.597198
v -0.498496 1.966254 -2.052119
v -0.502605 2.127310 -0.882959
v -0.626465 2.132253 1.079271
v -0.646173 0.208806 -5.681528
v -0.607375 2.071608 1.160924
v -1.156662 0.913861 2.738511
v -0.640689 1.217438 -3.415997
v -0.484416 1.908132 -2.224972
v -0.650640 1.007677 -5.604187
v -0.646172 0.283992 -5.672969
v -0.622263 0.655102 -5.531134
v -0.622708 0.938251 -5.482626
v -0.618241 0.308769 -5.551407
v -2.167587 0.747199 5.400581
v -2.029876 0.745659 5.400581
v -2.304655 0.383202 5.400581
v -1.258610 0.745659 5.432948
v -1.069182 1.036563 3.907077
v -1.092602 0.815307 5.440304
v -1.172415 0.913861 3.966362
v -1.875766 -0.638473 5.153298
v -2.258186 -0.154526 5.400380
v -2.100646 -0.638474 5.153298
v -1.853085 0.344791 -5.284106
v -1.853085 0.871819 -5.205105
v -1.915155 0.382760 -5.537403
v -1.915155 0.909788 -5.458403
v -1.974598 0.340426 -5.254983
v -1.974598 0.867454 -5.175983
v -2.036668 0.378395 -5.508282
v -2.036668 0.905423 -5.429281
v -1.850328 0.606619 -5.233355
v -1.929785 0.655223 -5.557605
v -2.051298 0.650858 -5.528483
v -1.971841 0.602253 -5.204233
v -1.669428 0.344791 -5.302439
v -1.669428 0.871819 -5.223438
v -1.731498 0.382760 -5.555737
v -1.731498 0.909788 -5.476737
v -1.790941 0.340426 -5.273317
v -1.790941 0.867454 -5.194316
v -1.853011 0.378395 -5.526616
v -1.853011 0.905423 -5.447615
v -1.666671 0.606619 -5.251688
v -1.746128 0.655223 -5.575939
v -1.867641 0.650858 -5.546817
v -1.788184 0.602253 -5.222567
v -1.488995 0.344791 -5.305894
v -1.488995 0.871819 -5.226893
v -1.551066 0.382760 -5.559192
v -1.551066 0.909788 -5.480191
v -1.610508 0.340426 -5.276772
v -1.610508 0.867454 -5.197771
v -1.672578 0.378395 -5.530070
v -1.672578 0.905423 -5.451069
v -1.486239 0.606619 -5.255143
v -1.565695 0.655223 -5.579393
v -1.687208 0.650858 -5.550272
v -1.607751 0.602253 -5.226021
v 0.000000 -0.237570 -5.199851
v 0.000000 0.257090 -5.199851
v 0.000000 -0.237570 -5.612154
v 0.000000 0.287725 -5.767856
v -2.297815 -0.237570 -5.151128
v -2.389695 0.257090 -5.157345
v -2.204278 -0.237570 -5.526938
v -2.268690 0.287725 -5.682640
v 0.000000 0.087799 -5.199851
v 0.000000 0.087799 -5.767856
v -2.268690 0.087799 -5.682640
v -2.389695 0.087799 -5.157345
v 0.000000 -0.237570 -5.455984
v 0.000000 0.257090 -5.563888
v -2.287740 -0.237570 -5.413478
v -2.379620 0.257090 -5.521381
v -2.379620 0.087799 -5.521381
v -0.614546 -0.237570 -5.612154
v -0.614546 0.287725 -5.767856
v -0.647657 -0.237570 -5.199851
v -0.647657 0.257090 -5.199851
v -0.647657 0.087799 -5.199851
v -0.614546 0.087799 -5.767856
v -0.640068 0.257090 -5.563888
v -0.640068 -0.237570 -5.455984
v -1.494627 0.287725 -5.736861
v -1.577860 -0.237570 -5.199531
v -1.494627 0.087799 -5.736861
v -1.558782 0.257090 -5.563888
v -1.494627 -0.237570 -5.581159
v -1.577860 0.257090 -5.199851
v -1.577860 0.087799 -5.199851
v -1.558782 -0.237570 -5.455984
v -2.075034 0.287725 -5.699281
v -2.191322 -0.237570 -5.197895
v -2.075034 0.087799 -5.699281
v -2.164668 0.257090 -5.563888
v -2.075034 -0.237570 -5.543579
v -2.191322 0.257090 -5.199851
v -2.191322 0.087799 -5.199851
v -2.164668 -0.237570 -5.455984
v -0.961809 -0.846508 -3.707965
v -1.315790 -0.854853 -3.488497
v -1.194898 -0.816459 4.266801
v -1.066508 -0.815558 4.271988
v -1.265965 -0.854838 -1.901257
v -1.114944 -0.851918 -1.957268
v -1.107838 -0.847549 -0.874463
v -1.258851 -0.847549 -0.876092
v -1.107838 -0.847549 0.838418
v -1.258852 -0.847549 0.837438
v -1.081782 -0.847549 2.550836
v -1.232789 -0.847549 2.550832
v 0.000000 -0.660560 5.255274
v -1.001094 -0.662860 5.207344
v -1.108996 -0.663137 5.202476
v -2.200200 0.291935 3.806215
v -2.225250 0.177420 3.265363
v -2.161184 0.146689 4.389160
v -2.205559 -0.211314 2.963396
v -2.107900 -0.148233 4.649034
v -1.835394 0.232397 3.806215
v -1.807323 0.121377 3.265363
v -1.799790 0.091583 4.389160
v -1.712032 -0.255497 2.963396
v -1.727495 -0.194340 4.649034
v -1.564384 -0.839448 2.886423
v -2.235338 0.336364 -2.559248
v -2.214752 0.440515 -3.042675
v -2.181128 0.321928 -3.631072
v -2.155164 0.092067 -3.852315
v -1.969295 -0.573385 -4.035112
v -1.991764 -0.857346 -2.062494
v -2.238156 0.018542 -2.226882
v -1.798574 0.270255 -2.564744
v -1.810086 0.373478 -3.048171
v -1.796978 0.255948 -3.636568
v -1.771571 0.028135 -3.857810
v -1.698015 -0.631389 -4.040607
v -1.763443 -0.044736 -2.232378
v 0.000000 -0.645381 6.038593
v 0.000000 -0.178026 6.358007
v 0.000000 -0.593342 5.755562
v 0.000000 -0.084462 5.849126
v -2.220465 -0.645381 5.899078
v -2.220465 -0.178026 6.218491
v -2.294715 -0.593342 5.669197
v -2.294715 -0.084462 5.762761
v 0.000000 -0.432466 6.311225
v 0.000000 -0.338902 5.802344
v -2.294715 -0.338902 5.715979
v -2.220465 -0.432466 6.171709
v 0.000000 -0.619362 5.897079
v 0.000000 -0.131244 6.103565
v -2.270632 -0.619362 5.810713
v -2.270632 -0.131244 6.017200
v -2.270632 -0.385684 5.970418
v -0.996969 -0.593342 5.706591
v -0.996969 -0.084462 5.800155
v -0.947728 -0.645381 5.989623
v -0.947728 -0.178026 6.309036
v -0.947728 -0.432466 6.262254
v -0.996969 -0.338902 5.753373
v -0.986301 -0.131244 6.054595
v -0.986301 -0.619362 5.848107
v -1.952958 -0.084462 5.761989
v -1.860484 -0.645381 5.951456
v -1.952958 -0.338902 5.715207
v -1.932924 -0.131244 6.016428
v -1.952958 -0.593342 5.668425
v -1.860484 -0.178026 6.270870
v -1.860484 -0.432466 6.224088
v -1.932924 -0.619362 5.809941
v -2.499881 1.002720 1.959814
v -2.347162 0.718976 2.097422
v -2.496293 1.029138 1.983239
v -2.336887 0.794616 2.202234
v -2.462331 1.021356 1.942683
v -2.239646 0.772336 2.048374
v -2.458742 1.047774 1.979289
v -2.229372 0.847976 2.153185
v -2.415615 0.978435 2.001970
v -2.415615 1.068046 2.001970
v -2.329008 0.911510 1.840191
v -2.329008 1.134972 1.840191
v -2.564123 0.978435 1.972971
v -2.564123 1.068046 1.972971
v -2.712313 0.911510 1.765343
v -2.712313 1.134972 1.765343
v -2.331783 0.912374 1.903164
v -2.331783 1.134107 1.903164
v -2.699249 0.912374 1.831410
v -2.699249 1.134107 1.831410
v -2.313004 1.148543 1.834204
v -2.313004 0.897938 1.834204
v -2.728317 0.897938 1.753107
v -2.728317 1.148543 1.753107
v 0.000000 2.087386 1.191071
v 0.000000 0.919480 2.767217
v 0.000000 1.219220 -3.390214
v 0.000000 1.921468 -2.212922
v -1.662093 1.999849 -0.849937
v -2.242790 0.909527 -0.815681
v -1.663962 2.023807 0.743019
v -2.244015 0.909921 0.827657
v -2.201343 1.123598 -2.423440
v -1.809055 1.725414 -1.595744
v -2.203736 0.909921 2.386376
v -1.257736 2.042386 1.028038
v -1.604502 2.029850 0.930340
v -1.516999 0.912904 2.627082
v -2.105433 0.912922 2.457937
v -1.499833 1.221155 -3.304576
v -2.030030 1.221320 -3.167933
v -1.172356 1.878772 -2.129723
v -1.595116 1.863204 -1.988414
v -0.614246 2.065649 1.145550
v -1.158040 0.919480 2.707361
v -0.647227 1.220020 -3.385602
v -0.492516 1.903808 -2.206487
v 0.000000 1.159999 -3.610986
v -2.216044 1.091322 -2.555380
v -2.260936 0.847549 0.842689
v 0.000000 0.913861 2.798971
v -2.216791 0.847549 2.550862
v -2.154399 1.160987 -3.322829
v -1.549728 0.854181 2.732494
v 0.000000 -0.653609 -2.905002
v -1.881755 -0.653609 -2.090929
v -1.918542 -0.653609 -0.789205
v -1.918542 -0.653609 0.529626
v 0.000000 -0.653609 2.038291
v -1.882367 -0.653609 1.846951
v -1.831239 -0.653609 -2.682778
v -1.366767 -0.653609 -2.812106
v -1.335732 -0.653609 1.987024
v -0.619852 -0.653609 -2.894368
v -1.013627 -0.653609 1.991664
v -2.189633 0.733297 1.505800
v -1.519247 0.733278 1.505800
v 0.000000 0.739920 1.505800
v -1.156662 0.739920 1.505800
v -2.111872 0.375643 1.542811
v -1.519675 0.375626 1.542811
v -1.157090 0.382268 1.542811
v 0.000000 0.348660 1.505800
v -2.113624 -0.361806 2.620710
v -1.519247 -0.361824 2.620710
v 0.000000 -0.355182 2.620710
v -1.156662 -0.355182 2.620710
v -1.518819 0.648806 1.542811
v -2.145612 0.648824 1.542811
v 0.000000 0.696882 1.505800
v -1.156075 0.655451 1.542811
v -0.270063 -0.595003 0.603476
v -0.270063 -0.143160 0.603476
v -1.575658 -0.595003 0.603476
v -1.575658 -0.143160 0.603476
v -1.575658 -0.143160 -0.588947
v -0.270063 -0.595003 -0.784982
v -0.270063 -0.143160 -0.588947
v -1.575658 -0.595003 -0.784982
v -0.270063 0.775347 -1.192376
v -0.270063 0.827017 -0.890800
v -1.575658 0.775347 -1.192376
v -1.575658 0.827017 -0.890800
v -0.270063 1.077788 -1.230393
v -0.756578 1.650301 -1.302357
v -0.438438 1.482615 -1.281279
v -0.756578 1.701971 -1.000781
v -0.270063 1.129458 -0.928817
v -0.438438 1.534285 -0.979703
v -1.089143 1.650301 -1.302357
v -1.575658 1.077788 -1.230393
v -1.407283 1.482615 -1.281279
v -1.575658 1.129458 -0.928817
v -1.089143 1.701971 -1.000781
v -1.407283 1.534286 -0.979703
v 0.000000 -0.675513 -2.713268
v 0.000000 -0.223671 -2.413981
v -1.575658 -0.223671 -2.413981
v 0.000000 0.533868 -3.107244
v 0.000000 0.565031 -2.805667
v -1.575658 0.533868 -3.107244
v -1.575658 0.565031 -2.805667
v 0.000000 1.061568 -3.217224
v 0.000000 1.092731 -2.915648
v -1.089143 1.061568 -3.217224
v -1.575658 0.716276 -3.145260
v -1.407283 0.960434 -3.196146
v -1.575658 0.747439 -2.843684
v -1.089143 1.092731 -2.915648
v -1.407283 0.991597 -2.894570
v 0.000000 -0.675513 -1.324810
v 0.000000 -0.223671 -1.324810
v -1.575658 -0.675513 -1.324810
v -1.575658 -0.223671 -1.324810
v -1.575658 -0.675513 -2.713268
v -2.448205 -0.800380 -1.999217
v -2.470246 -0.835696 -1.916069
v -2.499061 -0.799380 -1.834398
v -2.516917 -0.712716 -1.801859
v -2.514262 -0.626464 -1.837712
v -2.493492 -0.591134 -1.921136
v -2.465902 -0.627435 -2.003074
v -2.446777 -0.714112 -2.035336
v -2.456409 -0.779180 -1.979565
v -2.473077 -0.805887 -1.916686
v -2.494867 -0.778424 -1.854924
v -2.508370 -0.712887 -1.830317
v -2.506363 -0.647660 -1.857430
v -2.490656 -0.620942 -1.920518
v -2.469792 -0.648394 -1.982482
v -2.455328 -0.713942 -2.006880
v -2.373847 -0.739741 -1.869261
v -2.380519 -0.750432 -1.844090
v -2.389242 -0.739438 -1.819367
v -2.394648 -0.713203 -1.809516
v -2.393844 -0.687093 -1.820370
v -2.387557 -0.676398 -1.845624
v -2.379205 -0.687387 -1.870429
v -2.373415 -0.713626 -1.880195
v 0.000000 1.036563 3.968102
v -0.958507 1.030706 4.825954
v -2.403656 0.212051 4.126822
v -1.352313 0.791512 4.761648
v -1.024572 0.909177 4.796497
v -2.215605 0.792359 4.719042
v -2.080519 0.791512 4.719042
v -2.356603 0.401976 4.719042
v -2.178742 0.212052 4.126822
v -1.815812 0.154953 4.126822
v 0.000000 0.815307 5.526223
v 0.000000 1.083990 5.111208
v 0.000000 0.858100 5.038158
v -1.128520 0.859447 4.776999
v -1.009287 1.083990 4.837602
v -0.072648 1.034180 5.086550
v -0.072642 0.912716 5.042098
v -0.958507 1.058996 4.649289
v -1.024572 0.920958 4.619833
v -0.072648 1.067026 4.886092
v -0.072642 0.921200 4.847651
v -2.151753 -0.206480 5.202883
v -2.173171 -0.070892 5.202883
v -2.187024 -0.212052 4.915251
v -2.208442 -0.076463 4.915251
v -2.313203 -0.208604 5.188372
v -2.327718 -0.114759 5.188372
v -2.340910 -0.210695 4.963586
v -2.355425 -0.116850 4.963586
v -2.342998 -0.097718 4.932163
v -2.321579 -0.233307 4.932163
v -2.286309 -0.227735 5.219794
v -2.307727 -0.092147 5.219794
v -2.338597 -0.108779 4.944416
v -2.323142 -0.219385 4.944416
v -2.290709 -0.216675 5.207541
v -2.306165 -0.106069 5.207541
v -2.194429 -0.049687 -4.407741
v -2.232034 0.081776 -4.395644
v -2.190257 -0.021947 -4.696220
v -2.227862 0.109516 -4.684123
v -2.351048 -0.066862 -4.445907
v -2.376771 0.024160 -4.437489
v -2.348205 -0.042966 -4.671122
v -2.373927 0.048056 -4.662703
v -2.359865 0.072262 -4.689613
v -2.322261 -0.059201 -4.701712
v -2.326433 -0.086941 -4.413233
v -2.364037 0.044522 -4.401135
v -2.355815 0.060243 -4.678169
v -2.327122 -0.047209 -4.688334
v -2.330483 -0.074922 -4.424677
v -2.359176 0.032530 -4.414513
v -1.519247 0.342018 1.505800
v -2.147592 0.342036 1.505800
v -1.156662 0.348660 1.505800
v 0.000000 0.663004 1.542811
v 0.000000 0.382268 1.542811
v -2.189633 0.682433 1.505800
v -1.519247 0.682414 1.505800
v -1.156662 0.689057 1.505800
v -0.020901 0.149950 2.583848
v 0.293656 0.793289 2.700313
v 0.642341 0.401686 1.492969
v 0.710665 0.751448 1.493963
v 1.851781 0.149950 2.583848
v 1.537225 0.793289 2.700313
v 1.188539 0.401686 1.492969
v 1.120215 0.751448 1.493963
v 0.293656 1.014815 1.494411
v -0.020901 0.350279 1.492521
v 1.851781 0.350279 1.492521
v 1.537225 1.014815 1.494411
v 0.710665 0.788025 1.225630
v 0.642341 0.444924 1.157688
v 1.188539 0.444924 1.157689
v 1.120215 0.788025 1.225630
v 0.915440 0.059863 1.024315
v 0.915440 0.102839 1.087832
v 0.915440 0.068026 1.064717
v 0.703662 0.144123 1.096210
v 0.682710 0.105231 1.033523
v 0.688846 0.112198 1.073682
v 0.524125 0.261689 1.120071
v 0.485410 0.234428 1.059744
v 0.496749 0.237988 1.099212
v 0.404162 0.437638 1.155782
v 0.353579 0.427786 1.098988
v 0.368394 0.426247 1.137421
v 0.362037 0.645185 1.197905
v 0.307286 0.655866 1.145278
v 0.323322 0.648314 1.182491
v 0.404162 0.852732 1.240028
v 0.353579 0.883947 1.191569
v 0.368394 0.870380 1.227561
v 0.524125 1.028682 1.275738
v 0.485410 1.077304 1.230813
v 0.496749 1.058639 1.265769
v 0.703662 1.146247 1.299599
v 0.682709 1.206501 1.257034
v 0.688846 1.184429 1.291300
v 0.915440 1.187531 1.307978
v 0.915440 1.251869 1.266242
v 0.915440 1.228601 1.300265
v 1.127218 1.146247 1.299599
v 1.148171 1.206501 1.257034
v 1.142034 1.184429 1.291300
v 1.306755 1.028682 1.275738
v 1.345470 1.077304 1.230813
v 1.334131 1.058639 1.265769
v 1.426718 0.852732 1.240028
v 1.477302 0.883947 1.191569
v 1.462486 0.870380 1.227561
v 1.468843 0.645185 1.197905
v 1.523595 0.655866 1.145278
v 1.507558 0.648314 1.182491
v 1.426718 0.437638 1.155782
v 1.477302 0.427785 1.098988
v 1.462486 0.426247 1.137421
v 1.306755 0.261689 1.120071
v 1.345470 0.234428 1.059744
v 1.334131 0.237988 1.099212
v 1.127218 0.144123 1.096210
v 1.148170 0.105231 1.033523
v 1.142034 0.112198 1.073682
v 0.915440 0.108830 1.089047
v 0.915440 0.173168 1.047311
v 0.915440 0.149900 1.081334
v 0.726954 0.209911 1.054769
v 0.706001 0.149658 1.097334
v 0.720817 0.187839 1.089034
v 0.567162 0.314547 1.076005
v 0.528447 0.265925 1.120931
v 0.555823 0.295882 1.110962
v 0.460393 0.471146 1.107788
v 0.409810 0.439931 1.156247
v 0.445578 0.457579 1.143780
v 0.422901 0.655866 1.145278
v 0.368150 0.645185 1.197905
v 0.406865 0.648314 1.182491
v 0.460393 0.840587 1.182769
v 0.409810 0.850440 1.239563
v 0.445578 0.839048 1.221202
v 0.567162 0.997185 1.214552
v 0.528447 1.024446 1.274879
v 0.555823 1.000745 1.254020
v 0.726954 1.101821 1.235788
v 0.706001 1.140713 1.298476
v 0.720817 1.108788 1.275948
v 0.915440 1.138564 1.243246
v 0.915440 1.181540 1.306762
v 0.915440 1.146727 1.283648
v 1.103927 1.101821 1.235788
v 1.124879 1.140713 1.298476
v 1.110063 1.108788 1.275948
v 1.263718 0.997185 1.214552
v 1.302433 1.024446 1.274879
v 1.275057 1.000746 1.254020
v 1.370487 0.840587 1.182769
v 1.421071 0.850440 1.239563
v 1.385303 0.839048 1.221202
v 1.407979 0.655866 1.145278
v 1.462731 0.645185 1.197905
v 1.424016 0.648314 1.182491
v 1.370487 0.471145 1.107788
v 1.421071 0.439931 1.156247
v 1.385303 0.457579 1.143780
v 1.263718 0.314547 1.076005
v 1.302433 0.265925 1.120931
v 1.275057 0.295882 1.110962
v 1.103926 0.209911 1.054769
v 1.124879 0.149657 1.097334
v 1.110063 0.187839 1.089034
v 1.127218 0.169064 0.973323
v 1.148170 0.108810 1.015889
v 1.142034 0.130882 0.981623
v 1.306755 0.286630 0.997184
v 1.345470 0.238007 1.042110
v 1.334131 0.256672 1.007153
v 1.426718 0.462579 1.032895
v 1.477302 0.431364 1.081354
v 1.462486 0.444931 1.045362
v 1.468843 0.670126 1.075018
v 1.523595 0.659445 1.127644
v 1.507558 0.666998 1.090432
v 1.426718 0.877673 1.117141
v 1.477302 0.887526 1.173935
v 1.462486 0.889064 1.135502
v 1.306755 1.053623 1.152851
v 1.345470 1.080883 1.213178
v 1.334131 1.077323 1.173710
v 1.127218 1.171188 1.176712
v 1.148171 1.210080 1.239400
v 1.142034 1.203113 1.199241
v 0.915440 1.212472 1.185091
v 0.915440 1.255448 1.248608
v 0.915440 1.247285 1.208205
v 0.703662 1.171188 1.176712
v 0.682709 1.210080 1.239400
v 0.688846 1.203113 1.199241
v 0.524125 1.053622 1.152851
v 0.485410 1.080883 1.213178
v 0.496749 1.077323 1.173710
v 0.404162 0.877673 1.117141
v 0.353579 0.887526 1.173935
v 0.368394 0.889064 1.135502
v 0.362037 0.670126 1.075018
v 0.307286 0.659445 1.127644
v 0.323322 0.666998 1.090432
v 0.404162 0.462579 1.032895
v 0.353579 0.431364 1.081354
v 0.368394 0.444931 1.045362
v 0.524125 0.286630 0.997184
v 0.485410 0.238007 1.042110
v 0.496749 0.256673 1.007153
v 0.915440 0.063442 1.006681
v 0.915440 0.127780 0.964945
v 0.915440 0.086710 0.972658
v 0.703662 0.169064 0.973324
v 0.682710 0.108810 1.015889
v 0.688846 0.130882 0.981623
v 0.726954 0.213490 1.037134
v 0.706001 0.174598 0.974447
v 0.720817 0.206523 0.996975
v 0.915440 0.133771 0.966161
v 0.915440 0.176747 1.029677
v 0.915440 0.168584 0.989275
v 0.567162 0.318126 1.058371
v 0.528447 0.290866 0.998044
v 0.555823 0.314566 1.018903
v 0.460393 0.474725 1.090154
v 0.409810 0.464872 1.033360
v 0.445578 0.476263 1.051721
v 0.422901 0.659445 1.127644
v 0.368150 0.670126 1.075018
v 0.406865 0.666998 1.090432
v 0.460393 0.844166 1.165135
v 0.409810 0.875380 1.116676
v 0.445578 0.857732 1.129143
v 0.567162 1.000764 1.196918
v 0.528447 1.049387 1.151992
v 0.555823 1.019429 1.161961
v 0.726954 1.105400 1.218154
v 0.706001 1.165654 1.175589
v 0.720817 1.127472 1.183889
v 0.915440 1.142143 1.225611
v 0.915440 1.206481 1.183875
v 0.915440 1.165411 1.191589
v 1.103927 1.105400 1.218154
v 1.124879 1.165654 1.175589
v 1.110064 1.127472 1.183889
v 1.263718 1.000764 1.196918
v 1.302433 1.049387 1.151992
v 1.275057 1.019430 1.161960
v 1.370487 0.844166 1.165135
v 1.421071 0.875380 1.116676
v 1.385303 0.857732 1.129143
v 1.407979 0.659445 1.127644
v 1.462731 0.670126 1.075018
v 1.424016 0.666998 1.090432
v 1.370487 0.474724 1.090154
v 1.421071 0.464872 1.033360
v 1.385303 0.476263 1.051721
v 1.263718 0.318126 1.058371
v 1.302433 0.290865 0.998044
v 1.275057 0.314566 1.018903
v 1.103926 0.213490 1.037134
v 1.124879 0.174598 0.974447
v 1.110063 0.206523 0.996975
v 0.589301 0.769650 1.134479
v 1.045011 0.385338 1.119370
v 1.241578 0.803296 1.206390
v 0.539615 0.569814 1.157779
v 0.915439 0.769650 1.134479
v 0.915439 0.385338 1.119370
v 0.915439 0.803296 1.206390
v 0.915439 0.631523 1.170627
v 0.915439 0.644475 1.108417
v 0.829359 0.424383 1.062594
v 0.785868 0.385338 1.119370
v 0.589301 0.803296 1.206390
v 0.915439 0.398290 1.057161
v 1.045011 0.398290 1.057161
v 1.241578 0.816248 1.144180
v 0.562363 0.624399 1.104237
v 1.291264 0.582766 1.095569
v 1.291264 0.569814 1.157779
v 0.355129 0.631523 1.170627
v 0.355129 0.803296 1.206390
v 0.402726 0.769650 1.134479
v 0.402726 0.677796 1.115355
v 1.428153 0.677796 1.115355
v 1.428153 0.769650 1.134479
v 1.475749 0.803296 1.206390
v 1.475749 0.631523 1.170627
v 0.915439 0.169034 1.009430
v 0.962281 0.215632 1.019132
v 1.001918 0.156082 1.071640
v 0.868598 0.215632 1.019132
v 0.915439 0.156082 1.071640
v 0.828961 0.156082 1.071640
v 0.958051 0.721370 1.109000
v 0.974002 0.753135 1.145358
v 1.018313 0.662373 1.096717
v 1.056822 0.672054 1.128477
v 1.018313 0.578939 1.079346
v 1.056822 0.557387 1.104603
v 0.958051 0.519942 1.067063
v 0.974002 0.476306 1.087722
v 0.872828 0.519942 1.067063
v 0.856877 0.476306 1.087722
v 0.812566 0.578939 1.079346
v 0.774057 0.557387 1.104603
v 0.812566 0.662373 1.096717
v 0.774057 0.672054 1.128477
v 0.872828 0.721370 1.109000
v 0.856877 0.753135 1.145358
v 0.974002 0.759071 1.116849
v 1.056822 0.677989 1.099968
v 1.056822 0.563323 1.076095
v 0.974002 0.482241 1.059213
v 0.856877 0.482241 1.059213
v 0.774057 0.563323 1.076095
v 0.774057 0.677989 1.099968
v 0.856877 0.759071 1.116849
v 0.966027 0.741634 1.106135
v 1.037568 0.671595 1.091553
v 1.037568 0.572545 1.070931
v 0.966027 0.502505 1.056349
v 0.864852 0.502505 1.056349
v 0.793311 0.572545 1.070931
v 0.793311 0.671595 1.091553
v 0.864852 0.741634 1.106135
v 0.589301 0.816248 1.144180
v 0.915439 0.816248 1.144180
v 0.355129 0.644475 1.108417
v 0.355129 0.816248 1.144180
v 0.539615 0.582766 1.095569
v 1.475749 0.816248 1.144180
v 1.475749 0.644475 1.108417
v 1.241578 0.769650 1.134479
v 1.268516 0.624399 1.104237
v 1.001918 0.169034 1.009430
v 1.001521 0.424383 1.062594
v 0.828961 0.169034 1.009430
v 0.785868 0.398290 1.057161
v 0.000000 2.153219 -0.423194
v 1.658162 2.075156 -0.454728
v 2.252409 0.903821 -0.766053
v 1.665868 2.005932 -0.802313
v 1.234194 2.095293 -0.439738
v 0.531527 2.128464 -0.424776
v 2.242830 0.909540 -0.762158
v 1.662154 2.000629 -0.798055
v -1.658162 2.075156 -0.454728
v -2.252409 0.903821 -0.766053
v -1.665868 2.005932 -0.802313
v -1.234194 2.095293 -0.439738
v -0.531527 2.128464 -0.424776
v -2.242830 0.909540 -0.762158
v -1.662154 2.000629 -0.798055
v -1.673282 2.004127 -0.851904
v -1.673343 2.004907 -0.800021
v -2.254019 0.913818 -0.764124
v -2.253980 0.913805 -0.817648
v 2.253980 0.913805 -0.817648
v 1.673282 2.004127 -0.851904
v 1.673343 2.004907 -0.800021
v 2.254019 0.913818 -0.764124
v 2.392948 0.847549 -0.867122
v 2.392948 0.847549 0.842880
v 2.538749 0.424920 -0.872415
v 2.538749 0.424920 0.839627
v -2.392948 0.847549 -0.867122
v -2.392948 0.847549 0.842880
v -2.538749 0.424920 -0.872415
v -2.538749 0.424920 0.839627
v 2.502174 0.625801 -0.735873
v 2.457254 0.756008 -0.733668
v 2.457254 0.756008 -0.379913
v 2.502174 0.625801 -0.381268
v -2.502174 0.625801 -0.735873
v -2.502174 0.625801 -0.381268
v -2.457254 0.756008 -0.379913
v -2.457254 0.756008 -0.733668
vn 0.9266 0.3623 0.1007
vn 0.9284 0.3585 0.0973
vn 0.9176 0.3801 0.1168
vn -0.5920 0.5805 -0.5591
vn 0.0012 0.9797 -0.2006
vn 0.0149 0.9814 -0.1916
vn -0.1935 0.9227 -0.3334
vn 0.9432 0.3290 -0.0466
vn 0.9426 0.3308 -0.0462
vn 0.9423 0.3337 -0.0286
vn 0.9323 0.3613 0.0178
vn 0.9340 0.3562 0.0262
vn 0.9400 0.3409 0.0128
vn 0.9453 0.3261 0.0120
vn 0.9453 0.3261 0.0123
vn 0.9446 0.3258 0.0389
vn 0.9447 0.3258 0.0377
vn 0.9422 0.3283 0.0669
vn 0.9421 0.3285 0.0679
vn 0.0517 -0.9760 -0.2118
vn 0.0029 -0.9809 -0.1947
vn 0.0466 -0.9766 -0.2100
vn -0.0024 -1.0000 0.0036
vn -0.0037 -1.0000 0.0042
vn -0.0000 -1.0000 -0.0000
vn -0.0014 -1.0000 0.0031
vn -0.0040 -1.0000 0.0090
vn -0.0000 0.9844 0.1760
vn 0.0309 0.9836 0.1777
vn 0.0361 0.9833 0.1781
vn 0.0450 0.9990 -0.0057
vn -0.0000 1.0000 -0.0035
vn -0.0000 1.0000 -0.0034
vn 0.0417 0.9991 -0.0059
vn 0.0499 0.9892 -0.1379
vn -0.0000 0.9902 -0.1394
vn -0.0000 0.9982 -0.0598
vn 0.0491 0.9969 -0.0610
vn -0.0283 -0.9740 -0.2247
vn 0.0101 -0.9744 -0.2247
vn 0.0188 -0.9741 -0.2253
vn -0.0148 -0.9746 -0.2237
vn -0.4595 -0.5871 -0.6665
vn -0.7684 -0.0833 -0.6345
vn -0.7755 -0.0482 -0.6295
vn -0.3167 -0.7064 -0.6330
vn -0.0022 1.0000 -0.0000
vn -0.6506 0.7594 -0.0000
vn -0.6331 0.7741 -0.0000
vn 0.0823 -0.6567 -0.7496
vn 0.0436 -0.6686 -0.7423
vn 0.0531 -0.6679 -0.7423
vn 0.0808 -0.6553 -0.7511
vn -0.0111 0.9973 0.0728
vn -0.0049 0.9970 0.0768
vn -0.0028 0.9962 0.0875
vn -0.0158 0.9962 0.0860
vn -0.4923 -0.8704 -0.0000
vn 0.0103 -0.9999 -0.0000
vn 0.0104 -0.9999 -0.0000
vn -0.4922 -0.8705 -0.0000
vn 0.0001 0.9994 0.0345
vn 0.0026 1.0000 -0.0049
vn -0.0001 0.9939 0.1107
vn -0.0001 0.9929 0.1189
vn -0.0001 0.9981 0.0619
vn -0.0000 0.9984 0.0569
vn -0.0000 1.0000 -0.0000
vn 0.0015 1.0000 0.0008
vn 0.0016 0.9995 0.0327
vn -0.0012 0.9997 0.0244
vn 0.0014 -1.0000 0.0092
vn -0.0008 -0.9999 0.0167
vn -0.0031 -1.0000 0.0027
vn 0.1046 -0.9580 -0.2671
vn 0.1328 -0.9595 -0.2484
vn -0.9782 -0.2077 -0.0000
vn -0.9793 -0.2024 -0.0000
vn 0.0038 0.9977 0.0680
vn -0.0012 0.9977 0.0671
vn 0.0050 0.9990 0.0442
vn 0.9752 -0.2188 0.0337
vn 0.9980 -0.0502 0.0377
vn 0.9974 -0.0577 0.0438
vn 0.9747 -0.2193 0.0428
vn 0.9759 -0.2177 0.0124
vn 0.9975 -0.0701 0.0128
vn 0.9710 -0.2391 -0.0079
vn 0.9983 -0.0583 -0.0060
vn 0.9775 -0.1950 -0.0809
vn 0.9934 -0.0982 -0.0592
vn 0.0417 -0.8767 -0.4793
vn 0.0171 -0.8716 -0.4899
vn 0.0343 -0.8759 -0.4812
vn 0.0414 -0.8750 -0.4823
vn 0.0007 1.0000 -0.0000
vn -0.0000 -1.0000 0.0010
vn -0.0031 -1.0000 0.0018
vn -0.0015 -1.0000 0.0096
vn -0.0000 -0.9999 0.0102
vn -0.0009 -0.9971 0.0763
vn -0.0000 -0.9970 0.0768
vn 0.8184 0.5745 -0.0136
vn 0.8399 0.5392 -0.0622
vn 0.9298 0.3676 -0.0176
vn -0.6002 -0.7450 -0.2910
vn -0.5366 -0.7923 -0.2905
vn 0.6134 0.7888 -0.0403
vn 0.5056 0.8627 0.0067
vn 0.5065 0.8622 0.0057
vn 0.7711 0.6242 -0.1260
vn 0.0037 -0.9312 0.3646
vn -0.0000 -0.9325 0.3613
vn 0.0244 -0.9282 0.3714
vn 0.0305 -0.8007 0.5983
vn -0.0000 -0.8014 0.5981
vn -0.0000 -0.9604 0.2785
vn 0.0131 -0.9601 0.2795
vn 0.0139 0.9806 -0.1953
vn -0.0000 0.9800 -0.1988
vn 0.0097 0.9803 -0.1973
vn 0.0043 -0.9871 0.1602
vn -0.0000 -0.9874 0.1583
vn 0.0059 -0.6707 -0.7417
vn 0.9363 -0.3376 -0.0963
vn 0.9356 -0.3529 -0.0094
vn 0.9328 -0.3603 0.0121
vn 0.9317 -0.3605 0.0447
vn 0.9322 -0.3604 0.0347
vn 0.0005 -0.9786 0.2057
vn 0.0022 -0.7967 0.6044
vn 0.0139 -0.7982 0.6023
vn 0.0164 -0.9705 0.2406
vn -0.0039 -1.0000 0.0067
vn -0.0074 -0.9999 0.0085
vn 0.9246 -0.3231 -0.2021
vn 0.9841 -0.1101 -0.1397
vn 0.9706 -0.2193 0.0996
vn 0.9959 -0.0379 0.0823
vn 0.9946 -0.0646 0.0809
vn 0.9672 -0.2376 0.0892
vn 0.0215 -0.9929 0.1167
vn -0.0000 -0.9949 0.1008
vn 0.9286 -0.3545 0.1100
vn 0.9102 -0.4033 0.0948
vn 0.9901 -0.0855 -0.1112
vn 0.9204 0.3886 -0.0420
vn 0.7949 0.6017 -0.0779
vn 0.9682 0.2494 -0.0211
vn 0.8778 0.4758 -0.0555
vn 0.9878 0.1558 -0.0016
vn 0.9886 0.1505 -0.0012
vn 0.9902 0.1396 -0.0004
vn 0.9908 0.1346 0.0126
vn 0.9908 0.1346 0.0125
vn 0.9923 0.1236 -0.0020
vn 0.9912 0.1320 -0.0024
vn 0.9486 0.3162 0.0154
vn 0.9491 0.3150 0.0040
vn 0.9759 0.2183 0.0004
vn 0.9803 0.1961 0.0221
vn 0.1603 0.7853 0.5980
vn 0.1557 0.8006 0.5786
vn 0.1556 0.8007 0.5786
vn 0.1775 0.7825 0.5968
vn 0.1159 0.8193 0.5616
vn 0.0446 0.9491 -0.3119
vn 0.1127 0.9242 -0.3650
vn 0.1115 0.9252 -0.3627
vn 0.0757 0.9453 -0.3173
vn 0.0546 0.9449 -0.3227
vn -0.0000 0.9458 -0.3246
vn 0.0576 0.9449 -0.3224
vn 0.1433 0.9181 -0.3696
vn 0.1433 0.9172 -0.3718
vn -0.6894 0.7243 -0.0145
vn -0.0014 1.0000 -0.0011
vn -0.0889 0.9947 -0.0525
vn -0.7028 0.7046 -0.0984
vn 0.6878 0.7258 0.0129
vn 0.6130 0.7803 0.1236
vn 0.9998 0.0025 0.0199
vn 0.9847 -0.0046 0.1741
vn 0.6912 -0.7225 0.0146
vn 0.6184 -0.7784 0.1083
vn 0.0007 -1.0000 0.0012
vn -0.0881 -0.9953 -0.0393
vn -0.6902 -0.7235 -0.0129
vn -0.6987 -0.7096 -0.0907
vn -0.9998 0.0013 -0.0199
vn -0.9935 -0.0049 -0.1135
vn -0.6950 -0.7190 -0.0093
vn -0.9999 -0.0000 -0.0116
vn 0.6925 0.7212 0.0170
vn 0.9997 -0.0000 0.0253
vn -0.6949 0.7190 -0.0093
vn 0.6925 -0.7212 0.0170
vn -0.0001 1.0000 0.0012
vn -0.0001 -1.0000 0.0012
vn 0.0446 0.9972 0.0608
vn 0.6806 0.7255 0.1025
vn 0.1326 -0.9910 0.0170
vn -0.6384 -0.7599 -0.1229
vn 0.9923 0.0095 0.1232
vn -0.9902 0.0467 -0.1315
vn -0.5880 0.8073 -0.0503
vn 0.7041 -0.7039 0.0936
vn 0.8535 -0.0408 0.5195
vn 0.5013 -0.8369 0.2198
vn -0.5675 0.7719 -0.2865
vn -0.1996 0.9775 0.0675
vn 0.0735 -0.9973 0.0006
vn 0.4885 0.7825 0.3861
vn -0.4117 -0.7821 -0.4677
vn -0.7994 -0.0079 -0.6007
vn -0.2251 -0.8068 -0.5462
vn -0.4700 -0.0346 -0.8820
vn 0.2506 0.7794 0.5742
vn 0.4757 -0.0234 0.8793
vn -0.3385 0.7853 -0.5184
vn 0.3310 -0.8249 0.4582
vn -0.1163 0.9931 0.0134
vn 0.0541 -0.9985 -0.0024
vn -0.0013 -0.9998 0.0179
vn -0.2288 -0.8037 -0.5492
vn -0.0013 0.9998 0.0179
vn 0.1970 0.7971 0.5707
vn 0.3178 -0.0000 0.9482
vn -0.4000 0.0001 -0.9165
vn -0.2288 0.8038 -0.5492
vn 0.1970 -0.7972 0.5707
vn 0.4195 0.7906 0.4461
vn 0.0579 0.9982 -0.0158
vn 0.4782 -0.7851 0.3936
vn 0.7303 -0.0187 0.6829
vn -0.5172 -0.8011 -0.3012
vn 0.0702 -0.9972 -0.0238
vn -0.5009 0.7930 -0.3469
vn -0.8477 -0.0027 -0.5304
vn 0.0261 0.0003 0.9997
vn 0.0010 0.0007 1.0000
vn 0.0129 -0.1280 0.9917
vn -0.0007 -0.1456 0.9893
vn -0.0009 0.0003 1.0000
vn 0.0248 0.0001 0.9997
vn 0.0248 -0.1296 0.9913
vn 0.0522 0.0005 0.9986
vn 0.0122 -0.2521 0.9676
vn 0.0509 -0.2553 0.9655
vn 0.0525 -0.1309 0.9900
vn -0.0000 -0.1314 0.9913
vn -0.0000 -0.2564 0.9666
vn 0.0513 -0.2546 0.9657
vn -0.0000 -0.2559 0.9667
vn 0.0251 -0.2528 0.9672
vn -0.0005 -0.2527 0.9675
vn 0.0243 -0.2531 0.9671
vn 0.0533 -0.0001 0.9986
vn -0.0000 -0.0000 1.0000
vn -0.9901 -0.0176 0.1392
vn -0.9886 -0.0020 -0.1502
vn -0.9099 -0.3889 -0.1445
vn -0.9076 -0.3971 0.1360
vn -0.6899 -0.7118 -0.1318
vn -0.6893 -0.7127 0.1299
vn -0.3694 -0.9216 -0.1193
vn -0.3709 -0.9204 0.1240
vn -0.0000 -0.9935 -0.1142
vn -0.0000 -0.9926 0.1214
vn 0.3694 -0.9216 -0.1193
vn 0.3709 -0.9204 0.1240
vn 0.6899 -0.7118 -0.1318
vn 0.6893 -0.7127 0.1299
vn 0.9099 -0.3889 -0.1445
vn 0.9076 -0.3971 0.1360
vn 0.9886 -0.0020 -0.1502
vn 0.9901 -0.0176 0.1392
vn 0.9113 0.3850 -0.1463
vn 0.9195 0.3681 0.1378
vn 0.6925 0.7086 -0.1353
vn 0.7044 0.6973 0.1325
vn 0.3716 0.9201 -0.1240
vn 0.3803 0.9162 0.1262
vn -0.0000 0.9929 -0.1193
vn -0.0000 0.9924 0.1234
vn -0.3716 0.9201 -0.1240
vn -0.3803 0.9162 0.1262
vn -0.6925 0.7086 -0.1353
vn -0.7044 0.6973 0.1325
vn -0.9113 0.3850 -0.1463
vn -0.9195 0.3681 0.1378
vn -0.4301 -0.0444 0.9017
vn -0.4310 -0.2292 0.8728
vn -0.3440 -0.4020 0.8485
vn -0.1895 -0.5212 0.8321
vn -0.0003 -0.5631 0.8264
vn 0.1885 -0.5204 0.8329
vn 0.3422 -0.4008 0.8498
vn 0.4282 -0.2283 0.8744
vn 0.4270 -0.0444 0.9032
vn 0.3495 0.1051 0.9310
vn 0.2343 0.1971 0.9520
vn 0.1150 0.2412 0.9636
vn -0.0002 0.2544 0.9671
vn -0.1157 0.2420 0.9634
vn -0.2359 0.1983 0.9513
vn -0.3522 0.1060 0.9299
vn -0.4299 -0.3259 0.8420
vn -0.4631 -0.1512 0.8733
vn -0.3356 -0.4801 0.8105
vn -0.1856 -0.5902 0.7856
vn -0.0000 -0.6308 0.7759
vn 0.1856 -0.5902 0.7856
vn 0.3356 -0.4801 0.8105
vn 0.4299 -0.3258 0.8420
vn 0.4631 -0.1512 0.8733
vn 0.4342 0.0258 0.9005
vn 0.3421 0.1862 0.9210
vn 0.1907 0.3035 0.9336
vn -0.0000 0.3475 0.9377
vn -0.1907 0.3035 0.9336
vn -0.3421 0.1862 0.9210
vn -0.4342 0.0258 0.9005
vn 0.6905 -0.1126 0.7145
vn 0.6428 -0.3697 0.6709
vn 0.6390 -0.3792 0.6692
vn 0.6904 -0.1094 0.7151
vn 0.4986 -0.5940 0.6313
vn 0.4868 -0.6060 0.6291
vn 0.2732 -0.7494 0.6031
vn 0.2615 -0.7543 0.6022
vn -0.0000 -0.8054 0.5928
vn -0.2732 -0.7494 0.6031
vn -0.2615 -0.7543 0.6022
vn -0.4986 -0.5940 0.6313
vn -0.4868 -0.6060 0.6291
vn -0.6428 -0.3697 0.6709
vn -0.6390 -0.3792 0.6692
vn -0.6905 -0.1126 0.7145
vn -0.6904 -0.1094 0.7151
vn -0.6389 0.1432 0.7558
vn -0.6327 0.1578 0.7581
vn -0.4935 0.3650 0.7894
vn -0.4788 0.3797 0.7915
vn -0.2700 0.5188 0.8111
vn -0.2566 0.5244 0.8119
vn -0.0000 0.5744 0.8186
vn 0.2700 0.5188 0.8111
vn 0.2566 0.5244 0.8119
vn 0.4935 0.3650 0.7894
vn 0.4788 0.3797 0.7915
vn 0.6389 0.1432 0.7558
vn 0.6327 0.1578 0.7581
vn -0.4276 -0.0444 0.9029
vn -0.4285 -0.2284 0.8742
vn -0.3424 -0.4008 0.8498
vn -0.1886 -0.5200 0.8331
vn -0.0000 -0.5623 0.8269
vn 0.1887 -0.5201 0.8330
vn 0.3425 -0.4009 0.8497
vn 0.4287 -0.2285 0.8741
vn 0.4278 -0.0444 0.9028
vn 0.3506 0.1055 0.9305
vn 0.2353 0.1980 0.9515
vn 0.1157 0.2425 0.9632
vn -0.0000 0.2555 0.9668
vn -0.1156 0.2424 0.9633
vn -0.2352 0.1979 0.9516
vn -0.3505 0.1054 0.9306
vn 0.4299 -0.3259 0.8420
vn 0.6823 -0.1137 0.7222
vn 0.6355 -0.3677 0.6789
vn 0.6317 -0.3773 0.6772
vn 0.6822 -0.1106 0.7227
vn 0.4932 -0.5896 0.6396
vn 0.4814 -0.6017 0.6373
vn 0.2703 -0.7436 0.6116
vn 0.2586 -0.7485 0.6106
vn -0.0000 -0.7990 0.6013
vn -0.2703 -0.7436 0.6116
vn -0.2586 -0.7485 0.6106
vn -0.4932 -0.5896 0.6396
vn -0.4814 -0.6017 0.6373
vn -0.6355 -0.3677 0.6789
vn -0.6317 -0.3773 0.6772
vn -0.6823 -0.1137 0.7222
vn -0.6822 -0.1106 0.7227
vn -0.6310 0.1388 0.7633
vn -0.6248 0.1533 0.7656
vn -0.4871 0.3574 0.7968
vn -0.4725 0.3720 0.7990
vn -0.2664 0.5089 0.8186
vn -0.2530 0.5144 0.8194
vn -0.0000 0.5635 0.8261
vn 0.2664 0.5089 0.8186
vn 0.2530 0.5144 0.8194
vn 0.4871 0.3574 0.7968
vn 0.4725 0.3720 0.7990
vn 0.6310 0.1388 0.7633
vn 0.6248 0.1533 0.7656
vn -0.6490 -0.0672 0.7578
vn -0.6231 -0.3401 0.7043
vn -0.4778 -0.5729 0.6659
vn -0.2561 -0.7218 0.6430
vn 0.0003 -0.7720 0.6356
vn 0.2562 -0.7207 0.6442
vn 0.4767 -0.5713 0.6681
vn 0.6205 -0.3389 0.7071
vn 0.6456 -0.0674 0.7607
vn 0.5464 0.1701 0.8200
vn 0.3749 0.3232 0.8689
vn 0.1869 0.3993 0.8976
vn 0.0002 0.4224 0.9064
vn -0.1870 0.4006 0.8970
vn -0.3763 0.3252 0.8675
vn -0.5493 0.1717 0.8178
vn -0.6463 -0.0673 0.7601
vn -0.6208 -0.3391 0.7068
vn -0.4766 -0.5714 0.6680
vn -0.2559 -0.7205 0.6445
vn -0.0000 -0.7714 0.6364
vn 0.2559 -0.7206 0.6444
vn 0.4767 -0.5715 0.6679
vn 0.6210 -0.3392 0.7066
vn 0.6465 -0.0673 0.7599
vn 0.5477 0.1708 0.8191
vn 0.3761 0.3247 0.8679
vn 0.1874 0.4012 0.8966
vn -0.0000 0.4239 0.9057
vn -0.1874 0.4011 0.8967
vn -0.3760 0.3245 0.8679
vn -0.5475 0.1707 0.8192
vn 0.0282 0.1430 -0.9893
vn 0.0546 0.1406 -0.9886
vn 0.0345 0.1056 -0.9938
vn 0.0886 0.0551 -0.9945
vn 0.0878 0.1113 -0.9899
vn 0.0588 0.1130 -0.9919
vn 0.0564 0.0621 -0.9965
vn 0.0592 0.0879 -0.9944
vn -0.0000 0.0724 -0.9974
vn 0.0171 0.0592 -0.9981
vn 0.0625 0.1639 -0.9845
vn 0.0369 0.1619 -0.9861
vn 0.0284 0.1125 -0.9932
vn 0.0438 0.0558 -0.9975
vn 0.0872 0.0807 -0.9929
vn 0.0211 0.0703 -0.9973
vn 0.0868 0.1666 -0.9822
vn 0.0602 0.1133 -0.9917
vn 0.0594 0.1683 -0.9839
vn 0.0603 0.1102 -0.9921
vn 0.0603 0.1103 -0.9921
vn 0.0854 0.1180 -0.9893
vn 0.0606 0.0573 -0.9965
vn 0.0510 -0.0001 0.9987
vn 0.0503 -0.1301 0.9902
vn 0.0491 -0.2530 0.9662
vn 0.0487 -0.2539 0.9660
vn 0.0545 0.0003 0.9985
vn 0.0980 0.9410 -0.3240
vn 0.1170 0.9380 -0.3263
vn 0.0131 0.9545 -0.2981
vn 0.0212 0.9527 -0.3031
vn 0.1522 0.8347 0.5292
vn 0.1411 0.8345 0.5327
vn 0.1467 0.8346 0.5309
vn 0.1059 0.7832 0.6126
vn 0.1144 0.7846 0.6094
vn 0.0169 0.9815 -0.1908
vn 0.0168 0.9810 -0.1933
vn 0.0293 -0.8001 0.5991
vn 0.0172 -0.9623 0.2715
vn 0.0008 1.0000 -0.0000
vn 0.0314 -0.8721 -0.4883
vn 0.0263 -0.8712 -0.4902
vn 0.2995 0.9495 0.0932
vn 0.2841 0.9544 0.0921
vn 0.2046 0.9783 0.0335
vn 0.2170 0.9750 0.0469
vn 0.0503 -0.6452 -0.7624
vn 0.0487 -0.6450 -0.7626
vn 0.0157 0.9962 -0.0855
vn 0.0011 0.9964 -0.0850
vn 0.0051 0.9963 -0.0858
vn 0.0128 0.9962 -0.0857
vn 0.0687 0.9874 -0.1427
vn 0.0606 0.9884 -0.1395
vn 0.0538 0.9965 -0.0642
vn 0.0571 0.9962 -0.0663
vn 0.0449 0.9989 -0.0120
vn 0.0451 0.9989 -0.0099
vn 0.0415 0.9991 -0.0101
vn 0.0412 0.9991 -0.0120
vn -0.5137 0.8316 -0.2111
vn -0.5142 0.8313 -0.2112
vn 0.0055 1.0000 0.0029
vn -0.0000 -0.6431 -0.7658
vn -0.0000 -0.8694 -0.4942
vn -0.0000 0.7810 0.6245
vn -0.0000 0.9565 -0.2919
vn -0.0000 0.0002 1.0000
vn -0.0000 0.0586 -0.9983
vn -0.0000 0.1145 -0.9934
vn -0.0000 0.1254 -0.9921
vn -0.0000 0.1694 -0.9856
vn 0.1349 0.8343 0.5346
vn 0.8967 -0.4348 -0.0831
vn 0.9114 -0.3977 -0.1061
vn 0.0545 0.9822 0.1800
vn 0.0555 0.9821 0.1799
vn 0.1806 0.9835 0.0077
vn -0.0000 0.9860 0.1667
vn 0.0114 0.9859 0.1667
vn 0.0113 0.9943 0.1060
vn -0.0000 0.9934 0.1147
vn 0.2527 0.9558 0.1501
vn 0.3083 0.9444 0.1144
vn 0.2982 0.9468 0.1210
vn 0.0042 0.9961 0.0883
vn 0.0039 0.9966 0.0821
vn -0.0053 0.9978 0.0662
vn 0.9372 0.3383 0.0846
vn 0.9377 0.3369 0.0846
vn -0.0000 0.9974 -0.0727
vn -0.0000 0.9989 -0.0459
vn -0.0074 0.9989 -0.0459
vn -0.0064 0.9968 -0.0796
vn -0.0000 0.9945 -0.1046
vn -0.0057 0.9945 -0.1046
vn 0.9931 -0.1028 -0.0558
vn 0.9941 -0.0958 -0.0515
vn 0.9977 -0.0590 -0.0349
vn 0.9971 -0.0668 -0.0374
vn 0.9980 -0.0036 0.0637
vn 0.9980 -0.0039 0.0635
vn 0.9971 0.0145 0.0747
vn 0.9971 0.0135 0.0746
vn 0.9393 -0.3215 0.1199
vn 0.9763 -0.1874 0.1087
vn 0.0159 -0.9937 0.1105
vn 0.9945 -0.0520 0.0912
vn -0.9987 -0.0072 0.0495
vn -0.8749 0.4819 0.0488
vn -0.3173 0.9462 0.0641
vn -0.9719 0.0349 -0.2329
vn 0.2294 0.3648 -0.9024
vn 0.9719 -0.0349 0.2329
vn 0.6671 0.6952 0.2677
vn 0.4994 0.7851 0.3665
vn 0.8635 -0.0752 0.4988
vn -0.5422 -0.8013 -0.2530
vn 0.8536 -0.5035 0.1337
vn 0.2692 -0.9612 0.0596
vn -0.6853 -0.7278 0.0245
vn 0.2294 -0.0842 -0.9697
vn -0.0001 0.0002 1.0000
vn 0.0751 -0.0000 -0.9972
vn 0.5658 -0.0000 -0.8246
vn 0.6051 -0.0000 -0.7962
vn 0.9881 -0.0000 -0.1538
vn 0.9850 -0.0000 -0.1724
vn 0.9996 -0.0000 -0.0277
vn -0.0007 0.9980 0.0634
vn -0.0000 0.9981 0.0611
vn 0.9337 -0.3171 -0.1662
vn 0.9405 -0.3096 -0.1398
vn 0.9605 -0.2766 -0.0309
vn 0.0753 -0.4342 -0.8977
vn 0.5674 -0.4376 -0.6975
vn 0.5055 -0.4451 -0.7392
vn -0.0009 0.9883 0.1528
vn -0.0000 0.9889 0.1485
vn -0.0034 0.9858 0.1677
vn -0.0021 0.9974 0.0717
vn -0.0000 -0.4317 -0.9020
vn 0.0159 -0.4316 -0.9019
vn -0.0000 -0.0000 -1.0000
vn 0.0176 -0.0000 -0.9998
vn -0.0008 0.0020 1.0000
vn -0.1454 0.0284 0.9890
vn -0.1065 -0.0000 0.9943
vn -0.0102 0.9968 0.0789
vn -0.0096 0.9795 0.2012
vn 0.0450 -0.4312 -0.9011
vn 0.0499 -0.0000 -0.9988
vn -0.0323 0.9743 0.2231
vn -0.0033 0.9997 0.0227
vn -0.2095 -0.0000 0.9778
vn -0.2807 0.0517 0.9584
vn -0.0028 -1.0000 0.0015
vn -0.0109 -0.9999 0.0011
vn -0.0000 -1.0000 -0.0001
vn 0.0196 -0.9879 0.1538
vn 0.0141 -0.9968 0.0789
vn 0.0113 -0.9953 -0.0959
vn 0.0392 -0.9953 -0.0889
vn 0.0405 -0.9507 -0.3075
vn -0.0000 -0.9954 -0.0960
vn -0.0000 -0.9497 -0.3130
vn 0.0537 -0.9875 0.1483
vn 0.0272 -0.9959 0.0862
vn 0.0751 -0.9929 -0.0919
vn 0.0093 -1.0000 0.0018
vn -0.0000 -0.9703 -0.2418
vn -0.0000 -0.9292 -0.3697
vn 0.0792 -0.9252 -0.3712
vn 0.0781 -0.9690 -0.2346
vn -0.0000 -0.4389 0.8985
vn -0.0000 -0.9284 0.3715
vn 0.0629 -0.9351 0.3486
vn 0.0226 -0.4230 0.9058
vn -0.0000 -0.4896 -0.8719
vn -0.0000 -0.1428 -0.9898
vn 0.0094 -0.1467 -0.9891
vn 0.0352 -0.4756 -0.8789
vn -0.0000 -0.9998 0.0204
vn 0.0723 -0.9974 -0.0046
vn -0.0000 -0.1201 0.9928
vn 0.0029 -0.1239 0.9923
vn 0.1254 -0.9038 0.4092
vn 0.0354 -0.3681 0.9291
vn 0.0050 -0.1266 0.9919
vn 0.1338 -0.8941 -0.4274
vn 0.1511 -0.9622 -0.2264
vn 0.0157 -0.1493 -0.9887
vn 0.0531 -0.4088 -0.9111
vn 0.1519 -0.9884 -0.0048
vn 0.9695 -0.2451 -0.0000
vn -0.0117 -0.5461 0.8376
vn -0.0045 -0.9469 0.3214
vn 0.0850 -0.9430 0.3218
vn 0.0370 -0.5414 0.8400
vn 0.0117 -0.5448 -0.8385
vn 0.0137 -0.1882 -0.9820
vn 0.0153 -0.1950 -0.9807
vn 0.0461 -0.5405 -0.8401
vn 0.0003 -0.9997 -0.0249
vn 0.0754 -0.9971 -0.0026
vn -0.0135 -0.2614 0.9651
vn 0.0156 -0.2679 0.9633
vn 0.0050 -0.9335 -0.3587
vn 0.0740 -0.9385 -0.3374
vn 0.0165 -0.2002 -0.9796
vn 0.0676 -0.4886 -0.8699
vn 0.1614 -0.9869 -0.0038
vn 0.1498 -0.9185 0.3658
vn 0.0721 -0.4925 0.8673
vn 0.1454 -0.9144 -0.3779
vn 0.0345 -0.2721 0.9616
vn 0.9937 -0.1117 -0.0001
vn 0.0288 -0.7878 0.6152
vn -0.0000 -0.7881 0.6155
vn -0.0185 0.1808 -0.9833
vn 0.0022 0.1808 -0.9835
vn 0.9819 -0.0343 0.1865
vn 0.9927 -0.0218 0.1184
vn 0.9174 -0.0719 0.3913
vn 0.8054 -0.1072 0.5830
vn 0.0459 -0.1806 0.9825
vn -0.0000 -0.1808 0.9835
vn -0.0096 -0.9797 -0.2000
vn -0.0029 -0.9817 -0.1902
vn -0.0170 -0.9732 -0.2294
vn -0.0088 -0.9818 -0.1898
vn 0.0081 0.9833 0.1816
vn -0.0000 0.9834 0.1813
vn -0.0000 0.9834 0.1815
vn 0.0086 0.9833 0.1818
vn 0.9642 -0.1715 0.2025
vn 0.9858 -0.0888 0.1424
vn 0.8054 -0.4403 0.3968
vn 0.6861 -0.5515 0.4744
vn 0.9926 -0.0474 0.1120
vn 0.0080 0.9834 0.1811
vn -0.0000 0.9835 0.1810
vn -0.0023 -0.9835 -0.1811
vn 0.0004 -0.9835 -0.1808
vn 0.9957 -0.0168 0.0912
vn -0.0000 -0.9835 -0.1812
vn -0.0080 -0.9834 -0.1814
vn -0.0081 -0.9832 -0.1823
vn -0.0000 -0.9834 -0.1816
vn 0.0027 0.9835 0.1810
vn 0.0085 0.9818 0.1899
vn -0.0000 0.1808 -0.9835
vn -0.0437 0.1807 -0.9826
vn 0.0092 0.9822 0.1875
vn -0.0088 -0.9832 -0.1824
vn -0.0000 -0.9833 -0.1820
vn 0.0917 -0.1801 0.9794
vn 0.0576 -0.7868 0.6145
vn 0.0575 -0.7868 0.6145
vn 0.0044 0.9821 0.1882
vn 0.0152 0.9786 0.2050
vn -0.0004 0.9835 0.1808
vn 0.8907 -0.3038 0.3381
vn 0.0440 0.6482 0.7602
vn -0.7560 0.4934 -0.4302
vn 0.1458 -0.4941 -0.8571
vn 0.4907 0.6823 -0.5419
vn -0.5533 -0.7002 0.4511
vn -0.9649 -0.0000 0.2627
vn -0.1916 -0.0000 -0.9815
vn 0.7234 -0.0000 0.6905
vn 0.1916 -0.0000 0.9815
vn 0.0967 -0.8634 0.4952
vn 0.0967 0.8634 0.4952
vn 0.0380 0.9801 0.1948
vn 0.0380 -0.9801 0.1948
vn 0.9375 -0.0000 0.3480
vn -0.7625 -0.0000 0.6470
vn 0.0851 -0.3165 -0.9448
vn 0.0851 0.3165 -0.9448
vn 0.0843 0.3172 -0.9446
vn 0.0843 -0.3172 -0.9446
vn -0.4136 0.2903 -0.8629
vn -0.4142 0.2896 -0.8629
vn -0.4136 -0.2903 -0.8629
vn -0.4142 -0.2895 -0.8629
vn 0.0790 0.8133 0.5765
vn -0.0000 0.8085 0.5885
vn 0.1015 0.8164 0.5685
vn 0.0437 0.8685 -0.4938
vn -0.0000 0.8625 -0.5061
vn 0.0378 0.8671 -0.4967
vn 0.8719 0.4889 0.0266
vn 0.8850 0.4656 -0.0043
vn 0.8851 0.4654 -0.0014
vn 0.8856 0.4644 0.0090
vn 0.8860 0.4631 0.0229
vn 0.1433 0.8854 -0.4423
vn 0.1147 0.8816 -0.4578
vn 0.0944 0.8784 -0.4685
vn 0.1674 0.8195 0.5481
vn 0.1486 0.8199 0.5528
vn 0.1529 0.8199 0.5518
vn -0.6002 -0.6752 0.4287
vn 0.0523 -0.9256 0.3748
vn 0.0548 -0.9255 0.3748
vn -0.7250 -0.5553 0.4075
vn 0.6253 0.7668 0.1451
vn 0.9199 -0.1703 0.3534
vn 0.9191 -0.1787 0.3513
vn 0.7854 0.5660 0.2506
vn -0.0000 0.9964 -0.0847
vn -0.3992 0.8708 0.2871
vn -0.5976 0.7364 0.3172
vn 0.5248 0.8504 0.0369
vn 0.5287 0.8474 0.0492
vn -0.0000 -0.9743 -0.2251
vn 0.5124 0.8587 -0.0006
vn 0.8485 -0.5231 0.0797
vn 0.8612 -0.4932 0.1227
vn 0.8219 -0.5696 0.0076
vn 0.1068 -0.4491 0.8871
vn 0.0956 -0.4481 0.8889
vn 0.9351 -0.2979 0.1918
vn 0.9431 -0.2878 0.1667
vn 0.9761 -0.2157 -0.0259
vn 0.9742 -0.2253 0.0130
vn 0.9742 -0.2252 0.0127
vn 0.9760 -0.2168 -0.0217
vn -0.0000 -0.4350 0.9004
vn 0.0124 -0.4347 0.9005
vn 0.0111 -0.4347 0.9005
vn 0.9150 -0.2711 -0.2987
vn 0.9749 -0.2090 -0.0771
vn 0.9755 -0.2096 -0.0666
vn 0.9264 -0.2628 -0.2695
vn 0.1884 -0.3635 -0.9124
vn 0.1786 -0.3633 -0.9144
vn 0.0612 -0.3618 -0.9302
vn 0.0627 -0.3618 -0.9301
vn -0.0000 -0.3622 -0.9321
vn -0.0009 0.9901 -0.1403
vn -0.0008 0.9901 -0.1404
vn -0.0000 0.9906 -0.1364
vn -0.0093 0.9882 -0.1526
vn -0.0096 0.9882 -0.1529
vn -0.0219 0.9866 -0.1617
vn -0.0077 -0.8456 -0.5338
vn -0.0078 -0.8456 -0.5338
vn -0.0000 -0.8456 -0.5338
vn 0.9964 0.0755 -0.0381
vn 0.8860 0.4577 -0.0746
vn 0.9953 -0.0942 -0.0204
vn 0.7539 0.6507 -0.0907
vn -1.0000 -0.0000 -0.0000
vn -0.0000 -0.3980 0.9174
vn 1.0000 -0.0000 -0.0000
vn -0.0000 0.1247 0.9922
vn -0.0000 0.2133 0.9770
vn -0.0000 -0.1247 -0.9922
vn -0.0000 -0.2069 -0.9784
vn -0.0000 -0.2850 -0.9585
vn -0.0000 0.2971 0.9549
vn 0.9959 0.0889 -0.0152
vn 0.9557 0.2900 -0.0497
vn -0.9557 0.2900 -0.0497
vn -0.9959 0.0889 -0.0152
vn -0.2107 0.9635 -0.1651
vn -0.2750 0.9476 -0.1624
vn -0.8316 0.5474 -0.0938
vn -0.6460 0.7524 -0.1289
vn 0.8316 0.5474 -0.0938
vn 0.6460 0.7524 -0.1289
vn 0.2750 0.9476 -0.1624
vn 0.2107 0.9635 -0.1651
vn -0.0000 0.2040 0.9790
vn -0.0000 0.3323 0.9432
vn -0.0000 -0.2040 -0.9790
vn -0.0000 -0.2580 -0.9661
vn -0.0000 -0.5522 0.8337
vn -0.0000 -0.3097 -0.9508
vn -0.0000 0.4448 0.8956
vn 0.9817 0.1894 -0.0196
vn 0.9182 0.3940 -0.0407
vn 0.6576 0.7493 -0.0774
vn 0.5327 0.8418 -0.0870
vn 0.1651 0.9810 -0.1014
vn 0.1453 0.9841 -0.1017
vn -0.0000 0.9947 -0.1028
vn -0.2910 0.8332 -0.4702
vn -0.5477 0.0266 -0.8362
vn 0.3555 0.7601 0.5439
vn 0.0672 0.9916 0.1103
vn 0.4210 -0.7359 0.5303
vn 0.5945 -0.0025 0.8041
vn -0.3258 -0.8245 -0.4627
vn 0.0844 -0.9915 0.0990
vn 0.9555 -0.0967 -0.2789
vn 0.9553 -0.0957 -0.2798
vn 0.9544 -0.0913 -0.2843
vn 0.9541 -0.0894 -0.2860
vn 0.9517 -0.0953 -0.2918
vn 0.9534 -0.0909 -0.2876
vn 0.9541 -0.0893 -0.2860
vn 0.9513 -0.0964 -0.2929
vn 0.9514 -0.0975 -0.2920
vn 0.9523 -0.1020 -0.2875
vn 0.9551 -0.0977 -0.2798
vn 0.9533 -0.1022 -0.2841
vn 0.9527 -0.1039 -0.2857
vn -0.1798 -0.0252 -0.9834
vn 0.0654 0.7633 -0.6427
vn 0.7734 0.3059 -0.5552
vn 0.7986 -0.0820 -0.5963
vn 0.3955 0.9000 -0.1833
vn 0.6563 0.7170 0.2349
vn 0.9786 0.2047 0.0211
vn 0.6876 0.7247 -0.0445
vn 0.6051 -0.7642 0.2233
vn 0.3638 -0.9146 -0.1764
vn 0.6248 -0.7797 -0.0416
vn 0.9371 -0.3484 0.0205
vn 0.0853 -0.8007 -0.5930
vn 0.7261 -0.4428 -0.5260
vn 0.8365 -0.0872 0.5411
vn 0.9957 -0.0889 0.0257
vn 0.9798 -0.1941 -0.0474
vn 0.9905 -0.1313 -0.0406
vn 0.9551 -0.2905 -0.0577
vn 0.0004 0.9993 -0.0364
vn 0.0046 0.9993 -0.0371
vn 0.9403 0.3373 -0.0449
vn 0.0054 0.9993 -0.0383
vn 0.0059 0.9993 -0.0382
vn 0.0021 0.9992 -0.0387
vn 0.0020 0.9992 -0.0387
vn -0.0000 0.9993 -0.0386
vn 0.8185 0.5736 0.0318
vn 0.8086 0.5879 0.0233
vn 0.7675 0.6410 -0.0098
vn 0.8410 0.5386 0.0523
vn 0.0112 0.9971 0.0756
vn 0.1661 -0.2507 0.9537
vn 0.1475 -0.1847 0.9717
vn 0.1362 -0.1896 0.9724
vn 0.1502 -0.2471 0.9573
vn 0.1905 -0.2315 0.9540
vn 0.2058 -0.2935 0.9336
vn -0.0000 -0.3034 0.9529
vn -0.0000 -0.2444 0.9697
vn 0.6250 0.7795 0.0426
vn -0.6393 0.7687 0.0228
vn -0.8928 0.4378 0.1060
vn 0.7376 0.6609 0.1382
vn -0.6761 -0.7297 -0.1025
vn -0.4001 -0.9149 0.0526
vn 0.8851 -0.4594 -0.0745
vn 0.5056 -0.8618 0.0407
vn -0.9802 0.1548 -0.1232
vn 0.1217 -0.0192 -0.9924
vn 0.9808 -0.1517 0.1223
vn -0.1217 0.0192 0.9924
vn -0.1560 -0.9878 -0.0000
vn 0.1560 0.9878 -0.0000
vn 0.9805 -0.1469 0.1307
vn 0.9654 -0.2304 0.1221
vn 0.7389 -0.1083 -0.6650
vn 0.3837 -0.9217 0.0564
vn 0.3999 0.9157 0.0403
vn 0.6528 -0.0957 0.7515
vn -0.9616 0.2714 0.0400
vn -0.0144 0.0957 -0.9953
vn 0.9625 -0.2682 -0.0406
vn 0.0144 -0.0957 0.9953
vn -0.2739 -0.9577 -0.0881
vn 0.2739 0.9577 0.0881
vn 0.9639 -0.2645 -0.0318
vn 0.9377 -0.3442 -0.0474
vn 0.6253 -0.0990 -0.7741
vn 0.2725 -0.9565 -0.1044
vn 0.5104 0.8559 0.0839
vn 0.7302 -0.2594 0.6321
vn 0.0068 0.7403 -0.6723
vn -0.3687 0.4829 -0.7943
vn -0.3843 -0.4084 -0.8280
vn -0.0068 -0.7403 -0.6723
vn -0.0000 0.7403 -0.6723
vn -0.0092 -0.7396 -0.6730
vn -0.0000 -0.7390 -0.6737
vn -0.9266 0.3623 0.1007
vn -0.9176 0.3801 0.1168
vn -0.9284 0.3585 0.0973
vn 0.5920 0.5805 -0.5591
vn 0.1935 0.9227 -0.3334
vn -0.0149 0.9814 -0.1916
vn -0.0012 0.9797 -0.2006
vn -0.9432 0.3290 -0.0466
vn -0.9323 0.3613 0.0178
vn -0.9423 0.3337 -0.0286
vn -0.9426 0.3308 -0.0462
vn -0.9400 0.3409 0.0128
vn -0.9340 0.3562 0.0262
vn -0.9453 0.3261 0.0120
vn -0.9447 0.3258 0.0377
vn -0.9446 0.3258 0.0389
vn -0.9453 0.3261 0.0123
vn -0.9421 0.3285 0.0679
vn -0.9422 0.3283 0.0669
vn -0.0517 -0.9760 -0.2118
vn -0.0466 -0.9766 -0.2100
vn -0.0029 -0.9809 -0.1947
vn 0.0024 -1.0000 0.0036
vn 0.0037 -1.0000 0.0042
vn 0.0014 -1.0000 0.0031
vn 0.0040 -1.0000 0.0090
vn -0.0361 0.9833 0.1781
vn -0.0309 0.9836 0.1777
vn -0.0450 0.9990 -0.0057
vn -0.0417 0.9991 -0.0059
vn -0.0499 0.9892 -0.1379
vn -0.0491 0.9969 -0.0610
vn 0.0283 -0.9740 -0.2247
vn 0.0148 -0.9746 -0.2237
vn -0.0188 -0.9741 -0.2253
vn -0.0101 -0.9744 -0.2247
vn 0.4595 -0.5871 -0.6665
vn 0.3167 -0.7064 -0.6330
vn 0.7755 -0.0482 -0.6295
vn 0.7684 -0.0833 -0.6345
vn 0.0022 1.0000 -0.0000
vn 0.6331 0.7741 -0.0000
vn 0.6506 0.7594 -0.0000
vn -0.0823 -0.6567 -0.7496
vn -0.0808 -0.6553 -0.7511
vn -0.0531 -0.6679 -0.7423
vn -0.0436 -0.6686 -0.7423
vn 0.0111 0.9973 0.0728
vn 0.0158 0.9962 0.0860
vn 0.0028 0.9962 0.0875
vn 0.0049 0.9970 0.0768
vn 0.4923 -0.8704 -0.0000
vn 0.4922 -0.8705 -0.0000
vn -0.0104 -0.9999 -0.0000
vn -0.0103 -0.9999 -0.0000
vn -0.0001 0.9994 0.0345
vn 0.0001 0.9929 0.1189
vn 0.0001 0.9939 0.1107
vn -0.0026 1.0000 -0.0049
vn 0.0001 0.9981 0.0619
vn -0.0015 1.0000 0.0008
vn 0.0012 0.9997 0.0244
vn -0.0016 0.9995 0.0327
vn -0.0014 -1.0000 0.0092
vn 0.0008 -0.9999 0.0167
vn 0.0031 -1.0000 0.0027
vn -0.1046 -0.9580 -0.2671
vn -0.1328 -0.9595 -0.2484
vn 0.9793 -0.2024 -0.0000
vn 0.9782 -0.2077 -0.0000
vn -0.0038 0.9977 0.0680
vn -0.0050 0.9990 0.0442
vn 0.0012 0.9977 0.0671
vn -0.9752 -0.2188 0.0337
vn -0.9747 -0.2193 0.0428
vn -0.9974 -0.0577 0.0438
vn -0.9980 -0.0502 0.0377
vn -0.9759 -0.2177 0.0124
vn -0.9975 -0.0701 0.0128
vn -0.9710 -0.2391 -0.0079
vn -0.9983 -0.0583 -0.0060
vn -0.9775 -0.1950 -0.0809
vn -0.9934 -0.0982 -0.0592
vn -0.0417 -0.8767 -0.4793
vn -0.0414 -0.8750 -0.4823
vn -0.0343 -0.8759 -0.4812
vn -0.0171 -0.8716 -0.4899
vn -0.0007 1.0000 -0.0000
vn 0.0031 -1.0000 0.0018
vn 0.0015 -1.0000 0.0096
vn 0.0009 -0.9971 0.0763
vn -0.8184 0.5745 -0.0136
vn -0.9298 0.3676 -0.0176
vn -0.8399 0.5392 -0.0622
vn 0.5366 -0.7923 -0.2905
vn 0.6002 -0.7450 -0.2910
vn -0.6134 0.7888 -0.0403
vn -0.7711 0.6242 -0.1260
vn -0.5065 0.8622 0.0057
vn -0.5056 0.8627 0.0067
vn -0.0037 -0.9312 0.3646
vn -0.0244 -0.9282 0.3714
vn -0.0305 -0.8007 0.5983
vn -0.0131 -0.9601 0.2795
vn -0.0139 0.9806 -0.1953
vn -0.0097 0.9803 -0.1973
vn -0.0043 -0.9871 0.1602
vn -0.0059 -0.6707 -0.7417
vn -0.9363 -0.3376 -0.0963
vn -0.9356 -0.3529 -0.0094
vn -0.9328 -0.3603 0.0121
vn -0.9317 -0.3605 0.0447
vn -0.9322 -0.3604 0.0347
vn -0.0005 -0.9786 0.2057
vn -0.0164 -0.9705 0.2406
vn -0.0139 -0.7982 0.6023
vn -0.0022 -0.7967 0.6044
vn 0.0039 -1.0000 0.0067
vn 0.0074 -0.9999 0.0085
vn -0.9246 -0.3231 -0.2021
vn -0.9841 -0.1101 -0.1397
vn -0.9706 -0.2193 0.0996
vn -0.9672 -0.2376 0.0892
vn -0.9946 -0.0646 0.0809
vn -0.9959 -0.0379 0.0823
vn -0.0215 -0.9929 0.1167
vn -0.9286 -0.3545 0.1100
vn -0.9102 -0.4033 0.0948
vn -0.9901 -0.0855 -0.1112
vn -0.9204 0.3886 -0.0420
vn -0.9682 0.2494 -0.0211
vn -0.7949 0.6017 -0.0779
vn -0.8778 0.4758 -0.0555
vn -0.9886 0.1505 -0.0012
vn -0.9878 0.1558 -0.0016
vn -0.9908 0.1346 0.0125
vn -0.9908 0.1346 0.0126
vn -0.9902 0.1396 -0.0004
vn -0.9923 0.1236 -0.0020
vn -0.9912 0.1320 -0.0024
vn -0.9486 0.3162 0.0154
vn -0.9803 0.1961 0.0221
vn -0.9759 0.2183 0.0004
vn -0.9491 0.3150 0.0040
vn -0.1603 0.7853 0.5980
vn -0.1775 0.7825 0.5968
vn -0.1556 0.8007 0.5786
vn -0.1557 0.8006 0.5786
vn -0.1159 0.8193 0.5616
vn -0.0446 0.9491 -0.3119
vn -0.0757 0.9453 -0.3173
vn -0.1115 0.9252 -0.3627
vn -0.1127 0.9242 -0.3650
vn -0.0546 0.9449 -0.3227
vn -0.0576 0.9449 -0.3224
vn -0.1433 0.9172 -0.3718
vn -0.1433 0.9181 -0.3696
vn 0.6894 0.7243 -0.0145
vn 0.7028 0.7046 -0.0984
vn 0.0889 0.9947 -0.0525
vn 0.0014 1.0000 -0.0011
vn -0.6130 0.7803 0.1236
vn -0.6878 0.7258 0.0129
vn -0.9847 -0.0046 0.1741
vn -0.9998 0.0025 0.0199
vn -0.6184 -0.7784 0.1083
vn -0.6912 -0.7225 0.0146
vn 0.0881 -0.9953 -0.0393
vn -0.0007 -1.0000 0.0012
vn 0.6987 -0.7096 -0.0907
vn 0.6902 -0.7235 -0.0129
vn 0.9935 -0.0049 -0.1135
vn 0.9998 0.0013 -0.0199
vn 0.9999 -0.0000 -0.0116
vn 0.6950 -0.7190 -0.0093
vn -0.9997 -0.0000 0.0253
vn -0.6925 0.7212 0.0170
vn 0.6949 0.7190 -0.0093
vn -0.6925 -0.7212 0.0170
vn 0.0001 1.0000 0.0012
vn 0.0001 -1.0000 0.0012
vn -0.6806 0.7255 0.1025
vn -0.0446 0.9972 0.0608
vn 0.6384 -0.7599 -0.1229
vn -0.1326 -0.9910 0.0170
vn -0.9923 0.0095 0.1232
vn 0.9902 0.0467 -0.1315
vn 0.5880 0.8073 -0.0503
vn -0.7041 -0.7039 0.0936
vn -0.5013 -0.8369 0.2198
vn -0.8535 -0.0408 0.5195
vn 0.1996 0.9775 0.0675
vn 0.5675 0.7719 -0.2865
vn -0.0735 -0.9973 0.0006
vn -0.4885 0.7825 0.3861
vn 0.4117 -0.7821 -0.4677
vn 0.7994 -0.0079 -0.6007
vn 0.4700 -0.0346 -0.8820
vn 0.2251 -0.8068 -0.5462
vn -0.4757 -0.0234 0.8793
vn -0.2506 0.7794 0.5742
vn 0.3385 0.7853 -0.5184
vn -0.3310 -0.8249 0.4582
vn 0.1163 0.9931 0.0134
vn -0.0541 -0.9985 -0.0024
vn 0.2288 -0.8037 -0.5492
vn 0.0013 -0.9998 0.0179
vn -0.1970 0.7971 0.5707
vn 0.0013 0.9998 0.0179
vn -0.3178 -0.0000 0.9482
vn 0.4000 0.0001 -0.9165
vn 0.2288 0.8038 -0.5492
vn -0.1970 -0.7972 0.5707
vn -0.0579 0.9982 -0.0158
vn -0.4195 0.7906 0.4461
vn -0.7303 -0.0187 0.6829
vn -0.4782 -0.7851 0.3936
vn -0.0702 -0.9972 -0.0238
vn 0.5172 -0.8011 -0.3012
vn 0.5009 0.7930 -0.3469
vn 0.8477 -0.0027 -0.5304
vn -0.0261 0.0003 0.9997
vn -0.0010 0.0007 1.0000
vn -0.0129 -0.1280 0.9917
vn 0.0007 -0.1456 0.9893
vn -0.0248 -0.1296 0.9913
vn -0.0248 0.0001 0.9997
vn 0.0009 0.0003 1.0000
vn -0.0522 0.0005 0.9986
vn -0.0122 -0.2521 0.9676
vn -0.0509 -0.2553 0.9655
vn -0.0525 -0.1309 0.9900
vn -0.0513 -0.2546 0.9657
vn -0.0251 -0.2528 0.9672
vn 0.0005 -0.2527 0.9675
vn -0.0243 -0.2531 0.9671
vn -0.0533 -0.0001 0.9986
vn 0.4301 -0.0444 0.9017
vn 0.3522 0.1060 0.9299
vn 0.2359 0.1983 0.9513
vn 0.1157 0.2420 0.9634
vn 0.0002 0.2544 0.9671
vn -0.1150 0.2412 0.9636
vn -0.2343 0.1971 0.9520
vn -0.3495 0.1051 0.9310
vn -0.4270 -0.0444 0.9032
vn -0.4282 -0.2283 0.8744
vn -0.3422 -0.4008 0.8498
vn -0.1885 -0.5204 0.8329
vn 0.0003 -0.5631 0.8264
vn 0.1895 -0.5212 0.8321
vn 0.3441 -0.4020 0.8485
vn 0.4310 -0.2292 0.8728
vn -0.6905 -0.1127 0.7145
vn 0.4276 -0.0444 0.9029
vn 0.3505 0.1054 0.9306
vn 0.2352 0.1979 0.9516
vn 0.1156 0.2424 0.9633
vn -0.1157 0.2425 0.9632
vn -0.2353 0.1980 0.9515
vn -0.3506 0.1055 0.9305
vn -0.4278 -0.0444 0.9028
vn -0.4287 -0.2285 0.8741
vn -0.3425 -0.4008 0.8497
vn -0.1887 -0.5201 0.8330
vn 0.1886 -0.5200 0.8331
vn 0.3424 -0.4008 0.8498
vn 0.4285 -0.2284 0.8742
vn 0.6231 -0.3401 0.7043
vn 0.6490 -0.0672 0.7578
vn 0.4778 -0.5729 0.6659
vn 0.2561 -0.7218 0.6430
vn -0.0003 -0.7720 0.6356
vn -0.2562 -0.7207 0.6442
vn -0.4767 -0.5713 0.6681
vn -0.6205 -0.3389 0.7071
vn -0.6456 -0.0674 0.7607
vn -0.5464 0.1701 0.8200
vn -0.3749 0.3232 0.8689
vn -0.1869 0.3993 0.8976
vn -0.0002 0.4224 0.9064
vn 0.1870 0.4006 0.8970
vn 0.3763 0.3252 0.8675
vn 0.5493 0.1717 0.8178
vn 0.6208 -0.3391 0.7068
vn 0.6463 -0.0673 0.7601
vn 0.4766 -0.5714 0.6680
vn 0.2559 -0.7205 0.6445
vn -0.2559 -0.7206 0.6444
vn -0.4767 -0.5715 0.6679
vn -0.6210 -0.3392 0.7066
vn -0.6465 -0.0673 0.7599
vn -0.5477 0.1708 0.8191
vn -0.3761 0.3247 0.8679
vn -0.1874 0.4012 0.8966
vn 0.1874 0.4011 0.8967
vn 0.3760 0.3245 0.8679
vn 0.5475 0.1707 0.8192
vn -0.0282 0.1430 -0.9893
vn -0.0546 0.1406 -0.9886
vn -0.0345 0.1056 -0.9938
vn -0.0886 0.0551 -0.9945
vn -0.0564 0.0621 -0.9965
vn -0.0588 0.1130 -0.9919
vn -0.0878 0.1113 -0.9899
vn -0.0592 0.0879 -0.9944
vn -0.0171 0.0592 -0.9981
vn -0.0284 0.1125 -0.9932
vn -0.0369 0.1619 -0.9861
vn -0.0625 0.1639 -0.9845
vn -0.0438 0.0558 -0.9975
vn -0.0872 0.0807 -0.9929
vn -0.0211 0.0703 -0.9973
vn -0.0868 0.1666 -0.9822
vn -0.0602 0.1133 -0.9917
vn -0.0594 0.1683 -0.9839
vn -0.0603 0.1102 -0.9921
vn -0.0603 0.1103 -0.9921
vn -0.0854 0.1180 -0.9893
vn -0.0606 0.0573 -0.9965
vn -0.0503 -0.1301 0.9902
vn -0.0510 -0.0001 0.9987
vn -0.0491 -0.2530 0.9662
vn -0.0487 -0.2539 0.9660
vn -0.0545 0.0003 0.9985
vn -0.1170 0.9380 -0.3263
vn -0.0980 0.9410 -0.3240
vn -0.0131 0.9545 -0.2981
vn -0.0212 0.9527 -0.3031
vn -0.1522 0.8347 0.5292
vn -0.1467 0.8346 0.5309
vn -0.1411 0.8345 0.5327
vn -0.1059 0.7832 0.6126
vn -0.1144 0.7846 0.6094
vn -0.0168 0.9810 -0.1933
vn -0.0169 0.9815 -0.1908
vn -0.0172 -0.9623 0.2715
vn -0.0293 -0.8001 0.5991
vn -0.0008 1.0000 -0.0000
vn -0.0314 -0.8721 -0.4883
vn -0.0263 -0.8712 -0.4902
vn -0.2995 0.9495 0.0932
vn -0.2170 0.9750 0.0469
vn -0.2046 0.9783 0.0335
vn -0.2841 0.9544 0.0921
vn -0.0503 -0.6452 -0.7624
vn -0.0487 -0.6450 -0.7626
vn -0.0157 0.9962 -0.0855
vn -0.0128 0.9962 -0.0857
vn -0.0051 0.9963 -0.0858
vn -0.0011 0.9964 -0.0850
vn -0.0687 0.9874 -0.1427
vn -0.0571 0.9962 -0.0663
vn -0.0538 0.9965 -0.0642
vn -0.0606 0.9884 -0.1395
vn -0.0449 0.9989 -0.0120
vn -0.0412 0.9991 -0.0120
vn -0.0415 0.9991 -0.0101
vn -0.0451 0.9989 -0.0099
vn 0.5137 0.8316 -0.2111
vn 0.5142 0.8313 -0.2112
vn -0.0055 1.0000 0.0029
vn -0.1349 0.8343 0.5346
vn -0.8967 -0.4348 -0.0831
vn -0.9114 -0.3977 -0.1061
vn -0.0555 0.9821 0.1799
vn -0.0545 0.9822 0.1800
vn -0.1806 0.9835 0.0077
vn -0.0113 0.9943 0.1060
vn -0.0114 0.9859 0.1667
vn -0.2527 0.9558 0.1501
vn -0.2982 0.9468 0.1210
vn -0.3083 0.9444 0.1144
vn -0.0042 0.9961 0.0883
vn -0.0039 0.9966 0.0821
vn 0.0053 0.9978 0.0662
vn -0.9372 0.3383 0.0846
vn -0.9377 0.3369 0.0846
vn 0.0064 0.9968 -0.0796
vn 0.0074 0.9989 -0.0459
vn 0.0057 0.9945 -0.1046
vn -0.9941 -0.0958 -0.0515
vn -0.9931 -0.1028 -0.0558
vn -0.9977 -0.0590 -0.0349
vn -0.9971 -0.0668 -0.0374
vn -0.9980 -0.0039 0.0635
vn -0.9980 -0.0036 0.0637
vn -0.9971 0.0145 0.0747
vn -0.9971 0.0135 0.0746
vn -0.9393 -0.3215 0.1199
vn -0.9763 -0.1874 0.1087
vn -0.0159 -0.9937 0.1105
vn -0.9945 -0.0520 0.0912
vn 0.9987 -0.0072 0.0495
vn 0.9719 0.0349 -0.2329
vn 0.3173 0.9462 0.0641
vn 0.8749 0.4819 0.0488
vn -0.2294 0.3648 -0.9024
vn -0.9719 -0.0349 0.2329
vn -0.8635 -0.0752 0.4988
vn -0.4994 0.7851 0.3665
vn -0.6671 0.6952 0.2677
vn 0.5422 -0.8013 -0.2530
vn 0.6853 -0.7278 0.0245
vn -0.2692 -0.9612 0.0596
vn -0.8536 -0.5035 0.1337
vn -0.2294 -0.0842 -0.9697
vn 0.0001 0.0002 1.0000
vn -0.0751 -0.0000 -0.9972
vn -0.6051 -0.0000 -0.7962
vn -0.5658 -0.0000 -0.8246
vn -0.9881 -0.0000 -0.1538
vn -0.9996 -0.0000 -0.0277
vn -0.9850 -0.0000 -0.1724
vn 0.0007 0.9980 0.0634
vn -0.9337 -0.3171 -0.1662
vn -0.9605 -0.2766 -0.0309
vn -0.9405 -0.3096 -0.1398
vn -0.0753 -0.4342 -0.8977
vn -0.5055 -0.4451 -0.7392
vn -0.5674 -0.4376 -0.6975
vn 0.0009 0.9883 0.1528
vn 0.0034 0.9858 0.1677
vn 0.0021 0.9974 0.0717
vn -0.0159 -0.4316 -0.9019
vn -0.0176 -0.0000 -0.9998
vn 0.0008 0.0020 1.0000
vn 0.1454 0.0284 0.9890
vn 0.1065 -0.0000 0.9943
vn 0.0102 0.9968 0.0789
vn 0.0096 0.9795 0.2012
vn -0.0450 -0.4312 -0.9011
vn -0.0499 -0.0000 -0.9988
vn 0.0323 0.9743 0.2231
vn 0.0033 0.9997 0.0227
vn 0.2095 -0.0000 0.9778
vn 0.2807 0.0517 0.9584
vn 0.0028 -1.0000 0.0015
vn 0.0109 -0.9999 0.0011
vn -0.0196 -0.9879 0.1538
vn -0.0141 -0.9968 0.0789
vn -0.0113 -0.9953 -0.0959
vn -0.0392 -0.9953 -0.0889
vn -0.0405 -0.9507 -0.3075
vn -0.0537 -0.9875 0.1483
vn -0.0272 -0.9959 0.0862
vn -0.0751 -0.9929 -0.0919
vn -0.0093 -1.0000 0.0018
vn -0.0781 -0.9690 -0.2346
vn -0.0792 -0.9252 -0.3712
vn -0.0226 -0.4230 0.9058
vn -0.0629 -0.9351 0.3486
vn -0.0352 -0.4756 -0.8789
vn -0.0094 -0.1467 -0.9891
vn -0.0723 -0.9974 -0.0046
vn -0.0029 -0.1239 0.9923
vn -0.0354 -0.3681 0.9291
vn -0.1254 -0.9038 0.4092
vn -0.0050 -0.1266 0.9919
vn -0.1511 -0.9622 -0.2264
vn -0.1338 -0.8941 -0.4274
vn -0.0531 -0.4088 -0.9111
vn -0.0157 -0.1493 -0.9887
vn -0.1519 -0.9884 -0.0048
vn -0.9695 -0.2451 -0.0000
vn 0.0117 -0.5461 0.8376
vn -0.0370 -0.5414 0.8400
vn -0.0850 -0.9430 0.3218
vn 0.0045 -0.9469 0.3214
vn -0.0117 -0.5448 -0.8385
vn -0.0461 -0.5405 -0.8401
vn -0.0153 -0.1950 -0.9807
vn -0.0137 -0.1882 -0.9820
vn -0.0754 -0.9971 -0.0026
vn -0.0003 -0.9997 -0.0249
vn 0.0135 -0.2614 0.9651
vn -0.0156 -0.2679 0.9633
vn -0.0740 -0.9385 -0.3374
vn -0.0050 -0.9335 -0.3587
vn -0.0676 -0.4886 -0.8699
vn -0.0165 -0.2002 -0.9796
vn -0.1498 -0.9185 0.3658
vn -0.1614 -0.9869 -0.0038
vn -0.0721 -0.4925 0.8673
vn -0.1454 -0.9144 -0.3779
vn -0.0345 -0.2721 0.9616
vn -0.9937 -0.1117 -0.0001
vn -0.0288 -0.7878 0.6152
vn 0.0185 0.1808 -0.9833
vn -0.0022 0.1808 -0.9835
vn -0.9819 -0.0343 0.1865
vn -0.8054 -0.1072 0.5830
vn -0.9174 -0.0719 0.3913
vn -0.9927 -0.0218 0.1184
vn -0.0459 -0.1806 0.9825
vn 0.0096 -0.9797 -0.2000
vn 0.0088 -0.9818 -0.1898
vn 0.0170 -0.9732 -0.2294
vn 0.0029 -0.9817 -0.1902
vn -0.0081 0.9833 0.1816
vn -0.0086 0.9833 0.1818
vn -0.9642 -0.1715 0.2025
vn -0.6861 -0.5515 0.4744
vn -0.8054 -0.4403 0.3968
vn -0.9858 -0.0888 0.1424
vn -0.9926 -0.0474 0.1120
vn -0.0080 0.9834 0.1811
vn 0.0023 -0.9835 -0.1811
vn -0.0004 -0.9835 -0.1808
vn -0.9957 -0.0168 0.0912
vn 0.0081 -0.9832 -0.1823
vn 0.0080 -0.9834 -0.1814
vn -0.0027 0.9835 0.1810
vn -0.0085 0.9818 0.1899
vn 0.0437 0.1807 -0.9826
vn -0.0092 0.9822 0.1875
vn 0.0088 -0.9832 -0.1824
vn -0.0917 -0.1801 0.9794
vn -0.0576 -0.7868 0.6145
vn -0.0575 -0.7868 0.6145
vn -0.0044 0.9821 0.1882
vn -0.0152 0.9786 0.2050
vn 0.0004 0.9835 0.1808
vn -0.8907 -0.3038 0.3381
vn -0.0440 0.6482 0.7602
vn 0.7560 0.4934 -0.4302
vn -0.1458 -0.4941 -0.8571
vn -0.4907 0.6823 -0.5419
vn 0.5533 -0.7002 0.4511
vn 0.9649 -0.0000 0.2627
vn 0.1916 -0.0000 -0.9815
vn -0.7234 -0.0000 0.6905
vn -0.1916 -0.0000 0.9815
vn -0.0967 -0.8634 0.4952
vn -0.0967 0.8634 0.4952
vn -0.0380 0.9801 0.1948
vn -0.0380 -0.9801 0.1948
vn -0.9375 -0.0000 0.3480
vn 0.7625 -0.0000 0.6470
vn -0.0851 -0.3165 -0.9448
vn -0.0843 -0.3172 -0.9446
vn -0.0843 0.3172 -0.9446
vn -0.0851 0.3165 -0.9448
vn 0.4142 0.2895 -0.8629
vn 0.4136 0.2903 -0.8629
vn 0.4136 -0.2903 -0.8629
vn 0.4142 -0.2895 -0.8629
vn -0.0790 0.8133 0.5765
vn -0.1015 0.8164 0.5685
vn -0.0437 0.8685 -0.4938
vn -0.0378 0.8671 -0.4967
vn -0.8719 0.4889 0.0266
vn -0.8850 0.4656 -0.0043
vn -0.8856 0.4644 0.0090
vn -0.8851 0.4654 -0.0014
vn -0.8860 0.4631 0.0229
vn -0.1433 0.8854 -0.4423
vn -0.0944 0.8784 -0.4685
vn -0.1147 0.8816 -0.4578
vn -0.1674 0.8195 0.5481
vn -0.1529 0.8199 0.5518
vn -0.1486 0.8199 0.5528
vn 0.6002 -0.6752 0.4287
vn 0.7250 -0.5553 0.4075
vn -0.0548 -0.9255 0.3748
vn -0.0523 -0.9256 0.3748
vn -0.6253 0.7668 0.1451
vn -0.7854 0.5660 0.2506
vn -0.9191 -0.1787 0.3513
vn -0.9199 -0.1702 0.3534
vn 0.5976 0.7364 0.3172
vn 0.3992 0.8708 0.2871
vn -0.5248 0.8504 0.0369
vn -0.5287 0.8474 0.0492
vn -0.5124 0.8587 -0.0006
vn -0.8612 -0.4932 0.1227
vn -0.8485 -0.5231 0.0797
vn -0.8219 -0.5696 0.0076
vn -0.1068 -0.4491 0.8871
vn -0.9431 -0.2878 0.1667
vn -0.9351 -0.2979 0.1918
vn -0.0956 -0.4481 0.8889
vn -0.9761 -0.2157 -0.0259
vn -0.9760 -0.2168 -0.0217
vn -0.9742 -0.2252 0.0127
vn -0.9742 -0.2253 0.0130
vn -0.0111 -0.4347 0.9005
vn -0.0124 -0.4347 0.9005
vn -0.9150 -0.2711 -0.2987
vn -0.9264 -0.2628 -0.2695
vn -0.9755 -0.2096 -0.0666
vn -0.9749 -0.2090 -0.0771
vn -0.1884 -0.3635 -0.9124
vn -0.0627 -0.3618 -0.9301
vn -0.0612 -0.3618 -0.9302
vn -0.1786 -0.3633 -0.9144
vn 0.0009 0.9901 -0.1403
vn 0.0008 0.9901 -0.1404
vn 0.0093 0.9882 -0.1526
vn 0.0096 0.9882 -0.1529
vn 0.0219 0.9866 -0.1617
vn 0.0077 -0.8456 -0.5338
vn 0.0078 -0.8456 -0.5338
vn -0.9964 0.0755 -0.0381
vn -0.9953 -0.0942 -0.0204
vn -0.8860 0.4577 -0.0746
vn -0.7539 0.6507 -0.0907
vn -0.9817 0.1894 -0.0196
vn -0.9182 0.3940 -0.0407
vn -0.5327 0.8418 -0.0870
vn -0.6576 0.7493 -0.0774
vn -0.1453 0.9841 -0.1017
vn -0.1651 0.9810 -0.1014
vn 0.5477 0.0266 -0.8362
vn 0.2910 0.8332 -0.4702
vn -0.0672 0.9916 0.1103
vn -0.3555 0.7601 0.5439
vn -0.5945 -0.0025 0.8041
vn -0.4210 -0.7359 0.5303
vn -0.0844 -0.9915 0.0990
vn 0.3258 -0.8245 -0.4627
vn -0.9555 -0.0967 -0.2789
vn -0.9544 -0.0913 -0.2843
vn -0.9553 -0.0957 -0.2798
vn -0.9541 -0.0894 -0.2860
vn -0.9541 -0.0893 -0.2860
vn -0.9534 -0.0909 -0.2876
vn -0.9517 -0.0953 -0.2918
vn -0.9513 -0.0964 -0.2929
vn -0.9523 -0.1020 -0.2875
vn -0.9514 -0.0975 -0.2920
vn -0.9551 -0.0977 -0.2798
vn -0.9533 -0.1022 -0.2841
vn -0.9527 -0.1039 -0.2857
vn 0.1798 -0.0252 -0.9834
vn -0.7986 -0.0820 -0.5963
vn -0.7734 0.3059 -0.5552
vn -0.0654 0.7633 -0.6427
vn -0.3955 0.9000 -0.1833
vn -0.6876 0.7247 -0.0445
vn -0.9786 0.2047 0.0211
vn -0.6563 0.7170 0.2349
vn -0.6051 -0.7642 0.2233
vn -0.9371 -0.3484 0.0205
vn -0.6248 -0.7797 -0.0416
vn -0.3638 -0.9146 -0.1764
vn -0.0853 -0.8007 -0.5930
vn -0.7261 -0.4428 -0.5260
vn -0.9957 -0.0889 0.0257
vn -0.8365 -0.0872 0.5411
vn -0.9798 -0.1941 -0.0474
vn -0.9905 -0.1313 -0.0406
vn -0.9551 -0.2905 -0.0577
vn -0.0046 0.9993 -0.0371
vn -0.0004 0.9993 -0.0364
vn -0.9403 0.3373 -0.0449
vn -0.0059 0.9993 -0.0382
vn -0.0054 0.9993 -0.0383
vn -0.0021 0.9992 -0.0387
vn -0.0020 0.9992 -0.0387
vn -0.8185 0.5736 0.0318
vn -0.7675 0.6410 -0.0098
vn -0.8086 0.5879 0.0233
vn -0.8410 0.5386 0.0523
vn -0.0112 0.9971 0.0756
vn -0.1661 -0.2507 0.9537
vn -0.1502 -0.2471 0.9573
vn -0.1362 -0.1896 0.9724
vn -0.1475 -0.1846 0.9717
vn -0.1905 -0.2315 0.9540
vn -0.2058 -0.2935 0.9336
vn -0.6250 0.7795 0.0426
vn -0.7376 0.6609 0.1382
vn 0.8928 0.4378 0.1060
vn 0.6393 0.7687 0.0228
vn 0.4001 -0.9149 0.0526
vn 0.6761 -0.7297 -0.1025
vn -0.8851 -0.4594 -0.0745
vn -0.5056 -0.8618 0.0407
vn 0.9802 0.1548 -0.1232
vn -0.1217 -0.0192 -0.9924
vn -0.9808 -0.1517 0.1223
vn 0.1217 0.0192 0.9924
vn 0.1560 -0.9878 -0.0000
vn -0.1560 0.9878 -0.0000
vn -0.9805 -0.1469 0.1307
vn -0.9654 -0.2304 0.1221
vn -0.7389 -0.1083 -0.6650
vn -0.3837 -0.9217 0.0564
vn -0.3999 0.9157 0.0403
vn -0.6528 -0.0957 0.7515
vn 0.9616 0.2714 0.0400
vn 0.0144 0.0957 -0.9953
vn -0.9625 -0.2682 -0.0406
vn -0.0144 -0.0957 0.9953
vn 0.2739 -0.9577 -0.0881
vn -0.2739 0.9577 0.0881
vn -0.9639 -0.2645 -0.0318
vn -0.9377 -0.3442 -0.0474
vn -0.6253 -0.0990 -0.7741
vn -0.2725 -0.9565 -0.1044
vn -0.5104 0.8559 0.0839
vn -0.7302 -0.2594 0.6321
vn -0.0068 0.7403 -0.6723
vn 0.3687 0.4829 -0.7943
vn 0.3843 -0.4084 -0.8280
vn 0.0068 -0.7403 -0.6723
vn 0.0092 -0.7396 -0.6730
vn -0.6091 -0.7801 -0.1432
vn -0.6849 0.7166 0.1316
vn -0.3949 0.9036 0.1660
vn -0.9955 -0.0936 -0.0171
vn 0.9813 0.1910 0.0253
vn 0.9166 -0.3716 -0.1476
vn 0.4685 0.8821 -0.0499
vn 0.9955 -0.0936 -0.0171
vn 0.3949 0.9036 0.1660
vn 0.6849 0.7166 0.1316
vn 0.6091 -0.7801 -0.1432
vn -0.0000 -0.1781 0.9840
vn 0.0002 0.0021 -1.0000
vn 0.0002 0.0064 -1.0000
vn 0.0005 0.0031 -1.0000
vn 0.0003 0.0023 -1.0000
vn -0.0002 0.0064 -1.0000
vn -0.0005 0.0031 -1.0000
vn -0.0002 0.0021 -1.0000
vn -0.0003 0.0023 -1.0000
vn -0.9166 -0.3716 -0.1476
vn -0.4685 0.8821 -0.0499
vn -0.0000 -0.9918 -0.1279
vn -0.0000 0.9908 0.1351
vn -0.9813 0.1910 0.0253
vn -0.1573 0.0471 -0.9864
vn -0.2029 0.1171 -0.9722
vn 0.1662 0.2641 -0.9501
vn 0.1260 0.3226 -0.9381
vn -0.9916 -0.0920 0.0907
vn -0.9452 0.2872 0.1552
vn -0.8928 0.4481 -0.0453
vn -0.9916 0.0920 -0.0907
vn 0.9916 -0.0920 0.0907
vn 0.8928 -0.4481 0.0453
vn 0.9452 -0.2872 -0.1552
vn 0.9916 0.0920 -0.0907
vn -0.7429 0.6307 0.2242
vn -0.6722 0.7402 -0.0180
vn 0.6722 -0.7402 0.0180
vn 0.7429 -0.6307 -0.2242
vn -0.4087 0.8702 0.2751
vn -0.3604 0.9328 -0.0038
vn 0.3604 -0.9328 0.0038
vn 0.4087 -0.8702 -0.2751
vn -0.0000 0.9560 0.2934
vn -0.0000 1.0000 0.0005
vn 0.3615 0.8762 0.3188
vn -0.0000 0.9425 0.3343
vn -0.0000 1.0000 -0.0004
vn 0.3870 0.9220 -0.0074
vn 0.4087 0.8702 0.2751
vn 0.3604 0.9328 -0.0038
vn -0.0000 -1.0000 -0.0005
vn -0.0000 -0.9560 -0.2934
vn -0.0000 -0.4225 0.9064
vn -0.0000 -0.0356 0.9994
vn 0.0607 -0.0452 0.9971
vn -0.0901 -0.4029 0.9108
vn 0.7429 0.6307 0.2242
vn 0.6722 0.7402 -0.0180
vn -0.6722 -0.7402 0.0180
vn -0.8928 -0.4481 0.0453
vn -0.9452 -0.2872 -0.1552
vn -0.7429 -0.6307 -0.2242
vn 0.9452 0.2872 0.1552
vn 0.8928 0.4481 -0.0453
vn -0.9327 -0.3531 0.0731
vn -0.7185 -0.6949 0.0301
vn -0.6745 -0.6852 -0.2750
vn -0.8954 -0.3925 -0.2102
vn 0.0901 0.4029 -0.9108
vn 0.1620 0.3504 -0.9225
vn -0.1169 0.0754 -0.9903
vn -0.0608 0.0452 -0.9971
vn -0.0865 -0.0023 -0.9962
vn 0.0669 0.3592 -0.9308
vn -0.0000 0.4225 -0.9064
vn -0.0000 0.0357 -0.9994
vn -0.0000 -0.0205 -0.9998
vn -0.0000 0.3713 -0.9285
vn -0.0901 0.4029 -0.9108
vn 0.0608 0.0452 -0.9971
vn 0.1573 0.0471 -0.9864
vn 0.0865 -0.0023 -0.9962
vn -0.0669 0.3592 -0.9308
vn -0.1260 0.3226 -0.9381
vn -0.1620 0.3504 -0.9225
vn 0.1169 0.0754 -0.9903
vn 0.2029 0.1171 -0.9722
vn -0.1662 0.2641 -0.9501
vn -0.2060 0.2778 -0.9383
vn 0.1594 0.1270 -0.9790
vn 0.2195 0.1970 -0.9555
vn -0.1779 0.1940 -0.9647
vn -0.2195 0.1970 -0.9555
vn 0.1779 0.1940 -0.9647
vn 0.2060 0.2778 -0.9383
vn -0.1594 0.1270 -0.9790
vn 0.2195 -0.1970 0.9555
vn -0.1779 -0.1940 0.9647
vn -0.1594 -0.1270 0.9790
vn 0.2060 -0.2778 0.9383
vn -0.9900 0.0320 0.1371
vn -0.9900 -0.0320 -0.1371
vn -0.1169 -0.0754 0.9903
vn 0.1620 -0.3504 0.9225
vn 0.0901 -0.4029 0.9108
vn -0.0608 -0.0452 0.9971
vn -0.8954 0.3925 0.2102
vn -0.9327 0.3531 -0.0731
vn 0.1169 -0.0754 0.9903
vn -0.1620 -0.3504 0.9225
vn -0.6745 0.6852 0.2750
vn -0.7185 0.6949 -0.0301
vn -0.3604 -0.9328 0.0038
vn -0.4087 -0.8702 -0.2751
vn 0.1594 -0.1270 0.9790
vn -0.2060 -0.2778 0.9383
vn -0.3615 0.8762 0.3188
vn -0.3870 0.9220 -0.0074
vn 0.1779 -0.1940 0.9647
vn -0.2195 -0.1970 0.9555
vn 0.8954 0.3925 0.2102
vn 0.6745 0.6852 0.2750
vn 0.7185 0.6949 -0.0301
vn 0.9327 0.3531 -0.0731
vn 0.1662 -0.2641 0.9501
vn -0.2029 -0.1171 0.9722
vn 0.9900 0.0320 0.1371
vn 0.9900 -0.0320 -0.1371
vn 0.1260 -0.3226 0.9381
vn -0.1573 -0.0471 0.9864
vn 0.9327 -0.3531 0.0731
vn 0.8954 -0.3925 -0.2102
vn 0.0669 -0.3592 0.9308
vn -0.0865 0.0023 0.9962
vn 0.7185 -0.6949 0.0301
vn 0.6745 -0.6852 -0.2750
vn -0.0000 -0.3713 0.9285
vn -0.0000 0.0205 0.9998
vn 0.3870 -0.9220 0.0074
vn 0.3615 -0.8762 -0.3188
vn -0.0669 -0.3592 0.9308
vn 0.0865 0.0023 0.9962
vn -0.0000 -1.0000 0.0004
vn -0.0000 -0.9425 -0.3343
vn -0.1260 -0.3226 0.9381
vn 0.1573 -0.0471 0.9864
vn -0.3870 -0.9220 0.0074
vn -0.3615 -0.8762 -0.3188
vn -0.1662 -0.2641 0.9501
vn 0.2029 -0.1171 0.9722
vn -0.0000 -0.9445 0.3286
vn -0.3070 -0.8869 0.3453
vn -0.5719 -0.7204 0.3924
vn -0.7549 -0.4657 0.4619
vn -0.8252 -0.1589 0.5420
vn -0.7695 0.1534 0.6200
vn -0.5941 0.4230 0.6842
vn -0.3239 0.6069 0.7258
vn -0.0000 0.6725 0.7401
vn 0.3239 0.6069 0.7258
vn 0.5941 0.4230 0.6842
vn 0.7695 0.1534 0.6200
vn 0.8252 -0.1589 0.5420
vn 0.7549 -0.4657 0.4619
vn 0.5719 -0.7204 0.3924
vn 0.3070 -0.8869 0.3453
vn -0.0000 0.5885 0.8085
vn 0.2728 0.5419 0.7950
vn 0.5155 0.4033 0.7560
vn 0.6942 0.1828 0.6962
vn 0.7776 -0.0954 0.6215
vn 0.7432 -0.3936 0.5410
vn 0.5847 -0.6631 0.4673
vn 0.3216 -0.8510 0.4152
vn -0.0000 -0.9180 0.3965
vn -0.3216 -0.8510 0.4152
vn -0.5847 -0.6631 0.4673
vn -0.7432 -0.3936 0.5410
vn -0.7776 -0.0954 0.6215
vn -0.6942 0.1828 0.6962
vn -0.5155 0.4033 0.7560
vn -0.2728 0.5419 0.7950
vn 0.3239 -0.6069 -0.7258
vn -0.0000 -0.6725 -0.7401
vn 0.5941 -0.4230 -0.6842
vn 0.7695 -0.1534 -0.6200
vn 0.8252 0.1589 -0.5420
vn 0.7549 0.4657 -0.4619
vn 0.5719 0.7204 -0.3924
vn 0.3070 0.8869 -0.3453
vn -0.0000 0.9445 -0.3286
vn -0.3070 0.8869 -0.3453
vn -0.5719 0.7204 -0.3924
vn -0.7549 0.4657 -0.4619
vn -0.8252 0.1589 -0.5420
vn -0.7695 -0.1534 -0.6200
vn -0.5941 -0.4230 -0.6842
vn -0.3239 -0.6069 -0.7258
vn -0.3216 0.8510 -0.4152
vn -0.0000 0.9180 -0.3965
vn -0.5847 0.6631 -0.4673
vn -0.7432 0.3936 -0.5410
vn -0.7776 0.0954 -0.6215
vn -0.6942 -0.1828 -0.6962
vn -0.5155 -0.4033 -0.7560
vn -0.2728 -0.5419 -0.7950
vn -0.0000 -0.5885 -0.8085
vn 0.2728 -0.5419 -0.7950
vn 0.5155 -0.4033 -0.7560
vn 0.6942 -0.1828 -0.6962
vn 0.7776 0.0954 -0.6215
vn 0.7432 0.3936 -0.5410
vn 0.5847 0.6631 -0.4673
vn 0.3216 0.8510 -0.4152
vn -0.0000 0.2038 -0.9790
vn -0.0000 -0.2038 0.9790
vn -0.4989 -0.8646 0.0595
vn -0.0000 0.9790 0.2038
vn -0.9183 -0.3714 0.1372
vn 0.7538 -0.6433 -0.1339
vn 0.4333 -0.8823 -0.1837
vn 0.4989 -0.8646 0.0595
vn 0.9183 -0.3714 0.1372
vn -0.4333 -0.8823 -0.1837
vn -0.7538 -0.6433 -0.1339
vn -0.6340 -0.7720 0.0446
vn -0.9157 0.3614 0.1756
vn -0.5075 0.8435 0.1756
vn -0.9577 -0.2817 -0.0587
vn 0.9577 -0.2817 -0.0587
vn 0.5075 0.8435 0.1756
vn 0.9157 0.3614 0.1756
vn 0.6340 -0.7720 0.0446
vn -0.0000 -0.9790 -0.2038
vn 0.8470 -0.5205 -0.1084
vn 0.4553 -0.8896 0.0358
vn -0.0000 -0.9991 0.0417
vn -0.8470 -0.5205 -0.1084
vn -0.4553 -0.8896 0.0358
vn 0.4699 0.8222 0.3212
vn 0.9769 0.1350 0.1655
vn 0.8252 0.5614 -0.0621
vn 0.3045 0.9519 -0.0324
vn 0.8187 -0.5704 0.0662
vn 0.9762 -0.1477 -0.1589
vn 0.3005 -0.9531 0.0357
vn 0.4656 -0.8298 -0.3078
vn -0.3005 -0.9531 0.0357
vn -0.4656 -0.8298 -0.3078
vn -0.8187 -0.5704 0.0662
vn -0.9762 -0.1476 -0.1589
vn -0.9769 0.1350 0.1655
vn -0.8252 0.5614 -0.0621
vn -0.4699 0.8222 0.3212
vn -0.3045 0.9519 -0.0324
vn -0.0468 0.2992 -0.9530
vn 0.0468 0.2992 -0.9530
vn -0.0825 0.0183 -0.9964
vn -0.1864 0.1334 -0.9734
vn -0.1859 0.2765 -0.9428
vn -0.0825 0.3900 -0.9171
vn 0.0825 0.3900 -0.9171
vn 0.1859 0.2765 -0.9428
vn 0.1864 0.1334 -0.9734
vn 0.0825 0.0183 -0.9964
vn 0.0788 0.2310 -0.9698
vn 0.0664 0.1881 -0.9799
vn 0.0352 0.1424 -0.9892
vn -0.0352 0.1424 -0.9892
vn -0.0664 0.1881 -0.9799
vn -0.0788 0.2310 -0.9698
vn 0.3770 0.9120 -0.1613
vn 0.3767 0.9129 -0.1572
vn 0.3335 0.9333 0.1328
vn 0.3343 0.9336 0.1288
vn -0.3753 -0.9158 0.1433
vn -0.3757 -0.9150 0.1473
vn -0.3309 -0.9324 -0.1453
vn -0.3318 -0.9327 -0.1414
vn -0.8827 0.4698 -0.0044
vn 0.8827 0.4698 -0.0044
vn -0.3770 0.9120 -0.1613
vn -0.3767 0.9129 -0.1572
vn 0.3309 -0.9324 -0.1453
vn 0.3318 -0.9327 -0.1414
vn -0.3343 0.9336 0.1288
vn -0.3335 0.9333 0.1328
vn 0.3757 -0.9150 0.1473
vn 0.3753 -0.9158 0.1433
vn 0.9453 0.3261 -0.0000
vn -0.9453 0.3261 -0.0000
vn -0.2381 0.9608 -0.1422
vn 0.2381 -0.9607 -0.1429
vn -0.2381 0.9607 0.1427
vn 0.2381 -0.9608 0.1423
vn -0.2381 -0.9608 0.1423
vn -0.2381 -0.9607 -0.1429
vn 0.2381 0.9607 0.1427
vn 0.2381 0.9608 -0.1422
vt 0.595573 0.127814
vt 0.595377 0.065186
vt 0.617541 0.076797
vt 0.617541 0.131958
vt 0.135327 0.014582
vt 0.135362 0.041421
vt 0.131310 0.054626
vt 0.131274 0.027787
vt 0.379508 0.078090
vt 0.382780 0.000000
vt 0.401093 0.012095
vt 0.414677 0.087846
vt 0.442299 0.052958
vt 0.442488 0.125532
vt 0.483806 0.124939
vt 0.483568 0.052367
vt 0.525084 0.051294
vt 0.525401 0.123865
vt 0.557807 0.050020
vt 0.558124 0.122591
vt 0.247860 0.059109
vt 0.247823 0.027015
vt 0.282336 0.023351
vt 0.282371 0.053982
vt 0.614820 0.366789
vt 0.614199 0.338164
vt 0.655670 0.338150
vt 0.655669 0.366775
vt 0.697176 0.344449
vt 0.697179 0.373050
vt 0.705284 0.346802
vt 0.705288 0.375398
vt 0.331191 0.654896
vt 0.338455 0.489924
vt 0.339447 0.489752
vt 0.332175 0.654920
vt 0.472908 0.740560
vt 0.471917 0.665898
vt 0.509440 0.664977
vt 0.509440 0.753128
vt 0.431694 0.733329
vt 0.430477 0.663219
vt 0.460486 0.666178
vt 0.461779 0.736731
vt 0.630403 0.238933
vt 0.634728 0.140918
vt 0.635437 0.140747
vt 0.631156 0.237782
vt 0.012741 0.030004
vt 0.066624 0.012718
vt 0.071518 0.025906
vt 0.024658 0.043178
vt 0.722927 0.933584
vt 0.723187 0.963147
vt 0.720490 0.963193
vt 0.720231 0.933629
vt 0.148148 0.118526
vt 0.148103 0.041395
vt 0.247866 0.131494
vt 0.755533 0.412099
vt 0.760803 0.430908
vt 0.745037 0.450209
vt 0.739972 0.432187
vt 0.726032 0.659210
vt 0.725914 0.671942
vt 0.723211 0.671919
vt 0.723330 0.659187
vt 0.667773 0.666450
vt 0.667503 0.685109
vt 0.649894 0.677858
vt 0.650172 0.659187
vt 0.309365 0.813240
vt 0.328186 0.810890
vt 0.328186 0.853959
vt 0.309357 0.856326
vt 0.890508 0.338150
vt 0.895542 0.356151
vt 0.855909 0.367437
vt 0.850877 0.349435
vt 0.818001 0.384730
vt 0.812977 0.366737
vt 0.789887 0.403685
vt 0.784865 0.385700
vt 0.697193 0.483124
vt 0.705323 0.435794
vt 0.655799 0.479417
vt 0.614401 0.479431
vt 0.292248 0.092690
vt 0.540603 0.953059
vt 0.539834 0.877129
vt 0.542535 0.877199
vt 0.543304 0.953129
vt 0.800635 0.518246
vt 0.773892 0.418657
vt 0.814337 0.496180
vt 0.527644 0.230233
vt 0.543698 0.164702
vt 0.537730 0.229879
vt 0.485942 0.231309
vt 0.444555 0.231902
vt 0.419334 0.214693
vt 0.012800 0.117267
vt 0.012752 0.039573
vt 0.024669 0.052748
vt 0.024713 0.126926
vt 0.722989 0.818309
vt 0.720269 0.818355
vt 0.614752 0.659157
vt 0.614443 0.500991
vt 0.655825 0.500977
vt 0.656018 0.659143
vt 0.697196 0.504683
vt 0.697216 0.659130
vt 0.738887 0.506908
vt 0.739972 0.659187
vt 0.095297 0.796904
vt 0.157011 0.672163
vt 0.111020 0.812195
vt 0.637520 0.080000
vt 0.638202 0.080438
vt 0.325189 0.502312
vt 0.322132 0.464260
vt 0.323383 0.464133
vt 0.326409 0.501805
vt 0.532772 0.575996
vt 0.532662 0.662796
vt 0.531632 0.662741
vt 0.531822 0.574962
vt 0.109093 0.506224
vt 0.109221 0.651785
vt 0.036149 0.651369
vt 0.036157 0.515169
vt 0.135486 0.242587
vt 0.135580 0.334829
vt 0.131512 0.334879
vt 0.131423 0.246624
vt 0.025098 0.508186
vt 0.025484 0.651103
vt 0.148054 0.002258
vt 0.425865 0.338150
vt 0.448045 0.336079
vt 0.489472 0.335485
vt 0.539440 0.334112
vt 0.531230 0.334408
vt 0.036151 0.359545
vt 0.109206 0.336535
vt 0.108983 0.374947
vt 0.036161 0.391637
vt 0.585692 0.374785
vt 0.585761 0.344152
vt 0.591851 0.339729
vt 0.573508 0.665318
vt 0.552223 0.815545
vt 0.543303 0.794947
vt 0.569117 0.665228
vt 0.597522 0.217619
vt 0.616008 0.217871
vt 0.320178 0.693244
vt 0.320379 0.661139
vt 0.330799 0.669342
vt 0.330597 0.701442
vt 0.594091 0.297265
vt 0.604648 0.289227
vt 0.411688 0.193312
vt 0.402715 0.140018
vt 0.182322 0.662716
vt 0.155206 0.706904
vt 0.184290 0.651975
vt 0.114534 0.807847
vt 0.146600 0.850758
vt 0.143793 0.859958
vt 0.147886 0.850980
vt 0.186065 0.857567
vt 0.184451 0.867028
vt 0.183590 0.662803
vt 0.193899 0.652706
vt 0.223848 0.863690
vt 0.221252 0.665380
vt 0.225442 0.655105
vt 0.225442 0.873672
vt 0.532962 0.483065
vt 0.533101 0.432967
vt 0.543303 0.426140
vt 0.543261 0.477818
vt 0.343553 0.353270
vt 0.334018 0.338150
vt 0.746023 0.093159
vt 0.746109 0.016749
vt 0.755755 0.000000
vt 0.755539 0.080860
vt 0.627405 0.308091
vt 0.617541 0.308161
vt 0.620737 0.236993
vt 0.628308 0.073440
vt 0.300146 0.634511
vt 0.287216 0.632711
vt 0.291615 0.543569
vt 0.304518 0.545632
vt 0.276000 0.630391
vt 0.280410 0.541149
vt 0.539347 0.754896
vt 0.524420 0.754495
vt 0.523723 0.665407
vt 0.538702 0.665704
vt 0.510262 0.754554
vt 0.509440 0.665735
vt 0.329071 0.630469
vt 0.316844 0.631753
vt 0.316905 0.543012
vt 0.329095 0.541432
vt 0.304518 0.633292
vt 0.304595 0.544684
vt 0.538598 0.856768
vt 0.523903 0.857145
vt 0.524051 0.768777
vt 0.538802 0.768533
vt 0.538763 0.867419
vt 0.524068 0.867796
vt 0.539277 0.765561
vt 0.524350 0.765161
vt 0.509440 0.857275
vt 0.509605 0.867925
vt 0.510192 0.765220
vt 0.299619 0.645178
vt 0.286689 0.643376
vt 0.329095 0.641159
vt 0.316868 0.642444
vt 0.275474 0.641056
vt 0.304542 0.643984
vt 0.286561 0.645993
vt 0.275499 0.644049
vt 0.316873 0.645067
vt 0.304719 0.646238
vt 0.539270 0.768533
vt 0.524348 0.768280
vt 0.538802 0.869680
vt 0.524106 0.869911
vt 0.509643 0.870186
vt 0.510185 0.768193
vt 0.299338 0.647418
vt 0.328928 0.644150
vt 0.196170 0.873672
vt 0.195060 0.884428
vt 0.181085 0.890161
vt 0.182286 0.880293
vt 0.304518 0.650287
vt 0.293703 0.650046
vt 0.319822 0.648961
vt 0.309804 0.648800
vt 0.211237 0.876958
vt 0.218661 0.888226
vt 0.217242 0.895948
vt 0.210036 0.886825
vt 0.185624 0.979450
vt 0.178587 0.990964
vt 0.176895 0.983324
vt 0.183791 0.973952
vt 0.200569 0.975664
vt 0.198677 0.971054
vt 0.214667 0.981825
vt 0.212834 0.976327
vt 0.181398 0.962456
vt 0.196097 0.961954
vt 0.209340 0.909946
vt 0.194632 0.909940
vt 0.210441 0.964832
vt 0.180389 0.913282
vt 0.217968 0.986683
vt 0.216026 0.969405
vt 0.176299 0.900665
vt 0.174953 0.918015
vt 0.215895 0.913298
vt 0.174953 0.966045
vt 0.176895 0.941996
vt 0.182975 0.942834
vt 0.218661 0.937279
vt 0.212621 0.938340
vt 0.198127 0.940161
vt 0.197524 0.944165
vt 0.212018 0.945209
vt 0.183670 0.941675
vt 0.217968 0.945356
vt 0.177718 0.941996
vt 0.509459 0.768607
vt 0.240648 0.374662
vt 0.240957 0.361929
vt 0.249962 0.355967
vt 0.249506 0.374776
vt 0.194300 0.343939
vt 0.195876 0.335112
vt 0.832199 0.000000
vt 0.878876 0.017938
vt 0.878582 0.030671
vt 0.832277 0.030821
vt 0.240641 0.491149
vt 0.249500 0.491219
vt 0.117994 0.345191
vt 0.756011 0.162396
vt 0.832418 0.162248
vt 0.832571 0.307992
vt 0.756300 0.307944
vt 0.117927 0.506251
vt 0.118052 0.651800
vt 0.117821 0.374985
vt 0.755895 0.001336
vt 0.755755 0.031130
vt 0.878723 0.162159
vt 0.878876 0.307976
vt 0.725915 0.803442
vt 0.726032 0.949270
vt 0.723273 0.949247
vt 0.723187 0.803419
vt 0.540603 0.830379
vt 0.543304 0.830449
vt 0.729127 0.759106
vt 0.739641 0.759268
vt 0.739725 0.777442
vt 0.729635 0.777037
vt 0.739966 0.792990
vt 0.730235 0.792379
vt 0.738696 0.932036
vt 0.728950 0.932032
vt 0.728743 0.918911
vt 0.738251 0.918917
vt 0.728670 0.903526
vt 0.738094 0.903533
vt 0.728743 0.888218
vt 0.738251 0.888224
vt 0.728951 0.875317
vt 0.738696 0.875322
vt 0.320688 0.922228
vt 0.310981 0.923036
vt 0.310214 0.908399
vt 0.320285 0.907789
vt 0.309644 0.890582
vt 0.320143 0.890205
vt 0.309357 0.872296
vt 0.320285 0.872153
vt 0.309396 0.856326
vt 0.320688 0.856381
vt 0.985339 0.707159
vt 0.996595 0.707023
vt 0.995902 0.718561
vt 0.984416 0.718718
vt 0.995658 0.733296
vt 0.984092 0.733461
vt 0.995902 0.748985
vt 0.984416 0.749142
vt 0.996595 0.763239
vt 0.985339 0.763376
vt 0.410455 0.908824
vt 0.410455 0.927171
vt 0.404392 0.944499
vt 0.393188 0.958170
vt 0.378550 0.966101
vt 0.362705 0.967086
vt 0.348067 0.960975
vt 0.336863 0.948698
vt 0.330800 0.932124
vt 0.330800 0.913776
vt 0.336863 0.896448
vt 0.348067 0.882778
vt 0.362705 0.874846
vt 0.378550 0.873861
vt 0.393188 0.879972
vt 0.404392 0.892250
vt 0.728670 0.726375
vt 0.739966 0.726088
vt 0.739725 0.741235
vt 0.728788 0.741316
vt 0.602569 0.929611
vt 0.602388 0.939363
vt 0.598860 0.947656
vt 0.593319 0.953089
vt 0.587094 0.955525
vt 0.580409 0.955304
vt 0.573362 0.952030
vt 0.567251 0.945391
vt 0.563804 0.936262
vt 0.563985 0.926511
vt 0.567513 0.918218
vt 0.573054 0.912785
vt 0.579279 0.910348
vt 0.585964 0.910569
vt 0.593011 0.913843
vt 0.599122 0.920482
vt 0.619632 0.943664
vt 0.619632 0.926848
vt 0.622896 0.925933
vt 0.622896 0.944030
vt 0.614031 0.958810
vt 0.616837 0.960411
vt 0.603772 0.969964
vt 0.605642 0.972583
vt 0.590476 0.975517
vt 0.591015 0.978692
vt 0.576085 0.974714
vt 0.575184 0.977809
vt 0.562681 0.967620
vt 0.560557 0.970067
vt 0.552331 0.955211
vt 0.549362 0.956646
vt 0.546701 0.939361
vt 0.543304 0.939589
vt 0.546701 0.922544
vt 0.543303 0.921492
vt 0.552303 0.907398
vt 0.549362 0.905111
vt 0.562561 0.896244
vt 0.560557 0.892939
vt 0.575857 0.890691
vt 0.575184 0.886830
vt 0.590248 0.891494
vt 0.591016 0.887713
vt 0.603652 0.898588
vt 0.605642 0.895455
vt 0.614002 0.910997
vt 0.616837 0.908876
vt 0.611994 0.927935
vt 0.607444 0.915093
vt 0.599142 0.905093
vt 0.588512 0.899432
vt 0.577215 0.898788
vt 0.566783 0.903160
vt 0.558661 0.912039
vt 0.554186 0.924230
vt 0.554201 0.937851
vt 0.558751 0.950693
vt 0.567053 0.960692
vt 0.577683 0.966353
vt 0.588980 0.966997
vt 0.599412 0.962625
vt 0.607534 0.953747
vt 0.612009 0.941555
vt 0.729127 0.692204
vt 0.739641 0.692367
vt 0.739725 0.710540
vt 0.729635 0.710136
vt 0.730235 0.725478
vt 0.330714 0.913045
vt 0.320969 0.913041
vt 0.320761 0.899921
vt 0.330269 0.899927
vt 0.320688 0.884535
vt 0.330113 0.884542
vt 0.320761 0.869227
vt 0.330269 0.869233
vt 0.320969 0.856326
vt 0.330714 0.856331
vt 0.421787 0.939763
vt 0.412080 0.940571
vt 0.411313 0.925934
vt 0.421383 0.925324
vt 0.410742 0.908116
vt 0.421242 0.907740
vt 0.410455 0.889831
vt 0.421383 0.889688
vt 0.410495 0.873861
vt 0.421787 0.873916
vt 0.310604 0.923173
vt 0.321860 0.923036
vt 0.321167 0.934574
vt 0.309681 0.934731
vt 0.320923 0.949310
vt 0.309357 0.949474
vt 0.321167 0.964998
vt 0.309681 0.965155
vt 0.321860 0.979252
vt 0.310604 0.979389
vt 0.174953 0.908634
vt 0.174953 0.926982
vt 0.168889 0.944310
vt 0.157686 0.957980
vt 0.143047 0.965912
vt 0.127203 0.966897
vt 0.112564 0.960786
vt 0.101361 0.948509
vt 0.095297 0.931935
vt 0.095297 0.913587
vt 0.101361 0.896259
vt 0.112564 0.882589
vt 0.127203 0.874657
vt 0.143047 0.873672
vt 0.157685 0.879783
vt 0.168889 0.892060
vt 0.728670 0.659473
vt 0.739966 0.659187
vt 0.739725 0.674334
vt 0.728788 0.674414
vt 0.970110 0.927056
vt 0.969930 0.936725
vt 0.966434 0.944944
vt 0.960948 0.950322
vt 0.954794 0.952731
vt 0.948185 0.952512
vt 0.941209 0.949271
vt 0.935153 0.942692
vt 0.931735 0.933640
vt 0.931915 0.923971
vt 0.935411 0.915752
vt 0.940897 0.910374
vt 0.947051 0.907965
vt 0.953660 0.908184
vt 0.960636 0.911425
vt 0.966692 0.918004
vt 0.987414 0.941068
vt 0.987414 0.924251
vt 0.990678 0.923337
vt 0.990678 0.941434
vt 0.981813 0.956214
vt 0.984619 0.957815
vt 0.971554 0.967368
vt 0.973424 0.969987
vt 0.958258 0.972921
vt 0.958798 0.976096
vt 0.943867 0.972118
vt 0.942966 0.975212
vt 0.930464 0.965024
vt 0.928339 0.967471
vt 0.920113 0.952615
vt 0.917144 0.954050
vt 0.914483 0.936764
vt 0.911086 0.936992
vt 0.914483 0.919948
vt 0.911086 0.918896
vt 0.920085 0.904802
vt 0.917144 0.902514
vt 0.930343 0.893648
vt 0.928339 0.890343
vt 0.943639 0.888094
vt 0.942966 0.884233
vt 0.958030 0.888897
vt 0.958798 0.885117
vt 0.971434 0.895992
vt 0.973424 0.892858
vt 0.981785 0.908401
vt 0.984619 0.906279
vt 0.979604 0.925368
vt 0.975081 0.912603
vt 0.966828 0.902663
vt 0.956262 0.897036
vt 0.945033 0.896396
vt 0.934663 0.900741
vt 0.926590 0.909567
vt 0.922142 0.921686
vt 0.922156 0.935224
vt 0.926679 0.947989
vt 0.934931 0.957929
vt 0.945498 0.963556
vt 0.956727 0.964196
vt 0.967096 0.959851
vt 0.975170 0.951025
vt 0.979618 0.938907
vt 0.000020 0.039603
vt 0.000000 0.020790
vt 0.064805 0.000000
vt 0.131352 0.128242
vt 0.072672 0.126972
vt 0.072636 0.052850
vt 0.012879 0.242206
vt 0.012974 0.335086
vt 0.000236 0.335112
vt 0.000143 0.242233
vt 0.135409 0.118552
vt 0.072733 0.246168
vt 0.024786 0.246213
vt 0.148223 0.242560
vt 0.000066 0.117295
vt 0.725915 0.788438
vt 0.723190 0.788415
vt 0.878707 0.147157
vt 0.832402 0.147253
vt 0.117915 0.491275
vt 0.109080 0.491246
vt 0.755982 0.147419
vt 0.240640 0.506151
vt 0.249499 0.506216
vt 0.625342 0.136130
vt 0.746187 0.216081
vt 0.755625 0.210947
vt 0.339671 0.438125
vt 0.330800 0.433425
vt 0.543248 0.573680
vt 0.036158 0.501075
vt 0.722996 0.803463
vt 0.720274 0.803509
vt 0.807645 0.547609
vt 0.823841 0.535272
vt 0.247923 0.247911
vt 0.726032 0.871759
vt 0.726330 0.749858
vt 0.727074 0.750849
vt 0.726779 0.871530
vt 0.439437 0.894391
vt 0.435064 0.832673
vt 0.463588 0.836748
vt 0.464712 0.898943
vt 0.474359 0.898815
vt 0.473903 0.839261
vt 0.507765 0.847509
vt 0.506025 0.898391
vt 0.727942 0.947571
vt 0.728670 0.946584
vt 0.839081 0.476776
vt 0.148315 0.334801
vt 0.248012 0.334783
vt 0.024876 0.335106
vt 0.723187 0.659187
vt 0.720434 0.659233
vt 0.543303 0.663219
vt 0.746362 0.307546
vt 0.755755 0.307470
vt 0.240627 0.651968
vt 0.249485 0.651975
vt 0.072815 0.334998
vt 0.329959 0.541323
vt 0.329959 0.335112
vt 0.330800 0.336520
vt 0.330800 0.540669
vt 0.340652 0.438470
vt 0.852897 0.529317
vt 0.275474 0.495460
vt 0.275474 0.651438
vt 0.263666 0.471752
vt 0.775109 0.561722
vt 0.789423 0.536302
vt 0.768733 0.400219
vt 0.578720 0.125464
vt 0.578469 0.058361
vt 0.390867 0.122469
vt 0.377254 0.142222
vt 0.330800 0.078826
vt 0.556568 0.145008
vt 0.564693 0.158080
vt 0.583488 0.305376
vt 0.578871 0.217636
vt 0.309764 0.684086
vt 0.309965 0.651975
vt 0.571342 0.168775
vt 0.826857 0.939658
vt 0.826857 0.984259
vt 0.817900 0.990993
vt 0.815391 0.948278
vt 0.800429 0.990365
vt 0.797921 0.947650
vt 0.509440 0.913552
vt 0.511968 0.870823
vt 0.520993 0.877534
vt 0.520993 0.922144
vt 0.538452 0.876898
vt 0.538452 0.921507
vt 0.817104 0.902388
vt 0.799634 0.901760
vt 0.808590 0.895026
vt 0.826061 0.895654
vt 0.529426 0.870186
vt 0.520191 0.966157
vt 0.537650 0.965520
vt 0.511166 0.959445
vt 0.797920 0.939658
vt 0.797920 0.984259
vt 0.788964 0.990993
vt 0.786455 0.948278
vt 0.771493 0.990365
vt 0.768984 0.947650
vt 0.739972 0.938392
vt 0.742500 0.895663
vt 0.751526 0.902374
vt 0.751526 0.946984
vt 0.768984 0.901738
vt 0.768984 0.946347
vt 0.788168 0.902388
vt 0.770698 0.901760
vt 0.779654 0.895026
vt 0.797125 0.895654
vt 0.759959 0.895026
vt 0.750724 0.990997
vt 0.768183 0.990360
vt 0.741699 0.984285
vt 0.856538 0.942560
vt 0.856538 0.987161
vt 0.847581 0.993895
vt 0.845072 0.951180
vt 0.830110 0.993267
vt 0.827602 0.950552
vt 0.955080 0.750389
vt 0.957608 0.707659
vt 0.966633 0.714371
vt 0.966633 0.758980
vt 0.984092 0.713734
vt 0.984092 0.758343
vt 0.846785 0.905290
vt 0.829315 0.904662
vt 0.838271 0.897928
vt 0.855742 0.898556
vt 0.975066 0.707023
vt 0.965831 0.802993
vt 0.983290 0.802356
vt 0.956806 0.796282
vt 0.309343 0.744518
vt 0.254178 0.744451
vt 0.254192 0.652010
vt 0.309357 0.652078
vt 0.950991 0.634409
vt 0.984883 0.634365
vt 0.984883 0.662007
vt 0.950991 0.662050
vt 0.728670 0.821426
vt 0.728941 0.792990
vt 0.737656 0.793212
vt 0.737385 0.821648
vt 0.225475 0.744416
vt 0.225489 0.651975
vt 0.977150 0.019037
vt 0.978114 0.001462
vt 0.984447 0.000000
vt 0.983372 0.015208
vt 0.985537 0.428781
vt 0.985811 0.338201
vt 0.994588 0.338150
vt 0.994310 0.429804
vt 0.731395 0.875127
vt 0.737656 0.875317
vt 0.895664 0.634427
vt 0.895658 0.652872
vt 0.950826 0.677831
vt 0.895542 0.664748
vt 0.994588 0.425984
vt 0.994599 0.338270
vt 1.000000 0.338150
vt 0.999988 0.429508
vt 0.975080 0.031842
vt 0.975416 0.013388
vt 0.979525 0.677795
vt 0.974486 0.328099
vt 0.974171 0.240361
vt 0.977931 0.236703
vt 0.978259 0.328085
vt 0.994604 0.551580
vt 0.999972 0.560637
vt 0.895545 0.338211
vt 0.950872 0.338194
vt 0.950929 0.425928
vt 0.895602 0.425946
vt 0.985143 0.558794
vt 0.993911 0.561442
vt 0.984115 0.235596
vt 0.984447 0.328062
vt 0.254158 0.877220
vt 0.225455 0.877185
vt 0.984764 0.338150
vt 0.984821 0.425885
vt 0.309323 0.877287
vt 0.309312 0.964846
vt 0.254145 0.964780
vt 0.225442 0.964745
vt 0.984883 0.644536
vt 0.993648 0.648257
vt 0.994631 0.634399
vt 0.999961 0.647115
vt 0.974469 0.114710
vt 0.977461 0.105539
vt 0.950977 0.551561
vt 0.895651 0.551578
vt 0.983647 0.102792
vt 0.984869 0.551517
vt 0.994645 0.662030
vt 1.000000 0.677770
vt 0.985815 0.674950
vt 0.994588 0.676324
vt 0.254183 0.993068
vt 0.225481 0.993033
vt 0.309357 0.980017
vt 0.589609 0.478410
vt 0.588269 0.499977
vt 0.587341 0.659167
vt 0.025051 0.492782
vt 0.738756 0.488576
vt 0.330799 0.810890
vt 0.320596 0.802676
vt 0.545994 0.521865
vt 0.551262 0.471310
vt 0.330800 0.147376
vt 0.329211 0.197839
vt 0.543303 0.659187
vt 0.328941 0.335112
vt 0.000000 0.479923
vt 0.000153 0.498252
vt 0.001427 0.650503
vt 0.017293 0.422870
vt 0.000773 0.426183
vt 0.327687 0.096362
vt 0.555179 0.420265
vt 0.585811 0.420236
vt 0.738394 0.434838
vt 0.309357 0.732890
vt 0.830397 0.883782
vt 0.830570 0.872207
vt 0.862199 0.865489
vt 0.862026 0.877064
vt 0.330800 0.744978
vt 0.341843 0.680732
vt 0.373483 0.687368
vt 0.362439 0.751614
vt 0.827602 0.821795
vt 0.832392 0.728870
vt 0.864021 0.722152
vt 0.859231 0.815077
vt 0.349617 0.663219
vt 0.381256 0.669855
vt 0.342521 0.856807
vt 0.370697 0.862717
vt 0.430299 0.708925
vt 0.430308 0.773449
vt 0.430477 0.873861
vt 0.911061 0.845628
vt 0.911032 0.856829
vt 0.911086 0.707023
vt 0.911086 0.796129
vt 0.430477 0.690420
vt 0.911086 0.728367
vt 0.922221 0.711740
vt 0.955080 0.707023
vt 0.955080 0.803518
vt 0.948990 0.865824
vt 0.936289 0.884233
vt 0.928305 0.871476
vt 0.921771 0.861037
vt 0.914589 0.813826
vt 0.742694 0.765336
vt 0.742644 0.726709
vt 0.773367 0.729463
vt 0.773417 0.768090
vt 0.604227 0.662447
vt 0.582942 0.812674
vt 0.739972 0.707023
vt 0.770695 0.709777
vt 0.758933 0.879069
vt 0.789655 0.881823
vt 0.562134 0.886830
vt 0.557636 0.869122
vt 0.588356 0.866251
vt 0.592853 0.883959
vt 0.649894 0.659187
vt 0.649894 0.795718
vt 0.827602 0.726208
vt 0.827352 0.745453
vt 0.827354 0.783730
vt 0.649829 0.849329
vt 0.827602 0.895026
vt 0.649716 0.867311
vt 0.322132 0.540209
vt 0.291592 0.536422
vt 0.275474 0.501690
vt 0.283308 0.391921
vt 0.289828 0.354152
vt 0.304629 0.335112
vt 0.315752 0.352772
vt 0.322132 0.405591
vt 0.974167 0.135557
vt 0.938344 0.135362
vt 0.938349 0.000061
vt 0.974171 0.000256
vt 0.043090 0.700794
vt 0.000007 0.700823
vt 0.000025 0.652033
vt 0.043108 0.652004
vt 0.930180 0.324355
vt 0.887088 0.324294
vt 0.895221 0.317016
vt 0.938313 0.317077
vt 0.895252 0.135301
vt 0.895257 0.000000
vt 0.090736 0.703673
vt 0.090754 0.655461
vt 0.095259 0.662652
vt 0.095297 0.714063
vt 0.887065 0.140957
vt 0.887068 0.000151
vt 0.969637 0.324484
vt 0.974136 0.317272
vt 0.086173 0.700765
vt 0.086191 0.651975
vt 0.328638 0.339140
vt 0.328638 0.381891
vt 0.322132 0.374437
vt 0.324949 0.335112
vt 0.878876 0.142631
vt 0.878878 0.000302
vt 0.328638 0.424642
vt 0.322132 0.417188
vt 0.086168 0.979607
vt 0.086165 0.837259
vt 0.090729 0.838830
vt 0.090732 0.979654
vt 0.878883 0.279104
vt 0.887071 0.276093
vt 0.043085 0.979636
vt 0.043083 0.837288
vt 0.895257 0.265603
vt 0.095292 0.844384
vt 0.095297 0.979702
vt 0.938349 0.265664
vt 0.000002 0.979664
vt 0.000000 0.837317
vt 0.974171 0.265859
vt 0.878900 0.327883
vt 0.497452 0.947365
vt 0.495126 0.943559
vt 0.490798 0.989145
vt 0.497452 1.000000
vt 0.488900 0.942923
vt 0.472966 0.987283
vt 0.638846 0.943905
vt 0.641183 0.940117
vt 0.629586 0.888691
vt 0.622895 0.899539
vt 0.647407 0.939467
vt 0.647407 0.886830
vt 0.645072 0.943271
vt 0.479619 0.998138
vt 0.470592 0.901582
vt 0.432998 0.901593
vt 0.430477 0.898956
vt 0.472966 0.898943
vt 0.896730 0.954998
vt 0.858848 0.954967
vt 0.858848 0.900219
vt 0.896730 0.900250
vt 0.470592 0.954075
vt 0.432998 0.954086
vt 0.444315 0.934709
vt 0.459508 0.934704
vt 0.444315 0.913494
vt 0.459508 0.913489
vt 0.430477 0.958284
vt 0.472966 0.958272
vt 0.899021 0.957283
vt 0.856538 0.957248
vt 0.899021 0.897963
vt 0.856538 0.897928
vt 0.745781 0.215159
vt 0.745956 0.307557
vt 0.628188 0.308096
vt 0.115206 0.807257
vt 0.155472 0.707323
vt 0.182316 0.663577
vt 0.146952 0.849739
vt 0.148225 0.849959
vt 0.183571 0.663663
vt 0.220857 0.666214
vt 0.186022 0.856479
vt 0.223427 0.862542
vt 0.745704 0.017820
vt 0.745620 0.093466
vt 0.532147 0.433364
vt 0.532010 0.482961
vt 0.344494 0.354464
vt 0.543303 0.663219
vt 0.540758 0.779670
vt 0.539885 0.779638
vt 0.542405 0.664352
vt 0.727907 0.659187
vt 0.728670 0.659252
vt 0.325090 0.425932
vt 0.325189 0.424642
vt 0.326409 0.424911
vt 0.326311 0.426189
vt 0.543303 0.830379
vt 0.542405 0.829840
vt 0.670183 0.990019
vt 0.671187 0.894329
vt 0.338453 0.490008
vt 0.338457 0.489863
vt 0.331440 0.649240
vt 0.331440 0.649240
vt 0.339670 0.438186
vt 0.339673 0.438063
vt 0.343319 0.358388
vt 0.343311 0.358559
vt 0.343553 0.353270
vt 0.339671 0.438125
vt 0.338455 0.489924
vt 0.375000 0.000000
vt 0.625000 0.000000
vt 0.625000 0.250000
vt 0.375000 0.250000
vt 0.375000 0.500000
vt 0.625000 0.500000
vt 0.625000 0.750000
vt 0.375000 0.750000
vt 0.625000 1.000000
vt 0.375000 1.000000
vt 0.125000 0.500000
vt 0.125000 0.750000
vt 0.875000 0.500000
vt 0.875000 0.750000
vt 0.625000 0.562751
vt 0.630370 0.506126
vt 0.735078 0.500000
vt 0.764922 0.500000
vt 0.692209 0.339460
vt 0.875000 0.562751
vt 0.875000 0.595900
vt 0.625000 0.595900
vt 0.125000 0.562751
vt 0.302414 0.339460
vt 0.235078 0.500000
vt 0.264922 0.500000
vt 0.364253 0.506126
vt 0.375000 0.562751
vt 0.375000 0.595900
vt 0.125000 0.595900
vt 0.625000 0.562751
vt 0.375000 0.154100
vt 0.625000 0.154100
vt 0.625000 0.187249
vt 0.375000 0.187249
vt 0.625000 0.360078
vt 0.375000 0.360078
vt 0.375000 0.389922
vt 0.625000 0.389922
vt 0.372790 0.180621
vt 0.331524 0.161167
vt 0.371655 0.290419
vt 0.347243 0.257334
vt 0.720231 0.680377
vt 0.720049 0.699025
vt 0.331771 0.012950
vt 0.720138 0.776054
vt 0.670416 0.765323
vt 0.720231 0.899923
vt 0.719493 0.991993
vt 0.861814 0.891211
vt 0.910997 0.870518
vt 0.830185 0.897928
vt 0.794392 0.557703
vt 0.443078 0.502787
vt 0.703023 0.534746
vt 0.703049 0.534749
vt 0.443051 0.502784
vt 0.386342 0.527312
vt 0.613658 0.527312
vt 0.613658 0.722688
vt 0.386342 0.722689
vt 0.621029 0.510650
vt 0.378971 0.510650
vt 0.378971 0.739350
vt 0.621029 0.739350
vt 0.472908 0.740560
vt 0.147886 0.850980
vt 0.183590 0.662803
vt 0.193899 0.652706
vt 0.183571 0.663663
vt 0.326311 0.426189
vt 0.565791 0.466283
vt 0.434209 0.470840
vt 0.565791 0.283717
vt 0.434209 0.279160
vt 0.000000 0.000000
vt 0.500000 0.375000
vt 0.591091 0.375000
vt 0.599587 0.496397
vt 0.521305 0.495094
vt 0.500000 0.875000
vt 0.625000 0.875000
vt 0.500000 1.000000
vt 0.750000 0.500000
vt 0.750000 0.750000
vt 0.375000 0.875000
vt 0.500000 0.500000
vt 0.500000 0.750000
vt 0.375000 0.375000
vt 0.520508 0.482836
vt 0.389598 0.447815
vt 0.500000 0.000000
vt 0.500000 0.250000
vt 0.389598 0.302185
vt 0.520508 0.267164
vt 0.521305 0.254906
vt 0.600613 0.250000
vt 0.531408 0.250000
vt 0.593911 0.250000
vt 0.593911 0.500000
vt 0.531408 0.500000
vt 0.250000 0.500000
vt 0.250000 0.750000
vt 0.311829 0.500000
vt 0.188171 0.500000
vt 0.169457 0.500000
vt 0.937500 1.000000
vt 0.812500 1.000000
vt 0.812500 0.500000
vt 0.937500 0.500000
vt 0.687500 1.000000
vt 0.687500 0.500000
vt 0.562500 1.000000
vt 0.562500 0.500000
vt 0.437500 1.000000
vt 0.437500 0.500000
vt 0.312500 1.000000
vt 0.312500 0.500000
vt 0.187500 1.000000
vt 0.187500 0.500000
vt 0.062500 1.000000
vt 0.062500 0.500000
vt 0.670664 0.441534
vt 0.658156 0.471731
vt 0.841844 0.471731
vt 0.829336 0.441534
vt 0.341844 0.471731
vt 0.158156 0.471731
vt 0.028269 0.341844
vt 0.028269 0.158156
vt 0.158156 0.028269
vt 0.341844 0.028269
vt 0.471731 0.158156
vt 0.471731 0.341844
vt 0.816828 0.411337
vt 0.911337 0.316828
vt 0.911337 0.183172
vt 0.816828 0.088663
vt 0.683172 0.088663
vt 0.588663 0.183172
vt 0.588663 0.316828
vt 0.683172 0.411337
vt 0.941534 0.329336
vt 0.941534 0.170664
vt 0.971731 0.341844
vt 0.971731 0.158156
vt 0.829336 0.058466
vt 0.841844 0.028269
vt 0.670664 0.058466
vt 0.658156 0.028269
vt 0.558466 0.170664
vt 0.528269 0.158156
vt 0.558466 0.329336
vt 0.528269 0.341844
vt 0.625000 0.375000
vt 0.466140 0.069620
vt 0.459827 0.069710
vt 0.459885 0.092069
vt 0.466214 0.091978
vt 0.459827 0.069710
vt 0.466140 0.069620
vt 0.459885 0.092069
vt 0.466214 0.091978
s 1
usemtl Material
f 371/1/1 369/2/2 138/3/3 140/4/3
f 39/5/4 46/6/5 317/7/6 319/8/7
f 28/9/8 5/10/9 6/11/10 29/12/11
f 29/12/11 6/11/10 1768/13/12 1770/14/13
f 1771/15/14 1769/16/15 9/17/16 32/18/17
f 32/18/17 9/17/16 10/19/18 33/20/19
f 1300/33/28 361/34/29 551/35/30 1275/36/28
f 1750/37/31 1745/38/32 721/39/33 358/40/34
f 356/41/35 719/42/36 720/43/37 357/44/38
f 363/45/39 334/46/40 548/47/41 553/48/42
f 1/49/43 26/50/44 316/51/45 318/52/46
f 45/53/47 40/54/48 148/55/49 146/56/47
f 329/57/50 313/58/51 21/21/52 320/59/53
f 369/60/54 370/61/55 139/62/56 138/63/57
f 3/64/58 22/65/59 143/66/60 147/67/61
f 5/68/62 557/69/63 554/70/64 6/71/65
f 6/72/65 554/73/64 68/74/66 1768/75/67
f 1768/76/67 68/77/66 555/78/68 1769/79/68
f 1769/79/68 555/78/68 556/80/69 9/81/68
f 9/81/68 556/80/69 20/82/70 10/83/71
f 40/89/48 27/90/77 145/91/78 148/92/49
f 642/93/79 645/94/80 20/82/70 330/95/81
f 44/96/82 32/18/83 56/97/84 58/98/85
f 43/99/86 1771/15/87 32/18/83 44/96/82
f 42/100/88 1770/14/89 1771/15/87 43/99/86
f 41/101/90 29/12/91 1770/14/89 42/100/88
f 340/102/92 16/103/93 314/104/94 343/105/95
f 336/106/96 45/53/47 146/56/47 339/107/96
f 557/116/103 73/117/104 554/118/105
f 334/46/40 67/119/106 549/120/107 548/47/41
f 38/121/108 19/122/109 538/123/110 541/124/111
f 360/125/112 783/126/113 1274/127/113 550/128/114
f 347/129/115 755/130/116 711/131/117 353/132/118
f 365/133/119 1033/134/120 1038/135/120 368/136/121
f 21/21/52 313/58/51 312/139/124 2/22/124
f 14/140/125 41/101/90 42/100/88 13/141/126
f 13/141/126 42/100/88 43/99/86 12/142/127
f 63/143/128 11/144/129 44/96/82 58/98/85
f 4/145/130 141/146/131 142/147/132 15/148/133
f 53/152/136 54/153/137 41/154/90 14/155/125
f 377/156/138 371/1/139 140/4/140 141/157/141
f 378/162/144 377/156/138 141/157/141 4/163/145
f 54/164/137 47/165/146 29/12/91 41/101/90
f 69/166/147 35/167/148 73/117/104 36/168/149
f 17/169/150 18/170/151 68/171/152 554/118/105
f 18/170/151 1747/172/153 19/173/154 555/174/155 68/171/152
f 1748/175/156 69/166/147 36/168/149 1746/176/157
f 38/177/158 70/178/159 72/179/160 556/180/161
f 19/173/154 38/177/158 556/180/161 555/174/155
f 331/181/162 37/182/163 72/183/164 327/184/165
f 37/182/163 71/185/166 556/186/166 72/183/164
f 333/187/167 34/188/168 557/189/169 324/190/170
f 363/45/171 786/191/172 719/192/172 356/193/173
f 34/188/168 67/119/174 73/194/175 557/189/169
f 12/142/127 43/99/86 44/96/82 11/144/129
f 22/285/240 3/286/241 138/287/241 139/288/240
f 3/286/241 27/289/242 140/290/242 138/287/241
f 335/295/247 22/285/240 139/288/240 321/296/247
f 27/289/242 40/297/248 141/146/248 140/290/242
f 349/302/253 858/303/254 755/130/254 347/129/253
f 40/297/248 45/304/255 142/147/255 141/146/248
f 348/309/25 855/310/25 742/311/25 351/312/25
f 27/90/77 3/313/58 147/314/61 145/91/78
f 152/351/262 150/352/261 180/353/290 178/354/288 176/355/286 174/356/284 172/357/282 170/358/280 168/359/278 166/360/276 164/361/274 162/362/272 160/363/270 158/364/268 156/365/266 154/366/264
f 216/470/262 214/471/261 244/472/290 242/473/288 240/474/286 238/475/284 236/476/282 234/477/280 232/478/278 230/479/276 228/480/274 226/481/272 224/482/270 222/483/268 220/484/266 218/485/264
f 1/49/433 16/103/434 309/554/434 310/555/433
f 26/50/435 1/49/433 310/555/433 311/556/435
f 364/560/440 1030/561/441 712/562/441 354/563/440
f 39/5/442 26/50/435 311/556/435 312/139/442
f 46/6/446 39/5/442 312/139/442 313/58/446
f 341/564/447 46/6/446 313/58/446 329/57/447
f 26/50/44 39/5/4 319/8/7 316/51/45
f 16/103/93 1/49/43 318/52/46 314/104/94
f 365/133/452 341/564/447 329/57/447 359/567/453
f 16/103/434 340/102/454 323/568/454 309/554/434
f 22/65/59 335/569/25 338/570/25 143/66/60
f 45/304/255 336/573/458 328/574/458 142/147/255
f 348/576/460 335/295/247 321/296/247 346/577/460
f 67/119/174 334/46/461 325/578/462 73/194/175
f 362/579/463 333/187/167 324/190/170 355/580/464
f 71/185/465 332/581/466 558/582/467 556/186/465
f 360/125/468 331/181/162 327/184/165 358/583/469
f 46/6/5 341/564/470 344/557/471 317/7/6
f 142/147/132 328/574/472 322/584/473 15/148/133
f 349/585/474 336/106/96 339/107/96 352/586/474
f 364/560/475 340/102/92 343/105/95 367/566/476
f 649/587/477 642/93/478 330/95/479 375/588/480
f 359/567/481 329/57/50 320/59/53 345/589/482
f 333/590/483 362/591/484 552/592/485 546/593/486
f 73/594/487 325/595/488 326/596/489 36/597/490
f 1746/598/491 1749/599/492 327/600/493 72/601/494
f 34/602/495 333/590/483 546/593/486 547/603/496
f 556/80/69 558/604/497 330/95/81 20/82/70
f 754/605/498 359/567/481 345/589/482 709/606/498
f 1030/561/499 364/560/475 367/566/476 741/607/499
f 858/608/68 349/585/474 352/586/474 863/609/68
f 783/126/500 360/125/468 358/583/469 721/610/500
f 785/611/501 362/579/463 355/580/464 1297/612/501
f 855/613/502 348/576/460 346/577/460 710/614/502
f 1033/134/505 365/133/452 359/567/453 754/605/505
f 340/102/454 364/560/440 354/563/440 323/568/454
f 335/569/25 348/309/25 351/312/25 338/570/25
f 336/573/458 349/302/253 347/129/253 328/574/458
f 334/46/461 363/45/171 356/193/173 325/578/462
f 332/581/466 361/34/507 558/582/467
f 341/564/470 365/133/119 368/136/121 344/557/471
f 328/574/472 347/129/115 353/132/118 322/584/473
f 70/616/508 38/617/108 541/618/111 537/619/509
f 325/595/488 356/41/35 357/44/38 326/596/489
f 1749/599/492 1750/37/31 358/40/34 327/600/493
f 361/34/29 332/581/510 544/620/511 551/35/30
f 558/604/512 361/621/512 375/588/480 330/95/479
f 710/614/513 346/577/514 374/622/515 1409/623/516
f 346/577/517 321/296/517 372/624/518 374/622/519
f 321/625/520 139/62/56 370/61/55 372/626/521
f 644/627/522 645/94/80 370/61/55 369/60/54
f 646/628/523 644/629/524 369/2/2 371/1/1
f 1399/33/525 1410/33/526 650/34/527 373/34/528
f 1300/33/529 1399/33/525 373/34/528 361/34/530
f 29/12/91 47/165/146 48/630/531 28/9/532
f 49/631/533 311/632/534 28/9/532 48/630/531
f 32/18/83 33/20/535 55/633/536 56/97/84
f 641/634/537 55/633/536 33/20/535 646/628/538
f 64/635/539 59/636/540 377/156/138 378/162/144
f 59/636/540 57/639/542 371/1/139 377/156/138
f 35/167/148 17/169/150 554/118/105 73/117/104
f 37/182/738 331/181/739 542/957/740 543/956/741
f 67/119/106 34/188/495 547/954/496 549/120/107
f 17/959/742 35/960/743 540/961/744 539/962/745
f 362/591/484 785/963/746 1276/964/746 552/592/485
f 332/581/510 71/185/747 545/958/748 544/620/511
f 18/170/749 17/169/742 539/945/745 536/948/750
f 786/191/751 363/45/39 553/48/42 1277/944/751
f 71/185/747 37/182/738 543/956/741 545/958/748
f 1747/965/752 18/966/749 536/967/750 1751/968/752
f 35/960/743 69/969/753 535/970/754 540/961/744
f 331/181/739 360/125/112 550/128/114 542/957/740
f 1748/175/755 70/178/508 537/951/509 1752/950/755
f 692/981/785 556/185/786 574/185/787 690/185/787
f 568/185/788 71/185/788 556/185/786 692/981/785
f 50/1023/861 312/1024/862 311/632/534 49/631/533
f 51/1025/863 2/1026/863 312/1024/862 50/1023/861
f 5/68/62 310/1027/864 309/1028/865 557/69/63
f 28/9/8 311/632/866 310/1029/866 5/10/9
f 557/69/63 309/1028/865 323/1030/867 324/1031/868
f 355/972/869 354/1032/870 712/1033/871 1297/971/871
f 324/1031/868 323/1030/867 354/1032/870 355/972/869
f 373/34/872 375/588/873 361/621/874
f 57/639/542 641/634/537 646/628/538 371/1/139
f 33/20/19 10/19/18 644/629/524 646/628/523
f 10/83/71 20/82/70 645/94/80 644/627/522
f 374/1037/519 372/626/518 642/93/478 649/587/477
f 372/626/521 370/61/55 645/94/80 642/93/79
f 649/587/875 375/588/873 373/34/872 650/34/875
f 374/1037/515 649/587/876 1411/587/876 1409/1037/516
f 640/1038/877 643/1039/878 649/587/879 650/34/880
f 652/1040/881 651/1041/882 1410/34/883 1411/587/884
f 643/1039/878 652/1040/881 1411/587/884 649/587/879
f 651/1041/882 640/1038/877 650/34/880 1410/34/883
f 1093/1/924 854/4/925 852/3/925 1091/2/926
f 748/5/927 1041/8/928 1039/7/929 757/6/930
f 735/9/931 736/12/932 700/11/933 699/10/934
f 736/12/932 1774/14/935 1772/13/936 700/11/933
f 1775/15/937 739/18/938 703/17/939 1773/16/940
f 739/18/938 740/20/941 704/19/942 703/17/939
f 1300/33/28 1275/36/28 1294/35/950 1083/34/951
f 1757/1050/952 1080/40/953 721/39/33 1745/38/32
f 1078/41/954 1079/44/955 720/43/37 719/42/36
f 1085/45/956 1296/48/957 1291/47/958 1056/46/959
f 695/49/960 1040/52/961 1037/51/962 733/50/963
f 756/53/964 864/56/964 866/55/965 749/54/966
f 1051/57/967 1042/59/968 728/21/969 1032/58/970
f 1091/60/971 852/63/972 853/62/973 1092/61/974
f 697/64/975 865/67/976 860/66/977 729/65/978
f 699/68/979 700/71/980 1298/70/981 1302/69/982
f 700/72/980 1772/75/67 779/74/983 1298/73/981
f 1772/76/67 1773/79/68 1299/78/68 779/77/983
f 1773/79/68 703/81/68 1301/80/984 1299/78/68
f 703/81/68 704/83/985 727/82/986 1301/80/984
f 749/89/966 866/92/965 862/91/992 734/90/993
f 1402/93/994 1052/95/995 727/82/986 1405/94/996
f 753/96/997 769/98/998 767/97/999 739/18/1000
f 752/99/1001 753/96/997 739/18/1000 1775/15/1002
f 751/100/1003 752/99/1001 1775/15/1002 1774/14/1004
f 750/101/1005 751/100/1003 1774/14/1004 736/12/1006
f 1062/102/1007 1065/105/1008 1035/104/1009 723/103/1010
f 1058/106/1011 1061/107/1011 864/56/964 756/53/964
f 1302/116/1015 1298/118/1016 787/117/1017
f 1056/46/959 1291/47/958 1292/120/1018 778/119/1019
f 747/121/1020 1284/124/1021 1281/123/1022 726/122/1023
f 1082/125/1024 1293/128/1025 1274/127/113 783/126/113
f 1069/129/1026 1075/132/1027 711/131/117 755/130/116
f 1087/133/1028 1090/136/1029 1038/135/120 1033/134/120
f 728/21/969 696/22/1031 1031/139/1031 1032/58/970
f 708/140/1032 707/141/1033 751/100/1003 750/101/1005
f 707/141/1033 706/142/1034 752/99/1001 751/100/1003
f 774/143/1035 769/98/998 753/96/997 705/144/1036
f 698/145/1037 722/148/1038 857/147/1039 856/146/1040
f 764/152/1043 708/155/1032 750/154/1005 765/153/1044
f 1099/156/1045 856/157/1046 854/4/1047 1093/1/1048
f 1100/162/1050 698/163/1051 856/157/1046 1099/156/1045
f 765/164/1044 750/101/1005 736/12/1006 758/165/1052
f 780/166/1053 745/168/1054 787/117/1017 744/167/1055
f 724/169/1056 1298/118/1016 779/171/1057 725/170/1058
f 725/170/1058 779/171/1057 1299/174/1059 726/173/1060 1754/1051/1061
f 1755/1052/1062 1753/1053/1063 745/168/1054 780/166/1053
f 747/177/1064 1301/180/1065 784/179/1066 781/178/1067
f 726/173/1060 1299/174/1059 1301/180/1065 747/177/1064
f 1053/181/1068 1049/184/1069 784/183/1070 746/182/1071
f 746/182/1071 784/183/1070 1301/186/1072 782/185/1072
f 1055/187/1073 1046/190/1074 1302/189/1075 743/188/1076
f 1085/45/1077 1078/193/1078 719/192/172 786/191/172
f 743/188/1076 1302/189/1075 787/194/1079 778/119/1080
f 706/142/1034 705/144/1036 753/96/997 752/99/1001
f 729/285/1145 853/288/1145 852/287/1146 697/286/1146
f 697/286/1146 852/287/1146 854/290/1147 734/289/1147
f 1057/295/1152 1043/296/1152 853/288/1145 729/285/1145
f 734/289/1147 854/290/1147 856/146/1153 749/297/1153
f 1071/302/1156 1069/129/1156 755/130/254 858/303/254
f 749/297/1153 856/146/1153 857/147/1157 756/304/1157
f 1070/309/25 1073/312/25 742/311/25 855/310/25
f 734/90/993 862/91/992 865/314/976 697/313/975
f 870/351/274 872/366/272 874/365/270 876/364/268 878/363/266 880/362/264 882/361/262 884/360/261 886/359/290 888/358/288 890/357/286 892/356/284 894/355/282 896/354/280 898/353/278 868/352/276
f 934/470/274 936/485/272 938/484/270 940/483/268 942/482/266 944/481/264 946/480/262 948/479/261 950/478/290 952/477/288 954/476/286 956/475/284 958/474/282 960/473/280 962/472/278 932/471/276
f 695/49/1222 1028/555/1222 1027/554/1223 723/103/1223
f 733/50/1224 1029/556/1224 1028/555/1222 695/49/1222
f 1086/560/1229 1076/563/1229 712/562/441 1030/561/441
f 748/5/1230 1031/139/1230 1029/556/1224 733/50/1224
f 757/6/1234 1032/58/1234 1031/139/1230 748/5/1230
f 1063/564/1235 1051/57/1235 1032/58/1234 757/6/1234
f 733/50/963 1037/51/962 1041/8/928 748/5/927
f 723/103/1010 1035/104/1009 1040/52/961 695/49/960
f 1087/133/1240 1081/567/1241 1051/57/1235 1063/564/1235
f 723/103/1223 1027/554/1223 1045/568/1242 1062/102/1242
f 729/65/978 860/66/977 1060/570/25 1057/569/25
f 756/304/1157 857/147/1157 1050/574/1246 1058/573/1246
f 1070/576/1248 1068/577/1248 1043/296/1152 1057/295/1152
f 778/119/1080 787/194/1079 1047/578/1249 1056/46/1250
f 1084/579/1251 1077/580/1252 1046/190/1074 1055/187/1073
f 782/185/1253 1301/186/1253 1303/582/1254 1054/581/1255
f 1082/125/1256 1080/583/1257 1049/184/1069 1053/181/1068
f 757/6/930 1039/7/929 1066/557/1258 1063/564/1259
f 857/147/1039 722/148/1038 1044/584/1260 1050/574/1261
f 1071/585/1262 1074/586/1262 1061/107/1011 1058/106/1011
f 1086/560/1263 1089/566/1264 1065/105/1008 1062/102/1007
f 1412/587/1265 1097/588/1266 1052/95/1267 1402/93/1268
f 1081/567/1269 1067/589/1270 1042/59/968 1051/57/967
f 1055/590/1271 1289/593/1272 1295/592/1273 1084/591/1274
f 787/594/1275 745/597/1276 1048/596/1277 1047/595/1278
f 1753/598/1279 784/601/1280 1049/600/1281 1756/599/1282
f 743/602/1283 1290/603/1284 1289/593/1272 1055/590/1271
f 1301/80/984 727/82/986 1052/95/995 1303/604/1285
f 754/605/498 709/606/498 1067/589/1270 1081/567/1269
f 1030/561/499 741/607/499 1089/566/1264 1086/560/1263
f 858/608/68 863/609/68 1074/586/1262 1071/585/1262
f 783/126/500 721/610/500 1080/583/1257 1082/125/1256
f 785/611/501 1297/612/501 1077/580/1252 1084/579/1251
f 855/613/502 710/614/502 1068/577/1248 1070/576/1248
f 1033/134/505 754/605/505 1081/567/1241 1087/133/1240
f 1062/102/1242 1045/568/1242 1076/563/1229 1086/560/1229
f 1057/569/25 1060/570/25 1073/312/25 1070/309/25
f 1058/573/1246 1050/574/1246 1069/129/1156 1071/302/1156
f 1056/46/1250 1047/578/1249 1078/193/1078 1085/45/1077
f 1054/581/1255 1303/582/1254 1083/34/1286
f 1063/564/1259 1066/557/1258 1090/136/1029 1087/133/1028
f 1050/574/1261 1044/584/1260 1075/132/1027 1069/129/1026
f 781/616/1287 1280/619/1288 1284/618/1021 747/617/1020
f 1047/595/1278 1048/596/1277 1079/44/955 1078/41/954
f 1756/599/1282 1049/600/1281 1080/40/953 1757/1050/952
f 1083/34/951 1294/35/950 1287/620/1289 1054/581/1290
f 1303/604/1291 1052/95/1267 1097/588/1266 1083/621/1291
f 710/614/513 1409/623/516 1096/622/1292 1068/577/1293
f 1068/577/1294 1096/622/1295 1094/624/1296 1043/296/1294
f 1043/625/1297 1094/626/1298 1092/61/974 853/62/973
f 1404/627/1299 1091/60/971 1092/61/974 1405/94/996
f 1406/628/1300 1093/1/924 1091/2/926 1404/629/1301
f 1399/33/525 1095/34/1302 1413/34/1303 1410/33/526
f 1300/33/529 1083/34/1304 1095/34/1302 1399/33/525
f 736/12/1006 735/9/1305 759/630/1306 758/165/1052
f 760/631/1307 759/630/1306 735/9/1305 1029/632/1308
f 739/18/1000 767/97/999 766/633/1309 740/20/1310
f 1401/634/1311 1406/628/1312 740/20/1310 766/633/1309
f 775/635/1313 1100/162/1050 1099/156/1045 770/636/1314
f 770/636/1314 1099/156/1045 1093/1/1048 768/639/1316
f 744/167/1055 787/117/1017 1298/118/1016 724/169/1056
f 746/182/1486 1286/956/1487 1285/957/1488 1053/181/1489
f 778/119/1019 1292/120/1018 1290/954/1284 743/188/1283
f 724/959/1490 1282/962/1491 1283/961/1492 744/960/1493
f 1084/591/1274 1295/592/1273 1276/964/746 785/963/746
f 1054/581/1290 1287/620/1289 1288/958/1494 782/185/1495
f 725/170/1496 1279/948/1497 1282/945/1491 724/169/1490
f 786/191/751 1277/944/751 1296/48/957 1085/45/956
f 782/185/1495 1288/958/1494 1286/956/1487 746/182/1486
f 1754/965/1498 1758/1055/1498 1279/967/1497 725/966/1496
f 744/960/1493 1283/961/1492 1278/970/1499 780/969/1500
f 1053/181/1489 1285/957/1488 1293/128/1025 1082/125/1024
f 1755/1052/1501 1759/1054/1501 1280/951/1288 781/178/1287
f 1457/981/1527 1453/185/1528 1323/185/1528 1301/185/1529
f 1315/185/1530 1457/981/1527 1301/185/1529 782/185/1530
f 761/1023/1574 760/631/1307 1029/632/1308 1031/1024/1575
f 762/1025/1576 761/1023/1574 1031/1024/1575 696/1026/1576
f 699/68/979 1302/69/982 1027/1028/1577 1028/1027/1578
f 735/9/931 699/10/934 1028/1029/1579 1029/632/1579
f 1302/69/982 1046/1031/1580 1045/1030/1581 1027/1028/1577
f 1077/972/1582 1297/971/871 712/1033/871 1076/1032/1583
f 1046/1031/1580 1077/972/1582 1076/1032/1583 1045/1030/1581
f 1095/34/1584 1083/621/1585 1097/588/1586
f 768/639/1316 1093/1/1048 1406/628/1312 1401/634/1311
f 740/20/941 1406/628/1300 1404/629/1301 704/19/942
f 704/83/985 1404/627/1299 1405/94/996 727/82/986
f 1096/1037/1295 1412/587/1265 1402/93/1268 1094/626/1296
f 1094/626/1298 1402/93/994 1405/94/996 1092/61/974
f 1412/587/1587 1413/34/1587 1095/34/1584 1097/588/1586
f 1096/1037/1292 1409/1037/516 1411/587/1588 1412/587/1588
f 1400/1038/1589 1413/34/1590 1412/587/1591 1403/1039/1592
f 1415/1040/1593 1411/587/884 1410/34/883 1414/1041/1594
f 1403/1039/1592 1412/587/1591 1411/587/884 1415/1040/1593
f 1414/1041/1594 1410/34/883 1413/34/1590 1400/1038/1589
f 780/166/1500 1278/947/1499 1759/1054/1501 1755/1052/1501
f 726/122/1023 1281/123/1022 1758/1055/1498 1754/965/1498
f 1048/596/1277 1756/599/1282 1757/1050/952 1079/44/955
f 745/597/1276 1753/598/1279 1756/599/1282 1048/596/1277
f 781/178/1067 784/179/1066 1753/1053/1063 1755/1052/1062
f 1079/44/955 1757/1050/952 1745/38/32 720/43/37
f 69/166/753 1748/175/755 1752/950/755 535/947/754
f 19/122/109 1747/965/752 1751/968/752 538/123/110
f 326/596/489 357/44/38 1750/37/31 1749/599/492
f 36/597/490 326/596/489 1749/599/492 1746/598/491
f 70/178/159 1748/175/156 1746/176/157 72/179/160
f 357/44/38 720/43/37 1745/38/32 1750/37/31
f 8/1140/1924 7/1141/1924 1768/13/12 1769/16/15
f 7/1141/1924 30/1142/1924 1770/14/13 1768/13/12
f 31/1143/1924 8/1140/1924 1769/16/15 1771/15/14
f 30/1142/1924 31/1143/1924 1771/15/14 1770/14/13
f 701/1144/1925 702/1145/1925 1773/16/940 1772/13/936
f 737/1146/1925 701/1144/1925 1772/13/936 1774/14/935
f 702/1145/1925 738/1147/1925 1775/15/937 1773/16/940
f 738/1147/1925 737/1146/1925 1774/14/935 1775/15/937
usemtl Material.001
f 83/195/176 84/196/177 76/197/178 75/198/179
f 84/196/177 85/199/180 77/200/181 76/197/178
f 85/201/180 86/202/182 78/203/183 77/204/181
f 86/202/182 87/205/184 79/206/185 78/203/183
f 87/207/184 88/208/186 80/209/187 79/210/185
f 88/208/186 89/211/188 81/212/189 80/209/187
f 89/213/188 82/214/190 74/215/191 81/216/189
f 82/214/190 89/213/188 97/217/192 90/218/193
f 85/201/180 93/219/194 94/220/195 86/202/182
f 83/221/176 82/214/190 90/218/193 91/222/196
f 87/205/184 86/202/182 94/220/195 95/223/197
f 84/196/177 83/195/176 91/224/196 92/225/198
f 88/208/186 87/207/184 95/226/197 96/227/199
f 85/199/180 84/196/177 92/225/198 93/228/194
f 89/211/188 88/208/186 96/227/199 97/229/192
f 93/228/194 92/225/198 100/230/200 101/231/201
f 97/229/192 96/227/199 104/232/202 105/233/203
f 94/220/195 93/219/194 101/234/201 102/235/204
f 90/218/193 97/217/192 105/236/203 98/237/205
f 91/222/196 90/218/193 98/237/205 99/238/206
f 95/223/197 94/220/195 102/235/204 103/239/207
f 92/225/198 91/224/196 99/240/206 100/230/200
f 96/227/199 95/226/197 103/241/207 104/232/202
f 102/242/204 110/243/208 111/244/209 103/245/207
f 100/230/200 99/240/206 107/246/210 108/247/211
f 104/232/202 103/241/207 111/248/209 112/249/212
f 101/250/201 100/251/200 108/252/211 109/253/213
f 105/254/203 104/255/202 112/256/212 113/257/214
f 102/242/204 101/250/201 109/253/213 110/243/208
f 98/258/205 105/254/203 113/257/214 106/259/215
f 99/260/206 98/258/205 106/259/215 107/261/210
f 106/259/215 113/257/214 121/262/216 114/263/217
f 109/253/213 117/264/218 118/265/219 110/243/208
f 107/261/210 106/259/215 114/263/217 115/266/220
f 111/244/209 110/243/208 118/265/219 119/267/221
f 108/268/211 107/261/210 115/266/220 116/269/222
f 112/270/212 111/244/209 119/267/221 120/271/223
f 109/253/213 108/252/211 116/272/222 117/264/218
f 113/257/214 112/256/212 120/273/223 121/262/216
f 121/262/216 120/273/223 128/274/224 129/275/225
f 116/272/222 124/276/226 125/277/227 117/264/218
f 118/265/219 117/264/218 125/277/227 126/278/228
f 114/263/217 121/262/216 129/275/225 122/279/229
f 115/266/220 114/263/217 122/279/229 123/280/230
f 119/267/221 118/265/219 126/278/228 127/281/231
f 116/269/222 115/266/220 123/280/230 124/282/226
f 120/271/223 119/267/221 127/281/231 128/283/224
f 76/197/178 77/200/181 134/200/232 135/197/233
f 78/203/183 79/206/185 132/206/234 133/203/235
f 80/209/187 81/212/189 130/212/236 131/209/237
f 75/198/179 76/197/178 135/197/233 136/198/238
f 77/204/181 78/203/183 133/203/235 134/204/232
f 79/210/185 80/209/187 131/209/237 132/210/234
f 81/216/189 74/215/191 137/215/239 130/216/236
f 74/215/191 75/284/179 136/284/238 137/215/239
f 181/315/260 150/316/261 152/317/262 182/318/263
f 182/318/263 152/317/262 154/319/264 183/320/265
f 183/321/265 154/322/264 156/323/266 184/324/267
f 184/324/267 156/323/266 158/325/268 185/326/269
f 185/326/269 158/325/268 160/327/270 186/328/271
f 186/328/271 160/327/270 162/329/272 187/330/273
f 187/331/273 162/332/272 164/333/274 188/334/275
f 188/334/275 164/333/274 166/335/276 189/336/277
f 189/336/277 166/335/276 168/337/278 190/338/279
f 190/338/279 168/337/278 170/339/280 191/340/281
f 191/341/281 170/342/280 172/343/282 192/344/283
f 192/344/283 172/343/282 174/345/284 193/346/285
f 193/346/285 174/345/284 176/347/286 194/348/287
f 194/348/287 176/347/286 178/349/288 195/350/289
f 195/367/289 178/368/288 180/369/290 196/370/291
f 196/370/291 180/369/290 150/316/261 181/315/260
f 197/387/308 198/388/309 181/389/260 182/390/263
f 199/391/310 197/387/308 182/390/263 183/392/265
f 200/393/311 199/391/310 183/392/265 184/394/267
f 201/395/312 200/393/311 184/394/267 185/396/269
f 202/397/313 201/395/312 185/396/269 186/398/271
f 203/399/314 202/397/313 186/398/271 187/400/273
f 204/401/315 203/399/314 187/400/273 188/402/275
f 205/403/316 204/401/315 188/402/275 189/404/277
f 206/405/317 205/403/316 189/404/277 190/406/279
f 207/407/318 206/405/317 190/406/279 191/408/281
f 208/409/319 207/407/318 191/408/281 192/410/283
f 209/411/320 208/409/319 192/410/283 193/412/285
f 210/413/321 209/411/320 193/412/285 194/414/287
f 211/415/322 210/413/321 194/414/287 195/416/289
f 212/417/323 211/415/322 195/416/289 196/418/291
f 198/388/309 212/417/323 196/418/291 181/389/260
f 277/419/324 292/420/325 212/417/326 198/388/327
f 292/420/325 291/421/328 211/415/329 212/417/326
f 291/421/328 290/422/330 210/413/331 211/415/329
f 290/422/330 289/423/332 209/411/332 210/413/331
f 289/423/332 288/424/333 208/409/334 209/411/332
f 288/424/333 287/425/335 207/407/336 208/409/334
f 287/425/335 286/426/337 206/405/338 207/407/336
f 286/426/337 285/427/339 205/403/340 206/405/338
f 285/427/339 284/428/341 204/401/342 205/403/340
f 284/428/341 283/429/343 203/399/344 204/401/342
f 283/429/343 282/430/345 202/397/346 203/399/344
f 282/430/345 281/431/347 201/395/347 202/397/346
f 281/431/347 280/432/348 200/393/349 201/395/347
f 280/432/348 279/433/350 199/391/351 200/393/349
f 279/433/350 278/434/352 197/387/353 199/391/351
f 278/434/352 277/419/324 198/388/327 197/387/353
f 245/435/260 214/436/261 216/437/262 246/438/263
f 246/438/263 216/437/262 218/368/264 247/439/265
f 247/440/265 218/441/264 220/442/266 248/443/267
f 248/443/267 220/442/266 222/444/268 249/445/269
f 249/445/269 222/444/268 224/446/270 250/447/271
f 250/447/271 224/446/270 226/448/272 251/449/273
f 251/450/273 226/451/272 228/452/274 252/453/275
f 252/453/275 228/452/274 230/454/276 253/455/277
f 253/455/277 230/454/276 232/456/278 254/457/279
f 254/457/279 232/456/278 234/458/280 255/459/281
f 255/460/281 234/461/280 236/462/282 256/463/283
f 256/463/283 236/462/282 238/464/284 257/465/285
f 257/465/285 238/464/284 240/466/286 258/467/287
f 258/467/287 240/466/286 242/468/288 259/469/289
f 259/486/289 242/487/288 244/488/290 260/489/291
f 260/489/291 244/488/290 214/436/261 245/435/260
f 261/506/308 262/507/309 245/508/260 246/509/263
f 263/510/310 261/506/308 246/509/263 247/511/265
f 264/512/311 263/510/310 247/511/265 248/513/267
f 265/514/312 264/512/311 248/513/267 249/515/269
f 266/516/313 265/514/312 249/515/269 250/517/271
f 267/518/314 266/516/313 250/517/271 251/519/273
f 268/520/370 267/518/314 251/519/273 252/521/275
f 269/522/316 268/520/370 252/521/275 253/523/277
f 270/524/317 269/522/316 253/523/277 254/525/279
f 271/526/318 270/524/317 254/525/279 255/527/281
f 272/528/319 271/526/318 255/527/281 256/529/283
f 273/530/320 272/528/319 256/529/283 257/531/285
f 274/532/321 273/530/320 257/531/285 258/533/287
f 275/534/322 274/532/321 258/533/287 259/535/289
f 276/536/323 275/534/322 259/535/289 260/537/291
f 262/507/309 276/536/323 260/537/291 245/508/260
f 293/538/371 308/539/372 276/536/373 262/507/374
f 308/539/372 307/540/375 275/534/376 276/536/373
f 307/540/375 306/541/377 274/532/378 275/534/376
f 306/541/377 305/542/379 273/530/379 274/532/378
f 305/542/379 304/543/380 272/528/381 273/530/379
f 304/543/380 303/544/382 271/526/383 272/528/381
f 303/544/382 302/545/384 270/524/385 271/526/383
f 302/545/384 301/546/386 269/522/387 270/524/385
f 301/546/386 300/547/388 268/520/389 269/522/387
f 300/547/388 299/548/390 267/518/391 268/520/389
f 299/548/390 298/549/392 266/516/393 267/518/391
f 298/549/392 297/550/394 265/514/394 266/516/393
f 297/550/394 296/551/395 264/512/396 265/514/394
f 296/551/395 295/552/397 263/510/398 264/512/396
f 295/552/397 294/553/399 261/506/400 263/510/398
f 294/553/399 293/538/371 262/507/374 261/506/400
f 82/214/190 83/221/176 75/284/179 74/215/191
f 426/700/557 428/701/557 1145/702/259 1137/703/259
f 442/704/558 440/705/558 418/706/559 419/707/560
f 423/708/561 422/709/562 416/710/563 420/711/563
f 428/701/259 427/712/259 1138/713/259 1145/702/259
f 447/714/25 421/715/25 415/716/25 441/717/25
f 430/718/564 1150/719/565 1138/720/68 427/721/68
f 421/722/566 423/708/567 420/711/568 415/723/568
f 444/724/569 442/704/569 419/707/570 417/725/571
f 417/725/571 419/707/570 423/726/567 421/727/566
f 425/728/572 1140/729/573 1150/730/565 430/731/564
f 444/732/25 417/733/25 421/715/25 447/714/25
f 419/707/560 418/706/559 422/734/562 423/726/561
f 1139/735/25 424/736/25 431/737/25 1149/738/25
f 432/739/574 425/728/572 430/731/564 435/740/575
f 1139/741/576 1146/742/576 429/743/577 424/744/577
f 435/745/575 430/718/564 427/721/68 437/746/68
f 1149/738/25 431/737/25 426/747/25 1137/748/25
f 438/749/259 437/750/259 427/712/259 428/701/259
f 1146/742/578 1140/751/578 425/752/579 429/743/579
f 433/753/580 438/749/580 428/701/557 426/700/557
f 441/754/581 446/755/581 438/749/580 433/753/580
f 446/755/582 445/756/582 437/750/259 438/749/259
f 443/757/583 435/745/575 437/746/68 445/758/68
f 440/759/584 432/739/574 435/740/575 443/760/583
f 424/736/25 436/761/25 439/762/25 431/737/25
f 424/744/577 429/743/577 434/763/585 436/764/585
f 431/737/25 439/762/25 433/765/25 426/747/25
f 429/743/579 425/752/579 432/766/586 434/763/586
f 418/767/587 440/759/584 443/760/583 422/768/588
f 422/769/588 443/757/583 445/758/68 416/770/68
f 420/771/589 416/772/589 445/756/582 446/755/582
f 415/773/590 420/771/590 446/755/581 441/754/581
f 436/761/25 444/732/25 447/714/25 439/762/25
f 436/764/585 434/763/585 442/704/569 444/724/569
f 439/762/25 447/714/25 441/717/25 433/765/25
f 434/763/586 432/766/586 440/705/558 442/704/558
f 497/860/652 499/861/652 1225/862/653 1217/863/653
f 505/864/654 503/865/654 489/866/655 490/867/655
f 494/868/656 493/869/657 487/870/658 491/871/659
f 499/861/660 498/872/660 1218/873/661 1225/862/661
f 510/874/662 492/875/663 486/876/664 504/877/665
f 501/878/666 1230/879/667 1218/873/668 498/872/669
f 492/880/670 494/868/671 491/871/672 486/881/673
f 507/882/654 505/864/654 490/867/655 488/883/655
f 488/884/674 490/885/674 494/886/671 492/887/670
f 496/888/675 1220/889/676 1230/879/667 501/878/666
f 507/882/677 488/883/678 492/875/663 510/874/662
f 490/885/679 489/890/679 493/891/657 494/886/656
f 1219/892/680 495/893/681 502/894/682 1229/895/683
f 503/896/684 496/888/675 501/878/666 506/897/685
f 1219/892/686 1226/898/686 500/899/687 495/893/687
f 506/897/685 501/878/666 498/872/669 508/900/688
f 1229/895/683 502/894/682 497/901/689 1217/902/690
f 509/903/691 508/900/691 498/872/660 499/861/660
f 1226/898/686 1220/904/686 496/905/687 500/899/687
f 504/906/692 509/903/693 499/861/652 497/860/652
f 486/881/673 491/871/672 509/903/693 504/906/692
f 491/871/659 487/870/658 508/900/691 509/903/691
f 493/869/694 506/897/685 508/900/688 487/870/695
f 489/907/696 503/896/684 506/897/685 493/869/694
f 495/893/681 507/882/677 510/874/662 502/894/682
f 495/893/687 500/899/687 505/864/654 507/882/654
f 502/894/682 510/874/662 504/877/665 497/901/689
f 500/899/687 496/905/687 503/865/654 505/864/654
f 511/908/697 513/909/697 514/910/697 512/911/697
f 513/909/698 517/912/698 518/913/698 514/910/698
f 517/914/699 515/915/699 516/916/699 518/917/699
f 515/915/700 511/918/700 512/919/700 516/916/700
f 513/920/701 511/918/701 515/915/701 517/914/701
f 518/913/702 516/921/702 512/911/702 514/910/702
f 527/922/703 528/923/703 531/924/703 532/925/703
f 521/926/704 522/927/704 526/928/704 525/929/704
f 529/930/705 530/931/705 524/932/705 523/933/705
f 523/933/706 524/932/706 520/934/706 519/935/706
f 527/922/707 529/930/707 523/933/707 519/935/707
f 530/931/708 528/923/708 520/934/708 524/932/708
f 534/936/709 531/924/709 528/923/709 530/931/709
f 532/925/710 533/937/710 529/930/710 527/922/710
f 533/937/711 534/936/711 530/931/711 529/930/711
f 519/935/712 520/934/712 528/923/712 527/922/712
f 522/927/713 521/926/714 532/938/715 531/939/716
f 521/926/714 525/929/717 533/940/718 532/938/715
f 526/928/719 522/927/713 531/939/716 534/941/720
f 525/929/717 526/928/719 534/941/720 533/940/718
f 579/973/578 573/974/578 1456/975/578 1455/976/578
f 577/977/578 572/978/578 573/974/578 579/973/578
f 578/979/578 571/980/578 572/978/578 577/977/578
f 137/215/239 136/284/238 622/284/824 623/215/825
f 135/197/233 134/200/232 620/200/826 621/197/827
f 133/203/235 132/206/234 618/206/828 619/203/829
f 131/209/237 130/212/236 616/212/830 617/209/831
f 136/198/238 135/197/233 621/197/827 622/198/824
f 134/204/232 133/203/235 619/203/829 620/204/826
f 132/210/234 131/209/237 617/209/831 618/210/828
f 130/216/236 137/215/239 623/215/825 616/216/830
f 621/197/832 620/200/833 628/200/834 629/197/832
f 619/203/835 618/206/836 626/206/837 627/203/838
f 617/209/839 616/212/840 624/212/841 625/209/839
f 622/198/842 621/197/832 629/197/832 630/198/843
f 620/204/833 619/203/835 627/203/838 628/204/834
f 618/210/836 617/209/839 625/209/839 626/210/837
f 616/216/840 623/215/844 631/215/844 624/216/841
f 623/215/844 622/284/842 630/284/843 631/215/844
f 657/984/893 658/985/893 660/986/893 659/987/893
f 659/987/894 660/986/894 665/989/894 666/988/894
f 667/991/896 668/990/896 658/992/896 657/993/896
f 659/994/897 666/988/897 667/991/897 657/995/897
f 665/989/898 660/996/898 658/997/898 668/990/898
f 669/1046/899 670/1047/899 666/988/899 665/989/899
f 670/1047/900 671/1048/900 667/991/900 666/988/900
f 672/1049/900 669/1046/900 665/989/900 668/990/900
f 671/1048/899 672/1049/899 668/990/899 667/991/899
f 673/984/905 674/985/905 676/986/905 675/987/905
f 675/987/906 676/986/906 681/989/906 682/988/906
f 683/991/908 684/990/908 674/992/908 673/993/908
f 675/994/909 682/988/909 683/991/909 673/995/909
f 681/989/910 676/996/910 674/997/910 684/990/910
f 685/1046/911 686/1047/911 682/988/911 681/989/911
f 686/1047/912 687/1048/912 683/991/912 682/988/912
f 688/1049/912 685/1046/912 681/989/912 684/990/912
f 687/1048/911 688/1049/911 684/990/911 683/991/911
f 797/195/1081 789/198/1082 790/197/1083 798/196/1084
f 798/196/1084 790/197/1083 791/200/1085 799/199/1086
f 799/201/1086 791/204/1085 792/203/1087 800/202/1088
f 800/202/1088 792/203/1087 793/206/1089 801/205/1090
f 801/207/1090 793/210/1089 794/209/1091 802/208/1092
f 802/208/1092 794/209/1091 795/212/1093 803/211/1094
f 803/213/1094 795/216/1093 788/215/1095 796/214/1096
f 796/214/1096 804/218/1097 811/217/1098 803/213/1094
f 799/201/1086 800/202/1088 808/220/1099 807/219/1100
f 797/221/1081 805/222/1101 804/218/1097 796/214/1096
f 801/205/1090 809/223/1102 808/220/1099 800/202/1088
f 798/196/1084 806/225/1103 805/224/1101 797/195/1081
f 802/208/1092 810/227/1104 809/226/1102 801/207/1090
f 799/199/1086 807/228/1100 806/225/1103 798/196/1084
f 803/211/1094 811/229/1098 810/227/1104 802/208/1092
f 807/228/1100 815/231/1105 814/230/1106 806/225/1103
f 811/229/1098 819/233/1107 818/232/1108 810/227/1104
f 808/220/1099 816/235/1109 815/234/1105 807/219/1100
f 804/218/1097 812/237/1110 819/236/1107 811/217/1098
f 805/222/1101 813/238/1111 812/237/1110 804/218/1097
f 809/223/1102 817/239/1112 816/235/1109 808/220/1099
f 806/225/1103 814/230/1106 813/240/1111 805/224/1101
f 810/227/1104 818/232/1108 817/241/1112 809/226/1102
f 816/242/1109 817/245/1112 825/244/1113 824/243/1114
f 814/230/1106 822/247/1115 821/246/1116 813/240/1111
f 818/232/1108 826/249/1117 825/248/1113 817/241/1112
f 815/250/1105 823/253/1118 822/252/1115 814/251/1106
f 819/254/1107 827/257/1119 826/256/1117 818/255/1108
f 816/242/1109 824/243/1114 823/253/1118 815/250/1105
f 812/258/1110 820/259/1120 827/257/1119 819/254/1107
f 813/260/1111 821/261/1116 820/259/1120 812/258/1110
f 820/259/1120 828/263/1121 835/262/1122 827/257/1119
f 823/253/1118 824/243/1114 832/265/1123 831/264/1124
f 821/261/1116 829/266/1125 828/263/1121 820/259/1120
f 825/244/1113 833/267/1126 832/265/1123 824/243/1114
f 822/268/1115 830/269/1127 829/266/1125 821/261/1116
f 826/270/1117 834/271/1128 833/267/1126 825/244/1113
f 823/253/1118 831/264/1124 830/272/1127 822/252/1115
f 827/257/1119 835/262/1122 834/273/1128 826/256/1117
f 835/262/1122 843/275/1129 842/274/1130 834/273/1128
f 830/272/1127 831/264/1124 839/277/1131 838/276/1132
f 832/265/1123 840/278/1133 839/277/1131 831/264/1124
f 828/263/1121 836/279/1134 843/275/1129 835/262/1122
f 829/266/1125 837/280/1135 836/279/1134 828/263/1121
f 833/267/1126 841/281/1136 840/278/1133 832/265/1123
f 830/269/1127 838/282/1132 837/280/1135 829/266/1125
f 834/271/1128 842/283/1130 841/281/1136 833/267/1126
f 790/197/1083 849/197/1137 848/200/1138 791/200/1085
f 792/203/1087 847/203/1139 846/206/1140 793/206/1089
f 794/209/1091 845/209/1141 844/212/1142 795/212/1093
f 789/198/1082 850/198/1143 849/197/1137 790/197/1083
f 791/204/1085 848/204/1138 847/203/1139 792/203/1087
f 793/210/1089 846/210/1140 845/209/1141 794/209/1091
f 795/216/1093 844/216/1142 851/215/1144 788/215/1095
f 788/215/1095 851/215/1144 850/284/1143 789/284/1082
f 899/315/277 900/318/275 870/317/274 868/316/276
f 900/318/275 901/320/273 872/319/272 870/317/274
f 901/321/273 902/324/271 874/323/270 872/322/272
f 902/324/271 903/326/269 876/325/268 874/323/270
f 903/326/269 904/328/267 878/327/266 876/325/268
f 904/328/267 905/330/265 880/329/264 878/327/266
f 905/331/265 906/334/263 882/333/262 880/332/264
f 906/334/263 907/336/260 884/335/261 882/333/262
f 907/336/260 908/338/291 886/337/290 884/335/261
f 908/338/291 909/340/289 888/339/288 886/337/290
f 909/341/289 910/344/287 890/343/286 888/342/288
f 910/344/287 911/346/285 892/345/284 890/343/286
f 911/346/285 912/348/283 894/347/282 892/345/284
f 912/348/283 913/350/281 896/349/280 894/347/282
f 913/367/281 914/370/279 898/369/278 896/368/280
f 914/370/279 899/315/277 868/316/276 898/369/278
f 915/387/370 900/390/275 899/389/277 916/388/316
f 917/391/314 901/392/273 900/390/275 915/387/370
f 918/393/313 902/394/271 901/392/273 917/391/314
f 919/395/312 903/396/269 902/394/271 918/393/313
f 920/397/311 904/398/267 903/396/269 919/395/312
f 921/399/310 905/400/265 904/398/267 920/397/311
f 922/401/308 906/402/263 905/400/265 921/399/310
f 923/403/309 907/404/260 906/402/263 922/401/308
f 924/405/323 908/406/291 907/404/260 923/403/309
f 925/407/322 909/408/289 908/406/291 924/405/323
f 926/409/321 910/410/287 909/408/289 925/407/322
f 927/411/320 911/412/285 910/410/287 926/409/321
f 928/413/319 912/414/283 911/412/285 927/411/320
f 929/415/318 913/416/281 912/414/283 928/413/319
f 930/417/317 914/418/279 913/416/281 929/415/318
f 916/388/316 899/389/277 914/418/279 930/417/317
f 995/419/1177 916/388/340 930/417/338 1010/420/337
f 1010/420/337 930/417/338 929/415/336 1009/421/335
f 1009/421/335 929/415/336 928/413/334 1008/422/333
f 1008/422/333 928/413/334 927/411/332 1007/423/332
f 1007/423/332 927/411/332 926/409/331 1006/424/330
f 1006/424/330 926/409/331 925/407/329 1005/425/328
f 1005/425/328 925/407/329 924/405/326 1004/426/325
f 1004/426/325 924/405/326 923/403/327 1003/427/324
f 1003/427/324 923/403/327 922/401/353 1002/428/352
f 1002/428/352 922/401/353 921/399/351 1001/429/350
f 1001/429/350 921/399/351 920/397/349 1000/430/348
f 1000/430/348 920/397/349 919/395/347 999/431/347
f 999/431/347 919/395/347 918/393/346 998/432/345
f 998/432/345 918/393/346 917/391/344 997/433/343
f 997/433/343 917/391/344 915/387/342 996/434/341
f 996/434/341 915/387/342 916/388/340 995/419/1177
f 963/435/277 964/438/275 934/437/274 932/436/276
f 964/438/275 965/439/273 936/368/272 934/437/274
f 965/440/273 966/443/271 938/442/270 936/441/272
f 966/443/271 967/445/269 940/444/268 938/442/270
f 967/445/269 968/447/267 942/446/266 940/444/268
f 968/447/267 969/449/265 944/448/264 942/446/266
f 969/450/265 970/453/263 946/452/262 944/451/264
f 970/453/263 971/455/260 948/454/261 946/452/262
f 971/455/260 972/457/291 950/456/290 948/454/261
f 972/457/291 973/459/289 952/458/288 950/456/290
f 973/460/289 974/463/287 954/462/286 952/461/288
f 974/463/287 975/465/285 956/464/284 954/462/286
f 975/465/285 976/467/283 958/466/282 956/464/284
f 976/467/283 977/469/281 960/468/280 958/466/282
f 977/486/281 978/489/279 962/488/278 960/487/280
f 978/489/279 963/435/277 932/436/276 962/488/278
f 979/506/370 964/509/275 963/508/277 980/507/316
f 981/510/314 965/511/273 964/509/275 979/506/370
f 982/512/313 966/513/271 965/511/273 981/510/314
f 983/514/312 967/515/269 966/513/271 982/512/313
f 984/516/311 968/517/267 967/515/269 983/514/312
f 985/518/310 969/519/265 968/517/267 984/516/311
f 986/520/308 970/521/263 969/519/265 985/518/310
f 987/522/309 971/523/260 970/521/263 986/520/308
f 988/524/323 972/525/291 971/523/260 987/522/309
f 989/526/322 973/527/289 972/525/291 988/524/323
f 990/528/321 974/529/287 973/527/289 989/526/322
f 991/530/320 975/531/285 974/529/287 990/528/321
f 992/532/319 976/533/283 975/531/285 991/530/320
f 993/534/318 977/535/281 976/533/283 992/532/319
f 994/536/317 978/537/279 977/535/281 993/534/318
f 980/507/316 963/508/277 978/537/279 994/536/317
f 1011/538/386 980/507/387 994/536/385 1026/539/384
f 1026/539/384 994/536/385 993/534/383 1025/540/382
f 1025/540/382 993/534/383 992/532/381 1024/541/380
f 1024/541/380 992/532/381 991/530/379 1023/542/379
f 1023/542/379 991/530/379 990/528/378 1022/543/377
f 1022/543/377 990/528/378 989/526/376 1021/544/375
f 1021/544/375 989/526/376 988/524/373 1020/545/372
f 1020/545/372 988/524/373 987/522/374 1019/546/371
f 1019/546/371 987/522/374 986/520/400 1018/547/399
f 1018/547/399 986/520/400 985/518/398 1017/548/397
f 1017/548/397 985/518/398 984/516/396 1016/549/395
f 1016/549/395 984/516/396 983/514/394 1015/550/394
f 1015/550/394 983/514/394 982/512/393 1014/551/392
f 1014/551/392 982/512/393 981/510/391 1013/552/390
f 1013/552/390 981/510/391 979/506/389 1012/553/388
f 1012/553/388 979/506/389 980/507/387 1011/538/386
f 796/214/1096 788/215/1095 789/284/1082 797/221/1081
f 1156/700/1331 1137/703/259 1145/702/259 1158/701/1331
f 1172/704/1332 1147/707/1333 1144/706/1334 1170/705/1332
f 1153/708/1335 1148/711/1336 1142/710/1336 1152/709/1337
f 1158/701/259 1145/702/259 1138/713/259 1157/712/259
f 1177/714/25 1171/717/25 1141/716/25 1151/715/25
f 1160/718/1338 1157/721/68 1138/720/68 1150/719/565
f 1151/722/1339 1141/723/1340 1148/711/1340 1153/708/1341
f 1174/724/1342 1143/725/1343 1147/707/1344 1172/704/1342
f 1143/725/1343 1151/727/1339 1153/726/1341 1147/707/1344
f 1155/728/1345 1160/731/1338 1150/730/565 1140/729/573
f 1174/732/25 1177/714/25 1151/715/25 1143/733/25
f 1147/707/1333 1153/726/1335 1152/734/1337 1144/706/1334
f 1139/735/25 1149/738/25 1161/737/25 1154/736/25
f 1162/739/1346 1165/740/1347 1160/731/1338 1155/728/1345
f 1139/741/576 1154/744/1348 1159/743/1348 1146/742/576
f 1165/745/1347 1167/746/68 1157/721/68 1160/718/1338
f 1149/738/25 1137/748/25 1156/747/25 1161/737/25
f 1168/749/259 1158/701/259 1157/712/259 1167/750/259
f 1146/742/578 1159/743/1349 1155/752/1349 1140/751/578
f 1163/753/1350 1156/700/1331 1158/701/1331 1168/749/1350
f 1171/754/1351 1163/753/1350 1168/749/1350 1176/755/1351
f 1176/755/1352 1168/749/259 1167/750/259 1175/756/1352
f 1173/757/1353 1175/758/68 1167/746/68 1165/745/1347
f 1170/759/1354 1173/760/1353 1165/740/1347 1162/739/1346
f 1154/736/25 1161/737/25 1169/762/25 1166/761/25
f 1154/744/1348 1166/764/1355 1164/763/1355 1159/743/1348
f 1161/737/25 1156/747/25 1163/765/25 1169/762/25
f 1159/743/1349 1164/763/1356 1162/766/1356 1155/752/1349
f 1144/767/1357 1152/768/1358 1173/760/1353 1170/759/1354
f 1152/769/1358 1142/770/68 1175/758/68 1173/757/1353
f 1148/771/1359 1176/755/1352 1175/756/1352 1142/772/1359
f 1141/773/1360 1171/754/1351 1176/755/1351 1148/771/1360
f 1166/761/25 1169/762/25 1177/714/25 1174/732/25
f 1166/764/1355 1174/724/1342 1172/704/1342 1164/763/1355
f 1169/762/25 1163/765/25 1171/717/25 1177/714/25
f 1164/763/1356 1172/704/1332 1170/705/1332 1162/766/1356
f 1236/860/1411 1217/863/653 1225/862/653 1238/861/1411
f 1244/864/1412 1227/867/1413 1224/866/1413 1242/865/1412
f 1233/868/1414 1228/871/1415 1222/870/1416 1232/869/1417
f 1238/861/1418 1225/862/661 1218/873/661 1237/872/1418
f 1249/874/1419 1243/877/1420 1221/876/1421 1231/875/1422
f 1240/878/1423 1237/872/1424 1218/873/668 1230/879/667
f 1231/880/1425 1221/881/1426 1228/871/1427 1233/868/1428
f 1246/882/1412 1223/883/1413 1227/867/1413 1244/864/1412
f 1223/884/1429 1231/887/1425 1233/886/1428 1227/885/1429
f 1235/888/1430 1240/878/1423 1230/879/667 1220/889/676
f 1246/882/1431 1249/874/1419 1231/875/1422 1223/883/1432
f 1227/885/1433 1233/886/1414 1232/891/1417 1224/890/1433
f 1219/892/680 1229/895/683 1241/894/1434 1234/893/1435
f 1242/896/1436 1245/897/1437 1240/878/1423 1235/888/1430
f 1219/892/686 1234/893/1438 1239/899/1438 1226/898/686
f 1245/897/1437 1247/900/1439 1237/872/1424 1240/878/1423
f 1229/895/683 1217/902/690 1236/901/1440 1241/894/1434
f 1248/903/1441 1238/861/1418 1237/872/1418 1247/900/1441
f 1226/898/686 1239/899/1438 1235/905/1438 1220/904/686
f 1243/906/1442 1236/860/1411 1238/861/1411 1248/903/1443
f 1221/881/1426 1243/906/1442 1248/903/1443 1228/871/1427
f 1228/871/1415 1248/903/1441 1247/900/1441 1222/870/1416
f 1232/869/1444 1222/870/1445 1247/900/1439 1245/897/1437
f 1224/907/1446 1232/869/1444 1245/897/1437 1242/896/1436
f 1234/893/1435 1241/894/1434 1249/874/1419 1246/882/1431
f 1234/893/1438 1246/882/1412 1244/864/1412 1239/899/1438
f 1241/894/1434 1236/901/1440 1243/877/1420 1249/874/1419
f 1239/899/1438 1244/864/1412 1242/865/1412 1235/905/1438
f 1250/908/1447 1251/911/1447 1253/910/1447 1252/909/1447
f 1252/909/1448 1253/910/1448 1257/913/1448 1256/912/1448
f 1256/914/1449 1257/917/1449 1255/916/1449 1254/915/1449
f 1254/915/1450 1255/916/1450 1251/919/1450 1250/918/1450
f 1252/920/1451 1256/914/1451 1254/915/1451 1250/918/1451
f 1257/913/1452 1253/910/1452 1251/911/1452 1255/921/1452
f 1266/922/1453 1271/925/1453 1270/924/1453 1267/923/1453
f 1260/926/1454 1264/929/1454 1265/928/1454 1261/927/1454
f 1268/930/1455 1262/933/1455 1263/932/1455 1269/931/1455
f 1262/933/1456 1258/935/1456 1259/934/1456 1263/932/1456
f 1266/922/1457 1258/935/1457 1262/933/1457 1268/930/1457
f 1269/931/1458 1263/932/1458 1259/934/1458 1267/923/1458
f 1273/936/1459 1269/931/1459 1267/923/1459 1270/924/1459
f 1271/925/1460 1266/922/1460 1268/930/1460 1272/937/1460
f 1272/937/1461 1268/930/1461 1269/931/1461 1273/936/1461
f 1258/935/1462 1266/922/1462 1267/923/1462 1259/934/1462
f 1261/927/1463 1270/939/1464 1271/938/1465 1260/926/1466
f 1260/926/1466 1271/938/1465 1272/940/1467 1264/929/1468
f 1265/928/1469 1273/941/1470 1270/939/1464 1261/927/1463
f 1264/929/1468 1272/940/1467 1273/941/1470 1265/928/1469
f 1330/973/578 1455/976/578 1456/975/578 1321/974/578
f 1327/977/578 1330/973/578 1321/974/578 1320/978/578
f 1328/979/578 1327/977/578 1320/978/578 1319/980/578
f 851/215/1144 1382/215/1537 1381/284/1538 850/284/1143
f 849/197/1137 1380/197/1539 1379/200/1540 848/200/1138
f 847/203/1139 1378/203/1541 1377/206/1542 846/206/1140
f 845/209/1141 1376/209/1543 1375/212/1544 844/212/1142
f 850/198/1143 1381/198/1538 1380/197/1539 849/197/1137
f 848/204/1138 1379/204/1540 1378/203/1541 847/203/1139
f 846/210/1140 1377/210/1542 1376/209/1543 845/209/1141
f 844/216/1142 1375/216/1544 1382/215/1537 851/215/1144
f 1380/197/1545 1388/197/1545 1387/200/1546 1379/200/1547
f 1378/203/1548 1386/203/1549 1385/206/1550 1377/206/1551
f 1376/209/1552 1384/209/1552 1383/212/1553 1375/212/1554
f 1381/198/1555 1389/198/1556 1388/197/1545 1380/197/1545
f 1379/204/1547 1387/204/1546 1386/203/1549 1378/203/1548
f 1377/210/1551 1385/210/1550 1384/209/1552 1376/209/1552
f 1375/216/1554 1383/216/1553 1390/215/1557 1382/215/1557
f 1382/215/1557 1390/215/1557 1389/284/1556 1381/284/1555
f 1420/984/1603 1422/987/1603 1423/986/1603 1421/985/1603
f 1422/987/1604 1429/988/1604 1428/989/1604 1423/986/1604
f 1430/991/1606 1420/993/1606 1421/992/1606 1431/990/1606
f 1422/994/1607 1420/995/1607 1430/991/1607 1429/988/1607
f 1428/989/1608 1431/990/1608 1421/997/1608 1423/996/1608
f 1432/1046/1609 1428/989/1609 1429/988/1609 1433/1047/1609
f 1433/1047/1610 1429/988/1610 1430/991/1610 1434/1048/1610
f 1435/1049/1610 1431/990/1610 1428/989/1610 1432/1046/1610
f 1434/1048/1609 1430/991/1609 1431/990/1609 1435/1049/1609
f 1436/984/1615 1438/987/1615 1439/986/1615 1437/985/1615
f 1438/987/1616 1445/988/1616 1444/989/1616 1439/986/1616
f 1446/991/1618 1436/993/1618 1437/992/1618 1447/990/1618
f 1438/994/1619 1436/995/1619 1446/991/1619 1445/988/1619
f 1444/989/1620 1447/990/1620 1437/997/1620 1439/996/1620
f 1448/1046/1621 1444/989/1621 1445/988/1621 1449/1047/1621
f 1449/1047/1622 1445/988/1622 1446/991/1622 1450/1048/1622
f 1451/1049/1622 1447/990/1622 1444/989/1622 1448/1046/1622
f 1450/1048/1621 1446/991/1621 1447/990/1621 1451/1049/1621
f 1611/1060/1657 1608/1060/1658 1630/1060/1659 1627/1060/1660
f 1489/1060/1661 1492/1060/1662 1603/1060/1663 1606/1060/1664
f 1513/1060/1665 1516/1060/1666 1579/1060/1667 1582/1060/1668
f 1492/1060/1662 1495/1060/1669 1600/1060/1670 1603/1060/1663
f 1516/1060/1666 1519/1060/1671 1576/1060/1672 1579/1060/1667
f 1495/1060/1669 1498/1060/1673 1597/1060/1674 1600/1060/1670
f 1519/1060/1671 1522/1060/1675 1573/1060/1676 1576/1060/1672
f 1498/1060/1673 1501/1060/1677 1594/1060/1678 1597/1060/1674
f 1527/1060/1679 1525/1060/1680 1624/1060/1681 1620/1060/1682
f 1501/1060/1677 1504/1060/1683 1591/1060/1684 1594/1060/1678
f 1522/1060/1675 1476/1060/1685 1614/1060/1686 1573/1060/1676
f 1477/1060/1687 1524/1060/1688 1528/1060/1689 1479/1060/1690
f 1504/1060/1683 1507/1060/1691 1588/1060/1692 1591/1060/1684
f 1483/1060/1693 1486/1060/1694 1609/1060/1695 1612/1060/1696
f 1507/1060/1691 1510/1060/1697 1585/1060/1698 1588/1060/1692
f 1486/1060/1694 1489/1060/1661 1606/1060/1664 1609/1060/1695
f 1557/1060/1699 1554/1060/1700 1650/1060/1701 1653/1060/1702
f 1590/1060/1703 1587/1060/1704 1651/1060/1705 1648/1060/1706
f 1617/1060/1707 1611/1060/1657 1627/1060/1660 1621/1060/1708
f 1593/1060/1709 1590/1060/1703 1648/1060/1706 1645/1060/1710
f 1615/1060/1711 1617/1060/1707 1621/1060/1708 1623/1060/1712
f 1596/1060/1713 1593/1060/1709 1645/1060/1710 1642/1060/1714
f 1575/1060/1715 1572/1060/1716 1666/1060/1717 1663/1060/1718
f 1599/1060/1719 1596/1060/1713 1642/1060/1714 1639/1060/1720
f 1578/1060/1721 1575/1060/1715 1663/1060/1718 1660/1060/1722
f 1602/1060/1723 1599/1060/1719 1639/1060/1720 1636/1060/1724
f 1581/1060/1725 1578/1060/1721 1660/1060/1722 1657/1060/1726
f 1605/1060/1727 1602/1060/1723 1636/1060/1724 1633/1060/1728
f 1584/1060/1729 1581/1060/1725 1657/1060/1726 1654/1060/1730
f 1608/1060/1658 1605/1060/1727 1633/1060/1728 1630/1060/1659
f 1587/1060/1704 1584/1060/1729 1654/1060/1730 1651/1060/1705
f 1510/1060/1697 1513/1060/1665 1582/1060/1668 1585/1060/1698
f 1512/1060/1731 1561/1060/1732 1564/1060/1733 1515/1060/1734
f 1560/1060/1735 1557/1060/1699 1653/1060/1702 1656/1060/1736
f 1515/1060/1734 1564/1060/1733 1567/1060/1737 1518/1060/1738
f 1521/1060/1739 1570/1060/1740 1524/1060/1688 1477/1060/1687
f 1563/1060/1741 1560/1060/1735 1656/1060/1736 1659/1060/1742
f 1518/1060/1738 1567/1060/1737 1570/1060/1740 1521/1060/1739
f 1479/1060/1690 1528/1060/1689 1531/1060/1743 1482/1060/1744
f 1566/1060/1745 1563/1060/1741 1659/1060/1742 1662/1060/1746
f 1480/1060/1747 1483/1060/1693 1612/1060/1696 1618/1060/1748
f 1482/1060/1744 1531/1060/1743 1534/1060/1749 1485/1060/1750
f 1569/1060/1751 1566/1060/1745 1662/1060/1746 1665/1060/1752
f 1525/1060/1680 1569/1060/1751 1665/1060/1752 1624/1060/1681
f 1485/1060/1750 1534/1060/1749 1537/1060/1753 1488/1060/1754
f 1572/1060/1716 1615/1060/1711 1623/1060/1712 1666/1060/1717
f 1533/1060/1755 1530/1060/1756 1626/1060/1757 1629/1060/1758
f 1488/1060/1754 1537/1060/1753 1540/1060/1759 1491/1060/1760
f 1530/1060/1756 1527/1060/1679 1620/1060/1682 1626/1060/1757
f 1536/1060/1761 1533/1060/1755 1629/1060/1758 1632/1060/1762
f 1491/1060/1760 1540/1060/1759 1543/1060/1763 1494/1060/1764
f 1539/1060/1765 1536/1060/1761 1632/1060/1762 1635/1060/1766
f 1494/1060/1764 1543/1060/1763 1546/1060/1767 1497/1060/1768
f 1542/1060/1769 1539/1060/1765 1635/1060/1766 1638/1060/1770
f 1497/1060/1768 1546/1060/1767 1549/1060/1771 1500/1060/1772
f 1545/1060/1773 1542/1060/1769 1638/1060/1770 1641/1060/1774
f 1500/1060/1772 1549/1060/1771 1552/1060/1775 1503/1060/1776
f 1548/1060/1777 1545/1060/1773 1641/1060/1774 1644/1060/1778
f 1503/1060/1776 1552/1060/1775 1555/1060/1779 1506/1060/1780
f 1551/1060/1781 1548/1060/1777 1644/1060/1778 1647/1060/1782
f 1506/1060/1780 1555/1060/1779 1558/1060/1783 1509/1060/1784
f 1554/1060/1700 1551/1060/1781 1647/1060/1782 1650/1060/1701
f 1509/1060/1784 1558/1060/1783 1561/1060/1732 1512/1060/1731
f 1480/1060/1747 1476/1060/1685 1478/1060/1785 1481/1060/1786
f 1481/1060/1786 1478/1060/1785 1477/1060/1687 1479/1060/1690
f 1483/1060/1693 1480/1060/1747 1481/1060/1786 1484/1060/1787
f 1484/1060/1787 1481/1060/1786 1479/1060/1690 1482/1060/1744
f 1486/1060/1694 1483/1060/1693 1484/1060/1787 1487/1060/1788
f 1487/1060/1788 1484/1060/1787 1482/1060/1744 1485/1060/1750
f 1489/1060/1661 1486/1060/1694 1487/1060/1788 1490/1060/1789
f 1490/1060/1789 1487/1060/1788 1485/1060/1750 1488/1060/1754
f 1492/1060/1662 1489/1060/1661 1490/1060/1789 1493/1060/1790
f 1493/1060/1790 1490/1060/1789 1488/1060/1754 1491/1060/1760
f 1495/1060/1669 1492/1060/1662 1493/1060/1790 1496/1060/1791
f 1496/1060/1791 1493/1060/1790 1491/1060/1760 1494/1060/1764
f 1498/1060/1673 1495/1060/1669 1496/1060/1791 1499/1060/1792
f 1499/1060/1792 1496/1060/1791 1494/1060/1764 1497/1060/1768
f 1501/1060/1677 1498/1060/1673 1499/1060/1792 1502/1060/1793
f 1502/1060/1793 1499/1060/1792 1497/1060/1768 1500/1060/1772
f 1504/1060/1683 1501/1060/1677 1502/1060/1793 1505/1060/1794
f 1505/1060/1794 1502/1060/1793 1500/1060/1772 1503/1060/1776
f 1507/1060/1691 1504/1060/1683 1505/1060/1794 1508/1060/1795
f 1508/1060/1795 1505/1060/1794 1503/1060/1776 1506/1060/1780
f 1510/1060/1697 1507/1060/1691 1508/1060/1795 1511/1060/1796
f 1511/1060/1796 1508/1060/1795 1506/1060/1780 1509/1060/1784
f 1513/1060/1665 1510/1060/1697 1511/1060/1796 1514/1060/1797
f 1514/1060/1797 1511/1060/1796 1509/1060/1784 1512/1060/1731
f 1516/1060/1666 1513/1060/1665 1514/1060/1797 1517/1060/1798
f 1517/1060/1798 1514/1060/1797 1512/1060/1731 1515/1060/1734
f 1519/1060/1671 1516/1060/1666 1517/1060/1798 1520/1060/1799
f 1520/1060/1799 1517/1060/1798 1515/1060/1734 1518/1060/1738
f 1522/1060/1675 1519/1060/1671 1520/1060/1799 1523/1060/1800
f 1523/1060/1800 1520/1060/1799 1518/1060/1738 1521/1060/1739
f 1476/1060/1685 1522/1060/1675 1523/1060/1800 1478/1060/1785
f 1478/1060/1785 1523/1060/1800 1521/1060/1739 1477/1060/1687
f 1528/1060/1689 1524/1060/1688 1526/1060/1801 1529/1060/1802
f 1529/1060/1802 1526/1060/1801 1525/1060/1680 1527/1060/1679
f 1531/1060/1743 1528/1060/1689 1529/1060/1802 1532/1060/1803
f 1532/1060/1803 1529/1060/1802 1527/1060/1679 1530/1060/1756
f 1534/1060/1749 1531/1060/1743 1532/1060/1803 1535/1060/1804
f 1535/1060/1804 1532/1060/1803 1530/1060/1756 1533/1060/1755
f 1537/1060/1753 1534/1060/1749 1535/1060/1804 1538/1060/1805
f 1538/1060/1805 1535/1060/1804 1533/1060/1755 1536/1060/1761
f 1540/1060/1759 1537/1060/1753 1538/1060/1805 1541/1060/1806
f 1541/1060/1806 1538/1060/1805 1536/1060/1761 1539/1060/1765
f 1543/1060/1763 1540/1060/1759 1541/1060/1806 1544/1060/1807
f 1544/1060/1807 1541/1060/1806 1539/1060/1765 1542/1060/1769
f 1546/1060/1767 1543/1060/1763 1544/1060/1807 1547/1060/1808
f 1547/1060/1808 1544/1060/1807 1542/1060/1769 1545/1060/1773
f 1549/1060/1771 1546/1060/1767 1547/1060/1808 1550/1060/1809
f 1550/1060/1809 1547/1060/1808 1545/1060/1773 1548/1060/1777
f 1552/1060/1775 1549/1060/1771 1550/1060/1809 1553/1060/1810
f 1553/1060/1810 1550/1060/1809 1548/1060/1777 1551/1060/1781
f 1555/1060/1779 1552/1060/1775 1553/1060/1810 1556/1060/1811
f 1556/1060/1811 1553/1060/1810 1551/1060/1781 1554/1060/1700
f 1558/1060/1783 1555/1060/1779 1556/1060/1811 1559/1060/1812
f 1559/1060/1812 1556/1060/1811 1554/1060/1700 1557/1060/1699
f 1561/1060/1732 1558/1060/1783 1559/1060/1812 1562/1060/1813
f 1562/1060/1813 1559/1060/1812 1557/1060/1699 1560/1060/1735
f 1564/1060/1733 1561/1060/1732 1562/1060/1813 1565/1060/1814
f 1565/1060/1814 1562/1060/1813 1560/1060/1735 1563/1060/1741
f 1567/1060/1737 1564/1060/1733 1565/1060/1814 1568/1060/1815
f 1568/1060/1815 1565/1060/1814 1563/1060/1741 1566/1060/1745
f 1570/1060/1740 1567/1060/1737 1568/1060/1815 1571/1060/1816
f 1571/1060/1816 1568/1060/1815 1566/1060/1745 1569/1060/1751
f 1524/1060/1688 1570/1060/1740 1571/1060/1816 1526/1060/1801
f 1526/1060/1801 1571/1060/1816 1569/1060/1751 1525/1060/1680
f 1615/1060/1711 1572/1060/1716 1574/1060/1817 1616/1060/1818
f 1616/1060/1818 1574/1060/1817 1573/1060/1676 1614/1060/1686
f 1572/1060/1716 1575/1060/1715 1577/1060/1819 1574/1060/1817
f 1574/1060/1817 1577/1060/1819 1576/1060/1672 1573/1060/1676
f 1575/1060/1715 1578/1060/1721 1580/1060/1820 1577/1060/1819
f 1577/1060/1819 1580/1060/1820 1579/1060/1667 1576/1060/1672
f 1578/1060/1721 1581/1060/1725 1583/1060/1821 1580/1060/1820
f 1580/1060/1820 1583/1060/1821 1582/1060/1668 1579/1060/1667
f 1581/1060/1725 1584/1060/1729 1586/1060/1822 1583/1060/1821
f 1583/1060/1821 1586/1060/1822 1585/1060/1698 1582/1060/1668
f 1584/1060/1729 1587/1060/1704 1589/1060/1823 1586/1060/1822
f 1586/1060/1822 1589/1060/1823 1588/1060/1692 1585/1060/1698
f 1587/1060/1704 1590/1060/1703 1592/1060/1824 1589/1060/1823
f 1589/1060/1823 1592/1060/1824 1591/1060/1684 1588/1060/1692
f 1590/1060/1703 1593/1060/1709 1595/1060/1825 1592/1060/1824
f 1592/1060/1824 1595/1060/1825 1594/1060/1678 1591/1060/1684
f 1593/1060/1709 1596/1060/1713 1598/1060/1826 1595/1060/1825
f 1595/1060/1825 1598/1060/1826 1597/1060/1674 1594/1060/1678
f 1596/1060/1713 1599/1060/1719 1601/1060/1827 1598/1060/1826
f 1598/1060/1826 1601/1060/1827 1600/1060/1670 1597/1060/1674
f 1599/1060/1719 1602/1060/1723 1604/1060/1828 1601/1060/1827
f 1601/1060/1827 1604/1060/1828 1603/1060/1663 1600/1060/1670
f 1602/1060/1723 1605/1060/1727 1607/1060/1829 1604/1060/1828
f 1604/1060/1828 1607/1060/1829 1606/1060/1664 1603/1060/1663
f 1605/1060/1727 1608/1060/1658 1610/1060/1830 1607/1060/1829
f 1607/1060/1829 1610/1060/1830 1609/1060/1695 1606/1060/1664
f 1608/1060/1658 1611/1060/1657 1613/1060/1831 1610/1060/1830
f 1610/1060/1830 1613/1060/1831 1612/1060/1696 1609/1060/1695
f 1611/1060/1657 1617/1060/1707 1619/1060/1832 1613/1060/1831
f 1613/1060/1831 1619/1060/1832 1618/1060/1748 1612/1060/1696
f 1617/1060/1707 1615/1060/1711 1616/1060/1818 1619/1060/1832
f 1619/1060/1832 1616/1060/1818 1614/1060/1686 1618/1060/1748
f 1624/1060/1681 1665/1060/1752 1667/1060/1833 1625/1060/1834
f 1625/1060/1834 1667/1060/1833 1666/1060/1717 1623/1060/1712
f 1665/1060/1752 1662/1060/1746 1664/1060/1835 1667/1060/1833
f 1667/1060/1833 1664/1060/1835 1663/1060/1718 1666/1060/1717
f 1662/1060/1746 1659/1060/1742 1661/1060/1836 1664/1060/1835
f 1664/1060/1835 1661/1060/1836 1660/1060/1722 1663/1060/1718
f 1659/1060/1742 1656/1060/1736 1658/1060/1837 1661/1060/1836
f 1661/1060/1836 1658/1060/1837 1657/1060/1726 1660/1060/1722
f 1656/1060/1736 1653/1060/1702 1655/1060/1838 1658/1060/1837
f 1658/1060/1837 1655/1060/1838 1654/1060/1730 1657/1060/1726
f 1653/1060/1702 1650/1060/1701 1652/1060/1839 1655/1060/1838
f 1655/1060/1838 1652/1060/1839 1651/1060/1705 1654/1060/1730
f 1650/1060/1701 1647/1060/1782 1649/1060/1840 1652/1060/1839
f 1652/1060/1839 1649/1060/1840 1648/1060/1706 1651/1060/1705
f 1647/1060/1782 1644/1060/1778 1646/1060/1841 1649/1060/1840
f 1649/1060/1840 1646/1060/1841 1645/1060/1710 1648/1060/1706
f 1644/1060/1778 1641/1060/1774 1643/1060/1842 1646/1060/1841
f 1646/1060/1841 1643/1060/1842 1642/1060/1714 1645/1060/1710
f 1641/1060/1774 1638/1060/1770 1640/1060/1843 1643/1060/1842
f 1643/1060/1842 1640/1060/1843 1639/1060/1720 1642/1060/1714
f 1638/1060/1770 1635/1060/1766 1637/1060/1844 1640/1060/1843
f 1640/1060/1843 1637/1060/1844 1636/1060/1724 1639/1060/1720
f 1635/1060/1766 1632/1060/1762 1634/1060/1845 1637/1060/1844
f 1637/1060/1844 1634/1060/1845 1633/1060/1728 1636/1060/1724
f 1632/1060/1762 1629/1060/1758 1631/1060/1846 1634/1060/1845
f 1634/1060/1845 1631/1060/1846 1630/1060/1659 1633/1060/1728
f 1629/1060/1758 1626/1060/1757 1628/1060/1847 1631/1060/1846
f 1631/1060/1846 1628/1060/1847 1627/1060/1660 1630/1060/1659
f 1626/1060/1757 1620/1060/1682 1622/1060/1848 1628/1060/1847
f 1628/1060/1847 1622/1060/1848 1621/1060/1708 1627/1060/1660
f 1620/1060/1682 1624/1060/1681 1625/1060/1834 1622/1060/1848
f 1622/1060/1848 1625/1060/1834 1623/1060/1712 1621/1060/1708
f 1476/1060/1685 1480/1060/1747 1618/1060/1748 1614/1060/1686
f 1676/1061/1849 1672/1062/1849 1739/1063/1849 1740/1064/1849
f 1680/1073/1849 1676/1061/1849 1740/1074/1849 1742/1075/1849
f 1677/1078/1849 1683/1079/1849 1676/1061/1849 1680/1073/1849
f 1683/1080/1849 1668/1081/1849 1672/1062/1849 1676/1061/1849
f 1683/1079/1849 1689/1082/1849 1688/1083/1849 1668/1081/1849
f 1739/1063/1849 1691/1084/1849 1690/1085/1849 1740/1074/1849
f 1742/1075/1849 1695/1088/1849 1694/1086/1849 1680/1086/1849
f 1680/1086/1849 1694/1086/1849 1697/1089/1849 1677/1090/1849
f 1701/1091/1874 1703/1092/1875 1717/1093/1876 1716/1094/1877
f 1703/1092/1875 1705/1095/1878 1718/1096/1879 1717/1093/1876
f 1705/1095/1878 1707/1097/1880 1719/1098/1881 1718/1096/1879
f 1707/1097/1880 1709/1099/1882 1720/1100/1883 1719/1098/1881
f 1709/1099/1882 1711/1101/1884 1721/1102/1885 1720/1100/1883
f 1711/1101/1884 1713/1103/1886 1722/1104/1887 1721/1102/1885
f 1713/1103/1886 1715/1105/1888 1723/1106/1889 1722/1104/1887
f 1731/1107/1890 1723/1108/1889 1716/1109/1877 1724/1110/1891
f 1701/1111/1874 1715/1112/1888 1713/1113/1886 1711/1114/1884 1709/1115/1882 1707/1116/1880 1705/1117/1878 1703/1118/1875
f 1700/1119/1892 1702/1120/1893 1704/1121/1894 1706/1122/1895 1708/1123/1896 1710/1124/1897 1712/1125/1898 1714/1126/1899
f 1700/1119/1892 1724/1110/1891 1725/1127/1900 1702/1120/1893
f 1726/1128/1901 1725/1127/1900 1717/1129/1876 1718/1130/1879
f 1727/1131/1902 1726/1128/1901 1718/1130/1879 1719/1132/1881
f 1728/1133/1903 1727/1131/1902 1719/1132/1881 1720/1134/1883
f 1729/1135/1904 1728/1133/1903 1720/1134/1883 1721/1136/1885
f 1730/1137/1905 1729/1135/1904 1721/1136/1885 1722/1138/1887
f 1731/1107/1890 1730/1137/1905 1722/1138/1887 1723/1108/1889
f 1725/1127/1900 1724/1110/1891 1716/1109/1877 1717/1129/1876
f 1700/1119/1892 1714/1126/1899 1731/1107/1890 1724/1110/1891
f 1712/1125/1898 1730/1137/1905 1731/1107/1890 1714/1126/1899
f 1710/1124/1897 1729/1135/1904 1730/1137/1905 1712/1125/1898
f 1708/1123/1896 1728/1133/1903 1729/1135/1904 1710/1124/1897
f 1706/1122/1895 1727/1131/1902 1728/1133/1903 1708/1123/1896
f 1704/1121/1894 1726/1128/1901 1727/1131/1902 1706/1122/1895
f 1702/1120/1893 1725/1127/1900 1726/1128/1901 1704/1121/1894
f 1723/1106/1889 1715/1105/1888 1701/1091/1874 1716/1094/1877
f 1278/947/1906 1760/947/1907 1761/1054/1908 1759/1054/1909
f 1759/1054/1909 1761/1054/1908 1762/949/1910 1758/949/1911
f 1758/949/1911 1762/949/1910 1763/948/1912 1279/948/1913
f 1763/948/1914 1762/949/1914 1761/1054/1914 1760/947/1914
f 1279/948/1913 1763/948/1912 1760/947/1907 1278/947/1906
f 1764/967/1915 1765/947/1915 1766/950/1915 1767/968/1915
f 535/947/1916 1765/947/1917 1764/967/1918 536/967/1919
f 1752/950/1920 1766/950/1921 1765/947/1917 535/947/1916
f 1751/968/1922 1767/968/1923 1766/950/1921 1752/950/1920
f 536/967/1919 1764/967/1918 1767/968/1923 1751/968/1922
f 1776/1142/1924 1777/1141/1924 1778/1140/1924 1779/1143/1924
f 7/1141/1926 1777/1141/1926 1776/1142/1927 30/1142/1927
f 8/1140/1928 1778/1140/1928 1777/1141/1926 7/1141/1926
f 31/1143/1929 1779/1143/1929 1778/1140/1928 8/1140/1928
f 30/1142/1927 1776/1142/1927 1779/1143/1929 31/1143/1929
f 1780/1146/1925 1781/1147/1925 1782/1145/1925 1783/1144/1925
f 738/1147/1930 1781/1147/1930 1780/1146/1931 737/1146/1931
f 702/1145/1932 1782/1145/1932 1781/1147/1930 738/1147/1930
f 701/1144/1933 1783/1144/1933 1782/1145/1932 702/1145/1932
f 737/1146/1931 1780/1146/1931 1783/1144/1933 701/1144/1933
usemtl Material.003
f 550/128/721 1274/127/722 1275/36/722 551/35/723
f 552/942/724 1276/943/725 1277/944/725 553/48/726
f 539/945/727 540/946/727 535/947/727 536/948/727
f 1751/949/728 1752/950/728 537/951/729 538/952/730
f 538/952/730 537/951/729 541/953/731
f 547/954/732 546/955/733 548/47/734 549/120/732
f 543/956/735 542/957/736 544/620/737 545/958/735
f 546/955/733 552/942/724 553/48/726 548/47/734
f 542/957/736 550/128/721 551/35/723 544/620/737
f 1293/128/1471 1294/35/1472 1275/36/722 1274/127/722
f 1295/942/1473 1296/48/1474 1277/944/725 1276/943/725
f 1282/945/1475 1279/948/1475 1278/947/1475 1283/946/1475
f 1758/949/1476 1281/952/1477 1280/951/1478 1759/1054/1476
f 1281/952/1477 1284/953/1479 1280/951/1478
f 1290/954/1480 1292/120/1480 1291/47/1481 1289/955/1482
f 1286/956/1483 1288/958/1483 1287/620/1484 1285/957/1485
f 1289/955/1482 1291/47/1481 1296/48/1474 1295/942/1473
f 1285/957/1485 1287/620/1484 1294/35/1472 1293/128/1471
usemtl Material.004
f 387/640/543 380/641/544 382/642/545 388/643/546
f 388/643/547 382/642/547 386/644/547 389/645/547
f 389/646/548 386/647/549 384/648/550 390/649/551
f 390/649/551 384/648/550 380/650/544 387/651/543
f 381/652/552 385/653/553 383/654/554 379/655/555
f 386/647/549 382/656/545 380/650/544 384/648/550
f 383/657/554 390/649/551 387/651/543 379/658/555
f 385/659/553 389/646/548 390/649/551 383/657/554
f 381/652/556 388/643/556 389/645/556 385/653/556
f 379/655/555 387/640/543 388/643/546 381/652/552
f 399/660/543 392/661/544 394/662/545 400/663/546
f 400/663/547 394/662/547 398/664/547 401/665/547
f 401/666/548 398/667/549 396/668/550 402/669/551
f 402/669/551 396/668/550 392/670/544 399/671/543
f 393/672/552 397/673/553 395/674/554 391/675/555
f 398/667/549 394/676/545 392/670/544 396/668/550
f 395/677/554 402/669/551 399/671/543 391/678/555
f 397/679/553 401/666/548 402/669/551 395/677/554
f 393/672/556 400/663/556 401/665/556 397/673/556
f 391/675/555 399/660/543 400/663/546 393/672/552
f 411/680/543 404/681/544 406/682/545 412/683/546
f 412/683/547 406/682/547 410/684/547 413/685/547
f 413/686/548 410/687/549 408/688/550 414/689/551
f 414/689/551 408/688/550 404/690/544 411/691/543
f 405/692/552 409/693/553 407/694/554 403/695/555
f 410/687/549 406/696/545 404/690/544 408/688/550
f 407/697/554 414/689/551 411/691/543 403/698/555
f 409/699/553 413/686/548 414/689/551 407/697/554
f 405/692/556 412/683/556 413/685/556 409/693/556
f 403/695/555 411/680/543 412/683/546 405/692/552
f 1109/640/1317 1110/643/1318 1104/642/1319 1102/641/1320
f 1110/643/1321 1111/645/1321 1108/644/1321 1104/642/1321
f 1111/646/1322 1112/649/1323 1106/648/1324 1108/647/1325
f 1112/649/1323 1109/651/1317 1102/650/1320 1106/648/1324
f 1103/652/1326 1101/655/1327 1105/654/1328 1107/653/1329
f 1108/647/1325 1106/648/1324 1102/650/1320 1104/656/1319
f 1105/657/1328 1101/658/1327 1109/651/1317 1112/649/1323
f 1107/659/1329 1105/657/1328 1112/649/1323 1111/646/1322
f 1103/652/1330 1107/653/1330 1111/645/1330 1110/643/1330
f 1101/655/1327 1103/652/1326 1110/643/1318 1109/640/1317
f 1121/660/1317 1122/663/1318 1116/662/1319 1114/661/1320
f 1122/663/1321 1123/665/1321 1120/664/1321 1116/662/1321
f 1123/666/1322 1124/669/1323 1118/668/1324 1120/667/1325
f 1124/669/1323 1121/671/1317 1114/670/1320 1118/668/1324
f 1115/672/1326 1113/675/1327 1117/674/1328 1119/673/1329
f 1120/667/1325 1118/668/1324 1114/670/1320 1116/676/1319
f 1117/677/1328 1113/678/1327 1121/671/1317 1124/669/1323
f 1119/679/1329 1117/677/1328 1124/669/1323 1123/666/1322
f 1115/672/1330 1119/673/1330 1123/665/1330 1122/663/1330
f 1113/675/1327 1115/672/1326 1122/663/1318 1121/660/1317
f 1133/680/1317 1134/683/1318 1128/682/1319 1126/681/1320
f 1134/683/1321 1135/685/1321 1132/684/1321 1128/682/1321
f 1135/686/1322 1136/689/1323 1130/688/1324 1132/687/1325
f 1136/689/1323 1133/691/1317 1126/690/1320 1130/688/1324
f 1127/692/1326 1125/695/1327 1129/694/1328 1131/693/1329
f 1132/687/1325 1130/688/1324 1126/690/1320 1128/696/1319
f 1129/697/1328 1125/698/1327 1133/691/1317 1136/689/1323
f 1131/699/1329 1129/697/1328 1136/689/1323 1135/686/1322
f 1127/692/1330 1131/693/1330 1135/685/1330 1134/683/1330
f 1125/695/1327 1127/692/1326 1134/683/1318 1133/680/1317
usemtl Material.005
f 149/371/292 151/372/293 153/373/294 155/374/295 157/375/296 159/376/297 161/377/298 163/378/299 165/379/300 167/380/301 169/381/302 171/382/303 173/383/304 175/384/305 177/385/306 179/386/307
f 213/490/354 215/491/355 217/492/356 219/493/357 221/494/358 223/495/359 225/496/360 227/497/361 229/498/362 231/499/363 233/500/364 235/501/365 237/502/366 239/503/367 241/504/368 243/505/369
f 151/372/293 149/371/292 277/419/401 278/434/402
f 153/373/294 151/372/293 278/434/402 279/433/403
f 155/374/295 153/373/294 279/433/403 280/432/404
f 157/375/296 155/374/295 280/432/404 281/431/405
f 159/376/297 157/375/296 281/431/405 282/430/406
f 161/377/298 159/376/297 282/430/406 283/429/407
f 163/378/299 161/377/298 283/429/407 284/428/408
f 165/379/300 163/378/299 284/428/408 285/427/409
f 167/380/301 165/379/300 285/427/409 286/426/410
f 169/381/302 167/380/301 286/426/410 287/425/411
f 171/382/303 169/381/302 287/425/411 288/424/412
f 173/383/304 171/382/303 288/424/412 289/423/413
f 175/384/305 173/383/304 289/423/413 290/422/414
f 177/385/306 175/384/305 290/422/414 291/421/415
f 179/386/307 177/385/306 291/421/415 292/420/416
f 149/371/292 179/386/307 292/420/416 277/419/401
f 215/491/355 213/490/354 293/538/417 294/553/418
f 217/492/356 215/491/355 294/553/418 295/552/419
f 219/493/357 217/492/356 295/552/419 296/551/420
f 221/494/358 219/493/357 296/551/420 297/550/421
f 223/495/359 221/494/358 297/550/421 298/549/422
f 225/496/360 223/495/359 298/549/422 299/548/423
f 227/497/361 225/496/360 299/548/423 300/547/424
f 229/498/362 227/497/361 300/547/424 301/546/425
f 231/499/363 229/498/362 301/546/425 302/545/426
f 233/500/364 231/499/363 302/545/426 303/544/427
f 235/501/365 233/500/364 303/544/427 304/543/428
f 237/502/366 235/501/365 304/543/428 305/542/429
f 239/503/367 237/502/366 305/542/429 306/541/430
f 241/504/368 239/503/367 306/541/430 307/540/431
f 243/505/369 241/504/368 307/540/431 308/539/432
f 213/490/354 243/505/369 308/539/432 293/538/417
f 867/371/1161 897/386/1162 895/385/1163 893/384/1164 891/383/1165 889/382/1166 887/381/1167 885/380/1168 883/379/1169 881/378/1170 879/377/1171 877/376/1172 875/375/1173 873/374/1174 871/373/1175 869/372/1176
f 931/490/1178 961/505/1179 959/504/1180 957/503/1181 955/502/366 953/501/1182 951/500/1183 949/499/1184 947/498/1185 945/497/1186 943/496/1187 941/495/1188 939/494/358 937/493/1189 935/492/1190 933/491/1191
f 869/372/1176 996/434/1192 995/419/1193 867/371/1161
f 871/373/1175 997/433/1194 996/434/1192 869/372/1176
f 873/374/1174 998/432/1195 997/433/1194 871/373/1175
f 875/375/1173 999/431/1196 998/432/1195 873/374/1174
f 877/376/1172 1000/430/1197 999/431/1196 875/375/1173
f 879/377/1171 1001/429/1198 1000/430/1197 877/376/1172
f 881/378/1170 1002/428/1199 1001/429/1198 879/377/1171
f 883/379/1169 1003/427/1200 1002/428/1199 881/378/1170
f 885/380/1168 1004/426/1201 1003/427/1200 883/379/1169
f 887/381/1167 1005/425/1202 1004/426/1201 885/380/1168
f 889/382/1166 1006/424/1203 1005/425/1202 887/381/1167
f 891/383/1165 1007/423/1204 1006/424/1203 889/382/1166
f 893/384/1164 1008/422/1205 1007/423/1204 891/383/1165
f 895/385/1163 1009/421/1206 1008/422/1205 893/384/1164
f 897/386/1162 1010/420/1207 1009/421/1206 895/385/1163
f 867/371/1161 995/419/1193 1010/420/1207 897/386/1162
f 933/491/1191 1012/553/1208 1011/538/1209 931/490/1178
f 935/492/1190 1013/552/1210 1012/553/1208 933/491/1191
f 937/493/1189 1014/551/1211 1013/552/1210 935/492/1190
f 939/494/358 1015/550/421 1014/551/1211 937/493/1189
f 941/495/1188 1016/549/1212 1015/550/421 939/494/358
f 943/496/1187 1017/548/1213 1016/549/1212 941/495/1188
f 945/497/1186 1018/547/1214 1017/548/1213 943/496/1187
f 947/498/1185 1019/546/1215 1018/547/1214 945/497/1186
f 949/499/1184 1020/545/1216 1019/546/1215 947/498/1185
f 951/500/1183 1021/544/1217 1020/545/1216 949/499/1184
f 953/501/1182 1022/543/1218 1021/544/1217 951/500/1183
f 955/502/366 1023/542/429 1022/543/1218 953/501/1182
f 957/503/1181 1024/541/1219 1023/542/429 955/502/366
f 959/504/1180 1025/540/1220 1024/541/1219 957/503/1181
f 961/505/1179 1026/539/1221 1025/540/1220 959/504/1180
f 931/490/1178 1011/538/1209 1026/539/1221 961/505/1179
usemtl Material.006
f 145/291/243 147/292/244 143/293/245 144/294/246
f 352/298/249 350/299/250 859/300/251 863/301/252
f 148/305/256 145/291/243 144/294/246 146/306/257
f 350/299/250 351/307/258 742/308/259 859/300/251
f 344/557/436 342/558/437 315/559/438 317/7/439
f 315/559/438 314/104/443 318/52/444 316/51/445
f 317/7/439 315/559/438 316/51/445 319/8/448
f 342/558/437 343/105/449 314/104/443 315/559/438
f 366/565/450 367/566/451 343/105/449 342/558/437
f 368/136/455 366/565/450 342/558/437 344/557/436
f 144/294/246 143/293/245 338/571/456 337/572/457
f 146/306/257 144/294/246 337/572/457 339/575/459
f 1038/135/503 1034/615/504 366/565/450 368/136/455
f 1034/615/504 741/607/506 367/566/451 366/565/450
f 337/572/457 338/571/456 351/307/258 350/299/250
f 339/575/459 337/572/457 350/299/250 352/298/249
f 558/582/756 565/582/757 562/186/758 556/186/759
f 68/77/760 555/78/761 561/78/762 560/77/763
f 1300/33/764 1308/33/764 567/34/765 361/34/766
f 555/78/761 556/80/759 562/80/758 561/78/762
f 557/69/767 554/70/768 559/70/769 563/69/770
f 361/34/766 567/34/765 565/582/757 558/582/756
f 324/190/771 564/190/772 566/580/773 355/580/774
f 557/189/767 563/189/770 564/190/772 324/190/771
f 554/73/768 68/74/760 560/74/763 559/73/769
f 1297/971/775 355/972/774 566/972/773 1304/971/775
f 361/34/776 570/34/777 1317/33/778 1300/33/778
f 332/581/779 569/581/780 570/34/777 361/34/776
f 71/185/781 568/185/781 569/581/780 332/581/779
f 691/34/782 576/34/783 1325/33/784 1322/33/784
f 689/581/783 575/581/782 576/34/783 691/34/782
f 690/185/784 574/185/784 575/581/782 689/581/783
f 568/185/578 692/981/578 693/982/578 569/581/578
f 569/581/578 693/982/578 694/983/578 570/34/578
f 570/34/578 694/983/578 1329/33/578 1317/33/578
f 560/77/25 561/78/25 562/80/25 565/582/25 567/34/25 1308/33/25 1304/971/25 566/972/25 564/190/25 563/189/25 559/70/25
f 580/984/789 581/985/789 586/986/789 585/987/789
f 585/987/790 587/988/790 584/989/790 586/986/790
f 587/988/791 584/989/791 583/990/791 582/991/791
f 582/991/259 583/990/259 581/992/259 580/993/259
f 585/994/25 587/988/25 582/991/25 580/995/25
f 584/989/68 586/996/68 581/997/68 583/990/68
f 601/998/792 603/999/792 602/1000/792 595/1001/792 597/1002/792 596/1003/792 589/1004/793 591/1005/793
f 592/1006/794 594/1007/794 593/1008/794 598/1009/794 600/1010/794 599/1011/794 590/1012/795 588/1013/795
f 590/1012/791 591/1005/791 584/990/791 587/991/791
f 588/1013/795 590/1012/795 587/991/796 585/995/796
f 591/1005/793 589/1004/793 586/997/797 584/990/797
f 599/1011/798 601/1014/799 591/1005/791 590/1012/791
f 588/1015/789 589/1016/789 596/1017/800 592/1018/801
f 585/984/789 586/985/789 589/1016/789 588/1015/789
f 595/1019/802 593/1020/803 594/1007/804 597/1002/805
f 597/1002/805 594/1007/804 592/1018/801 596/1017/800
f 601/1014/799 599/1011/798 600/1010/806 603/999/807
f 603/999/807 600/1010/806 598/1021/808 602/1022/809
f 593/1020/803 595/1019/802 602/1022/809 598/1021/808
f 610/998/810 612/999/810 611/1000/810 1363/1001/810 1359/1004/811 606/1005/811
f 1362/1008/812 607/1009/812 609/1010/812 608/1011/812 605/1012/813 1358/1013/813
f 605/1012/791 606/1005/791 604/990/791 615/991/791
f 615/991/814 604/990/814 1356/992/814 1355/993/814
f 1358/1013/813 605/1012/813 615/991/815 1355/995/815
f 606/1005/811 1359/1004/811 1356/997/816 604/990/816
f 608/1011/817 610/1014/818 606/1005/791 605/1012/791
f 610/1014/818 608/1011/817 609/1010/819 612/999/820
f 612/999/820 609/1010/819 607/1021/821 611/1022/822
f 1362/1020/823 1363/1019/823 611/1022/822 607/1021/821
f 615/988/791 604/989/791 614/990/791 613/991/791
f 613/991/259 614/990/259 1371/992/259 1370/993/259
f 1355/994/25 615/988/25 613/991/25 1370/995/25
f 604/989/68 1356/996/68 1371/997/68 614/990/68
f 572/978/917 571/980/918 690/185/918 689/581/917
f 573/974/917 572/978/917 689/581/917 691/34/917
f 571/980/918 578/979/919 692/981/919 690/185/918
f 578/979/919 577/977/920 693/982/920 692/981/919
f 1456/975/921 573/974/917 691/34/917 1322/33/921
f 579/973/922 1455/976/923 1329/33/923 694/983/922
f 577/977/920 579/973/922 694/983/922 693/982/920
f 862/291/1148 861/294/1149 860/293/1150 865/292/1151
f 1074/298/1154 863/301/252 859/300/251 1072/299/1155
f 866/305/1158 864/306/1159 861/294/1149 862/291/1148
f 1072/299/1155 859/300/251 742/308/259 1073/307/1160
f 1066/557/1225 1039/7/1226 1036/559/1227 1064/558/1228
f 1036/559/1227 1037/51/1231 1040/52/1232 1035/104/1233
f 1039/7/1226 1041/8/1236 1037/51/1231 1036/559/1227
f 1064/558/1228 1036/559/1227 1035/104/1233 1065/105/1237
f 1088/565/1238 1064/558/1228 1065/105/1237 1089/566/1239
f 1090/136/1243 1066/557/1225 1064/558/1228 1088/565/1238
f 861/294/1149 1059/572/1244 1060/571/1245 860/293/1150
f 864/306/1159 1061/575/1247 1059/572/1244 861/294/1149
f 1038/135/503 1090/136/1243 1088/565/1238 1034/615/504
f 1034/615/504 1088/565/1238 1089/566/1239 741/607/506
f 1059/572/1244 1072/299/1155 1073/307/1160 1060/571/1245
f 1061/575/1247 1074/298/1154 1072/299/1155 1059/572/1244
f 1303/582/1502 1301/186/1503 1309/186/1504 1312/582/1505
f 779/77/1506 1306/77/1507 1307/78/1508 1299/78/1509
f 1300/33/764 1083/34/1510 1314/34/1511 1308/33/764
f 1299/78/1509 1307/78/1508 1309/80/1504 1301/80/1503
f 1302/69/1512 1310/69/1513 1305/70/1514 1298/70/1515
f 1083/34/1510 1303/582/1502 1312/582/1505 1314/34/1511
f 1046/190/1516 1077/580/1517 1313/580/1518 1311/190/1519
f 1302/189/1512 1046/190/1516 1311/190/1519 1310/189/1513
f 1298/73/1515 1305/73/1514 1306/74/1507 779/74/1506
f 1297/971/775 1304/971/775 1313/972/1518 1077/972/1517
f 1083/34/1520 1300/33/778 1317/33/778 1318/34/1521
f 1054/581/1522 1083/34/1520 1318/34/1521 1316/581/1523
f 782/185/1524 1054/581/1522 1316/581/1523 1315/185/1524
f 1454/34/1525 1322/33/784 1325/33/784 1326/34/1526
f 1452/581/1526 1454/34/1525 1326/34/1526 1324/581/1525
f 1453/185/784 1452/581/1526 1324/581/1525 1323/185/784
f 1315/185/578 1316/581/578 1458/982/578 1457/981/578
f 1316/581/578 1318/34/578 1459/983/578 1458/982/578
f 1318/34/578 1317/33/578 1329/33/578 1459/983/578
f 1306/77/25 1305/70/25 1310/189/25 1311/190/25 1313/972/25 1304/971/25 1308/33/25 1314/34/25 1312/582/25 1309/80/25 1307/78/25
f 1331/984/791 1336/987/791 1337/986/791 1332/985/791
f 1336/987/790 1337/986/790 1335/989/790 1338/988/790
f 1338/988/789 1333/991/789 1334/990/789 1335/989/789
f 1333/991/259 1331/993/259 1332/992/259 1334/990/259
f 1336/994/25 1331/995/25 1333/991/25 1338/988/25
f 1335/989/68 1334/990/68 1332/997/68 1337/996/68
f 1352/998/792 1342/1005/793 1340/1004/793 1347/1003/792 1348/1002/792 1346/1001/792 1353/1000/792 1354/999/792
f 1343/1006/794 1339/1013/795 1341/1012/795 1350/1011/794 1351/1010/794 1349/1009/794 1344/1008/794 1345/1007/794
f 1341/1012/789 1338/991/789 1335/990/789 1342/1005/789
f 1339/1013/795 1336/995/796 1338/991/796 1341/1012/795
f 1342/1005/793 1335/990/797 1337/997/797 1340/1004/793
f 1350/1011/801 1341/1012/789 1342/1005/789 1352/1014/800
f 1339/1015/791 1343/1018/798 1347/1017/799 1340/1016/791
f 1336/984/791 1339/1015/791 1340/1016/791 1337/985/791
f 1346/1019/809 1348/1002/807 1345/1007/806 1344/1020/808
f 1348/1002/807 1347/1017/799 1343/1018/798 1345/1007/806
f 1352/1014/800 1354/999/805 1351/1010/804 1350/1011/801
f 1354/999/805 1353/1022/802 1349/1021/803 1351/1010/804
f 1344/1020/808 1349/1021/803 1353/1022/802 1346/1019/809
f 1367/998/810 1361/1005/811 1359/1004/811 1363/1001/810 1368/1000/810 1369/999/810
f 1362/1008/812 1358/1013/813 1360/1012/813 1365/1011/812 1366/1010/812 1364/1009/812
f 1360/1012/789 1374/991/789 1357/990/789 1361/1005/789
f 1374/991/814 1355/993/814 1356/992/814 1357/990/814
f 1358/1013/813 1355/995/815 1374/991/815 1360/1012/813
f 1361/1005/811 1357/990/816 1356/997/816 1359/1004/811
f 1365/1011/1531 1360/1012/789 1361/1005/789 1367/1014/1532
f 1367/1014/1532 1369/999/1533 1366/1010/1534 1365/1011/1531
f 1369/999/1533 1368/1022/1535 1364/1021/1536 1366/1010/1534
f 1362/1020/823 1364/1021/1536 1368/1022/1535 1363/1019/823
f 1374/988/789 1372/991/789 1373/990/789 1357/989/789
f 1372/991/259 1370/993/259 1371/992/259 1373/990/259
f 1355/994/25 1370/995/25 1372/991/25 1374/988/25
f 1357/989/68 1373/990/68 1371/997/68 1356/996/68
f 1320/978/1627 1452/581/1627 1453/185/1628 1319/980/1628
f 1321/974/1627 1454/34/1627 1452/581/1627 1320/978/1627
f 1319/980/1628 1453/185/1628 1457/981/1629 1328/979/1629
f 1328/979/1629 1457/981/1629 1458/982/1630 1327/977/1630
f 1456/975/921 1322/33/921 1454/34/1627 1321/974/1627
f 1330/973/1631 1459/983/1631 1329/33/923 1455/976/923
f 1327/977/1630 1458/982/1630 1459/983/1631 1330/973/1631
f 1460/984/1632 1461/985/1633 1468/986/1634 1469/987/1635
f 1467/1056/1636 1466/1057/1636 1474/1057/1637 1475/1056/1638
f 1470/988/1639 1471/989/1640 1465/990/1641 1464/991/1642
f 1464/991/1643 1465/990/1643 1461/992/1643 1460/993/1643
f 1469/994/1635 1470/988/1639 1464/991/1642 1460/995/1632
f 1471/989/1640 1468/996/1634 1461/997/1633 1465/990/1641
f 1463/1058/1644 1462/1059/1645 1469/987/1646 1468/986/1647
f 1462/1059/1645 1466/1057/1648 1470/988/1649 1469/987/1646
f 1467/1056/1650 1463/1058/1644 1468/986/1647 1471/989/1651
f 1466/1057/1648 1467/1056/1650 1471/989/1651 1470/988/1649
f 1473/1059/1652 1472/1058/1653 1475/1056/1638 1474/1057/1637
f 1466/1057/1654 1462/1059/1654 1473/1059/1652 1474/1057/1637
f 1463/1058/1655 1467/1056/1655 1475/1056/1638 1472/1058/1653
f 1462/1059/1656 1463/1058/1656 1472/1058/1653 1473/1059/1652
f 1675/1065/1850 1674/1066/1850 1679/992/1850 1671/1067/1851
f 1733/1068/1852 1732/996/1852 1679/997/1852 1674/1069/1852
f 1673/1070/1850 1675/1065/1850 1671/1067/1851 1678/993/1853
f 1681/988/1854 1684/1071/1855 1685/1072/1856 1669/991/1857
f 1678/984/1853 1671/1076/1851 1736/1077/1858 1744/987/1859
f 1669/991/1857 1685/1072/1856 1675/1065/1850 1673/1070/1850
f 1682/989/1852 1733/1068/1852 1674/1069/1852 1670/990/1852
f 1685/1072/1856 1670/990/1850 1674/1066/1850 1675/1065/1850
f 1686/1076/1860 1687/985/1861 1735/986/1862 1734/1077/1863
f 1679/985/1850 1687/985/1861 1686/1076/1860 1671/1076/1851
f 1732/986/1852 1735/986/1862 1687/985/1861 1679/985/1852
f 1671/1076/1851 1686/1076/1860 1734/1077/1863 1736/1077/1858
f 1738/1071/1864 1737/989/1865 1692/990/1866 1693/1072/1867
f 1670/990/1852 1692/990/1866 1737/989/1865 1682/989/1852
f 1685/1072/1856 1693/1072/1867 1692/990/1866 1670/990/1850
f 1684/1071/1855 1738/1071/1864 1693/1072/1867 1685/1072/1856
f 1694/1086/1868 1741/988/1869 1696/991/1870 1698/1087/1871
f 1669/991/1857 1696/991/1870 1741/988/1869 1681/988/1854
f 1673/1087/1850 1698/1087/1871 1696/991/1870 1669/991/1857
f 1680/1086/789 1694/1086/789 1698/1087/789 1673/1087/789
f 1743/994/1872 1694/1086/1868 1698/1087/1871 1699/995/1873
f 1678/995/1853 1699/995/1873 1698/1087/1871 1673/1087/1850
f 1744/994/1859 1743/994/1872 1699/995/1873 1678/995/1853
f 1672/1062/1849 1668/1081/1849 1732/986/1849 1733/1139/1849
f 1688/1083/1849 1689/1082/1849 1734/1077/1849 1735/986/1849
f 1689/1082/1849 1683/1079/1849 1736/1077/1849 1734/1077/1849
f 1690/1085/1849 1691/1084/1849 1737/989/1849 1738/1071/1849
f 1691/1084/1849 1739/1063/1849 1682/989/1849 1737/989/1849
f 1740/1074/1849 1690/1085/1849 1738/1071/1849 1684/1071/1849
f 1694/1086/1849 1695/1088/1849 1741/988/1849
f 1695/1088/1849 1742/1075/1849 1681/988/1849 1741/988/1849
f 1677/1090/1849 1697/1089/1849 1743/994/1849 1744/994/1849
f 1683/1079/1849 1677/1078/1849 1744/987/1849 1736/1077/1849
f 1739/1063/1849 1672/1062/1849 1733/1139/1849 1682/989/1849
f 1742/1075/1849 1740/1074/1849 1684/1071/1849 1681/988/1849
f 1668/1081/1849 1688/1083/1849 1735/986/1849 1732/986/1849
f 1697/994/1849 1694/1086/1849 1743/1086/1849
usemtl Material.007
f 21/21/20 2/22/21 51/23/21 477/24/22
f 23/25/23 13/26/24 12/27/25 24/28/25
f 24/28/25 12/27/25 11/29/25 25/30/26
f 25/30/26 11/29/25 63/31/25 62/32/27
f 459/84/72 25/30/26 62/32/27 472/85/73
f 457/86/25 24/28/25 25/30/26 459/84/72
f 455/87/74 23/25/23 24/28/25 457/86/25
f 320/59/75 21/21/20 477/24/22 484/88/76
f 715/108/97 454/109/98 456/110/25 716/111/25
f 716/111/25 456/110/25 458/112/99 717/113/100
f 717/113/100 458/112/99 451/114/101 718/115/102
f 460/137/122 353/132/118 711/131/117 1190/138/123
f 478/149/134 53/150/135 14/151/135 13/26/24 23/25/23
f 376/158/142 378/159/143 4/160/130 15/161/133
f 65/637/541 64/638/143 378/159/143 376/158/142
f 457/86/25 459/84/72 458/112/99 456/110/25
f 455/87/74 457/86/25 456/110/25 454/109/98
f 452/774/591 455/87/74 454/109/98 453/775/592
f 714/776/593 453/775/592 454/109/98 715/108/97
f 461/777/594 322/584/473 353/132/118 460/137/122
f 458/112/99 459/84/72 450/778/595 451/114/101
f 376/158/142 15/161/133 322/779/473 461/780/594
f 448/781/596 449/782/597 452/774/591 453/775/592
f 345/589/598 320/59/75 449/783/597 448/784/596
f 713/785/599 448/781/596 453/775/592 714/776/593
f 709/606/600 345/589/598 448/784/596 713/786/599
f 450/787/595 461/777/594 460/137/122 451/788/101
f 451/788/101 460/137/122 1190/138/123 718/789/102
f 61/790/601 461/777/594 450/787/595 60/791/602
f 449/783/597 320/59/75 484/88/76 66/792/603
f 449/782/597 66/793/603 52/794/604 452/774/591
f 450/778/595 459/84/72 472/85/73 60/795/602
f 65/637/541 376/158/142 461/780/594 61/796/601
f 641/797/605 57/798/606 464/799/607 647/800/608
f 58/801/609 56/802/610 463/803/611 465/804/612
f 59/805/613 64/806/614 65/807/615 466/808/616
f 57/798/606 59/805/613 466/808/616 464/799/607
f 56/802/610 55/809/617 462/810/618 463/803/611
f 63/811/619 58/801/609 465/804/612 62/812/620
f 465/804/612 463/803/611 468/813/621 470/814/622
f 62/812/620 465/804/612 470/814/622 472/815/623
f 647/800/608 464/799/607 469/816/624 648/817/625
f 466/808/616 65/807/615 61/818/626 471/819/627
f 464/799/607 466/808/616 471/819/627 469/816/624
f 463/803/611 462/810/618 467/820/628 468/813/621
f 61/821/629 60/822/629 472/823/629 470/824/629 468/825/629 467/826/629 648/827/629 469/828/629 471/829/629
f 50/830/630 49/831/631 475/832/632 476/833/633
f 54/153/634 53/152/635 478/834/636 479/835/637
f 49/831/631 48/836/638 474/837/639 475/832/632
f 51/838/640 50/830/630 476/833/633 477/839/641
f 48/840/638 47/841/642 473/842/643 474/843/639
f 47/841/642 54/153/634 479/835/637 473/842/643
f 479/835/637 478/834/636 52/844/644 485/845/645
f 475/832/632 474/837/639 481/846/646 482/847/647
f 476/833/633 475/832/632 482/847/647 483/848/648
f 473/842/643 479/835/637 485/845/645 480/849/649
f 477/839/641 476/833/633 483/848/648 484/850/650
f 474/843/639 473/842/643 480/849/649 481/851/646
f 52/852/651 66/853/651 484/854/651 483/855/651 482/856/651 481/857/651 480/858/651 485/859/651
f 52/794/604 478/149/134 23/25/23 455/87/74 452/774/591
f 627/203/845 626/206/846 634/206/847 635/203/848
f 625/209/849 624/212/850 632/212/851 633/209/852
f 630/198/853 629/197/854 637/197/855 638/198/856
f 628/204/857 627/203/845 635/203/848 636/204/858
f 626/210/846 625/209/849 633/209/852 634/210/847
f 624/216/850 631/215/859 639/215/860 632/216/851
f 631/215/859 630/284/853 638/284/856 639/215/860
f 629/197/854 628/200/857 636/200/858 637/197/855
f 639/215/860 638/284/856 637/197/855 636/200/858 635/203/848 634/206/847 633/209/852 632/212/851
f 462/1034/618 647/800/608 648/817/625 467/1035/628
f 55/1036/617 641/797/605 647/800/608 462/1034/618
f 652/1040/885 643/1039/886 654/1039/887 656/1040/888
f 643/1039/886 640/1038/889 653/1038/890 654/1039/887
f 651/1041/891 652/1040/885 656/1040/888 655/1041/892
f 640/1038/889 651/1041/891 655/1041/892 653/1038/890
f 655/1041/892 656/1040/888 654/1039/887 653/1038/890
f 728/21/943 1208/24/944 762/23/945 696/22/945
f 730/25/946 731/28/25 706/27/25 707/26/947
f 731/28/25 732/30/948 705/29/25 706/27/25
f 732/30/948 773/32/949 774/31/25 705/29/25
f 1189/84/987 1203/85/988 773/32/949 732/30/948
f 1187/86/25 1189/84/987 732/30/948 731/28/25
f 1185/87/989 1187/86/25 731/28/25 730/25/946
f 1042/59/990 1215/88/991 1208/24/944 728/21/943
f 715/108/97 716/111/25 1186/110/25 1184/109/1012
f 716/111/25 717/113/100 1188/112/1013 1186/110/25
f 717/113/100 718/115/102 1181/114/1014 1188/112/1013
f 1191/137/1030 1190/138/123 711/131/117 1075/132/1027
f 1209/149/1041 730/25/946 707/26/947 708/151/1042 764/150/1042
f 1098/158/1049 722/161/1038 698/160/1037 1100/159/143
f 776/637/1315 1098/158/1049 1100/159/143 775/638/143
f 1187/86/25 1186/110/25 1188/112/1013 1189/84/987
f 1185/87/989 1184/109/1012 1186/110/25 1187/86/25
f 1182/774/1361 1183/775/1362 1184/109/1012 1185/87/989
f 714/776/593 715/108/97 1184/109/1012 1183/775/1362
f 1192/777/1363 1191/137/1030 1075/132/1027 1044/584/1260
f 1188/112/1013 1181/114/1014 1180/778/1364 1189/84/987
f 1098/158/1049 1192/780/1363 1044/779/1260 722/161/1038
f 1178/781/1365 1183/775/1362 1182/774/1361 1179/782/1366
f 1067/589/1367 1178/784/1365 1179/783/1366 1042/59/990
f 713/785/599 714/776/593 1183/775/1362 1178/781/1365
f 709/606/600 713/786/599 1178/784/1365 1067/589/1367
f 1180/787/1364 1181/788/1014 1191/137/1030 1192/777/1363
f 1181/788/1014 718/789/102 1190/138/123 1191/137/1030
f 772/790/1368 771/791/1369 1180/787/1364 1192/777/1363
f 1179/783/1366 777/792/1370 1215/88/991 1042/59/990
f 1179/782/1366 1182/774/1361 763/794/1371 777/793/1370
f 1180/778/1364 771/795/1369 1203/85/988 1189/84/987
f 776/637/1315 772/796/1368 1192/780/1363 1098/158/1049
f 1401/797/605 1407/800/1372 1195/799/1373 768/798/606
f 769/801/609 1196/804/1374 1194/803/1375 767/802/610
f 770/805/613 1197/808/1376 776/807/1377 775/806/614
f 768/798/606 1195/799/1373 1197/808/1376 770/805/613
f 767/802/610 1194/803/1375 1193/810/1378 766/809/617
f 774/811/619 773/812/1379 1196/804/1374 769/801/609
f 1196/804/1374 1201/814/1380 1199/813/1381 1194/803/1375
f 773/812/1379 1203/815/1382 1201/814/1380 1196/804/1374
f 1407/800/1372 1408/817/1383 1200/816/1384 1195/799/1373
f 1197/808/1376 1202/819/1385 772/818/1386 776/807/1377
f 1195/799/1373 1200/816/1384 1202/819/1385 1197/808/1376
f 1194/803/1375 1199/813/1381 1198/820/1387 1193/810/1378
f 772/821/1388 1202/829/1388 1200/828/1388 1408/827/1388 1198/826/1388 1199/825/1388 1201/824/1388 1203/823/1388 771/822/1388
f 761/830/1389 1207/833/1390 1206/832/1391 760/831/1392
f 765/153/1393 1210/835/1394 1209/834/1395 764/152/1396
f 760/831/1392 1206/832/1391 1205/837/1397 759/836/1398
f 762/838/1399 1208/839/1400 1207/833/1390 761/830/1389
f 759/840/1398 1205/843/1397 1204/842/1401 758/841/1402
f 758/841/1402 1204/842/1401 1210/835/1394 765/153/1393
f 1210/835/1394 1216/845/1403 763/844/1404 1209/834/1395
f 1206/832/1391 1213/847/1405 1212/846/1406 1205/837/1397
f 1207/833/1390 1214/848/1407 1213/847/1405 1206/832/1391
f 1204/842/1401 1211/849/1408 1216/845/1403 1210/835/1394
f 1208/839/1400 1215/850/1409 1214/848/1407 1207/833/1390
f 1205/843/1397 1212/851/1406 1211/849/1408 1204/842/1401
f 763/852/1410 1216/859/1410 1211/858/1410 1212/857/1410 1213/856/1410 1214/855/1410 1215/854/1410 777/853/1410
f 763/794/1371 1182/774/1361 1185/87/989 730/25/946 1209/149/1041
f 1386/203/1558 1394/203/1559 1393/206/1560 1385/206/1561
f 1384/209/1562 1392/209/1563 1391/212/1564 1383/212/1565
f 1389/198/1566 1397/198/1567 1396/197/1568 1388/197/1569
f 1387/204/1570 1395/204/1571 1394/203/1559 1386/203/1558
f 1385/210/1561 1393/210/1560 1392/209/1563 1384/209/1562
f 1383/216/1565 1391/216/1564 1398/215/1572 1390/215/1573
f 1390/215/1573 1398/215/1572 1397/284/1567 1389/284/1566
f 1388/197/1569 1396/197/1568 1395/200/1571 1387/200/1570
f 1398/215/1572 1391/212/1564 1392/209/1563 1393/206/1560 1394/203/1559 1395/200/1571 1396/197/1568 1397/284/1567
f 1193/1034/1378 1198/1035/1387 1408/817/1383 1407/800/1372
f 766/1036/617 1193/1034/1378 1407/800/1372 1401/797/605
f 1415/1040/1595 1419/1040/1596 1417/1039/1597 1403/1039/1598
f 1403/1039/1598 1417/1039/1597 1416/1038/1599 1400/1038/1600
f 1414/1041/1601 1418/1041/1602 1419/1040/1596 1415/1040/1595
f 1400/1038/1600 1416/1038/1599 1418/1041/1602 1414/1041/1601
f 1418/1041/1602 1416/1038/1599 1417/1039/1597 1419/1040/1596
usemtl Material.008
f 663/1042/895 664/1043/895 662/1044/895 661/1045/895
f 664/1043/901 663/1042/901 670/1047/901 669/1046/901
f 663/1042/902 661/1045/902 671/1048/902 670/1047/902
f 662/1044/903 664/1043/903 669/1046/903 672/1049/903
f 661/1045/904 662/1044/904 672/1049/904 671/1048/904
f 679/1042/907 680/1043/907 678/1044/907 677/1045/907
f 680/1043/913 679/1042/913 686/1047/913 685/1046/913
f 679/1042/914 677/1045/914 687/1048/914 686/1047/914
f 678/1044/915 680/1043/915 685/1046/915 688/1049/915
f 677/1045/916 678/1044/916 688/1049/916 687/1048/916
f 1426/1042/1605 1424/1045/1605 1425/1044/1605 1427/1043/1605
f 1427/1043/1611 1432/1046/1611 1433/1047/1611 1426/1042/1611
f 1426/1042/1612 1433/1047/1612 1434/1048/1612 1424/1045/1612
f 1425/1044/1613 1435/1049/1613 1432/1046/1613 1427/1043/1613
f 1424/1045/1614 1434/1048/1614 1435/1049/1614 1425/1044/1614
f 1442/1042/1617 1440/1045/1617 1441/1044/1617 1443/1043/1617
f 1443/1043/1623 1448/1046/1623 1449/1047/1623 1442/1042/1623
f 1442/1042/1624 1449/1047/1624 1450/1048/1624 1440/1045/1624
f 1441/1044/1625 1451/1049/1625 1448/1046/1625 1443/1043/1625
f 1440/1045/1626 1450/1048/1626 1451/1049/1626 1441/1044/1626
o Cube.001
v -1.704616 -0.619587 2.987113
v -2.294053 -0.619587 3.309543
v -1.704616 -0.935920 3.050035
v -2.294053 -0.812531 3.347921
v -1.704616 -1.204094 3.229223
v -2.294053 -0.976102 3.457216
v -1.704616 -1.383282 3.497397
v -2.294053 -1.085396 3.620786
v -1.704616 -1.446205 3.813730
v -2.294053 -1.123775 3.813730
v -1.704616 -1.383282 4.130063
v -2.294053 -1.085396 4.006675
v -1.704616 -1.204094 4.398236
v -2.294053 -0.976102 4.170244
v -1.704616 -0.935920 4.577425
v -2.294053 -0.812531 4.279539
v -1.704616 -0.619587 4.640347
v -2.294053 -0.619587 4.317918
v -1.704616 -0.303255 4.577425
v -2.294053 -0.426643 4.279539
v -1.704616 -0.035081 4.398237
v -2.294053 -0.263073 4.170245
v -1.704616 0.144108 4.130063
v -2.294053 -0.153778 4.006675
v -1.704616 0.207030 3.813730
v -2.294053 -0.115399 3.813730
v -1.704616 0.144108 3.497397
v -2.294053 -0.153778 3.620786
v -1.704616 -0.035081 3.229223
v -2.294053 -0.263073 3.457215
v -1.704616 -0.303255 3.050035
v -2.294053 -0.426643 3.347921
v -2.294053 -0.935920 3.050035
v -2.294053 -0.619587 2.987113
v -2.294053 -1.204094 3.229223
v -2.294053 -1.383282 3.497397
v -2.294053 -1.446205 3.813730
v -2.294053 -1.383282 4.130063
v -2.294053 -1.204094 4.398236
v -2.294053 -0.935920 4.577425
v -2.294053 -0.619587 4.640347
v -2.294053 -0.303255 4.577425
v -2.294053 -0.035081 4.398237
v -2.294053 0.144108 4.130063
v -2.294053 0.207030 3.813730
v -2.294053 0.144108 3.497397
v -2.294053 -0.035081 3.229223
v -2.294053 -0.303255 3.050035
v -2.352701 -0.619587 3.132134
v -2.352701 -0.880423 3.184018
v -2.352701 -1.101548 3.331769
v -2.352701 -1.249299 3.552895
v -2.352701 -1.301183 3.813730
v -2.352701 -1.249299 4.074565
v -2.352701 -1.101548 4.295691
v -2.352701 -0.880423 4.443442
v -2.352701 -0.619587 4.495326
v -2.352701 -0.358752 4.443443
v -2.352701 -0.137626 4.295691
v -2.352701 0.010125 4.074565
v -2.352701 0.062009 3.813730
v -2.352701 0.010125 3.552895
v -2.352701 -0.137626 3.331769
v -2.352701 -0.358752 3.184018
v -2.294053 -0.824925 3.318000
v -2.294053 -0.619587 3.277156
v -2.294053 -0.999002 3.434315
v -2.294053 -1.115317 3.608392
v -2.294053 -1.156161 3.813730
v -2.294053 -1.115317 4.019068
v -2.294053 -0.999002 4.193145
v -2.294053 -0.824925 4.309460
v -2.294053 -0.619587 4.350304
v -2.294053 -0.414249 4.309460
v -2.294053 -0.240172 4.193145
v -2.294053 -0.123857 4.019068
v -2.294053 -0.083013 3.813730
v -2.294053 -0.123857 3.608392
v -2.294053 -0.240172 3.434314
v -2.294053 -0.414249 3.318000
v -2.230649 -0.676232 3.676978
v -2.230649 -0.619587 3.665710
v -2.230649 -0.724252 3.709064
v -2.230649 -0.756340 3.757086
v -2.230649 -0.767607 3.813730
v -2.230649 -0.756339 3.870375
v -2.230649 -0.724253 3.918396
v -2.230649 -0.676232 3.950482
v -2.230649 -0.619587 3.961750
v -2.230649 -0.562943 3.950482
v -2.230649 -0.514922 3.918396
v -2.230649 -0.482835 3.870375
v -2.230649 -0.471568 3.813730
v -2.230649 -0.482835 3.757086
v -2.230649 -0.514922 3.709064
v -2.230649 -0.562942 3.676978
v -2.301355 -0.619587 3.293349
v -2.301355 -0.818728 3.332960
v -2.301355 -0.987552 3.445765
v -2.301355 -1.100356 3.614589
v -2.301355 -1.139968 3.813730
v -2.301355 -1.100356 4.012872
v -2.301355 -0.987552 4.181695
v -2.301355 -0.818728 4.294499
v -2.301355 -0.619587 4.334111
v -2.301355 -0.420446 4.294499
v -2.301355 -0.251623 4.181695
v -2.301355 -0.138818 4.012872
v -2.301355 -0.099206 3.813730
v -2.301355 -0.138818 3.614589
v -2.301355 -0.251623 3.445765
v -2.301355 -0.420446 3.332960
v -2.198122 -0.807410 3.438966
v -2.198122 -0.589477 3.395617
v -2.198421 -0.919778 3.513539
v -2.198122 -0.994350 3.625907
v -2.198122 -1.037700 3.843840
v -2.198421 -1.011806 3.976192
v -2.198122 -0.936529 4.088089
v -2.198122 -0.751774 4.211539
v -2.198421 -0.619587 4.238265
v -2.198122 -0.487400 4.211539
v -2.198122 -0.302646 4.088090
v -2.198421 -0.227368 3.976192
v -2.198122 -0.201474 3.843840
v -2.182140 -0.207883 3.643197
v -2.198122 -0.345228 3.496788
v -2.198421 -0.457125 3.421510
v -2.251213 -0.780049 3.505022
v -2.251212 -0.589477 3.467115
v -2.250914 -0.868610 3.564707
v -2.251213 -0.928295 3.653268
v -2.251213 -0.966202 3.843840
v -2.250914 -0.944951 3.948500
v -2.251213 -0.885972 4.037533
v -2.251213 -0.724413 4.145483
v -2.250914 -0.619587 4.165902
v -2.251213 -0.514762 4.145483
v -2.251213 -0.353203 4.037533
v -2.250914 -0.294223 3.948500
v -2.251213 -0.272972 3.843840
v -2.267195 -0.313708 3.687031
v -2.251212 -0.395785 3.547345
v -2.250914 -0.484817 3.488365
v -2.274304 -0.619587 3.559432
v -2.274304 -0.716902 3.578789
v -2.274304 -0.799402 3.633914
v -2.274304 -0.854528 3.716415
v -2.274304 -0.873885 3.813730
v -2.274304 -0.854527 3.911046
v -2.274304 -0.799403 3.993546
v -2.274304 -0.716902 4.048671
v -2.274304 -0.619587 4.068027
v -2.274304 -0.522272 4.048671
v -2.274304 -0.439772 3.993546
v -2.274304 -0.384647 3.911046
v -2.274304 -0.365289 3.813730
v -2.274304 -0.384647 3.716415
v -2.274304 -0.439772 3.633914
v -2.274304 -0.522272 3.578789
v -2.261364 -0.619587 3.631122
v -2.261364 -0.689468 3.645022
v -2.261364 -0.748710 3.684607
v -2.261364 -0.788295 3.743849
v -2.261364 -0.802195 3.813730
v -2.261364 -0.788295 3.883611
v -2.261364 -0.748711 3.942853
v -2.261364 -0.689468 3.982438
v -2.261364 -0.619587 3.996338
v -2.261364 -0.549706 3.982438
v -2.261364 -0.490464 3.942853
v -2.261364 -0.450879 3.883611
v -2.261364 -0.436979 3.813730
v -2.261364 -0.450879 3.743849
v -2.261364 -0.490464 3.684607
v -2.261364 -0.549706 3.645022
v -2.182140 -0.934692 3.498625
v -2.182140 -0.790121 3.402025
v -2.182140 -1.031292 3.643197
v -2.182140 -1.031292 3.984264
v -2.182140 -1.065213 3.813730
v -2.182140 -0.934692 4.128835
v -2.182140 -0.619587 4.259356
v -2.182140 -0.790121 4.225434
v -2.182140 -0.449054 4.225435
v -2.182140 -0.207883 3.984264
v -2.182140 -0.304482 4.128835
v -2.182140 -0.173961 3.813730
v -2.182140 -0.449054 3.402025
v -2.182140 -0.304482 3.498625
v -2.182140 -0.619587 3.368105
v -2.267195 -0.853696 3.579621
v -2.267195 -0.746286 3.507851
v -2.267195 -0.925466 3.687031
v -2.267195 -0.925466 3.940429
v -2.267195 -0.950668 3.813730
v -2.267195 -0.853697 4.047839
v -2.267195 -0.619587 4.144811
v -2.267195 -0.746286 4.119609
v -2.267195 -0.492888 4.119609
v -2.267195 -0.313709 3.940429
v -2.267195 -0.385478 4.047839
v -2.267195 -0.288506 3.813730
v -2.267195 -0.492888 3.507851
v -2.267195 -0.385478 3.579620
v -2.267195 -0.619587 3.482649
v -2.185740 -0.770791 3.525068
v -2.185740 -0.601625 3.491418
v -2.185972 -0.858015 3.582954
v -2.185740 -0.915900 3.670177
v -2.185740 -0.949550 3.839343
v -2.185972 -0.929450 3.942080
v -2.185740 -0.871017 4.028937
v -2.185740 -0.727605 4.124763
v -2.185972 -0.624998 4.145508
v -2.185740 -0.522390 4.124763
v -2.185740 -0.378978 4.028937
v -2.185972 -0.320545 3.942080
v -2.185740 -0.300446 3.839343
v -2.185740 -0.412032 3.569952
v -2.185972 -0.498890 3.511518
v -2.226951 -0.749553 3.576342
v -2.226951 -0.601625 3.546918
v -2.226719 -0.818297 3.622672
v -2.226951 -0.864626 3.691416
v -2.226951 -0.894050 3.839343
v -2.226719 -0.877555 3.920584
v -2.226951 -0.831774 3.989693
v -2.226951 -0.706366 4.073488
v -2.226719 -0.624998 4.089337
v -2.226951 -0.543629 4.073488
v -2.226951 -0.418222 3.989694
v -2.226719 -0.372440 3.920584
v -2.226951 -0.355945 3.839343
v -2.226951 -0.451275 3.609195
v -2.226719 -0.520385 3.563413
v -2.323377 -0.619587 3.237168
v -2.323377 -0.840228 3.281055
v -2.323377 -1.027278 3.406039
v -2.323377 -1.152261 3.593090
v -2.323377 -1.196149 3.813730
v -2.323377 -1.152261 4.034370
v -2.323377 -1.027278 4.221420
v -2.323377 -0.840228 4.346404
v -2.323377 -0.619587 4.390292
v -2.323377 -0.398947 4.346404
v -2.323377 -0.211896 4.221421
v -2.323377 -0.086913 4.034370
v -2.323377 -0.043025 3.813730
v -2.323377 -0.086913 3.593090
v -2.323377 -0.211896 3.406039
v -2.323377 -0.398947 3.281055
v -2.323377 -0.917818 3.093736
v -2.323377 -1.170646 3.262671
v -2.323377 -1.339581 3.515499
v -2.323377 -1.398903 3.813730
v -2.323377 -1.339581 4.111961
v -2.323377 -1.170646 4.364789
v -2.323377 -0.917818 4.533724
v -2.323377 -0.619587 4.593046
v -2.323377 -0.321356 4.533724
v -2.323377 -0.068528 4.364790
v -2.323377 0.100407 4.111961
v -2.323377 0.159728 3.813730
v -2.323377 0.100407 3.515499
v -2.323377 -0.068528 3.262671
v -2.323377 -0.321356 3.093736
v -2.323377 -0.619587 3.034414
vn -0.0000 -0.0000 -1.0000
vn -0.0000 -0.3827 -0.9239
vn -0.0000 -0.7071 -0.7071
vn -0.0000 -0.9239 -0.3827
vn -0.0000 -1.0000 -0.0000
vn -0.0000 -0.9239 0.3827
vn -0.0000 -0.7071 0.7071
vn -0.0000 -0.3827 0.9239
vn -0.0000 -0.0000 1.0000
vn -0.0000 0.3827 0.9239
vn -0.0000 0.7071 0.7071
vn -0.0000 0.9239 0.3827
vn -0.0000 1.0000 -0.0000
vn -0.0000 0.9239 -0.3827
vn -0.0000 0.7071 -0.7071
vn -0.7483 -0.6129 0.2539
vn -0.4636 -0.8186 0.3391
vn -0.4636 -0.8860 -0.0000
vn -0.7483 -0.6634 -0.0000
vn -0.0000 0.3827 -0.9239
vn 1.0000 -0.0000 -0.0000
vn -0.9056 -0.0000 -0.4242
vn -0.8499 -0.0000 -0.5269
vn -0.8499 -0.2016 -0.4868
vn -0.9056 -0.1623 -0.3919
vn -0.8499 -0.3726 -0.3726
vn -0.9056 -0.2999 -0.2999
vn -0.8499 -0.4868 -0.2016
vn -0.9056 -0.3919 -0.1623
vn -0.8499 -0.5269 -0.0000
vn -0.9056 -0.4242 -0.0000
vn -0.8499 -0.4868 0.2016
vn -0.9056 -0.3919 0.1623
vn -0.8499 -0.3726 0.3726
vn -0.9056 -0.2999 0.2999
vn -0.8499 -0.2016 0.4868
vn -0.9056 -0.1623 0.3919
vn -0.8499 -0.0000 0.5269
vn -0.9056 -0.0000 0.4242
vn -0.8499 0.2016 0.4868
vn -0.9056 0.1623 0.3919
vn -0.8499 0.3726 0.3726
vn -0.9056 0.2999 0.2999
vn -0.8499 0.4868 0.2016
vn -0.9056 0.3919 0.1623
vn -0.8499 0.5269 -0.0000
vn -0.9056 0.4242 -0.0000
vn -0.8499 0.4868 -0.2016
vn -0.9056 0.3919 -0.1623
vn -0.8499 0.3726 -0.3726
vn -0.9056 0.2999 -0.2999
vn -0.8499 0.2016 -0.4868
vn -0.9056 0.1623 -0.3919
vn -0.9081 -0.1603 0.3869
vn -0.9990 0.0170 -0.0410
vn -0.9990 -0.0000 -0.0443
vn -0.9081 -0.0000 0.4188
vn -0.9081 -0.2961 0.2961
vn -0.9990 0.0314 -0.0314
vn -0.9081 -0.3869 0.1603
vn -0.9990 0.0410 -0.0170
vn -0.9081 -0.4188 -0.0000
vn -0.9990 0.0443 -0.0000
vn -0.9081 -0.3869 -0.1603
vn -0.9990 0.0410 0.0170
vn -0.9081 -0.2961 -0.2961
vn -0.9990 0.0314 0.0314
vn -0.9081 -0.1603 -0.3869
vn -0.9990 0.0170 0.0410
vn -0.9081 -0.0000 -0.4188
vn -0.9990 -0.0000 0.0443
vn -0.9081 0.1603 -0.3869
vn -0.9990 -0.0170 0.0410
vn -0.9081 0.2961 -0.2961
vn -0.9990 -0.0314 0.0314
vn -0.9081 0.3869 -0.1603
vn -0.9990 -0.0410 0.0170
vn -0.9081 0.4188 -0.0000
vn -0.9990 -0.0443 -0.0000
vn -0.9081 0.3869 0.1603
vn -0.9990 -0.0410 -0.0170
vn -0.9081 0.2961 0.2961
vn -0.9990 -0.0314 -0.0314
vn -0.9081 0.1603 0.3869
vn -0.9990 -0.0170 -0.0410
vn -0.9116 -0.0000 -0.4111
vn -0.9116 -0.1573 -0.3798
vn -0.9116 -0.2907 -0.2907
vn -0.9116 -0.3798 -0.1573
vn -0.9116 -0.4111 -0.0000
vn -0.9116 -0.3798 0.1573
vn -0.9116 -0.2907 0.2907
vn -0.9116 -0.1573 0.3798
vn -0.9116 -0.0000 0.4111
vn -0.9116 0.1573 0.3798
vn -0.9116 0.2907 0.2907
vn -0.9116 0.3798 0.1573
vn -0.9116 0.4111 -0.0000
vn -0.9116 0.3798 -0.1573
vn -0.9116 0.2907 -0.2907
vn -0.9116 0.1573 -0.3798
vn -1.0000 -0.0000 -0.0000
vn -0.7483 0.4691 -0.4691
vn -0.4636 0.6265 -0.6265
vn -0.4636 0.8186 -0.3391
vn -0.7483 0.6129 -0.2539
vn -0.7483 -0.4691 0.4691
vn -0.4636 -0.6265 0.6265
vn -0.7483 0.2539 -0.6129
vn -0.4636 0.3391 -0.8186
vn -0.7483 -0.2539 0.6129
vn -0.4636 -0.3391 0.8186
vn -0.7483 -0.0000 -0.6634
vn -0.4636 -0.0000 -0.8860
vn -0.7483 0.2539 0.6129
vn -0.4636 0.3391 0.8186
vn -0.4636 -0.0000 0.8860
vn -0.7483 -0.0000 0.6634
vn -0.7483 -0.2539 -0.6129
vn -0.4636 -0.3391 -0.8186
vn -0.7483 0.4691 0.4691
vn -0.4636 0.6265 0.6265
vn -0.7483 -0.4691 -0.4691
vn -0.4636 -0.6265 -0.6265
vn -0.7483 0.6129 0.2539
vn -0.4636 0.8186 0.3391
vn -0.7483 -0.6129 -0.2539
vn -0.4636 -0.8186 -0.3391
vn -0.7483 0.6634 -0.0000
vn -0.4636 0.8860 -0.0000
vn -0.9221 0.0004 -0.3870
vn -0.8017 -0.0001 -0.5978
vn -0.8017 -0.2287 -0.5523
vn -0.9221 -0.1485 -0.3574
vn -0.9221 -0.3574 -0.1485
vn -0.8017 -0.5523 -0.2287
vn -0.8017 -0.5978 -0.0001
vn -0.9221 -0.3870 0.0004
vn -0.9221 -0.2740 0.2734
vn -0.8017 -0.4226 0.4227
vn -0.8017 -0.2288 0.5522
vn -0.9221 -0.1477 0.3577
vn -0.9221 0.1477 0.3577
vn -0.8017 0.2288 0.5522
vn -0.8017 0.4226 0.4227
vn -0.9221 0.2740 0.2734
vn -0.9221 0.3870 0.0004
vn -0.8017 0.5978 -0.0001
vn -0.8029 0.5508 -0.2281
vn -0.9224 0.3567 -0.1478
vn -0.8017 0.4227 -0.4226
vn -0.9221 0.2734 -0.2740
vn -0.9997 -0.0000 0.0262
vn -0.9997 0.0100 0.0242
vn -0.9207 -0.2760 -0.2760
vn -0.9997 0.0186 0.0186
vn -0.9997 0.0242 0.0100
vn -0.9997 0.0262 -0.0000
vn -0.9207 -0.3606 0.1494
vn -0.9997 0.0242 -0.0100
vn -0.9997 0.0186 -0.0186
vn -0.9997 0.0100 -0.0242
vn -0.9207 -0.0000 0.3903
vn -0.9997 -0.0000 -0.0262
vn -0.9997 -0.0100 -0.0242
vn -0.9997 -0.0186 -0.0186
vn -0.9207 0.3606 0.1494
vn -0.9997 -0.0242 -0.0100
vn -0.9997 -0.0262 -0.0000
vn -0.9997 -0.0242 0.0100
vn -0.9997 -0.0186 0.0186
vn -0.9207 0.1494 -0.3606
vn -0.9997 -0.0100 0.0242
vn -0.9841 -0.0680 0.1641
vn -0.9841 -0.0000 0.1776
vn -0.9841 -0.1256 0.1256
vn -0.9841 -0.1641 0.0680
vn -0.9841 -0.1776 -0.0000
vn -0.9841 -0.1641 -0.0680
vn -0.9841 -0.1256 -0.1256
vn -0.9841 -0.0680 -0.1641
vn -0.9841 -0.0000 -0.1776
vn -0.9841 0.0680 -0.1641
vn -0.9841 0.1256 -0.1256
vn -0.9841 0.1641 -0.0680
vn -0.9841 0.1776 -0.0000
vn -0.9841 0.1641 0.0680
vn -0.9841 0.1256 0.1256
vn -0.9841 0.0680 0.1641
vn -0.7477 -0.0000 0.6640
vn -0.7477 0.2541 0.6134
vn -0.7477 0.4695 0.4695
vn -0.7477 0.6134 0.2541
vn -0.7477 0.6640 -0.0000
vn -0.7477 0.6134 -0.2541
vn -0.7477 0.4695 -0.4695
vn -0.7477 0.2541 -0.6134
vn -0.7477 -0.0000 -0.6640
vn -0.7477 -0.2541 -0.6134
vn -0.7477 -0.4695 -0.4695
vn -0.7477 -0.6134 -0.2541
vn -0.7477 -0.6640 -0.0000
vn -0.7477 -0.6134 0.2541
vn -0.7477 -0.4695 0.4695
vn -0.7477 -0.2541 0.6134
vn -0.7947 -0.3366 -0.5052
vn -0.7980 -0.4262 -0.4262
vn -0.7947 -0.5052 -0.3366
vn -0.7947 -0.5955 0.1176
vn -0.7980 -0.5568 0.2306
vn -0.7947 -0.5043 0.3379
vn -0.7947 -0.1192 0.5952
vn -0.7980 -0.0000 0.6027
vn -0.7947 0.1192 0.5952
vn -0.7947 0.5043 0.3379
vn -0.7980 0.5568 0.2306
vn -0.7947 0.5955 0.1176
vn -0.7947 0.3379 -0.5043
vn -0.7980 0.2306 -0.5568
vn -0.7947 0.1176 -0.5955
vn -0.7978 -0.4263 -0.4263
vn -0.7947 -0.3381 -0.5041
vn -0.7947 -0.5041 -0.3381
vn -0.7978 -0.5570 0.2307
vn -0.7947 -0.5951 0.1195
vn -0.7947 -0.5053 0.3363
vn -0.7978 -0.0000 0.6029
vn -0.7947 -0.1173 0.5955
vn -0.7947 0.1173 0.5955
vn -0.7978 0.5570 0.2307
vn -0.7947 0.5053 0.3363
vn -0.7947 0.5951 0.1195
vn -0.7978 0.2307 -0.5570
vn -0.7947 0.3363 -0.5053
vn -0.7947 0.1195 -0.5951
vn -0.8716 -0.2273 -0.4342
vn -0.7119 -0.5714 -0.4084
vn -0.9809 -0.1798 0.0745
vn -0.9904 0.1278 -0.0529
vn 0.9600 0.2592 0.1058
vn 0.4001 0.8457 0.3531
vn 0.1484 0.6940 0.7045
vn 0.5413 0.1131 0.8332
vn -0.9911 -0.0008 -0.1330
vn -0.9803 0.0007 0.1976
vn -0.6829 0.6363 0.3589
vn -0.8700 0.4929 0.0131
vn 0.5413 -0.5092 -0.6691
vn 0.1483 -0.0074 -0.9889
vn 0.4001 0.3484 -0.8477
vn 0.9600 0.1085 -0.2581
vn -0.8754 -0.4785 0.0680
vn -0.7269 -0.5711 0.3814
vn 0.1498 0.7253 -0.6719
vn 0.6178 0.7833 -0.0686
vn -0.9922 -0.1153 -0.0472
vn -0.9793 0.1871 0.0770
vn -0.6787 0.5783 -0.4526
vn -0.8730 0.2023 -0.4438
vn -0.6787 0.7290 -0.0889
vn -0.8730 0.4568 0.1708
vn -0.8767 -0.1307 0.4630
vn -0.7111 0.1229 0.6922
vn -0.8754 -0.3865 0.2903
vn -0.7269 -0.6735 0.1341
vn 0.1381 -0.9118 -0.3867
vn 0.5034 -0.8431 0.1892
vn -0.9922 -0.0481 0.1149
vn -0.9793 0.0778 -0.1868
vn -0.7111 -0.4026 -0.5764
vn -0.8767 -0.4198 -0.2349
vn 0.6120 0.2216 -0.7591
vn 0.1402 -0.3473 -0.9272
vn -0.6829 0.1961 -0.7037
vn -0.8700 0.3392 -0.3578
vn -0.8716 0.1463 0.4678
vn -0.7119 -0.1152 0.6928
vn 0.1325 -0.6966 0.7051
vn 0.5453 -0.1318 0.8278
vn 0.3832 -0.6558 -0.6505
vn 0.9536 -0.2114 -0.2145
vn 0.5453 -0.6785 -0.4922
vn 0.1325 -0.9912 -0.0060
vn 0.1402 0.4100 0.9012
vn 0.6120 0.6935 0.3801
vn 0.3727 -0.8573 0.3551
vn 0.9492 -0.2908 0.1205
vn 0.5034 -0.7299 0.4623
vn 0.1381 -0.3713 0.9182
vn -0.9911 0.0935 0.0946
vn -0.9803 -0.1392 -0.1402
vn 0.1498 0.9880 -0.0377
vn 0.6178 0.6024 -0.5054
vn 0.3832 -0.0038 0.9237
vn 0.9536 0.0022 0.3012
vn -0.8064 -0.0000 0.5913
vn -0.8064 0.2263 0.5463
vn -0.8064 0.4181 0.4181
vn -0.8064 0.5463 0.2263
vn -0.8064 0.5914 -0.0000
vn -0.8064 0.5463 -0.2263
vn -0.8064 0.4181 -0.4181
vn -0.8064 0.2263 -0.5463
vn -0.8064 -0.0000 -0.5914
vn -0.8064 -0.2263 -0.5463
vn -0.8064 -0.4181 -0.4181
vn -0.8064 -0.5463 -0.2263
vn -0.8064 -0.5914 -0.0000
vn -0.8064 -0.5463 0.2263
vn -0.8064 -0.4181 0.4181
vn -0.8064 -0.2263 0.5463
vt 1.000000 0.500000
vt 0.937500 0.500000
vt 0.937500 1.000000
vt 1.000000 1.000000
vt 0.875000 0.500000
vt 0.875000 1.000000
vt 0.812500 0.500000
vt 0.812500 1.000000
vt 0.750000 0.500000
vt 0.750000 1.000000
vt 0.687500 0.500000
vt 0.687500 1.000000
vt 0.625000 0.500000
vt 0.625000 1.000000
vt 0.562500 0.500000
vt 0.562500 1.000000
vt 0.500000 0.500000
vt 0.500000 1.000000
vt 0.437500 0.500000
vt 0.437500 1.000000
vt 0.375000 0.500000
vt 0.375000 1.000000
vt 0.312500 0.500000
vt 0.312500 1.000000
vt 0.250000 0.500000
vt 0.250000 1.000000
vt 0.187500 0.500000
vt 0.187500 1.000000
vt 0.125000 0.500000
vt 0.125000 1.000000
vt 0.114757 0.306019
vt 0.103614 0.250000
vt 0.062500 0.500000
vt 0.062500 1.000000
vt 0.000000 0.500000
vt 0.000000 1.000000
vt 0.750000 0.490000
vt 0.658156 0.471731
vt 0.580294 0.419706
vt 0.528269 0.341844
vt 0.510000 0.250000
vt 0.528269 0.158156
vt 0.580294 0.080294
vt 0.658156 0.028269
vt 0.750000 0.010000
vt 0.841844 0.028269
vt 0.919706 0.080294
vt 0.971731 0.158156
vt 0.990000 0.250000
vt 0.971731 0.341844
vt 0.919706 0.419705
vt 0.841844 0.471731
vt 0.250000 0.468947
vt 0.250000 0.490000
vt 0.341844 0.471731
vt 0.333788 0.452281
vt 0.419706 0.419705
vt 0.404819 0.404819
vt 0.471731 0.341844
vt 0.452281 0.333787
vt 0.490000 0.250000
vt 0.468947 0.250000
vt 0.471731 0.158156
vt 0.452281 0.166212
vt 0.419706 0.080294
vt 0.404819 0.095181
vt 0.341844 0.028269
vt 0.333787 0.047719
vt 0.250000 0.010000
vt 0.250000 0.031053
vt 0.158156 0.028269
vt 0.166213 0.047719
vt 0.080294 0.080294
vt 0.095181 0.095181
vt 0.028269 0.158156
vt 0.047719 0.166212
vt 0.010000 0.250000
vt 0.031053 0.250000
vt 0.028269 0.341844
vt 0.047719 0.333787
vt 0.080294 0.419706
vt 0.095181 0.404819
vt 0.158156 0.471731
vt 0.166213 0.452281
vt 0.182326 0.413380
vt 0.174269 0.432831
vt 0.250000 0.447894
vt 0.250000 0.426841
vt 0.124954 0.375046
vt 0.110068 0.389932
vt 0.086620 0.317674
vt 0.067169 0.325731
vt 0.073158 0.250000
vt 0.052106 0.250000
vt 0.086620 0.182325
vt 0.067169 0.174269
vt 0.124954 0.124954
vt 0.110068 0.110067
vt 0.182326 0.086619
vt 0.174269 0.067169
vt 0.250000 0.073158
vt 0.250000 0.052106
vt 0.317674 0.086620
vt 0.325731 0.067169
vt 0.375046 0.124954
vt 0.389933 0.110067
vt 0.413380 0.182325
vt 0.432831 0.174269
vt 0.426842 0.250000
vt 0.447894 0.250000
vt 0.413380 0.317674
vt 0.432831 0.325731
vt 0.375046 0.375046
vt 0.389932 0.389932
vt 0.317674 0.413380
vt 0.325731 0.432831
vt 0.250000 0.401087
vt 0.250000 0.405789
vt 0.309618 0.393930
vt 0.307819 0.389586
vt 0.360159 0.360159
vt 0.356835 0.356835
vt 0.393930 0.309618
vt 0.389586 0.307818
vt 0.405789 0.250000
vt 0.401087 0.250000
vt 0.393930 0.190382
vt 0.389586 0.192181
vt 0.360159 0.139841
vt 0.356835 0.143165
vt 0.309618 0.106070
vt 0.307819 0.110413
vt 0.250000 0.094211
vt 0.250000 0.098913
vt 0.190382 0.106070
vt 0.192181 0.110413
vt 0.139841 0.139841
vt 0.143165 0.143165
vt 0.106070 0.190382
vt 0.110413 0.192181
vt 0.094211 0.250000
vt 0.098913 0.250000
vt 0.106070 0.309618
vt 0.110413 0.307818
vt 0.139841 0.360159
vt 0.143165 0.356835
vt 0.190382 0.393930
vt 0.192181 0.389586
vt 0.267085 0.291248
vt 0.281569 0.281570
vt 0.291248 0.267085
vt 0.294646 0.250000
vt 0.291248 0.232914
vt 0.281570 0.218430
vt 0.267085 0.208752
vt 0.250000 0.205354
vt 0.232915 0.208752
vt 0.218430 0.218430
vt 0.208752 0.232914
vt 0.205354 0.250000
vt 0.208752 0.267085
vt 0.218430 0.281570
vt 0.232915 0.291248
vt 0.250000 0.294646
vt 0.353510 0.146490
vt 0.385243 0.193980
vt 0.146490 0.353510
vt 0.306019 0.114757
vt 0.193981 0.385243
vt 0.250000 0.103614
vt 0.306019 0.385243
vt 0.250000 0.396386
vt 0.193981 0.114757
vt 0.353510 0.353510
vt 0.146490 0.146489
vt 0.385243 0.306019
vt 0.114757 0.193980
vt 0.396386 0.250000
vt 0.250000 0.358758
vt 0.291620 0.350480
vt 0.350480 0.291620
vt 0.358758 0.250000
vt 0.326904 0.173096
vt 0.291620 0.149520
vt 0.208380 0.149520
vt 0.173096 0.173096
vt 0.141242 0.250000
vt 0.149520 0.291620
vt 0.173096 0.326904
vt 0.250000 0.326702
vt 0.279353 0.320864
vt 0.326904 0.326904
vt 0.304237 0.304237
vt 0.320864 0.279352
vt 0.326702 0.250000
vt 0.350480 0.208380
vt 0.320864 0.220647
vt 0.304237 0.195763
vt 0.279353 0.179136
vt 0.250000 0.141242
vt 0.250000 0.173298
vt 0.220647 0.179136
vt 0.195763 0.195763
vt 0.149520 0.208380
vt 0.179136 0.220647
vt 0.173298 0.250000
vt 0.179136 0.279353
vt 0.195763 0.304237
vt 0.208380 0.350480
vt 0.220647 0.320864
vt 0.226781 0.306056
vt 0.250000 0.310674
vt 0.207097 0.292903
vt 0.193944 0.273219
vt 0.189326 0.250000
vt 0.193944 0.226781
vt 0.207097 0.207097
vt 0.226781 0.193944
vt 0.250000 0.189326
vt 0.273219 0.193944
vt 0.292903 0.207097
vt 0.306056 0.226781
vt 0.310674 0.250000
vt 0.306056 0.273219
vt 0.292903 0.292903
vt 0.273219 0.306056
vt 0.311699 0.373108
vt 0.348495 0.348534
vt 0.373108 0.311699
vt 0.387348 0.240109
vt 0.378726 0.196709
vt 0.354114 0.159874
vt 0.293423 0.119322
vt 0.250027 0.110679
vt 0.206577 0.119322
vt 0.145886 0.159874
vt 0.121295 0.196659
vt 0.112652 0.240109
vt 0.159874 0.354114
vt 0.196659 0.378705
vt 0.240109 0.387348
vt 0.331919 0.331880
vt 0.302711 0.351409
vt 0.351409 0.302711
vt 0.356996 0.205651
vt 0.363861 0.240109
vt 0.337506 0.176482
vt 0.249973 0.134177
vt 0.284435 0.141021
vt 0.215565 0.141021
vt 0.142983 0.205701
vt 0.162494 0.176482
vt 0.136139 0.240109
vt 0.205701 0.357017
vt 0.176482 0.337506
vt 0.240109 0.363861
s 1
usemtl Material.001
f 1811/1178/1949 1909/1178/1950 1971/1179/1951 1809/1179/1952
f 1880/1264/2019 1849/1265/2019 1848/1266/2020 1881/1267/2020
f 1881/1267/2020 1848/1266/2020 1850/1268/2021 1882/1269/2021
f 1882/1269/2021 1850/1268/2021 1851/1270/2022 1883/1271/2022
f 1883/1271/2022 1851/1270/2022 1852/1272/2023 1884/1273/2023
f 1884/1273/2023 1852/1272/2023 1853/1274/2024 1885/1275/2024
f 1885/1275/2024 1853/1274/2024 1854/1276/2025 1886/1277/2025
f 1886/1277/2025 1854/1276/2025 1855/1278/2026 1887/1279/2026
f 1887/1279/2026 1855/1278/2026 1856/1280/2027 1888/1281/2027
f 1888/1281/2027 1856/1280/2027 1857/1282/2028 1889/1283/2028
f 1889/1283/2028 1857/1282/2028 1858/1284/2029 1890/1285/2029
f 1890/1285/2029 1858/1284/2029 1859/1286/2030 1891/1287/2030
f 1891/1287/2030 1859/1286/2030 1860/1288/2031 1892/1289/2031
f 1892/1289/2031 1860/1288/2031 1861/1290/2032 1893/1291/2032
f 1893/1291/2032 1861/1290/2032 1862/1292/2033 1894/1293/2033
f 1894/1293/2033 1862/1292/2033 1863/1294/2034 1895/1295/2034
f 1895/1295/2034 1863/1294/2034 1849/1265/2019 1880/1264/2019
f 1864/1296/2035 1866/1297/2035 1867/1298/2035 1868/1299/2035 1869/1300/2035 1870/1301/2035 1871/1302/2035 1872/1303/2035 1873/1304/2035 1874/1305/2035 1875/1306/2035 1876/1307/2035 1877/1308/2035 1878/1309/2035 1879/1310/2035 1865/1311/2035
f 1797/1312/2036 1965/1312/2037 1963/1313/2038 1795/1313/2039
f 1813/1314/2040 1973/1314/2041 1909/1178/1950 1811/1178/1949
f 1799/1315/2042 1967/1315/2043 1965/1312/2037 1797/1312/2036
f 1815/1316/2044 1972/1316/2045 1973/1314/2041 1813/1314/2040
f 1801/1317/2046 1966/1317/2047 1967/1315/2043 1799/1315/2042
f 1787/1318/2048 1961/1318/2049 1974/1319/2050 1785/1319/2051
f 1785/1319/2051 1974/1319/2050 1972/1316/2045 1815/1316/2044
f 1803/1320/2052 1968/1320/2053 1966/1317/2047 1801/1317/2046
f 1789/1321/2054 1960/1321/2055 1961/1318/2049 1787/1318/2048
f 1805/1322/2056 1970/1322/2057 1968/1320/2053 1803/1320/2052
f 1791/1323/2058 1962/1323/2059 1960/1321/2055 1789/1321/2054
f 1807/1324/2060 1969/1324/2061 1970/1322/2057 1805/1322/2056
f 1793/1325/2062 1964/1325/2063 1962/1323/2059 1791/1323/2058
f 1809/1179/1952 1971/1179/1951 1969/1324/2061 1807/1324/2060
f 1795/1313/2039 1963/1313/2038 1964/1325/2063 1793/1325/2062
f 1815/1316/2044 1895/1295/2026 1880/1264/2027 1785/1319/2051
f 1813/1314/2040 1894/1293/2025 1895/1295/2026 1815/1316/2044
f 1811/1178/1949 1893/1291/2024 1894/1293/2025 1813/1314/2040
f 1809/1179/1952 1892/1289/2023 1893/1291/2024 1811/1178/1949
f 1807/1324/2060 1891/1287/2022 1892/1289/2023 1809/1179/1952
f 1805/1322/2056 1890/1285/2021 1891/1287/2022 1807/1324/2060
f 1803/1320/2052 1889/1283/2020 1890/1285/2021 1805/1322/2056
f 1801/1317/2046 1888/1281/2019 1889/1283/2020 1803/1320/2052
f 1799/1315/2042 1887/1279/2034 1888/1281/2019 1801/1317/2046
f 1797/1312/2036 1886/1277/2033 1887/1279/2034 1799/1315/2042
f 1795/1313/2039 1885/1275/2032 1886/1277/2033 1797/1312/2036
f 1793/1325/2062 1884/1273/2031 1885/1275/2032 1795/1313/2039
f 1791/1323/2058 1883/1271/2030 1884/1273/2031 1793/1325/2062
f 1789/1321/2054 1882/1269/2029 1883/1271/2030 1791/1323/2058
f 1787/1318/2048 1881/1267/2028 1882/1269/2029 1789/1321/2054
f 1785/1319/2051 1880/1264/2027 1881/1267/2028 1787/1318/2048
f 1989/1326/2064 1974/1319/2065 1961/1318/2066 1976/1327/2067
f 1977/1328/2068 1962/1323/2069 1964/1325/2070 1979/1329/2071
f 1980/1330/2072 1965/1312/2073 1967/1315/2074 1982/1331/2075
f 1983/1332/2076 1968/1320/2077 1970/1322/2078 1985/1333/2079
f 1986/1334/2080 1971/1179/2081 1909/1178/2082 1925/1335/2083
f 1925/1335/2083 1909/1178/2082 1973/1314/2084 1988/1336/2085
f 1928/1337/2086 1989/1326/2064 1976/1327/2067 1929/1338/2087
f 1929/1338/2087 1976/1327/2067 1975/1339/2088 1930/1340/2089
f 1930/1340/2089 1975/1339/2088 1977/1328/2068 1931/1341/2090
f 1931/1341/2090 1977/1328/2068 1979/1329/2071 1932/1342/2091
f 1932/1342/2091 1979/1329/2071 1978/1343/2092 1933/1344/2093
f 1933/1344/2093 1978/1343/2092 1980/1330/2072 1934/1345/2094
f 1934/1345/2094 1980/1330/2072 1982/1331/2075 1935/1346/2095
f 1935/1346/2095 1982/1331/2075 1981/1347/2096 1936/1348/2097
f 1936/1348/2097 1981/1347/2096 1983/1332/2076 1937/1349/2098
f 1937/1349/2098 1983/1332/2076 1985/1333/2079 1938/1350/2099
f 1938/1350/2099 1985/1333/2079 1984/1351/2100 1939/1352/2101
f 1939/1352/2101 1984/1351/2100 1986/1334/2080 1940/1353/2102
f 1940/1353/2102 1986/1334/2080 1925/1335/2083 1941/1354/2103
f 1941/1354/2103 1925/1335/2083 1988/1336/2085 1942/1355/2104
f 1942/1355/2104 1988/1336/2085 1987/1356/2105 1943/1357/2106
f 1943/1357/2106 1987/1356/2105 1989/1326/2064 1928/1337/2086
f 1959/1358/2107 1943/1357/2106 1928/1337/2086 1944/1359/2108
f 1958/1360/2109 1942/1355/2104 1943/1357/2106 1959/1358/2107
f 1957/1361/2110 1941/1354/2103 1942/1355/2104 1958/1360/2109
f 1956/1362/2111 1940/1353/2102 1941/1354/2103 1957/1361/2110
f 1955/1363/2112 1939/1352/2101 1940/1353/2102 1956/1362/2111
f 1954/1364/2113 1938/1350/2099 1939/1352/2101 1955/1363/2112
f 1953/1365/2114 1937/1349/2098 1938/1350/2099 1954/1364/2113
f 1952/1366/2115 1936/1348/2097 1937/1349/2098 1953/1365/2114
f 1951/1367/2116 1935/1346/2095 1936/1348/2097 1952/1366/2115
f 1950/1368/2117 1934/1345/2094 1935/1346/2095 1951/1367/2116
f 1949/1369/2118 1933/1344/2093 1934/1345/2094 1950/1368/2117
f 1948/1370/2119 1932/1342/2091 1933/1344/2093 1949/1369/2118
f 1947/1371/2120 1931/1341/2090 1932/1342/2091 1948/1370/2119
f 1946/1372/2121 1930/1340/2089 1931/1341/2090 1947/1371/2120
f 1945/1373/2122 1929/1338/2087 1930/1340/2089 1946/1372/2121
f 1944/1359/2108 1928/1337/2086 1929/1338/2087 1945/1373/2122
f 1865/1311/2123 1944/1359/2123 1945/1373/2124 1864/1296/2124
f 1864/1296/2124 1945/1373/2124 1946/1372/2125 1866/1297/2125
f 1866/1297/2125 1946/1372/2125 1947/1371/2126 1867/1298/2126
f 1867/1298/2126 1947/1371/2126 1948/1370/2127 1868/1299/2127
f 1868/1299/2127 1948/1370/2127 1949/1369/2128 1869/1300/2128
f 1869/1300/2128 1949/1369/2128 1950/1368/2129 1870/1301/2129
f 1870/1301/2129 1950/1368/2129 1951/1367/2130 1871/1302/2130
f 1871/1302/2130 1951/1367/2130 1952/1366/2131 1872/1303/2131
f 1872/1303/2131 1952/1366/2131 1953/1365/2132 1873/1304/2132
f 1873/1304/2132 1953/1365/2132 1954/1364/2133 1874/1305/2133
f 1874/1305/2133 1954/1364/2133 1955/1363/2134 1875/1306/2134
f 1875/1306/2134 1955/1363/2134 1956/1362/2135 1876/1307/2135
f 1876/1307/2135 1956/1362/2135 1957/1361/2136 1877/1308/2136
f 1877/1308/2136 1957/1361/2136 1958/1360/2137 1878/1309/2137
f 1878/1309/2137 1958/1360/2137 1959/1358/2138 1879/1310/2138
f 1879/1310/2138 1959/1358/2138 1944/1359/2123 1865/1311/2123
f 1896/1374/2139 1961/1318/2066 1960/1321/2140 1898/1375/2140
f 1898/1375/2140 1960/1321/2140 1962/1323/2069 1899/1376/2141
f 1900/1377/2142 1964/1325/2070 1963/1313/2143 1901/1378/2143
f 1901/1378/2143 1963/1313/2143 1965/1312/2073 1902/1379/2144
f 1903/1380/2145 1967/1315/2074 1966/1317/2146 1904/1381/2146
f 1904/1381/2146 1966/1317/2146 1968/1320/2077 1905/1382/2147
f 1906/1383/2148 1970/1322/2078 1969/1324/2149 1907/1384/2149
f 1907/1384/2149 1969/1324/2149 1971/1179/2081 1908/1385/2150
f 1910/1386/2151 1973/1314/2084 1972/1316/2152 1911/1387/2152
f 1911/1387/2152 1972/1316/2152 1974/1319/2065 1897/1388/2153
f 1914/1389/2154 1975/1339/2088 1976/1327/2067 1912/1390/2155
f 1915/1391/2156 1977/1328/2068 1975/1339/2088 1914/1389/2154
f 1917/1392/2157 1978/1343/2092 1979/1329/2071 1916/1393/2158
f 1918/1394/2159 1980/1330/2072 1978/1343/2092 1917/1392/2157
f 1920/1395/2160 1981/1347/2096 1982/1331/2075 1919/1396/2161
f 1921/1397/2162 1983/1332/2076 1981/1347/2096 1920/1395/2160
f 1923/1398/2163 1984/1351/2100 1985/1333/2079 1922/1399/2164
f 1924/1400/2165 1986/1334/2080 1984/1351/2100 1923/1398/2163
f 1927/1401/2166 1987/1356/2105 1988/1336/2085 1926/1402/2167
f 1913/1403/2168 1989/1326/2064 1987/1356/2105 1927/1401/2166
f 1897/1388/2153 1974/1319/2065 1989/1326/2064 1913/1403/2168
f 1912/1390/2155 1976/1327/2067 1961/1318/2066 1896/1374/2139
f 1899/1376/2141 1962/1323/2069 1977/1328/2068 1915/1391/2156
f 1916/1393/2158 1979/1329/2071 1964/1325/2070 1900/1377/2142
f 1902/1379/2144 1965/1312/2073 1980/1330/2072 1918/1394/2159
f 1919/1396/2161 1982/1331/2075 1967/1315/2074 1903/1380/2145
f 1905/1382/2147 1968/1320/2077 1983/1332/2076 1921/1397/2162
f 1922/1399/2164 1985/1333/2079 1970/1322/2078 1906/1383/2148
f 1908/1385/2150 1971/1179/2081 1986/1334/2080 1924/1400/2165
f 1926/1402/2167 1988/1336/2085 1973/1314/2084 1910/1386/2151
f 1902/1379/2169 1996/1379/2170 1995/1378/2171 1901/1378/2172
f 1923/1398/2173 2016/1398/2174 2017/1400/2175 1924/1400/2176
f 1904/1381/2177 1998/1381/2178 1997/1380/2179 1903/1380/2180
f 1926/1402/2181 2018/1402/2182 2019/1401/2183 1927/1401/2184
f 1905/1382/2185 1999/1382/2186 1998/1381/2178 1904/1381/2177
f 1927/1401/2184 2019/1401/2183 2006/1403/2187 1913/1403/2188
f 1907/1384/2189 2001/1384/2190 2000/1383/2191 1906/1383/2192
f 1913/1403/2188 2006/1403/2187 1991/1388/2193 1897/1388/2194
f 1908/1385/2195 2002/1385/2196 2001/1384/2190 1907/1384/2189
f 1896/1374/2197 1990/1374/2198 2005/1390/2199 1912/1390/2200
f 1911/1387/2201 2004/1387/2202 2003/1386/2203 1910/1386/2204
f 1915/1391/2205 2008/1391/2206 1993/1376/2207 1899/1376/2208
f 1897/1388/2194 1991/1388/2193 2004/1387/2202 1911/1387/2201
f 1900/1377/2209 1994/1377/2210 2009/1393/2211 1916/1393/2212
f 1912/1390/2200 2005/1390/2199 2007/1389/2213 1914/1389/2214
f 1918/1394/2215 2011/1394/2216 1996/1379/2170 1902/1379/2169
f 1914/1389/2214 2007/1389/2213 2008/1391/2206 1915/1391/2205
f 1903/1380/2180 1997/1380/2179 2012/1396/2217 1919/1396/2218
f 1916/1393/2212 2009/1393/2211 2010/1392/2219 1917/1392/2220
f 1921/1397/2221 2014/1397/2222 1999/1382/2186 1905/1382/2185
f 1917/1392/2220 2010/1392/2219 2011/1394/2216 1918/1394/2215
f 1898/1375/2223 1992/1375/2224 1990/1374/2198 1896/1374/2197
f 1906/1383/2192 2000/1383/2191 2015/1399/2225 1922/1399/2226
f 1919/1396/2218 2012/1396/2217 2013/1395/2227 1920/1395/2228
f 1899/1376/2208 1993/1376/2207 1992/1375/2224 1898/1375/2223
f 1924/1400/2176 2017/1400/2175 2002/1385/2196 1908/1385/2195
f 1920/1395/2228 2013/1395/2227 2014/1397/2222 1921/1397/2221
f 1901/1378/2172 1995/1378/2171 1994/1377/2210 1900/1377/2209
f 1910/1386/2204 2003/1386/2203 2018/1402/2182 1926/1402/2181
f 1922/1399/2226 2015/1399/2225 2016/1398/2174 1923/1398/2173
usemtl Material.002
f 1784/1148/1934 1786/1149/1935 1816/1150/1935 1817/1151/1934
f 1786/1149/1935 1788/1152/1936 1818/1153/1936 1816/1150/1935
f 1788/1152/1936 1790/1154/1937 1819/1155/1937 1818/1153/1936
f 1790/1154/1937 1792/1156/1938 1820/1157/1938 1819/1155/1937
f 1792/1156/1938 1794/1158/1939 1821/1159/1939 1820/1157/1938
f 1794/1158/1939 1796/1160/1940 1822/1161/1940 1821/1159/1939
f 1796/1160/1940 1798/1162/1941 1823/1163/1941 1822/1161/1940
f 1798/1162/1941 1800/1164/1942 1824/1165/1942 1823/1163/1941
f 1800/1164/1942 1802/1166/1943 1825/1167/1943 1824/1165/1942
f 1802/1166/1943 1804/1168/1944 1826/1169/1944 1825/1167/1943
f 1804/1168/1944 1806/1170/1945 1827/1171/1945 1826/1169/1944
f 1806/1170/1945 1808/1172/1946 1828/1173/1946 1827/1171/1945
f 1808/1172/1946 1810/1174/1947 1829/1175/1947 1828/1173/1946
f 1810/1174/1947 1812/1176/1948 1830/1177/1948 1829/1175/1947
f 1812/1176/1948 1814/1180/1953 1831/1181/1953 1830/1177/1948
f 1814/1180/1953 1784/1182/1934 1817/1183/1934 1831/1181/1953
f 1784/1184/1954 1814/1185/1954 1812/1186/1954 1810/1187/1954 1808/1188/1954 1806/1189/1954 1804/1190/1954 1802/1191/1954 1800/1192/1954 1798/1193/1954 1796/1194/1954 1794/1195/1954 1792/1196/1954 1790/1197/1954 1788/1198/1954 1786/1199/1954
f 2051/1200/1955 1817/1201/1956 1816/1202/1957 2036/1203/1958
f 2036/1203/1958 1816/1202/1957 1818/1204/1959 2037/1205/1960
f 2037/1205/1960 1818/1204/1959 1819/1206/1961 2038/1207/1962
f 2038/1207/1962 1819/1206/1961 1820/1208/1963 2039/1209/1964
f 2039/1209/1964 1820/1208/1963 1821/1210/1965 2040/1211/1966
f 2040/1211/1966 1821/1210/1965 1822/1212/1967 2041/1213/1968
f 2041/1213/1968 1822/1212/1967 1823/1214/1969 2042/1215/1970
f 2042/1215/1970 1823/1214/1969 1824/1216/1971 2043/1217/1972
f 2043/1217/1972 1824/1216/1971 1825/1218/1973 2044/1219/1974
f 2044/1219/1974 1825/1218/1973 1826/1220/1975 2045/1221/1976
f 2045/1221/1976 1826/1220/1975 1827/1222/1977 2046/1223/1978
f 2046/1223/1978 1827/1222/1977 1828/1224/1979 2047/1225/1980
f 2047/1225/1980 1828/1224/1979 1829/1226/1981 2048/1227/1982
f 2048/1227/1982 1829/1226/1981 1830/1228/1983 2049/1229/1984
f 2049/1229/1984 1830/1228/1983 1831/1230/1985 2050/1231/1986
f 2050/1231/1986 1831/1230/1985 1817/1201/1956 2051/1200/1955
f 2035/1232/1987 1847/1233/1988 1832/1234/1989 2020/1235/1990
f 2034/1236/1991 1846/1237/1992 1847/1233/1988 2035/1232/1987
f 2033/1238/1993 1845/1239/1994 1846/1237/1992 2034/1236/1991
f 2032/1240/1995 1844/1241/1996 1845/1239/1994 2033/1238/1993
f 2031/1242/1997 1843/1243/1998 1844/1241/1996 2032/1240/1995
f 2030/1244/1999 1842/1245/2000 1843/1243/1998 2031/1242/1997
f 2029/1246/2001 1841/1247/2002 1842/1245/2000 2030/1244/1999
f 2028/1248/2003 1840/1249/2004 1841/1247/2002 2029/1246/2001
f 2027/1250/2005 1839/1251/2006 1840/1249/2004 2028/1248/2003
f 2026/1252/2007 1838/1253/2008 1839/1251/2006 2027/1250/2005
f 2025/1254/2009 1837/1255/2010 1838/1253/2008 2026/1252/2007
f 2024/1256/2011 1836/1257/2012 1837/1255/2010 2025/1254/2009
f 2023/1258/2013 1835/1259/2014 1836/1257/2012 2024/1256/2011
f 2022/1260/2015 1834/1261/2016 1835/1259/2014 2023/1258/2013
f 2021/1262/2017 1833/1263/2018 1834/1261/2016 2022/1260/2015
f 2020/1235/1990 1832/1234/1989 1833/1263/2018 2021/1262/2017
f 1849/1265/2229 2020/1235/1990 2021/1262/2017 1848/1266/2230
f 1848/1266/2230 2021/1262/2017 2022/1260/2015 1850/1268/2231
f 1850/1268/2231 2022/1260/2015 2023/1258/2013 1851/1270/2232
f 1851/1270/2232 2023/1258/2013 2024/1256/2011 1852/1272/2233
f 1852/1272/2233 2024/1256/2011 2025/1254/2009 1853/1274/2234
f 1853/1274/2234 2025/1254/2009 2026/1252/2007 1854/1276/2235
f 1854/1276/2235 2026/1252/2007 2027/1250/2005 1855/1278/2236
f 1855/1278/2236 2027/1250/2005 2028/1248/2003 1856/1280/2237
f 1856/1280/2237 2028/1248/2003 2029/1246/2001 1857/1282/2238
f 1857/1282/2238 2029/1246/2001 2030/1244/1999 1858/1284/2239
f 1858/1284/2239 2030/1244/1999 2031/1242/1997 1859/1286/2240
f 1859/1286/2240 2031/1242/1997 2032/1240/1995 1860/1288/2241
f 1860/1288/2241 2032/1240/1995 2033/1238/1993 1861/1290/2242
f 1861/1290/2242 2033/1238/1993 2034/1236/1991 1862/1292/2243
f 1862/1292/2243 2034/1236/1991 2035/1232/1987 1863/1294/2244
f 1863/1294/2244 2035/1232/1987 2020/1235/1990 1849/1265/2229
f 1847/1233/1988 2050/1231/1986 2051/1200/1955 1832/1234/1989
f 1846/1237/1992 2049/1229/1984 2050/1231/1986 1847/1233/1988
f 1845/1239/1994 2048/1227/1982 2049/1229/1984 1846/1237/1992
f 1844/1241/1996 2047/1225/1980 2048/1227/1982 1845/1239/1994
f 1843/1243/1998 2046/1223/1978 2047/1225/1980 1844/1241/1996
f 1842/1245/2000 2045/1221/1976 2046/1223/1978 1843/1243/1998
f 1841/1247/2002 2044/1219/1974 2045/1221/1976 1842/1245/2000
f 1840/1249/2004 2043/1217/1972 2044/1219/1974 1841/1247/2002
f 1839/1251/2006 2042/1215/1970 2043/1217/1972 1840/1249/2004
f 1838/1253/2008 2041/1213/1968 2042/1215/1970 1839/1251/2006
f 1837/1255/2010 2040/1211/1966 2041/1213/1968 1838/1253/2008
f 1836/1257/2012 2039/1209/1964 2040/1211/1966 1837/1255/2010
f 1835/1259/2014 2038/1207/1962 2039/1209/1964 1836/1257/2012
f 1834/1261/2016 2037/1205/1960 2038/1207/1962 1835/1259/2014
f 1833/1263/2018 2036/1203/1958 2037/1205/1960 1834/1261/2016
f 1832/1234/1989 2051/1200/1955 2036/1203/1958 1833/1263/2018
usemtl Material.007
f 1990/1374/2198 1992/1375/2224 1993/1376/2207 2008/1391/2206 2007/1389/2213 2005/1390/2199
f 1994/1377/2210 1995/1378/2171 1996/1379/2170 2011/1394/2216 2010/1392/2219 2009/1393/2211
f 1997/1380/2179 1998/1381/2178 1999/1382/2186 2014/1397/2222 2013/1395/2227 2012/1396/2217
f 2000/1383/2191 2001/1384/2190 2002/1385/2196 2017/1400/2175 2016/1398/2174 2015/1399/2225
f 2003/1386/2203 2004/1387/2202 1991/1388/2193 2006/1403/2187 2019/1401/2183 2018/1402/2182
o Cube.002
v 1.509061 -0.525941 -3.904255
v 2.316435 -0.525941 -3.581825
v 1.509061 -0.842273 -3.841332
v 2.316435 -0.718885 -3.543446
v 1.509061 -1.110447 -3.662144
v 2.316435 -0.882455 -3.434151
v 1.509061 -1.289636 -3.393970
v 2.316435 -0.991749 -3.270581
v 1.509061 -1.352558 -3.077637
v 2.316435 -1.030128 -3.077637
v 1.509061 -1.289636 -2.761304
v 2.316435 -0.991749 -2.884693
v 1.509061 -1.110447 -2.493131
v 2.316435 -0.882455 -2.721123
v 1.509061 -0.842273 -2.313942
v 2.316435 -0.718885 -2.611829
v 1.509061 -0.525941 -2.251020
v 2.316435 -0.525941 -2.573449
v 1.509061 -0.209608 -2.313942
v 2.316435 -0.332996 -2.611828
v 1.509061 0.058566 -2.493130
v 2.316435 -0.169426 -2.721123
v 1.509061 0.237754 -2.761304
v 2.316435 -0.060132 -2.884693
v 1.509061 0.300677 -3.077637
v 2.316435 -0.021753 -3.077637
v 1.509061 0.237754 -3.393970
v 2.316435 -0.060132 -3.270581
v 1.509061 0.058566 -3.662144
v 2.316435 -0.169426 -3.434152
v 1.509061 -0.209608 -3.841332
v 2.316435 -0.332997 -3.543446
v 2.316435 -0.842273 -3.841332
v 2.316435 -0.525941 -3.904255
v 2.316435 -1.110447 -3.662144
v 2.316435 -1.289635 -3.393970
v 2.316435 -1.352558 -3.077637
v 2.316435 -1.289635 -2.761304
v 2.316435 -1.110447 -2.493131
v 2.316435 -0.842273 -2.313942
v 2.316435 -0.525941 -2.251020
v 2.316435 -0.209608 -2.313942
v 2.316435 0.058566 -2.493130
v 2.316435 0.237754 -2.761304
v 2.316435 0.300677 -3.077637
v 2.316435 0.237754 -3.393970
v 2.316435 0.058566 -3.662144
v 2.316435 -0.209608 -3.841332
v 2.396767 -0.525941 -3.759233
v 2.396767 -0.786776 -3.707350
v 2.396767 -1.007902 -3.559598
v 2.396767 -1.155653 -3.338473
v 2.396767 -1.207536 -3.077637
v 2.396767 -1.155653 -2.816802
v 2.396767 -1.007902 -2.595676
v 2.396767 -0.786776 -2.447925
v 2.396767 -0.525941 -2.396042
v 2.396767 -0.265105 -2.447924
v 2.396767 -0.043980 -2.595676
v 2.396767 0.103772 -2.816802
v 2.396767 0.155655 -3.077637
v 2.396767 0.103772 -3.338473
v 2.396767 -0.043980 -3.559598
v 2.396767 -0.265106 -3.707350
v 2.316435 -0.731279 -3.573367
v 2.316435 -0.525941 -3.614211
v 2.316435 -0.905356 -3.457052
v 2.316435 -1.021670 -3.282975
v 2.316435 -1.062515 -3.077637
v 2.316435 -1.021670 -2.872299
v 2.316435 -0.905356 -2.698222
v 2.316435 -0.731279 -2.581907
v 2.316435 -0.525941 -2.541063
v 2.316435 -0.320603 -2.581907
v 2.316435 -0.146526 -2.698222
v 2.316435 -0.030211 -2.872299
v 2.316435 0.010633 -3.077637
v 2.316435 -0.030211 -3.282975
v 2.316435 -0.146526 -3.457053
v 2.316435 -0.320603 -3.573367
v 2.229589 -0.582585 -3.214390
v 2.229589 -0.525941 -3.225657
v 2.229589 -0.630606 -3.182303
v 2.229589 -0.662693 -3.134281
v 2.229589 -0.673960 -3.077637
v 2.229589 -0.662693 -3.020993
v 2.229589 -0.630606 -2.972971
v 2.229589 -0.582585 -2.940885
v 2.229589 -0.525941 -2.929618
v 2.229589 -0.469296 -2.940885
v 2.229589 -0.421275 -2.972971
v 2.229589 -0.389188 -3.020993
v 2.229589 -0.377921 -3.077637
v 2.229589 -0.389188 -3.134281
v 2.229589 -0.421275 -3.182303
v 2.229589 -0.469296 -3.214390
v 2.326437 -0.525941 -3.598018
v 2.326437 -0.725082 -3.558407
v 2.326437 -0.893905 -3.445602
v 2.326437 -1.006710 -3.276778
v 2.326437 -1.046322 -3.077637
v 2.326437 -1.006710 -2.878496
v 2.326437 -0.893905 -2.709672
v 2.326437 -0.725082 -2.596868
v 2.326437 -0.525941 -2.557256
v 2.326437 -0.326800 -2.596868
v 2.326437 -0.157976 -2.709672
v 2.326437 -0.045171 -2.878496
v 2.326437 -0.005560 -3.077637
v 2.326437 -0.045171 -3.276778
v 2.326437 -0.157976 -3.445602
v 2.326437 -0.326800 -3.558407
v 2.185035 -0.713763 -3.452401
v 2.185035 -0.495831 -3.495750
v 2.185444 -0.826132 -3.377828
v 2.185035 -0.900704 -3.265460
v 2.185035 -0.944054 -3.047527
v 2.185444 -0.918159 -2.915175
v 2.185035 -0.842882 -2.803278
v 2.185035 -0.658128 -2.679828
v 2.185444 -0.525941 -2.653103
v 2.185035 -0.393754 -2.679828
v 2.185035 -0.208999 -2.803277
v 2.185444 -0.133722 -2.915175
v 2.185035 -0.107828 -3.047527
v 2.163144 -0.114236 -3.248171
v 2.185035 -0.251581 -3.394579
v 2.185444 -0.363478 -3.469857
v 2.257755 -0.686402 -3.386346
v 2.257755 -0.495831 -3.424252
v 2.257346 -0.774963 -3.326660
v 2.257755 -0.834648 -3.238099
v 2.257755 -0.872555 -3.047527
v 2.257346 -0.851305 -2.942867
v 2.257755 -0.792325 -2.853835
v 2.257755 -0.630766 -2.745884
v 2.257346 -0.525941 -2.725466
v 2.257755 -0.421115 -2.745884
v 2.257755 -0.259556 -2.853834
v 2.257346 -0.200576 -2.942867
v 2.257755 -0.179326 -3.047527
v 2.279646 -0.220062 -3.204336
v 2.257755 -0.302138 -3.344022
v 2.257346 -0.391171 -3.403002
v 2.289385 -0.525941 -3.331935
v 2.289385 -0.623256 -3.312578
v 2.289385 -0.705756 -3.257453
v 2.289385 -0.760881 -3.174952
v 2.289385 -0.780238 -3.077637
v 2.289385 -0.760881 -2.980321
v 2.289385 -0.705756 -2.897822
v 2.289385 -0.623256 -2.842697
v 2.289385 -0.525941 -2.823339
v 2.289385 -0.428625 -2.842696
v 2.289385 -0.346125 -2.897821
v 2.289385 -0.291000 -2.980321
v 2.289385 -0.271643 -3.077637
v 2.289385 -0.291000 -3.174952
v 2.289385 -0.346125 -3.257453
v 2.289385 -0.428625 -3.312578
v 2.271659 -0.525941 -3.260246
v 2.271659 -0.595822 -3.246345
v 2.271659 -0.655064 -3.206761
v 2.271659 -0.694649 -3.147518
v 2.271659 -0.708549 -3.077637
v 2.271659 -0.694649 -3.007756
v 2.271659 -0.655064 -2.948514
v 2.271659 -0.595822 -2.908929
v 2.271659 -0.525941 -2.895029
v 2.271659 -0.456060 -2.908929
v 2.271659 -0.396817 -2.948514
v 2.271659 -0.357233 -3.007756
v 2.271659 -0.343333 -3.077637
v 2.271659 -0.357233 -3.147518
v 2.271659 -0.396818 -3.206761
v 2.271659 -0.456059 -3.246345
v 2.163144 -0.841046 -3.392742
v 2.163144 -0.696474 -3.489342
v 2.163144 -0.937645 -3.248171
v 2.163144 -0.937645 -2.907104
v 2.163144 -0.971566 -3.077637
v 2.163144 -0.841046 -2.762532
v 2.163144 -0.525941 -2.632011
v 2.163144 -0.696474 -2.665933
v 2.163144 -0.355407 -2.665932
v 2.163144 -0.114236 -2.907104
v 2.163144 -0.210836 -2.762532
v 2.163144 -0.080315 -3.077637
v 2.163144 -0.355407 -3.489342
v 2.163144 -0.210836 -3.392742
v 2.163144 -0.525941 -3.523262
v 2.279646 -0.760050 -3.311746
v 2.279646 -0.652640 -3.383517
v 2.279646 -0.831819 -3.204336
v 2.279646 -0.831819 -2.950938
v 2.279646 -0.857021 -3.077637
v 2.279646 -0.760050 -2.843528
v 2.279646 -0.525941 -2.746556
v 2.279646 -0.652640 -2.771759
v 2.279646 -0.399242 -2.771758
v 2.279646 -0.220062 -2.950938
v 2.279646 -0.291831 -2.843528
v 2.279646 -0.194860 -3.077637
v 2.279646 -0.399242 -3.383517
v 2.279646 -0.291831 -3.311747
v 2.279646 -0.525941 -3.408718
v 2.168075 -0.677145 -3.366299
v 2.168075 -0.507979 -3.399949
v 2.168393 -0.764369 -3.308413
v 2.168075 -0.822254 -3.221190
v 2.168075 -0.855903 -3.052024
v 2.168393 -0.835803 -2.949288
v 2.168075 -0.777371 -2.862430
v 2.168075 -0.633959 -2.766605
v 2.168393 -0.531351 -2.745859
v 2.168075 -0.428744 -2.766605
v 2.168075 -0.285332 -2.862430
v 2.168393 -0.226899 -2.949288
v 2.168075 -0.206799 -3.052024
v 2.168075 -0.318385 -3.321416
v 2.168393 -0.405243 -3.379849
v 2.224523 -0.655906 -3.315025
v 2.224523 -0.507979 -3.344449
v 2.224205 -0.724650 -3.268696
v 2.224523 -0.770979 -3.199951
v 2.224523 -0.800404 -3.052024
v 2.224205 -0.783909 -2.970783
v 2.224523 -0.738127 -2.901674
v 2.224523 -0.612720 -2.817879
v 2.224205 -0.531351 -2.802030
v 2.224523 -0.449982 -2.817879
v 2.224523 -0.324575 -2.901674
v 2.224205 -0.278793 -2.970783
v 2.224523 -0.262298 -3.052024
v 2.224523 -0.357629 -3.282172
v 2.224205 -0.426738 -3.327954
v 2.356601 -0.525941 -3.654199
v 2.356601 -0.746581 -3.610312
v 2.356601 -0.933631 -3.485328
v 2.356601 -1.058614 -3.298278
v 2.356601 -1.102503 -3.077637
v 2.356601 -1.058614 -2.856997
v 2.356601 -0.933632 -2.669947
v 2.356601 -0.746581 -2.544964
v 2.356601 -0.525941 -2.501075
v 2.356601 -0.305300 -2.544963
v 2.356601 -0.118250 -2.669946
v 2.356601 0.006733 -2.856997
v 2.356601 0.050621 -3.077637
v 2.356601 0.006733 -3.298278
v 2.356601 -0.118250 -3.485328
v 2.356601 -0.305300 -3.610312
v 2.356601 -0.824172 -3.797632
v 2.356601 -1.077000 -3.628697
v 2.356601 -1.245934 -3.375868
v 2.356601 -1.305256 -3.077637
v 2.356601 -1.245934 -2.779406
v 2.356601 -1.077000 -2.526578
v 2.356601 -0.824172 -2.357643
v 2.356601 -0.525941 -2.298321
v 2.356601 -0.227710 -2.357643
v 2.356601 0.025119 -2.526577
v 2.356601 0.194053 -2.779406
v 2.356601 0.253375 -3.077637
v 2.356601 0.194053 -3.375868
v 2.356601 0.025118 -3.628697
v 2.356601 -0.227710 -3.797632
v 2.356601 -0.525941 -3.856953
vn -0.0000 -0.0000 -1.0000
vn -0.0000 -0.3827 -0.9239
vn -0.0000 -0.7071 -0.7071
vn -0.0000 -0.9239 -0.3827
vn -0.0000 -1.0000 -0.0000
vn -0.0000 -0.9239 0.3827
vn -0.0000 -0.7071 0.7071
vn -0.0000 -0.3827 0.9239
vn -0.0000 -0.0000 1.0000
vn -0.0000 0.3827 0.9239
vn -0.0000 0.7071 0.7071
vn -0.0000 0.9239 0.3827
vn -0.0000 1.0000 -0.0000
vn -0.0000 0.9239 -0.3827
vn -0.0000 0.7071 -0.7071
vn 0.6578 -0.6959 0.2882
vn 0.6578 -0.7532 -0.0000
vn 0.3569 -0.9342 -0.0000
vn 0.3569 -0.8630 0.3575
vn -0.0000 0.3827 -0.9239
vn -1.0000 -0.0000 -0.0000
vn 0.8454 -0.0000 -0.5341
vn 0.8454 -0.2044 -0.4934
vn 0.7623 -0.2477 -0.5980
vn 0.7623 -0.0000 -0.6473
vn 0.8454 -0.3776 -0.3776
vn 0.7623 -0.4577 -0.4577
vn 0.8454 -0.4934 -0.2044
vn 0.7623 -0.5980 -0.2477
vn 0.8454 -0.5341 -0.0000
vn 0.7623 -0.6473 -0.0000
vn 0.8454 -0.4934 0.2044
vn 0.7623 -0.5980 0.2477
vn 0.8454 -0.3776 0.3776
vn 0.7623 -0.4577 0.4577
vn 0.8454 -0.2044 0.4934
vn 0.7623 -0.2477 0.5980
vn 0.8454 -0.0000 0.5341
vn 0.7623 -0.0000 0.6473
vn 0.8454 0.2044 0.4934
vn 0.7623 0.2477 0.5980
vn 0.8454 0.3776 0.3776
vn 0.7623 0.4577 0.4577
vn 0.8454 0.4934 0.2044
vn 0.7623 0.5980 0.2477
vn 0.8454 0.5341 -0.0000
vn 0.7623 0.6473 -0.0000
vn 0.8454 0.4934 -0.2044
vn 0.7623 0.5980 -0.2477
vn 0.8454 0.3776 -0.3776
vn 0.7623 0.4577 -0.4577
vn 0.8454 0.2044 -0.4934
vn 0.7623 0.2477 -0.5980
vn 0.8504 -0.2013 0.4861
vn 0.8504 -0.0000 0.5261
vn 0.9983 -0.0000 -0.0583
vn 0.9983 0.0223 -0.0539
vn 0.8504 -0.3720 0.3720
vn 0.9983 0.0412 -0.0412
vn 0.8504 -0.4861 0.2013
vn 0.9983 0.0539 -0.0223
vn 0.8504 -0.5261 -0.0000
vn 0.9983 0.0583 -0.0000
vn 0.8504 -0.4861 -0.2013
vn 0.9983 0.0539 0.0223
vn 0.8504 -0.3720 -0.3720
vn 0.9983 0.0412 0.0412
vn 0.8504 -0.2013 -0.4861
vn 0.9983 0.0223 0.0539
vn 0.8504 -0.0000 -0.5261
vn 0.9983 -0.0000 0.0583
vn 0.8504 0.2013 -0.4861
vn 0.9983 -0.0223 0.0539
vn 0.8504 0.3720 -0.3720
vn 0.9983 -0.0412 0.0412
vn 0.8504 0.4861 -0.2013
vn 0.9983 -0.0539 0.0223
vn 0.8504 0.5261 -0.0000
vn 0.9983 -0.0583 -0.0000
vn 0.8504 0.4861 0.2013
vn 0.9983 -0.0539 -0.0223
vn 0.8504 0.3720 0.3720
vn 0.9983 -0.0412 -0.0412
vn 0.8504 0.2013 0.4861
vn 0.9983 -0.0223 -0.0539
vn 0.8508 -0.0000 -0.5255
vn 0.8508 -0.2011 -0.4855
vn 0.8508 -0.3716 -0.3716
vn 0.8508 -0.4855 -0.2011
vn 0.8508 -0.5255 -0.0000
vn 0.8508 -0.4855 0.2011
vn 0.8508 -0.3716 0.3716
vn 0.8508 -0.2011 0.4855
vn 0.8508 -0.0000 0.5255
vn 0.8508 0.2011 0.4855
vn 0.8508 0.3716 0.3716
vn 0.8508 0.4855 0.2011
vn 0.8508 0.5255 -0.0000
vn 0.8508 0.4855 -0.2011
vn 0.8508 0.3716 -0.3716
vn 0.8508 0.2011 -0.4855
vn 1.0000 -0.0000 -0.0000
vn 0.6578 0.5326 -0.5326
vn 0.6578 0.6959 -0.2882
vn 0.3569 0.8630 -0.3575
vn 0.3569 0.6605 -0.6605
vn 0.6578 -0.5326 0.5326
vn 0.3569 -0.6605 0.6605
vn 0.6578 0.2882 -0.6959
vn 0.3569 0.3575 -0.8630
vn 0.6578 -0.2882 0.6959
vn 0.3569 -0.3575 0.8630
vn 0.6578 -0.0000 -0.7532
vn 0.3569 -0.0000 -0.9342
vn 0.6578 0.2882 0.6959
vn 0.6578 -0.0000 0.7532
vn 0.3569 -0.0000 0.9342
vn 0.3569 0.3575 0.8630
vn 0.6578 -0.2882 -0.6959
vn 0.3569 -0.3575 -0.8630
vn 0.6578 0.5326 0.5326
vn 0.3569 0.6605 0.6605
vn 0.6578 -0.5326 -0.5326
vn 0.3569 -0.6605 -0.6605
vn 0.6578 0.6959 0.2882
vn 0.3569 0.8630 0.3575
vn 0.6578 -0.6959 -0.2882
vn 0.3569 -0.8630 -0.3575
vn 0.6578 0.7532 -0.0000
vn 0.3569 0.9342 -0.0000
vn 0.8791 0.0005 -0.4766
vn 0.8791 -0.1829 -0.4401
vn 0.6995 -0.2733 -0.6603
vn 0.6995 -0.0002 -0.7146
vn 0.8791 -0.4401 -0.1829
vn 0.8791 -0.4766 0.0005
vn 0.6995 -0.7146 -0.0002
vn 0.6995 -0.6603 -0.2733
vn 0.8791 -0.3374 0.3366
vn 0.8791 -0.1819 0.4405
vn 0.6995 -0.2736 0.6602
vn 0.6995 -0.5052 0.5055
vn 0.8791 0.1819 0.4405
vn 0.8791 0.3374 0.3366
vn 0.6995 0.5052 0.5055
vn 0.6995 0.2736 0.6602
vn 0.8791 0.4766 0.0005
vn 0.8796 0.4394 -0.1820
vn 0.7011 0.6588 -0.2729
vn 0.6995 0.7146 -0.0002
vn 0.8791 0.3366 -0.3374
vn 0.6995 0.5055 -0.5052
vn 0.9994 -0.0000 0.0352
vn 0.9994 0.0135 0.0325
vn 0.9994 0.0249 0.0249
vn 0.8774 -0.3392 -0.3392
vn 0.9994 0.0325 0.0135
vn 0.9994 0.0352 -0.0000
vn 0.9994 0.0325 -0.0135
vn 0.8774 -0.4432 0.1836
vn 0.9994 0.0249 -0.0249
vn 0.9994 0.0135 -0.0325
vn 0.9994 -0.0000 -0.0352
vn 0.8774 -0.0000 0.4797
vn 0.9994 -0.0135 -0.0325
vn 0.9994 -0.0249 -0.0249
vn 0.9994 -0.0325 -0.0135
vn 0.8774 0.4432 0.1836
vn 0.9994 -0.0352 -0.0000
vn 0.9994 -0.0325 0.0135
vn 0.9994 -0.0249 0.0249
vn 0.9994 -0.0135 0.0325
vn 0.8774 0.1836 -0.4432
vn 0.9708 -0.0919 0.2218
vn 0.9708 -0.0000 0.2400
vn 0.9708 -0.1697 0.1697
vn 0.9708 -0.2218 0.0919
vn 0.9708 -0.2400 -0.0000
vn 0.9708 -0.2218 -0.0919
vn 0.9708 -0.1697 -0.1697
vn 0.9708 -0.0919 -0.2218
vn 0.9708 -0.0000 -0.2400
vn 0.9708 0.0919 -0.2218
vn 0.9708 0.1697 -0.1697
vn 0.9708 0.2218 -0.0919
vn 0.9708 0.2400 -0.0000
vn 0.9708 0.2218 0.0919
vn 0.9708 0.1697 0.1697
vn 0.9708 0.0919 0.2218
vn 0.6351 -0.0000 0.7724
vn 0.6351 0.2956 0.7136
vn 0.6351 0.5462 0.5462
vn 0.6351 0.7136 0.2956
vn 0.6351 0.7724 -0.0000
vn 0.6351 0.7136 -0.2956
vn 0.6351 0.5462 -0.5462
vn 0.6351 0.2956 -0.7136
vn 0.6351 -0.0000 -0.7724
vn 0.6351 -0.2956 -0.7136
vn 0.6351 -0.5462 -0.5462
vn 0.6351 -0.7136 -0.2956
vn 0.6351 -0.7724 -0.0000
vn 0.6351 -0.7136 0.2956
vn 0.6351 -0.5462 0.5462
vn 0.6351 -0.2956 0.7136
vn 0.6910 -0.4008 -0.6016
vn 0.6950 -0.5084 -0.5084
vn 0.6910 -0.6016 -0.4008
vn 0.6910 -0.7092 0.1401
vn 0.6950 -0.6643 0.2751
vn 0.6910 -0.6005 0.4024
vn 0.6910 -0.1420 0.7088
vn 0.6950 -0.0000 0.7190
vn 0.6910 0.1420 0.7088
vn 0.6910 0.6005 0.4024
vn 0.6950 0.6643 0.2751
vn 0.6910 0.7092 0.1401
vn 0.6910 0.4024 -0.6005
vn 0.6950 0.2751 -0.6643
vn 0.6910 0.1401 -0.7092
vn 0.6948 -0.5086 -0.5085
vn 0.6911 -0.4026 -0.6003
vn 0.6911 -0.6003 -0.4026
vn 0.6948 -0.6645 0.2752
vn 0.6911 -0.7086 0.1422
vn 0.6911 -0.6016 0.4005
vn 0.6948 -0.0000 0.7192
vn 0.6911 -0.1398 0.7091
vn 0.6911 0.1398 0.7091
vn 0.6948 0.6645 0.2752
vn 0.6911 0.6016 0.4005
vn 0.6911 0.7086 0.1422
vn 0.6948 0.2752 -0.6645
vn 0.6911 0.4005 -0.6016
vn 0.6911 0.1422 -0.7086
vn 0.8130 -0.2599 -0.5210
vn 0.9822 0.1736 -0.0719
vn 0.9730 -0.2131 0.0883
vn 0.7165 -0.5852 -0.3796
vn -0.9287 0.3434 0.1402
vn -0.5534 0.1776 0.8137
vn -0.1708 0.6851 0.7082
vn -0.3697 0.8574 0.3580
vn 0.9835 -0.0010 -0.1807
vn 0.8115 0.5843 0.0041
vn 0.6945 0.6086 0.3838
vn 0.9721 0.0009 0.2346
vn -0.5534 -0.4498 -0.7010
vn -0.9287 0.1437 -0.3420
vn -0.3697 0.3531 -0.8594
vn -0.1708 -0.0163 -0.9852
vn 0.8183 -0.5706 0.0701
vn 0.7271 -0.5536 0.4061
vn -0.6149 0.7765 -0.1379
vn -0.1727 0.7294 -0.6619
vn 0.9855 -0.1568 -0.0642
vn 0.8161 0.2296 -0.5303
vn 0.6904 0.5916 -0.4164
vn 0.9705 0.2229 0.0917
vn 0.8161 0.5374 0.2126
vn 0.6904 0.7127 -0.1239
vn 0.8206 -0.1655 0.5470
vn 0.7143 0.1548 0.6825
vn 0.8183 -0.4530 0.3539
vn -0.5219 -0.8448 0.1181
vn -0.1578 -0.9124 -0.3776
vn 0.7271 -0.6786 0.1043
vn 0.9855 -0.0655 0.1563
vn 0.8206 -0.5038 -0.2698
vn 0.7143 -0.3731 -0.5920
vn 0.9705 0.0928 -0.2224
vn -0.6083 0.1496 -0.7795
vn 0.8115 0.4103 -0.4161
vn 0.6945 0.1589 -0.7017
vn -0.1605 -0.3366 -0.9279
vn 0.8130 0.1846 0.5522
vn -0.5535 -0.2046 0.8073
vn -0.1508 -0.6880 0.7099
vn 0.7165 -0.1454 0.6822
vn -0.9178 -0.2788 -0.2828
vn -0.3505 -0.6650 -0.6595
vn -0.5535 -0.7155 -0.4261
vn -0.1508 -0.9884 -0.0155
vn -0.6083 0.6570 0.4454
vn -0.1605 0.4181 0.8941
vn -0.9105 -0.3821 0.1583
vn -0.3386 -0.8693 0.3601
vn -0.5219 -0.6809 0.5139
vn -0.1578 -0.3782 0.9122
vn 0.9835 0.1271 0.1285
vn 0.9721 -0.1652 -0.1665
vn -0.6149 0.6465 -0.4515
vn -0.1727 0.9838 -0.0477
vn -0.9178 0.0028 0.3971
vn -0.3505 -0.0038 0.9366
vn 0.7055 -0.0000 0.7087
vn 0.7055 0.2712 0.6547
vn 0.7055 0.5011 0.5011
vn 0.7055 0.6547 0.2712
vn 0.7055 0.7087 -0.0000
vn 0.7055 0.6547 -0.2712
vn 0.7055 0.5011 -0.5011
vn 0.7055 0.2712 -0.6547
vn 0.7055 -0.0000 -0.7087
vn 0.7055 -0.2712 -0.6547
vn 0.7055 -0.5011 -0.5011
vn 0.7055 -0.6547 -0.2712
vn 0.7055 -0.7087 -0.0000
vn 0.7055 -0.6547 0.2712
vn 0.7055 -0.5011 0.5011
vn 0.7055 -0.2712 0.6547
vt 1.000000 0.500000
vt 1.000000 1.000000
vt 0.937500 1.000000
vt 0.937500 0.500000
vt 0.875000 1.000000
vt 0.875000 0.500000
vt 0.812500 1.000000
vt 0.812500 0.500000
vt 0.750000 1.000000
vt 0.750000 0.500000
vt 0.687500 1.000000
vt 0.687500 0.500000
vt 0.625000 1.000000
vt 0.625000 0.500000
vt 0.562500 1.000000
vt 0.562500 0.500000
vt 0.500000 1.000000
vt 0.500000 0.500000
vt 0.437500 1.000000
vt 0.437500 0.500000
vt 0.375000 1.000000
vt 0.375000 0.500000
vt 0.312500 1.000000
vt 0.312500 0.500000
vt 0.250000 1.000000
vt 0.250000 0.500000
vt 0.187500 1.000000
vt 0.187500 0.500000
vt 0.125000 1.000000
vt 0.125000 0.500000
vt 0.114757 0.306019
vt 0.103614 0.250000
vt 0.062500 1.000000
vt 0.062500 0.500000
vt 0.000000 1.000000
vt 0.000000 0.500000
vt 0.750000 0.490000
vt 0.841844 0.471731
vt 0.919706 0.419705
vt 0.971731 0.341844
vt 0.990000 0.250000
vt 0.971731 0.158156
vt 0.919706 0.080294
vt 0.841844 0.028269
vt 0.750000 0.010000
vt 0.658156 0.028269
vt 0.580294 0.080294
vt 0.528269 0.158156
vt 0.510000 0.250000
vt 0.528269 0.341844
vt 0.580294 0.419706
vt 0.658156 0.471731
vt 0.250000 0.468947
vt 0.333788 0.452281
vt 0.341844 0.471731
vt 0.250000 0.490000
vt 0.404819 0.404819
vt 0.419706 0.419705
vt 0.452281 0.333787
vt 0.471731 0.341844
vt 0.468947 0.250000
vt 0.490000 0.250000
vt 0.452281 0.166212
vt 0.471731 0.158156
vt 0.404819 0.095181
vt 0.419706 0.080294
vt 0.333787 0.047719
vt 0.341844 0.028269
vt 0.250000 0.031053
vt 0.250000 0.010000
vt 0.166213 0.047719
vt 0.158156 0.028269
vt 0.095181 0.095181
vt 0.080294 0.080294
vt 0.047719 0.166212
vt 0.028269 0.158156
vt 0.031053 0.250000
vt 0.010000 0.250000
vt 0.047719 0.333787
vt 0.028269 0.341844
vt 0.095181 0.404819
vt 0.080294 0.419706
vt 0.166213 0.452281
vt 0.158156 0.471731
vt 0.182326 0.413380
vt 0.250000 0.426841
vt 0.250000 0.447894
vt 0.174269 0.432831
vt 0.124954 0.375046
vt 0.110068 0.389932
vt 0.086620 0.317674
vt 0.067169 0.325731
vt 0.073158 0.250000
vt 0.052106 0.250000
vt 0.086620 0.182325
vt 0.067169 0.174269
vt 0.124954 0.124954
vt 0.110068 0.110067
vt 0.182326 0.086619
vt 0.174269 0.067169
vt 0.250000 0.073158
vt 0.250000 0.052106
vt 0.317674 0.086620
vt 0.325731 0.067169
vt 0.375046 0.124954
vt 0.389933 0.110067
vt 0.413380 0.182325
vt 0.432831 0.174269
vt 0.426842 0.250000
vt 0.447894 0.250000
vt 0.413380 0.317674
vt 0.432831 0.325731
vt 0.375046 0.375046
vt 0.389932 0.389932
vt 0.317674 0.413380
vt 0.325731 0.432831
vt 0.250000 0.401087
vt 0.307819 0.389586
vt 0.309618 0.393930
vt 0.250000 0.405789
vt 0.356835 0.356835
vt 0.360159 0.360159
vt 0.389586 0.307818
vt 0.393930 0.309618
vt 0.401087 0.250000
vt 0.405789 0.250000
vt 0.389586 0.192181
vt 0.393930 0.190382
vt 0.356835 0.143165
vt 0.360159 0.139841
vt 0.307819 0.110413
vt 0.309618 0.106070
vt 0.250000 0.098913
vt 0.250000 0.094211
vt 0.192181 0.110413
vt 0.190382 0.106070
vt 0.143165 0.143165
vt 0.139841 0.139841
vt 0.110413 0.192181
vt 0.106070 0.190382
vt 0.098913 0.250000
vt 0.094211 0.250000
vt 0.110413 0.307818
vt 0.106070 0.309618
vt 0.143165 0.356835
vt 0.139841 0.360159
vt 0.192181 0.389586
vt 0.190382 0.393930
vt 0.267085 0.291248
vt 0.250000 0.294646
vt 0.232915 0.291248
vt 0.218430 0.281570
vt 0.208752 0.267085
vt 0.205354 0.250000
vt 0.208752 0.232914
vt 0.218430 0.218430
vt 0.232915 0.208752
vt 0.250000 0.205354
vt 0.267085 0.208752
vt 0.281570 0.218430
vt 0.291248 0.232914
vt 0.294646 0.250000
vt 0.291248 0.267085
vt 0.281569 0.281570
vt 0.353510 0.146490
vt 0.385243 0.193980
vt 0.146490 0.353510
vt 0.306019 0.114757
vt 0.193981 0.385243
vt 0.250000 0.103614
vt 0.306019 0.385243
vt 0.250000 0.396386
vt 0.193981 0.114757
vt 0.353510 0.353510
vt 0.146490 0.146489
vt 0.385243 0.306019
vt 0.114757 0.193980
vt 0.396386 0.250000
vt 0.250000 0.358758
vt 0.291620 0.350480
vt 0.350480 0.291620
vt 0.358758 0.250000
vt 0.326904 0.173096
vt 0.291620 0.149520
vt 0.208380 0.149520
vt 0.173096 0.173096
vt 0.141242 0.250000
vt 0.149520 0.291620
vt 0.173096 0.326904
vt 0.250000 0.326702
vt 0.279353 0.320864
vt 0.304237 0.304237
vt 0.326904 0.326904
vt 0.320864 0.279352
vt 0.326702 0.250000
vt 0.320864 0.220647
vt 0.350480 0.208380
vt 0.304237 0.195763
vt 0.279353 0.179136
vt 0.250000 0.173298
vt 0.250000 0.141242
vt 0.220647 0.179136
vt 0.195763 0.195763
vt 0.179136 0.220647
vt 0.149520 0.208380
vt 0.173298 0.250000
vt 0.179136 0.279353
vt 0.195763 0.304237
vt 0.220647 0.320864
vt 0.208380 0.350480
vt 0.226781 0.306056
vt 0.250000 0.310674
vt 0.207097 0.292903
vt 0.193944 0.273219
vt 0.189326 0.250000
vt 0.193944 0.226781
vt 0.207097 0.207097
vt 0.226781 0.193944
vt 0.250000 0.189326
vt 0.273219 0.193944
vt 0.292903 0.207097
vt 0.306056 0.226781
vt 0.310674 0.250000
vt 0.306056 0.273219
vt 0.292903 0.292903
vt 0.273219 0.306056
vt 0.311699 0.373108
vt 0.348495 0.348534
vt 0.373108 0.311699
vt 0.387348 0.240109
vt 0.378726 0.196709
vt 0.354114 0.159874
vt 0.293423 0.119322
vt 0.250027 0.110679
vt 0.206577 0.119322
vt 0.145886 0.159874
vt 0.121295 0.196659
vt 0.112652 0.240109
vt 0.159874 0.354114
vt 0.196659 0.378705
vt 0.240109 0.387348
vt 0.331919 0.331880
vt 0.302711 0.351409
vt 0.351409 0.302711
vt 0.356996 0.205651
vt 0.363861 0.240109
vt 0.337506 0.176482
vt 0.249973 0.134177
vt 0.284435 0.141021
vt 0.215565 0.141021
vt 0.142983 0.205701
vt 0.162494 0.176482
vt 0.136139 0.240109
vt 0.205701 0.357017
vt 0.176482 0.337506
vt 0.240109 0.363861
s 1
usemtl Material.001
f 2079/1434/2260 2077/1435/2261 2239/1435/2262 2177/1434/2263
f 2148/1520/2330 2149/1521/2331 2116/1522/2331 2117/1523/2330
f 2149/1521/2331 2150/1524/2332 2118/1525/2332 2116/1522/2331
f 2150/1524/2332 2151/1526/2333 2119/1527/2333 2118/1525/2332
f 2151/1526/2333 2152/1528/2334 2120/1529/2334 2119/1527/2333
f 2152/1528/2334 2153/1530/2335 2121/1531/2335 2120/1529/2334
f 2153/1530/2335 2154/1532/2336 2122/1533/2336 2121/1531/2335
f 2154/1532/2336 2155/1534/2337 2123/1535/2337 2122/1533/2336
f 2155/1534/2337 2156/1536/2338 2124/1537/2338 2123/1535/2337
f 2156/1536/2338 2157/1538/2339 2125/1539/2339 2124/1537/2338
f 2157/1538/2339 2158/1540/2340 2126/1541/2340 2125/1539/2339
f 2158/1540/2340 2159/1542/2341 2127/1543/2341 2126/1541/2340
f 2159/1542/2341 2160/1544/2342 2128/1545/2342 2127/1543/2341
f 2160/1544/2342 2161/1546/2343 2129/1547/2343 2128/1545/2342
f 2161/1546/2343 2162/1548/2344 2130/1549/2344 2129/1547/2343
f 2162/1548/2344 2163/1550/2345 2131/1551/2345 2130/1549/2344
f 2163/1550/2345 2148/1520/2330 2117/1523/2330 2131/1551/2345
f 2132/1552/2346 2133/1553/2346 2147/1554/2346 2146/1555/2346 2145/1556/2346 2144/1557/2346 2143/1558/2346 2142/1559/2346 2141/1560/2346 2140/1561/2346 2139/1562/2346 2138/1563/2346 2137/1564/2346 2136/1565/2346 2135/1566/2346 2134/1567/2346
f 2065/1568/2347 2063/1569/2348 2231/1569/2349 2233/1568/2350
f 2081/1570/2351 2079/1434/2260 2177/1434/2263 2241/1570/2352
f 2067/1571/2353 2065/1568/2347 2233/1568/2350 2235/1571/2354
f 2083/1572/2355 2081/1570/2351 2241/1570/2352 2240/1572/2356
f 2069/1573/2357 2067/1571/2353 2235/1571/2354 2234/1573/2358
f 2055/1574/2359 2053/1575/2360 2242/1575/2361 2229/1574/2362
f 2053/1575/2360 2083/1572/2355 2240/1572/2356 2242/1575/2361
f 2071/1576/2363 2069/1573/2357 2234/1573/2358 2236/1576/2364
f 2057/1577/2365 2055/1574/2359 2229/1574/2362 2228/1577/2366
f 2073/1578/2367 2071/1576/2363 2236/1576/2364 2238/1578/2368
f 2059/1579/2369 2057/1577/2365 2228/1577/2366 2230/1579/2370
f 2075/1580/2371 2073/1578/2367 2238/1578/2368 2237/1580/2372
f 2061/1581/2373 2059/1579/2369 2230/1579/2370 2232/1581/2374
f 2077/1435/2261 2075/1580/2371 2237/1580/2372 2239/1435/2262
f 2063/1569/2348 2061/1581/2373 2232/1581/2374 2231/1569/2349
f 2083/1572/2355 2053/1575/2360 2148/1520/2338 2163/1550/2337
f 2081/1570/2351 2083/1572/2355 2163/1550/2337 2162/1548/2336
f 2079/1434/2260 2081/1570/2351 2162/1548/2336 2161/1546/2335
f 2077/1435/2261 2079/1434/2260 2161/1546/2335 2160/1544/2334
f 2075/1580/2371 2077/1435/2261 2160/1544/2334 2159/1542/2333
f 2073/1578/2367 2075/1580/2371 2159/1542/2333 2158/1540/2332
f 2071/1576/2363 2073/1578/2367 2158/1540/2332 2157/1538/2331
f 2069/1573/2357 2071/1576/2363 2157/1538/2331 2156/1536/2330
f 2067/1571/2353 2069/1573/2357 2156/1536/2330 2155/1534/2345
f 2065/1568/2347 2067/1571/2353 2155/1534/2345 2154/1532/2344
f 2063/1569/2348 2065/1568/2347 2154/1532/2344 2153/1530/2343
f 2061/1581/2373 2063/1569/2348 2153/1530/2343 2152/1528/2342
f 2059/1579/2369 2061/1581/2373 2152/1528/2342 2151/1526/2341
f 2057/1577/2365 2059/1579/2369 2151/1526/2341 2150/1524/2340
f 2055/1574/2359 2057/1577/2365 2150/1524/2340 2149/1521/2339
f 2053/1575/2360 2055/1574/2359 2149/1521/2339 2148/1520/2338
f 2257/1582/2375 2244/1583/2376 2229/1574/2377 2242/1575/2378
f 2245/1584/2379 2247/1585/2380 2232/1581/2381 2230/1579/2382
f 2248/1586/2383 2250/1587/2384 2235/1571/2385 2233/1568/2386
f 2251/1588/2387 2253/1589/2388 2238/1578/2389 2236/1576/2390
f 2254/1590/2391 2193/1591/2392 2177/1434/2393 2239/1435/2394
f 2193/1591/2392 2256/1592/2395 2241/1570/2396 2177/1434/2393
f 2196/1593/2397 2197/1594/2398 2244/1583/2376 2257/1582/2375
f 2197/1594/2398 2198/1595/2399 2243/1596/2400 2244/1583/2376
f 2198/1595/2399 2199/1597/2401 2245/1584/2379 2243/1596/2400
f 2199/1597/2401 2200/1598/2402 2247/1585/2380 2245/1584/2379
f 2200/1598/2402 2201/1599/2403 2246/1600/2404 2247/1585/2380
f 2201/1599/2403 2202/1601/2405 2248/1586/2383 2246/1600/2404
f 2202/1601/2405 2203/1602/2406 2250/1587/2384 2248/1586/2383
f 2203/1602/2406 2204/1603/2407 2249/1604/2408 2250/1587/2384
f 2204/1603/2407 2205/1605/2409 2251/1588/2387 2249/1604/2408
f 2205/1605/2409 2206/1606/2410 2253/1589/2388 2251/1588/2387
f 2206/1606/2410 2207/1607/2411 2252/1608/2412 2253/1589/2388
f 2207/1607/2411 2208/1609/2413 2254/1590/2391 2252/1608/2412
f 2208/1609/2413 2209/1610/2414 2193/1591/2392 2254/1590/2391
f 2209/1610/2414 2210/1611/2415 2256/1592/2395 2193/1591/2392
f 2210/1611/2415 2211/1612/2416 2255/1613/2417 2256/1592/2395
f 2211/1612/2416 2196/1593/2397 2257/1582/2375 2255/1613/2417
f 2227/1614/2418 2212/1615/2419 2196/1593/2397 2211/1612/2416
f 2226/1616/2420 2227/1614/2418 2211/1612/2416 2210/1611/2415
f 2225/1617/2421 2226/1616/2420 2210/1611/2415 2209/1610/2414
f 2224/1618/2422 2225/1617/2421 2209/1610/2414 2208/1609/2413
f 2223/1619/2423 2224/1618/2422 2208/1609/2413 2207/1607/2411
f 2222/1620/2424 2223/1619/2423 2207/1607/2411 2206/1606/2410
f 2221/1621/2425 2222/1620/2424 2206/1606/2410 2205/1605/2409
f 2220/1622/2426 2221/1621/2425 2205/1605/2409 2204/1603/2407
f 2219/1623/2427 2220/1622/2426 2204/1603/2407 2203/1602/2406
f 2218/1624/2428 2219/1623/2427 2203/1602/2406 2202/1601/2405
f 2217/1625/2429 2218/1624/2428 2202/1601/2405 2201/1599/2403
f 2216/1626/2430 2217/1625/2429 2201/1599/2403 2200/1598/2402
f 2215/1627/2431 2216/1626/2430 2200/1598/2402 2199/1597/2401
f 2214/1628/2432 2215/1627/2431 2199/1597/2401 2198/1595/2399
f 2213/1629/2433 2214/1628/2432 2198/1595/2399 2197/1594/2398
f 2212/1615/2419 2213/1629/2433 2197/1594/2398 2196/1593/2397
f 2133/1553/2434 2132/1552/2435 2213/1629/2435 2212/1615/2434
f 2132/1552/2435 2134/1567/2436 2214/1628/2436 2213/1629/2435
f 2134/1567/2436 2135/1566/2437 2215/1627/2437 2214/1628/2436
f 2135/1566/2437 2136/1565/2438 2216/1626/2438 2215/1627/2437
f 2136/1565/2438 2137/1564/2439 2217/1625/2439 2216/1626/2438
f 2137/1564/2439 2138/1563/2440 2218/1624/2440 2217/1625/2439
f 2138/1563/2440 2139/1562/2441 2219/1623/2441 2218/1624/2440
f 2139/1562/2441 2140/1561/2442 2220/1622/2442 2219/1623/2441
f 2140/1561/2442 2141/1560/2443 2221/1621/2443 2220/1622/2442
f 2141/1560/2443 2142/1559/2444 2222/1620/2444 2221/1621/2443
f 2142/1559/2444 2143/1558/2445 2223/1619/2445 2222/1620/2444
f 2143/1558/2445 2144/1557/2446 2224/1618/2446 2223/1619/2445
f 2144/1557/2446 2145/1556/2447 2225/1617/2447 2224/1618/2446
f 2145/1556/2447 2146/1555/2448 2226/1616/2448 2225/1617/2447
f 2146/1555/2448 2147/1554/2449 2227/1614/2449 2226/1616/2448
f 2147/1554/2449 2133/1553/2434 2212/1615/2434 2227/1614/2449
f 2164/1630/2450 2166/1631/2451 2228/1577/2451 2229/1574/2377
f 2166/1631/2451 2167/1632/2452 2230/1579/2382 2228/1577/2451
f 2168/1633/2453 2169/1634/2454 2231/1569/2454 2232/1581/2381
f 2169/1634/2454 2170/1635/2455 2233/1568/2386 2231/1569/2454
f 2171/1636/2456 2172/1637/2457 2234/1573/2457 2235/1571/2385
f 2172/1637/2457 2173/1638/2458 2236/1576/2390 2234/1573/2457
f 2174/1639/2459 2175/1640/2460 2237/1580/2460 2238/1578/2389
f 2175/1640/2460 2176/1641/2461 2239/1435/2394 2237/1580/2460
f 2178/1642/2462 2179/1643/2463 2240/1572/2463 2241/1570/2396
f 2179/1643/2463 2165/1644/2464 2242/1575/2378 2240/1572/2463
f 2182/1645/2465 2180/1646/2466 2244/1583/2376 2243/1596/2400
f 2183/1647/2467 2182/1645/2465 2243/1596/2400 2245/1584/2379
f 2185/1648/2468 2184/1649/2469 2247/1585/2380 2246/1600/2404
f 2186/1650/2470 2185/1648/2468 2246/1600/2404 2248/1586/2383
f 2188/1651/2471 2187/1652/2472 2250/1587/2384 2249/1604/2408
f 2189/1653/2473 2188/1651/2471 2249/1604/2408 2251/1588/2387
f 2191/1654/2474 2190/1655/2475 2253/1589/2388 2252/1608/2412
f 2192/1656/2476 2191/1654/2474 2252/1608/2412 2254/1590/2391
f 2195/1657/2477 2194/1658/2478 2256/1592/2395 2255/1613/2417
f 2181/1659/2479 2195/1657/2477 2255/1613/2417 2257/1582/2375
f 2165/1644/2464 2181/1659/2479 2257/1582/2375 2242/1575/2378
f 2180/1646/2466 2164/1630/2450 2229/1574/2377 2244/1583/2376
f 2167/1632/2452 2183/1647/2467 2245/1584/2379 2230/1579/2382
f 2184/1649/2469 2168/1633/2453 2232/1581/2381 2247/1585/2380
f 2170/1635/2455 2186/1650/2470 2248/1586/2383 2233/1568/2386
f 2187/1652/2472 2171/1636/2456 2235/1571/2385 2250/1587/2384
f 2173/1638/2458 2189/1653/2473 2251/1588/2387 2236/1576/2390
f 2190/1655/2475 2174/1639/2459 2238/1578/2389 2253/1589/2388
f 2176/1641/2461 2192/1656/2476 2254/1590/2391 2239/1435/2394
f 2194/1658/2478 2178/1642/2462 2241/1570/2396 2256/1592/2395
f 2170/1635/2480 2169/1634/2481 2263/1634/2482 2264/1635/2483
f 2191/1654/2484 2192/1656/2485 2285/1656/2486 2284/1654/2487
f 2172/1637/2488 2171/1636/2489 2265/1636/2490 2266/1637/2491
f 2194/1658/2492 2195/1657/2493 2287/1657/2494 2286/1658/2495
f 2173/1638/2496 2172/1637/2488 2266/1637/2491 2267/1638/2497
f 2195/1657/2493 2181/1659/2498 2274/1659/2499 2287/1657/2494
f 2175/1640/2500 2174/1639/2501 2268/1639/2502 2269/1640/2503
f 2181/1659/2498 2165/1644/2504 2259/1644/2505 2274/1659/2499
f 2176/1641/2506 2175/1640/2500 2269/1640/2503 2270/1641/2507
f 2164/1630/2508 2180/1646/2509 2273/1646/2510 2258/1630/2511
f 2179/1643/2512 2178/1642/2513 2271/1642/2514 2272/1643/2515
f 2183/1647/2516 2167/1632/2517 2261/1632/2518 2276/1647/2519
f 2165/1644/2504 2179/1643/2512 2272/1643/2515 2259/1644/2505
f 2168/1633/2520 2184/1649/2521 2277/1649/2522 2262/1633/2523
f 2180/1646/2509 2182/1645/2524 2275/1645/2525 2273/1646/2510
f 2186/1650/2526 2170/1635/2480 2264/1635/2483 2279/1650/2527
f 2182/1645/2524 2183/1647/2516 2276/1647/2519 2275/1645/2525
f 2171/1636/2489 2187/1652/2528 2280/1652/2529 2265/1636/2490
f 2184/1649/2521 2185/1648/2530 2278/1648/2531 2277/1649/2522
f 2189/1653/2532 2173/1638/2496 2267/1638/2497 2282/1653/2533
f 2185/1648/2530 2186/1650/2526 2279/1650/2527 2278/1648/2531
f 2166/1631/2534 2164/1630/2508 2258/1630/2511 2260/1631/2535
f 2174/1639/2501 2190/1655/2536 2283/1655/2537 2268/1639/2502
f 2187/1652/2528 2188/1651/2538 2281/1651/2539 2280/1652/2529
f 2167/1632/2517 2166/1631/2534 2260/1631/2535 2261/1632/2518
f 2192/1656/2485 2176/1641/2506 2270/1641/2507 2285/1656/2486
f 2188/1651/2538 2189/1653/2532 2282/1653/2533 2281/1651/2539
f 2169/1634/2481 2168/1633/2520 2262/1633/2523 2263/1634/2482
f 2178/1642/2513 2194/1658/2492 2286/1658/2495 2271/1642/2514
f 2190/1655/2536 2191/1654/2484 2284/1654/2487 2283/1655/2537
usemtl Material.002
f 2052/1404/2245 2085/1405/2245 2084/1406/2246 2054/1407/2246
f 2054/1407/2246 2084/1406/2246 2086/1408/2247 2056/1409/2247
f 2056/1409/2247 2086/1408/2247 2087/1410/2248 2058/1411/2248
f 2058/1411/2248 2087/1410/2248 2088/1412/2249 2060/1413/2249
f 2060/1413/2249 2088/1412/2249 2089/1414/2250 2062/1415/2250
f 2062/1415/2250 2089/1414/2250 2090/1416/2251 2064/1417/2251
f 2064/1417/2251 2090/1416/2251 2091/1418/2252 2066/1419/2252
f 2066/1419/2252 2091/1418/2252 2092/1420/2253 2068/1421/2253
f 2068/1421/2253 2092/1420/2253 2093/1422/2254 2070/1423/2254
f 2070/1423/2254 2093/1422/2254 2094/1424/2255 2072/1425/2255
f 2072/1425/2255 2094/1424/2255 2095/1426/2256 2074/1427/2256
f 2074/1427/2256 2095/1426/2256 2096/1428/2257 2076/1429/2257
f 2076/1429/2257 2096/1428/2257 2097/1430/2258 2078/1431/2258
f 2078/1431/2258 2097/1430/2258 2098/1432/2259 2080/1433/2259
f 2080/1433/2259 2098/1432/2259 2099/1436/2264 2082/1437/2264
f 2082/1437/2264 2099/1436/2264 2085/1438/2245 2052/1439/2245
f 2052/1440/2265 2054/1441/2265 2056/1442/2265 2058/1443/2265 2060/1444/2265 2062/1445/2265 2064/1446/2265 2066/1447/2265 2068/1448/2265 2070/1449/2265 2072/1450/2265 2074/1451/2265 2076/1452/2265 2078/1453/2265 2080/1454/2265 2082/1455/2265
f 2319/1456/2266 2304/1457/2267 2084/1458/2268 2085/1459/2269
f 2304/1457/2267 2305/1460/2270 2086/1461/2271 2084/1458/2268
f 2305/1460/2270 2306/1462/2272 2087/1463/2273 2086/1461/2271
f 2306/1462/2272 2307/1464/2274 2088/1465/2275 2087/1463/2273
f 2307/1464/2274 2308/1466/2276 2089/1467/2277 2088/1465/2275
f 2308/1466/2276 2309/1468/2278 2090/1469/2279 2089/1467/2277
f 2309/1468/2278 2310/1470/2280 2091/1471/2281 2090/1469/2279
f 2310/1470/2280 2311/1472/2282 2092/1473/2283 2091/1471/2281
f 2311/1472/2282 2312/1474/2284 2093/1475/2285 2092/1473/2283
f 2312/1474/2284 2313/1476/2286 2094/1477/2287 2093/1475/2285
f 2313/1476/2286 2314/1478/2288 2095/1479/2289 2094/1477/2287
f 2314/1478/2288 2315/1480/2290 2096/1481/2291 2095/1479/2289
f 2315/1480/2290 2316/1482/2292 2097/1483/2293 2096/1481/2291
f 2316/1482/2292 2317/1484/2294 2098/1485/2295 2097/1483/2293
f 2317/1484/2294 2318/1486/2296 2099/1487/2297 2098/1485/2295
f 2318/1486/2296 2319/1456/2266 2085/1459/2269 2099/1487/2297
f 2303/1488/2298 2288/1489/2299 2100/1490/2300 2115/1491/2301
f 2302/1492/2302 2303/1488/2298 2115/1491/2301 2114/1493/2303
f 2301/1494/2304 2302/1492/2302 2114/1493/2303 2113/1495/2305
f 2300/1496/2306 2301/1494/2304 2113/1495/2305 2112/1497/2307
f 2299/1498/2308 2300/1496/2306 2112/1497/2307 2111/1499/2309
f 2298/1500/2310 2299/1498/2308 2111/1499/2309 2110/1501/2311
f 2297/1502/2312 2298/1500/2310 2110/1501/2311 2109/1503/2313
f 2296/1504/2314 2297/1502/2312 2109/1503/2313 2108/1505/2315
f 2295/1506/2316 2296/1504/2314 2108/1505/2315 2107/1507/2317
f 2294/1508/2318 2295/1506/2316 2107/1507/2317 2106/1509/2319
f 2293/1510/2320 2294/1508/2318 2106/1509/2319 2105/1511/2321
f 2292/1512/2322 2293/1510/2320 2105/1511/2321 2104/1513/2323
f 2291/1514/2324 2292/1512/2322 2104/1513/2323 2103/1515/2325
f 2290/1516/2326 2291/1514/2324 2103/1515/2325 2102/1517/2327
f 2289/1518/2328 2290/1516/2326 2102/1517/2327 2101/1519/2329
f 2288/1489/2299 2289/1518/2328 2101/1519/2329 2100/1490/2300
f 2117/1523/2540 2116/1522/2541 2289/1518/2328 2288/1489/2299
f 2116/1522/2541 2118/1525/2542 2290/1516/2326 2289/1518/2328
f 2118/1525/2542 2119/1527/2543 2291/1514/2324 2290/1516/2326
f 2119/1527/2543 2120/1529/2544 2292/1512/2322 2291/1514/2324
f 2120/1529/2544 2121/1531/2545 2293/1510/2320 2292/1512/2322
f 2121/1531/2545 2122/1533/2546 2294/1508/2318 2293/1510/2320
f 2122/1533/2546 2123/1535/2547 2295/1506/2316 2294/1508/2318
f 2123/1535/2547 2124/1537/2548 2296/1504/2314 2295/1506/2316
f 2124/1537/2548 2125/1539/2549 2297/1502/2312 2296/1504/2314
f 2125/1539/2549 2126/1541/2550 2298/1500/2310 2297/1502/2312
f 2126/1541/2550 2127/1543/2551 2299/1498/2308 2298/1500/2310
f 2127/1543/2551 2128/1545/2552 2300/1496/2306 2299/1498/2308
f 2128/1545/2552 2129/1547/2553 2301/1494/2304 2300/1496/2306
f 2129/1547/2553 2130/1549/2554 2302/1492/2302 2301/1494/2304
f 2130/1549/2554 2131/1551/2555 2303/1488/2298 2302/1492/2302
f 2131/1551/2555 2117/1523/2540 2288/1489/2299 2303/1488/2298
f 2115/1491/2301 2100/1490/2300 2319/1456/2266 2318/1486/2296
f 2114/1493/2303 2115/1491/2301 2318/1486/2296 2317/1484/2294
f 2113/1495/2305 2114/1493/2303 2317/1484/2294 2316/1482/2292
f 2112/1497/2307 2113/1495/2305 2316/1482/2292 2315/1480/2290
f 2111/1499/2309 2112/1497/2307 2315/1480/2290 2314/1478/2288
f 2110/1501/2311 2111/1499/2309 2314/1478/2288 2313/1476/2286
f 2109/1503/2313 2110/1501/2311 2313/1476/2286 2312/1474/2284
f 2108/1505/2315 2109/1503/2313 2312/1474/2284 2311/1472/2282
f 2107/1507/2317 2108/1505/2315 2311/1472/2282 2310/1470/2280
f 2106/1509/2319 2107/1507/2317 2310/1470/2280 2309/1468/2278
f 2105/1511/2321 2106/1509/2319 2309/1468/2278 2308/1466/2276
f 2104/1513/2323 2105/1511/2321 2308/1466/2276 2307/1464/2274
f 2103/1515/2325 2104/1513/2323 2307/1464/2274 2306/1462/2272
f 2102/1517/2327 2103/1515/2325 2306/1462/2272 2305/1460/2270
f 2101/1519/2329 2102/1517/2327 2305/1460/2270 2304/1457/2267
f 2100/1490/2300 2101/1519/2329 2304/1457/2267 2319/1456/2266
usemtl Material.007
f 2258/1630/2511 2273/1646/2510 2275/1645/2525 2276/1647/2519 2261/1632/2518 2260/1631/2535
f 2262/1633/2523 2277/1649/2522 2278/1648/2531 2279/1650/2527 2264/1635/2483 2263/1634/2482
f 2265/1636/2490 2280/1652/2529 2281/1651/2539 2282/1653/2533 2267/1638/2497 2266/1637/2491
f 2268/1639/2502 2283/1655/2537 2284/1654/2487 2285/1656/2486 2270/1641/2507 2269/1640/2503
f 2271/1642/2514 2286/1658/2495 2287/1657/2494 2274/1659/2499 2259/1644/2505 2272/1643/2515
o Cube.004
v 1.704616 -0.619587 2.987113
v 2.294053 -0.619587 3.309543
v 1.704616 -0.935920 3.050035
v 2.294053 -0.812531 3.347921
v 1.704616 -1.204094 3.229223
v 2.294053 -0.976102 3.457216
v 1.704616 -1.383282 3.497397
v 2.294053 -1.085396 3.620786
v 1.704616 -1.446205 3.813730
v 2.294053 -1.123775 3.813730
v 1.704616 -1.383282 4.130063
v 2.294053 -1.085396 4.006675
v 1.704616 -1.204094 4.398236
v 2.294053 -0.976102 4.170244
v 1.704616 -0.935920 4.577425
v 2.294053 -0.812531 4.279539
v 1.704616 -0.619587 4.640347
v 2.294053 -0.619587 4.317918
v 1.704616 -0.303255 4.577425
v 2.294053 -0.426643 4.279539
v 1.704616 -0.035081 4.398237
v 2.294053 -0.263073 4.170245
v 1.704616 0.144108 4.130063
v 2.294053 -0.153778 4.006675
v 1.704616 0.207030 3.813730
v 2.294053 -0.115399 3.813730
v 1.704616 0.144108 3.497397
v 2.294053 -0.153778 3.620786
v 1.704616 -0.035081 3.229223
v 2.294053 -0.263073 3.457215
v 1.704616 -0.303255 3.050035
v 2.294053 -0.426643 3.347921
v 2.294053 -0.935920 3.050035
v 2.294053 -0.619587 2.987113
v 2.294053 -1.204094 3.229223
v 2.294053 -1.383282 3.497397
v 2.294053 -1.446205 3.813730
v 2.294053 -1.383282 4.130063
v 2.294053 -1.204094 4.398236
v 2.294053 -0.935920 4.577425
v 2.294053 -0.619587 4.640347
v 2.294053 -0.303255 4.577425
v 2.294053 -0.035081 4.398237
v 2.294053 0.144108 4.130063
v 2.294053 0.207030 3.813730
v 2.294053 0.144108 3.497397
v 2.294053 -0.035081 3.229223
v 2.294053 -0.303255 3.050035
v 2.352701 -0.619587 3.132134
v 2.352701 -0.880423 3.184018
v 2.352701 -1.101548 3.331769
v 2.352701 -1.249299 3.552895
v 2.352701 -1.301183 3.813730
v 2.352701 -1.249299 4.074565
v 2.352701 -1.101548 4.295691
v 2.352701 -0.880423 4.443442
v 2.352701 -0.619587 4.495326
v 2.352701 -0.358752 4.443443
v 2.352701 -0.137626 4.295691
v 2.352701 0.010125 4.074565
v 2.352701 0.062009 3.813730
v 2.352701 0.010125 3.552895
v 2.352701 -0.137626 3.331769
v 2.352701 -0.358752 3.184018
v 2.294053 -0.824925 3.318000
v 2.294053 -0.619587 3.277156
v 2.294053 -0.999002 3.434315
v 2.294053 -1.115317 3.608392
v 2.294053 -1.156161 3.813730
v 2.294053 -1.115317 4.019068
v 2.294053 -0.999002 4.193145
v 2.294053 -0.824925 4.309460
v 2.294053 -0.619587 4.350304
v 2.294053 -0.414249 4.309460
v 2.294053 -0.240172 4.193145
v 2.294053 -0.123857 4.019068
v 2.294053 -0.083013 3.813730
v 2.294053 -0.123857 3.608392
v 2.294053 -0.240172 3.434314
v 2.294053 -0.414249 3.318000
v 2.230649 -0.676232 3.676978
v 2.230649 -0.619587 3.665710
v 2.230649 -0.724252 3.709064
v 2.230649 -0.756340 3.757086
v 2.230649 -0.767607 3.813730
v 2.230649 -0.756339 3.870375
v 2.230649 -0.724253 3.918396
v 2.230649 -0.676232 3.950482
v 2.230649 -0.619587 3.961750
v 2.230649 -0.562943 3.950482
v 2.230649 -0.514922 3.918396
v 2.230649 -0.482835 3.870375
v 2.230649 -0.471568 3.813730
v 2.230649 -0.482835 3.757086
v 2.230649 -0.514922 3.709064
v 2.230649 -0.562942 3.676978
v 2.301355 -0.619587 3.293349
v 2.301355 -0.818728 3.332960
v 2.301355 -0.987552 3.445765
v 2.301355 -1.100356 3.614589
v 2.301355 -1.139968 3.813730
v 2.301355 -1.100356 4.012872
v 2.301355 -0.987552 4.181695
v 2.301355 -0.818728 4.294499
v 2.301355 -0.619587 4.334111
v 2.301355 -0.420446 4.294499
v 2.301355 -0.251623 4.181695
v 2.301355 -0.138818 4.012872
v 2.301355 -0.099206 3.813730
v 2.301355 -0.138818 3.614589
v 2.301355 -0.251623 3.445765
v 2.301355 -0.420446 3.332960
v 2.198122 -0.807410 3.438966
v 2.198122 -0.589477 3.395617
v 2.198421 -0.919778 3.513539
v 2.198122 -0.994350 3.625907
v 2.198122 -1.037700 3.843840
v 2.198421 -1.011806 3.976192
v 2.198122 -0.936529 4.088089
v 2.198122 -0.751774 4.211539
v 2.198421 -0.619587 4.238265
v 2.198122 -0.487400 4.211539
v 2.198122 -0.302646 4.088090
v 2.198421 -0.227368 3.976192
v 2.198122 -0.201474 3.843840
v 2.182140 -0.207883 3.643197
v 2.198122 -0.345228 3.496788
v 2.198421 -0.457125 3.421510
v 2.251213 -0.780049 3.505022
v 2.251212 -0.589477 3.467115
v 2.250914 -0.868610 3.564707
v 2.251213 -0.928295 3.653268
v 2.251213 -0.966202 3.843840
v 2.250914 -0.944951 3.948500
v 2.251213 -0.885972 4.037533
v 2.251213 -0.724413 4.145483
v 2.250914 -0.619587 4.165902
v 2.251213 -0.514762 4.145483
v 2.251213 -0.353203 4.037533
v 2.250914 -0.294223 3.948500
v 2.251213 -0.272972 3.843840
v 2.267195 -0.313708 3.687031
v 2.251212 -0.395785 3.547345
v 2.250914 -0.484817 3.488365
v 2.274304 -0.619587 3.559432
v 2.274304 -0.716902 3.578789
v 2.274304 -0.799402 3.633914
v 2.274304 -0.854528 3.716415
v 2.274304 -0.873885 3.813730
v 2.274304 -0.854527 3.911046
v 2.274304 -0.799403 3.993546
v 2.274304 -0.716902 4.048671
v 2.274304 -0.619587 4.068027
v 2.274304 -0.522272 4.048671
v 2.274304 -0.439772 3.993546
v 2.274304 -0.384647 3.911046
v 2.274304 -0.365289 3.813730
v 2.274304 -0.384647 3.716415
v 2.274304 -0.439772 3.633914
v 2.274304 -0.522272 3.578789
v 2.261364 -0.619587 3.631122
v 2.261364 -0.689468 3.645022
v 2.261364 -0.748710 3.684607
v 2.261364 -0.788295 3.743849
v 2.261364 -0.802195 3.813730
v 2.261364 -0.788295 3.883611
v 2.261364 -0.748711 3.942853
v 2.261364 -0.689468 3.982438
v 2.261364 -0.619587 3.996338
v 2.261364 -0.549706 3.982438
v 2.261364 -0.490464 3.942853
v 2.261364 -0.450879 3.883611
v 2.261364 -0.436979 3.813730
v 2.261364 -0.450879 3.743849
v 2.261364 -0.490464 3.684607
v 2.261364 -0.549706 3.645022
v 2.182140 -0.934692 3.498625
v 2.182140 -0.790121 3.402025
v 2.182140 -1.031292 3.643197
v 2.182140 -1.031292 3.984264
v 2.182140 -1.065213 3.813730
v 2.182140 -0.934692 4.128835
v 2.182140 -0.619587 4.259356
v 2.182140 -0.790121 4.225434
v 2.182140 -0.449054 4.225435
v 2.182140 -0.207883 3.984264
v 2.182140 -0.304482 4.128835
v 2.182140 -0.173961 3.813730
v 2.182140 -0.449054 3.402025
v 2.182140 -0.304482 3.498625
v 2.182140 -0.619587 3.368105
v 2.267195 -0.853696 3.579621
v 2.267195 -0.746286 3.507851
v 2.267195 -0.925466 3.687031
v 2.267195 -0.925466 3.940429
v 2.267195 -0.950668 3.813730
v 2.267195 -0.853697 4.047839
v 2.267195 -0.619587 4.144811
v 2.267195 -0.746286 4.119609
v 2.267195 -0.492888 4.119609
v 2.267195 -0.313709 3.940429
v 2.267195 -0.385478 4.047839
v 2.267195 -0.288506 3.813730
v 2.267195 -0.492888 3.507851
v 2.267195 -0.385478 3.579620
v 2.267195 -0.619587 3.482649
v 2.185740 -0.770791 3.525068
v 2.185740 -0.601625 3.491418
v 2.185972 -0.858015 3.582954
v 2.185740 -0.915900 3.670177
v 2.185740 -0.949550 3.839343
v 2.185972 -0.929450 3.942080
v 2.185740 -0.871017 4.028937
v 2.185740 -0.727605 4.124763
v 2.185972 -0.624998 4.145508
v 2.185740 -0.522390 4.124763
v 2.185740 -0.378978 4.028937
v 2.185972 -0.320545 3.942080
v 2.185740 -0.300446 3.839343
v 2.185740 -0.412032 3.569952
v 2.185972 -0.498890 3.511518
v 2.226951 -0.749553 3.576342
v 2.226951 -0.601625 3.546918
v 2.226719 -0.818297 3.622672
v 2.226951 -0.864626 3.691416
v 2.226951 -0.894050 3.839343
v 2.226719 -0.877555 3.920584
v 2.226951 -0.831774 3.989693
v 2.226951 -0.706366 4.073488
v 2.226719 -0.624998 4.089337
v 2.226951 -0.543629 4.073488
v 2.226951 -0.418222 3.989694
v 2.226719 -0.372440 3.920584
v 2.226951 -0.355945 3.839343
v 2.226951 -0.451275 3.609195
v 2.226719 -0.520385 3.563413
v 2.323377 -0.619587 3.237168
v 2.323377 -0.840228 3.281055
v 2.323377 -1.027278 3.406039
v 2.323377 -1.152261 3.593090
v 2.323377 -1.196149 3.813730
v 2.323377 -1.152261 4.034370
v 2.323377 -1.027278 4.221420
v 2.323377 -0.840228 4.346404
v 2.323377 -0.619587 4.390292
v 2.323377 -0.398947 4.346404
v 2.323377 -0.211896 4.221421
v 2.323377 -0.086913 4.034370
v 2.323377 -0.043025 3.813730
v 2.323377 -0.086913 3.593090
v 2.323377 -0.211896 3.406039
v 2.323377 -0.398947 3.281055
v 2.323377 -0.917818 3.093736
v 2.323377 -1.170646 3.262671
v 2.323377 -1.339581 3.515499
v 2.323377 -1.398903 3.813730
v 2.323377 -1.339581 4.111961
v 2.323377 -1.170646 4.364789
v 2.323377 -0.917818 4.533724
v 2.323377 -0.619587 4.593046
v 2.323377 -0.321356 4.533724
v 2.323377 -0.068528 4.364790
v 2.323377 0.100407 4.111961
v 2.323377 0.159728 3.813730
v 2.323377 0.100407 3.515499
v 2.323377 -0.068528 3.262671
v 2.323377 -0.321356 3.093736
v 2.323377 -0.619587 3.034414
vn -0.0000 -0.0000 -1.0000
vn -0.0000 -0.3827 -0.9239
vn -0.0000 -0.7071 -0.7071
vn -0.0000 -0.9239 -0.3827
vn -0.0000 -1.0000 -0.0000
vn -0.0000 -0.9239 0.3827
vn -0.0000 -0.7071 0.7071
vn -0.0000 -0.3827 0.9239
vn -0.0000 -0.0000 1.0000
vn -0.0000 0.3827 0.9239
vn -0.0000 0.7071 0.7071
vn -0.0000 0.9239 0.3827
vn -0.0000 1.0000 -0.0000
vn -0.0000 0.9239 -0.3827
vn -0.0000 0.7071 -0.7071
vn 0.7483 -0.6129 0.2539
vn 0.7483 -0.6634 -0.0000
vn 0.4636 -0.8860 -0.0000
vn 0.4636 -0.8186 0.3391
vn -0.0000 0.3827 -0.9239
vn -1.0000 -0.0000 -0.0000
vn 0.9056 -0.0000 -0.4242
vn 0.9056 -0.1623 -0.3919
vn 0.8499 -0.2016 -0.4868
vn 0.8499 -0.0000 -0.5269
vn 0.9056 -0.2999 -0.2999
vn 0.8499 -0.3726 -0.3726
vn 0.9056 -0.3919 -0.1623
vn 0.8499 -0.4868 -0.2016
vn 0.9056 -0.4242 -0.0000
vn 0.8499 -0.5269 -0.0000
vn 0.9056 -0.3919 0.1623
vn 0.8499 -0.4868 0.2016
vn 0.9056 -0.2999 0.2999
vn 0.8499 -0.3726 0.3726
vn 0.9056 -0.1623 0.3919
vn 0.8499 -0.2016 0.4868
vn 0.9056 -0.0000 0.4242
vn 0.8499 -0.0000 0.5269
vn 0.9056 0.1623 0.3919
vn 0.8499 0.2016 0.4868
vn 0.9056 0.2999 0.2999
vn 0.8499 0.3726 0.3726
vn 0.9056 0.3919 0.1623
vn 0.8499 0.4868 0.2016
vn 0.9056 0.4242 -0.0000
vn 0.8499 0.5269 -0.0000
vn 0.9056 0.3919 -0.1623
vn 0.8499 0.4868 -0.2016
vn 0.9056 0.2999 -0.2999
vn 0.8499 0.3726 -0.3726
vn 0.9056 0.1623 -0.3919
vn 0.8499 0.2016 -0.4868
vn 0.9081 -0.1603 0.3869
vn 0.9081 -0.0000 0.4188
vn 0.9990 -0.0000 -0.0443
vn 0.9990 0.0170 -0.0410
vn 0.9081 -0.2961 0.2961
vn 0.9990 0.0314 -0.0314
vn 0.9081 -0.3869 0.1603
vn 0.9990 0.0410 -0.0170
vn 0.9081 -0.4188 -0.0000
vn 0.9990 0.0443 -0.0000
vn 0.9081 -0.3869 -0.1603
vn 0.9990 0.0410 0.0170
vn 0.9081 -0.2961 -0.2961
vn 0.9990 0.0314 0.0314
vn 0.9081 -0.1603 -0.3869
vn 0.9990 0.0170 0.0410
vn 0.9081 -0.0000 -0.4188
vn 0.9990 -0.0000 0.0443
vn 0.9081 0.1603 -0.3869
vn 0.9990 -0.0170 0.0410
vn 0.9081 0.2961 -0.2961
vn 0.9990 -0.0314 0.0314
vn 0.9081 0.3869 -0.1603
vn 0.9990 -0.0410 0.0170
vn 0.9081 0.4188 -0.0000
vn 0.9990 -0.0443 -0.0000
vn 0.9081 0.3869 0.1603
vn 0.9990 -0.0410 -0.0170
vn 0.9081 0.2961 0.2961
vn 0.9990 -0.0314 -0.0314
vn 0.9081 0.1603 0.3869
vn 0.9990 -0.0170 -0.0410
vn 0.9116 -0.0000 -0.4111
vn 0.9116 -0.1573 -0.3798
vn 0.9116 -0.2907 -0.2907
vn 0.9116 -0.3798 -0.1573
vn 0.9116 -0.4111 -0.0000
vn 0.9116 -0.3798 0.1573
vn 0.9116 -0.2907 0.2907
vn 0.9116 -0.1573 0.3798
vn 0.9116 -0.0000 0.4111
vn 0.9116 0.1573 0.3798
vn 0.9116 0.2907 0.2907
vn 0.9116 0.3798 0.1573
vn 0.9116 0.4111 -0.0000
vn 0.9116 0.3798 -0.1573
vn 0.9116 0.2907 -0.2907
vn 0.9116 0.1573 -0.3798
vn 1.0000 -0.0000 -0.0000
vn 0.7483 0.4691 -0.4691
vn 0.7483 0.6129 -0.2539
vn 0.4636 0.8186 -0.3391
vn 0.4636 0.6265 -0.6265
vn 0.7483 -0.4691 0.4691
vn 0.4636 -0.6265 0.6265
vn 0.7483 0.2539 -0.6129
vn 0.4636 0.3391 -0.8186
vn 0.7483 -0.2539 0.6129
vn 0.4636 -0.3391 0.8186
vn 0.7483 -0.0000 -0.6634
vn 0.4636 -0.0000 -0.8860
vn 0.7483 0.2539 0.6129
vn 0.7483 -0.0000 0.6634
vn 0.4636 -0.0000 0.8860
vn 0.4636 0.3391 0.8186
vn 0.7483 -0.2539 -0.6129
vn 0.4636 -0.3391 -0.8186
vn 0.7483 0.4691 0.4691
vn 0.4636 0.6265 0.6265
vn 0.7483 -0.4691 -0.4691
vn 0.4636 -0.6265 -0.6265
vn 0.7483 0.6129 0.2539
vn 0.4636 0.8186 0.3391
vn 0.7483 -0.6129 -0.2539
vn 0.4636 -0.8186 -0.3391
vn 0.7483 0.6634 -0.0000
vn 0.4636 0.8860 -0.0000
vn 0.9221 0.0004 -0.3870
vn 0.9221 -0.1485 -0.3574
vn 0.8017 -0.2287 -0.5523
vn 0.8017 -0.0001 -0.5978
vn 0.9221 -0.3574 -0.1485
vn 0.9221 -0.3870 0.0004
vn 0.8017 -0.5978 -0.0001
vn 0.8017 -0.5523 -0.2287
vn 0.9221 -0.2740 0.2734
vn 0.9221 -0.1477 0.3577
vn 0.8017 -0.2288 0.5522
vn 0.8017 -0.4226 0.4227
vn 0.9221 0.1477 0.3577
vn 0.9221 0.2740 0.2734
vn 0.8017 0.4226 0.4227
vn 0.8017 0.2288 0.5522
vn 0.9221 0.3870 0.0004
vn 0.9224 0.3567 -0.1478
vn 0.8029 0.5508 -0.2281
vn 0.8017 0.5978 -0.0001
vn 0.9221 0.2734 -0.2740
vn 0.8017 0.4227 -0.4226
vn 0.9997 -0.0000 0.0262
vn 0.9997 0.0100 0.0242
vn 0.9997 0.0186 0.0186
vn 0.9207 -0.2760 -0.2760
vn 0.9997 0.0242 0.0100
vn 0.9997 0.0262 -0.0000
vn 0.9997 0.0242 -0.0100
vn 0.9207 -0.3606 0.1494
vn 0.9997 0.0186 -0.0186
vn 0.9997 0.0100 -0.0242
vn 0.9997 -0.0000 -0.0262
vn 0.9207 -0.0000 0.3903
vn 0.9997 -0.0100 -0.0242
vn 0.9997 -0.0186 -0.0186
vn 0.9997 -0.0242 -0.0100
vn 0.9207 0.3606 0.1494
vn 0.9997 -0.0262 -0.0000
vn 0.9997 -0.0242 0.0100
vn 0.9997 -0.0186 0.0186
vn 0.9997 -0.0100 0.0242
vn 0.9207 0.1494 -0.3606
vn 0.9841 -0.0680 0.1641
vn 0.9841 -0.0000 0.1776
vn 0.9841 -0.1256 0.1256
vn 0.9841 -0.1641 0.0680
vn 0.9841 -0.1776 -0.0000
vn 0.9841 -0.1641 -0.0680
vn 0.9841 -0.1256 -0.1256
vn 0.9841 -0.0680 -0.1641
vn 0.9841 -0.0000 -0.1776
vn 0.9841 0.0680 -0.1641
vn 0.9841 0.1256 -0.1256
vn 0.9841 0.1641 -0.0680
vn 0.9841 0.1776 -0.0000
vn 0.9841 0.1641 0.0680
vn 0.9841 0.1256 0.1256
vn 0.9841 0.0680 0.1641
vn 0.7477 -0.0000 0.6640
vn 0.7477 0.2541 0.6134
vn 0.7477 0.4695 0.4695
vn 0.7477 0.6134 0.2541
vn 0.7477 0.6640 -0.0000
vn 0.7477 0.6134 -0.2541
vn 0.7477 0.4695 -0.4695
vn 0.7477 0.2541 -0.6134
vn 0.7477 -0.0000 -0.6640
vn 0.7477 -0.2541 -0.6134
vn 0.7477 -0.4695 -0.4695
vn 0.7477 -0.6134 -0.2541
vn 0.7477 -0.6640 -0.0000
vn 0.7477 -0.6134 0.2541
vn 0.7477 -0.4695 0.4695
vn 0.7477 -0.2541 0.6134
vn 0.7947 -0.3366 -0.5052
vn 0.7980 -0.4262 -0.4262
vn 0.7947 -0.5052 -0.3366
vn 0.7947 -0.5955 0.1176
vn 0.7980 -0.5568 0.2306
vn 0.7947 -0.5043 0.3379
vn 0.7947 -0.1192 0.5952
vn 0.7980 -0.0000 0.6027
vn 0.7947 0.1192 0.5952
vn 0.7947 0.5043 0.3379
vn 0.7980 0.5568 0.2306
vn 0.7947 0.5955 0.1176
vn 0.7947 0.3379 -0.5043
vn 0.7980 0.2306 -0.5568
vn 0.7947 0.1176 -0.5955
vn 0.7978 -0.4263 -0.4263
vn 0.7947 -0.3381 -0.5041
vn 0.7947 -0.5041 -0.3381
vn 0.7978 -0.5570 0.2307
vn 0.7947 -0.5951 0.1195
vn 0.7947 -0.5053 0.3363
vn 0.7978 -0.0000 0.6029
vn 0.7947 -0.1173 0.5955
vn 0.7947 0.1173 0.5955
vn 0.7978 0.5570 0.2307
vn 0.7947 0.5053 0.3363
vn 0.7947 0.5951 0.1195
vn 0.7978 0.2307 -0.5570
vn 0.7947 0.3363 -0.5053
vn 0.7947 0.1195 -0.5951
vn 0.8716 -0.2273 -0.4342
vn 0.9904 0.1278 -0.0529
vn 0.9809 -0.1798 0.0745
vn 0.7119 -0.5714 -0.4084
vn -0.9600 0.2592 0.1058
vn -0.5413 0.1131 0.8332
vn -0.1484 0.6940 0.7045
vn -0.4001 0.8457 0.3531
vn 0.9911 -0.0008 -0.1330
vn 0.8700 0.4929 0.0131
vn 0.6829 0.6363 0.3589
vn 0.9803 0.0007 0.1976
vn -0.5413 -0.5092 -0.6691
vn -0.9600 0.1085 -0.2581
vn -0.4001 0.3484 -0.8477
vn -0.1483 -0.0074 -0.9889
vn 0.8754 -0.4785 0.0680
vn 0.7269 -0.5711 0.3814
vn -0.6178 0.7833 -0.0686
vn -0.1498 0.7253 -0.6719
vn 0.9922 -0.1153 -0.0472
vn 0.8730 0.2023 -0.4438
vn 0.6787 0.5783 -0.4526
vn 0.9793 0.1871 0.0770
vn 0.8730 0.4568 0.1708
vn 0.6787 0.7290 -0.0889
vn 0.8767 -0.1307 0.4630
vn 0.7111 0.1229 0.6922
vn 0.8754 -0.3865 0.2903
vn -0.5034 -0.8431 0.1892
vn -0.1381 -0.9118 -0.3867
vn 0.7269 -0.6735 0.1341
vn 0.9922 -0.0481 0.1149
vn 0.8767 -0.4198 -0.2349
vn 0.7111 -0.4026 -0.5764
vn 0.9793 0.0778 -0.1868
vn -0.6120 0.2216 -0.7591
vn 0.8700 0.3392 -0.3578
vn 0.6829 0.1961 -0.7037
vn -0.1402 -0.3473 -0.9272
vn 0.8716 0.1463 0.4678
vn -0.5453 -0.1318 0.8278
vn -0.1325 -0.6966 0.7051
vn 0.7119 -0.1152 0.6928
vn -0.9536 -0.2114 -0.2145
vn -0.3832 -0.6558 -0.6505
vn -0.5453 -0.6785 -0.4922
vn -0.1325 -0.9912 -0.0060
vn -0.6120 0.6935 0.3801
vn -0.1402 0.4100 0.9012
vn -0.9492 -0.2908 0.1205
vn -0.3727 -0.8573 0.3551
vn -0.5034 -0.7299 0.4623
vn -0.1381 -0.3713 0.9182
vn 0.9911 0.0935 0.0946
vn 0.9803 -0.1392 -0.1402
vn -0.6178 0.6024 -0.5054
vn -0.1498 0.9880 -0.0377
vn -0.9536 0.0022 0.3012
vn -0.3832 -0.0038 0.9237
vn 0.8064 -0.0000 0.5913
vn 0.8064 0.2263 0.5463
vn 0.8064 0.4181 0.4181
vn 0.8064 0.5463 0.2263
vn 0.8064 0.5914 -0.0000
vn 0.8064 0.5463 -0.2263
vn 0.8064 0.4181 -0.4181
vn 0.8064 0.2263 -0.5463
vn 0.8064 -0.0000 -0.5914
vn 0.8064 -0.2263 -0.5463
vn 0.8064 -0.4181 -0.4181
vn 0.8064 -0.5463 -0.2263
vn 0.8064 -0.5914 -0.0000
vn 0.8064 -0.5463 0.2263
vn 0.8064 -0.4181 0.4181
vn 0.8064 -0.2263 0.5463
vt 1.000000 0.500000
vt 1.000000 1.000000
vt 0.937500 1.000000
vt 0.937500 0.500000
vt 0.875000 1.000000
vt 0.875000 0.500000
vt 0.812500 1.000000
vt 0.812500 0.500000
vt 0.750000 1.000000
vt 0.750000 0.500000
vt 0.687500 1.000000
vt 0.687500 0.500000
vt 0.625000 1.000000
vt 0.625000 0.500000
vt 0.562500 1.000000
vt 0.562500 0.500000
vt 0.500000 1.000000
vt 0.500000 0.500000
vt 0.437500 1.000000
vt 0.437500 0.500000
vt 0.375000 1.000000
vt 0.375000 0.500000
vt 0.312500 1.000000
vt 0.312500 0.500000
vt 0.250000 1.000000
vt 0.250000 0.500000
vt 0.187500 1.000000
vt 0.187500 0.500000
vt 0.125000 1.000000
vt 0.125000 0.500000
vt 0.114757 0.306019
vt 0.103614 0.250000
vt 0.062500 1.000000
vt 0.062500 0.500000
vt 0.000000 1.000000
vt 0.000000 0.500000
vt 0.750000 0.490000
vt 0.841844 0.471731
vt 0.919706 0.419705
vt 0.971731 0.341844
vt 0.990000 0.250000
vt 0.971731 0.158156
vt 0.919706 0.080294
vt 0.841844 0.028269
vt 0.750000 0.010000
vt 0.658156 0.028269
vt 0.580294 0.080294
vt 0.528269 0.158156
vt 0.510000 0.250000
vt 0.528269 0.341844
vt 0.580294 0.419706
vt 0.658156 0.471731
vt 0.250000 0.468947
vt 0.333788 0.452281
vt 0.341844 0.471731
vt 0.250000 0.490000
vt 0.404819 0.404819
vt 0.419706 0.419705
vt 0.452281 0.333787
vt 0.471731 0.341844
vt 0.468947 0.250000
vt 0.490000 0.250000
vt 0.452281 0.166212
vt 0.471731 0.158156
vt 0.404819 0.095181
vt 0.419706 0.080294
vt 0.333787 0.047719
vt 0.341844 0.028269
vt 0.250000 0.031053
vt 0.250000 0.010000
vt 0.166213 0.047719
vt 0.158156 0.028269
vt 0.095181 0.095181
vt 0.080294 0.080294
vt 0.047719 0.166212
vt 0.028269 0.158156
vt 0.031053 0.250000
vt 0.010000 0.250000
vt 0.047719 0.333787
vt 0.028269 0.341844
vt 0.095181 0.404819
vt 0.080294 0.419706
vt 0.166213 0.452281
vt 0.158156 0.471731
vt 0.182326 0.413380
vt 0.250000 0.426841
vt 0.250000 0.447894
vt 0.174269 0.432831
vt 0.124954 0.375046
vt 0.110068 0.389932
vt 0.086620 0.317674
vt 0.067169 0.325731
vt 0.073158 0.250000
vt 0.052106 0.250000
vt 0.086620 0.182325
vt 0.067169 0.174269
vt 0.124954 0.124954
vt 0.110068 0.110067
vt 0.182326 0.086619
vt 0.174269 0.067169
vt 0.250000 0.073158
vt 0.250000 0.052106
vt 0.317674 0.086620
vt 0.325731 0.067169
vt 0.375046 0.124954
vt 0.389933 0.110067
vt 0.413380 0.182325
vt 0.432831 0.174269
vt 0.426842 0.250000
vt 0.447894 0.250000
vt 0.413380 0.317674
vt 0.432831 0.325731
vt 0.375046 0.375046
vt 0.389932 0.389932
vt 0.317674 0.413380
vt 0.325731 0.432831
vt 0.250000 0.401087
vt 0.307819 0.389586
vt 0.309618 0.393930
vt 0.250000 0.405789
vt 0.356835 0.356835
vt 0.360159 0.360159
vt 0.389586 0.307818
vt 0.393930 0.309618
vt 0.401087 0.250000
vt 0.405789 0.250000
vt 0.389586 0.192181
vt 0.393930 0.190382
vt 0.356835 0.143165
vt 0.360159 0.139841
vt 0.307819 0.110413
vt 0.309618 0.106070
vt 0.250000 0.098913
vt 0.250000 0.094211
vt 0.192181 0.110413
vt 0.190382 0.106070
vt 0.143165 0.143165
vt 0.139841 0.139841
vt 0.110413 0.192181
vt 0.106070 0.190382
vt 0.098913 0.250000
vt 0.094211 0.250000
vt 0.110413 0.307818
vt 0.106070 0.309618
vt 0.143165 0.356835
vt 0.139841 0.360159
vt 0.192181 0.389586
vt 0.190382 0.393930
vt 0.267085 0.291248
vt 0.250000 0.294646
vt 0.232915 0.291248
vt 0.218430 0.281570
vt 0.208752 0.267085
vt 0.205354 0.250000
vt 0.208752 0.232914
vt 0.218430 0.218430
vt 0.232915 0.208752
vt 0.250000 0.205354
vt 0.267085 0.208752
vt 0.281570 0.218430
vt 0.291248 0.232914
vt 0.294646 0.250000
vt 0.291248 0.267085
vt 0.281569 0.281570
vt 0.353510 0.146490
vt 0.385243 0.193980
vt 0.146490 0.353510
vt 0.306019 0.114757
vt 0.193981 0.385243
vt 0.250000 0.103614
vt 0.306019 0.385243
vt 0.250000 0.396386
vt 0.193981 0.114757
vt 0.353510 0.353510
vt 0.146490 0.146489
vt 0.385243 0.306019
vt 0.114757 0.193980
vt 0.396386 0.250000
vt 0.250000 0.358758
vt 0.291620 0.350480
vt 0.350480 0.291620
vt 0.358758 0.250000
vt 0.326904 0.173096
vt 0.291620 0.149520
vt 0.208380 0.149520
vt 0.173096 0.173096
vt 0.141242 0.250000
vt 0.149520 0.291620
vt 0.173096 0.326904
vt 0.250000 0.326702
vt 0.279353 0.320864
vt 0.304237 0.304237
vt 0.326904 0.326904
vt 0.320864 0.279352
vt 0.326702 0.250000
vt 0.320864 0.220647
vt 0.350480 0.208380
vt 0.304237 0.195763
vt 0.279353 0.179136
vt 0.250000 0.173298
vt 0.250000 0.141242
vt 0.220647 0.179136
vt 0.195763 0.195763
vt 0.179136 0.220647
vt 0.149520 0.208380
vt 0.173298 0.250000
vt 0.179136 0.279353
vt 0.195763 0.304237
vt 0.220647 0.320864
vt 0.208380 0.350480
vt 0.226781 0.306056
vt 0.250000 0.310674
vt 0.207097 0.292903
vt 0.193944 0.273219
vt 0.189326 0.250000
vt 0.193944 0.226781
vt 0.207097 0.207097
vt 0.226781 0.193944
vt 0.250000 0.189326
vt 0.273219 0.193944
vt 0.292903 0.207097
vt 0.306056 0.226781
vt 0.310674 0.250000
vt 0.306056 0.273219
vt 0.292903 0.292903
vt 0.273219 0.306056
vt 0.311699 0.373108
vt 0.348495 0.348534
vt 0.373108 0.311699
vt 0.387348 0.240109
vt 0.378726 0.196709
vt 0.354114 0.159874
vt 0.293423 0.119322
vt 0.250027 0.110679
vt 0.206577 0.119322
vt 0.145886 0.159874
vt 0.121295 0.196659
vt 0.112652 0.240109
vt 0.159874 0.354114
vt 0.196659 0.378705
vt 0.240109 0.387348
vt 0.331919 0.331880
vt 0.302711 0.351409
vt 0.351409 0.302711
vt 0.356996 0.205651
vt 0.363861 0.240109
vt 0.337506 0.176482
vt 0.249973 0.134177
vt 0.284435 0.141021
vt 0.215565 0.141021
vt 0.142983 0.205701
vt 0.162494 0.176482
vt 0.136139 0.240109
vt 0.205701 0.357017
vt 0.176482 0.337506
vt 0.240109 0.363861
s 1
usemtl Material.001
f 2347/1690/2571 2345/1691/2572 2507/1691/2573 2445/1690/2574
f 2416/1776/2641 2417/1777/2642 2384/1778/2642 2385/1779/2641
f 2417/1777/2642 2418/1780/2643 2386/1781/2643 2384/1778/2642
f 2418/1780/2643 2419/1782/2644 2387/1783/2644 2386/1781/2643
f 2419/1782/2644 2420/1784/2645 2388/1785/2645 2387/1783/2644
f 2420/1784/2645 2421/1786/2646 2389/1787/2646 2388/1785/2645
f 2421/1786/2646 2422/1788/2647 2390/1789/2647 2389/1787/2646
f 2422/1788/2647 2423/1790/2648 2391/1791/2648 2390/1789/2647
f 2423/1790/2648 2424/1792/2649 2392/1793/2649 2391/1791/2648
f 2424/1792/2649 2425/1794/2650 2393/1795/2650 2392/1793/2649
f 2425/1794/2650 2426/1796/2651 2394/1797/2651 2393/1795/2650
f 2426/1796/2651 2427/1798/2652 2395/1799/2652 2394/1797/2651
f 2427/1798/2652 2428/1800/2653 2396/1801/2653 2395/1799/2652
f 2428/1800/2653 2429/1802/2654 2397/1803/2654 2396/1801/2653
f 2429/1802/2654 2430/1804/2655 2398/1805/2655 2397/1803/2654
f 2430/1804/2655 2431/1806/2656 2399/1807/2656 2398/1805/2655
f 2431/1806/2656 2416/1776/2641 2385/1779/2641 2399/1807/2656
f 2400/1808/2657 2401/1809/2657 2415/1810/2657 2414/1811/2657 2413/1812/2657 2412/1813/2657 2411/1814/2657 2410/1815/2657 2409/1816/2657 2408/1817/2657 2407/1818/2657 2406/1819/2657 2405/1820/2657 2404/1821/2657 2403/1822/2657 2402/1823/2657
f 2333/1824/2658 2331/1825/2659 2499/1825/2660 2501/1824/2661
f 2349/1826/2662 2347/1690/2571 2445/1690/2574 2509/1826/2663
f 2335/1827/2664 2333/1824/2658 2501/1824/2661 2503/1827/2665
f 2351/1828/2666 2349/1826/2662 2509/1826/2663 2508/1828/2667
f 2337/1829/2668 2335/1827/2664 2503/1827/2665 2502/1829/2669
f 2323/1830/2670 2321/1831/2671 2510/1831/2672 2497/1830/2673
f 2321/1831/2671 2351/1828/2666 2508/1828/2667 2510/1831/2672
f 2339/1832/2674 2337/1829/2668 2502/1829/2669 2504/1832/2675
f 2325/1833/2676 2323/1830/2670 2497/1830/2673 2496/1833/2677
f 2341/1834/2678 2339/1832/2674 2504/1832/2675 2506/1834/2679
f 2327/1835/2680 2325/1833/2676 2496/1833/2677 2498/1835/2681
f 2343/1836/2682 2341/1834/2678 2506/1834/2679 2505/1836/2683
f 2329/1837/2684 2327/1835/2680 2498/1835/2681 2500/1837/2685
f 2345/1691/2572 2343/1836/2682 2505/1836/2683 2507/1691/2573
f 2331/1825/2659 2329/1837/2684 2500/1837/2685 2499/1825/2660
f 2351/1828/2666 2321/1831/2671 2416/1776/2649 2431/1806/2648
f 2349/1826/2662 2351/1828/2666 2431/1806/2648 2430/1804/2647
f 2347/1690/2571 2349/1826/2662 2430/1804/2647 2429/1802/2646
f 2345/1691/2572 2347/1690/2571 2429/1802/2646 2428/1800/2645
f 2343/1836/2682 2345/1691/2572 2428/1800/2645 2427/1798/2644
f 2341/1834/2678 2343/1836/2682 2427/1798/2644 2426/1796/2643
f 2339/1832/2674 2341/1834/2678 2426/1796/2643 2425/1794/2642
f 2337/1829/2668 2339/1832/2674 2425/1794/2642 2424/1792/2641
f 2335/1827/2664 2337/1829/2668 2424/1792/2641 2423/1790/2656
f 2333/1824/2658 2335/1827/2664 2423/1790/2656 2422/1788/2655
f 2331/1825/2659 2333/1824/2658 2422/1788/2655 2421/1786/2654
f 2329/1837/2684 2331/1825/2659 2421/1786/2654 2420/1784/2653
f 2327/1835/2680 2329/1837/2684 2420/1784/2653 2419/1782/2652
f 2325/1833/2676 2327/1835/2680 2419/1782/2652 2418/1780/2651
f 2323/1830/2670 2325/1833/2676 2418/1780/2651 2417/1777/2650
f 2321/1831/2671 2323/1830/2670 2417/1777/2650 2416/1776/2649
f 2525/1838/2686 2512/1839/2687 2497/1830/2688 2510/1831/2689
f 2513/1840/2690 2515/1841/2691 2500/1837/2692 2498/1835/2693
f 2516/1842/2694 2518/1843/2695 2503/1827/2696 2501/1824/2697
f 2519/1844/2698 2521/1845/2699 2506/1834/2700 2504/1832/2701
f 2522/1846/2702 2461/1847/2703 2445/1690/2704 2507/1691/2705
f 2461/1847/2703 2524/1848/2706 2509/1826/2707 2445/1690/2704
f 2464/1849/2708 2465/1850/2709 2512/1839/2687 2525/1838/2686
f 2465/1850/2709 2466/1851/2710 2511/1852/2711 2512/1839/2687
f 2466/1851/2710 2467/1853/2712 2513/1840/2690 2511/1852/2711
f 2467/1853/2712 2468/1854/2713 2515/1841/2691 2513/1840/2690
f 2468/1854/2713 2469/1855/2714 2514/1856/2715 2515/1841/2691
f 2469/1855/2714 2470/1857/2716 2516/1842/2694 2514/1856/2715
f 2470/1857/2716 2471/1858/2717 2518/1843/2695 2516/1842/2694
f 2471/1858/2717 2472/1859/2718 2517/1860/2719 2518/1843/2695
f 2472/1859/2718 2473/1861/2720 2519/1844/2698 2517/1860/2719
f 2473/1861/2720 2474/1862/2721 2521/1845/2699 2519/1844/2698
f 2474/1862/2721 2475/1863/2722 2520/1864/2723 2521/1845/2699
f 2475/1863/2722 2476/1865/2724 2522/1846/2702 2520/1864/2723
f 2476/1865/2724 2477/1866/2725 2461/1847/2703 2522/1846/2702
f 2477/1866/2725 2478/1867/2726 2524/1848/2706 2461/1847/2703
f 2478/1867/2726 2479/1868/2727 2523/1869/2728 2524/1848/2706
f 2479/1868/2727 2464/1849/2708 2525/1838/2686 2523/1869/2728
f 2495/1870/2729 2480/1871/2730 2464/1849/2708 2479/1868/2727
f 2494/1872/2731 2495/1870/2729 2479/1868/2727 2478/1867/2726
f 2493/1873/2732 2494/1872/2731 2478/1867/2726 2477/1866/2725
f 2492/1874/2733 2493/1873/2732 2477/1866/2725 2476/1865/2724
f 2491/1875/2734 2492/1874/2733 2476/1865/2724 2475/1863/2722
f 2490/1876/2735 2491/1875/2734 2475/1863/2722 2474/1862/2721
f 2489/1877/2736 2490/1876/2735 2474/1862/2721 2473/1861/2720
f 2488/1878/2737 2489/1877/2736 2473/1861/2720 2472/1859/2718
f 2487/1879/2738 2488/1878/2737 2472/1859/2718 2471/1858/2717
f 2486/1880/2739 2487/1879/2738 2471/1858/2717 2470/1857/2716
f 2485/1881/2740 2486/1880/2739 2470/1857/2716 2469/1855/2714
f 2484/1882/2741 2485/1881/2740 2469/1855/2714 2468/1854/2713
f 2483/1883/2742 2484/1882/2741 2468/1854/2713 2467/1853/2712
f 2482/1884/2743 2483/1883/2742 2467/1853/2712 2466/1851/2710
f 2481/1885/2744 2482/1884/2743 2466/1851/2710 2465/1850/2709
f 2480/1871/2730 2481/1885/2744 2465/1850/2709 2464/1849/2708
f 2401/1809/2745 2400/1808/2746 2481/1885/2746 2480/1871/2745
f 2400/1808/2746 2402/1823/2747 2482/1884/2747 2481/1885/2746
f 2402/1823/2747 2403/1822/2748 2483/1883/2748 2482/1884/2747
f 2403/1822/2748 2404/1821/2749 2484/1882/2749 2483/1883/2748
f 2404/1821/2749 2405/1820/2750 2485/1881/2750 2484/1882/2749
f 2405/1820/2750 2406/1819/2751 2486/1880/2751 2485/1881/2750
f 2406/1819/2751 2407/1818/2752 2487/1879/2752 2486/1880/2751
f 2407/1818/2752 2408/1817/2753 2488/1878/2753 2487/1879/2752
f 2408/1817/2753 2409/1816/2754 2489/1877/2754 2488/1878/2753
f 2409/1816/2754 2410/1815/2755 2490/1876/2755 2489/1877/2754
f 2410/1815/2755 2411/1814/2756 2491/1875/2756 2490/1876/2755
f 2411/1814/2756 2412/1813/2757 2492/1874/2757 2491/1875/2756
f 2412/1813/2757 2413/1812/2758 2493/1873/2758 2492/1874/2757
f 2413/1812/2758 2414/1811/2759 2494/1872/2759 2493/1873/2758
f 2414/1811/2759 2415/1810/2760 2495/1870/2760 2494/1872/2759
f 2415/1810/2760 2401/1809/2745 2480/1871/2745 2495/1870/2760
f 2432/1886/2761 2434/1887/2762 2496/1833/2762 2497/1830/2688
f 2434/1887/2762 2435/1888/2763 2498/1835/2693 2496/1833/2762
f 2436/1889/2764 2437/1890/2765 2499/1825/2765 2500/1837/2692
f 2437/1890/2765 2438/1891/2766 2501/1824/2697 2499/1825/2765
f 2439/1892/2767 2440/1893/2768 2502/1829/2768 2503/1827/2696
f 2440/1893/2768 2441/1894/2769 2504/1832/2701 2502/1829/2768
f 2442/1895/2770 2443/1896/2771 2505/1836/2771 2506/1834/2700
f 2443/1896/2771 2444/1897/2772 2507/1691/2705 2505/1836/2771
f 2446/1898/2773 2447/1899/2774 2508/1828/2774 2509/1826/2707
f 2447/1899/2774 2433/1900/2775 2510/1831/2689 2508/1828/2774
f 2450/1901/2776 2448/1902/2777 2512/1839/2687 2511/1852/2711
f 2451/1903/2778 2450/1901/2776 2511/1852/2711 2513/1840/2690
f 2453/1904/2779 2452/1905/2780 2515/1841/2691 2514/1856/2715
f 2454/1906/2781 2453/1904/2779 2514/1856/2715 2516/1842/2694
f 2456/1907/2782 2455/1908/2783 2518/1843/2695 2517/1860/2719
f 2457/1909/2784 2456/1907/2782 2517/1860/2719 2519/1844/2698
f 2459/1910/2785 2458/1911/2786 2521/1845/2699 2520/1864/2723
f 2460/1912/2787 2459/1910/2785 2520/1864/2723 2522/1846/2702
f 2463/1913/2788 2462/1914/2789 2524/1848/2706 2523/1869/2728
f 2449/1915/2790 2463/1913/2788 2523/1869/2728 2525/1838/2686
f 2433/1900/2775 2449/1915/2790 2525/1838/2686 2510/1831/2689
f 2448/1902/2777 2432/1886/2761 2497/1830/2688 2512/1839/2687
f 2435/1888/2763 2451/1903/2778 2513/1840/2690 2498/1835/2693
f 2452/1905/2780 2436/1889/2764 2500/1837/2692 2515/1841/2691
f 2438/1891/2766 2454/1906/2781 2516/1842/2694 2501/1824/2697
f 2455/1908/2783 2439/1892/2767 2503/1827/2696 2518/1843/2695
f 2441/1894/2769 2457/1909/2784 2519/1844/2698 2504/1832/2701
f 2458/1911/2786 2442/1895/2770 2506/1834/2700 2521/1845/2699
f 2444/1897/2772 2460/1912/2787 2522/1846/2702 2507/1691/2705
f 2462/1914/2789 2446/1898/2773 2509/1826/2707 2524/1848/2706
f 2438/1891/2791 2437/1890/2792 2531/1890/2793 2532/1891/2794
f 2459/1910/2795 2460/1912/2796 2553/1912/2797 2552/1910/2798
f 2440/1893/2799 2439/1892/2800 2533/1892/2801 2534/1893/2802
f 2462/1914/2803 2463/1913/2804 2555/1913/2805 2554/1914/2806
f 2441/1894/2807 2440/1893/2799 2534/1893/2802 2535/1894/2808
f 2463/1913/2804 2449/1915/2809 2542/1915/2810 2555/1913/2805
f 2443/1896/2811 2442/1895/2812 2536/1895/2813 2537/1896/2814
f 2449/1915/2809 2433/1900/2815 2527/1900/2816 2542/1915/2810
f 2444/1897/2817 2443/1896/2811 2537/1896/2814 2538/1897/2818
f 2432/1886/2819 2448/1902/2820 2541/1902/2821 2526/1886/2822
f 2447/1899/2823 2446/1898/2824 2539/1898/2825 2540/1899/2826
f 2451/1903/2827 2435/1888/2828 2529/1888/2829 2544/1903/2830
f 2433/1900/2815 2447/1899/2823 2540/1899/2826 2527/1900/2816
f 2436/1889/2831 2452/1905/2832 2545/1905/2833 2530/1889/2834
f 2448/1902/2820 2450/1901/2835 2543/1901/2836 2541/1902/2821
f 2454/1906/2837 2438/1891/2791 2532/1891/2794 2547/1906/2838
f 2450/1901/2835 2451/1903/2827 2544/1903/2830 2543/1901/2836
f 2439/1892/2800 2455/1908/2839 2548/1908/2840 2533/1892/2801
f 2452/1905/2832 2453/1904/2841 2546/1904/2842 2545/1905/2833
f 2457/1909/2843 2441/1894/2807 2535/1894/2808 2550/1909/2844
f 2453/1904/2841 2454/1906/2837 2547/1906/2838 2546/1904/2842
f 2434/1887/2845 2432/1886/2819 2526/1886/2822 2528/1887/2846
f 2442/1895/2812 2458/1911/2847 2551/1911/2848 2536/1895/2813
f 2455/1908/2839 2456/1907/2849 2549/1907/2850 2548/1908/2840
f 2435/1888/2828 2434/1887/2845 2528/1887/2846 2529/1888/2829
f 2460/1912/2796 2444/1897/2817 2538/1897/2818 2553/1912/2797
f 2456/1907/2849 2457/1909/2843 2550/1909/2844 2549/1907/2850
f 2437/1890/2792 2436/1889/2831 2530/1889/2834 2531/1890/2793
f 2446/1898/2824 2462/1914/2803 2554/1914/2806 2539/1898/2825
f 2458/1911/2847 2459/1910/2795 2552/1910/2798 2551/1911/2848
usemtl Material.002
f 2320/1660/2556 2353/1661/2556 2352/1662/2557 2322/1663/2557
f 2322/1663/2557 2352/1662/2557 2354/1664/2558 2324/1665/2558
f 2324/1665/2558 2354/1664/2558 2355/1666/2559 2326/1667/2559
f 2326/1667/2559 2355/1666/2559 2356/1668/2560 2328/1669/2560
f 2328/1669/2560 2356/1668/2560 2357/1670/2561 2330/1671/2561
f 2330/1671/2561 2357/1670/2561 2358/1672/2562 2332/1673/2562
f 2332/1673/2562 2358/1672/2562 2359/1674/2563 2334/1675/2563
f 2334/1675/2563 2359/1674/2563 2360/1676/2564 2336/1677/2564
f 2336/1677/2564 2360/1676/2564 2361/1678/2565 2338/1679/2565
f 2338/1679/2565 2361/1678/2565 2362/1680/2566 2340/1681/2566
f 2340/1681/2566 2362/1680/2566 2363/1682/2567 2342/1683/2567
f 2342/1683/2567 2363/1682/2567 2364/1684/2568 2344/1685/2568
f 2344/1685/2568 2364/1684/2568 2365/1686/2569 2346/1687/2569
f 2346/1687/2569 2365/1686/2569 2366/1688/2570 2348/1689/2570
f 2348/1689/2570 2366/1688/2570 2367/1692/2575 2350/1693/2575
f 2350/1693/2575 2367/1692/2575 2353/1694/2556 2320/1695/2556
f 2320/1696/2576 2322/1697/2576 2324/1698/2576 2326/1699/2576 2328/1700/2576 2330/1701/2576 2332/1702/2576 2334/1703/2576 2336/1704/2576 2338/1705/2576 2340/1706/2576 2342/1707/2576 2344/1708/2576 2346/1709/2576 2348/1710/2576 2350/1711/2576
f 2587/1712/2577 2572/1713/2578 2352/1714/2579 2353/1715/2580
f 2572/1713/2578 2573/1716/2581 2354/1717/2582 2352/1714/2579
f 2573/1716/2581 2574/1718/2583 2355/1719/2584 2354/1717/2582
f 2574/1718/2583 2575/1720/2585 2356/1721/2586 2355/1719/2584
f 2575/1720/2585 2576/1722/2587 2357/1723/2588 2356/1721/2586
f 2576/1722/2587 2577/1724/2589 2358/1725/2590 2357/1723/2588
f 2577/1724/2589 2578/1726/2591 2359/1727/2592 2358/1725/2590
f 2578/1726/2591 2579/1728/2593 2360/1729/2594 2359/1727/2592
f 2579/1728/2593 2580/1730/2595 2361/1731/2596 2360/1729/2594
f 2580/1730/2595 2581/1732/2597 2362/1733/2598 2361/1731/2596
f 2581/1732/2597 2582/1734/2599 2363/1735/2600 2362/1733/2598
f 2582/1734/2599 2583/1736/2601 2364/1737/2602 2363/1735/2600
f 2583/1736/2601 2584/1738/2603 2365/1739/2604 2364/1737/2602
f 2584/1738/2603 2585/1740/2605 2366/1741/2606 2365/1739/2604
f 2585/1740/2605 2586/1742/2607 2367/1743/2608 2366/1741/2606
f 2586/1742/2607 2587/1712/2577 2353/1715/2580 2367/1743/2608
f 2571/1744/2609 2556/1745/2610 2368/1746/2611 2383/1747/2612
f 2570/1748/2613 2571/1744/2609 2383/1747/2612 2382/1749/2614
f 2569/1750/2615 2570/1748/2613 2382/1749/2614 2381/1751/2616
f 2568/1752/2617 2569/1750/2615 2381/1751/2616 2380/1753/2618
f 2567/1754/2619 2568/1752/2617 2380/1753/2618 2379/1755/2620
f 2566/1756/2621 2567/1754/2619 2379/1755/2620 2378/1757/2622
f 2565/1758/2623 2566/1756/2621 2378/1757/2622 2377/1759/2624
f 2564/1760/2625 2565/1758/2623 2377/1759/2624 2376/1761/2626
f 2563/1762/2627 2564/1760/2625 2376/1761/2626 2375/1763/2628
f 2562/1764/2629 2563/1762/2627 2375/1763/2628 2374/1765/2630
f 2561/1766/2631 2562/1764/2629 2374/1765/2630 2373/1767/2632
f 2560/1768/2633 2561/1766/2631 2373/1767/2632 2372/1769/2634
f 2559/1770/2635 2560/1768/2633 2372/1769/2634 2371/1771/2636
f 2558/1772/2637 2559/1770/2635 2371/1771/2636 2370/1773/2638
f 2557/1774/2639 2558/1772/2637 2370/1773/2638 2369/1775/2640
f 2556/1745/2610 2557/1774/2639 2369/1775/2640 2368/1746/2611
f 2385/1779/2851 2384/1778/2852 2557/1774/2639 2556/1745/2610
f 2384/1778/2852 2386/1781/2853 2558/1772/2637 2557/1774/2639
f 2386/1781/2853 2387/1783/2854 2559/1770/2635 2558/1772/2637
f 2387/1783/2854 2388/1785/2855 2560/1768/2633 2559/1770/2635
f 2388/1785/2855 2389/1787/2856 2561/1766/2631 2560/1768/2633
f 2389/1787/2856 2390/1789/2857 2562/1764/2629 2561/1766/2631
f 2390/1789/2857 2391/1791/2858 2563/1762/2627 2562/1764/2629
f 2391/1791/2858 2392/1793/2859 2564/1760/2625 2563/1762/2627
f 2392/1793/2859 2393/1795/2860 2565/1758/2623 2564/1760/2625
f 2393/1795/2860 2394/1797/2861 2566/1756/2621 2565/1758/2623
f 2394/1797/2861 2395/1799/2862 2567/1754/2619 2566/1756/2621
f 2395/1799/2862 2396/1801/2863 2568/1752/2617 2567/1754/2619
f 2396/1801/2863 2397/1803/2864 2569/1750/2615 2568/1752/2617
f 2397/1803/2864 2398/1805/2865 2570/1748/2613 2569/1750/2615
f 2398/1805/2865 2399/1807/2866 2571/1744/2609 2570/1748/2613
f 2399/1807/2866 2385/1779/2851 2556/1745/2610 2571/1744/2609
f 2383/1747/2612 2368/1746/2611 2587/1712/2577 2586/1742/2607
f 2382/1749/2614 2383/1747/2612 2586/1742/2607 2585/1740/2605
f 2381/1751/2616 2382/1749/2614 2585/1740/2605 2584/1738/2603
f 2380/1753/2618 2381/1751/2616 2584/1738/2603 2583/1736/2601
f 2379/1755/2620 2380/1753/2618 2583/1736/2601 2582/1734/2599
f 2378/1757/2622 2379/1755/2620 2582/1734/2599 2581/1732/2597
f 2377/1759/2624 2378/1757/2622 2581/1732/2597 2580/1730/2595
f 2376/1761/2626 2377/1759/2624 2580/1730/2595 2579/1728/2593
f 2375/1763/2628 2376/1761/2626 2579/1728/2593 2578/1726/2591
f 2374/1765/2630 2375/1763/2628 2578/1726/2591 2577/1724/2589
f 2373/1767/2632 2374/1765/2630 2577/1724/2589 2576/1722/2587
f 2372/1769/2634 2373/1767/2632 2576/1722/2587 2575/1720/2585
f 2371/1771/2636 2372/1769/2634 2575/1720/2585 2574/1718/2583
f 2370/1773/2638 2371/1771/2636 2574/1718/2583 2573/1716/2581
f 2369/1775/2640 2370/1773/2638 2573/1716/2581 2572/1713/2578
f 2368/1746/2611 2369/1775/2640 2572/1713/2578 2587/1712/2577
usemtl Material.007
f 2526/1886/2822 2541/1902/2821 2543/1901/2836 2544/1903/2830 2529/1888/2829 2528/1887/2846
f 2530/1889/2834 2545/1905/2833 2546/1904/2842 2547/1906/2838 2532/1891/2794 2531/1890/2793
f 2533/1892/2801 2548/1908/2840 2549/1907/2850 2550/1909/2844 2535/1894/2808 2534/1893/2802
f 2536/1895/2813 2551/1911/2848 2552/1910/2798 2553/1912/2797 2538/1897/2818 2537/1896/2814
f 2539/1898/2825 2554/1914/2806 2555/1913/2805 2542/1915/2810 2527/1900/2816 2540/1899/2826
o Cube.005
v -1.509061 -0.525941 -3.904255
v -2.316435 -0.525941 -3.581825
v -1.509061 -0.842273 -3.841332
v -2.316435 -0.718885 -3.543446
v -1.509061 -1.110447 -3.662144
v -2.316435 -0.882455 -3.434151
v -1.509061 -1.289636 -3.393970
v -2.316435 -0.991749 -3.270581
v -1.509061 -1.352558 -3.077637
v -2.316435 -1.030128 -3.077637
v -1.509061 -1.289636 -2.761304
v -2.316435 -0.991749 -2.884693
v -1.509061 -1.110447 -2.493131
v -2.316435 -0.882455 -2.721123
v -1.509061 -0.842273 -2.313942
v -2.316435 -0.718885 -2.611829
v -1.509061 -0.525941 -2.251020
v -2.316435 -0.525941 -2.573449
v -1.509061 -0.209608 -2.313942
v -2.316435 -0.332996 -2.611828
v -1.509061 0.058566 -2.493130
v -2.316435 -0.169426 -2.721123
v -1.509061 0.237754 -2.761304
v -2.316435 -0.060132 -2.884693
v -1.509061 0.300677 -3.077637
v -2.316435 -0.021753 -3.077637
v -1.509061 0.237754 -3.393970
v -2.316435 -0.060132 -3.270581
v -1.509061 0.058566 -3.662144
v -2.316435 -0.169426 -3.434152
v -1.509061 -0.209608 -3.841332
v -2.316435 -0.332997 -3.543446
v -2.316435 -0.842273 -3.841332
v -2.316435 -0.525941 -3.904255
v -2.316435 -1.110447 -3.662144
v -2.316435 -1.289635 -3.393970
v -2.316435 -1.352558 -3.077637
v -2.316435 -1.289635 -2.761304
v -2.316435 -1.110447 -2.493131
v -2.316435 -0.842273 -2.313942
v -2.316435 -0.525941 -2.251020
v -2.316435 -0.209608 -2.313942
v -2.316435 0.058566 -2.493130
v -2.316435 0.237754 -2.761304
v -2.316435 0.300677 -3.077637
v -2.316435 0.237754 -3.393970
v -2.316435 0.058566 -3.662144
v -2.316435 -0.209608 -3.841332
v -2.396767 -0.525941 -3.759233
v -2.396767 -0.786776 -3.707350
v -2.396767 -1.007902 -3.559598
v -2.396767 -1.155653 -3.338473
v -2.396767 -1.207536 -3.077637
v -2.396767 -1.155653 -2.816802
v -2.396767 -1.007902 -2.595676
v -2.396767 -0.786776 -2.447925
v -2.396767 -0.525941 -2.396042
v -2.396767 -0.265105 -2.447924
v -2.396767 -0.043980 -2.595676
v -2.396767 0.103772 -2.816802
v -2.396767 0.155655 -3.077637
v -2.396767 0.103772 -3.338473
v -2.396767 -0.043980 -3.559598
v -2.396767 -0.265106 -3.707350
v -2.316435 -0.731279 -3.573367
v -2.316435 -0.525941 -3.614211
v -2.316435 -0.905356 -3.457052
v -2.316435 -1.021670 -3.282975
v -2.316435 -1.062515 -3.077637
v -2.316435 -1.021670 -2.872299
v -2.316435 -0.905356 -2.698222
v -2.316435 -0.731279 -2.581907
v -2.316435 -0.525941 -2.541063
v -2.316435 -0.320603 -2.581907
v -2.316435 -0.146526 -2.698222
v -2.316435 -0.030211 -2.872299
v -2.316435 0.010633 -3.077637
v -2.316435 -0.030211 -3.282975
v -2.316435 -0.146526 -3.457053
v -2.316435 -0.320603 -3.573367
v -2.229589 -0.582585 -3.214390
v -2.229589 -0.525941 -3.225657
v -2.229589 -0.630606 -3.182303
v -2.229589 -0.662693 -3.134281
v -2.229589 -0.673960 -3.077637
v -2.229589 -0.662693 -3.020993
v -2.229589 -0.630606 -2.972971
v -2.229589 -0.582585 -2.940885
v -2.229589 -0.525941 -2.929618
v -2.229589 -0.469296 -2.940885
v -2.229589 -0.421275 -2.972971
v -2.229589 -0.389188 -3.020993
v -2.229589 -0.377921 -3.077637
v -2.229589 -0.389188 -3.134281
v -2.229589 -0.421275 -3.182303
v -2.229589 -0.469296 -3.214390
v -2.326437 -0.525941 -3.598018
v -2.326437 -0.725082 -3.558407
v -2.326437 -0.893905 -3.445602
v -2.326437 -1.006710 -3.276778
v -2.326437 -1.046322 -3.077637
v -2.326437 -1.006710 -2.878496
v -2.326437 -0.893905 -2.709672
v -2.326437 -0.725082 -2.596868
v -2.326437 -0.525941 -2.557256
v -2.326437 -0.326800 -2.596868
v -2.326437 -0.157976 -2.709672
v -2.326437 -0.045171 -2.878496
v -2.326437 -0.005560 -3.077637
v -2.326437 -0.045171 -3.276778
v -2.326437 -0.157976 -3.445602
v -2.326437 -0.326800 -3.558407
v -2.185035 -0.713763 -3.452401
v -2.185035 -0.495831 -3.495750
v -2.185444 -0.826132 -3.377828
v -2.185035 -0.900704 -3.265460
v -2.185035 -0.944054 -3.047527
v -2.185444 -0.918159 -2.915175
v -2.185035 -0.842882 -2.803278
v -2.185035 -0.658128 -2.679828
v -2.185444 -0.525941 -2.653103
v -2.185035 -0.393754 -2.679828
v -2.185035 -0.208999 -2.803277
v -2.185444 -0.133722 -2.915175
v -2.185035 -0.107828 -3.047527
v -2.163144 -0.114236 -3.248171
v -2.185035 -0.251581 -3.394579
v -2.185444 -0.363478 -3.469857
v -2.257755 -0.686402 -3.386346
v -2.257755 -0.495831 -3.424252
v -2.257346 -0.774963 -3.326660
v -2.257755 -0.834648 -3.238099
v -2.257755 -0.872555 -3.047527
v -2.257346 -0.851305 -2.942867
v -2.257755 -0.792325 -2.853835
v -2.257755 -0.630766 -2.745884
v -2.257346 -0.525941 -2.725466
v -2.257755 -0.421115 -2.745884
v -2.257755 -0.259556 -2.853834
v -2.257346 -0.200576 -2.942867
v -2.257755 -0.179326 -3.047527
v -2.279646 -0.220062 -3.204336
v -2.257755 -0.302138 -3.344022
v -2.257346 -0.391171 -3.403002
v -2.289385 -0.525941 -3.331935
v -2.289385 -0.623256 -3.312578
v -2.289385 -0.705756 -3.257453
v -2.289385 -0.760881 -3.174952
v -2.289385 -0.780238 -3.077637
v -2.289385 -0.760881 -2.980321
v -2.289385 -0.705756 -2.897822
v -2.289385 -0.623256 -2.842697
v -2.289385 -0.525941 -2.823339
v -2.289385 -0.428625 -2.842696
v -2.289385 -0.346125 -2.897821
v -2.289385 -0.291000 -2.980321
v -2.289385 -0.271643 -3.077637
v -2.289385 -0.291000 -3.174952
v -2.289385 -0.346125 -3.257453
v -2.289385 -0.428625 -3.312578
v -2.271659 -0.525941 -3.260246
v -2.271659 -0.595822 -3.246345
v -2.271659 -0.655064 -3.206761
v -2.271659 -0.694649 -3.147518
v -2.271659 -0.708549 -3.077637
v -2.271659 -0.694649 -3.007756
v -2.271659 -0.655064 -2.948514
v -2.271659 -0.595822 -2.908929
v -2.271659 -0.525941 -2.895029
v -2.271659 -0.456060 -2.908929
v -2.271659 -0.396817 -2.948514
v -2.271659 -0.357233 -3.007756
v -2.271659 -0.343333 -3.077637
v -2.271659 -0.357233 -3.147518
v -2.271659 -0.396818 -3.206761
v -2.271659 -0.456059 -3.246345
v -2.163144 -0.841046 -3.392742
v -2.163144 -0.696474 -3.489342
v -2.163144 -0.937645 -3.248171
v -2.163144 -0.937645 -2.907104
v -2.163144 -0.971566 -3.077637
v -2.163144 -0.841046 -2.762532
v -2.163144 -0.525941 -2.632011
v -2.163144 -0.696474 -2.665933
v -2.163144 -0.355407 -2.665932
v -2.163144 -0.114236 -2.907104
v -2.163144 -0.210836 -2.762532
v -2.163144 -0.080315 -3.077637
v -2.163144 -0.355407 -3.489342
v -2.163144 -0.210836 -3.392742
v -2.163144 -0.525941 -3.523262
v -2.279646 -0.760050 -3.311746
v -2.279646 -0.652640 -3.383517
v -2.279646 -0.831819 -3.204336
v -2.279646 -0.831819 -2.950938
v -2.279646 -0.857021 -3.077637
v -2.279646 -0.760050 -2.843528
v -2.279646 -0.525941 -2.746556
v -2.279646 -0.652640 -2.771759
v -2.279646 -0.399242 -2.771758
v -2.279646 -0.220062 -2.950938
v -2.279646 -0.291831 -2.843528
v -2.279646 -0.194860 -3.077637
v -2.279646 -0.399242 -3.383517
v -2.279646 -0.291831 -3.311747
v -2.279646 -0.525941 -3.408718
v -2.168075 -0.677145 -3.366299
v -2.168075 -0.507979 -3.399949
v -2.168393 -0.764369 -3.308413
v -2.168075 -0.822254 -3.221190
v -2.168075 -0.855903 -3.052024
v -2.168393 -0.835803 -2.949288
v -2.168075 -0.777371 -2.862430
v -2.168075 -0.633959 -2.766605
v -2.168393 -0.531351 -2.745859
v -2.168075 -0.428744 -2.766605
v -2.168075 -0.285332 -2.862430
v -2.168393 -0.226899 -2.949288
v -2.168075 -0.206799 -3.052024
v -2.168075 -0.318385 -3.321416
v -2.168393 -0.405243 -3.379849
v -2.224523 -0.655906 -3.315025
v -2.224523 -0.507979 -3.344449
v -2.224205 -0.724650 -3.268696
v -2.224523 -0.770979 -3.199951
v -2.224523 -0.800404 -3.052024
v -2.224205 -0.783909 -2.970783
v -2.224523 -0.738127 -2.901674
v -2.224523 -0.612720 -2.817879
v -2.224205 -0.531351 -2.802030
v -2.224523 -0.449982 -2.817879
v -2.224523 -0.324575 -2.901674
v -2.224205 -0.278793 -2.970783
v -2.224523 -0.262298 -3.052024
v -2.224523 -0.357629 -3.282172
v -2.224205 -0.426738 -3.327954
v -2.356601 -0.525941 -3.654199
v -2.356601 -0.746581 -3.610312
v -2.356601 -0.933631 -3.485328
v -2.356601 -1.058614 -3.298278
v -2.356601 -1.102503 -3.077637
v -2.356601 -1.058614 -2.856997
v -2.356601 -0.933632 -2.669947
v -2.356601 -0.746581 -2.544964
v -2.356601 -0.525941 -2.501075
v -2.356601 -0.305300 -2.544963
v -2.356601 -0.118250 -2.669946
v -2.356601 0.006733 -2.856997
v -2.356601 0.050621 -3.077637
v -2.356601 0.006733 -3.298278
v -2.356601 -0.118250 -3.485328
v -2.356601 -0.305300 -3.610312
v -2.356601 -0.824172 -3.797632
v -2.356601 -1.077000 -3.628697
v -2.356601 -1.245934 -3.375868
v -2.356601 -1.305256 -3.077637
v -2.356601 -1.245934 -2.779406
v -2.356601 -1.077000 -2.526578
v -2.356601 -0.824172 -2.357643
v -2.356601 -0.525941 -2.298321
v -2.356601 -0.227710 -2.357643
v -2.356601 0.025119 -2.526577
v -2.356601 0.194053 -2.779406
v -2.356601 0.253375 -3.077637
v -2.356601 0.194053 -3.375868
v -2.356601 0.025118 -3.628697
v -2.356601 -0.227710 -3.797632
v -2.356601 -0.525941 -3.856953
vn -0.0000 -0.0000 -1.0000
vn -0.0000 -0.3827 -0.9239
vn -0.0000 -0.7071 -0.7071
vn -0.0000 -0.9239 -0.3827
vn -0.0000 -1.0000 -0.0000
vn -0.0000 -0.9239 0.3827
vn -0.0000 -0.7071 0.7071
vn -0.0000 -0.3827 0.9239
vn -0.0000 -0.0000 1.0000
vn -0.0000 0.3827 0.9239
vn -0.0000 0.7071 0.7071
vn -0.0000 0.9239 0.3827
vn -0.0000 1.0000 -0.0000
vn -0.0000 0.9239 -0.3827
vn -0.0000 0.7071 -0.7071
vn -0.6578 -0.6959 0.2882
vn -0.3569 -0.8630 0.3575
vn -0.3569 -0.9342 -0.0000
vn -0.6578 -0.7532 -0.0000
vn -0.0000 0.3827 -0.9239
vn 1.0000 -0.0000 -0.0000
vn -0.8454 -0.0000 -0.5341
vn -0.7623 -0.0000 -0.6473
vn -0.7623 -0.2477 -0.5980
vn -0.8454 -0.2044 -0.4934
vn -0.7623 -0.4577 -0.4577
vn -0.8454 -0.3776 -0.3776
vn -0.7623 -0.5980 -0.2477
vn -0.8454 -0.4934 -0.2044
vn -0.7623 -0.6473 -0.0000
vn -0.8454 -0.5341 -0.0000
vn -0.7623 -0.5980 0.2477
vn -0.8454 -0.4934 0.2044
vn -0.7623 -0.4577 0.4577
vn -0.8454 -0.3776 0.3776
vn -0.7623 -0.2477 0.5980
vn -0.8454 -0.2044 0.4934
vn -0.7623 -0.0000 0.6473
vn -0.8454 -0.0000 0.5341
vn -0.7623 0.2477 0.5980
vn -0.8454 0.2044 0.4934
vn -0.7623 0.4577 0.4577
vn -0.8454 0.3776 0.3776
vn -0.7623 0.5980 0.2477
vn -0.8454 0.4934 0.2044
vn -0.7623 0.6473 -0.0000
vn -0.8454 0.5341 -0.0000
vn -0.7623 0.5980 -0.2477
vn -0.8454 0.4934 -0.2044
vn -0.7623 0.4577 -0.4577
vn -0.8454 0.3776 -0.3776
vn -0.7623 0.2477 -0.5980
vn -0.8454 0.2044 -0.4934
vn -0.8504 -0.2013 0.4861
vn -0.9983 0.0223 -0.0539
vn -0.9983 -0.0000 -0.0583
vn -0.8504 -0.0000 0.5261
vn -0.8504 -0.3720 0.3720
vn -0.9983 0.0412 -0.0412
vn -0.8504 -0.4861 0.2013
vn -0.9983 0.0539 -0.0223
vn -0.8504 -0.5261 -0.0000
vn -0.9983 0.0583 -0.0000
vn -0.8504 -0.4861 -0.2013
vn -0.9983 0.0539 0.0223
vn -0.8504 -0.3720 -0.3720
vn -0.9983 0.0412 0.0412
vn -0.8504 -0.2013 -0.4861
vn -0.9983 0.0223 0.0539
vn -0.8504 -0.0000 -0.5261
vn -0.9983 -0.0000 0.0583
vn -0.8504 0.2013 -0.4861
vn -0.9983 -0.0223 0.0539
vn -0.8504 0.3720 -0.3720
vn -0.9983 -0.0412 0.0412
vn -0.8504 0.4861 -0.2013
vn -0.9983 -0.0539 0.0223
vn -0.8504 0.5261 -0.0000
vn -0.9983 -0.0583 -0.0000
vn -0.8504 0.4861 0.2013
vn -0.9983 -0.0539 -0.0223
vn -0.8504 0.3720 0.3720
vn -0.9983 -0.0412 -0.0412
vn -0.8504 0.2013 0.4861
vn -0.9983 -0.0223 -0.0539
vn -0.8508 -0.0000 -0.5255
vn -0.8508 -0.2011 -0.4855
vn -0.8508 -0.3716 -0.3716
vn -0.8508 -0.4855 -0.2011
vn -0.8508 -0.5255 -0.0000
vn -0.8508 -0.4855 0.2011
vn -0.8508 -0.3716 0.3716
vn -0.8508 -0.2011 0.4855
vn -0.8508 -0.0000 0.5255
vn -0.8508 0.2011 0.4855
vn -0.8508 0.3716 0.3716
vn -0.8508 0.4855 0.2011
vn -0.8508 0.5255 -0.0000
vn -0.8508 0.4855 -0.2011
vn -0.8508 0.3716 -0.3716
vn -0.8508 0.2011 -0.4855
vn -1.0000 -0.0000 -0.0000
vn -0.6578 0.5326 -0.5326
vn -0.3569 0.6605 -0.6605
vn -0.3569 0.8630 -0.3575
vn -0.6578 0.6959 -0.2882
vn -0.6578 -0.5326 0.5326
vn -0.3569 -0.6605 0.6605
vn -0.6578 0.2882 -0.6959
vn -0.3569 0.3575 -0.8630
vn -0.6578 -0.2882 0.6959
vn -0.3569 -0.3575 0.8630
vn -0.6578 -0.0000 -0.7532
vn -0.3569 -0.0000 -0.9342
vn -0.6578 0.2882 0.6959
vn -0.3569 0.3575 0.8630
vn -0.3569 -0.0000 0.9342
vn -0.6578 -0.0000 0.7532
vn -0.6578 -0.2882 -0.6959
vn -0.3569 -0.3575 -0.8630
vn -0.6578 0.5326 0.5326
vn -0.3569 0.6605 0.6605
vn -0.6578 -0.5326 -0.5326
vn -0.3569 -0.6605 -0.6605
vn -0.6578 0.6959 0.2882
vn -0.3569 0.8630 0.3575
vn -0.6578 -0.6959 -0.2882
vn -0.3569 -0.8630 -0.3575
vn -0.6578 0.7532 -0.0000
vn -0.3569 0.9342 -0.0000
vn -0.8791 0.0005 -0.4766
vn -0.6995 -0.0002 -0.7146
vn -0.6995 -0.2733 -0.6603
vn -0.8791 -0.1829 -0.4401
vn -0.8791 -0.4401 -0.1829
vn -0.6995 -0.6603 -0.2733
vn -0.6995 -0.7146 -0.0002
vn -0.8791 -0.4766 0.0005
vn -0.8791 -0.3374 0.3366
vn -0.6995 -0.5052 0.5055
vn -0.6995 -0.2736 0.6602
vn -0.8791 -0.1819 0.4405
vn -0.8791 0.1819 0.4405
vn -0.6995 0.2736 0.6602
vn -0.6995 0.5052 0.5055
vn -0.8791 0.3374 0.3366
vn -0.8791 0.4766 0.0005
vn -0.6995 0.7146 -0.0002
vn -0.7011 0.6588 -0.2729
vn -0.8796 0.4394 -0.1820
vn -0.6995 0.5055 -0.5052
vn -0.8791 0.3366 -0.3374
vn -0.9994 -0.0000 0.0352
vn -0.9994 0.0135 0.0325
vn -0.8774 -0.3392 -0.3392
vn -0.9994 0.0249 0.0249
vn -0.9994 0.0325 0.0135
vn -0.9994 0.0352 -0.0000
vn -0.8774 -0.4432 0.1836
vn -0.9994 0.0325 -0.0135
vn -0.9994 0.0249 -0.0249
vn -0.9994 0.0135 -0.0325
vn -0.8774 -0.0000 0.4797
vn -0.9994 -0.0000 -0.0352
vn -0.9994 -0.0135 -0.0325
vn -0.9994 -0.0249 -0.0249
vn -0.8774 0.4432 0.1836
vn -0.9994 -0.0325 -0.0135
vn -0.9994 -0.0352 -0.0000
vn -0.9994 -0.0325 0.0135
vn -0.9994 -0.0249 0.0249
vn -0.8774 0.1836 -0.4432
vn -0.9994 -0.0135 0.0325
vn -0.9708 -0.0919 0.2218
vn -0.9708 -0.0000 0.2400
vn -0.9708 -0.1697 0.1697
vn -0.9708 -0.2218 0.0919
vn -0.9708 -0.2400 -0.0000
vn -0.9708 -0.2218 -0.0919
vn -0.9708 -0.1697 -0.1697
vn -0.9708 -0.0919 -0.2218
vn -0.9708 -0.0000 -0.2400
vn -0.9708 0.0919 -0.2218
vn -0.9708 0.1697 -0.1697
vn -0.9708 0.2218 -0.0919
vn -0.9708 0.2400 -0.0000
vn -0.9708 0.2218 0.0919
vn -0.9708 0.1697 0.1697
vn -0.9708 0.0919 0.2218
vn -0.6351 -0.0000 0.7724
vn -0.6351 0.2956 0.7136
vn -0.6351 0.5462 0.5462
vn -0.6351 0.7136 0.2956
vn -0.6351 0.7724 -0.0000
vn -0.6351 0.7136 -0.2956
vn -0.6351 0.5462 -0.5462
vn -0.6351 0.2956 -0.7136
vn -0.6351 -0.0000 -0.7724
vn -0.6351 -0.2956 -0.7136
vn -0.6351 -0.5462 -0.5462
vn -0.6351 -0.7136 -0.2956
vn -0.6351 -0.7724 -0.0000
vn -0.6351 -0.7136 0.2956
vn -0.6351 -0.5462 0.5462
vn -0.6351 -0.2956 0.7136
vn -0.6910 -0.4008 -0.6016
vn -0.6950 -0.5084 -0.5084
vn -0.6910 -0.6016 -0.4008
vn -0.6910 -0.7092 0.1401
vn -0.6950 -0.6643 0.2751
vn -0.6910 -0.6005 0.4024
vn -0.6910 -0.1420 0.7088
vn -0.6950 -0.0000 0.7190
vn -0.6910 0.1420 0.7088
vn -0.6910 0.6005 0.4024
vn -0.6950 0.6643 0.2751
vn -0.6910 0.7092 0.1401
vn -0.6910 0.4024 -0.6005
vn -0.6950 0.2751 -0.6643
vn -0.6910 0.1401 -0.7092
vn -0.6948 -0.5086 -0.5085
vn -0.6911 -0.4026 -0.6003
vn -0.6911 -0.6003 -0.4026
vn -0.6948 -0.6645 0.2752
vn -0.6911 -0.7086 0.1422
vn -0.6911 -0.6016 0.4005
vn -0.6948 -0.0000 0.7192
vn -0.6911 -0.1398 0.7091
vn -0.6911 0.1398 0.7091
vn -0.6948 0.6645 0.2752
vn -0.6911 0.6016 0.4005
vn -0.6911 0.7086 0.1422
vn -0.6948 0.2752 -0.6645
vn -0.6911 0.4005 -0.6016
vn -0.6911 0.1422 -0.7086
vn -0.8130 -0.2599 -0.5210
vn -0.7165 -0.5852 -0.3796
vn -0.9730 -0.2131 0.0883
vn -0.9822 0.1736 -0.0719
vn 0.9287 0.3434 0.1402
vn 0.3697 0.8574 0.3580
vn 0.1708 0.6851 0.7082
vn 0.5534 0.1776 0.8137
vn -0.9835 -0.0010 -0.1807
vn -0.9721 0.0009 0.2346
vn -0.6945 0.6086 0.3838
vn -0.8115 0.5843 0.0041
vn 0.5534 -0.4498 -0.7010
vn 0.1708 -0.0163 -0.9852
vn 0.3697 0.3531 -0.8594
vn 0.9287 0.1437 -0.3420
vn -0.8183 -0.5706 0.0701
vn -0.7271 -0.5536 0.4061
vn 0.1727 0.7294 -0.6619
vn 0.6149 0.7765 -0.1379
vn -0.9855 -0.1568 -0.0642
vn -0.9705 0.2229 0.0917
vn -0.6904 0.5916 -0.4164
vn -0.8161 0.2296 -0.5303
vn -0.6904 0.7127 -0.1239
vn -0.8161 0.5374 0.2126
vn -0.8206 -0.1655 0.5470
vn -0.7143 0.1548 0.6825
vn -0.8183 -0.4530 0.3539
vn -0.7271 -0.6786 0.1043
vn 0.1578 -0.9124 -0.3776
vn 0.5219 -0.8448 0.1181
vn -0.9855 -0.0655 0.1563
vn -0.9705 0.0928 -0.2224
vn -0.7143 -0.3731 -0.5920
vn -0.8206 -0.5038 -0.2698
vn 0.6083 0.1496 -0.7795
vn 0.1605 -0.3366 -0.9279
vn -0.6945 0.1589 -0.7017
vn -0.8115 0.4103 -0.4161
vn -0.8130 0.1846 0.5522
vn -0.7165 -0.1454 0.6822
vn 0.1508 -0.6880 0.7099
vn 0.5535 -0.2046 0.8073
vn 0.3505 -0.6650 -0.6595
vn 0.9178 -0.2788 -0.2828
vn 0.5535 -0.7155 -0.4261
vn 0.1508 -0.9884 -0.0155
vn 0.1605 0.4181 0.8941
vn 0.6083 0.6570 0.4454
vn 0.3386 -0.8693 0.3601
vn 0.9105 -0.3821 0.1583
vn 0.5219 -0.6809 0.5139
vn 0.1578 -0.3782 0.9122
vn -0.9835 0.1271 0.1285
vn -0.9721 -0.1652 -0.1665
vn 0.1727 0.9838 -0.0477
vn 0.6149 0.6465 -0.4515
vn 0.3505 -0.0038 0.9366
vn 0.9178 0.0028 0.3971
vn -0.7055 -0.0000 0.7087
vn -0.7055 0.2712 0.6547
vn -0.7055 0.5011 0.5011
vn -0.7055 0.6547 0.2712
vn -0.7055 0.7087 -0.0000
vn -0.7055 0.6547 -0.2712
vn -0.7055 0.5011 -0.5011
vn -0.7055 0.2712 -0.6547
vn -0.7055 -0.0000 -0.7087
vn -0.7055 -0.2712 -0.6547
vn -0.7055 -0.5011 -0.5011
vn -0.7055 -0.6547 -0.2712
vn -0.7055 -0.7087 -0.0000
vn -0.7055 -0.6547 0.2712
vn -0.7055 -0.5011 0.5011
vn -0.7055 -0.2712 0.6547
vt 1.000000 0.500000
vt 0.937500 0.500000
vt 0.937500 1.000000
vt 1.000000 1.000000
vt 0.875000 0.500000
vt 0.875000 1.000000
vt 0.812500 0.500000
vt 0.812500 1.000000
vt 0.750000 0.500000
vt 0.750000 1.000000
vt 0.687500 0.500000
vt 0.687500 1.000000
vt 0.625000 0.500000
vt 0.625000 1.000000
vt 0.562500 0.500000
vt 0.562500 1.000000
vt 0.500000 0.500000
vt 0.500000 1.000000
vt 0.437500 0.500000
vt 0.437500 1.000000
vt 0.375000 0.500000
vt 0.375000 1.000000
vt 0.312500 0.500000
vt 0.312500 1.000000
vt 0.250000 0.500000
vt 0.250000 1.000000
vt 0.187500 0.500000
vt 0.187500 1.000000
vt 0.125000 0.500000
vt 0.125000 1.000000
vt 0.114757 0.306019
vt 0.103614 0.250000
vt 0.062500 0.500000
vt 0.062500 1.000000
vt 0.000000 0.500000
vt 0.000000 1.000000
vt 0.750000 0.490000
vt 0.658156 0.471731
vt 0.580294 0.419706
vt 0.528269 0.341844
vt 0.510000 0.250000
vt 0.528269 0.158156
vt 0.580294 0.080294
vt 0.658156 0.028269
vt 0.750000 0.010000
vt 0.841844 0.028269
vt 0.919706 0.080294
vt 0.971731 0.158156
vt 0.990000 0.250000
vt 0.971731 0.341844
vt 0.919706 0.419705
vt 0.841844 0.471731
vt 0.250000 0.468947
vt 0.250000 0.490000
vt 0.341844 0.471731
vt 0.333788 0.452281
vt 0.419706 0.419705
vt 0.404819 0.404819
vt 0.471731 0.341844
vt 0.452281 0.333787
vt 0.490000 0.250000
vt 0.468947 0.250000
vt 0.471731 0.158156
vt 0.452281 0.166212
vt 0.419706 0.080294
vt 0.404819 0.095181
vt 0.341844 0.028269
vt 0.333787 0.047719
vt 0.250000 0.010000
vt 0.250000 0.031053
vt 0.158156 0.028269
vt 0.166213 0.047719
vt 0.080294 0.080294
vt 0.095181 0.095181
vt 0.028269 0.158156
vt 0.047719 0.166212
vt 0.010000 0.250000
vt 0.031053 0.250000
vt 0.028269 0.341844
vt 0.047719 0.333787
vt 0.080294 0.419706
vt 0.095181 0.404819
vt 0.158156 0.471731
vt 0.166213 0.452281
vt 0.182326 0.413380
vt 0.174269 0.432831
vt 0.250000 0.447894
vt 0.250000 0.426841
vt 0.124954 0.375046
vt 0.110068 0.389932
vt 0.086620 0.317674
vt 0.067169 0.325731
vt 0.073158 0.250000
vt 0.052106 0.250000
vt 0.086620 0.182325
vt 0.067169 0.174269
vt 0.124954 0.124954
vt 0.110068 0.110067
vt 0.182326 0.086619
vt 0.174269 0.067169
vt 0.250000 0.073158
vt 0.250000 0.052106
vt 0.317674 0.086620
vt 0.325731 0.067169
vt 0.375046 0.124954
vt 0.389933 0.110067
vt 0.413380 0.182325
vt 0.432831 0.174269
vt 0.426842 0.250000
vt 0.447894 0.250000
vt 0.413380 0.317674
vt 0.432831 0.325731
vt 0.375046 0.375046
vt 0.389932 0.389932
vt 0.317674 0.413380
vt 0.325731 0.432831
vt 0.250000 0.401087
vt 0.250000 0.405789
vt 0.309618 0.393930
vt 0.307819 0.389586
vt 0.360159 0.360159
vt 0.356835 0.356835
vt 0.393930 0.309618
vt 0.389586 0.307818
vt 0.405789 0.250000
vt 0.401087 0.250000
vt 0.393930 0.190382
vt 0.389586 0.192181
vt 0.360159 0.139841
vt 0.356835 0.143165
vt 0.309618 0.106070
vt 0.307819 0.110413
vt 0.250000 0.094211
vt 0.250000 0.098913
vt 0.190382 0.106070
vt 0.192181 0.110413
vt 0.139841 0.139841
vt 0.143165 0.143165
vt 0.106070 0.190382
vt 0.110413 0.192181
vt 0.094211 0.250000
vt 0.098913 0.250000
vt 0.106070 0.309618
vt 0.110413 0.307818
vt 0.139841 0.360159
vt 0.143165 0.356835
vt 0.190382 0.393930
vt 0.192181 0.389586
vt 0.267085 0.291248
vt 0.281569 0.281570
vt 0.291248 0.267085
vt 0.294646 0.250000
vt 0.291248 0.232914
vt 0.281570 0.218430
vt 0.267085 0.208752
vt 0.250000 0.205354
vt 0.232915 0.208752
vt 0.218430 0.218430
vt 0.208752 0.232914
vt 0.205354 0.250000
vt 0.208752 0.267085
vt 0.218430 0.281570
vt 0.232915 0.291248
vt 0.250000 0.294646
vt 0.353510 0.146490
vt 0.385243 0.193980
vt 0.146490 0.353510
vt 0.306019 0.114757
vt 0.193981 0.385243
vt 0.250000 0.103614
vt 0.306019 0.385243
vt 0.250000 0.396386
vt 0.193981 0.114757
vt 0.353510 0.353510
vt 0.146490 0.146489
vt 0.385243 0.306019
vt 0.114757 0.193980
vt 0.396386 0.250000
vt 0.250000 0.358758
vt 0.291620 0.350480
vt 0.350480 0.291620
vt 0.358758 0.250000
vt 0.326904 0.173096
vt 0.291620 0.149520
vt 0.208380 0.149520
vt 0.173096 0.173096
vt 0.141242 0.250000
vt 0.149520 0.291620
vt 0.173096 0.326904
vt 0.250000 0.326702
vt 0.279353 0.320864
vt 0.326904 0.326904
vt 0.304237 0.304237
vt 0.320864 0.279352
vt 0.326702 0.250000
vt 0.350480 0.208380
vt 0.320864 0.220647
vt 0.304237 0.195763
vt 0.279353 0.179136
vt 0.250000 0.141242
vt 0.250000 0.173298
vt 0.220647 0.179136
vt 0.195763 0.195763
vt 0.149520 0.208380
vt 0.179136 0.220647
vt 0.173298 0.250000
vt 0.179136 0.279353
vt 0.195763 0.304237
vt 0.208380 0.350480
vt 0.220647 0.320864
vt 0.226781 0.306056
vt 0.250000 0.310674
vt 0.207097 0.292903
vt 0.193944 0.273219
vt 0.189326 0.250000
vt 0.193944 0.226781
vt 0.207097 0.207097
vt 0.226781 0.193944
vt 0.250000 0.189326
vt 0.273219 0.193944
vt 0.292903 0.207097
vt 0.306056 0.226781
vt 0.310674 0.250000
vt 0.306056 0.273219
vt 0.292903 0.292903
vt 0.273219 0.306056
vt 0.311699 0.373108
vt 0.348495 0.348534
vt 0.373108 0.311699
vt 0.387348 0.240109
vt 0.378726 0.196709
vt 0.354114 0.159874
vt 0.293423 0.119322
vt 0.250027 0.110679
vt 0.206577 0.119322
vt 0.145886 0.159874
vt 0.121295 0.196659
vt 0.112652 0.240109
vt 0.159874 0.354114
vt 0.196659 0.378705
vt 0.240109 0.387348
vt 0.331919 0.331880
vt 0.302711 0.351409
vt 0.351409 0.302711
vt 0.356996 0.205651
vt 0.363861 0.240109
vt 0.337506 0.176482
vt 0.249973 0.134177
vt 0.284435 0.141021
vt 0.215565 0.141021
vt 0.142983 0.205701
vt 0.162494 0.176482
vt 0.136139 0.240109
vt 0.205701 0.357017
vt 0.176482 0.337506
vt 0.240109 0.363861
s 1
usemtl Material.001
f 2615/1946/2882 2713/1946/2883 2775/1947/2884 2613/1947/2885
f 2684/2032/2952 2653/2033/2952 2652/2034/2953 2685/2035/2953
f 2685/2035/2953 2652/2034/2953 2654/2036/2954 2686/2037/2954
f 2686/2037/2954 2654/2036/2954 2655/2038/2955 2687/2039/2955
f 2687/2039/2955 2655/2038/2955 2656/2040/2956 2688/2041/2956
f 2688/2041/2956 2656/2040/2956 2657/2042/2957 2689/2043/2957
f 2689/2043/2957 2657/2042/2957 2658/2044/2958 2690/2045/2958
f 2690/2045/2958 2658/2044/2958 2659/2046/2959 2691/2047/2959
f 2691/2047/2959 2659/2046/2959 2660/2048/2960 2692/2049/2960
f 2692/2049/2960 2660/2048/2960 2661/2050/2961 2693/2051/2961
f 2693/2051/2961 2661/2050/2961 2662/2052/2962 2694/2053/2962
f 2694/2053/2962 2662/2052/2962 2663/2054/2963 2695/2055/2963
f 2695/2055/2963 2663/2054/2963 2664/2056/2964 2696/2057/2964
f 2696/2057/2964 2664/2056/2964 2665/2058/2965 2697/2059/2965
f 2697/2059/2965 2665/2058/2965 2666/2060/2966 2698/2061/2966
f 2698/2061/2966 2666/2060/2966 2667/2062/2967 2699/2063/2967
f 2699/2063/2967 2667/2062/2967 2653/2033/2952 2684/2032/2952
f 2668/2064/2968 2670/2065/2968 2671/2066/2968 2672/2067/2968 2673/2068/2968 2674/2069/2968 2675/2070/2968 2676/2071/2968 2677/2072/2968 2678/2073/2968 2679/2074/2968 2680/2075/2968 2681/2076/2968 2682/2077/2968 2683/2078/2968 2669/2079/2968
f 2601/2080/2969 2769/2080/2970 2767/2081/2971 2599/2081/2972
f 2617/2082/2973 2777/2082/2974 2713/1946/2883 2615/1946/2882
f 2603/2083/2975 2771/2083/2976 2769/2080/2970 2601/2080/2969
f 2619/2084/2977 2776/2084/2978 2777/2082/2974 2617/2082/2973
f 2605/2085/2979 2770/2085/2980 2771/2083/2976 2603/2083/2975
f 2591/2086/2981 2765/2086/2982 2778/2087/2983 2589/2087/2984
f 2589/2087/2984 2778/2087/2983 2776/2084/2978 2619/2084/2977
f 2607/2088/2985 2772/2088/2986 2770/2085/2980 2605/2085/2979
f 2593/2089/2987 2764/2089/2988 2765/2086/2982 2591/2086/2981
f 2609/2090/2989 2774/2090/2990 2772/2088/2986 2607/2088/2985
f 2595/2091/2991 2766/2091/2992 2764/2089/2988 2593/2089/2987
f 2611/2092/2993 2773/2092/2994 2774/2090/2990 2609/2090/2989
f 2597/2093/2995 2768/2093/2996 2766/2091/2992 2595/2091/2991
f 2613/1947/2885 2775/1947/2884 2773/2092/2994 2611/2092/2993
f 2599/2081/2972 2767/2081/2971 2768/2093/2996 2597/2093/2995
f 2619/2084/2977 2699/2063/2959 2684/2032/2960 2589/2087/2984
f 2617/2082/2973 2698/2061/2958 2699/2063/2959 2619/2084/2977
f 2615/1946/2882 2697/2059/2957 2698/2061/2958 2617/2082/2973
f 2613/1947/2885 2696/2057/2956 2697/2059/2957 2615/1946/2882
f 2611/2092/2993 2695/2055/2955 2696/2057/2956 2613/1947/2885
f 2609/2090/2989 2694/2053/2954 2695/2055/2955 2611/2092/2993
f 2607/2088/2985 2693/2051/2953 2694/2053/2954 2609/2090/2989
f 2605/2085/2979 2692/2049/2952 2693/2051/2953 2607/2088/2985
f 2603/2083/2975 2691/2047/2967 2692/2049/2952 2605/2085/2979
f 2601/2080/2969 2690/2045/2966 2691/2047/2967 2603/2083/2975
f 2599/2081/2972 2689/2043/2965 2690/2045/2966 2601/2080/2969
f 2597/2093/2995 2688/2041/2964 2689/2043/2965 2599/2081/2972
f 2595/2091/2991 2687/2039/2963 2688/2041/2964 2597/2093/2995
f 2593/2089/2987 2686/2037/2962 2687/2039/2963 2595/2091/2991
f 2591/2086/2981 2685/2035/2961 2686/2037/2962 2593/2089/2987
f 2589/2087/2984 2684/2032/2960 2685/2035/2961 2591/2086/2981
f 2793/2094/2997 2778/2087/2998 2765/2086/2999 2780/2095/3000
f 2781/2096/3001 2766/2091/3002 2768/2093/3003 2783/2097/3004
f 2784/2098/3005 2769/2080/3006 2771/2083/3007 2786/2099/3008
f 2787/2100/3009 2772/2088/3010 2774/2090/3011 2789/2101/3012
f 2790/2102/3013 2775/1947/3014 2713/1946/3015 2729/2103/3016
f 2729/2103/3016 2713/1946/3015 2777/2082/3017 2792/2104/3018
f 2732/2105/3019 2793/2094/2997 2780/2095/3000 2733/2106/3020
f 2733/2106/3020 2780/2095/3000 2779/2107/3021 2734/2108/3022
f 2734/2108/3022 2779/2107/3021 2781/2096/3001 2735/2109/3023
f 2735/2109/3023 2781/2096/3001 2783/2097/3004 2736/2110/3024
f 2736/2110/3024 2783/2097/3004 2782/2111/3025 2737/2112/3026
f 2737/2112/3026 2782/2111/3025 2784/2098/3005 2738/2113/3027
f 2738/2113/3027 2784/2098/3005 2786/2099/3008 2739/2114/3028
f 2739/2114/3028 2786/2099/3008 2785/2115/3029 2740/2116/3030
f 2740/2116/3030 2785/2115/3029 2787/2100/3009 2741/2117/3031
f 2741/2117/3031 2787/2100/3009 2789/2101/3012 2742/2118/3032
f 2742/2118/3032 2789/2101/3012 2788/2119/3033 2743/2120/3034
f 2743/2120/3034 2788/2119/3033 2790/2102/3013 2744/2121/3035
f 2744/2121/3035 2790/2102/3013 2729/2103/3016 2745/2122/3036
f 2745/2122/3036 2729/2103/3016 2792/2104/3018 2746/2123/3037
f 2746/2123/3037 2792/2104/3018 2791/2124/3038 2747/2125/3039
f 2747/2125/3039 2791/2124/3038 2793/2094/2997 2732/2105/3019
f 2763/2126/3040 2747/2125/3039 2732/2105/3019 2748/2127/3041
f 2762/2128/3042 2746/2123/3037 2747/2125/3039 2763/2126/3040
f 2761/2129/3043 2745/2122/3036 2746/2123/3037 2762/2128/3042
f 2760/2130/3044 2744/2121/3035 2745/2122/3036 2761/2129/3043
f 2759/2131/3045 2743/2120/3034 2744/2121/3035 2760/2130/3044
f 2758/2132/3046 2742/2118/3032 2743/2120/3034 2759/2131/3045
f 2757/2133/3047 2741/2117/3031 2742/2118/3032 2758/2132/3046
f 2756/2134/3048 2740/2116/3030 2741/2117/3031 2757/2133/3047
f 2755/2135/3049 2739/2114/3028 2740/2116/3030 2756/2134/3048
f 2754/2136/3050 2738/2113/3027 2739/2114/3028 2755/2135/3049
f 2753/2137/3051 2737/2112/3026 2738/2113/3027 2754/2136/3050
f 2752/2138/3052 2736/2110/3024 2737/2112/3026 2753/2137/3051
f 2751/2139/3053 2735/2109/3023 2736/2110/3024 2752/2138/3052
f 2750/2140/3054 2734/2108/3022 2735/2109/3023 2751/2139/3053
f 2749/2141/3055 2733/2106/3020 2734/2108/3022 2750/2140/3054
f 2748/2127/3041 2732/2105/3019 2733/2106/3020 2749/2141/3055
f 2669/2079/3056 2748/2127/3056 2749/2141/3057 2668/2064/3057
f 2668/2064/3057 2749/2141/3057 2750/2140/3058 2670/2065/3058
f 2670/2065/3058 2750/2140/3058 2751/2139/3059 2671/2066/3059
f 2671/2066/3059 2751/2139/3059 2752/2138/3060 2672/2067/3060
f 2672/2067/3060 2752/2138/3060 2753/2137/3061 2673/2068/3061
f 2673/2068/3061 2753/2137/3061 2754/2136/3062 2674/2069/3062
f 2674/2069/3062 2754/2136/3062 2755/2135/3063 2675/2070/3063
f 2675/2070/3063 2755/2135/3063 2756/2134/3064 2676/2071/3064
f 2676/2071/3064 2756/2134/3064 2757/2133/3065 2677/2072/3065
f 2677/2072/3065 2757/2133/3065 2758/2132/3066 2678/2073/3066
f 2678/2073/3066 2758/2132/3066 2759/2131/3067 2679/2074/3067
f 2679/2074/3067 2759/2131/3067 2760/2130/3068 2680/2075/3068
f 2680/2075/3068 2760/2130/3068 2761/2129/3069 2681/2076/3069
f 2681/2076/3069 2761/2129/3069 2762/2128/3070 2682/2077/3070
f 2682/2077/3070 2762/2128/3070 2763/2126/3071 2683/2078/3071
f 2683/2078/3071 2763/2126/3071 2748/2127/3056 2669/2079/3056
f 2700/2142/3072 2765/2086/2999 2764/2089/3073 2702/2143/3073
f 2702/2143/3073 2764/2089/3073 2766/2091/3002 2703/2144/3074
f 2704/2145/3075 2768/2093/3003 2767/2081/3076 2705/2146/3076
f 2705/2146/3076 2767/2081/3076 2769/2080/3006 2706/2147/3077
f 2707/2148/3078 2771/2083/3007 2770/2085/3079 2708/2149/3079
f 2708/2149/3079 2770/2085/3079 2772/2088/3010 2709/2150/3080
f 2710/2151/3081 2774/2090/3011 2773/2092/3082 2711/2152/3082
f 2711/2152/3082 2773/2092/3082 2775/1947/3014 2712/2153/3083
f 2714/2154/3084 2777/2082/3017 2776/2084/3085 2715/2155/3085
f 2715/2155/3085 2776/2084/3085 2778/2087/2998 2701/2156/3086
f 2718/2157/3087 2779/2107/3021 2780/2095/3000 2716/2158/3088
f 2719/2159/3089 2781/2096/3001 2779/2107/3021 2718/2157/3087
f 2721/2160/3090 2782/2111/3025 2783/2097/3004 2720/2161/3091
f 2722/2162/3092 2784/2098/3005 2782/2111/3025 2721/2160/3090
f 2724/2163/3093 2785/2115/3029 2786/2099/3008 2723/2164/3094
f 2725/2165/3095 2787/2100/3009 2785/2115/3029 2724/2163/3093
f 2727/2166/3096 2788/2119/3033 2789/2101/3012 2726/2167/3097
f 2728/2168/3098 2790/2102/3013 2788/2119/3033 2727/2166/3096
f 2731/2169/3099 2791/2124/3038 2792/2104/3018 2730/2170/3100
f 2717/2171/3101 2793/2094/2997 2791/2124/3038 2731/2169/3099
f 2701/2156/3086 2778/2087/2998 2793/2094/2997 2717/2171/3101
f 2716/2158/3088 2780/2095/3000 2765/2086/2999 2700/2142/3072
f 2703/2144/3074 2766/2091/3002 2781/2096/3001 2719/2159/3089
f 2720/2161/3091 2783/2097/3004 2768/2093/3003 2704/2145/3075
f 2706/2147/3077 2769/2080/3006 2784/2098/3005 2722/2162/3092
f 2723/2164/3094 2786/2099/3008 2771/2083/3007 2707/2148/3078
f 2709/2150/3080 2772/2088/3010 2787/2100/3009 2725/2165/3095
f 2726/2167/3097 2789/2101/3012 2774/2090/3011 2710/2151/3081
f 2712/2153/3083 2775/1947/3014 2790/2102/3013 2728/2168/3098
f 2730/2170/3100 2792/2104/3018 2777/2082/3017 2714/2154/3084
f 2706/2147/3102 2800/2147/3103 2799/2146/3104 2705/2146/3105
f 2727/2166/3106 2820/2166/3107 2821/2168/3108 2728/2168/3109
f 2708/2149/3110 2802/2149/3111 2801/2148/3112 2707/2148/3113
f 2730/2170/3114 2822/2170/3115 2823/2169/3116 2731/2169/3117
f 2709/2150/3118 2803/2150/3119 2802/2149/3111 2708/2149/3110
f 2731/2169/3117 2823/2169/3116 2810/2171/3120 2717/2171/3121
f 2711/2152/3122 2805/2152/3123 2804/2151/3124 2710/2151/3125
f 2717/2171/3121 2810/2171/3120 2795/2156/3126 2701/2156/3127
f 2712/2153/3128 2806/2153/3129 2805/2152/3123 2711/2152/3122
f 2700/2142/3130 2794/2142/3131 2809/2158/3132 2716/2158/3133
f 2715/2155/3134 2808/2155/3135 2807/2154/3136 2714/2154/3137
f 2719/2159/3138 2812/2159/3139 2797/2144/3140 2703/2144/3141
f 2701/2156/3127 2795/2156/3126 2808/2155/3135 2715/2155/3134
f 2704/2145/3142 2798/2145/3143 2813/2161/3144 2720/2161/3145
f 2716/2158/3133 2809/2158/3132 2811/2157/3146 2718/2157/3147
f 2722/2162/3148 2815/2162/3149 2800/2147/3103 2706/2147/3102
f 2718/2157/3147 2811/2157/3146 2812/2159/3139 2719/2159/3138
f 2707/2148/3113 2801/2148/3112 2816/2164/3150 2723/2164/3151
f 2720/2161/3145 2813/2161/3144 2814/2160/3152 2721/2160/3153
f 2725/2165/3154 2818/2165/3155 2803/2150/3119 2709/2150/3118
f 2721/2160/3153 2814/2160/3152 2815/2162/3149 2722/2162/3148
f 2702/2143/3156 2796/2143/3157 2794/2142/3131 2700/2142/3130
f 2710/2151/3125 2804/2151/3124 2819/2167/3158 2726/2167/3159
f 2723/2164/3151 2816/2164/3150 2817/2163/3160 2724/2163/3161
f 2703/2144/3141 2797/2144/3140 2796/2143/3157 2702/2143/3156
f 2728/2168/3109 2821/2168/3108 2806/2153/3129 2712/2153/3128
f 2724/2163/3161 2817/2163/3160 2818/2165/3155 2725/2165/3154
f 2705/2146/3105 2799/2146/3104 2798/2145/3143 2704/2145/3142
f 2714/2154/3137 2807/2154/3136 2822/2170/3115 2730/2170/3114
f 2726/2167/3159 2819/2167/3158 2820/2166/3107 2727/2166/3106
usemtl Material.002
f 2588/1916/2867 2590/1917/2868 2620/1918/2868 2621/1919/2867
f 2590/1917/2868 2592/1920/2869 2622/1921/2869 2620/1918/2868
f 2592/1920/2869 2594/1922/2870 2623/1923/2870 2622/1921/2869
f 2594/1922/2870 2596/1924/2871 2624/1925/2871 2623/1923/2870
f 2596/1924/2871 2598/1926/2872 2625/1927/2872 2624/1925/2871
f 2598/1926/2872 2600/1928/2873 2626/1929/2873 2625/1927/2872
f 2600/1928/2873 2602/1930/2874 2627/1931/2874 2626/1929/2873
f 2602/1930/2874 2604/1932/2875 2628/1933/2875 2627/1931/2874
f 2604/1932/2875 2606/1934/2876 2629/1935/2876 2628/1933/2875
f 2606/1934/2876 2608/1936/2877 2630/1937/2877 2629/1935/2876
f 2608/1936/2877 2610/1938/2878 2631/1939/2878 2630/1937/2877
f 2610/1938/2878 2612/1940/2879 2632/1941/2879 2631/1939/2878
f 2612/1940/2879 2614/1942/2880 2633/1943/2880 2632/1941/2879
f 2614/1942/2880 2616/1944/2881 2634/1945/2881 2633/1943/2880
f 2616/1944/2881 2618/1948/2886 2635/1949/2886 2634/1945/2881
f 2618/1948/2886 2588/1950/2867 2621/1951/2867 2635/1949/2886
f 2588/1952/2887 2618/1953/2887 2616/1954/2887 2614/1955/2887 2612/1956/2887 2610/1957/2887 2608/1958/2887 2606/1959/2887 2604/1960/2887 2602/1961/2887 2600/1962/2887 2598/1963/2887 2596/1964/2887 2594/1965/2887 2592/1966/2887 2590/1967/2887
f 2855/1968/2888 2621/1969/2889 2620/1970/2890 2840/1971/2891
f 2840/1971/2891 2620/1970/2890 2622/1972/2892 2841/1973/2893
f 2841/1973/2893 2622/1972/2892 2623/1974/2894 2842/1975/2895
f 2842/1975/2895 2623/1974/2894 2624/1976/2896 2843/1977/2897
f 2843/1977/2897 2624/1976/2896 2625/1978/2898 2844/1979/2899
f 2844/1979/2899 2625/1978/2898 2626/1980/2900 2845/1981/2901
f 2845/1981/2901 2626/1980/2900 2627/1982/2902 2846/1983/2903
f 2846/1983/2903 2627/1982/2902 2628/1984/2904 2847/1985/2905
f 2847/1985/2905 2628/1984/2904 2629/1986/2906 2848/1987/2907
f 2848/1987/2907 2629/1986/2906 2630/1988/2908 2849/1989/2909
f 2849/1989/2909 2630/1988/2908 2631/1990/2910 2850/1991/2911
f 2850/1991/2911 2631/1990/2910 2632/1992/2912 2851/1993/2913
f 2851/1993/2913 2632/1992/2912 2633/1994/2914 2852/1995/2915
f 2852/1995/2915 2633/1994/2914 2634/1996/2916 2853/1997/2917
f 2853/1997/2917 2634/1996/2916 2635/1998/2918 2854/1999/2919
f 2854/1999/2919 2635/1998/2918 2621/1969/2889 2855/1968/2888
f 2839/2000/2920 2651/2001/2921 2636/2002/2922 2824/2003/2923
f 2838/2004/2924 2650/2005/2925 2651/2001/2921 2839/2000/2920
f 2837/2006/2926 2649/2007/2927 2650/2005/2925 2838/2004/2924
f 2836/2008/2928 2648/2009/2929 2649/2007/2927 2837/2006/2926
f 2835/2010/2930 2647/2011/2931 2648/2009/2929 2836/2008/2928
f 2834/2012/2932 2646/2013/2933 2647/2011/2931 2835/2010/2930
f 2833/2014/2934 2645/2015/2935 2646/2013/2933 2834/2012/2932
f 2832/2016/2936 2644/2017/2937 2645/2015/2935 2833/2014/2934
f 2831/2018/2938 2643/2019/2939 2644/2017/2937 2832/2016/2936
f 2830/2020/2940 2642/2021/2941 2643/2019/2939 2831/2018/2938
f 2829/2022/2942 2641/2023/2943 2642/2021/2941 2830/2020/2940
f 2828/2024/2944 2640/2025/2945 2641/2023/2943 2829/2022/2942
f 2827/2026/2946 2639/2027/2947 2640/2025/2945 2828/2024/2944
f 2826/2028/2948 2638/2029/2949 2639/2027/2947 2827/2026/2946
f 2825/2030/2950 2637/2031/2951 2638/2029/2949 2826/2028/2948
f 2824/2003/2923 2636/2002/2922 2637/2031/2951 2825/2030/2950
f 2653/2033/3162 2824/2003/2923 2825/2030/2950 2652/2034/3163
f 2652/2034/3163 2825/2030/2950 2826/2028/2948 2654/2036/3164
f 2654/2036/3164 2826/2028/2948 2827/2026/2946 2655/2038/3165
f 2655/2038/3165 2827/2026/2946 2828/2024/2944 2656/2040/3166
f 2656/2040/3166 2828/2024/2944 2829/2022/2942 2657/2042/3167
f 2657/2042/3167 2829/2022/2942 2830/2020/2940 2658/2044/3168
f 2658/2044/3168 2830/2020/2940 2831/2018/2938 2659/2046/3169
f 2659/2046/3169 2831/2018/2938 2832/2016/2936 2660/2048/3170
f 2660/2048/3170 2832/2016/2936 2833/2014/2934 2661/2050/3171
f 2661/2050/3171 2833/2014/2934 2834/2012/2932 2662/2052/3172
f 2662/2052/3172 2834/2012/2932 2835/2010/2930 2663/2054/3173
f 2663/2054/3173 2835/2010/2930 2836/2008/2928 2664/2056/3174
f 2664/2056/3174 2836/2008/2928 2837/2006/2926 2665/2058/3175
f 2665/2058/3175 2837/2006/2926 2838/2004/2924 2666/2060/3176
f 2666/2060/3176 2838/2004/2924 2839/2000/2920 2667/2062/3177
f 2667/2062/3177 2839/2000/2920 2824/2003/2923 2653/2033/3162
f 2651/2001/2921 2854/1999/2919 2855/1968/2888 2636/2002/2922
f 2650/2005/2925 2853/1997/2917 2854/1999/2919 2651/2001/2921
f 2649/2007/2927 2852/1995/2915 2853/1997/2917 2650/2005/2925
f 2648/2009/2929 2851/1993/2913 2852/1995/2915 2649/2007/2927
f 2647/2011/2931 2850/1991/2911 2851/1993/2913 2648/2009/2929
f 2646/2013/2933 2849/1989/2909 2850/1991/2911 2647/2011/2931
f 2645/2015/2935 2848/1987/2907 2849/1989/2909 2646/2013/2933
f 2644/2017/2937 2847/1985/2905 2848/1987/2907 2645/2015/2935
f 2643/2019/2939 2846/1983/2903 2847/1985/2905 2644/2017/2937
f 2642/2021/2941 2845/1981/2901 2846/1983/2903 2643/2019/2939
f 2641/2023/2943 2844/1979/2899 2845/1981/2901 2642/2021/2941
f 2640/2025/2945 2843/1977/2897 2844/1979/2899 2641/2023/2943
f 2639/2027/2947 2842/1975/2895 2843/1977/2897 2640/2025/2945
f 2638/2029/2949 2841/1973/2893 2842/1975/2895 2639/2027/2947
f 2637/2031/2951 2840/1971/2891 2841/1973/2893 2638/2029/2949
f 2636/2002/2922 2855/1968/2888 2840/1971/2891 2637/2031/2951
usemtl Material.007
f 2794/2142/3131 2796/2143/3157 2797/2144/3140 2812/2159/3139 2811/2157/3146 2809/2158/3132
f 2798/2145/3143 2799/2146/3104 2800/2147/3103 2815/2162/3149 2814/2160/3152 2813/2161/3144
f 2801/2148/3112 2802/2149/3111 2803/2150/3119 2818/2165/3155 2817/2163/3160 2816/2164/3150
f 2804/2151/3124 2805/2152/3123 2806/2153/3129 2821/2168/3108 2820/2166/3107 2819/2167/3158
f 2807/2154/3136 2808/2155/3135 2795/2156/3126 2810/2171/3120 2823/2169/3116 2822/2170/3115
