# Blender 5.1.0
# www.blender.org
mtllib pecera.mtl
g Dirt_Cube.002
v -0.987445 -0.949779 2.335651
v -0.987445 -0.733095 2.335651
v -0.987445 -0.949780 -2.335651
v -0.987445 -0.703587 -2.335651
v 0.987445 -0.949779 2.335651
v 0.987445 -0.716381 2.335651
v 0.987445 -0.949780 -2.335651
v 0.987445 -0.723304 -2.335651
v -0.987445 -0.949950 -1.816617
v -0.987445 -0.953858 -1.297584
v -0.987445 -0.950032 -0.778550
v -0.987445 -0.949075 -0.259517
v -0.987445 -0.947397 0.259517
v -0.988252 -0.945128 0.773579
v -0.987445 -0.949779 1.297584
v -0.987445 -0.949779 1.816617
v -0.987445 -0.822250 1.816617
v -0.987445 -0.822250 1.297584
v -0.987445 -0.749001 0.778550
v -0.987445 -0.710898 0.259517
v -0.987445 -0.734368 -0.259517
v -0.987445 -0.703507 -0.778550
v -0.987445 -0.816804 -1.297584
v -0.987445 -0.796707 -1.816617
v 0.987445 -0.949779 1.816617
v 0.987445 -0.949779 1.297584
v 0.987445 -0.949779 0.778550
v 0.987445 -0.949780 0.259517
v 0.987445 -0.949780 -0.259517
v 0.987445 -0.949780 -0.778550
v 0.987445 -0.949780 -1.297584
v 0.987445 -0.949780 -1.816617
v 0.987445 -0.780589 -1.816617
v 0.987445 -0.884743 -1.297584
v 0.987445 -0.863912 -0.778550
v 0.987445 -0.770173 -0.259517
v 0.987445 -0.702176 0.259517
v 0.987445 -0.711507 0.778550
v 0.987445 -0.785796 1.297584
v 0.987445 -0.782426 1.816617
v 0.592467 -0.949780 -2.335651
v 0.197489 -0.949780 -2.335651
v -0.197489 -0.949780 -2.335651
v -0.592467 -0.949780 -2.335651
v -0.592467 -0.780976 -2.335651
v -0.197489 -0.864689 -2.335651
v 0.197489 -0.880604 -2.335651
v 0.592467 -0.822250 -2.335651
v -0.592467 -0.949779 2.335651
v -0.197489 -0.949779 2.335651
v 0.197489 -0.949779 2.335651
v 0.592467 -0.949779 2.335651
v 0.592467 -0.834013 2.335651
v 0.197489 -0.799961 2.335651
v -0.197489 -0.783245 2.335651
v -0.592467 -0.838966 2.335651
v -0.592467 -0.833348 -1.816617
v -0.197489 -0.841306 -1.816617
v 0.197489 -0.833348 -1.816617
v 0.592467 -0.822503 -1.816617
v -0.592467 -0.824497 -1.297584
v -0.197489 -0.862669 -1.297584
v 0.197489 -0.848441 -1.297584
v 0.592467 -0.826454 -1.297584
v -0.592467 -0.776712 -0.778550
v -0.197489 -0.832232 -0.778550
v 0.197489 -0.833348 -0.778550
v 0.592467 -0.822503 -0.778550
v -0.592467 -0.736256 -0.259517
v -0.197489 -0.760690 -0.259517
v 0.197489 -0.786738 -0.259517
v 0.592467 -0.821441 -0.259517
v -0.592467 -0.706447 0.259517
v -0.197489 -0.701850 0.259517
v 0.197489 -0.738439 0.259517
v 0.592467 -0.808799 0.259517
v -0.592467 -0.759908 0.778550
v -0.197489 -0.760690 0.778550
v 0.197489 -0.786738 0.778550
v 0.592467 -0.821441 0.778550
v -0.592467 -0.822250 1.297584
v -0.197489 -0.822250 1.297584
v 0.197489 -0.822250 1.297584
v 0.592467 -0.822250 1.297584
v -0.592467 -0.822250 1.816617
v -0.197489 -0.822250 1.816617
v 0.197489 -0.822250 1.816617
v 0.592467 -0.822250 1.816617
v 0.592467 -0.949950 -1.816617
v 0.197489 -0.960210 -1.816617
v -0.197489 -0.967902 -1.816617
v -0.592467 -0.960210 -1.816617
v 0.592467 -0.953599 -1.297584
v 0.197489 -0.974807 -1.297584
v -0.197489 -0.988394 -1.297584
v -0.592467 -0.964261 -1.297584
v 0.592467 -0.949949 -0.778550
v 0.197489 -0.960209 -0.778550
v -0.197489 -0.966596 -0.778550
v -0.592467 -0.920108 -0.778550
v 0.592467 -0.949237 -0.259517
v 0.197489 -0.916404 -0.259517
v -0.197489 -0.944528 -0.259517
v -0.592467 -0.880331 -0.259517
v 0.592467 -0.937559 0.259517
v 0.197489 -0.869692 0.259517
v -0.197489 -0.944190 0.259517
v -0.592467 -0.942107 0.259517
v 0.592467 -0.949237 0.778550
v 0.197489 -0.916404 0.778550
v -0.197489 -0.891265 0.778550
v -0.592467 -0.890682 0.778550
v 0.592467 -0.949779 1.297584
v 0.197489 -0.949779 1.297584
v -0.197489 -0.949779 1.297584
v -0.592467 -0.949779 1.297584
v 0.592467 -0.949779 1.816617
v 0.197489 -0.949779 1.816617
v -0.197489 -0.949779 1.816617
v -0.592467 -0.949779 1.816617
vn -0.7191 -0.6949 -0.0062
vn -0.6932 0.7188 0.0541
vn -0.5304 0.6700 -0.5193
vn -0.5853 -0.5704 -0.5763
vn 0.0047 -0.7052 -0.7089
vn -0.0917 0.6911 -0.7169
vn 0.5242 0.6588 -0.5396
vn 0.5823 -0.5748 -0.5749
vn 0.7116 -0.7026 -0.0000
vn 0.6740 0.7384 -0.0204
vn 0.5164 0.6681 0.5357
vn 0.5822 -0.5749 0.5749
vn -0.0000 -0.7071 0.7071
vn 0.0210 0.6748 0.7377
vn -0.5324 0.6614 0.5283
vn -0.5822 -0.5749 0.5749
vn -0.0000 -1.0000 -0.0000
vn 0.0156 0.9996 -0.0227
vn -0.7093 0.7045 -0.0244
vn 0.0952 0.7309 -0.6758
vn 0.0929 0.9946 0.0470
vn -0.7145 0.6979 -0.0500
vn 0.0834 0.9952 -0.0512
vn -0.6465 0.7604 -0.0617
vn 0.1033 0.9909 -0.0863
vn -0.7081 0.7057 -0.0214
vn 0.0542 0.9965 -0.0631
vn -0.6974 0.7165 0.0129
vn 0.0063 0.9999 0.0148
vn -0.6996 0.7104 0.0775
vn 0.0045 0.9938 0.1109
vn -0.7247 0.6875 0.0450
vn 0.0037 0.9981 0.0621
vn 0.7125 -0.7017 -0.0013
vn 0.0145 -0.9999 -0.0079
vn 0.7133 -0.7008 -0.0000
vn 0.0224 -0.9997 -0.0000
vn 0.7124 -0.7018 0.0015
vn 0.0040 -0.9999 0.0162
vn 0.7087 -0.7055 0.0042
vn -0.0429 -0.9987 0.0277
vn 0.7060 -0.7083 -0.0000
vn -0.0715 -0.9974 -0.0000
vn 0.7086 -0.7056 -0.0042
vn -0.0462 -0.9986 -0.0251
vn 0.7114 -0.7027 -0.0002
vn -0.0106 -0.9999 -0.0083
vn 0.6755 0.7350 0.0586
vn 0.7634 0.6454 0.0257
vn 0.7471 0.6636 -0.0381
vn 0.6700 0.7397 -0.0625
vn 0.6091 0.7928 -0.0223
vn 0.6147 0.7879 0.0367
vn 0.6799 0.7328 0.0252
vn -0.7116 -0.7026 -0.0000
vn -0.6991 -0.7147 -0.0215
vn -0.6893 -0.7245 -0.0029
vn -0.6823 -0.7311 -0.0024
vn -0.6731 -0.7395 -0.0069
vn -0.6864 -0.7266 0.0311
vn -0.7103 -0.7037 0.0136
vn 0.0171 -0.9989 -0.0434
vn -0.0081 -0.9987 -0.0502
vn -0.0183 -0.9994 -0.0302
vn 0.0349 -0.9994 -0.0056
vn 0.0067 -0.9997 -0.0237
vn -0.0346 -0.9985 -0.0428
vn 0.0204 -0.9998 0.0089
vn 0.0261 -0.9994 0.0232
vn -0.0155 -0.9998 0.0128
vn -0.0013 -1.0000 -0.0046
vn -0.0126 -0.9995 0.0273
vn 0.0044 -0.9986 0.0519
vn -0.0198 -0.9984 0.0520
vn -0.0397 -0.9977 0.0553
vn 0.0201 -0.9990 0.0397
vn -0.0328 -0.9993 0.0196
vn -0.0193 -0.9998 0.0102
vn 0.0329 -0.9995 0.0003
vn -0.0223 -0.9996 -0.0172
vn -0.0033 -0.9996 -0.0281
vn 0.0224 -0.9995 -0.0223
vn -0.0080 -0.7004 -0.7138
vn -0.0000 -0.6973 -0.7168
vn 0.0080 -0.7004 -0.7138
vn -0.0588 0.9979 0.0258
vn -0.0624 0.9979 -0.0162
vn 0.0192 0.9993 0.0320
vn 0.0161 0.9997 -0.0173
vn 0.0085 0.9986 0.0530
vn -0.0123 0.9997 -0.0201
vn -0.0685 0.9966 0.0467
vn 0.0719 0.9948 0.0722
vn 0.0270 0.9941 0.1054
vn -0.0502 0.9986 -0.0142
vn 0.1053 0.9944 -0.0000
vn 0.0445 0.9990 0.0057
vn -0.0116 0.9976 -0.0682
vn 0.0688 0.9944 -0.0800
vn 0.0597 0.9930 -0.1019
vn 0.0254 0.9987 -0.0448
vn 0.0015 0.9985 -0.0553
vn 0.0588 0.9947 -0.0846
vn 0.0158 0.9997 0.0200
vn -0.0319 0.9995 -0.0022
vn 0.0328 0.9993 -0.0179
vn -0.0711 0.9969 0.0330
vn -0.0368 0.9992 -0.0149
vn 0.0390 0.9992 0.0017
vn -0.0256 0.6642 -0.7471
vn 0.0426 0.6785 -0.7333
vn -0.0515 0.6711 0.7396
vn 0.0232 0.7235 0.6900
vn -0.0182 0.7400 0.6724
vt 0.010401 0.622840
vt 0.032678 0.620884
vt 0.046379 0.676655
vt 0.020899 0.702096
vt 0.261925 0.712990
vt 0.260289 0.693735
vt 0.304163 0.677477
vt 0.328626 0.701214
vt 0.343361 0.098464
vt 0.319450 0.100469
vt 0.309180 0.044502
vt 0.334072 0.021505
vt 0.089601 0.003762
vt 0.092188 0.021110
vt 0.045287 0.039011
vt 0.021975 0.016855
vt 0.405860 0.935287
vt 0.405873 0.992072
vt 0.332185 0.992094
vt 0.332169 0.935305
vt 0.090499 0.097718
vt 0.032360 0.097498
vt 0.087315 0.690355
vt 0.089350 0.620115
vt 0.028440 0.545599
vt 0.088641 0.545972
vt 0.034320 0.468754
vt 0.090117 0.471190
vt 0.031288 0.396352
vt 0.089740 0.396623
vt 0.033761 0.322188
vt 0.090108 0.322151
vt 0.032889 0.249077
vt 0.089746 0.248069
vt 0.029791 0.172694
vt 0.089224 0.172815
vt 0.994998 0.935124
vt 0.994978 0.991853
vt 0.921367 0.991829
vt 0.921383 0.935095
vt 0.847755 0.991813
vt 0.847757 0.935074
vt 0.774142 0.991829
vt 0.774117 0.935078
vt 0.700504 0.991894
vt 0.700441 0.935118
vt 0.626848 0.992002
vt 0.626785 0.935254
vt 0.553209 0.992039
vt 0.553194 0.935289
vt 0.479552 0.992052
vt 0.479546 0.935278
vt 0.314812 0.623990
vt 0.338346 0.624954
vt 0.323486 0.550359
vt 0.333130 0.550246
vt 0.324232 0.471830
vt 0.336818 0.472935
vt 0.320820 0.394064
vt 0.346452 0.397121
vt 0.319084 0.320812
vt 0.354366 0.322265
vt 0.319324 0.249912
vt 0.352629 0.247846
vt 0.321935 0.174418
vt 0.345836 0.172944
vt 0.013484 0.095988
vt 0.011374 0.171621
vt 0.005048 0.247524
vt 0.000094 0.321254
vt 0.000311 0.396387
vt 0.000094 0.470706
vt 0.008016 0.546968
vt 0.479602 0.708134
vt 0.479504 0.764957
vt 0.405836 0.764913
vt 0.405856 0.708090
vt 0.479523 0.821689
vt 0.405838 0.821703
vt 0.479553 0.878494
vt 0.405849 0.878495
vt 0.554080 0.707756
vt 0.553401 0.764985
vt 0.553605 0.821570
vt 0.553339 0.878435
vt 0.627062 0.707600
vt 0.627280 0.764385
vt 0.627383 0.820958
vt 0.626687 0.878025
vt 0.700720 0.707318
vt 0.700829 0.764447
vt 0.700598 0.821387
vt 0.700206 0.878199
vt 0.774337 0.707712
vt 0.773956 0.764524
vt 0.774202 0.821530
vt 0.774113 0.878279
vt 0.847942 0.707955
vt 0.847809 0.764741
vt 0.847797 0.821571
vt 0.847770 0.878273
vt 0.921586 0.708087
vt 0.921485 0.764858
vt 0.921407 0.821599
vt 0.921392 0.878345
vt 0.995211 0.708198
vt 0.995125 0.764938
vt 0.995063 0.821665
vt 0.995022 0.878395
vt 0.262758 0.173980
vt 0.262663 0.099730
vt 0.205005 0.173539
vt 0.205635 0.099025
vt 0.147281 0.173123
vt 0.148010 0.098498
vt 0.261511 0.248164
vt 0.204328 0.248008
vt 0.146986 0.248013
vt 0.261229 0.321873
vt 0.203684 0.322190
vt 0.146737 0.322315
vt 0.262897 0.396289
vt 0.204910 0.396761
vt 0.147275 0.396828
vt 0.263963 0.472061
vt 0.205514 0.472145
vt 0.147803 0.472114
vt 0.263282 0.548356
vt 0.204767 0.547430
vt 0.146895 0.546734
vt 0.260135 0.622398
vt 0.203320 0.622234
vt 0.145912 0.621422
vt 0.203449 0.699317
vt 0.143745 0.698265
vt 0.263671 0.024844
vt 0.206050 0.023776
vt 0.149923 0.023847
vt 0.332125 0.764908
vt 0.332126 0.708084
vt 0.332137 0.821714
vt 0.332153 0.878512
vt 0.266702 0.006919
vt 0.207367 0.002439
vt 0.149576 0.000094
vt 0.085155 0.714943
vt 0.144287 0.710757
vt 0.203258 0.709587
s 1
g off
g Dirt_Dirt
usemtl Dirt
f 9/1/1 24/2/2 4/3/3 3/4/4
f 41/5/5 48/6/6 8/7/7 7/8/8
f 25/9/9 40/10/10 6/11/11 5/12/12
f 49/13/13 56/14/14 2/15/15 1/16/16
f 117/17/17 25/18/9 5/19/12 52/20/13
f 85/21/18 17/22/19 2/15/15 56/14/14
f 45/23/20 4/3/3 24/2/2 57/24/21
f 57/24/21 24/2/2 23/25/22 61/26/23
f 61/26/23 23/25/22 22/27/24 65/28/25
f 65/28/25 22/27/24 21/29/26 69/30/27
f 69/30/27 21/29/26 20/31/28 73/32/29
f 73/32/29 20/31/28 19/33/30 77/34/31
f 77/34/31 19/33/30 18/35/32 81/36/33
f 81/36/33 18/35/32 17/22/19 85/21/18
f 41/37/5 7/38/8 32/39/34 89/40/35
f 89/40/35 32/39/34 31/41/36 93/42/37
f 93/42/37 31/41/36 30/43/38 97/44/39
f 97/44/39 30/43/38 29/45/40 101/46/41
f 101/46/41 29/45/40 28/47/42 105/48/43
f 105/48/43 28/47/42 27/49/44 109/50/45
f 109/50/45 27/49/44 26/51/46 113/52/47
f 113/52/47 26/51/46 25/18/9 117/17/17
f 7/8/8 8/7/7 33/53/48 32/54/34
f 32/54/34 33/53/48 34/55/49 31/56/36
f 31/56/36 34/55/49 35/57/50 30/58/38
f 30/58/38 35/57/50 36/59/51 29/60/40
f 29/60/40 36/59/51 37/61/52 28/62/42
f 28/62/42 37/61/52 38/63/53 27/64/44
f 27/64/44 38/63/53 39/65/54 26/66/46
f 26/66/46 39/65/54 40/10/10 25/9/9
f 1/16/16 2/15/15 17/22/19 16/67/55
f 16/67/55 17/22/19 18/35/32 15/68/56
f 15/68/56 18/35/32 19/33/30 14/69/57
f 14/69/57 19/33/30 20/31/28 13/70/58
f 13/70/58 20/31/28 21/29/26 12/71/59
f 12/71/59 21/29/26 22/27/24 11/72/60
f 11/72/60 22/27/24 23/25/22 10/73/61
f 10/73/61 23/25/22 24/2/2 9/1/1
f 15/74/56 116/75/62 120/76/17 16/77/55
f 116/75/62 115/78/63 119/79/17 120/76/17
f 115/78/63 114/80/64 118/81/17 119/79/17
f 114/80/64 113/52/47 117/17/17 118/81/17
f 14/82/57 112/83/65 116/75/62 15/74/56
f 112/83/65 111/84/66 115/78/63 116/75/62
f 111/84/66 110/85/67 114/80/64 115/78/63
f 110/85/67 109/50/45 113/52/47 114/80/64
f 13/86/58 108/87/68 112/83/65 14/82/57
f 108/87/68 107/88/69 111/84/66 112/83/65
f 107/88/69 106/89/70 110/85/67 111/84/66
f 106/89/70 105/48/43 109/50/45 110/85/67
f 12/90/59 104/91/71 108/87/68 13/86/58
f 104/91/71 103/92/72 107/88/69 108/87/68
f 103/92/72 102/93/73 106/89/70 107/88/69
f 102/93/73 101/46/41 105/48/43 106/89/70
f 11/94/60 100/95/74 104/91/71 12/90/59
f 100/95/74 99/96/75 103/92/72 104/91/71
f 99/96/75 98/97/76 102/93/73 103/92/72
f 98/97/76 97/44/39 101/46/41 102/93/73
f 10/98/61 96/99/77 100/95/74 11/94/60
f 96/99/77 95/100/78 99/96/75 100/95/74
f 95/100/78 94/101/79 98/97/76 99/96/75
f 94/101/79 93/42/37 97/44/39 98/97/76
f 9/102/1 92/103/80 96/99/77 10/98/61
f 92/103/80 91/104/81 95/100/78 96/99/77
f 91/104/81 90/105/82 94/101/79 95/100/78
f 90/105/82 89/40/35 93/42/37 94/101/79
f 3/106/4 44/107/83 92/103/80 9/102/1
f 44/107/83 43/108/84 91/104/81 92/103/80
f 43/108/84 42/109/85 90/105/82 91/104/81
f 42/109/85 41/37/5 89/40/35 90/105/82
f 39/65/54 84/110/86 88/111/87 40/10/10
f 84/110/86 83/112/88 87/113/89 88/111/87
f 83/112/88 82/114/90 86/115/91 87/113/89
f 82/114/90 81/36/33 85/21/18 86/115/91
f 38/63/53 80/116/92 84/110/86 39/65/54
f 80/116/92 79/117/93 83/112/88 84/110/86
f 79/117/93 78/118/94 82/114/90 83/112/88
f 78/118/94 77/34/31 81/36/33 82/114/90
f 37/61/52 76/119/95 80/116/92 38/63/53
f 76/119/95 75/120/96 79/117/93 80/116/92
f 75/120/96 74/121/97 78/118/94 79/117/93
f 74/121/97 73/32/29 77/34/31 78/118/94
f 36/59/51 72/122/98 76/119/95 37/61/52
f 72/122/98 71/123/99 75/120/96 76/119/95
f 71/123/99 70/124/100 74/121/97 75/120/96
f 70/124/100 69/30/27 73/32/29 74/121/97
f 35/57/50 68/125/101 72/122/98 36/59/51
f 68/125/101 67/126/102 71/123/99 72/122/98
f 67/126/102 66/127/103 70/124/100 71/123/99
f 66/127/103 65/28/25 69/30/27 70/124/100
f 34/55/49 64/128/104 68/125/101 35/57/50
f 64/128/104 63/129/105 67/126/102 68/125/101
f 63/129/105 62/130/106 66/127/103 67/126/102
f 62/130/106 61/26/23 65/28/25 66/127/103
f 33/53/48 60/131/107 64/128/104 34/55/49
f 60/131/107 59/132/108 63/129/105 64/128/104
f 59/132/108 58/133/109 62/130/106 63/129/105
f 58/133/109 57/24/21 61/26/23 62/130/106
f 8/7/7 48/6/6 60/131/107 33/53/48
f 48/6/6 47/134/110 59/132/108 60/131/107
f 47/134/110 46/135/111 58/133/109 59/132/108
f 46/135/111 45/23/20 57/24/21 58/133/109
f 40/10/10 88/111/87 53/136/112 6/11/11
f 88/111/87 87/113/89 54/137/113 53/136/112
f 87/113/89 86/115/91 55/138/114 54/137/113
f 86/115/91 85/21/18 56/14/14 55/138/114
f 16/77/55 120/76/17 49/139/13 1/140/16
f 120/76/17 119/79/17 50/141/13 49/139/13
f 119/79/17 118/81/17 51/142/13 50/141/13
f 118/81/17 117/17/17 52/20/13 51/142/13
f 5/12/12 6/11/11 53/136/112 52/143/13
f 52/143/13 53/136/112 54/137/113 51/144/13
f 51/144/13 54/137/113 55/138/114 50/145/13
f 50/145/13 55/138/114 56/14/14 49/13/13
f 3/4/4 4/3/3 45/23/20 44/146/83
f 44/146/83 45/23/20 46/135/111 43/147/84
f 43/147/84 46/135/111 47/134/110 42/148/85
f 42/148/85 47/134/110 48/6/6 41/5/5
g Algae1_Plane
v 0.280346 0.512635 -0.372270
v -0.194655 -0.379255 -0.422022
v 0.275499 0.504695 -0.308184
v -0.196329 -0.380955 -0.411397
v 0.260856 0.340866 -0.397378
v 0.189607 0.183601 -0.327734
v 0.050604 0.071482 -0.318656
v -0.032767 -0.002115 -0.343476
v -0.136362 -0.233819 -0.398048
v -0.176143 -0.340551 -0.412864
v -0.177314 -0.341943 -0.401796
v -0.136654 -0.234319 -0.366257
v -0.044311 -0.004953 -0.278977
v 0.028527 0.067214 -0.251582
v 0.161421 0.169105 -0.213711
v 0.239717 0.318145 -0.221145
v 0.280790 0.510612 -0.346090
v -0.198248 -0.380260 -0.416357
v 0.261110 0.322942 -0.312815
v 0.168273 0.168369 -0.266282
v 0.032099 0.064271 -0.284016
v -0.033756 -0.004106 -0.306427
v -0.133791 -0.233877 -0.378784
v -0.178635 -0.341536 -0.407336
v 0.276444 0.565495 -0.356099
v 0.277880 0.564454 -0.350524
v -0.149488 0.547194 -1.145483
v -0.203666 -0.376158 -0.424176
v -0.061869 0.558073 -1.097807
v -0.194025 -0.375756 -0.419359
v -0.218326 0.423492 -1.140614
v -0.120505 0.354542 -0.991012
v 0.018459 0.285883 -0.770658
v 0.006148 0.213212 -0.563452
v -0.121666 -0.113074 -0.458168
v -0.181286 -0.324238 -0.435056
v -0.169374 -0.322806 -0.429676
v -0.083373 -0.114138 -0.441026
v 0.048405 0.204546 -0.508614
v 0.124083 0.322379 -0.656272
v 0.077061 0.406010 -0.860388
v 0.031060 0.476990 -0.980789
v -0.116539 0.555158 -1.133162
v -0.200543 -0.376536 -0.420492
v -0.127161 0.447132 -1.111266
v -0.027333 0.382919 -0.931772
v 0.090962 0.321328 -0.689611
v 0.038187 0.215498 -0.542390
v -0.095465 -0.107884 -0.451533
v -0.176089 -0.323657 -0.430912
v -0.125711 0.581140 -1.128490
v -0.117422 0.581478 -1.126920
v -0.613434 0.586615 -1.244527
v -0.212342 -0.379102 -0.422361
v -0.538759 0.599895 -1.252244
v -0.201996 -0.378622 -0.425783
v -0.595070 0.466845 -1.118024
v -0.457656 0.343935 -0.895280
v -0.364963 0.094130 -0.849397
v -0.191844 0.008402 -0.754266
v -0.138742 -0.183689 -0.542082
v -0.196549 -0.333707 -0.449281
v -0.183374 -0.329005 -0.454240
v -0.102721 -0.174576 -0.547946
v -0.095571 0.023755 -0.740318
v -0.250359 0.076841 -0.867454
v -0.336444 0.359883 -0.902196
v -0.396463 0.506800 -1.115790
v -0.587940 0.595046 -1.256583
v -0.207450 -0.379023 -0.422868
v -0.525276 0.507821 -1.186330
v -0.396324 0.363845 -0.906264
v -0.294837 0.090529 -0.859237
v -0.146651 0.010054 -0.764735
v -0.114900 -0.173470 -0.553985
v -0.189005 -0.331028 -0.451498
v -0.610552 0.607834 -1.246483
v -0.605303 0.609416 -1.250510
v 0.214530 0.669944 0.163757
v -0.196598 -0.380125 -0.412628
v 0.150437 0.647818 0.190990
v -0.205960 -0.383213 -0.407478
v 0.155014 0.450108 0.083985
v 0.030028 0.213119 0.205960
v -0.137280 0.057133 0.160675
v -0.149219 0.017838 -0.069091
v -0.166574 -0.202819 -0.327616
v -0.192553 -0.339930 -0.390625
v -0.202667 -0.343959 -0.385533
v -0.197263 -0.216696 -0.312399
v -0.189291 0.008524 -0.083885
v -0.231817 0.033005 0.152906
v -0.082376 0.171843 0.275270
v -0.011967 0.384788 0.172935
v 0.193392 0.664011 0.178207
v -0.203289 -0.381653 -0.411154
v 0.088761 0.427914 0.136614
v -0.022961 0.191610 0.250987
v -0.197714 0.038131 0.154790
v -0.178625 0.008477 -0.057453
v -0.182682 -0.209139 -0.314023
v -0.198947 -0.342141 -0.389458
v 0.184191 0.707603 0.151446
v 0.181184 0.705943 0.156814
v 0.472497 0.668968 -0.142502
v -0.197708 -0.379037 -0.415071
v 0.443507 0.651371 -0.090527
v -0.203603 -0.381494 -0.406139
v 0.231952 0.564044 -0.147041
v 0.099991 0.380082 -0.119598
v 0.113019 0.212324 -0.149767
v 0.024801 0.096214 -0.238130
v -0.139037 -0.191363 -0.351670
v -0.185941 -0.335796 -0.395530
v -0.192541 -0.339147 -0.386108
v -0.159113 -0.203230 -0.323267
v -0.030250 0.070045 -0.194004
v 0.069680 0.180418 -0.099840
v 0.072897 0.341657 -0.029524
v 0.185325 0.511802 -0.004231
v 0.468909 0.663407 -0.119979
v -0.202815 -0.380457 -0.411271
v 0.251932 0.567363 -0.096969
v 0.081700 0.366166 -0.067156
v 0.089417 0.190149 -0.124275
v 0.004267 0.085576 -0.207084
v -0.147073 -0.196110 -0.331707
v -0.191035 -0.337779 -0.391516
v 0.478544 0.685005 -0.126664
v 0.480451 0.683395 -0.121225
v -0.861233 0.231830 -0.578505
v -0.227828 -0.387188 -0.412160
v -0.834150 0.229407 -0.640068
v -0.222383 -0.387648 -0.421648
v -0.846459 0.092806 -0.512206
v -0.752685 -0.012101 -0.540696
v -0.597468 -0.060086 -0.557494
v -0.497424 -0.097813 -0.542490
v -0.329709 -0.272969 -0.469619
v -0.256362 -0.358733 -0.429333
v -0.251815 -0.358877 -0.439643
v -0.320201 -0.270483 -0.502175
v -0.462990 -0.093946 -0.606724
v -0.552570 -0.053034 -0.626205
v -0.691140 -0.008562 -0.649115
v -0.767063 0.087776 -0.672982
v -0.851198 0.230476 -0.602955
v -0.222443 -0.386314 -0.416729
v -0.814009 0.078861 -0.583472
v -0.713727 -0.014655 -0.593786
v -0.565919 -0.058549 -0.593347
v -0.483651 -0.097670 -0.579020
v -0.327071 -0.271872 -0.490547
v -0.252251 -0.358353 -0.433804
v -0.864330 0.281563 -0.603157
v -0.863440 0.280319 -0.608702
v -0.810027 0.442710 0.200576
v -0.218497 -0.383234 -0.404947
v -0.875954 0.423590 0.127069
v -0.225715 -0.386049 -0.412540
v -0.696333 0.365596 0.222003
v -0.671078 0.282688 0.050894
v -0.669397 0.111615 -0.179854
v -0.614376 0.025299 -0.355958
v -0.406024 -0.165389 -0.403210
v -0.260009 -0.345810 -0.399154
v -0.270294 -0.348397 -0.408083
v -0.437419 -0.178656 -0.433064
v -0.645173 0.017872 -0.422279
v -0.748226 0.080826 -0.313263
v -0.798007 0.231365 -0.130808
v -0.852030 0.335523 -0.013576
v -0.838550 0.437980 0.178385
v -0.220298 -0.384018 -0.410041
v -0.764961 0.368438 0.160703
v -0.725861 0.270373 -0.034654
v -0.720236 0.097925 -0.274499
v -0.640653 0.019555 -0.385589
v -0.431476 -0.168888 -0.418854
v -0.263932 -0.346811 -0.404840
v -0.841998 0.459123 0.177027
v -0.848808 0.456760 0.172871
v -0.567429 0.586982 0.329426
v -0.212289 -0.380758 -0.406425
v -0.632397 0.574085 0.321384
v -0.222554 -0.384099 -0.406442
v -0.504896 0.442421 0.227421
v -0.511670 0.254173 0.004251
v -0.386588 0.056494 -0.080194
v -0.383203 -0.058458 -0.206244
v -0.310567 -0.257493 -0.352804
v -0.236998 -0.349772 -0.390803
v -0.249198 -0.351826 -0.390999
v -0.344417 -0.261165 -0.353646
v -0.462697 -0.076015 -0.232546
v -0.453205 0.007405 -0.102609
v -0.610748 0.228170 -0.022352
v -0.654046 0.422309 0.201251
v -0.595250 0.585716 0.333769
v -0.216637 -0.382159 -0.407822
v -0.601610 0.464499 0.261382
v -0.571072 0.247492 -0.003529
v -0.431247 0.030936 -0.099357
v -0.421286 -0.073398 -0.207488
v -0.332983 -0.257977 -0.349305
v -0.242652 -0.351280 -0.391960
v -0.575122 0.608249 0.330933
v -0.580815 0.608091 0.333693
v -0.585276 0.485252 -0.741580
v -0.222843 -0.386896 -0.420369
v -0.520121 0.488725 -0.760257
v -0.211861 -0.386141 -0.422210
v -0.638229 0.342318 -0.820637
v -0.581203 0.189337 -0.866139
v -0.494426 0.068316 -0.831015
v -0.424005 -0.012746 -0.718688
v -0.286700 -0.235437 -0.512691
v -0.234195 -0.352086 -0.442121
v -0.222251 -0.351995 -0.443533
v -0.249939 -0.236661 -0.516708
v -0.343254 -0.013952 -0.712913
v -0.410945 0.064629 -0.828570
v -0.467751 0.190797 -0.899215
v -0.471379 0.352502 -0.864160
v -0.559778 0.488257 -0.747028
v -0.215865 -0.385582 -0.419989
v -0.571109 0.355458 -0.848863
v -0.524640 0.193570 -0.880629
v -0.447336 0.062947 -0.826474
v -0.384182 -0.012370 -0.725555
v -0.265991 -0.234996 -0.520076
v -0.227400 -0.351768 -0.441151
v -0.566524 0.521543 -0.726848
v -0.561661 0.521715 -0.730071
v -0.969287 0.262881 -1.046483
v -0.223021 -0.385597 -0.417788
v -0.922503 0.260145 -1.084339
v -0.214119 -0.385314 -0.424336
v -0.815068 0.305323 -0.852169
v -0.692141 0.217939 -0.734435
v -0.638101 0.058161 -0.744848
v -0.527745 -0.020686 -0.684653
v -0.320500 -0.230982 -0.513570
v -0.242869 -0.350469 -0.441034
v -0.232975 -0.350682 -0.447720
v -0.290094 -0.232459 -0.533640
v -0.453267 -0.023337 -0.716111
v -0.569107 0.046693 -0.787514
v -0.624870 0.196144 -0.811934
v -0.716505 0.280722 -0.954645
v -0.955918 0.259196 -1.067199
v -0.216740 -0.384639 -0.420112
v -0.795994 0.289415 -0.927910
v -0.654853 0.213669 -0.775313
v -0.598949 0.047471 -0.767322
v -0.495132 -0.021748 -0.709751
v -0.305834 -0.230652 -0.530563
v -0.236450 -0.350219 -0.443138
v -0.975356 0.276505 -1.064441
v -0.974580 0.274453 -1.070206
v 0.240043 -0.018013 -0.286950
v 0.233085 -0.414360 -0.583699
v 0.209195 -0.015983 -0.293940
v 0.228008 -0.414145 -0.585305
v 0.240695 -0.100702 -0.308677
v 0.201056 -0.164760 -0.359941
v 0.198833 -0.207734 -0.436151
v 0.211487 -0.239125 -0.480476
v 0.228086 -0.347035 -0.545475
v 0.230201 -0.396415 -0.572266
v 0.224897 -0.396051 -0.573635
v 0.212880 -0.344536 -0.547652
v 0.181327 -0.234158 -0.490281
v 0.168131 -0.202494 -0.451274
v 0.147618 -0.159957 -0.381769
v 0.156387 -0.094995 -0.331708
v 0.227349 -0.016771 -0.288547
v 0.230574 -0.414104 -0.585855
v 0.198933 -0.102038 -0.315324
v 0.172166 -0.165280 -0.375249
v 0.183139 -0.206919 -0.447768
v 0.193711 -0.236838 -0.483438
v 0.218683 -0.345595 -0.545460
v 0.227674 -0.396238 -0.573886
v 0.236554 0.008847 -0.285532
v 0.233705 0.008727 -0.285280
v 0.644475 -0.037595 -0.441271
v 0.235025 -0.412437 -0.587623
v 0.615902 -0.034454 -0.401451
v 0.232026 -0.412508 -0.583280
v 0.638109 -0.091354 -0.484583
v 0.554109 -0.118278 -0.452778
v 0.433224 -0.141890 -0.405704
v 0.329724 -0.157971 -0.430520
v 0.264712 -0.295625 -0.524843
v 0.242410 -0.390174 -0.572006
v 0.239048 -0.389863 -0.566527
v 0.253555 -0.297343 -0.507681
v 0.299690 -0.160368 -0.414447
v 0.373329 -0.122090 -0.359373
v 0.480642 -0.096374 -0.362252
v 0.546934 -0.069606 -0.370928
v 0.636698 -0.035046 -0.425630
v 0.233001 -0.412521 -0.586391
v 0.618978 -0.083943 -0.440877
v 0.520897 -0.106193 -0.409603
v 0.391677 -0.123127 -0.373214
v 0.317416 -0.157320 -0.416325
v 0.259954 -0.294414 -0.512299
v 0.240081 -0.389906 -0.569732
v 0.637096 -0.021617 -0.428198
v 0.635746 -0.021901 -0.424302
v 0.729717 0.005149 -0.653854
v 0.234592 -0.413080 -0.592129
v 0.728765 0.005605 -0.616555
v 0.235483 -0.413866 -0.586924
v 0.658952 -0.042431 -0.662756
v 0.532994 -0.091599 -0.620988
v 0.485446 -0.213267 -0.599839
v 0.420544 -0.258108 -0.529947
v 0.300826 -0.335276 -0.533491
v 0.249651 -0.394838 -0.579187
v 0.251378 -0.393941 -0.572188
v 0.301592 -0.333949 -0.515144
v 0.407767 -0.256321 -0.483504
v 0.484144 -0.231061 -0.545271
v 0.528350 -0.093054 -0.561253
v 0.645893 -0.037063 -0.564606
v 0.734184 0.006358 -0.640212
v 0.234471 -0.413427 -0.589749
v 0.689385 -0.033607 -0.621735
v 0.535104 -0.087329 -0.589329
v 0.484592 -0.220725 -0.565957
v 0.422263 -0.261373 -0.507529
v 0.305478 -0.333087 -0.520502
v 0.250341 -0.394278 -0.575220
v 0.732017 0.014898 -0.650626
v 0.733663 0.014942 -0.647732
v 0.000621 0.107412 -0.339306
v 0.228678 -0.413836 -0.585289
v -0.009210 0.103667 -0.373486
v 0.226693 -0.414214 -0.590344
v 0.026823 -0.000073 -0.380664
v -0.039716 -0.093919 -0.467416
v -0.017102 -0.160480 -0.557326
v 0.090651 -0.198022 -0.551808
v 0.199023 -0.324122 -0.561833
v 0.220858 -0.393072 -0.581464
v 0.218887 -0.393851 -0.586952
v 0.193030 -0.327295 -0.578603
v 0.100046 -0.200928 -0.570813
v -0.008063 -0.166044 -0.604040
v -0.067439 -0.099824 -0.528916
v -0.007963 -0.011951 -0.471470
v -0.005132 0.107294 -0.350811
v 0.228364 -0.413971 -0.588708
v 0.005015 -0.001529 -0.417479
v -0.058840 -0.096624 -0.497351
v -0.011152 -0.165822 -0.587422
v 0.086608 -0.199436 -0.567372
v 0.193271 -0.324849 -0.570909
v 0.220618 -0.393579 -0.584778
v 0.011600 0.126436 -0.349987
v 0.009138 0.126313 -0.351898
v 0.127435 0.062746 -0.196709
v 0.230010 -0.413448 -0.585578
v 0.103473 0.060823 -0.215277
v 0.226004 -0.413445 -0.589160
v 0.139910 0.029133 -0.320069
v 0.123021 -0.047021 -0.399908
v 0.123938 -0.130501 -0.405429
v 0.164148 -0.187256 -0.451543
v 0.209295 -0.322640 -0.546213
v 0.223012 -0.391981 -0.577656
v 0.218758 -0.392313 -0.581679
v 0.196352 -0.324468 -0.558569
v 0.145261 -0.192116 -0.482786
v 0.100970 -0.138420 -0.431899
v 0.079158 -0.055751 -0.421656
v 0.071291 0.019686 -0.355600
v 0.116529 0.062271 -0.200293
v 0.228474 -0.413444 -0.588376
v 0.114726 0.033599 -0.313382
v 0.098305 -0.047896 -0.413086
v 0.111883 -0.137248 -0.420128
v 0.150068 -0.188240 -0.464184
v 0.200008 -0.322635 -0.551699
v 0.221330 -0.392228 -0.580507
v 0.120608 0.071324 -0.193505
v 0.117745 0.070889 -0.193065
v 0.403696 -0.089783 -0.843125
v 0.230282 -0.414982 -0.600838
v 0.430889 -0.098092 -0.826496
v 0.234370 -0.416392 -0.597674
v 0.360532 -0.151439 -0.851531
v 0.359249 -0.210448 -0.813405
v 0.351994 -0.245608 -0.741978
v 0.334468 -0.269305 -0.698116
v 0.273938 -0.358313 -0.636689
v 0.242761 -0.400888 -0.611098
v 0.247334 -0.402156 -0.608287
v 0.288963 -0.360574 -0.629892
v 0.362852 -0.275357 -0.677290
v 0.381966 -0.251255 -0.715605
v 0.406677 -0.222327 -0.776857
v 0.430992 -0.173127 -0.803851
v 0.414521 -0.093220 -0.836898
v 0.232124 -0.415332 -0.597902
v 0.391098 -0.166447 -0.832662
v 0.381489 -0.218925 -0.791636
v 0.366861 -0.250144 -0.724505
v 0.350895 -0.273321 -0.689220
v 0.283821 -0.359762 -0.634023
v 0.244616 -0.401376 -0.608819
v 0.419419 -0.067959 -0.839012
v 0.421909 -0.069089 -0.838339
v 0.043315 0.073785 -0.850386
v 0.226427 -0.413132 -0.596503
v 0.081981 0.062991 -0.878874
v 0.230389 -0.414619 -0.599710
v 0.018753 0.030903 -0.803600
v 0.092421 -0.025019 -0.787516
v 0.189786 -0.126433 -0.786142
v 0.263343 -0.186487 -0.755777
v 0.255987 -0.296007 -0.668624
v 0.229580 -0.391891 -0.613687
v 0.234429 -0.393170 -0.618258
v 0.271628 -0.302692 -0.682852
v 0.296799 -0.193546 -0.766954
v 0.257176 -0.147010 -0.817991
v 0.184980 -0.056155 -0.841021
v 0.140809 0.007305 -0.865759
v 0.055716 0.071625 -0.863027
v 0.228938 -0.413815 -0.597109
v 0.053429 0.031813 -0.832361
v 0.136509 -0.034377 -0.809361
v 0.237820 -0.137499 -0.805640
v 0.279053 -0.189923 -0.766958
v 0.265119 -0.297235 -0.680106
v 0.232518 -0.392581 -0.615288
v 0.058202 0.081832 -0.862871
v 0.060525 0.080826 -0.866061
v -0.025776 0.136643 -0.730649
v 0.226850 -0.412511 -0.593239
v -0.017998 0.134345 -0.762282
v 0.227383 -0.413388 -0.598421
v 0.007464 0.054625 -0.706082
v 0.100563 -0.053740 -0.710626
v 0.116735 -0.163955 -0.661553
v 0.168131 -0.229778 -0.661371
v 0.217834 -0.342286 -0.633605
v 0.223560 -0.394675 -0.603522
v 0.224420 -0.394819 -0.609515
v 0.220515 -0.341744 -0.650049
v 0.185382 -0.234845 -0.699188
v 0.128804 -0.184624 -0.696018
v 0.118804 -0.061491 -0.758483
v 0.029712 0.053217 -0.777448
v -0.025848 0.138354 -0.744337
v 0.227741 -0.412995 -0.595346
v 0.000175 0.074811 -0.752698
v 0.108260 -0.053440 -0.739107
v 0.127351 -0.174660 -0.683800
v 0.170482 -0.234348 -0.680733
v 0.217816 -0.340651 -0.644591
v 0.224426 -0.395098 -0.606278
v -0.024330 0.147450 -0.732694
v -0.025231 0.148008 -0.735605
v 0.479718 -0.002162 -0.680211
v 0.233850 -0.415892 -0.597913
v 0.483989 -0.006654 -0.647577
v 0.233958 -0.416457 -0.592481
v 0.510821 -0.073375 -0.712217
v 0.516850 -0.154194 -0.694518
v 0.484496 -0.214961 -0.665046
v 0.419469 -0.248932 -0.644997
v 0.294076 -0.347102 -0.610349
v 0.247696 -0.400360 -0.599147
v 0.247477 -0.401272 -0.593335
v 0.293133 -0.350598 -0.592605
v 0.410532 -0.254655 -0.606816
v 0.476760 -0.222342 -0.625551
v 0.524210 -0.164251 -0.638032
v 0.519798 -0.083896 -0.628812
v 0.480623 -0.002976 -0.667423
v 0.233241 -0.415721 -0.594491
v 0.520228 -0.074211 -0.677256
v 0.519825 -0.157366 -0.666197
v 0.478376 -0.220422 -0.643234
v 0.419776 -0.252122 -0.625479
v 0.296077 -0.348970 -0.599939
v 0.246744 -0.400600 -0.595930
v 0.473973 0.015092 -0.669210
v 0.475159 0.014558 -0.666667
v 0.637764 -0.107428 -0.862918
v 0.232727 -0.415040 -0.598054
v 0.652121 -0.115237 -0.838376
v 0.235206 -0.416087 -0.593360
v 0.536459 -0.081356 -0.797869
v 0.464417 -0.121548 -0.753548
v 0.453399 -0.202400 -0.740036
v 0.410435 -0.242561 -0.697423
v 0.297377 -0.342692 -0.626105
v 0.247952 -0.398890 -0.603234
v 0.250384 -0.400255 -0.598097
v 0.304564 -0.347236 -0.610415
v 0.419654 -0.251717 -0.660023
v 0.467728 -0.216335 -0.705274
v 0.494750 -0.143264 -0.718264
v 0.576157 -0.108732 -0.746270
v 0.646379 -0.111890 -0.855519
v 0.233436 -0.415221 -0.594825
v 0.570024 -0.096748 -0.785279
v 0.480820 -0.129683 -0.733486
v 0.460388 -0.212154 -0.720759
v 0.419889 -0.247492 -0.680327
v 0.304415 -0.345011 -0.617993
v 0.248492 -0.399399 -0.600010
v 0.647818 -0.102043 -0.863586
v 0.650361 -0.103568 -0.863020
vn -0.9107 0.4127 -0.0153
vn -0.8936 0.4479 -0.0280
vn -0.8791 0.3627 0.3093
vn -0.9195 0.3817 0.0939
vn -0.9982 0.0132 -0.0585
vn -0.9533 0.2877 -0.0919
vn -0.9289 0.3266 -0.1748
vn -0.9847 0.0436 -0.1690
vn -0.7451 0.6592 -0.1014
vn -0.7514 0.6456 -0.1360
vn -0.6416 0.7581 -0.1167
vn -0.6245 0.7684 -0.1398
vn -0.7883 0.6001 -0.1360
vn -0.7656 0.6016 -0.2281
vn -0.9139 0.4012 -0.0619
vn -0.8874 0.4243 -0.1802
vn -0.9258 0.3769 0.0277
vn -0.8923 0.4248 -0.1527
vn -0.8275 0.5612 -0.0180
vn -0.6370 0.7669 -0.0779
vn -0.8154 0.5775 -0.0405
vn -0.9693 0.2456 0.0070
vn -0.9995 0.0250 0.0192
vn -0.8043 0.4787 -0.3520
vn -0.9933 -0.0618 -0.0980
vn -0.9956 -0.0662 -0.0671
vn -0.3859 0.2852 0.8773
vn -0.4762 0.3732 0.7962
vn -0.2024 0.2779 0.9390
vn -0.3768 0.2587 0.8894
vn -0.4611 -0.0067 0.8873
vn -0.4976 0.4632 0.7334
vn -0.5732 0.5566 0.6013
vn -0.6084 0.2080 0.7659
vn -0.5729 0.6261 0.5290
vn -0.4883 0.7398 0.4629
vn -0.5082 0.7656 0.3945
vn -0.4522 0.7911 0.4120
vn -0.5418 0.6714 0.5057
vn -0.6640 0.5467 0.5101
vn -0.5223 0.3564 0.7747
vn -0.5974 0.3389 0.7268
vn -0.3840 0.2856 0.8781
vn -0.5239 0.3356 0.7829
vn -0.5296 0.6427 0.5536
vn -0.6334 0.6237 0.4580
vn -0.5063 0.6633 0.5511
vn -0.4321 0.4856 0.7599
vn -0.3509 0.1172 0.9290
vn -0.6289 0.4147 0.6577
vn -0.4854 -0.2171 0.8469
vn -0.4029 -0.2385 0.8837
vn 0.2051 0.4507 0.8688
vn 0.1762 0.4513 0.8748
vn 0.3582 0.3662 0.8588
vn -0.0508 0.5503 0.8334
vn 0.0700 0.1754 0.9820
vn -0.1180 0.7044 0.6999
vn -0.2270 0.7641 0.6038
vn -0.3166 0.4427 0.8389
vn -0.0464 0.6066 0.7936
vn -0.0396 0.4573 0.8884
vn 0.0812 0.5300 0.8441
vn -0.0550 0.6320 0.7730
vn -0.0999 0.7694 0.6309
vn -0.3556 0.6844 0.6365
vn -0.1445 0.6689 0.7292
vn -0.2958 0.6177 0.7286
vn 0.1629 0.5666 0.8077
vn 0.1133 0.4814 0.8692
vn 0.0987 0.8019 0.5892
vn 0.1290 0.4070 0.9043
vn 0.0108 0.6111 0.7915
vn -0.0049 0.8259 0.5637
vn 0.2972 0.5011 0.8127
vn 0.0824 0.4870 0.8695
vn 0.0362 -0.3517 0.9354
vn 0.2868 -0.1187 0.9506
vn -0.5397 0.4494 -0.7119
vn -0.5841 0.4351 -0.6852
vn -0.7872 0.3555 -0.5039
vn -0.6387 0.4217 -0.6436
vn -0.4598 -0.0857 -0.8839
vn -0.5330 0.1202 -0.8375
vn -0.2686 -0.2072 -0.9407
vn -0.3884 0.1552 -0.9083
vn -0.4275 0.2515 -0.8683
vn -0.3539 0.5367 -0.7660
vn -0.2684 0.9005 -0.3422
vn -0.1403 0.9516 -0.2733
vn -0.1813 0.9365 -0.3000
vn 0.3376 0.7666 -0.5462
vn -0.3013 0.6405 -0.7064
vn -0.1319 0.6112 -0.7804
vn -0.5712 0.5476 -0.6114
vn -0.4914 0.4611 -0.7389
vn -0.4424 0.8133 -0.3778
vn -0.4048 0.8184 -0.4078
vn -0.6138 0.1450 -0.7761
vn -0.6457 0.2756 -0.7121
vn -0.5732 -0.0873 -0.8147
vn -0.3037 0.4824 -0.8216
vn -0.1523 -0.4840 -0.8617
vn -0.2285 -0.5077 -0.8307
vn -0.8128 0.4105 -0.4132
vn -0.8210 0.4065 -0.4009
vn -0.9399 0.3146 -0.1328
vn -0.8630 0.3832 -0.3292
vn -0.7085 0.6982 -0.1029
vn -0.5425 0.8318 0.1177
vn -0.7318 0.6808 -0.0314
vn -0.4610 0.8768 0.1370
vn -0.8936 0.3914 -0.2195
vn -0.9094 0.3221 -0.2633
vn -0.8253 0.4594 -0.3283
vn -0.7971 0.4830 -0.3624
vn -0.6748 0.6657 -0.3186
vn -0.5690 0.6309 -0.5274
vn -0.7356 0.5044 -0.4523
vn -0.6937 0.4805 -0.5366
vn -0.8200 0.4787 -0.3138
vn -0.7690 0.4294 -0.4736
vn -0.7502 0.6259 -0.2131
vn -0.8760 0.3198 -0.3609
vn -0.8948 0.4179 -0.1574
vn -0.6411 0.7614 0.0963
vn -0.6800 0.7318 0.0459
vn -0.6317 0.4589 -0.6248
vn -0.8133 0.4464 -0.3731
vn -0.8743 0.4288 -0.2275
vn 0.6281 0.7409 0.2377
vn 0.5973 0.7657 0.2384
vn 0.7154 0.6934 -0.0868
vn 0.6754 0.7221 0.1498
vn 0.8869 0.2614 0.3809
vn 0.7931 0.4756 0.3805
vn 0.7608 0.4941 0.4208
vn 0.8643 0.2756 0.4208
vn 0.4808 0.8245 0.2984
vn 0.4727 0.8227 0.3158
vn 0.3154 0.9141 0.2550
vn 0.3110 0.9067 0.2849
vn 0.4731 0.8212 0.3190
vn 0.4520 0.7939 0.4068
vn 0.6296 0.7173 0.2983
vn 0.5768 0.7163 0.3928
vn 0.6719 0.7089 0.2144
vn 0.5628 0.7382 0.3719
vn 0.5078 0.8312 0.2264
vn 0.3098 0.9233 0.2269
vn 0.6079 0.7339 0.3030
vn 0.8361 0.4230 0.3493
vn 0.8994 0.2529 0.3565
vn 0.4072 0.7433 0.5308
vn 0.8947 0.2615 0.3621
vn 0.8973 0.2540 0.3610
vn 0.4645 0.4994 -0.7313
vn 0.4691 0.6250 -0.6240
vn 0.2804 0.4405 -0.8528
vn 0.4698 0.4581 -0.7546
vn 0.6280 0.4211 -0.6545
vn 0.4465 0.7623 -0.4685
vn 0.3928 0.8116 -0.4324
vn 0.5444 0.6934 -0.4720
vn 0.4609 0.7645 -0.4507
vn 0.3244 0.7928 -0.5160
vn 0.3506 0.8245 -0.4441
vn 0.2906 0.8643 -0.4104
vn 0.4178 0.8160 -0.3995
vn 0.5103 0.7995 -0.3168
vn 0.5474 0.5933 -0.5902
vn 0.6099 0.5962 -0.5221
vn 0.4843 0.4820 -0.7301
vn 0.5539 0.5946 -0.5827
vn 0.3949 0.7765 -0.4910
vn 0.5573 0.7076 -0.4344
vn 0.4288 0.8161 -0.3874
vn 0.4272 0.7747 -0.4662
vn 0.5372 0.5339 -0.6530
vn 0.5674 0.7091 -0.4186
vn 0.7326 0.2101 -0.6474
vn 0.6868 0.1448 -0.7122
vn -0.0883 0.3626 -0.9277
vn -0.0439 0.4194 -0.9068
vn -0.2296 0.2718 -0.9346
vn -0.0166 0.4088 -0.9125
vn 0.1122 0.1795 -0.9773
vn 0.0778 0.6126 -0.7866
vn 0.0937 0.7291 -0.6780
vn 0.3254 0.4507 -0.8312
vn 0.0348 0.6329 -0.7735
vn 0.0446 0.5705 -0.8201
vn -0.0326 0.5897 -0.8070
vn -0.0102 0.6543 -0.7562
vn -0.0197 0.6995 -0.7144
vn 0.1643 0.7243 -0.6696
vn 0.0351 0.5346 -0.8444
vn 0.2127 0.5847 -0.7829
vn -0.1264 0.4026 -0.9066
vn 0.0042 0.4316 -0.9020
vn -0.1773 0.6402 -0.7475
vn -0.0102 0.5583 -0.8296
vn 0.0341 0.6136 -0.7889
vn -0.0760 0.6992 -0.7109
vn -0.1711 0.3293 -0.9286
vn 0.0747 0.5002 -0.8627
vn 0.2606 -0.1714 -0.9501
vn 0.0289 -0.0695 -0.9972
vn 0.0938 0.5571 0.8251
vn 0.1605 0.5595 0.8132
vn 0.4064 0.5750 0.7101
vn 0.2153 0.5753 0.7891
vn 0.2765 -0.5075 0.8161
vn 0.2782 -0.3781 0.8830
vn 0.1864 -0.3513 0.9175
vn 0.1944 -0.5479 0.8136
vn 0.2063 0.1404 0.9684
vn 0.2093 0.2229 0.9521
vn 0.0832 0.6722 0.7356
vn 0.0251 0.6950 0.7186
vn -0.0030 0.7559 0.6547
vn -0.1547 0.6659 0.7299
vn 0.0183 0.6249 0.7805
vn -0.0572 0.5738 0.8170
vn 0.1602 0.6569 0.7368
vn 0.0484 0.5506 0.8333
vn 0.0983 0.7833 0.6139
vn 0.0864 0.5318 0.8425
vn 0.2571 0.0718 0.9637
vn 0.3641 -0.3536 0.8616
vn 0.3201 -0.5337 0.7828
vn -0.1424 0.4902 0.8599
vn 0.3208 -0.4137 0.8520
vn 0.2914 -0.4335 0.8527
vn 0.4330 0.6636 0.6101
vn 0.4616 0.6569 0.5961
vn 0.6723 0.6332 0.3835
vn 0.5065 0.6664 0.5471
vn 0.3145 0.9188 0.2383
vn 0.1445 0.9867 -0.0743
vn 0.2390 0.9667 0.0916
vn 0.0634 0.9954 -0.0713
vn 0.5959 0.6600 0.4575
vn 0.5906 0.6409 0.4904
vn 0.5298 0.6191 0.5796
vn 0.4448 0.6593 0.6062
vn 0.2978 0.8094 0.5062
vn 0.1730 0.7515 0.6366
vn 0.3368 0.7246 0.6013
vn 0.2752 0.6876 0.6719
vn 0.4556 0.7292 0.5106
vn 0.3742 0.6605 0.6510
vn 0.3995 0.8214 0.4070
vn 0.6047 0.4445 0.6609
vn 0.6207 0.6682 0.4103
vn 0.3264 0.9451 -0.0150
vn 0.2644 0.9643 -0.0156
vn 0.2050 0.6203 0.7571
vn 0.4353 0.6544 0.6183
vn 0.5521 0.6846 0.4760
vn 0.2182 0.5294 -0.8199
vn 0.2332 0.5590 -0.7957
vn -0.1112 0.5329 -0.8389
vn 0.1082 0.5195 -0.8476
vn 0.2128 0.1451 -0.9663
vn 0.2804 0.4003 -0.8724
vn 0.3635 0.4203 -0.8314
vn 0.3233 0.1535 -0.9338
vn 0.3143 0.7308 -0.6059
vn 0.3469 0.7125 -0.6099
vn 0.3283 0.8098 -0.4862
vn 0.3498 0.8133 -0.4649
vn 0.3457 0.6734 -0.6535
vn 0.4323 0.6555 -0.6192
vn 0.2624 0.5105 -0.8189
vn 0.3773 0.5086 -0.7740
vn 0.1731 0.5042 -0.8461
vn 0.3512 0.5145 -0.7822
vn 0.2306 0.6617 -0.7134
vn 0.2911 0.8245 -0.4853
vn 0.2532 0.6719 -0.6960
vn 0.1799 0.3789 -0.9078
vn 0.1390 0.1704 -0.9755
vn 0.5405 0.5197 -0.6616
vn 0.2392 0.0645 -0.9688
vn 0.2087 0.0659 -0.9757
vn -0.7535 0.4862 -0.4425
vn -0.6471 0.5706 -0.5057
vn -0.8432 0.4636 -0.2722
vn -0.7708 0.4611 -0.4395
vn -0.7962 0.2142 -0.5658
vn -0.5688 0.6503 -0.5036
vn -0.4139 0.7291 -0.5450
vn -0.6222 0.4232 -0.6586
vn -0.3327 0.7841 -0.5239
vn -0.2639 0.8713 -0.4138
vn -0.1902 0.8873 -0.4202
vn -0.2120 0.9072 -0.3635
vn -0.3079 0.8197 -0.4830
vn -0.3124 0.7165 -0.6238
vn -0.6215 0.5571 -0.5508
vn -0.5659 0.5424 -0.6210
vn -0.7545 0.4864 -0.4406
vn -0.6324 0.5384 -0.5569
vn -0.3609 0.7984 -0.4820
vn -0.2545 0.7780 -0.5744
vn -0.3589 0.8147 -0.4555
vn -0.6013 0.6675 -0.4392
vn -0.8350 0.3266 -0.4428
vn -0.4820 0.6086 -0.6303
vn -0.7851 0.0057 -0.6194
vn -0.8370 -0.0205 -0.5469
vn -0.8110 0.5615 0.1640
vn -0.8124 0.5673 0.1351
vn -0.8378 0.4556 0.3010
vn -0.7219 0.6889 -0.0652
vn -0.9427 0.3324 -0.0284
vn -0.5578 0.8253 -0.0881
vn -0.4381 0.8823 -0.1724
vn -0.7027 0.6230 -0.3436
vn -0.6752 0.7362 -0.0463
vn -0.7915 0.6063 -0.0767
vn -0.7558 0.6522 0.0592
vn -0.6499 0.7585 -0.0479
vn -0.4832 0.8740 -0.0507
vn -0.4623 0.8287 -0.3155
vn -0.5876 0.7996 -0.1236
vn -0.5716 0.7713 -0.2800
vn -0.7272 0.6699 0.1498
vn -0.7926 0.6046 0.0793
vn -0.4682 0.8701 0.1542
vn -0.8406 0.5361 0.0778
vn -0.6812 0.7320 0.0106
vn -0.4237 0.9038 0.0601
vn -0.7628 0.5877 0.2696
vn -0.7873 0.6145 0.0499
vn -0.9724 -0.1844 -0.1431
vn -0.9903 0.0094 0.1387
vn 0.8466 0.3905 -0.3616
vn 0.8252 0.3876 -0.4108
vn 0.6674 0.3707 -0.6459
vn 0.7910 0.3896 -0.4717
vn 0.9206 -0.1722 -0.3504
vn 0.9180 0.0469 -0.3937
vn 0.9281 -0.3278 -0.1764
vn 0.9702 0.0480 -0.2374
vn 0.9519 0.1544 -0.2648
vn 0.8841 0.4396 -0.1585
vn 0.5127 0.8558 -0.0688
vn 0.4335 0.8994 0.0561
vn 0.4636 0.8859 0.0169
vn 0.5981 0.6033 0.5276
vn 0.8336 0.5436 -0.0975
vn 0.8754 0.4780 0.0728
vn 0.7683 0.5083 -0.3890
vn 0.8673 0.3903 -0.3090
vn 0.5609 0.7896 -0.2489
vn 0.5853 0.7839 -0.2073
vn 0.8743 0.0933 -0.4764
vn 0.8367 0.2363 -0.4941
vn 0.8704 -0.1455 -0.4704
vn 0.9224 0.3698 -0.1113
vn 0.7909 -0.6003 -0.1188
vn 0.7688 -0.6071 -0.2012
vn 0.5912 0.4438 -0.6735
vn 0.5797 0.4432 -0.6837
vn 0.3224 0.4175 -0.8496
vn 0.5127 0.4390 -0.7378
vn 0.3160 0.7633 -0.5634
vn 0.0954 0.9083 -0.4072
vn 0.2471 0.7622 -0.5983
vn 0.0709 0.9439 -0.3225
vn 0.4116 0.4706 -0.7805
vn 0.4462 0.3976 -0.8018
vn 0.5176 0.5081 -0.6884
vn 0.5502 0.5211 -0.6525
vn 0.5165 0.6892 -0.5082
vn 0.6987 0.6038 -0.3838
vn 0.6317 0.5174 -0.5773
vn 0.7039 0.4735 -0.5295
vn 0.5056 0.5286 -0.6819
vn 0.6463 0.4454 -0.6197
vn 0.4190 0.6797 -0.6020
vn 0.5360 0.3736 -0.7570
vn 0.3552 0.5073 -0.7852
vn 0.1208 0.8501 -0.5125
vn 0.1714 0.8180 -0.5491
vn 0.7772 0.4281 -0.4612
vn 0.5576 0.4858 -0.6731
vn 0.4221 0.5028 -0.7543
vn -0.2159 0.6737 0.7068
vn -0.2080 0.7024 0.6807
vn 0.0802 0.5582 0.8258
vn -0.1402 0.6332 0.7612
vn -0.4686 0.1946 0.8617
vn -0.4211 0.4165 0.8057
vn -0.4527 0.4463 0.7720
vn -0.5019 0.2186 0.8368
vn -0.2396 0.7868 0.5688
vn -0.2557 0.7892 0.5584
vn -0.1582 0.8900 0.4276
vn -0.1878 0.8887 0.4183
vn -0.2591 0.7882 0.5582
vn -0.3458 0.7799 0.5217
vn -0.2788 0.6611 0.6966
vn -0.3631 0.6841 0.6326
vn -0.2048 0.6322 0.7472
vn -0.3373 0.7037 0.6253
vn -0.1725 0.7768 0.6056
vn -0.1285 0.8950 0.4272
vn -0.2775 0.6811 0.6775
vn -0.4053 0.3538 0.8430
vn -0.4480 0.1802 0.8757
vn -0.4676 0.7587 0.4535
vn -0.4514 0.1903 0.8718
vn -0.4519 0.1824 0.8732
vn 0.7185 0.2926 0.6310
vn 0.6322 0.4329 0.6426
vn 0.8565 0.2402 0.4568
vn 0.7341 0.2475 0.6323
vn 0.6064 0.2064 0.7679
vn 0.5048 0.5971 0.6234
vn 0.4853 0.6591 0.5745
vn 0.4826 0.5154 0.7081
vn 0.4855 0.6003 0.6356
vn 0.5746 0.6360 0.5151
vn 0.5053 0.6757 0.5368
vn 0.4877 0.7289 0.4805
vn 0.4500 0.6656 0.5954
vn 0.3526 0.6507 0.6725
vn 0.5823 0.3968 0.7095
vn 0.5067 0.4026 0.7624
vn 0.7116 0.2730 0.6473
vn 0.5742 0.3985 0.7152
vn 0.5368 0.6144 0.5782
vn 0.4461 0.5339 0.7183
vn 0.4366 0.6662 0.6046
vn 0.5074 0.6124 0.6063
vn 0.6362 0.3294 0.6977
vn 0.4294 0.5367 0.7264
vn 0.5512 -0.0129 0.8343
vn 0.6116 -0.0813 0.7870
vn 0.9746 0.2039 0.0930
vn 0.9559 0.2565 0.1431
vn 0.9892 0.1343 -0.0594
vn 0.9557 0.2413 0.1688
vn 0.9642 -0.0118 0.2649
vn 0.8493 0.4483 0.2788
vn 0.7586 0.5785 0.2998
vn 0.8301 0.2474 0.4998
vn 0.8462 0.4765 0.2384
vn 0.8807 0.4062 0.2437
vn 0.8827 0.4382 0.1697
vn 0.8395 0.5068 0.1958
vn 0.8071 0.5595 0.1887
vn 0.7388 0.5652 0.3670
vn 0.9004 0.3684 0.2315
vn 0.8207 0.4025 0.4056
vn 0.9659 0.2519 0.0597
vn 0.9458 0.2624 0.1916
vn 0.8546 0.5185 0.0290
vn 0.8965 0.4005 0.1893
vn 0.8584 0.4552 0.2366
vn 0.8123 0.5679 0.1331
vn 0.9831 0.1831 0.0066
vn 0.9069 0.3261 0.2669
vn 0.8613 -0.3701 0.3482
vn 0.9584 -0.2459 0.1446
vn -0.7350 0.6735 0.0784
vn -0.7333 0.6642 0.1455
vn -0.6682 0.6262 0.4018
vn -0.7158 0.6675 0.2049
vn -0.9167 -0.3913 0.0812
vn -0.9625 -0.2538 0.0958
vn -0.9780 -0.2086 0.0061
vn -0.9078 -0.4195 -0.0054
vn -0.9557 0.2765 0.1008
vn -0.9277 0.3536 0.1195
vn -0.6285 0.7715 0.0987
vn -0.5995 0.7990 0.0479
vn -0.5235 0.8512 0.0387
vn -0.5872 0.7983 -0.1342
vn -0.6696 0.7424 0.0216
vn -0.7013 0.7098 -0.0654
vn -0.6438 0.7458 0.1713
vn -0.7371 0.6751 0.0319
vn -0.4950 0.8563 0.1475
vn -0.7547 0.6529 0.0648
vn -0.9695 0.2015 0.1396
vn -0.9511 -0.2460 0.1866
vn -0.8948 -0.4289 0.1238
vn -0.7428 0.6481 -0.1680
vn -0.9442 -0.3001 0.1355
vn -0.9434 -0.3150 0.1035
vn -0.5611 0.6912 0.4554
vn -0.5529 0.6782 0.4841
vn -0.3814 0.5879 0.7133
vn -0.5105 0.6725 0.5358
vn -0.1411 0.8919 0.4297
vn 0.2007 0.9277 0.3148
vn 0.0211 0.9237 0.3826
vn 0.2116 0.9483 0.2366
vn -0.4378 0.6378 0.6337
vn -0.4720 0.6257 0.6211
vn -0.5531 0.6288 0.5465
vn -0.5598 0.6847 0.4667
vn -0.4166 0.8344 0.3607
vn -0.5336 0.8187 0.2124
vn -0.5285 0.7628 0.3726
vn -0.5936 0.7479 0.2972
vn -0.4575 0.7345 0.5012
vn -0.5925 0.7037 0.3921
vn -0.3336 0.8143 0.4749
vn -0.6706 0.4622 0.5803
vn -0.3943 0.6340 0.6653
vn 0.1085 0.8716 0.4781
vn 0.1215 0.8990 0.4208
vn -0.6761 0.7073 0.2064
vn -0.5709 0.6833 0.4551
vn -0.4453 0.6713 0.5925
vt 0.436437 0.919189
vt 0.454924 0.918427
vt 0.454497 0.920602
vt 0.435995 0.921527
vt 0.022307 0.872731
vt 0.096743 0.897294
vt 0.094885 0.935906
vt 0.022575 0.888830
vt 0.166125 0.929351
vt 0.163311 0.951252
vt 0.237505 0.937832
vt 0.234917 0.951252
vt 0.278465 0.936683
vt 0.279113 0.948950
vt 0.386670 0.923389
vt 0.386481 0.928702
vt 0.388304 0.915513
vt 0.436017 0.916662
vt 0.280435 0.921281
vt 0.232905 0.921815
vt 0.160999 0.901923
vt 0.095385 0.861848
vt 0.022990 0.861874
vt 0.454270 0.915702
vt 0.000380 0.867963
vt 0.000241 0.865532
vt 0.499612 0.082403
vt 0.521276 0.070598
vt 0.521276 0.073345
vt 0.499636 0.085266
vt 0.011706 0.049308
vt 0.054599 0.039711
vt 0.069462 0.122076
vt 0.016808 0.075548
vt 0.115711 0.101803
vt 0.120974 0.155082
vt 0.194807 0.186774
vt 0.201123 0.205348
vt 0.275272 0.190062
vt 0.287153 0.200126
vt 0.413821 0.127071
vt 0.418144 0.132829
vt 0.414303 0.115613
vt 0.499095 0.079665
vt 0.272706 0.174094
vt 0.187319 0.139068
vt 0.113656 0.054444
vt 0.058027 0.000241
vt 0.011598 0.034563
vt 0.520426 0.068772
vt 0.001123 0.052653
vt 0.000241 0.049233
vt 0.560832 0.579373
vt 0.578650 0.563259
vt 0.579012 0.565765
vt 0.560638 0.582042
vt 0.007878 0.584204
vt 0.055910 0.596437
vt 0.088456 0.645535
vt 0.010301 0.603638
vt 0.191850 0.623667
vt 0.199247 0.647453
vt 0.316879 0.638886
vt 0.325518 0.657150
vt 0.390259 0.674191
vt 0.403232 0.694473
vt 0.502719 0.638944
vt 0.506703 0.642932
vt 0.504374 0.627141
vt 0.560859 0.575974
vt 0.386097 0.655659
vt 0.307582 0.610082
vt 0.194815 0.596496
vt 0.079899 0.561373
vt 0.009354 0.572200
vt 0.577961 0.561373
vt 0.000241 0.578618
vt 0.000303 0.575644
vt 0.548992 0.215917
vt 0.565610 0.208143
vt 0.566382 0.209928
vt 0.549999 0.218009
vt 0.020612 0.216325
vt 0.119001 0.261796
vt 0.129953 0.310976
vt 0.023932 0.234560
vt 0.206733 0.338226
vt 0.211491 0.363711
vt 0.294949 0.381568
vt 0.301791 0.393787
vt 0.379792 0.330481
vt 0.392679 0.330457
vt 0.491612 0.242197
vt 0.497079 0.246344
vt 0.487939 0.233946
vt 0.547148 0.213853
vt 0.374578 0.317025
vt 0.280130 0.360378
vt 0.203489 0.310650
vt 0.115289 0.224150
vt 0.019530 0.205830
vt 0.563959 0.205830
vt 0.001373 0.215306
vt 0.000241 0.212908
vt 0.557068 0.789882
vt 0.576292 0.785275
vt 0.576396 0.787429
vt 0.557366 0.792224
vt 0.009919 0.792511
vt 0.107476 0.814364
vt 0.137128 0.859135
vt 0.019207 0.806080
vt 0.212746 0.844601
vt 0.220962 0.861366
vt 0.285891 0.827357
vt 0.289742 0.840216
vt 0.350654 0.816176
vt 0.361848 0.828472
vt 0.492617 0.801928
vt 0.496461 0.807457
vt 0.491498 0.792970
vt 0.555909 0.787378
vt 0.346766 0.800568
vt 0.277316 0.812636
vt 0.207917 0.821943
vt 0.117783 0.794236
vt 0.008248 0.782809
vt 0.575306 0.782809
vt 0.000343 0.791759
vt 0.000241 0.789167
vt 0.897772 0.475875
vt 0.915668 0.470812
vt 0.915829 0.472924
vt 0.897789 0.478340
vt 0.527453 0.509786
vt 0.590321 0.495281
vt 0.596966 0.536348
vt 0.531489 0.526266
vt 0.645928 0.505143
vt 0.648329 0.529958
vt 0.708168 0.520449
vt 0.709238 0.535286
vt 0.746812 0.522443
vt 0.751098 0.536348
vt 0.847969 0.494969
vt 0.849135 0.500489
vt 0.848396 0.486205
vt 0.896794 0.473519
vt 0.744635 0.506237
vt 0.699861 0.502406
vt 0.635950 0.479628
vt 0.578679 0.464815
vt 0.524734 0.499141
vt 0.914354 0.468163
vt 0.506513 0.514408
vt 0.505681 0.512170
vt 0.484611 0.428819
vt 0.504778 0.415573
vt 0.505199 0.418135
vt 0.484919 0.431864
vt 0.008921 0.449735
vt 0.046913 0.432134
vt 0.077835 0.507381
vt 0.016479 0.475327
vt 0.127128 0.475162
vt 0.144055 0.524040
vt 0.230583 0.541076
vt 0.237853 0.560891
vt 0.297107 0.548386
vt 0.306189 0.560891
vt 0.400111 0.487384
vt 0.405302 0.493017
vt 0.399625 0.474850
vt 0.483771 0.426015
vt 0.293924 0.531846
vt 0.215725 0.497977
vt 0.115925 0.434675
vt 0.048040 0.394269
vt 0.007659 0.434951
vt 0.503672 0.413579
vt 0.001158 0.454357
vt 0.000241 0.451002
vt 0.527362 0.704521
vt 0.543612 0.696888
vt 0.543630 0.699519
vt 0.526859 0.707217
vt 0.007654 0.708147
vt 0.059419 0.727072
vt 0.078820 0.757339
vt 0.008196 0.724315
vt 0.194577 0.763163
vt 0.199316 0.782327
vt 0.309338 0.738795
vt 0.315155 0.751314
vt 0.373500 0.749583
vt 0.378245 0.769609
vt 0.477832 0.732542
vt 0.478893 0.737664
vt 0.480240 0.723330
vt 0.527089 0.702064
vt 0.372120 0.732516
vt 0.301488 0.716659
vt 0.198844 0.738616
vt 0.086416 0.694955
vt 0.010667 0.697154
vt 0.543207 0.694955
vt 0.000241 0.700416
vt 0.000974 0.697850
vt 0.982321 0.446608
vt 0.999446 0.445422
vt 0.999759 0.447304
vt 0.982646 0.448937
vt 0.522041 0.431279
vt 0.589620 0.424219
vt 0.597453 0.464333
vt 0.525933 0.448243
vt 0.659427 0.431287
vt 0.665582 0.455570
vt 0.726256 0.442325
vt 0.730421 0.456965
vt 0.785080 0.449431
vt 0.795097 0.464333
vt 0.921743 0.451433
vt 0.925401 0.457275
vt 0.920660 0.442346
vt 0.981259 0.443979
vt 0.781443 0.432896
vt 0.717042 0.424732
vt 0.655516 0.406990
vt 0.586771 0.394269
vt 0.521231 0.420386
vt 0.998806 0.442551
vt 0.506424 0.431945
vt 0.505681 0.429630
vt 0.971869 0.916302
vt 0.990727 0.915437
vt 0.990621 0.917496
vt 0.971793 0.918675
vt 0.465200 0.922723
vt 0.553525 0.904295
vt 0.576212 0.931936
vt 0.472532 0.936073
vt 0.642364 0.884191
vt 0.648317 0.903655
vt 0.712093 0.897130
vt 0.713667 0.911755
vt 0.766229 0.913743
vt 0.774370 0.929227
vt 0.904649 0.920901
vt 0.907760 0.926796
vt 0.905422 0.911690
vt 0.971128 0.913621
vt 0.764925 0.896727
vt 0.706542 0.878841
vt 0.639847 0.861848
vt 0.562153 0.871676
vt 0.463837 0.912565
vt 0.990267 0.912696
vt 0.455406 0.920921
vt 0.455406 0.918250
s 1
g off
g Algae1_Algae_2
usemtl Algae_2
f 144/149/115 138/150/116 124/151/117 131/152/118
f 137/153/119 139/154/120 136/155/121 123/156/122
f 139/154/120 140/157/123 135/158/124 136/155/121
f 140/157/123 141/159/125 134/160/126 135/158/124
f 141/159/125 142/161/127 133/162/128 134/160/126
f 142/161/127 143/163/129 132/164/130 133/162/128
f 143/163/129 144/149/115 131/152/118 132/164/130
f 129/165/131 130/166/132 144/149/115 143/163/129
f 128/167/133 129/165/131 143/163/129 142/161/127
f 127/168/134 128/167/133 142/161/127 141/159/125
f 126/169/135 127/168/134 141/159/125 140/157/123
f 125/170/136 126/169/135 140/157/123 139/154/120
f 121/171/137 125/170/136 139/154/120 137/153/119
f 130/166/132 122/172/138 138/150/116 144/149/115
f 137/153/119 123/156/122 146/173/139 145/174/140
f 121/171/137 137/153/119 145/174/140
f 170/175/141 164/176/142 150/177/143 157/178/144
f 163/179/145 165/180/146 162/181/147 149/182/148
f 165/180/146 166/183/149 161/184/150 162/181/147
f 166/183/149 167/185/151 160/186/152 161/184/150
f 167/185/151 168/187/153 159/188/154 160/186/152
f 168/187/153 169/189/155 158/190/156 159/188/154
f 169/189/155 170/175/141 157/178/144 158/190/156
f 155/191/157 156/192/158 170/175/141 169/189/155
f 154/193/159 155/191/157 169/189/155 168/187/153
f 153/194/160 154/193/159 168/187/153 167/185/151
f 152/195/161 153/194/160 167/185/151 166/183/149
f 151/196/162 152/195/161 166/183/149 165/180/146
f 147/197/163 151/196/162 165/180/146 163/179/145
f 156/192/158 148/198/164 164/176/142 170/175/141
f 163/179/145 149/182/148 172/199/165 171/200/166
f 147/197/163 163/179/145 171/200/166
f 196/201/167 190/202/168 176/203/169 183/204/170
f 189/205/171 191/206/172 188/207/173 175/208/174
f 191/206/172 192/209/175 187/210/176 188/207/173
f 192/209/175 193/211/177 186/212/178 187/210/176
f 193/211/177 194/213/179 185/214/180 186/212/178
f 194/213/179 195/215/181 184/216/182 185/214/180
f 195/215/181 196/201/167 183/204/170 184/216/182
f 181/217/183 182/218/184 196/201/167 195/215/181
f 180/219/185 181/217/183 195/215/181 194/213/179
f 179/220/186 180/219/185 194/213/179 193/211/177
f 178/221/187 179/220/186 193/211/177 192/209/175
f 177/222/188 178/221/187 192/209/175 191/206/172
f 173/223/189 177/222/188 191/206/172 189/205/171
f 182/218/184 174/224/190 190/202/168 196/201/167
f 189/205/171 175/208/174 198/225/191 197/226/192
f 173/223/189 189/205/171 197/226/192
f 222/227/193 216/228/194 202/229/195 209/230/196
f 215/231/197 217/232/198 214/233/199 201/234/200
f 217/232/198 218/235/201 213/236/202 214/233/199
f 218/235/201 219/237/203 212/238/204 213/236/202
f 219/237/203 220/239/205 211/240/206 212/238/204
f 220/239/205 221/241/207 210/242/208 211/240/206
f 221/241/207 222/227/193 209/230/196 210/242/208
f 207/243/209 208/244/210 222/227/193 221/241/207
f 206/245/211 207/243/209 221/241/207 220/239/205
f 205/246/212 206/245/211 220/239/205 219/237/203
f 204/247/213 205/246/212 219/237/203 218/235/201
f 203/248/214 204/247/213 218/235/201 217/232/198
f 199/249/215 203/248/214 217/232/198 215/231/197
f 208/244/210 200/250/216 216/228/194 222/227/193
f 215/231/197 201/234/200 224/251/217 223/252/218
f 199/249/215 215/231/197 223/252/218
f 248/253/219 242/254/220 228/255/221 235/256/222
f 241/257/223 243/258/224 240/259/225 227/260/226
f 243/258/224 244/261/227 239/262/228 240/259/225
f 244/261/227 245/263/229 238/264/230 239/262/228
f 245/263/229 246/265/231 237/266/232 238/264/230
f 246/265/231 247/267/233 236/268/234 237/266/232
f 247/267/233 248/253/219 235/256/222 236/268/234
f 233/269/235 234/270/236 248/253/219 247/267/233
f 232/271/237 233/269/235 247/267/233 246/265/231
f 231/272/238 232/271/237 246/265/231 245/263/229
f 230/273/239 231/272/238 245/263/229 244/261/227
f 229/274/240 230/273/239 244/261/227 243/258/224
f 225/275/241 229/274/240 243/258/224 241/257/223
f 234/270/236 226/276/242 242/254/220 248/253/219
f 241/257/223 227/260/226 250/277/243 249/278/244
f 225/275/241 241/257/223 249/278/244
f 274/279/245 268/280/246 254/281/247 261/282/248
f 267/283/249 269/284/250 266/285/251 253/286/252
f 269/284/250 270/287/253 265/288/254 266/285/251
f 270/287/253 271/289/255 264/290/256 265/288/254
f 271/289/255 272/291/257 263/292/258 264/290/256
f 272/291/257 273/293/259 262/294/260 263/292/258
f 273/293/259 274/279/245 261/282/248 262/294/260
f 259/295/261 260/296/262 274/279/245 273/293/259
f 258/297/263 259/295/261 273/293/259 272/291/257
f 257/298/264 258/297/263 272/291/257 271/289/255
f 256/299/265 257/298/264 271/289/255 270/287/253
f 255/300/266 256/299/265 270/287/253 269/284/250
f 251/301/267 255/300/266 269/284/250 267/283/249
f 260/296/262 252/302/268 268/280/246 274/279/245
f 267/283/249 253/286/252 276/303/269 275/304/270
f 251/301/267 267/283/249 275/304/270
f 300/305/271 294/306/272 280/307/273 287/308/274
f 293/309/275 295/310/276 292/311/277 279/312/278
f 295/310/276 296/313/279 291/314/280 292/311/277
f 296/313/279 297/315/281 290/316/282 291/314/280
f 297/315/281 298/317/283 289/318/284 290/316/282
f 298/317/283 299/319/285 288/320/286 289/318/284
f 299/319/285 300/305/271 287/308/274 288/320/286
f 285/321/287 286/322/288 300/305/271 299/319/285
f 284/323/289 285/321/287 299/319/285 298/317/283
f 283/324/290 284/323/289 298/317/283 297/315/281
f 282/325/291 283/324/290 297/315/281 296/313/279
f 281/326/292 282/325/291 296/313/279 295/310/276
f 277/327/293 281/326/292 295/310/276 293/309/275
f 286/322/288 278/328/294 294/306/272 300/305/271
f 293/309/275 279/312/278 302/329/295 301/330/296
f 277/327/293 293/309/275 301/330/296
f 326/331/297 320/332/298 306/333/299 313/334/300
f 319/335/301 321/336/302 318/337/303 305/338/304
f 321/336/302 322/339/305 317/340/306 318/337/303
f 322/339/305 323/341/307 316/342/308 317/340/306
f 323/341/307 324/343/309 315/344/310 316/342/308
f 324/343/309 325/345/311 314/346/312 315/344/310
f 325/345/311 326/331/297 313/334/300 314/346/312
f 311/347/313 312/348/314 326/331/297 325/345/311
f 310/349/315 311/347/313 325/345/311 324/343/309
f 309/350/316 310/349/315 324/343/309 323/341/307
f 308/351/317 309/350/316 323/341/307 322/339/305
f 307/352/318 308/351/317 322/339/305 321/336/302
f 303/353/319 307/352/318 321/336/302 319/335/301
f 312/348/314 304/354/320 320/332/298 326/331/297
f 319/335/301 305/338/304 328/355/321 327/356/322
f 303/353/319 319/335/301 327/356/322
f 352/357/323 346/358/324 332/359/325 339/360/326
f 345/361/327 347/362/328 344/363/329 331/364/330
f 347/362/328 348/365/331 343/366/332 344/363/329
f 348/365/331 349/367/333 342/368/334 343/366/332
f 349/367/333 350/369/335 341/370/336 342/368/334
f 350/369/335 351/371/337 340/372/338 341/370/336
f 351/371/337 352/357/323 339/360/326 340/372/338
f 337/373/339 338/374/340 352/357/323 351/371/337
f 336/375/341 337/373/339 351/371/337 350/369/335
f 335/376/342 336/375/341 350/369/335 349/367/333
f 334/377/343 335/376/342 349/367/333 348/365/331
f 333/378/344 334/377/343 348/365/331 347/362/328
f 329/379/345 333/378/344 347/362/328 345/361/327
f 338/374/340 330/380/346 346/358/324 352/357/323
f 345/361/327 331/364/330 354/381/347 353/382/348
f 329/379/345 345/361/327 353/382/348
f 378/383/349 372/384/350 358/385/351 365/386/352
f 371/387/353 373/388/354 370/389/355 357/390/356
f 373/388/354 374/391/357 369/392/358 370/389/355
f 374/391/357 375/393/359 368/394/360 369/392/358
f 375/393/359 376/395/361 367/396/362 368/394/360
f 376/395/361 377/397/363 366/398/364 367/396/362
f 377/397/363 378/383/349 365/386/352 366/398/364
f 363/399/365 364/400/366 378/383/349 377/397/363
f 362/401/367 363/399/365 377/397/363 376/395/361
f 361/402/368 362/401/367 376/395/361 375/393/359
f 360/403/369 361/402/368 375/393/359 374/391/357
f 359/404/370 360/403/369 374/391/357 373/388/354
f 355/405/371 359/404/370 373/388/354 371/387/353
f 364/400/366 356/406/372 372/384/350 378/383/349
f 371/387/353 357/390/356 380/407/373 379/408/374
f 355/405/371 371/387/353 379/408/374
f 404/149/375 398/150/376 384/151/377 391/152/378
f 397/153/379 399/154/380 396/155/381 383/156/382
f 399/154/380 400/157/383 395/158/384 396/155/381
f 400/157/383 401/159/385 394/160/386 395/158/384
f 401/159/385 402/161/387 393/162/388 394/160/386
f 402/161/387 403/163/389 392/164/390 393/162/388
f 403/163/389 404/149/375 391/152/378 392/164/390
f 389/165/391 390/166/392 404/149/375 403/163/389
f 388/167/393 389/165/391 403/163/389 402/161/387
f 387/168/394 388/167/393 402/161/387 401/159/385
f 386/169/395 387/168/394 401/159/385 400/157/383
f 385/170/396 386/169/395 400/157/383 399/154/380
f 381/171/397 385/170/396 399/154/380 397/153/379
f 390/166/392 382/172/398 398/150/376 404/149/375
f 397/153/379 383/156/382 406/173/399 405/174/400
f 381/171/397 397/153/379 405/174/400
f 430/175/401 424/176/402 410/177/403 417/178/404
f 423/179/405 425/180/406 422/181/407 409/182/408
f 425/180/406 426/183/409 421/184/410 422/181/407
f 426/183/409 427/185/411 420/186/412 421/184/410
f 427/185/411 428/187/413 419/188/414 420/186/412
f 428/187/413 429/189/415 418/190/416 419/188/414
f 429/189/415 430/175/401 417/178/404 418/190/416
f 415/191/417 416/192/418 430/175/401 429/189/415
f 414/193/419 415/191/417 429/189/415 428/187/413
f 413/194/420 414/193/419 428/187/413 427/185/411
f 412/195/421 413/194/420 427/185/411 426/183/409
f 411/196/422 412/195/421 426/183/409 425/180/406
f 407/197/423 411/196/422 425/180/406 423/179/405
f 416/192/418 408/198/424 424/176/402 430/175/401
f 423/179/405 409/182/408 432/199/425 431/200/426
f 407/197/423 423/179/405 431/200/426
f 456/201/427 450/202/428 436/203/429 443/204/430
f 449/205/431 451/206/432 448/207/433 435/208/434
f 451/206/432 452/209/435 447/210/436 448/207/433
f 452/209/435 453/211/437 446/212/438 447/210/436
f 453/211/437 454/213/439 445/214/440 446/212/438
f 454/213/439 455/215/441 444/216/442 445/214/440
f 455/215/441 456/201/427 443/204/430 444/216/442
f 441/217/443 442/218/444 456/201/427 455/215/441
f 440/219/445 441/217/443 455/215/441 454/213/439
f 439/220/446 440/219/445 454/213/439 453/211/437
f 438/221/447 439/220/446 453/211/437 452/209/435
f 437/222/448 438/221/447 452/209/435 451/206/432
f 433/223/449 437/222/448 451/206/432 449/205/431
f 442/218/444 434/224/450 450/202/428 456/201/427
f 449/205/431 435/208/434 458/225/451 457/226/452
f 433/223/449 449/205/431 457/226/452
f 482/227/453 476/228/454 462/229/455 469/230/456
f 475/231/457 477/232/458 474/233/459 461/234/460
f 477/232/458 478/235/461 473/236/462 474/233/459
f 478/235/461 479/237/463 472/238/464 473/236/462
f 479/237/463 480/239/465 471/240/466 472/238/464
f 480/239/465 481/241/467 470/242/468 471/240/466
f 481/241/467 482/227/453 469/230/456 470/242/468
f 467/243/469 468/244/470 482/227/453 481/241/467
f 466/245/471 467/243/469 481/241/467 480/239/465
f 465/246/472 466/245/471 480/239/465 479/237/463
f 464/247/473 465/246/472 479/237/463 478/235/461
f 463/248/474 464/247/473 478/235/461 477/232/458
f 459/249/475 463/248/474 477/232/458 475/231/457
f 468/244/470 460/250/476 476/228/454 482/227/453
f 475/231/457 461/234/460 484/251/477 483/252/478
f 459/249/475 475/231/457 483/252/478
f 508/253/479 502/254/480 488/255/481 495/256/482
f 501/257/483 503/258/484 500/259/485 487/260/486
f 503/258/484 504/261/487 499/262/488 500/259/485
f 504/261/487 505/263/489 498/264/490 499/262/488
f 505/263/489 506/265/491 497/266/492 498/264/490
f 506/265/491 507/267/493 496/268/494 497/266/492
f 507/267/493 508/253/479 495/256/482 496/268/494
f 493/269/495 494/270/496 508/253/479 507/267/493
f 492/271/497 493/269/495 507/267/493 506/265/491
f 491/272/498 492/271/497 506/265/491 505/263/489
f 490/273/499 491/272/498 505/263/489 504/261/487
f 489/274/500 490/273/499 504/261/487 503/258/484
f 485/275/501 489/274/500 503/258/484 501/257/483
f 494/270/496 486/276/502 502/254/480 508/253/479
f 501/257/483 487/260/486 510/277/503 509/278/504
f 485/275/501 501/257/483 509/278/504
f 534/279/505 528/280/506 514/281/507 521/282/508
f 527/283/509 529/284/510 526/285/511 513/286/512
f 529/284/510 530/287/513 525/288/514 526/285/511
f 530/287/513 531/289/515 524/290/516 525/288/514
f 531/289/515 532/291/517 523/292/518 524/290/516
f 532/291/517 533/293/519 522/294/520 523/292/518
f 533/293/519 534/279/505 521/282/508 522/294/520
f 519/295/521 520/296/522 534/279/505 533/293/519
f 518/297/523 519/295/521 533/293/519 532/291/517
f 517/298/524 518/297/523 532/291/517 531/289/515
f 516/299/525 517/298/524 531/289/515 530/287/513
f 515/300/526 516/299/525 530/287/513 529/284/510
f 511/301/527 515/300/526 529/284/510 527/283/509
f 520/296/522 512/302/528 528/280/506 534/279/505
f 527/283/509 513/286/512 536/303/529 535/304/530
f 511/301/527 527/283/509 535/304/530
f 560/305/531 554/306/532 540/307/533 547/308/534
f 553/309/535 555/310/536 552/311/537 539/312/538
f 555/310/536 556/313/539 551/314/540 552/311/537
f 556/313/539 557/315/541 550/316/542 551/314/540
f 557/315/541 558/317/543 549/318/544 550/316/542
f 558/317/543 559/319/545 548/320/546 549/318/544
f 559/319/545 560/305/531 547/308/534 548/320/546
f 545/321/547 546/322/548 560/305/531 559/319/545
f 544/323/549 545/321/547 559/319/545 558/317/543
f 543/324/550 544/323/549 558/317/543 557/315/541
f 542/325/551 543/324/550 557/315/541 556/313/539
f 541/326/552 542/325/551 556/313/539 555/310/536
f 537/327/553 541/326/552 555/310/536 553/309/535
f 546/322/548 538/328/554 554/306/532 560/305/531
f 553/309/535 539/312/538 562/329/555 561/330/556
f 537/327/553 553/309/535 561/330/556
f 586/331/557 580/332/558 566/333/559 573/334/560
f 579/335/561 581/336/562 578/337/563 565/338/564
f 581/336/562 582/339/565 577/340/566 578/337/563
f 582/339/565 583/341/567 576/342/568 577/340/566
f 583/341/567 584/343/569 575/344/570 576/342/568
f 584/343/569 585/345/571 574/346/572 575/344/570
f 585/345/571 586/331/557 573/334/560 574/346/572
f 571/347/573 572/348/574 586/331/557 585/345/571
f 570/349/575 571/347/573 585/345/571 584/343/569
f 569/350/576 570/349/575 584/343/569 583/341/567
f 568/351/577 569/350/576 583/341/567 582/339/565
f 567/352/578 568/351/577 582/339/565 581/336/562
f 563/353/579 567/352/578 581/336/562 579/335/561
f 572/348/574 564/354/580 580/332/558 586/331/557
f 579/335/561 565/338/564 588/355/581 587/356/582
f 563/353/579 579/335/561 587/356/582
f 612/357/583 606/358/584 592/359/585 599/360/586
f 605/361/587 607/362/588 604/363/589 591/364/590
f 607/362/588 608/365/591 603/366/592 604/363/589
f 608/365/591 609/367/593 602/368/594 603/366/592
f 609/367/593 610/369/595 601/370/596 602/368/594
f 610/369/595 611/371/597 600/372/598 601/370/596
f 611/371/597 612/357/583 599/360/586 600/372/598
f 597/373/599 598/374/600 612/357/583 611/371/597
f 596/375/601 597/373/599 611/371/597 610/369/595
f 595/376/602 596/375/601 610/369/595 609/367/593
f 594/377/603 595/376/602 609/367/593 608/365/591
f 593/378/604 594/377/603 608/365/591 607/362/588
f 589/379/605 593/378/604 607/362/588 605/361/587
f 598/374/600 590/380/606 606/358/584 612/357/583
f 605/361/587 591/364/590 614/381/607 613/382/608
f 589/379/605 605/361/587 613/382/608
f 638/383/609 632/384/610 618/385/611 625/386/612
f 631/387/613 633/388/614 630/389/615 617/390/616
f 633/388/614 634/391/617 629/392/618 630/389/615
f 634/391/617 635/393/619 628/394/620 629/392/618
f 635/393/619 636/395/621 627/396/622 628/394/620
f 636/395/621 637/397/623 626/398/624 627/396/622
f 637/397/623 638/383/609 625/386/612 626/398/624
f 623/399/625 624/400/626 638/383/609 637/397/623
f 622/401/627 623/399/625 637/397/623 636/395/621
f 621/402/628 622/401/627 636/395/621 635/393/619
f 620/403/629 621/402/628 635/393/619 634/391/617
f 619/404/630 620/403/629 634/391/617 633/388/614
f 615/405/631 619/404/630 633/388/614 631/387/613
f 624/400/626 616/406/632 632/384/610 638/383/609
f 631/387/613 617/390/616 640/407/633 639/408/634
f 615/405/631 631/387/613 639/408/634
g Algae2_Plane.001
v 0.029713 0.372035 1.631730
v -0.156582 -0.878124 1.399645
v -0.072343 0.380221 1.654823
v -0.173895 -0.878526 1.399175
v 0.056055 0.167325 1.815687
v -0.021361 -0.051396 1.859610
v -0.033079 -0.279905 1.592004
v -0.044645 -0.385721 1.484107
v -0.136640 -0.656829 1.467895
v -0.158918 -0.814544 1.428331
v -0.176755 -0.814349 1.428722
v -0.183856 -0.653368 1.470079
v -0.146064 -0.378829 1.475452
v -0.142317 -0.273645 1.569161
v -0.200411 -0.052606 1.843306
v -0.209458 0.184657 1.881991
v -0.011551 0.374788 1.638085
v -0.166377 -0.878582 1.395140
v -0.065153 0.154892 1.844062
v -0.112892 -0.070228 1.835497
v -0.089409 -0.287424 1.565822
v -0.099008 -0.385041 1.484242
v -0.164132 -0.654781 1.472846
v -0.168271 -0.814966 1.425535
v 0.013997 0.451087 1.605526
v 0.005358 0.450809 1.609182
v 0.813051 0.647767 1.585371
v -0.154365 -0.874009 1.384824
v 0.775227 0.668012 1.718105
v -0.159873 -0.872008 1.400950
v 0.893145 0.374078 1.377221
v 0.791414 0.224212 1.457558
v 0.573384 0.100152 1.628376
v 0.231410 0.030702 1.653637
v -0.028564 -0.464362 1.491913
v -0.121769 -0.793879 1.414923
v -0.127480 -0.790057 1.434681
v -0.047894 -0.461039 1.555732
v 0.152314 0.030443 1.731504
v 0.423560 0.186145 1.815131
v 0.730684 0.284013 1.713426
v 0.776549 0.457939 1.738168
v 0.795955 0.667816 1.644469
v -0.159578 -0.873697 1.390491
v 0.816237 0.453719 1.571218
v 0.788420 0.245571 1.559755
v 0.468805 0.176107 1.756442
v 0.205410 0.039958 1.708153
v -0.032562 -0.453884 1.534235
v -0.127080 -0.791887 1.423896
v 0.788259 0.711959 1.632812
v 0.787928 0.712871 1.645851
v 0.613408 0.668942 1.134759
v -0.159576 -0.878531 1.371664
v 0.655229 0.686506 1.238888
v -0.152042 -0.878189 1.387293
v 0.541160 0.455444 1.042448
v 0.523718 0.200119 0.985321
v 0.534652 -0.218017 1.054859
v 0.446230 -0.340191 1.316287
v 0.084132 -0.594555 1.452833
v -0.104618 -0.812408 1.388635
v -0.093211 -0.805662 1.408177
v 0.102491 -0.580318 1.507980
v 0.447056 -0.309828 1.469985
v 0.600032 -0.251019 1.218835
v 0.549807 0.231899 1.186049
v 0.674155 0.495432 1.271007
v 0.631358 0.683101 1.179676
v -0.157783 -0.878358 1.379280
v 0.581273 0.538844 1.226530
v 0.535536 0.238341 1.098646
v 0.570460 -0.225776 1.158078
v 0.472039 -0.338421 1.385453
v 0.109719 -0.580295 1.487524
v -0.099063 -0.808430 1.399947
v 0.629307 0.699653 1.131507
v 0.635593 0.701937 1.140364
v -0.136260 0.711674 1.545764
v -0.171847 -0.877499 1.398461
v -0.192649 0.678622 1.444006
v -0.182440 -0.881536 1.384877
v -0.467567 0.471962 1.782861
v -0.899792 0.176478 1.774443
v -0.956393 -0.063365 1.571117
v -0.614509 -0.173719 1.516423
v -0.260882 -0.578571 1.451830
v -0.196857 -0.809223 1.406735
v -0.207712 -0.814781 1.392009
v -0.293807 -0.598090 1.407201
v -0.601423 -0.192934 1.450873
v -0.974988 -0.103828 1.428436
v -1.016681 0.114969 1.590268
v -0.682089 0.389900 1.554334
v -0.145593 0.698406 1.497764
v -0.175823 -0.879799 1.388283
v -0.584852 0.450457 1.698104
v -0.937059 0.133759 1.652740
v -0.969983 -0.094236 1.482304
v -0.640617 -0.186867 1.472852
v -0.286723 -0.586069 1.429440
v -0.200439 -0.812657 1.397005
v -0.096968 0.761608 1.478217
v -0.104207 0.759338 1.472555
v -0.397402 0.951779 1.719854
v -0.168018 -0.876355 1.396169
v -0.480244 0.929671 1.710780
v -0.183693 -0.878459 1.388755
v -0.441876 0.769607 1.768499
v -0.411441 0.396036 1.875881
v -0.394120 0.123466 1.902875
v -0.298481 -0.081676 1.753393
v -0.215289 -0.564906 1.489910
v -0.186975 -0.803571 1.415965
v -0.203750 -0.806998 1.407586
v -0.266268 -0.578024 1.464473
v -0.384132 -0.115009 1.676690
v -0.487708 0.082747 1.846120
v -0.562586 0.352272 1.855290
v -0.509598 0.607730 1.985038
v -0.434016 0.947493 1.716524
v -0.175290 -0.877924 1.388936
v -0.462318 0.752684 1.807313
v -0.496742 0.382916 1.860389
v -0.443456 0.093358 1.871923
v -0.353424 -0.092294 1.727676
v -0.249132 -0.568268 1.481402
v -0.194698 -0.805980 1.408829
v -0.417731 0.980771 1.724342
v -0.426264 0.979529 1.728141
v -0.045419 0.101637 0.536194
v -0.180365 -0.889534 1.349699
v 0.056814 0.084612 0.565022
v -0.164535 -0.892162 1.356470
v -0.212592 -0.081682 0.652944
v -0.156173 -0.258813 0.771333
v -0.024932 -0.380260 0.850873
v 0.016048 -0.462590 0.911053
v -0.086626 -0.725500 1.170964
v -0.153178 -0.849397 1.299641
v -0.136173 -0.851737 1.304815
v -0.033279 -0.728413 1.179477
v 0.132009 -0.473834 0.937372
v 0.114596 -0.394874 0.865582
v 0.050216 -0.288351 0.800506
v 0.062004 -0.126958 0.730865
v -0.007006 0.095336 0.550376
v -0.171952 -0.888985 1.357255
v -0.112251 -0.109999 0.719831
v -0.056373 -0.278552 0.803958
v 0.051486 -0.392368 0.866704
v 0.078772 -0.471503 0.920152
v -0.053138 -0.728274 1.170985
v -0.145279 -0.849646 1.305233
v 0.031730 0.158404 0.467373
v 0.039661 0.155624 0.469056
v -0.838632 0.507670 0.531502
v -0.188924 -0.881421 1.365592
v -0.704617 0.457591 0.428996
v -0.179104 -0.887754 1.352892
v -0.810721 0.377859 0.676883
v -0.391730 0.139435 0.463009
v -0.309123 -0.135949 0.486375
v -0.252796 -0.241552 0.721908
v -0.182839 -0.543937 1.057085
v -0.198340 -0.822540 1.298995
v -0.186999 -0.828907 1.281183
v -0.145305 -0.572400 1.002528
v -0.161986 -0.267169 0.665140
v -0.270001 -0.169577 0.461395
v -0.258882 0.020340 0.185627
v -0.390414 0.216091 0.177467
v -0.809966 0.497264 0.495928
v -0.181488 -0.883831 1.361805
v -0.603616 0.344948 0.533653
v -0.289719 0.080680 0.262940
v -0.272144 -0.148858 0.470721
v -0.217854 -0.256400 0.679123
v -0.164243 -0.553704 1.014091
v -0.190451 -0.825490 1.291758
v -0.843877 0.537035 0.495888
v -0.836995 0.532451 0.487121
v -0.940737 0.812479 1.133384
v -0.184835 -0.877643 1.374951
v -0.929392 0.789183 1.043185
v -0.187586 -0.883242 1.358951
v -0.764655 0.566532 1.252115
v -0.700357 0.206043 0.990813
v -0.636624 -0.122946 1.137449
v -0.463395 -0.331562 1.125085
v -0.262123 -0.674887 1.222996
v -0.207615 -0.826206 1.337163
v -0.210200 -0.829880 1.317999
v -0.268396 -0.681953 1.169643
v -0.442001 -0.367561 0.995587
v -0.625451 -0.207350 1.030901
v -0.703411 0.154871 0.813634
v -0.747033 0.524947 1.022763
v -0.950605 0.810707 1.092913
v -0.183826 -0.880298 1.367901
v -0.786795 0.608403 1.145869
v -0.701273 0.191906 0.896233
v -0.621097 -0.168858 1.064777
v -0.472297 -0.356602 1.065647
v -0.272205 -0.675608 1.188338
v -0.207265 -0.829018 1.328107
v -0.962882 0.844678 1.099810
v -0.969485 0.844782 1.090377
v 0.449086 0.401042 0.669624
v -0.166466 -0.890712 1.355948
v 0.492131 0.404529 0.768579
v -0.161219 -0.889569 1.372872
v 0.531537 0.156825 0.579191
v 0.581491 -0.092300 0.669411
v 0.518184 -0.272436 0.820372
v 0.339407 -0.373226 0.958183
v -0.002620 -0.674424 1.228197
v -0.127306 -0.841011 1.331728
v -0.122678 -0.840790 1.350293
v 0.010793 -0.676043 1.285488
v 0.346356 -0.371244 1.086786
v 0.530360 -0.275003 0.952781
v 0.656331 -0.093577 0.841883
v 0.635311 0.168729 0.833357
v 0.463374 0.405406 0.708613
v -0.165376 -0.888333 1.366953
v 0.591973 0.173511 0.678810
v 0.616424 -0.086976 0.755580
v 0.519407 -0.278373 0.895873
v 0.358231 -0.372849 1.019654
v 0.013187 -0.674678 1.259407
v -0.127388 -0.840077 1.342619
v 0.437571 0.462049 0.699917
v 0.443624 0.461770 0.706952
v 0.445473 0.110903 0.438467
v -0.170260 -0.888105 1.356093
v 0.510283 0.101160 0.509302
v -0.158171 -0.888807 1.368846
v 0.172842 0.230211 0.733901
v 0.138925 0.065731 0.784946
v 0.294520 -0.251170 0.681079
v 0.263635 -0.381632 0.801609
v -0.007089 -0.668693 1.174434
v -0.130404 -0.838506 1.318159
v -0.118007 -0.839988 1.332479
v 0.030090 -0.674435 1.218586
v 0.327233 -0.390293 0.913148
v 0.382618 -0.280319 0.770261
v 0.268684 0.016700 0.877640
v 0.357607 0.168320 0.859340
v 0.481133 0.100448 0.454110
v -0.165159 -0.886903 1.365493
v 0.254093 0.203862 0.794470
v 0.198411 0.055632 0.849395
v 0.341869 -0.274303 0.731106
v 0.309209 -0.387752 0.848240
v 0.022500 -0.671425 1.194243
v -0.125771 -0.838366 1.327861
v 0.499287 0.118650 0.395427
v 0.510438 0.113217 0.392728
v -0.458587 -0.769774 1.988167
v -0.674982 -0.941326 2.144529
v -0.441599 -0.775304 2.006943
v -0.672992 -0.941772 2.148290
v -0.470903 -0.836344 1.979328
v -0.491818 -0.882791 2.007711
v -0.564623 -0.872968 2.054212
v -0.595414 -0.871472 2.075438
v -0.631399 -0.916204 2.116889
v -0.660242 -0.935960 2.137390
v -0.657973 -0.936476 2.141131
v -0.624746 -0.917285 2.126456
v -0.583021 -0.871478 2.097372
v -0.553301 -0.870733 2.079285
v -0.472302 -0.884848 2.047537
v -0.426522 -0.852512 2.027848
v -0.452215 -0.771565 1.996100
v -0.674469 -0.940853 2.147101
v -0.454280 -0.846775 2.003188
v -0.487006 -0.884035 2.031019
v -0.562523 -0.871011 2.069394
v -0.588625 -0.872838 2.086940
v -0.627021 -0.917491 2.122086
v -0.659546 -0.935777 2.139693
v -0.447077 -0.752295 1.988245
v -0.445569 -0.753232 1.989736
v -0.514977 -0.694485 1.805582
v -0.676578 -0.937910 2.145242
v -0.488992 -0.716044 1.798753
v -0.673385 -0.940630 2.144641
v -0.598477 -0.700450 1.829937
v -0.600036 -0.742633 1.854684
v -0.570804 -0.799934 1.893138
v -0.537043 -0.825219 1.968538
v -0.609394 -0.885557 2.077103
v -0.663174 -0.929105 2.129293
v -0.659162 -0.932181 2.128233
v -0.597826 -0.897021 2.074542
v -0.516847 -0.841412 1.977546
v -0.512856 -0.823267 1.899789
v -0.547986 -0.780402 1.837378
v -0.521346 -0.754641 1.812140
v -0.501543 -0.702251 1.801772
v -0.675120 -0.939019 2.145757
v -0.549533 -0.724195 1.820820
v -0.582271 -0.757570 1.843437
v -0.528019 -0.813152 1.896821
v -0.524933 -0.834196 1.967890
v -0.601428 -0.891544 2.072910
v -0.660977 -0.930532 2.129371
v -0.494844 -0.692998 1.801286
v -0.492885 -0.695205 1.799976
v -0.548076 -0.615094 1.891845
v -0.678475 -0.936432 2.148014
v -0.536167 -0.629812 1.871151
v -0.677222 -0.938989 2.144812
v -0.587218 -0.635980 1.932454
v -0.635255 -0.668712 1.960984
v -0.696658 -0.750651 1.982882
v -0.670704 -0.820496 1.984497
v -0.650128 -0.897198 2.066784
v -0.671917 -0.926997 2.129674
v -0.669544 -0.929088 2.124776
v -0.642536 -0.904272 2.056262
v -0.644930 -0.843111 1.966579
v -0.687927 -0.783952 1.954927
v -0.605966 -0.698890 1.932850
v -0.565886 -0.666944 1.878160
v -0.541834 -0.620348 1.882446
v -0.677634 -0.937727 2.146852
v -0.553324 -0.654179 1.899157
v -0.614993 -0.682448 1.944205
v -0.688344 -0.769587 1.965451
v -0.664197 -0.831975 1.971910
v -0.646190 -0.900388 2.056782
v -0.670403 -0.928223 2.127056
v -0.545360 -0.608963 1.886496
v -0.544550 -0.610010 1.884097
v -0.393469 -0.702111 2.006770
v -0.673169 -0.941417 2.147849
v -0.405847 -0.690792 2.031481
v -0.674383 -0.939926 2.151772
v -0.360602 -0.793667 2.071288
v -0.357916 -0.852977 2.186161
v -0.418397 -0.857829 2.236586
v -0.486016 -0.857214 2.177595
v -0.605356 -0.903591 2.139096
v -0.657638 -0.932197 2.147238
v -0.659229 -0.930760 2.151446
v -0.610616 -0.899683 2.152051
v -0.499696 -0.848254 2.182846
v -0.442180 -0.839359 2.257929
v -0.378783 -0.833168 2.234167
v -0.378938 -0.771906 2.146066
v -0.401036 -0.695922 2.014580
v -0.674444 -0.940073 2.149892
v -0.361299 -0.785117 2.106381
v -0.376944 -0.839163 2.209533
v -0.433899 -0.847334 2.250725
v -0.490909 -0.852253 2.188519
v -0.606472 -0.901497 2.147408
v -0.659089 -0.931112 2.149237
v -0.399137 -0.680562 2.001482
v -0.399395 -0.680114 2.003762
v -0.297995 -0.700453 2.026872
v -0.673758 -0.940711 2.147180
v -0.292754 -0.704721 2.047062
v -0.673193 -0.940145 2.151419
v -0.316230 -0.740777 2.045041
v -0.367487 -0.821584 2.055651
v -0.411247 -0.871420 2.069603
v -0.477308 -0.876116 2.079626
v -0.603508 -0.906955 2.124541
v -0.656658 -0.932654 2.143785
v -0.656309 -0.932164 2.148453
v -0.602892 -0.905922 2.138927
v -0.482753 -0.870142 2.108060
v -0.414244 -0.870485 2.098270
v -0.359041 -0.829215 2.093150
v -0.305493 -0.808596 2.049736
v -0.294675 -0.701548 2.035317
v -0.674109 -0.939864 2.149572
v -0.311279 -0.751140 2.046746
v -0.361320 -0.823263 2.076339
v -0.414403 -0.872181 2.085465
v -0.475829 -0.874722 2.094697
v -0.601075 -0.906888 2.132849
v -0.657080 -0.931976 2.146326
v -0.290079 -0.696973 2.028580
v -0.288726 -0.698093 2.030106
v -0.642789 -0.619427 2.134646
v -0.680734 -0.934864 2.155470
v -0.654231 -0.624723 2.111264
v -0.682192 -0.936098 2.151616
v -0.636959 -0.675500 2.172148
v -0.657261 -0.724851 2.161453
v -0.682736 -0.755916 2.134592
v -0.693281 -0.779387 2.125962
v -0.689176 -0.872801 2.141272
v -0.684177 -0.918424 2.151728
v -0.685947 -0.919291 2.147764
v -0.695039 -0.873392 2.129282
v -0.705784 -0.782900 2.099480
v -0.700258 -0.757267 2.104516
v -0.683491 -0.729507 2.116811
v -0.667551 -0.689738 2.109262
v -0.646618 -0.622005 2.125516
v -0.680649 -0.935909 2.152878
v -0.644889 -0.689588 2.146180
v -0.668341 -0.731349 2.138409
v -0.691961 -0.758741 2.117643
v -0.701210 -0.780834 2.112366
v -0.693735 -0.872370 2.134352
v -0.684428 -0.919262 2.149503
v -0.652129 -0.595497 2.120922
v -0.653334 -0.596051 2.119272
v -0.478810 -0.572137 2.273559
v -0.676184 -0.936605 2.155085
v -0.517435 -0.558424 2.259106
v -0.680160 -0.935109 2.154747
v -0.484098 -0.619228 2.262677
v -0.604015 -0.609209 2.212872
v -0.656729 -0.657113 2.213509
v -0.649257 -0.715654 2.185698
v -0.662653 -0.824589 2.159649
v -0.674271 -0.915040 2.159396
v -0.679132 -0.912588 2.159252
v -0.679373 -0.818497 2.159281
v -0.672329 -0.707262 2.174006
v -0.670494 -0.657169 2.210212
v -0.677666 -0.575516 2.221429
v -0.630134 -0.544938 2.235617
v -0.488870 -0.566693 2.271818
v -0.678008 -0.936125 2.154064
v -0.534340 -0.593356 2.235492
v -0.653385 -0.580217 2.215699
v -0.665525 -0.655453 2.208182
v -0.661802 -0.709483 2.183680
v -0.672380 -0.817971 2.160750
v -0.676708 -0.914017 2.158667
v -0.478114 -0.560964 2.276067
v -0.480906 -0.559964 2.275828
v -0.334084 -0.632530 2.211920
v -0.674788 -0.937552 2.152991
v -0.351569 -0.619854 2.220328
v -0.677550 -0.935676 2.155605
v -0.380430 -0.690209 2.180871
v -0.483623 -0.701488 2.220420
v -0.526229 -0.781046 2.216665
v -0.583787 -0.808954 2.196633
v -0.652222 -0.878439 2.169592
v -0.668572 -0.922778 2.157800
v -0.671463 -0.920006 2.160554
v -0.659858 -0.870170 2.176826
v -0.609939 -0.791045 2.207808
v -0.556063 -0.775615 2.231318
v -0.515764 -0.678169 2.242730
v -0.420581 -0.655337 2.203319
v -0.338655 -0.625796 2.218227
v -0.676309 -0.936697 2.153684
v -0.385159 -0.664675 2.193151
v -0.498678 -0.686824 2.231193
v -0.545609 -0.775187 2.224107
v -0.594913 -0.802655 2.206381
v -0.655804 -0.872584 2.175280
v -0.670309 -0.921606 2.158848
v -0.330572 -0.621705 2.217608
v -0.331024 -0.620164 2.219955
v -0.635508 -0.580326 1.993643
v -0.681785 -0.935814 2.151971
v -0.626790 -0.596425 1.974261
v -0.679944 -0.938533 2.149066
v -0.698446 -0.602529 2.003443
v -0.733737 -0.658977 2.002336
v -0.735462 -0.717905 2.014058
v -0.711642 -0.764327 2.045746
v -0.683219 -0.872352 2.113822
v -0.681603 -0.922116 2.142367
v -0.679618 -0.925301 2.139497
v -0.677367 -0.882587 2.105321
v -0.694736 -0.786987 2.031172
v -0.719436 -0.741869 1.998328
v -0.719741 -0.688268 1.969144
v -0.674731 -0.643571 1.954886
v -0.631249 -0.586242 1.986351
v -0.680032 -0.937372 2.150454
v -0.689574 -0.616083 1.979309
v -0.725453 -0.672684 1.985831
v -0.726367 -0.732468 2.006640
v -0.705554 -0.774839 2.035524
v -0.680967 -0.877596 2.107336
v -0.679962 -0.923926 2.141218
v -0.619854 -0.575924 1.988487
v -0.619689 -0.577076 1.986511
v -0.714608 -0.587128 2.039352
v -0.680867 -0.935508 2.152570
v -0.714565 -0.599782 2.019159
v -0.680736 -0.937599 2.148766
v -0.621357 -0.627781 2.058702
v -0.637620 -0.665305 2.073061
v -0.723415 -0.695246 2.074081
v -0.724979 -0.739540 2.078259
v -0.689005 -0.861827 2.119758
v -0.682647 -0.919336 2.144205
v -0.682470 -0.921832 2.140236
v -0.688529 -0.869746 2.107831
v -0.719091 -0.759382 2.054145
v -0.726961 -0.713817 2.048535
v -0.649097 -0.686709 2.039783
v -0.637270 -0.655757 2.011384
v -0.718593 -0.590735 2.030971
v -0.680019 -0.936864 2.150448
v -0.627478 -0.640913 2.037284
v -0.637849 -0.677011 2.054671
v -0.726278 -0.706850 2.060698
v -0.725258 -0.747744 2.064325
v -0.690398 -0.865060 2.111672
v -0.681876 -0.920937 2.142232
v -0.725744 -0.576639 2.031658
v -0.728378 -0.576760 2.029963
v -0.693974 -0.585682 0.482797
v -0.722168 -0.855518 0.647417
v -0.668642 -0.585758 0.488278
v -0.718378 -0.855571 0.649400
v -0.688931 -0.648826 0.457327
v -0.675395 -0.703254 0.473282
v -0.708150 -0.733342 0.547990
v -0.720341 -0.748643 0.579898
v -0.711547 -0.810074 0.614001
v -0.716410 -0.843237 0.636785
v -0.712394 -0.843225 0.638599
v -0.700693 -0.809458 0.618337
v -0.698390 -0.746307 0.592038
v -0.685908 -0.729940 0.563979
v -0.637240 -0.702142 0.495958
v -0.622548 -0.650473 0.470591
v -0.684052 -0.585587 0.485679
v -0.720458 -0.855239 0.649441
v -0.659571 -0.654130 0.465343
v -0.658151 -0.705558 0.489570
v -0.698527 -0.732848 0.560069
v -0.708207 -0.748497 0.585641
v -0.704856 -0.810022 0.615755
v -0.714625 -0.843096 0.638403
v -0.690182 -0.565128 0.483868
v -0.687902 -0.565504 0.484051
v -0.862709 -0.517836 0.387346
v -0.723998 -0.853299 0.649957
v -0.840202 -0.524482 0.362130
v -0.721078 -0.854212 0.647026
v -0.911590 -0.563470 0.443285
v -0.886433 -0.605055 0.448944
v -0.825350 -0.648390 0.446186
v -0.749296 -0.666639 0.482888
v -0.726048 -0.767531 0.582598
v -0.725257 -0.837304 0.634014
v -0.721859 -0.838105 0.630207
v -0.715210 -0.772212 0.571090
v -0.723881 -0.673350 0.475125
v -0.770059 -0.644417 0.416628
v -0.844989 -0.613054 0.397431
v -0.846264 -0.574869 0.373967
v -0.852223 -0.518238 0.375297
v -0.722257 -0.853710 0.649308
v -0.872030 -0.561587 0.404894
v -0.874704 -0.608836 0.426286
v -0.786396 -0.641730 0.424806
v -0.737689 -0.669151 0.473580
v -0.720517 -0.768718 0.573385
v -0.723100 -0.837608 0.632557
v -0.850046 -0.507015 0.375158
v -0.848628 -0.507917 0.372401
v -0.862793 -0.474441 0.501174
v -0.724329 -0.853222 0.653610
v -0.860981 -0.479265 0.473604
v -0.724422 -0.854478 0.649514
v -0.863905 -0.516023 0.544615
v -0.875226 -0.570302 0.578060
v -0.886162 -0.673123 0.594551
v -0.844740 -0.723760 0.558848
v -0.759875 -0.794358 0.588705
v -0.732402 -0.839351 0.639091
v -0.732726 -0.839457 0.633271
v -0.757889 -0.795770 0.574130
v -0.828352 -0.729853 0.524336
v -0.885451 -0.694775 0.555855
v -0.859679 -0.580083 0.530914
v -0.869044 -0.526280 0.479576
v -0.861747 -0.474996 0.488785
v -0.723956 -0.853833 0.651815
v -0.851239 -0.512423 0.495470
v -0.865050 -0.571126 0.550194
v -0.884043 -0.683737 0.569764
v -0.843465 -0.729257 0.541508
v -0.761553 -0.794018 0.577624
v -0.732353 -0.839396 0.635828
v -0.865519 -0.467047 0.497786
v -0.865943 -0.467274 0.495088
v -0.653101 -0.499645 0.492383
v -0.718867 -0.855272 0.649251
v -0.652006 -0.498612 0.522211
v -0.718025 -0.855047 0.653532
v -0.564438 -0.575438 0.496823
v -0.480062 -0.643182 0.567619
v -0.496790 -0.681386 0.634588
v -0.582444 -0.702283 0.617878
v -0.682618 -0.790569 0.624641
v -0.709942 -0.840159 0.644948
v -0.709212 -0.840189 0.649613
v -0.680501 -0.791280 0.638987
v -0.592656 -0.701136 0.631639
v -0.508492 -0.678574 0.669481
v -0.474844 -0.641702 0.623323
v -0.542715 -0.574932 0.573826
v -0.656340 -0.498620 0.504425
v -0.719091 -0.854935 0.651979
v -0.547657 -0.573181 0.528735
v -0.485585 -0.642685 0.600306
v -0.503836 -0.680953 0.656961
v -0.581501 -0.701608 0.630782
v -0.679396 -0.790394 0.632660
v -0.710250 -0.840124 0.647627
v -0.666782 -0.482306 0.498433
v -0.665825 -0.482349 0.500566
v -0.568604 -0.458883 0.465534
v -0.719907 -0.854811 0.649231
v -0.551903 -0.463231 0.478003
v -0.717243 -0.854665 0.652620
v -0.560569 -0.505247 0.474162
v -0.570390 -0.600975 0.477235
v -0.581630 -0.666435 0.490721
v -0.625533 -0.701198 0.527471
v -0.688429 -0.790656 0.610755
v -0.711003 -0.839638 0.641527
v -0.708240 -0.839717 0.645337
v -0.680129 -0.791523 0.622536
v -0.615420 -0.702369 0.555224
v -0.568019 -0.671021 0.515728
v -0.540451 -0.609356 0.501092
v -0.529736 -0.561250 0.448669
v -0.560951 -0.459592 0.470481
v -0.719074 -0.854557 0.651641
v -0.552747 -0.512484 0.469551
v -0.553454 -0.602692 0.490616
v -0.574879 -0.670767 0.504785
v -0.616287 -0.701461 0.539542
v -0.681879 -0.790708 0.616416
v -0.710091 -0.839587 0.644030
v -0.562556 -0.452549 0.464543
v -0.560321 -0.453162 0.464760
v -0.797382 -0.554758 0.740365
v -0.722319 -0.853896 0.661269
v -0.817862 -0.561165 0.724706
v -0.725258 -0.855083 0.658362
v -0.755244 -0.607205 0.748007
v -0.762461 -0.658358 0.730880
v -0.788168 -0.693291 0.709563
v -0.794288 -0.717507 0.698946
v -0.755062 -0.800623 0.675918
v -0.731912 -0.840320 0.665718
v -0.735262 -0.841304 0.662997
v -0.766184 -0.802025 0.668650
v -0.817861 -0.722360 0.681896
v -0.818276 -0.697933 0.692672
v -0.806545 -0.667693 0.704955
v -0.810188 -0.624351 0.705810
v -0.804737 -0.557429 0.733774
v -0.723411 -0.854414 0.658749
v -0.771897 -0.619479 0.725474
v -0.782119 -0.665718 0.714898
v -0.804028 -0.697448 0.699004
v -0.807660 -0.720349 0.691014
v -0.762614 -0.801267 0.672540
v -0.733117 -0.840855 0.663724
v -0.819361 -0.535727 0.742099
v -0.821059 -0.536515 0.741112
v -0.606321 -0.460280 0.795062
v -0.718517 -0.853373 0.658244
v -0.648296 -0.463128 0.805960
v -0.722213 -0.853756 0.660331
v -0.602729 -0.502775 0.771712
v -0.726283 -0.539749 0.789830
v -0.752518 -0.605551 0.797297
v -0.745291 -0.650137 0.750220
v -0.738373 -0.748828 0.696024
v -0.720933 -0.834042 0.668624
v -0.725483 -0.833996 0.671618
v -0.753262 -0.750763 0.705584
v -0.772151 -0.651223 0.754315
v -0.764979 -0.611209 0.800909
v -0.788132 -0.543651 0.842673
v -0.752434 -0.497599 0.843401
v -0.616660 -0.459653 0.800219
v -0.720641 -0.853608 0.658423
v -0.664424 -0.498166 0.781962
v -0.771265 -0.536274 0.825192
v -0.762797 -0.607205 0.797597
v -0.757916 -0.649923 0.756552
v -0.747193 -0.747419 0.703760
v -0.723525 -0.834108 0.669517
v -0.607645 -0.450434 0.800799
v -0.610227 -0.450747 0.802245
v -0.511817 -0.441066 0.656889
v -0.718346 -0.853297 0.655561
v -0.524270 -0.438759 0.676297
v -0.719549 -0.853228 0.659627
v -0.548175 -0.508193 0.632169
v -0.602099 -0.569398 0.707576
v -0.613731 -0.658149 0.695456
v -0.661247 -0.705429 0.695536
v -0.708909 -0.793340 0.679959
v -0.715169 -0.838152 0.661931
v -0.716656 -0.837366 0.666492
v -0.713138 -0.790420 0.692313
v -0.680356 -0.702709 0.723050
v -0.630053 -0.668605 0.722998
v -0.621123 -0.566121 0.748830
v -0.576687 -0.498238 0.681363
v -0.513754 -0.438020 0.666531
v -0.719377 -0.853310 0.657129
v -0.552375 -0.489416 0.653499
v -0.611925 -0.564595 0.728507
v -0.626191 -0.662580 0.712497
v -0.666167 -0.706154 0.710825
v -0.710176 -0.790547 0.688330
v -0.716261 -0.838030 0.664001
v -0.509071 -0.430738 0.663792
v -0.508546 -0.429908 0.666461
v -0.882905 -0.496783 0.636497
v -0.724827 -0.854702 0.658566
v -0.882408 -0.504427 0.610960
v -0.724251 -0.855883 0.654383
v -0.919388 -0.545644 0.665340
v -0.930665 -0.611071 0.660327
v -0.908081 -0.665703 0.649456
v -0.858187 -0.700827 0.647593
v -0.766109 -0.793677 0.651040
v -0.734133 -0.841118 0.655603
v -0.733289 -0.842652 0.651215
v -0.763395 -0.798945 0.637768
v -0.846735 -0.711352 0.619848
v -0.897578 -0.677607 0.620707
v -0.930030 -0.626099 0.616402
v -0.916491 -0.564595 0.600247
v -0.882004 -0.499102 0.626491
v -0.723875 -0.855091 0.655969
v -0.922204 -0.550286 0.636785
v -0.929580 -0.617198 0.638186
v -0.900985 -0.673527 0.634020
v -0.856183 -0.705990 0.632714
v -0.766498 -0.796402 0.642851
v -0.732985 -0.841832 0.653266
v -0.875038 -0.485236 0.626711
v -0.875688 -0.485901 0.624616
v -0.916083 -0.544264 0.707471
v -0.723872 -0.854111 0.658742
v -0.923745 -0.552571 0.686491
v -0.725306 -0.855363 0.654839
v -0.821310 -0.541855 0.665816
v -0.814728 -0.584324 0.671451
v -0.871528 -0.648878 0.700857
v -0.857376 -0.689401 0.689043
v -0.770305 -0.787757 0.662302
v -0.734715 -0.839378 0.658575
v -0.736088 -0.840945 0.654372
v -0.774353 -0.792859 0.649544
v -0.860637 -0.700935 0.659612
v -0.883246 -0.663249 0.675045
v -0.836099 -0.603602 0.641974
v -0.852106 -0.566909 0.624601
v -0.922833 -0.548022 0.701190
v -0.724017 -0.854635 0.656141
v -0.834277 -0.553133 0.646496
v -0.821860 -0.592169 0.652402
v -0.877892 -0.658511 0.687121
v -0.863056 -0.694802 0.674898
v -0.774999 -0.790082 0.655207
v -0.734765 -0.840175 0.656042
v -0.932096 -0.538792 0.710096
v -0.935049 -0.539821 0.709883
vn -0.0314 0.3507 -0.9360
vn -0.0253 0.4215 -0.9065
vn -0.3664 0.3839 -0.8476
vn -0.1574 0.3232 -0.9331
vn -0.2216 -0.4857 -0.8456
vn -0.1606 -0.3104 -0.9369
vn -0.2494 -0.2421 -0.9377
vn -0.3014 -0.5363 -0.7884
vn 0.0169 0.5061 -0.8623
vn -0.0558 0.4165 -0.9074
vn 0.1308 0.7058 -0.6962
vn 0.1445 0.7260 -0.6723
vn 0.1028 0.3632 -0.9260
vn 0.1803 0.3318 -0.9260
vn 0.0251 0.1477 -0.9887
vn 0.0889 0.1334 -0.9871
vn -0.0529 0.1606 -0.9856
vn 0.1143 0.3365 -0.9347
vn 0.0512 0.4332 -0.8998
vn 0.0978 0.7346 -0.6714
vn 0.0271 0.2674 -0.9632
vn -0.0788 -0.4598 -0.8845
vn -0.1420 -0.5265 -0.8382
vn 0.3086 0.4091 -0.8587
vn -0.2896 -0.2832 -0.9143
vn -0.2519 -0.3012 -0.9197
vn -0.8728 0.3955 -0.2860
vn -0.7927 0.4696 -0.3887
vn -0.9112 0.4005 -0.0962
vn -0.8871 0.3711 -0.2745
vn -0.9631 -0.1098 -0.2458
vn -0.9418 0.1048 -0.3193
vn -0.9559 0.0942 -0.2781
vn -0.9690 -0.0556 -0.2406
vn -0.7742 0.4686 -0.4254
vn -0.7085 0.5924 -0.3835
vn -0.3744 0.8052 -0.4598
vn -0.3663 0.8332 -0.4142
vn -0.4754 0.7235 -0.5005
vn -0.5120 0.5981 -0.6165
vn -0.7796 0.4491 -0.4365
vn -0.7444 0.4236 -0.5162
vn -0.8732 0.3960 -0.2840
vn -0.7907 0.4295 -0.4363
vn -0.5248 0.7019 -0.4816
vn -0.4885 0.6804 -0.5462
vn -0.8127 0.4042 -0.4197
vn -0.9201 0.1924 -0.3413
vn -0.9449 -0.0325 -0.3258
vn -0.6702 0.4885 -0.5587
vn -0.9591 -0.1638 -0.2309
vn -0.9578 -0.1855 -0.2197
vn -0.7675 0.5702 0.2929
vn -0.7770 0.5710 0.2650
vn -0.7497 0.4883 0.4467
vn -0.7517 0.6587 0.0310
vn -0.7953 0.4935 0.3520
vn -0.8553 0.1862 0.4836
vn -0.7130 0.0961 0.6945
vn -0.6299 0.3063 0.7138
vn -0.9572 0.0056 0.2895
vn -0.8839 -0.0313 0.4667
vn -0.8693 0.4338 0.2368
vn -0.7946 0.5983 0.1034
vn -0.5660 0.8242 -0.0193
vn -0.5935 0.7529 -0.2843
vn -0.6452 0.7599 -0.0791
vn -0.6706 0.7061 -0.2273
vn -0.6972 0.6758 0.2392
vn -0.7753 0.5988 0.2007
vn -0.5152 0.8382 0.1788
vn -0.9375 0.2521 0.2397
vn -0.9815 0.0117 0.1912
vn -0.9826 0.1246 0.1377
vn -0.9202 0.3657 0.1394
vn -0.7788 0.6038 0.1699
vn -0.6920 0.6773 0.2500
vn -0.8024 0.5548 0.2199
vn 0.6918 0.3359 -0.6392
vn 0.6580 0.3246 -0.6794
vn 0.4435 0.2666 -0.8557
vn 0.6085 0.3159 -0.7280
vn 0.6354 -0.7516 -0.1774
vn 0.5554 -0.8163 -0.1587
vn 0.5935 -0.7846 -0.1791
vn 0.5515 -0.8281 -0.1008
vn 0.8732 -0.3542 -0.3347
vn 0.7927 0.1181 -0.5980
vn 0.5362 0.7346 -0.4158
vn 0.4312 0.8551 -0.2879
vn 0.3978 0.8812 -0.2555
vn 0.6824 0.6907 0.2392
vn 0.7422 0.5307 -0.4093
vn 0.8324 0.4950 -0.2492
vn 0.6022 0.4464 -0.6619
vn 0.7260 0.3448 -0.5950
vn 0.4249 0.7402 -0.5211
vn 0.8541 0.3914 -0.3425
vn 0.7289 -0.6422 -0.2371
vn 0.4907 -0.8477 -0.2017
vn 0.5927 -0.7966 -0.1192
vn 0.8339 0.3583 -0.4198
vn 0.6790 -0.6223 -0.3895
vn 0.7347 -0.6297 -0.2522
vn 0.3585 0.3330 -0.8721
vn 0.3448 0.3305 -0.8786
vn 0.0539 0.2741 -0.9602
vn 0.2659 0.3165 -0.9106
vn -0.2736 0.0223 -0.9616
vn -0.4726 -0.2849 -0.8339
vn -0.8832 0.1106 -0.4558
vn -0.4949 -0.3254 -0.8057
vn -0.2442 0.0235 -0.9694
vn -0.2027 0.1232 -0.9715
vn 0.2787 0.3924 -0.8765
vn 0.3203 0.4121 -0.8530
vn 0.3172 0.6015 -0.7332
vn 0.5311 0.5405 -0.6525
vn 0.4192 0.4222 -0.8038
vn 0.5042 0.3878 -0.7716
vn 0.2690 0.4141 -0.8696
vn 0.4259 0.3442 -0.8367
vn 0.1987 0.5752 -0.7935
vn 0.2828 0.2486 -0.9264
vn 0.0852 -0.1221 -0.9888
vn -0.3633 -0.2270 -0.9036
vn -0.2226 -0.0336 -0.9743
vn 0.5958 0.3554 -0.7202
vn -0.0920 0.3590 -0.9288
vn -0.0162 0.2832 -0.9589
vn -0.0548 0.7792 0.6243
vn -0.0561 0.8033 0.5929
vn 0.2687 0.6892 0.6729
vn 0.0351 0.7494 0.6612
vn -0.0788 0.7349 0.6736
vn -0.1800 0.5255 0.8316
vn 0.0034 0.5240 0.8517
vn -0.0014 0.6989 0.7153
vn -0.1157 0.4142 0.9028
vn 0.0422 0.4897 0.8709
vn -0.0354 0.5418 0.8397
vn -0.0292 0.5802 0.8139
vn -0.0900 0.6578 0.7478
vn -0.1489 0.6811 0.7169
vn -0.0834 0.7373 0.6704
vn -0.1647 0.7507 0.6398
vn -0.0142 0.7235 0.6902
vn -0.1954 0.7937 0.5761
vn -0.0295 0.6200 0.7841
vn -0.1534 0.4183 0.8953
vn -0.3034 0.3892 0.8697
vn -0.2748 0.5839 0.7639
vn -0.1767 0.7356 0.6539
vn -0.3705 0.8175 0.4410
vn 0.0138 0.7994 0.6006
vn -0.0039 0.8023 0.5970
vn 0.8445 0.4032 0.3524
vn 0.7564 0.5424 0.3655
vn 0.9328 0.3243 0.1572
vn 0.8625 0.3592 0.3564
vn 0.5910 0.6634 0.4590
vn 0.6601 0.6585 0.3614
vn 0.7335 0.6635 0.1477
vn 0.6403 0.7386 0.2110
vn 0.8454 0.4787 0.2368
vn 0.9012 0.4019 0.1622
vn 0.7791 0.5638 0.2742
vn 0.7861 0.5842 0.2019
vn 0.5729 0.7465 0.3384
vn 0.5019 0.7622 0.4089
vn 0.7326 0.5143 0.4458
vn 0.6701 0.5310 0.5187
vn 0.8469 0.3821 0.3699
vn 0.7226 0.5198 0.4558
vn 0.6946 0.6489 0.3106
vn 0.7310 0.5764 0.3653
vn 0.7430 0.4872 0.4590
vn 0.5403 0.6903 0.4812
vn 0.5795 0.6805 0.4485
vn 0.5783 0.6560 0.4850
vn 0.5976 0.5939 0.5387
vn 0.6555 0.5984 0.4608
vn 0.9493 0.2294 -0.2147
vn 0.9419 0.2894 -0.1702
vn 0.9260 0.1357 -0.3523
vn 0.9496 0.2787 -0.1435
vn 0.8584 0.5096 -0.0578
vn 0.8786 0.4759 -0.0403
vn 0.9726 0.2177 0.0819
vn 0.8165 0.5746 -0.0564
vn 0.9891 0.1473 0.0065
vn 0.9906 0.1228 -0.0599
vn 0.8968 0.4101 -0.1662
vn 0.8491 0.5046 -0.1560
vn 0.7935 0.5938 -0.1332
vn 0.7761 0.6283 0.0539
vn 0.9061 0.4137 -0.0886
vn 0.8748 0.4754 0.0932
vn 0.9291 0.2711 -0.2514
vn 0.9450 0.3032 -0.1224
vn 0.7982 0.5273 -0.2913
vn 0.9250 0.3661 -0.1015
vn 0.9735 0.2255 -0.0392
vn 0.9240 0.3786 -0.0542
vn 0.8357 0.5442 -0.0733
vn 0.9244 0.3780 -0.0503
vn 0.8728 0.4865 0.0394
vn 0.8912 0.4495 -0.0615
vn -0.7244 0.6673 0.1731
vn -0.7039 0.6693 0.2377
vn -0.5694 0.6755 0.4684
vn -0.6712 0.6828 0.2886
vn -0.8353 -0.3844 0.3931
vn -0.8834 -0.2470 0.3981
vn -0.9254 -0.2177 0.3103
vn -0.8487 -0.4265 0.3129
vn -0.9068 0.2767 0.3179
vn -0.8794 0.3562 0.3158
vn -0.6223 0.7688 0.1474
vn -0.6099 0.7877 0.0869
vn -0.5424 0.8387 0.0488
vn -0.6475 0.7568 -0.0890
vn -0.6810 0.7267 0.0903
vn -0.7332 0.6796 0.0218
vn -0.6158 0.7553 0.2245
vn -0.7391 0.6611 0.1294
vn -0.4858 0.8622 0.1433
vn -0.7457 0.6445 0.1690
vn -0.9051 0.2091 0.3703
vn -0.8483 -0.2240 0.4798
vn -0.8005 -0.4141 0.4333
vn -0.7974 0.6011 -0.0543
vn -0.8524 -0.2858 0.4379
vn -0.8595 -0.3058 0.4097
vn -0.4558 0.7500 0.4793
vn -0.4394 0.7421 0.5062
vn -0.2070 0.6936 0.6900
vn -0.3843 0.7456 0.5444
vn 0.1264 0.9855 0.1130
vn -0.0847 0.8677 0.4898
vn 0.0002 0.8541 0.5201
vn 0.2386 0.9708 -0.0243
vn -0.6005 -0.0067 0.7996
vn -0.5312 -0.1415 0.8353
vn -0.6910 0.1701 0.7025
vn -0.7393 0.2433 0.6279
vn -0.4795 0.7693 0.4223
vn -0.5687 0.7789 0.2645
vn -0.4512 0.8072 0.3806
vn -0.5334 0.7791 0.3295
vn -0.3464 0.8017 0.4871
vn -0.5039 0.7514 0.4261
vn -0.3630 0.7591 0.5403
vn -0.7395 -0.1306 0.6603
vn -0.6959 0.0066 0.7181
vn -0.1190 0.8977 0.4243
vn 0.2669 0.9601 0.0832
vn -0.6350 0.7228 0.2728
vn -0.0932 0.9827 0.1599
vn -0.0394 0.9784 0.2028
vn -0.2621 0.9164 0.3026
vn -0.2013 0.9433 0.2640
vn -0.0251 0.8380 0.5451
vn -0.2165 0.8821 0.4183
vn -0.6810 0.2652 0.6826
vn -0.6434 0.4568 0.6143
vn -0.5538 0.4938 0.6704
vn -0.6441 0.1807 0.7433
vn -0.1411 0.9728 0.1840
vn -0.1900 0.9373 0.2921
vn 0.0280 0.9987 -0.0423
vn 0.0479 0.9964 -0.0699
vn -0.3148 0.9321 0.1792
vn -0.3742 0.9193 0.1219
vn -0.4556 0.8240 0.3369
vn -0.4960 0.8201 0.2855
vn -0.4065 0.8220 0.3989
vn -0.3432 0.9217 0.1809
vn -0.2277 0.9547 0.1917
vn 0.0774 0.9965 -0.0327
vn -0.3621 0.8864 0.2885
vn -0.7558 0.3266 0.5676
vn -0.7439 0.2409 0.6233
vn -0.3490 0.9363 -0.0395
vn -0.5487 0.4447 0.7079
vn -0.5825 0.4406 0.6831
vn 0.5420 0.3811 0.7490
vn 0.4958 0.5148 0.6994
vn 0.6687 0.2417 0.7032
vn 0.5390 0.3546 0.7640
vn 0.2688 0.0008 0.9632
vn 0.3624 0.2016 0.9100
vn 0.3848 0.1629 0.9085
vn 0.3111 0.0330 0.9498
vn 0.4659 0.5428 0.6988
vn 0.5396 0.6029 0.5877
vn 0.4752 0.8385 0.2665
vn 0.5150 0.8250 0.2325
vn 0.4480 0.8021 0.3949
vn 0.3181 0.7982 0.5116
vn 0.4493 0.5372 0.7139
vn 0.3710 0.5820 0.7237
vn 0.5437 0.3799 0.7484
vn 0.4417 0.5226 0.7292
vn 0.4684 0.7683 0.4363
vn 0.4004 0.8050 0.4378
vn 0.4447 0.4910 0.7491
vn 0.3984 0.2792 0.8737
vn 0.2679 0.1134 0.9567
vn 0.3545 0.6648 0.6575
vn 0.2387 -0.0460 0.9700
vn 0.2296 -0.0688 0.9709
vn 0.9251 0.0880 0.3694
vn 0.9150 0.1078 0.3887
vn 0.9456 -0.0777 0.3161
vn 0.8331 0.3405 0.4358
vn 0.9197 -0.0100 0.3924
vn 0.8148 -0.3199 0.4834
vn 0.7994 -0.5193 0.3020
vn 0.9102 -0.3824 0.1590
vn 0.6373 -0.3113 0.7049
vn 0.6734 -0.4576 0.5807
vn 0.8530 0.0257 0.5213
vn 0.8534 0.2422 0.4615
vn 0.8247 0.5091 0.2463
vn 0.6450 0.6514 0.3996
vn 0.7880 0.5007 0.3583
vn 0.6830 0.5698 0.4569
vn 0.9318 0.2060 0.2988
vn 0.8976 0.1737 0.4051
vn 0.9177 0.3795 0.1175
vn 0.7662 -0.1064 0.6338
vn 0.5995 -0.2381 0.7641
vn 0.6467 -0.1230 0.7528
vn 0.7790 0.0454 0.6254
vn 0.8858 0.1991 0.4192
vn 0.9361 0.1997 0.2895
vn 0.8920 0.1270 0.4339
vn -0.4678 0.7682 -0.4370
vn -0.4808 0.7863 -0.3881
vn -0.5101 0.8525 -0.1139
vn -0.4887 0.8105 -0.3230
vn -0.9182 -0.3090 -0.2478
vn -0.9119 -0.3750 -0.1670
vn -0.9207 -0.3346 -0.2010
vn -0.8861 -0.4256 -0.1836
vn -0.8551 0.0999 -0.5087
vn -0.6418 0.6021 -0.4749
vn 0.0002 0.8574 -0.5146
vn 0.2036 0.8341 -0.5127
vn 0.2555 0.8244 -0.5051
vn 0.2577 0.3657 -0.8944
vn -0.2355 0.7374 -0.6331
vn -0.2165 0.6062 -0.7653
vn -0.3614 0.8497 -0.3840
vn -0.4546 0.7457 -0.4871
vn 0.0015 0.9260 -0.3774
vn -0.3482 0.6067 -0.7146
vn -0.9238 -0.1815 -0.3372
vn -0.9245 -0.3719 -0.0842
vn -0.8954 -0.3865 -0.2211
vn -0.4028 0.6386 -0.6557
vn -0.9693 -0.0622 -0.2380
vn -0.9266 -0.1614 -0.3398
vn -0.4323 0.9001 -0.0540
vn -0.4307 0.9017 -0.0388
vn -0.3692 0.8916 0.2621
vn -0.4186 0.9070 0.0465
vn -0.3770 0.6872 0.6210
vn -0.4150 0.3651 0.8334
vn 0.2623 0.3116 0.9133
vn -0.4158 0.3147 0.8533
vn -0.3951 0.6969 0.5985
vn -0.3497 0.7701 0.5335
vn -0.3552 0.9348 -0.0014
vn -0.3496 0.9354 -0.0528
vn -0.1549 0.9755 -0.1563
vn -0.2578 0.8986 -0.3550
vn -0.3649 0.9170 -0.1612
vn -0.4126 0.8795 -0.2371
vn -0.3320 0.9433 -0.0024
vn -0.4387 0.8892 -0.1299
vn -0.1469 0.9889 -0.0216
vn -0.4813 0.8746 0.0588
vn -0.6671 0.6484 0.3667
vn -0.4685 0.4668 0.7501
vn -0.4469 0.6642 0.5992
vn -0.4515 0.8301 -0.3272
vn -0.2225 0.9102 0.3494
vn -0.3276 0.8892 0.3192
vn 0.8942 0.0644 -0.4430
vn 0.8938 0.1035 -0.4363
vn 0.6998 0.0033 -0.7143
vn 0.8498 0.0272 -0.5264
vn 0.9033 -0.0040 -0.4290
vn 0.8992 -0.2717 -0.3429
vn 0.8184 -0.2675 -0.5086
vn 0.8636 -0.0504 -0.5017
vn 0.8316 -0.3918 -0.3937
vn 0.7865 -0.3005 -0.5395
vn 0.8430 -0.2509 -0.4757
vn 0.8516 -0.2055 -0.4822
vn 0.8977 -0.1115 -0.4263
vn 0.9256 -0.0796 -0.3700
vn 0.9054 -0.0006 -0.4245
vn 0.9380 0.0220 -0.3460
vn 0.8727 -0.0169 -0.4880
vn 0.9472 0.0941 -0.3066
vn 0.8621 -0.1569 -0.4818
vn 0.8489 -0.3876 -0.3593
vn 0.8897 -0.4049 -0.2109
vn 0.9484 -0.1931 -0.2513
vn 0.9415 0.0002 -0.3369
vn 0.9759 0.1898 -0.1078
vn 0.8608 0.1028 -0.4985
vn 0.8694 0.1055 -0.4827
vn 0.0460 0.1066 -0.9932
vn 0.1905 0.1814 -0.9648
vn -0.1580 0.2053 -0.9658
vn 0.0096 0.0759 -0.9971
vn 0.4052 0.1769 -0.8969
vn 0.3141 0.2523 -0.9152
vn 0.1638 0.4196 -0.8928
vn 0.2954 0.4140 -0.8610
vn 0.0329 0.2420 -0.9697
vn -0.0875 0.2506 -0.9641
vn 0.1435 0.2650 -0.9535
vn 0.1141 0.3322 -0.9363
vn 0.4040 0.3190 -0.8573
vn 0.4884 0.2705 -0.8297
vn 0.2275 0.1012 -0.9685
vn 0.3097 0.0525 -0.9494
vn 0.0402 0.0798 -0.9960
vn 0.2416 0.0966 -0.9656
vn 0.2627 0.2867 -0.9213
vn 0.2259 0.2018 -0.9530
vn 0.2113 0.0745 -0.9746
vn 0.4607 0.1734 -0.8704
vn 0.4167 0.1949 -0.8879
vn 0.4208 0.1516 -0.8944
vn 0.3990 0.0725 -0.9141
vn 0.3305 0.1387 -0.9336
vn -0.4342 0.4145 -0.7998
vn -0.3658 0.4217 -0.8297
vn -0.5613 0.4491 -0.6952
vn -0.3621 0.3958 -0.8439
vn -0.1145 0.4793 -0.8702
vn -0.1375 0.4459 -0.8845
vn -0.2909 0.1926 -0.9372
vn -0.0492 0.5176 -0.8542
vn -0.3878 0.2019 -0.8993
vn -0.4415 0.2340 -0.8662
vn -0.2599 0.4953 -0.8289
vn -0.1671 0.5466 -0.8206
vn -0.0670 0.5840 -0.8090
vn 0.0675 0.4689 -0.8807
vn -0.2195 0.4422 -0.8697
vn -0.0628 0.3478 -0.9355
vn -0.4163 0.4672 -0.7800
vn -0.3318 0.3965 -0.8560
vn -0.2008 0.6551 -0.7284
vn -0.2680 0.4215 -0.8663
vn -0.3526 0.2863 -0.8909
vn -0.2331 0.3953 -0.8885
vn -0.0884 0.5114 -0.8548
vn -0.2316 0.3921 -0.8903
vn -0.0838 0.3943 -0.9152
vn -0.1732 0.4449 -0.8787
vn 0.9033 0.2456 0.3517
vn 0.9300 0.2020 0.3071
vn 0.9941 0.0524 0.0953
vn 0.9508 0.1775 0.2541
vn 0.3713 -0.6369 0.6756
vn 0.4904 -0.5531 0.6735
vn 0.4827 -0.4737 0.7366
vn 0.3056 -0.6082 0.7326
vn 0.8104 -0.1435 0.5680
vn 0.8492 -0.0854 0.5212
vn 0.9069 0.3439 0.2436
vn 0.8802 0.4022 0.2518
vn 0.8602 0.4717 0.1938
vn 0.7816 0.5056 0.3653
vn 0.8763 0.3508 0.3301
vn 0.8330 0.3634 0.4173
vn 0.9368 0.2793 0.2106
vn 0.8824 0.2717 0.3841
vn 0.8998 0.4248 0.0994
vn 0.8963 0.2309 0.3787
vn 0.7928 -0.2272 0.5656
vn 0.5332 -0.5933 0.6030
vn 0.3561 -0.6825 0.6383
vn 0.7701 0.3589 0.5273
vn 0.4707 -0.6049 0.6423
vn 0.4452 -0.5986 0.6660
vn 0.9938 0.1071 -0.0295
vn 0.9951 0.0838 -0.0522
vn 0.9481 -0.0578 -0.3127
vn 0.9911 0.0644 -0.1164
vn 0.6625 0.5965 -0.4530
vn 0.8947 0.2191 -0.3891
vn 0.8601 0.1970 -0.4705
vn 0.5217 0.6989 -0.4892
vn 0.7321 -0.6532 0.1934
vn 0.6266 -0.7627 0.1599
vn 0.8427 -0.4727 0.2575
vn 0.8750 -0.3742 0.3073
vn 0.9872 0.1591 0.0083
vn 0.9513 0.2711 0.1466
vn 0.9758 0.2182 -0.0105
vn 0.9696 0.2276 0.0896
vn 0.9786 0.1481 -0.1426
vn 0.9894 0.1416 0.0332
vn 0.9874 0.0787 -0.1371
vn 0.6413 -0.6502 0.4074
vn 0.7436 -0.5951 0.3048
vn 0.8960 0.2834 -0.3419
vn 0.5594 0.6163 -0.5543
vn 0.9510 0.2200 0.2173
vn 0.7953 0.5365 -0.2821
vn 0.7893 0.5082 -0.3446
vn -0.3000 0.6528 0.6956
vn -0.2829 0.7090 0.6460
vn 0.0427 0.6534 0.7558
vn -0.1895 0.6260 0.7564
vn -0.2173 -0.1633 0.9623
vn -0.2832 0.0328 0.9585
vn -0.1932 0.0972 0.9763
vn -0.1297 -0.2305 0.9644
vn -0.2903 0.7731 0.5640
vn -0.2565 0.7047 0.6615
vn -0.2953 0.9031 0.3119
vn -0.2949 0.9137 0.2795
vn -0.4150 0.6611 0.6251
vn -0.4895 0.6316 0.6012
vn -0.4028 0.4806 0.7790
vn -0.4618 0.4666 0.7543
vn -0.3294 0.4916 0.8061
vn -0.4330 0.6390 0.6358
vn -0.3474 0.7177 0.6035
vn -0.2512 0.9215 0.2962
vn -0.3763 0.5841 0.7192
vn -0.3580 -0.1255 0.9253
vn -0.2922 -0.2041 0.9343
vn -0.5661 0.6809 0.4646
vn -0.1537 0.0505 0.9868
vn -0.1925 0.0355 0.9807
vn 0.7293 0.4700 0.4971
vn 0.6264 0.5751 0.5261
vn 0.8420 0.4091 0.3518
vn 0.7433 0.4431 0.5012
vn 0.7513 -0.0180 0.6598
vn 0.7344 0.2088 0.6458
vn 0.7623 0.1845 0.6204
vn 0.7669 0.0311 0.6410
vn 0.5948 0.5868 0.5494
vn 0.5712 0.6885 0.4469
vn 0.2710 0.9146 0.3002
vn 0.2864 0.9251 0.2494
vn 0.3332 0.8519 0.4039
vn 0.3001 0.7745 0.5569
vn 0.5922 0.5723 0.5673
vn 0.5242 0.5760 0.6272
vn 0.7306 0.4698 0.4954
vn 0.5993 0.5539 0.5779
vn 0.3822 0.8251 0.4160
vn 0.3199 0.8274 0.4616
vn 0.6221 0.5244 0.5814
vn 0.7190 0.2985 0.6277
vn 0.7139 0.0822 0.6954
vn 0.4498 0.6516 0.6108
vn 0.7456 -0.0738 0.6623
vn 0.7457 -0.0981 0.6590
vn 0.8963 0.4337 -0.0924
vn 0.8936 0.4441 -0.0649
vn 0.9306 0.3036 -0.2047
vn 0.7888 0.6074 0.0946
vn 0.9339 0.3413 -0.1064
vn 0.9954 0.0075 -0.0958
vn 0.9395 -0.1501 -0.3079
vn 0.9040 0.0405 -0.4257
vn 0.9811 -0.0949 0.1687
vn 0.9816 -0.1908 -0.0014
vn 0.9448 0.3251 0.0417
vn 0.8478 0.5256 0.0708
vn 0.6258 0.7800 0.0050
vn 0.5320 0.8048 0.2632
vn 0.6632 0.7404 0.1099
vn 0.6177 0.7411 0.2630
vn 0.8270 0.5513 -0.1104
vn 0.8701 0.4924 -0.0200
vn 0.6628 0.7246 -0.1889
vn 0.9801 0.1536 0.1254
vn 0.9639 -0.0552 0.2604
vn 0.9601 0.0692 0.2710
vn 0.9408 0.2949 0.1674
vn 0.8615 0.5077 0.0060
vn 0.8268 0.5490 -0.1222
vn 0.8957 0.4445 -0.0108
vn -0.8331 0.5362 0.1356
vn -0.8207 0.5395 0.1878
vn -0.7079 0.5461 0.4480
vn -0.7971 0.5482 0.2531
vn -0.7574 -0.6438 0.1086
vn -0.6875 -0.7110 0.1476
vn -0.7254 -0.6742 0.1385
vn -0.6622 -0.7421 0.1041
vn -0.9762 -0.2166 0.0146
vn -0.9399 0.3177 0.1249
vn -0.5422 0.8330 -0.1100
vn -0.3774 0.9019 -0.2101
vn -0.3302 0.9152 -0.2312
vn -0.4139 0.5653 -0.7135
vn -0.7556 0.6396 -0.1413
vn -0.7772 0.5506 -0.3047
vn -0.7450 0.6478 0.1592
vn -0.8446 0.5293 0.0807
vn -0.4838 0.8748 0.0255
vn -0.8503 0.4857 -0.2029
vn -0.8496 -0.5206 0.0844
vn -0.6514 -0.7256 0.2218
vn -0.7020 -0.7062 0.0919
vn -0.8685 0.4814 -0.1185
vn -0.8637 -0.4492 0.2287
vn -0.8591 -0.5036 0.0907
vn -0.6280 0.6141 0.4780
vn -0.6186 0.6140 0.4902
vn -0.3983 0.5893 0.7029
vn -0.5627 0.6119 0.5558
vn -0.1415 0.3536 0.9246
vn 0.0437 0.0212 0.9988
vn 0.6268 0.2615 0.7340
vn 0.0691 -0.0266 0.9973
vn -0.1710 0.3574 0.9182
vn -0.1943 0.4516 0.8708
vn -0.5490 0.6714 0.4978
vn -0.5739 0.6817 0.4537
vn -0.4940 0.8180 0.2948
vn -0.6630 0.7328 0.1528
vn -0.6415 0.6741 0.3661
vn -0.7102 0.6307 0.3128
vn -0.5342 0.6893 0.4894
vn -0.6727 0.6124 0.4153
vn -0.4157 0.8142 0.4054
vn -0.5946 0.5537 0.5830
vn -0.4976 0.2274 0.8371
vn -0.0745 0.0996 0.9922
vn -0.2010 0.3055 0.9307
vn -0.7766 0.5826 0.2396
vn -0.2412 0.6581 0.7132
vn -0.3332 0.5974 0.7294
vn 0.4204 0.5152 -0.7469
vn 0.4124 0.5486 -0.7273
vn 0.1352 0.4139 -0.9002
vn 0.3499 0.4745 -0.8077
vn 0.4554 0.4566 -0.7643
vn 0.5795 0.2054 -0.7887
vn 0.4222 0.1970 -0.8848
vn 0.3973 0.4083 -0.8219
vn 0.5338 0.0763 -0.8421
vn 0.3899 0.1582 -0.9072
vn 0.4550 0.2179 -0.8634
vn 0.4446 0.2629 -0.8563
vn 0.4842 0.3585 -0.7982
vn 0.5281 0.3910 -0.7538
vn 0.4586 0.4599 -0.7604
vn 0.5214 0.4831 -0.7034
vn 0.4023 0.4401 -0.8028
vn 0.5296 0.5454 -0.6497
vn 0.4387 0.3105 -0.8433
vn 0.5654 0.0828 -0.8207
vn 0.6858 0.0644 -0.7250
vn 0.6461 0.2836 -0.7086
vn 0.5357 0.4641 -0.7055
vn 0.6360 0.6145 -0.4669
vn 0.3520 0.5424 -0.7629
vn 0.3668 0.5462 -0.7530
vn -0.5570 0.2564 -0.7899
vn -0.4514 0.3825 -0.8062
vn -0.7278 0.2499 -0.6386
vn -0.5782 0.2138 -0.7874
vn -0.2462 0.4637 -0.8511
vn -0.3489 0.4928 -0.7971
vn -0.5012 0.5714 -0.6498
vn -0.3802 0.6200 -0.6863
vn -0.5935 0.3673 -0.7161
vn -0.6857 0.3210 -0.6533
vn -0.5058 0.4342 -0.7454
vn -0.5385 0.4783 -0.6938
vn -0.2665 0.5834 -0.7673
vn -0.1715 0.5737 -0.8009
vn -0.4015 0.3283 -0.8550
vn -0.3129 0.3188 -0.8947
vn -0.5552 0.2306 -0.7991
vn -0.3876 0.3301 -0.8607
vn -0.4020 0.5015 -0.7661
vn -0.4235 0.4145 -0.8055
vn -0.4095 0.2984 -0.8621
vn -0.1874 0.4813 -0.8563
vn -0.2375 0.4834 -0.8426
vn -0.2253 0.4478 -0.8653
vn -0.2300 0.3708 -0.8998
vn -0.3133 0.4021 -0.8603
vn -0.9083 0.2895 -0.3018
vn -0.8746 0.3304 -0.3549
vn -0.9574 0.2491 -0.1460
vn -0.8722 0.3111 -0.3774
vn -0.7206 0.4982 -0.4823
vn -0.7366 0.4604 -0.4954
vn -0.8103 0.1759 -0.5590
vn -0.6725 0.5586 -0.4855
vn -0.8664 0.1360 -0.4804
vn -0.8985 0.1359 -0.4174
vn -0.8141 0.4423 -0.3763
vn -0.7529 0.5275 -0.3937
vn -0.6801 0.6032 -0.4167
vn -0.5831 0.5708 -0.5780
vn -0.7904 0.4188 -0.4471
vn -0.6790 0.4138 -0.6064
vn -0.8988 0.3414 -0.2750
vn -0.8558 0.3268 -0.4009
vn -0.7586 0.5955 -0.2643
vn -0.8198 0.3786 -0.4296
vn -0.8592 0.2251 -0.4594
vn -0.7978 0.3740 -0.4730
vn -0.7012 0.5360 -0.4702
vn -0.7967 0.3721 -0.4763
vn -0.6974 0.4428 -0.5635
vn -0.7606 0.4430 -0.4747
vn 0.8233 0.5662 -0.0401
vn 0.8314 0.5458 -0.1043
vn 0.8050 0.4718 -0.3595
vn 0.8246 0.5409 -0.1657
vn 0.8549 -0.4967 0.1498
vn 0.9210 -0.3695 0.1236
vn 0.9274 -0.3116 0.2069
vn 0.8280 -0.5084 0.2365
vn 0.9880 0.1497 0.0384
vn 0.9744 0.2250 0.0035
vn 0.7361 0.6703 -0.0943
vn 0.7031 0.7090 -0.0544
vn 0.6345 0.7700 -0.0674
vn 0.6608 0.7409 0.1203
vn 0.7594 0.6506 -0.0075
vn 0.7715 0.6301 0.0878
vn 0.7595 0.6310 -0.1580
vn 0.8177 0.5756 0.0052
vn 0.6254 0.7594 -0.1791
vn 0.8374 0.5462 -0.0202
vn 0.9976 0.0681 0.0144
vn 0.9260 -0.3761 0.0322
vn 0.8355 -0.5384 0.1100
vn 0.7865 0.5827 0.2044
vn 0.9034 -0.4196 0.0886
vn 0.8952 -0.4286 0.1218
vn 0.7183 0.5379 -0.4412
vn 0.7133 0.5211 -0.4686
vn 0.5714 0.4121 -0.7097
vn 0.6797 0.5113 -0.5259
vn 0.0799 0.8856 -0.4575
vn 0.4058 0.6448 -0.6478
vn 0.3397 0.6215 -0.7060
vn -0.0792 0.9193 -0.3855
vn 0.8655 -0.2829 -0.4134
vn 0.7974 -0.4217 -0.4316
vn 0.9341 -0.0833 -0.3472
vn 0.9582 0.0111 -0.2860
vn 0.7193 0.5757 -0.3888
vn 0.7369 0.6393 -0.2196
vn 0.6825 0.6258 -0.3776
vn 0.7316 0.6170 -0.2900
vn 0.6307 0.5837 -0.5114
vn 0.7402 0.5576 -0.3758
vn 0.6609 0.5254 -0.5359
vn 0.9155 -0.3509 -0.1968
vn 0.9203 -0.2422 -0.3073
vn 0.4146 0.6955 -0.5868
vn -0.0626 0.8721 -0.4853
vn 0.7916 0.5838 -0.1805
vn 0.2965 0.8667 -0.4011
vn 0.2649 0.8479 -0.4592
vt 0.925113 0.586577
vt 0.943657 0.584122
vt 0.943427 0.586339
vt 0.924901 0.588970
vt 0.538563 0.552962
vt 0.618314 0.575590
vt 0.613580 0.616705
vt 0.538569 0.569690
vt 0.681185 0.584644
vt 0.677354 0.608324
vt 0.774574 0.578475
vt 0.771582 0.592646
vt 0.808636 0.579956
vt 0.808857 0.592851
vt 0.881591 0.589896
vt 0.881856 0.595124
vt 0.881586 0.582625
vt 0.924482 0.584066
vt 0.807851 0.565556
vt 0.767972 0.563346
vt 0.673765 0.559747
vt 0.612784 0.541846
vt 0.538922 0.541846
vt 0.942755 0.581453
vt 0.517048 0.548252
vt 0.516693 0.545771
vt 0.512872 0.469657
vt 0.537189 0.462546
vt 0.536589 0.465302
vt 0.512270 0.472535
vt 0.012404 0.448199
vt 0.069244 0.426378
vt 0.069111 0.472292
vt 0.012879 0.468624
vt 0.124881 0.424180
vt 0.117230 0.467830
vt 0.183978 0.507771
vt 0.186382 0.527816
vt 0.264241 0.528651
vt 0.273972 0.541351
vt 0.417029 0.495730
vt 0.420108 0.502452
vt 0.420016 0.484338
vt 0.512951 0.466797
vt 0.265156 0.512076
vt 0.187106 0.458037
vt 0.133585 0.398047
vt 0.088981 0.369709
vt 0.017341 0.431655
vt 0.536735 0.460527
vt 0.000247 0.449460
vt 0.000247 0.445972
vt 0.503446 0.715149
vt 0.523720 0.701523
vt 0.523720 0.704098
vt 0.502862 0.717807
vt 0.007047 0.741418
vt 0.046830 0.748395
vt 0.053907 0.776177
vt 0.005864 0.758561
vt 0.126346 0.718615
vt 0.126584 0.742575
vt 0.256633 0.743802
vt 0.261508 0.763656
vt 0.318347 0.785621
vt 0.328086 0.808070
vt 0.436307 0.766650
vt 0.439737 0.771243
vt 0.439686 0.755015
vt 0.503967 0.711733
vt 0.316569 0.766545
vt 0.252793 0.713295
vt 0.138360 0.688016
vt 0.068388 0.700816
vt 0.010680 0.728369
vt 0.523300 0.699525
vt 0.000247 0.731813
vt 0.001263 0.728991
vt 0.624944 0.225732
vt 0.642327 0.220218
vt 0.642857 0.222078
vt 0.625666 0.227924
vt 0.021083 0.245951
vt 0.159411 0.252036
vt 0.171808 0.296323
vt 0.026905 0.264088
vt 0.284176 0.311629
vt 0.291730 0.341743
vt 0.352917 0.356010
vt 0.358207 0.369215
vt 0.443367 0.316774
vt 0.456082 0.318414
vt 0.564994 0.244217
vt 0.569846 0.249011
vt 0.562440 0.235610
vt 0.623393 0.223460
vt 0.439972 0.302840
vt 0.343738 0.334146
vt 0.272049 0.271487
vt 0.142373 0.217725
vt 0.021893 0.233037
vt 0.640998 0.217725
vt 0.001184 0.245557
vt 0.000247 0.243283
vt 0.511126 0.815962
vt 0.530055 0.810985
vt 0.530205 0.813114
vt 0.511472 0.818273
vt 0.006892 0.817574
vt 0.055511 0.851518
vt 0.096909 0.903776
vt 0.004862 0.830218
vt 0.165686 0.878615
vt 0.177675 0.894940
vt 0.243438 0.858701
vt 0.247584 0.871575
vt 0.307389 0.846460
vt 0.318735 0.858392
vt 0.447593 0.829285
vt 0.451517 0.834674
vt 0.446291 0.820441
vt 0.509925 0.813509
vt 0.303202 0.831102
vt 0.234938 0.844529
vt 0.163592 0.854227
vt 0.051502 0.838727
vt 0.010361 0.808565
vt 0.529025 0.808565
vt 0.000247 0.811400
vt 0.001485 0.809388
vt 0.850602 0.065696
vt 0.869509 0.061871
vt 0.869509 0.064068
vt 0.850425 0.068249
vt 0.519612 0.044165
vt 0.594419 0.031376
vt 0.591315 0.077962
vt 0.520656 0.061989
vt 0.641504 0.053840
vt 0.638809 0.082696
vt 0.671887 0.088171
vt 0.669620 0.105198
vt 0.696232 0.099585
vt 0.697324 0.114666
vt 0.797692 0.081460
vt 0.798432 0.087271
vt 0.798775 0.072475
vt 0.849777 0.063184
vt 0.695712 0.082309
vt 0.670261 0.066769
vt 0.637294 0.025172
vt 0.583941 0.000247
vt 0.517999 0.033087
vt 0.868359 0.059028
vt 0.490218 0.050383
vt 0.489896 0.048089
vt 0.466591 0.058813
vt 0.489401 0.048670
vt 0.489401 0.051357
vt 0.466395 0.061974
vt 0.011644 0.027785
vt 0.067800 0.067640
vt 0.059717 0.182177
vt 0.019418 0.062648
vt 0.110221 0.189635
vt 0.113279 0.217231
vt 0.192443 0.174052
vt 0.195607 0.179321
vt 0.254956 0.149475
vt 0.262326 0.163698
vt 0.370510 0.104437
vt 0.374864 0.111057
vt 0.372114 0.091558
vt 0.466204 0.055810
vt 0.254866 0.133807
vt 0.188982 0.163143
vt 0.119139 0.128542
vt 0.064577 0.000247
vt 0.012336 0.014952
vt 0.488606 0.046449
vt 0.000477 0.022409
vt 0.000247 0.019110
vt 0.499547 0.618073
vt 0.516199 0.610391
vt 0.516199 0.613079
vt 0.499014 0.620823
vt 0.010151 0.554669
vt 0.080031 0.564440
vt 0.091367 0.603819
vt 0.013078 0.569697
vt 0.165309 0.663699
vt 0.167425 0.687522
vt 0.276384 0.651555
vt 0.282347 0.664384
vt 0.342070 0.662999
vt 0.346781 0.683504
vt 0.448759 0.646343
vt 0.449807 0.651583
vt 0.451283 0.636951
vt 0.499286 0.615561
vt 0.340789 0.645571
vt 0.268585 0.628710
vt 0.169891 0.638815
vt 0.101029 0.541846
vt 0.014823 0.544737
vt 0.515798 0.608414
vt 0.000247 0.551903
vt 0.002019 0.549413
vt 0.981758 0.169171
vt 0.999430 0.167948
vt 0.999753 0.169890
vt 0.982093 0.171575
vt 0.506779 0.153353
vt 0.576516 0.146067
vt 0.584599 0.187462
vt 0.510795 0.170859
vt 0.648552 0.153362
vt 0.654903 0.178420
vt 0.717515 0.164752
vt 0.721814 0.179859
vt 0.778218 0.172085
vt 0.788554 0.187463
vt 0.919245 0.174150
vt 0.923020 0.180179
vt 0.918127 0.164774
vt 0.980662 0.166459
vt 0.774464 0.155022
vt 0.708007 0.146597
vt 0.644516 0.128288
vt 0.573575 0.115161
vt 0.505943 0.142112
vt 0.998769 0.164985
vt 0.490662 0.154040
vt 0.489896 0.151652
vt 0.523421 0.973049
vt 0.543302 0.973656
vt 0.543025 0.975811
vt 0.523151 0.975537
vt 0.018673 0.966992
vt 0.126016 0.931199
vt 0.134725 0.964593
vt 0.030448 0.978929
vt 0.168429 0.927288
vt 0.178418 0.946440
vt 0.267694 0.936739
vt 0.268471 0.952205
vt 0.309411 0.953725
vt 0.316076 0.970558
vt 0.452437 0.972511
vt 0.455218 0.978929
vt 0.453998 0.962860
vt 0.522859 0.970174
vt 0.308867 0.936049
vt 0.263106 0.917017
vt 0.165363 0.904270
vt 0.118231 0.904378
vt 0.017341 0.956209
vt 0.543039 0.970739
vt 0.000247 0.969685
vt 0.001463 0.966433
s 1
g off
g Algae2_Algae_1
usemtl Algae_1
f 664/409/635 658/410/636 644/411/637 651/412/638
f 657/413/639 659/414/640 656/415/641 643/416/642
f 659/414/640 660/417/643 655/418/644 656/415/641
f 660/417/643 661/419/645 654/420/646 655/418/644
f 661/419/645 662/421/647 653/422/648 654/420/646
f 662/421/647 663/423/649 652/424/650 653/422/648
f 663/423/649 664/409/635 651/412/638 652/424/650
f 649/425/651 650/426/652 664/409/635 663/423/649
f 648/427/653 649/425/651 663/423/649 662/421/647
f 647/428/654 648/427/653 662/421/647 661/419/645
f 646/429/655 647/428/654 661/419/645 660/417/643
f 645/430/656 646/429/655 660/417/643 659/414/640
f 641/431/657 645/430/656 659/414/640 657/413/639
f 650/426/652 642/432/658 658/410/636 664/409/635
f 657/413/639 643/416/642 666/433/659 665/434/660
f 641/431/657 657/413/639 665/434/660
f 690/435/661 684/436/662 670/437/663 677/438/664
f 683/439/665 685/440/666 682/441/667 669/442/668
f 685/440/666 686/443/669 681/444/670 682/441/667
f 686/443/669 687/445/671 680/446/672 681/444/670
f 687/445/671 688/447/673 679/448/674 680/446/672
f 688/447/673 689/449/675 678/450/676 679/448/674
f 689/449/675 690/435/661 677/438/664 678/450/676
f 675/451/677 676/452/678 690/435/661 689/449/675
f 674/453/679 675/451/677 689/449/675 688/447/673
f 673/454/680 674/453/679 688/447/673 687/445/671
f 672/455/681 673/454/680 687/445/671 686/443/669
f 671/456/682 672/455/681 686/443/669 685/440/666
f 667/457/683 671/456/682 685/440/666 683/439/665
f 676/452/678 668/458/684 684/436/662 690/435/661
f 683/439/665 669/442/668 692/459/685 691/460/686
f 667/457/683 683/439/665 691/460/686
f 716/461/687 710/462/688 696/463/689 703/464/690
f 709/465/691 711/466/692 708/467/693 695/468/694
f 711/466/692 712/469/695 707/470/696 708/467/693
f 712/469/695 713/471/697 706/472/698 707/470/696
f 713/471/697 714/473/699 705/474/700 706/472/698
f 714/473/699 715/475/701 704/476/702 705/474/700
f 715/475/701 716/461/687 703/464/690 704/476/702
f 701/477/703 702/478/704 716/461/687 715/475/701
f 700/479/705 701/477/703 715/475/701 714/473/699
f 699/480/706 700/479/705 714/473/699 713/471/697
f 698/481/707 699/480/706 713/471/697 712/469/695
f 697/482/708 698/481/707 712/469/695 711/466/692
f 693/483/709 697/482/708 711/466/692 709/465/691
f 702/478/704 694/484/710 710/462/688 716/461/687
f 709/465/691 695/468/694 718/485/711 717/486/712
f 693/483/709 709/465/691 717/486/712
f 742/487/713 736/488/714 722/489/715 729/490/716
f 735/491/717 737/492/718 734/493/719 721/494/720
f 737/492/718 738/495/721 733/496/722 734/493/719
f 738/495/721 739/497/723 732/498/724 733/496/722
f 739/497/723 740/499/725 731/500/726 732/498/724
f 740/499/725 741/501/727 730/502/728 731/500/726
f 741/501/727 742/487/713 729/490/716 730/502/728
f 727/503/729 728/504/730 742/487/713 741/501/727
f 726/505/731 727/503/729 741/501/727 740/499/725
f 725/506/732 726/505/731 740/499/725 739/497/723
f 724/507/733 725/506/732 739/497/723 738/495/721
f 723/508/734 724/507/733 738/495/721 737/492/718
f 719/509/735 723/508/734 737/492/718 735/491/717
f 728/504/730 720/510/736 736/488/714 742/487/713
f 735/491/717 721/494/720 744/511/737 743/512/738
f 719/509/735 735/491/717 743/512/738
f 768/513/739 762/514/740 748/515/741 755/516/742
f 761/517/743 763/518/744 760/519/745 747/520/746
f 763/518/744 764/521/747 759/522/748 760/519/745
f 764/521/747 765/523/749 758/524/750 759/522/748
f 765/523/749 766/525/751 757/526/752 758/524/750
f 766/525/751 767/527/753 756/528/754 757/526/752
f 767/527/753 768/513/739 755/516/742 756/528/754
f 753/529/755 754/530/756 768/513/739 767/527/753
f 752/531/757 753/529/755 767/527/753 766/525/751
f 751/532/758 752/531/757 766/525/751 765/523/749
f 750/533/759 751/532/758 765/523/749 764/521/747
f 749/534/760 750/533/759 764/521/747 763/518/744
f 745/535/761 749/534/760 763/518/744 761/517/743
f 754/530/756 746/536/762 762/514/740 768/513/739
f 761/517/743 747/520/746 770/537/763 769/538/764
f 745/535/761 761/517/743 769/538/764
f 794/539/765 788/540/766 774/541/767 781/542/768
f 787/543/769 789/544/770 786/545/771 773/546/772
f 789/544/770 790/547/773 785/548/774 786/545/771
f 790/547/773 791/549/775 784/550/776 785/548/774
f 791/549/775 792/551/777 783/552/778 784/550/776
f 792/551/777 793/553/779 782/554/780 783/552/778
f 793/553/779 794/539/765 781/542/768 782/554/780
f 779/555/781 780/556/782 794/539/765 793/553/779
f 778/557/783 779/555/781 793/553/779 792/551/777
f 777/558/784 778/557/783 792/551/777 791/549/775
f 776/559/785 777/558/784 791/549/775 790/547/773
f 775/560/786 776/559/785 790/547/773 789/544/770
f 771/561/787 775/560/786 789/544/770 787/543/769
f 780/556/782 772/562/788 788/540/766 794/539/765
f 787/543/769 773/546/772 796/563/789 795/564/790
f 771/561/787 787/543/769 795/564/790
f 820/565/791 814/566/792 800/567/793 807/568/794
f 813/569/795 815/570/796 812/571/797 799/572/798
f 815/570/796 816/573/799 811/574/800 812/571/797
f 816/573/799 817/575/801 810/576/802 811/574/800
f 817/575/801 818/577/803 809/578/804 810/576/802
f 818/577/803 819/579/805 808/580/806 809/578/804
f 819/579/805 820/565/791 807/568/794 808/580/806
f 805/581/807 806/582/808 820/565/791 819/579/805
f 804/583/809 805/581/807 819/579/805 818/577/803
f 803/584/810 804/583/809 818/577/803 817/575/801
f 802/585/811 803/584/810 817/575/801 816/573/799
f 801/586/812 802/585/811 816/573/799 815/570/796
f 797/587/813 801/586/812 815/570/796 813/569/795
f 806/582/808 798/588/814 814/566/792 820/565/791
f 813/569/795 799/572/798 822/589/815 821/590/816
f 797/587/813 813/569/795 821/590/816
f 846/591/817 840/592/818 826/593/819 833/594/820
f 839/595/821 841/596/822 838/597/823 825/598/824
f 841/596/822 842/599/825 837/600/826 838/597/823
f 842/599/825 843/601/827 836/602/828 837/600/826
f 843/601/827 844/603/829 835/604/830 836/602/828
f 844/603/829 845/605/831 834/606/832 835/604/830
f 845/605/831 846/591/817 833/594/820 834/606/832
f 831/607/833 832/608/834 846/591/817 845/605/831
f 830/609/835 831/607/833 845/605/831 844/603/829
f 829/610/836 830/609/835 844/603/829 843/601/827
f 828/611/837 829/610/836 843/601/827 842/599/825
f 827/612/838 828/611/837 842/599/825 841/596/822
f 823/613/839 827/612/838 841/596/822 839/595/821
f 832/608/834 824/614/840 840/592/818 846/591/817
f 839/595/821 825/598/824 848/615/841 847/616/842
f 823/613/839 839/595/821 847/616/842
f 872/617/843 866/618/844 852/619/845 859/620/846
f 865/621/847 867/622/848 864/623/849 851/624/850
f 867/622/848 868/625/851 863/626/852 864/623/849
f 868/625/851 869/627/853 862/628/854 863/626/852
f 869/627/853 870/629/855 861/630/856 862/628/854
f 870/629/855 871/631/857 860/632/858 861/630/856
f 871/631/857 872/617/843 859/620/846 860/632/858
f 857/633/859 858/634/860 872/617/843 871/631/857
f 856/635/861 857/633/859 871/631/857 870/629/855
f 855/636/862 856/635/861 870/629/855 869/627/853
f 854/637/863 855/636/862 869/627/853 868/625/851
f 853/638/864 854/637/863 868/625/851 867/622/848
f 849/639/865 853/638/864 867/622/848 865/621/847
f 858/634/860 850/640/866 866/618/844 872/617/843
f 865/621/847 851/624/850 874/641/867 873/642/868
f 849/639/865 865/621/847 873/642/868
f 898/643/869 892/644/870 878/645/871 885/646/872
f 891/647/873 893/648/874 890/649/875 877/650/876
f 893/648/874 894/651/877 889/652/878 890/649/875
f 894/651/877 895/653/879 888/654/880 889/652/878
f 895/653/879 896/655/881 887/656/882 888/654/880
f 896/655/881 897/657/883 886/658/884 887/656/882
f 897/657/883 898/643/869 885/646/872 886/658/884
f 883/659/885 884/660/886 898/643/869 897/657/883
f 882/661/887 883/659/885 897/657/883 896/655/881
f 881/662/888 882/661/887 896/655/881 895/653/879
f 880/663/889 881/662/888 895/653/879 894/651/877
f 879/664/890 880/663/889 894/651/877 893/648/874
f 875/665/891 879/664/890 893/648/874 891/647/873
f 884/660/886 876/666/892 892/644/870 898/643/869
f 891/647/873 877/650/876 900/667/893 899/668/894
f 875/665/891 891/647/873 899/668/894
f 924/409/895 918/410/896 904/411/897 911/412/898
f 917/413/899 919/414/900 916/415/901 903/416/902
f 919/414/900 920/417/903 915/418/904 916/415/901
f 920/417/903 921/419/905 914/420/906 915/418/904
f 921/419/905 922/421/907 913/422/908 914/420/906
f 922/421/907 923/423/909 912/424/910 913/422/908
f 923/423/909 924/409/895 911/412/898 912/424/910
f 909/425/911 910/426/912 924/409/895 923/423/909
f 908/427/913 909/425/911 923/423/909 922/421/907
f 907/428/914 908/427/913 922/421/907 921/419/905
f 906/429/915 907/428/914 921/419/905 920/417/903
f 905/430/916 906/429/915 920/417/903 919/414/900
f 901/431/917 905/430/916 919/414/900 917/413/899
f 910/426/912 902/432/918 918/410/896 924/409/895
f 917/413/899 903/416/902 926/433/919 925/434/920
f 901/431/917 917/413/899 925/434/920
f 950/435/921 944/436/922 930/437/923 937/438/924
f 943/439/925 945/440/926 942/441/927 929/442/928
f 945/440/926 946/443/929 941/444/930 942/441/927
f 946/443/929 947/445/931 940/446/932 941/444/930
f 947/445/931 948/447/933 939/448/934 940/446/932
f 948/447/933 949/449/935 938/450/936 939/448/934
f 949/449/935 950/435/921 937/438/924 938/450/936
f 935/451/937 936/452/938 950/435/921 949/449/935
f 934/453/939 935/451/937 949/449/935 948/447/933
f 933/454/940 934/453/939 948/447/933 947/445/931
f 932/455/941 933/454/940 947/445/931 946/443/929
f 931/456/942 932/455/941 946/443/929 945/440/926
f 927/457/943 931/456/942 945/440/926 943/439/925
f 936/452/938 928/458/944 944/436/922 950/435/921
f 943/439/925 929/442/928 952/459/945 951/460/946
f 927/457/943 943/439/925 951/460/946
f 976/461/947 970/462/948 956/463/949 963/464/950
f 969/465/951 971/466/952 968/467/953 955/468/954
f 971/466/952 972/469/955 967/470/956 968/467/953
f 972/469/955 973/471/957 966/472/958 967/470/956
f 973/471/957 974/473/959 965/474/960 966/472/958
f 974/473/959 975/475/961 964/476/962 965/474/960
f 975/475/961 976/461/947 963/464/950 964/476/962
f 961/477/963 962/478/964 976/461/947 975/475/961
f 960/479/965 961/477/963 975/475/961 974/473/959
f 959/480/966 960/479/965 974/473/959 973/471/957
f 958/481/967 959/480/966 973/471/957 972/469/955
f 957/482/968 958/481/967 972/469/955 971/466/952
f 953/483/969 957/482/968 971/466/952 969/465/951
f 962/478/964 954/484/970 970/462/948 976/461/947
f 969/465/951 955/468/954 978/485/971 977/486/972
f 953/483/969 969/465/951 977/486/972
f 1002/487/973 996/488/974 982/489/975 989/490/976
f 995/491/977 997/492/978 994/493/979 981/494/980
f 997/492/978 998/495/981 993/496/982 994/493/979
f 998/495/981 999/497/983 992/498/984 993/496/982
f 999/497/983 1000/499/985 991/500/986 992/498/984
f 1000/499/985 1001/501/987 990/502/988 991/500/986
f 1001/501/987 1002/487/973 989/490/976 990/502/988
f 987/503/989 988/504/990 1002/487/973 1001/501/987
f 986/505/991 987/503/989 1001/501/987 1000/499/985
f 985/506/992 986/505/991 1000/499/985 999/497/983
f 984/507/993 985/506/992 999/497/983 998/495/981
f 983/508/994 984/507/993 998/495/981 997/492/978
f 979/509/995 983/508/994 997/492/978 995/491/977
f 988/504/990 980/510/996 996/488/974 1002/487/973
f 995/491/977 981/494/980 1004/511/997 1003/512/998
f 979/509/995 995/491/977 1003/512/998
f 1028/513/999 1022/514/1000 1008/515/1001 1015/516/1002
f 1021/517/1003 1023/518/1004 1020/519/1005 1007/520/1006
f 1023/518/1004 1024/521/1007 1019/522/1008 1020/519/1005
f 1024/521/1007 1025/523/1009 1018/524/1010 1019/522/1008
f 1025/523/1009 1026/525/1011 1017/526/1012 1018/524/1010
f 1026/525/1011 1027/527/1013 1016/528/1014 1017/526/1012
f 1027/527/1013 1028/513/999 1015/516/1002 1016/528/1014
f 1013/529/1015 1014/530/1016 1028/513/999 1027/527/1013
f 1012/531/1017 1013/529/1015 1027/527/1013 1026/525/1011
f 1011/532/1018 1012/531/1017 1026/525/1011 1025/523/1009
f 1010/533/1019 1011/532/1018 1025/523/1009 1024/521/1007
f 1009/534/1020 1010/533/1019 1024/521/1007 1023/518/1004
f 1005/535/1021 1009/534/1020 1023/518/1004 1021/517/1003
f 1014/530/1016 1006/536/1022 1022/514/1000 1028/513/999
f 1021/517/1003 1007/520/1006 1030/537/1023 1029/538/1024
f 1005/535/1021 1021/517/1003 1029/538/1024
f 1054/539/1025 1048/540/1026 1034/541/1027 1041/542/1028
f 1047/543/1029 1049/544/1030 1046/545/1031 1033/546/1032
f 1049/544/1030 1050/547/1033 1045/548/1034 1046/545/1031
f 1050/547/1033 1051/549/1035 1044/550/1036 1045/548/1034
f 1051/549/1035 1052/551/1037 1043/552/1038 1044/550/1036
f 1052/551/1037 1053/553/1039 1042/554/1040 1043/552/1038
f 1053/553/1039 1054/539/1025 1041/542/1028 1042/554/1040
f 1039/555/1041 1040/556/1042 1054/539/1025 1053/553/1039
f 1038/557/1043 1039/555/1041 1053/553/1039 1052/551/1037
f 1037/558/1044 1038/557/1043 1052/551/1037 1051/549/1035
f 1036/559/1045 1037/558/1044 1051/549/1035 1050/547/1033
f 1035/560/1046 1036/559/1045 1050/547/1033 1049/544/1030
f 1031/561/1047 1035/560/1046 1049/544/1030 1047/543/1029
f 1040/556/1042 1032/562/1048 1048/540/1026 1054/539/1025
f 1047/543/1029 1033/546/1032 1056/563/1049 1055/564/1050
f 1031/561/1047 1047/543/1029 1055/564/1050
f 1080/565/1051 1074/566/1052 1060/567/1053 1067/568/1054
f 1073/569/1055 1075/570/1056 1072/571/1057 1059/572/1058
f 1075/570/1056 1076/573/1059 1071/574/1060 1072/571/1057
f 1076/573/1059 1077/575/1061 1070/576/1062 1071/574/1060
f 1077/575/1061 1078/577/1063 1069/578/1064 1070/576/1062
f 1078/577/1063 1079/579/1065 1068/580/1066 1069/578/1064
f 1079/579/1065 1080/565/1051 1067/568/1054 1068/580/1066
f 1065/581/1067 1066/582/1068 1080/565/1051 1079/579/1065
f 1064/583/1069 1065/581/1067 1079/579/1065 1078/577/1063
f 1063/584/1070 1064/583/1069 1078/577/1063 1077/575/1061
f 1062/585/1071 1063/584/1070 1077/575/1061 1076/573/1059
f 1061/586/1072 1062/585/1071 1076/573/1059 1075/570/1056
f 1057/587/1073 1061/586/1072 1075/570/1056 1073/569/1055
f 1066/582/1068 1058/588/1074 1074/566/1052 1080/565/1051
f 1073/569/1055 1059/572/1058 1082/589/1075 1081/590/1076
f 1057/587/1073 1073/569/1055 1081/590/1076
f 1106/591/1077 1100/592/1078 1086/593/1079 1093/594/1080
f 1099/595/1081 1101/596/1082 1098/597/1083 1085/598/1084
f 1101/596/1082 1102/599/1085 1097/600/1086 1098/597/1083
f 1102/599/1085 1103/601/1087 1096/602/1088 1097/600/1086
f 1103/601/1087 1104/603/1089 1095/604/1090 1096/602/1088
f 1104/603/1089 1105/605/1091 1094/606/1092 1095/604/1090
f 1105/605/1091 1106/591/1077 1093/594/1080 1094/606/1092
f 1091/607/1093 1092/608/1094 1106/591/1077 1105/605/1091
f 1090/609/1095 1091/607/1093 1105/605/1091 1104/603/1089
f 1089/610/1096 1090/609/1095 1104/603/1089 1103/601/1087
f 1088/611/1097 1089/610/1096 1103/601/1087 1102/599/1085
f 1087/612/1098 1088/611/1097 1102/599/1085 1101/596/1082
f 1083/613/1099 1087/612/1098 1101/596/1082 1099/595/1081
f 1092/608/1094 1084/614/1100 1100/592/1078 1106/591/1077
f 1099/595/1081 1085/598/1084 1108/615/1101 1107/616/1102
f 1083/613/1099 1099/595/1081 1107/616/1102
f 1132/617/1103 1126/618/1104 1112/619/1105 1119/620/1106
f 1125/621/1107 1127/622/1108 1124/623/1109 1111/624/1110
f 1127/622/1108 1128/625/1111 1123/626/1112 1124/623/1109
f 1128/625/1111 1129/627/1113 1122/628/1114 1123/626/1112
f 1129/627/1113 1130/629/1115 1121/630/1116 1122/628/1114
f 1130/629/1115 1131/631/1117 1120/632/1118 1121/630/1116
f 1131/631/1117 1132/617/1103 1119/620/1106 1120/632/1118
f 1117/633/1119 1118/634/1120 1132/617/1103 1131/631/1117
f 1116/635/1121 1117/633/1119 1131/631/1117 1130/629/1115
f 1115/636/1122 1116/635/1121 1130/629/1115 1129/627/1113
f 1114/637/1123 1115/636/1122 1129/627/1113 1128/625/1111
f 1113/638/1124 1114/637/1123 1128/625/1111 1127/622/1108
f 1109/639/1125 1113/638/1124 1127/622/1108 1125/621/1107
f 1118/634/1120 1110/640/1126 1126/618/1104 1132/617/1103
f 1125/621/1107 1111/624/1110 1134/641/1127 1133/642/1128
f 1109/639/1125 1125/621/1107 1133/642/1128
f 1158/643/1129 1152/644/1130 1138/645/1131 1145/646/1132
f 1151/647/1133 1153/648/1134 1150/649/1135 1137/650/1136
f 1153/648/1134 1154/651/1137 1149/652/1138 1150/649/1135
f 1154/651/1137 1155/653/1139 1148/654/1140 1149/652/1138
f 1155/653/1139 1156/655/1141 1147/656/1142 1148/654/1140
f 1156/655/1141 1157/657/1143 1146/658/1144 1147/656/1142
f 1157/657/1143 1158/643/1129 1145/646/1132 1146/658/1144
f 1143/659/1145 1144/660/1146 1158/643/1129 1157/657/1143
f 1142/661/1147 1143/659/1145 1157/657/1143 1156/655/1141
f 1141/662/1148 1142/661/1147 1156/655/1141 1155/653/1139
f 1140/663/1149 1141/662/1148 1155/653/1139 1154/651/1137
f 1139/664/1150 1140/663/1149 1154/651/1137 1153/648/1134
f 1135/665/1151 1139/664/1150 1153/648/1134 1151/647/1133
f 1144/660/1146 1136/666/1152 1152/644/1130 1158/643/1129
f 1151/647/1133 1137/650/1136 1160/667/1153 1159/668/1154
f 1135/665/1151 1151/647/1133 1159/668/1154
f 1184/409/1155 1178/410/1156 1164/411/1157 1171/412/1158
f 1177/413/1159 1179/414/1160 1176/415/1161 1163/416/1162
f 1179/414/1160 1180/417/1163 1175/418/1164 1176/415/1161
f 1180/417/1163 1181/419/1165 1174/420/1166 1175/418/1164
f 1181/419/1165 1182/421/1167 1173/422/1168 1174/420/1166
f 1182/421/1167 1183/423/1169 1172/424/1170 1173/422/1168
f 1183/423/1169 1184/409/1155 1171/412/1158 1172/424/1170
f 1169/425/1171 1170/426/1172 1184/409/1155 1183/423/1169
f 1168/427/1173 1169/425/1171 1183/423/1169 1182/421/1167
f 1167/428/1174 1168/427/1173 1182/421/1167 1181/419/1165
f 1166/429/1175 1167/428/1174 1181/419/1165 1180/417/1163
f 1165/430/1176 1166/429/1175 1180/417/1163 1179/414/1160
f 1161/431/1177 1165/430/1176 1179/414/1160 1177/413/1159
f 1170/426/1172 1162/432/1178 1178/410/1156 1184/409/1155
f 1177/413/1159 1163/416/1162 1186/433/1179 1185/434/1180
f 1161/431/1177 1177/413/1159 1185/434/1180
f 1210/435/1181 1204/436/1182 1190/437/1183 1197/438/1184
f 1203/439/1185 1205/440/1186 1202/441/1187 1189/442/1188
f 1205/440/1186 1206/443/1189 1201/444/1190 1202/441/1187
f 1206/443/1189 1207/445/1191 1200/446/1192 1201/444/1190
f 1207/445/1191 1208/447/1193 1199/448/1194 1200/446/1192
f 1208/447/1193 1209/449/1195 1198/450/1196 1199/448/1194
f 1209/449/1195 1210/435/1181 1197/438/1184 1198/450/1196
f 1195/451/1197 1196/452/1198 1210/435/1181 1209/449/1195
f 1194/453/1199 1195/451/1197 1209/449/1195 1208/447/1193
f 1193/454/1200 1194/453/1199 1208/447/1193 1207/445/1191
f 1192/455/1201 1193/454/1200 1207/445/1191 1206/443/1189
f 1191/456/1202 1192/455/1201 1206/443/1189 1205/440/1186
f 1187/457/1203 1191/456/1202 1205/440/1186 1203/439/1185
f 1196/452/1198 1188/458/1204 1204/436/1182 1210/435/1181
f 1203/439/1185 1189/442/1188 1212/459/1205 1211/460/1206
f 1187/457/1203 1203/439/1185 1211/460/1206
f 1236/461/1207 1230/462/1208 1216/463/1209 1223/464/1210
f 1229/465/1211 1231/466/1212 1228/467/1213 1215/468/1214
f 1231/466/1212 1232/469/1215 1227/470/1216 1228/467/1213
f 1232/469/1215 1233/471/1217 1226/472/1218 1227/470/1216
f 1233/471/1217 1234/473/1219 1225/474/1220 1226/472/1218
f 1234/473/1219 1235/475/1221 1224/476/1222 1225/474/1220
f 1235/475/1221 1236/461/1207 1223/464/1210 1224/476/1222
f 1221/477/1223 1222/478/1224 1236/461/1207 1235/475/1221
f 1220/479/1225 1221/477/1223 1235/475/1221 1234/473/1219
f 1219/480/1226 1220/479/1225 1234/473/1219 1233/471/1217
f 1218/481/1227 1219/480/1226 1233/471/1217 1232/469/1215
f 1217/482/1228 1218/481/1227 1232/469/1215 1231/466/1212
f 1213/483/1229 1217/482/1228 1231/466/1212 1229/465/1211
f 1222/478/1224 1214/484/1230 1230/462/1208 1236/461/1207
f 1229/465/1211 1215/468/1214 1238/485/1231 1237/486/1232
f 1213/483/1229 1229/465/1211 1237/486/1232
f 1262/487/1233 1256/488/1234 1242/489/1235 1249/490/1236
f 1255/491/1237 1257/492/1238 1254/493/1239 1241/494/1240
f 1257/492/1238 1258/495/1241 1253/496/1242 1254/493/1239
f 1258/495/1241 1259/497/1243 1252/498/1244 1253/496/1242
f 1259/497/1243 1260/499/1245 1251/500/1246 1252/498/1244
f 1260/499/1245 1261/501/1247 1250/502/1248 1251/500/1246
f 1261/501/1247 1262/487/1233 1249/490/1236 1250/502/1248
f 1247/503/1249 1248/504/1250 1262/487/1233 1261/501/1247
f 1246/505/1251 1247/503/1249 1261/501/1247 1260/499/1245
f 1245/506/1252 1246/505/1251 1260/499/1245 1259/497/1243
f 1244/507/1253 1245/506/1252 1259/497/1243 1258/495/1241
f 1243/508/1254 1244/507/1253 1258/495/1241 1257/492/1238
f 1239/509/1255 1243/508/1254 1257/492/1238 1255/491/1237
f 1248/504/1250 1240/510/1256 1256/488/1234 1262/487/1233
f 1255/491/1237 1241/494/1240 1264/511/1257 1263/512/1258
f 1239/509/1255 1255/491/1237 1263/512/1258
f 1288/513/1259 1282/514/1260 1268/515/1261 1275/516/1262
f 1281/517/1263 1283/518/1264 1280/519/1265 1267/520/1266
f 1283/518/1264 1284/521/1267 1279/522/1268 1280/519/1265
f 1284/521/1267 1285/523/1269 1278/524/1270 1279/522/1268
f 1285/523/1269 1286/525/1271 1277/526/1272 1278/524/1270
f 1286/525/1271 1287/527/1273 1276/528/1274 1277/526/1272
f 1287/527/1273 1288/513/1259 1275/516/1262 1276/528/1274
f 1273/529/1275 1274/530/1276 1288/513/1259 1287/527/1273
f 1272/531/1277 1273/529/1275 1287/527/1273 1286/525/1271
f 1271/532/1278 1272/531/1277 1286/525/1271 1285/523/1269
f 1270/533/1279 1271/532/1278 1285/523/1269 1284/521/1267
f 1269/534/1280 1270/533/1279 1284/521/1267 1283/518/1264
f 1265/535/1281 1269/534/1280 1283/518/1264 1281/517/1263
f 1274/530/1276 1266/536/1282 1282/514/1260 1288/513/1259
f 1281/517/1263 1267/520/1266 1290/537/1283 1289/538/1284
f 1265/535/1281 1281/517/1263 1289/538/1284
f 1314/539/1285 1308/540/1286 1294/541/1287 1301/542/1288
f 1307/543/1289 1309/544/1290 1306/545/1291 1293/546/1292
f 1309/544/1290 1310/547/1293 1305/548/1294 1306/545/1291
f 1310/547/1293 1311/549/1295 1304/550/1296 1305/548/1294
f 1311/549/1295 1312/551/1297 1303/552/1298 1304/550/1296
f 1312/551/1297 1313/553/1299 1302/554/1300 1303/552/1298
f 1313/553/1299 1314/539/1285 1301/542/1288 1302/554/1300
f 1299/555/1301 1300/556/1302 1314/539/1285 1313/553/1299
f 1298/557/1303 1299/555/1301 1313/553/1299 1312/551/1297
f 1297/558/1304 1298/557/1303 1312/551/1297 1311/549/1295
f 1296/559/1305 1297/558/1304 1311/549/1295 1310/547/1293
f 1295/560/1306 1296/559/1305 1310/547/1293 1309/544/1290
f 1291/561/1307 1295/560/1306 1309/544/1290 1307/543/1289
f 1300/556/1302 1292/562/1308 1308/540/1286 1314/539/1285
f 1307/543/1289 1293/546/1292 1316/563/1309 1315/564/1310
f 1291/561/1307 1307/543/1289 1315/564/1310
f 1340/565/1311 1334/566/1312 1320/567/1313 1327/568/1314
f 1333/569/1315 1335/570/1316 1332/571/1317 1319/572/1318
f 1335/570/1316 1336/573/1319 1331/574/1320 1332/571/1317
f 1336/573/1319 1337/575/1321 1330/576/1322 1331/574/1320
f 1337/575/1321 1338/577/1323 1329/578/1324 1330/576/1322
f 1338/577/1323 1339/579/1325 1328/580/1326 1329/578/1324
f 1339/579/1325 1340/565/1311 1327/568/1314 1328/580/1326
f 1325/581/1327 1326/582/1328 1340/565/1311 1339/579/1325
f 1324/583/1329 1325/581/1327 1339/579/1325 1338/577/1323
f 1323/584/1330 1324/583/1329 1338/577/1323 1337/575/1321
f 1322/585/1331 1323/584/1330 1337/575/1321 1336/573/1319
f 1321/586/1332 1322/585/1331 1336/573/1319 1335/570/1316
f 1317/587/1333 1321/586/1332 1335/570/1316 1333/569/1315
f 1326/582/1328 1318/588/1334 1334/566/1312 1340/565/1311
f 1333/569/1315 1319/572/1318 1342/589/1335 1341/590/1336
f 1317/587/1333 1333/569/1315 1341/590/1336
f 1366/591/1337 1360/592/1338 1346/593/1339 1353/594/1340
f 1359/595/1341 1361/596/1342 1358/597/1343 1345/598/1344
f 1361/596/1342 1362/599/1345 1357/600/1346 1358/597/1343
f 1362/599/1345 1363/601/1347 1356/602/1348 1357/600/1346
f 1363/601/1347 1364/603/1349 1355/604/1350 1356/602/1348
f 1364/603/1349 1365/605/1351 1354/606/1352 1355/604/1350
f 1365/605/1351 1366/591/1337 1353/594/1340 1354/606/1352
f 1351/607/1353 1352/608/1354 1366/591/1337 1365/605/1351
f 1350/609/1355 1351/607/1353 1365/605/1351 1364/603/1349
f 1349/610/1356 1350/609/1355 1364/603/1349 1363/601/1347
f 1348/611/1357 1349/610/1356 1363/601/1347 1362/599/1345
f 1347/612/1358 1348/611/1357 1362/599/1345 1361/596/1342
f 1343/613/1359 1347/612/1358 1361/596/1342 1359/595/1341
f 1352/608/1354 1344/614/1360 1360/592/1338 1366/591/1337
f 1359/595/1341 1345/598/1344 1368/615/1361 1367/616/1362
f 1343/613/1359 1359/595/1341 1367/616/1362
f 1392/617/1363 1386/618/1364 1372/619/1365 1379/620/1366
f 1385/621/1367 1387/622/1368 1384/623/1369 1371/624/1370
f 1387/622/1368 1388/625/1371 1383/626/1372 1384/623/1369
f 1388/625/1371 1389/627/1373 1382/628/1374 1383/626/1372
f 1389/627/1373 1390/629/1375 1381/630/1376 1382/628/1374
f 1390/629/1375 1391/631/1377 1380/632/1378 1381/630/1376
f 1391/631/1377 1392/617/1363 1379/620/1366 1380/632/1378
f 1377/633/1379 1378/634/1380 1392/617/1363 1391/631/1377
f 1376/635/1381 1377/633/1379 1391/631/1377 1390/629/1375
f 1375/636/1382 1376/635/1381 1390/629/1375 1389/627/1373
f 1374/637/1383 1375/636/1382 1389/627/1373 1388/625/1371
f 1373/638/1384 1374/637/1383 1388/625/1371 1387/622/1368
f 1369/639/1385 1373/638/1384 1387/622/1368 1385/621/1367
f 1378/634/1380 1370/640/1386 1386/618/1364 1392/617/1363
f 1385/621/1367 1371/624/1370 1394/641/1387 1393/642/1388
f 1369/639/1385 1385/621/1367 1393/642/1388
f 1418/643/1389 1412/644/1390 1398/645/1391 1405/646/1392
f 1411/647/1393 1413/648/1394 1410/649/1395 1397/650/1396
f 1413/648/1394 1414/651/1397 1409/652/1398 1410/649/1395
f 1414/651/1397 1415/653/1399 1408/654/1400 1409/652/1398
f 1415/653/1399 1416/655/1401 1407/656/1402 1408/654/1400
f 1416/655/1401 1417/657/1403 1406/658/1404 1407/656/1402
f 1417/657/1403 1418/643/1389 1405/646/1392 1406/658/1404
f 1403/659/1405 1404/660/1406 1418/643/1389 1417/657/1403
f 1402/661/1407 1403/659/1405 1417/657/1403 1416/655/1401
f 1401/662/1408 1402/661/1407 1416/655/1401 1415/653/1399
f 1400/663/1409 1401/662/1408 1415/653/1399 1414/651/1397
f 1399/664/1410 1400/663/1409 1414/651/1397 1413/648/1394
f 1395/665/1411 1399/664/1410 1413/648/1394 1411/647/1393
f 1404/660/1406 1396/666/1412 1412/644/1390 1418/643/1389
f 1411/647/1393 1397/650/1396 1420/667/1413 1419/668/1414
f 1395/665/1411 1411/647/1393 1419/668/1414
g Root_Cube.001
v -0.613986 -0.925362 0.041544
v -0.599992 -0.468417 0.040746
v -0.874278 -0.830031 -1.937524
v -0.865841 -0.554547 -1.938005
v 0.969315 -0.804054 -0.442223
v 0.972867 -0.688071 -0.442426
v 0.079037 -0.797106 -2.229109
v 0.083641 -0.646764 -2.229371
v -0.900066 -0.791844 -1.242846
v -0.694140 -0.891892 -0.620156
v -0.682115 -0.499228 -0.620842
v -0.893843 -0.588661 -1.243201
v 0.661943 -0.934147 -1.035613
v 0.486348 -0.934712 -1.668355
v 0.498669 -0.532383 -1.669058
v 0.673968 -0.541484 -1.036299
v -0.249784 -0.853604 0.204231
v -0.240846 -0.561759 0.203721
v 0.767055 -0.593165 -0.105065
v 0.758117 -0.885010 -0.104555
v 0.234762 -0.761096 0.458293
v 0.237158 -0.682856 0.458157
v 0.507361 -0.691276 0.375376
v 0.504965 -0.769515 0.375513
v 0.843953 -0.866631 -1.212884
v 0.733944 -0.866985 -1.609292
v 0.741663 -0.614929 -1.609732
v 0.851487 -0.620630 -1.213313
v 0.865229 -0.793755 -1.346174
v 0.821128 -0.793897 -1.505091
v 0.824222 -0.692850 -1.505267
v 0.868250 -0.695136 -1.346346
v 0.924096 -0.746379 -1.447749
v -0.856524 -0.817757 -0.482325
v -0.804482 -0.839488 -0.052692
v -0.795396 -0.542801 -0.053210
v -0.848717 -0.562806 -0.482770
v -0.892676 -0.756510 -0.375323
v -0.865086 -0.768031 -0.147562
v -0.860270 -0.610747 -0.147836
v -0.888537 -0.621352 -0.375560
v -0.942705 -0.687123 -0.253465
v -0.706640 -0.612265 -2.061383
v -0.711856 -0.782594 -2.061086
v -0.122431 -0.762237 -2.241370
v -0.119585 -0.669282 -2.241532
v -0.453339 -0.705642 -2.276162
v 0.542959 -0.382298 -0.893916
v 0.765764 -0.491567 -0.451231
v -0.406677 -0.327833 -0.091065
v -0.467892 -0.350800 -0.584226
v -0.408095 -0.398410 -0.875991
v -0.519025 -0.445266 -1.202058
v 0.210543 -0.415781 -1.425174
v 0.302386 -0.420549 -1.093658
v 0.289151 -0.323228 -0.657002
v 0.378327 -0.366962 -0.479820
v -0.090936 -0.301428 -0.335666
v -0.115437 -0.310621 -0.533051
v 0.597133 -0.552413 0.042384
v -0.015519 -0.533323 0.230079
v 0.439278 -0.612050 0.334420
v 0.275035 -0.606932 0.384738
v 0.478993 -0.562692 0.131273
v 0.131317 -0.551859 0.237789
v 0.389412 -0.596536 0.297002
v 0.296205 -0.593631 0.325557
v 0.431832 -0.547055 0.173724
v 0.194957 -0.539674 0.246294
v 0.370799 -0.570113 0.286637
v 0.307296 -0.568134 0.306092
v 0.239578 -0.693481 -2.103105
v 0.237553 -0.759578 -2.102989
v 0.416626 -0.820076 -1.856456
v 0.422043 -0.643194 -1.856765
v 0.395398 -0.731203 -2.028615
v -0.538774 -0.815438 0.118731
v -0.531639 -0.582467 0.118324
v -0.353086 -0.778853 0.201676
v -0.348529 -0.630057 0.201416
v -0.494429 -0.699929 0.274370
vn -0.7906 -0.6077 0.0750
vn -0.8062 0.5914 0.0157
vn -0.6547 0.6443 -0.3952
vn -0.6930 -0.6044 -0.3930
vn 0.2902 0.5971 -0.7478
vn 0.0086 0.5077 -0.8615
vn -0.4040 0.5273 -0.7474
vn 0.4712 -0.8808 0.0469
vn 0.6855 0.7222 -0.0924
vn 0.9224 0.3668 0.1208
vn 0.8230 -0.5657 0.0517
vn -0.1730 0.7461 0.6429
vn -0.4250 0.6789 0.5988
vn -0.5740 0.3054 0.7598
vn -0.0416 0.2943 0.9548
vn -0.5291 -0.8430 -0.0968
vn -0.3796 -0.7590 0.5289
vn 0.5250 0.7463 0.4092
vn -0.0785 0.8586 0.5065
vn 0.4244 0.7683 -0.4791
vn -0.2287 0.9264 -0.2990
vn 0.0036 0.9452 -0.3265
vn 0.2530 -0.6163 -0.7457
vn 0.3340 -0.8377 -0.4322
vn 0.5807 -0.3470 -0.7364
vn 0.8150 -0.3556 -0.4576
vn 0.7856 -0.5567 0.2701
vn 0.8182 0.5085 0.2683
vn -0.6887 -0.5041 0.5211
vn -0.7879 -0.4867 -0.3773
vn -0.6723 0.7257 -0.1462
vn -0.1759 -0.7364 0.6533
vn 0.5686 -0.7461 0.3465
vn 0.4949 -0.5380 0.6824
vn -0.0579 -0.5208 0.8517
vn 0.6418 0.7017 0.3094
vn 0.6008 0.3094 0.7371
vn -0.0666 0.3302 0.9415
vn -0.1066 0.9759 0.1906
vn 0.2504 0.9647 0.0813
vn 0.5350 -0.5534 -0.6384
vn 0.7659 -0.3987 -0.5043
vn 0.9147 -0.4022 0.0387
vn 0.5678 0.5174 -0.6402
vn 0.9376 0.3456 0.0374
vn 0.9637 -0.0300 -0.2653
vn 0.7888 0.3494 -0.5057
vn -0.7567 0.5327 -0.3791
vn -0.9365 -0.3140 -0.1564
vn -0.9155 0.3701 -0.1576
vn -0.6565 0.5472 0.5193
vn -0.8829 -0.3171 0.3463
vn -0.8618 0.3718 0.3451
vn -0.9934 0.0306 0.1107
vn -0.0226 -0.5103 -0.8597
vn -0.2345 0.0055 -0.9721
vn -0.4356 -0.5042 -0.7456
vn -0.3374 0.8568 -0.3900
vn 0.1007 0.9762 0.1922
vn -0.0300 0.9916 -0.1259
vn 0.2053 0.8652 -0.4575
vn -0.0413 0.9744 0.2211
vn 0.1858 0.9629 0.1959
vn 0.0922 0.9914 -0.0929
vn 0.2399 0.9435 0.2284
vn 0.0670 0.9656 0.2511
vn 0.1401 0.9634 0.2287
vn 0.0826 0.8178 0.5695
vn 0.2969 0.8112 0.5038
vn 0.2663 0.8656 0.4240
vn 0.2867 0.9570 0.0449
vn 0.3314 0.7714 0.5432
vn 0.0664 0.8719 0.4852
vn -0.1575 0.9708 0.1809
vn 0.0739 0.7795 0.6221
vn 0.8352 0.3035 -0.4587
vn 0.7516 -0.0242 -0.6591
vn 0.6008 0.3083 -0.7376
vn -0.5915 -0.2671 0.7608
vn -0.0594 -0.2878 0.9558
vn -0.3841 0.0134 0.9232
vt 0.817828 0.190331
vt 0.833141 0.146761
vt 0.971560 0.209979
vt 0.931447 0.240848
vt 0.543992 0.920465
vt 0.547581 0.721233
vt 0.563230 0.759042
vt 0.561012 0.882225
vt 0.687323 0.493292
vt 0.663881 0.576244
vt 0.534292 0.522296
vt 0.538804 0.498802
vt 0.427441 0.207355
vt 0.451496 0.104831
vt 0.467682 0.141398
vt 0.455989 0.190839
vt 0.676025 0.181924
vt 0.555537 0.156897
vt 0.109864 0.961444
vt 0.114130 0.638707
vt 0.146818 0.694044
vt 0.145973 0.910887
vt 0.411680 0.963330
vt 0.415200 0.672230
vt 0.374467 0.889802
vt 0.375361 0.742439
vt 0.942065 0.411977
vt 0.825101 0.482722
vt 0.925668 0.442752
vt 0.873697 0.476484
vt 0.728653 0.536107
vt 0.714881 0.578391
vt 0.592855 0.136856
vt 0.644894 0.143937
vt 0.692259 0.089841
vt 0.495950 0.232185
vt 0.491806 0.412866
vt 0.452707 0.344479
vt 0.457670 0.311297
vt 0.057576 0.902487
vt 0.061289 0.697465
vt 0.514908 0.520737
vt 0.422570 0.445372
vt 0.442359 0.343550
vt 0.446918 0.309246
vt 0.039339 0.861944
vt 0.041596 0.737321
vt 0.801125 0.525263
vt 0.783559 0.547308
vt 0.750251 0.550905
vt 0.272554 0.671000
vt 0.299511 0.620652
vt 0.388878 0.621423
vt 0.875048 0.547759
vt 0.823689 0.564564
vt 0.746240 0.570319
vt 0.769627 0.567281
vt 0.326334 0.600880
vt 0.362161 0.601189
vt 0.793582 0.564402
vt 0.344348 0.580099
vt 0.654962 0.112063
vt 0.635009 0.132992
vt 0.639576 0.117865
vt 0.574171 0.063500
vt 0.604449 0.097060
vt 0.609883 0.128835
vt 0.615378 0.110226
vt 0.625045 0.122432
vt 0.972026 0.386938
vt 0.955303 0.381690
vt 0.980716 0.323683
vt 0.980402 0.255454
vt 0.949781 0.268426
vt 0.963926 0.424090
vt 0.591328 0.820334
vt 0.236147 0.899866
vt 0.174466 0.848592
vt 0.208426 0.842701
vt 0.268980 0.952505
vt 0.236326 0.718297
vt 0.308398 0.883588
vt 0.309230 0.743875
vt 0.208923 0.770166
vt 0.175133 0.762198
vt 0.029640 0.834809
vt 0.030920 0.764087
vt 0.432442 0.313808
vt 0.411016 0.257047
vt 0.405311 0.396218
vt 0.430300 0.337506
vt 0.422984 0.332697
vt 0.403657 0.364206
vt 0.403967 0.350249
vt 0.418239 0.330161
vt 0.424288 0.317539
vt 0.408443 0.287887
vt 0.407581 0.300367
vt 0.419726 0.319662
vt 0.023977 0.823434
vt 0.024850 0.775250
vt 0.893965 0.505782
vt 0.912827 0.473950
vt 0.461284 0.669616
vt 0.519484 0.691160
vt 0.935977 0.449771
vt 0.499479 0.662056
vt 0.518721 0.166474
vt 0.489695 0.204774
vt 0.483547 0.175319
s 1
g off
g Root_Root
usemtl Root
f 1429/669/1415 1432/670/1416 1424/671/1417 1423/672/1418
f 1424/673/1417 1428/674/1419 1466/675/1420 1463/676/1421
f 1433/677/1422 1436/678/1423 1426/679/1424 1425/680/1425
f 1438/681/1426 1422/682/1427 1498/683/1428 1500/684/1429
f 1430/685/1430 1433/677/1422 1425/680/1425 1421/686/1431
f 1422/687/1427 1426/688/1424 1469/689/1432 1470/690/1433
f 1428/674/1419 1424/673/1417 1432/691/1416 1435/692/1434
f 1435/692/1434 1432/691/1416 1473/693/1435 1474/694/1436
f 1423/672/1418 1427/695/1437 1434/696/1438 1429/669/1415
f 1429/669/1415 1434/696/1438 1433/677/1422 1430/685/1430
f 1434/696/1438 1427/695/1437 1493/697/1439 1494/698/1440
f 1436/678/1423 1433/677/1422 1445/699/1441 1448/700/1442
f 1430/685/1430 1421/686/1431 1455/701/1443 1454/702/1444
f 1430/685/1430 1431/703/1445 1432/670/1416 1429/669/1415
f 1437/704/1446 1440/705/1447 1444/706/1448 1441/707/1449
f 1421/686/1431 1425/680/1425 1440/705/1447 1437/704/1446
f 1426/688/1424 1422/687/1427 1438/708/1426 1439/709/1450
f 1425/680/1425 1426/710/1424 1439/711/1450 1440/705/1447
f 1444/706/1448 1443/712/1451 1442/713/1452 1441/707/1449
f 1438/681/1426 1437/704/1446 1441/707/1449 1442/713/1452
f 1439/709/1450 1438/708/1426 1481/714/1453 1480/715/1454
f 1440/705/1447 1439/711/1450 1443/712/1451 1444/706/1448
f 1445/699/1441 1446/716/1455 1450/717/1456 1449/718/1457
f 1435/692/1434 1436/719/1423 1448/720/1442 1447/721/1458
f 1433/677/1422 1434/696/1438 1446/716/1455 1445/699/1441
f 1434/696/1438 1435/722/1434 1447/723/1458 1446/716/1455
f 1452/724/1459 1449/718/1457 1453/725/1460
f 1448/700/1442 1445/699/1441 1449/718/1457 1452/724/1459
f 1447/721/1458 1448/720/1442 1452/726/1459 1451/727/1461
f 1446/716/1455 1447/723/1458 1451/728/1461 1450/717/1456
f 1451/727/1461 1452/726/1459 1453/729/1460
f 1450/717/1456 1451/728/1461 1453/725/1460
f 1449/718/1457 1450/717/1456 1453/725/1460
f 1457/730/1462 1454/702/1444 1458/731/1463 1461/732/1464
f 1422/733/1427 1431/703/1445 1457/730/1462 1456/734/1465
f 1421/686/1431 1422/733/1427 1456/734/1465 1455/701/1443
f 1431/703/1445 1430/685/1430 1454/702/1444 1457/730/1462
f 1459/735/1466 1460/736/1467 1462/737/1468
f 1455/701/1443 1456/734/1465 1460/736/1467 1459/735/1466
f 1456/734/1465 1457/730/1462 1461/732/1464 1460/736/1467
f 1454/702/1444 1455/701/1443 1459/735/1466 1458/731/1463
f 1460/736/1467 1461/732/1464 1462/737/1468
f 1458/731/1463 1459/735/1466 1462/737/1468
f 1461/732/1464 1458/731/1463 1462/737/1468
f 1466/738/1420 1465/739/1469 1467/740/1470
f 1423/672/1418 1424/671/1417 1463/741/1421 1464/742/1471
f 1428/743/1419 1427/695/1437 1465/739/1469 1466/738/1420
f 1427/695/1437 1423/672/1418 1464/742/1471 1465/739/1469
f 1465/739/1469 1464/742/1471 1467/740/1470
f 1463/676/1421 1466/675/1420 1467/744/1470
f 1464/742/1471 1463/741/1421 1467/740/1470
f 1471/745/1472 1470/690/1433 1478/746/1473 1479/747/1474
f 1431/748/1445 1422/687/1427 1470/690/1433 1471/745/1472
f 1436/719/1423 1431/748/1445 1471/745/1472 1468/749/1475
f 1426/688/1424 1436/719/1423 1468/749/1475 1469/689/1432
f 1474/694/1436 1473/693/1435 1472/750/1476 1475/751/1477
f 1431/748/1445 1436/719/1423 1475/751/1477 1472/750/1476
f 1436/719/1423 1435/692/1434 1474/694/1436 1475/751/1477
f 1432/691/1416 1431/748/1445 1472/750/1476 1473/693/1435
f 1476/752/1478 1479/747/1474 1478/746/1473 1477/753/1479
f 1469/689/1432 1468/749/1475 1476/752/1478 1477/753/1479
f 1468/749/1475 1471/745/1472 1479/747/1474 1476/752/1478
f 1470/690/1433 1469/689/1432 1477/753/1479 1478/746/1473
f 1480/715/1454 1481/714/1453 1485/754/1480 1484/755/1481
f 1438/681/1426 1442/713/1452 1483/756/1482 1481/757/1453
f 1443/712/1451 1439/711/1450 1480/758/1454 1482/759/1483
f 1442/713/1452 1443/712/1451 1482/759/1483 1483/756/1482
f 1486/760/1484 1484/761/1481 1488/762/1485 1490/763/1486
f 1482/759/1483 1480/758/1454 1484/761/1481 1486/760/1484
f 1483/756/1482 1482/759/1483 1486/760/1484 1487/764/1487
f 1481/757/1453 1483/756/1482 1487/764/1487 1485/765/1480
f 1488/762/1485 1489/766/1488 1491/767/1489 1490/763/1486
f 1487/764/1487 1486/760/1484 1490/763/1486 1491/767/1489
f 1485/765/1480 1487/764/1487 1491/767/1489 1489/766/1488
f 1484/755/1481 1485/754/1480 1489/768/1488 1488/769/1485
f 1495/770/1490 1494/698/1440 1496/771/1491
f 1428/674/1419 1435/692/1434 1495/772/1490 1492/773/1492
f 1427/695/1437 1428/743/1419 1492/774/1492 1493/697/1439
f 1435/722/1434 1434/696/1438 1494/698/1440 1495/770/1490
f 1494/698/1440 1493/697/1439 1496/771/1491
f 1492/773/1492 1495/772/1490 1496/775/1491
f 1493/697/1439 1492/774/1492 1496/771/1491
f 1497/776/1493 1499/777/1494 1501/778/1495
f 1422/682/1427 1421/686/1431 1497/776/1493 1498/683/1428
f 1421/686/1431 1437/704/1446 1499/777/1494 1497/776/1493
f 1437/704/1446 1438/681/1426 1500/684/1429 1499/777/1494
f 1498/683/1428 1497/776/1493 1501/778/1495
f 1500/684/1429 1498/683/1428 1501/778/1495
f 1499/777/1494 1500/684/1429 1501/778/1495
g Aquarium_Cube.003
v 1.000000 -1.000000 -2.348503
v 1.000000 -1.000000 2.348504
v -1.000000 -1.000000 2.348503
v -1.000000 -1.000000 -2.348504
v 1.000000 1.000000 -2.348502
v 0.999999 1.000000 2.348505
v -1.000000 1.000000 2.348502
v -1.000000 1.000000 -2.348504
vn -0.0000 1.0000 -0.0000
vn -0.0000 -1.0000 -0.0000
vn -1.0000 -0.0000 -0.0000
vn -0.0000 -0.0000 -1.0000
vn 1.0000 -0.0000 -0.0000
vn -0.0000 -0.0000 1.0000
vt 0.369949 0.000073
vt 0.369949 0.157567
vt 0.000073 0.157567
vt 0.000073 0.000073
vt 0.369949 0.472556
vt 0.000073 0.472556
vt 0.000073 0.315062
vt 0.369949 0.315062
vt 0.527444 0.472556
vt 0.527443 0.842433
vt 0.369949 0.842433
vt 0.527443 0.999927
vt 0.369949 0.999927
vt 0.527444 0.315062
s 1
g off
g Aquarium_Aquarium
usemtl Aquarium
f 1502/779/1496 1505/780/1496 1504/781/1496 1503/782/1496
f 1506/783/1497 1507/784/1497 1508/785/1497 1509/786/1497
f 1502/787/1498 1503/788/1498 1507/789/1498 1506/783/1498
f 1503/788/1499 1504/790/1499 1508/791/1499 1507/789/1499
f 1504/781/1500 1505/780/1500 1509/786/1500 1508/785/1500
f 1506/783/1501 1509/786/1501 1505/792/1501 1502/787/1501
